date,h0,h1,h2,h3,h4
2021-08-15,0.48056477,0.46832865,0.6311381,0.63204765,0.42795378
2022-01-14,0.4810986,0.46884954,0.63160616,0.63263905,0.42859602
2024-10-10,0.48037532,0.46816868,0.63083947,0.63181806,0.42816764
2023-09-29,0.47845042,0.46546906,0.62841845,0.62917924,0.42548496
2020-07-27,0.48066148,0.4684533,0.6311147,0.63214433,0.42819154
2020-12-08,0.48108968,0.46883157,0.6315879,0.63260645,0.42857656
2024-05-29,0.48069486,0.46834335,0.6310806,0.63200504,0.42816263
2024-04-30,0.48084962,0.46868572,0.6313668,0.63233835,0.4282424
2023-03-31,0.48027292,0.46808106,0.63061506,0.6316047,0.42774272
2021-07-14,0.4807321,0.4677428,0.6306734,0.63181925,0.42792925
2024-10-02,0.48040307,0.4680565,0.6309716,0.63182616,0.42799798
2021-06-21,0.47927898,0.46702814,0.62955683,0.6304562,0.42709044
2020-06-03,0.479873,0.46763125,0.6301639,0.63117325,0.42747715
2024-10-25,0.47981238,0.4678972,0.63059515,0.63153857,0.42856392
2024-07-22,0.47831804,0.46615374,0.62883806,0.62956506,0.42638126
2019-12-26,0.48109952,0.46884444,0.6316033,0.63263696,0.4285883
2022-12-25,0.48044577,0.468228,0.6310405,0.6320665,0.42794156
2024-03-14,0.4802055,0.4681005,0.63079685,0.6316092,0.42773572
2020-10-30,0.48089778,0.46862903,0.63141537,0.6324034,0.42847025
2021-08-10,0.4799243,0.46810916,0.6307144,0.6310569,0.42736205
2022-07-28,0.48050767,0.46830243,0.63094443,0.6318843,0.4280154
2023-10-20,0.47992927,0.46738514,0.6302881,0.6311829,0.42730203
2019-06-30,0.4803958,0.46809193,0.6309726,0.63173735,0.42791596
2022-02-14,0.4807935,0.4686732,0.63132024,0.63230085,0.42832577
2023-01-17,0.48044902,0.46822685,0.6311798,0.6322491,0.4279485
2022-03-29,0.48046204,0.4682313,0.63079053,0.63188326,0.42804092
2020-05-04,0.4809302,0.4686526,0.63143986,0.6324392,0.42842597
2020-06-21,0.47838384,0.46622053,0.6266859,0.6280237,0.42634997
2022-03-21,0.48070136,0.468394,0.63104886,0.63207084,0.42817065
2022-01-10,0.48111492,0.46886027,0.6316144,0.63265425,0.4286032
2023-01-10,0.48044878,0.4682511,0.63113236,0.632177,0.42795867
2023-01-12,0.48045874,0.46824807,0.63116515,0.6321982,0.42794013
2021-01-12,0.48097554,0.4687691,0.63146365,0.63250166,0.42847386
2024-06-30,0.48018962,0.46793202,0.6305578,0.63138646,0.4276905
2020-10-06,0.48063394,0.46834752,0.63111293,0.6321141,0.42813078
2022-08-02,0.4807257,0.46848688,0.63112175,0.6321043,0.42821297
2022-08-23,0.4755202,0.4633953,0.62613535,0.62682027,0.42552096
2023-01-01,0.48040295,0.4681958,0.63101286,0.63200355,0.427933
2022-11-03,0.4807471,0.4684447,0.6311621,0.6322439,0.42823893
2021-10-07,0.4797833,0.4674734,0.6298794,0.630762,0.4274879
2020-02-28,0.48012075,0.46849662,0.6308794,0.63173884,0.4278452
2023-12-26,0.48108914,0.46880946,0.6315501,0.63259774,0.42856255
2020-09-03,0.47974566,0.46751112,0.62994677,0.6309021,0.42730838
2024-11-21,0.4808643,0.4686191,0.63136834,0.6324194,0.42858905
2022-09-21,0.4785269,0.465635,0.6287762,0.62914795,0.42613992
2024-05-30,0.48067734,0.4683651,0.6311542,0.63208294,0.428201
2020-08-21,0.4805695,0.46834835,0.63104266,0.63194746,0.42808542
2020-06-13,0.47997403,0.46759564,0.6296273,0.63096267,0.42754024
2020-06-18,0.4800572,0.46779028,0.62981045,0.6307542,0.4277143
2023-04-10,0.47983402,0.46756917,0.63008654,0.6309988,0.4272491
2024-08-20,0.48043805,0.46821272,0.63086784,0.63185304,0.4278751
2022-06-11,0.48024312,0.46792588,0.6305997,0.63164747,0.42775145
2020-05-21,0.48084757,0.46854237,0.6313059,0.6322913,0.4283305
2024-10-06,0.48048815,0.46825063,0.6309675,0.6319787,0.42818323
2022-06-05,0.4803619,0.46811837,0.63082695,0.6316997,0.42794505
2020-01-22,0.48105028,0.46882924,0.6315376,0.6325623,0.42851904
2023-05-11,0.4809527,0.46873274,0.6314982,0.6323453,0.42851642
2021-07-07,0.4808235,0.46837106,0.6312161,0.6322103,0.42823398
2022-02-24,0.48033693,0.4685475,0.63104296,0.6319274,0.42803037
2019-09-25,0.47983038,0.46732166,0.63003534,0.631256,0.42723975
2019-05-17,0.48076782,0.46854308,0.63116026,0.6321722,0.42823535
2022-07-17,0.47977018,0.4676666,0.6303678,0.63080525,0.42728183
2024-12-08,0.48091036,0.4686546,0.6314106,0.63249636,0.42870116
2020-01-06,0.48110476,0.46885198,0.6315961,0.6326423,0.42858464
2023-08-18,0.47968915,0.46761358,0.6300837,0.63104236,0.42712966
2024-12-14,0.48098403,0.46872514,0.6314726,0.63253933,0.42866287
2019-09-28,0.4800922,0.46761316,0.6302227,0.63146865,0.42745566
2021-08-18,0.48086846,0.46857008,0.6313974,0.63241607,0.42835876
2022-01-19,0.4810823,0.46882537,0.63157535,0.6326081,0.42857206
2021-08-28,0.48067635,0.4683084,0.63084525,0.63206476,0.42810097
2020-02-18,0.48074457,0.4687975,0.63127905,0.6322034,0.42817852
2022-03-05,0.47997007,0.46842033,0.63077533,0.6316429,0.42779237
2021-03-17,0.48043045,0.46813482,0.6306935,0.6318142,0.42790347
2020-10-10,0.48063713,0.4683368,0.63112825,0.6321684,0.42816243
2023-09-02,0.4776769,0.4653715,0.6275493,0.62856865,0.42525524
2022-09-01,0.47880757,0.46635008,0.629163,0.62991446,0.42670807
2020-11-26,0.48107508,0.46877906,0.6315011,0.6324473,0.4285679
2019-11-02,0.480868,0.46858254,0.6313583,0.632382,0.42843035
2024-06-20,0.48035243,0.46803728,0.6304114,0.63117486,0.42804995
2024-07-17,0.48011756,0.46762913,0.63056266,0.63126343,0.42761347
2024-08-03,0.48057294,0.46834856,0.6310844,0.6321125,0.42813
2024-12-06,0.48083264,0.46857324,0.63134414,0.63244367,0.4287568
2024-05-22,0.4796036,0.46728966,0.6294952,0.63035077,0.42702988
2020-07-15,0.4802916,0.46810213,0.6307381,0.6317151,0.42789292
2024-11-13,0.48069388,0.46849304,0.63121635,0.63223904,0.4285101
2023-08-16,0.4795248,0.4673328,0.62977964,0.63070107,0.42699522
2024-02-06,0.4806205,0.46853057,0.63111067,0.6320372,0.4281672
2023-04-22,0.4807222,0.46831864,0.63101846,0.6321117,0.42809233
2021-05-11,0.48086825,0.468671,0.6313967,0.63236,0.42834172
2023-06-27,0.48013866,0.46802393,0.63063014,0.6315225,0.42769587
2019-09-06,0.47964713,0.46707597,0.62994665,0.6308877,0.42721972
2023-09-08,0.4768925,0.46461308,0.6265608,0.62760246,0.4244877
2021-01-10,0.48098084,0.46877632,0.6314722,0.63249195,0.4284804
2021-12-07,0.48097953,0.4687293,0.63151485,0.63252777,0.4285447
2020-01-02,0.48111093,0.46885714,0.63161045,0.6326565,0.4285977
2022-02-08,0.48090386,0.46871075,0.6313908,0.63241243,0.42839867
2019-12-21,0.48109052,0.46883932,0.6315901,0.63261175,0.42857
2020-05-07,0.48090068,0.46863297,0.63140625,0.6324104,0.42839605
2023-11-22,0.4808731,0.46860555,0.63135034,0.63240224,0.42847255
2020-03-26,0.4809166,0.4686547,0.63133246,0.6324338,0.4284125
2023-09-14,0.4772197,0.46464244,0.62692195,0.6277775,0.4245356
2019-05-24,0.48065928,0.46844548,0.63105536,0.63201964,0.42814565
2023-05-21,0.4809237,0.46871242,0.6314856,0.6322329,0.42854705
2021-09-18,0.4802341,0.46795237,0.6305738,0.6318936,0.42782894
2020-04-21,0.48076522,0.4685318,0.6312286,0.63225144,0.42826474
2021-02-19,0.4808375,0.46865502,0.6313588,0.6323395,0.42834464
2024-04-27,0.4808743,0.4686513,0.6313756,0.6323739,0.42832857
2019-06-06,0.48038253,0.4680333,0.6307689,0.63162285,0.42786953
2021-08-08,0.47933653,0.4691119,0.6310354,0.63075197,0.42735335
2019-10-10,0.48051116,0.46819636,0.6307683,0.6319373,0.42794397
2024-02-25,0.4802994,0.4679388,0.6299445,0.62983966,0.42757457
2022-09-02,0.4790035,0.46656555,0.62934494,0.6300986,0.42675018
2019-03-30,0.47967586,0.46748188,0.62989,0.6308426,0.42711404
2024-10-07,0.48047504,0.46826795,0.6309641,0.6319403,0.42820588
2020-05-05,0.48088637,0.46862224,0.63139284,0.63238704,0.42838773
2021-09-10,0.48014256,0.46799082,0.6304305,0.6319799,0.42785293
2021-12-16,0.481054,0.46882483,0.6315767,0.6325979,0.4285691
2022-06-07,0.48035678,0.46813622,0.63074166,0.63171357,0.42792976
2024-02-07,0.480577,0.46848333,0.63103664,0.6319484,0.42811245
2022-08-28,0.47433376,0.4621839,0.6250246,0.6256489,0.42493838
2020-01-05,0.48110718,0.46885252,0.63160175,0.6326466,0.42859545
2020-06-23,0.4780352,0.46581072,0.62604177,0.62741905,0.425973
2022-06-04,0.48031476,0.46805286,0.6309131,0.6316379,0.42791706
2024-12-15,0.48097622,0.46873233,0.63149405,0.6325418,0.42865553
2023-06-12,0.48052272,0.46833256,0.63103026,0.63196325,0.42812222
2023-11-03,0.48034853,0.46804094,0.63080126,0.63180536,0.42800823
2024-05-09,0.48103282,0.46883008,0.63151145,0.63245046,0.42833453
2020-11-12,0.4809878,0.4687143,0.63148415,0.63246226,0.42854214
2021-01-27,0.4806227,0.46864906,0.6312066,0.63217354,0.42819783
2019-08-28,0.4781996,0.46546602,0.62871885,0.6294087,0.4265783
2023-08-19,0.47962058,0.46755394,0.630088,0.6310301,0.42709762
2022-03-13,0.48075333,0.46850204,0.63120365,0.6321657,0.4282999
2020-02-13,0.48085523,0.4688457,0.63138187,0.63233995,0.4282947
2024-07-28,0.48011118,0.46783656,0.6306016,0.63161606,0.42773896
2024-10-04,0.48042288,0.46812892,0.6309904,0.6318895,0.4280776
2021-07-06,0.48081842,0.46839574,0.6312919,0.6322474,0.42825344
2020-12-24,0.48102653,0.4687685,0.63148654,0.63250875,0.4284943
2019-08-31,0.47856057,0.4657322,0.62914526,0.6297439,0.42675653
2024-09-08,0.4799608,0.46766853,0.6302728,0.6311465,0.42749256
2022-12-13,0.48083347,0.46853313,0.6313294,0.63238335,0.42827898
2023-06-17,0.48034298,0.4681573,0.63084704,0.6317863,0.42793828
2022-07-03,0.47998613,0.46729255,0.63032913,0.6309308,0.42729738
2022-12-28,0.48040664,0.4682184,0.6310407,0.6320656,0.427906
2020-02-20,0.4807686,0.46876585,0.63132495,0.6322797,0.42826796
2024-07-30,0.48044896,0.46824625,0.63100207,0.6319666,0.4280532
2023-12-11,0.48105532,0.4687564,0.63147914,0.6325345,0.42854092
2023-09-25,0.4788915,0.4655927,0.6290565,0.629523,0.4257289
2020-12-29,0.48103252,0.4687908,0.63151306,0.6325367,0.42851335
2019-09-26,0.47993758,0.46742088,0.63015175,0.6313388,0.42733178
2024-09-27,0.48002294,0.46722358,0.6302395,0.6312005,0.42724797
2021-05-10,0.48091722,0.46871567,0.6314384,0.6324207,0.42838484
2023-12-08,0.4810675,0.46875748,0.63147855,0.63256025,0.42852315
2021-02-21,0.48099068,0.4686901,0.6314616,0.6324724,0.42846146
2019-06-09,0.48026302,0.4678915,0.63072276,0.63160187,0.4278049
2020-09-17,0.48000523,0.4678422,0.6304091,0.6313418,0.42768595
2023-02-04,0.4805182,0.4682496,0.63125014,0.632345,0.42805508
2019-09-02,0.47875008,0.4657853,0.62929523,0.6298182,0.4268607
2024-08-18,0.48037636,0.46817678,0.6308371,0.6317996,0.42785713
2019-06-29,0.48018274,0.4678383,0.6307706,0.63153404,0.42773888
2020-11-05,0.48100573,0.4687406,0.63151145,0.63253844,0.42854315
2020-06-05,0.4806759,0.46841326,0.631176,0.63214386,0.42819765
2019-10-29,0.48084146,0.46857262,0.6313139,0.63234484,0.4284341
2020-03-09,0.4803562,0.4685055,0.63102394,0.6319153,0.42800632
2020-09-19,0.48017174,0.46800983,0.63064796,0.63164145,0.42772466
2019-07-13,0.48054737,0.46825817,0.6310968,0.63198125,0.428119
2022-12-14,0.48065823,0.46836844,0.6311807,0.6322266,0.42810583
2020-02-25,0.48049244,0.4686392,0.63113314,0.63206935,0.42811313
2019-08-24,0.47774807,0.46537843,0.6281442,0.6288871,0.42617786
2019-12-28,0.48109305,0.46884435,0.63159525,0.63263136,0.4285763
2024-10-09,0.4803772,0.46816352,0.6308152,0.63185483,0.4281537
2023-04-13,0.48044014,0.46819872,0.63084745,0.6318147,0.4278966
2019-09-20,0.47937012,0.4666631,0.6295435,0.6305764,0.4268354
2022-01-20,0.48108488,0.46882632,0.6315757,0.6326136,0.42857355
2020-06-01,0.47955972,0.46735066,0.6297804,0.63081896,0.42717153
2023-11-01,0.4802331,0.4679101,0.6306472,0.6316749,0.4278395
2021-03-08,0.48076218,0.46846816,0.63112545,0.63225085,0.42824644
2020-08-13,0.48064584,0.46843147,0.6310912,0.6320718,0.42811802
2020-03-01,0.47998926,0.46840206,0.6307362,0.631565,0.42770967
2020-07-09,0.4798428,0.4674286,0.63027924,0.63115907,0.42756194
2019-10-07,0.4803679,0.46801108,0.6305384,0.63172865,0.4277177
2021-06-30,0.48051727,0.46817762,0.63102806,0.6320213,0.4281578
2024-12-30,0.48100677,0.4687315,0.6314483,0.6325312,0.428656
2023-05-25,0.4808174,0.46864706,0.63134474,0.63216853,0.42845988
2022-03-17,0.4808382,0.46854904,0.63124686,0.6322238,0.42833725
2019-10-14,0.4804001,0.4680399,0.63065755,0.6318025,0.42791614
2024-05-26,0.48056853,0.46816942,0.6306412,0.63155216,0.42792562
2024-09-21,0.47985885,0.46702838,0.6298839,0.63101506,0.4271031
2024-01-04,0.48106068,0.4688237,0.6315651,0.632582,0.42856237
2023-03-07,0.48054308,0.46815503,0.63085675,0.63203174,0.42799273
2022-05-30,0.4808093,0.46853718,0.6312688,0.632071,0.4283005
2020-06-04,0.48047316,0.46821535,0.63091695,0.6318901,0.42802018
2021-02-01,0.48031318,0.4684938,0.6309446,0.6318644,0.42795515
2021-03-12,0.48083004,0.46853894,0.6311826,0.6323552,0.42833436
2019-03-28,0.4805714,0.4683927,0.63104975,0.6320349,0.4281127
2024-01-06,0.48106867,0.46881637,0.63153887,0.632574,0.42854643
2024-12-18,0.48092133,0.46870372,0.6314752,0.6325158,0.42869207
2024-11-24,0.4808992,0.468637,0.63139266,0.6324587,0.42862815
2020-06-30,0.48051053,0.46825278,0.6309945,0.6319728,0.4281774
2022-11-02,0.48063648,0.46835315,0.6310954,0.6320703,0.42821363
2024-04-24,0.48093605,0.46867654,0.6314264,0.63244474,0.42841065
2019-05-08,0.4809121,0.4686598,0.63132936,0.6323403,0.42840418
2022-03-26,0.48066357,0.46837315,0.63098085,0.63207585,0.42819896
2022-09-25,0.4776168,0.46445894,0.6279756,0.6280344,0.42555192
2020-03-15,0.4807947,0.4685617,0.63131684,0.63228106,0.42829338
2023-09-17,0.4782368,0.4654428,0.62814444,0.6289036,0.42537674
2024-12-16,0.48091638,0.46867517,0.6314405,0.63251203,0.42871302
2023-06-05,0.4797947,0.46767396,0.630264,0.6310817,0.42750368
2019-06-10,0.4803837,0.46803623,0.63082755,0.63173157,0.42790627
2021-06-27,0.48064134,0.46823344,0.63106686,0.6320292,0.42813814
2020-01-27,0.48095536,0.46878022,0.6314309,0.63243496,0.4284044
2024-04-09,0.48092657,0.46866485,0.631432,0.6324582,0.42839342
2021-04-26,0.48086086,0.46859816,0.6313614,0.63235104,0.42835456
2019-03-29,0.48045787,0.4682487,0.63089406,0.6318692,0.42796487
2021-05-30,0.4799758,0.46745485,0.6303995,0.6290013,0.42860082
2022-11-17,0.48084846,0.46853042,0.6312851,0.63234484,0.4283313
2021-05-03,0.48085788,0.46864936,0.63135064,0.6323581,0.428339
2022-06-19,0.48028418,0.4680839,0.63075686,0.63169885,0.42788035
2023-08-14,0.47924435,0.46701628,0.6293871,0.63026494,0.42664593
2022-09-14,0.47854137,0.4656781,0.62879246,0.62933713,0.426312
2023-01-18,0.4804407,0.46822077,0.6311873,0.6322409,0.42792305
2020-11-22,0.48102176,0.46874082,0.631441,0.63238513,0.4285325
2023-07-06,0.4780057,0.46596316,0.6284427,0.629098,0.42592546
2024-05-07,0.48091874,0.46892905,0.63144195,0.6323717,0.4281257
2023-04-11,0.48020703,0.46799576,0.6305765,0.6315169,0.42767277
2024-07-25,0.4786329,0.46639788,0.62912357,0.6299215,0.42660028
2023-06-15,0.4803942,0.46820787,0.6308491,0.6317935,0.4280037
2021-05-29,0.4799396,0.4673806,0.6303629,0.6286104,0.4286965
2023-01-28,0.48056895,0.4683037,0.6312619,0.6323128,0.4280805
2020-06-22,0.47787553,0.4657443,0.6257432,0.627146,0.42590284
2019-07-02,0.4804713,0.46820125,0.63096267,0.6318533,0.42799702
2019-06-19,0.47976828,0.46725717,0.630153,0.63084704,0.427378
2023-05-16,0.4809066,0.46871886,0.6315499,0.6322918,0.4285306
2020-06-25,0.47975844,0.4674864,0.6295446,0.630607,0.42751914
2021-10-05,0.47961184,0.46724463,0.62969255,0.6306182,0.4272198
2022-08-09,0.4801933,0.46795484,0.6305107,0.6314879,0.42775154
2021-10-30,0.47986576,0.46765134,0.62947035,0.63063115,0.42755288
2021-01-08,0.48101857,0.46879357,0.6315062,0.6325254,0.42849955
2022-01-26,0.48099717,0.4687385,0.63146615,0.63248813,0.4284793
2021-07-26,0.48015416,0.46788827,0.63089496,0.63168323,0.42777723
2021-09-11,0.4800572,0.46789163,0.6303725,0.6318923,0.42776287
2023-03-05,0.4805313,0.46811968,0.6308175,0.63204116,0.42797875
2023-12-04,0.48104936,0.4687495,0.6314867,0.6325337,0.42852122
2020-10-23,0.4806249,0.46832743,0.6311864,0.6321536,0.42826307
2023-10-08,0.47869182,0.46572065,0.6287812,0.62941986,0.42577288
2023-12-14,0.48105708,0.46874714,0.6314884,0.632521,0.42850888
2019-04-02,0.48001415,0.46783474,0.6303568,0.63129914,0.42750686
2023-09-30,0.47853482,0.46576983,0.6285789,0.6294118,0.42569658
2022-01-09,0.4811185,0.468861,0.6316186,0.63265884,0.4286067
2022-09-30,0.47852558,0.46565256,0.62891525,0.6291768,0.42634836
2024-08-24,0.480199,0.46797818,0.6305486,0.6315577,0.42765385
2021-09-06,0.48021984,0.46801066,0.6303498,0.6318286,0.42785102
2021-11-29,0.4809088,0.46863183,0.6314347,0.6324614,0.42847702
2023-08-17,0.47976276,0.46765685,0.6301491,0.63107026,0.42721912
2024-01-13,0.48106194,0.46881422,0.63154125,0.6325712,0.4285507
2023-04-17,0.4803563,0.46804845,0.63062125,0.63169235,0.42773154
2023-09-22,0.4789629,0.46631274,0.6291387,0.629927,0.42618006
2023-01-06,0.48074445,0.4685005,0.6313314,0.63237935,0.42821497
2021-03-18,0.4803039,0.46803498,0.6305488,0.6316923,0.42778334
2022-07-29,0.48064318,0.4684264,0.6311101,0.63205314,0.42814144
2022-08-05,0.4806279,0.46840975,0.6310298,0.6320086,0.4281271
2019-12-09,0.48108003,0.46881217,0.6315544,0.6325782,0.42854622
2023-01-19,0.4804424,0.46821064,0.63119555,0.6322475,0.4279361
2024-07-06,0.47980154,0.4668592,0.629941,0.63051826,0.4270087
2022-02-20,0.48058075,0.46864077,0.6312161,0.63215744,0.4282141
2020-07-06,0.48009413,0.46756542,0.63053995,0.63142717,0.4277429
2022-02-28,0.48011896,0.46845433,0.63089424,0.6317485,0.42788097
2021-03-04,0.48070285,0.4684152,0.63109076,0.6321659,0.42819443
2020-09-24,0.48048154,0.4682717,0.63099736,0.6319647,0.4279999
2024-03-08,0.48015624,0.4681075,0.6306805,0.63154095,0.42776632
2024-10-15,0.48027155,0.46813026,0.6307837,0.6317397,0.42831284
2023-03-18,0.4798965,0.46763557,0.6301231,0.6310965,0.4274042
2019-06-02,0.4793527,0.4666703,0.629551,0.62682724,0.4284368
2020-09-28,0.48065928,0.4683906,0.63117486,0.63216066,0.42815283
2019-07-01,0.4805812,0.46831757,0.6311142,0.6319841,0.42808133
2024-03-28,0.48079443,0.46855998,0.6312836,0.632274,0.4282729
2020-12-30,0.48103335,0.4687843,0.6315053,0.63253087,0.42850208
2023-04-30,0.48093805,0.46857846,0.63137716,0.63241416,0.4283556
2020-05-24,0.48091984,0.46857005,0.631342,0.6323906,0.42836383
2019-11-19,0.4810007,0.4687535,0.63149756,0.6324865,0.42850092
2020-01-29,0.4810425,0.46884423,0.63154584,0.6325639,0.42851457
2023-05-05,0.48100477,0.46869734,0.6314821,0.6324697,0.42845502
2019-10-26,0.48077068,0.46845558,0.6312199,0.6322995,0.42839813
2023-05-24,0.4807525,0.4686284,0.6313588,0.63215333,0.42847455
2023-06-07,0.48012006,0.4680061,0.63060063,0.6315516,0.4277449
2022-04-02,0.48092547,0.46865323,0.6313152,0.63244826,0.42844084
2023-01-23,0.48053923,0.4682758,0.6312521,0.6322998,0.4280075
2019-06-27,0.47970992,0.46725726,0.6302321,0.6309205,0.42744195
2022-07-31,0.48078462,0.46855125,0.63120925,0.63222224,0.42827767
2022-03-16,0.48056424,0.4682786,0.6309428,0.6318736,0.4280595
2020-12-11,0.48109636,0.4688378,0.63159865,0.63261384,0.4285798
2024-04-01,0.48079228,0.46851566,0.6312933,0.63226485,0.42826962
2021-08-04,0.4793339,0.46920288,0.6310743,0.630988,0.4276486
2020-12-06,0.4810877,0.46882108,0.6315713,0.63258976,0.4285785
2020-12-21,0.48108047,0.4688255,0.6315647,0.63259727,0.42856303
2020-11-13,0.48100302,0.4687298,0.63146365,0.6324635,0.42851368
2021-08-25,0.48079813,0.46849516,0.6310997,0.63223237,0.4282186
2023-02-08,0.48044753,0.4682075,0.63123316,0.63235456,0.42799753
2022-11-23,0.48078555,0.46848834,0.6312528,0.6322521,0.42824277
2023-12-10,0.48107445,0.468764,0.63150847,0.63253343,0.4285305
2023-01-21,0.48046932,0.4682372,0.63120365,0.63225055,0.4279647
2024-12-10,0.48096114,0.46870667,0.6314488,0.6325207,0.42867005
2023-04-18,0.48055783,0.46826407,0.63091594,0.6319512,0.4279611
2023-12-29,0.48107925,0.46881244,0.6315553,0.63258755,0.42855805
2023-12-27,0.48108584,0.46881604,0.6315483,0.63258773,0.42855698
2020-10-21,0.4806735,0.46834615,0.6312386,0.63223785,0.42827165
2020-11-03,0.48095867,0.46868727,0.63146764,0.6324727,0.42852804
2022-11-08,0.4808549,0.46853137,0.63132054,0.6322715,0.4283189
2021-04-14,0.480659,0.46839145,0.63108814,0.6320918,0.42806822
2021-08-31,0.48071536,0.4682979,0.63079476,0.632077,0.42807826
2021-10-09,0.47985268,0.46749684,0.6298586,0.6306894,0.42758888
2024-07-10,0.48019147,0.4677334,0.63048816,0.6312715,0.42762628
2023-12-21,0.48108533,0.46880987,0.6315577,0.6325894,0.42856047
2023-04-16,0.48024437,0.46796486,0.63051796,0.63154095,0.42763644
2020-04-06,0.47957155,0.46731964,0.6297333,0.63071,0.4271011
2023-09-05,0.47681996,0.4645474,0.6265142,0.62758726,0.4244514
2020-07-29,0.48076528,0.46855733,0.6312789,0.6322519,0.4282976
2020-07-30,0.48069915,0.46851748,0.63119024,0.6321853,0.42822373
2023-08-21,0.47953597,0.46747833,0.6299535,0.63093275,0.42700952
2023-05-27,0.48077962,0.46864754,0.63132966,0.6322455,0.42845643
2022-02-16,0.48073536,0.4686764,0.6312977,0.63227975,0.4282971
2019-10-09,0.48046124,0.46811846,0.6306458,0.63184994,0.42785057
2023-10-24,0.48012024,0.4677159,0.6304894,0.6315109,0.4275983
2023-09-10,0.47649458,0.46420646,0.6262624,0.6272408,0.42404965
2020-09-27,0.48066467,0.46842483,0.63119435,0.6321804,0.42814526
2021-12-05,0.48100093,0.46873304,0.6315204,0.6325278,0.42851457
2024-09-24,0.47907692,0.46536407,0.6284963,0.6297753,0.42584187
2024-01-26,0.4808856,0.46868747,0.6313554,0.6323571,0.42838362
2019-09-24,0.47969848,0.46699694,0.62986124,0.63109136,0.42708275
2020-10-01,0.48065147,0.46839157,0.63113904,0.63214946,0.42813665
2021-09-02,0.48063207,0.46815932,0.63057303,0.63202804,0.42797667
2024-04-08,0.48090386,0.46862087,0.63139844,0.63237906,0.42836484
2022-09-07,0.47938737,0.4668594,0.6296797,0.6304254,0.426957
2020-08-29,0.48024058,0.46804503,0.6306883,0.63163996,0.42778698
2019-04-12,0.48045754,0.46827134,0.63088644,0.6318373,0.42798916
2022-07-16,0.47981337,0.46766073,0.6303298,0.6308263,0.42730442
2020-09-20,0.48008156,0.46789944,0.63058376,0.6315497,0.42767826
2023-10-14,0.4793773,0.46644208,0.6296071,0.6302944,0.42648947
2023-05-17,0.48093694,0.4687428,0.63154465,0.6323401,0.4285363
2023-08-05,0.48015454,0.4680809,0.6306669,0.6315715,0.42756945
2022-01-22,0.48106712,0.46880987,0.6315567,0.6325925,0.42855406
2020-12-23,0.48102143,0.46875852,0.63148016,0.6324887,0.42850274
2019-11-26,0.48098013,0.46871483,0.631457,0.63245445,0.42845246
2022-02-11,0.48081103,0.4686259,0.6312781,0.63227916,0.42831376
2021-08-03,0.4796672,0.46885934,0.63105184,0.6313064,0.427771
2022-06-24,0.48054957,0.4682786,0.63098246,0.63190156,0.42801672
2020-05-10,0.4809129,0.46862584,0.631416,0.6324056,0.42840636
2021-11-26,0.48095912,0.46867755,0.6314696,0.6324888,0.42846334
2021-01-15,0.48095337,0.4687819,0.6314622,0.63249063,0.42846116
2020-11-16,0.4809977,0.46872887,0.6314461,0.6324258,0.42853191
2024-04-29,0.48087403,0.4686661,0.63137335,0.63237154,0.4283201
2023-01-16,0.48045644,0.46824107,0.6311681,0.6322173,0.42795387
2024-05-16,0.47772837,0.4656441,0.62757236,0.6286331,0.42546853
2023-10-13,0.47921446,0.46616784,0.62943316,0.629993,0.42623883
2020-03-08,0.47992638,0.46837994,0.6307415,0.6315767,0.4277066
2024-09-06,0.47982985,0.46756,0.6301173,0.6311139,0.42734984
2023-08-08,0.48013347,0.4679388,0.6305192,0.6314151,0.42754912
2020-02-09,0.48087794,0.46886647,0.6313643,0.6323404,0.4282726
2020-11-19,0.48100522,0.4687285,0.63144755,0.6323749,0.42852393
2024-03-24,0.48076418,0.4685974,0.6313011,0.6322843,0.4282987
2021-03-07,0.48091125,0.4686137,0.6312816,0.632442,0.42839625
2023-09-18,0.47847235,0.46568745,0.628281,0.6287363,0.42554316
2024-08-01,0.48050442,0.46834102,0.63104343,0.63203704,0.42806906
2020-03-22,0.48108333,0.46880788,0.63153815,0.63262355,0.42855078
2021-10-23,0.4802927,0.46798763,0.63023984,0.63141686,0.42794907
2023-04-09,0.47988898,0.46767318,0.63016075,0.6311001,0.42732802
2024-04-15,0.48082206,0.46856067,0.6312956,0.63230985,0.42829788
2024-09-01,0.47953787,0.4673414,0.6298285,0.6307272,0.427034
2024-09-23,0.47828686,0.46426564,0.6274976,0.62881404,0.4250996
2021-11-07,0.4799204,0.4676485,0.62949455,0.6309319,0.42757928
2021-01-09,0.48097974,0.46877173,0.6314689,0.6324964,0.4284749
2022-01-08,0.4811181,0.4688597,0.63160944,0.632647,0.4286073
2021-12-28,0.48110333,0.4688501,0.6316045,0.6326482,0.42858925
2022-06-17,0.48006445,0.46782994,0.6304151,0.63136804,0.4276165
2020-11-14,0.4809741,0.46869388,0.63144964,0.6324185,0.42849386
2023-10-02,0.47845042,0.46582994,0.6284449,0.62935424,0.42571887
2020-04-15,0.48062667,0.4683289,0.6311195,0.6321176,0.42804077
2021-02-02,0.48026505,0.46848038,0.63092536,0.631829,0.42791817
2024-08-16,0.4803018,0.46807438,0.6307514,0.6317037,0.4278157
2024-11-19,0.48073447,0.46847802,0.6312423,0.6323139,0.42865506
2023-01-05,0.48042843,0.46822184,0.6310916,0.63210624,0.42793807
2019-08-23,0.47869468,0.46634892,0.6290866,0.6298767,0.4267398
2022-09-29,0.47833464,0.46541932,0.6287142,0.6290027,0.42614403
2024-09-02,0.47963363,0.46744677,0.6299622,0.6308747,0.42715073
2020-02-22,0.48063108,0.46868056,0.6311685,0.63207763,0.4281036
2019-11-07,0.48096702,0.46871346,0.6314648,0.6324715,0.4284831
2021-07-09,0.48080418,0.4682001,0.63115245,0.63214684,0.42815867
2024-02-11,0.48038128,0.46825758,0.63071907,0.63156825,0.42788
2023-12-06,0.48103833,0.46874714,0.63149184,0.63254195,0.4285432
2024-03-31,0.48079824,0.46853146,0.6313118,0.63229185,0.42828953
2021-12-30,0.48110786,0.46885043,0.6316057,0.632646,0.42859286
2019-05-11,0.48083264,0.4685813,0.63127565,0.63223666,0.42829964
2022-01-11,0.48111475,0.4688588,0.63161683,0.6326517,0.42860627
2022-02-12,0.48076835,0.4686151,0.63125074,0.63224995,0.42827347
2022-02-15,0.48077592,0.46867073,0.63131005,0.63228905,0.42831704
2024-06-22,0.48043382,0.46816805,0.63061684,0.6315034,0.42802283
2023-06-29,0.47955456,0.46746412,0.62997425,0.6308446,0.42717704
2021-05-26,0.48076847,0.46850488,0.6313043,0.6317234,0.42854363
2023-01-25,0.4805078,0.4682346,0.6312174,0.6322684,0.42798924
2019-06-13,0.48031184,0.46773738,0.6306868,0.6314659,0.42774647
2023-08-23,0.47953492,0.46734878,0.62984216,0.63086045,0.42708334
2023-11-29,0.48098338,0.46869242,0.6314331,0.63246924,0.42847255
2021-04-07,0.48039827,0.4681354,0.6307636,0.6317819,0.42784178
2020-10-18,0.48062998,0.4682832,0.6312176,0.63222563,0.42821953
2024-06-19,0.48035243,0.46804294,0.6304592,0.6312534,0.4280869
2024-05-18,0.47680014,0.46472666,0.626411,0.62746644,0.42460084
2023-12-13,0.4810605,0.4687602,0.6315016,0.63252497,0.42851233
2024-04-22,0.4807904,0.46853366,0.6312345,0.6322637,0.428265
2021-04-24,0.48095867,0.4686912,0.6314629,0.63246715,0.42843714
2023-08-03,0.4803135,0.46820614,0.630812,0.6317524,0.42774498
2020-09-30,0.48063913,0.468379,0.6311343,0.6321221,0.42811847
2023-09-01,0.47850937,0.46625084,0.62862074,0.6295881,0.42605746
2023-08-12,0.47928986,0.4671203,0.62955534,0.63036734,0.4266995
2023-05-15,0.48089233,0.46869692,0.631485,0.63231844,0.42847058
2021-12-13,0.48103094,0.46880075,0.6315537,0.6325553,0.42854294
2022-11-05,0.48077333,0.46849012,0.6312461,0.6322665,0.42831975
2020-10-12,0.48067075,0.46837345,0.6311616,0.63220984,0.42818856
2023-07-12,0.48029986,0.46816874,0.63087314,0.63163996,0.42783776
2020-10-07,0.4806362,0.4683487,0.63111526,0.6321033,0.4281347
2021-11-04,0.47990417,0.46763703,0.6293515,0.63101345,0.42765114
2022-06-14,0.48005983,0.46780926,0.6304569,0.63143814,0.4275977
2020-10-14,0.48071525,0.4684198,0.6312271,0.6322566,0.42825434
2024-12-12,0.48102024,0.4687646,0.6315147,0.63257074,0.42862916
2020-12-15,0.4810787,0.46881405,0.6315589,0.632582,0.42856693
2023-07-30,0.4803811,0.46821174,0.6309,0.6317849,0.42779133
2020-07-08,0.47989792,0.46764868,0.6303934,0.63134396,0.42777458
2022-02-17,0.48074797,0.4686896,0.631316,0.6322792,0.4283135
2021-06-17,0.47780454,0.46562004,0.62778634,0.62874407,0.42560288
2024-02-28,0.48034084,0.4681469,0.63066334,0.63139683,0.4278732
2021-12-22,0.4811021,0.4688498,0.6316115,0.6326481,0.42860854
2021-10-10,0.47976738,0.46740854,0.62967235,0.6304349,0.42754674
2024-09-04,0.47975552,0.4675453,0.6300576,0.63103664,0.42722705
2021-12-11,0.4810182,0.46877748,0.6315574,0.6325718,0.4285777
2022-05-08,0.4804363,0.46815994,0.63096464,0.6319142,0.42798576
2019-07-06,0.4804625,0.46817562,0.6309121,0.63184536,0.42795867
2022-04-20,0.48072958,0.46843487,0.6311851,0.63216853,0.428145
2024-04-25,0.4809311,0.4686753,0.6314293,0.6324414,0.42840865
2024-10-14,0.4802741,0.46815482,0.6307903,0.63175756,0.42829728
2020-03-05,0.47999424,0.46838188,0.6307412,0.6315686,0.4277125
2020-03-28,0.48034123,0.46805128,0.6305756,0.63168925,0.4277906
2020-03-07,0.47985154,0.46835557,0.6307011,0.6315154,0.42766166
2023-02-22,0.48019385,0.46772686,0.63036424,0.6315643,0.42758983
2022-07-20,0.47994334,0.4677259,0.63047457,0.63105345,0.42738345
2019-09-29,0.48016834,0.46768376,0.6302776,0.6315318,0.42751527
2022-12-03,0.48066446,0.46838245,0.63121104,0.6322477,0.42812458
2019-12-25,0.481099,0.46884507,0.63160145,0.63263685,0.42858407
2023-06-21,0.48030987,0.46812442,0.6308296,0.6316095,0.4279145
2024-09-30,0.48025587,0.46752143,0.6305318,0.63149226,0.42763373
2023-02-13,0.48045552,0.46816584,0.63127506,0.6324454,0.4279113
2020-05-06,0.48087862,0.4686064,0.63138235,0.6323819,0.4283802
2024-09-03,0.47974962,0.46752363,0.6300554,0.63096446,0.42721727
2023-09-04,0.47723112,0.4649688,0.62703836,0.6281694,0.42485538
2024-02-01,0.48076302,0.4685884,0.6312222,0.6321913,0.42826542
2022-05-19,0.48078203,0.46854287,0.6311614,0.6321716,0.4282788
2024-09-22,0.47893703,0.4654377,0.6284984,0.62969434,0.4259731
2022-09-09,0.47929287,0.4666891,0.62956023,0.63025594,0.42683488
2023-11-18,0.48078296,0.46853283,0.6312673,0.6323296,0.42842606
2019-11-03,0.48094544,0.46867523,0.6314476,0.63247126,0.42848545
2022-03-14,0.48066413,0.46842712,0.6311021,0.63202715,0.42820203
2023-10-04,0.4786592,0.4660713,0.6287299,0.62959146,0.4259311
2020-06-15,0.4801127,0.46775705,0.6301123,0.6311988,0.4276437
2022-01-17,0.48109892,0.46883637,0.6315865,0.6326239,0.42858347
2021-04-11,0.48029348,0.4680047,0.630618,0.6316053,0.42772523
2023-12-09,0.4810375,0.46872708,0.631476,0.63250834,0.4285523
2024-03-16,0.48040462,0.46830165,0.63098544,0.63188386,0.42794585
2019-11-21,0.4810073,0.4687519,0.63151246,0.63249356,0.42850617
2022-02-06,0.48096198,0.46875098,0.63144785,0.6324748,0.42846116
2021-09-03,0.48053515,0.46810132,0.6303899,0.6320316,0.4279531
2019-11-05,0.48093453,0.46866396,0.6314384,0.63245493,0.42848006
2020-10-26,0.4807698,0.46848038,0.63127834,0.6322601,0.42833003
2024-08-22,0.4803727,0.46812662,0.63076085,0.63175166,0.42779493
2020-08-01,0.48071855,0.46851173,0.631197,0.6321667,0.42822555
2024-09-13,0.48021483,0.467915,0.63060915,0.63153666,0.42765558
2019-05-30,0.48031768,0.4680514,0.6306099,0.6308938,0.428085
2021-01-23,0.48074996,0.46866402,0.63128096,0.63227224,0.42828807
2022-12-06,0.48062629,0.46831405,0.631168,0.6322411,0.42807758
2020-09-13,0.47976968,0.4676039,0.6297868,0.6308212,0.42740816
2024-09-17,0.4803078,0.46800956,0.6307061,0.63157606,0.42776725
2024-01-21,0.4809763,0.46877497,0.6314779,0.6324901,0.42848444
2024-11-04,0.48033968,0.46814835,0.63090426,0.6319207,0.4283855
2023-05-01,0.48089245,0.46851665,0.63131297,0.6323186,0.42831975
2021-09-15,0.4802326,0.4680377,0.6305893,0.6320867,0.42788935
2024-06-09,0.4806389,0.46815038,0.6309617,0.63196117,0.42808485
2021-02-20,0.48093417,0.46866727,0.63143253,0.6324105,0.4284038
2020-10-19,0.48059505,0.4682398,0.6311744,0.6321739,0.42819688
2023-12-05,0.48105112,0.46875846,0.6314972,0.63255274,0.42851683
2020-07-10,0.47968695,0.46733817,0.6300978,0.63099635,0.4274616
2023-07-22,0.48030832,0.46815974,0.6307878,0.63162196,0.42772466
2021-05-16,0.48092514,0.46872064,0.63146985,0.6324203,0.42842126
2024-12-27,0.48097357,0.46871635,0.6314506,0.63253975,0.42868757
2024-02-05,0.48066214,0.4685147,0.6311097,0.6320586,0.42818806
2019-05-02,0.4809077,0.46863857,0.6313492,0.6323321,0.42840827
2021-01-20,0.48084012,0.4686945,0.63134944,0.63234746,0.42834583
2020-10-04,0.48058894,0.46833193,0.6310474,0.6320461,0.42806104
2024-11-08,0.48035052,0.46815735,0.6308763,0.6319767,0.42860338
2021-09-23,0.4803947,0.4680597,0.6308733,0.63181514,0.427927
2023-04-23,0.48080733,0.4684121,0.6311334,0.6322305,0.4282057
2022-09-16,0.47842094,0.46557662,0.62872297,0.6291557,0.42614737
2021-10-15,0.47921452,0.46676204,0.62849844,0.62866193,0.42740864
2021-07-10,0.4807503,0.46807632,0.6310089,0.63198924,0.42804927
2024-04-23,0.48091102,0.4686482,0.63138217,0.6324112,0.42839307
2024-04-03,0.48084003,0.46855587,0.63131297,0.63230324,0.42832026
2022-01-24,0.48104098,0.4687841,0.631517,0.6325523,0.42851907
2019-06-07,0.48024723,0.46785635,0.6306133,0.63148695,0.42771044
2021-02-03,0.48027983,0.46849158,0.6309513,0.6318671,0.42794794
2021-03-26,0.47810024,0.46587738,0.6278284,0.628756,0.42546728
2020-03-29,0.48041353,0.46812913,0.6307209,0.6317716,0.42791328
2019-07-29,0.48013172,0.46791053,0.63064367,0.6315771,0.42792332
2020-09-08,0.4797347,0.4675526,0.629948,0.630863,0.42725664
2023-10-18,0.47981727,0.46714413,0.63014,0.63096285,0.42712492
2021-01-22,0.4807508,0.4686234,0.6312422,0.6322378,0.42825633
2019-11-16,0.48101825,0.4687538,0.63149726,0.63248545,0.42850727
2022-08-12,0.4794429,0.46719232,0.6297134,0.63069546,0.42721042
2022-08-26,0.47601506,0.4638055,0.6265011,0.62713164,0.4255175
2022-05-29,0.48076478,0.46851748,0.63120943,0.6320386,0.4282816
2021-10-11,0.4796179,0.46721396,0.62932664,0.629965,0.42747867
2022-12-18,0.4806036,0.4683358,0.6311483,0.6321953,0.4280893
2021-07-12,0.48070842,0.4679247,0.6308477,0.6318657,0.42799562
2021-04-13,0.48062685,0.46836194,0.63104725,0.63205075,0.428067
2020-07-11,0.4794082,0.4671383,0.62975776,0.63070816,0.42727038
2024-05-04,0.4808368,0.4690037,0.63137746,0.632281,0.42796427
2022-04-07,0.48073256,0.46852675,0.6311864,0.6322553,0.42826614
2024-09-14,0.48025465,0.46793422,0.6306462,0.63152117,0.4277114
2021-02-07,0.48016524,0.46849996,0.63089275,0.631775,0.42785373
2020-02-15,0.48081642,0.46886876,0.6313439,0.63226295,0.42823273
2022-12-04,0.48065653,0.46835294,0.6311888,0.6322352,0.42813218
2020-09-29,0.48068413,0.46843308,0.6312122,0.63218373,0.42818996
2024-05-10,0.4810078,0.46890232,0.63148206,0.6324363,0.42827496
2024-03-29,0.48080176,0.4685569,0.63130635,0.6322956,0.42828462
2024-03-04,0.4802365,0.4680898,0.63066334,0.6315826,0.42778948
2021-03-03,0.48076186,0.46844083,0.6311424,0.6322453,0.4282308
2020-02-23,0.48052606,0.4686145,0.6310914,0.6319731,0.42803344
2022-01-01,0.4810706,0.46882024,0.6315707,0.6326131,0.42855954
2021-01-04,0.48103905,0.4688116,0.63152564,0.63255227,0.42851633
2022-08-21,0.4770306,0.46485022,0.6275413,0.62832034,0.42613035
2019-05-18,0.48076496,0.46855304,0.6311383,0.6321481,0.42820606
2022-02-19,0.48067155,0.46867514,0.6312795,0.63223714,0.42827165
2020-02-08,0.4809043,0.46885002,0.63140625,0.63238317,0.4283251
2022-09-19,0.47867835,0.46584693,0.628945,0.629365,0.42626467
2021-08-12,0.48006842,0.4679942,0.63073784,0.63136804,0.42740718
2023-12-01,0.48099288,0.46869314,0.6314147,0.63247806,0.42852148
2021-02-27,0.4808323,0.46869346,0.63132095,0.63243526,0.4283543
2023-03-22,0.4796728,0.46748954,0.63000315,0.63083065,0.4272195
2019-11-10,0.4809781,0.4687136,0.6314721,0.6324726,0.4284735
2020-08-06,0.48069498,0.4684739,0.63114476,0.6321783,0.4281925
2020-04-05,0.48000145,0.467772,0.63025147,0.63129866,0.42755148
2024-12-28,0.480985,0.46871147,0.6314432,0.6325382,0.42868495
2024-12-23,0.48094192,0.46870446,0.63144827,0.6325132,0.42869103
2020-09-01,0.48035657,0.4680964,0.63071746,0.6316897,0.42788196
2022-04-03,0.4807808,0.46854433,0.63118684,0.6323059,0.42831528
2022-01-15,0.48109654,0.46884182,0.6315885,0.63263035,0.42858472
2019-11-14,0.4810047,0.4687391,0.6314907,0.632474,0.42849872
2024-02-23,0.4800566,0.46769774,0.6296031,0.629413,0.4272696
2024-11-17,0.48064032,0.46838528,0.6311311,0.6322141,0.42862195
2021-05-25,0.48085535,0.46859726,0.63139206,0.6320506,0.42850545
2023-01-15,0.48045522,0.4682491,0.6311664,0.63221645,0.42795488
2020-04-01,0.4806705,0.4684129,0.6310343,0.63211894,0.42817968
2022-09-08,0.47935057,0.4667528,0.62963676,0.6303576,0.4268958
2019-04-16,0.48038468,0.46811628,0.6307859,0.63172555,0.42783552
2021-10-21,0.48023722,0.46792397,0.6301982,0.6313184,0.42791632
2023-12-22,0.4810636,0.4687982,0.6315476,0.6325817,0.42854202
2019-04-15,0.48051006,0.4682834,0.63092756,0.63190085,0.42800865
2024-12-05,0.48086268,0.46860668,0.6313663,0.63246685,0.42873234
2021-11-01,0.47968277,0.46744806,0.628983,0.63053095,0.4274684
2024-06-13,0.48069564,0.4674123,0.63073975,0.63168436,0.42786932
2023-03-23,0.4795335,0.46738026,0.62981886,0.63064855,0.42706382
2021-10-13,0.4796734,0.46721718,0.6293886,0.62964654,0.42766815
2020-11-15,0.48096237,0.46870393,0.6314544,0.63243014,0.42851168
2024-01-25,0.48089173,0.46873745,0.63140744,0.6324135,0.42841318
2023-10-11,0.4790239,0.46597797,0.6291905,0.6297212,0.42602208
2023-07-03,0.47796854,0.46589246,0.62820244,0.62897134,0.4258642
2021-04-04,0.48011184,0.4678708,0.63048387,0.6314106,0.42757764
2022-06-01,0.48088214,0.46861047,0.63134503,0.63217133,0.42835858
2020-08-24,0.48062336,0.46841645,0.6310286,0.63215375,0.4281883
2024-01-22,0.48096794,0.46876973,0.63146013,0.6324711,0.42847174
2023-03-06,0.48041537,0.4680374,0.6306822,0.6318399,0.42786944
2021-09-08,0.48022902,0.46805087,0.63046914,0.6319411,0.42788008
2020-06-24,0.47876668,0.4665803,0.6276953,0.6289164,0.4267099
2023-07-27,0.48042503,0.46826157,0.6309393,0.63185596,0.42784378
2023-05-18,0.4809011,0.46872783,0.6315077,0.6323526,0.4285072
2021-07-16,0.48024157,0.46736422,0.62981653,0.6309606,0.4276256
2023-04-21,0.48072532,0.46833462,0.6310553,0.63213,0.42812192
2021-01-16,0.48093098,0.46875536,0.6314384,0.63245803,0.4284405
2020-12-25,0.48105696,0.4688063,0.63153183,0.63255835,0.42853734
2023-01-13,0.4804495,0.46824118,0.6311399,0.6322009,0.4279594
2024-12-29,0.48100743,0.46873975,0.6314615,0.632547,0.42866865
2024-03-25,0.48066434,0.46847087,0.63117284,0.6321365,0.428179
2021-03-20,0.4804483,0.4681587,0.63072413,0.63183665,0.42792654
2020-08-30,0.48044863,0.46824175,0.63091254,0.6318949,0.42796618
2022-08-19,0.47831255,0.46607584,0.62874764,0.62962013,0.42669046
2020-03-04,0.47979906,0.46831745,0.6306055,0.63136566,0.42756996
2020-05-29,0.4804645,0.46818122,0.630852,0.6318936,0.42798352
2020-03-25,0.48096216,0.4687192,0.63139,0.6324986,0.42846268
2020-06-02,0.4794401,0.46723145,0.62968606,0.6306977,0.427088
2024-11-03,0.48035496,0.4681643,0.63090837,0.6319673,0.42840505
2020-08-20,0.48053756,0.4683333,0.63104457,0.63194686,0.4280787
2023-10-26,0.4801199,0.4677293,0.6304713,0.63149816,0.42760968
2024-06-25,0.48013437,0.467823,0.6301533,0.63115263,0.42772815
2021-09-25,0.48017636,0.4678463,0.630582,0.63151795,0.4277062
2020-11-23,0.4810338,0.46875495,0.63145554,0.6324091,0.42854914
2019-08-21,0.47939208,0.46711853,0.629808,0.63063705,0.42720607
2021-02-22,0.48098764,0.4687044,0.63146234,0.6324851,0.42848617
2021-01-28,0.48055276,0.4686151,0.6311539,0.63211924,0.42815447
2024-11-02,0.4802648,0.46808478,0.6308614,0.63188916,0.42845124
2021-12-12,0.48104385,0.46880272,0.63155293,0.63256866,0.42853242
2020-01-30,0.4809985,0.46881646,0.63149357,0.632497,0.42845312
2024-11-16,0.4806075,0.46835473,0.6310966,0.63219124,0.42867494
2023-08-02,0.480364,0.46822408,0.63083863,0.6317684,0.42780912
2019-10-13,0.4804329,0.46812046,0.6306882,0.6318772,0.4279384
2023-11-21,0.48078442,0.46852067,0.6312749,0.6323314,0.42850634
2023-03-20,0.4789382,0.4667587,0.6289644,0.62984246,0.42638293
2022-07-15,0.47983485,0.4676699,0.63034403,0.63088095,0.4273505
2024-05-28,0.48067734,0.46832034,0.63104725,0.63192195,0.42813766
2022-03-20,0.4809472,0.46862715,0.6313166,0.6323658,0.42843798
2021-11-17,0.4809099,0.4686383,0.63143814,0.632442,0.42839035
2023-12-15,0.4810745,0.46877265,0.63150454,0.63258463,0.42853323
2022-06-02,0.48071513,0.46846554,0.6312443,0.6320964,0.42824575
2023-11-15,0.48059934,0.46837232,0.63111174,0.63204414,0.42830786
2021-12-09,0.48098537,0.46873412,0.6315153,0.6325577,0.42854986
2019-05-12,0.48086372,0.46859866,0.63129467,0.63227165,0.42834434
2020-02-06,0.4809257,0.46884528,0.63142836,0.6324063,0.428362
2019-12-05,0.48105896,0.4687955,0.631532,0.63255876,0.42852184
2023-04-05,0.4803102,0.46808222,0.6306505,0.63162446,0.42775548
2024-10-24,0.47988787,0.4680964,0.6306932,0.6315939,0.42844173
2023-06-04,0.47947758,0.46736968,0.6298782,0.6307264,0.42722186
2021-04-25,0.48094544,0.46869177,0.6314436,0.6324622,0.42843387
2019-12-31,0.48110554,0.46885148,0.6316047,0.6326458,0.42859057
2024-01-09,0.48105487,0.46881804,0.63154566,0.6325641,0.4285503
2024-05-17,0.47708192,0.46501648,0.62681216,0.6278822,0.42491
2021-07-21,0.48028287,0.46793348,0.6303524,0.63131857,0.4278934
2024-05-24,0.48027346,0.46787316,0.6303226,0.631152,0.427652
2021-12-10,0.48103523,0.46878827,0.63156766,0.63257796,0.42852885
2019-04-19,0.4807542,0.46841237,0.6312633,0.6322145,0.42813855
2024-06-03,0.48068097,0.4684048,0.631284,0.6322233,0.42825884
2024-11-29,0.48083934,0.4685662,0.63133085,0.63242036,0.4286852
2023-01-11,0.48045853,0.46825096,0.6311418,0.63218755,0.42796224
2020-11-21,0.48102033,0.46874797,0.6314086,0.6323859,0.42850906
2024-03-23,0.48075777,0.46854874,0.63127625,0.63223606,0.4282639
2024-10-08,0.48049453,0.4683036,0.6310032,0.63199145,0.4282302
2023-02-26,0.48072198,0.4683425,0.6311898,0.6323378,0.4281539
2024-01-01,0.48107445,0.46881726,0.6315555,0.6325695,0.42855835
2020-11-09,0.48099154,0.46871746,0.63147885,0.6324728,0.42853025
2021-04-05,0.48002085,0.46775725,0.6302805,0.63127077,0.42741433
2019-06-12,0.48044688,0.46797672,0.63085794,0.6317111,0.4279215
2020-06-20,0.4795084,0.46719533,0.62878966,0.6298727,0.42720142
2022-12-16,0.48064715,0.46836573,0.63116413,0.63220775,0.42809647
2024-06-27,0.47995448,0.46763945,0.6300798,0.63103867,0.42751637
2021-05-08,0.48083043,0.46866298,0.6313249,0.63231,0.42828485
2019-04-18,0.48055267,0.4682762,0.6309895,0.63194495,0.4280281
2024-06-24,0.4803454,0.46803358,0.6304492,0.631417,0.42791563
2021-03-05,0.48074076,0.46843454,0.6311035,0.63222116,0.42821664
2022-07-10,0.47979954,0.4675872,0.63027024,0.63080966,0.42728755
2023-09-21,0.47860864,0.46578723,0.6287141,0.6293826,0.42573416
2024-04-26,0.48087442,0.46863982,0.6313665,0.63237727,0.42834455
2022-07-05,0.4801158,0.46770275,0.630508,0.6312189,0.42754903
2024-01-12,0.48105836,0.46881625,0.6315391,0.6325703,0.42854592
2021-11-08,0.4803442,0.46805835,0.6304218,0.63156545,0.42793462
2019-09-11,0.4799524,0.46748593,0.63026977,0.6311725,0.42743942
2023-09-15,0.47827432,0.46555236,0.62813866,0.6288437,0.42546058
2020-07-31,0.48069096,0.4684983,0.6311813,0.6321536,0.42821082
2022-08-03,0.48070323,0.46846887,0.63109416,0.63205785,0.42819762
2023-11-20,0.48079437,0.46854362,0.6313034,0.6323539,0.428468
2021-01-31,0.4803167,0.46850875,0.6309752,0.6318882,0.4279639
2021-04-27,0.48094162,0.46869022,0.6314434,0.63245416,0.42842448
2022-12-22,0.48070836,0.46846575,0.63127226,0.6323068,0.42819986
2020-09-25,0.48053294,0.4682876,0.6310265,0.6320109,0.42803344
2021-05-23,0.48092344,0.46869555,0.6314288,0.6323032,0.4284637
2024-07-14,0.479782,0.46730757,0.6300279,0.6306007,0.42732906
2020-11-30,0.4811034,0.46883062,0.6315624,0.6325527,0.42857587
2019-10-30,0.4808636,0.46858314,0.6313452,0.6323452,0.4284255
2023-07-14,0.4803781,0.4682142,0.6309282,0.63176376,0.42791596
2022-07-04,0.4800275,0.46754634,0.6304252,0.63107145,0.42741725
2024-07-08,0.47984368,0.4666454,0.62999594,0.630453,0.42692134
2020-04-02,0.4804638,0.46818843,0.6307482,0.63186306,0.42798758
2020-05-17,0.48087972,0.46857408,0.6313684,0.6323382,0.4283648
2019-08-14,0.48034135,0.46804994,0.63083255,0.63171893,0.42795107
2024-01-17,0.4810199,0.46879864,0.63150966,0.632539,0.42851934
2024-12-22,0.48087585,0.4686564,0.63141936,0.63249063,0.42874154
2019-05-19,0.48081785,0.46858937,0.6311946,0.63221955,0.428306
2021-05-31,0.48004755,0.46763203,0.6304856,0.6296731,0.42845276
2020-11-07,0.48101878,0.4687318,0.63151187,0.63252074,0.42853606
2019-10-24,0.4808011,0.46850106,0.63124657,0.63233536,0.4283897
2021-07-13,0.48078775,0.46805036,0.6309544,0.632009,0.428076
2024-02-24,0.48028082,0.46796638,0.630035,0.6299867,0.42754307
2022-04-17,0.48074225,0.46848196,0.63119,0.6322033,0.42816493
2023-05-28,0.48081324,0.46863145,0.6313137,0.6322385,0.42840102
2024-10-03,0.48041835,0.4680889,0.63098353,0.6318472,0.42800277
2021-01-25,0.48067856,0.4686511,0.6312486,0.63223284,0.4282404
2024-09-19,0.48015144,0.46785894,0.6305716,0.63144064,0.42755628
2024-07-13,0.47983006,0.46745557,0.63014275,0.6308066,0.42742
2023-07-29,0.48038337,0.46821353,0.6309145,0.63180417,0.42781484
2020-08-04,0.480812,0.468568,0.6312678,0.63231015,0.4282746
2020-02-29,0.48006094,0.46843812,0.630793,0.63164973,0.42778862
2020-03-06,0.4798518,0.46836358,0.630694,0.6314927,0.42764547
2024-08-05,0.4805884,0.46835825,0.6310765,0.6321016,0.4281334
2024-03-12,0.480232,0.46815786,0.6307996,0.6316491,0.4277812
2021-07-23,0.47944114,0.46701774,0.62925375,0.6301123,0.42714933
2023-06-19,0.48035085,0.46815035,0.6308712,0.63176584,0.4279509
2023-04-06,0.48015216,0.46791312,0.63039964,0.6314039,0.42757088
2022-09-17,0.47877494,0.46599856,0.6290169,0.6295902,0.42636678
2019-09-12,0.4798226,0.46728495,0.6301414,0.631041,0.4273807
2020-04-03,0.48053548,0.4682722,0.63084686,0.6319483,0.42805248
2021-04-28,0.4808914,0.46866423,0.63138723,0.63238627,0.42838037
2020-02-01,0.4808776,0.46878335,0.6313462,0.6323318,0.42829397
2022-06-18,0.4801956,0.46806794,0.6307232,0.6316155,0.4278519
2024-03-19,0.48047245,0.46828115,0.63102674,0.6318819,0.42797613
2023-11-09,0.4804068,0.46811005,0.6308296,0.63163906,0.42816252
2021-08-17,0.4808086,0.46856946,0.63133836,0.63240796,0.42829123
2023-02-25,0.4805959,0.4681655,0.6309427,0.63209933,0.42803538
2021-02-24,0.48100457,0.4686885,0.63146406,0.6324931,0.4284788
2019-09-10,0.48010656,0.46767798,0.6303738,0.63134694,0.4274998
2021-04-06,0.48048934,0.46823177,0.63088655,0.63193256,0.42796156
2020-12-07,0.48109847,0.46883124,0.63158345,0.63260835,0.42857796
2019-10-22,0.48075172,0.4684433,0.6311922,0.6322234,0.4283411
2022-11-20,0.48080233,0.46849048,0.63126075,0.63229233,0.42827746
2020-12-27,0.48103213,0.4687877,0.6315052,0.63254184,0.42852464
2024-10-21,0.47999525,0.46833292,0.63085455,0.6316174,0.42827436
2024-04-28,0.48091775,0.4686813,0.63142073,0.6324409,0.4283767
2019-12-01,0.48105007,0.46879953,0.6315269,0.6325387,0.42852235
2023-09-27,0.4788222,0.46558166,0.62892574,0.6294976,0.42568904
2022-11-13,0.48090988,0.4686047,0.63137704,0.6323716,0.42836663
2024-02-10,0.48037595,0.468219,0.6306744,0.63153005,0.42784658
2021-10-28,0.4790872,0.4668787,0.6279365,0.62929446,0.4269621
2019-11-22,0.48098195,0.46872845,0.6314715,0.6324621,0.42849058
2021-05-05,0.48089492,0.46867514,0.6313937,0.6324108,0.42837593
2020-07-01,0.48061025,0.46838397,0.6311079,0.6321035,0.42826
2021-04-20,0.48080817,0.46854874,0.6313001,0.63226837,0.42829087
2022-11-18,0.48088598,0.46856424,0.63133436,0.6323374,0.42833555
2024-08-31,0.47950774,0.46730778,0.6297783,0.6306947,0.4270168
2020-10-15,0.48069414,0.46838194,0.6312253,0.6322451,0.42823517
2020-09-04,0.47911698,0.4668899,0.6292356,0.6301897,0.42682636
2021-04-15,0.48073518,0.468484,0.63122207,0.63219273,0.4282052
2024-03-11,0.4802339,0.46817186,0.6307825,0.63167924,0.42778453
2022-08-04,0.4806968,0.46845773,0.63106406,0.63206255,0.42817765
2021-09-19,0.4802583,0.46796513,0.63057053,0.63181895,0.42779425
2021-07-17,0.47996086,0.46710533,0.62945026,0.63065386,0.42738053
2019-06-08,0.48034278,0.46794575,0.6307351,0.63164407,0.42784888
2024-06-23,0.48052603,0.46825287,0.630747,0.6316403,0.42812458
2024-11-09,0.48038468,0.46818724,0.6309113,0.63202226,0.42857188
2020-08-22,0.480574,0.46837848,0.6310497,0.6319544,0.42808658
2023-06-22,0.4803221,0.46815544,0.6307986,0.63162565,0.42789182
2023-05-13,0.48097268,0.46873692,0.6315499,0.63231754,0.42855188
2024-01-28,0.48087132,0.46869022,0.63134646,0.632347,0.42838332
2020-04-24,0.48085776,0.46862036,0.6313638,0.63236725,0.42835692
2023-01-04,0.48043454,0.46821854,0.6310694,0.6320837,0.42794934
2021-01-05,0.48103657,0.46880567,0.63152176,0.63254917,0.42851567
2019-04-13,0.4805716,0.46836865,0.63100845,0.6319784,0.4280716
2019-10-11,0.48052877,0.46816415,0.6307604,0.6319335,0.4279503
2021-08-23,0.4808937,0.46839607,0.6314023,0.6322959,0.42832175
2023-02-19,0.48052132,0.4680748,0.6309541,0.6321121,0.42789254
2022-08-24,0.47479782,0.46272722,0.6254877,0.62602377,0.4251681
2024-10-29,0.48007792,0.46789125,0.6306675,0.63174546,0.42838475
2023-10-28,0.48017877,0.46783328,0.6305479,0.6315745,0.42770416
2023-09-16,0.47829983,0.46546957,0.62820446,0.62874544,0.42538944
2022-03-30,0.48054364,0.46831268,0.6308798,0.63196874,0.42810422
2022-01-05,0.4811266,0.46887043,0.63162535,0.6326663,0.42861387
2021-06-12,0.4799441,0.46771818,0.6302375,0.6312575,0.42766213
2023-02-24,0.47982138,0.46744743,0.62993324,0.6310354,0.4272668
2024-01-02,0.48106432,0.46881333,0.6315534,0.63257015,0.42855442
2022-11-14,0.48090264,0.46859822,0.6313727,0.632374,0.4283765
2019-07-24,0.47854427,0.46637455,0.6288188,0.6297421,0.42653844
2020-04-29,0.48090887,0.4686601,0.6314077,0.63241464,0.42841014
2021-09-14,0.4800776,0.46791032,0.6304251,0.6319169,0.42776775
2024-09-29,0.48022705,0.4674585,0.63044834,0.63144284,0.42753363
2021-02-16,0.4804925,0.46858528,0.6311386,0.63205206,0.42812014
2024-05-14,0.48062745,0.46849358,0.63099045,0.6320389,0.42798296
2024-11-25,0.48079708,0.46853194,0.63130337,0.63239133,0.4287078
2023-10-25,0.48013932,0.46777597,0.6304923,0.6315009,0.42760545
2023-05-12,0.48090562,0.46867764,0.6314534,0.6323194,0.42845476
2023-05-02,0.48091754,0.46857774,0.6313508,0.6323641,0.42834878
2021-07-03,0.48055717,0.46805432,0.63102585,0.63198924,0.42812428
2024-01-23,0.48094037,0.46875516,0.63143843,0.63245183,0.42845127
2021-10-26,0.47899857,0.4668065,0.6279351,0.6291735,0.42690694
2023-04-04,0.4805912,0.46836215,0.63100404,0.6320005,0.4280518
2021-01-01,0.48101735,0.46877393,0.6314763,0.63249904,0.4284891
2022-04-11,0.4804816,0.468228,0.6308792,0.6318716,0.42793736
2021-10-12,0.47976694,0.4673607,0.62957346,0.6300423,0.4276529
2024-12-03,0.4808581,0.46859056,0.63135207,0.6324454,0.42873147
2019-11-04,0.48092943,0.46864602,0.6314489,0.6324572,0.4284775
2020-06-27,0.4805686,0.4682363,0.63095874,0.63197666,0.42815566
2023-06-06,0.48008275,0.46796647,0.6306038,0.6315013,0.42775905
2023-05-29,0.48085216,0.46864727,0.63133645,0.6322521,0.4284294
2024-11-27,0.48077276,0.4685077,0.6312592,0.63238096,0.4287353
2021-05-19,0.480935,0.46870017,0.6314403,0.63240385,0.42842555
2024-07-05,0.47985092,0.46662852,0.6300263,0.63043153,0.4268958
2022-02-07,0.4809645,0.46875966,0.63146377,0.63247985,0.42846632
2019-10-25,0.48078942,0.46844783,0.6312364,0.63230103,0.4283612
2022-01-23,0.48106056,0.46880105,0.63154095,0.63257676,0.4285427
2023-09-03,0.47693092,0.46467045,0.62671757,0.6278318,0.4245944
2020-05-01,0.48090076,0.4686443,0.6314104,0.63242483,0.42838904
2020-10-29,0.48089823,0.4686216,0.63139665,0.6324025,0.42843276
2023-02-23,0.48004204,0.46761832,0.63015926,0.63131976,0.42743418
2024-07-16,0.4800505,0.4675726,0.6304039,0.6310876,0.4275749
2021-06-13,0.4794412,0.46725425,0.6297201,0.63070023,0.42726395
2023-12-24,0.48109373,0.46880797,0.631552,0.63258904,0.42855835
2021-02-14,0.48021406,0.46850854,0.63094825,0.63183737,0.42789656
2021-07-22,0.47979635,0.46724227,0.62952864,0.6304527,0.42739883
2020-10-11,0.48060012,0.4683185,0.6311112,0.63215774,0.42816222
2024-04-12,0.48087376,0.46860465,0.631365,0.6323834,0.42833593
2023-12-31,0.48105696,0.46879384,0.63153285,0.63256216,0.4285354
2024-06-01,0.4805527,0.4682602,0.6311979,0.6320598,0.42813456
2022-05-01,0.48065266,0.46837047,0.63111705,0.632099,0.42814136
2020-04-18,0.48084444,0.4685833,0.6313164,0.6323513,0.42831406
2024-12-09,0.48094192,0.46869355,0.63144004,0.6325096,0.42867845
2021-12-02,0.48095447,0.46868885,0.6314855,0.6325016,0.42848533
2024-10-28,0.47999063,0.4678622,0.6306268,0.63166755,0.42840612
2024-11-18,0.480745,0.468503,0.6312499,0.6323182,0.42862698
2023-03-01,0.4805957,0.46824807,0.6310242,0.63215655,0.42806524
2023-11-19,0.48079184,0.4685377,0.63129455,0.63231295,0.42837337
2022-01-03,0.48110166,0.46884057,0.6316002,0.6326325,0.42858893
2021-08-29,0.4806846,0.46832806,0.6308733,0.6320488,0.4280939
2022-12-19,0.48061356,0.46835208,0.63115907,0.6322164,0.4280835
2020-10-02,0.48064375,0.46838015,0.63114995,0.63213676,0.4281568
2021-09-05,0.48021957,0.46798375,0.6302471,0.6318757,0.42782158
2020-01-31,0.48089036,0.46875778,0.6313655,0.6323487,0.42831555
2023-12-12,0.4810646,0.46876156,0.6315052,0.6325427,0.42853612
2019-06-01,0.47955355,0.46703464,0.6297752,0.6281759,0.42816532
2019-11-23,0.48099878,0.46874982,0.6315113,0.63248396,0.42851096
2023-04-26,0.48089337,0.46842682,0.631211,0.63230854,0.42823276
2023-10-22,0.48008445,0.4676163,0.630472,0.6314234,0.42753264
2021-08-26,0.48068908,0.46841615,0.63095933,0.63215095,0.4281099
2020-07-28,0.4807175,0.46850267,0.6312114,0.6322098,0.42824772
2021-09-17,0.4804473,0.4681703,0.6307112,0.6321403,0.42797753
2023-08-31,0.47885907,0.46665943,0.6290801,0.6300788,0.4264633
2021-09-29,0.4803057,0.46797138,0.63067436,0.631625,0.42780158
2021-11-06,0.47976235,0.46749428,0.6291034,0.6306582,0.42747408
2023-06-23,0.48032653,0.468161,0.6307884,0.6316203,0.42787984
2019-04-26,0.48084894,0.4686013,0.63130593,0.63229185,0.42837322
2021-04-03,0.48029822,0.46811846,0.630724,0.6317088,0.42786482
2021-07-30,0.48014888,0.4681421,0.63091135,0.631646,0.4278094
2022-02-04,0.48092625,0.4686974,0.6313915,0.63240826,0.42840785
2021-02-05,0.48024866,0.46845904,0.6309046,0.6317677,0.42785835
2021-11-11,0.48076996,0.46849945,0.6312582,0.63227046,0.42826054
2019-05-07,0.4809003,0.46864077,0.6313406,0.6323268,0.42837748
2022-09-23,0.47818837,0.46518472,0.6285008,0.628678,0.42590094
2020-09-23,0.48057148,0.46835488,0.6310403,0.63200045,0.4280433
2021-11-02,0.4798648,0.46761307,0.62925744,0.6308226,0.42752
2024-08-26,0.48016107,0.4679952,0.63056445,0.63155794,0.42766476
2019-09-09,0.48010963,0.4677136,0.63033026,0.6313708,0.4274368
2023-04-19,0.4807158,0.46840975,0.6310943,0.63214797,0.42812288
2020-05-25,0.48093927,0.46858233,0.6313529,0.63239306,0.4283796
2024-11-22,0.48087895,0.46862265,0.6313706,0.63242584,0.428605
2023-12-17,0.4810822,0.46878266,0.6315396,0.6325658,0.42854372
2021-06-10,0.4804439,0.4681548,0.6307519,0.6317946,0.42803806
2023-10-01,0.47856823,0.46590757,0.6286108,0.6295165,0.42583477
2019-08-30,0.47870937,0.46597233,0.62919414,0.62979287,0.4267726
2019-08-16,0.4801585,0.46784526,0.6305786,0.6314564,0.4277873
2024-10-05,0.4804504,0.46817407,0.6309948,0.6319188,0.4281393
2020-07-03,0.4801503,0.46761432,0.6304891,0.63145506,0.42781815
2020-12-18,0.4810487,0.46878922,0.63152546,0.632533,0.42854053
2021-07-15,0.4806346,0.4677736,0.63054776,0.63173306,0.42789197
2021-01-02,0.4810314,0.46880105,0.6315128,0.63253754,0.42850843
2024-03-30,0.48088005,0.4686292,0.63142484,0.63241464,0.42836156
2020-05-31,0.47971246,0.46746922,0.6299493,0.6309886,0.42729172
2020-03-14,0.4808346,0.4686077,0.6313427,0.63233626,0.42832428
2023-03-15,0.48041856,0.46814293,0.6307844,0.6318406,0.42792898
2022-12-20,0.48052382,0.46827233,0.63107693,0.632132,0.4280671
2022-08-31,0.47872543,0.46626323,0.6291089,0.62983173,0.42668313
2023-03-13,0.48035035,0.46804804,0.6306393,0.63172126,0.42781463
2019-07-08,0.48047778,0.46818492,0.63095987,0.631852,0.4279851
2021-11-03,0.47962764,0.4673729,0.62878036,0.63041157,0.4273267
2019-04-21,0.4808388,0.46853325,0.63128364,0.6322802,0.42830047
2021-02-11,0.48010215,0.46850362,0.63087463,0.6317665,0.42784935
2020-03-31,0.4808291,0.46858302,0.63125116,0.6323314,0.42834258
2019-11-25,0.4809857,0.4687322,0.63148046,0.63246113,0.42847142
2023-04-25,0.48092967,0.46856385,0.6313306,0.63240117,0.42829463
2019-07-07,0.4804638,0.46818128,0.6309335,0.6318458,0.42798465
2023-04-29,0.4809108,0.46857136,0.63131773,0.6323764,0.42833605
2020-12-05,0.48109505,0.46882343,0.631586,0.6325864,0.4285742
2023-04-12,0.48018318,0.46798512,0.630487,0.6315058,0.42759848
2021-09-12,0.4801116,0.46794987,0.6304844,0.63198143,0.42781568
2024-05-08,0.48095626,0.4688,0.6314629,0.63238937,0.42825586
2024-07-04,0.4800933,0.46743098,0.6305014,0.6311404,0.4274301
2021-05-17,0.48096865,0.46873066,0.63149035,0.63244385,0.42846763
2024-12-31,0.48100924,0.4687293,0.63144416,0.6325355,0.4286614
2023-07-24,0.48045087,0.4682668,0.6309471,0.63182884,0.42792505
2023-01-31,0.48048857,0.4682153,0.6312142,0.63233644,0.4280185
2023-09-09,0.47672567,0.46441534,0.6264186,0.62733066,0.42427948
2022-06-09,0.48044905,0.4681652,0.6308736,0.63187677,0.4279901
2023-07-02,0.4783188,0.4662184,0.62859124,0.62940085,0.42616048
2024-05-20,0.47776526,0.46561804,0.62741745,0.6284404,0.42541248
2023-08-15,0.47949272,0.4672737,0.6297193,0.6306177,0.42693868
2022-09-04,0.4794158,0.46689218,0.62972564,0.6304727,0.4269428
2023-02-02,0.48048395,0.46823877,0.63122344,0.6323007,0.42803177
2022-05-18,0.4808981,0.46867156,0.63138425,0.6323882,0.42842966
2022-12-29,0.48045754,0.46825027,0.6310592,0.632081,0.42795697
2021-02-18,0.48072958,0.46864554,0.63130456,0.6322324,0.428276
2024-09-15,0.48033342,0.4680092,0.63071,0.63159764,0.42780232
2023-06-20,0.48032603,0.4681308,0.6308762,0.6317868,0.42794168
2022-07-30,0.48074538,0.46852475,0.6311803,0.6321697,0.42822954
2019-12-17,0.4810913,0.46883574,0.6315875,0.632622,0.42856327
2023-06-30,0.47855267,0.4664643,0.6288747,0.6296362,0.42633456
2019-12-06,0.48105985,0.46880096,0.6315521,0.632572,0.42852712
2022-09-27,0.47821406,0.4652638,0.6286143,0.6288831,0.42606664
2021-01-24,0.48068765,0.46864653,0.6312357,0.63221174,0.4282422
2022-03-27,0.48046216,0.46817845,0.63075465,0.6318307,0.4279915
2024-03-27,0.48070928,0.46848992,0.63119036,0.6321568,0.42819223
2019-11-24,0.4809848,0.46872613,0.6314753,0.63245493,0.42847276
2019-06-21,0.47957605,0.46721172,0.63002557,0.63081205,0.4274015
2023-07-25,0.48054385,0.4683383,0.63104635,0.63198864,0.4280248
2019-03-26,0.4804762,0.46830416,0.6308891,0.63193566,0.42800245
2020-07-12,0.47898346,0.46676353,0.6292656,0.63020045,0.42684096
2022-02-23,0.4804088,0.46857545,0.6311062,0.6320141,0.4280887
2020-09-11,0.47995755,0.46774766,0.6299779,0.63103056,0.4275065
2019-06-03,0.47978076,0.46723112,0.63006055,0.6287325,0.42827418
2019-10-27,0.48078293,0.46842808,0.63115346,0.63227975,0.4283729
2023-09-28,0.47874203,0.46548232,0.62883586,0.6293933,0.42561838
2022-02-03,0.48100016,0.46877265,0.6314898,0.6325081,0.42849636
2020-05-18,0.48089725,0.4686017,0.63141876,0.6323773,0.4283886
2024-01-10,0.4810461,0.4688105,0.63153297,0.63255334,0.4285363
2024-10-16,0.48045033,0.46839374,0.6310281,0.63193554,0.42833173
2021-01-03,0.4810399,0.4688105,0.63152486,0.63254404,0.42851937
2020-02-02,0.4809713,0.468811,0.6314712,0.6324684,0.42843276
2020-03-18,0.4809431,0.46865487,0.63140875,0.63239956,0.4284069
2020-12-28,0.48104176,0.4688,0.6315175,0.63254243,0.42851904
2020-12-26,0.48104385,0.4687996,0.63152206,0.63253605,0.428528
2020-02-27,0.48035705,0.46857795,0.631051,0.63195735,0.42803243
2022-03-02,0.48036602,0.4684913,0.63104534,0.6319108,0.42804927
2023-07-04,0.4779218,0.46587124,0.62821096,0.6289435,0.42585605
2020-04-20,0.48072538,0.46849337,0.6311843,0.6322186,0.4282131
2024-02-03,0.4806246,0.46840537,0.6309808,0.63192594,0.42808634
2021-10-20,0.48011777,0.4677676,0.63000774,0.6311292,0.4278491
2023-12-18,0.48107994,0.46879193,0.6315417,0.6325733,0.42854565
2022-09-06,0.4793967,0.4668821,0.6297838,0.6304979,0.42700148
2020-11-01,0.4809267,0.46863246,0.6314389,0.63242996,0.4285072
2023-03-16,0.480297,0.46795237,0.6305446,0.6316875,0.42776042
2021-09-26,0.48033386,0.46798944,0.6307303,0.6316023,0.4278245
2021-03-01,0.48091102,0.468606,0.63133436,0.63242704,0.4283964
2022-09-20,0.47852018,0.465637,0.62875956,0.629115,0.426114
2023-09-26,0.47881833,0.4655312,0.62900275,0.6294552,0.42566046
2023-06-08,0.48019263,0.46807843,0.630746,0.63166696,0.42782676
2020-07-19,0.4806112,0.4683836,0.63098866,0.63207704,0.42813152
2024-09-18,0.48042738,0.46812275,0.6308183,0.6317123,0.42789772
2024-01-27,0.48087844,0.46868122,0.63134605,0.6323541,0.42837596
2024-07-18,0.47992554,0.46749443,0.6303969,0.63117325,0.4274516
2021-09-04,0.48027924,0.46800235,0.63027835,0.63198376,0.4278154
2023-12-30,0.4810467,0.46878606,0.63152367,0.6325675,0.4285258
2024-03-22,0.48055124,0.46829376,0.63102406,0.6319221,0.4280157
2022-05-24,0.48025522,0.468009,0.6305381,0.63151175,0.427808
2023-02-01,0.4805345,0.46826872,0.6312421,0.63232,0.42805302
2024-07-24,0.47918817,0.46690407,0.629685,0.6305874,0.42702964
2023-11-05,0.48040476,0.46813226,0.6308752,0.63186175,0.42808247
2019-12-15,0.48107335,0.46881443,0.63157773,0.63259804,0.42854202
2024-06-06,0.4806009,0.4682399,0.6310876,0.6320713,0.42811644
2023-12-03,0.48103055,0.46874082,0.6314872,0.6325134,0.42851368
2024-05-02,0.48084167,0.46866652,0.63136005,0.63233423,0.428238
2022-11-12,0.48087493,0.46854606,0.63133425,0.6323206,0.42835143
2023-04-28,0.48089737,0.4685232,0.6313077,0.6323434,0.4282884
2021-06-05,0.48031002,0.46806413,0.6307117,0.63167477,0.42796102
2021-04-21,0.48091918,0.46865532,0.63140297,0.6324147,0.42836753
2020-03-16,0.4808555,0.4685707,0.63134414,0.63230234,0.42833146
2024-06-18,0.48060232,0.46831724,0.6308183,0.63181233,0.42819214
2023-11-25,0.4809586,0.4686645,0.63141644,0.63246924,0.42849424
2019-04-07,0.4804309,0.4682511,0.6308596,0.63181967,0.4279598
2021-04-02,0.47974303,0.46757662,0.63019305,0.63097405,0.42728528
2019-04-01,0.48013085,0.46796408,0.63050365,0.6314486,0.427631
2024-09-25,0.47922838,0.46565422,0.62879074,0.6299439,0.42612836
2020-03-30,0.48098448,0.4687253,0.6314219,0.632532,0.42849737
2022-08-06,0.48058906,0.46835363,0.63097215,0.6319269,0.4280851
2023-07-16,0.48040867,0.46826214,0.63096887,0.63188857,0.42793816
2024-12-07,0.4809029,0.46864256,0.6313964,0.6324836,0.4287051
2020-03-02,0.47983676,0.46833247,0.6306182,0.631455,0.42760995
2023-07-31,0.48044434,0.46824044,0.6309355,0.63184583,0.42789003
2022-12-24,0.48046547,0.46823564,0.6310552,0.6320879,0.42797613
2022-02-09,0.48082757,0.4686362,0.6312915,0.6323076,0.42832246
2023-09-07,0.4769232,0.4646513,0.62655985,0.6276859,0.42451456
2024-07-15,0.47986728,0.46726903,0.6300901,0.63069665,0.42732158
2021-09-30,0.4800955,0.46774802,0.6303703,0.6313204,0.42757967
2022-01-16,0.4810935,0.468839,0.6315931,0.63262314,0.4285838
2021-03-11,0.48041394,0.4681261,0.6306565,0.63183546,0.42789435
2019-10-01,0.48023233,0.4677186,0.63030434,0.63156193,0.42752734
2020-07-26,0.4806257,0.4684287,0.63109577,0.63209593,0.42815632
2022-05-15,0.48082733,0.4685903,0.6313505,0.6323678,0.42836925
2024-08-07,0.48063734,0.46847224,0.6311061,0.6321038,0.42818305
2024-09-11,0.48033187,0.46805057,0.6307117,0.63168436,0.4278584
2020-04-28,0.48089427,0.46864894,0.6313817,0.63238126,0.42839763
2021-06-25,0.4806111,0.46819413,0.6309161,0.63191617,0.42800546
2020-10-28,0.48086637,0.4685817,0.6313626,0.63234967,0.42839664
2021-01-29,0.48048356,0.4685968,0.63111085,0.6320529,0.428095
2022-06-25,0.48056126,0.468124,0.6309934,0.63184065,0.42794767
2022-08-13,0.47895896,0.46671966,0.6291846,0.6301701,0.42689952
2020-12-04,0.4810913,0.468824,0.63157773,0.6325963,0.42857662
2023-05-03,0.48095155,0.46865293,0.63142455,0.63243616,0.42842135
2024-11-30,0.48087332,0.46861476,0.6313655,0.6324559,0.4286828
2020-02-21,0.4806846,0.46873268,0.631251,0.63219535,0.4281951
2023-09-11,0.47718474,0.46491715,0.6270505,0.6280555,0.42474592
2024-08-23,0.48027852,0.4680537,0.63066274,0.63161474,0.42769828
2023-10-05,0.47864434,0.46595326,0.62873954,0.629477,0.42583302
2022-04-04,0.48078877,0.46854883,0.63120097,0.632312,0.42833892
2023-03-09,0.48061147,0.4682552,0.63097,0.6320881,0.42806476
2021-10-02,0.47989562,0.46751195,0.63004845,0.6310401,0.42743245
2023-09-20,0.47840664,0.4655766,0.62848365,0.62910086,0.42548427
2019-07-03,0.48050487,0.46825507,0.6310181,0.6319341,0.42803913
2019-10-17,0.48059788,0.46818754,0.6308655,0.6320291,0.4281002
2023-12-20,0.48108998,0.46880448,0.6315587,0.6325845,0.42856404
2022-06-16,0.48012644,0.46794248,0.6305547,0.6315151,0.42773104
2024-04-02,0.48084718,0.4685736,0.6313566,0.63233894,0.42833105
2022-11-10,0.48085397,0.46854258,0.6313418,0.6322876,0.4283136
2023-08-10,0.4799202,0.4676722,0.630283,0.6311328,0.42733908
2021-01-07,0.48101875,0.46880588,0.63151544,0.6325386,0.42850682
2024-08-25,0.48019987,0.4680282,0.63056564,0.6316389,0.42767072
2019-11-15,0.48097324,0.46870944,0.631471,0.6324557,0.42846808
2021-11-16,0.48088896,0.46862093,0.6314195,0.6324268,0.42839473
2021-08-02,0.47966117,0.46858427,0.63102955,0.63130844,0.4276555
2023-03-25,0.48052552,0.4682968,0.6309331,0.6319579,0.42802677
2020-04-26,0.48082393,0.46858716,0.6313345,0.6323009,0.4283523
2020-05-20,0.480844,0.4685501,0.631322,0.63229585,0.42834765
2019-08-20,0.4797557,0.4674613,0.63018554,0.63103956,0.42747304
2019-10-08,0.4804325,0.4680871,0.6306661,0.6318416,0.42783225
2023-10-17,0.47961125,0.46680838,0.62987125,0.63065946,0.4268559
2020-12-13,0.4810983,0.4688346,0.63159096,0.63261247,0.4285829
2023-11-27,0.48093817,0.46865487,0.6314171,0.6324525,0.42850134
2021-04-29,0.4808818,0.46866077,0.63137335,0.6323864,0.42837223
2021-06-09,0.4804625,0.4681917,0.6308097,0.6318268,0.42809635
2021-11-28,0.48094225,0.46866056,0.63145506,0.6324892,0.42841512
2020-06-29,0.4803762,0.46807584,0.63087374,0.6318161,0.42808583
2022-08-16,0.4783546,0.46611524,0.6285534,0.629518,0.42649925
2024-07-11,0.48006022,0.46748117,0.6303042,0.63103837,0.4274503
2022-08-29,0.47390696,0.46180224,0.6246015,0.6251561,0.4247022
2020-10-22,0.48061776,0.468283,0.6311778,0.6321523,0.4282495
2022-03-22,0.4806433,0.4683489,0.6309616,0.63203835,0.42812276
2021-02-17,0.48061302,0.46863145,0.6312117,0.63214314,0.42819783
2022-07-23,0.4800348,0.46783462,0.63051707,0.6312563,0.42756176
2024-03-13,0.48033628,0.46827796,0.6309239,0.631812,0.4278774
2023-03-30,0.48014838,0.46795046,0.6304511,0.6314276,0.42760056
2024-07-02,0.48019692,0.46778286,0.6306581,0.63133895,0.42763436
2021-06-26,0.4806909,0.46822456,0.63107127,0.63202983,0.42807618
2020-10-13,0.48070484,0.46841678,0.6311933,0.6322299,0.42822048
2019-04-14,0.48060077,0.46839553,0.6310416,0.6320234,0.42811164
2024-10-01,0.480341,0.4679883,0.63094944,0.63174367,0.4279261
2019-06-17,0.48010743,0.46770212,0.6305543,0.63130736,0.42766675
2019-09-17,0.47905847,0.46635556,0.6291283,0.6302228,0.4265189
2019-03-27,0.48032147,0.46811345,0.6307057,0.6316809,0.42782414
2024-08-10,0.48057854,0.46835703,0.63104534,0.6320616,0.4281133
2020-09-09,0.47963768,0.46743786,0.6297257,0.6307315,0.42719334
2024-06-21,0.48052734,0.46826783,0.63068384,0.63157135,0.42812634
2020-04-16,0.48078346,0.4685131,0.63126796,0.6322937,0.42823127
2023-03-04,0.48003384,0.4675822,0.6301397,0.63137954,0.4274464
2022-01-25,0.48102725,0.46877596,0.6315027,0.6325383,0.42851245
2023-01-07,0.48090413,0.46864244,0.63145316,0.6325012,0.42837203
2020-11-29,0.48108798,0.46880388,0.6315384,0.6325272,0.42858362
2024-08-13,0.4805695,0.46835798,0.63104445,0.63204944,0.42807996
2021-06-03,0.48022243,0.4680281,0.6306173,0.6315622,0.4279446
2021-01-19,0.4808892,0.46873966,0.63140583,0.6324296,0.42840287
2022-12-27,0.48044482,0.46823364,0.6310385,0.6320694,0.4279522
2020-07-02,0.48033303,0.4678505,0.6307758,0.6316853,0.42794022
2024-11-23,0.48088792,0.4686314,0.6313847,0.6324419,0.42861423
2022-03-18,0.4809514,0.4686777,0.6313451,0.6324291,0.42846203
2022-09-10,0.4793343,0.4667209,0.6296195,0.6303229,0.42686805
2024-06-07,0.48061135,0.46824723,0.63106894,0.63201535,0.42812726
2020-08-17,0.48065472,0.46844476,0.6311378,0.6321023,0.4281684
2022-12-01,0.48066154,0.46837074,0.6311664,0.6322257,0.4281439
2023-10-19,0.47985744,0.46721298,0.63017344,0.6310255,0.42717525
2022-04-19,0.480528,0.46822435,0.63092303,0.63191277,0.42787856
2024-07-26,0.47879854,0.46658912,0.62929296,0.6300965,0.42673874
2024-06-08,0.480629,0.46823165,0.63098705,0.63188314,0.42809206
2020-12-02,0.48108584,0.46882176,0.63157034,0.6325826,0.42859715
2021-06-23,0.48052812,0.46820107,0.63093895,0.63185835,0.42804977
2024-12-04,0.48092735,0.46865702,0.6314173,0.6324948,0.42869875
2022-07-25,0.48032483,0.46813372,0.6308102,0.63163954,0.4278345
2021-11-25,0.48092845,0.46865016,0.6314469,0.632456,0.42842168
2022-12-30,0.48081064,0.46856233,0.63135934,0.6323996,0.4282869
2024-08-09,0.48057646,0.4683767,0.6310137,0.6320362,0.42809436
2024-01-20,0.48099652,0.4687884,0.63148606,0.6325095,0.42849934
2024-11-14,0.4807114,0.4684882,0.63121,0.63225985,0.42851946
2019-11-01,0.4809178,0.4686411,0.6314243,0.6324232,0.4284678
2024-05-27,0.48063543,0.46825686,0.63082314,0.63173705,0.42802095
2023-10-16,0.47957024,0.4667428,0.6298344,0.6305863,0.42675912
2021-11-18,0.48089537,0.468619,0.6314189,0.63243943,0.4283907
2024-10-20,0.4800834,0.46825755,0.6308291,0.631664,0.428339
2024-12-21,0.4808915,0.4686755,0.6314379,0.63250524,0.42873755
2020-05-23,0.48090076,0.46857947,0.63134646,0.63236475,0.42836136
2019-05-22,0.48078302,0.468608,0.6311869,0.632174,0.42822862
2022-07-21,0.4800638,0.4678495,0.6305563,0.631233,0.42756286
2022-03-04,0.4800327,0.46843508,0.630811,0.6316862,0.4278246
2020-02-12,0.48087364,0.4688559,0.63139594,0.63236666,0.42831895
2019-09-03,0.47870597,0.4657245,0.629186,0.62976897,0.4267851
2023-07-28,0.4803102,0.46818838,0.6308633,0.6317309,0.42770723
2024-06-17,0.48045084,0.46818024,0.63090795,0.63191944,0.42803448
2019-12-13,0.48108482,0.46882316,0.631583,0.6326063,0.42855993
2020-02-17,0.48075822,0.4688063,0.6312933,0.63221306,0.42818585
2021-10-29,0.47956482,0.4673453,0.6288398,0.63019425,0.42734548
2020-03-11,0.48049045,0.46853748,0.6311133,0.6320206,0.42810073
2021-05-27,0.4805964,0.46824932,0.6310859,0.6310806,0.42854092
2021-06-01,0.48017532,0.46782163,0.6305919,0.63040113,0.4283138
2024-07-12,0.47992292,0.46730536,0.63016367,0.6308297,0.42734972
2021-06-22,0.47953832,0.46729115,0.6299402,0.6308404,0.42751434
2023-10-23,0.48003963,0.46760237,0.63036513,0.63137203,0.4275026
2019-06-16,0.48022667,0.46780875,0.6306661,0.6314156,0.42773628
2021-01-26,0.48064792,0.46864757,0.6312222,0.6321882,0.4282273
2021-08-20,0.48097014,0.468608,0.63146186,0.63245016,0.42840737
2024-08-21,0.48044053,0.46823448,0.63085824,0.63184994,0.42788342
2024-01-31,0.48082557,0.4686192,0.63126594,0.6322758,0.42832708
2020-04-07,0.4797936,0.46754956,0.6300428,0.63102967,0.42734882
2022-02-26,0.48017728,0.46851346,0.6309571,0.63182294,0.42793614
2021-04-16,0.48079357,0.46853152,0.6312839,0.63227785,0.42826557
2024-06-14,0.48067978,0.4673057,0.63041914,0.63142085,0.42775118
2022-08-22,0.47610056,0.4639488,0.6266973,0.6274365,0.42576265
2022-12-09,0.4806842,0.46837357,0.63116616,0.6322575,0.42810205
2022-02-18,0.4807233,0.46868744,0.63131183,0.63226897,0.42830592
2024-05-05,0.4808553,0.46896166,0.6314165,0.6323049,0.4280035
2021-12-26,0.4810845,0.46883157,0.6315992,0.6326322,0.42860907
2020-11-24,0.48106226,0.4687736,0.63148224,0.6324379,0.42854026
2020-09-12,0.4796684,0.4675208,0.62966985,0.6307189,0.42731148
2021-03-14,0.480604,0.46833313,0.63091147,0.6320586,0.42808735
2022-03-19,0.48091465,0.4686149,0.6313221,0.63235354,0.42841607
2022-12-02,0.48070005,0.46841133,0.6312131,0.63225853,0.4281536
2019-11-27,0.48100722,0.4687584,0.6314926,0.6324981,0.42849153
2022-12-31,0.48061466,0.46838915,0.6311918,0.63221747,0.42812064
2019-05-28,0.48031712,0.4681149,0.63061243,0.63150936,0.4278703
2020-11-11,0.48101288,0.46873525,0.6314919,0.6324751,0.4285397
2023-10-12,0.47917494,0.46613735,0.6293504,0.6299721,0.42620042
2024-02-04,0.4805846,0.46839145,0.6309675,0.631914,0.4280569
2020-08-28,0.4800371,0.46788165,0.63043845,0.63141423,0.4276309
2021-07-19,0.4797394,0.46693388,0.6291398,0.63018435,0.42728135
2023-11-10,0.48042148,0.46814933,0.63087875,0.63168275,0.42824244
2021-02-10,0.48020506,0.4685212,0.6309276,0.6317965,0.42789423
2020-01-03,0.4811071,0.46885666,0.6316101,0.63265187,0.4285926
2023-08-20,0.47960576,0.46750695,0.6300243,0.63097537,0.42705682
2019-10-28,0.4807456,0.4684314,0.6311857,0.6322393,0.42839634
2022-05-27,0.47966373,0.46744102,0.629974,0.6308164,0.42724636
2022-11-01,0.48054275,0.46823177,0.6309593,0.6319931,0.4281893
2024-08-27,0.48011717,0.46795166,0.63047266,0.6314989,0.4275989
2019-10-05,0.48031795,0.46799457,0.63051677,0.6317011,0.42772332
2024-05-15,0.47962826,0.46750632,0.6298354,0.6308884,0.42716113
2024-07-01,0.4801525,0.46776533,0.6305321,0.6312807,0.42760932
2023-02-18,0.48056245,0.4681428,0.6310362,0.6321902,0.42798033
2021-11-14,0.48077652,0.4684915,0.63130337,0.63232386,0.42835948
2024-02-26,0.48022577,0.46790102,0.6300273,0.63001984,0.42756099
2024-06-29,0.48003227,0.46775275,0.63023365,0.63110846,0.42757332
2023-05-07,0.48095217,0.46868816,0.6314365,0.6324127,0.4284397
2022-09-11,0.47926325,0.46660933,0.62951136,0.63020253,0.42679986
2021-12-08,0.48098966,0.4687497,0.6315415,0.63253057,0.4285146
2024-06-04,0.48067692,0.4683789,0.63122463,0.63216394,0.4282128
2024-04-11,0.4808327,0.4685581,0.63132405,0.6323213,0.4283096
2020-02-14,0.4808571,0.46886793,0.63139075,0.6323256,0.42828387
2020-03-12,0.48068395,0.46857375,0.6312266,0.63220006,0.428207
2024-03-21,0.48051786,0.4682785,0.63103884,0.6318588,0.4279597
2024-07-19,0.479618,0.46730265,0.63021016,0.630952,0.42728353
2019-04-20,0.48080403,0.46848866,0.63129145,0.6322516,0.42824483
2023-08-09,0.48007038,0.4678745,0.63043463,0.6313558,0.42750973
2021-12-06,0.48099583,0.46873456,0.6315242,0.6325319,0.42850336
2020-05-14,0.4808774,0.46856445,0.63131595,0.63234496,0.4283363
2022-09-22,0.47837785,0.4654168,0.62863946,0.6289318,0.4259908
2019-12-22,0.48108986,0.468841,0.6315867,0.6326134,0.428572
2019-08-19,0.47952506,0.4672274,0.6299444,0.6308016,0.42735714
2024-03-03,0.48034552,0.46816832,0.63072354,0.6316306,0.4278966
2021-11-12,0.48077443,0.4684808,0.63128746,0.6322935,0.42827147
2021-02-13,0.48018783,0.46850085,0.6309177,0.63183635,0.4278999
2024-12-11,0.48099288,0.46873724,0.63149446,0.6325482,0.42865616
2019-04-28,0.48080602,0.46855178,0.63125294,0.63222516,0.42831537
2019-04-06,0.48033956,0.46815693,0.6307663,0.6316979,0.42785206
2020-09-10,0.47977695,0.46759805,0.62982345,0.6308366,0.42730904
2022-03-07,0.48002204,0.46841487,0.63079786,0.6316648,0.4278174
2021-06-16,0.47841305,0.46622866,0.62855613,0.62954074,0.42629755
2022-11-21,0.48078457,0.46847668,0.63124305,0.6322676,0.4282562
2022-11-24,0.48073387,0.46844962,0.63122314,0.6322178,0.42820454
2021-05-01,0.4808534,0.4686284,0.6313401,0.63236064,0.42833933
2021-11-21,0.48088965,0.46858978,0.6313993,0.6324123,0.42836988
2021-10-31,0.47918344,0.4669815,0.6280973,0.6295397,0.4269973
2019-09-08,0.48010975,0.4677496,0.63033956,0.63140494,0.42743734
2020-02-07,0.48092905,0.46886647,0.63143426,0.6324175,0.42836013
2023-11-06,0.48037082,0.4680778,0.63082874,0.63177174,0.42808884
2022-11-07,0.48084113,0.4685376,0.63133425,0.63229877,0.42832685
2022-05-21,0.48050135,0.46822864,0.63075095,0.6317177,0.42797187
2022-06-22,0.480597,0.46844554,0.63108987,0.6320562,0.4281555
2019-11-20,0.4810211,0.46877968,0.63151425,0.6325115,0.42851326
2021-03-21,0.48000854,0.4677471,0.6301712,0.6312802,0.42749283
2020-08-10,0.48080474,0.46855423,0.63127506,0.63228273,0.42825717
2024-01-18,0.48102653,0.46879184,0.63149756,0.63252723,0.4285117
2024-02-14,0.480264,0.468131,0.63051826,0.63127774,0.42774054
2024-03-18,0.480432,0.4682569,0.63098097,0.6318191,0.4279379
2021-10-25,0.4796119,0.46737707,0.62898314,0.6301869,0.427327
2021-04-01,0.47887114,0.4667633,0.6291848,0.6299136,0.4264345
2021-03-24,0.47849277,0.46621954,0.6282444,0.6293147,0.4258568
2020-08-14,0.48065564,0.46844637,0.6311058,0.6320702,0.42812812
2019-04-11,0.48043507,0.46824744,0.63085407,0.63179535,0.4279627
2020-10-25,0.48073873,0.46842635,0.63124686,0.6322167,0.42829815
2024-10-22,0.48000914,0.4684224,0.6309425,0.63166755,0.42836574
2022-06-21,0.48037985,0.4682372,0.630889,0.6318084,0.4279803
2020-10-17,0.48064253,0.46829993,0.631214,0.6322357,0.42821953
2021-04-18,0.48083714,0.46857733,0.6313375,0.63231146,0.42830262
2022-09-18,0.47867757,0.4658763,0.62896115,0.62943006,0.426303
2020-12-19,0.48108113,0.46881935,0.6315558,0.6325868,0.42855757
2022-03-03,0.4805987,0.46855628,0.6311906,0.63208836,0.42820325
2023-10-31,0.48022985,0.46789965,0.63068855,0.6317167,0.42786556
2021-02-23,0.48099297,0.46868786,0.63144416,0.63246423,0.42846975
2019-10-16,0.48052976,0.4681657,0.63082564,0.6319592,0.4280433
2022-09-12,0.4790262,0.4662929,0.6292526,0.6299181,0.42657623
2020-10-24,0.48063263,0.46834573,0.6311889,0.6321299,0.42826244
2019-09-13,0.47964126,0.46711338,0.62989223,0.63076174,0.42721042
2024-06-12,0.48058736,0.46774396,0.6308648,0.63177,0.4279275
2022-06-27,0.48052183,0.4680231,0.6309036,0.6317425,0.4279118
2024-03-15,0.48025244,0.46812066,0.63083434,0.63165045,0.4277607
2023-01-02,0.48044223,0.46821442,0.631041,0.6320483,0.42796436
2023-08-28,0.47911227,0.4669424,0.62934303,0.6304523,0.42666772
2024-11-07,0.4803625,0.46816036,0.6309089,0.631973,0.4285657
2019-06-14,0.48016614,0.4676164,0.63054657,0.6312771,0.4276571
2020-11-25,0.4810681,0.46878895,0.63150835,0.63243616,0.42856622
2019-04-10,0.4801933,0.4680267,0.63062006,0.63150454,0.4277648
2023-02-28,0.4805486,0.46821326,0.6309635,0.63209105,0.42802283
2023-11-08,0.4804036,0.468122,0.6308349,0.6316671,0.42813814
2019-11-30,0.48104495,0.46877214,0.6315133,0.6325101,0.42849806
2020-03-24,0.48100263,0.46874982,0.63145244,0.6325402,0.42849776
2021-03-13,0.4807453,0.46846297,0.6310953,0.63223237,0.42822215
2024-01-15,0.48103258,0.46880844,0.63152707,0.6325542,0.42853305
2023-05-22,0.4809494,0.46875045,0.6314938,0.632347,0.42856684
2021-01-17,0.4809106,0.4687604,0.63143003,0.63245493,0.4284269
2021-05-28,0.48025003,0.4677956,0.6306819,0.6297488,0.42862773
2022-05-04,0.48069608,0.46840996,0.63112336,0.6321436,0.42817274
2020-05-16,0.48086432,0.46855333,0.6313578,0.6323309,0.42835099
2023-10-06,0.47870544,0.46588874,0.62876755,0.62952024,0.4258577
2024-09-09,0.4800483,0.46778518,0.6303635,0.63132936,0.4275548
2024-04-16,0.4809866,0.46871996,0.631469,0.63252425,0.42845976
2024-06-10,0.48058373,0.4680093,0.63091636,0.6318346,0.4279963
2021-09-27,0.47993165,0.46756604,0.6302645,0.6311492,0.4274383
2019-05-13,0.48080164,0.46855,0.6312187,0.63220245,0.4282742
2021-12-03,0.48096365,0.46870038,0.63148296,0.6325315,0.42851517
2023-07-15,0.48042926,0.46826145,0.63093936,0.6318402,0.4279806
2021-07-11,0.48067316,0.46812412,0.63092124,0.631937,0.42806578
2020-08-26,0.48058626,0.46836615,0.63105285,0.63202953,0.4281252
2024-12-01,0.48089007,0.4686411,0.63140535,0.63247603,0.4286861
2023-01-24,0.48052827,0.4682669,0.6312388,0.6323019,0.42800418
2021-12-04,0.48098603,0.46872133,0.6315102,0.63252777,0.4285221
2021-02-06,0.48021156,0.46851754,0.63088673,0.6318437,0.42788008
2019-04-24,0.480991,0.468727,0.6314675,0.63246447,0.42848557
2021-05-15,0.4809553,0.46874276,0.6314913,0.6324552,0.42843193
2019-09-18,0.47907877,0.46636423,0.62922204,0.6302597,0.42655298
2019-12-03,0.4810734,0.4688188,0.63154674,0.6325788,0.42854872
2023-07-26,0.48061633,0.46841723,0.6311162,0.6320789,0.42807564
2019-05-27,0.48040795,0.46817783,0.63070375,0.6316678,0.4279179
2020-10-05,0.480692,0.46839544,0.6311874,0.6321761,0.4281968
2024-05-23,0.4801933,0.46783963,0.63024133,0.63110393,0.4275757
2019-12-10,0.48107773,0.46881106,0.6315546,0.6325879,0.42854378
2022-12-05,0.48068672,0.46838966,0.6312149,0.63225996,0.42813227
2022-06-28,0.480502,0.46806857,0.63088095,0.63172805,0.42792052
2020-07-25,0.48056465,0.46835232,0.6309982,0.6319811,0.42809287
2023-05-19,0.48087728,0.46869975,0.6314606,0.6323044,0.42849085
2024-01-05,0.4810747,0.46882433,0.6315632,0.6325913,0.42856285
2023-12-25,0.48108345,0.46880838,0.63154906,0.63260126,0.4285476
2023-03-08,0.48067194,0.46829692,0.63103265,0.6321695,0.4281094
2024-08-02,0.48054093,0.46835977,0.63109154,0.6321429,0.42813438
2019-10-31,0.48092607,0.46866152,0.63142204,0.63245386,0.42847997
2022-12-26,0.48045337,0.4682339,0.6310442,0.63204765,0.42794523
2021-07-18,0.47998327,0.4672454,0.62943316,0.63059604,0.42747623
2020-11-18,0.48099187,0.46870604,0.6314084,0.6323455,0.42849526
2022-11-11,0.48087928,0.46853706,0.63132,0.6323042,0.42832902
2020-03-21,0.4808706,0.46857524,0.6312869,0.6323205,0.42834222
2024-11-12,0.48058295,0.46837974,0.6310974,0.6321601,0.4285551
2022-04-09,0.48089185,0.46866423,0.63132656,0.6324536,0.42842042
2023-01-08,0.4805243,0.46829543,0.63116944,0.63219994,0.42799893
2019-06-25,0.47902843,0.46651912,0.62948734,0.63019127,0.4270733
2022-04-01,0.48071513,0.46850452,0.6311248,0.6322229,0.42830566
2023-06-10,0.48042122,0.468262,0.6309876,0.631902,0.4280348
2021-07-02,0.47983554,0.4675146,0.63038087,0.631259,0.42778146
2019-12-23,0.48110035,0.46884525,0.631604,0.6326351,0.4285834
2021-10-04,0.47983104,0.46751606,0.62998265,0.6309832,0.42740873
2022-03-24,0.48067966,0.46836165,0.63104093,0.6320665,0.42818165
2023-07-11,0.480179,0.46801504,0.63067466,0.63142514,0.42765987
2019-04-27,0.48085392,0.4685968,0.6313044,0.6322835,0.42836374
2021-01-13,0.48095945,0.4687631,0.63145155,0.63248116,0.42845687
2019-12-20,0.48108262,0.46883282,0.6315842,0.6326158,0.42856377
2023-08-29,0.47915086,0.46696553,0.62943137,0.63045394,0.42672604
2023-01-22,0.48049623,0.46825132,0.6312482,0.6322815,0.42797711
2020-09-16,0.4799512,0.4677452,0.6302063,0.6311413,0.4276208
2019-04-30,0.48081428,0.4685408,0.63123053,0.6322087,0.42831847
2023-08-13,0.47895104,0.46669888,0.62900996,0.62982774,0.42633906
2022-03-01,0.48014614,0.46846113,0.63089603,0.6317458,0.42788777
2021-12-18,0.48108417,0.46884048,0.6315977,0.63261694,0.42857468
2021-04-30,0.48086157,0.46863157,0.631366,0.6323555,0.4283596
2024-10-27,0.48004764,0.46792325,0.6306252,0.6316718,0.42837864
2023-12-23,0.48108688,0.46881992,0.63156855,0.632605,0.42855844
2022-02-21,0.48054275,0.46863407,0.6312045,0.63212985,0.42818838
2024-05-01,0.48080164,0.4686542,0.63132185,0.6322894,0.42819995
2019-10-04,0.48028216,0.46792272,0.63045347,0.63163936,0.4276597
2022-02-22,0.48047528,0.46861103,0.6311604,0.6320734,0.4281445
2019-12-16,0.4810845,0.4688205,0.6315773,0.63260585,0.42855105
2022-05-20,0.48057327,0.4683329,0.6308851,0.6319167,0.42804217
2021-06-07,0.48045474,0.46819267,0.6308613,0.63183033,0.42805564
2023-11-02,0.48034695,0.468032,0.63081044,0.63185394,0.42800322
2024-03-20,0.48051447,0.4683076,0.6310478,0.6319121,0.42800942
2021-11-09,0.48058635,0.46829063,0.63088614,0.6320409,0.4281702
2022-07-02,0.48004803,0.46733576,0.6303491,0.63100845,0.4273476
2021-10-19,0.47985938,0.4675305,0.62952197,0.6305799,0.4276389
2023-02-12,0.480479,0.46818337,0.6312822,0.6324486,0.42795536
2023-05-31,0.48106217,0.46880096,0.63154083,0.63252765,0.42855248
2019-08-27,0.4782815,0.46561432,0.62875503,0.62949055,0.42664245
2019-05-20,0.48077747,0.46856648,0.63117516,0.63217986,0.4282609
2020-03-10,0.4805061,0.46857244,0.6311352,0.63205695,0.42810476
2022-08-08,0.48033473,0.4680979,0.6306839,0.6316277,0.42787096
2022-05-12,0.48068687,0.46841803,0.6311964,0.632184,0.4281882
2019-11-28,0.48101935,0.4687406,0.6314954,0.6324854,0.42848295
2022-09-24,0.47784832,0.46472222,0.62815523,0.6282852,0.425706
2022-03-09,0.48032036,0.46847787,0.63097024,0.631879,0.42801982
2022-07-27,0.48043212,0.46821493,0.63088435,0.6317625,0.42794824
2023-02-15,0.48050117,0.4681843,0.63127714,0.63245076,0.42794487
2022-12-15,0.48064935,0.46837115,0.63120586,0.6322529,0.42813194
2021-03-25,0.47805488,0.46578485,0.62767476,0.62871546,0.42542037
2021-08-22,0.48090154,0.4684673,0.63139,0.6323531,0.42828512
2021-12-14,0.48102733,0.46880126,0.63154817,0.6325908,0.42855713
2021-12-24,0.48110002,0.46885115,0.63160366,0.63264644,0.42859867
2021-10-18,0.47967097,0.46730995,0.6292197,0.6301472,0.42756623
2023-02-11,0.48043904,0.46815798,0.6312966,0.6324486,0.42793366
2021-05-18,0.4809391,0.46870944,0.63144,0.63241726,0.4284349
2024-10-19,0.48008162,0.46822298,0.6308015,0.6316458,0.42830348
2023-03-26,0.48006654,0.46788698,0.6303765,0.6313526,0.42754167
2021-03-10,0.48080343,0.4684997,0.63118225,0.63232523,0.4283019
2023-02-05,0.4809324,0.46866098,0.63151777,0.63259125,0.42841324
2021-05-20,0.4809385,0.4687058,0.63143826,0.6323876,0.4284378
2021-11-24,0.4809428,0.4686571,0.63145083,0.6324766,0.42842793
2022-12-07,0.48067218,0.4683631,0.6312068,0.6322757,0.42810327
2021-05-06,0.48086774,0.46865815,0.6313687,0.6323768,0.4283522
2021-07-27,0.48016888,0.4679789,0.6309932,0.6317636,0.42774743
2022-04-10,0.48067576,0.46844706,0.6311124,0.6321713,0.42816913
2023-06-11,0.48067546,0.46845448,0.63119006,0.632138,0.42821684
2020-08-08,0.4807234,0.468512,0.63120264,0.63220185,0.42823067
2021-03-22,0.4795437,0.4672806,0.629558,0.63066846,0.42699882
2023-12-28,0.48108152,0.46881163,0.6315493,0.6325809,0.4285592
2024-01-16,0.48103464,0.46880642,0.6315185,0.63254094,0.42852968
2021-04-08,0.48043558,0.46816498,0.63082224,0.63183236,0.42790297
2019-09-22,0.47933775,0.466532,0.62945205,0.63052595,0.42680317
2023-08-07,0.48018736,0.46801165,0.63062567,0.63151383,0.42760798
2022-01-07,0.48111978,0.46886468,0.6316204,0.6326598,0.42861038
2019-10-18,0.48059946,0.4682638,0.63093406,0.6320552,0.4281582
2024-04-04,0.48081115,0.4685323,0.6312923,0.6322719,0.42827404
2021-09-28,0.48019874,0.46789664,0.63056624,0.6315026,0.42765716
2019-12-07,0.48106498,0.46879655,0.6315196,0.63253844,0.42852217
2023-06-24,0.48031488,0.46817115,0.63078654,0.6316361,0.42792523
2023-05-04,0.4809959,0.46870026,0.63147664,0.6324828,0.4284462
2019-09-14,0.4796106,0.46704322,0.62986827,0.63072723,0.4271423
2020-04-04,0.4805912,0.4683604,0.6309629,0.6320322,0.42812493
2019-09-21,0.4794207,0.46662235,0.6294621,0.63049793,0.42680857
2024-08-30,0.47964922,0.46746713,0.6299842,0.6309087,0.42717248
2020-08-19,0.48060256,0.46841207,0.63110906,0.63203436,0.4281335
2022-05-22,0.48030645,0.4680548,0.6305364,0.63146013,0.42783147
2019-05-09,0.4808914,0.46862057,0.63131976,0.63230824,0.428374
2023-03-14,0.4801435,0.46789247,0.6303872,0.63142496,0.4275916
2019-05-25,0.48066533,0.46842837,0.6310347,0.6320047,0.42815307
2021-06-11,0.48013273,0.46787345,0.6303998,0.6314345,0.42780337
2019-09-19,0.47918862,0.46648014,0.62939066,0.6303897,0.42666283
2024-07-03,0.480226,0.4678476,0.6307239,0.63144034,0.42770743
2022-08-30,0.4753219,0.46305802,0.6258924,0.6265069,0.42522684
2021-09-09,0.48018098,0.4680381,0.6305434,0.63185084,0.42781496
2019-05-06,0.48091853,0.46865618,0.63135093,0.632346,0.42839378
2019-04-23,0.48090556,0.4686351,0.63134223,0.6323665,0.4283927
2021-04-19,0.4808314,0.4685703,0.6313447,0.6323086,0.42830995
2020-09-21,0.48017526,0.46797013,0.6305862,0.6315554,0.42765728
2021-01-30,0.48039925,0.46855,0.63103235,0.63195544,0.42802384
2023-02-14,0.48049602,0.46817708,0.63126326,0.63242453,0.4279544
2022-07-14,0.47982085,0.46765655,0.6302974,0.63087445,0.4273659
2024-02-27,0.4803244,0.4681623,0.63067174,0.6313383,0.4278636
2023-02-27,0.4805614,0.46821964,0.630979,0.6320989,0.42804018
2020-03-23,0.4809932,0.46874326,0.63144404,0.63251746,0.42848244
2024-08-19,0.48040065,0.46817094,0.63083977,0.6318383,0.4278529
2023-03-11,0.48032594,0.46803135,0.630637,0.63170457,0.42779124
2024-11-01,0.48019737,0.4680116,0.6307595,0.63181174,0.4283635
2023-09-23,0.47876105,0.46582302,0.62892586,0.62952,0.42579332
2022-06-15,0.480106,0.4679675,0.6305807,0.6315358,0.42775258
2023-10-29,0.48015085,0.46781093,0.63054454,0.6315587,0.42775127
2021-08-24,0.48088655,0.46841934,0.63129383,0.63225764,0.42830768
2024-03-06,0.48028666,0.46812734,0.6307039,0.6316481,0.427836
2020-01-25,0.48103583,0.46882662,0.6315288,0.6325566,0.42851296
2019-08-15,0.48000616,0.46773764,0.6304729,0.63132983,0.42773095
2020-02-26,0.4803284,0.46857283,0.63101494,0.6319247,0.42800915
2020-07-18,0.4806628,0.46841514,0.6310839,0.63215095,0.42818394
2019-08-22,0.4791707,0.46685472,0.62959415,0.6304013,0.42705053
2021-02-09,0.48018923,0.4684882,0.6309048,0.6317848,0.42787316
2019-10-12,0.48041537,0.46808043,0.6306585,0.6318516,0.4279074
2022-03-06,0.4799524,0.46840453,0.63076174,0.6316272,0.42778748
2021-07-25,0.48009655,0.4676747,0.630607,0.6314028,0.42772916
2023-12-02,0.4810279,0.46873745,0.6314818,0.6325114,0.42851076
2023-07-21,0.48029336,0.4681356,0.63077664,0.63164455,0.42773864
2022-09-13,0.4786023,0.46569857,0.6287875,0.62937874,0.42627206
2021-04-22,0.48094058,0.4686744,0.631433,0.6324561,0.42841327
2023-09-19,0.47842073,0.46563923,0.6284635,0.6291434,0.4255454
2020-05-15,0.48087487,0.46856517,0.63133365,0.63234043,0.42834425
2020-04-30,0.48091218,0.46865103,0.631406,0.6324044,0.42840436
2023-03-27,0.4805432,0.46829063,0.6309199,0.6319762,0.42802566
2019-09-16,0.47916493,0.46652955,0.62925214,0.6303303,0.4266126
2021-03-30,0.47832373,0.46613944,0.6282654,0.6291172,0.4257689
2023-05-06,0.48097843,0.46868318,0.6314616,0.63242626,0.42843947
2019-10-20,0.4807218,0.46835834,0.63108927,0.6321669,0.42824775
2024-08-29,0.4798899,0.4676777,0.6301874,0.6311909,0.4273369
2022-01-21,0.4810933,0.4688414,0.6315859,0.63262516,0.4285826
2021-11-15,0.48085225,0.46857455,0.63139284,0.6324083,0.42838407
2022-11-29,0.48065582,0.46834108,0.63113105,0.63213867,0.42809254
2022-05-11,0.48075193,0.46847197,0.63124996,0.63225496,0.4282481
2024-11-10,0.48043147,0.46823227,0.6309682,0.63205516,0.4286219
2019-04-22,0.48082653,0.46855712,0.6312807,0.6322644,0.42832643
2021-09-22,0.48045138,0.46814135,0.63089544,0.6319094,0.42795545
2024-08-08,0.48059654,0.46844608,0.6310603,0.63207865,0.42816198
2020-09-15,0.47985014,0.46767855,0.62996715,0.6309524,0.42749432
2019-10-03,0.48020083,0.46779653,0.6303517,0.6315624,0.42757162
2024-03-26,0.4807127,0.46850652,0.6312119,0.63217545,0.4281883
2019-07-14,0.4805628,0.4682671,0.6311054,0.6320037,0.42813787
2024-05-25,0.48038238,0.4679768,0.6304424,0.6312622,0.42774186
2019-12-11,0.48107308,0.4688188,0.63156575,0.6325969,0.42855266
2020-07-05,0.4801349,0.46754333,0.6305747,0.6314219,0.42773846
2022-06-10,0.4802784,0.46799332,0.6307188,0.63170266,0.42785826
2021-08-27,0.48076215,0.4684276,0.6310192,0.63220054,0.42819953
2021-12-25,0.48111016,0.46886018,0.63161343,0.6326573,0.42860013
2024-10-17,0.48012435,0.46811983,0.63071984,0.63170034,0.4283809
2021-11-19,0.48089933,0.46861857,0.6314138,0.6324339,0.42837644
2020-03-13,0.48068935,0.46865156,0.6312966,0.63225424,0.42826813
2021-06-18,0.4779021,0.46570748,0.6279553,0.62890357,0.42579103
2022-12-23,0.48049772,0.46825796,0.6310716,0.6321085,0.42800152
2019-07-28,0.48012877,0.4679407,0.63063306,0.63157165,0.42787975
2022-06-12,0.48014402,0.46784893,0.63047343,0.63150436,0.42767242
2024-04-21,0.4807244,0.46846512,0.631154,0.6321707,0.42818913
2021-08-30,0.48070017,0.46828946,0.63078535,0.632041,0.42806202
2023-11-14,0.48064584,0.4684082,0.6311451,0.6320757,0.42829946
2020-10-31,0.48092604,0.46864223,0.63142663,0.6324242,0.42846352
2023-03-12,0.4803487,0.46806538,0.63065886,0.631742,0.42783615
2021-06-04,0.4802318,0.46800417,0.63057846,0.6315656,0.4278875
2023-07-01,0.47824344,0.46616378,0.6285319,0.62931305,0.42606464
2024-02-09,0.4804779,0.46835065,0.6308626,0.63174415,0.42799178
2021-07-28,0.4802854,0.46812865,0.63111645,0.63187367,0.4278686
2022-02-25,0.48024496,0.46853566,0.6309964,0.6318726,0.4279719
2023-11-26,0.4809664,0.46867073,0.6314165,0.6324432,0.42847604
2022-04-25,0.48063597,0.4683036,0.6311608,0.63210636,0.4279826
2020-01-23,0.48103723,0.4688314,0.6315363,0.6325618,0.42852092
2019-10-21,0.48075157,0.46842006,0.6311619,0.6322251,0.4283081
2019-06-15,0.4802847,0.46782947,0.63066,0.63144404,0.42775607
2021-01-11,0.4809739,0.46878114,0.6314742,0.6324952,0.42847088
2024-04-10,0.48086295,0.46859857,0.6313589,0.6323786,0.428334
2024-11-26,0.48072174,0.46846208,0.6312149,0.6323443,0.4287241
2024-11-05,0.48030832,0.46812525,0.63085175,0.63191026,0.42847052
2019-09-01,0.4787803,0.46586213,0.6293418,0.6299067,0.42693084
2022-09-15,0.47838324,0.4655078,0.6286525,0.6291532,0.42614758
2020-12-01,0.48111203,0.46883973,0.63159156,0.6326009,0.42858902
2021-06-19,0.47861218,0.46639922,0.62882465,0.6297393,0.42655575
2022-03-28,0.48029205,0.46803373,0.63059336,0.63163716,0.42783025
2019-03-31,0.47948405,0.46732745,0.62972224,0.6306251,0.42698008
2020-02-04,0.48100212,0.46883962,0.63151443,0.6325181,0.4284715
2022-11-15,0.48088378,0.46856847,0.6313502,0.632343,0.42834988
2022-08-01,0.48077106,0.46853817,0.63120127,0.63220567,0.42826465
2022-05-31,0.4808148,0.468546,0.6312897,0.63208514,0.42831108
2023-07-08,0.47896838,0.4668327,0.6294527,0.63014746,0.42666212
2020-07-07,0.47984928,0.46748486,0.6303613,0.63126445,0.42773032
2023-07-20,0.48061323,0.468404,0.63109976,0.6320322,0.42807433
2022-08-10,0.48013294,0.46790332,0.6304641,0.6314381,0.42769042
2020-11-27,0.48106182,0.46879193,0.6315125,0.6324933,0.42856693
2019-05-26,0.48048243,0.46824723,0.6307942,0.6318096,0.42798185
2020-10-09,0.48060244,0.4683126,0.63104844,0.63208336,0.42811733
2020-02-16,0.48076808,0.4688541,0.6312919,0.63222003,0.428167
2022-05-26,0.47913805,0.46693006,0.62930167,0.63015,0.42680404
2021-02-04,0.48026273,0.4684877,0.63092023,0.63183635,0.42790782
2021-08-13,0.48033208,0.4682142,0.63098174,0.63181394,0.4276997
2020-12-20,0.48108417,0.46881878,0.6315598,0.63259137,0.42856216
2024-09-12,0.48025608,0.467953,0.6306692,0.63159174,0.42772257
2019-05-31,0.4800981,0.4677599,0.6303602,0.6302857,0.42805305
2024-02-13,0.4803536,0.46820632,0.6306332,0.631453,0.42782548
2019-10-19,0.4805994,0.46828476,0.6309877,0.63207287,0.42819005
2024-10-12,0.48030734,0.46814427,0.6307874,0.63177115,0.4282159
2021-10-01,0.48015603,0.46776894,0.63037336,0.6313673,0.4276547
2020-05-02,0.48092383,0.4686631,0.6314253,0.63243836,0.42840812
2020-01-28,0.4810039,0.4688281,0.6314859,0.6325015,0.42845362
2020-06-26,0.48019758,0.46794298,0.6304479,0.631449,0.42789808
2023-11-11,0.48046237,0.46818712,0.630893,0.6317642,0.4282789
2020-11-10,0.4810314,0.46874887,0.63152295,0.6324927,0.42856878
2023-11-16,0.48073807,0.4684917,0.6312404,0.63219273,0.42832932
2023-11-24,0.48087785,0.46860015,0.6313523,0.6324415,0.42851925
2021-03-29,0.4778814,0.46564916,0.6275805,0.6285025,0.42521214
2021-03-09,0.48084685,0.46854708,0.63120925,0.6323974,0.42834705
2024-06-16,0.48043948,0.46809423,0.6307824,0.6318274,0.4279653
2023-05-14,0.48097962,0.468743,0.63156134,0.63234484,0.42853484
2023-10-03,0.4784621,0.46590316,0.6284752,0.62936896,0.42571393
2021-01-18,0.48088142,0.468734,0.63139415,0.63240254,0.42838624
2019-12-30,0.48109555,0.46884853,0.63159955,0.63263726,0.42858437
2021-03-19,0.48006067,0.467772,0.6302067,0.6313596,0.42753664
2023-01-09,0.48046106,0.46824944,0.6311329,0.63216716,0.42793998
2020-09-02,0.48036098,0.46810424,0.6306844,0.6316886,0.42789724
2022-04-22,0.48064387,0.46828038,0.63118106,0.6321168,0.42791465
2024-06-05,0.48063627,0.46833643,0.6310656,0.6321196,0.42815748
2019-11-13,0.48100787,0.46873897,0.6314844,0.6324703,0.4284947
2023-10-21,0.4799922,0.46749812,0.6303601,0.63129216,0.42739585
2022-11-22,0.48076066,0.46849206,0.6312475,0.63229316,0.42824715
2020-09-07,0.4799547,0.4677473,0.6302336,0.63116795,0.427506
2021-10-22,0.4804654,0.46814904,0.6306202,0.6316584,0.42812127
2024-01-11,0.4810607,0.46882528,0.6315485,0.63258135,0.42854828
2023-03-21,0.4801675,0.46805307,0.6306469,0.63153577,0.42777243
2024-05-06,0.48082712,0.4688607,0.6313591,0.63225865,0.4280295
2022-12-08,0.4806861,0.4683836,0.6312213,0.63228136,0.42811406
2022-05-05,0.4806661,0.46838716,0.63113415,0.6321334,0.42815727
2019-11-06,0.48094633,0.46867147,0.6314513,0.6324462,0.4284673
2021-05-22,0.48092934,0.46870384,0.6314717,0.6323682,0.4284664
2021-03-31,0.47841102,0.46628526,0.6285788,0.6292636,0.42590493
2021-01-21,0.48079762,0.46864873,0.63128924,0.6322949,0.42830136
2022-01-27,0.48101482,0.46876615,0.63149023,0.6325215,0.42849907
2023-08-04,0.48023474,0.468051,0.6306648,0.63157916,0.4276957
2022-11-16,0.48084736,0.4685278,0.6313271,0.63231194,0.4283117
2024-06-15,0.48050168,0.467573,0.6305746,0.6316273,0.42777514
2023-02-06,0.48068902,0.46841148,0.63133323,0.6324398,0.42819872
2020-12-16,0.48108676,0.46881127,0.63156044,0.6325846,0.42855957
2023-02-03,0.4804986,0.46823856,0.6312313,0.63229173,0.42802024
2023-08-11,0.4795415,0.46734953,0.62982947,0.63063353,0.42694116
2024-12-25,0.48095486,0.46871683,0.6314589,0.6325267,0.4286774
2023-12-19,0.48108533,0.46879593,0.6315363,0.632585,0.4285516
2021-07-20,0.48013842,0.46762088,0.6299903,0.6309725,0.42771608
2019-11-18,0.4810259,0.4687734,0.63152415,0.6325117,0.42852718
2024-12-20,0.48091632,0.46871996,0.63148415,0.632526,0.4286995
2020-11-06,0.48102662,0.46875292,0.63152665,0.6325536,0.42854986
2021-02-12,0.48012018,0.4684893,0.6308994,0.63177407,0.42785957
2022-01-30,0.481008,0.46876657,0.6314891,0.6325132,0.42849258
2022-06-03,0.48051247,0.4682652,0.63107735,0.6318773,0.4280546
2022-03-15,0.48063058,0.46838632,0.6310364,0.63197637,0.42814556
2020-07-04,0.48017251,0.4675172,0.6305564,0.63143206,0.42772353
2019-04-25,0.48087242,0.4686122,0.6313303,0.6323308,0.42837483
2023-04-14,0.48016667,0.4679011,0.6304617,0.63146144,0.42757335
2020-07-20,0.48050317,0.4682534,0.630903,0.63195485,0.42803398
2023-02-21,0.48025367,0.46777388,0.6304758,0.6316614,0.42764154
2020-04-17,0.48083317,0.46858108,0.6313146,0.63235074,0.42829657
2019-09-30,0.48020625,0.46771026,0.6303421,0.63159376,0.42754194
2021-09-13,0.47990176,0.4677916,0.6302407,0.63182425,0.42767224
2021-03-16,0.4805416,0.4682559,0.6308305,0.631972,0.42800996
2020-01-04,0.48110574,0.46884528,0.63159764,0.6326382,0.428581
2022-04-21,0.4807396,0.4684218,0.6312493,0.6322184,0.42809057
2022-01-04,0.48110276,0.4688456,0.6315969,0.6326381,0.42858785
2021-12-20,0.48109835,0.46884707,0.6315992,0.6326359,0.42860162
2023-10-10,0.47898608,0.46597806,0.6291289,0.6297208,0.42596763
2024-05-03,0.480822,0.46873933,0.6313172,0.6322709,0.42813185
2023-06-14,0.48043507,0.4682912,0.63098776,0.6319078,0.42807266
2019-08-18,0.4796808,0.46738598,0.6301062,0.63099843,0.4274651
2020-05-30,0.48004973,0.46778882,0.63035053,0.6314027,0.42761242
2021-04-12,0.48080105,0.46853906,0.63131744,0.6322968,0.42831826
2020-07-13,0.47940004,0.4671663,0.6296622,0.6306309,0.42712662
2022-04-12,0.48051885,0.46826187,0.6309017,0.6319029,0.42795604
2023-10-09,0.47873056,0.46574387,0.62881553,0.6294302,0.42576882
2022-08-25,0.47329646,0.46126077,0.6240403,0.6245676,0.4245872
2023-03-24,0.48015976,0.46804595,0.63065827,0.6314924,0.42772806
2021-01-06,0.48102316,0.46880725,0.6315204,0.63253576,0.4285102
2024-09-10,0.48016113,0.46786782,0.63049656,0.63148314,0.42769116
2019-10-23,0.4807779,0.46846062,0.63122016,0.63225734,0.42836004
2023-03-19,0.47978675,0.4675677,0.6300391,0.6309818,0.42732367
2024-01-08,0.4810627,0.4688282,0.631564,0.632583,0.42855713
2023-03-17,0.4801824,0.46778512,0.6303364,0.63144636,0.42763335
2020-03-27,0.48077813,0.46852842,0.63117003,0.6322495,0.42827132
2020-08-18,0.4806931,0.4684674,0.6311553,0.6321141,0.42820257
2024-11-15,0.48064297,0.4684172,0.6311516,0.6322152,0.4286053
2024-03-10,0.4803333,0.4682487,0.6308665,0.6317839,0.42788228
2020-08-31,0.48055354,0.468328,0.63096875,0.6319744,0.42806038
2019-11-08,0.48099965,0.46873567,0.6314914,0.63248384,0.42849943
2022-04-13,0.48066026,0.46840233,0.6310628,0.63207036,0.42810607
2022-01-02,0.48107037,0.4688174,0.6315709,0.6326027,0.42855424
2020-02-19,0.48075822,0.4687801,0.6313127,0.63223815,0.42824212
2021-11-22,0.4808894,0.46858534,0.6313994,0.6324147,0.42838505
2021-03-23,0.47933418,0.46705857,0.629316,0.630391,0.42677423
2022-02-13,0.48072848,0.4685825,0.6312011,0.6321995,0.42823553
2019-10-15,0.48051962,0.46817443,0.6308073,0.6319566,0.42802358
2020-08-16,0.4805799,0.46841237,0.6310747,0.6319323,0.42805558
2024-05-12,0.4804134,0.46842325,0.63082725,0.63183236,0.42775345
2019-07-15,0.4806261,0.46833998,0.63118035,0.6321009,0.42819372
2019-07-18,0.48032945,0.46806467,0.63087875,0.6318274,0.42807478
2022-05-23,0.48003787,0.46781,0.63028526,0.63116586,0.42759445
2021-12-01,0.48096308,0.46868005,0.6314847,0.63248956,0.42847124
2021-10-03,0.47984368,0.4674667,0.6299756,0.6309442,0.42736933
2021-10-08,0.47998413,0.467672,0.6301186,0.63098705,0.42765227
2019-11-29,0.48103622,0.46877456,0.6315234,0.63252646,0.42850733
2022-03-10,0.48059672,0.46854624,0.63113916,0.6320732,0.4282056
2021-05-21,0.48093143,0.4687011,0.63145375,0.63237983,0.42844903
2021-11-27,0.48092404,0.46864453,0.6314295,0.6324783,0.42846125
2020-01-26,0.4809734,0.4687777,0.63145083,0.63246244,0.4284349
2019-12-24,0.48109207,0.4688477,0.6316064,0.6326364,0.4285884
2023-03-29,0.48011392,0.46791005,0.63040113,0.6314202,0.42757973
2021-12-31,0.4810841,0.4688294,0.6315814,0.63261557,0.42856616
2023-07-19,0.4809241,0.46868843,0.6314146,0.63243705,0.42840457
2019-04-04,0.4805374,0.46835938,0.6309715,0.6319985,0.4280835
2021-12-21,0.4810876,0.46884194,0.6316004,0.6326381,0.42861056
2024-08-14,0.48052526,0.4683199,0.63099104,0.63200134,0.42805207
2024-07-27,0.47956562,0.4673239,0.63004583,0.6310108,0.42731756
2024-09-20,0.48006138,0.4676848,0.63042015,0.6314135,0.4273875
2021-11-20,0.48091352,0.46861827,0.631412,0.6324721,0.42840418
2023-08-24,0.4792858,0.46715704,0.62961173,0.63065743,0.4268164
2024-03-17,0.48032328,0.4682052,0.6308665,0.63176894,0.42786744
2021-09-07,0.4802311,0.4680585,0.6305087,0.631867,0.4278649
2022-05-13,0.48072648,0.46847212,0.6312414,0.6322372,0.42824367
2019-11-11,0.48098084,0.46872368,0.6314816,0.6324853,0.42849934
2023-06-09,0.48027197,0.4681491,0.63082856,0.63178855,0.4279336
2023-05-10,0.4809909,0.4687564,0.6315184,0.6324153,0.42852944
2020-02-10,0.48092714,0.46884373,0.6314424,0.6324093,0.42836103
2019-09-27,0.48004296,0.4675143,0.630234,0.63142353,0.42742068
2021-10-14,0.47956145,0.4671074,0.62923825,0.6293458,0.4277313
2021-06-02,0.48033056,0.46807903,0.63075036,0.6314091,0.42812562
2023-04-20,0.48081857,0.46851206,0.63121325,0.6322746,0.42822012
2022-01-13,0.48111048,0.4688519,0.6316105,0.63264287,0.42860687
2024-08-04,0.48056862,0.46832502,0.6310692,0.63209885,0.42810798
2022-01-31,0.48102322,0.46878755,0.63151014,0.6325401,0.42850825
2022-05-28,0.48051345,0.46827668,0.63091165,0.63169324,0.42805573
2024-06-26,0.48009524,0.4677909,0.63016045,0.6312327,0.4276449
2021-12-15,0.48104218,0.4688166,0.6315619,0.6325788,0.4285424
2021-02-15,0.48045766,0.46859157,0.6311235,0.63204193,0.42807984
2020-12-14,0.48108202,0.4688192,0.63156575,0.6325912,0.4285706
2021-12-19,0.48109594,0.46884748,0.6315993,0.63262933,0.4285771
2024-11-11,0.48044664,0.46824405,0.63096976,0.6320606,0.42859355
2023-10-30,0.4801882,0.4678363,0.630617,0.63163984,0.4277779
2022-09-28,0.47825217,0.46530882,0.62866753,0.62887335,0.42611668
2023-09-13,0.47815922,0.46579456,0.62775296,0.6282918,0.42550284
2019-05-29,0.4804099,0.46825457,0.6307497,0.6314373,0.42797402
2022-06-20,0.48021936,0.4679947,0.630647,0.63158727,0.42780188
2023-03-02,0.4804975,0.46812567,0.63086516,0.6320154,0.42798373
2023-10-07,0.47873732,0.46590105,0.62885535,0.6295307,0.42585412
2020-03-03,0.47973338,0.46833575,0.6305976,0.631419,0.42758852
2022-01-28,0.48101914,0.46877265,0.6315007,0.632531,0.42849925
2020-06-14,0.48010665,0.46780446,0.63012326,0.6312691,0.42767197
2020-01-24,0.48102993,0.46881226,0.631528,0.6325482,0.42851
2019-07-11,0.48049453,0.46819872,0.63100195,0.63190424,0.4280209
2023-01-29,0.48065838,0.46836686,0.63132584,0.63241214,0.42814282
2020-05-11,0.48087895,0.46858072,0.63137156,0.63235843,0.42836717
2022-04-30,0.4804734,0.4681808,0.6308738,0.63185894,0.42795396
2023-05-08,0.48096463,0.46872976,0.63146555,0.63243777,0.42846844
2022-02-10,0.4808246,0.4686438,0.63131005,0.6323088,0.42831895
2022-08-17,0.47830388,0.46607298,0.628647,0.6295476,0.42656052
2019-11-12,0.48097476,0.46870106,0.63145626,0.6324425,0.42845938
2019-05-10,0.4808612,0.46859318,0.63129497,0.6322622,0.42834136
2023-11-30,0.48100546,0.46872085,0.6314779,0.63250303,0.42851824
2022-03-11,0.48070902,0.4685858,0.6312248,0.63218737,0.42828283
2023-12-07,0.48106253,0.4687494,0.6314854,0.63253963,0.42851552
2021-03-27,0.47834313,0.46603337,0.62803036,0.6290226,0.42563
2021-08-11,0.47997558,0.4680034,0.6306708,0.63117516,0.42734143
2023-12-16,0.48108876,0.46879855,0.63155556,0.6325943,0.42856562
2021-06-29,0.48069543,0.4683698,0.63120747,0.6321948,0.4282258
2022-09-05,0.47934052,0.4667796,0.62966275,0.63036174,0.4269192
2019-06-04,0.48032132,0.46799555,0.6306805,0.6310664,0.42804912
2019-12-29,0.48110288,0.46885127,0.63160306,0.63264537,0.42858958
2021-05-09,0.48083064,0.4686558,0.63134694,0.6322925,0.42829376
2019-08-17,0.47968224,0.4673917,0.6301152,0.6309691,0.42746973
2023-06-18,0.4802342,0.4680714,0.6308532,0.63170284,0.42788061
2021-07-31,0.4801325,0.46825078,0.6311277,0.6316381,0.42784613
2021-12-27,0.48108202,0.46883005,0.6315834,0.6326182,0.42857718
2020-02-03,0.4809896,0.4688257,0.63149595,0.6324946,0.4284626
2023-08-30,0.47905448,0.4668355,0.62930536,0.6303272,0.42663854
2020-08-25,0.4806064,0.46843278,0.6310505,0.63197136,0.42809194
2021-08-21,0.4809577,0.46852046,0.63137275,0.6323587,0.42838082
2023-01-27,0.48051488,0.46824494,0.6312312,0.63228196,0.4280055
2021-11-13,0.48080772,0.4685098,0.63135946,0.6323024,0.42828965
2023-08-25,0.4791037,0.46699375,0.62940377,0.63042456,0.42668056
2022-01-18,0.48110372,0.46883962,0.6315964,0.6326283,0.42859155
2019-06-26,0.4787516,0.46624285,0.62924284,0.6298978,0.42695522
2022-03-25,0.48038062,0.4681358,0.6306937,0.6317437,0.4279286
2022-08-14,0.47780558,0.46562722,0.6280871,0.6290217,0.4263782
2020-11-08,0.48102474,0.46875757,0.6315314,0.63254535,0.4285603
2024-10-13,0.4803112,0.46814805,0.6308143,0.63173443,0.42824388
2024-02-29,0.48032197,0.46809202,0.6306777,0.63146585,0.42789483
2023-07-05,0.47769293,0.46566746,0.6280511,0.62870306,0.4256716
2019-07-04,0.48045397,0.4680911,0.6309239,0.63181347,0.4279336
2019-06-05,0.4803685,0.46801138,0.6307411,0.63143873,0.42793474
2023-04-07,0.48014766,0.4679101,0.6303987,0.6314045,0.427556
2021-02-26,0.48103547,0.46871692,0.6314868,0.63254833,0.42850292
2020-02-24,0.4805171,0.46863794,0.6311566,0.63205886,0.42812607
2024-12-17,0.48093253,0.4687095,0.6314756,0.63252044,0.42869765
2024-06-02,0.48036107,0.46805573,0.6310018,0.6318415,0.4279689
2024-09-16,0.48029473,0.4679599,0.6306799,0.6315443,0.42777368
2019-10-06,0.48037323,0.46804634,0.6305742,0.63176185,0.42774385
2021-03-06,0.48088577,0.46858037,0.6312582,0.63238955,0.42836696
2024-05-21,0.47852874,0.4662781,0.6282329,0.6291304,0.42604634
2020-08-11,0.48069707,0.4684778,0.63115704,0.63217396,0.4281777
2021-10-16,0.47948295,0.46707016,0.6290076,0.6293494,0.42755488
2022-01-06,0.4811163,0.46885943,0.6316132,0.6326586,0.42860347
2020-11-28,0.48109025,0.46879536,0.6315181,0.6324825,0.42854768
2019-05-16,0.48082182,0.46858937,0.6312269,0.6322288,0.4282769
2024-04-13,0.4808562,0.46858245,0.6313627,0.63236225,0.4283298
2020-07-14,0.47989517,0.46771705,0.6302645,0.6312279,0.42752203
2019-12-14,0.4810907,0.46883374,0.631585,0.63261545,0.4285615
2019-09-23,0.47961006,0.4669417,0.62983924,0.6310037,0.42701575
2023-06-26,0.48005688,0.46793637,0.6305813,0.6314031,0.42763484
2020-06-06,0.48075205,0.46849898,0.6312575,0.63222843,0.42828387
2021-06-28,0.48075283,0.46839413,0.6312327,0.63220006,0.42824292
2022-11-04,0.4807599,0.468456,0.63116163,0.632259,0.42827204
2020-02-11,0.48088896,0.46883067,0.63140416,0.6323763,0.42833358
2023-04-15,0.4801086,0.46787825,0.63036543,0.63142115,0.42747152
2021-12-23,0.48110023,0.4688533,0.63161075,0.6326426,0.42859444
2022-08-11,0.47992152,0.46770436,0.6302081,0.6312217,0.42749065
2019-11-17,0.48100334,0.4687385,0.63149774,0.6324728,0.42848593
2019-08-29,0.47851607,0.4658676,0.6289955,0.6296519,0.42663524
2022-07-13,0.47985905,0.46769577,0.63026464,0.63088757,0.4274015
2022-07-11,0.4798698,0.46766514,0.6303136,0.630885,0.4273355
2021-06-24,0.48060992,0.4682189,0.63094944,0.6319123,0.4280291
2023-08-01,0.4803898,0.4682462,0.63088715,0.63180053,0.42786407
2024-10-26,0.48006392,0.46799353,0.63073283,0.63170904,0.4284193
2023-01-03,0.48039216,0.4681724,0.6310074,0.63201904,0.427927
2024-05-31,0.4806509,0.46834418,0.63119197,0.6320872,0.42818516
2020-06-08,0.48089185,0.46863744,0.63134414,0.63237333,0.42840344
2022-06-23,0.4805868,0.46830517,0.63103753,0.63193095,0.42803615
2022-05-09,0.48030216,0.4680331,0.630824,0.6317563,0.42784962
2023-06-16,0.48025355,0.46809548,0.63077503,0.63168263,0.42790595
2024-07-20,0.47965392,0.4673059,0.63028294,0.6310495,0.42737088
2022-04-08,0.4808436,0.46862832,0.6312706,0.63240236,0.42840287
2022-01-29,0.48099828,0.4687474,0.6314784,0.63250065,0.42848656
2021-08-01,0.4801479,0.46867487,0.6313034,0.6318571,0.4279853
2020-08-23,0.4805671,0.46835965,0.63101196,0.6320662,0.42813152
2019-10-02,0.48021275,0.46779582,0.630374,0.6316175,0.42759672
2019-04-05,0.48029348,0.46811783,0.6307106,0.6316432,0.42781857
2022-07-06,0.48001072,0.46756116,0.6304158,0.63107806,0.42740697
2022-08-27,0.4774834,0.46516228,0.6278996,0.6286385,0.42620006
2024-09-26,0.47957692,0.46645254,0.62951005,0.63057816,0.4266644
2020-12-17,0.48107192,0.46880534,0.63154006,0.6325614,0.42855194
2020-12-31,0.4810058,0.46877182,0.6314816,0.63249797,0.42848697
2024-01-29,0.4808606,0.46869868,0.6313406,0.6323575,0.42837548
2020-03-19,0.4809001,0.4685884,0.63135403,0.63233167,0.42836097
2022-03-12,0.48077205,0.46858004,0.6312392,0.632216,0.4283123
2023-04-27,0.4808691,0.46838027,0.6312014,0.63228184,0.4282011
2023-09-06,0.4768299,0.46451718,0.6264602,0.62762123,0.42443806
2023-05-20,0.48084784,0.46867618,0.6314102,0.63224167,0.42847955
2023-09-12,0.47779214,0.46551493,0.6277369,0.62871736,0.42531416
2024-05-19,0.4773318,0.46524236,0.62700623,0.6280557,0.42509323
2019-09-05,0.479045,0.4662469,0.6293996,0.63021696,0.42692715
2024-07-23,0.4783368,0.46609664,0.628829,0.62965727,0.42637673
2023-06-25,0.48014316,0.4680238,0.6306382,0.6314889,0.42775136
2023-07-09,0.47941676,0.46732166,0.62993556,0.63062143,0.42700505
2023-06-13,0.48023,0.46810785,0.630693,0.631628,0.42788315
2022-11-06,0.48082954,0.46852958,0.6312782,0.6322832,0.42831948
2024-07-31,0.48054028,0.46833712,0.63108295,0.6320925,0.42813528
2021-06-15,0.47891057,0.46672723,0.6290925,0.6300896,0.4266685
2024-07-07,0.47993055,0.4671073,0.63021046,0.63085073,0.4272229
2021-08-16,0.48066765,0.46851566,0.6312292,0.6322899,0.4281183
2024-05-13,0.47963768,0.467496,0.62984264,0.63088554,0.42717117
2023-07-17,0.48058173,0.46842566,0.6311224,0.63207835,0.428104
2019-07-05,0.48043728,0.46812567,0.63092136,0.6318444,0.42794746
2024-09-28,0.4801481,0.4674038,0.6303863,0.6313422,0.42744517
2024-04-05,0.48071426,0.4684339,0.63119566,0.63215184,0.42818516
2022-05-25,0.47921976,0.4670218,0.6293922,0.63026446,0.42690116
2019-07-17,0.48044977,0.46814528,0.6309743,0.63190514,0.4280946
2024-12-02,0.48089966,0.46864796,0.6313957,0.6324702,0.4286846
2020-05-26,0.48089945,0.46856168,0.63131833,0.632359,0.42834648
2020-11-20,0.48101947,0.46875203,0.6314531,0.6323881,0.4285327
2019-12-04,0.48106933,0.46881226,0.63153887,0.63256246,0.42853528
2021-06-08,0.4806378,0.46836174,0.63102716,0.6320382,0.42822012
2021-07-24,0.4797281,0.46724945,0.6299258,0.6306361,0.42742553
2022-06-08,0.4804457,0.46819252,0.63088554,0.63187456,0.4280054
2023-11-12,0.48045677,0.46817812,0.63090914,0.6317324,0.428332
2024-11-28,0.48079008,0.4685093,0.63127714,0.63239133,0.4287336
2022-02-02,0.48102227,0.4687843,0.63152057,0.6325389,0.42852342
2023-08-27,0.47920182,0.46707514,0.6295,0.6305139,0.42676452
2024-10-11,0.4803837,0.46818724,0.6308578,0.63184255,0.42823717
2024-12-19,0.48088193,0.46866795,0.6314315,0.63247544,0.4287129
2024-07-29,0.4802862,0.468036,0.6307664,0.63180476,0.42789084
2020-10-20,0.48061556,0.46825963,0.6311821,0.63217443,0.42821017
2024-03-07,0.4801514,0.4680821,0.6306655,0.6315027,0.42772087
2020-11-02,0.48094577,0.46864527,0.6314167,0.6323956,0.42847902
2021-10-27,0.47956178,0.46734807,0.62887925,0.63018924,0.42735633
2022-07-08,0.47985658,0.46750394,0.63029253,0.63087493,0.42729118
2020-06-17,0.48048472,0.46811607,0.6304239,0.6313583,0.4279868
2020-03-17,0.4809209,0.46863872,0.63139313,0.63238126,0.4283954
2019-05-21,0.48077708,0.46858224,0.63118905,0.6321746,0.42823783
2023-11-17,0.48075047,0.46848217,0.63122964,0.63229626,0.42841482
2019-12-18,0.4810764,0.46881667,0.6315725,0.632601,0.42855337
2023-02-07,0.480492,0.4682469,0.63125134,0.6323427,0.4280344
2024-11-06,0.48029914,0.46810636,0.6308331,0.63191783,0.42854872
2021-11-05,0.4797041,0.4674532,0.62901527,0.63051265,0.42740536
2023-09-24,0.47880593,0.4657488,0.62897444,0.62952054,0.425783
2021-04-09,0.48033148,0.46804565,0.6306645,0.63165367,0.42771667
2023-01-20,0.48045352,0.4682116,0.6311894,0.6322386,0.4279762
2021-01-14,0.4809352,0.46876648,0.63145113,0.63246936,0.428438
2021-03-15,0.48062193,0.46833977,0.63094145,0.63207865,0.428105
2024-12-24,0.48095432,0.46870723,0.6314475,0.63252836,0.4286844
2022-07-26,0.48034716,0.4681125,0.6308166,0.6316504,0.42788878
2021-09-20,0.48042387,0.46816194,0.6307989,0.6319366,0.4279415
2021-02-25,0.48102772,0.46871838,0.63148886,0.6325393,0.4284934
2023-03-10,0.48051953,0.4681842,0.6308572,0.63194805,0.42796654
2020-09-14,0.47977024,0.4675696,0.6297681,0.6307594,0.42741415
2024-08-28,0.48004156,0.46784893,0.63037115,0.631409,0.42753193
2024-02-12,0.48050636,0.46846303,0.6309814,0.6318865,0.42806965
2022-05-16,0.4809268,0.46869928,0.63142353,0.63244236,0.4284454
2020-12-22,0.48104605,0.46878964,0.63151467,0.63253134,0.42852455
2021-08-14,0.48044863,0.46826574,0.6310479,0.6319257,0.4278262
2021-08-09,0.47970933,0.46829692,0.63076603,0.6308899,0.42730922
2021-11-23,0.4808946,0.46860313,0.6314064,0.6324641,0.42837933
2021-05-24,0.48083055,0.46859574,0.63135594,0.6320802,0.42842773
2019-11-09,0.48096734,0.46871027,0.6314833,0.63247365,0.42848125
2020-08-05,0.4807483,0.46853292,0.63123435,0.6322674,0.42823732
2022-04-24,0.4807251,0.46837544,0.6312899,0.6322131,0.42801863
2022-11-19,0.48084375,0.4685321,0.6313134,0.63232774,0.42831594
2021-07-29,0.48015273,0.46803415,0.6308741,0.631629,0.42773098
2022-06-13,0.48020265,0.4679432,0.6305497,0.6315977,0.42771864
2020-10-03,0.48065796,0.46839553,0.6311819,0.6321689,0.42816716
2021-05-02,0.48090154,0.46867344,0.6314024,0.6324117,0.42839813
2021-04-17,0.48085555,0.46857157,0.6313648,0.6323509,0.4283355
2021-09-01,0.48076755,0.46825665,0.6307285,0.63211924,0.4281169
2022-07-22,0.48004118,0.46781605,0.63055485,0.6312576,0.42754808
2021-06-20,0.4754696,0.46343237,0.62594795,0.6267169,0.42526826
2023-06-03,0.47970384,0.4675531,0.63017565,0.63081706,0.42749718
2020-08-27,0.4804248,0.46821034,0.6308261,0.6318373,0.42799452
2024-07-21,0.4796006,0.467215,0.6302067,0.63097155,0.42730764
2023-11-07,0.480445,0.46817964,0.63089657,0.6318622,0.42816788
2019-05-15,0.4808338,0.46859553,0.63124704,0.6322498,0.42829743
2021-04-23,0.4808268,0.4685589,0.6313464,0.63228565,0.4283179
2021-03-28,0.47967258,0.467396,0.6297927,0.6308203,0.42710358
2020-12-10,0.48108798,0.46883354,0.63158995,0.6326021,0.42858157
2024-08-06,0.48062375,0.46844596,0.63111377,0.6321303,0.4281939
2022-03-23,0.4806279,0.46831483,0.63097024,0.63201606,0.42812285
2023-11-13,0.48053676,0.4682958,0.63103646,0.6318936,0.42829826
2019-12-12,0.48108104,0.46882275,0.63157594,0.63260967,0.42855844
2024-08-11,0.4805673,0.4683608,0.6310361,0.6320197,0.42806882
2021-10-06,0.47972712,0.4674014,0.62989855,0.6307947,0.427383
2024-12-26,0.48096094,0.46870068,0.6314368,0.63252157,0.4286858
2024-10-23,0.48013338,0.46842578,0.63102305,0.63176066,0.42837566
2021-11-10,0.48071447,0.46844706,0.63119555,0.63220537,0.42827833
2023-11-04,0.48039573,0.4680875,0.63084173,0.63182354,0.4281045
2021-03-02,0.48076847,0.4684582,0.6311486,0.63226825,0.4282615
2020-10-27,0.48081455,0.46853608,0.6313185,0.6322994,0.42836812
2022-09-26,0.4778236,0.46476486,0.6281941,0.6283682,0.42572215
2022-05-06,0.48064518,0.46837237,0.6311344,0.63213754,0.42816138
2024-11-20,0.4807584,0.46851462,0.63126576,0.632333,0.4286307
2022-07-24,0.48022342,0.4680052,0.6307003,0.63151425,0.4277538
2019-06-28,0.47970155,0.46728006,0.6302958,0.6309843,0.4274586
2024-06-11,0.48064154,0.4680281,0.6309851,0.631918,0.4280447
2020-04-22,0.48077112,0.46853012,0.63125134,0.63226104,0.428277
2023-08-06,0.48017916,0.46801963,0.6306147,0.63154006,0.4276016
2023-10-27,0.48022836,0.46787992,0.6306366,0.6316564,0.4277258
2022-07-18,0.47980025,0.46769285,0.6303602,0.6308519,0.42729375
2019-04-17,0.4804383,0.46819434,0.6308252,0.6317857,0.42791405
2020-09-26,0.48061043,0.4683832,0.63116175,0.6321267,0.42810956
2022-08-18,0.47670564,0.4645566,0.62723637,0.62804145,0.42597008
2021-10-24,0.47991863,0.46764842,0.6295741,0.63072884,0.4276471
2021-08-05,0.47889084,0.46978644,0.6311676,0.6305487,0.42752
2024-05-11,0.4808529,0.46897194,0.6313219,0.6322645,0.4279964
2023-05-23,0.48085886,0.46867493,0.6313456,0.6321283,0.42849714
2019-05-05,0.48095563,0.46868974,0.6313916,0.6324093,0.42843166
2021-09-24,0.4803036,0.46797076,0.63072443,0.6316655,0.4278389
2022-11-09,0.4808331,0.4685433,0.63134205,0.632284,0.42829806
2024-09-07,0.47990024,0.4675913,0.6302054,0.63111275,0.42739633
2024-03-05,0.4803156,0.4681772,0.6307442,0.6316542,0.42788824
2021-12-29,0.481106,0.46885273,0.63161004,0.6326598,0.42859846
2023-11-28,0.48096883,0.46867135,0.63142776,0.6324482,0.4284833
2024-01-07,0.48107728,0.46883222,0.6315652,0.6326001,0.42856798
2021-09-16,0.48039028,0.4681799,0.6307458,0.632115,0.4279659
2024-01-24,0.48092642,0.46875966,0.6314378,0.6324452,0.42844802
2019-07-16,0.48056972,0.4682801,0.63110286,0.6320375,0.4281588
2022-08-15,0.4774976,0.4653404,0.62781817,0.6287418,0.42622727
2020-09-18,0.48021516,0.46799713,0.6306029,0.63162357,0.4277949
2020-10-16,0.48067075,0.46834752,0.631264,0.6322842,0.4282434
2024-09-05,0.47981432,0.46755373,0.63009346,0.63106394,0.4273147
2020-06-19,0.4802199,0.4677812,0.6299398,0.6310198,0.42775005
2024-06-28,0.48007917,0.46784496,0.630306,0.63119924,0.42766526
2024-03-02,0.48023286,0.46805692,0.63060516,0.63148427,0.42781043
2024-10-30,0.48025212,0.46808076,0.63085675,0.6318585,0.42834127
2021-08-07,0.47897637,0.46982747,0.6312578,0.6306385,0.42750224
2022-01-12,0.4811032,0.46884763,0.6316077,0.6326387,0.42859948
2023-08-22,0.4794869,0.46737596,0.6298259,0.6308494,0.42700705
2021-08-06,0.4780917,0.4706063,0.63126796,0.6298827,0.42724514
2020-07-17,0.48070928,0.46844825,0.6311554,0.63217145,0.42824095
2024-10-31,0.48026758,0.46810508,0.6308816,0.63186526,0.42833218
2024-08-17,0.48027045,0.46806726,0.6307093,0.6316391,0.4277539
2023-04-08,0.4799858,0.46774384,0.6302021,0.63119817,0.4273862
2020-11-17,0.48096898,0.4687138,0.63140947,0.63238585,0.42847815
2023-11-23,0.4808009,0.4685273,0.6312941,0.6323697,0.42853066
2020-09-06,0.48036146,0.46806142,0.630704,0.63166106,0.42789257
2021-04-10,0.48034176,0.4680476,0.63067025,0.6316553,0.4277382
2022-02-05,0.4809376,0.46872053,0.63141036,0.63243437,0.42843032
2024-10-18,0.4800449,0.46809098,0.6307204,0.63160986,0.4283414
2024-01-30,0.48086503,0.4686836,0.6313348,0.6323415,0.42837706
2023-01-26,0.48052502,0.4682482,0.6312389,0.6322842,0.42802018
2023-05-26,0.48081884,0.4686632,0.63137513,0.63225913,0.42847174
2024-12-13,0.48098823,0.46873274,0.63148767,0.6325494,0.42864567
2019-09-15,0.47926348,0.46665546,0.6294396,0.6303585,0.42683002
2022-07-12,0.47990516,0.46769577,0.6303388,0.6309225,0.42740515
2022-03-08,0.48015404,0.46845663,0.63086444,0.6317798,0.4278966
2023-03-03,0.48048198,0.46810755,0.6308555,0.632011,0.42794243
2024-02-02,0.48070142,0.46851,0.6311137,0.6320578,0.42818937
2024-03-09,0.48023552,0.46817094,0.6307516,0.6316704,0.4278028
2020-09-22,0.48041627,0.468219,0.6309002,0.6318314,0.42791012
2019-04-29,0.48077112,0.46851787,0.6311906,0.6321759,0.42826757
2019-09-04,0.47842824,0.46543223,0.62887454,0.62950486,0.4265765
2023-01-30,0.48050982,0.46824503,0.63124293,0.63230586,0.42801607
2023-06-28,0.4800725,0.4679505,0.6305934,0.6314518,0.4276432
2023-10-15,0.47948667,0.46661517,0.6297663,0.6304399,0.42662925
2023-05-09,0.48097864,0.46874774,0.6314994,0.63244206,0.42851466
2024-07-09,0.47988564,0.46695867,0.63007814,0.63058,0.42710167
2022-08-20,0.47843283,0.46617374,0.6288421,0.62972486,0.4267395
2023-06-02,0.48014778,0.467955,0.6305476,0.63142854,0.4277811
2023-05-30,0.48094597,0.46870738,0.6314255,0.6323791,0.4284736
2020-02-05,0.4809658,0.46885914,0.6314718,0.6324609,0.42840907
2021-12-17,0.48108074,0.46883678,0.63159853,0.63261855,0.42857498
2024-02-08,0.48054165,0.4684472,0.6309792,0.63188857,0.42807135
2024-01-14,0.481055,0.4688038,0.631524,0.6325556,0.4285419
2024-01-19,0.48100638,0.46879667,0.63149697,0.63252616,0.42850563
2020-06-10,0.48086768,0.46862194,0.6312904,0.63233435,0.42836556
2019-05-23,0.48067966,0.46850634,0.63105005,0.63205093,0.42811978
2021-11-30,0.48094952,0.46867862,0.6314767,0.63249093,0.4284349
2022-02-01,0.48104247,0.46880776,0.6315392,0.63256544,0.42853612
2021-08-19,0.48093596,0.46861905,0.63144433,0.63244826,0.42841232
2022-09-03,0.4793761,0.4668824,0.62970096,0.6304395,0.4269133
2023-01-14,0.48045248,0.4682419,0.63117737,0.6322086,0.42793554
2021-05-12,0.48089653,0.46870875,0.6314425,0.6323896,0.42837584
2021-09-21,0.4804929,0.46820092,0.6308356,0.63199574,0.4279641
2024-04-17,0.48087826,0.4686167,0.6313425,0.632378,0.42836004
2019-09-07,0.479891,0.4674839,0.63014734,0.63118505,0.42733115
2020-08-02,0.48070985,0.46851864,0.63119155,0.632193,0.42822704
2021-07-08,0.48090804,0.46829882,0.631231,0.6322642,0.42824042
2023-04-24,0.48098272,0.46867314,0.63141954,0.63248575,0.42839053
2021-10-17,0.47967696,0.4672917,0.6293577,0.6300421,0.42767805
2022-07-09,0.47982478,0.4675588,0.63022673,0.63080287,0.42726812
2021-07-01,0.48018932,0.46785867,0.6306928,0.63167745,0.42799973
2021-02-08,0.48015743,0.468502,0.63088655,0.6317642,0.42785302
2021-02-28,0.4809305,0.4687075,0.6313938,0.6324969,0.42845267
2020-09-05,0.47960106,0.46736014,0.6298341,0.6307565,0.42724922
2021-05-07,0.4808763,0.46867597,0.63139087,0.6323842,0.4283603
2023-03-28,0.48059186,0.4683103,0.6309548,0.6320234,0.4280657
2020-06-12,0.48028567,0.46783057,0.6301388,0.63142604,0.42779273
2022-08-07,0.48042914,0.46822056,0.63081306,0.63174,0.42796403
2020-10-08,0.48065376,0.46838057,0.6311359,0.63215667,0.4281579
2020-03-20,0.4808462,0.468539,0.63126683,0.6322854,0.42831492
2024-01-03,0.48107132,0.46882266,0.6315606,0.63258314,0.42856124
2024-03-01,0.4802056,0.46794507,0.6305122,0.6313125,0.42771158
2020-11-04,0.48098955,0.46874237,0.63150674,0.6325426,0.42853242
2020-12-09,0.48108855,0.46882358,0.63159156,0.6325974,0.42858744
2022-12-17,0.48062354,0.46834475,0.631153,0.63220257,0.4280837
