date,h0,h1,h2,h3,h4,h5
2022-07-20,1.0732092e-12,1.0,1.21630255e-05,7.426583e-15,1.0582932e-12,3.378341e-14
2024-11-17,0.0668749,0.9999999,0.0040536523,0.9998405,0.0038850892,4.077837e-06
2023-03-01,1.0,1.1385441e-09,4.8998355e-10,0.99997306,0.012120511,8.5190095e-07
2022-12-04,0.9999746,0.99987257,3.562087e-05,1.0,0.9830019,6.1190727e-12
2019-09-18,1.5685754e-09,1.0,1.0061789e-09,3.0112453e-08,3.2274148e-13,7.422023e-15
2024-09-09,7.265902e-15,1.0,0.0009356238,3.5271208e-13,1.31952495e-14,2.747928e-11
2022-02-25,0.9999993,0.00016689592,0.9999968,1.0,0.068180494,0.9790415
2019-10-09,1.5316092e-08,1.0,0.035892934,0.20686308,2.0723022e-05,2.1203621e-15
2021-09-08,3.6125122e-10,1.0,1.0664475e-11,2.332522e-16,5.6312317e-16,4.0809026e-16
2019-06-21,0.9999782,1.0,1.2603159e-13,9.332119e-17,1.9027464e-09,6.460708e-13
2020-10-27,0.0001138741,1.0,1.4268127e-07,5.010371e-10,0.99871373,2.2060953e-10
2024-05-30,1.0,0.44829676,1.382997e-05,1.166422e-10,0.08155004,1.445464e-09
2022-01-07,1.0,3.7001286e-07,0.9999708,0.99999964,0.9999999,0.99445456
2023-12-19,0.99999785,0.0001932025,0.9557613,1.0,0.999997,1.2610012e-05
2021-01-28,1.0,9.76928e-07,0.99983823,1.0,6.7604566e-07,0.000113954055
2021-04-11,1.0,0.99959975,3.3735583e-07,9.2113964e-08,3.5222176e-05,1.0
2020-01-30,1.0,1.6881112e-09,0.999772,0.9999721,0.9959422,0.9999989
2024-06-05,1.0,1.0,1.7290813e-06,4.3775542e-11,0.03227218,5.635449e-14
2021-09-21,2.4650704e-10,1.0,2.2650687e-13,1.0937629e-12,1.555366e-16,1.4585361e-16
2024-10-02,1.338686e-12,1.0,4.3566664e-07,8.494067e-06,1.2437429e-13,6.4488366e-14
2022-09-04,2.3415308e-12,1.0,1.5795441e-11,7.4053e-10,1.2989755e-11,8.184865e-16
2023-01-31,1.0,1.942655e-06,1.05393355e-13,1.0,0.00913278,2.0432098e-10
2019-05-25,1.0,0.9999932,0.0017936766,8.205113e-11,8.065046e-08,0.9960901
2021-07-15,0.9891613,1.0,7.455239e-11,3.971719e-13,2.1409084e-08,4.523402e-18
2022-09-14,8.303905e-15,1.0,3.5856584e-07,7.431328e-12,4.7915117e-13,1.9458676e-20
2021-05-05,1.0,2.7923994e-07,0.07062861,2.1141068e-07,0.9995615,0.99999905
2023-01-08,1.0,0.00044618757,1.6376891e-06,1.0,0.023654997,1.0412869e-10
2019-11-09,0.0070880335,1.0,1.8058167e-06,0.99997294,0.99959713,3.6429162e-07
2019-12-29,1.0,2.4251648e-07,0.99993324,0.9922975,0.99999964,0.99830174
2019-11-04,0.00036346013,1.0,1.8790023e-06,0.038518198,0.9993825,2.0259736e-16
2021-10-26,0.0010930414,1.0,9.0443646e-13,6.688633e-06,0.0007262605,5.5982716e-15
2022-06-20,0.24357744,1.0,1.9640141e-10,7.9066084e-16,4.4544904e-13,8.374718e-15
2023-06-25,5.506622e-07,1.0,4.2791427e-11,3.0677566e-12,8.26211e-13,2.9008423e-10
2022-01-18,1.0,1.2916328e-07,0.99998784,0.9999999,0.9999995,0.99768066
2019-04-25,1.0,2.2595344e-07,6.233414e-07,2.666604e-05,0.99973303,0.9999645
2024-05-01,1.0,4.395566e-08,4.3988574e-10,1.6714762e-06,0.9999994,0.9078763
2020-03-31,1.0,3.1348923e-06,7.245947e-06,0.027322847,0.00014119806,0.99999976
2024-05-14,1.0,0.00160943,2.5552133e-10,7.069024e-08,0.92676,7.522914e-12
2022-11-11,0.9999964,1.0,1.1519364e-09,0.5854681,0.9999994,3.6188027e-17
2021-01-16,1.0,1.112407e-06,0.99999404,0.99999964,0.00014394849,0.023641985
2023-03-15,1.0,4.7474193e-09,5.181692e-12,0.9999993,4.376351e-07,0.12135417
2020-02-09,1.0,2.5206614e-07,0.9946578,0.9997553,0.98075646,0.9999999
2019-08-19,1.9948815e-05,1.0,1.0838452e-11,5.749293e-15,9.3002515e-15,1.3920709e-13
2020-03-10,1.0,0.0019984827,0.02361312,0.017586445,0.00044389497,0.042293563
2019-12-17,1.0,6.21432e-07,0.99839103,0.9999821,0.9999963,0.99997354
2023-10-13,2.7648752e-13,1.0,4.4055748e-10,6.935544e-05,4.4283316e-13,8.541702e-19
2023-11-05,9.697191e-13,1.0,1.4973018e-13,0.5067764,2.2828536e-11,1.9327883e-12
2019-04-16,1.0,1.9125142e-05,0.00026627115,7.816708e-06,0.9999924,0.99999964
2019-10-01,1.3312226e-09,1.0,5.766446e-08,7.809921e-08,2.0566627e-07,2.406454e-16
2019-06-27,0.056667514,1.0,6.628009e-14,2.526593e-16,4.9228635e-09,6.909123e-14
2019-09-01,9.881873e-09,1.0,1.4115313e-11,1.0558255e-12,1.3747228e-16,2.2869654e-13
2020-02-04,1.0,5.566901e-08,0.99992,0.9999831,0.9987562,0.9998987
2019-04-15,0.99998,0.0005656697,4.191178e-05,0.00019029516,8.099442e-06,1.0
2022-03-06,0.9999988,0.0029026372,0.99873966,1.0,4.1486327e-08,1.4308353e-07
2020-12-04,1.0,0.0061256806,0.9999999,0.9999927,0.9999033,0.0017377249
2022-05-27,1.0,0.9922767,1.1494208e-10,6.2902164e-14,0.91914356,4.566798e-11
2024-05-31,1.0,0.99983585,5.3637756e-08,3.761297e-12,0.054641183,2.7173293e-14
2021-09-05,1.3577531e-09,1.0,7.4707466e-13,1.8491404e-12,5.809806e-17,5.527167e-14
2022-04-30,1.0,8.53209e-09,0.00026436787,0.0012137983,0.99946994,0.9999999
2022-03-21,0.99999356,1.0,9.84975e-05,0.008971983,3.5586733e-12,0.99999785
2023-09-06,9.5352356e-14,1.0,1.2953731e-11,2.7950668e-09,2.5646025e-14,8.457557e-13
2020-03-24,1.0,1.5197403e-05,0.8878088,0.89383864,0.0085910065,0.9999783
2023-12-05,0.9999707,0.000102785634,0.99932563,1.0,1.0,0.004651585
2024-04-24,1.0,1.9577445e-07,0.00013943104,0.99004185,0.9999981,0.9999975
2024-10-23,8.365667e-11,1.0,5.6505047e-11,0.00017329311,1.1722418e-12,8.6599396e-13
2019-06-19,0.99802136,1.0,2.9396388e-12,2.1930558e-18,1.4259952e-07,5.9864e-14
2020-07-31,1.1456386e-10,1.0,4.292316e-06,1.7131618e-13,4.2422575e-14,9.9740145e-09
2020-02-12,1.0,4.564445e-08,0.99917394,0.99956506,0.70756495,0.99992967
2024-12-13,0.9999995,0.00030738534,0.99999845,1.0,0.9999999,0.0053761336
2021-05-23,1.0,1.5454267e-06,0.695829,0.0018615713,0.8839388,9.865122e-07
2023-05-24,1.0,5.372099e-07,0.00018611785,1.2514797e-06,0.6480314,0.8493203
2019-04-05,0.9997888,0.999835,3.1545245e-08,3.420014e-07,6.2493427e-10,1.0
2024-09-15,2.375023e-12,1.0,0.33290845,3.0826874e-10,6.162617e-13,7.3621754e-07
2019-04-01,0.97260725,0.9999658,2.2397533e-08,5.1912465e-09,1.3828345e-14,1.0
2021-10-28,5.5209953e-06,1.0,4.8523936e-14,3.0410913e-05,0.000652236,1.5734825e-18
2021-09-10,6.609893e-10,1.0,1.0616736e-12,2.7776706e-14,8.06173e-14,1.8471081e-14
2022-09-27,1.1733346e-10,1.0,9.183174e-05,3.2270728e-07,9.248683e-12,1.4325402e-19
2023-06-14,0.57216394,1.0,2.8227063e-09,2.1233784e-14,2.207772e-09,1.6147571e-05
2024-11-02,1.9860447e-09,1.0,7.179984e-17,2.8302554e-06,3.5854574e-15,4.8772875e-11
2023-12-09,0.9999676,0.0060275975,0.9952924,1.0,1.0,1.5283793e-05
2022-03-29,0.9999485,0.9994634,0.008165612,0.29175916,1.9065536e-09,1.0
2020-10-01,9.793246e-14,1.0,1.0296755e-07,3.009461e-11,5.220005e-11,2.1165602e-11
2024-08-27,4.3125516e-13,1.0,3.5653231e-09,3.014847e-13,3.8118016e-12,1.9279163e-07
2024-08-13,5.585308e-13,1.0,3.8579486e-08,1.00483254e-13,2.0318365e-12,2.8367282e-09
2021-08-16,1.1391534e-11,1.0,1.4878597e-08,1.8710829e-13,2.6498413e-13,2.1707892e-12
2024-01-07,0.9999999,1.2121212e-06,0.999992,1.0,0.99999034,0.9911964
2021-04-20,0.99963033,0.99903166,6.6696834e-06,3.135078e-08,5.114734e-06,1.0
2021-01-30,1.0,0.00031700672,0.99998176,1.0,3.437978e-05,0.0031375235
2020-01-06,1.0,6.8253286e-07,0.99809223,0.9999895,0.9999999,0.99899584
2021-10-25,6.885185e-05,1.0,5.904359e-17,3.6178248e-05,6.510551e-07,5.7014317e-18
2022-09-12,2.572598e-14,1.0,3.6952933e-08,2.605463e-09,1.0773204e-10,2.3285354e-19
2023-10-21,3.769779e-12,1.0,2.5104278e-13,0.0042821225,5.542223e-13,6.1142424e-12
2019-07-02,0.0020270273,1.0,4.5899956e-06,4.525532e-15,0.01087179,3.259116e-06
2019-10-14,2.1578643e-08,1.0,5.9174843e-09,0.0007934365,2.3214989e-06,5.229504e-14
2021-01-26,1.0,1.8180091e-06,0.9999958,0.99999976,0.00033691007,1.24023145e-05
2020-06-30,0.9965604,1.0,2.5785195e-05,6.786036e-12,0.0005970739,1.130704e-16
2024-07-30,2.5506084e-09,1.0,4.0296647e-10,3.15827e-15,2.5405292e-16,1.9981474e-06
2019-12-09,1.0,0.00086487515,0.9697986,0.9999949,0.9998779,0.86333996
2019-05-19,1.0,0.010982705,0.91482645,4.8449266e-08,0.0028107038,0.99996996
2024-04-25,1.0,9.440582e-08,4.3415125e-06,0.9745359,0.9999994,0.99998665
2023-09-27,1.4715353e-16,1.0,1.01343135e-11,9.893585e-09,4.271019e-12,8.6523264e-17
2021-04-04,0.93005574,0.9999999,4.077707e-11,2.9297987e-06,1.6505424e-12,0.99942064
2021-09-12,1.1907089e-08,1.0,5.7383153e-15,1.614427e-13,2.460379e-13,1.0166145e-18
2024-10-19,4.014615e-09,1.0,1.5246058e-11,6.1883043e-10,4.665197e-16,2.4208696e-11
2019-04-28,1.0,7.905952e-07,2.1268796e-05,1.4953556e-06,0.93626434,0.99999857
2023-12-29,1.0,8.683999e-05,0.9991559,1.0,0.9999993,0.05655159
2023-03-17,0.9999794,2.0518039e-05,5.701359e-13,0.9946655,1.6598502e-11,0.9997614
2023-06-27,5.457949e-05,1.0,1.0365036e-10,1.9173349e-15,1.7456266e-15,2.2951116e-12
2021-09-29,1.7034627e-12,1.0,4.2530925e-09,1.2213131e-11,2.696781e-13,4.9414248e-20
2022-11-22,0.99999976,1.0,0.00020336588,0.9999893,0.9999994,7.020941e-17
2022-09-01,1.10523944e-10,1.0,3.7990395e-13,2.4953648e-14,1.5783238e-08,3.621292e-15
2022-06-04,1.0,0.95661,1.5366514e-11,3.6320194e-12,0.37266392,2.9735174e-13
2022-04-10,1.0,1.1756956e-06,3.731056e-07,0.9006522,0.9946849,0.9999975
2022-03-27,0.9999993,0.9997496,0.008195325,0.004643871,2.2040227e-13,1.0
2021-04-14,0.9999989,0.9999778,1.043885e-08,3.9316845e-08,9.580832e-06,1.0
2024-01-24,1.0,1.0681677e-05,0.99999034,1.0,0.99999857,0.798312
2024-10-14,4.8735274e-12,1.0,1.2344393e-08,0.0003120227,1.16506316e-14,3.3871823e-13
2024-04-26,1.0,5.108154e-08,2.206416e-07,0.95993465,0.9999999,0.998811
2024-08-28,6.4108007e-12,1.0,2.0594964e-08,4.9233858e-14,1.4757157e-11,4.5829706e-06
2024-08-18,3.2101297e-11,1.0,1.9077502e-13,1.9373015e-13,1.2385694e-11,9.054438e-07
2021-05-21,1.0,3.3878666e-07,0.99095577,0.011551304,0.9991943,0.9975617
2024-03-24,0.9999857,0.006478496,0.001165541,0.9959045,2.6879252e-07,1.0
2021-08-23,0.39109248,1.0,1.3539854e-12,5.508571e-10,7.862843e-09,2.7027796e-17
2020-09-12,5.076412e-06,1.0,3.0042173e-16,1.4627826e-15,2.2426754e-17,1.4742554e-15
2020-05-05,1.0,2.3851328e-08,3.287161e-07,2.8227507e-05,0.99999833,0.95765096
2020-08-04,5.5545923e-10,1.0,0.00017184693,3.345562e-10,4.6121242e-11,2.28159e-12
2022-06-14,0.99943024,1.0,3.5810764e-11,3.0343212e-18,1.2071091e-08,1.9560173e-14
2024-03-03,0.69723403,1.0,1.9037703e-09,6.259683e-06,1.9626355e-18,3.753987e-08
2019-09-07,5.9207655e-06,1.0,9.649457e-10,2.1131225e-08,1.010942e-09,9.646294e-17
2024-12-27,0.99024147,0.00014993758,0.9999995,1.0,0.9999964,0.0005892372
2023-02-03,1.0,8.694468e-08,1.9705504e-10,1.0,0.8114062,1.8507866e-10
2020-10-23,6.8779556e-08,1.0,5.1529208e-09,1.7622481e-06,6.979313e-09,4.5801507e-16
2020-09-30,5.036789e-13,1.0,1.4975731e-07,6.609414e-14,2.8973162e-09,1.0406193e-11
2024-02-13,0.99999964,0.022604514,0.004277504,0.9999896,4.364428e-09,0.9999932
2023-08-05,8.842472e-13,1.0,2.1927184e-13,6.0713524e-11,3.44575e-13,2.7082682e-11
2021-08-22,0.00048291852,1.0,7.884702e-11,4.984123e-05,3.034695e-06,5.780222e-19
2020-06-02,1.0,0.99993706,8.284883e-09,1.6246454e-17,1.0119418e-06,3.7766285e-13
2022-03-01,0.99999774,0.00046417012,0.99999857,0.9998754,1.4721589e-08,0.9174309
2021-10-09,9.459178e-09,1.0,9.629953e-13,7.2631523e-09,8.833277e-11,1.3291742e-14
2023-02-04,1.0,7.778655e-07,2.538154e-10,1.0,0.8737325,1.1525562e-09
2023-10-16,6.9256757e-12,1.0,2.0075589e-13,4.7215227e-08,2.0124518e-12,7.259242e-18
2023-09-30,6.202847e-15,1.0,1.131081e-13,1.9525252e-05,2.770047e-14,7.794929e-17
2022-03-25,0.987445,0.9999982,4.6268633e-05,0.00022981236,7.323431e-12,1.0
2020-02-14,1.0,7.4708746e-06,0.9998233,0.9991079,0.17120512,0.9999763
2020-04-20,1.0,1.5820979e-07,8.111633e-06,4.033242e-05,0.99999785,0.99989605
2022-08-07,2.6211924e-10,1.0,3.105506e-05,6.7711125e-13,1.0472993e-08,1.0541377e-07
2022-05-20,1.0,0.21099022,1.7101714e-09,9.7102725e-14,0.00012823947,5.7143825e-12
2023-05-03,1.0,1.1948809e-09,0.003473662,3.4525663e-05,0.9990295,0.9999852
2022-08-16,5.151473e-14,1.0,7.724389e-10,2.756441e-12,2.5233932e-10,4.8704985e-12
2024-11-11,2.4099507e-05,1.0,8.529168e-11,0.6780714,2.2836735e-10,0.0037378646
2024-01-11,1.0,1.3785403e-06,0.99999857,0.9999999,0.9999763,0.99493223
2020-10-17,5.4563045e-11,1.0,1.4095473e-09,1.2889225e-06,2.5681259e-06,1.9411148e-13
2023-02-01,1.0,1.2218436e-06,4.3877085e-12,0.9999999,0.9637088,1.2778272e-11
2024-05-12,1.0,0.021073192,2.2137512e-09,7.97831e-08,0.9003769,4.772756e-14
2024-07-27,8.059348e-10,1.0,5.5559883e-11,3.024465e-17,2.1056439e-15,1.9275241e-12
2024-12-24,0.9999877,9.571197e-06,0.99999857,1.0,0.9999838,0.00056939287
2024-03-26,1.0,0.02940637,5.4950573e-09,0.015343331,0.4878988,1.0
2022-06-01,1.0,0.05934059,5.610072e-06,3.434139e-08,0.99964774,2.5522837e-08
2020-02-29,1.0,1.0667293e-05,0.19207586,0.99890447,2.332666e-06,0.16453725
2022-09-22,4.022233e-09,1.0,1.2963228e-10,1.7127793e-06,1.3230199e-11,1.130335e-20
2023-05-06,1.0,1.16809e-09,0.0009493718,0.00152773,0.99986017,0.999762
2021-09-01,4.0124047e-07,1.0,4.270643e-06,4.8454973e-09,8.5006e-15,2.044774e-13
2022-07-27,1.39422145e-08,1.0,3.5287326e-06,3.181302e-13,2.012243e-06,1.4353209e-09
2022-05-15,1.0,4.040787e-05,2.958409e-08,1.2943851e-11,0.99316084,8.007563e-09
2023-02-02,1.0,2.5457598e-07,2.1560542e-08,1.0,0.6388758,1.1307129e-08
2021-02-17,0.99999964,0.0003388447,0.94276786,0.999997,5.798247e-10,1.655116e-07
2024-06-17,1.0,1.0,4.991589e-14,1.5750173e-10,0.00041058075,6.755915e-17
2021-03-12,0.9999976,0.00020958392,0.0008405212,1.0,2.2326403e-06,0.9387962
2021-12-12,1.0,0.00027386186,0.015026728,1.0,0.9997092,0.022219228
2019-05-05,1.0,0.00024665063,0.77307,3.1242925e-07,0.86732334,0.99998
2023-05-13,1.0,2.8387487e-06,0.0002632501,5.129907e-05,0.9999927,0.48987937
2020-09-18,8.834839e-08,1.0,1.3864382e-12,4.4903995e-15,8.654976e-15,7.112069e-20
2021-06-09,1.0,0.999723,1.935224e-05,0.00015405136,0.98917437,4.0243257e-14
2019-12-14,1.0,6.9963375e-05,0.99912184,0.9999423,1.0,0.9804536
2021-05-07,1.0,6.846321e-08,5.5008226e-05,2.7972184e-05,0.99999547,0.99978393
2020-12-02,0.9999957,0.10445582,0.99999976,0.99999714,0.99993074,3.089033e-07
2021-12-23,1.0,5.767226e-07,0.9218744,0.99999785,0.99999845,0.10778824
2023-01-15,1.0,0.00019358123,4.9026982e-09,1.0,0.00028956778,3.855826e-10
2023-12-16,0.99962974,0.0068507786,0.9961506,1.0,0.9999968,0.000120113924
2021-11-16,0.9998833,0.99999976,7.264178e-09,1.0,0.99973124,7.549366e-11
2022-08-11,3.1315188e-14,1.0,8.582864e-06,3.5000282e-12,6.831454e-11,2.0394487e-10
2020-12-15,1.0,0.040989764,1.0,0.9999677,0.9991793,3.2997687e-07
2019-10-28,7.2879775e-05,1.0,2.834266e-05,0.07832238,0.04854417,5.483061e-16
2021-02-18,0.999998,0.0002251751,0.7627652,1.0,6.214329e-09,0.0015844302
2023-06-04,0.99993896,0.99999964,4.085591e-16,5.3741376e-16,1.3844728e-11,5.153235e-09
2019-11-22,0.9945899,0.9997148,0.8189112,1.0,0.9763949,0.00013322716
2024-07-09,0.0033237608,1.0,1.7995427e-14,1.6201284e-12,3.5065882e-13,1.6643865e-15
2023-11-08,9.436126e-14,1.0,3.0962402e-14,0.06266053,3.901766e-11,1.117871e-10
2020-11-02,4.763049e-06,1.0,0.0033332044,3.857544e-07,0.9996146,1.3676817e-09
2021-10-06,8.638972e-09,1.0,3.0197084e-14,2.2504791e-09,9.943158e-11,1.6712526e-21
2021-03-13,1.0,0.00011873745,0.044648968,0.9999944,7.3204186e-11,0.99992216
2020-05-18,1.0,2.3005396e-06,1.7192512e-08,2.106763e-09,0.99999464,0.00020480821
2019-04-12,0.9999939,0.12679921,2.8864468e-05,4.0336163e-06,4.0708753e-07,1.0
2024-11-19,0.0015503397,0.9999999,5.696646e-06,0.9999999,0.9984849,1.3874931e-09
2022-02-06,1.0,5.9109215e-07,0.9999615,1.0,0.9999684,0.9996799
2024-06-27,0.6402709,1.0,1.3583245e-14,4.626313e-17,7.6506657e-10,1.485862e-17
2021-12-21,1.0,2.3696006e-07,0.88427716,1.0,0.9999989,0.009216944
2023-11-11,7.051838e-09,1.0,9.5410205e-14,0.06519397,5.0639085e-07,4.839744e-16
2022-01-31,1.0,2.6629099e-08,0.9997315,0.9999999,0.9999926,0.99980205
2023-05-22,1.0,2.1539063e-06,0.19112855,0.14684477,0.9999933,0.00026552432
2022-12-14,1.0,0.010581586,0.0044005616,1.0,0.9999727,2.7319796e-10
2022-11-12,1.0,1.0,4.1539656e-07,0.98816025,0.99999857,4.0081165e-14
2020-07-08,3.095137e-05,1.0,2.05864e-06,6.3651476e-12,3.597552e-09,1.1398837e-11
2024-06-04,1.0,0.99949634,1.1873593e-05,1.4077498e-09,0.34093505,2.0993864e-09
2022-05-06,1.0,3.565486e-06,3.2885e-05,9.827563e-06,0.99999976,0.997514
2020-10-03,9.670045e-12,1.0,9.984526e-08,1.922471e-09,4.313005e-09,3.953128e-09
2019-12-24,1.0,5.0876086e-08,0.98575646,0.9233499,0.9999962,0.9584795
2021-04-13,0.99999976,0.999933,4.796896e-06,1.04571445e-08,2.2180808e-07,1.0
2023-04-07,1.0,0.9521931,3.198384e-06,3.8224374e-05,0.00046853907,1.0
2023-01-06,1.0,8.177102e-07,0.0014049922,1.0,0.9995363,3.8242697e-06
2024-03-28,1.0,1.8566992e-07,6.7582334e-10,0.01725897,0.89555424,0.9999989
2019-11-13,0.83022934,1.0,0.9987067,0.99999726,0.9999993,7.0496085e-08
2020-10-20,1.2627095e-10,1.0,2.9005575e-08,0.0001378556,3.1275653e-07,1.2724945e-13
2022-03-07,0.9999999,0.0017411627,0.9992925,0.9999871,1.0597861e-08,8.458874e-07
2021-01-05,1.0,4.5135755e-05,0.99994075,1.0,0.0012713367,0.0009201492
2020-11-30,1.0,0.9860621,0.99999976,0.99999917,0.9999727,5.746792e-06
2024-02-09,1.0,0.001640668,1.4161067e-05,0.9999974,4.0965008e-07,0.9999864
2020-11-17,0.00023488978,1.0,0.99929357,0.8840004,0.7289194,5.3697713e-09
2019-05-08,1.0,0.00012058317,0.9807762,2.366531e-08,0.9994518,0.99999654
2023-08-30,3.3860566e-14,1.0,1.1691554e-13,7.809172e-09,3.0416109e-10,1.5095557e-08
2024-10-21,2.782028e-11,1.0,5.718611e-13,2.099872e-08,5.1052044e-15,8.3842804e-14
2023-08-18,1.6512028e-13,1.0,2.3326666e-14,6.138117e-15,5.664867e-15,4.7922038e-14
2024-10-22,4.5567e-13,1.0,1.8170605e-10,6.406831e-06,3.5853753e-15,7.9428105e-12
2023-03-21,0.9999391,1.3505456e-05,1.5448488e-13,0.99228877,7.410645e-09,0.99994326
2021-10-27,1.514455e-05,1.0,8.9693953e-13,2.2843642e-08,8.7711345e-07,2.4583485e-16
2024-10-25,2.6480049e-11,1.0,1.7362312e-13,4.1102986e-08,4.1345433e-14,1.2785895e-16
2019-10-05,6.6750105e-11,1.0,2.8690694e-05,0.06690812,5.804007e-08,4.163537e-15
2020-09-06,2.9165108e-09,1.0,2.901665e-15,1.7346045e-11,2.4279104e-16,3.3758102e-10
2023-11-10,2.8552358e-11,1.0,4.2075444e-13,0.81620425,1.3452669e-08,1.2918675e-14
2024-05-08,1.0,3.1365907e-05,5.2322657e-11,0.0010401238,0.9999914,9.512457e-05
2024-01-13,1.0,6.105845e-06,0.9999945,0.9999999,0.9999995,0.9056533
2021-12-03,1.0,1.5253187e-05,8.799258e-05,1.0,0.99999917,1.6509463e-06
2022-07-11,2.6284246e-08,1.0,5.4626014e-08,1.787248e-15,4.4952865e-14,5.586994e-12
2020-07-14,2.357279e-06,1.0,0.00033028462,1.2254816e-13,8.777949e-12,1.7722526e-07
2020-09-10,6.1592246e-08,1.0,5.398939e-16,4.334549e-15,4.189454e-17,1.1903005e-15
2024-03-05,0.94233567,1.0,1.4607671e-11,4.681276e-09,4.1710794e-19,1.1438182e-09
2022-02-26,0.99999416,0.00063279027,0.99999464,0.9999993,0.00015589791,0.5802603
2023-07-24,6.4206117e-13,1.0,2.0237154e-11,1.5715653e-15,6.1321908e-09,3.2114142e-12
2023-03-09,0.99999714,6.858211e-09,1.2521711e-10,1.0,4.2702135e-07,0.00040603723
2020-10-29,4.8185193e-05,1.0,9.164331e-06,3.171913e-07,0.99961853,1.3838722e-09
2019-09-24,1.912047e-07,1.0,5.1389145e-13,1.6306001e-09,2.695605e-08,3.0804166e-15
2022-07-16,4.5472758e-11,1.0,1.9133633e-06,6.5306024e-15,8.5469293e-16,3.8178683e-13
2021-11-21,1.0,0.99998677,9.352785e-07,1.0,1.0,4.978003e-10
2020-02-26,0.9999999,7.722708e-07,0.9993326,0.9999999,0.0029326528,0.17767748
2023-11-15,2.8771165e-09,1.0,1.3577191e-13,0.9992461,8.621988e-06,2.4706116e-13
2022-08-31,2.1565935e-11,1.0,6.8567747e-12,8.565846e-12,2.503535e-11,1.3925309e-16
2023-03-18,0.99997616,0.0003807195,2.3154974e-11,0.1799884,2.979631e-10,0.9999999
2019-05-27,1.0,0.9708613,0.002344575,2.267734e-11,1.0826649e-08,0.99753016
2021-04-03,0.99999774,0.999987,1.1341336e-09,0.00038927456,3.2093045e-14,0.96644354
2023-08-06,4.7085994e-12,1.0,2.2754253e-14,5.0896434e-13,7.0695665e-15,5.853693e-11
2021-04-16,0.9998746,0.999987,1.0065754e-07,2.1225756e-07,0.0008073459,1.0
2021-03-31,0.99999297,0.9999567,9.472449e-13,5.85361e-09,1.3829683e-11,0.9999989
2021-01-17,1.0,4.6976552e-08,0.99982965,0.99997544,3.8994836e-05,3.624368e-05
2021-08-06,1.7144774e-07,1.0,2.1657624e-10,9.2576254e-17,9.877423e-17,6.5123243e-13
2021-03-11,1.0,0.00034041246,0.00027295575,1.0,2.475751e-07,0.99947065
2021-12-29,1.0,4.093614e-06,0.9985537,0.9999993,1.0,0.9857662
2023-09-18,5.338328e-13,1.0,7.949406e-15,6.5531115e-15,4.1351648e-11,3.7918207e-10
2021-01-20,1.0,7.363945e-07,0.9999864,0.9999763,0.00040717568,5.023538e-05
2019-12-11,1.0,5.1553957e-07,0.99847203,0.9999722,0.9999969,0.9998828
2024-12-17,0.99993324,0.0005247654,0.9999993,1.0,0.9999994,0.0027884464
2019-05-10,1.0,0.00087387464,0.63654023,1.9597509e-07,0.99900025,0.99875784
2022-05-04,1.0,4.0571783e-07,0.00020101202,0.0010809278,0.9999995,0.9999893
2019-06-07,1.0,1.0,1.0664899e-08,2.3456383e-16,8.3992524e-07,2.3577824e-11
2022-02-09,1.0,3.563395e-07,0.9999565,1.0,0.99938667,0.99972767
2022-07-30,1.0796247e-09,1.0,3.924087e-06,6.668931e-14,1.3647999e-06,2.4302504e-12
2021-12-16,1.0,6.0678403e-06,0.9775888,0.9999995,0.9999995,0.012312349
2019-11-28,0.9999999,0.2924528,0.65105814,0.9999721,0.99998415,0.00045528443
2022-05-18,1.0,6.664927e-06,4.5070676e-05,3.7205336e-08,0.99911326,1.2833823e-10
2024-12-25,0.9999976,0.00055634865,0.99999976,0.99999964,0.99996626,1.8841014e-05
2023-12-04,0.8284586,0.21657558,0.6369042,0.9999999,0.999998,7.8323626e-07
2021-08-05,4.6611072e-07,1.0,3.1063022e-10,3.139922e-14,2.295177e-16,9.898287e-16
2019-03-31,0.3145525,0.9995129,1.647604e-07,2.1501897e-08,1.3441247e-13,1.0
2019-05-30,1.0,0.99999976,0.0036835559,2.632428e-12,2.4250056e-07,1.3486685e-08
2022-06-21,0.15922685,1.0,1.5284865e-08,6.1994084e-14,7.420418e-13,1.648025e-13
2021-09-30,2.677075e-10,1.0,1.9681454e-11,1.0365031e-11,2.9431606e-13,6.4782356e-19
2022-02-18,0.99999905,3.1717182e-06,0.9998989,1.0,0.99244666,0.9998073
2022-09-02,2.234824e-12,1.0,4.678301e-14,2.6473306e-13,2.5129612e-10,4.674855e-15
2019-07-11,3.1601726e-06,1.0,1.0882226e-06,1.6478149e-16,4.5694016e-08,2.3366167e-10
2021-09-11,6.699862e-10,1.0,2.7592473e-14,2.9611647e-15,4.2846217e-15,1.8839702e-14
2022-04-08,1.0,0.00019589218,2.7514128e-07,0.6683854,1.992862e-05,0.99998987
2021-03-09,0.9999999,1.476086e-06,0.0016372442,1.0,1.4030338e-05,0.6747119
2020-02-28,1.0,4.982406e-07,0.98868084,0.9999664,3.645823e-05,0.98653257
2020-07-28,3.758728e-09,1.0,3.079268e-07,4.0783333e-13,3.0897287e-13,4.5472758e-11
2022-09-17,1.6995551e-12,1.0,1.523306e-08,5.929969e-09,3.0366577e-12,5.081122e-19
2022-02-11,1.0,7.242821e-08,0.9999969,0.9999943,0.99988973,0.9984106
2019-09-27,1.2187598e-08,1.0,5.2523117e-08,1.9992987e-08,7.979396e-06,1.3926742e-16
2022-07-08,7.180537e-08,1.0,7.206827e-08,3.7826465e-14,4.286633e-15,7.3283105e-15
2023-10-12,5.659686e-14,1.0,6.4541655e-10,2.5123835e-08,1.2390777e-14,2.211614e-18
2022-01-24,1.0,3.7071246e-08,0.99999833,0.9999982,0.999987,0.999483
2020-09-29,1.177198e-12,1.0,9.445586e-09,3.418389e-08,2.5981667e-10,5.344062e-07
2022-09-24,7.429772e-11,1.0,6.675269e-10,7.148834e-08,3.712734e-13,4.5783242e-20
2020-04-26,1.0,3.3217447e-09,4.560063e-05,3.1864907e-05,0.9999994,0.999368
2020-12-13,1.0,0.0019968154,0.9999987,0.9999993,0.9964154,9.20413e-06
2019-04-17,0.9999995,2.7895197e-05,9.4274816e-05,6.91138e-05,0.7388921,1.0
2023-08-29,1.6648765e-14,1.0,1.0281751e-09,5.4864874e-10,5.020068e-11,2.4433655e-07
2022-04-03,0.99997723,0.95392114,0.0012978009,0.559992,4.612881e-11,1.0
2019-05-26,1.0,0.9999827,2.128096e-06,2.4798041e-09,1.4016966e-05,0.1446397
2024-02-24,0.9948926,1.0,3.1178415e-10,8.0594714e-10,4.4142855e-19,8.933432e-07
2020-11-22,0.92134213,0.99999964,0.9997955,0.9999707,0.9942415,3.0977878e-06
2022-12-25,1.0,4.221113e-05,0.0024913019,1.0,0.00016525252,5.8383534e-07
2023-01-17,1.0,7.939174e-07,9.524017e-11,1.0,0.0022492947,2.1179847e-08
2024-12-31,0.99999666,0.000125289,0.9999999,0.9999988,0.999979,0.0002078926
2019-03-27,0.9999895,0.99685705,1.9980903e-06,1.6637376e-06,3.48335e-13,1.0
2021-04-28,1.0,9.446346e-08,0.0011919304,9.664031e-07,0.9980513,0.99999976
2019-08-27,4.568338e-08,1.0,1.8126124e-14,3.0510836e-09,2.579052e-15,6.624511e-17
2023-10-26,3.3541045e-10,1.0,2.6674897e-12,0.001192418,1.4510146e-11,6.347518e-16
2022-03-10,0.9999578,0.8794872,0.9999864,0.9995703,1.299978e-09,0.037276287
2023-10-01,4.2480992e-16,1.0,4.2705974e-11,4.7276774e-08,9.747037e-13,6.864871e-17
2020-09-08,1.1763046e-06,1.0,4.684676e-14,1.6733054e-15,2.4142657e-19,9.4102806e-14
2019-06-29,0.06765982,1.0,8.170626e-12,7.3146213e-16,0.0003319947,6.070246e-13
2023-09-10,3.300658e-16,1.0,1.6186205e-09,3.0987878e-13,6.407283e-11,1.6370312e-10
2023-02-24,1.0,2.480154e-09,1.3586524e-12,0.9995726,0.9928,0.0016166577
2023-07-01,0.00018718334,1.0,2.2031571e-13,2.1075152e-16,8.9169306e-12,3.4268985e-14
2021-07-11,0.9923091,1.0,1.295902e-11,4.0462595e-11,9.064545e-11,1.10283974e-16
2020-07-09,3.8480056e-07,1.0,4.7879807e-05,1.8109993e-13,1.7048547e-11,7.222527e-12
2022-01-12,1.0,1.600535e-06,0.999724,1.0,0.9999988,0.6561073
2024-05-29,1.0,0.93080753,6.0323976e-07,8.127936e-10,0.8498505,6.196781e-11
2019-09-05,2.2892245e-06,1.0,2.0800144e-10,1.0805601e-13,2.3394315e-13,4.8008584e-14
2020-11-27,0.99999654,0.9993538,0.9999993,1.0,0.9982114,1.5602265e-07
2020-11-14,0.04185672,1.0,0.9998004,0.99858665,0.9966084,2.3137702e-08
2019-05-20,0.9999999,0.08749354,0.37830523,3.1808697e-10,5.615441e-06,0.9999795
2023-01-27,1.0,1.8114584e-06,4.5853295e-14,1.0,0.013877319,7.58525e-10
2021-08-20,0.024216803,0.99999154,2.0582377e-10,0.00026313344,0.5972436,4.7254297e-17
2022-12-08,0.99999976,0.25241625,0.006622372,1.0,0.9999651,3.954559e-10
2022-09-06,8.663669e-14,1.0,6.7742884e-10,3.871445e-12,1.44549e-11,1.03912274e-13
2020-08-28,1.3929821e-09,1.0,1.0288091e-12,7.275498e-15,1.1472281e-14,7.593193e-15
2021-06-11,1.0,0.8893135,1.1020568e-05,6.6847266e-09,0.0019753492,4.9873063e-14
2023-06-23,7.3086917e-06,1.0,7.1563187e-13,4.1450076e-13,2.5220311e-14,1.0260264e-12
2020-03-19,1.0,0.0034539008,2.9206743e-07,3.8984172e-08,0.99994123,0.9999975
2019-05-24,0.99999726,0.99993694,3.196512e-06,4.099025e-12,5.523579e-07,0.97282535
2024-08-20,7.0775867e-13,1.0,3.278055e-11,1.4351075e-06,2.2558581e-14,3.828523e-09
2021-08-11,7.939462e-07,1.0,1.1134086e-14,1.3549071e-13,3.7803686e-17,3.6076318e-13
2022-08-05,8.9439624e-08,1.0,0.0004887792,2.6845705e-14,7.826745e-11,1.4871716e-05
2024-06-29,0.22983052,1.0,1.5120473e-13,2.82081e-14,8.709671e-12,1.32210254e-17
2021-04-17,0.99999666,0.99997663,6.113618e-07,5.9643874e-12,4.920913e-05,0.9999999
2019-10-12,3.586164e-10,1.0,0.0007989815,0.0021797223,1.1082677e-05,1.1684859e-14
2023-02-11,1.0,7.106105e-08,5.741373e-10,1.0,0.98833394,7.0566277e-09
2020-04-15,1.0,3.0205815e-08,1.0971378e-07,6.349117e-07,0.9999987,0.99999917
2022-03-28,0.20547767,0.99999964,0.00028097315,0.0057377415,4.9654566e-14,1.0
2023-03-12,0.99999607,3.587252e-10,3.254914e-12,1.0,6.198036e-06,0.056445144
2020-08-08,2.4819593e-11,1.0,1.8324457e-08,4.4094267e-13,3.7362051e-13,7.01822e-14
2020-02-01,1.0,1.6835171e-08,0.10676287,0.9804919,0.9766888,1.0
2023-01-25,1.0,8.7935473e-07,1.0906911e-14,0.9999999,0.00039367238,6.5279826e-09
2024-06-14,1.0,1.0,3.5580896e-12,1.0290677e-09,1.9370002e-07,1.5484971e-18
2019-11-12,0.9297584,0.9999993,0.988653,0.999485,0.9998497,1.0540161e-09
2020-10-31,1.1713137e-05,1.0,0.29457372,7.86977e-06,0.9879897,1.1142152e-08
2023-01-13,1.0,0.00073288,4.9611214e-07,1.0,2.178855e-05,4.895781e-10
2020-12-08,1.0,0.05380576,1.0,0.99999976,0.9997732,1.1458863e-05
2022-06-27,2.1208416e-05,1.0,0.009799327,2.7872244e-17,5.0554855e-11,8.169091e-14
2023-11-13,6.549973e-12,1.0,9.199171e-13,0.97986275,2.4853489e-05,5.811366e-14
2020-11-29,0.9972645,0.9992962,0.9999999,0.9999969,0.99895597,1.9924234e-06
2023-04-14,1.0,0.0004848558,1.1303796e-10,9.303373e-05,0.7830357,0.99999917
2020-06-13,1.0,0.9996401,1.3439862e-13,4.302471e-13,2.6133787e-06,1.6451051e-12
2020-12-11,0.9999999,0.091564074,0.99999607,0.9999999,0.99722457,8.727589e-06
2020-02-03,1.0,3.1176718e-08,0.9999603,0.99935025,0.9988439,0.9955877
2022-03-17,0.6852913,0.99999404,0.8745598,0.71408635,3.0789043e-13,0.9999347
2020-03-20,1.0,5.2810054e-07,1.1196379e-06,4.066768e-09,0.9998759,0.99999034
2024-07-16,3.6111654e-08,1.0,4.287081e-12,4.2402475e-12,1.7627151e-17,3.193972e-17
2024-09-22,4.6025407e-13,1.0,4.2585873e-13,1.7595523e-08,1.5068061e-15,1.4309341e-12
2024-09-21,1.2910846e-13,1.0,2.864114e-12,2.5538772e-11,3.7548903e-15,2.2059225e-14
2020-12-22,1.0,4.959077e-06,0.9999999,0.9997651,0.9968406,0.02321518
2024-07-06,0.99262094,1.0,2.5643135e-18,1.6661001e-13,3.6689913e-12,4.3690886e-18
2020-11-23,0.066799834,1.0,0.99999917,0.99999464,0.9980592,5.812781e-06
2023-01-12,1.0,9.7952625e-06,4.95913e-08,1.0,0.0026756309,4.3859076e-09
2020-02-21,1.0,3.1750005e-05,0.99766207,0.999887,1.4229837e-06,0.9977113
2019-12-07,1.0,7.283405e-05,0.9985929,0.99988496,1.0,0.36254206
2022-03-16,0.9985567,1.0,0.0005170077,6.6277906e-05,9.807266e-14,1.0
2021-11-02,0.0017837307,1.0,5.7299566e-16,0.030900672,0.005216878,3.1079032e-17
2023-04-28,1.0,4.7293103e-08,8.7703563e-07,3.5092828e-05,0.9999975,0.99999285
2021-07-22,2.2201379e-05,1.0,4.115386e-10,4.0827075e-09,4.1388311e-16,5.939638e-12
2021-06-13,1.0,0.99999976,2.7854181e-05,5.737872e-13,5.53121e-05,4.4164592e-11
2023-04-20,1.0,2.9653899e-07,5.2611952e-08,9.0066e-08,0.9853557,0.99998975
2019-03-30,0.9666185,0.99935025,4.0571855e-08,3.5063674e-06,6.4108313e-10,1.0
2019-11-26,0.86021215,0.98514384,0.031550072,0.99998486,0.9826094,0.83657026
2024-11-21,0.9639968,0.9986625,0.012716565,0.9999999,0.9997347,4.7984482e-05
2019-12-13,1.0,1.6127717e-05,0.99956626,0.9999882,0.9999981,0.99938536
2020-10-21,1.0836146e-09,1.0,1.8497562e-10,0.00058755896,4.4722537e-06,1.6298557e-14
2024-04-11,1.0,1.1951344e-08,2.556619e-09,0.11301539,0.99999833,0.9999914
2023-05-23,1.0,0.0001377405,0.00027906,2.4723563e-09,0.990123,0.000611158
2020-12-19,1.0,0.0013593283,1.0,0.99999475,0.9994516,9.685923e-05
2021-12-09,1.0,0.0002259502,0.094413266,0.9999999,0.9999982,3.220486e-05
2021-01-09,1.0,5.463978e-08,0.99999607,0.99999976,6.9620573e-06,0.82041043
2024-07-02,0.22618353,1.0,8.491285e-18,6.2056816e-13,1.0208803e-13,3.4246307e-18
2023-06-06,0.99867034,1.0,1.9690822e-13,4.048534e-20,3.6032535e-08,3.739223e-08
2021-01-10,1.0,5.221754e-06,0.999954,1.0,8.019148e-05,0.004819451
2023-08-28,6.8625287e-13,1.0,1.5211245e-13,4.8524657e-11,1.382068e-09,0.0010544704
2023-07-02,0.00028908838,1.0,1.1728993e-12,6.667897e-15,1.3516486e-11,3.2805e-15
2020-02-18,1.0,1.211789e-07,0.991699,0.9943374,0.64932895,0.9999999
2020-07-18,2.4825652e-11,1.0,0.00036074786,4.3498946e-12,6.5273714e-13,9.498941e-12
2019-04-29,1.0,5.2130883e-08,0.0006632136,1.5609734e-05,0.9987878,0.9999999
2021-09-17,8.7165275e-10,1.0,4.90987e-15,2.4059494e-12,8.621539e-13,1.1673842e-16
2020-10-07,3.7800793e-10,1.0,1.1645411e-10,5.312749e-10,1.4085488e-07,2.9059927e-10
2021-03-25,1.0,0.99491125,3.6297134e-08,0.10888039,2.5779082e-10,0.99999964
2021-03-14,1.0,2.755187e-05,0.0017322131,0.9999987,1.7494778e-10,0.99778724
2023-08-09,9.7020346e-14,1.0,3.1119975e-16,5.0718523e-09,8.046706e-14,9.525029e-12
2022-02-20,1.0,2.08298e-06,0.99991286,1.0,0.99818134,0.99993336
2021-05-10,1.0,1.4299576e-08,0.00014013695,0.0038589782,0.9999932,0.9988373
2023-08-01,1.3634491e-13,1.0,1.6507448e-11,3.1153132e-11,1.6912462e-10,2.6331093e-06
2020-05-25,1.0,2.8200762e-05,8.2625303e-07,5.228517e-10,0.99877566,5.8121094e-07
2022-05-22,1.0,6.497113e-06,3.2685437e-09,1.9681257e-12,8.273224e-05,4.436217e-10
2024-05-23,1.0,0.054028176,1.3562608e-05,9.55541e-10,0.02842792,2.6499782e-09
2023-12-22,0.9999999,2.435664e-05,0.08125687,1.0,0.9999999,1.1213497e-05
2024-04-04,1.0,7.595088e-08,1.2222696e-09,0.07712721,0.99999964,0.99993014
2022-04-09,1.0,1.5699818e-05,0.00022478189,0.9690396,2.345788e-06,1.0
2022-09-03,4.140624e-12,1.0,1.6103378e-08,1.0028079e-11,1.4720956e-10,5.8805363e-16
2020-12-21,1.0,0.0014903161,0.9999999,0.99999964,0.9997087,0.0010734382
2023-09-16,1.2781033e-14,1.0,2.1903406e-16,1.01082615e-13,1.6262454e-09,3.9979352e-12
2021-03-02,0.9999999,1.08969274e-07,0.007489335,0.99999976,5.89608e-07,0.9920676
2019-07-06,0.0490956,1.0,8.102262e-09,2.1056006e-14,0.008733665,4.4348848e-08
2024-03-10,0.9997875,0.9999999,7.507182e-10,2.5151512e-06,4.9823764e-16,0.00019829498
2023-04-09,0.99999964,0.9956151,2.453766e-07,4.1179082e-09,3.1593775e-06,1.0
2023-07-17,5.9849996e-09,0.99999905,1.5151642e-06,1.2224305e-09,4.2066727e-08,6.3076527e-06
2023-08-11,2.3716573e-10,1.0,1.6036748e-15,1.5115933e-11,7.364482e-17,2.3563914e-16
2019-10-30,0.03805373,1.0,8.73234e-09,0.2624475,0.05908479,2.376868e-15
2023-11-28,0.010175113,0.99481356,5.060234e-06,1.0,0.9999858,0.0075795795
2021-06-18,0.99999964,1.0,2.0712143e-07,7.4376785e-20,5.2216008e-05,1.3096629e-11
2021-07-26,2.0754885e-06,1.0,1.4906793e-13,1.2513663e-14,4.988231e-17,1.1039052e-15
2022-08-24,6.254061e-11,1.0,1.4042347e-08,1.04135884e-13,2.610188e-09,9.497079e-15
2020-08-30,3.0461845e-11,1.0,1.4026143e-13,3.8268282e-13,9.60141e-14,1.892053e-12
2023-09-20,6.8489454e-16,1.0,2.7773546e-09,7.659737e-09,4.8373017e-11,7.7046116e-07
2023-06-02,1.0,0.99569523,1.1946444e-08,2.2372153e-17,2.4909642e-08,5.0681447e-06
2022-11-15,1.0,1.0,7.191911e-09,0.9998023,1.0,2.4915444e-15
2023-03-22,0.99527955,0.046716418,2.198048e-10,0.0013246307,2.9797044e-14,0.99173146
2023-09-11,1.631523e-14,1.0,3.8686298e-07,5.1718335e-10,6.533054e-12,2.3241722e-09
2020-10-15,1.16056444e-08,1.0,1.9363782e-09,4.8347375e-11,1.0844169e-09,3.6271803e-08
2023-03-31,0.9999999,0.03490266,8.603018e-11,0.07170716,9.39695e-11,1.0
2024-10-18,1.2119018e-10,1.0,1.4892338e-08,1.7519158e-06,7.6103274e-16,5.907616e-13
2023-12-31,0.9999958,8.468658e-05,0.9610682,1.0,1.0,0.022149593
2022-07-14,1.16262534e-07,1.0,2.1919454e-05,4.0622426e-19,2.4611487e-13,2.790703e-10
2024-09-27,1.8738751e-10,1.0,4.610697e-12,5.5367034e-11,2.3743384e-16,2.1088051e-13
2024-10-05,4.1548212e-10,1.0,1.01854155e-07,3.8679136e-06,1.6892182e-14,3.5457155e-14
2020-03-23,1.0,1.02554175e-07,0.00041415598,0.14698002,0.0064003905,0.9999999
2022-06-13,0.99999774,1.0,3.010444e-10,2.5671167e-15,2.821018e-06,6.2776886e-15
2022-03-05,0.9999881,0.005054962,0.9999678,1.0,2.5027653e-08,0.00043253336
2019-10-24,0.00020850005,1.0,1.3752965e-07,0.0001074321,0.16244984,4.1464304e-17
2020-08-14,1.0675634e-10,1.0,2.5226433e-07,4.047402e-11,4.766684e-12,8.906124e-11
2023-06-08,1.0,0.9999964,1.3993298e-10,5.547355e-16,2.8545306e-09,1.975859e-06
2022-03-22,0.9996929,1.0,0.013190122,0.0008866607,2.2642617e-16,0.9999999
2023-11-29,0.00040640705,0.99602365,6.025673e-05,0.99999905,0.9999982,3.516641e-07
2019-06-02,0.99999666,1.0,1.3500626e-09,3.6142912e-17,2.5432703e-11,4.257246e-10
2020-02-20,1.0,4.444916e-05,0.9999361,0.99999654,0.46528736,0.9998379
2023-12-17,0.99999774,0.00061414053,0.9827209,1.0,0.9999999,0.0037510844
2019-12-22,0.9999999,1.2528562e-05,0.9996182,0.99937207,0.9999801,0.066702046
2022-03-24,0.9999994,0.99999976,1.4414624e-06,0.004026184,1.4614839e-14,0.9999989
2021-06-30,1.0,1.0,5.158934e-11,1.2031415e-16,0.03378203,1.0643921e-09
2023-12-30,0.9999844,0.0003016217,0.9994838,1.0,1.0,0.0027966364
2023-05-19,1.0,4.235074e-06,6.6980976e-07,2.299925e-06,0.999977,0.9561783
2023-03-29,0.9989347,0.0022097067,4.2606574e-10,0.6509948,1.0269903e-11,1.0
2021-08-28,2.570419e-07,1.0,5.8829547e-10,6.4696946e-14,1.7332261e-14,1.07721136e-14
2024-03-25,1.0,0.00046761945,1.0907808e-10,0.7131525,4.195273e-06,0.99995613
2023-08-20,1.2796859e-11,1.0,7.7298376e-11,6.9969894e-12,1.7134738e-11,3.0945916e-11
2021-02-03,1.0,0.025520707,0.9999939,0.99999774,5.5308742e-08,3.0217946e-06
2023-01-23,1.0,3.733736e-06,2.4047875e-13,1.0,0.0016687878,5.039988e-10
2021-09-27,1.687752e-11,1.0,4.9281147e-13,8.014067e-10,3.209315e-15,2.5662118e-18
2021-06-27,0.99999976,1.0,2.5594595e-08,3.2224047e-15,0.0020131655,7.404321e-15
2020-09-24,4.7704473e-13,1.0,9.102635e-09,8.4212226e-14,4.9395736e-14,1.009869e-12
2022-06-07,1.0,0.76553106,2.3034126e-09,2.4908583e-13,0.063774295,3.2187394e-10
2023-07-15,2.2788065e-12,1.0,4.3703942e-08,8.8801295e-09,7.63206e-12,1.4088269e-09
2020-07-02,0.9903447,1.0,9.0053085e-09,1.3954636e-12,6.028263e-08,2.2667727e-12
2020-12-29,1.0,4.9274263e-06,0.99999964,0.99999976,0.9132719,0.95615417
2022-03-30,0.91170126,0.9999919,3.3197823e-05,0.0011267676,1.932854e-13,1.0
2020-07-03,0.026148865,1.0,1.3771481e-08,1.6373511e-12,8.028781e-11,2.4579973e-12
2019-11-14,0.012513075,1.0,0.97061837,1.0,0.98477614,5.8646066e-09
2020-02-10,1.0,2.6121915e-08,0.99653995,0.9999715,0.9971348,0.99999857
2023-05-15,1.0,8.339486e-07,2.9670142e-05,1.1555883e-07,0.99749833,0.92688584
2021-07-02,0.9504464,1.0,1.7516355e-09,1.0341704e-12,3.5392477e-11,4.676126e-13
2021-05-12,1.0,1.0339437e-06,0.80531615,4.7273985e-05,0.99983597,0.99998546
2022-04-22,1.0,7.6147714e-08,7.322236e-07,3.1982777e-06,0.99999595,0.9999862
2023-01-29,1.0,3.9609043e-07,1.8700262e-10,0.9991398,0.9999902,5.4039262e-08
2024-12-09,0.9999968,0.032068897,0.99994946,1.0,0.9999943,1.4163132e-05
2024-07-03,0.037522297,1.0,1.1078628e-14,9.1817253e-14,2.5322715e-12,6.4071266e-14
2020-03-29,0.99995744,0.00025845843,7.3550225e-05,4.7434122e-07,5.798607e-07,1.0
2021-02-08,0.99996996,0.008560406,0.9717552,1.0,1.5839807e-09,0.00043152392
2021-07-24,3.9681513e-06,1.0,2.931421e-11,1.1225834e-12,1.07246236e-16,4.4067667e-18
2020-09-25,5.9831843e-13,1.0,2.6898805e-10,6.418882e-10,1.01168063e-13,5.8593486e-10
2022-01-08,1.0,1.7742532e-07,0.99997663,0.99999905,0.9999999,0.98447406
2020-06-12,1.0,0.99955946,6.428969e-13,2.1725256e-15,1.9359653e-08,4.8878057e-13
2023-10-27,3.1465514e-11,1.0,9.0060936e-10,0.13456804,3.44807e-10,5.829868e-12
2024-07-28,3.4937504e-09,1.0,8.647502e-11,3.198975e-15,2.2087242e-16,7.352255e-14
2020-07-05,0.0005418076,1.0,6.7320127e-07,1.1746757e-14,2.4153245e-12,1.1594121e-11
2022-09-13,2.7319143e-12,1.0,1.129174e-08,2.9394567e-10,1.4257857e-11,1.6955472e-19
2024-05-03,1.0,0.00028559743,1.7305152e-09,6.208542e-05,0.9997062,0.5030382
2022-12-07,0.99980253,0.99998546,0.0013989226,1.0,0.99999833,6.462751e-14
2021-06-29,0.9999993,1.0,8.723454e-08,2.6491194e-16,0.33246276,9.403513e-11
2020-08-17,1.1923895e-10,1.0,1.1547412e-07,1.3439781e-10,3.526074e-07,4.6620754e-12
2020-09-15,2.6981049e-08,1.0,3.050065e-13,1.3376057e-13,1.9336326e-16,5.405472e-16
2024-01-09,1.0,4.778252e-05,0.9999896,1.0,0.999997,0.24401514
2021-07-23,0.0007093932,1.0,1.2018524e-16,3.2048576e-14,7.232127e-18,1.1840548e-16
2020-11-12,0.03600879,1.0,1.0,0.8536159,0.9992951,8.068043e-06
2024-07-26,1.7675292e-10,1.0,6.445474e-12,2.2377519e-18,1.049147e-15,9.819202e-15
2024-08-03,1.0243537e-10,1.0,1.2779057e-06,2.3364136e-12,1.666821e-14,4.6915014e-09
2021-12-17,1.0,1.2698355e-06,0.93923414,0.99999905,0.99999964,0.048444387
2023-09-07,1.2775086e-14,1.0,5.5236555e-11,1.781838e-09,1.5161728e-11,1.3493463e-10
2021-05-24,1.0,0.00016918297,0.96921283,2.3125907e-05,0.2961288,3.2036425e-07
2022-04-02,1.0,0.87869984,0.00025524138,0.99182147,4.177753e-11,1.0
2019-09-16,7.2732964e-10,1.0,6.6901276e-11,2.0832213e-07,3.5938545e-13,6.871245e-15
2019-11-24,0.99971193,0.9999871,0.14232628,0.99753726,0.99053955,0.00072421815
2022-12-26,0.99996233,1.4404096e-06,0.025417574,1.0,0.00759499,1.36084855e-05
2019-11-20,0.9931793,0.9998198,0.9999906,0.999959,0.99997306,3.9344712e-07
2023-02-14,1.0,2.169925e-07,1.6288824e-11,0.99999976,0.96296525,5.8607347e-10
2021-03-08,1.0,2.7030291e-08,0.0008104344,0.99999857,1.3190454e-06,0.5972199
2023-04-08,0.99990356,0.9999548,1.281084e-07,1.7279191e-06,4.70859e-08,1.0
2020-04-07,0.9999759,0.00509444,9.947179e-11,1.4864067e-06,9.920938e-06,0.9999999
2023-11-25,0.0029504085,0.9999399,4.114603e-05,1.0,0.99993515,3.0441763e-10
2019-09-25,2.6883742e-09,1.0,3.6237215e-09,1.08116e-09,1.045186e-06,1.4219359e-17
2024-11-26,0.9970694,0.94898766,0.30775648,0.99999976,1.0,4.496383e-05
2021-08-04,5.5769974e-08,1.0,1.2321568e-09,2.0771449e-13,7.432528e-17,1.933527e-11
2022-03-15,0.999897,1.0,1.6124703e-05,6.9420414e-05,3.4032833e-12,0.99995196
2020-11-28,0.9998884,0.9999428,1.0,1.0,0.980917,1.6435501e-06
2020-04-05,0.9999999,7.601399e-05,3.100432e-09,6.4592825e-08,4.3285823e-08,0.99999976
2023-03-07,0.9999025,3.358877e-08,1.2027859e-12,0.999998,6.84495e-07,0.0004447815
2021-06-19,1.0,1.0,7.4744884e-11,8.910305e-18,1.1307146e-05,5.6627554e-13
2019-10-23,7.056401e-07,1.0,2.1077688e-06,0.31160173,0.61162394,2.5226852e-14
2023-06-09,0.99974185,0.99999964,1.466685e-12,1.7828271e-13,1.3990583e-09,6.475331e-08
2023-08-03,5.0782668e-14,1.0,1.02127745e-13,2.9387979e-12,3.732831e-12,2.0593538e-09
2019-04-20,1.0,5.3072654e-07,0.00020618564,0.00013608123,0.999992,0.9999999
2019-05-17,1.0,0.9967416,0.012923623,5.06162e-08,0.008048945,0.9999932
2021-08-15,7.9605034e-10,1.0,3.7579607e-13,7.451294e-13,6.812332e-17,4.8514286e-15
2020-10-09,7.6855503e-13,1.0,1.1900674e-10,2.2484539e-09,2.2398854e-12,6.5811835e-11
2021-11-17,0.9999851,0.9999968,1.1961022e-06,0.9999988,0.9999999,5.0712084e-11
2024-06-23,1.0,1.0,3.2893932e-10,4.378884e-14,1.9816089e-06,2.5734284e-17
2020-09-14,7.158766e-07,1.0,1.315269e-13,1.7558222e-14,1.4030158e-13,1.6919066e-15
2024-10-17,5.577393e-11,1.0,2.8120405e-12,1.3784819e-05,1.5404362e-12,5.5271694e-13
2020-04-16,1.0,1.7025148e-07,1.5116283e-05,8.2814964e-05,0.9999994,0.99961406
2019-11-06,0.9735588,1.0,3.0486212e-06,0.99924386,0.9995621,7.4666395e-14
2023-01-09,1.0,5.4304794e-05,3.2542712e-06,1.0,8.1050064e-05,2.6978773e-09
2024-04-13,1.0,2.0671232e-08,5.353815e-07,0.024747128,0.9999995,0.99999833
2024-03-19,1.0,0.0023623921,3.0047737e-12,0.00072530145,0.0568183,0.99910444
2023-05-26,1.0,0.00069062965,0.00014439569,5.3144575e-08,0.99155504,7.100972e-05
2024-08-16,6.886482e-10,1.0,1.3559134e-12,5.5071043e-16,5.629624e-15,3.4542685e-11
2023-07-14,1.8829705e-15,1.0,9.894197e-11,2.6451681e-11,1.8036749e-12,4.3321016e-08
2021-06-22,1.0,0.99995756,0.00032845206,1.7150063e-16,0.0003557422,1.5478665e-09
2024-10-07,8.149819e-15,1.0,1.827614e-07,4.4486114e-06,1.851896e-17,1.264163e-13
2019-12-03,1.0,0.00013873677,0.9990858,0.99543864,0.9999317,0.0010623494
2021-01-24,1.0,2.6312316e-06,0.99999726,0.99999964,9.261946e-05,6.03343e-05
2024-12-16,0.99998057,7.887818e-05,0.999777,1.0,0.99999917,2.5403751e-05
2021-01-27,1.0,2.5918073e-06,0.9999716,1.0,6.942803e-08,0.0013642529
2024-11-09,8.577396e-10,1.0,5.5986966e-08,0.039953973,3.3104765e-11,0.086646706
2023-03-16,0.9999945,1.1019926e-06,1.039837e-12,0.99999976,5.46783e-10,0.96881247
2021-08-07,1.2594874e-06,1.0,3.938429e-13,3.8790082e-11,7.443601e-15,2.2425689e-13
2019-08-20,3.3275763e-05,1.0,2.5461567e-16,5.629275e-13,1.9522184e-11,1.2217758e-16
2021-02-23,1.0,0.0002921325,0.9999163,0.9999957,7.466644e-05,0.24445122
2022-07-28,9.936674e-11,1.0,6.275381e-07,3.231038e-12,2.2026671e-07,3.0022215e-10
2019-03-28,0.99992657,0.9999386,0.00032991768,0.002303791,3.682352e-13,0.99999976
2023-09-28,1.1313473e-15,1.0,4.922899e-10,0.004065774,5.226934e-13,1.4837622e-15
2024-03-13,0.9943243,0.99514526,6.449627e-13,0.9602298,6.1966567e-13,0.22110891
2021-01-31,1.0,2.3133673e-05,0.99999225,0.9999999,5.8840817e-07,0.00038134426
2020-10-24,7.121383e-07,1.0,2.1339764e-07,1.8912252e-10,0.09938464,9.540666e-12
2021-09-15,2.369035e-10,1.0,7.0115654e-12,8.6438165e-13,1.7561739e-14,1.873855e-16
2020-06-25,0.37769264,1.0,2.0400624e-11,5.962621e-13,2.0426331e-10,3.876571e-13
2019-12-04,0.999998,0.019548029,0.99995756,0.9999702,0.9999995,0.5928449
2020-12-01,0.99993336,0.9973592,0.9999999,0.99999905,0.99996734,2.3894887e-07
2022-01-29,1.0,3.720697e-08,0.9998275,0.9999999,0.99988997,0.99945754
2024-04-28,1.0,7.9015145e-08,1.6474122e-07,0.052435774,0.99999917,0.9989064
2023-08-23,6.730668e-13,0.9999995,2.5403685e-07,3.2072993e-09,2.2824966e-11,1.4681498e-06
2024-06-19,0.99999917,1.0,4.523616e-15,2.4464538e-12,4.585501e-08,3.917576e-18
2021-01-15,1.0,4.0585355e-06,0.99999976,0.99999666,0.011019238,0.00021556906
2021-12-18,1.0,1.7485025e-05,0.99763,0.99999976,1.0,0.71193606
2022-12-31,1.0,3.0015322e-05,1.6360611e-05,1.0,0.98845506,3.0995107e-08
2024-04-23,1.0,1.2030092e-07,7.050232e-05,0.9988319,0.999982,0.9999999
2019-07-16,3.1698073e-06,1.0,1.7848288e-08,5.1780683e-15,1.7711403e-05,3.587855e-13
2021-02-02,1.0,1.7600913e-05,0.9999962,0.99999976,1.3524453e-07,0.0014804348
2019-10-31,0.002734062,1.0,1.693611e-08,0.10442156,0.95138854,5.3124795e-16
2024-05-06,1.0,7.4645573e-06,6.2143433e-12,1.2510238e-06,0.9999962,0.0076646777
2022-09-25,3.519698e-11,1.0,3.245519e-10,1.13839806e-10,5.1396374e-14,5.0710907e-19
2022-01-21,1.0,2.408648e-07,0.9999932,0.99999964,0.9999995,0.9978042
2020-11-24,0.6809851,0.999998,0.99999976,0.99999976,0.995193,1.5361049e-05
2019-06-13,1.0,1.0,3.1739823e-08,1.189451e-16,1.864103e-07,6.8557924e-09
2024-08-01,6.198847e-08,1.0,0.00014912758,1.910617e-12,8.2470145e-16,2.0358984e-08
2022-05-24,1.0,4.472929e-05,3.7553806e-07,3.200301e-10,0.9060299,8.437131e-12
2020-10-25,1.1697103e-10,1.0,2.818929e-09,3.5604532e-07,0.0005944935,7.583318e-16
2022-02-21,1.0,8.675697e-07,0.999926,1.0,0.98924303,0.9999713
2023-08-31,8.894087e-15,1.0,1.0020154e-09,6.203034e-07,2.2118605e-09,6.2337946e-10
2020-09-28,1.7530423e-13,1.0,2.0645332e-07,4.137658e-11,7.236603e-09,2.3167952e-12
2019-06-09,1.0,1.0,3.7742474e-08,1.7182275e-13,3.63075e-06,1.7098165e-12
2024-10-03,1.4444474e-12,1.0,9.980051e-12,4.1383933e-06,1.9175135e-12,2.4235467e-13
2024-09-02,3.3127472e-13,1.0,9.679328e-08,5.60876e-10,3.6878486e-13,1.9025297e-08
2019-12-26,1.0,1.4831584e-06,0.99907756,0.9999423,0.9999999,0.9935062
2023-02-28,0.99077237,2.173585e-09,2.033823e-11,1.0,7.183712e-06,3.6677084e-05
2022-08-22,4.863181e-13,1.0,1.759443e-10,2.8185246e-10,7.5614165e-10,8.510045e-14
2020-09-04,1.4166675e-10,1.0,3.011521e-12,7.691714e-12,3.877214e-17,1.6712714e-14
2023-12-11,0.9993505,0.0037890521,0.9320305,1.0,0.99944013,4.393596e-08
2021-04-29,1.0,3.2621907e-09,0.000585063,7.7365e-07,0.99999607,0.9999341
2024-01-12,1.0,5.2782643e-06,0.99991846,1.0,0.9999987,0.9185483
2023-01-07,1.0,1.986588e-07,0.012046774,1.0,0.99998975,0.00022053273
2020-06-03,1.0,0.9999999,4.1033186e-06,8.6921944e-16,1.8457494e-06,1.8521831e-12
2021-01-19,1.0,6.3935795e-06,0.99992454,0.99997234,0.0007315968,1.2645298e-05
2024-12-23,0.99999964,0.00043806122,0.9999974,1.0,0.9999529,0.00011058988
2022-06-08,1.0,0.99999905,6.7600318e-12,1.4450069e-12,0.19683465,1.0629211e-13
2019-12-18,1.0,3.1001375e-06,0.99973327,0.9989697,0.99999547,0.98530304
2022-08-30,6.614802e-13,1.0,1.12737805e-10,2.9279031e-13,1.6996493e-08,1.4250154e-16
2019-12-12,1.0,0.00031525202,0.99995637,0.999997,1.0,0.8927793
2022-02-23,1.0,0.0020412663,0.9999964,1.0,0.011871516,0.66459167
2023-02-27,0.9995296,1.309543e-07,4.913958e-14,0.99999976,2.6431795e-05,3.5220124e-05
2020-06-20,1.0,1.0,6.580222e-13,3.0764332e-13,0.0007268172,2.4664972e-20
2022-06-10,1.0,1.0,2.8463059e-12,3.4849813e-15,6.871816e-05,6.3010082e-15
2024-09-12,1.2264854e-12,1.0,0.9239988,4.163915e-09,5.9250196e-12,1.3622625e-05
2020-03-16,1.0,3.6467616e-05,0.00026362084,9.4416326e-05,0.9957568,0.99999976
2020-06-17,1.0,0.99999607,2.370931e-12,1.11000506e-11,2.3599557e-06,1.7876786e-14
2022-12-22,1.0,0.00014915288,0.003894745,1.0,0.9997204,7.467627e-09
2023-09-25,9.276407e-15,1.0,1.3246596e-13,4.1411914e-09,5.1356783e-14,1.1230136e-16
2022-07-22,3.141047e-11,1.0,3.2711631e-09,2.0174065e-15,4.3914044e-14,1.0877504e-12
2021-07-18,6.249898e-05,1.0,5.5052822e-14,5.1808895e-09,4.012098e-12,4.056113e-18
2021-04-10,0.9999994,0.99932945,1.1284629e-07,1.9994823e-07,0.005044301,1.0
2024-09-07,8.430435e-13,1.0,4.1768094e-06,7.2706896e-10,1.5011843e-14,1.626717e-09
2022-11-01,0.99281466,1.0,3.6411837e-15,0.00035326343,0.00095006765,6.549e-19
2024-08-10,1.1283745e-13,1.0,2.4027706e-06,1.7654864e-11,5.432273e-12,2.3216973e-05
2020-12-25,0.9999993,0.017044822,0.9999994,0.9999995,0.9995484,4.776236e-07
2023-02-26,0.99999976,6.497498e-09,2.0416273e-11,0.99999964,0.00016953632,1.2006499e-05
2024-05-13,1.0,0.00017878861,6.2567495e-05,5.4105144e-06,0.2974269,7.535712e-15
2021-01-04,0.99999976,1.2460406e-05,0.99997747,0.99999964,0.00090206275,0.0069020465
2020-06-14,1.0,0.9999199,1.9091261e-13,1.8818933e-15,3.4259533e-06,5.3248036e-13
2021-01-01,1.0,0.00078687107,0.9999989,1.0,0.38885733,0.12043411
2019-05-13,1.0,5.5159664e-05,0.54305,3.286435e-09,0.07191731,0.99999845
2022-05-01,1.0,1.3564233e-08,2.2278782e-06,7.2600535e-08,0.99997866,0.9996511
2023-12-02,0.59001076,0.1401956,0.01815521,1.0,0.99999964,4.6511562e-07
2021-04-27,1.0,1.9366656e-05,0.014092523,1.2216525e-06,0.9999558,0.999995
2023-07-31,6.6451017e-13,1.0,7.2855905e-12,3.9192363e-10,1.3414632e-10,3.1049887e-09
2020-12-18,1.0,3.3986646e-05,0.9999999,0.9999442,0.9806702,0.014090139
2024-07-15,1.017249e-05,1.0,1.630635e-12,3.0218344e-14,1.5087896e-16,1.0064287e-16
2021-05-02,1.0,2.3415792e-09,0.023661232,3.805341e-06,0.99895084,0.9999652
2022-05-29,1.0,0.00027814522,2.367645e-09,9.75077e-10,0.9814434,2.2264533e-10
2021-05-27,1.0,2.4089719e-05,0.99974245,1.841528e-05,0.000102655744,5.4567058e-09
2021-01-06,1.0,2.9095452e-05,0.9999484,1.0,0.4934429,0.0044010216
2019-10-10,7.8159185e-10,1.0,4.8437985e-05,0.00023994937,0.021966973,7.182104e-14
2020-12-09,0.99999225,0.37530282,0.99999475,1.0,0.9957688,1.0609682e-06
2020-03-30,1.0,7.9123424e-08,0.9956487,0.9999026,0.17069206,0.99999833
2023-02-25,0.99999917,1.2917432e-08,4.2437878e-10,0.9999981,0.012446411,0.002585526
2023-07-11,2.1054254e-09,1.0,3.2114944e-08,1.3862755e-14,2.3899422e-15,2.7034401e-09
2021-02-14,1.0,8.993523e-05,0.9995604,0.99999654,1.504427e-06,2.7279502e-06
2023-04-30,1.0,1.7354743e-08,4.435086e-06,6.0015714e-06,0.9984536,0.9986823
2023-08-13,2.4698993e-10,1.0,2.3817355e-13,2.625577e-13,4.426604e-15,2.579135e-12
2021-12-30,1.0,1.3076561e-07,0.99746287,0.9999398,1.0,0.9978654
2019-06-06,0.9999999,1.0,1.6270985e-13,6.29811e-12,1.5553234e-10,7.459225e-10
2022-02-07,1.0,6.735077e-08,0.9999964,1.0,0.99990547,0.99992347
2024-02-06,0.99999976,0.0027425622,0.99993396,1.0,3.2692485e-06,0.9996724
2021-06-17,0.99999475,1.0,7.7352766e-08,4.411664e-17,6.7570784e-07,1.1998532e-12
2020-08-23,4.6373346e-11,1.0,6.014444e-05,5.1486915e-11,2.026775e-11,7.738314e-09
2021-11-26,1.0,0.32382932,0.0016046101,1.0,1.0,4.6839862e-11
2023-12-03,0.9999567,0.033441134,0.0016713429,1.0,0.9999988,1.9440838e-08
2019-09-23,3.3538313e-06,1.0,1.8367673e-12,1.083563e-09,1.2219212e-07,1.0785473e-15
2023-05-05,1.0,1.1137599e-09,0.00026782425,0.00014693312,0.9993424,0.99999917
2022-05-25,1.0,0.0070926063,1.6254996e-11,4.781791e-12,0.006149882,1.895536e-11
2021-09-26,2.3638883e-11,1.0,4.7238147e-14,6.917754e-12,4.8421605e-17,7.6412124e-18
2022-03-18,0.99399537,0.99999225,0.9975425,0.9999901,7.1872647e-12,0.01381809
2024-12-10,0.99999905,0.0022395242,0.99959964,1.0,0.9999982,0.0006203641
2022-08-18,5.4394836e-14,1.0,1.2026691e-08,4.4045812e-11,9.180715e-09,4.1938e-11
2024-09-24,2.5936397e-11,1.0,5.357852e-13,2.3073954e-10,4.3047546e-16,1.57991e-13
2023-01-30,1.0,3.8744187e-05,1.55288e-11,1.0,0.45277786,2.6841933e-09
2020-02-08,1.0,1.1549289e-06,0.9998821,0.99999416,0.96261233,0.9999871
2019-04-11,0.99996805,0.3567195,8.7564507e-07,6.2199994e-08,1.2100809e-11,1.0
2021-08-09,7.710097e-06,1.0,4.1674752e-16,6.8624075e-14,3.4658074e-17,2.0258363e-14
2021-12-25,1.0,2.329251e-07,0.99972147,0.9999987,1.0,0.9965307
2020-02-22,1.0,1.23213e-05,0.9999558,0.9999907,0.002656496,0.9997168
2019-08-28,7.9922465e-08,1.0,2.7016204e-13,1.5927775e-14,6.988323e-15,2.0431735e-15
2021-01-22,1.0,5.033047e-07,0.99997663,0.99999726,0.00088014273,0.0007482775
2020-01-22,1.0,1.748162e-08,0.9999696,0.9984869,0.9999975,0.99976915
2022-06-12,1.0,1.0,2.3010492e-10,7.1179156e-17,2.8065276e-06,4.537083e-13
2020-05-01,1.0,2.404809e-10,1.8587768e-06,3.5676173e-08,0.99989927,0.92949474
2024-12-21,0.9999999,5.3845097e-06,0.99999774,0.9999999,0.99987745,0.00027016166
2019-05-28,1.0,0.99999976,7.489114e-06,2.4490926e-15,1.0846823e-08,0.20881255
2022-12-16,0.9999999,0.0056096422,0.0067509525,1.0,0.9980976,5.5619714e-10
2020-08-13,2.2157534e-09,1.0,0.00069636165,3.2063348e-08,3.5899985e-09,1.5906421e-08
2020-09-07,2.4357692e-07,1.0,1.7910719e-13,3.87908e-16,6.31722e-18,1.297364e-14
2024-09-23,1.2891575e-10,1.0,5.587889e-12,1.6950256e-09,5.0526917e-18,1.2928047e-13
2021-07-21,1.0680776e-06,1.0,9.113993e-10,4.8950364e-09,5.6352126e-14,7.2018265e-15
2019-10-08,1.0583196e-08,1.0,2.8196705e-06,1.2805615e-06,8.9663865e-07,9.806358e-16
2023-01-21,1.0,8.206346e-08,1.5205568e-12,0.9999994,0.92223233,1.9110206e-07
2023-08-08,3.7205215e-11,1.0,6.93462e-17,9.141104e-09,6.722996e-13,2.080647e-12
2019-04-27,1.0,6.2282034e-08,0.0005554294,6.44524e-07,0.9968118,0.9999994
2019-05-06,1.0,4.277956e-05,0.42677832,1.6136867e-07,0.999997,0.9999989
2023-06-07,0.9999988,0.9994197,4.164265e-06,2.767625e-16,3.214897e-11,0.010139434
2020-08-25,5.577946e-11,1.0,8.176494e-07,4.8610743e-10,1.4933167e-10,2.1912299e-13
2024-08-23,7.2827416e-16,1.0,7.808446e-08,4.1737317e-06,1.5268807e-12,1.5174829e-08
2024-03-14,0.9999999,0.17886916,1.4965592e-13,0.014555763,1.0009348e-08,0.229008
2024-07-07,0.09002125,1.0,8.5245043e-14,1.0323652e-12,1.3036013e-12,1.5398262e-18
2024-03-04,0.9946607,1.0,3.094723e-10,1.2458496e-06,8.5763766e-19,4.91981e-06
2024-01-18,1.0,1.1176141e-05,0.9999895,0.9999999,0.9999918,0.5553516
2022-12-05,1.0,0.9781959,0.00095922576,1.0,0.9999919,9.3185555e-12
2024-01-16,1.0,0.00018377844,0.9997615,1.0,0.99999917,0.07076376
2023-02-12,1.0,2.5567425e-07,1.6645186e-09,1.0,0.99929345,2.0727353e-10
2020-12-06,0.99996614,0.4131659,0.99999976,1.0,0.9995796,1.288007e-06
2024-02-07,1.0,0.009194597,0.9786124,0.99992704,4.3009495e-05,0.9990396
2022-11-16,0.9999999,1.0,2.5283386e-08,0.98062986,0.99999857,1.9739622e-14
2024-04-29,1.0,1.9537715e-07,2.7804605e-09,0.017946173,0.9999987,0.999141
2022-01-17,1.0,2.8628725e-07,0.9999993,0.99999857,0.99999964,0.99761176
2024-07-18,1.9181996e-06,1.0,6.8165608e-12,2.0198168e-15,8.3783124e-19,6.913331e-17
2023-05-11,1.0,6.7470185e-09,0.9624724,0.0028740172,0.8617113,0.99999774
2024-08-11,1.1434381e-10,1.0,5.5158065e-09,7.357151e-14,7.800057e-14,1.8704614e-10
2021-10-17,7.926001e-05,1.0,1.05056975e-13,2.9499928e-05,1.2114089e-07,3.119985e-16
2023-04-18,1.0,8.058447e-07,6.6912094e-08,0.0002531689,0.99813855,0.9998442
2023-05-25,1.0,4.050861e-05,0.0025003334,8.51051e-06,0.9765588,6.0311522e-05
2021-12-06,1.0,0.00039995112,1.5149415e-06,1.0,0.9999974,3.594242e-06
2021-10-24,5.3871186e-06,1.0,6.495694e-15,1.2425457e-09,5.963602e-08,7.126419e-17
2020-12-31,1.0,3.881486e-05,0.9997627,1.0,0.09350164,0.0069173994
2024-06-11,1.0,0.99999976,3.3915844e-17,0.0044981427,3.1401312e-05,1.5435556e-17
2023-03-05,1.0,1.2414235e-08,2.6248648e-10,1.0,8.005135e-05,3.2924723e-05
2020-11-05,2.2075214e-05,1.0,0.98909235,0.007940483,0.9999794,1.8508554e-12
2021-02-01,1.0,1.1603469e-05,0.99999404,0.99996674,1.9601619e-07,0.00046645483
2021-12-31,1.0,6.643729e-07,0.9965463,0.99999976,1.0,0.99818975
2024-09-11,9.924628e-11,1.0,0.9886376,9.794729e-09,8.030355e-08,8.551041e-08
2020-09-03,6.2505785e-11,1.0,1.8264125e-12,3.116771e-14,2.1766138e-16,8.91883e-13
2022-07-12,3.9211926e-07,1.0,5.5991135e-05,1.2790273e-18,1.6575337e-12,3.0396754e-09
2021-11-18,1.0,0.9999995,5.488955e-06,1.0,0.99999964,1.4324032e-12
2023-03-23,0.99999976,1.2172078e-06,1.8986542e-12,0.12917069,2.001353e-10,0.9999957
2024-07-11,0.0049336688,1.0,1.4326977e-13,5.577675e-13,1.3876861e-13,1.03251165e-14
2024-04-16,1.0,1.079368e-08,0.00012373309,0.99456173,0.9999995,0.9999291
2022-11-21,1.0,1.0,2.491913e-07,0.99966705,0.99999976,1.7724071e-14
2019-05-11,1.0,0.00018847945,0.000120445606,4.6121205e-09,0.9988582,0.999813
2023-04-22,1.0,1.2316461e-05,2.5720366e-08,1.405121e-09,0.99927956,0.9994092
2019-06-17,0.9999144,1.0,4.048848e-10,7.043344e-16,5.5148416e-07,2.8822122e-10
2022-08-29,2.4801867e-13,1.0,3.1303514e-12,4.973276e-14,1.1026207e-09,3.8553707e-17
2023-04-16,1.0,4.9838955e-09,2.799725e-09,3.4900924e-05,0.99944645,0.999972
2020-01-28,1.0,1.3234761e-08,0.99998355,0.9987085,0.9991254,0.99998677
2022-05-08,1.0,1.0781037e-06,2.3695158e-05,1.1350835e-09,0.9999846,0.2748582
2024-12-22,0.9999733,7.184896e-05,0.99999654,1.0,0.9999279,0.00093340763
2024-04-30,1.0,1.0529818e-06,1.2941e-09,3.633771e-05,1.0,0.7304434
2021-12-20,1.0,7.1793356e-06,0.99608046,0.9999999,0.9999999,0.71998596
2019-11-08,0.0017874669,1.0,0.00012698914,0.85308367,0.99998426,3.4393879e-09
2023-11-01,1.7655596e-12,1.0,8.906531e-11,0.04136242,4.8877098e-14,7.754107e-13
2021-04-30,1.0,0.0026888074,1.0404638e-05,2.4654822e-08,0.9988024,0.9998031
2020-04-02,1.0,9.379321e-09,6.1587605e-07,0.00014877575,0.022627598,0.9999999
2019-04-04,0.9460169,0.99889165,9.8569464e-05,2.4921053e-07,1.8940597e-13,1.0
2024-08-19,7.3306107e-13,1.0,8.457796e-10,7.544835e-10,2.425637e-13,7.094516e-11
2024-06-15,0.9999999,1.0,6.784101e-14,6.21448e-10,5.1200246e-08,2.3191908e-20
2021-12-08,1.0,0.0001371013,0.0002726613,1.0,0.99999654,1.5975025e-05
2022-02-24,0.9999999,2.316514e-06,0.99790657,0.99999976,0.0028086624,0.923988
2023-03-14,0.9999795,6.8783695e-10,3.813335e-09,0.99999976,1.1504854e-06,0.6096656
2021-07-09,0.99343586,1.0,2.2588766e-10,2.8465044e-10,1.7470118e-08,7.415344e-15
2023-01-05,0.99999976,0.033964988,5.1557542e-08,1.0,0.0007269515,2.6443394e-12
2022-05-31,1.0,6.520489e-05,4.084096e-08,1.246828e-10,0.99908555,1.7025245e-06
2023-09-13,5.0990567e-14,1.0,8.7515524e-08,8.157728e-13,2.4304292e-10,9.995822e-06
2022-04-01,0.9999435,0.99914503,4.272689e-05,0.2833384,2.0468685e-10,1.0
2023-06-10,0.9999994,0.9999982,1.794423e-07,5.4907583e-14,1.2340859e-06,1.5165232e-05
2023-07-29,1.3986888e-11,1.0,2.201335e-12,5.0675922e-11,6.1608695e-08,6.083306e-10
2022-07-06,2.1671616e-08,1.0,9.05183e-07,4.133654e-17,3.027487e-11,2.4311406e-12
2020-09-17,3.0251247e-08,1.0,1.8642469e-13,4.8355878e-14,2.2687415e-15,1.9601309e-16
2023-06-20,0.02619388,1.0,1.5395322e-11,4.9512606e-14,1.9779043e-14,1.77539e-08
2022-03-13,0.9977531,0.9999988,0.7351885,0.9636955,9.3499395e-09,0.9987902
2020-10-06,3.1112324e-12,1.0,1.2272361e-09,3.773882e-11,4.9869766e-09,1.02914774e-10
2023-12-10,0.9999238,0.07206059,0.9981084,1.0,0.99999106,0.0005531903
2019-11-17,0.9886544,0.99999905,0.014692026,0.9999969,0.9997924,4.276911e-09
2023-10-04,2.0859039e-16,1.0,3.5681343e-12,0.0010554469,8.2823386e-13,6.422764e-14
2022-01-27,1.0,1.9523332e-08,0.99996436,0.99999964,0.999995,0.999874
2021-04-19,0.99996686,0.99997544,0.00021380457,2.5065833e-07,4.593836e-06,0.9999999
2024-09-25,1.17282e-10,1.0,3.7667603e-12,1.9793112e-11,1.8293784e-17,1.299127e-14
2022-09-05,4.4608313e-14,1.0,1.6490857e-08,2.5549478e-12,1.2485943e-09,4.1495296e-18
2024-11-15,0.00039534297,1.0,0.00042262633,0.9999869,4.8642258e-05,0.003310773
2023-08-19,1.0067428e-10,1.0,2.3204745e-12,1.1090279e-10,8.2315826e-16,1.1267915e-13
2020-01-24,1.0,1.411967e-08,0.9999213,0.9985085,0.9999945,0.9998753
2024-05-05,1.0,2.1611078e-05,3.6428837e-12,9.32593e-09,0.9999994,0.0010699098
2020-07-30,1.5252523e-10,1.0,0.0004115859,1.31225595e-11,7.4165126e-13,6.242082e-08
2024-03-11,0.3795086,1.0,1.3222819e-13,6.318282e-10,9.143007e-16,0.00023908386
2021-12-22,1.0,0.00021814843,0.99436295,1.0,1.0,0.07262559
2022-03-19,0.9746182,0.9999999,0.99620616,0.9677652,1.7141996e-11,0.9998857
2022-02-05,1.0,2.6772872e-07,0.99986434,1.0,0.9999684,0.9993098
2023-11-20,0.0016778589,1.0,1.3612872e-13,0.9991855,0.7276475,4.8269502e-15
2022-06-19,0.005052684,1.0,2.525714e-10,7.34019e-18,2.11168e-12,1.7196247e-16
2020-10-19,2.7125396e-10,1.0,4.4649626e-09,1.8030173e-09,2.1429572e-10,1.0500024e-10
2024-06-24,1.0,1.0,1.998853e-15,3.5898588e-14,2.4415828e-08,2.9071034e-16
2024-10-01,3.1790653e-12,1.0,4.157199e-05,1.1569899e-05,1.1249908e-15,4.8145587e-14
2022-07-26,6.823927e-11,1.0,6.7382636e-08,1.5547658e-10,2.9816235e-08,8.538446e-11
2024-01-29,1.0,4.3369545e-07,0.99999833,0.99999976,0.99720913,0.9991339
2022-01-15,1.0,1.5071066e-07,0.99999,0.99999917,0.9999999,0.99915075
2020-03-06,1.0,3.1910265e-06,5.6585657e-05,0.91831636,1.8415437e-06,0.0048059216
2020-10-13,4.120022e-09,1.0,3.7577537e-09,0.0010922623,5.4529186e-09,1.3104981e-10
2022-04-11,1.0,4.797209e-09,3.4006327e-05,0.003373034,0.9999119,0.9999994
2022-03-20,0.99999404,0.99999964,0.77818096,0.9985745,1.5864954e-10,0.001522768
2021-09-09,5.641849e-10,1.0,1.4229805e-13,3.811534e-15,6.957676e-16,1.8831941e-14
2021-11-30,1.0,0.0065996116,0.00027481443,1.0,0.9999964,5.646915e-08
2023-08-22,3.625373e-13,1.0,7.506376e-06,8.1442035e-09,9.145218e-13,9.3133e-11
2022-12-23,1.0,4.2665244e-05,0.00079687225,1.0,0.9774993,1.1960756e-09
2023-12-21,0.9999994,0.009662229,0.99750036,1.0,0.99999857,0.00029363335
2024-05-24,1.0,0.16630127,1.9666078e-10,5.1058346e-06,2.4128343e-07,2.0198085e-08
2022-02-03,1.0,4.561834e-08,0.99997556,0.99999833,0.9999968,0.9999528
2024-10-06,4.4493476e-12,1.0,1.6874672e-07,1.0010956e-07,7.3790525e-16,2.4298031e-14
2021-10-03,1.327627e-09,1.0,5.1429007e-11,1.0341881e-08,5.98503e-14,1.9015758e-19
2024-08-24,1.2959845e-13,1.0,0.00021572941,6.471812e-08,1.5532053e-12,3.2092692e-07
2020-08-29,2.9004633e-12,1.0,6.690693e-10,1.6759104e-13,1.0580251e-15,6.2503583e-13
2023-12-13,1.0,0.00089176936,0.968309,1.0,0.9999999,0.001078205
2024-02-29,0.55677,1.0,6.115788e-10,0.015156439,9.1471485e-18,7.017937e-11
2021-04-23,1.0,0.72942454,4.3292566e-05,5.874898e-08,0.9975375,0.9999999
2024-09-17,9.571975e-13,1.0,0.0009958778,1.1188421e-09,4.0599235e-09,5.129193e-08
2023-10-30,5.5376978e-14,1.0,1.0140594e-08,0.05663316,1.6162487e-12,8.694894e-13
2019-10-15,1.6815981e-08,1.0,5.892866e-08,7.7047656e-07,1.766726e-11,1.2516397e-12
2022-12-29,1.0,0.00080158503,0.00014804796,1.0,0.43093437,2.3921476e-09
2023-07-05,6.22616e-07,1.0,1.8061271e-11,1.861755e-14,1.4448269e-13,4.9911318e-14
2024-09-28,2.5585883e-10,1.0,1.5715377e-12,5.015089e-12,8.757619e-18,1.4068968e-12
2024-12-20,0.99999714,0.00011914963,0.9999958,0.99999917,0.99999,1.6984855e-05
2021-04-08,0.99645704,0.99999976,5.268786e-08,5.958491e-06,1.1980162e-09,1.0
2023-07-30,3.7207593e-13,1.0,1.1610138e-12,7.9761295e-13,9.531686e-11,3.7726605e-10
2021-05-11,1.0,6.4816175e-09,0.046223488,0.000121557525,0.9998242,0.999992
2022-11-13,1.0,1.0,3.0718848e-08,0.9914364,0.9999999,3.5336552e-15
2024-10-24,6.60274e-09,1.0,7.6382016e-13,4.845435e-06,1.0429863e-14,3.1349554e-10
2019-11-16,0.8038026,0.9997414,0.0011855802,1.0,0.9999933,3.1766062e-11
2021-07-30,9.734571e-05,1.0,1.12977805e-14,1.504891e-14,8.684132e-18,3.5976626e-16
2020-10-16,1.2973271e-10,1.0,2.1626686e-08,1.0323337e-08,4.7770513e-08,6.194412e-13
2024-05-16,1.0,0.004950863,3.2785177e-11,9.0045705e-07,0.007593121,1.7396001e-12
2021-06-26,1.0,1.0,1.651987e-05,9.6602205e-12,0.0016247545,4.6511135e-13
2021-01-21,1.0,1.0694572e-05,0.99999475,0.99999714,0.0026115656,0.0008733585
2023-06-15,0.99959046,0.9999981,9.382305e-10,4.5390652e-13,6.1353436e-11,0.0007460403
2019-05-21,1.0,0.99042445,0.0010391289,9.859782e-06,0.00083346374,0.9999591
2024-07-29,2.1745033e-11,1.0,7.782063e-10,1.8982883e-16,3.6555424e-17,2.1360767e-10
2021-10-14,0.00027861155,1.0,5.0692886e-13,5.8238534e-09,4.8642668e-09,1.0876e-14
2021-04-06,0.9998584,0.99936575,3.2748925e-11,0.00028169653,1.5932675e-13,0.9998827
2021-06-28,1.0,1.0,0.00017739601,1.4891816e-13,0.0038535728,2.1157529e-11
2019-08-22,4.95292e-07,1.0,4.844556e-12,8.449475e-14,1.4870225e-12,6.13136e-13
2024-06-26,0.8836901,1.0,7.367268e-16,5.621614e-13,6.184572e-11,1.6796094e-17
2022-02-16,0.9999999,6.571058e-08,0.99999166,1.0,0.80413324,0.9999981
2024-11-05,1.1372305e-10,1.0,9.531832e-11,2.1564661e-07,4.794382e-13,7.6490897e-10
2022-04-07,1.0,0.0007099809,1.7331213e-07,0.18054342,0.007835586,0.9999976
2022-05-19,1.0,2.6081523e-05,1.0740417e-06,8.619701e-12,0.00066178606,1.8341854e-10
2021-10-15,1.2437326e-05,1.0,2.2990136e-10,3.4655636e-06,8.713208e-09,9.155597e-18
2019-05-16,0.9999999,0.9994066,0.00011388725,2.5510974e-11,0.015731845,0.9999418
2024-01-17,1.0,2.3699156e-06,0.99998915,1.0,0.9999995,0.9175109
2020-01-26,1.0,4.941132e-09,0.9994155,0.99871075,0.9874608,0.99999917
2023-03-04,0.9995772,1.2560164e-08,3.7307542e-11,0.99999905,9.676205e-07,0.00011721886
2020-03-21,1.0,2.5251704e-05,6.650121e-06,0.0019248715,0.999961,1.0
2022-02-01,1.0,1.3789404e-08,0.9999989,0.9999927,0.99996305,0.99995613
2021-02-04,0.9999999,0.00038231324,0.99931276,0.9999995,6.065631e-07,0.00027948816
2021-09-04,1.2903544e-08,1.0,2.4581165e-14,8.4748164e-10,1.4045458e-15,6.2225287e-19
2022-08-01,1.1812162e-10,1.0,0.001626598,7.464424e-09,0.009941261,6.4096857e-09
2020-02-19,1.0,1.1036511e-06,0.993582,0.99918085,0.0029596472,0.9999937
2021-10-11,1.38091345e-05,1.0,8.3026473e-13,2.8136771e-08,6.005829e-11,6.9126193e-17
2020-04-03,1.0,1.11945155e-07,1.5033724e-08,5.4505734e-05,0.00037370354,0.99999964
2023-12-27,1.0,6.911406e-05,0.76444834,1.0,0.99999976,0.00015281176
2020-03-04,1.0,0.00018820738,0.0017637569,0.9998634,8.923155e-07,0.00096397894
2023-05-10,1.0,2.9739715e-09,0.96600723,2.069036e-05,0.98787934,0.99998224
2020-12-23,1.0,0.0004175613,0.9999994,1.0,0.9995572,0.002642198
2024-11-24,0.99121946,0.43902874,0.9986272,0.9999999,1.0,3.488678e-05
2020-08-05,2.5024203e-09,1.0,7.561507e-09,5.843187e-14,1.6061766e-10,1.1437816e-12
2023-09-19,6.7152957e-16,1.0,1.7359733e-07,1.4548165e-05,2.508401e-11,4.7208903e-09
2020-05-14,1.0,3.789316e-08,1.5775171e-08,7.19742e-11,0.999605,0.009994189
2020-10-08,1.833386e-12,1.0,2.0981055e-09,6.334886e-10,3.0905497e-08,3.8463357e-10
2020-06-15,1.0,0.99985707,8.050387e-15,2.1511894e-13,0.00018954871,2.5131942e-15
2021-10-04,2.64523e-10,1.0,1.5419126e-11,5.214915e-09,1.03261226e-10,8.041495e-20
2023-10-08,2.0456536e-15,1.0,6.0917127e-10,7.345671e-06,4.806175e-13,3.4449958e-16
2020-04-17,1.0,1.397806e-07,3.3286397e-05,7.86824e-06,0.9999999,0.9999682
2023-10-17,5.257453e-12,1.0,2.689891e-10,0.00014046243,9.938142e-13,8.39212e-14
2024-06-25,0.9999943,1.0,4.986521e-16,3.5216082e-13,7.1181645e-08,1.5175297e-15
2022-12-02,0.9999995,0.9994998,0.0013889611,1.0,0.9998777,1.8564142e-11
2023-05-08,1.0,5.3320218e-08,0.9656782,2.7624643e-05,0.97008497,0.9999999
2019-06-12,0.9999993,1.0,7.857172e-10,1.8386561e-16,2.3467055e-06,2.4726483e-13
2022-12-15,1.0,0.0035111632,0.005474272,1.0,0.9993087,1.309904e-09
2020-11-11,0.14357495,1.0,0.999985,0.9999672,0.9998235,1.8661714e-07
2019-04-06,0.9966239,0.99877685,2.69818e-07,4.318918e-07,5.0564284e-12,1.0
2021-05-20,1.0,1.777476e-07,0.98914963,2.0733203e-06,0.99522924,0.84660727
2023-10-19,1.2979996e-11,1.0,6.260145e-12,7.95795e-06,4.577031e-13,8.943657e-15
2020-11-16,0.15827547,1.0,0.99998486,0.9999974,0.986901,1.7169041e-09
2023-11-03,9.422076e-11,1.0,1.8828155e-12,0.8782294,7.2976736e-09,8.2008754e-14
2024-03-31,1.0,1.5453898e-07,9.837562e-10,0.0017198601,0.9997038,0.99986076
2019-06-30,0.008942711,1.0,3.9422812e-11,8.350143e-18,0.00012627947,4.564581e-13
2022-08-04,2.3378011e-11,1.0,1.1388192e-05,1.2036294e-10,7.1560873e-09,3.5818824e-11
2024-05-20,1.0,0.42736477,5.663736e-07,7.787473e-07,0.00011384761,2.7399345e-16
2022-06-18,0.12805738,1.0,3.7683456e-10,7.433435e-17,5.5038387e-12,2.05752e-13
2019-06-05,1.0,1.0,5.2028595e-06,1.4964437e-15,2.718982e-06,2.447239e-11
2022-06-28,1.0899772e-05,1.0,0.07300288,8.8279915e-14,1.4616654e-10,1.055417e-15
2023-04-23,1.0,8.1924793e-07,7.3478786e-06,3.8325578e-07,0.9999639,0.99999857
2024-09-30,4.1987483e-10,1.0,3.049786e-13,9.698755e-11,1.232538e-16,9.648963e-13
2020-08-19,3.106438e-14,1.0,0.0007794426,2.1418711e-09,3.999175e-10,1.5769976e-11
2023-07-27,5.6284885e-14,1.0,3.5891727e-11,2.7159332e-12,2.9288516e-10,1.3381679e-08
2024-03-09,0.99812,0.9999995,2.0875331e-11,2.14609e-06,9.777832e-21,1.252186e-05
2023-07-26,3.7123449e-09,1.0,4.891828e-08,6.230645e-10,4.591021e-05,3.8644223e-05
2019-11-27,0.9999932,0.7134975,0.039528947,1.0,0.99999404,0.00011811514
2020-04-29,1.0,9.339544e-10,0.00017452237,3.0590982e-07,0.9997075,0.32126376
2021-09-24,2.4347232e-12,1.0,3.280425e-15,8.607051e-12,3.74709e-16,1.1452774e-15
2020-10-28,8.011472e-09,1.0,2.6168925e-06,4.7948606e-07,0.99244267,2.558365e-09
2023-03-06,0.9999815,2.140756e-07,1.3776714e-11,1.0,1.3343647e-05,6.152304e-05
2024-03-08,0.9979912,0.99999774,3.1854245e-13,4.978711e-08,1.06984495e-20,3.6547347e-09
2022-11-05,0.99997723,1.0,9.1220226e-11,0.0020159138,0.9979882,1.9035964e-16
2020-12-10,0.9999999,0.1536465,0.9999999,1.0,0.9998374,1.7170909e-05
2024-10-16,3.1565542e-11,1.0,9.152384e-07,0.0010607683,3.1889005e-14,3.0207254e-12
2021-04-18,0.99994206,0.9989447,1.8324065e-05,3.3507573e-07,0.0083066765,1.0
2020-08-21,8.715587e-12,1.0,0.00046267305,4.972632e-10,1.9995314e-08,1.0690043e-13
2024-06-18,1.0,1.0,2.4373892e-13,5.886226e-12,8.011324e-08,1.4394877e-17
2024-06-02,1.0,0.9998729,4.05791e-07,3.5533188e-10,0.1958526,1.5852302e-11
2022-01-05,1.0,1.7357842e-06,0.9999049,0.99999845,1.0,0.77062607
2022-04-13,1.0,1.3408561e-07,2.2146935e-06,2.9401574e-05,0.9999994,0.9999988
2023-11-30,0.002424868,0.99998546,0.033084728,1.0,0.9999999,1.1635377e-10
2023-12-20,1.0,8.05295e-05,0.99997365,0.99999833,0.99999833,0.00010785142
2021-10-30,0.0008249116,1.0,7.0168323e-13,0.002617274,4.0226455e-06,2.4953491e-15
2023-05-02,1.0,1.8584566e-09,0.0016551055,2.8802978e-07,0.99344903,0.9999993
2021-12-04,1.0,0.001722145,0.016270025,1.0,1.0,2.6793333e-07
2021-02-11,1.0,0.000120823475,0.9999176,0.9999999,8.056463e-09,8.8210055e-07
2021-07-01,0.9999999,1.0,5.9601396e-10,2.2523714e-14,0.0001118161,7.2545375e-10
2021-10-12,5.838204e-08,1.0,9.648969e-12,4.8703873e-07,3.855607e-09,2.6355724e-16
2024-02-26,0.16264924,1.0,1.7137493e-10,4.0111172e-05,6.22281e-20,2.584664e-09
2023-07-03,1.864906e-05,1.0,1.126044e-13,2.5396367e-17,1.6229645e-12,2.5176382e-14
2020-10-14,8.823151e-07,1.0,9.403884e-08,1.0449314e-07,0.0004358794,7.527449e-12
2023-12-26,1.0,2.9172828e-05,0.9983748,1.0,0.9999999,0.106278375
2019-09-14,1.1052786e-08,1.0,7.847074e-11,2.0639673e-12,9.976833e-16,1.52121e-15
2019-04-13,0.99999976,0.014505065,7.879104e-06,0.004418601,2.2286189e-05,1.0
2020-09-11,6.969897e-08,1.0,1.4676846e-15,1.6701283e-13,7.6867366e-17,1.5385259e-14
2024-12-06,0.9999981,0.11866747,0.99999666,1.0,0.9999994,0.0007435491
2024-09-14,8.754957e-16,1.0,0.042895038,8.4608183e-07,4.3090416e-09,2.3310458e-08
2020-10-18,2.5019218e-11,1.0,6.2204e-09,1.6823252e-06,8.449859e-11,2.3116911e-13
2022-01-30,1.0,7.73417e-08,0.99999666,0.99999976,0.9999801,0.9998746
2024-12-28,0.9999999,6.9278944e-06,0.9999988,1.0,0.999995,0.018375004
2021-07-06,0.99965525,1.0,1.4354201e-08,6.3616785e-11,2.3322402e-05,1.0439206e-16
2021-11-08,0.9327041,1.0,1.0265813e-14,0.9799681,0.78723973,1.6372992e-18
2024-08-17,7.0324657e-10,1.0,1.8255201e-13,3.1014015e-13,4.5114026e-13,1.2325823e-07
2022-11-29,1.0,0.99999917,0.00074217294,0.99999094,0.99310935,4.5227776e-12
2021-05-28,1.0,2.675119e-05,0.9512195,0.0006639349,0.005250691,7.587306e-10
2024-02-23,0.027778722,1.0,2.42403e-11,1.0905179e-05,8.374442e-20,2.7930307e-07
2023-02-23,1.0,2.0203208e-08,4.60512e-14,0.99913967,0.60539407,3.1884665e-05
2021-06-08,1.0,0.0045772567,0.2841494,0.00015052146,0.9472588,1.8585167e-13
2019-08-15,4.6550117e-08,1.0,4.5673104e-08,1.5662015e-13,4.3081004e-11,3.2175193e-13
2023-06-16,0.9941362,1.0,4.5333437e-14,1.334064e-13,2.5000028e-12,1.7179096e-07
2019-06-01,0.999998,1.0,1.1444117e-09,8.0545965e-22,3.5017678e-10,5.6001653e-10
2021-08-31,4.852422e-10,1.0,5.7459304e-10,1.4024668e-10,2.0223223e-15,3.9270046e-17
2024-12-29,0.9999999,1.7714121e-05,0.99999976,0.9999988,0.99999964,0.007831146
2023-08-24,1.5629152e-14,1.0,1.547326e-07,2.5105967e-08,4.4403294e-11,1.1944148e-11
2019-06-25,0.99925846,1.0,3.8850244e-13,2.5816075e-18,1.5228316e-06,2.1921548e-16
2024-11-20,0.9435845,0.9999685,0.90311337,0.99995613,0.9995542,4.630611e-05
2020-07-15,5.6181604e-10,1.0,5.8320367e-08,1.0704713e-13,7.2494434e-11,5.3818937e-08
2019-10-18,1.9175902e-08,1.0,1.21224515e-08,1.8989278e-06,7.394326e-08,2.3247658e-17
2023-04-04,0.99996686,0.00081758527,7.02092e-08,0.0036093157,3.3462477e-08,0.99999774
2022-09-09,1.03640315e-13,1.0,4.6408966e-09,7.8144336e-07,7.988146e-12,8.663499e-15
2023-05-04,1.0,8.739234e-10,0.0054197363,0.0010946414,0.43864572,0.99999976
2023-06-28,0.0011189118,1.0,2.9815192e-07,4.7779204e-14,9.608419e-12,6.291657e-10
2022-01-01,1.0,3.9227035e-07,0.022685269,0.9999645,1.0,0.9677981
2024-05-07,1.0,1.4110834e-06,1.1074214e-10,1.08425215e-08,0.9998568,3.699277e-05
2020-05-29,1.0,0.012489953,1.0600534e-07,3.713104e-12,0.011942291,1.0089809e-09
2019-11-07,0.84540033,1.0,1.5625146e-08,0.3187802,0.9999914,1.2045663e-14
2023-11-27,0.004601956,0.9995345,5.777779e-07,1.0,0.9999994,5.9547193e-07
2020-06-24,0.9999778,1.0,1.3946427e-14,1.5585052e-12,1.3990025e-06,3.1523071e-18
2019-08-31,1.6822547e-06,1.0,1.2406771e-13,2.8307634e-15,5.778155e-17,6.3616295e-15
2023-07-21,6.776807e-14,1.0,1.6457273e-11,1.2079893e-15,4.9996954e-11,1.2285088e-11
2024-07-31,1.499132e-11,1.0,1.0085054e-06,6.7912086e-14,9.7171195e-12,6.969605e-08
2020-02-02,1.0,5.5521724e-08,0.9999311,0.9999087,0.9796895,0.99998677
2020-11-18,0.010742214,1.0,0.99998486,0.9883491,0.12108486,7.267885e-11
2024-12-15,0.99999607,0.00080610975,0.99999976,1.0,0.99999976,0.00048018876
2020-04-01,1.0,1.7782001e-07,2.9602068e-06,0.16065678,1.821442e-07,1.0
2022-03-23,0.99993634,0.99999976,2.0939763e-06,2.5744432e-05,7.2185766e-15,0.99999964
2021-06-23,1.0,1.0,0.0006520539,6.833704e-16,0.00037124916,5.094789e-10
2023-08-07,7.263993e-14,1.0,3.1920492e-16,8.4489765e-10,1.304063e-13,6.470944e-13
2020-07-20,5.5577846e-13,1.0,0.0016011122,3.8013358e-14,1.9350532e-12,4.3464113e-12
2021-03-18,1.0,4.0152863e-06,3.9802912e-06,1.0,1.919306e-12,0.9516349
2021-05-30,1.0,0.003062814,6.534539e-05,0.009568375,0.06776361,9.354309e-13
2024-06-07,1.0,0.9999629,2.5360238e-11,4.5638135e-10,2.188451e-05,1.9041312e-11
2021-08-08,1.331015e-08,1.0,3.5238457e-13,6.3834295e-13,1.0091809e-17,3.158437e-16
2020-06-08,1.0,4.1683743e-05,3.6166741e-06,2.7388642e-08,0.9997085,5.678376e-12
2022-06-15,0.9996244,1.0,2.2899519e-12,3.0515963e-16,4.2256927e-11,1.5748264e-12
2020-02-13,1.0,2.9505522e-09,0.9917788,0.99996877,0.34717128,1.0
2023-01-19,1.0,9.988011e-08,1.2432523e-09,1.0,0.96229947,8.691562e-09
2020-06-10,1.0,0.0040270886,0.00047448755,3.4478395e-10,0.14742208,1.7014039e-12
2024-06-22,1.0,1.0,1.03064016e-11,8.586756e-11,6.4471585e-08,3.5151407e-16
2024-05-25,1.0,0.103159785,7.125982e-07,2.1182213e-10,0.0072868275,8.31552e-12
2021-11-01,0.0022566174,1.0,2.8689909e-12,0.000114969334,0.10048763,8.879018e-19
2021-08-30,2.2200949e-08,1.0,2.8602098e-09,2.6611388e-11,1.2839029e-15,1.7828161e-14
2024-08-14,8.384416e-12,1.0,3.5745174e-08,4.0622353e-15,4.9643796e-13,5.8513134e-08
2024-03-07,0.33939385,1.0,7.221818e-10,7.71106e-08,1.0183937e-15,3.2568334e-08
2024-04-10,1.0,1.1069705e-08,1.1661288e-07,0.019029899,0.9999993,0.9999958
2022-08-17,1.6842204e-12,1.0,1.2021692e-08,6.142562e-13,6.979248e-12,1.1206152e-12
2021-03-27,0.9999534,0.9945985,5.551743e-07,0.17364708,1.2462845e-12,0.99999297
2024-10-10,1.5037814e-13,1.0,1.0359344e-06,3.1269352e-05,2.0930774e-16,2.1120815e-13
2021-11-13,0.9999783,1.0,2.337782e-12,0.15280108,0.9992211,4.172086e-17
2021-08-18,0.00041720757,1.0,2.7144389e-14,3.0057923e-09,7.4327996e-05,3.0081405e-15
2023-08-12,6.341477e-13,1.0,4.6252056e-15,6.0582256e-10,1.8124938e-15,2.6713566e-14
2024-09-05,4.9591476e-16,1.0,0.00046291566,4.405577e-09,1.6859762e-11,1.226675e-08
2019-04-14,0.9999995,0.027058966,1.3438532e-07,1.6028926e-05,4.437102e-07,1.0
2019-05-23,0.99999976,0.9999994,0.00017695474,5.363596e-10,6.2785235e-05,0.97713643
2023-10-10,6.29445e-15,1.0,8.767947e-11,4.0890486e-06,2.2488493e-12,2.495041e-18
2020-11-04,6.2481604e-06,1.0,0.999997,6.226211e-05,0.99998665,2.0333041e-10
2023-03-28,1.0,9.457445e-06,2.2920614e-07,0.99527043,4.676809e-11,0.99994254
2021-02-22,1.0,6.0986695e-05,0.9997125,0.9999999,4.024044e-05,0.04219467
2024-09-29,4.3941597e-11,1.0,3.225704e-13,1.3544312e-10,6.900251e-13,9.332211e-13
2024-05-18,1.0,0.002147643,7.983096e-07,1.2547805e-06,0.008630801,1.3399057e-14
2020-05-31,1.0,0.9999956,2.1296111e-05,3.911982e-15,9.225915e-06,6.695646e-10
2023-05-27,1.0,0.061038002,0.000104973835,0.00037573668,0.9999931,2.4825782e-08
2024-12-04,0.99991643,0.004757692,0.9999999,1.0,0.9999999,1.7124941e-05
2024-07-23,2.9484142e-09,1.0,1.3520706e-12,9.565319e-16,2.4374491e-17,3.9631156e-13
2021-12-05,1.0,5.132505e-05,0.00012622325,1.0,0.9999999,1.2658321e-06
2022-08-23,1.8490054e-13,1.0,3.889675e-08,1.6686198e-12,5.89252e-11,1.7758247e-14
2020-01-04,1.0,6.1475355e-08,0.9999448,0.99936956,1.0,0.999954
2019-07-17,5.4272093e-08,1.0,1.1256054e-05,6.517835e-15,7.17939e-05,1.4042217e-19
2024-05-11,1.0,0.0024812827,2.4683438e-11,7.4099794e-06,0.9990872,1.07175796e-10
2023-08-10,9.7388555e-14,1.0,9.039427e-14,4.761294e-09,5.279733e-15,2.3130384e-15
2024-05-09,1.0,0.00027810465,1.0779176e-08,0.008312983,0.999959,6.9266334e-06
2019-11-18,0.9500822,0.9999639,0.83735114,0.99999857,0.9999999,3.215049e-08
2022-05-12,1.0,1.6654442e-07,4.6019712e-09,2.7157199e-09,0.9875711,0.00021124347
2019-11-05,0.12887783,1.0,5.6402385e-09,0.8372194,0.9997204,1.8680312e-16
2024-05-21,1.0,0.96250796,2.1860163e-09,1.1881425e-09,8.182155e-06,2.7296215e-13
2024-11-08,8.8331205e-08,1.0,1.1838738e-09,0.00029118676,5.2671804e-15,5.5788278e-05
2021-03-06,1.0,5.7478763e-07,9.418944e-05,0.99999976,1.0900975e-06,0.001236876
2019-09-28,1.6856176e-09,1.0,3.620922e-07,3.0898367e-08,3.24681e-08,1.7247671e-18
2024-11-18,0.71673393,0.99997056,0.01623109,1.0,0.99905103,6.4642177e-07
2023-11-22,0.2811619,1.0,3.6040607e-10,0.99983776,0.9999707,6.9627915e-11
2021-05-17,1.0,3.5927027e-07,0.996874,0.000909066,0.9980788,0.9646041
2022-01-10,1.0,4.3227251e-07,0.99940836,1.0,0.99998415,0.92271876
2020-12-16,1.0,0.0271862,0.99999976,0.9999832,0.9972025,0.0004073026
2021-03-03,1.0,8.219249e-06,0.003061434,0.99999833,5.4945937e-10,0.99991274
2021-05-22,1.0,7.479561e-07,0.0026448506,1.2907676e-06,0.97134024,3.5943467e-05
2022-03-02,0.99970764,0.04532653,0.99995494,0.9999989,5.80394e-07,0.8864508
2019-10-07,2.2257934e-08,1.0,0.00085732166,0.1424764,2.6394668e-05,1.3328431e-17
2019-06-28,0.025784984,1.0,1.3712053e-13,3.6823566e-18,3.2711364e-10,2.6324703e-14
2020-10-26,2.2158305e-08,1.0,2.160878e-09,1.3038251e-08,0.00012543317,7.9011325e-13
2020-07-26,4.6334974e-11,1.0,0.0016799482,8.065506e-12,6.2152913e-12,1.7470376e-07
2020-02-17,1.0,2.0082016e-06,0.99918526,0.9999807,0.93702817,0.9999993
2021-02-10,0.99999976,0.0024895228,0.9999969,1.0,3.434098e-06,1.0860538e-06
2021-12-24,1.0,1.983197e-06,0.99107283,0.99999917,0.9999987,0.9639489
2023-06-13,0.090790264,1.0,3.912372e-14,3.258122e-14,2.6145692e-12,1.493193e-08
2020-07-10,6.064456e-06,1.0,2.938409e-07,2.6001799e-17,3.6621017e-10,1.784908e-11
2023-05-09,1.0,5.8232617e-06,0.7534723,0.08533051,0.9979797,0.9999894
2024-05-02,1.0,6.004612e-08,2.6346472e-09,0.001404205,0.99999917,0.937198
2023-04-15,0.9999999,7.6122065e-05,3.724816e-08,1.2263802e-08,0.99985063,0.9999671
2019-09-15,1.9762803e-09,1.0,2.7076823e-09,4.830129e-11,8.328345e-12,3.3301715e-19
2020-02-15,1.0,3.15835e-06,0.9924678,0.99974304,0.9713127,0.9999893
2022-09-28,4.6792153e-12,1.0,1.5590494e-08,4.6099776e-06,2.090608e-12,2.6690058e-20
2024-01-27,1.0,2.3883094e-06,0.9999299,0.9999999,0.90806675,0.99903154
2022-08-13,2.5754483e-12,1.0,2.5108848e-05,6.7514035e-14,3.5728605e-12,1.6701037e-08
2023-10-15,8.854556e-13,1.0,4.2809427e-09,9.769164e-05,3.800431e-13,7.006989e-13
2019-07-05,0.0006304702,1.0,2.289842e-09,9.355466e-17,2.2157856e-06,1.3994854e-09
2022-07-17,3.9571693e-10,1.0,0.00032261023,3.5515482e-15,6.9671313e-16,5.452619e-12
2019-05-09,1.0,0.0016649283,0.5909795,5.8750095e-07,0.99994993,0.9999894
2024-10-09,2.8019814e-15,1.0,9.61511e-08,9.285868e-06,1.4313679e-16,6.1753653e-15
2024-07-25,2.1029452e-09,1.0,9.9901885e-11,5.188981e-16,5.879776e-15,1.1814166e-14
2021-05-09,1.0,1.9009809e-08,0.0012255524,5.3270103e-08,0.9999958,0.9986455
2021-01-23,1.0,8.563862e-06,0.9999937,0.9999999,5.830008e-06,0.00016826933
2021-03-22,0.9999999,0.22361803,8.925751e-06,0.99918586,1.27485245e-11,0.9997464
2023-10-23,5.5999004e-13,1.0,1.2393585e-11,0.18480508,2.9052708e-11,5.430858e-14
2023-10-14,5.3632453e-15,1.0,1.9391277e-07,1.1092891e-05,2.4866478e-13,1.0616348e-16
2022-01-28,1.0,1.3782043e-08,0.9999906,0.9999994,0.99959344,0.9999851
2020-03-15,1.0,0.0004982803,0.0011090946,0.0077740783,0.9864884,0.9999999
2020-02-11,1.0,3.6834695e-09,0.99816567,0.99995935,0.99055535,0.99999654
2024-01-25,0.9999999,5.676342e-06,0.99999845,1.0,0.9998884,0.9475625
2024-12-18,0.99999976,0.000111848305,0.9999993,1.0,0.9999999,0.0030689817
2020-06-05,1.0,0.0012228446,3.815723e-06,3.722076e-11,0.98919755,5.917727e-11
2021-03-01,1.0,4.8579554e-06,0.19332074,1.0,3.508575e-06,0.15929492
2024-02-28,0.88192874,1.0,1.3846694e-07,6.5263807e-06,5.45046e-18,1.9715635e-12
2020-01-05,1.0,4.1277642e-07,0.9999862,0.99993145,1.0,0.981156
2023-06-19,0.9727728,1.0,1.9671526e-13,2.412945e-11,1.2665635e-11,3.2293304e-09
2023-06-12,0.6541885,1.0,1.2259668e-11,1.0456264e-16,1.5608569e-10,4.165601e-08
2019-09-02,7.408016e-09,1.0,3.512829e-12,1.5625577e-10,8.9573244e-13,4.3813647e-14
2023-01-22,1.0,6.0053907e-07,6.725769e-12,0.99999976,0.015348124,4.4979075e-08
2022-07-23,1.6784991e-12,1.0,3.019382e-09,6.2004305e-16,2.028607e-12,1.726382e-08
2021-07-29,2.6543557e-07,1.0,8.955788e-13,6.5421166e-13,2.3898512e-15,2.8329766e-16
2022-11-17,1.0,0.9999976,6.201845e-07,0.9997414,0.9999999,2.4108046e-12
2020-06-27,0.9974335,1.0,3.0317074e-07,1.5804127e-14,0.0027023824,1.5915817e-17
2023-11-14,5.803254e-08,1.0,7.8851103e-14,0.99998045,0.001419097,3.507588e-15
2023-05-18,1.0,2.6358744e-05,1.0512209e-06,0.00081876834,0.99999654,0.6635607
2021-07-07,0.9735942,1.0,4.9678186e-09,1.4751017e-08,8.8590376e-08,1.1855752e-13
2020-08-11,1.3312924e-11,0.9999999,9.16136e-06,7.714524e-10,1.612899e-11,2.0207372e-06
2024-01-31,1.0,5.0353992e-05,0.9999211,0.99999964,0.034430142,0.97487426
2024-02-04,0.99999535,0.008995506,0.16875592,0.9999999,0.00017608305,0.9999995
2021-11-22,1.0,0.9998827,5.498085e-07,1.0,0.99999964,2.1667198e-11
2024-05-04,1.0,0.00014917948,2.979254e-11,6.005551e-08,0.99999845,0.0016196435
2020-07-06,0.0005247784,1.0,1.6046465e-09,8.039818e-14,4.6762405e-10,3.1349374e-14
2024-12-11,1.0,2.4147357e-05,0.9999912,0.9999999,0.99999976,0.027451625
2020-12-24,1.0,0.00014372068,1.0,0.9997451,0.99923265,0.012258872
2024-03-15,1.0,0.02970235,9.706333e-13,2.5467278e-05,1.8700084e-06,0.9573334
2023-10-18,3.9380687e-13,1.0,2.2228977e-10,0.00040212838,1.4086144e-13,7.701357e-16
2023-06-21,0.39583322,1.0,1.3982133e-12,2.6068343e-13,2.0427255e-11,1.6364247e-11
2019-11-10,0.005913524,1.0,5.0983188e-05,0.9999919,0.99999905,5.209984e-09
2021-05-16,1.0,3.935126e-09,0.0047945688,2.3970553e-05,0.9999113,0.9999831
2022-08-09,1.4187219e-11,1.0,1.6640307e-08,6.89776e-14,2.877694e-12,1.1563612e-09
2020-04-06,0.99988115,0.6047883,5.2004276e-11,1.763268e-08,4.19033e-11,0.99999976
2024-08-08,9.444144e-09,0.9999999,9.819898e-07,2.8997676e-11,6.288025e-13,0.012309845
2023-03-02,0.99998355,1.283192e-09,2.9924312e-12,1.0,3.49262e-07,0.0002845467
2021-11-29,1.0,8.852575e-05,0.00015537743,1.0,0.99999976,2.8611092e-07
2021-04-22,1.0,0.001249682,1.9977308e-07,1.0849598e-05,0.9999981,0.99995375
2020-12-14,1.0,0.003035508,1.0,0.9999554,0.99938726,2.46853e-06
2020-02-05,1.0,9.257204e-09,0.9999609,0.99994016,0.93758243,0.999752
2022-06-17,0.8525311,1.0,1.420591e-10,4.063223e-17,7.352939e-11,1.1682268e-15
2021-04-24,1.0,0.058263265,1.381049e-05,1.9207427e-07,0.99707687,0.9999987
2023-10-05,5.5761056e-15,1.0,6.102083e-11,7.066193e-08,1.5979309e-12,5.6712963e-20
2019-12-25,1.0,1.173564e-06,0.99965525,0.9968659,0.99999964,0.9929403
2021-12-26,1.0,8.166767e-06,0.9980234,0.9999988,1.0,0.8034621
2024-10-27,4.0413486e-10,1.0,2.4048712e-12,2.5290005e-06,2.8317327e-17,6.826282e-15
2023-03-20,1.0,1.2137905e-05,2.0915984e-11,0.5822954,4.075848e-07,0.99999964
2020-07-04,0.0761832,1.0,8.8071675e-11,1.1908688e-14,1.8108485e-08,3.7456095e-13
2021-11-19,0.9999999,0.9999298,1.3063011e-07,1.0,0.99999905,1.5336765e-11
2021-09-03,2.593224e-07,1.0,6.89483e-13,2.7576942e-11,8.8203574e-16,8.1980397e-19
2019-07-29,2.8430456e-08,1.0,0.00021157182,2.201925e-14,8.5782534e-07,1.1392391e-13
2024-09-08,1.5210947e-14,1.0,1.3089568e-05,1.2100413e-08,2.288652e-11,4.5980355e-11
2023-10-28,2.0927204e-14,1.0,2.0181109e-11,0.00060000113,1.7722197e-12,3.9723308e-14
2022-12-09,0.99995196,0.6813385,0.0030401787,1.0,0.9944265,1.0812657e-08
2023-04-12,1.0,0.0003491885,7.5032025e-10,2.8343338e-06,0.89505,0.99817276
2021-12-02,1.0,0.0017069661,0.00036206882,1.0,0.9999999,3.0093222e-08
2024-11-06,6.3935683e-09,1.0,1.723161e-12,3.3951258e-06,6.196674e-15,1.2882179e-11
2021-01-18,1.0,0.00019018543,0.9999881,0.9999999,0.004316409,0.0036857862
2024-03-02,0.8376479,1.0,5.0027867e-11,9.581471e-06,2.0820609e-19,1.2571386e-05
2022-12-17,1.0,0.01732284,0.0026159238,1.0,0.84932035,1.0125239e-10
2021-09-14,2.8510497e-08,1.0,1.7008671e-10,2.9182254e-16,6.510287e-13,5.806375e-16
2020-12-05,0.99999964,0.9926398,0.9999999,1.0,0.9999876,4.700328e-05
2021-03-19,0.99999917,0.00010350482,9.336316e-07,0.99999917,4.315368e-12,0.994812
2020-11-06,0.000187663,1.0,0.96473473,0.9999168,0.99999046,2.568507e-08
2019-10-11,4.0243515e-09,1.0,0.85025513,2.004443e-05,3.720345e-05,3.7774854e-17
2021-09-06,3.4628855e-10,1.0,6.751015e-11,6.448459e-13,4.654456e-18,1.2441707e-12
2024-01-26,1.0,2.3798013e-06,0.9999796,1.0,0.9993536,0.99668473
2023-09-09,2.2099125e-16,1.0,1.2277792e-09,7.1316085e-11,2.1891542e-09,2.1574917e-10
2020-06-19,1.0,1.0,2.8649213e-13,3.8393887e-13,3.7925952e-06,6.3806046e-17
2019-12-23,1.0,2.7590985e-07,0.9976865,0.9998816,0.99999964,0.998662
2022-01-06,1.0,7.9196354e-08,0.9999907,0.99999785,0.9999988,0.99603736
2020-08-20,5.0051338e-11,1.0,1.1127188e-05,1.2158864e-10,4.6481577e-10,1.6905108e-10
2021-07-20,1.7562351e-06,1.0,1.4906331e-14,4.407261e-15,7.5862195e-14,4.6856654e-19
2019-06-26,0.96467453,1.0,8.934329e-12,2.385101e-19,1.0267298e-07,1.1141129e-16
2020-11-03,4.0844266e-06,1.0,0.15349984,0.044343144,0.9878584,7.7382206e-10
2024-09-13,6.9809996e-14,1.0,0.18452357,1.3078258e-11,8.2521384e-10,4.980135e-08
2023-12-18,0.999998,0.0024758643,0.9994795,1.0,0.9999999,0.0004569745
2021-10-10,0.0002941158,1.0,1.5861748e-10,2.2816098e-10,2.577721e-10,7.759916e-18
2023-10-29,2.6495698e-12,1.0,1.0439147e-12,0.0013283575,5.087496e-14,1.646271e-14
2024-12-19,0.9999931,0.00046842828,1.0,1.0,0.99999785,1.7559702e-05
2024-02-05,0.99999964,0.00048357726,0.9974419,1.0,2.8143428e-05,0.9500095
2023-11-19,8.322804e-08,1.0,4.8552476e-13,1.0,0.11103921,1.5642886e-12
2023-05-16,1.0,0.00014612527,4.2372245e-05,3.7899194e-06,0.98912865,0.05758316
2022-05-16,1.0,1.6819738e-06,2.097209e-09,3.876394e-09,0.9805048,9.4786845e-09
2020-08-16,9.833269e-13,1.0,5.137141e-09,1.3044885e-13,1.4264938e-10,2.3530959e-15
2021-02-13,0.99998105,0.00018505503,0.99935085,1.0,4.1944443e-09,6.9315035e-08
2024-03-18,0.9999999,0.0010827349,1.6268573e-12,4.2465574e-05,7.057517e-06,0.99903417
2023-05-17,1.0,1.3046972e-05,6.2080227e-07,4.241328e-05,0.9999974,0.03614154
2019-09-10,3.914009e-09,1.0,5.6528844e-08,4.367425e-13,1.9916893e-09,7.0867425e-14
2023-06-29,0.0355595,1.0,1.5258983e-10,7.718114e-14,4.6166434e-13,2.924397e-10
2024-01-03,1.0,4.476447e-07,0.99999666,1.0,0.999995,0.9897905
2022-09-23,1.2297386e-09,1.0,1.032923e-11,1.4969764e-06,1.8932498e-14,5.3087557e-22
2020-08-01,1.8027472e-11,1.0,4.515328e-06,4.5040854e-13,2.4904339e-14,8.515027e-11
2019-10-03,1.1940567e-08,1.0,6.531079e-07,7.044888e-06,1.4589697e-09,5.69424e-17
2020-05-24,1.0,7.191529e-07,7.241549e-08,1.4671628e-09,0.9987093,1.1131619e-07
2023-08-16,8.234861e-13,1.0,3.6849378e-13,1.3056983e-13,3.8459463e-14,5.9195884e-15
2020-07-19,7.340468e-11,1.0,0.0008106662,2.5171894e-12,2.6669097e-12,7.750059e-12
2019-06-03,1.0,1.0,0.00015650604,3.746815e-14,6.3293854e-08,3.3978185e-14
2023-01-18,1.0,1.945666e-06,7.42714e-10,1.0,0.5178228,1.2238893e-08
2019-11-30,1.0,0.00039578666,0.95162797,0.99861455,0.9999858,0.98635256
2020-11-07,0.96430355,1.0,0.99536914,0.7241866,0.9998474,1.0939983e-09
2020-06-01,1.0,0.9996853,9.928539e-06,2.962022e-16,2.7527165e-08,4.7512216e-10
2019-07-15,1.6688944e-07,1.0,2.3343258e-11,1.0125406e-15,1.6360844e-05,9.082803e-15
2022-06-24,2.757373e-07,1.0,0.0069670966,3.2034778e-13,6.647253e-14,3.8084404e-14
2022-02-22,0.9997161,3.257161e-05,0.999992,1.0,0.0014244505,0.99747425
2019-09-26,8.874762e-09,1.0,1.6599097e-08,2.5924514e-08,2.7581944e-05,6.722184e-18
2022-12-06,0.99996877,0.98894686,5.4302724e-05,1.0,0.99899846,1.7635816e-11
2022-12-18,0.9999999,0.001744277,0.013972689,1.0,0.674337,9.0343777e-10
2022-11-08,0.9999864,1.0,1.2030803e-11,0.08076651,0.9969721,7.1953697e-16
2020-01-02,1.0,1.9917398e-08,0.9982785,0.99830663,0.99999976,0.9997979
2019-12-16,1.0,1.3905128e-05,0.9995252,0.9964294,0.99999964,0.98876184
2024-05-19,1.0,0.0020777697,3.710209e-08,6.2820372e-06,0.0002683925,2.7930308e-13
2020-05-23,1.0,2.4279866e-06,3.346712e-05,1.5740113e-10,0.98619336,0.00011388203
2019-09-03,6.873655e-08,1.0,4.531215e-15,5.092795e-15,1.5216286e-14,1.212108e-13
2021-02-09,0.9999875,0.0026855234,0.9999851,1.0,2.5414327e-06,0.00047450114
2024-12-30,0.99999964,7.788097e-07,0.9999937,0.99999976,0.9999988,0.49275997
2020-05-04,1.0,4.915348e-09,5.656028e-07,5.9867084e-06,0.9999939,0.9605353
2022-07-25,1.6254562e-11,1.0,2.748276e-07,3.6346162e-13,2.9614467e-08,1.920781e-07
2024-05-17,1.0,6.1927653e-06,4.804681e-09,1.0327263e-05,9.3931216e-05,3.6791365e-13
2019-11-15,0.99984264,1.0,0.00014999179,0.9986739,0.99999785,3.4302814e-09
2019-12-31,1.0,5.882733e-09,0.99988365,0.9988707,0.99999964,0.99978584
2019-11-03,0.63822377,1.0,4.965282e-08,0.0053077554,0.99955004,1.7849153e-18
2023-12-23,0.9999994,0.0036139644,0.99717915,0.99999976,1.0,0.004331572
2020-07-13,5.963193e-08,1.0,2.5029885e-06,2.5651785e-15,2.4427556e-09,1.8155223e-10
2022-03-04,0.99983597,0.00015268562,0.9972567,1.0,1.1311867e-09,0.0008279773
2023-03-26,0.99999976,0.4454403,1.630841e-11,0.025678916,2.8657232e-10,0.9998821
2021-05-01,1.0,1.1882067e-05,0.0073785624,4.4282498e-07,0.9999548,0.9999876
2024-06-28,0.8652809,1.0,5.9495194e-14,5.370162e-16,4.6165796e-10,5.6154376e-18
2024-08-22,3.8906112e-15,1.0,1.7837992e-10,6.5616867e-09,5.0373304e-12,5.3782556e-10
2020-05-02,1.0,4.2088133e-09,1.2753473e-07,6.977961e-05,0.99998844,0.9980671
2021-03-07,1.0,3.0435956e-06,0.007278795,0.9999995,1.718393e-07,0.12047429
2022-05-23,1.0,0.0076508936,3.061692e-10,3.395648e-14,0.04217725,6.0842746e-12
2020-02-16,1.0,1.4696036e-07,0.96264756,0.8929022,0.11252102,0.999997
2022-06-25,1.2378341e-06,1.0,4.3677173e-06,5.8068397e-16,1.3736718e-12,1.2400993e-14
2024-11-07,9.020093e-06,1.0,1.7101388e-09,0.00012399092,8.792987e-14,0.0001876435
2020-12-28,1.0,1.8430196e-06,0.99999905,0.9999988,0.99485284,0.38078117
2022-09-19,1.8343534e-10,1.0,1.6146682e-08,1.37774965e-08,1.3647418e-10,2.669231e-19
2022-12-13,1.0,0.00012291005,0.0689111,1.0,0.9997609,2.3470473e-07
2019-08-17,6.5451025e-07,1.0,4.0290195e-07,4.2910117e-14,5.4017416e-08,7.81119e-15
2023-07-16,2.2729041e-11,1.0,1.6942277e-12,3.9765045e-12,4.3376986e-12,2.6398946e-12
2024-10-29,6.163913e-12,1.0,1.8720726e-12,1.1158675e-05,1.6583027e-15,4.5859417e-14
2021-03-23,0.99999964,0.994795,1.6137385e-08,0.17062801,2.4487308e-13,0.9999392
2021-05-18,1.0,1.7380447e-08,0.99735665,3.356784e-05,0.9160575,0.9939319
2019-04-18,1.0,1.0515152e-05,6.346645e-06,1.04985176e-07,0.9997079,0.9999908
2021-11-25,1.0,0.98407483,1.0750892e-06,0.9999999,1.0,9.12065e-07
2020-01-23,1.0,8.2174665e-08,0.99987006,0.9595229,0.99999344,0.99975675
2019-05-22,1.0,0.99927753,0.15564212,0.00027008256,0.0008821679,0.9999987
2022-01-09,1.0,4.5550692e-08,0.9997973,0.99999726,1.0,0.9968451
2020-09-13,1.0080355e-07,1.0,3.7044437e-13,6.4652785e-14,1.2914522e-16,9.022301e-15
2021-06-12,1.0,1.0,3.5981586e-06,1.8128969e-09,2.272955e-05,1.0063584e-11
2023-11-23,0.006304834,0.99999976,7.503339e-12,0.9936388,0.97973037,7.8508645e-14
2023-06-22,0.0022903723,1.0,2.4825245e-13,1.8085407e-14,1.7446707e-12,9.869119e-13
2021-10-08,0.0031229893,1.0,1.7972814e-11,1.6111336e-08,2.7154607e-09,6.1034545e-19
2020-03-22,1.0,0.00028019972,0.9956391,0.9997645,0.9998982,0.99993956
2019-10-25,1.5222366e-05,1.0,8.011106e-09,0.000116816365,0.010907518,2.9534215e-18
2020-03-05,1.0,0.0002615013,0.002051749,0.9999925,2.3021761e-07,0.00419671
2022-01-14,1.0,1.1999887e-07,0.999954,0.99999917,0.9999999,0.9930059
2024-08-09,8.537697e-11,1.0,7.0610927e-06,1.358782e-12,3.781905e-13,3.860665e-05
2020-05-21,1.0,0.0011782432,2.0716068e-06,3.4268002e-14,0.78648514,6.1534e-08
2020-03-27,0.99999976,2.2027603e-05,0.00026806182,0.01113383,0.007480117,1.0
2024-11-23,0.056211647,0.9998153,0.40233752,0.99999857,1.0,8.060576e-07
2022-01-16,1.0,7.1292993e-07,0.99999046,0.9999999,1.0,0.9880287
2024-05-27,1.0,0.9999995,0.00046897473,1.8519112e-12,0.0017900758,1.3179389e-16
2019-10-20,8.023095e-09,1.0,7.455739e-07,8.522333e-07,0.0047422997,3.7383257e-15
2020-08-24,1.2899938e-10,1.0,0.00028542377,4.8833004e-11,1.32073765e-08,6.061769e-08
2019-12-20,1.0,1.6264781e-06,0.9999312,0.9796963,1.0,0.9952237
2019-04-10,0.9997514,0.86412716,4.395086e-06,1.7058433e-07,4.935892e-10,1.0
2023-09-08,1.3620435e-16,1.0,1.2034165e-09,1.0334176e-11,5.5145805e-11,1.4689991e-10
2022-07-31,3.6856218e-08,1.0,0.007920612,2.9077015e-13,0.0010764458,2.0032597e-07
2019-07-07,0.00039834218,1.0,1.242323e-07,3.2747066e-14,0.0017339239,6.3671386e-08
2023-09-26,1.4306277e-13,1.0,4.2046795e-17,1.3190206e-08,1.7476731e-14,3.1391552e-18
2024-01-20,1.0,1.3246261e-05,0.9999987,0.99999714,0.99998915,0.17543453
2021-11-12,0.99997675,1.0,3.971943e-11,0.99999094,0.99976915,2.7929093e-16
2024-03-21,1.0,0.0040462515,1.7722901e-09,7.66631e-06,0.00012762463,0.9999596
2024-03-20,1.0,0.0015473828,3.705803e-12,0.0005318208,0.0033300093,0.99998665
2020-03-25,1.0,2.587935e-09,0.40769562,0.25518948,0.46416572,0.9999999
2023-10-24,4.599928e-12,1.0,6.148156e-12,0.41342467,6.766208e-09,3.0478289e-15
2024-11-01,9.241423e-11,1.0,7.987802e-14,5.857745e-07,3.84061e-14,1.9643278e-11
2024-10-20,2.954876e-10,1.0,1.1296622e-13,1.8098772e-09,5.402627e-16,1.6335852e-13
2020-11-01,1.6106265e-08,1.0,0.09056623,1.2339243e-07,0.21433887,4.941725e-13
2019-06-16,0.99999726,1.0,1.8603717e-09,2.0390053e-14,1.3719416e-07,1.4217845e-09
2020-11-26,0.9942537,0.99999523,1.0,0.9999994,0.9999373,2.4695141e-09
2022-08-03,1.1995294e-10,1.0,0.00086983724,3.6829914e-13,7.899646e-08,5.3346896e-11
2021-01-13,1.0,1.4821397e-05,0.99997985,0.9999995,0.013709864,0.0023720926
2019-11-01,4.5020377e-05,1.0,3.4309787e-06,0.027969485,0.9646939,3.219652e-15
2019-08-21,4.4833124e-07,1.0,7.1895365e-13,6.2115844e-15,1.4221797e-10,1.1135621e-13
2019-08-30,1.4362367e-07,1.0,1.7451318e-10,4.7706602e-15,5.9924226e-17,1.7543662e-14
2020-03-14,1.0,5.135586e-07,2.3580464e-05,0.9819197,0.9963075,0.9999863
2022-08-08,3.3746592e-13,1.0,9.840451e-10,3.221531e-12,3.3129367e-13,1.0212074e-13
2022-07-10,3.540219e-07,1.0,2.2088173e-08,9.205501e-18,9.656576e-15,4.0282288e-13
2021-04-05,0.957977,0.9999988,9.4046015e-08,7.1598305e-07,8.0901466e-11,0.9999999
2021-08-19,0.0096780285,0.99999976,1.9917717e-10,2.056494e-07,0.9982963,3.7239075e-15
2024-01-30,1.0,5.701119e-06,0.9999957,0.99999714,0.969842,0.99603623
2023-05-20,1.0,1.3337923e-05,3.2841655e-07,7.446208e-09,0.96615666,0.028086346
2021-03-15,0.9999993,0.00040954095,0.035210162,0.99999917,2.4146898e-11,0.9913265
2024-01-01,1.0,5.007834e-06,0.99998546,0.9999999,0.9999995,0.7764351
2024-01-04,0.99999654,6.9442256e-05,0.81783634,1.0,0.9999919,0.020012572
2020-08-10,5.4893405e-08,1.0,0.000106460735,3.7169166e-08,1.0701244e-09,2.2895939e-12
2021-03-29,0.9978714,0.9999758,0.000223002,1.0141667e-05,4.8547953e-16,0.9999999
2024-11-30,0.99996245,0.10721454,0.9992999,0.99999976,0.99999917,0.0015340238
2020-03-09,1.0,1.0560677e-05,0.00018929568,0.9612116,4.4896277e-07,0.003929738
2024-06-01,1.0,0.99994516,1.1551795e-09,2.9172452e-13,0.9939697,8.0261214e-10
2022-12-03,1.0,0.9997253,0.005118865,1.0,0.9999889,4.168297e-11
2020-05-11,1.0,1.1579531e-08,3.0265473e-06,2.6599478e-10,0.9989795,0.05501478
2023-07-12,9.831286e-12,1.0,4.3864784e-08,4.998685e-11,4.264068e-12,8.864639e-06
2024-09-26,1.3418265e-10,1.0,5.2171358e-12,1.5563768e-10,5.1644118e-17,2.0755805e-13
2022-04-25,1.0,8.565503e-08,2.3244642e-07,1.7098776e-06,0.99999905,0.9999881
2019-05-18,1.0,0.037026554,0.49481624,5.7237485e-06,0.0003385257,0.9999989
2021-07-25,2.2685632e-05,1.0,6.1313334e-14,5.8628384e-13,2.4368446e-17,1.2090311e-15
2024-07-13,2.2897477e-07,1.0,5.958676e-13,8.9368166e-12,3.9268868e-16,1.5557932e-16
2021-07-31,0.0004997691,1.0,6.232365e-11,1.157082e-10,9.7771054e-17,6.1174994e-15
2020-10-04,2.3720166e-12,1.0,8.932302e-08,2.3518196e-13,1.9844844e-09,3.4778982e-10
2024-05-28,1.0,0.3318941,1.9604555e-07,3.8554322e-08,0.02471651,3.08099e-09
2024-04-08,1.0,4.1038573e-09,9.4873664e-09,0.020114865,0.99999976,0.9999938
2024-11-22,0.20327133,0.99982303,0.1296467,0.99999857,0.9999963,0.00012910237
2023-12-25,1.0,9.287887e-05,0.12500164,0.9999999,0.9999999,6.9704125e-05
2020-08-27,3.558239e-12,1.0,1.407086e-10,5.360208e-11,3.6872437e-13,2.1863013e-15
2020-04-24,1.0,1.9575301e-09,0.005916681,2.0248273e-05,0.999998,0.9999573
2021-04-26,1.0,0.2973193,7.041403e-05,2.4714197e-07,0.9837028,0.99999523
2020-05-30,1.0,0.9565585,0.000108518856,6.346835e-10,0.07342966,8.243859e-11
2020-09-19,3.9076373e-10,1.0,1.7166928e-11,2.0087271e-13,2.2553827e-16,4.1870096e-17
2023-04-05,0.9999654,0.09192326,8.254378e-09,4.3854736e-05,1.5833955e-08,1.0
2022-06-03,1.0,0.000371972,7.603005e-11,5.4878796e-10,0.9996834,3.370327e-11
2024-09-06,3.034537e-13,1.0,2.8031866e-06,1.6857766e-07,1.03468476e-13,4.826887e-11
2023-06-11,0.99996746,0.99999976,4.231967e-05,4.984277e-16,4.6789937e-06,0.00015097008
2022-09-26,1.4118827e-09,1.0,1.240168e-10,3.38586e-08,5.282098e-12,4.7145086e-21
2024-08-31,1.4253833e-11,1.0,1.3282794e-05,1.2049489e-12,5.7695363e-12,3.8449718e-07
2021-08-01,1.2098854e-05,1.0,1.1580684e-11,8.3851565e-11,5.2833396e-15,1.8406906e-17
2019-09-21,1.9431265e-09,1.0,2.1078227e-14,9.492086e-10,8.73286e-12,1.0381685e-12
2020-09-23,8.8021875e-13,1.0,1.0156118e-08,9.306853e-15,2.5342903e-13,2.3844523e-14
2022-12-19,1.0,3.9657643e-06,0.00013983634,1.0,0.63841796,2.4293965e-07
2021-06-03,1.0,0.87598854,1.8131219e-05,7.2222215e-09,0.75255495,7.780117e-14
2022-11-04,0.9981558,1.0,6.2674085e-12,0.0004584315,0.9973072,6.1805316e-21
2024-03-16,0.99999976,0.021202102,3.4963948e-14,0.029535409,2.1384097e-09,0.99707234
2021-10-16,1.4617449e-08,1.0,9.797371e-11,3.9259025e-06,4.511362e-08,8.1625135e-15
2022-08-10,6.792598e-13,1.0,1.4157151e-05,2.5602881e-13,7.73686e-11,2.4770999e-09
2022-02-13,0.9999999,2.9615404e-07,0.9999858,0.9999999,0.9958413,0.99967504
2022-05-09,1.0,7.934451e-07,5.8732337e-07,8.469204e-11,0.18767002,0.0004984789
2023-11-07,1.583482e-13,1.0,6.7505296e-10,0.99819034,1.9459423e-12,2.7924662e-13
2020-07-25,1.4690678e-08,0.99999976,4.6006237e-05,9.074347e-16,4.1141396e-13,2.2677712e-06
2024-10-12,5.6235767e-13,1.0,2.2017925e-06,0.00015108199,2.528349e-15,2.1039529e-12
2023-11-06,7.049464e-11,1.0,1.07062146e-11,0.014058398,1.6260338e-10,2.370827e-16
2022-11-24,0.9999969,0.9999896,0.000106748004,1.0,0.9999962,2.1424706e-14
2023-10-02,3.0484568e-15,1.0,2.4027047e-14,1.2130752e-06,2.2866086e-12,3.1738758e-14
2023-02-22,0.99999976,2.0165085e-09,1.9886126e-11,0.99989307,0.8494714,4.6877183e-05
2024-12-07,0.9954242,0.10993896,0.99999464,1.0,1.0,1.4420727e-05
2019-04-19,1.0,6.1169777e-07,2.622749e-06,2.1748276e-06,0.9993837,0.9999995
2021-08-13,2.505202e-07,1.0,1.657603e-12,5.2761264e-16,8.0277415e-18,1.9905533e-13
2020-07-17,1.0477094e-11,1.0,5.860311e-05,5.376907e-12,3.8923373e-13,4.0118645e-14
2020-01-31,1.0,2.7016787e-08,0.09378161,0.9977708,0.99959654,0.99993217
2023-03-08,0.9999999,3.2178153e-08,2.8146499e-11,1.0,3.428222e-05,9.533324e-05
2023-08-21,1.65685e-13,1.0,4.5742126e-09,6.3750887e-11,1.290086e-12,1.0826184e-10
2022-06-22,0.00013211956,1.0,2.531456e-08,3.331965e-14,3.155144e-12,1.0714989e-13
2021-05-03,1.0,8.894758e-09,0.00922924,0.00010845917,0.99999917,0.999894
2024-12-03,0.9880469,0.002876988,0.99995196,1.0,0.9999988,2.6206706e-05
2024-01-14,1.0,4.9869523e-05,0.99999845,0.9999994,0.9999993,0.9216796
2023-04-24,1.0,2.6226458e-05,3.9383635e-06,3.6761762e-06,0.98886895,0.9999999
2022-09-10,2.2640776e-11,1.0,1.0018106e-06,2.4200224e-09,1.4299766e-08,3.697446e-18
2021-11-24,1.0,0.8945443,3.54749e-05,1.0,0.9999999,7.2813755e-10
2021-02-25,1.0,1.5588415e-05,0.9981571,0.99999964,0.0005286008,0.31712806
2023-05-01,1.0,4.068259e-08,6.153378e-05,1.0410934e-06,0.9974099,0.99999297
2023-03-27,1.0,6.576863e-08,4.1130184e-09,0.9764232,2.2888779e-12,0.99933225
2021-03-20,1.0,0.000120921686,3.7246389e-06,0.9999988,1.6906124e-12,0.041847736
2021-12-27,1.0,7.1879765e-07,0.9933195,0.9999999,1.0,0.99485993
2021-11-11,0.99592006,1.0,2.2034417e-14,0.08749232,0.63156545,7.1376995e-20
2022-12-20,0.999985,0.0007612322,0.00063496456,1.0,0.9887183,1.414811e-08
2023-03-03,0.9999975,2.1987032e-09,8.87844e-12,0.9999993,0.0018009945,0.00015701214
2021-06-04,1.0,0.08214171,6.8410793e-07,1.8365633e-09,0.00205451,2.5641216e-15
2023-09-03,2.102305e-15,1.0,8.4752275e-12,1.203801e-07,4.0487335e-13,1.9519447e-07
2021-06-15,1.0,0.9999999,0.0005033773,2.7519715e-15,1.356206e-08,8.8086075e-12
2024-11-25,0.9459436,0.9996401,0.99974555,0.99999833,0.9999963,4.7114077e-06
2020-04-18,1.0,4.2793697e-08,0.00010234834,2.8735465e-05,0.99999917,0.9999918
2023-12-06,0.99442923,0.003762682,0.95322716,1.0,0.9999999,2.6468246e-05
2024-06-10,1.0,1.0,4.554228e-15,2.4286717e-11,1.1206046e-06,1.1150106e-15
2022-12-01,0.9999968,0.9852459,0.0002106411,1.0,0.9994986,1.1569108e-12
2024-03-22,1.0,5.2814e-05,1.3296138e-09,4.704488e-07,0.99355423,0.99939215
2021-03-17,1.0,0.00013518211,6.4439686e-05,0.9999999,5.214211e-12,0.79956466
2024-04-15,1.0,4.477038e-09,6.044174e-08,0.008817161,0.99999666,0.99996364
2019-09-08,3.8303938e-08,1.0,1.5088592e-08,1.0927106e-11,1.0727975e-09,7.8494496e-16
2022-04-24,1.0,6.55591e-08,2.3502852e-10,0.00090286986,0.9999989,0.9999052
2022-07-29,8.066726e-11,1.0,3.0847852e-05,9.12976e-13,8.975283e-07,5.0164934e-09
2021-11-03,0.021836756,1.0,1.1167873e-12,0.02241338,0.0068416484,3.1419688e-19
2021-08-27,1.1412119e-09,1.0,1.7760199e-08,9.999138e-13,5.6717617e-16,2.6783984e-13
2021-02-26,1.0,0.0012429582,0.99994934,0.999997,0.0032532131,0.9727015
2024-12-08,0.99999344,0.0017024005,0.9999963,1.0,0.99999964,0.0001630043
2022-12-28,0.99999976,5.913391e-07,1.5567559e-05,1.0,0.0001093408,3.5655057e-07
2024-01-28,1.0,7.814696e-06,0.9999893,1.0,0.999003,0.9834508
2020-08-18,1.6497833e-09,1.0,5.407672e-06,7.602665e-09,1.4953136e-08,1.8115721e-10
2019-07-28,2.51529e-07,1.0,2.2371258e-05,8.542628e-12,0.008793594,2.6975863e-11
2023-03-11,0.99999964,2.2076456e-09,1.00046416e-10,0.9999995,6.324416e-06,0.004873583
2023-11-04,1.9419369e-13,1.0,1.1099479e-07,0.91399074,1.7120186e-09,7.6362744e-14
2021-07-19,2.789642e-05,1.0,1.07422866e-13,5.467644e-13,3.5661574e-14,1.5099569e-18
2020-05-06,1.0,2.7642285e-08,1.09126795e-05,4.4012386e-06,0.999992,0.9017624
2024-03-30,1.0,1.4445267e-07,6.95357e-07,0.34639153,0.6498651,0.9999851
2024-02-02,0.99999976,0.016087266,0.0019174389,0.9999232,3.3434203e-06,0.9999759
2021-10-20,9.052667e-09,1.0,1.7208039e-11,1.1416853e-07,5.3446967e-09,5.038237e-18
2021-10-19,2.463086e-06,1.0,7.690855e-14,2.298515e-05,2.0704304e-07,2.148367e-18
2023-02-08,1.0,4.4244928e-08,1.0104764e-07,1.0,0.95836025,1.9768116e-07
2024-08-07,1.461686e-12,1.0,3.0067093e-05,3.326362e-12,5.766079e-13,6.390459e-06
2022-02-02,1.0,4.4251894e-07,0.9999951,0.99999964,0.9998344,0.99940646
2024-05-10,1.0,8.681167e-05,1.464696e-10,0.00027096207,0.99992335,1.7838919e-07
2024-09-10,7.484096e-13,1.0,0.00015667146,1.2541238e-14,5.8045065e-11,3.1343524e-07
2023-03-10,0.99999976,8.05061e-09,1.6299648e-10,0.99999964,1.8435503e-06,0.007292521
2023-07-09,1.789711e-07,1.0,4.9057054e-11,6.5657923e-13,6.7485145e-12,1.2946179e-10
2023-09-21,6.1817963e-16,1.0,5.1040146e-08,1.0859248e-07,1.8068012e-12,1.12061365e-07
2021-04-02,0.99886996,0.99999964,2.0200925e-09,5.1751732e-12,1.7086438e-11,1.0
2019-08-16,5.588364e-10,1.0,6.6749755e-07,2.0401935e-12,1.8288565e-08,7.023329e-16
2021-10-01,1.9887512e-09,1.0,6.395555e-13,1.7732706e-09,1.4822822e-12,1.9059902e-20
2022-04-04,1.0,0.36533904,0.00032904695,0.9894348,3.6296706e-09,1.0
2022-07-13,1.5274548e-08,1.0,7.871504e-06,9.062413e-16,1.6182971e-12,1.125098e-08
2024-09-16,7.318264e-12,1.0,0.011944754,6.7764294e-11,2.523048e-09,2.5599024e-07
2020-10-02,3.02752e-12,1.0,1.2927538e-08,9.943153e-12,4.49003e-12,7.6049076e-07
2022-06-09,1.0,0.9999999,2.0902834e-10,7.742985e-15,0.024917766,5.2676627e-15
2023-02-06,1.0,6.0920056e-09,1.1331146e-06,1.0,0.99567395,8.578878e-08
2021-02-06,0.9999944,9.453206e-06,0.9293699,1.0,1.9720932e-09,0.008239674
2023-08-25,2.6112982e-13,1.0,1.4103258e-11,2.6356445e-11,3.3362372e-11,9.275524e-07
2023-06-17,0.89821666,1.0,4.7078938e-14,1.4551678e-13,4.1190007e-09,1.0436624e-15
2023-01-24,1.0,2.7968824e-07,8.51372e-13,0.9999429,0.89365387,7.518273e-10
2020-11-08,0.8390067,0.9999999,0.15748276,0.9974226,0.9999918,2.1752594e-10
2021-06-07,1.0,0.093457274,7.870978e-06,0.00016547926,0.9966139,6.107686e-14
2020-06-29,0.6027884,1.0,3.1496877e-10,3.6135491e-12,0.0026293271,1.4448294e-17
2022-03-11,0.8198035,0.98931175,0.999936,0.96120596,2.2540747e-09,0.06675669
2023-01-04,0.9999999,0.00021996134,5.2628354e-07,1.0,0.0014830184,1.5631756e-09
2024-06-03,1.0,0.9997303,1.0542776e-05,1.00827585e-07,0.90431446,1.0574578e-12
2020-08-02,3.827261e-12,1.0,2.8528324e-09,1.58582e-11,1.1025632e-14,5.156666e-13
2020-08-22,8.197788e-12,1.0,7.3824274e-05,3.266317e-10,1.75449e-10,9.98505e-10
2024-01-05,1.0,9.356076e-05,0.9999869,1.0,0.99999917,0.27174324
2022-11-03,0.99980134,1.0,1.3891706e-11,0.0013533133,0.5680199,1.1374001e-17
2019-10-26,5.5579217e-06,1.0,8.072337e-09,0.07177759,0.7063214,2.9881344e-17
2021-05-25,1.0,1.6746444e-05,0.9869457,7.598624e-05,0.0077125174,1.081225e-07
2021-10-13,6.1230467e-06,1.0,3.6763678e-16,3.2184035e-09,5.766783e-13,1.2401783e-16
2020-08-31,1.4265963e-11,1.0,9.733336e-11,1.2669342e-09,1.6694307e-13,1.4739394e-09
2024-12-14,0.9997459,0.001608589,0.9999341,0.99999976,0.99999976,1.9991385e-06
2022-09-16,7.571222e-12,1.0,6.594057e-09,2.4640444e-11,8.734588e-13,1.6903871e-19
2024-04-22,1.0,7.976225e-08,1.4539582e-07,0.3372951,0.9997962,0.99997497
2021-06-24,1.0,1.0,1.3437847e-08,1.7662214e-14,0.00034898432,1.0577892e-11
2020-03-03,1.0,2.4509192e-05,0.9932789,0.9999341,4.2764242e-07,0.011582941
2023-09-04,1.553393e-14,1.0,6.5479707e-13,1.228466e-06,8.1492994e-13,1.4349602e-08
2022-08-28,1.1807593e-13,1.0,9.607727e-11,7.3270735e-13,2.9418293e-10,8.672455e-16
2023-09-23,7.242132e-15,1.0,1.0630276e-11,1.1185269e-06,2.7481037e-13,1.4167912e-11
2021-03-28,0.99999106,0.99285686,5.1691004e-06,0.9979317,1.8434066e-13,0.89009005
2021-07-16,0.7153648,1.0,9.532564e-10,1.2362581e-12,1.6307493e-09,7.864517e-18
2020-11-10,0.98698956,0.9999995,0.347584,0.9965578,0.9999827,9.984131e-11
2022-08-06,4.3883946e-12,1.0,4.1351868e-08,8.302932e-13,2.5028965e-10,9.761558e-11
2022-08-21,1.4439619e-13,1.0,6.822967e-10,7.198916e-11,1.1735943e-10,3.8457264e-14
2021-05-26,1.0,5.6522445e-06,0.98713326,0.04633866,0.8901891,1.8342527e-07
2019-03-26,0.9990312,0.9999856,3.5835021e-06,0.00327116,5.0391366e-12,0.99999976
2022-11-20,0.9999994,1.0,8.884991e-09,0.9999938,0.9999999,2.3158107e-15
2022-01-20,1.0,4.8156153e-07,0.99998367,0.9999995,1.0,0.95797557
2022-09-08,2.4614585e-13,1.0,7.484457e-08,6.518539e-09,1.3391325e-09,8.60586e-14
2024-02-10,0.9999999,0.0024907046,0.0011161132,0.99984694,1.0708951e-05,1.0
2023-11-17,1.2495025e-06,1.0,9.949474e-15,0.9999945,0.004118567,1.4003461e-15
2023-02-13,1.0,4.447821e-08,2.4841698e-08,0.9999927,0.94346315,5.202837e-08
2023-11-21,2.3268507e-05,1.0,2.9389244e-10,0.9999944,0.9999759,5.386848e-14
2020-04-28,1.0,4.815009e-10,1.2948897e-05,1.8881526e-08,0.9999887,0.66773945
2019-08-14,2.3839775e-08,1.0,4.2195616e-08,2.3202132e-12,7.127749e-05,5.2701433e-12
2023-05-30,1.0,2.036328e-05,0.99768174,3.88306e-06,0.99986947,8.828377e-07
2019-12-06,0.9999999,0.002497512,0.60579133,0.9999273,0.9999999,0.0020311158
2022-11-06,0.9998355,1.0,5.3779453e-11,3.8521954e-05,0.99664515,8.98142e-19
2021-11-07,0.053517412,1.0,2.0317947e-15,0.010918568,0.020591931,2.0917005e-20
2020-01-27,1.0,6.4281114e-09,0.9989587,0.9810417,0.99966514,0.99999917
2024-12-02,0.99222,0.32219973,0.99576795,1.0,0.9999995,7.0344576e-08
2023-12-24,0.9999994,0.0016434303,0.9945956,0.9999999,1.0,0.00031984755
2024-07-05,0.0047874344,1.0,6.263913e-14,1.8872974e-10,5.3522314e-14,1.6476452e-16
2023-09-15,1.2175525e-14,1.0,3.4256797e-16,6.402521e-14,4.542872e-11,6.727316e-10
2024-03-01,0.995701,1.0,7.322237e-10,1.9191096e-07,1.8427551e-18,9.605255e-07
2023-01-20,1.0,1.907888e-06,5.322778e-11,1.0,0.12887248,3.433615e-12
2020-06-18,1.0,1.0,1.1306545e-12,2.6315516e-14,2.2222817e-07,2.7558995e-16
2020-01-29,1.0,2.4787882e-08,0.99997425,0.99995816,0.99992,0.99998987
2021-07-14,0.71006966,1.0,1.5767387e-11,5.2460862e-11,1.5964648e-06,5.6598443e-19
2019-04-24,1.0,2.18829e-09,0.83779305,0.001510735,0.9999968,0.99999356
2021-10-22,7.680184e-06,1.0,3.5265475e-14,4.249166e-05,2.01645e-06,8.789448e-18
2023-11-26,1.2196886e-05,0.9971517,1.1804908e-06,1.0,0.9999987,6.8301316e-09
2024-11-27,0.9959371,0.7523809,0.64265066,1.0,1.0,2.002729e-05
2021-05-15,1.0,4.6461416e-08,0.18489754,2.528364e-06,0.999483,0.9999583
2023-10-11,2.7625423e-15,1.0,8.8223324e-11,8.454755e-08,5.1239344e-15,3.81959e-19
2024-07-01,0.18261763,1.0,6.848508e-14,4.2000776e-14,1.3045693e-15,2.6296386e-15
2019-03-29,0.43849492,0.9999999,1.5526311e-05,2.1168205e-05,7.802524e-15,0.99999774
2019-09-17,2.042346e-09,1.0,3.9165933e-09,8.516405e-06,3.4493537e-13,2.061117e-14
2021-10-23,0.001919983,1.0,1.10279095e-13,5.6542385e-06,6.88482e-06,7.9729345e-17
2020-06-04,1.0,0.4519689,6.435126e-05,1.755937e-13,0.02322284,7.780634e-11
2020-03-13,1.0,0.0002680828,0.10945389,0.6083551,9.6176496e-05,0.006987792
2021-06-02,1.0,0.0012066346,8.033897e-05,7.391239e-08,0.1625651,3.0618058e-12
2022-06-11,0.9999988,1.0,4.1871e-12,2.136632e-13,0.00042218456,1.5259669e-19
2024-08-30,8.0430315e-12,1.0,1.1209253e-08,9.762936e-11,5.4129607e-09,1.10688825e-05
2024-07-17,1.4288308e-09,1.0,4.471725e-11,1.9077903e-13,3.875097e-18,3.1408355e-16
2020-06-22,0.99942446,1.0,1.8483487e-14,1.0239101e-14,7.5548465e-09,8.515475e-20
2024-05-26,1.0,0.4913668,0.0003243582,5.0572535e-10,0.0008957454,2.5946988e-11
2024-01-22,0.9999999,9.816416e-06,0.99999845,0.9999999,0.99936897,0.9980426
2023-02-15,1.0,8.472849e-09,3.5272943e-10,0.99999785,0.51445365,1.8375665e-06
2019-12-21,1.0,1.6509242e-07,0.9852445,0.99987984,0.9999989,0.99953914
2023-07-20,3.6746183e-14,0.99999964,1.5195262e-10,4.9274144e-11,9.0187113e-10,4.151017e-11
2023-04-11,0.99954116,0.9980171,1.4343131e-10,0.00023889198,1.2562228e-11,1.0
2020-05-15,1.0,1.8373899e-07,3.9547857e-07,7.4248496e-09,0.9991191,1.8894762e-05
2024-04-12,1.0,4.2915648e-08,2.3246432e-08,0.00026216183,0.99999785,0.99999034
2021-02-24,1.0,1.1982124e-05,0.9999224,0.9999906,3.3255867e-06,0.05332148
2024-11-14,7.632549e-06,1.0,1.569548e-07,0.99976546,0.085579336,2.859795e-09
2020-09-26,4.703483e-12,1.0,4.1144794e-08,1.4127227e-10,1.0468953e-09,7.162635e-11
2019-06-04,1.0,0.99999976,3.1038498e-06,5.1665974e-14,3.908932e-11,5.060023e-10
2022-03-26,0.9975585,0.9999999,3.268354e-06,0.000102019876,2.6817056e-17,0.9990416
2023-07-08,3.3452903e-08,1.0,5.9314026e-10,5.5363778e-14,6.8098776e-13,5.2891986e-11
2020-01-03,1.0,3.2768835e-06,0.9999862,0.9995303,0.99999976,0.9846598
2021-04-12,0.9989397,1.0,2.1916403e-05,1.2237163e-06,2.4219634e-08,0.9999794
2019-08-24,2.226719e-08,1.0,3.684472e-14,1.7599481e-12,1.8616309e-14,1.0173614e-14
2024-11-29,0.21382123,0.61088693,0.8680022,1.0,1.0,1.816976e-06
2023-11-24,0.00031022105,0.9999826,5.0566314e-08,1.0,0.9999987,7.4972517e-10
2024-02-08,0.9999981,0.001203189,0.981682,0.99999964,5.1269806e-09,0.9999968
2021-01-29,1.0,7.8353114e-05,0.9999989,0.9999994,0.0044556754,3.8818566e-06
2019-09-09,4.0022013e-07,1.0,9.454413e-10,3.585659e-13,8.590954e-10,1.9989465e-13
2023-03-24,0.99999523,0.010873236,7.3379e-09,0.002086565,2.269034e-09,0.9999995
2022-04-20,1.0,3.9018567e-05,1.4956315e-05,3.7931882e-06,0.97358906,1.0
2024-04-01,1.0,2.576815e-07,9.0103897e-10,0.007765027,0.9999639,0.9999815
2023-12-01,0.87386596,0.9326734,0.01547566,1.0,0.9999981,0.00044286836
2024-02-11,0.9994825,0.14039782,0.07623047,0.99994254,3.5628064e-10,0.99994445
2021-11-06,0.99301296,1.0,2.5547234e-12,0.021316947,0.09721382,1.6984806e-18
2021-05-29,1.0,8.678538e-06,0.20658205,1.8289889e-08,2.7355443e-06,4.9126295e-13
2019-09-20,1.0668154e-08,1.0,2.302906e-14,1.1696477e-10,6.6941647e-10,4.303129e-16
2022-04-21,1.0,1.2372283e-07,1.9481744e-08,2.131507e-05,0.9999255,0.9999783
2024-06-09,1.0,1.0,1.6492e-14,5.855628e-10,2.644405e-05,1.4140701e-18
2019-04-02,0.98202354,0.9985884,4.2977535e-07,1.1963329e-05,1.2526017e-09,1.0
2020-11-13,0.001389436,1.0,0.99612385,0.99651474,0.99886703,5.969719e-10
2021-11-09,0.4451866,1.0,8.5123465e-15,0.09743648,0.91295516,5.2228117e-19
2022-02-10,1.0,4.4942027e-08,0.9999335,0.99999976,0.99979645,0.9999832
2021-03-24,0.99999976,0.9988148,7.406995e-10,0.09947624,7.2009e-13,1.0
2024-07-12,6.732759e-05,1.0,3.023048e-16,2.5832706e-12,1.220991e-12,1.3383674e-15
2022-01-23,1.0,1.4476223e-08,0.99995005,0.9999932,0.9999949,0.9998964
2024-02-01,0.9999925,0.002104234,0.99904615,1.0,2.8964863e-05,0.9999329
2024-08-02,2.2984283e-08,1.0,0.00021317595,1.9974335e-13,3.4937567e-13,1.3343721e-07
2020-08-06,4.228755e-12,1.0,4.2197225e-08,4.3671396e-14,1.4521159e-12,9.140893e-13
2024-11-13,0.00547025,1.0,0.003406251,0.9990231,4.5356586e-07,1.5403517e-05
2020-06-06,1.0,0.0001061463,1.818342e-06,1.9880979e-10,0.9960062,7.580061e-13
2023-06-30,0.14774361,1.0,9.270402e-13,2.589038e-15,6.383539e-13,7.749194e-14
2019-10-06,1.9330864e-09,1.0,2.273989e-05,0.0048959204,3.1101712e-07,4.139623e-15
2020-05-20,1.0,8.6096355e-07,3.9223796e-05,2.5342879e-11,0.97731453,0.0004836902
2020-03-26,1.0,9.987646e-07,0.00019883247,0.013693747,0.024343142,0.99999964
2024-06-20,0.9999999,1.0,9.759001e-16,2.3532005e-14,1.8858527e-08,1.5880182e-14
2021-03-05,0.99999344,3.7820875e-08,0.0006139176,0.9999957,2.5148239e-08,0.99263024
2023-11-12,4.4400584e-11,1.0,1.0350163e-13,0.9925045,8.620142e-09,6.7612435e-12
2020-03-01,1.0,2.8844624e-05,0.0038627912,0.9995772,6.534153e-06,0.023737736
2024-04-05,1.0,5.558089e-07,1.1663557e-09,0.00045073492,0.9999982,0.99999833
2024-11-03,9.578461e-09,1.0,1.29421035e-14,0.00055495236,5.3392853e-13,1.6680177e-13
2022-07-18,1.4444254e-12,1.0,4.86459e-07,3.516009e-14,2.8034478e-14,3.6776916e-13
2020-07-29,1.7975232e-09,0.99999964,0.5756744,2.5429149e-12,5.1129745e-10,2.5220181e-09
2020-10-10,1.8008322e-08,1.0,3.613182e-13,5.772878e-10,1.22876665e-11,2.1522111e-13
2023-01-28,1.0,5.050096e-07,3.0847298e-09,0.99999607,0.54052883,3.6467288e-08
2020-11-15,0.00030799786,1.0,0.99975985,0.9999579,0.9999434,3.9909128e-11
2020-12-17,1.0,0.027357372,1.0,0.9971852,0.9980259,0.0003546535
2022-05-05,1.0,9.401176e-08,5.1159286e-06,2.1776992e-07,0.9999964,0.9996822
2021-12-28,1.0,2.0108596e-06,0.99992156,0.9999988,1.0,0.9852529
2023-12-08,0.99994886,0.108098075,0.925823,1.0,0.99999905,0.0004467242
2021-01-02,1.0,3.3733624e-05,0.99999976,1.0,0.67317533,0.7763506
2024-06-13,1.0,1.0,4.326601e-16,4.883429e-07,1.8330618e-05,3.4600028e-20
2023-05-07,1.0,1.5882797e-09,0.0050994847,4.5749107e-09,0.9958586,0.99999774
2024-01-02,0.99999976,1.1865724e-06,0.9999976,1.0,0.9999951,0.91124815
2022-09-07,5.8292645e-13,1.0,1.8223927e-09,6.603039e-10,6.484118e-12,1.4523533e-13
2022-02-08,1.0,1.5336735e-07,0.99999523,0.9999759,0.9963586,0.99999285
2019-10-16,4.8297805e-10,1.0,4.0423172e-05,0.0006462424,4.833564e-08,1.4263284e-13
2020-05-10,1.0,2.6010895e-08,5.930514e-06,1.12631104e-08,0.9999372,0.5622036
2019-05-31,1.0,1.0,8.005891e-05,3.5155427e-16,2.7000618e-07,2.9705968e-10
2022-08-26,7.6678e-14,1.0,1.9692363e-09,3.1369456e-11,7.90509e-11,4.940306e-15
2024-09-01,2.4470955e-14,1.0,2.6062779e-09,3.5198845e-12,4.980909e-10,5.316941e-08
2024-10-28,1.147822e-09,1.0,1.0060042e-13,1.0217341e-06,1.4784673e-16,1.6580142e-12
2024-09-20,2.157688e-11,1.0,1.3582483e-12,8.901174e-09,1.0770671e-15,1.2213362e-11
2020-09-21,1.4357918e-09,1.0,1.1647945e-10,7.673561e-15,5.142843e-18,2.1533752e-15
2021-11-10,0.99431485,1.0,3.9267e-12,0.9987123,0.92973864,2.7295712e-19
2023-11-09,4.41845e-10,1.0,4.5862043e-14,0.022303803,3.2354678e-11,8.364055e-15
2023-10-31,3.1831911e-12,1.0,5.7117703e-11,0.0011492512,5.834721e-11,2.5073338e-15
2024-06-16,1.0,1.0,1.1115468e-12,9.264574e-08,4.8343616e-05,1.140711e-17
2020-09-09,4.6824923e-08,1.0,1.8236814e-14,8.477143e-14,2.3818203e-18,6.632536e-14
2023-04-27,1.0,1.349262e-07,6.023367e-08,0.00017391985,0.9818023,0.9940322
2023-07-25,9.744509e-13,1.0,9.706718e-10,2.2405049e-12,3.1205104e-07,2.544127e-09
2021-09-02,9.429533e-08,1.0,3.5468167e-11,7.956535e-15,3.705779e-17,4.0929085e-15
2021-11-28,1.0,0.07246704,4.0169245e-05,1.0,1.0,2.4805997e-08
2024-08-06,1.36668e-10,1.0,4.2059307e-07,1.1265564e-11,4.0150508e-13,7.144912e-06
2021-10-05,1.2390437e-08,1.0,2.2129286e-12,3.0630893e-09,1.1939929e-08,9.282086e-19
2023-02-07,1.0,2.0899911e-07,2.9948694e-08,1.0,0.98414445,1.1638667e-07
2023-09-24,3.766223e-15,1.0,3.896826e-12,0.0003154017,1.2250165e-13,3.310603e-11
2022-04-17,1.0,3.5471945e-07,5.644718e-08,7.4195574e-05,0.99999976,0.99999785
2021-02-07,0.9999975,5.580733e-06,0.99965465,0.99999774,7.868698e-08,0.0018793823
2023-04-19,1.0,1.4916763e-07,1.5801168e-06,2.8162117e-06,0.96671104,0.99999917
2022-02-04,1.0,1.4802953e-07,0.99998856,1.0,0.9999689,0.9999095
2020-05-26,1.0,1.6051116e-06,3.5665467e-05,9.691882e-10,0.9977761,6.2172933e-09
2024-01-15,1.0,1.6297882e-06,0.9999788,1.0,0.99999905,0.92824924
2022-05-21,0.9999999,0.048525095,8.795844e-13,1.0868406e-07,4.2252614e-05,5.1228475e-12
2022-11-10,0.99999034,1.0,2.3885255e-11,0.5622537,0.99999714,2.848061e-15
2020-10-05,8.471862e-13,1.0,2.2301099e-09,6.9067187e-07,5.1631526e-09,4.5554883e-11
2023-01-26,1.0,8.330776e-08,6.025217e-12,0.9999994,0.029949693,2.467541e-07
2022-11-07,0.99986506,1.0,1.4173634e-12,0.06365588,0.99830014,4.6261337e-18
2024-09-04,1.9846471e-13,1.0,9.664705e-07,8.76648e-10,4.4903227e-11,8.411498e-06
2021-04-15,0.99974686,0.9995946,3.0227973e-06,1.4682016e-06,2.2828924e-07,1.0
2021-01-25,1.0,2.8896407e-06,0.99999917,0.9999993,0.0017162199,0.0054246993
2021-04-09,0.9999584,0.99999905,1.3975601e-08,1.2748622e-07,0.0041133366,1.0
2021-02-16,1.0,0.0063793077,0.9958709,1.0,9.874454e-08,2.3143087e-08
2021-12-15,1.0,4.6320158e-05,0.37098417,0.9999918,0.9999981,0.0039873514
2024-09-19,6.9589945e-11,1.0,1.2261714e-07,8.453868e-12,3.937781e-14,2.2312147e-10
2023-05-31,0.9999999,8.11506e-06,0.98375815,0.002323471,0.9999999,6.2499265e-07
2023-04-13,1.0,0.834327,6.646535e-09,4.5053517e-07,0.0010462522,0.99999976
2023-04-21,1.0,3.0289784e-06,2.1583774e-07,5.5848483e-05,0.99998784,0.99999905
2020-10-12,5.9084865e-08,1.0,1.3748461e-12,5.695553e-10,1.276188e-07,3.2664087e-11
2023-09-17,3.1644325e-15,1.0,3.700604e-12,1.205503e-12,8.539257e-12,1.5607029e-09
2021-09-16,9.10917e-08,1.0,7.76657e-13,2.3423746e-16,1.5995904e-11,4.54926e-16
2020-03-02,1.0,0.013885804,0.045731515,0.9131067,3.7759175e-08,0.52995473
2022-01-26,1.0,1.0253605e-06,0.99993944,1.0,0.9999871,0.9982697
2021-07-10,1.6647928e-05,1.0,8.7606495e-13,2.8618219e-11,5.726456e-10,1.2077773e-15
2021-06-21,0.9999999,1.0,5.4389897e-05,5.304744e-16,0.00041771217,4.5878514e-13
2021-10-18,2.0503305e-06,1.0,3.0103564e-15,2.688533e-09,2.8134826e-09,2.700936e-16
2022-02-14,1.0,2.9844293e-07,0.99997115,1.0,0.35582212,0.9999846
2022-09-21,1.9450314e-10,1.0,2.4320257e-09,6.60297e-08,7.0381487e-12,2.0109625e-20
2023-05-21,1.0,1.3712483e-05,1.8051269e-05,6.229005e-10,0.9976273,0.88772494
2022-05-30,1.0,0.11980541,1.1289919e-06,6.57107e-12,0.3491239,4.9551894e-11
2023-12-14,0.99999344,0.14729398,0.98265475,1.0,1.0,3.8180002e-05
2020-09-27,2.084707e-12,1.0,5.7426736e-05,4.7586924e-11,1.1979619e-06,1.4389542e-11
2021-02-05,0.99999964,0.8759338,0.4872641,0.9999912,6.321582e-06,1.0926958e-05
2019-09-30,1.7259545e-07,1.0,1.218067e-05,1.2001703e-05,5.350329e-07,6.0465454e-17
2019-10-13,1.8640364e-10,1.0,0.0002160839,0.0053282157,1.8304427e-06,2.587114e-14
2022-08-19,1.5318689e-12,1.0,1.309234e-10,8.090786e-13,2.0731839e-12,9.561913e-11
2021-07-28,2.0752927e-05,1.0,3.3838115e-13,2.026678e-15,2.0997091e-14,1.235938e-15
2022-08-25,1.1487043e-13,1.0,6.386667e-10,1.2881994e-13,3.7303255e-12,7.799254e-14
2021-11-14,0.999923,1.0,2.844276e-12,0.9999356,0.9998472,6.7236845e-14
2022-02-15,1.0,2.9220703e-07,0.9999864,0.99999976,0.9342559,0.9996387
2024-03-29,1.0,1.5526425e-08,3.2714306e-07,0.1764408,0.8997289,0.9999999
2023-05-14,1.0,6.225903e-06,3.90864e-06,8.129911e-07,0.9998492,0.42313963
2023-01-14,1.0,5.5185974e-05,1.8260076e-07,1.0,0.039834324,7.064573e-09
2023-01-10,1.0,2.959885e-06,2.8933719e-06,1.0,0.0008376644,1.2925171e-08
2021-03-21,0.9999995,0.020077387,1.0006934e-06,0.99998724,7.8842766e-12,0.9999987
2021-02-27,1.0,0.00012827457,0.9863701,1.0,6.942849e-05,3.1946566e-08
2019-10-17,6.923249e-11,1.0,1.6341337e-05,0.0030722443,3.584786e-08,1.6130304e-16
2019-08-18,1.4677228e-06,1.0,3.4609067e-09,1.4539105e-10,1.2412714e-09,1.6336981e-12
2022-06-02,1.0,0.004631318,1.4214048e-09,1.8411947e-11,0.9996445,1.0010206e-12
2021-03-10,0.99999964,0.00015734021,1.8241175e-05,1.0,2.1754697e-07,0.98514634
2024-02-14,0.9994831,0.91384923,5.3653434e-06,0.9985795,1.2621098e-14,0.999985
2020-04-30,1.0,3.3481997e-09,1.5728725e-05,2.0389868e-09,0.9992372,0.27209255
2020-10-22,1.5906366e-07,1.0,3.2773098e-08,2.4794742e-08,2.1279193e-06,4.1565132e-12
2020-11-09,0.0034076273,1.0,0.99983263,0.052089717,0.999949,3.0606143e-12
2024-08-25,1.00575865e-13,1.0,1.4693302e-07,3.1202763e-09,8.328191e-11,3.6213326e-08
2023-08-27,6.9802e-14,1.0,1.6403245e-11,4.940691e-12,2.6449373e-10,2.4398965e-09
2024-04-17,1.0,1.838583e-08,1.00798935e-07,0.53475153,0.9999995,0.99999547
2019-07-13,0.0005574453,1.0,2.4170255e-08,2.927847e-17,0.0005227435,2.2974092e-10
2021-09-25,2.4571454e-11,1.0,8.7030334e-11,1.2746026e-10,1.321756e-15,5.706741e-18
2020-09-05,2.0142983e-09,1.0,3.402532e-11,4.126017e-15,5.8872185e-18,4.4941353e-15
2022-08-15,9.951795e-14,1.0,1.290019e-09,2.9665327e-13,5.4557216e-11,7.4385387e-10
2019-05-15,1.0,0.25416932,0.0011768691,1.2829994e-08,0.0057241647,0.99994564
2021-11-15,0.9999393,0.99999976,3.7833828e-10,1.0,0.9994313,3.4598322e-12
2024-05-15,1.0,0.00023232105,5.9730644e-11,8.038262e-08,0.778602,3.99934e-11
2022-03-03,0.9999392,0.06799689,0.9999516,0.9999528,1.18180374e-07,0.99225616
2021-06-16,1.0,1.0,9.451864e-06,2.185323e-14,1.442257e-05,5.861103e-14
2023-09-05,1.6895331e-15,1.0,7.2012844e-13,1.1609003e-09,2.1635932e-15,1.4859046e-13
2024-11-16,0.46164864,1.0,0.0009795962,0.99999785,0.0019964164,7.031779e-06
2023-06-18,0.9815792,1.0,2.3047538e-12,2.9544446e-12,5.199852e-11,3.6383347e-09
2024-10-08,3.6189222e-12,1.0,3.8165203e-07,2.1647916e-06,4.461797e-16,1.2249143e-12
2023-05-29,1.0,3.403855e-05,0.8297427,1.8946445e-06,0.9999126,1.0153368e-05
2021-08-12,3.1180018e-05,1.0,2.8307892e-12,4.9200084e-17,4.2721118e-19,1.8637664e-10
2021-12-10,1.0,0.00010176793,0.82925665,1.0,0.99999475,0.0009256874
2021-01-08,1.0,2.4202834e-06,0.9999889,0.9999982,0.00014344399,1.0044356e-05
2024-10-04,8.200188e-14,1.0,1.8722336e-08,7.211639e-08,1.2274143e-16,8.5773516e-13
2023-07-04,0.00025546658,1.0,3.7516476e-11,1.2344337e-13,3.0393144e-10,4.8723514e-14
2019-06-10,1.0,1.0,3.6161182e-07,6.2100924e-15,7.668962e-07,1.8852446e-12
2020-11-25,0.93896246,0.9999963,0.9999995,0.9999999,0.99460113,1.1559091e-05
2020-11-20,0.99971455,0.99999976,0.9999995,0.9999615,0.97549826,3.5486976e-06
2020-05-16,1.0,1.4052407e-05,3.843553e-06,1.68739e-06,0.99999845,3.3902693e-06
2019-12-15,1.0,2.9028904e-06,0.99993503,0.9994579,0.99999917,0.9995154
2023-04-10,0.99999547,0.9795431,7.692928e-09,3.766006e-08,4.9763564e-08,1.0
2019-09-29,1.8082038e-09,1.0,1.5083907e-06,0.01821044,2.201466e-07,2.2491364e-16
2023-04-26,1.0,9.1441414e-08,3.7932139e-06,2.346548e-07,0.99995625,0.99999845
2022-06-16,0.99858224,1.0,9.249499e-11,2.1016122e-18,1.2337728e-12,6.23471e-14
2022-09-15,6.7153894e-11,1.0,1.1216219e-09,1.5194711e-10,2.1322869e-14,4.4366265e-16
2021-09-19,1.4448018e-10,1.0,8.245788e-16,8.25383e-12,2.2268991e-14,5.9845157e-18
2020-11-19,0.049706824,1.0,0.99997485,0.9999651,0.95225817,6.566252e-07
2024-09-03,9.291884e-15,1.0,1.5580183e-05,3.8821835e-11,2.4144232e-11,2.1253134e-06
2024-01-06,1.0,5.043512e-06,0.99999964,1.0,0.9999714,0.50956035
2019-10-29,1.2071471e-05,1.0,2.1419453e-06,0.04272204,0.00040756632,1.0195759e-14
2021-09-20,2.4231622e-10,1.0,3.6909044e-12,1.27612955e-11,5.448533e-16,3.5198237e-16
2019-10-21,8.006585e-05,1.0,4.938209e-10,0.0055402378,0.20855364,1.247034e-15
2023-06-24,0.0013171134,1.0,1.32857805e-11,1.6419529e-14,9.319297e-13,1.2434218e-11
2023-07-28,4.2336593e-13,1.0,4.6434065e-11,3.2426245e-13,2.3928559e-12,1.4414162e-10
2024-04-27,1.0,8.46466e-07,6.3957875e-09,0.23901713,0.9999995,0.99951255
2023-07-19,4.9651682e-08,0.99659365,0.018488655,9.249863e-07,3.2001326e-06,0.16172501
2024-08-04,7.55593e-12,1.0,1.2686029e-07,2.4220645e-12,2.2684398e-14,2.8612656e-11
2019-09-12,1.3921174e-07,1.0,2.205213e-09,4.498166e-11,5.6960144e-12,4.0057588e-16
2019-11-11,0.99946994,0.99999964,4.8044287e-05,0.9999981,0.99999964,6.678154e-08
2019-09-19,5.0615503e-09,1.0,6.4574805e-13,2.496773e-11,2.2069358e-11,1.4292721e-17
2023-10-07,4.1363736e-14,1.0,1.3364473e-10,1.1874548e-07,2.4176897e-15,3.8308115e-19
2024-07-20,3.3133438e-07,1.0,9.817078e-13,3.6818267e-16,1.5759048e-16,4.724366e-17
2023-03-19,0.99999964,7.989928e-07,2.1533362e-13,0.8345126,1.9046325e-11,0.9986811
2021-12-19,1.0,4.257234e-07,0.9895858,0.999997,0.9999995,0.99947137
2019-11-19,0.5358613,0.9999993,0.9239139,0.9999963,0.9859882,5.8045603e-06
2020-03-11,1.0,0.00087445346,9.871376e-05,0.23864733,5.4796743e-08,0.0037223487
2024-11-04,9.2368545e-08,1.0,7.671863e-15,0.0009802632,7.0662224e-15,1.8004225e-13
2019-05-07,1.0,0.0017724945,0.8658345,2.1267937e-08,0.99994063,0.9999783
2021-08-14,1.0013233e-10,1.0,1.2052799e-12,1.2808347e-13,3.3328197e-16,4.6858354e-15
2019-12-28,1.0,2.3169955e-06,0.9999293,0.98833,1.0,0.99969065
2021-04-07,0.9996481,0.9999627,1.5116927e-07,9.67353e-07,5.2425352e-11,1.0
2019-05-02,1.0,2.3016717e-06,0.017312488,1.3536312e-05,0.9999987,0.999928
2022-08-20,2.6233807e-12,1.0,4.9935274e-08,6.6794777e-12,8.4843336e-08,8.024788e-14
2024-10-31,1.0630566e-10,1.0,9.054794e-12,1.7125485e-08,2.8310115e-15,1.2328342e-16
2022-07-05,6.4172423e-10,1.0,0.028638365,3.9435364e-15,4.4558532e-12,7.981589e-14
2021-11-20,1.0,0.9998853,9.223866e-06,1.0,0.9999982,4.55983e-13
2020-05-17,1.0,1.7041485e-08,2.0517158e-05,1.22535155e-08,0.78735626,0.0036328079
2022-07-24,6.2823146e-14,1.0,8.139902e-09,4.8196787e-13,1.5887857e-09,9.958232e-10
2023-09-14,1.3231541e-14,1.0,2.0230816e-12,6.2287367e-16,2.0928524e-10,9.874177e-07
2019-11-21,0.9999726,0.999998,0.95567036,0.999998,0.99998915,2.6192492e-06
2020-09-01,1.2276715e-09,1.0,3.9708695e-10,1.4724276e-13,1.9317103e-14,2.7288198e-13
2024-06-12,1.0,0.99999976,4.8333397e-17,6.888958e-06,0.018258704,7.6055556e-19
2023-08-15,7.8888453e-13,1.0,7.869729e-13,6.714957e-14,8.634333e-15,2.2171174e-14
2024-12-01,0.99999833,0.13797003,0.99975425,1.0,0.9999999,0.0044205496
2021-12-01,1.0,0.000147647,0.00037252085,1.0,0.99999964,6.125793e-07
2021-07-08,0.97133696,1.0,2.8376048e-09,6.7308264e-08,0.0002452745,3.8964505e-14
2022-01-13,1.0,1.2075506e-07,0.9995759,0.99999654,0.9999994,0.8684199
2020-03-18,1.0,2.6497326e-06,5.274645e-05,9.923351e-05,0.99998534,0.99999905
2019-06-15,0.99994767,1.0,2.4035346e-10,6.219782e-17,0.00014704048,1.0242442e-10
2023-08-14,2.504661e-12,1.0,4.1370065e-13,1.290126e-11,2.517409e-13,3.9823619e-13
2021-09-23,2.4275395e-09,1.0,1.0676666e-15,2.4064073e-09,1.2020955e-16,4.708594e-14
2020-12-30,1.0,6.0999257e-05,0.9999902,1.0,0.05053478,0.011162747
2024-02-25,0.9904102,0.99999964,1.6794552e-10,1.719175e-05,1.178933e-19,3.0499883e-10
2024-01-10,1.0,0.00012774847,0.9999964,0.9999999,0.99998844,0.67386186
2022-02-12,1.0,1.08994e-07,0.9999844,1.0,0.98987484,0.99994755
2024-08-05,2.3900932e-11,1.0,8.652498e-08,1.146063e-13,6.091142e-14,2.023454e-10
2024-07-14,3.2732936e-07,1.0,4.613422e-13,1.9309249e-11,6.591766e-17,1.112445e-14
2024-07-21,6.2819954e-09,1.0,2.1566195e-10,1.9789266e-18,2.4081253e-16,3.98723e-11
2021-10-07,6.7313e-07,1.0,2.6708524e-10,1.459029e-08,8.7458696e-10,3.344089e-17
2021-04-25,1.0,8.675837e-05,3.830701e-06,2.3306508e-07,0.99970466,0.9999969
2023-02-05,1.0,5.538008e-09,3.2772292e-05,0.9999993,0.999984,1.0200954e-05
2024-01-08,1.0,2.6981006e-05,0.9999832,1.0,0.99996877,0.4681935
2024-07-04,0.02923207,1.0,8.938845e-16,1.9053891e-14,1.3450229e-12,9.743475e-19
2024-10-26,3.171607e-10,1.0,1.7017638e-16,1.1109645e-07,6.4678555e-14,4.8297553e-13
2021-03-16,0.99999964,7.4972384e-05,0.00015046162,0.99999976,4.5086546e-11,0.5214972
2023-09-12,2.1772036e-16,1.0,7.831236e-06,6.1862154e-10,9.3273084e-11,7.090055e-10
2022-11-09,0.99999857,1.0,5.2967846e-13,0.44807875,0.9963955,1.5873709e-13
2019-12-05,0.9999999,0.00020573808,0.99938166,0.99999917,0.9999988,0.6563363
2024-04-02,1.0,1.3216949e-06,1.2291893e-10,0.009003505,0.99982125,0.9996356
2022-05-28,1.0,0.021424482,4.2762913e-09,4.4702282e-13,2.8564004e-06,6.813116e-08
2024-07-19,2.2066588e-06,1.0,8.3213623e-11,1.9409767e-14,5.094963e-18,1.6659167e-16
2024-08-21,2.0047045e-13,1.0,1.7193152e-10,1.1788456e-07,9.350598e-13,6.132445e-10
2021-07-03,0.99998605,1.0,1.6372326e-08,4.661442e-13,0.26160643,5.2738303e-17
2021-06-05,1.0,0.15216175,3.692638e-06,6.229191e-05,0.008666975,9.953835e-16
2022-05-13,1.0,4.9340997e-07,3.990508e-08,5.523007e-09,0.999481,1.0110476e-06
2024-10-13,4.2674055e-11,1.0,2.0297517e-07,2.3538025e-05,2.0846231e-16,3.0467145e-14
2019-12-30,1.0,3.0791728e-06,0.99993193,0.9996569,1.0,0.9992643
2022-04-19,1.0,1.7938292e-07,3.0995443e-07,2.4099604e-06,0.999992,0.9999788
2022-03-14,0.34727982,0.99999964,0.13663651,0.03200187,8.651878e-14,0.9999999
2019-06-08,1.0,1.0,1.7996156e-07,2.9151658e-16,1.3564588e-09,1.0576491e-09
2019-04-22,1.0,5.436248e-07,0.00017744303,9.625028e-06,0.99994576,0.9999994
2023-08-02,1.3390587e-12,1.0,1.6362195e-10,1.3719959e-12,1.071803e-10,3.206475e-08
2019-12-10,1.0,0.00027961424,0.9999467,0.9999927,1.0,0.9299642
2021-09-28,3.612635e-11,1.0,3.2575722e-12,2.921474e-07,9.648287e-16,1.0994462e-15
2021-07-13,0.9392871,1.0,4.059062e-14,5.798092e-10,3.9291783e-09,2.3736219e-17
2022-09-30,6.7731807e-09,1.0,3.5269443e-10,0.0007980307,2.1021981e-10,1.8367606e-19
2023-06-26,0.18097948,1.0,1.3434026e-12,7.409005e-13,1.3454892e-13,1.8672931e-13
2019-08-23,1.7739225e-05,1.0,2.988693e-17,1.7028715e-12,2.534318e-14,1.1365566e-13
2019-10-19,8.001023e-10,1.0,7.458256e-07,1.2924999e-05,8.1359496e-05,1.0549289e-17
2024-10-11,1.12937534e-10,1.0,9.962451e-10,8.223244e-10,1.2956268e-16,3.0828266e-15
2019-11-29,0.99999595,0.21233983,0.18643734,0.9999994,1.0,0.0050849607
2023-09-29,5.982692e-17,1.0,9.399141e-10,0.00012628695,1.3132435e-13,6.7296053e-16
2024-01-21,1.0,0.0037565166,0.9999881,1.0,0.99999356,0.3110519
2020-02-24,1.0,8.7273565e-06,0.996597,0.99988985,2.3481434e-05,0.07207087
2019-05-12,1.0,0.0014706972,0.92314434,8.76515e-08,0.49838778,0.9999498
2021-02-12,1.0,0.00043699727,0.9720116,0.9999795,3.952253e-09,1.21189656e-11
2024-12-05,0.9999981,0.0015479708,0.99998057,1.0,0.9999982,0.0014346649
2020-12-07,1.0,0.007123277,1.0,0.99999976,0.99501884,0.00018898817
2020-03-08,1.0,0.0006816932,0.07380591,0.9916842,0.00016933339,0.00046604415
2020-10-11,1.8492885e-12,1.0,3.240977e-11,8.313253e-08,4.8445956e-11,1.2718062e-12
2023-06-03,0.9999999,1.0,2.4846197e-12,1.0059754e-17,8.282516e-08,7.088112e-09
2019-09-04,3.901728e-07,1.0,2.6759066e-13,3.2785566e-14,9.1625336e-14,1.1223039e-14
2024-12-26,0.9999838,4.210347e-05,0.9999671,1.0,0.99999833,0.004332563
2023-12-07,0.99417263,0.088555835,0.8259995,1.0,0.9999987,0.001000553
2023-02-21,0.9999981,1.3168288e-08,2.2213925e-14,0.99988675,0.0014128643,0.0001329434
2022-01-22,1.0,3.1798475e-08,0.9998066,0.99999964,0.99999964,0.99987125
2021-05-06,1.0,5.311397e-07,0.00034209603,1.1978307e-05,0.99999833,0.9999975
2024-03-12,0.9390522,1.0,1.12155985e-13,7.24094e-05,9.60832e-17,0.0026319744
2023-10-06,9.106141e-17,1.0,2.1257279e-11,2.7223285e-08,2.5088072e-15,2.8990953e-17
2022-09-18,4.017079e-10,1.0,1.9400312e-08,4.993113e-10,8.914447e-12,2.8961852e-19
2021-12-11,1.0,6.6774e-05,0.53232706,1.0,0.9999902,0.00615089
2022-02-19,1.0,5.009077e-05,0.99999225,1.0,0.8805564,0.9992712
2023-10-25,1.30454215e-11,1.0,4.1516776e-13,0.07669541,5.3784026e-09,2.2039482e-12
2019-04-23,1.0,3.12257e-08,0.0011606882,3.3255208e-05,0.9999784,1.0
2022-09-11,2.1639682e-12,1.0,1.742638e-09,2.7426161e-09,7.5026037e-06,7.264161e-21
2019-10-02,1.990087e-09,1.0,8.319704e-05,4.068495e-06,3.890733e-06,2.2438255e-14
2022-01-19,1.0,1.7636907e-07,0.9999312,0.9999999,0.99999976,0.9946907
2022-11-23,0.9999995,0.9999975,0.00023241056,1.0,0.99999857,6.570078e-09
2023-12-28,0.9999999,0.000110632696,0.999337,1.0,0.99999976,0.20696227
2021-05-31,1.0,0.94037366,2.6399684e-07,1.8310153e-06,0.0012236265,1.5962895e-15
2021-10-29,1.2329481e-05,1.0,8.036242e-15,2.5062893e-05,0.0021518716,2.2532392e-18
2024-04-09,1.0,1.9334345e-07,3.5512215e-08,0.48173276,0.9999999,0.99997485
2021-12-14,1.0,5.9180264e-05,0.0027053375,1.0,0.9999925,1.4170389e-05
2023-10-22,1.3593279e-10,1.0,3.4092215e-12,0.10963305,1.2674051e-10,1.5013095e-15
2021-02-19,0.99999964,0.001384099,0.977576,1.0,8.9390845e-08,0.00025338796
2022-05-11,1.0,2.1400592e-08,4.3287976e-08,1.4332238e-07,0.997442,0.00497096
2019-09-22,1.2751011e-10,1.0,3.2912901e-09,3.2063484e-11,7.5632345e-10,2.4698255e-16
2021-07-27,0.0012382304,1.0,5.520153e-13,3.3951686e-14,1.6305632e-16,1.0333944e-14
2023-03-25,0.99999976,6.0612365e-07,4.2711066e-09,0.9990393,2.4229323e-09,0.57946557
2022-04-12,1.0,1.2947629e-07,1.7209185e-06,0.024773737,0.9999671,0.9999993
2020-04-21,1.0,1.0513763e-08,0.00018750255,4.159527e-05,0.9999999,0.9999932
2019-11-02,0.09648809,1.0,9.685533e-08,0.35933968,0.9995252,3.585729e-16
2023-03-13,1.0,9.841991e-10,6.542238e-10,0.99997437,2.4519812e-07,0.062006924
2020-09-22,4.6928417e-10,1.0,1.7620289e-10,2.538706e-14,1.3049731e-14,6.2683286e-16
2023-09-01,1.5994363e-13,1.0,4.3683876e-11,2.4940625e-09,2.980115e-13,1.2232049e-07
2021-02-28,1.0,3.5470028e-05,0.9978976,1.0,3.8388906e-05,1.0185538e-06
2022-06-05,1.0,0.9851128,1.41354125e-11,2.2125013e-13,0.017464139,1.8910562e-13
2023-06-05,0.9999999,1.0,1.8850496e-13,3.9627012e-16,1.408477e-10,4.0084673e-05
2020-03-17,1.0,0.000113729984,0.00055862445,0.04738214,0.99551964,0.99999845
2023-04-06,0.99999094,0.24540062,1.8242925e-08,0.00027566808,8.076919e-06,1.0
2023-02-18,1.0,1.4557212e-08,1.506223e-11,0.9999846,0.9806951,0.00058685907
2019-07-14,0.00024846333,1.0,7.193988e-11,1.3089154e-16,0.00018013772,1.7780568e-12
2023-12-15,0.9999994,0.0038249595,0.9796356,1.0,1.0,0.37047815
2024-07-22,1.1272307e-06,1.0,2.99195e-13,5.4177874e-19,4.295419e-17,2.4475247e-14
2021-03-30,0.9994266,0.99999213,2.4671786e-07,7.467531e-08,9.487384e-13,0.99999964
2023-04-17,1.0,3.2649808e-08,4.267701e-10,1.8558101e-06,0.99961346,0.99987173
2020-03-07,1.0,0.4435533,0.0042920536,0.99984634,0.005063608,1.163485e-09
2024-03-06,0.9859277,1.0,5.2539063e-11,2.8179207e-07,6.5929194e-18,1.3752094e-10
2020-10-30,1.7719578e-05,1.0,0.00010516057,5.318947e-09,0.9992799,1.5549919e-09
2020-09-16,3.0514347e-08,1.0,3.0585385e-11,1.260661e-11,8.2363024e-14,2.2867873e-16
2023-01-03,0.99999964,0.00012613,1.3984906e-05,1.0,5.741748e-05,2.9489486e-13
2023-07-22,1.1442565e-13,1.0,5.204397e-11,6.383021e-15,5.9762074e-12,4.5937472e-08
2024-08-29,2.153863e-12,1.0,1.1052647e-06,3.4786726e-11,1.22013025e-11,8.8876453e-07
2022-12-24,0.999948,6.3103784e-05,0.3203757,1.0,0.0007806281,8.613765e-09
2020-02-25,1.0,4.9383874e-05,0.9998011,1.0,0.00075222476,0.00022278055
2021-09-22,7.297897e-09,1.0,9.922719e-14,5.347136e-07,2.0364815e-15,1.1945536e-15
2022-09-29,3.0822196e-12,1.0,6.2083347e-09,9.780142e-06,8.127792e-11,1.8280719e-19
2023-01-01,1.0,2.9055804e-05,3.1063235e-05,1.0,0.001218762,7.0165285e-08
2019-04-30,1.0,1.2859144e-06,0.0024016725,4.591637e-06,0.9999292,0.99999964
2022-08-12,2.334929e-13,1.0,8.40394e-07,4.449808e-11,1.0420336e-11,2.6376552e-08
2020-03-28,1.0,0.00048517244,2.027822e-06,4.1741696e-06,0.98549783,1.0
2021-08-17,1.217318e-05,1.0,1.6181435e-11,9.1189264e-11,3.5051534e-07,4.6929707e-16
2019-04-07,0.9999968,0.6517165,5.047184e-07,0.00015004515,8.138877e-09,1.0
2021-11-27,1.0,0.904387,1.740072e-05,1.0,0.99999774,7.014729e-10
2022-07-04,2.5310985e-08,1.0,1.0534915e-05,2.2551602e-15,2.0735883e-11,4.2084917e-13
2019-07-03,9.8963064e-05,1.0,1.649268e-08,2.3423115e-13,0.006809208,1.3253008e-05
2021-08-25,2.258448e-05,1.0,2.4395565e-13,5.627204e-09,1.4270489e-10,5.7650365e-16
2022-06-23,1.7513042e-06,1.0,5.3494132e-05,7.308792e-16,2.3455437e-13,1.0671348e-12
2024-12-12,0.9999981,0.00052291993,0.9999547,1.0,0.99999976,0.000604829
2022-07-21,7.352515e-12,1.0,8.220029e-10,3.156087e-17,3.718045e-15,4.367952e-12
2022-07-02,7.235335e-07,1.0,1.5442813e-08,1.8050945e-14,4.1794106e-11,2.471891e-15
2021-08-29,4.347574e-11,1.0,2.1706352e-09,3.799424e-13,4.04955e-14,9.202954e-15
2023-09-02,4.4593485e-15,1.0,1.4337119e-09,2.5342874e-07,1.2426205e-11,3.58261e-07
2021-01-14,1.0,0.0001874164,0.99999976,0.9999993,0.019508936,0.033172
2019-12-01,0.9999808,0.004126679,0.99334574,0.9999993,0.9998498,0.016894896
2022-11-19,1.0,1.0,2.1771324e-07,0.99995637,0.9999975,1.918103e-15
2021-07-17,0.005328163,1.0,4.125329e-13,1.11696785e-13,2.2229863e-14,5.5472066e-16
2021-02-15,1.0,0.00033577913,0.9905032,1.0,9.322662e-08,6.7120773e-06
2019-09-06,4.039534e-08,1.0,4.547814e-11,2.9665242e-11,3.4113584e-10,3.202873e-13
2021-07-12,0.85730475,1.0,1.6220794e-12,8.3744955e-11,4.5118888e-11,6.496878e-17
2022-01-25,1.0,9.520232e-09,0.9999633,0.9999702,0.9999975,0.99971765
2024-02-12,0.9999653,0.00048650993,0.99994326,1.0,7.781179e-08,0.9995171
2019-07-18,6.866212e-08,1.0,0.00017733919,9.589427e-13,4.483452e-05,1.8314479e-14
2020-07-01,0.99897975,1.0,1.6308364e-05,2.8640945e-14,7.881412e-06,4.197701e-13
2019-09-13,4.614683e-08,1.0,9.119239e-11,1.4183206e-12,1.5171549e-13,7.360024e-15
2024-06-30,0.5503893,1.0,1.039777e-13,6.896523e-14,4.075366e-15,1.606437e-14
2019-04-21,1.0,1.8451232e-07,0.00026880504,5.524041e-05,0.9997391,0.9999993
2023-08-04,5.95045e-14,1.0,1.5338327e-13,3.1531388e-13,3.0862523e-14,2.7855745e-11
2024-09-18,2.794419e-11,1.0,0.005048338,3.413148e-10,4.4518745e-13,1.9642772e-09
2021-01-07,0.99999857,4.3687225e-05,0.9999951,1.0,0.027444933,0.04104992
2020-06-23,0.99999905,1.0,1.2191652e-14,4.945016e-13,2.23667e-09,7.2274145e-17
2023-12-12,0.99999833,0.0011400427,0.13797276,1.0,0.9999987,1.1764096e-05
2020-07-07,2.4013153e-07,1.0,1.12296725e-07,1.798636e-15,1.3354624e-12,1.3671007e-12
2019-11-23,0.81476146,0.99999905,0.34685668,0.9999944,0.9926186,2.8206332e-06
2022-01-11,1.0,1.4253236e-07,0.99924976,0.99999833,0.99999976,0.8682359
2020-06-21,1.0,1.0,1.4029643e-10,1.5575853e-14,4.4642955e-05,4.7514557e-18
2022-03-09,0.99917406,0.25339252,0.9997092,0.9999937,2.396237e-11,2.3891702e-05
2024-01-23,1.0,5.7786616e-05,0.99999726,1.0,0.9999453,0.3312213
2024-03-27,1.0,0.0023876952,2.6621585e-08,0.41049936,0.504702,1.0
2020-07-11,1.9257704e-09,1.0,2.5342095e-08,3.3194295e-11,1.6526932e-09,8.935058e-09
2021-10-02,1.0823552e-08,1.0,6.6029565e-12,3.3323386e-11,4.338753e-14,7.5339434e-19
2023-04-29,1.0,7.8288735e-09,2.8326673e-07,7.811066e-07,0.9999304,0.9998883
2024-06-21,0.9999989,1.0,3.2949405e-12,3.504271e-15,5.7757106e-09,1.6850531e-15
2020-02-06,1.0,9.9395315e-08,0.9988444,0.99995387,0.7001237,0.99988425
2024-03-23,0.99999917,0.00034359534,4.0730943e-09,0.7115613,9.689303e-05,0.9999999
2023-01-16,1.0,6.477251e-07,3.3356545e-07,1.0,0.0009016212,7.0109018e-06
2022-08-27,4.8050566e-13,1.0,6.032973e-10,6.858505e-11,2.4596682e-11,1.4761117e-16
2023-10-09,1.7039277e-15,1.0,5.8006776e-11,3.4323457e-07,4.3241695e-11,1.0732025e-17
2024-06-06,1.0,1.0,2.440278e-09,4.900953e-08,1.213933e-05,3.996635e-14
2019-10-22,0.00062670436,1.0,2.0454805e-09,3.2728437e-07,0.040597606,1.6399576e-16
2024-02-27,0.416786,1.0,4.376046e-07,0.005125613,1.36086075e-14,4.0116274e-10
2023-05-12,1.0,1.4791931e-07,0.00010924523,7.40203e-07,0.99804246,0.5694433
2021-01-12,1.0,2.7745662e-06,0.99999464,0.9999963,0.21834205,0.003292471
2020-06-26,0.9666941,1.0,4.3298267e-13,8.888952e-14,0.00026019066,8.615166e-19
2022-01-03,1.0,8.834789e-08,0.99996054,0.99999845,1.0,0.996986
2021-06-25,1.0,0.9999999,8.235946e-09,1.1780587e-15,0.00018011917,6.9858004e-12
2021-09-07,5.958435e-10,1.0,1.9999685e-13,1.9592647e-15,3.2041758e-16,3.8700067e-15
2022-02-17,1.0,2.6171395e-07,0.9999951,1.0,0.9972512,0.99983275
2023-02-19,0.9999999,3.3893688e-08,3.017869e-12,0.9999193,0.65807855,0.00060036243
2024-05-22,1.0,0.18358849,1.196503e-05,1.2207431e-10,9.119097e-05,3.1625458e-10
2022-11-14,0.9999999,1.0,6.5228475e-11,0.99991846,0.99999976,3.9872353e-16
2022-12-30,1.0,5.4131027e-07,0.07183397,1.0,0.9982468,5.0644144e-06
2021-11-23,1.0,0.99896634,1.342975e-08,1.0,1.0,2.4970424e-09
2022-03-08,0.9999893,0.0013581688,0.999595,0.99999905,8.417634e-08,2.1788654e-05
2022-11-02,0.99977213,1.0,1.7525216e-12,0.0035334409,0.9740588,1.5918548e-17
2024-11-12,3.261861e-05,1.0,1.6462241e-10,0.00096907915,1.5854965e-11,0.0001340023
2022-07-09,1.1925315e-06,1.0,7.287881e-09,3.4215153e-15,1.8563132e-13,2.5311958e-15
2022-02-28,0.9999999,3.6877806e-05,0.99998724,0.99998176,0.0009562867,0.99054295
2021-08-21,0.00019648856,1.0,8.379269e-12,0.18150131,0.00026876683,5.46033e-16
2020-04-22,1.0,4.3826446e-07,6.532046e-05,8.789689e-05,0.99999964,0.9996705
2019-11-25,0.9999976,0.06739452,0.55266345,0.99995506,0.9987515,0.29934755
2019-07-01,0.0028322872,1.0,9.012004e-10,3.212448e-13,0.06782665,0.00012564061
2021-03-26,0.99999905,0.99998784,1.0580399e-10,0.00023864704,1.5224922e-16,0.99969435
2022-01-02,1.0,4.440293e-08,0.9914392,0.9993881,0.9999999,0.99992967
2024-02-03,1.0,0.15749629,0.0011862603,0.9997961,1.7923527e-05,0.9999993
2021-03-04,1.0,0.0006038124,1.983819e-05,0.91363436,2.6689697e-09,0.9999994
2020-07-27,1.761137e-08,1.0,9.919301e-09,8.40213e-14,1.7019102e-12,1.832408e-11
2019-07-08,5.6562192e-05,1.0,2.0412318e-07,2.177127e-14,0.0052069095,3.062606e-08
2022-08-14,5.9490398e-15,1.0,2.5097333e-07,7.871121e-14,3.80538e-12,2.3800302e-11
2020-09-02,1.0391283e-10,1.0,1.6263796e-12,6.288129e-14,7.943162e-15,1.5516297e-12
2021-08-26,0.0005840751,1.0,1.4493584e-14,4.336515e-12,1.8667935e-14,2.6585879e-14
2022-09-20,6.5517036e-10,1.0,3.6039918e-10,9.956073e-07,2.4763967e-12,1.6187905e-20
2020-03-12,1.0,0.02810348,0.0014533305,0.02949907,0.2866269,0.99935824
2019-05-29,1.0,0.999998,5.275036e-10,1.5610777e-13,1.4211284e-06,5.3098523e-07
2023-05-28,1.0,0.0019220768,0.010599824,4.6827227e-09,0.99976104,0.0001243389
2020-02-07,1.0,6.699035e-09,0.9994795,0.99998367,0.98027277,0.99996114
2021-12-13,1.0,0.00013286508,0.004117124,1.0,0.9999901,0.00013080947
2024-11-10,1.7017859e-06,1.0,1.9961778e-08,0.17318584,9.634919e-12,0.021770708
2023-10-03,6.569976e-17,1.0,2.1065892e-10,1.4638799e-11,1.5789771e-12,2.2583946e-17
2022-07-03,8.3866404e-08,1.0,3.3249241e-06,6.9187205e-15,7.523975e-12,4.9807472e-14
2024-04-03,1.0,2.58733e-06,4.1916928e-09,0.03428354,0.999998,0.999775
2020-07-12,1.0827273e-07,1.0,1.5297989e-08,3.2810005e-15,2.3322143e-13,5.1850293e-07
2020-05-07,1.0,2.7429563e-09,8.569948e-08,1.6826846e-06,0.9994155,0.7991813
2020-02-23,1.0,0.0010367803,0.88974184,0.99913174,0.12713146,0.9997223
2021-08-03,2.9315006e-05,1.0,1.173563e-10,1.1084262e-12,4.7314995e-13,9.917744e-10
2023-11-18,8.2161417e-10,1.0,2.928579e-13,0.9999995,0.0037675106,6.108132e-13
2024-01-19,1.0,4.6600057e-06,0.99985814,0.99999964,0.99998844,0.46581796
2022-07-15,4.6760644e-09,1.0,0.11420816,3.7212646e-16,6.0961663e-13,2.7849131e-13
2024-10-30,2.5828015e-09,1.0,2.5657292e-13,3.5736248e-05,1.4213096e-13,9.0363243e-14
2019-09-11,3.2791103e-08,1.0,1.077193e-10,7.283983e-11,1.08581144e-10,1.6280493e-12
2021-09-18,3.1451494e-10,1.0,2.5976247e-15,1.846138e-12,1.8578423e-14,4.4819752e-17
2019-04-26,1.0,2.6339632e-07,5.6802783e-05,9.864423e-05,0.99865735,0.9999912
2023-01-02,0.9998455,1.26331715e-05,3.3844952e-07,1.0,7.1740324e-06,2.7967042e-09
2021-12-07,1.0,0.00064923736,0.003201986,1.0,0.95595354,3.119959e-05
2023-10-20,2.098238e-12,1.0,6.2653973e-13,0.00010751121,8.1130776e-11,1.5221504e-15
2020-11-21,0.00064879016,1.0,0.99999654,0.99842596,0.9875273,1.8747494e-08
2021-05-08,1.0,1.30984485e-08,0.022637364,3.335023e-05,0.9998704,0.99999845
2019-10-04,2.9946296e-08,1.0,8.636801e-08,1.4360971e-05,4.1927484e-09,5.2398906e-13
2020-01-25,1.0,3.1290728e-09,0.9997807,0.9974033,0.99997103,0.99998474
2021-06-20,0.9999999,1.0,1.7727768e-09,2.3865246e-16,5.5772097e-07,8.139796e-12
2020-12-26,1.0,4.602176e-06,0.9998367,0.9999994,0.974817,0.011089665
2020-12-27,0.9999937,8.2682045e-06,0.9999999,0.9999994,0.99586725,0.025438419
2021-04-01,0.99934334,0.99999964,6.2410277e-07,1.8495867e-10,2.6353653e-13,0.9999999
2021-06-01,1.0,0.001116913,1.4842351e-06,4.599953e-09,0.11474715,6.461124e-14
2023-03-30,1.0,0.06307705,1.3612127e-08,0.039993882,5.4054112e-08,1.0
2023-04-25,1.0,1.5057568e-05,1.4333673e-07,0.0015186043,0.9997739,0.99999917
2020-08-26,2.6671135e-12,1.0,2.8603997e-06,6.255848e-07,8.6866905e-09,1.7861252e-13
2022-01-04,0.99999976,1.6001383e-07,0.9998215,0.9999995,1.0,0.99879444
2022-11-18,1.0,0.9999999,4.7155826e-08,0.999992,0.9999999,1.0117484e-09
2021-04-21,1.0,0.109946504,3.4221757e-05,2.1875037e-05,0.99998987,0.999997
2021-09-13,8.974336e-10,1.0,1.659293e-11,3.462185e-14,4.6149884e-13,2.7414295e-16
2024-11-28,0.9995142,0.8626401,0.99660337,1.0,1.0,5.36374e-07
2022-12-27,0.99999976,8.172353e-06,0.0027233672,1.0,0.0010168173,1.229093e-06
2019-07-24,0.0014396564,0.9999995,4.052027e-12,1.241093e-14,4.4777687e-05,5.3670243e-07
2021-11-05,0.89099514,1.0,3.583734e-15,0.000117974756,0.10492466,1.7493628e-19
2020-09-20,1.9790491e-09,1.0,2.1003305e-10,2.7440102e-11,1.4077489e-14,6.560862e-16
2023-09-22,1.9481175e-13,1.0,8.2387397e-10,1.1565072e-06,1.6016595e-12,3.6170016e-07
2024-07-10,3.4235043e-05,1.0,1.3033165e-14,1.0606803e-11,2.0786242e-12,1.36673e-13
2021-08-02,3.3956386e-08,1.0,9.320471e-13,5.084113e-13,6.3351843e-15,1.4723172e-14
2022-03-12,0.9999813,0.9999906,0.99917406,0.99728775,5.428822e-09,0.0045153233
2019-08-29,9.259568e-06,1.0,1.9397316e-12,2.7832838e-16,1.2806209e-15,3.9333116e-12
2021-08-24,0.00042475032,1.0,8.352803e-14,2.4995727e-05,1.6081885e-09,6.666978e-16
2019-06-14,0.9999448,1.0,3.1323e-11,6.2013294e-16,9.895445e-06,4.7853426e-11
2021-10-31,1.4032481e-05,1.0,1.1120418e-14,0.005227051,0.00013268061,2.0983026e-19
2020-12-20,0.9999999,0.0038501406,1.0,0.9999994,0.99947256,8.0528655e-05
2024-06-08,1.0,0.9999995,5.4896226e-12,3.265638e-10,5.0955146e-05,2.5316703e-14
2021-11-04,0.48099244,1.0,2.8495747e-13,0.0001328723,0.7583443,3.0304886e-20
2024-03-17,1.0,0.11875516,8.662091e-12,5.147333e-05,2.2060302e-08,0.7314898
2019-10-27,4.006591e-05,1.0,4.117616e-10,0.0106974365,0.45628342,2.5231917e-17
2019-07-04,0.093152545,1.0,1.3151049e-11,7.283909e-16,0.007834992,8.460221e-09
2021-01-03,1.0,4.190311e-05,0.9987318,1.0,0.0011270203,0.0028089376
2023-11-16,7.7667925e-09,1.0,2.1152123e-11,0.9999974,0.010520694,1.2062492e-14
2021-06-10,1.0,0.9282062,0.000111625086,4.113635e-06,0.897267,4.722576e-12
2020-04-04,0.9999993,3.070488e-07,8.575137e-07,0.00093741505,0.00036351485,1.0
2023-08-17,3.6967062e-14,1.0,1.3359668e-12,4.3043457e-15,3.8949194e-14,1.078767e-12
2021-02-21,0.99999976,0.080819376,0.9981243,0.99999976,0.00024966156,0.5711699
2023-11-02,1.0137745e-13,1.0,1.9115541e-06,0.83509916,4.7286943e-09,4.3452313e-13
2022-08-02,1.2670334e-09,1.0,6.641108e-05,5.159143e-10,5.9626286e-06,4.4171694e-10
2021-02-20,1.0,0.71647865,0.99619955,0.99999046,3.5608813e-05,0.007300445
2024-10-15,4.582307e-13,1.0,3.188107e-08,0.0008838072,3.1814854e-16,1.0463936e-14
2024-08-26,1.1284193e-10,1.0,2.0048156e-09,1.4015923e-10,3.01389e-11,1.6410084e-05
2020-02-27,1.0,4.616074e-08,0.85602015,0.9999865,0.0017073642,0.9721124
2024-07-24,3.1331293e-08,1.0,4.928065e-10,2.6615194e-15,2.498833e-17,2.1306899e-17
2022-05-26,1.0,0.0057482976,2.4872587e-10,1.04792606e-13,0.68940485,3.0374717e-10
2023-07-06,0.0033598945,1.0,2.4198393e-08,1.4304448e-13,1.0002495e-12,3.507006e-11
2024-07-08,0.00479633,1.0,6.622951e-15,2.0755687e-13,6.704198e-13,2.4967464e-17
2021-08-10,0.00021058106,1.0,1.3273963e-13,1.5231786e-15,9.637053e-19,4.1374348e-12
2021-10-21,7.0911283e-06,1.0,5.907275e-14,0.00020962629,1.123944e-08,2.3934629e-16
2023-01-11,0.9999993,0.00016306556,7.341848e-09,1.0,0.011689747,8.86082e-10
2024-04-21,1.0,1.4457326e-07,0.00024591072,0.94933826,0.99998903,0.99999344
2021-01-11,1.0,2.0720779e-07,0.9999981,0.9999988,6.155043e-07,0.031087525
2021-05-19,1.0,1.4980769e-08,0.9233936,6.456437e-07,0.9981267,0.9997991
