date,h0,h1,h2,h3,h4
2023-01-04,0.011540485,0.012842396,0.011513227,0.011366445,0.016090715
2019-09-20,0.011543879,0.012846514,0.011516609,0.011369746,0.016096983
2020-03-06,0.011543684,0.012846243,0.011516414,0.011369559,0.016096484
2023-07-05,0.011541224,0.012843243,0.011513965,0.011367168,0.016091915
2024-07-01,0.011543357,0.01284585,0.011516088,0.011369242,0.016095888
2024-03-14,0.011543449,0.012845959,0.011516175,0.011369328,0.016096076
2023-06-29,0.011542613,0.0128449295,0.0115153445,0.011368513,0.016094476
2021-03-18,0.011543091,0.012845516,0.011515821,0.01136898,0.016095381
2024-10-13,0.011543445,0.012845959,0.011516175,0.011369322,0.016096069
2024-12-02,0.011543624,0.012846164,0.011516353,0.011369499,0.016096348
2024-09-06,0.011543483,0.012846001,0.011516206,0.011369361,0.016096145
2024-03-30,0.011543559,0.012846085,0.011516288,0.011369435,0.016096234
2024-01-01,0.01154363,0.01284617,0.011516359,0.011369505,0.016096348
2023-01-01,0.011540496,0.012842408,0.011513238,0.011366455,0.01609073
2024-01-25,0.011543635,0.012846176,0.011516364,0.011369511,0.016096363
2024-09-29,0.011543254,0.012845721,0.011515984,0.011369139,0.016095713
2020-09-07,0.011543009,0.012845427,0.011515746,0.011368903,0.016095245
2021-02-13,0.011543657,0.012846213,0.011516387,0.011369532,0.016096424
2021-04-15,0.011543488,0.012846007,0.011516217,0.011369371,0.016096113
2020-07-10,0.011542861,0.012845245,0.011515599,0.01136876,0.016094958
2024-05-13,0.01154209,0.012844283,0.011514823,0.011368005,0.01609347
2020-08-27,0.011543298,0.012845764,0.011516028,0.011369178,0.016095737
2022-02-13,0.011543515,0.012846025,0.0115162395,0.011369393,0.016096137
2022-01-30,0.011543591,0.012846121,0.011516321,0.011369467,0.01609628
2021-05-03,0.011543548,0.012846073,0.011516278,0.011369425,0.016096205
2023-10-09,0.011543543,0.012846103,0.011516272,0.011369418,0.016096363
2022-05-25,0.011541823,0.012843963,0.011514562,0.011367752,0.016092988
2022-07-17,0.011543342,0.01284582,0.011516065,0.01136922,0.016095828
2022-02-04,0.011543553,0.012846079,0.011516282,0.0113694295,0.016096205
2019-05-19,0.011543515,0.012846031,0.0115162395,0.011369393,0.016096152
2021-05-07,0.0115435645,0.012846091,0.011516294,0.011369442,0.016096234
2019-08-23,0.011542606,0.012844936,0.011515338,0.0113685075,0.016094528
2021-10-11,0.011543199,0.012845656,0.01151593,0.011369081,0.016095601
2023-01-25,0.011540752,0.012842712,0.011513487,0.011366702,0.01609119
2021-12-20,0.011543602,0.012846133,0.011516332,0.011369478,0.016096294
2020-08-17,0.011543515,0.012846031,0.011516245,0.011369393,0.016096145
2020-04-24,0.011543521,0.012846036,0.011516251,0.011369397,0.01609616
2020-06-19,0.011543384,0.0128458785,0.011516114,0.011369264,0.016095933
2021-01-25,0.011543641,0.012846182,0.01151637,0.011369515,0.01609637
2023-03-22,0.011542835,0.012845214,0.011515567,0.011368727,0.016094966
2021-05-12,0.011543576,0.012846109,0.011516305,0.011369457,0.016096266
2019-05-20,0.011543498,0.012846013,0.011516229,0.011369376,0.01609613
2023-12-25,0.011543624,0.012846164,0.011516353,0.011369499,0.01609634
2023-11-26,0.011543488,0.012846001,0.011516217,0.011369365,0.016096098
2022-01-10,0.0115436455,0.012846189,0.0115163755,0.011369521,0.01609638
2019-08-20,0.011543129,0.01284557,0.0115158595,0.011369017,0.016095465
2024-11-12,0.0115435645,0.012846096,0.011516294,0.011369442,0.016096266
2021-02-17,0.011543608,0.012846146,0.011516336,0.011369484,0.016096326
2020-11-21,0.011543624,0.012846164,0.011516353,0.011369499,0.01609634
2022-02-20,0.0115436455,0.012846189,0.01151637,0.011369521,0.016096387
2021-04-17,0.011543576,0.012846103,0.011516305,0.011369451,0.016096266
2021-08-19,0.0115436185,0.012846159,0.011516343,0.011369494,0.01609634
2022-03-27,0.011543233,0.012845692,0.011515962,0.011369114,0.01609566
2022-08-02,0.0115435645,0.012846091,0.011516288,0.011369442,0.016096242
2023-10-14,0.011543548,0.012846091,0.011516272,0.011369418,0.01609631
2024-02-27,0.0115435105,0.012846036,0.0115162395,0.011369387,0.01609619
2020-06-25,0.0115433745,0.012845867,0.0115161035,0.011369253,0.016095918
2024-01-07,0.011543641,0.012846182,0.01151637,0.011369515,0.01609637
2022-05-20,0.011543145,0.012845583,0.011515875,0.011369033,0.016095458
2019-11-12,0.0115435645,0.012846091,0.011516294,0.011369442,0.016096234
2023-05-14,0.011543597,0.012846133,0.011516325,0.011369472,0.016096303
2021-03-25,0.011541589,0.012843702,0.011514324,0.011367517,0.016092693
2023-10-24,0.011543553,0.012846091,0.011516282,0.0113694295,0.01609628
2023-10-10,0.011543548,0.012846103,0.011516278,0.011369425,0.016096348
2023-02-25,0.0115427645,0.01284513,0.011515496,0.011368658,0.01609481
2024-02-23,0.011543108,0.0128455525,0.011515832,0.011368991,0.016095495
2023-09-08,0.0115436185,0.012846218,0.011516348,0.011369489,0.016096612
2019-09-03,0.011543525,0.012846061,0.011516251,0.011369397,0.016096251
2023-06-20,0.011543401,0.012845898,0.011516131,0.01136928,0.01609597
2024-08-29,0.011543521,0.012846049,0.011516245,0.011369397,0.016096212
2019-07-04,0.011543548,0.012846073,0.011516278,0.011369425,0.016096221
2020-03-03,0.011543694,0.01284626,0.011516424,0.011369569,0.016096508
2020-09-04,0.011542313,0.012844574,0.011515051,0.011368224,0.01609394
2021-09-18,0.011543259,0.012845721,0.01151599,0.011369139,0.0160957
2020-10-20,0.01154358,0.012846114,0.011516309,0.011369457,0.016096288
2019-11-03,0.011543608,0.012846146,0.011516336,0.011369484,0.016096318
2023-07-12,0.011543449,0.012845959,0.01151618,0.011369333,0.016096046
2021-02-10,0.011543657,0.012846206,0.011516387,0.011369532,0.016096424
2022-06-11,0.011543287,0.012845758,0.011516012,0.011369167,0.016095752
2023-09-06,0.011543587,0.012846182,0.011516316,0.011369457,0.016096566
2024-04-27,0.011543504,0.012846018,0.011516234,0.011369381,0.01609613
2021-12-12,0.011543423,0.012845921,0.011516153,0.011369306,0.01609598
2021-12-16,0.011543477,0.012845988,0.011516206,0.011369354,0.016096076
2020-07-13,0.011542286,0.012844532,0.011515023,0.011368203,0.016093858
2019-05-28,0.011543504,0.012846031,0.011516234,0.011369381,0.016096182
2019-10-14,0.011543521,0.012846049,0.011516251,0.011369397,0.016096205
2023-03-23,0.011542667,0.012845021,0.0115153985,0.011368566,0.016094672
2021-01-10,0.01154363,0.01284617,0.011516359,0.011369505,0.016096348
2024-08-20,0.011543532,0.012846055,0.011516255,0.011369409,0.01609619
2021-08-16,0.011543553,0.012846079,0.011516282,0.0113694295,0.016096234
2021-08-15,0.011543504,0.012846025,0.011516234,0.011369381,0.016096152
2023-03-12,0.011542852,0.012845233,0.011515583,0.011368749,0.016094958
2024-02-03,0.0115434555,0.012845959,0.01151618,0.011369333,0.016096046
2024-01-04,0.011543635,0.012846176,0.011516364,0.011369511,0.016096355
2019-12-17,0.0115436185,0.012846159,0.011516348,0.011369494,0.016096326
2024-06-07,0.011543308,0.0128457835,0.011516039,0.011369187,0.01609579
2019-08-14,0.011543347,0.012845826,0.011516071,0.0113692265,0.016095841
2020-12-07,0.011543641,0.012846182,0.01151637,0.011369515,0.016096363
2019-11-16,0.011543587,0.012846114,0.011516316,0.011369462,0.016096273
2022-09-02,0.011543472,0.012846001,0.011516196,0.011369345,0.016096175
2023-10-30,0.011543494,0.012846018,0.011516217,0.011369371,0.01609616
2024-07-24,0.011542786,0.012845147,0.011515518,0.011368679,0.01609483
2021-09-07,0.011543363,0.01284585,0.011516088,0.011369242,0.016095895
2023-07-28,0.011543483,0.012846001,0.0115162125,0.011369361,0.016096113
2024-11-04,0.011543483,0.012846001,0.0115162125,0.011369361,0.01609613
2024-04-15,0.0115434555,0.012845959,0.011516185,0.011369333,0.016096046
2020-12-14,0.011543641,0.012846182,0.011516364,0.011369515,0.016096363
2023-04-11,0.011543194,0.012845644,0.01151592,0.011369077,0.016095577
2022-07-16,0.011543357,0.012845844,0.011516088,0.011369242,0.016095858
2020-06-29,0.011543504,0.012846025,0.011516234,0.011369381,0.016096152
2024-12-05,0.01154363,0.01284617,0.011516353,0.011369505,0.016096355
2021-04-03,0.011543161,0.012845608,0.011515892,0.011369049,0.016095525
2020-03-13,0.011543641,0.012846182,0.01151637,0.011369515,0.01609638
2020-02-25,0.011543641,0.012846182,0.01151637,0.011369515,0.016096387
2023-09-20,0.0115435645,0.012846127,0.011516294,0.011369435,0.016096417
2024-07-09,0.011543353,0.0128458375,0.011516082,0.011369236,0.016095871
2020-05-26,0.011543504,0.012846018,0.011516234,0.011369381,0.016096123
2024-04-16,0.011543569,0.012846103,0.011516299,0.011369445,0.016096251
2024-10-11,0.011543467,0.012845984,0.011516196,0.011369345,0.016096098
2024-06-17,0.0115418825,0.012844077,0.011514617,0.011367801,0.016093237
2022-09-06,0.011543537,0.012846073,0.011516261,0.011369409,0.016096259
2023-01-08,0.0115408115,0.012842784,0.011513548,0.01136676,0.016091296
2022-08-10,0.011543515,0.012846049,0.011516245,0.011369393,0.016096205
2022-09-05,0.011543553,0.012846096,0.011516282,0.0113694295,0.016096294
2021-03-24,0.011541878,0.012844059,0.011514617,0.011367801,0.01609323
2020-05-31,0.011542308,0.012844556,0.01151504,0.011368219,0.016093887
2022-09-30,0.011543711,0.01284629,0.011516435,0.01136958,0.016096622
2023-03-14,0.011542813,0.012845184,0.011515545,0.0113687115,0.016094882
2023-08-10,0.011543259,0.012845728,0.01151599,0.011369139,0.016095722
2022-06-03,0.011543515,0.012846036,0.011516245,0.011369393,0.016096182
2022-09-20,0.011543679,0.01284626,0.0115164025,0.011369548,0.016096566
2023-10-25,0.011543525,0.012846061,0.011516255,0.0113694025,0.016096234
2021-03-12,0.011543445,0.012845946,0.011516175,0.011369322,0.016096016
2023-08-27,0.011543532,0.012846079,0.011516261,0.011369409,0.016096294
2019-06-17,0.011543325,0.012845807,0.011516055,0.01136921,0.016095828
2024-12-17,0.011543641,0.012846189,0.01151637,0.011369515,0.01609638
2024-10-06,0.011543494,0.012846013,0.011516224,0.011369371,0.016096145
2021-10-19,0.011543384,0.012845885,0.011516114,0.011369268,0.01609594
2022-03-23,0.011543379,0.012845874,0.011516109,0.011369264,0.016095933
2021-05-08,0.011543525,0.012846042,0.011516251,0.0113694025,0.016096167
2019-11-08,0.011543597,0.012846133,0.011516325,0.011369472,0.016096294
2020-03-30,0.011543576,0.012846103,0.011516299,0.011369451,0.016096251
2023-07-27,0.0115435105,0.012846031,0.0115162395,0.011369387,0.016096152
2022-01-14,0.0115436455,0.012846189,0.0115163755,0.011369521,0.01609638
2020-06-21,0.011543157,0.012845602,0.0115158865,0.011369045,0.01609551
2022-06-08,0.011543477,0.012845995,0.011516206,0.011369354,0.016096113
2020-02-17,0.011543532,0.012846055,0.011516261,0.011369409,0.016096182
2024-11-15,0.01154358,0.012846114,0.011516309,0.011369457,0.016096288
2022-04-24,0.011543406,0.012845898,0.011516135,0.011369284,0.016095947
2020-06-20,0.011543292,0.012845764,0.011516022,0.011369172,0.01609576
2022-07-08,0.0115433745,0.012845861,0.0115161035,0.011369258,0.016095888
2022-09-01,0.011543494,0.012846031,0.011516224,0.011369371,0.016096234
2023-12-31,0.0115436185,0.012846159,0.011516348,0.011369494,0.016096333
2019-05-08,0.011543548,0.012846073,0.011516278,0.011369425,0.016096205
2021-08-26,0.011543449,0.012845959,0.01151618,0.011369328,0.016096061
2020-05-17,0.011543548,0.012846073,0.011516278,0.011369425,0.016096212
2024-01-13,0.011543641,0.012846182,0.01151637,0.011369515,0.01609637
2020-02-08,0.011543543,0.012846067,0.011516272,0.011369418,0.016096197
2021-06-19,0.011541725,0.012843854,0.011514464,0.011367655,0.016092844
2022-11-03,0.011543439,0.012845939,0.011516163,0.011369317,0.016096024
2023-12-16,0.0115436185,0.012846152,0.011516343,0.011369494,0.016096326
2022-08-16,0.011543477,0.012846025,0.011516202,0.0113693485,0.016096273
2023-03-13,0.011542857,0.01284524,0.011515588,0.011368749,0.016094966
2022-04-25,0.011543353,0.012845831,0.011516082,0.011369232,0.01609585
2021-12-05,0.0115432115,0.012845667,0.0115159415,0.011369097,0.016095601
2024-06-20,0.011543395,0.012845898,0.011516125,0.01136928,0.016095987
2023-01-03,0.011540442,0.012842343,0.011513184,0.011366403,0.016090633
2019-04-04,0.011543363,0.012845855,0.011516093,0.011369242,0.016095903
2022-01-12,0.0115436455,0.012846189,0.0115163755,0.011369521,0.01609637
2020-03-22,0.011543624,0.012846164,0.011516353,0.011369499,0.01609634
2020-03-25,0.0115435645,0.012846091,0.011516294,0.011369442,0.016096234
2024-10-02,0.0115434555,0.012845964,0.011516185,0.011369333,0.016096069
2022-03-13,0.011543521,0.012846042,0.011516251,0.0113694025,0.016096167
2023-06-24,0.011543325,0.012845807,0.011516055,0.01136921,0.016095819
2024-07-25,0.011542341,0.01284461,0.011515072,0.01136825,0.016094007
2024-09-11,0.011543543,0.012846067,0.0115162665,0.011369418,0.016096221
2023-07-16,0.011543477,0.012845988,0.011516206,0.011369361,0.016096093
2020-03-23,0.011543587,0.012846114,0.011516316,0.011369462,0.016096273
2023-06-08,0.011543406,0.012845904,0.011516135,0.011369284,0.01609598
2019-06-01,0.011543744,0.012846332,0.011516472,0.011369612,0.016096681
2020-05-02,0.011543553,0.012846079,0.011516282,0.0113694295,0.016096221
2024-06-09,0.011543069,0.0128454985,0.011515801,0.011368958,0.016095366
2019-11-14,0.01154358,0.012846114,0.011516309,0.011369457,0.016096266
2020-09-13,0.011543194,0.012845649,0.011515924,0.011369081,0.016095586
2023-02-11,0.011541235,0.012843303,0.011513976,0.011367175,0.016092075
2024-12-10,0.011543641,0.012846182,0.01151637,0.011369515,0.01609637
2023-01-16,0.011540529,0.012842446,0.01151327,0.0113664875,0.016090792
2024-12-25,0.0115436455,0.012846189,0.0115163755,0.011369521,0.016096387
2020-12-29,0.01154363,0.01284617,0.011516359,0.011369505,0.016096348
2024-12-24,0.0115436455,0.012846189,0.0115163755,0.011369521,0.016096387
2023-05-26,0.011543532,0.012846055,0.011516261,0.011369409,0.01609619
2023-11-15,0.011543428,0.012845933,0.0115161585,0.011369312,0.016096016
2019-09-09,0.011543787,0.012846388,0.011516516,0.011369654,0.016096748
2022-09-22,0.0115436725,0.012846247,0.011516396,0.011369542,0.016096558
2022-06-07,0.011543472,0.012845995,0.011516202,0.011369354,0.016096123
2021-08-04,0.011543277,0.012845752,0.011516006,0.011369161,0.01609576
2022-02-14,0.011543576,0.012846103,0.011516305,0.011369451,0.016096259
2019-07-18,0.011543477,0.012845988,0.011516206,0.011369354,0.016096093
2021-08-14,0.01154346,0.012845971,0.01151619,0.011369338,0.016096076
2024-02-05,0.011543543,0.012846073,0.011516272,0.011369425,0.016096212
2024-08-21,0.011543543,0.012846067,0.0115162665,0.011369418,0.016096212
2023-06-23,0.011543353,0.0128458375,0.0115160765,0.011369232,0.016095871
2021-12-27,0.0115436185,0.012846159,0.011516348,0.011369494,0.016096333
2019-10-11,0.011543657,0.012846218,0.011516387,0.011369532,0.016096454
2020-09-19,0.0115434555,0.012845971,0.011516185,0.011369333,0.016096076
2021-05-28,0.011543759,0.012846339,0.0115164835,0.011369629,0.016096642
2021-04-22,0.011543602,0.012846133,0.011516325,0.011369478,0.016096303
2023-10-03,0.011543537,0.012846096,0.011516261,0.011369409,0.01609637
2024-07-05,0.0115433745,0.012845867,0.0115161035,0.011369253,0.016095927
2022-12-27,0.01154054,0.012842464,0.011513282,0.011366498,0.016090814
2023-02-14,0.011541317,0.012843396,0.011514052,0.011367254,0.016092218
2020-04-18,0.011543472,0.012845984,0.011516202,0.0113693485,0.016096076
2022-04-21,0.011543417,0.012845909,0.011516147,0.011369296,0.01609597
2022-02-03,0.011543602,0.012846133,0.011516332,0.011369478,0.016096294
2021-08-25,0.011543498,0.012846013,0.011516224,0.011369376,0.016096137
2021-10-13,0.011543384,0.012845885,0.011516114,0.011369268,0.016095964
2019-10-30,0.011543587,0.012846121,0.011516316,0.011369462,0.01609628
2023-09-13,0.01154363,0.012846218,0.011516359,0.011369499,0.016096558
2023-08-20,0.0115435105,0.012846042,0.0115162395,0.011369387,0.016096227
2021-05-05,0.011543569,0.012846103,0.011516299,0.011369451,0.016096251
2019-11-24,0.011543553,0.012846079,0.011516282,0.011369435,0.016096221
2019-06-29,0.0115435105,0.012846031,0.0115162395,0.011369393,0.016096167
2021-03-15,0.011543298,0.01284577,0.011516028,0.011369184,0.016095752
2023-11-13,0.011543428,0.012845933,0.0115161585,0.011369306,0.016096024
2023-11-09,0.011543412,0.012845921,0.011516142,0.011369296,0.016096009
2021-06-13,0.011542383,0.012844653,0.011515116,0.011368294,0.016094046
2020-07-06,0.011543379,0.012845874,0.011516109,0.011369258,0.01609594
2022-01-19,0.011543635,0.012846176,0.011516364,0.011369511,0.016096348
2024-03-11,0.0115435105,0.012846036,0.011516234,0.011369387,0.01609619
2022-07-02,0.011543379,0.012845867,0.011516109,0.011369264,0.016095903
2019-12-26,0.011543635,0.012846176,0.011516364,0.011369511,0.016096355
2024-03-16,0.011543494,0.012846013,0.011516217,0.011369371,0.016096137
2023-12-17,0.011543608,0.012846146,0.011516336,0.011369484,0.01609631
2021-04-02,0.011542861,0.012845245,0.011515593,0.01136876,0.01609499
2023-05-12,0.011543576,0.012846103,0.011516299,0.011369451,0.016096259
2022-12-30,0.0115419915,0.012844198,0.011514725,0.011367908,0.01609341
2024-08-11,0.01154346,0.012845971,0.01151619,0.011369345,0.016096061
2024-08-25,0.011543548,0.012846085,0.011516278,0.011369425,0.016096251
2020-08-01,0.011543504,0.012846018,0.011516229,0.011369381,0.01609613
2024-04-23,0.011543515,0.012846036,0.011516245,0.011369397,0.016096152
2022-01-16,0.011543635,0.012846176,0.011516364,0.011369511,0.016096355
2023-09-21,0.011543591,0.012846164,0.011516321,0.011369467,0.016096454
2022-09-29,0.011543711,0.012846297,0.011516441,0.01136958,0.016096635
2021-12-10,0.011543308,0.0128457835,0.011516039,0.011369187,0.016095767
2019-09-16,0.011543886,0.012846526,0.011516614,0.011369751,0.016097013
2024-01-31,0.01154358,0.012846109,0.011516309,0.011369457,0.016096266
2024-05-19,0.011539626,0.012841267,0.011512371,0.011365614,0.01608885
2019-12-22,0.011543624,0.012846164,0.011516353,0.011369499,0.01609634
2024-07-12,0.011543222,0.01284568,0.011515951,0.011369108,0.01609563
2023-09-07,0.011543614,0.012846213,0.011516343,0.011369484,0.016096605
2023-07-02,0.011541546,0.012843625,0.01151428,0.011367478,0.01609249
2020-01-22,0.011543602,0.012846139,0.011516332,0.011369478,0.016096303
2019-07-08,0.011543525,0.012846049,0.011516255,0.011369409,0.016096167
2023-12-21,0.011543624,0.012846164,0.011516353,0.011369499,0.01609634
2021-11-14,0.011542927,0.012845329,0.011515658,0.011368824,0.016095104
2020-07-09,0.011543025,0.012845438,0.011515757,0.011368915,0.016095253
2021-02-23,0.011543569,0.012846103,0.011516299,0.011369451,0.016096251
2019-04-07,0.011543303,0.012845777,0.011516028,0.011369184,0.01609579
2023-10-07,0.011543553,0.012846109,0.011516278,0.011369425,0.01609638
2019-05-25,0.011543504,0.012846025,0.011516234,0.011369381,0.016096152
2022-05-04,0.011543369,0.012845855,0.011516093,0.011369248,0.016095888
2023-02-06,0.011541476,0.012843583,0.011514215,0.011367409,0.01609249
2020-09-25,0.011543537,0.012846067,0.0115162665,0.011369414,0.016096212
2023-07-31,0.011543525,0.012846049,0.011516255,0.0113694025,0.016096182
2024-03-29,0.011543515,0.012846036,0.011516245,0.011369393,0.01609616
2019-08-19,0.011542916,0.012845305,0.011515648,0.011368808,0.016095065
2023-10-16,0.01154358,0.012846133,0.011516309,0.011369457,0.01609637
2019-06-06,0.011543243,0.012845703,0.011515973,0.01136913,0.01609566
2023-02-04,0.0115408385,0.012842814,0.011513575,0.011366782,0.016091343
2022-08-26,0.01154327,0.012845801,0.011516001,0.0113691455,0.016096016
2019-10-20,0.011543543,0.012846067,0.011516272,0.011369418,0.016096212
2024-11-19,0.011543597,0.012846133,0.011516325,0.011369472,0.01609631
2020-03-18,0.011543559,0.012846091,0.011516288,0.011369435,0.016096234
2023-10-05,0.011543532,0.012846085,0.011516255,0.0113694025,0.016096348
2020-02-14,0.011543553,0.012846079,0.011516282,0.0113694295,0.016096221
2021-04-12,0.011543515,0.012846031,0.011516245,0.011369393,0.016096152
2023-07-19,0.0115436185,0.012846159,0.011516348,0.011369494,0.016096326
2023-02-08,0.01154073,0.012842693,0.011513472,0.01136668,0.01609116
2021-06-30,0.011543494,0.012846007,0.011516217,0.011369371,0.016096123
2020-02-18,0.011543543,0.012846067,0.011516272,0.011369425,0.016096205
2021-11-06,0.011543069,0.0128454985,0.011515801,0.011368958,0.016095359
2019-03-29,0.011543325,0.012845807,0.011516055,0.01136921,0.016095834
2023-05-01,0.011543537,0.012846061,0.0115162665,0.011369414,0.01609619
2021-08-08,0.0115432115,0.012845667,0.0115159415,0.011369097,0.01609563
2023-12-05,0.0115435645,0.012846091,0.011516294,0.011369442,0.016096234
2020-08-31,0.011543401,0.0128458915,0.011516131,0.01136928,0.01609594
2020-08-21,0.011543498,0.012846013,0.011516229,0.011369376,0.016096113
2022-02-22,0.011543657,0.012846206,0.011516387,0.011369532,0.016096417
2020-01-29,0.011543614,0.012846146,0.011516343,0.011369489,0.016096318
2020-12-30,0.01154363,0.01284617,0.011516359,0.011369505,0.016096348
2023-03-27,0.011543178,0.012845632,0.011515909,0.011369065,0.016095564
2020-08-24,0.011543504,0.012846018,0.011516234,0.011369381,0.01609613
2020-03-02,0.011543641,0.012846195,0.01151637,0.011369515,0.01609641
2020-09-06,0.01154332,0.012845801,0.0115160495,0.011369204,0.016095812
2024-07-17,0.0115433745,0.012845861,0.0115161035,0.011369253,0.01609591
2023-10-18,0.011543548,0.012846091,0.011516278,0.011369425,0.016096288
2024-04-28,0.011543537,0.012846061,0.0115162665,0.011369414,0.01609619
2022-04-02,0.011543525,0.012846042,0.011516251,0.0113694025,0.016096175
2022-03-08,0.011543661,0.012846213,0.011516387,0.011369532,0.016096432
2023-06-14,0.011543445,0.012845952,0.011516175,0.011369322,0.016096046
2024-11-16,0.011543576,0.012846114,0.011516305,0.011369451,0.01609628
2020-09-14,0.011543281,0.012845752,0.011516012,0.011369167,0.016095744
2024-12-08,0.01154363,0.01284617,0.011516359,0.011369505,0.016096355
2022-08-01,0.011543576,0.012846103,0.011516299,0.011369451,0.016096259
2021-02-28,0.011543569,0.012846103,0.011516299,0.011369445,0.016096251
2023-12-10,0.011543576,0.012846109,0.011516305,0.011369457,0.016096259
2020-05-10,0.011543553,0.012846079,0.011516282,0.0113694295,0.016096221
2019-09-23,0.011543814,0.012846431,0.011516543,0.011369682,0.01609684
2022-01-29,0.011543587,0.012846114,0.011516316,0.011369462,0.016096266
2021-03-13,0.011543384,0.012845874,0.011516114,0.011369264,0.01609591
2020-12-18,0.01154363,0.012846164,0.011516353,0.011369505,0.01609634
2021-09-20,0.011543353,0.0128458375,0.011516082,0.011369232,0.016095871
2022-11-14,0.01154315,0.012845602,0.011515881,0.011369038,0.016095502
2022-06-20,0.011543281,0.012845752,0.011516012,0.011369167,0.016095737
2022-04-03,0.011543467,0.012845977,0.011516196,0.011369345,0.016096076
2024-08-18,0.011543494,0.012846007,0.011516217,0.011369371,0.016096123
2022-11-04,0.011543433,0.012845933,0.011516163,0.011369312,0.016096016
2023-09-12,0.011543614,0.012846195,0.011516336,0.011369484,0.016096536
2021-01-31,0.01154363,0.012846176,0.011516359,0.011369505,0.01609637
2021-09-26,0.011543298,0.012845777,0.011516028,0.011369178,0.01609579
2021-01-15,0.011543641,0.012846182,0.01151637,0.011369515,0.01609637
2022-11-12,0.011543139,0.012845583,0.011515871,0.011369028,0.01609548
2023-01-14,0.011540577,0.012842505,0.011513319,0.011366536,0.016090883
2024-07-16,0.011543357,0.012845844,0.011516088,0.011369236,0.016095871
2019-03-26,0.011543314,0.012845796,0.011516043,0.0113691995,0.016095812
2024-03-24,0.011543587,0.012846121,0.011516316,0.011369462,0.016096288
2024-06-13,0.011541742,0.012843908,0.0115144765,0.011367667,0.016093003
2020-12-19,0.011543641,0.012846182,0.01151637,0.011369515,0.016096363
2021-09-29,0.011543243,0.01284571,0.011515973,0.01136913,0.016095685
2019-08-29,0.011542971,0.01284539,0.011515702,0.011368861,0.016095223
2022-02-15,0.011543587,0.012846121,0.011516316,0.011369462,0.01609628
2023-09-18,0.01154363,0.012846213,0.011516359,0.011369499,0.016096545
2024-01-24,0.011543641,0.012846189,0.01151637,0.011369515,0.01609638
2019-11-23,0.011543569,0.012846103,0.011516299,0.011369445,0.016096251
2023-04-06,0.01154308,0.012845505,0.01151581,0.0113689685,0.016095359
2019-04-28,0.011543498,0.012846013,0.011516229,0.011369376,0.016096123
2021-07-23,0.011543342,0.012845831,0.011516071,0.01136922,0.016095866
2024-05-28,0.011543215,0.012845667,0.011515947,0.011369103,0.016095594
2020-08-18,0.011543521,0.012846042,0.011516251,0.0113694025,0.01609616
2024-11-08,0.011543521,0.012846049,0.011516251,0.011369397,0.016096197
2021-05-18,0.01154358,0.012846109,0.011516309,0.011369457,0.016096259
2021-10-14,0.011543445,0.012845959,0.011516175,0.011369322,0.016096076
2021-03-16,0.011543233,0.012845687,0.011515962,0.0113691185,0.01609563
2021-11-27,0.011542971,0.0128453765,0.011515702,0.011368861,0.01609517
2020-03-14,0.01154358,0.012846109,0.011516309,0.011369457,0.016096273
2020-03-26,0.011543537,0.012846055,0.011516261,0.011369414,0.016096182
2023-07-22,0.011543445,0.012845952,0.011516175,0.011369328,0.016096046
2019-09-29,0.011543798,0.0128464,0.011516527,0.011369665,0.016096756
2020-05-01,0.011543543,0.012846067,0.011516272,0.011369418,0.016096197
2020-06-13,0.011542563,0.012844875,0.011515294,0.01136847,0.0160944
2023-04-26,0.011543494,0.012846007,0.011516224,0.011369371,0.016096106
2021-04-16,0.011543525,0.012846049,0.011516255,0.0113694025,0.016096175
2021-03-05,0.011543395,0.0128458915,0.011516125,0.01136928,0.01609594
2024-11-21,0.011543614,0.012846152,0.011516343,0.011369489,0.016096333
2021-12-18,0.011543569,0.012846096,0.011516294,0.011369445,0.016096234
2024-11-10,0.011543548,0.012846085,0.011516278,0.011369425,0.016096242
2021-06-02,0.011543259,0.012845721,0.01151599,0.011369139,0.016095676
2023-01-13,0.011540572,0.012842501,0.011513314,0.011366525,0.016090866
2023-12-29,0.01154363,0.01284617,0.011516353,0.011369505,0.016096348
2019-05-10,0.011543515,0.012846036,0.011516245,0.011369397,0.016096152
2021-03-01,0.011543515,0.012846031,0.011516245,0.011369393,0.016096145
2023-11-23,0.011543498,0.012846018,0.011516229,0.011369376,0.01609613
2021-07-02,0.011543379,0.0128458785,0.011516109,0.011369258,0.016095964
2019-06-27,0.011543423,0.012845928,0.011516153,0.011369301,0.016096031
2021-03-29,0.011541426,0.012843504,0.011514161,0.011367362,0.016092392
2020-07-29,0.011543537,0.012846061,0.0115162665,0.011369414,0.016096182
2019-07-29,0.01154339,0.012845885,0.01151612,0.011369268,0.016095947
2022-03-19,0.011543543,0.012846067,0.011516272,0.011369425,0.016096205
2023-01-26,0.011540817,0.01284279,0.011513553,0.011366766,0.016091304
2022-02-18,0.01154363,0.012846176,0.011516359,0.011369505,0.016096363
2019-12-23,0.011543635,0.012846176,0.011516359,0.011369511,0.016096355
2020-12-20,0.011543641,0.012846182,0.01151637,0.011369515,0.01609637
2021-10-06,0.011542835,0.012845208,0.011515572,0.011368733,0.016094914
2021-08-21,0.011543652,0.0128462,0.01151638,0.011369526,0.01609641
2021-07-26,0.01154346,0.012845977,0.01151619,0.011369338,0.016096083
2023-03-03,0.011542623,0.01284496,0.011515355,0.011368524,0.01609455
2024-06-06,0.01154339,0.012845885,0.01151612,0.011369275,0.01609594
2022-05-29,0.011543494,0.012846007,0.011516224,0.011369371,0.016096113
2024-09-05,0.0115435105,0.012846042,0.0115162395,0.011369387,0.016096205
2024-12-29,0.0115436455,0.012846195,0.0115163755,0.011369521,0.016096387
2023-09-10,0.011543652,0.01284626,0.01151638,0.011369521,0.016096694
2019-12-29,0.011543641,0.012846182,0.011516364,0.011369515,0.016096363
2021-11-29,0.011542933,0.012845335,0.011515664,0.01136883,0.016095104
2020-08-05,0.011543498,0.012846013,0.011516229,0.011369376,0.01609613
2020-05-07,0.011543553,0.012846079,0.011516278,0.0113694295,0.016096212
2023-04-15,0.011543075,0.0128454985,0.011515805,0.011368964,0.016095344
2023-10-04,0.011543548,0.012846103,0.011516272,0.011369418,0.01609637
2020-10-28,0.011543602,0.012846139,0.011516332,0.011369478,0.01609631
2022-07-31,0.01154358,0.012846109,0.011516305,0.011369457,0.016096266
2023-06-04,0.011542509,0.012844808,0.01151524,0.011368412,0.0160943
2024-10-18,0.011543412,0.012845921,0.011516142,0.01136929,0.016096024
2020-03-04,0.011543657,0.012846213,0.011516387,0.011369532,0.01609644
2020-03-24,0.011543597,0.012846127,0.011516321,0.011369472,0.016096288
2021-01-13,0.01154363,0.01284617,0.011516359,0.011369505,0.016096348
2021-03-07,0.011543488,0.012846001,0.011516217,0.011369365,0.016096098
2022-09-21,0.011543684,0.012846267,0.011516414,0.011369553,0.016096583
2021-10-09,0.011543086,0.012845516,0.011515816,0.01136898,0.016095381
2019-05-11,0.011543504,0.012846025,0.011516234,0.011369387,0.016096137
2024-07-14,0.011543157,0.012845602,0.0115158865,0.011369045,0.016095502
2019-05-30,0.011543602,0.012846146,0.011516332,0.011369478,0.016096355
2022-07-11,0.01154339,0.0128458785,0.01151612,0.011369275,0.01609591
2023-07-06,0.011541578,0.012843672,0.011514317,0.01136751,0.01609258
2021-09-15,0.011543379,0.012845874,0.011516109,0.011369264,0.016095927
2020-02-05,0.0115435645,0.012846091,0.011516294,0.011369442,0.016096234
2023-02-28,0.011542693,0.012845046,0.011515426,0.011368594,0.01609468
2023-02-01,0.0115408,0.012842772,0.011513537,0.01136675,0.016091274
2022-06-10,0.011543395,0.0128458915,0.011516125,0.011369275,0.016095964
2021-06-04,0.011543021,0.012845427,0.011515751,0.011368915,0.016095223
2021-02-19,0.011543569,0.012846103,0.011516299,0.011369445,0.016096251
2024-06-14,0.011541197,0.012843256,0.011513933,0.011367136,0.016092038
2021-03-06,0.011543467,0.012845971,0.011516196,0.011369345,0.016096061
2021-04-23,0.01154358,0.012846114,0.011516309,0.011369457,0.01609628
2020-11-23,0.01154363,0.01284617,0.011516359,0.011369505,0.016096355
2024-05-11,0.011543298,0.01284577,0.011516028,0.011369184,0.016095767
2020-10-06,0.011543548,0.012846073,0.011516278,0.011369425,0.016096227
2023-09-27,0.011543608,0.012846176,0.011516336,0.011369478,0.016096469
2019-09-02,0.011543537,0.012846079,0.0115162665,0.011369414,0.016096266
2024-12-18,0.011543641,0.012846182,0.01151637,0.011369515,0.01609637
2024-01-21,0.011543641,0.012846182,0.01151637,0.011369515,0.01609637
2021-11-13,0.011542939,0.012845335,0.011515669,0.01136883,0.01609511
2023-02-13,0.011541334,0.012843413,0.011514069,0.01136727,0.016092248
2022-12-31,0.011541409,0.012843504,0.011514144,0.011367345,0.01609237
2023-03-01,0.011542754,0.012845118,0.011515485,0.011368652,0.016094785
2022-12-05,0.011541344,0.012843431,0.011514084,0.011367281,0.016092256
2019-10-22,0.01154358,0.012846114,0.011516309,0.011369457,0.016096288
2020-06-02,0.0115420725,0.012844265,0.011514807,0.011367989,0.01609345
2024-03-21,0.0115433745,0.012845867,0.0115161035,0.011369253,0.01609591
2020-10-04,0.0115435105,0.012846031,0.0115162395,0.011369387,0.01609616
2023-01-22,0.011540914,0.012842911,0.011513656,0.011366863,0.016091492
2021-01-07,0.011543641,0.012846182,0.01151637,0.011369515,0.016096363
2021-08-18,0.011543608,0.012846146,0.011516336,0.011369484,0.016096326
2020-02-20,0.011543597,0.012846133,0.011516325,0.011369472,0.016096294
2021-05-01,0.0115435645,0.012846091,0.011516288,0.011369442,0.016096234
2021-09-24,0.011543205,0.012845662,0.011515935,0.011369092,0.016095608
2024-05-25,0.011542786,0.012845141,0.011515518,0.0113686845,0.016094793
2024-02-25,0.011543363,0.012845867,0.011516093,0.011369242,0.016095964
2023-08-30,0.011543576,0.012846133,0.011516305,0.011369445,0.016096395
2023-03-06,0.011542797,0.012845165,0.011515528,0.011368695,0.016094862
2024-07-21,0.011543102,0.012845535,0.011515832,0.011368991,0.016095411
2024-12-19,0.011543641,0.012846182,0.01151637,0.011369515,0.01609638
2021-01-24,0.011543624,0.012846164,0.011516353,0.011369499,0.016096348
2019-11-30,0.0115435645,0.012846091,0.011516294,0.011369442,0.016096234
2020-03-09,0.01154363,0.012846176,0.011516359,0.011369505,0.01609637
2019-08-16,0.011543215,0.012845667,0.011515947,0.011369103,0.016095601
2020-01-02,0.0115436455,0.012846189,0.01151637,0.011369515,0.01609637
2021-10-20,0.011543439,0.012845946,0.011516169,0.011369317,0.016096031
2020-08-08,0.0115435105,0.012846025,0.0115162395,0.011369387,0.016096137
2024-01-15,0.011543641,0.012846182,0.01151637,0.011369515,0.01609637
2019-04-20,0.011543477,0.012845988,0.011516206,0.011369361,0.016096093
2019-11-26,0.011543537,0.012846061,0.0115162665,0.011369418,0.01609619
2023-08-03,0.011543498,0.012846013,0.011516224,0.011369376,0.016096137
2021-07-07,0.011543515,0.012846036,0.011516245,0.011369393,0.01609616
2022-03-15,0.011543445,0.012845946,0.011516175,0.011369322,0.016096031
2022-04-22,0.011543357,0.0128458375,0.011516088,0.011369242,0.016095858
2024-07-07,0.011543369,0.012845861,0.011516098,0.011369253,0.01609591
2023-10-01,0.011543559,0.012846121,0.011516288,0.011369435,0.0160964
2023-08-17,0.01154332,0.012845813,0.0115160495,0.011369204,0.016095858
2023-12-28,0.01154363,0.01284617,0.011516359,0.011369505,0.016096348
2024-01-28,0.011543608,0.012846146,0.011516336,0.011369484,0.016096318
2020-10-22,0.011543576,0.012846109,0.011516305,0.011369451,0.01609628
2024-05-09,0.011543488,0.012846001,0.011516217,0.011369365,0.016096106
2022-12-20,0.0115409205,0.012842917,0.011513661,0.011366868,0.016091492
2019-04-17,0.011543281,0.012845752,0.011516012,0.011369161,0.016095737
2021-01-05,0.011543641,0.012846182,0.01151637,0.011369515,0.01609637
2023-11-03,0.011543515,0.012846042,0.011516245,0.011369393,0.01609619
2024-07-20,0.011543117,0.0128455525,0.011515849,0.011369007,0.016095443
2022-01-18,0.011543641,0.012846182,0.01151637,0.011369515,0.016096363
2023-11-14,0.011543439,0.012845946,0.011516169,0.011369317,0.016096031
2019-06-28,0.011543449,0.012845964,0.011516175,0.011369328,0.016096076
2022-06-23,0.011543494,0.012846007,0.011516217,0.011369371,0.016096113
2024-11-27,0.011543602,0.012846139,0.011516325,0.011369478,0.01609631
2019-05-23,0.01154346,0.012845971,0.01151619,0.011369338,0.016096061
2020-02-09,0.011543521,0.012846036,0.011516251,0.011369397,0.01609616
2020-11-18,0.011543614,0.012846152,0.011516343,0.011369489,0.016096326
2021-01-29,0.011543652,0.0128462,0.01151638,0.011369526,0.0160964
2020-07-25,0.011543494,0.012846007,0.011516224,0.011369371,0.016096113
2023-03-10,0.011542868,0.012845257,0.011515599,0.011368765,0.01609499
2020-12-09,0.0115436455,0.012846189,0.0115163755,0.011369521,0.01609638
2023-06-05,0.011542933,0.012845329,0.011515664,0.011368824,0.016095104
2023-12-24,0.011543624,0.012846164,0.011516353,0.011369499,0.01609634
2022-12-02,0.011541436,0.0128435325,0.011514171,0.011367367,0.016092414
2024-05-23,0.011542547,0.012844846,0.011515279,0.011368449,0.016094333
2023-06-21,0.011543395,0.012845898,0.011516125,0.01136928,0.016095964
2020-12-17,0.011543635,0.012846176,0.011516359,0.011369511,0.016096348
2019-05-21,0.011543488,0.012846007,0.011516217,0.011369371,0.016096113
2019-07-14,0.011543553,0.012846079,0.011516278,0.0113694295,0.016096212
2024-07-23,0.011542177,0.012844403,0.01151491,0.011368089,0.016093714
2021-01-08,0.01154363,0.01284617,0.011516359,0.011369505,0.016096348
2020-03-20,0.0115435105,0.012846025,0.011516234,0.011369387,0.016096145
2023-02-02,0.011540588,0.012842518,0.01151333,0.011366546,0.016090903
2022-12-14,0.011541176,0.01284322,0.011513911,0.011367114,0.016091947
2023-11-24,0.011543504,0.012846018,0.011516234,0.011369381,0.016096137
2021-07-08,0.011543537,0.012846061,0.0115162665,0.011369414,0.016096197
2022-03-06,0.011543694,0.01284626,0.011516424,0.011369569,0.016096508
2022-09-07,0.0115435645,0.012846109,0.011516288,0.011369435,0.016096318
2023-09-26,0.011543614,0.012846189,0.011516343,0.011369489,0.016096476
2020-09-18,0.01154346,0.012845971,0.011516185,0.011369338,0.016096076
2023-02-07,0.011540752,0.012842712,0.011513487,0.011366702,0.01609119
2024-09-04,0.011543498,0.012846025,0.011516224,0.011369376,0.016096182
2022-03-21,0.011543417,0.012845921,0.011516147,0.011369301,0.016095994
2021-03-21,0.011542878,0.012845263,0.01151561,0.01136877,0.016095005
2022-04-11,0.011543287,0.012845758,0.011516017,0.011369172,0.016095744
2024-03-20,0.011543445,0.012845952,0.011516175,0.011369328,0.016096054
2023-03-26,0.011542988,0.012845402,0.011515719,0.011368878,0.016095232
2021-10-07,0.011542971,0.012845372,0.011515702,0.011368861,0.016095163
2021-09-28,0.011543194,0.012845649,0.011515924,0.011369077,0.016095594
2021-11-25,0.011542998,0.012845415,0.01151573,0.0113688875,0.016095223
2023-09-03,0.0115436185,0.012846218,0.011516343,0.011369489,0.016096622
2021-02-06,0.0115435645,0.012846096,0.011516294,0.011369442,0.016096259
2023-04-17,0.011543243,0.012845703,0.011515973,0.01136913,0.01609566
2024-05-05,0.011543412,0.012845909,0.011516142,0.01136929,0.01609598
2022-02-06,0.011543602,0.012846139,0.011516332,0.011369478,0.016096303
2023-05-19,0.011543559,0.012846085,0.011516282,0.011369435,0.016096227
2023-05-05,0.011543597,0.012846133,0.011516325,0.011369472,0.016096303
2024-02-02,0.0115435105,0.012846025,0.0115162395,0.011369387,0.016096145
2022-01-20,0.011543635,0.012846176,0.011516364,0.011369511,0.016096355
2024-06-08,0.011543172,0.012845626,0.011515902,0.011369061,0.016095547
2022-03-12,0.011543559,0.012846091,0.011516288,0.011369435,0.016096234
2020-03-07,0.011543689,0.012846254,0.011516418,0.011369564,0.016096499
2023-12-18,0.011543614,0.012846146,0.011516336,0.011369489,0.016096318
2019-04-14,0.011543395,0.012845898,0.011516125,0.01136928,0.016095964
2022-11-10,0.011543265,0.012845734,0.011515995,0.0113691455,0.016095705
2023-09-30,0.01154358,0.012846146,0.011516309,0.011369451,0.01609644
2021-04-05,0.011542971,0.012845372,0.011515702,0.011368861,0.016095176
2024-07-26,0.011542427,0.012844713,0.01151516,0.011368331,0.016094167
2021-09-05,0.011543406,0.012845909,0.011516135,0.011369284,0.016095987
2021-06-08,0.01154339,0.0128458785,0.01151612,0.011369275,0.016095918
2019-09-18,0.011543945,0.012846599,0.0115166735,0.011369805,0.016097134
2021-08-11,0.011543353,0.0128458375,0.011516082,0.011369232,0.016095871
2024-09-26,0.01154265,0.01284499,0.011515382,0.01136855,0.016094612
2024-01-09,0.011543641,0.012846182,0.01151637,0.011369515,0.016096363
2019-12-04,0.011543597,0.012846127,0.011516325,0.011369472,0.016096288
2022-08-17,0.011543488,0.012846036,0.0115162125,0.011369361,0.016096288
2021-01-23,0.0115436185,0.012846159,0.011516348,0.011369494,0.016096333
2022-03-22,0.011543379,0.012845874,0.011516109,0.011369258,0.016095918
2019-07-05,0.011543543,0.012846067,0.011516272,0.011369418,0.016096205
2023-11-18,0.011543472,0.012845984,0.011516202,0.0113693485,0.016096083
2020-03-19,0.011543537,0.012846061,0.0115162665,0.011369418,0.016096197
2024-10-31,0.011543488,0.012846007,0.011516217,0.011369365,0.016096145
2023-08-15,0.011543095,0.012845535,0.011515828,0.011368984,0.016095443
2022-03-05,0.0115437005,0.01284626,0.011516424,0.011369569,0.016096508
2023-03-04,0.011542444,0.012844743,0.011515175,0.011368346,0.016094226
2021-09-17,0.011543494,0.012846013,0.011516217,0.011369371,0.016096137
2019-05-17,0.011543467,0.012845971,0.011516196,0.011369345,0.016096061
2023-08-05,0.011543477,0.012845988,0.011516202,0.011369354,0.016096106
2021-09-06,0.01154339,0.012845885,0.01151612,0.011369268,0.016095955
2024-04-25,0.011543543,0.012846067,0.011516272,0.011369418,0.016096197
2021-09-02,0.011543445,0.012845952,0.011516175,0.011369322,0.016096054
2020-12-10,0.011543641,0.012846182,0.01151637,0.011369515,0.016096363
2024-04-03,0.011543488,0.012846001,0.011516217,0.011369371,0.016096106
2021-01-12,0.01154363,0.01284617,0.011516359,0.011369505,0.016096348
2020-10-23,0.011543553,0.012846085,0.011516282,0.0113694295,0.016096234
2024-08-24,0.011543532,0.012846061,0.011516261,0.011369409,0.016096221
2022-02-16,0.011543602,0.012846133,0.011516332,0.011369478,0.016096303
2024-03-07,0.011543439,0.012845952,0.011516163,0.011369317,0.016096076
2019-08-22,0.011542831,0.012845208,0.011515561,0.011368727,0.016094921
2024-03-23,0.011543543,0.012846067,0.0115162665,0.011369418,0.016096205
2021-06-24,0.011543205,0.012845656,0.011515935,0.011369092,0.01609557
2024-08-03,0.011543472,0.012845984,0.011516202,0.0113693485,0.016096093
2024-06-15,0.011541181,0.012843238,0.011513916,0.01136712,0.016092008
2021-12-29,0.011543641,0.012846182,0.01151637,0.011369515,0.01609637
2019-06-03,0.011543657,0.012846224,0.011516387,0.011369532,0.016096493
2021-02-08,0.011543635,0.012846182,0.011516364,0.011369511,0.016096387
2020-05-04,0.011543553,0.012846079,0.011516282,0.0113694295,0.016096221
2019-03-27,0.011543215,0.012845674,0.0115159415,0.011369097,0.016095646
2024-01-19,0.011543641,0.012846189,0.01151637,0.011369515,0.01609638
2019-09-25,0.011543814,0.012846424,0.011516543,0.011369682,0.016096808
2021-06-05,0.011543058,0.012845474,0.011515789,0.011368948,0.0160953
2024-10-14,0.011543445,0.012845959,0.011516175,0.011369322,0.016096061
2021-12-13,0.011543417,0.012845916,0.011516147,0.011369301,0.01609597
2022-07-28,0.0115435105,0.012846031,0.0115162395,0.011369387,0.016096145
2021-10-02,0.0115429,0.012845294,0.011515631,0.011368797,0.016095042
2019-11-20,0.011543587,0.012846114,0.011516316,0.011369462,0.016096273
2020-10-02,0.011543548,0.012846073,0.011516278,0.011369425,0.016096221
2019-10-12,0.011543602,0.012846152,0.011516332,0.011369478,0.016096355
2024-12-23,0.011543641,0.012846189,0.01151637,0.011369515,0.01609638
2023-07-15,0.011543477,0.012845984,0.011516202,0.011369354,0.016096083
2024-04-13,0.011543498,0.012846013,0.011516229,0.011369376,0.016096123
2023-12-02,0.011543543,0.012846061,0.0115162665,0.011369418,0.01609619
2019-06-30,0.011543548,0.012846073,0.011516272,0.011369425,0.016096212
2024-11-13,0.011543591,0.012846127,0.011516321,0.011369467,0.016096303
2023-07-09,0.011542781,0.012845141,0.011515512,0.011368679,0.016094815
2023-09-23,0.0115435645,0.012846121,0.011516288,0.011369435,0.016096387
2024-01-22,0.011543635,0.012846176,0.011516359,0.011369505,0.016096355
2020-08-30,0.011543314,0.0128457835,0.011516043,0.011369194,0.016095774
2020-03-10,0.011543635,0.012846182,0.011516364,0.011369511,0.01609638
2020-12-11,0.0115436455,0.012846189,0.0115163755,0.011369521,0.01609637
2021-04-06,0.011543298,0.01284577,0.011516028,0.011369178,0.01609576
2021-09-09,0.011543254,0.012845721,0.011515984,0.011369139,0.016095692
2023-02-18,0.011542031,0.012844252,0.011514762,0.011367951,0.016093494
2020-07-30,0.011543515,0.012846031,0.011516245,0.011369393,0.016096152
2019-10-07,0.011543755,0.012846339,0.0115164835,0.011369629,0.016096657
2023-07-21,0.011543423,0.012845928,0.011516153,0.011369301,0.016096
2024-12-20,0.0115436455,0.012846195,0.0115163755,0.011369521,0.016096387
2020-03-16,0.0115435645,0.012846091,0.011516288,0.011369442,0.016096242
2022-02-24,0.011543652,0.0128462,0.01151638,0.011369526,0.01609641
2021-02-20,0.011543576,0.012846103,0.011516305,0.011369451,0.016096259
2021-07-15,0.011543477,0.012845988,0.011516206,0.011369354,0.016096093
2021-10-26,0.011543188,0.012845644,0.01151592,0.011369077,0.01609557
2024-08-13,0.011543494,0.012846007,0.011516224,0.011369371,0.016096123
2022-09-12,0.0115436185,0.012846176,0.011516343,0.011369489,0.016096432
2023-01-21,0.011540757,0.012842717,0.011513493,0.011366707,0.016091198
2021-09-23,0.011543281,0.012845752,0.011516012,0.011369167,0.016095744
2021-01-27,0.011543641,0.012846189,0.01151637,0.011369515,0.01609638
2023-11-11,0.011543439,0.012845952,0.011516169,0.011369322,0.016096054
2020-04-04,0.011543347,0.012845831,0.0115160765,0.011369232,0.01609585
2021-12-06,0.011543233,0.012845692,0.011515962,0.0113691185,0.01609563
2024-10-05,0.011543494,0.012846013,0.011516224,0.011369371,0.016096137
2020-08-29,0.011543134,0.012845564,0.011515865,0.011369022,0.016095443
2023-05-16,0.011543591,0.012846121,0.011516316,0.011369467,0.016096288
2022-03-18,0.0115435645,0.012846096,0.011516294,0.011369442,0.016096242
2024-03-09,0.011543515,0.012846049,0.011516245,0.011369393,0.016096221
2021-02-14,0.011543657,0.012846206,0.011516387,0.011369532,0.016096424
2021-07-14,0.011543467,0.012845977,0.011516196,0.0113693485,0.016096076
2020-11-01,0.011543624,0.01284617,0.011516353,0.011369499,0.016096348
2020-12-02,0.0115436455,0.012846189,0.0115163755,0.011369521,0.01609637
2021-03-27,0.011541736,0.012843872,0.01151447,0.011367661,0.01609292
2020-11-02,0.011543614,0.012846152,0.011516343,0.011369489,0.016096326
2020-08-25,0.011543472,0.012845984,0.011516202,0.0113693485,0.016096069
2021-06-07,0.011543172,0.012845615,0.011515902,0.011369061,0.016095517
2021-04-26,0.011543587,0.012846121,0.011516316,0.011369462,0.016096288
2022-01-13,0.0115436455,0.012846195,0.0115163755,0.011369521,0.01609638
2020-09-15,0.011543287,0.012845758,0.011516017,0.011369167,0.01609576
2023-12-12,0.011543587,0.012846114,0.011516316,0.011369462,0.016096273
2024-12-28,0.0115436455,0.012846195,0.0115163755,0.011369521,0.016096387
2019-05-26,0.011543433,0.012845939,0.011516163,0.011369312,0.016096031
2024-09-21,0.011543069,0.0128454985,0.011515801,0.011368958,0.016095374
2024-10-24,0.011543395,0.012845904,0.011516125,0.011369275,0.016096
2022-01-25,0.011543602,0.012846133,0.011516325,0.011369478,0.016096288
2022-07-20,0.011543325,0.012845807,0.011516055,0.01136921,0.016095804
2023-03-17,0.011542803,0.012845177,0.0115155345,0.0113687,0.016094891
2020-08-10,0.011543559,0.012846085,0.011516288,0.011369435,0.016096227
2019-04-10,0.011543184,0.012845644,0.0115159135,0.01136907,0.016095601
2021-12-19,0.011543597,0.012846127,0.011516325,0.011369472,0.01609628
2020-08-02,0.011543504,0.012846025,0.011516234,0.011369381,0.016096137
2021-11-01,0.011543243,0.012845703,0.011515973,0.011369124,0.01609567
2019-06-15,0.011543347,0.012845831,0.0115160765,0.0113692265,0.016095858
2019-11-17,0.011543569,0.012846096,0.011516299,0.011369445,0.016096242
2020-07-28,0.011543515,0.012846031,0.011516245,0.011369393,0.016096152
2020-03-29,0.011543254,0.012845721,0.011515984,0.011369139,0.016095692
2024-11-07,0.011543521,0.012846049,0.011516251,0.011369397,0.016096197
2024-09-30,0.01154327,0.012845741,0.011516001,0.011369151,0.016095737
2021-08-10,0.011543342,0.012845826,0.011516071,0.01136922,0.016095866
2024-07-19,0.011543108,0.012845547,0.011515838,0.011368996,0.016095435
2021-05-15,0.011543602,0.012846133,0.011516325,0.011369478,0.016096294
2019-12-09,0.011543602,0.012846133,0.011516332,0.011369478,0.016096294
2021-12-24,0.011543614,0.012846152,0.011516343,0.011369489,0.016096318
2019-10-16,0.011543525,0.012846049,0.011516255,0.0113694025,0.016096197
2021-10-10,0.011543113,0.012845547,0.011515843,0.011369,0.016095428
2024-04-22,0.011543428,0.012845933,0.0115161585,0.011369312,0.016096
2021-01-11,0.01154363,0.01284617,0.011516359,0.011369505,0.016096348
2022-03-04,0.011543684,0.012846243,0.011516414,0.011369559,0.016096484
2024-06-23,0.011543498,0.012846018,0.011516229,0.011369376,0.016096145
2020-12-21,0.0115436455,0.012846189,0.0115163755,0.011369521,0.01609638
2021-06-10,0.011543254,0.012845716,0.011515984,0.011369139,0.01609567
2021-12-02,0.011543025,0.0128454445,0.011515757,0.011368915,0.01609527
2023-10-20,0.0115435645,0.012846109,0.011516294,0.011369442,0.01609631
2020-03-01,0.0115436185,0.012846164,0.011516348,0.011369494,0.016096363
2024-10-22,0.011543433,0.012845946,0.011516163,0.011369312,0.016096054
2020-11-07,0.011543635,0.012846176,0.011516364,0.011369511,0.016096355
2020-04-01,0.011543379,0.012845867,0.011516109,0.011369264,0.016095903
2019-09-14,0.011543787,0.0128463935,0.0115165105,0.011369654,0.016096788
2020-02-01,0.011543494,0.012846007,0.011516224,0.011369376,0.016096106
2024-03-19,0.011543428,0.012845933,0.0115161585,0.011369312,0.016096016
2020-11-05,0.011543641,0.012846189,0.01151637,0.011369515,0.01609637
2024-10-08,0.011543483,0.012846001,0.0115162125,0.011369361,0.016096113
2024-06-04,0.011543498,0.012846013,0.011516229,0.011369376,0.016096123
2022-04-12,0.011543308,0.0128457835,0.011516039,0.011369194,0.016095774
2021-04-09,0.011543188,0.012845638,0.01151592,0.011369077,0.016095577
2021-07-28,0.011543472,0.012845984,0.011516196,0.0113693485,0.016096083
2021-10-25,0.011543298,0.01284577,0.011516028,0.011369184,0.016095767
2021-02-05,0.011543521,0.012846042,0.011516251,0.011369397,0.016096175
2023-01-24,0.011540975,0.012842983,0.011513716,0.011366921,0.01609159
2021-10-01,0.011543095,0.012845529,0.011515828,0.011368984,0.016095405
2024-10-10,0.011543449,0.012845964,0.01151618,0.011369328,0.016096076
2020-06-10,0.01154346,0.012845964,0.01151619,0.011369338,0.016096039
2023-07-14,0.01154346,0.012845971,0.01151619,0.011369345,0.016096061
2022-01-06,0.011543652,0.012846195,0.01151638,0.011369526,0.016096387
2021-11-18,0.011542927,0.012845323,0.011515658,0.011368819,0.016095087
2023-11-16,0.011543449,0.012845959,0.01151618,0.011369328,0.016096046
2020-01-05,0.0115436455,0.012846189,0.01151637,0.011369521,0.01609637
2020-05-30,0.01154264,0.01284496,0.0115153715,0.011368546,0.016094506
2024-02-09,0.0115434555,0.012845964,0.011516185,0.011369333,0.016096061
2022-07-26,0.011543467,0.012845977,0.011516196,0.0113693485,0.016096061
2021-11-21,0.01154277,0.012845136,0.011515501,0.011368663,0.01609481
2021-06-01,0.0115434555,0.012845971,0.011516185,0.011369338,0.016096076
2023-03-28,0.0115432115,0.012845667,0.0115159415,0.011369097,0.016095608
2021-04-21,0.011543591,0.012846127,0.011516321,0.011369472,0.016096294
2022-11-29,0.011541274,0.01284334,0.011514008,0.0113672055,0.01609212
2023-10-26,0.011543477,0.012846001,0.011516206,0.011369354,0.016096145
2021-01-22,0.01154358,0.012846109,0.011516309,0.011369457,0.016096259
2022-07-22,0.011543379,0.012845867,0.011516109,0.011369264,0.016095903
2022-12-25,0.011540588,0.012842518,0.011513324,0.0113665415,0.016090889
2021-04-11,0.011543167,0.012845615,0.011515898,0.011369054,0.01609554
2021-01-09,0.01154363,0.012846164,0.011516353,0.011369505,0.01609634
2024-03-04,0.011543439,0.012845959,0.011516169,0.011369317,0.016096083
2023-12-30,0.0115436185,0.012846159,0.011516348,0.011369494,0.016096333
2019-04-25,0.011543537,0.012846061,0.0115162665,0.011369418,0.016096197
2020-08-28,0.0115429815,0.012845383,0.011515712,0.011368873,0.016095163
2024-01-06,0.011543635,0.012846176,0.011516364,0.011369511,0.016096355
2022-05-31,0.011543576,0.012846109,0.011516305,0.011369451,0.016096266
2021-03-31,0.011541953,0.012844144,0.011514688,0.011367876,0.016093336
2021-06-12,0.011542841,0.012845208,0.011515572,0.011368739,0.016094899
2020-10-29,0.011543614,0.012846152,0.011516343,0.011369489,0.016096326
2021-11-09,0.011543053,0.012845481,0.011515783,0.011368942,0.016095322
2024-04-11,0.011543483,0.012845995,0.0115162125,0.011369361,0.016096093
2022-05-23,0.011542613,0.012844925,0.0115153445,0.011368513,0.016094461
2023-10-17,0.011543553,0.012846096,0.011516282,0.0113694295,0.01609631
2020-11-06,0.011543641,0.012846182,0.01151637,0.011369515,0.01609637
2021-02-18,0.011543591,0.012846127,0.011516321,0.011369467,0.016096288
2022-04-13,0.01154339,0.0128458785,0.011516114,0.011369268,0.016095918
2021-12-23,0.011543608,0.012846139,0.011516332,0.011369484,0.016096303
2019-07-07,0.011543532,0.012846049,0.011516261,0.011369409,0.016096167
2019-05-22,0.0115435105,0.012846031,0.0115162395,0.011369387,0.016096152
2020-02-12,0.011543559,0.012846085,0.011516288,0.011369435,0.016096227
2021-06-17,0.011540442,0.012842271,0.011513184,0.011366403,0.016090391
2024-05-12,0.011542927,0.012845318,0.011515658,0.011368824,0.016095057
2022-06-14,0.011543167,0.012845615,0.011515898,0.011369054,0.016095532
2019-10-01,0.011543804,0.012846405,0.011516533,0.011369671,0.016096763
2023-06-11,0.011543548,0.012846073,0.011516278,0.011369425,0.016096221
2020-07-14,0.011542715,0.012845058,0.011515447,0.011368615,0.01609465
2024-06-29,0.011543353,0.0128458375,0.011516082,0.011369232,0.016095871
2019-06-25,0.011543108,0.012845547,0.011515838,0.011368996,0.016095472
2023-05-27,0.011543532,0.012846055,0.011516261,0.011369409,0.01609619
2023-11-04,0.011543521,0.012846055,0.011516251,0.011369397,0.016096205
2022-12-19,0.011541197,0.012843249,0.011513933,0.011367136,0.016091984
2019-05-06,0.011543537,0.012846061,0.0115162665,0.011369418,0.01609619
2023-08-25,0.011543548,0.012846096,0.011516278,0.011369425,0.016096333
2024-04-05,0.011543412,0.012845909,0.011516142,0.011369296,0.01609597
2021-11-12,0.011542939,0.012845341,0.011515669,0.01136883,0.01609511
2021-10-17,0.011543406,0.012845909,0.011516135,0.01136929,0.016095987
2020-04-21,0.011543439,0.012845946,0.011516169,0.011369322,0.016096024
2022-06-16,0.011543145,0.012845583,0.011515875,0.011369033,0.016095487
2019-04-01,0.011543091,0.012845529,0.011515821,0.01136898,0.016095428
2022-12-06,0.01154134,0.012843419,0.011514075,0.01136727,0.01609224
2024-11-11,0.011543543,0.012846073,0.011516272,0.011369418,0.016096234
2022-07-05,0.011543433,0.012845933,0.011516163,0.011369317,0.016095994
2020-09-24,0.011543515,0.012846036,0.0115162395,0.011369393,0.016096175
2022-03-20,0.011543548,0.012846073,0.011516278,0.011369425,0.016096212
2024-04-09,0.011543537,0.012846061,0.0115162665,0.011369414,0.01609619
2019-12-10,0.011543597,0.012846133,0.011516325,0.011369472,0.016096294
2022-03-02,0.0115436185,0.012846164,0.011516348,0.011369494,0.016096355
2020-07-20,0.011543521,0.012846042,0.011516251,0.0113694025,0.01609616
2022-11-05,0.011543428,0.012845933,0.0115161585,0.011369312,0.016096009
2024-09-03,0.011543504,0.012846031,0.011516229,0.011369381,0.01609619
2020-11-14,0.0115436185,0.012846159,0.011516348,0.011369494,0.016096333
2021-07-11,0.0115434555,0.012845964,0.011516185,0.011369338,0.016096054
2020-07-07,0.011543335,0.01284582,0.011516065,0.011369215,0.016095866
2021-07-01,0.011543449,0.012845964,0.01151618,0.011369328,0.016096069
2020-03-31,0.011543488,0.012845995,0.0115162125,0.011369365,0.016096093
2021-02-15,0.01154363,0.01284617,0.011516353,0.011369505,0.016096363
2024-11-22,0.011543614,0.012846152,0.011516336,0.011369489,0.016096326
2020-12-01,0.0115436455,0.012846189,0.0115163755,0.011369521,0.01609638
2022-01-21,0.011543641,0.012846182,0.01151637,0.011369515,0.016096363
2022-05-30,0.011543553,0.012846085,0.011516282,0.0113694295,0.016096227
2022-08-31,0.011543515,0.012846061,0.011516245,0.011369393,0.01609628
2021-10-05,0.011542689,0.012845033,0.011515426,0.011368589,0.016094642
2024-10-16,0.011543504,0.012846025,0.011516234,0.011369381,0.01609616
2019-11-27,0.0115435645,0.012846091,0.011516294,0.011369442,0.016096234
2024-09-02,0.011543494,0.012846018,0.011516224,0.011369371,0.016096182
2023-03-07,0.011542835,0.012845214,0.011515572,0.011368733,0.016094929
2021-08-06,0.0115429815,0.012845395,0.011515712,0.011368873,0.016095238
2023-08-13,0.0115426555,0.012845003,0.011515387,0.011368556,0.016094634
2024-09-27,0.011543075,0.012845505,0.011515805,0.011368964,0.016095389
2023-05-23,0.0115435645,0.012846091,0.011516288,0.011369442,0.016096242
2024-01-14,0.011543641,0.012846182,0.011516364,0.011369511,0.016096363
2023-12-27,0.011543624,0.012846164,0.011516353,0.011369499,0.01609634
2021-04-25,0.011543602,0.012846139,0.011516332,0.011369478,0.01609631
2021-05-11,0.011543559,0.012846085,0.011516288,0.011369435,0.016096227
2023-03-30,0.011543069,0.0128454985,0.011515801,0.011368958,0.016095366
2021-01-26,0.0115436455,0.012846195,0.0115163755,0.011369521,0.016096387
2023-06-26,0.011543167,0.012845608,0.011515898,0.011369054,0.016095517
2021-03-22,0.011542579,0.012844901,0.011515311,0.011368481,0.016094476
2020-04-05,0.011543015,0.012845432,0.011515746,0.011368903,0.01609527
2021-07-20,0.011543504,0.012846025,0.011516234,0.011369381,0.016096145
2024-07-04,0.011543406,0.012845909,0.011516135,0.01136929,0.016095987
2024-05-04,0.01154339,0.012845885,0.01151612,0.011369275,0.01609594
2023-09-14,0.011543679,0.012846285,0.011516407,0.011369548,0.016096711
2023-09-24,0.011543614,0.012846182,0.011516336,0.011369484,0.016096469
2023-08-09,0.011543363,0.012845855,0.011516093,0.011369248,0.01609591
2022-08-23,0.011543233,0.012845764,0.011515962,0.011369114,0.016095987
2023-03-11,0.011542797,0.012845165,0.011515528,0.011368695,0.016094862
2024-04-24,0.011543543,0.012846061,0.0115162665,0.011369418,0.016096197
2020-02-06,0.011543548,0.012846067,0.011516278,0.011369425,0.016096205
2022-09-08,0.011543602,0.012846159,0.011516332,0.011369478,0.016096395
2022-11-20,0.011542471,0.012844779,0.011515203,0.011368374,0.01609428
2023-11-05,0.011543494,0.012846018,0.011516224,0.011369371,0.016096152
2019-11-10,0.01154358,0.012846109,0.011516305,0.011369457,0.016096259
2019-11-11,0.011543587,0.012846121,0.011516316,0.011369462,0.016096273
2021-11-07,0.011543004,0.01284542,0.011515735,0.011368894,0.016095232
2021-04-24,0.011543608,0.012846146,0.011516336,0.011369484,0.016096318
2020-01-23,0.011543608,0.012846139,0.011516336,0.011369484,0.01609631
2024-05-31,0.011543384,0.012845874,0.011516114,0.011369264,0.016095918
2023-11-21,0.011543483,0.012845995,0.0115162125,0.011369361,0.016096098
2021-05-23,0.011543591,0.012846127,0.011516321,0.011369467,0.016096288
2020-11-09,0.011543635,0.012846176,0.011516364,0.011369511,0.016096363
2019-05-12,0.011543525,0.012846042,0.011516255,0.0113694025,0.016096167
2020-09-20,0.011543401,0.012845904,0.011516131,0.01136928,0.016095987
2019-07-24,0.011541747,0.012843872,0.01151448,0.011367671,0.016092869
2022-12-01,0.011541289,0.012843357,0.011514025,0.011367227,0.01609215
2023-04-22,0.011543423,0.012845921,0.011516153,0.011369301,0.016095987
2024-05-30,0.011543369,0.01284585,0.011516098,0.011369248,0.01609588
2021-02-03,0.0115436185,0.012846159,0.011516348,0.011369494,0.016096348
2021-12-15,0.011543449,0.012845952,0.01151618,0.011369328,0.016096024
2020-10-26,0.01154358,0.012846109,0.011516305,0.011369457,0.016096273
2021-06-26,0.011543303,0.01284577,0.011516033,0.011369187,0.016095752
2024-10-01,0.011543417,0.012845916,0.011516142,0.011369296,0.016095994
2023-12-19,0.0115436185,0.012846152,0.011516343,0.011369494,0.016096326
2020-01-31,0.0115435105,0.012846025,0.011516234,0.011369387,0.01609613
2020-09-08,0.011542861,0.012845245,0.011515593,0.01136876,0.01609498
2019-06-19,0.011543108,0.012845547,0.011515838,0.011368996,0.016095435
2023-10-06,0.011543537,0.012846096,0.0115162665,0.011369414,0.016096355
2022-03-30,0.011543314,0.012845796,0.011516043,0.011369194,0.016095812
2021-06-25,0.011543215,0.012845667,0.011515947,0.011369103,0.016095594
2020-11-27,0.011543635,0.012846176,0.011516364,0.011369511,0.016096355
2022-04-17,0.011543423,0.012845916,0.011516153,0.011369301,0.01609598
2023-01-28,0.011540963,0.012842965,0.0115137,0.011366906,0.016091568
2021-05-20,0.011543576,0.012846103,0.011516305,0.011369451,0.016096251
2021-11-16,0.0115429815,0.012845395,0.011515712,0.011368873,0.016095193
2022-08-05,0.011543543,0.012846073,0.011516272,0.011369425,0.016096221
2020-09-11,0.011543308,0.012845789,0.011516039,0.011369194,0.016095798
2020-08-22,0.011543498,0.012846013,0.011516229,0.011369376,0.016096113
2021-11-23,0.011542715,0.012845076,0.011515447,0.011368615,0.016094709
2023-05-17,0.011543587,0.012846121,0.011516316,0.011369462,0.01609628
2021-08-24,0.011543624,0.012846164,0.011516348,0.011369494,0.016096363
2020-11-13,0.011543635,0.012846176,0.011516359,0.011369511,0.016096355
2022-08-08,0.011543515,0.012846042,0.011516245,0.011369393,0.016096197
2024-11-18,0.011543602,0.012846146,0.011516332,0.011369478,0.016096326
2022-08-13,0.011543483,0.012846025,0.0115162125,0.011369361,0.016096242
2022-12-23,0.011540687,0.012842633,0.011513429,0.011366637,0.01609107
2019-11-22,0.011543559,0.012846085,0.011516288,0.011369435,0.016096221
2020-05-29,0.011543123,0.0128455525,0.011515854,0.011369012,0.016095418
2022-12-22,0.011541644,0.012843788,0.011514378,0.011367571,0.016092785
2022-07-25,0.0115434555,0.012845964,0.011516185,0.011369338,0.016096039
2021-03-28,0.01154265,0.01284499,0.011515382,0.01136855,0.016094595
2022-03-26,0.011543379,0.012845874,0.011516109,0.011369258,0.016095927
2023-05-06,0.011543587,0.012846114,0.011516316,0.011369462,0.016096273
2020-04-15,0.011543363,0.01284585,0.011516088,0.011369242,0.016095888
2022-04-20,0.011543423,0.012845916,0.011516153,0.011369301,0.01609598
2021-12-25,0.011543624,0.012846164,0.011516353,0.011369499,0.016096333
2021-02-02,0.0115436185,0.012846159,0.011516348,0.011369494,0.016096348
2020-06-04,0.011543178,0.01284562,0.011515909,0.011369065,0.016095525
2022-11-24,0.011541998,0.0128442105,0.011514731,0.011367912,0.016093425
2022-06-21,0.011543428,0.012845933,0.0115161585,0.011369312,0.016096009
2020-11-04,0.011543641,0.012846182,0.01151637,0.011369515,0.01609637
2022-09-18,0.011543694,0.012846278,0.011516418,0.011369564,0.016096598
2021-06-29,0.011543494,0.012846007,0.011516224,0.011369371,0.016096113
2019-11-02,0.011543587,0.012846114,0.011516316,0.011369462,0.01609628
2020-01-25,0.011543608,0.012846139,0.011516332,0.011369484,0.016096303
2024-04-21,0.0115433745,0.012845867,0.0115161035,0.011369258,0.016095903
2020-02-24,0.01154363,0.01284617,0.011516359,0.011369505,0.016096363
2024-01-10,0.011543635,0.012846176,0.011516364,0.011369511,0.016096363
2021-01-28,0.011543652,0.0128462,0.01151638,0.011369526,0.0160964
2024-10-15,0.011543428,0.012845933,0.011516153,0.011369306,0.016096031
2020-07-17,0.011543543,0.012846067,0.011516272,0.011369425,0.016096197
2023-06-16,0.011543395,0.012845898,0.011516125,0.011369275,0.01609597
2019-12-14,0.0115436185,0.012846159,0.011516348,0.011369494,0.016096333
2019-12-30,0.011543635,0.012846176,0.011516364,0.011369511,0.016096355
2019-05-05,0.0115435645,0.012846091,0.011516294,0.011369442,0.016096234
2019-07-02,0.011543548,0.012846073,0.011516278,0.011369425,0.016096205
2021-07-24,0.011543395,0.012845898,0.011516125,0.011369275,0.016095964
2019-10-09,0.011543733,0.012846308,0.011516462,0.011369606,0.016096605
2023-01-15,0.011540561,0.0128424885,0.011513303,0.0113665145,0.016090851
2022-12-24,0.011540555,0.012842482,0.0115132965,0.0113665145,0.016090844
2023-06-17,0.011543401,0.012845904,0.011516131,0.01136928,0.01609597
2023-05-30,0.0115435645,0.012846091,0.011516294,0.011369442,0.016096234
2021-12-31,0.01154363,0.01284617,0.011516359,0.011369505,0.01609634
2020-06-15,0.011542835,0.012845201,0.011515567,0.011368733,0.016094899
2024-04-04,0.011543472,0.012845984,0.011516202,0.0113693485,0.016096076
2022-05-21,0.011543053,0.012845469,0.011515783,0.011368948,0.01609529
2022-11-09,0.011543292,0.01284577,0.011516022,0.011369178,0.016095767
2020-07-04,0.011543384,0.0128458785,0.011516114,0.011369264,0.01609594
2024-07-10,0.011543412,0.012845909,0.011516142,0.01136929,0.01609598
2023-03-08,0.01154295,0.012845352,0.011515681,0.01136884,0.016095133
2020-11-20,0.01154363,0.012846176,0.011516359,0.011369505,0.016096355
2019-06-08,0.011543249,0.012845703,0.011515979,0.01136913,0.01609566
2024-06-05,0.01154346,0.012845971,0.01151619,0.011369345,0.016096069
2022-09-26,0.011543684,0.012846267,0.011516407,0.011369553,0.016096598
2022-07-09,0.01154339,0.0128458785,0.011516114,0.011369268,0.01609591
2022-08-25,0.011543025,0.012845535,0.011515757,0.011368903,0.016095737
2024-05-20,0.011540028,0.012841763,0.011512772,0.011366005,0.016089607
2022-04-01,0.011543433,0.012845933,0.011516163,0.011369312,0.016096016
2020-10-13,0.011543591,0.012846127,0.011516316,0.011369467,0.016096303
2022-07-29,0.011543548,0.012846073,0.011516278,0.011369425,0.016096205
2020-07-18,0.011543553,0.012846079,0.011516282,0.0113694295,0.016096212
2024-02-24,0.011543314,0.012845807,0.011516043,0.011369194,0.016095866
2024-07-11,0.011543281,0.012845752,0.011516012,0.011369167,0.016095737
2022-05-19,0.011543357,0.0128458375,0.011516082,0.011369236,0.016095841
2023-01-19,0.011540671,0.012842614,0.011513406,0.011366622,0.016091041
2020-05-25,0.011543525,0.012846049,0.011516255,0.0113694025,0.016096167
2019-06-16,0.011543335,0.01284582,0.011516065,0.011369215,0.016095841
2020-04-30,0.011543543,0.012846061,0.011516272,0.011369418,0.016096197
2023-11-25,0.011543504,0.012846018,0.011516234,0.011369381,0.01609613
2022-06-05,0.011543488,0.012846007,0.0115162125,0.011369365,0.016096137
2023-05-25,0.011543521,0.012846036,0.011516245,0.011369397,0.01609616
2023-09-02,0.011543548,0.012846114,0.011516272,0.011369418,0.016096432
2019-09-17,0.011543928,0.012846575,0.011516652,0.011369789,0.016097104
2019-08-15,0.011543178,0.012845626,0.011515909,0.011369065,0.01609554
2019-04-05,0.011543188,0.012845649,0.01151592,0.011369077,0.016095608
2023-03-09,0.011542923,0.012845318,0.011515654,0.011368813,0.01609508
2020-12-26,0.011543635,0.012846176,0.011516364,0.011369511,0.016096363
2024-12-13,0.011543641,0.012846189,0.01151637,0.011369515,0.01609638
2019-04-06,0.011543238,0.012845703,0.0115159685,0.011369124,0.016095685
2024-11-24,0.011543614,0.012846152,0.011516343,0.011369489,0.016096333
2021-04-01,0.011542276,0.012844537,0.011515012,0.011368186,0.016093932
2022-01-07,0.011543652,0.012846195,0.01151638,0.011369526,0.016096387
2021-10-12,0.011543335,0.01284582,0.011516065,0.011369215,0.01609585
2021-08-13,0.011543433,0.012845939,0.011516163,0.011369312,0.016096024
2024-07-03,0.011543445,0.012845952,0.011516175,0.011369322,0.016096039
2023-01-29,0.011541258,0.012843316,0.011513993,0.011367195,0.01609209
2019-06-05,0.011543238,0.012845692,0.0115159685,0.0113691185,0.016095646
2020-03-05,0.011543641,0.012846189,0.011516364,0.011369511,0.0160964
2024-06-12,0.011542198,0.012844453,0.011514931,0.011368111,0.016093818
2024-08-07,0.011543483,0.012845995,0.0115162125,0.011369361,0.016096098
2021-03-09,0.01154346,0.012845964,0.011516185,0.011369338,0.016096046
2022-01-15,0.011543641,0.012846182,0.01151637,0.011369515,0.016096363
2020-06-23,0.011543117,0.0128455525,0.011515849,0.011369007,0.016095443
2023-12-11,0.01154358,0.012846109,0.011516309,0.011369457,0.016096266
2022-02-11,0.011543532,0.012846049,0.011516261,0.011369409,0.016096167
2023-12-09,0.01154358,0.012846109,0.011516309,0.011369457,0.016096266
2019-09-08,0.011543777,0.01284637,0.011516506,0.011369645,0.016096726
2024-07-28,0.011543298,0.01284577,0.011516028,0.011369184,0.016095767
2020-08-06,0.01154346,0.012845964,0.011516185,0.011369338,0.016096054
2021-05-17,0.011543602,0.012846139,0.011516332,0.011369478,0.016096303
2023-05-31,0.0115436185,0.012846159,0.011516348,0.011369494,0.016096333
2022-11-19,0.01154264,0.012844979,0.0115153715,0.01136854,0.016094575
2024-02-08,0.011543521,0.012846042,0.011516245,0.011369397,0.016096175
2024-03-06,0.01154346,0.012845984,0.01151619,0.011369338,0.016096123
2023-11-07,0.011543494,0.012846013,0.011516224,0.011369371,0.016096145
2022-04-08,0.011543532,0.012846055,0.011516261,0.011369409,0.01609619
2020-12-24,0.011543614,0.012846152,0.011516343,0.011369489,0.016096318
2019-09-22,0.011543869,0.012846496,0.011516598,0.011369735,0.01609696
2022-07-21,0.011543369,0.012845855,0.011516098,0.011369253,0.016095888
2020-02-10,0.0115435645,0.012846091,0.011516294,0.011369442,0.016096234
2020-10-15,0.011543587,0.012846121,0.011516316,0.011369462,0.016096288
2019-10-18,0.0115435105,0.012846031,0.0115162395,0.011369387,0.01609616
2021-10-31,0.011543117,0.012845559,0.011515849,0.011369007,0.01609545
2019-12-21,0.01154363,0.01284617,0.011516353,0.011369505,0.016096348
2022-11-23,0.011542182,0.012844434,0.011514921,0.011368095,0.016093759
2023-10-31,0.011543532,0.012846067,0.011516261,0.011369409,0.016096234
2021-05-27,0.011543667,0.012846224,0.011516396,0.011369542,0.016096447
2019-11-13,0.01154358,0.012846114,0.011516309,0.011369457,0.016096266
2021-11-15,0.011542933,0.012845335,0.011515664,0.01136883,0.01609511
2020-03-27,0.01154346,0.012845964,0.011516185,0.011369338,0.016096054
2022-05-06,0.011543412,0.012845909,0.011516142,0.011369296,0.01609598
2023-09-19,0.011543602,0.012846176,0.011516332,0.011369472,0.016096493
2024-05-02,0.011543477,0.012845988,0.011516206,0.011369361,0.016096093
2020-10-24,0.011543576,0.012846103,0.011516299,0.011369451,0.016096273
2023-12-07,0.011543559,0.012846085,0.011516288,0.011369435,0.016096227
2022-08-22,0.011543292,0.012845826,0.011516017,0.011369167,0.016096054
2024-05-21,0.011540795,0.0128427055,0.011513537,0.01136675,0.016091049
2023-06-27,0.011543161,0.012845602,0.011515892,0.011369049,0.016095502
2024-09-13,0.011543477,0.012845995,0.011516206,0.011369361,0.016096113
2022-12-03,0.011541301,0.012843377,0.011514042,0.011367238,0.01609218
2023-08-23,0.011543591,0.012846139,0.011516321,0.011369462,0.01609637
2020-04-17,0.011543467,0.012845977,0.011516196,0.0113693485,0.016096069
2024-12-07,0.011543635,0.012846176,0.011516359,0.011369511,0.016096363
2024-03-26,0.011543494,0.012846007,0.011516224,0.011369371,0.016096113
2021-08-01,0.01154346,0.012845971,0.01151619,0.011369345,0.016096076
2019-04-15,0.011543335,0.01284582,0.011516065,0.01136922,0.01609585
2022-03-28,0.011543134,0.012845577,0.011515865,0.011369022,0.016095502
2020-09-02,0.011543259,0.012845721,0.01151599,0.0113691455,0.016095685
2024-11-17,0.011543576,0.012846109,0.011516305,0.011369451,0.016096273
2024-02-26,0.011543406,0.012845921,0.011516135,0.011369284,0.016096039
2024-05-16,0.011540072,0.012841816,0.011512814,0.011366049,0.016089696
2024-04-10,0.011543494,0.012846007,0.011516224,0.011369371,0.016096113
2023-05-13,0.011543602,0.012846139,0.011516332,0.011369478,0.01609631
2019-11-29,0.011543569,0.012846103,0.011516299,0.011369451,0.016096251
2020-01-03,0.0115436455,0.012846189,0.01151637,0.011369521,0.01609637
2023-01-05,0.011540491,0.012842396,0.011513232,0.011366445,0.016090723
2021-09-01,0.011543494,0.012846013,0.011516224,0.011369371,0.016096145
2022-08-11,0.011543504,0.012846036,0.011516234,0.011369381,0.016096212
2023-02-15,0.01154153,0.012843648,0.011514264,0.011367457,0.016092597
2020-05-23,0.011543525,0.012846049,0.011516255,0.0113694025,0.016096175
2022-02-25,0.011543684,0.012846236,0.011516407,0.011369553,0.016096462
2022-07-18,0.011543308,0.0128457835,0.011516039,0.011369194,0.016095774
2024-12-14,0.0115436455,0.012846189,0.01151637,0.011369521,0.01609638
2022-08-12,0.011543525,0.012846067,0.011516251,0.011369397,0.01609628
2023-04-05,0.011543199,0.012845656,0.01151593,0.011369087,0.016095586
2020-05-16,0.011543525,0.012846049,0.011516255,0.0113694025,0.016096175
2022-03-29,0.011543249,0.012845716,0.011515979,0.011369135,0.016095705
2020-09-29,0.011543569,0.012846096,0.011516299,0.011369445,0.016096259
2019-10-28,0.011543576,0.012846109,0.011516305,0.011369451,0.016096273
2021-01-01,0.0115436185,0.012846159,0.011516348,0.011369494,0.016096333
2024-03-01,0.011543401,0.012845916,0.011516131,0.011369284,0.016096024
2020-03-21,0.011543498,0.012846018,0.011516229,0.011369381,0.01609613
2022-08-24,0.011543184,0.01284571,0.011515909,0.011369061,0.016095933
2020-10-01,0.011543543,0.012846073,0.011516272,0.011369418,0.016096221
2022-02-05,0.011543576,0.012846103,0.011516305,0.011369451,0.016096242
2019-10-13,0.011543569,0.012846109,0.011516299,0.011369445,0.016096288
2022-05-11,0.011543467,0.012845977,0.011516196,0.011369345,0.016096069
2024-03-27,0.011543472,0.012845984,0.011516196,0.0113693485,0.016096076
2022-07-23,0.011543363,0.01284585,0.011516093,0.011369248,0.01609588
2020-10-16,0.011543576,0.012846109,0.011516305,0.011369451,0.016096273
2022-05-01,0.011543401,0.012845898,0.011516131,0.01136928,0.016095947
2019-11-09,0.011543587,0.012846114,0.011516316,0.011369462,0.016096273
2022-06-22,0.011543504,0.012846018,0.011516234,0.011369381,0.016096137
2020-10-05,0.011543559,0.012846085,0.011516288,0.011369435,0.016096242
2019-03-31,0.011542616,0.01284496,0.011515349,0.011368513,0.016094605
2021-10-27,0.011543281,0.012845752,0.011516012,0.011369167,0.016095744
2023-02-21,0.011542155,0.012844399,0.011514888,0.011368069,0.016093714
2020-04-26,0.011543521,0.012846042,0.011516251,0.0113694025,0.016096175
2023-12-22,0.011543624,0.012846164,0.011516353,0.011369499,0.01609634
2022-09-23,0.011543657,0.012846236,0.011516387,0.011369526,0.016096545
2019-09-19,0.011543913,0.012846557,0.011516635,0.011369772,0.016097058
2023-07-26,0.011543559,0.012846091,0.011516288,0.011369442,0.016096234
2024-08-23,0.011543525,0.012846049,0.011516255,0.0113694025,0.016096197
2021-12-17,0.011543515,0.012846031,0.011516245,0.011369393,0.016096137
2019-05-31,0.011543641,0.0128462,0.01151637,0.011369515,0.016096447
2019-04-11,0.011543281,0.012845758,0.011516012,0.011369167,0.016095767
2024-12-21,0.0115436455,0.012846189,0.0115163755,0.011369521,0.016096387
2021-05-29,0.011543814,0.012846411,0.011516543,0.011369682,0.016096778
2020-07-11,0.011542613,0.0128449295,0.0115153445,0.011368513,0.016094482
2020-12-05,0.011543641,0.012846182,0.01151637,0.011369515,0.01609637
2022-09-24,0.011543661,0.012846247,0.011516391,0.011369532,0.016096575
2023-02-26,0.011542732,0.012845093,0.011515464,0.01136863,0.016094748
2019-04-24,0.01154358,0.012846109,0.011516309,0.011369457,0.016096266
2023-05-21,0.011543576,0.012846109,0.011516305,0.011369451,0.016096266
2021-02-24,0.011543587,0.012846114,0.011516316,0.011369462,0.016096273
2021-10-28,0.011543194,0.012845649,0.011515924,0.011369081,0.016095577
2020-04-20,0.011543417,0.012845916,0.011516147,0.011369296,0.016095987
2022-09-15,0.0115436185,0.012846189,0.011516348,0.011369494,0.016096469
2024-05-14,0.011543095,0.012845516,0.011515828,0.011368984,0.016095359
2024-07-27,0.011542916,0.012845305,0.011515648,0.011368808,0.016095057
2022-04-30,0.011543287,0.012845758,0.011516017,0.011369172,0.016095744
2024-09-12,0.011543498,0.012846018,0.011516229,0.011369376,0.016096145
2023-11-10,0.011543423,0.012845928,0.011516153,0.011369301,0.016096024
2024-11-03,0.011543504,0.012846031,0.011516234,0.011369381,0.016096182
2021-01-06,0.011543641,0.012846182,0.01151637,0.011369515,0.016096363
2021-10-16,0.011543412,0.012845916,0.011516142,0.011369296,0.016096
2020-09-27,0.01154358,0.012846114,0.011516309,0.011369457,0.016096288
2020-03-28,0.011543161,0.012845602,0.011515892,0.011369049,0.01609551
2019-06-14,0.011543342,0.012845826,0.011516071,0.01136922,0.01609585
2020-02-07,0.011543548,0.012846073,0.011516278,0.011369425,0.016096205
2023-03-24,0.011543134,0.012845583,0.011515865,0.011369022,0.016095495
2019-03-28,0.011543406,0.012845909,0.011516135,0.01136929,0.016095987
2023-10-12,0.011543559,0.012846109,0.011516288,0.0113694295,0.016096348
2024-11-30,0.0115436185,0.012846159,0.011516348,0.011369494,0.01609634
2023-08-04,0.011543467,0.012845984,0.011516196,0.011369345,0.016096093
2024-03-31,0.011543494,0.012846007,0.011516224,0.011369371,0.016096113
2022-01-23,0.011543614,0.012846146,0.011516343,0.011369489,0.01609631
2024-01-23,0.011543635,0.012846176,0.011516359,0.011369511,0.016096355
2020-10-21,0.011543587,0.012846127,0.011516316,0.011369462,0.016096294
2023-05-11,0.011543591,0.012846127,0.011516321,0.011369467,0.016096294
2022-01-03,0.011543641,0.012846182,0.01151637,0.011369515,0.016096363
2019-08-31,0.011543445,0.012845964,0.011516169,0.011369322,0.016096106
2022-11-18,0.011542803,0.012845177,0.0115155345,0.0113687,0.016094876
2024-01-27,0.011543591,0.012846127,0.011516321,0.011369467,0.016096288
2022-05-22,0.011542857,0.012845227,0.011515588,0.011368755,0.016094921
2020-10-08,0.011543559,0.012846091,0.011516288,0.011369435,0.016096251
2023-09-28,0.011543602,0.01284617,0.011516325,0.011369472,0.016096462
2022-11-13,0.011543134,0.012845577,0.011515865,0.011369022,0.016095472
2020-09-17,0.011543412,0.012845916,0.011516142,0.01136929,0.016095994
2022-05-28,0.0115432115,0.012845662,0.0115159415,0.011369097,0.016095586
2021-08-23,0.011543684,0.012846243,0.011516414,0.011369559,0.016096476
2021-02-25,0.01154358,0.012846109,0.011516309,0.011369457,0.016096259
2021-01-20,0.0115436185,0.012846159,0.011516348,0.011369494,0.016096333
2023-04-04,0.011543353,0.0128458375,0.011516082,0.011369232,0.016095858
2024-10-19,0.011543401,0.012845909,0.011516131,0.011369284,0.016096009
2019-07-01,0.011543576,0.012846103,0.011516305,0.011369451,0.016096259
2023-12-23,0.01154363,0.01284617,0.011516353,0.011369505,0.016096348
2022-08-20,0.011543488,0.012846036,0.011516217,0.011369361,0.016096273
2021-08-02,0.011543363,0.012845855,0.011516093,0.011369242,0.01609591
2023-04-20,0.011543504,0.012846025,0.011516234,0.011369387,0.016096137
2019-10-04,0.01154377,0.012846357,0.011516495,0.011369638,0.016096689
2023-09-25,0.011543608,0.012846176,0.011516336,0.011369478,0.016096462
2024-03-22,0.011543353,0.0128458375,0.011516082,0.011369232,0.016095866
2020-07-12,0.011542057,0.012844252,0.011514796,0.011367977,0.01609344
2021-07-09,0.011543525,0.012846049,0.011516255,0.011369409,0.016096182
2019-10-25,0.01154358,0.012846114,0.011516305,0.011369457,0.01609628
2022-09-09,0.011543597,0.012846146,0.011516321,0.011369467,0.01609638
2020-12-13,0.0115436455,0.012846189,0.0115163755,0.011369521,0.01609637
2022-11-06,0.011543406,0.012845904,0.011516135,0.011369284,0.016095964
2021-08-12,0.0115433745,0.012845867,0.0115161035,0.011369253,0.016095918
2021-07-13,0.011543494,0.012846007,0.011516224,0.011369371,0.016096123
2023-09-05,0.01154358,0.012846176,0.011516309,0.011369451,0.016096558
2023-04-23,0.011543477,0.012845984,0.011516202,0.011369354,0.016096076
2024-04-30,0.011543494,0.012846013,0.011516224,0.011369376,0.016096123
2020-06-27,0.011543521,0.012846042,0.011516251,0.011369397,0.016096175
2024-08-28,0.011543525,0.012846055,0.011516255,0.0113694025,0.016096221
2021-06-15,0.0115416115,0.012843702,0.011514351,0.011367543,0.01609259
2022-01-31,0.011543608,0.012846146,0.011516336,0.011369484,0.016096303
2024-06-18,0.011543047,0.012845474,0.0115157785,0.011368936,0.016095337
2022-07-12,0.011543401,0.0128458915,0.011516131,0.011369284,0.016095927
2023-06-06,0.011543281,0.012845752,0.011516012,0.011369167,0.016095752
2021-05-02,0.01154358,0.012846114,0.011516309,0.011369457,0.016096273
2019-04-30,0.011543494,0.012846007,0.011516224,0.011369376,0.016096113
2020-01-04,0.011543635,0.012846176,0.011516364,0.011369511,0.016096355
2019-09-10,0.011543777,0.01284637,0.011516506,0.011369645,0.016096726
2020-06-03,0.011542503,0.012844796,0.0115152355,0.011368412,0.016094256
2019-10-17,0.0115435105,0.012846036,0.0115162395,0.011369393,0.016096167
2024-10-17,0.011543423,0.012845933,0.011516153,0.011369301,0.016096039
2020-11-03,0.01154363,0.01284617,0.011516359,0.011369505,0.016096355
2020-10-14,0.011543597,0.012846133,0.011516325,0.011369472,0.01609631
2024-06-19,0.011543113,0.012845559,0.011515843,0.011369,0.016095465
2023-04-14,0.011543139,0.012845577,0.011515871,0.011369028,0.016095465
2023-07-04,0.011541258,0.012843279,0.011513998,0.011367195,0.016091969
2023-01-20,0.011540715,0.012842669,0.011513449,0.0113666635,0.016091125
2019-07-06,0.011543532,0.012846049,0.011516261,0.011369409,0.016096167
2023-01-23,0.011541018,0.012843031,0.011513754,0.01136696,0.016091675
2019-07-17,0.011543494,0.012846007,0.011516224,0.011369371,0.016096113
2022-07-03,0.01154339,0.012845885,0.01151612,0.011369275,0.016095927
2022-05-15,0.011543532,0.012846049,0.011516255,0.011369409,0.016096175
2023-07-24,0.011543521,0.012846042,0.011516251,0.011369397,0.016096175
2020-09-21,0.011543417,0.012845921,0.011516147,0.011369296,0.016096016
2021-01-02,0.011543641,0.012846182,0.01151637,0.011369515,0.016096363
2023-10-28,0.011543498,0.012846025,0.011516229,0.011369376,0.016096175
2019-12-12,0.011543614,0.012846146,0.011516343,0.011369489,0.016096318
2019-10-31,0.011543614,0.012846152,0.011516343,0.011369489,0.016096326
2020-09-05,0.011542726,0.012845076,0.011515457,0.011368626,0.016094716
2021-01-19,0.011543641,0.012846182,0.01151637,0.011369515,0.016096363
2024-11-28,0.011543602,0.012846146,0.011516332,0.011369478,0.016096318
2021-07-19,0.011543483,0.012845995,0.011516206,0.011369361,0.016096106
2023-01-10,0.011540567,0.012842494,0.011513309,0.011366525,0.01609086
2020-10-25,0.01154358,0.012846109,0.011516305,0.011369457,0.016096273
2023-08-07,0.01154346,0.012845977,0.01151619,0.011369338,0.016096083
2023-11-02,0.011543525,0.012846055,0.011516255,0.0113694025,0.016096221
2020-09-09,0.011542846,0.012845227,0.011515576,0.011368743,0.016094945
2021-08-27,0.011543504,0.012846018,0.011516229,0.011369381,0.016096145
2020-12-31,0.0115436185,0.012846159,0.011516348,0.011369494,0.016096326
2021-11-08,0.011543043,0.012845462,0.011515773,0.011368931,0.0160953
2022-07-24,0.011543428,0.012845928,0.0115161585,0.011369306,0.016095987
2024-06-03,0.0115435105,0.012846025,0.011516234,0.011369387,0.016096145
2021-08-29,0.011543449,0.012845959,0.01151618,0.011369328,0.016096054
2024-09-20,0.011543287,0.012845758,0.011516017,0.011369167,0.01609576
2024-01-18,0.011543635,0.012846176,0.011516364,0.011369511,0.016096355
2023-04-30,0.011543559,0.012846085,0.011516288,0.011369435,0.016096227
2022-04-19,0.011543238,0.012845692,0.0115159685,0.011369124,0.016095638
2023-01-06,0.011541709,0.012843866,0.011514449,0.011367635,0.016092904
2023-06-22,0.011543357,0.01284585,0.011516088,0.011369242,0.016095888
2021-05-06,0.011543559,0.012846085,0.011516288,0.011369442,0.016096234
2024-10-04,0.011543483,0.012846001,0.0115162125,0.011369365,0.016096123
2021-05-21,0.01154358,0.012846109,0.011516309,0.011369457,0.016096266
2023-03-15,0.011542878,0.012845269,0.01151561,0.011368776,0.01609501
2024-03-08,0.011543477,0.012846007,0.011516206,0.011369354,0.016096152
2021-10-03,0.011542841,0.01284522,0.011515572,0.011368739,0.016094936
2021-07-30,0.0115434555,0.012845964,0.011516185,0.011369333,0.016096054
2019-09-04,0.011543515,0.012846055,0.011516245,0.011369393,0.016096251
2021-06-03,0.011543086,0.012845505,0.011515816,0.011368975,0.016095351
2021-12-01,0.011542998,0.012845415,0.01151573,0.0113688875,0.016095215
2024-09-14,0.011543472,0.012845988,0.011516202,0.011369354,0.016096098
2022-06-02,0.011543548,0.012846073,0.011516272,0.011369425,0.016096221
2024-09-10,0.011543504,0.012846025,0.011516234,0.011369381,0.01609616
2021-01-30,0.011543641,0.012846182,0.011516364,0.011369515,0.01609638
2021-11-10,0.011543069,0.0128454985,0.011515801,0.011368958,0.016095351
2023-04-28,0.011543521,0.012846042,0.011516251,0.011369397,0.01609616
2019-05-09,0.011543532,0.012846055,0.011516261,0.011369409,0.016096182
2019-04-29,0.011543472,0.012845984,0.011516202,0.0113693485,0.016096069
2023-05-08,0.011543597,0.012846133,0.011516325,0.011369472,0.016096294
2019-08-18,0.011542966,0.012845365,0.0115156965,0.011368857,0.016095147
2019-04-21,0.011543498,0.012846013,0.011516229,0.011369376,0.016096123
2021-06-16,0.011541289,0.012843316,0.01151403,0.011367233,0.016092008
2019-06-10,0.011543303,0.012845777,0.011516033,0.011369187,0.016095774
2024-06-10,0.0115427645,0.012845136,0.011515496,0.011368663,0.016094822
2022-08-27,0.011543428,0.012845971,0.0115161585,0.011369306,0.016096212
2024-05-10,0.01154346,0.012845971,0.01151619,0.011369338,0.016096054
2022-09-04,0.011543569,0.012846121,0.011516299,0.011369445,0.016096333
2023-08-06,0.011543472,0.012845988,0.011516202,0.0113693485,0.016096106
2022-08-06,0.011543537,0.012846061,0.0115162665,0.011369414,0.016096212
2024-06-28,0.011543363,0.01284585,0.011516093,0.011369248,0.016095888
2024-09-24,0.011542286,0.012844556,0.0115150185,0.011368197,0.01609397
2022-09-25,0.011543657,0.012846243,0.011516387,0.011369526,0.016096566
2020-02-15,0.011543543,0.012846061,0.011516272,0.011369418,0.016096197
2023-02-05,0.011542569,0.012844894,0.011515301,0.01136847,0.016094446
2022-05-05,0.011543401,0.012845898,0.011516131,0.011369284,0.016095947
2022-09-11,0.011543624,0.012846189,0.011516353,0.011369499,0.01609644
2022-06-28,0.011543483,0.012845995,0.0115162125,0.011369361,0.016096093
2020-11-15,0.011543624,0.012846164,0.011516353,0.011369499,0.01609634
2020-02-26,0.011543657,0.012846206,0.011516387,0.011369532,0.016096424
2021-09-25,0.011543129,0.01284557,0.0115158595,0.011369017,0.016095472
2020-05-15,0.011543504,0.012846018,0.011516234,0.011369381,0.01609613
2023-08-24,0.011543569,0.012846121,0.011516294,0.011369442,0.016096348
2022-02-08,0.011543569,0.012846096,0.011516299,0.011369445,0.016096234
2023-09-11,0.0115436185,0.012846213,0.011516348,0.011369489,0.016096583
2019-11-07,0.011543591,0.012846121,0.011516321,0.011369467,0.01609628
2021-09-14,0.011543233,0.012845692,0.011515962,0.0113691185,0.016095646
2022-01-24,0.011543602,0.012846133,0.011516332,0.011369478,0.016096294
2021-07-22,0.011543433,0.012845933,0.0115161585,0.011369312,0.016096016
2022-03-14,0.011543483,0.012846001,0.0115162125,0.011369365,0.016096106
2024-06-26,0.011543277,0.012845745,0.011516006,0.011369156,0.016095737
2019-06-02,0.0115438355,0.0128464475,0.01151656,0.011369702,0.016096862
2021-09-13,0.011543117,0.0128455525,0.011515849,0.011369007,0.016095443
2023-03-31,0.01154315,0.012845595,0.011515875,0.011369033,0.01609551
2023-12-04,0.011543559,0.012846085,0.011516288,0.011369435,0.016096221
2024-06-21,0.011543483,0.012846001,0.011516206,0.011369361,0.016096123
2024-03-25,0.011543515,0.012846036,0.011516245,0.011369393,0.01609616
2019-11-15,0.011543569,0.012846096,0.011516294,0.011369445,0.016096242
2021-04-08,0.011543254,0.012845721,0.011515984,0.011369139,0.016095692
2019-05-02,0.011543548,0.012846073,0.011516278,0.0113694295,0.016096212
2023-08-18,0.011543412,0.012845921,0.011516142,0.01136929,0.016096031
2021-09-16,0.011543472,0.012845984,0.011516202,0.0113693485,0.016096093
2019-05-29,0.011543532,0.012846061,0.011516261,0.011369409,0.016096221
2022-02-01,0.01154363,0.01284617,0.011516359,0.011369505,0.01609634
2023-03-20,0.011542242,0.012844502,0.011514975,0.011368155,0.016093893
2020-06-08,0.011543488,0.012846001,0.011516217,0.011369371,0.016096098
2022-07-06,0.011543417,0.012845909,0.011516142,0.011369296,0.016095955
2023-11-12,0.011543445,0.012845952,0.011516169,0.011369322,0.016096054
2019-06-09,0.011543243,0.012845703,0.011515973,0.01136913,0.01609567
2020-03-12,0.011543602,0.012846139,0.011516332,0.011369478,0.01609631
2019-05-18,0.0115434555,0.012845964,0.011516185,0.011369338,0.016096046
2022-01-17,0.011543641,0.012846182,0.01151637,0.011369515,0.016096363
2020-02-27,0.011543652,0.0128462,0.01151638,0.011369526,0.016096417
2024-07-30,0.011543449,0.012845959,0.01151618,0.011369328,0.016096039
2019-12-18,0.011543614,0.012846152,0.011516343,0.011369489,0.016096318
2021-11-19,0.011542841,0.01284522,0.011515572,0.011368739,0.016094936
2020-07-05,0.011543379,0.012845874,0.011516109,0.011369264,0.01609594
2023-07-01,0.011541508,0.012843588,0.011514247,0.011367441,0.016092429
2020-06-17,0.011543379,0.012845874,0.011516109,0.011369264,0.016095927
2024-10-03,0.01154346,0.012845971,0.01151619,0.011369338,0.016096076
2022-05-16,0.011543537,0.012846061,0.0115162665,0.011369414,0.016096197
2021-08-20,0.0115436455,0.012846195,0.0115163755,0.011369521,0.016096395
2023-03-05,0.011542803,0.012845177,0.0115155345,0.0113687,0.016094876
2019-06-07,0.011543117,0.0128455525,0.011515849,0.011369007,0.016095428
2022-12-29,0.011540555,0.012842475,0.0115132965,0.011366509,0.016090836
2022-06-18,0.01154327,0.012845741,0.011516001,0.011369156,0.016095722
2021-11-22,0.011542781,0.012845147,0.011515512,0.011368679,0.01609483
2019-04-26,0.011543532,0.012846055,0.011516261,0.011369409,0.016096182
2020-03-15,0.011543559,0.012846091,0.011516288,0.011369442,0.016096242
2019-08-27,0.011543226,0.012845703,0.011515957,0.011369108,0.01609573
2020-01-26,0.011543553,0.012846079,0.011516282,0.011369435,0.016096212
2022-05-13,0.011543488,0.012846001,0.011516217,0.011369365,0.016096106
2022-12-07,0.01154147,0.012843576,0.011514205,0.011367398,0.016092474
2022-03-16,0.011543379,0.012845874,0.011516109,0.011369258,0.016095918
2020-08-13,0.011543504,0.012846018,0.011516234,0.011369381,0.016096137
2023-10-19,0.011543543,0.012846085,0.011516272,0.011369418,0.01609628
2024-09-15,0.011543472,0.012845988,0.011516202,0.011369354,0.016096098
2019-08-30,0.011543363,0.012845867,0.011516093,0.011369242,0.016095964
2024-08-16,0.011543449,0.012845952,0.011516175,0.011369328,0.016096046
2023-12-06,0.011543569,0.012846096,0.011516299,0.011369445,0.016096242
2020-01-28,0.011543576,0.012846103,0.011516305,0.011369451,0.016096251
2021-04-27,0.011543597,0.012846127,0.011516321,0.011369472,0.016096294
2024-09-23,0.011541692,0.01284383,0.011514426,0.011367619,0.016092883
2023-08-12,0.011542977,0.012845395,0.011515709,0.011368867,0.016095232
2019-07-11,0.011543532,0.012846055,0.011516261,0.011369409,0.016096175
2019-08-28,0.011543347,0.01284585,0.011516071,0.0113692265,0.016095955
2020-02-04,0.011543597,0.012846127,0.011516325,0.011369472,0.016096288
2020-09-01,0.0115432115,0.012845662,0.0115159415,0.011369097,0.016095586
2021-02-09,0.0115436455,0.012846195,0.01151637,0.011369521,0.0160964
2024-12-15,0.0115436455,0.012846189,0.0115163755,0.011369521,0.016096387
2024-02-28,0.011543488,0.012846013,0.011516217,0.011369365,0.01609616
2019-09-01,0.01154346,0.012845984,0.01151619,0.011369338,0.016096113
2019-09-15,0.011543852,0.012846478,0.011516577,0.011369714,0.016096937
2023-06-18,0.0115433745,0.012845867,0.0115161035,0.011369253,0.016095927
2024-08-31,0.011543467,0.012845988,0.011516196,0.011369345,0.016096137
2020-01-27,0.011543543,0.012846061,0.011516272,0.011369418,0.01609619
2023-02-12,0.011541393,0.012843491,0.011514133,0.011367329,0.016092354
2021-08-22,0.0115436725,0.0128462305,0.0115164025,0.011369548,0.016096454
2021-01-04,0.0115436455,0.012846189,0.0115163755,0.011369521,0.01609638
2022-08-21,0.011543357,0.012845898,0.011516088,0.011369236,0.01609613
2023-01-11,0.011540523,0.012842439,0.011513259,0.011366476,0.016090775
2023-04-09,0.011542998,0.012845408,0.01151573,0.0113688875,0.016095232
2024-12-03,0.0115436185,0.012846159,0.011516348,0.011369494,0.01609634
2023-07-11,0.01154333,0.012845813,0.011516061,0.011369215,0.016095828
2023-04-10,0.011542977,0.012845383,0.011515709,0.011368867,0.016095186
2021-04-13,0.011543401,0.012845898,0.011516131,0.01136928,0.016095955
2022-11-17,0.011542831,0.012845208,0.011515561,0.011368723,0.016094921
2022-09-19,0.011543684,0.012846267,0.011516414,0.011369553,0.016096575
2023-09-29,0.011543498,0.012846049,0.011516229,0.011369376,0.016096303
2024-10-20,0.011543417,0.012845928,0.011516147,0.011369301,0.016096031
2020-12-16,0.011543635,0.012846176,0.011516364,0.011369511,0.016096355
2021-11-17,0.011543009,0.012845427,0.011515739,0.0113689,0.016095238
2024-12-16,0.011543641,0.012846189,0.01151637,0.011369515,0.01609638
2023-06-10,0.011543483,0.012845995,0.0115162125,0.011369361,0.016096106
2021-12-22,0.011543608,0.012846146,0.011516336,0.011369484,0.01609631
2023-04-27,0.011543488,0.012846001,0.011516217,0.011369365,0.016096098
2024-10-28,0.011543417,0.012845933,0.011516147,0.011369296,0.016096039
2021-05-09,0.011543532,0.012846049,0.011516255,0.011369409,0.016096175
2019-04-12,0.011543314,0.012845801,0.011516043,0.0113691995,0.016095828
2020-11-11,0.011543641,0.012846182,0.011516364,0.011369511,0.016096363
2023-12-26,0.01154363,0.01284617,0.011516359,0.011369505,0.016096348
2022-08-14,0.0115433745,0.012845904,0.011516098,0.011369248,0.016096113
2024-08-01,0.01154346,0.012845977,0.01151619,0.011369338,0.016096076
2023-06-12,0.011543494,0.012846007,0.011516217,0.011369371,0.01609613
2021-02-21,0.011543569,0.012846103,0.011516299,0.011369445,0.016096251
2021-11-30,0.011542939,0.012845335,0.011515669,0.01136883,0.016095104
2020-02-23,0.011543525,0.012846049,0.011516255,0.0113694025,0.016096175
2021-05-19,0.011543569,0.012846096,0.011516299,0.011369445,0.016096242
2023-08-16,0.011543243,0.012845716,0.011515973,0.011369124,0.016095722
2022-09-10,0.011543624,0.012846182,0.011516348,0.011369494,0.016096432
2020-06-24,0.011543226,0.012845687,0.011515957,0.011369108,0.016095653
2020-02-21,0.011543591,0.012846127,0.011516321,0.011369467,0.016096288
2021-02-26,0.011543587,0.012846114,0.011516316,0.011369462,0.016096273
2023-02-22,0.011542379,0.012844665,0.011515111,0.011368282,0.016094105
2019-12-07,0.01154358,0.012846109,0.011516309,0.011369457,0.016096259
2023-08-19,0.011543488,0.012846018,0.011516217,0.011369365,0.01609619
2020-05-21,0.011543504,0.012846018,0.011516234,0.011369381,0.016096137
2021-10-24,0.011543363,0.012845855,0.011516093,0.011369248,0.016095888
2019-09-30,0.011543804,0.0128464,0.011516527,0.011369671,0.016096756
2022-05-12,0.01154346,0.012845971,0.01151619,0.011369338,0.016096061
2024-01-08,0.0115436455,0.012846189,0.01151637,0.011369521,0.01609637
2020-08-14,0.011543498,0.012846018,0.011516229,0.011369381,0.01609613
2023-01-18,0.0115406215,0.01284256,0.011513364,0.011366579,0.016090965
2021-08-30,0.011543445,0.012845952,0.011516175,0.011369322,0.016096054
2020-05-18,0.011543569,0.012846103,0.011516299,0.011369445,0.016096251
2022-02-10,0.011543537,0.012846055,0.011516261,0.011369414,0.016096175
2021-07-25,0.011543445,0.012845959,0.011516175,0.011369328,0.016096061
2019-10-26,0.011543591,0.012846127,0.011516321,0.011369467,0.016096303
2020-07-01,0.011543543,0.012846067,0.011516272,0.011369418,0.016096212
2021-07-16,0.011543449,0.012845959,0.01151618,0.011369333,0.016096039
2024-10-27,0.011543417,0.012845928,0.011516147,0.011369296,0.016096031
2019-05-24,0.0115435105,0.012846025,0.011516234,0.011369387,0.016096152
2019-04-16,0.011543265,0.012845734,0.011515995,0.011369151,0.016095713
2019-12-15,0.011543614,0.012846152,0.011516343,0.011369489,0.016096318
2023-05-18,0.01154358,0.012846109,0.011516309,0.011369457,0.016096266
2023-09-04,0.011543614,0.012846206,0.011516336,0.011369478,0.016096583
2024-10-12,0.011543439,0.012845952,0.011516169,0.011369317,0.016096061
2022-09-17,0.011543689,0.012846267,0.011516418,0.011369559,0.016096583
2019-07-15,0.011543559,0.012846085,0.011516282,0.011369435,0.016096221
2020-02-11,0.011543559,0.012846085,0.011516288,0.011369435,0.016096227
2023-11-28,0.011543504,0.012846018,0.011516234,0.011369381,0.01609613
2023-12-01,0.011543525,0.012846049,0.011516255,0.0113694025,0.016096175
2019-11-01,0.011543608,0.012846146,0.011516336,0.011369484,0.016096318
2022-09-03,0.011543532,0.012846073,0.011516261,0.011369409,0.016096266
2021-06-22,0.011542868,0.012845251,0.011515599,0.01136876,0.01609499
2024-09-16,0.011543423,0.012845921,0.011516147,0.011369301,0.016096
2019-11-06,0.011543591,0.012846121,0.011516316,0.011369467,0.01609628
2020-10-09,0.011543521,0.012846042,0.011516251,0.011369397,0.016096182
2021-12-28,0.01154363,0.01284617,0.011516359,0.011369505,0.016096348
2019-06-13,0.011543384,0.0128458785,0.011516114,0.011369268,0.016095933
2022-11-16,0.0115429,0.012845298,0.011515631,0.011368797,0.01609505
2023-06-30,0.0115417745,0.012843908,0.011514507,0.011367699,0.01609292
2020-05-24,0.011543521,0.012846036,0.011516251,0.011369397,0.01609616
2023-01-02,0.011540523,0.012842439,0.011513259,0.011366476,0.016090775
2019-04-27,0.011543525,0.012846042,0.011516255,0.0113694025,0.016096167
2021-09-12,0.011543303,0.012845777,0.011516033,0.011369184,0.016095782
2022-06-27,0.011543488,0.012845995,0.0115162125,0.011369365,0.016096093
2019-10-10,0.011543711,0.012846278,0.011516441,0.011369585,0.016096558
2022-01-26,0.011543576,0.012846103,0.011516305,0.011369457,0.016096251
2021-04-20,0.0115435645,0.012846091,0.011516288,0.011369442,0.016096242
2024-11-14,0.011543591,0.012846127,0.011516316,0.011369467,0.016096303
2020-07-19,0.011543543,0.012846067,0.011516272,0.011369418,0.016096205
2022-07-14,0.011543369,0.01284585,0.011516098,0.011369248,0.016095866
2022-03-24,0.011543423,0.012845921,0.011516153,0.011369301,0.016096
2023-11-19,0.011543472,0.012845984,0.011516202,0.0113693485,0.016096083
2024-02-12,0.011543553,0.012846079,0.011516278,0.0113694295,0.016096227
2020-07-31,0.011543494,0.012846007,0.011516224,0.011369371,0.016096113
2022-03-25,0.011543243,0.01284571,0.011515973,0.01136913,0.016095692
2021-05-10,0.011543569,0.012846096,0.011516299,0.011369445,0.016096251
2023-04-21,0.011543439,0.012845939,0.011516169,0.011369317,0.016096009
2023-02-19,0.011542118,0.012844356,0.011514851,0.011368031,0.016093645
2021-10-08,0.011543129,0.012845564,0.0115158595,0.011369017,0.01609545
2022-02-26,0.011543689,0.012846247,0.011516418,0.011369564,0.016096484
2021-10-21,0.0115434555,0.012845964,0.01151618,0.011369333,0.016096054
2022-05-26,0.011541725,0.012843847,0.011514464,0.011367655,0.016092807
2024-01-20,0.011543641,0.012846189,0.01151637,0.011369515,0.01609637
2022-02-02,0.0115436185,0.012846159,0.011516348,0.011369494,0.016096326
2022-06-17,0.011543102,0.012845529,0.011515832,0.011368991,0.016095405
2022-08-09,0.011543515,0.012846042,0.0115162395,0.011369393,0.016096197
2021-05-26,0.011543657,0.012846206,0.011516387,0.011369532,0.016096417
2024-01-12,0.011543641,0.012846182,0.011516364,0.011369515,0.016096363
2020-05-06,0.011543532,0.012846055,0.011516261,0.011369414,0.01609619
2021-11-28,0.011542889,0.012845281,0.01151562,0.011368787,0.016095027
2021-09-21,0.011543384,0.0128458785,0.011516114,0.011369264,0.016095933
2019-04-02,0.0115429815,0.012845402,0.011515712,0.011368878,0.016095238
2020-11-28,0.011543635,0.012846176,0.011516364,0.011369511,0.016096355
2019-11-19,0.011543576,0.012846103,0.011516299,0.011369451,0.016096251
2020-03-17,0.011543569,0.012846096,0.011516294,0.011369445,0.016096242
2023-07-25,0.011543543,0.012846067,0.011516272,0.011369418,0.016096205
2024-06-02,0.011543357,0.01284585,0.011516088,0.011369242,0.016095888
2024-02-11,0.011543379,0.012845874,0.011516109,0.011369264,0.016095918
2019-09-05,0.011543608,0.01284617,0.011516336,0.011369484,0.016096417
2020-07-02,0.0115434555,0.012845964,0.011516185,0.011369333,0.016096061
2022-06-25,0.011543483,0.012845995,0.0115162125,0.011369365,0.016096098
2024-05-01,0.011543472,0.012845984,0.011516202,0.0113693485,0.016096083
2023-07-30,0.011543515,0.012846036,0.011516245,0.011369393,0.016096167
2019-10-15,0.0115435645,0.012846103,0.011516294,0.011369442,0.01609628
2022-12-08,0.011541436,0.012843539,0.011514177,0.011367371,0.016092421
2022-07-30,0.0115435645,0.012846091,0.011516288,0.011369442,0.016096234
2019-09-07,0.011543738,0.012846321,0.011516462,0.011369606,0.016096657
2021-01-03,0.011543641,0.012846189,0.01151637,0.011369515,0.01609637
2019-03-30,0.011542737,0.0128451,0.011515468,0.01136863,0.0160948
2022-01-09,0.011543652,0.012846195,0.0115163755,0.011369526,0.01609638
2022-02-21,0.011543652,0.0128462,0.01151638,0.011369526,0.0160964
2024-03-15,0.011543428,0.012845933,0.011516153,0.011369306,0.016096031
2024-02-07,0.011543532,0.012846055,0.011516261,0.011369409,0.01609619
2021-03-04,0.011543406,0.012845904,0.011516135,0.011369284,0.016095964
2020-03-08,0.011543679,0.012846236,0.011516407,0.011369553,0.016096476
2022-02-19,0.0115436455,0.012846189,0.0115163755,0.011369521,0.016096387
2024-12-22,0.0115436455,0.012846189,0.0115163755,0.011369521,0.016096387
2024-11-25,0.011543602,0.012846139,0.011516332,0.011369478,0.016096318
2023-12-13,0.01154358,0.012846114,0.011516309,0.011369457,0.016096266
2022-01-02,0.011543624,0.012846164,0.011516353,0.011369499,0.01609634
2020-11-17,0.0115436185,0.012846152,0.011516343,0.011369494,0.016096326
2020-06-05,0.011543401,0.0128458915,0.011516131,0.01136928,0.01609594
2023-05-24,0.011543504,0.012846025,0.011516234,0.011369381,0.016096145
2020-06-01,0.011542149,0.012844362,0.011514888,0.011368069,0.016093599
2021-10-30,0.011543281,0.012845752,0.011516006,0.011369161,0.01609573
2022-11-01,0.0115433745,0.012845867,0.0115161035,0.011369258,0.016095918
2021-10-22,0.011543494,0.012846007,0.011516224,0.011369371,0.016096123
2022-02-09,0.011543525,0.012846042,0.011516255,0.0113694025,0.01609616
2021-04-29,0.011543569,0.012846096,0.011516299,0.011369445,0.016096242
2021-12-11,0.011543379,0.012845874,0.011516109,0.011369264,0.016095903
2023-03-25,0.01154315,0.012845602,0.011515881,0.011369038,0.016095517
2024-02-01,0.011543559,0.012846085,0.011516288,0.011369435,0.016096234
2020-05-05,0.011543525,0.012846049,0.011516255,0.011369409,0.016096182
2019-10-06,0.011543759,0.012846345,0.011516489,0.011369629,0.016096665
2021-09-03,0.011543445,0.012845952,0.011516175,0.011369322,0.016096054
2020-11-12,0.011543635,0.012846176,0.011516359,0.011369511,0.016096355
2021-06-27,0.011543401,0.012845898,0.011516131,0.011369284,0.016095947
2020-06-26,0.011543449,0.012845959,0.01151618,0.011369328,0.016096054
2021-02-11,0.011543684,0.012846243,0.011516414,0.011369559,0.016096476
2020-04-02,0.011543254,0.012845716,0.011515984,0.011369139,0.016095685
2019-05-13,0.011543494,0.012846007,0.011516224,0.011369371,0.016096106
2023-10-08,0.011543548,0.012846109,0.011516278,0.011369418,0.01609637
2021-04-07,0.011543226,0.012845687,0.011515957,0.011369114,0.016095646
2024-03-10,0.011543525,0.012846055,0.011516255,0.0113694025,0.016096221
2022-03-07,0.011543684,0.012846243,0.011516414,0.011369559,0.016096484
2024-04-29,0.011543515,0.012846031,0.011516245,0.011369393,0.016096152
2020-12-04,0.0115436455,0.012846189,0.01151637,0.011369521,0.01609637
2023-12-15,0.011543614,0.012846146,0.011516336,0.011369489,0.016096318
2021-08-09,0.011543287,0.012845764,0.011516017,0.011369172,0.016095774
2024-03-03,0.011543467,0.012845988,0.011516196,0.011369345,0.016096123
2024-08-04,0.011543483,0.012845995,0.0115162125,0.011369361,0.016096106
2023-09-17,0.011543652,0.012846236,0.0115163755,0.011369521,0.016096598
2021-06-09,0.01154332,0.012845796,0.011516043,0.0113691995,0.01609579
2024-01-29,0.011543614,0.012846152,0.011516343,0.011369489,0.016096333
2024-06-11,0.011542616,0.01284496,0.011515349,0.011368518,0.016094567
2024-10-23,0.011543467,0.012845984,0.011516196,0.011369345,0.016096106
2022-02-07,0.011543608,0.012846146,0.011516336,0.011369484,0.01609631
2019-10-21,0.0115435645,0.012846091,0.011516288,0.011369442,0.016096251
2024-04-26,0.0115435105,0.012846031,0.0115162395,0.011369387,0.016096145
2020-06-12,0.011542868,0.012845251,0.011515604,0.011368765,0.016094966
2022-05-08,0.0115433745,0.012845861,0.0115161035,0.011369253,0.01609591
2024-12-09,0.011543641,0.012846182,0.01151637,0.011369515,0.01609637
2021-07-21,0.011543515,0.012846031,0.011516245,0.011369393,0.016096152
2020-02-22,0.011543532,0.012846055,0.011516261,0.011369409,0.01609619
2020-11-30,0.011543641,0.012846189,0.01151637,0.011369515,0.01609637
2021-09-30,0.011543053,0.012845474,0.011515783,0.011368942,0.01609533
2021-10-04,0.011542813,0.012845184,0.011515545,0.0113687115,0.016094869
2023-07-29,0.011543521,0.012846042,0.011516245,0.011369397,0.016096175
2021-07-12,0.011543504,0.012846018,0.011516234,0.011369381,0.016096137
2024-09-07,0.011543472,0.012845988,0.011516202,0.0113693485,0.016096113
2024-05-03,0.011543423,0.012845921,0.011516153,0.011369306,0.016095994
2023-10-13,0.011543525,0.012846073,0.011516255,0.0113694025,0.016096294
2024-12-11,0.011543641,0.012846189,0.01151637,0.011369515,0.01609638
2022-08-29,0.01154308,0.012845589,0.011515805,0.011368958,0.016095798
2019-09-11,0.0115437815,0.012846381,0.0115165105,0.011369649,0.016096741
2022-04-04,0.011543488,0.012846001,0.011516217,0.011369365,0.016096106
2024-06-01,0.011543406,0.012845904,0.011516135,0.01136929,0.016095964
2020-12-27,0.011543635,0.012846176,0.011516364,0.011369511,0.016096355
2020-07-03,0.0115433745,0.012845867,0.0115161035,0.011369253,0.016095933
2019-11-25,0.011543548,0.012846073,0.011516278,0.011369425,0.016096205
2020-05-20,0.011543515,0.012846031,0.011516245,0.011369393,0.016096152
2024-03-18,0.011543423,0.012845921,0.011516147,0.011369301,0.016096009
2024-08-17,0.011543428,0.012845928,0.0115161585,0.011369306,0.016096009
2020-11-29,0.011543641,0.012846189,0.01151637,0.011369515,0.01609637
2024-05-24,0.011542683,0.012845014,0.011515414,0.011368582,0.016094605
2020-10-30,0.011543614,0.012846152,0.011516343,0.011369489,0.016096326
2023-03-02,0.011542683,0.012845033,0.011515414,0.011368582,0.016094664
2024-12-01,0.011543624,0.01284617,0.011516353,0.011369499,0.016096355
2023-08-21,0.011543543,0.012846085,0.0115162665,0.011369414,0.01609628
2022-01-11,0.011543652,0.012846195,0.0115163755,0.011369526,0.01609638
2019-12-28,0.01154363,0.01284617,0.011516359,0.011369505,0.016096348
2021-09-10,0.01154339,0.0128458915,0.01151612,0.011369275,0.016095955
2024-09-01,0.011543477,0.012846001,0.011516202,0.011369354,0.016096152
2022-08-30,0.011543215,0.012845741,0.0115159415,0.011369092,0.016095947
2020-11-25,0.011543641,0.012846182,0.01151637,0.011369515,0.016096363
2024-12-12,0.0115436455,0.012846195,0.0115163755,0.011369521,0.016096387
2020-11-22,0.01154363,0.01284617,0.011516359,0.011369505,0.016096348
2019-08-24,0.011542237,0.012844489,0.01151497,0.011368149,0.016093872
2024-10-09,0.011543428,0.012845933,0.0115161585,0.011369306,0.016096031
2019-12-11,0.011543608,0.012846146,0.011516336,0.011369484,0.01609631
2023-07-08,0.011542438,0.012844725,0.01151517,0.011368346,0.016094182
2020-11-10,0.011543641,0.012846189,0.01151637,0.011369515,0.01609637
2024-11-23,0.011543608,0.012846146,0.011516336,0.011369484,0.016096326
2022-01-28,0.011543597,0.012846127,0.011516321,0.011369472,0.01609628
2019-12-20,0.01154363,0.01284617,0.011516359,0.011369505,0.016096348
2022-06-04,0.011543477,0.012845995,0.011516206,0.011369354,0.016096123
2022-12-17,0.011541144,0.012843182,0.011513884,0.011367082,0.016091885
2024-03-17,0.011543417,0.012845921,0.011516147,0.011369301,0.016096009
2023-04-29,0.011543525,0.012846049,0.011516255,0.0113694025,0.016096167
2024-08-10,0.011543472,0.012845977,0.011516196,0.0113693485,0.016096076
2024-05-29,0.011543292,0.012845764,0.011516022,0.011369178,0.016095744
2020-07-26,0.011543515,0.012846036,0.011516245,0.011369397,0.016096152
2020-12-23,0.011543614,0.012846146,0.011516343,0.011369489,0.016096318
2020-04-29,0.011543553,0.012846079,0.011516282,0.0113694295,0.016096221
2021-09-11,0.011543281,0.012845758,0.011516012,0.011369167,0.016095752
2021-11-03,0.011543157,0.012845602,0.0115158865,0.011369045,0.01609551
2024-05-18,0.011539028,0.0128405355,0.011511779,0.01136503,0.016087728
2024-10-26,0.011543428,0.012845939,0.011516153,0.011369306,0.016096046
2023-11-17,0.011543483,0.012846001,0.0115162125,0.011369365,0.016096106
2019-07-13,0.011543553,0.012846079,0.011516278,0.0113694295,0.016096212
2019-12-06,0.011543587,0.012846121,0.011516316,0.011369462,0.016096273
2021-08-17,0.011543591,0.012846127,0.011516321,0.011369467,0.016096294
2020-05-11,0.011543532,0.012846049,0.011516255,0.011369409,0.016096182
2023-09-16,0.011543614,0.012846195,0.011516343,0.011369484,0.016096523
2021-09-19,0.011543233,0.012845692,0.011515962,0.011369114,0.016095653
2019-12-05,0.011543587,0.012846114,0.011516316,0.011369462,0.016096273
2021-03-11,0.011543188,0.012845638,0.01151592,0.011369077,0.016095564
2022-09-16,0.011543641,0.012846218,0.01151637,0.011369515,0.016096508
2022-12-04,0.011541334,0.012843413,0.011514075,0.01136727,0.016092233
2022-11-15,0.011543064,0.012845492,0.011515794,0.011368952,0.016095344
2022-09-13,0.011543602,0.012846164,0.011516332,0.011369478,0.016096424
2019-05-07,0.011543537,0.012846061,0.0115162665,0.011369414,0.016096182
2019-08-17,0.011542923,0.012845311,0.011515654,0.011368819,0.016095072
2020-06-14,0.011542743,0.012845087,0.011515474,0.011368643,0.016094716
2021-11-05,0.011543108,0.01284554,0.011515838,0.011368996,0.016095418
2021-08-03,0.011543357,0.01284585,0.011516088,0.011369236,0.016095903
2021-08-05,0.011543172,0.012845626,0.011515902,0.011369061,0.01609557
2020-06-18,0.011543363,0.012845855,0.011516093,0.011369248,0.016095903
2021-11-11,0.011542993,0.012845402,0.011515724,0.011368883,0.016095208
2023-10-02,0.011543504,0.012846061,0.011516234,0.011369376,0.01609631
2024-02-14,0.011543353,0.012845844,0.011516082,0.011369236,0.01609588
2024-12-27,0.0115436455,0.012846195,0.0115163755,0.011369521,0.016096387
2021-01-17,0.011543641,0.012846189,0.01151637,0.011369515,0.01609637
2023-06-28,0.011543058,0.012845474,0.011515789,0.011368948,0.0160953
2020-01-30,0.01154358,0.012846109,0.011516309,0.011369457,0.016096259
2020-10-18,0.011543576,0.012846103,0.011516299,0.011369451,0.016096266
2023-10-11,0.011543537,0.012846091,0.0115162665,0.011369414,0.016096326
2023-08-28,0.011543614,0.012846182,0.011516343,0.011369489,0.016096454
2024-09-25,0.011542379,0.012844665,0.011515116,0.011368289,0.016094135
2022-12-13,0.011542079,0.012844308,0.011514817,0.011367998,0.016093569
2021-08-28,0.01154346,0.012845971,0.011516185,0.011369338,0.016096076
2020-09-26,0.0115435645,0.012846096,0.011516294,0.011369442,0.016096259
2024-06-30,0.011543369,0.012845855,0.011516098,0.011369248,0.016095903
2022-12-26,0.011540545,0.012842464,0.011513287,0.011366503,0.016090821
2022-08-15,0.0115433745,0.012845909,0.011516098,0.011369248,0.016096137
2019-12-25,0.011543635,0.012846176,0.011516364,0.011369511,0.016096355
2023-05-02,0.011543548,0.012846073,0.011516278,0.011369425,0.016096212
2021-04-14,0.011543423,0.012845921,0.011516153,0.011369306,0.016095994
2019-06-12,0.011543395,0.0128458915,0.011516125,0.011369275,0.016095947
2021-03-03,0.011543417,0.012845916,0.011516147,0.011369296,0.01609598
2022-11-21,0.011542276,0.0128445495,0.011515012,0.011368186,0.016093932
2024-10-21,0.011543395,0.012845904,0.011516125,0.01136928,0.016095994
2024-08-22,0.011543543,0.012846073,0.011516272,0.011369418,0.016096227
2024-11-09,0.011543537,0.012846067,0.0115162665,0.011369414,0.016096227
2020-08-11,0.011543515,0.012846036,0.011516245,0.011369397,0.01609616
2024-08-02,0.011543494,0.012846013,0.011516224,0.011369371,0.01609613
2022-09-28,0.0115437005,0.01284629,0.0115164295,0.011369569,0.016096622
2020-05-14,0.011543498,0.012846013,0.011516229,0.011369376,0.01609613
2022-05-18,0.0115435105,0.012846025,0.0115162395,0.011369393,0.016096137
2019-05-15,0.011543504,0.012846018,0.011516234,0.011369381,0.01609613
2020-12-22,0.01154363,0.01284617,0.011516359,0.011369505,0.01609634
2021-02-22,0.01154358,0.012846114,0.011516309,0.011369457,0.016096266
2023-05-15,0.011543569,0.012846096,0.011516299,0.011369445,0.016096251
2022-03-01,0.011543652,0.0128462,0.01151638,0.011369526,0.016096417
2024-06-16,0.011541872,0.012844059,0.011514606,0.0113677895,0.016093222
2023-09-01,0.011543553,0.012846114,0.011516282,0.011369425,0.016096395
2019-10-24,0.011543597,0.012846139,0.011516325,0.011369472,0.016096318
2020-08-20,0.011543477,0.012845984,0.011516206,0.011369354,0.016096076
2021-10-23,0.011543439,0.012845946,0.011516169,0.011369322,0.016096031
2024-09-09,0.011543488,0.012846007,0.011516217,0.011369365,0.016096137
2024-11-05,0.011543494,0.012846018,0.011516224,0.011369371,0.01609616
2021-09-22,0.011543347,0.0128458375,0.0115160765,0.011369232,0.016095866
2021-12-07,0.01154327,0.012845741,0.011516001,0.011369156,0.016095705
2023-10-21,0.011543559,0.012846103,0.011516288,0.011369435,0.016096303
2024-08-26,0.011543521,0.012846049,0.011516251,0.011369397,0.016096197
2021-03-30,0.011541769,0.01284392,0.011514503,0.011367693,0.01609301
2020-08-26,0.011543384,0.012845874,0.011516114,0.011369268,0.016095903
2021-07-03,0.011543532,0.012846055,0.011516261,0.011369409,0.016096197
2022-03-03,0.011543591,0.012846127,0.011516321,0.011369467,0.016096294
2023-05-22,0.011543597,0.012846127,0.011516325,0.011369472,0.016096294
2020-06-30,0.011543525,0.012846049,0.011516255,0.0113694025,0.01609619
2020-12-06,0.011543641,0.012846182,0.01151637,0.011369515,0.016096363
2024-08-27,0.011543515,0.012846042,0.011516245,0.011369393,0.01609619
2020-09-10,0.011543086,0.01284551,0.011515816,0.011368975,0.016095381
2024-04-01,0.011543472,0.012845984,0.011516202,0.011369354,0.016096083
2019-10-03,0.0115437815,0.012846376,0.011516506,0.011369649,0.016096719
2024-12-31,0.011543652,0.0128462,0.01151638,0.011369526,0.016096395
2024-07-06,0.011543369,0.012845861,0.011516098,0.011369248,0.016095918
2022-03-17,0.011543521,0.012846042,0.011516251,0.011369397,0.016096175
2022-02-17,0.0115436185,0.012846159,0.011516348,0.011369494,0.016096333
2024-07-22,0.011542112,0.012844332,0.011514844,0.011368025,0.016093593
2023-08-31,0.011543576,0.012846133,0.011516299,0.011369445,0.01609641
2019-09-26,0.011543809,0.012846411,0.011516538,0.011369676,0.016096793
2021-06-23,0.011543194,0.012845638,0.011515924,0.011369081,0.016095547
2020-12-08,0.011543641,0.012846182,0.01151637,0.011369515,0.01609637
2024-08-19,0.011543498,0.012846018,0.011516229,0.011369376,0.016096137
2021-02-04,0.011543597,0.012846133,0.011516325,0.011369472,0.01609631
2022-03-11,0.011543587,0.012846114,0.011516309,0.011369462,0.01609628
2021-01-18,0.01154363,0.01284617,0.011516359,0.011369505,0.016096348
2023-01-27,0.01154079,0.0128427595,0.011513531,0.01136674,0.01609126
2020-09-12,0.011543053,0.012845481,0.011515783,0.011368948,0.01609533
2022-11-02,0.011543379,0.012845874,0.011516109,0.011369264,0.016095927
2023-08-01,0.011543498,0.012846018,0.011516229,0.011369381,0.016096145
2019-10-27,0.011543569,0.012846103,0.011516299,0.011369445,0.016096266
2024-01-02,0.01154363,0.01284617,0.011516359,0.011369505,0.016096348
2023-04-07,0.01154308,0.012845505,0.01151581,0.0113689685,0.016095359
2023-08-29,0.0115435645,0.012846114,0.011516288,0.011369435,0.016096355
2024-03-02,0.011543445,0.012845959,0.011516169,0.011369322,0.016096083
2019-09-06,0.0115437005,0.012846278,0.011516424,0.011369569,0.016096583
2019-09-21,0.011543858,0.012846489,0.011516587,0.011369724,0.016096946
2021-12-04,0.011543194,0.012845644,0.011515924,0.011369081,0.016095564
2022-07-13,0.01154339,0.0128458785,0.01151612,0.011369275,0.01609591
2021-07-10,0.011543504,0.012846025,0.011516234,0.011369381,0.016096145
2021-03-17,0.01154315,0.012845595,0.011515881,0.011369038,0.016095495
2023-04-12,0.011543157,0.012845602,0.0115158865,0.011369045,0.01609551
2021-08-31,0.011543483,0.012845995,0.011516206,0.011369361,0.016096123
2024-11-29,0.011543614,0.012846152,0.011516343,0.011369489,0.016096333
2023-06-19,0.011543417,0.012845921,0.011516147,0.011369296,0.016096
2023-03-21,0.011543184,0.012845644,0.0115159135,0.01136907,0.016095594
2019-11-04,0.011543597,0.012846127,0.011516325,0.011369472,0.016096294
2021-03-10,0.011543433,0.012845933,0.011516163,0.011369317,0.016096009
2023-05-07,0.011543576,0.012846109,0.011516305,0.011369451,0.016096266
2021-05-25,0.0115436185,0.012846164,0.011516348,0.011369494,0.016096348
2024-05-06,0.011543401,0.012845898,0.011516131,0.011369284,0.016095964
2020-01-06,0.011543641,0.012846182,0.011516364,0.011369515,0.016096363
2023-02-23,0.011542558,0.012844875,0.01151529,0.01136846,0.01609443
2023-06-03,0.01154265,0.0128449835,0.011515382,0.01136855,0.016094567
2020-09-30,0.011543553,0.012846079,0.011516278,0.0113694295,0.016096234
2021-05-16,0.011543597,0.012846127,0.011516321,0.011369472,0.016096288
2020-10-07,0.0115435645,0.012846096,0.011516294,0.011369442,0.016096259
2022-12-09,0.011541415,0.012843515,0.011514155,0.011367351,0.016092384
2022-12-16,0.011541159,0.012843202,0.011513894,0.011367098,0.016091915
2019-09-28,0.011543804,0.0128464,0.011516527,0.011369671,0.016096763
2019-11-28,0.011543553,0.012846079,0.011516282,0.0113694295,0.016096212
2023-11-30,0.011543525,0.012846042,0.011516255,0.0113694025,0.016096167
2023-01-07,0.011542422,0.012844718,0.011515154,0.011368326,0.016094182
2024-04-12,0.011543498,0.012846018,0.011516229,0.011369381,0.016096123
2020-04-22,0.0115434555,0.012845964,0.011516185,0.011369338,0.016096054
2021-04-19,0.011543576,0.012846109,0.011516305,0.011369451,0.016096266
2024-07-18,0.011543287,0.012845758,0.011516017,0.011369167,0.016095752
2021-06-20,0.011541406,0.012843497,0.011514139,0.011367334,0.016092436
2024-08-05,0.011543467,0.012845977,0.011516196,0.0113693485,0.016096076
2024-09-22,0.011542297,0.012844561,0.011515029,0.011368203,0.016093977
2024-02-13,0.011543379,0.012845874,0.011516109,0.011369258,0.016095927
2019-06-26,0.011543222,0.012845698,0.011515951,0.011369108,0.016095713
2024-07-13,0.011543058,0.012845474,0.011515789,0.011368948,0.016095314
2024-06-27,0.011543254,0.012845721,0.011515984,0.011369139,0.016095692
2021-05-22,0.011543602,0.012846133,0.011516332,0.011369478,0.016096303
2019-10-19,0.011543504,0.012846025,0.011516234,0.011369381,0.016096145
2019-12-24,0.011543635,0.012846176,0.011516359,0.011369511,0.016096355
2024-11-01,0.0115434555,0.012845977,0.011516185,0.011369333,0.016096098
2024-08-06,0.011543483,0.012845995,0.0115162125,0.011369361,0.016096098
2021-07-18,0.011543477,0.012845988,0.011516202,0.011369354,0.016096093
2019-07-28,0.0115433745,0.012845867,0.0115161035,0.011369258,0.016095927
2020-03-11,0.01154363,0.012846176,0.011516359,0.011369505,0.01609637
2020-09-16,0.011543369,0.012845861,0.011516098,0.011369248,0.01609591
2021-12-03,0.011543086,0.012845516,0.011515816,0.011368975,0.016095374
2023-09-22,0.011543608,0.012846176,0.011516336,0.011369484,0.016096462
2022-07-15,0.011543379,0.012845867,0.011516109,0.011369258,0.016095888
2021-07-17,0.011543467,0.012845977,0.011516196,0.011369345,0.016096076
2020-07-15,0.011543113,0.012845535,0.011515843,0.011369,0.016095381
2019-07-03,0.011543559,0.012846085,0.011516288,0.011369435,0.016096227
2024-12-30,0.011543652,0.012846195,0.0115163755,0.011369526,0.016096387
2021-04-28,0.011543569,0.012846096,0.011516299,0.011369445,0.016096242
2023-03-16,0.011542754,0.012845118,0.011515485,0.011368652,0.016094785
2023-11-29,0.0115435105,0.012846025,0.0115162395,0.011369387,0.016096145
2024-06-22,0.0115434555,0.012845971,0.011516185,0.011369333,0.016096076
2020-10-17,0.011543576,0.012846109,0.011516305,0.011369451,0.01609628
2023-04-08,0.011542993,0.012845395,0.011515724,0.011368883,0.016095208
2019-05-16,0.011543494,0.012846007,0.011516224,0.011369371,0.016096106
2021-09-04,0.0115433745,0.012845874,0.0115161035,0.011369258,0.016095933
2022-04-10,0.011543423,0.012845921,0.011516147,0.011369301,0.016095987
2022-09-14,0.011543602,0.012846164,0.011516332,0.011369478,0.016096424
2019-04-22,0.011543504,0.012846018,0.011516234,0.011369381,0.016096137
2023-01-30,0.011540763,0.012842723,0.0115135,0.011366712,0.016091207
2024-04-08,0.011543521,0.012846036,0.011516245,0.011369397,0.01609616
2021-10-18,0.0115433745,0.012845867,0.0115161035,0.011369253,0.016095918
2022-12-18,0.0115410555,0.012843081,0.011513797,0.011367002,0.016091734
2021-02-12,0.0115436725,0.0128462305,0.0115164025,0.011369548,0.016096454
2024-12-04,0.011543635,0.012846176,0.011516359,0.011369505,0.016096363
2022-03-09,0.01154363,0.012846176,0.011516359,0.011369505,0.01609637
2024-03-13,0.011543532,0.012846061,0.011516255,0.011369409,0.016096221
2023-12-20,0.0115436185,0.012846159,0.011516348,0.011369494,0.016096326
2022-06-19,0.011543281,0.012845745,0.011516006,0.011369161,0.01609573
2024-03-28,0.011543515,0.012846036,0.011516245,0.011369393,0.01609616
2019-08-21,0.011542993,0.012845402,0.011515724,0.011368883,0.016095232
2022-11-07,0.011543395,0.0128458915,0.011516125,0.011369275,0.01609594
2023-06-07,0.011543357,0.01284585,0.011516088,0.011369242,0.016095903
2019-12-16,0.011543614,0.012846152,0.011516343,0.011369489,0.016096326
2022-06-15,0.011543161,0.012845608,0.011515892,0.011369049,0.016095525
2023-04-24,0.011543576,0.012846109,0.011516305,0.011369457,0.016096259
2021-06-28,0.011543477,0.012845988,0.011516206,0.011369354,0.016096076
2019-05-27,0.011543494,0.012846013,0.011516224,0.011369371,0.016096152
2024-12-06,0.011543635,0.012846176,0.011516359,0.011369505,0.01609637
2020-02-03,0.011543597,0.012846127,0.011516325,0.011369472,0.016096288
2024-09-28,0.011543178,0.012845632,0.011515909,0.011369065,0.01609557
2022-07-10,0.011543379,0.012845867,0.011516109,0.011369264,0.016095895
2024-03-12,0.011543477,0.012846001,0.011516206,0.011369354,0.016096137
2023-10-29,0.011543483,0.012846007,0.0115162125,0.011369361,0.016096145
2021-04-04,0.011543064,0.012845492,0.011515794,0.011368952,0.016095351
2020-12-28,0.011543635,0.012846176,0.011516364,0.011369511,0.016096355
2020-10-19,0.011543569,0.012846103,0.011516299,0.011369445,0.016096266
2022-02-12,0.011543532,0.012846049,0.011516261,0.011369409,0.016096167
2024-01-16,0.011543641,0.012846189,0.01151637,0.011369515,0.01609637
2021-10-29,0.011543259,0.012845721,0.01151599,0.011369139,0.0160957
2019-06-04,0.011543379,0.012845874,0.011516109,0.011369264,0.016095927
2020-08-16,0.011543521,0.012846036,0.011516245,0.011369397,0.016096152
2020-07-08,0.011543226,0.012845692,0.011515957,0.011369114,0.016095653
2024-09-17,0.011543417,0.012845916,0.011516147,0.011369296,0.016095994
2022-03-10,0.011543602,0.012846139,0.011516325,0.011369478,0.01609631
2023-05-29,0.011543521,0.012846042,0.011516251,0.011369397,0.016096167
2021-12-09,0.011543277,0.012845745,0.011516006,0.011369161,0.016095722
2020-09-23,0.011543494,0.012846013,0.011516224,0.011369376,0.016096145
2024-05-26,0.011542988,0.01284539,0.011515724,0.011368883,0.01609517
2023-02-27,0.011542678,0.012845026,0.011515409,0.011368577,0.01609465
2021-04-18,0.0115435645,0.012846091,0.011516294,0.011369442,0.016096242
2024-01-26,0.011543591,0.012846127,0.011516321,0.011369467,0.016096288
2023-10-23,0.011543525,0.012846061,0.011516255,0.0113694025,0.016096234
2023-09-15,0.011543614,0.012846195,0.011516343,0.011369484,0.016096523
2023-10-22,0.011543576,0.012846121,0.011516305,0.011369451,0.016096326
2023-05-10,0.011543608,0.012846146,0.011516336,0.011369484,0.016096318
2020-06-22,0.01154308,0.01284551,0.01151581,0.0113689685,0.016095374
2021-05-24,0.011543576,0.012846103,0.011516305,0.011369451,0.016096259
2019-12-13,0.011543614,0.012846152,0.011516343,0.011369489,0.016096318
2024-08-30,0.011543498,0.012846031,0.011516229,0.011369376,0.01609619
2023-05-03,0.01154358,0.012846109,0.011516309,0.011369457,0.016096266
2019-04-19,0.011543449,0.012845959,0.01151618,0.011369333,0.016096039
2021-08-07,0.011543188,0.012845644,0.0115159135,0.01136907,0.016095594
2021-11-24,0.011543043,0.012845462,0.011515773,0.011368931,0.01609529
2020-08-23,0.011543477,0.012845984,0.011516206,0.011369354,0.016096076
2023-06-02,0.011542857,0.012845233,0.011515593,0.011368755,0.016094929
2019-11-21,0.011543576,0.012846103,0.011516305,0.011369451,0.016096251
2020-09-22,0.011543472,0.012845988,0.011516202,0.0113693485,0.016096098
2022-11-08,0.011543342,0.012845831,0.011516071,0.0113692265,0.01609585
2022-05-09,0.011543287,0.012845758,0.011516017,0.011369167,0.01609576
2024-01-05,0.011543641,0.012846182,0.011516364,0.011369515,0.016096363
2022-01-05,0.011543652,0.0128462,0.01151638,0.011369526,0.016096387
2021-05-31,0.01154358,0.012846121,0.011516309,0.011369457,0.016096318
2024-05-08,0.011543472,0.012845984,0.011516202,0.0113693485,0.016096083
2021-09-27,0.0115429,0.012845294,0.011515631,0.011368797,0.016095057
2024-04-17,0.011543494,0.012846007,0.011516224,0.011369376,0.016096113
2023-01-31,0.011540773,0.012842741,0.011513514,0.011366724,0.01609123
2024-11-26,0.011543587,0.012846121,0.011516316,0.011369462,0.016096294
2022-01-04,0.011543641,0.012846182,0.01151637,0.011369515,0.016096363
2023-11-27,0.011543504,0.012846018,0.011516229,0.011369381,0.01609613
2022-06-12,0.011543188,0.012845638,0.01151592,0.011369077,0.01609557
2020-11-16,0.011543635,0.012846176,0.011516359,0.011369511,0.016096355
2024-07-02,0.011543401,0.012845898,0.011516125,0.01136928,0.016095964
2023-02-24,0.011542563,0.0128448885,0.011515301,0.01136847,0.016094461
2020-08-04,0.011543521,0.012846042,0.011516251,0.011369397,0.016096167
2024-02-06,0.0115435645,0.012846096,0.011516294,0.011369442,0.016096251
2020-04-07,0.0115429,0.012845298,0.011515631,0.011368792,0.016095087
2019-11-05,0.011543587,0.012846114,0.011516316,0.011369462,0.016096273
2022-08-28,0.011543145,0.012845667,0.011515875,0.011369028,0.016095888
2024-08-14,0.011543488,0.012846001,0.011516217,0.011369365,0.016096106
2024-06-24,0.011543417,0.012845921,0.011516147,0.011369301,0.016095994
2021-03-02,0.011543428,0.012845933,0.0115161585,0.011369312,0.016096
2021-03-19,0.011542916,0.012845311,0.011515648,0.011368808,0.016095072
2020-10-27,0.011543597,0.012846133,0.011516325,0.011369472,0.016096303
2020-02-28,0.011543657,0.012846213,0.011516387,0.011369532,0.016096432
2021-03-23,0.011542444,0.012844743,0.0115151815,0.011368353,0.016094234
2019-04-18,0.011543353,0.012845844,0.011516082,0.011369236,0.016095871
2019-10-23,0.011543587,0.012846121,0.011516316,0.011369462,0.016096288
2023-08-22,0.011543548,0.012846091,0.011516278,0.011369425,0.016096294
2021-12-26,0.01154363,0.01284617,0.011516359,0.011369505,0.016096348
2022-06-01,0.011543591,0.012846121,0.011516316,0.011369467,0.016096288
2024-02-04,0.011543433,0.012845939,0.011516163,0.011369317,0.016096016
2019-10-29,0.011543597,0.012846133,0.011516325,0.011369472,0.016096303
2020-04-28,0.011543543,0.012846067,0.011516272,0.011369425,0.016096205
2021-06-11,0.011543009,0.012845415,0.011515739,0.011368903,0.016095208
2023-01-17,0.011540588,0.012842518,0.011513324,0.0113665415,0.016090896
2020-10-12,0.011543576,0.012846109,0.011516305,0.011369451,0.016096273
2024-07-31,0.011543477,0.012845988,0.011516202,0.011369354,0.016096093
2024-06-25,0.011543353,0.012845844,0.011516082,0.011369236,0.016095888
2020-02-16,0.011543515,0.012846031,0.011516245,0.011369393,0.016096152
2021-03-08,0.011543401,0.0128458915,0.011516125,0.01136928,0.01609594
2023-11-22,0.011543494,0.012846007,0.011516224,0.011369371,0.016096113
2019-09-13,0.011543798,0.012846405,0.011516522,0.0113696605,0.0160968
2021-11-20,0.011542916,0.012845311,0.011515648,0.011368808,0.016095065
2024-10-25,0.011543428,0.012845946,0.0115161585,0.011369306,0.016096069
2023-06-15,0.011543412,0.012845909,0.011516142,0.01136929,0.016095994
2024-08-09,0.011543467,0.012845977,0.011516196,0.0113693485,0.016096076
2020-10-31,0.0115436185,0.012846159,0.011516348,0.011369494,0.016096333
2024-02-10,0.011543347,0.012845831,0.011516071,0.0113692265,0.016095858
2021-02-27,0.011543591,0.012846127,0.011516321,0.011369467,0.016096288
2023-01-12,0.011540577,0.012842501,0.011513314,0.01136653,0.016090874
2022-11-11,0.011543188,0.012845644,0.01151592,0.011369077,0.01609557
2020-08-19,0.011543504,0.012846018,0.011516229,0.011369381,0.016096123
2024-05-22,0.011541922,0.012844084,0.01151466,0.0113678435,0.016093163
2023-11-06,0.011543477,0.012845995,0.011516206,0.011369354,0.016096123
2024-07-15,0.011543303,0.0128457835,0.011516033,0.011369187,0.016095782
2019-10-05,0.011543749,0.012846332,0.011516478,0.011369618,0.016096642
2021-12-14,0.01154346,0.012845964,0.011516185,0.011369338,0.016096039
2021-11-04,0.011543222,0.01284568,0.011515951,0.011369103,0.01609563
2020-02-29,0.011543641,0.012846189,0.01151637,0.011369515,0.0160964
2022-05-27,0.011542286,0.012844525,0.0115150185,0.011368197,0.016093848
2020-02-19,0.01154358,0.012846114,0.011516309,0.011369457,0.016096273
2019-07-16,0.011543521,0.012846042,0.011516251,0.0113694025,0.016096167
2019-12-03,0.011543597,0.012846133,0.011516325,0.011369472,0.016096294
2023-12-08,0.01154358,0.012846109,0.011516305,0.011369457,0.016096259
2021-01-21,0.011543591,0.012846121,0.011516316,0.011369467,0.016096273
2024-11-02,0.011543498,0.012846025,0.011516229,0.011369376,0.016096167
2021-11-26,0.011543069,0.012845492,0.011515801,0.011368958,0.016095344
2024-01-17,0.011543635,0.012846182,0.011516364,0.011369511,0.016096363
2024-01-11,0.011543641,0.012846182,0.01151637,0.011369515,0.016096363
2020-12-15,0.011543635,0.012846176,0.011516364,0.011369511,0.016096355
2024-10-30,0.011543494,0.012846018,0.011516224,0.011369371,0.01609616
2023-06-09,0.011543428,0.012845928,0.011516153,0.011369306,0.016096009
2022-08-07,0.011543521,0.012846049,0.011516251,0.011369397,0.016096197
2021-06-18,0.011540779,0.012842687,0.01151352,0.011366733,0.016091041
2019-06-21,0.011542998,0.012845408,0.01151573,0.0113688875,0.016095238
2020-02-13,0.011543553,0.012846079,0.011516282,0.0113694295,0.016096212
2024-12-26,0.0115436455,0.012846189,0.0115163755,0.011369521,0.016096387
2019-10-02,0.011543777,0.01284637,0.011516506,0.011369649,0.016096711
2024-10-29,0.011543445,0.012845964,0.011516175,0.011369328,0.016096093
2023-12-14,0.011543587,0.012846114,0.011516316,0.011369462,0.016096273
2024-11-06,0.0115435105,0.012846036,0.0115162395,0.011369387,0.016096182
2020-10-11,0.011543537,0.012846061,0.0115162665,0.011369414,0.016096205
2021-01-16,0.01154363,0.01284617,0.011516359,0.011369505,0.016096348
2020-10-03,0.011543553,0.012846079,0.011516282,0.0113694295,0.016096227
2023-03-18,0.011542813,0.012845195,0.011515545,0.0113687115,0.016094929
2021-12-21,0.011543591,0.012846127,0.011516321,0.011369467,0.01609628
2023-07-20,0.011543515,0.012846031,0.0115162395,0.011369393,0.016096152
2023-05-28,0.011543515,0.012846036,0.011516245,0.011369393,0.016096152
2021-05-30,0.011543711,0.012846285,0.011516441,0.011369585,0.016096583
2022-11-22,0.011542171,0.012844423,0.011514905,0.011368086,0.016093735
2024-07-29,0.01154339,0.012845885,0.01151612,0.011369268,0.016095933
2022-01-22,0.011543624,0.012846164,0.011516353,0.011369499,0.016096333
2023-05-09,0.011543614,0.012846152,0.011516343,0.011369489,0.016096326
2023-01-09,0.011540518,0.012842433,0.011513259,0.011366476,0.016090767
2021-02-07,0.011543602,0.012846146,0.011516332,0.011369478,0.016096326
2023-06-25,0.011543238,0.012845703,0.0115159685,0.011369124,0.01609566
2020-01-24,0.011543602,0.012846139,0.011516332,0.011369478,0.016096303
2022-08-19,0.011543483,0.012846031,0.0115162125,0.011369361,0.016096273
2021-07-29,0.0115434555,0.012845964,0.011516185,0.011369333,0.016096054
2024-05-17,0.011539387,0.012840976,0.011512136,0.011365383,0.016088406
2024-10-07,0.011543483,0.012846001,0.0115162125,0.011369365,0.01609613
2024-09-19,0.011543259,0.012845728,0.01151599,0.0113691455,0.016095705
2023-09-09,0.0115436455,0.012846254,0.0115163755,0.011369515,0.016096674
2023-04-25,0.011543537,0.012846055,0.0115162665,0.011369414,0.016096182
2021-04-10,0.011543184,0.012845632,0.0115159135,0.01136907,0.016095564
2022-12-15,0.011541187,0.012843238,0.011513927,0.011367126,0.016091969
2021-02-16,0.0115436185,0.012846159,0.011516343,0.011369494,0.016096348
2020-04-03,0.011543308,0.0128457835,0.011516039,0.011369187,0.016095782
2022-01-27,0.011543587,0.012846121,0.011516316,0.011369467,0.016096273
2019-10-08,0.011543744,0.012846321,0.011516468,0.011369612,0.016096622
2023-07-03,0.011541279,0.012843303,0.011514014,0.011367217,0.016092008
2023-08-02,0.011543498,0.012846013,0.011516229,0.011369376,0.016096137
2023-04-16,0.011543167,0.012845608,0.011515898,0.011369054,0.016095517
2022-09-27,0.0115437005,0.012846285,0.011516424,0.011369569,0.016096622
2022-04-07,0.011543472,0.012845984,0.011516202,0.0113693485,0.016096076
2024-07-08,0.011543314,0.012845796,0.011516043,0.0113691995,0.016095812
2024-09-18,0.011543433,0.012845933,0.011516163,0.011369312,0.016096016
2022-06-09,0.0115434555,0.012845971,0.011516185,0.011369333,0.016096076
2024-04-02,0.0115435105,0.012846031,0.0115162395,0.011369387,0.016096145
2024-05-27,0.011543058,0.012845474,0.011515789,0.011368948,0.0160953
2023-04-19,0.011543449,0.012845952,0.01151618,0.011369328,0.016096031
2023-11-01,0.011543477,0.012846001,0.011516206,0.011369354,0.01609613
2024-08-08,0.011543472,0.012845988,0.011516202,0.011369354,0.016096083
2023-07-17,0.011543543,0.012846067,0.011516272,0.011369418,0.016096197
2019-04-23,0.011543532,0.012846055,0.011516261,0.011369409,0.016096175
2019-11-18,0.011543591,0.012846121,0.011516321,0.011369467,0.01609628
2022-07-27,0.011543504,0.012846018,0.011516234,0.011369381,0.016096123
2019-04-13,0.011543384,0.0128458785,0.011516114,0.011369264,0.016095933
2023-10-27,0.011543537,0.012846067,0.011516261,0.011369414,0.016096242
2023-05-04,0.011543597,0.012846133,0.011516325,0.011369472,0.016096294
2021-12-08,0.011543254,0.012845716,0.011515984,0.011369135,0.01609567
2021-03-14,0.011543287,0.012845758,0.011516017,0.011369172,0.016095744
2023-06-13,0.01154339,0.0128458915,0.01151612,0.011369275,0.016095964
2022-06-13,0.011543145,0.012845589,0.011515875,0.011369033,0.016095487
2024-03-05,0.011543467,0.012845988,0.011516196,0.011369345,0.01609613
2022-07-04,0.011543406,0.012845904,0.011516135,0.01136929,0.016095947
2020-11-08,0.011543641,0.012846182,0.01151637,0.011369515,0.01609637
2021-09-08,0.011543379,0.012845874,0.011516109,0.011369264,0.016095933
2022-02-28,0.011543661,0.012846213,0.011516391,0.011369537,0.016096432
2020-11-26,0.011543641,0.012846189,0.01151637,0.011369515,0.01609637
2024-11-20,0.011543602,0.012846139,0.011516332,0.011369478,0.016096318
2024-01-30,0.011543624,0.012846164,0.011516348,0.011369499,0.016096348
2023-10-15,0.011543576,0.012846127,0.011516305,0.011369451,0.016096363
2023-08-08,0.011543423,0.012845928,0.011516153,0.011369301,0.016096016
2022-08-03,0.0115435645,0.012846096,0.011516294,0.011369442,0.016096251
2020-12-25,0.011543641,0.012846182,0.011516364,0.011369515,0.016096363
2020-09-28,0.011543569,0.012846103,0.011516299,0.011369445,0.016096273
2021-03-26,0.011541622,0.012843745,0.011514361,0.011367548,0.016092755
2020-09-03,0.011542808,0.012845172,0.011515539,0.011368707,0.016094852
2021-03-20,0.011543172,0.012845615,0.011515902,0.011369061,0.016095525
2024-05-15,0.011542079,0.012844271,0.011514811,0.011367998,0.016093457
2021-07-06,0.0115435645,0.012846096,0.011516294,0.011369442,0.016096251
2023-03-29,0.011543047,0.012845474,0.0115157785,0.011368942,0.01609533
2019-12-01,0.01154358,0.012846109,0.011516309,0.011369457,0.016096266
2020-04-06,0.0115427645,0.01284513,0.011515496,0.011368663,0.016094822
2020-11-24,0.011543635,0.012846176,0.011516364,0.011369511,0.016096355
2023-05-20,0.011543548,0.012846073,0.011516278,0.011369425,0.016096212
2024-01-03,0.011543635,0.012846176,0.011516364,0.011369511,0.016096355
2021-10-15,0.011543395,0.012845898,0.011516125,0.011369275,0.01609598
2020-04-16,0.011543439,0.012845939,0.011516169,0.011369317,0.016096024
2022-05-24,0.011542808,0.012845165,0.011515539,0.011368707,0.016094822
2023-08-14,0.011542944,0.012845352,0.011515675,0.011368834,0.01609517
2019-09-24,0.011543809,0.012846418,0.011516538,0.011369676,0.016096817
2022-08-18,0.01154333,0.012845867,0.011516061,0.011369204,0.016096098
2023-11-08,0.011543423,0.012845928,0.011516153,0.011369301,0.016096016
2023-12-03,0.011543543,0.012846067,0.011516272,0.011369418,0.016096197
2021-07-31,0.0115434555,0.012845964,0.011516185,0.011369333,0.016096061
2022-04-09,0.011543548,0.012846073,0.011516278,0.0113694295,0.016096212
2023-02-03,0.011540588,0.012842512,0.011513324,0.0113665415,0.016090889
2021-02-01,0.011543614,0.012846152,0.011516343,0.011369489,0.016096333
2021-01-14,0.011543641,0.012846182,0.011516364,0.011369515,0.016096363
2020-07-27,0.011543521,0.012846036,0.011516245,0.011369397,0.016096152
2021-04-30,0.01154358,0.012846109,0.011516309,0.011369457,0.016096266
2023-11-20,0.011543494,0.012846013,0.011516224,0.011369371,0.016096123
2020-02-02,0.011543569,0.012846096,0.011516299,0.011369445,0.016096242
2022-01-01,0.01154363,0.01284617,0.011516359,0.011369505,0.016096348
2020-10-10,0.011543559,0.012846091,0.011516288,0.011369435,0.016096251
2022-01-08,0.0115436455,0.012846195,0.0115163755,0.011369521,0.01609638
2020-06-06,0.0115434555,0.012845959,0.011516185,0.011369333,0.016096039
2023-03-19,0.011542813,0.01284519,0.011515545,0.0113687115,0.016094921
2023-04-13,0.01154333,0.012845807,0.011516061,0.01136921,0.016095828
2022-12-28,0.01154047,0.012842379,0.011513211,0.011366428,0.016090686
2023-04-18,0.0115433745,0.012845861,0.0115161035,0.011369258,0.016095895
2023-08-11,0.011543021,0.012845438,0.011515751,0.01136891,0.01609529
2020-11-19,0.01154363,0.01284617,0.011516359,0.011369505,0.016096348
2021-07-27,0.0115434555,0.012845964,0.01151618,0.011369333,0.016096061
2024-02-29,0.011543498,0.012846025,0.011516229,0.011369376,0.016096182
2019-09-12,0.011543787,0.012846388,0.011516516,0.011369654,0.016096763
2019-09-27,0.011543787,0.012846388,0.011516516,0.0113696605,0.016096748
2022-02-23,0.011543652,0.0128462,0.01151638,0.011369526,0.0160964
2021-11-02,0.011543222,0.012845687,0.011515951,0.011369108,0.01609563
2024-05-07,0.011543428,0.012845933,0.0115161585,0.011369312,0.016096009
2021-06-21,0.011542313,0.012844567,0.011515046,0.011368224,0.016093932
2021-12-30,0.011543641,0.012846182,0.01151637,0.011369515,0.016096363
2024-09-08,0.011543472,0.012845988,0.011516202,0.0113693485,0.016096113
2022-08-04,0.011543576,0.012846103,0.011516299,0.011369451,0.016096266
2019-12-31,0.011543641,0.012846182,0.01151637,0.011369515,0.016096363
2022-06-24,0.011543477,0.012845988,0.011516206,0.011369354,0.016096093
