date,h0,h1,h2,h3,h4,h5,h6
2024-01-15,0.6477886,0.48893815,0.5126089,0.5181184,0.4087384,0.54656684,0.4377265
2023-10-18,0.6464273,0.48769027,0.5112849,0.51663756,0.4075205,0.5451553,0.43688783
2024-02-13,0.64695024,0.48823133,0.51184833,0.5174274,0.40825176,0.54596305,0.43684584
2022-02-26,0.64734805,0.48850912,0.511688,0.5176146,0.4086454,0.5461563,0.43725944
2021-08-06,0.64474475,0.4889736,0.51048577,0.5134126,0.4077555,0.54265404,0.4348813
2022-04-21,0.64743596,0.4885281,0.51225424,0.5179158,0.40837854,0.5461427,0.43753883
2024-06-09,0.64722747,0.4883602,0.51222897,0.51754725,0.40848267,0.5460774,0.43718773
2022-03-21,0.6472025,0.4885361,0.5121282,0.51759875,0.4084396,0.546187,0.43726444
2023-09-21,0.6449663,0.4865506,0.5099562,0.5152655,0.40642262,0.543802,0.43599927
2019-08-24,0.6443962,0.48598915,0.509992,0.51491266,0.4057958,0.5434413,0.43485183
2023-09-24,0.645128,0.48679385,0.5100665,0.51532865,0.4065375,0.54396266,0.43638542
2020-04-02,0.64685726,0.4884909,0.5118783,0.51726586,0.4085263,0.54594934,0.43711585
2021-03-10,0.64733785,0.48872143,0.51228803,0.51776856,0.40872586,0.5463636,0.43751645
2023-11-17,0.6476419,0.48857614,0.51243955,0.5178449,0.4084671,0.5462874,0.43745023
2024-06-21,0.6470962,0.48809662,0.5122314,0.5172775,0.40828022,0.5458592,0.4369733
2021-11-16,0.6478902,0.48894304,0.51269805,0.51818275,0.40872,0.54660326,0.43776387
2021-05-01,0.6475403,0.48877046,0.5124513,0.5179002,0.40857735,0.5462728,0.43751806
2019-04-29,0.6474474,0.48865464,0.5123967,0.5178345,0.40845373,0.5461624,0.43741798
2024-11-15,0.647792,0.48848355,0.51243097,0.51770747,0.40839562,0.54610837,0.43743342
2024-07-25,0.6452035,0.486685,0.510257,0.51556885,0.40681997,0.54404056,0.43552133
2023-12-26,0.64781886,0.48894396,0.5126666,0.5181352,0.40872732,0.5465884,0.437735
2021-02-14,0.6473386,0.48846906,0.5116945,0.5176288,0.40867713,0.546168,0.43725324
2024-12-20,0.647966,0.4888547,0.51259434,0.5180122,0.40867206,0.5464953,0.43763852
2020-02-14,0.64753926,0.48878008,0.5124321,0.5181142,0.40861994,0.54644614,0.43740767
2019-07-02,0.64693546,0.48825207,0.5119296,0.5174229,0.40808812,0.54583776,0.43708834
2021-11-12,0.6477297,0.48880288,0.51260805,0.5180496,0.40861118,0.5464865,0.43768185
2022-03-25,0.64671654,0.48834223,0.51170444,0.5171356,0.40840012,0.54593235,0.43695068
2023-10-30,0.6470479,0.48795977,0.5117697,0.5171888,0.40798217,0.54568356,0.43699497
2020-04-20,0.64743626,0.48859003,0.5123862,0.51780576,0.40843967,0.54614246,0.43743214
2024-09-09,0.6465861,0.48791343,0.5116731,0.517161,0.40770933,0.54560214,0.43671778
2021-04-18,0.6474559,0.48874518,0.5123303,0.5177759,0.40853947,0.54624313,0.4375167
2019-09-23,0.64656574,0.48684984,0.5108309,0.5161038,0.4074074,0.54495573,0.43615657
2023-01-07,0.6481472,0.489145,0.5129195,0.5184161,0.40891778,0.54687995,0.4379284
2022-07-04,0.6461807,0.4877278,0.51130384,0.5167859,0.407492,0.54522026,0.43666187
2019-08-15,0.6466862,0.48795977,0.51177365,0.51709175,0.40771917,0.5455523,0.43675935
2021-07-07,0.6474232,0.48861307,0.51229763,0.5177694,0.4084314,0.54613113,0.43742466
2023-05-28,0.64756405,0.48868474,0.5125135,0.51798797,0.40848672,0.5462395,0.4374894
2022-09-21,0.64447594,0.48627582,0.50974715,0.51561236,0.40563273,0.54427016,0.4351573
2023-01-04,0.648503,0.48925936,0.51311797,0.51862645,0.40907535,0.5472054,0.43797666
2021-10-28,0.6447592,0.4869855,0.512158,0.51623917,0.40713152,0.54460305,0.43570712
2021-05-24,0.6475488,0.48862487,0.51249117,0.5179212,0.40848437,0.5462428,0.43759927
2023-12-13,0.6478138,0.48887637,0.51259404,0.51809365,0.40868855,0.5465662,0.4376415
2023-05-19,0.6476494,0.4888322,0.51254535,0.51803684,0.4085611,0.54639727,0.43756056
2024-04-17,0.64757544,0.4887697,0.51244694,0.5179509,0.4085951,0.54634744,0.43758693
2021-11-18,0.6479117,0.48897645,0.5127217,0.51820207,0.40873387,0.54662454,0.4377863
2024-10-24,0.6473478,0.4879362,0.5119828,0.5168001,0.4079456,0.54522985,0.43682575
2023-04-22,0.64725983,0.48870292,0.512216,0.51752895,0.4084295,0.5457839,0.43728912
2023-07-14,0.6470029,0.488293,0.51187027,0.5174009,0.40802017,0.5458139,0.4370153
2020-07-05,0.64673924,0.48809752,0.5117593,0.51683474,0.40790823,0.5454103,0.4371014
2020-09-28,0.647381,0.48850656,0.5122173,0.5177389,0.40827605,0.5461924,0.43735862
2024-08-31,0.64604104,0.48739856,0.51115805,0.5165957,0.40729147,0.54498464,0.43621853
2024-08-03,0.6473745,0.4883949,0.5121631,0.51767445,0.40833282,0.5458672,0.43727645
2021-07-15,0.6468943,0.4882631,0.51217526,0.5173097,0.40809935,0.54573834,0.43713716
2024-01-06,0.6478098,0.48895273,0.5126283,0.51813227,0.40874025,0.54657954,0.43771774
2021-05-27,0.6471915,0.48804966,0.51242816,0.5175295,0.40843308,0.5457619,0.43753353
2020-10-06,0.64732677,0.48844847,0.51221335,0.5176925,0.40824395,0.5461275,0.4373319
2020-08-11,0.64732635,0.48853415,0.5122797,0.51770645,0.40836087,0.5461518,0.43735218
2021-11-14,0.64781576,0.48880926,0.5126383,0.51806456,0.40862557,0.54649824,0.43768245
2019-09-29,0.6469172,0.48768914,0.511497,0.51689845,0.40788886,0.5455205,0.43682113
2023-11-27,0.6477824,0.48876002,0.5125602,0.51802635,0.40861478,0.54646593,0.43761587
2024-06-13,0.6472554,0.4880647,0.5124416,0.5175602,0.40879342,0.54623693,0.43722266
2024-09-12,0.64685434,0.4881791,0.511844,0.51738507,0.40790483,0.5458251,0.43700546
2024-12-23,0.6479447,0.4888231,0.5126118,0.51800925,0.40867418,0.5464844,0.4376293
2023-09-17,0.6445587,0.4861666,0.5096205,0.514783,0.40602168,0.5435594,0.43555498
2020-05-04,0.6476456,0.4887899,0.5125452,0.51800483,0.40858734,0.54637784,0.4376356
2020-02-13,0.64754885,0.4887844,0.5124329,0.5180969,0.40861946,0.5464372,0.43744445
2023-08-28,0.64590806,0.48714814,0.51075774,0.51617146,0.4070822,0.5447247,0.43616515
2022-12-26,0.6484886,0.48929137,0.5130784,0.5186435,0.4090583,0.54722774,0.4379488
2024-01-12,0.64779735,0.4889459,0.5126328,0.5181283,0.40874085,0.54657507,0.43772087
2023-01-23,0.6483843,0.48910838,0.5130892,0.5185583,0.40902376,0.5470671,0.4379918
2024-04-23,0.64761055,0.48880115,0.5124594,0.5179823,0.40861827,0.546372,0.4375956
2019-06-30,0.6468686,0.4882116,0.5118716,0.5173782,0.40806815,0.5457947,0.43707338
2023-03-16,0.64719754,0.48843265,0.51203126,0.5175598,0.40822208,0.54589796,0.4370694
2019-06-28,0.6462234,0.48772803,0.51139486,0.5165227,0.40758738,0.5450848,0.4366755
2024-09-16,0.6468289,0.48818216,0.5118774,0.5173917,0.40790552,0.54584295,0.4369652
2023-11-13,0.6474315,0.48830232,0.5122689,0.5176137,0.40834513,0.5460294,0.43732122
2024-08-02,0.64738685,0.4883952,0.5121661,0.51768064,0.40835682,0.5458191,0.43728465
2024-12-28,0.6479417,0.48882234,0.5126224,0.51802427,0.40869433,0.54650366,0.43763852
2019-10-07,0.6470975,0.4880086,0.5117447,0.5172049,0.40808603,0.54574937,0.43704325
2020-05-06,0.6475837,0.4887762,0.5124564,0.5179335,0.4085797,0.5463258,0.43758026
2019-11-02,0.647641,0.4886516,0.5124384,0.5179294,0.40855578,0.546346,0.43760318
2021-11-11,0.64766335,0.48876902,0.51261866,0.5180304,0.40858442,0.5464768,0.43763414
2020-03-05,0.6471248,0.48828527,0.51149607,0.517424,0.40851232,0.54596585,0.43706343
2023-12-15,0.64779454,0.48887202,0.5126455,0.51810837,0.40867078,0.5465678,0.43767306
2022-11-08,0.6476373,0.48873794,0.51247895,0.5179253,0.40852997,0.5464023,0.4376222
2024-11-22,0.6478371,0.4887055,0.51257175,0.517939,0.40854982,0.5463492,0.43760684
2020-03-09,0.6473319,0.48853254,0.5118705,0.51764387,0.40860853,0.54614294,0.4372777
2021-10-31,0.6449283,0.48710316,0.5122132,0.51635975,0.4072185,0.54472923,0.43586206
2019-06-12,0.64698845,0.48829582,0.51188,0.5173315,0.40808538,0.54583365,0.43721217
2022-07-20,0.6462035,0.48766837,0.51123744,0.51678735,0.40732598,0.54527473,0.4363131
2021-12-02,0.6479753,0.489005,0.5127828,0.51824266,0.40874425,0.54667324,0.4378207
2024-06-27,0.6462733,0.48771986,0.5116804,0.5167943,0.40774405,0.5452839,0.4366529
2021-12-15,0.6478663,0.48900038,0.51269746,0.51819247,0.40873966,0.5466214,0.43773544
2022-03-12,0.647476,0.48872295,0.5122889,0.5178315,0.40858495,0.5463679,0.43741524
2019-10-19,0.6473838,0.48833808,0.5121739,0.5176313,0.40833977,0.5460715,0.43730953
2023-10-15,0.64602804,0.48735127,0.5108568,0.51617116,0.40717477,0.5447405,0.43678993
2020-02-15,0.64748317,0.48874193,0.51238585,0.51809454,0.40860483,0.5464219,0.43734172
2019-06-02,0.6454261,0.48542377,0.511743,0.5156411,0.4076072,0.54341793,0.43687454
2024-11-01,0.6475183,0.48798668,0.51210254,0.5172408,0.40796632,0.545616,0.4370593
2020-12-04,0.6478371,0.48896822,0.51267177,0.5181636,0.40872467,0.54658043,0.4377572
2019-06-10,0.6469796,0.48826143,0.5118831,0.51733714,0.40811178,0.54579234,0.43711355
2021-06-11,0.64675033,0.4881014,0.5119694,0.5172214,0.40796736,0.54562783,0.43688682
2019-06-06,0.6469412,0.4881854,0.51189876,0.51730806,0.40806696,0.5457996,0.43706706
2022-02-14,0.64763445,0.4887834,0.51235837,0.5179576,0.4086405,0.54638433,0.43756902
2019-10-21,0.6475261,0.48850295,0.51228523,0.51776403,0.4084245,0.54621226,0.43743113
2021-08-17,0.64753246,0.48862806,0.51237524,0.51788294,0.40850174,0.54629326,0.4375144
2023-12-14,0.64778715,0.4888394,0.5125909,0.5180809,0.40867305,0.54655135,0.43762437
2022-09-02,0.64547235,0.48685765,0.5105843,0.51592934,0.40658832,0.5446027,0.43562818
2023-10-28,0.6469721,0.48795268,0.51175326,0.517172,0.40793124,0.5456278,0.43701077
2019-04-25,0.64755017,0.488732,0.5125014,0.5179122,0.40850604,0.54629695,0.43754625
2023-09-25,0.6451199,0.48685053,0.5100172,0.5152092,0.40653747,0.54392475,0.43658915
2021-04-10,0.6469357,0.48821944,0.5118453,0.51734763,0.40811938,0.5456557,0.4371006
2021-02-27,0.64759016,0.48880664,0.51234394,0.51794386,0.4087856,0.546485,0.43759733
2022-08-29,0.6412975,0.48277918,0.50828993,0.511077,0.40293884,0.540012,0.43189347
2024-05-31,0.64733785,0.48858222,0.5121795,0.51772517,0.4084669,0.54617125,0.43731666
2023-09-01,0.64500797,0.4863889,0.5100683,0.51539975,0.4064661,0.54394495,0.4354771
2019-10-23,0.64757526,0.48851663,0.5123082,0.5177976,0.40845633,0.54626393,0.43746054
2023-09-03,0.64346176,0.4849381,0.50866354,0.5138482,0.4051862,0.54253626,0.43420097
2019-03-29,0.647026,0.48839283,0.5119215,0.5174685,0.4082483,0.545907,0.43713653
2020-03-24,0.64761114,0.48890582,0.5125261,0.5179869,0.4087749,0.5465101,0.43768054
2021-03-01,0.64754546,0.48881102,0.5123821,0.51790994,0.40874583,0.5464605,0.4375904
2023-10-27,0.64699453,0.48802915,0.5117939,0.51723915,0.40799367,0.5456861,0.43705618
2024-09-27,0.6463238,0.48768267,0.5113842,0.51680607,0.40746197,0.54515296,0.4364267
2024-09-14,0.64681864,0.48814616,0.51181763,0.5173549,0.40787002,0.54582405,0.43696615
2020-03-21,0.6474715,0.48876745,0.5124071,0.517836,0.40858078,0.5462721,0.43751946
2020-04-29,0.64763886,0.48877296,0.5125598,0.51799035,0.40857688,0.5463474,0.4376048
2024-11-03,0.64754987,0.48818108,0.5121845,0.51739013,0.40812248,0.5458018,0.43718538
2022-08-24,0.64211726,0.4835606,0.5089262,0.5119547,0.40366563,0.5408509,0.4326558
2024-07-07,0.6461112,0.4878615,0.5113766,0.5164738,0.40770307,0.5450755,0.43703446
2021-03-03,0.64732647,0.4886573,0.5122054,0.51774675,0.40863967,0.5462792,0.4374442
2023-02-25,0.64752924,0.4886005,0.51243275,0.5178882,0.40850484,0.5462607,0.43743673
2022-03-09,0.6473012,0.48851162,0.5118249,0.51760244,0.40860358,0.5461859,0.43724176
2022-04-17,0.6474384,0.48859525,0.5123219,0.5178391,0.40846658,0.54613847,0.43747067
2020-02-19,0.64752394,0.48873532,0.5123022,0.5180025,0.40862665,0.5464051,0.4374128
2019-04-14,0.64719933,0.4885334,0.51214796,0.5176141,0.40836808,0.5460401,0.43727314
2024-01-05,0.6478206,0.4889692,0.5126412,0.518148,0.4087469,0.5465882,0.43773946
2024-04-12,0.64756846,0.48873496,0.51244473,0.5179439,0.40858716,0.54630244,0.43760034
2020-11-10,0.6477799,0.48885363,0.51265377,0.51810634,0.40862846,0.5465126,0.4377073
2023-08-03,0.64695966,0.4881666,0.5118756,0.5174532,0.408024,0.54581624,0.4369882
2022-09-16,0.64444274,0.48627722,0.50976914,0.5156598,0.40552917,0.5443405,0.4349907
2023-11-16,0.6475647,0.48856628,0.51238054,0.5178317,0.40849403,0.54626924,0.4374729
2021-02-24,0.64770204,0.488875,0.51247674,0.51803786,0.4087422,0.5465123,0.43761623
2023-03-01,0.64759815,0.48863783,0.5124304,0.5179492,0.40857705,0.5462541,0.43746677
2022-09-08,0.6456059,0.48713726,0.510704,0.5164176,0.40667993,0.545003,0.43588594
2021-08-07,0.6456774,0.48877576,0.51098657,0.5147719,0.40779367,0.5438935,0.43564737
2021-01-29,0.6474724,0.4886128,0.5119711,0.5177635,0.408688,0.5462837,0.43740776
2020-08-28,0.6466835,0.48804107,0.51173115,0.51717246,0.40776268,0.54564965,0.43677783
2024-03-31,0.64749587,0.48867273,0.51233685,0.51789266,0.40855858,0.5462102,0.437519
2022-09-18,0.64475536,0.48647073,0.50994956,0.51582825,0.40587544,0.544463,0.4353136
2024-03-27,0.64738065,0.48861256,0.51220423,0.51779354,0.4085113,0.546153,0.4374594
2021-01-25,0.647586,0.48872587,0.5121812,0.51788646,0.40870723,0.54636526,0.4375086
2021-12-17,0.6478659,0.48902053,0.5127097,0.5181956,0.40876213,0.54663205,0.43776652
2021-12-20,0.6478623,0.48899764,0.5127158,0.5181858,0.408751,0.54660183,0.43777972
2023-09-06,0.64334226,0.48486164,0.5085229,0.51363635,0.4049836,0.5425543,0.43410856
2020-06-04,0.64711183,0.48840973,0.5120053,0.517489,0.40826684,0.54586244,0.43721685
2020-09-15,0.64623797,0.48776138,0.5117816,0.5166528,0.40745378,0.54545194,0.43634686
2020-11-11,0.64774853,0.48884752,0.5126153,0.51808715,0.40865946,0.54650265,0.43767053
2024-07-27,0.646174,0.4874888,0.511076,0.51649135,0.40749756,0.5449798,0.436359
2021-10-10,0.64603,0.4873258,0.51184464,0.5167174,0.40752378,0.5451049,0.4364316
2021-10-11,0.6457045,0.4870977,0.5118774,0.51651937,0.4074032,0.54489976,0.4363164
2020-09-26,0.64732987,0.48846313,0.5122141,0.51768494,0.4082232,0.54618263,0.43727908
2019-04-23,0.64759225,0.48878628,0.5125136,0.5179553,0.408563,0.5463316,0.4375817
2020-06-14,0.64668673,0.48787168,0.51187205,0.5169701,0.40794665,0.5454626,0.43664438
2022-03-15,0.64719564,0.48852077,0.5120879,0.5175819,0.40840614,0.5461812,0.43719304
2020-06-27,0.6472077,0.4884418,0.51227766,0.51748157,0.40832677,0.54595476,0.43732113
2023-09-28,0.64500815,0.4866858,0.5098883,0.5150915,0.40642557,0.54382,0.4364635
2024-09-05,0.64640105,0.48771772,0.51144683,0.5168829,0.4074911,0.54536366,0.4365597
2022-09-24,0.6436334,0.48563442,0.50918865,0.5151152,0.40481722,0.54383147,0.43443006
2019-12-16,0.64779454,0.48895723,0.5126493,0.51813596,0.40873048,0.5465721,0.43774608
2021-10-01,0.6466463,0.48782572,0.51178193,0.5170809,0.40775356,0.54556537,0.43672466
2019-03-30,0.64617217,0.48758924,0.51115936,0.51674527,0.40751508,0.5450153,0.43641326
2024-07-08,0.64580005,0.4877303,0.51118827,0.51618123,0.40748245,0.544795,0.43719152
2024-11-30,0.6479011,0.4887105,0.5126007,0.5179334,0.40859243,0.5463762,0.43760392
2021-12-19,0.6478476,0.48899862,0.5127001,0.5181837,0.4087495,0.5466021,0.43777794
2019-07-29,0.6468758,0.48808855,0.5120262,0.51717794,0.40789044,0.54565465,0.43695822
2020-11-20,0.6477392,0.488795,0.51263905,0.5180857,0.40861374,0.5465055,0.43760145
2019-12-24,0.64783424,0.48899376,0.5126717,0.518167,0.40875277,0.54659724,0.4377639
2021-07-24,0.6461381,0.48752734,0.51156324,0.5164091,0.40768695,0.5450291,0.43644086
2024-09-18,0.6469853,0.48830652,0.51201665,0.5175321,0.4080125,0.5459781,0.43707827
2022-01-28,0.64776903,0.48891357,0.5126197,0.5181194,0.408694,0.5465092,0.43773317
2019-11-26,0.64767927,0.48883027,0.5125332,0.51806027,0.4086417,0.5464887,0.43765706
2021-01-18,0.6477032,0.48883852,0.5123932,0.51801676,0.4087223,0.54646206,0.43763167
2021-12-04,0.6479429,0.48900312,0.5127418,0.51820266,0.40874195,0.54665375,0.43778825
2019-09-30,0.6469649,0.4877166,0.51152855,0.51695526,0.40793678,0.5455415,0.4368356
2021-12-30,0.647845,0.48898908,0.5127118,0.5181787,0.40874904,0.546595,0.43780115
2023-12-06,0.6478372,0.4888709,0.51260626,0.5180956,0.40868556,0.54656655,0.4376536
2021-12-28,0.6478486,0.4889935,0.51270866,0.51818436,0.4087524,0.5465924,0.43780303
2022-06-18,0.64692503,0.48818502,0.51174444,0.5169335,0.4081935,0.5455985,0.43693927
2019-09-27,0.64684457,0.4874956,0.5113805,0.5167146,0.40775442,0.5453925,0.43666187
2019-07-03,0.64703506,0.48828992,0.51200885,0.5174709,0.4081324,0.5458896,0.43715972
2019-06-15,0.6467528,0.4880362,0.5117094,0.51718235,0.40785354,0.5456612,0.43694216
2021-04-11,0.64681584,0.48821154,0.5117537,0.5172473,0.40815592,0.54565257,0.43701556
2024-07-31,0.6473328,0.4883959,0.51211405,0.51758164,0.40829363,0.54592294,0.43728817
2024-05-20,0.6442445,0.48595288,0.50951785,0.5150091,0.40598884,0.5431276,0.43470314
2023-02-26,0.6477778,0.48874632,0.5125854,0.518101,0.40867648,0.5464524,0.43762347
2022-03-18,0.64743733,0.48883563,0.5123655,0.51781714,0.408761,0.54652905,0.4375171
2019-04-26,0.6475362,0.48873246,0.51248676,0.5178998,0.4085066,0.5462817,0.43752128
2019-12-15,0.64778674,0.48894736,0.5126388,0.51812994,0.40872803,0.5465703,0.43774384
2022-09-09,0.64551705,0.48708874,0.5106278,0.5163482,0.4066039,0.54494613,0.43582
2024-04-13,0.64754456,0.48873207,0.51240855,0.51792824,0.40858626,0.5462931,0.43757644
2022-12-19,0.64835155,0.48920342,0.5130392,0.5185428,0.40898374,0.54711396,0.43792996
2021-10-15,0.64494324,0.48647216,0.5119719,0.5160564,0.40713733,0.54432577,0.43600714
2020-03-14,0.6475641,0.48879364,0.5123445,0.5178689,0.4086123,0.5462614,0.43752274
2020-04-16,0.6474935,0.48862064,0.51239544,0.51788867,0.4084572,0.5462239,0.43754187
2022-11-05,0.64757985,0.48863557,0.5124245,0.51782453,0.4084774,0.5462935,0.4375652
2022-08-10,0.64674187,0.4879682,0.51171035,0.5170997,0.4078334,0.54557407,0.4367502
2021-06-15,0.6454982,0.48701593,0.5107853,0.51612985,0.4070019,0.5444358,0.43590036
2022-01-13,0.64785653,0.48899156,0.5127167,0.5181892,0.4087482,0.546589,0.4377944
2019-11-15,0.64771193,0.48880515,0.5125306,0.5180779,0.40862823,0.54649085,0.4376651
2022-08-18,0.6438773,0.48503587,0.50974303,0.5137241,0.4052243,0.54248565,0.43408164
2022-02-05,0.6477081,0.4888616,0.5125156,0.5180512,0.4086741,0.5464583,0.4376557
2023-04-24,0.6476441,0.48886088,0.51252264,0.51796573,0.40861565,0.5462893,0.43765694
2020-07-02,0.64700836,0.48830932,0.5119908,0.5171384,0.40808874,0.5457009,0.43725538
2021-09-27,0.64634717,0.48765147,0.51141596,0.51679087,0.40758198,0.545226,0.4365217
2022-09-12,0.64516973,0.48675415,0.510311,0.5160749,0.40624085,0.544711,0.43557644
2021-09-06,0.64690083,0.48807612,0.5118147,0.51702905,0.4078154,0.54592425,0.43685433
2024-11-02,0.64757556,0.48809376,0.512153,0.51729643,0.40807924,0.5456903,0.43711403
2021-07-30,0.6467776,0.4882677,0.511883,0.5171032,0.40818816,0.54564595,0.4369917
2019-11-21,0.64775306,0.4888674,0.51257163,0.5181114,0.4086612,0.5465307,0.4376844
2021-03-02,0.647355,0.48867062,0.51223975,0.5177386,0.40866724,0.5463173,0.43745607
2024-08-08,0.6473566,0.48849785,0.5122604,0.51766044,0.4083496,0.5460733,0.4372162
2022-03-01,0.64727086,0.48843753,0.5116611,0.5175507,0.4085814,0.5461147,0.43719694
2022-02-19,0.6475908,0.48875502,0.5122226,0.5179089,0.4086762,0.54638845,0.43751884
2023-04-06,0.6468174,0.48808867,0.5117346,0.51724416,0.4080165,0.54545146,0.43684152
2023-11-08,0.6472255,0.48813355,0.5121109,0.5174481,0.4081761,0.5458549,0.43721294
2021-08-02,0.6463661,0.48837203,0.51138395,0.51630306,0.40798986,0.5450349,0.43642804
2021-07-28,0.64705247,0.4882739,0.5118983,0.51729167,0.40828544,0.54597646,0.43710575
2021-12-29,0.6478514,0.4889927,0.51271677,0.51818955,0.40874204,0.5465967,0.43779796
2024-01-13,0.6478046,0.4889499,0.5126281,0.518125,0.40874004,0.54657847,0.43771982
2023-04-27,0.64741886,0.48879308,0.5123143,0.51771253,0.40848437,0.5459027,0.43744692
2021-02-23,0.64767516,0.48886427,0.5124646,0.518026,0.40873072,0.5464956,0.43759176
2022-04-20,0.647406,0.4886045,0.51225823,0.5178188,0.40844008,0.5461265,0.43746123
2020-03-08,0.6471257,0.4883029,0.5114198,0.5174086,0.4086026,0.5459745,0.4370549
2024-09-10,0.64674294,0.48806152,0.51176876,0.5172638,0.40781352,0.54570705,0.4368762
2022-07-02,0.646117,0.48770228,0.51131326,0.5165915,0.40748426,0.5451211,0.43680492
2022-12-22,0.6482938,0.48920172,0.5129752,0.51850855,0.40897343,0.54702723,0.4379396
2019-12-04,0.64776343,0.48893768,0.51262695,0.5181205,0.4087128,0.54658765,0.43769503
2019-10-10,0.6472493,0.4882081,0.51197606,0.51744676,0.4082372,0.54593766,0.43723595
2024-05-03,0.6473077,0.4886009,0.5123179,0.51800203,0.4084573,0.5463023,0.43719354
2019-12-01,0.6477594,0.48891544,0.5126108,0.5181195,0.40869862,0.54656774,0.43768936
2022-01-27,0.6477743,0.48890394,0.5126144,0.5181042,0.4086818,0.5465007,0.437721
2020-08-19,0.6472127,0.48848146,0.512177,0.51763886,0.40822232,0.5460849,0.43727052
2022-11-02,0.64742285,0.4884704,0.5123022,0.51767254,0.4083538,0.5461299,0.4374134
2024-01-23,0.647712,0.4888738,0.5125042,0.5180494,0.40870485,0.54649943,0.43764734
2024-06-06,0.6472207,0.48848578,0.51219785,0.517641,0.40847856,0.5461106,0.43722364
2021-01-14,0.6477426,0.48888737,0.51247483,0.518055,0.40874213,0.5464964,0.43767217
2022-05-11,0.6474155,0.48869592,0.51222616,0.51775146,0.4085312,0.5461613,0.43735737
2023-06-06,0.64671427,0.48803595,0.5117051,0.51721954,0.40795854,0.54547083,0.43682244
2021-07-21,0.64668393,0.4880251,0.51214874,0.5172895,0.40801916,0.5456806,0.43681753
2024-05-07,0.6473083,0.48860243,0.51241446,0.51819474,0.40845618,0.54639906,0.43713877
2023-02-19,0.64776516,0.48863402,0.5125712,0.51804215,0.40864465,0.5464279,0.4375873
2024-11-20,0.6478316,0.48858643,0.5125275,0.517817,0.4084757,0.5462459,0.43753153
2020-06-13,0.6465092,0.4875836,0.5117774,0.51656634,0.40786684,0.545266,0.43626562
2023-05-29,0.64759594,0.48873132,0.51253325,0.51798517,0.4085103,0.5463213,0.4375391
2020-10-20,0.6474998,0.48833427,0.51214176,0.51759577,0.40833107,0.5460944,0.4373358
2023-12-22,0.64780796,0.48891923,0.512648,0.51813084,0.40870023,0.54656804,0.4377151
2024-04-05,0.6473929,0.48858765,0.51224995,0.51779354,0.40845037,0.5460901,0.4374443
2024-12-02,0.64791983,0.48874357,0.5126039,0.51796645,0.40860164,0.54640657,0.43762287
2021-05-28,0.6467047,0.48725265,0.51234245,0.51703763,0.40822542,0.5451024,0.43741068
2023-07-30,0.6469775,0.4881649,0.5119088,0.51748,0.40800896,0.54583067,0.4370498
2021-10-06,0.6461969,0.487458,0.51152647,0.51671845,0.4075122,0.5451741,0.43642488
2021-11-08,0.6469312,0.4882988,0.51250994,0.51757276,0.40819135,0.5459762,0.43715376
2019-11-03,0.6477031,0.48875314,0.5125313,0.5180264,0.4086254,0.5464533,0.43767086
2024-05-25,0.6468727,0.48808384,0.51173383,0.5173566,0.4079869,0.5457339,0.43661523
2023-09-30,0.6450325,0.486456,0.50992996,0.5151784,0.4064116,0.543877,0.43598133
2023-03-05,0.6474159,0.48858672,0.51233876,0.5178081,0.4084677,0.54615104,0.4373367
2023-07-21,0.6468512,0.4881011,0.51178,0.5173262,0.40792513,0.54570246,0.43689838
2023-02-06,0.6483685,0.48919168,0.5130863,0.51859623,0.4090181,0.5470187,0.43801814
2020-03-18,0.64762616,0.48880994,0.51247394,0.51797295,0.40858907,0.54634047,0.43760428
2021-01-30,0.6474182,0.48856145,0.5118662,0.51770645,0.4086597,0.5462239,0.4373299
2021-01-01,0.64776564,0.48890743,0.51254123,0.51808876,0.40871632,0.5465178,0.4376809
2019-11-19,0.64775497,0.4888529,0.5125719,0.51811033,0.40865332,0.5465242,0.43769178
2023-04-30,0.6476131,0.48883283,0.5124024,0.5179252,0.40862063,0.54624474,0.43757853
2022-07-21,0.6463912,0.48781878,0.51146126,0.51694125,0.40751237,0.5454301,0.43646446
2019-05-18,0.647392,0.48859128,0.51236165,0.5178811,0.40841934,0.5461949,0.43738025
2020-10-29,0.6476119,0.48871458,0.5125077,0.51795983,0.40849996,0.5463423,0.43759724
2023-11-20,0.647712,0.48864958,0.5124671,0.51789314,0.40854478,0.54633814,0.43749994
2020-10-17,0.6475137,0.48840523,0.5121681,0.5176144,0.40840274,0.5461519,0.43736598
2020-04-07,0.6463041,0.48792088,0.51131165,0.51661754,0.40785503,0.5450483,0.43642473
2021-10-04,0.6463112,0.48751515,0.5115339,0.5167949,0.40754998,0.545302,0.43645903
2020-07-18,0.6473413,0.48852685,0.512183,0.5175926,0.40827414,0.54611003,0.43735668
2023-05-21,0.64763415,0.48887283,0.51257807,0.5180835,0.40855083,0.5464169,0.43751568
2021-09-17,0.6470581,0.48825753,0.51206523,0.5173426,0.40800425,0.54603577,0.43711174
2024-03-11,0.64686006,0.48820263,0.51156217,0.51730615,0.40831572,0.5457983,0.43701926
2024-01-17,0.647779,0.4889271,0.5125923,0.5181015,0.40873078,0.5465548,0.43770552
2024-06-23,0.64708877,0.48819318,0.5122797,0.5174041,0.40829888,0.5458664,0.43718764
2021-10-29,0.64554703,0.48742938,0.5122601,0.51670754,0.40747476,0.54510206,0.4362155
2023-01-15,0.64851546,0.48924816,0.5131463,0.5186518,0.40910488,0.547214,0.43804374
2024-09-24,0.6450006,0.48642007,0.5100348,0.51524353,0.40633047,0.5437223,0.43499145
2023-09-19,0.6447987,0.4863817,0.50982916,0.51505446,0.40625057,0.5436656,0.43575382
2024-04-03,0.6475195,0.48871806,0.5123884,0.5179094,0.40855867,0.54624516,0.4375474
2019-10-28,0.64757,0.48845875,0.512333,0.51778877,0.4084222,0.5462279,0.43743122
2024-03-02,0.6466993,0.48812604,0.5115618,0.51705235,0.40817013,0.5458244,0.43661487
2022-09-01,0.6453104,0.486691,0.5105161,0.5157543,0.40643296,0.54443574,0.43549556
2023-10-03,0.6449154,0.48632836,0.50991946,0.515199,0.406313,0.5437801,0.43566
2023-01-14,0.64849585,0.4892283,0.5131331,0.5186351,0.4091018,0.5472052,0.43803617
2022-01-07,0.6478581,0.48901156,0.5127205,0.5181989,0.40876403,0.54660493,0.4378092
2022-07-31,0.6474098,0.48858634,0.51238924,0.51780045,0.40840223,0.54624325,0.4374029
2024-09-07,0.64642614,0.4877885,0.5114857,0.516961,0.40754944,0.5454126,0.4365966
2019-09-20,0.64633125,0.48653394,0.51049423,0.51576555,0.4072664,0.5446551,0.43597123
2019-03-31,0.6459375,0.487471,0.510954,0.5165564,0.4073953,0.54484385,0.43619788
2020-11-03,0.64771044,0.48878896,0.51259947,0.518048,0.40859845,0.54642403,0.43766555
2022-08-30,0.6424058,0.48388147,0.50883913,0.5123966,0.40388286,0.5412933,0.43289602
2019-05-22,0.6473916,0.4886135,0.51237273,0.5179027,0.4084202,0.5462109,0.4373754
2022-04-07,0.64742255,0.48867372,0.5123075,0.5177184,0.4085664,0.5462114,0.4374544
2023-04-16,0.64682716,0.48821706,0.5118079,0.51719457,0.40810412,0.54538965,0.43686262
2022-06-02,0.6473259,0.48857272,0.51222295,0.51768273,0.4084977,0.54615664,0.43730634
2021-06-08,0.6472876,0.48853505,0.5123615,0.5176841,0.4083558,0.54612714,0.4373133
2020-11-15,0.6477265,0.48879802,0.51258856,0.51806426,0.40863234,0.5464606,0.43764135
2020-02-16,0.6474148,0.4886839,0.5123537,0.518075,0.4085631,0.54636174,0.4372935
2023-10-20,0.6466064,0.4877764,0.5114386,0.51683855,0.4076425,0.5453104,0.43692222
2023-01-05,0.6485076,0.48926872,0.5131173,0.51864886,0.40908936,0.5472185,0.43801028
2021-01-20,0.64767486,0.48879495,0.51234794,0.51798755,0.40869495,0.5464213,0.4375867
2023-05-02,0.647586,0.4888186,0.51240605,0.5179086,0.40861067,0.5462196,0.4375251
2020-11-04,0.6477476,0.48883727,0.5126097,0.51808834,0.40864542,0.5464726,0.43771535
2023-01-12,0.6484996,0.489244,0.5131215,0.5186514,0.40910134,0.54721105,0.43802473
2019-05-08,0.6475774,0.4887499,0.5125279,0.5179876,0.40853184,0.5463695,0.4375606
2020-03-10,0.6474257,0.4886066,0.51202947,0.5177458,0.40862003,0.54621094,0.43737388
2022-05-31,0.6473589,0.4886222,0.51232547,0.51782733,0.4085313,0.5462532,0.43726823
2024-01-31,0.64755654,0.48873293,0.51238847,0.5179144,0.40860322,0.5463877,0.4374973
2019-06-27,0.64619714,0.4876975,0.51144576,0.5165137,0.40754768,0.5450721,0.43672097
2023-12-01,0.64781,0.48879647,0.51257145,0.5180465,0.40863213,0.54651797,0.4375904
2023-06-23,0.6469156,0.48821673,0.51191145,0.5172014,0.40808955,0.5456874,0.43687046
2024-08-21,0.64708346,0.4882034,0.51203316,0.51750743,0.40809134,0.54585546,0.4371142
2020-05-15,0.6475668,0.48874125,0.5124247,0.517906,0.40852785,0.5462823,0.43756914
2019-12-10,0.64776516,0.48894396,0.5126307,0.51811343,0.40873343,0.54658306,0.43771124
2024-09-17,0.64686006,0.48820746,0.51191443,0.51744086,0.40790957,0.5458901,0.43699023
2020-08-25,0.6472824,0.48856813,0.5123459,0.5176623,0.40819842,0.54623693,0.43734884
2024-10-31,0.6474662,0.48811626,0.51207316,0.5173153,0.40806568,0.5457128,0.437098
2022-08-02,0.6473165,0.48850012,0.5122937,0.51772434,0.40832382,0.5461666,0.43729678
2023-09-20,0.64476895,0.4863772,0.50977284,0.51504385,0.40622428,0.54358745,0.4358626
2024-07-29,0.6469725,0.48812836,0.51175594,0.5172519,0.40800622,0.5456367,0.43698668
2020-08-23,0.6472458,0.48850912,0.51214725,0.51761955,0.40817684,0.546179,0.43730247
2023-03-08,0.6475797,0.48867974,0.51239926,0.5179408,0.40853804,0.5462674,0.4374649
2020-07-29,0.6474699,0.48866004,0.5123452,0.51777905,0.40843028,0.54622024,0.43742925
2021-05-20,0.64766705,0.48881283,0.5125441,0.518058,0.40859058,0.546409,0.43762356
2023-08-09,0.64663774,0.487828,0.5116083,0.51713437,0.4077642,0.5455373,0.43668976
2019-07-04,0.6469376,0.48821104,0.51192147,0.51731265,0.4080261,0.54575247,0.43716168
2024-07-02,0.6466555,0.48806912,0.51164925,0.51692367,0.40794748,0.54556215,0.4370436
2023-06-18,0.6468755,0.4882398,0.51177174,0.5171582,0.40819034,0.54564494,0.436916
2022-07-27,0.646895,0.48819274,0.5119729,0.5174013,0.40797746,0.54582554,0.4369423
2020-01-31,0.6475681,0.48876494,0.5124933,0.51807266,0.4085848,0.5463844,0.43750072
2020-12-16,0.64782774,0.48895353,0.51264805,0.5181469,0.40873533,0.54657453,0.43774384
2023-10-21,0.64670116,0.48782974,0.51152223,0.5169217,0.4077432,0.54539245,0.43694672
2019-10-01,0.6469474,0.48773846,0.51152974,0.5169658,0.40793005,0.5455503,0.43683332
2020-09-29,0.647413,0.48854,0.5122502,0.5177722,0.40830007,0.5462352,0.43736133
2020-08-10,0.64741826,0.48859787,0.5123976,0.5177688,0.4084241,0.54623765,0.43744382
2024-06-20,0.6468986,0.4878081,0.51214004,0.5169925,0.40822035,0.5456549,0.43683064
2020-04-15,0.64731157,0.4884456,0.5122245,0.51770777,0.40832308,0.54601306,0.43740225
2023-11-10,0.6472917,0.4881448,0.51219153,0.5174778,0.4082256,0.5458754,0.43722665
2024-09-23,0.64410496,0.4855958,0.5092013,0.5141857,0.40564328,0.54280204,0.43412942
2023-06-02,0.6467853,0.48813036,0.51184446,0.5172853,0.407966,0.54562455,0.43688872
2021-02-02,0.6473248,0.48847508,0.5117129,0.51760983,0.40862527,0.54613566,0.4372498
2024-08-25,0.6468968,0.48803186,0.51186454,0.51733637,0.4078935,0.5457157,0.4369343
2020-11-01,0.6476656,0.48875114,0.51256937,0.51801634,0.408555,0.5463997,0.437643
2021-03-25,0.64443475,0.48621786,0.50939935,0.5151276,0.40664208,0.5433958,0.43496338
2023-01-08,0.6484285,0.4892355,0.5130978,0.5185997,0.4090699,0.54716927,0.43797913
2021-05-02,0.6475903,0.48881978,0.51249987,0.51796603,0.40861917,0.5463379,0.43754867
2022-08-31,0.6452037,0.4866499,0.51046765,0.51566905,0.40636826,0.5443955,0.43538532
2024-11-09,0.6477025,0.48822105,0.51228726,0.51743716,0.4081945,0.5458381,0.43723413
2019-05-05,0.6476376,0.48879603,0.51255155,0.51801825,0.40857998,0.5463984,0.4376261
2023-01-29,0.6484025,0.48919842,0.5131335,0.51862085,0.40905625,0.547054,0.438038
2022-03-08,0.64723337,0.48844415,0.5116391,0.5175077,0.40862888,0.5461313,0.43717185
2020-06-26,0.64671516,0.48811138,0.5121061,0.5171002,0.40807077,0.54561996,0.43697113
2019-09-07,0.64652294,0.4875457,0.5112129,0.51668745,0.4075239,0.54532176,0.4365257
2024-01-19,0.64776814,0.48891762,0.5125699,0.5180877,0.40873933,0.54654723,0.43769854
2022-08-25,0.64086336,0.48232934,0.5081801,0.5105148,0.40257728,0.53948414,0.43150762
2024-07-01,0.6465625,0.48801267,0.5116668,0.5169049,0.40791926,0.54548967,0.4369296
2021-07-18,0.6458483,0.48769525,0.512009,0.51683426,0.40755484,0.5452019,0.43660823
2024-03-24,0.6474632,0.48872727,0.5122215,0.5178682,0.40864727,0.5463032,0.43753833
2022-06-17,0.64665484,0.48798645,0.5115107,0.51684815,0.40795335,0.5454145,0.4367252
2024-12-27,0.6479475,0.4888244,0.51262236,0.5180284,0.40868866,0.5465016,0.43764424
2019-05-11,0.6474734,0.48864272,0.5124367,0.51791877,0.40842,0.54627764,0.43749273
2019-10-06,0.6471118,0.48801756,0.51175255,0.5172532,0.40810594,0.5457774,0.43707982
2023-03-20,0.6456602,0.48703578,0.5105753,0.5161499,0.40705985,0.54416907,0.4357054
2024-04-16,0.6477009,0.48886457,0.512552,0.5180529,0.40868837,0.54645574,0.4376999
2024-08-07,0.6473759,0.48852053,0.5122866,0.5177146,0.40835094,0.546083,0.43724832
2022-02-12,0.64759326,0.48873633,0.51232845,0.5179219,0.40859783,0.5463282,0.43753672
2022-06-15,0.6467948,0.48807764,0.51164544,0.5168957,0.40811148,0.54549533,0.4368244
2020-06-24,0.6443577,0.48670658,0.5118,0.51569337,0.40698203,0.54414886,0.4355047
2022-07-28,0.6470254,0.4882707,0.51206297,0.51748216,0.4080897,0.5459174,0.43704915
2023-12-24,0.6478212,0.4889358,0.5126658,0.51813656,0.4087201,0.5465885,0.43772867
2021-01-09,0.64776057,0.4889077,0.5125268,0.51807415,0.40873185,0.5465121,0.43767735
2019-05-20,0.6474257,0.48861632,0.5123816,0.51786757,0.40841255,0.546219,0.4374275
2022-12-01,0.6483459,0.48919138,0.5130647,0.5185472,0.40894377,0.5471071,0.4379096
2024-06-30,0.6466691,0.4880347,0.5117385,0.51701605,0.40793952,0.54558176,0.4369197
2022-11-15,0.64780176,0.48888806,0.5126246,0.5180917,0.4086416,0.5465844,0.4377117
2019-08-28,0.64479256,0.48642272,0.510141,0.5153984,0.40566227,0.544294,0.43509075
2021-12-01,0.6479591,0.48900872,0.5127852,0.51823646,0.40874738,0.5466936,0.43781188
2024-01-08,0.6478157,0.48896027,0.51263607,0.5181416,0.40874603,0.5465823,0.437732
2023-11-18,0.6476578,0.48863634,0.5124532,0.51789284,0.4084945,0.546327,0.43747744
2020-11-16,0.64773685,0.4888077,0.51261353,0.51807314,0.40864208,0.5464914,0.43761835
2020-06-05,0.64732677,0.48860756,0.5121843,0.51768076,0.4084557,0.54607266,0.43740466
2019-12-23,0.64783007,0.48898727,0.5126735,0.51817024,0.4087546,0.54659307,0.43777072
2021-02-17,0.64751583,0.48870137,0.5120959,0.5178162,0.4087015,0.546364,0.43741092
2019-06-14,0.6466198,0.48796102,0.51157653,0.51698655,0.40772796,0.5454927,0.43691695
2020-03-11,0.6474009,0.48859835,0.51200145,0.5176935,0.40859473,0.5461749,0.4373493
2022-04-12,0.6472354,0.4884076,0.51210904,0.5176004,0.40830556,0.54584146,0.43724525
2024-05-29,0.6473971,0.48854494,0.51209676,0.5177084,0.40841678,0.5461643,0.43720096
2019-10-22,0.64753276,0.48848918,0.51230896,0.5177748,0.4084308,0.5462373,0.43743837
2020-01-02,0.64784884,0.4889955,0.5127042,0.5181933,0.40876773,0.54659325,0.43779302
2024-05-02,0.6474416,0.48864773,0.51237726,0.51796275,0.40850696,0.5463264,0.43738538
2023-10-06,0.64514923,0.48658794,0.51003855,0.5153504,0.4064884,0.54395896,0.43605572
2020-01-28,0.64770687,0.48889008,0.5126022,0.5181487,0.4086784,0.54650784,0.4376326
2023-05-03,0.6476689,0.48885927,0.5124635,0.5179908,0.40865123,0.54636186,0.4376144
2019-10-03,0.64695174,0.4877696,0.51153296,0.5169999,0.4079435,0.54556334,0.43687573
2020-08-06,0.6473959,0.48854882,0.5122996,0.51768976,0.40840912,0.54616153,0.4373805
2022-02-01,0.64780855,0.4889524,0.5126264,0.51813996,0.4087289,0.5465525,0.4377487
2022-01-04,0.6478438,0.48898646,0.5127049,0.518179,0.40874484,0.546585,0.43779758
2020-10-14,0.64752287,0.48848704,0.5122673,0.5177278,0.4084014,0.5461852,0.43741444
2023-10-17,0.6462,0.48747182,0.51104265,0.5163733,0.4073258,0.5448881,0.4368083
2020-04-22,0.6474864,0.48864245,0.5124352,0.517853,0.4084903,0.5462065,0.4374637
2019-07-24,0.6451969,0.48667043,0.51057744,0.5157131,0.40665147,0.54410255,0.4355982
2020-05-30,0.646709,0.4880195,0.51168066,0.5171289,0.40786996,0.5454466,0.43684524
2023-08-30,0.64577013,0.4870338,0.51070106,0.51606613,0.4070112,0.5445952,0.43607807
2022-01-19,0.6478277,0.48897052,0.51267767,0.5181675,0.40873528,0.54656595,0.43777338
2022-12-29,0.6484817,0.48929536,0.5130944,0.5186458,0.4090775,0.54721975,0.43798584
2022-11-22,0.64809066,0.4890678,0.5128527,0.5183436,0.4088084,0.54685116,0.43782935
2019-11-10,0.6477089,0.4887894,0.51254267,0.5180815,0.4086311,0.54648733,0.43767104
2024-05-30,0.647382,0.48858947,0.5121889,0.5177402,0.40846705,0.5461977,0.4372904
2020-08-13,0.6472392,0.48847032,0.51219696,0.5176484,0.40828282,0.5460718,0.4372782
2024-08-30,0.64624745,0.48752823,0.5113241,0.5167287,0.40742767,0.5451301,0.43642333
2019-10-13,0.64717925,0.48813933,0.511968,0.51739883,0.40816516,0.54588795,0.43715265
2019-04-28,0.64748204,0.48868838,0.5124242,0.5178619,0.4084682,0.5462221,0.43746662
2023-10-25,0.64687574,0.48795357,0.5117083,0.5171446,0.4078902,0.54556596,0.4370044
2020-10-13,0.64748466,0.48848566,0.51225656,0.5177097,0.4083619,0.54618394,0.43739754
2019-09-04,0.6445594,0.48648542,0.5100488,0.5155659,0.4054021,0.5444825,0.4350256
2024-05-08,0.6474321,0.488692,0.51237714,0.5179758,0.408521,0.5464332,0.43719545
2024-10-14,0.64731956,0.48814082,0.5121078,0.51720506,0.40806338,0.54564124,0.43701756
2020-02-18,0.6474382,0.48868224,0.512313,0.5180322,0.40858382,0.5463679,0.43733707
2023-03-28,0.64733744,0.4885874,0.5122097,0.517697,0.40839747,0.54607415,0.43731484
2021-07-23,0.645598,0.48726648,0.5115229,0.51622725,0.407418,0.5447306,0.43607813
2021-07-22,0.64593303,0.48753685,0.5118287,0.5166142,0.40761733,0.54503256,0.4363961
2019-11-30,0.64773256,0.48890394,0.51258075,0.51809525,0.40868607,0.54656,0.43766803
2021-11-10,0.647637,0.48870173,0.5126116,0.517967,0.40854365,0.5464042,0.43759876
2019-08-23,0.64525974,0.48678973,0.510647,0.51585454,0.40654638,0.54433715,0.43559802
2022-06-14,0.64663774,0.48792094,0.5115246,0.51687396,0.4079447,0.5453871,0.436745
2023-04-18,0.64718103,0.48848224,0.51208335,0.5174788,0.4083247,0.5457497,0.43717685
2021-05-03,0.6475412,0.4887612,0.51247823,0.517951,0.40858045,0.54630256,0.43749365
2021-01-06,0.64779717,0.48894098,0.5125651,0.51811165,0.40874037,0.5465441,0.43770987
2024-11-21,0.647828,0.48869306,0.5125652,0.5179261,0.40854123,0.54633856,0.4376157
2019-09-17,0.6460927,0.48615363,0.5100209,0.51536846,0.40707558,0.5443649,0.43562195
2021-12-10,0.6479185,0.48904315,0.51272726,0.518219,0.40876773,0.5466678,0.4377855
2020-02-21,0.64748055,0.48870468,0.51221323,0.517941,0.40864873,0.54635936,0.43739134
2022-01-17,0.64783806,0.4889774,0.5126915,0.5181757,0.4087423,0.5465798,0.43778375
2020-07-13,0.64599854,0.48739895,0.51119184,0.51647925,0.40732875,0.54487276,0.4362611
2019-12-28,0.6478247,0.48897552,0.51268464,0.5181654,0.40874738,0.5465847,0.43776488
2022-08-09,0.6468009,0.48799297,0.5117875,0.5171298,0.407868,0.5456269,0.43679047
2020-01-05,0.6478511,0.48899958,0.5127005,0.51818943,0.40875304,0.54659706,0.43778864
2023-03-26,0.6468014,0.4880363,0.5117168,0.5171786,0.4078804,0.5453779,0.43680364
2021-06-25,0.6472057,0.48837167,0.51211613,0.5175012,0.40825397,0.5459477,0.4374105
2023-08-18,0.64642155,0.48760283,0.51128095,0.51680565,0.40755647,0.5451998,0.43653333
2023-10-11,0.6453964,0.48687047,0.51029605,0.51554745,0.40668482,0.54421264,0.43650904
2019-11-16,0.6477553,0.48882213,0.51258457,0.5181282,0.408651,0.54654425,0.43768108
2024-12-21,0.6479832,0.48879957,0.5126075,0.517975,0.4086467,0.5464593,0.43761587
2024-10-20,0.64725566,0.48807934,0.51205665,0.5169193,0.4080314,0.54535353,0.43690556
2022-03-14,0.647294,0.48857516,0.5121429,0.51765764,0.40842617,0.5462083,0.43726805
2020-11-26,0.6477715,0.4888677,0.51268005,0.51814485,0.40865713,0.5465714,0.43762848
2020-03-25,0.64751774,0.48887038,0.512481,0.5179193,0.40877742,0.54647,0.43762922
2021-11-29,0.64798504,0.48897165,0.5127888,0.5182163,0.40873328,0.54666185,0.437796
2021-03-24,0.6449135,0.4865703,0.50984204,0.5155345,0.4068939,0.54385453,0.43541917
2021-05-21,0.6476715,0.48880664,0.51255935,0.5180521,0.4085537,0.54639935,0.43765128
2023-07-08,0.6453814,0.4870381,0.5104012,0.5159186,0.40705913,0.5443766,0.4356995
2024-07-18,0.6464574,0.4876068,0.5113536,0.51670456,0.40762484,0.5452064,0.43663844
2023-04-13,0.6470821,0.4883859,0.51195437,0.5174174,0.40823853,0.5457322,0.43710274
2024-08-14,0.6471989,0.4883647,0.5121268,0.517538,0.4082099,0.54595715,0.43719614
2020-09-30,0.64734167,0.48848248,0.51220345,0.517697,0.40823656,0.54618996,0.43731382
2023-09-18,0.64460576,0.4861738,0.50994915,0.5150347,0.4061057,0.5438121,0.4353313
2019-10-15,0.64725846,0.48824587,0.5120302,0.51749647,0.40823972,0.5459448,0.43722492
2024-01-22,0.6477392,0.4888857,0.51253325,0.5180582,0.40870905,0.54653233,0.4376487
2020-05-29,0.6471425,0.48839578,0.5120344,0.5174848,0.40820798,0.54585266,0.43717876
2019-09-14,0.64646846,0.4868346,0.5108492,0.5161164,0.40752894,0.54488623,0.43621472
2023-09-10,0.64301836,0.4845055,0.50827783,0.5134347,0.40485302,0.54211456,0.4338612
2024-02-14,0.64682454,0.48812065,0.5117517,0.5173307,0.40820557,0.5458971,0.43669915
2021-10-27,0.6455937,0.48742932,0.51221144,0.5166714,0.4074914,0.5450788,0.43621698
2022-09-22,0.64429295,0.4861234,0.5095587,0.51548344,0.40548182,0.54412794,0.4350379
2019-09-09,0.64680594,0.4876264,0.51137316,0.5168306,0.4078283,0.545429,0.4367125
2024-04-08,0.6475887,0.48876908,0.5124452,0.5179897,0.40860227,0.5463168,0.43761733
2021-03-16,0.6470971,0.48848993,0.51200575,0.51753694,0.4085043,0.5460756,0.43727225
2024-12-10,0.64792943,0.48880708,0.51262236,0.51801956,0.40865546,0.5464733,0.43765587
2019-05-30,0.64677256,0.48776233,0.51201224,0.5171669,0.4080673,0.54539484,0.43708333
2020-11-09,0.64773357,0.48880345,0.5126303,0.518078,0.4086198,0.5464744,0.43766072
2022-03-13,0.64742327,0.48867956,0.5122591,0.5177732,0.40852618,0.5463153,0.4373866
2024-05-11,0.647157,0.4885082,0.51234806,0.518174,0.40838116,0.5463106,0.4368667
2022-12-13,0.6481949,0.48914272,0.51292557,0.5184403,0.40891945,0.5469464,0.4378874
2020-04-28,0.6476125,0.4887819,0.5125367,0.5179788,0.40857273,0.54633754,0.43756694
2024-03-23,0.6474371,0.48868337,0.5122291,0.51785064,0.4085877,0.54624295,0.4375117
2021-09-16,0.64712197,0.48830026,0.5119441,0.5173048,0.40806228,0.54604745,0.4371686
2022-12-03,0.64834505,0.48920846,0.5130544,0.518546,0.4089803,0.5471033,0.4379594
2020-07-01,0.6473651,0.48857695,0.51227874,0.51760936,0.4083782,0.5460826,0.43737713
2024-10-10,0.64724815,0.4882257,0.51209044,0.5173263,0.4080836,0.5457833,0.43707967
2023-12-30,0.64778686,0.4889098,0.51263416,0.518106,0.40871477,0.54655826,0.43770885
2023-10-13,0.6456222,0.48706695,0.5104592,0.5157828,0.4068704,0.54437715,0.43665922
2024-11-24,0.6478682,0.48872644,0.5125984,0.5179594,0.40857196,0.54636884,0.43763825
2022-12-05,0.6483554,0.48919854,0.513035,0.5185388,0.4089773,0.5471119,0.43793553
2022-05-29,0.64734423,0.4885512,0.5123561,0.51781875,0.40848082,0.5461895,0.43725464
2021-10-07,0.646227,0.48749334,0.5116641,0.5167668,0.4075411,0.54519564,0.43648174
2022-01-05,0.6478676,0.48901647,0.5127208,0.5182048,0.4087661,0.5466151,0.43781707
2019-11-20,0.64776534,0.48886365,0.512595,0.5181305,0.40866837,0.54653966,0.4376948
2019-05-31,0.6465317,0.48738995,0.5118633,0.51684386,0.40792584,0.54502237,0.43701702
2020-01-25,0.6477591,0.48893175,0.5126347,0.5181534,0.40871432,0.54652584,0.43769935
2020-04-18,0.64756036,0.48870274,0.5124695,0.51793283,0.40854028,0.5462886,0.43756667
2022-03-07,0.6471819,0.48838443,0.5114948,0.5174532,0.40862918,0.5460712,0.4371261
2021-06-21,0.64587533,0.48724824,0.5111739,0.5163802,0.40723035,0.54476774,0.4362334
2024-01-27,0.6476305,0.48879334,0.51243246,0.5179731,0.40864608,0.5464397,0.43755946
2021-05-11,0.6475526,0.4887429,0.5124786,0.51800805,0.4085487,0.5463236,0.43751353
2024-03-01,0.6465434,0.48804015,0.5115053,0.5169869,0.40803003,0.545746,0.43644336
2019-08-19,0.6461815,0.48753232,0.51132387,0.51665515,0.40728796,0.5451395,0.43636686
2020-08-30,0.6470892,0.48838523,0.51210517,0.5175914,0.4080972,0.5460348,0.4371493
2019-12-03,0.6477807,0.48894274,0.51263505,0.51812804,0.40871903,0.5465899,0.43770406
2022-05-21,0.6471433,0.4883614,0.5120782,0.51751816,0.40816525,0.5458834,0.43705726
2021-08-08,0.6460477,0.48834792,0.5111077,0.5155089,0.40747017,0.5444709,0.43574136
2023-10-10,0.6453683,0.48682442,0.5102403,0.51550853,0.4066438,0.5441487,0.4364671
2021-09-22,0.64693975,0.48822966,0.5119955,0.5173693,0.40806806,0.54576343,0.43707454
2024-04-09,0.64763314,0.4887877,0.51250076,0.51799494,0.40863386,0.5463656,0.43766254
2021-02-11,0.6473018,0.48842594,0.5116036,0.517562,0.40865538,0.546113,0.4372097
2019-04-01,0.6466475,0.4881308,0.51156664,0.51713777,0.4079594,0.5455727,0.43681252
2021-11-24,0.64789605,0.48897484,0.51272535,0.51819676,0.40873185,0.54663694,0.43778306
2024-04-24,0.6476249,0.48882344,0.5124842,0.5180118,0.40863544,0.5464028,0.4376198
2023-08-24,0.64601636,0.48718894,0.5109942,0.5163729,0.40728208,0.5448615,0.4362438
2023-02-02,0.6485539,0.4892782,0.51320577,0.5187268,0.409124,0.5471625,0.43806818
2023-02-28,0.6475709,0.48862877,0.5123992,0.5179294,0.40853232,0.5462141,0.43744308
2023-11-24,0.6477724,0.48869956,0.51254815,0.5179635,0.40858883,0.546428,0.43753153
2021-02-07,0.6473083,0.48846802,0.51162285,0.51758194,0.4086331,0.5461514,0.4372088
2022-12-30,0.6482351,0.48919162,0.5129803,0.5184896,0.40895888,0.54697037,0.43795118
2023-10-01,0.6450838,0.4864577,0.5100213,0.5153164,0.40645146,0.5438966,0.43591967
2023-05-06,0.6476873,0.48883626,0.5125108,0.5180599,0.40864608,0.5464001,0.4376346
2019-12-31,0.64784294,0.488993,0.51269644,0.5181813,0.4087622,0.5465904,0.4377795
2024-04-22,0.6474767,0.48868144,0.5123436,0.51786625,0.40852678,0.54624766,0.43748567
2021-02-21,0.6476948,0.48886856,0.5124775,0.5180374,0.40873218,0.5465248,0.4375903
2020-05-20,0.64755785,0.48874164,0.51238406,0.5178738,0.40850994,0.5462592,0.43752614
2021-06-24,0.64719266,0.4883808,0.5121002,0.51755726,0.40825915,0.545959,0.43739992
2024-10-03,0.6470042,0.48828855,0.5119704,0.517414,0.4079902,0.54584223,0.4370863
2021-04-22,0.6476446,0.4888332,0.5125129,0.51797634,0.40861833,0.54632926,0.4376103
2024-07-16,0.6464918,0.48772728,0.51149213,0.5168209,0.40765804,0.5452906,0.43684742
2023-04-07,0.6467974,0.4880782,0.5117042,0.51720804,0.4080002,0.54541427,0.4368558
2021-03-07,0.6474564,0.48880407,0.51239276,0.5178539,0.4087765,0.5464627,0.43759674
2023-03-07,0.6474437,0.4885883,0.5123177,0.5178197,0.40846974,0.54615515,0.43735996
2020-03-22,0.64772797,0.48896047,0.5126004,0.51807815,0.40878296,0.5465594,0.43774047
2024-10-12,0.6472477,0.48816097,0.5120839,0.51725054,0.4080796,0.5456957,0.43703833
2023-12-21,0.6478206,0.48893818,0.51264876,0.5181372,0.4087258,0.54658955,0.43771976
2022-09-29,0.6444014,0.486142,0.5097362,0.51555854,0.40555194,0.5442038,0.43507203
2022-05-28,0.64707035,0.4883295,0.5121165,0.51757896,0.40826517,0.5459714,0.4370172
2020-06-06,0.64742184,0.4886686,0.51229227,0.51778215,0.40850645,0.5461653,0.43746188
2022-06-04,0.6468706,0.48822,0.51157266,0.5170996,0.40830296,0.5457401,0.43695354
2020-12-11,0.6478515,0.4889761,0.5126732,0.518175,0.40873924,0.5465918,0.43777993
2020-12-19,0.6478238,0.4889656,0.5126369,0.5181535,0.40874568,0.5465691,0.43774384
2024-02-25,0.6458981,0.48732975,0.5117832,0.51694596,0.40760216,0.545907,0.4352594
2022-11-01,0.64737254,0.488357,0.51224935,0.51754826,0.4082342,0.54601485,0.43732244
2023-08-31,0.6454806,0.4868079,0.5104596,0.51583827,0.4068059,0.5443892,0.4358782
2022-11-07,0.64762235,0.48872682,0.5124756,0.5178963,0.40854648,0.54640406,0.4376259
2023-08-02,0.64699244,0.48819605,0.5119222,0.51746356,0.40804678,0.5458319,0.43702152
2019-03-27,0.6468775,0.48824787,0.51179385,0.51733565,0.40810522,0.5457525,0.4369941
2020-05-07,0.64760673,0.48878714,0.5124767,0.51796365,0.40859404,0.54634637,0.43759352
2023-08-22,0.6462258,0.48740926,0.5111672,0.51659715,0.40744665,0.54501563,0.43639758
2023-09-08,0.6434185,0.48492336,0.5086588,0.5138426,0.4050989,0.5425796,0.43410206
2021-01-17,0.6477326,0.4888752,0.51245046,0.5180429,0.40873638,0.5464837,0.4376672
2024-01-25,0.6476803,0.4888407,0.51245034,0.51802135,0.40869904,0.54647607,0.43761477
2024-06-18,0.64744973,0.48834392,0.5124463,0.51755095,0.40850493,0.5461547,0.4372591
2023-04-14,0.64681476,0.48810944,0.511694,0.5171701,0.40803477,0.54539376,0.43686366
2019-11-09,0.64771384,0.4887737,0.5125282,0.51807594,0.40864456,0.5464691,0.4376842
2021-10-17,0.6458517,0.48727745,0.51208174,0.51661694,0.4074969,0.54502666,0.43645284
2019-12-26,0.64783835,0.48899046,0.51267606,0.518172,0.40875703,0.546594,0.43777162
2021-02-18,0.64757365,0.48874727,0.5122244,0.5179003,0.40868765,0.54641384,0.43745157
2023-02-18,0.6478784,0.4887557,0.5126865,0.5181469,0.40870708,0.5465485,0.43768644
2020-01-29,0.6477777,0.48895353,0.51262844,0.51816577,0.4087172,0.54654425,0.43770438
2021-10-02,0.64631563,0.48753992,0.5115602,0.5168007,0.40756282,0.5453216,0.4364725
2024-04-01,0.6474605,0.4886679,0.5123256,0.51785755,0.40853867,0.54619336,0.43750376
2022-09-13,0.6446209,0.48636582,0.50988644,0.5156678,0.40569687,0.54437363,0.43506953
2022-05-30,0.64736617,0.4885898,0.51235557,0.5178123,0.40852004,0.5462578,0.43727297
2021-03-26,0.64462626,0.48629645,0.509426,0.51524025,0.40662134,0.5434456,0.43501854
2021-03-09,0.6473634,0.48876414,0.5123299,0.51778513,0.40877822,0.5464171,0.43755224
2024-05-13,0.64622045,0.48760885,0.5113569,0.5168607,0.4074949,0.54505765,0.43635672
2019-11-08,0.6477237,0.48879522,0.5125633,0.51810074,0.4086442,0.54650486,0.43766865
2021-06-13,0.64610934,0.48751035,0.5113586,0.51659113,0.40741715,0.5449781,0.43631783
2023-06-19,0.6469698,0.48830527,0.51189536,0.5172753,0.40821716,0.54573727,0.4369378
2021-01-31,0.6473625,0.48850092,0.5117916,0.5176532,0.4086398,0.5461673,0.43730333
2022-04-08,0.64747936,0.4888117,0.5123815,0.51777685,0.40871805,0.54637873,0.43750834
2022-07-08,0.6460175,0.48763317,0.5111863,0.516704,0.4073638,0.5450624,0.43639
2020-02-02,0.6476828,0.4888767,0.5125624,0.51812404,0.4086686,0.5464848,0.43760324
2021-05-08,0.6474876,0.4887195,0.51245147,0.5179899,0.40854293,0.5462726,0.4374237
2020-04-06,0.64604115,0.48772293,0.5110512,0.5164252,0.40775183,0.54481685,0.4361917
2021-10-09,0.6461829,0.4874853,0.51184565,0.516831,0.40759063,0.54526204,0.43651974
2021-03-28,0.646229,0.48773274,0.51105195,0.51671726,0.4078257,0.54514545,0.4364802
2019-09-06,0.6461658,0.48738402,0.51100504,0.5165242,0.40709826,0.5452299,0.4362318
2021-03-08,0.64732224,0.4886819,0.51224935,0.5177345,0.40867737,0.54629695,0.43748698
2021-09-03,0.6471543,0.48798782,0.51200944,0.51724553,0.40781772,0.5461746,0.43671507
2023-07-25,0.6471476,0.4883751,0.51207787,0.51759005,0.40817013,0.54598075,0.43722165
2022-12-17,0.64839494,0.4892414,0.5130165,0.5185741,0.4089965,0.5471315,0.43795007
2020-11-28,0.64777994,0.48888695,0.5126685,0.51814455,0.40868303,0.5465819,0.43766534
2022-03-16,0.64707106,0.48842856,0.5119871,0.51748496,0.4083283,0.546076,0.43712577
2020-01-24,0.6477624,0.48892337,0.51262987,0.51814395,0.40870503,0.5465205,0.4377073
2024-08-11,0.6472847,0.48838237,0.51217777,0.5175807,0.40826976,0.54598206,0.43722355
2020-09-20,0.64675635,0.48803908,0.51165456,0.5168884,0.4075635,0.5457883,0.4366555
2024-05-18,0.64326006,0.4851494,0.50873715,0.5141557,0.40529108,0.54226464,0.43395078
2023-03-21,0.6470302,0.48831147,0.51181966,0.5172968,0.40807602,0.545575,0.43684256
2022-11-18,0.64790225,0.48895648,0.5127096,0.5181969,0.40870142,0.5466944,0.43775666
2023-01-26,0.6484564,0.48919842,0.5131348,0.51863503,0.40906152,0.54711884,0.43801612
2021-04-04,0.64673376,0.48814264,0.51151896,0.51710176,0.40802535,0.54555416,0.4369053
2020-10-19,0.6474906,0.48832098,0.51211447,0.5175872,0.40832338,0.54609257,0.43733928
2020-02-12,0.64756274,0.48879957,0.51246774,0.51810896,0.40863746,0.5464508,0.43745998
2019-05-29,0.6468829,0.48803777,0.5120226,0.51740897,0.4080878,0.54565936,0.4370367
2020-09-01,0.64690965,0.48826706,0.51202095,0.51745033,0.40800068,0.54590917,0.43699262
2020-01-30,0.64771783,0.48889518,0.5125817,0.51813966,0.4086767,0.5464985,0.43763706
2023-06-15,0.6470536,0.488301,0.5119533,0.5172612,0.40828454,0.54577845,0.4369891
2019-04-17,0.64706314,0.4883552,0.5120385,0.5175072,0.4082092,0.54580003,0.43711483
2023-05-05,0.64772356,0.48887733,0.5124946,0.51806724,0.40868533,0.5464143,0.4376566
2021-03-13,0.64731264,0.4886785,0.51221234,0.5177357,0.40864956,0.54628974,0.43746412
2024-02-24,0.64603955,0.48748213,0.5117821,0.517014,0.40765104,0.54587203,0.4354659
2024-05-23,0.64668983,0.48795566,0.5116096,0.5171685,0.4078148,0.5455422,0.43658042
2020-10-27,0.64753777,0.4886292,0.5124151,0.5178681,0.4084505,0.5462558,0.4375464
2020-07-31,0.6473882,0.4885891,0.51226187,0.5176883,0.40835968,0.5461449,0.43734378
2022-05-20,0.6472595,0.4884752,0.51213026,0.517626,0.4082771,0.5459395,0.43718842
2020-06-02,0.6460217,0.4874802,0.5111244,0.516572,0.40739727,0.5448185,0.43633652
2024-11-06,0.647647,0.48811933,0.5122339,0.5173331,0.40809634,0.5457333,0.43713963
2024-01-21,0.6477415,0.4888978,0.512545,0.51807827,0.40871608,0.54652727,0.4376758
2024-09-15,0.6468872,0.48821786,0.51190317,0.5174189,0.40793726,0.5458723,0.43701193
2022-04-30,0.6471341,0.48843947,0.511968,0.5175066,0.4083099,0.5458337,0.43714806
2019-05-23,0.6472676,0.48849505,0.5122654,0.5178102,0.40834123,0.54608893,0.43726304
2024-05-09,0.6474978,0.48877677,0.51242673,0.5179749,0.40858722,0.54653335,0.43719876
2022-01-02,0.6478134,0.4889473,0.5126814,0.51815003,0.4087144,0.54654485,0.43777475
2021-01-22,0.6475858,0.48872006,0.51225466,0.5178982,0.4086671,0.5463414,0.43751892
2021-12-21,0.64787805,0.48899937,0.5127182,0.5181794,0.40874904,0.5466,0.4377857
2021-04-29,0.6475808,0.48877776,0.51250726,0.51795155,0.40858164,0.54630876,0.4375369
2021-09-12,0.6469134,0.48816672,0.5117002,0.51702857,0.40787008,0.54589754,0.43705198
2021-11-26,0.6479332,0.48898432,0.5127377,0.5182156,0.40873742,0.54665047,0.43778926
2022-01-10,0.64785403,0.4890009,0.51271766,0.51819295,0.40875992,0.5465979,0.43780863
2023-10-24,0.6468856,0.48793513,0.51169026,0.5171108,0.4078625,0.5455549,0.43700257
2023-05-15,0.6476424,0.48885643,0.51251125,0.5180192,0.408567,0.5464012,0.43755734
2019-05-13,0.64745885,0.48863244,0.51240164,0.5178893,0.408427,0.5462471,0.43747076
2024-03-22,0.6471468,0.48847646,0.51200324,0.5176226,0.4083918,0.54594076,0.4373226
2024-07-20,0.64631325,0.48747945,0.51115805,0.5165082,0.40752354,0.54505,0.43641648
2021-06-16,0.64499515,0.48657408,0.5104122,0.5156231,0.40661195,0.5439693,0.43546495
2023-01-11,0.6485312,0.48928663,0.51314145,0.518667,0.4091082,0.5472251,0.43804502
2023-07-16,0.6470788,0.48830754,0.51195765,0.5174917,0.40808612,0.5458719,0.43705446
2024-02-09,0.6471661,0.4883785,0.5119909,0.51757747,0.40837693,0.54608685,0.43708122
2022-06-27,0.6469171,0.48826423,0.512003,0.5172715,0.4080795,0.5457636,0.43726888
2019-12-22,0.6478235,0.48897725,0.5126613,0.51815677,0.4087347,0.5465897,0.43774587
2021-12-06,0.6479148,0.48900095,0.51272917,0.5182059,0.40874466,0.54665244,0.43779147
2021-06-07,0.64709,0.48838016,0.5121627,0.51749676,0.4082093,0.54597807,0.43712148
2021-06-19,0.6451962,0.48670986,0.5106399,0.51576036,0.40674335,0.5441257,0.43562692
2021-12-27,0.6478284,0.4889712,0.51268584,0.518159,0.4087327,0.54657245,0.437777
2019-10-05,0.6470617,0.48795244,0.5117216,0.5172022,0.4080503,0.5457196,0.4370211
2020-06-01,0.6461797,0.48760164,0.51121294,0.51667297,0.40748173,0.5449735,0.4364453
2024-07-22,0.64494526,0.48644197,0.5101144,0.5153475,0.40657365,0.5438065,0.43522444
2024-03-08,0.64677554,0.4881372,0.51145756,0.51712215,0.4082591,0.5457719,0.43673253
2022-09-05,0.6456116,0.48712635,0.510719,0.5163483,0.40670028,0.54496324,0.43586478
2019-09-02,0.6449465,0.4869345,0.5104305,0.51609313,0.405705,0.54498845,0.43529102
2022-12-27,0.6485002,0.48927614,0.51307935,0.51863515,0.40906796,0.5472085,0.43795305
2021-10-24,0.646157,0.48775944,0.5122481,0.51699024,0.4077519,0.5454126,0.43657196
2024-08-24,0.64683545,0.48796442,0.51180834,0.5172932,0.40787125,0.54562616,0.43689734
2024-04-15,0.64750755,0.48870206,0.5123875,0.51790446,0.40854314,0.54626995,0.43754238
2022-09-17,0.6448878,0.4865835,0.51003593,0.5158872,0.40596727,0.54452974,0.43539816
2020-12-25,0.64779186,0.48893717,0.5126194,0.5181275,0.40874735,0.5465655,0.43774188
2023-01-01,0.64847594,0.4892404,0.51306546,0.5186013,0.4090445,0.54718024,0.4379167
2019-11-23,0.64775044,0.48887533,0.5125768,0.51809746,0.4086563,0.5465132,0.43768045
2023-05-12,0.64762396,0.4888444,0.51249665,0.517996,0.40858334,0.54640156,0.43756092
2019-06-05,0.64691985,0.48810047,0.51193476,0.51728404,0.40809882,0.5457079,0.43712077
2023-12-20,0.64782846,0.4889403,0.5126473,0.51813567,0.40873137,0.5465899,0.43771425
2019-10-31,0.64769894,0.4887115,0.51249546,0.51799655,0.4086012,0.5464191,0.43764007
2023-07-01,0.6447433,0.48637855,0.51007515,0.51535124,0.40639934,0.5436518,0.43512204
2022-09-03,0.6457221,0.48716074,0.51076,0.51630867,0.40680206,0.54494196,0.43587932
2021-08-15,0.6471839,0.4883305,0.51200306,0.5175893,0.4081562,0.5459905,0.43725282
2022-06-16,0.64676225,0.48806912,0.51165783,0.51697594,0.40805778,0.54553455,0.4368305
2021-02-13,0.64734,0.48846763,0.5116872,0.51759815,0.40865812,0.54614747,0.4372219
2023-10-09,0.6451094,0.48656443,0.50999767,0.5152457,0.40643433,0.5439225,0.43616423
2020-05-14,0.6475771,0.48873714,0.5124402,0.51790434,0.4085306,0.5462925,0.4375443
2024-05-06,0.6471949,0.48852178,0.51231784,0.5180932,0.40839544,0.54631394,0.43703496
2020-06-12,0.6468528,0.48793298,0.51199895,0.5170004,0.4080753,0.5455106,0.43664578
2023-05-08,0.64768183,0.48886496,0.51256824,0.51802915,0.40862903,0.5464227,0.43760425
2021-12-09,0.6479304,0.488987,0.5127375,0.51818883,0.40871802,0.5466323,0.43774596
2023-06-05,0.6463782,0.48779064,0.5114545,0.51695716,0.40771177,0.5451863,0.43653288
2021-02-08,0.64729273,0.4884431,0.5116383,0.51757294,0.40860963,0.5461183,0.43721035
2024-12-12,0.64789194,0.48888594,0.5126371,0.51808625,0.40869963,0.5465342,0.4377093
2023-04-17,0.64692444,0.48832238,0.51188797,0.5172094,0.40817228,0.545438,0.43696502
2022-11-14,0.64779377,0.48887512,0.51262516,0.51808786,0.40865615,0.5465632,0.4377117
2022-06-05,0.64695805,0.48823035,0.5116992,0.51710284,0.40830117,0.54578936,0.43695188
2019-07-17,0.6471205,0.48830187,0.5120924,0.5174109,0.4081421,0.54589623,0.4371502
2020-03-04,0.6470059,0.48818454,0.5112574,0.51731247,0.40852627,0.54589224,0.43692023
2021-05-10,0.64760464,0.4887834,0.51254034,0.5180597,0.40858722,0.5463824,0.43756822
2021-09-21,0.6470442,0.4882589,0.51201177,0.5174019,0.40808916,0.54585916,0.43715248
2023-11-28,0.647767,0.48879328,0.51255345,0.5180394,0.40862864,0.5464897,0.43760502
2022-08-23,0.6427441,0.4840806,0.5092378,0.5125983,0.4042578,0.54142976,0.43316892
2023-12-07,0.6478238,0.48887363,0.51259565,0.5180955,0.4086815,0.5465862,0.4376345
2021-08-03,0.6463626,0.48851615,0.5114591,0.51618904,0.4080325,0.54498434,0.43643495
2020-09-14,0.6460196,0.48767745,0.51180226,0.5166752,0.40741962,0.54538596,0.43629232
2024-11-17,0.6478082,0.4884421,0.5124515,0.51769894,0.40836272,0.5461047,0.43742347
2019-10-16,0.6472719,0.48825264,0.51205665,0.51750976,0.40822798,0.5459513,0.43725047
2022-03-26,0.64699906,0.48858634,0.5119816,0.51741415,0.408618,0.5462293,0.43720365
2020-08-27,0.6470822,0.48836896,0.5120962,0.51750076,0.40809047,0.5460074,0.4371155
2024-12-26,0.6479462,0.48881653,0.5126025,0.5180015,0.4086839,0.5464976,0.43762064
2024-11-18,0.6478349,0.48857558,0.5125073,0.5178119,0.4084579,0.54622275,0.43752065
2023-01-02,0.6484956,0.48924515,0.51311255,0.51861066,0.4090472,0.5471889,0.43793523
2023-01-13,0.648509,0.4892388,0.5131353,0.51863164,0.40909135,0.547209,0.43802464
2023-03-31,0.6469804,0.48821718,0.51191604,0.5173789,0.4080809,0.54560065,0.43697605
2019-09-15,0.64619076,0.48639446,0.5104214,0.5156932,0.40727487,0.5445646,0.43584484
2022-02-22,0.6475004,0.48865435,0.51202846,0.51779044,0.40863848,0.54629254,0.43743843
2021-02-05,0.6472835,0.48843858,0.5117337,0.5176064,0.40857083,0.54611534,0.43722
2022-12-18,0.6484241,0.48923317,0.51306045,0.51858807,0.40901348,0.5471471,0.4379499
2019-09-26,0.64679825,0.48736316,0.5112223,0.51660115,0.4077084,0.5453165,0.43656468
2022-06-19,0.64694726,0.48819342,0.5118539,0.51710594,0.40819982,0.54566854,0.43701133
2021-10-26,0.64471525,0.48689777,0.5120568,0.5161462,0.4071531,0.5445173,0.43567824
2024-09-22,0.6450458,0.4864177,0.5100616,0.51520884,0.40633157,0.5437816,0.43511778
2024-07-13,0.6462993,0.487547,0.5114712,0.51669425,0.40755525,0.5450242,0.4368517
2023-07-02,0.6448159,0.4864484,0.5101676,0.5154235,0.4064666,0.5437446,0.43519247
2021-07-29,0.6467653,0.48821172,0.5118689,0.5171336,0.4081693,0.54571855,0.43708912
2020-07-04,0.646749,0.488109,0.5117689,0.5168294,0.40792504,0.5454222,0.43711638
2024-06-05,0.6472406,0.48853767,0.5123005,0.5177013,0.40844515,0.5461408,0.4372453
2020-04-04,0.6470785,0.48860085,0.51202774,0.517461,0.408577,0.5460988,0.4372762
2024-05-04,0.64712095,0.48850694,0.51236457,0.51823723,0.40840033,0.5463362,0.43697158
2020-06-10,0.6475815,0.4887522,0.51247317,0.5179202,0.40853366,0.5462845,0.4375475
2023-05-24,0.64753264,0.48872927,0.51251787,0.51803917,0.4084724,0.5462207,0.43736744
2022-04-03,0.64734924,0.48873687,0.5122612,0.5176543,0.40865532,0.54630744,0.4374335
2021-09-07,0.64693755,0.48816553,0.511835,0.5171077,0.4079247,0.54596174,0.43696007
2022-07-06,0.64616865,0.48771954,0.51126784,0.51679265,0.4074579,0.5452179,0.43660995
2021-03-05,0.6473079,0.48864576,0.51222515,0.5177149,0.40862668,0.546274,0.43744367
2024-12-19,0.6479603,0.48878685,0.5125871,0.5179703,0.40863365,0.5464485,0.43759897
2024-05-17,0.6435798,0.48543108,0.5090272,0.51447767,0.40556848,0.5425357,0.4341865
2023-12-29,0.6478212,0.48894396,0.5126456,0.51813424,0.40873024,0.5465822,0.43772745
2021-05-22,0.64767593,0.48879352,0.5125526,0.51804453,0.40856877,0.54640937,0.43766594
2019-04-02,0.6465244,0.48797998,0.5114815,0.51702344,0.40785998,0.54542345,0.4367232
2024-10-21,0.64717317,0.48812228,0.51195836,0.51681435,0.408025,0.54525983,0.4368526
2021-07-08,0.64746106,0.48864377,0.51233554,0.5177553,0.40847176,0.5461265,0.4374587
2024-09-11,0.64693755,0.48822457,0.5119387,0.5174478,0.40797892,0.5458838,0.43701437
2021-11-05,0.6457507,0.48760906,0.5124174,0.51690876,0.40761352,0.5452814,0.43638274
2022-08-28,0.6417016,0.48315212,0.50852895,0.5115009,0.40329963,0.5404222,0.43227062
2020-01-04,0.6478332,0.48898038,0.5126942,0.5181856,0.40874976,0.54657954,0.43777844
2019-06-25,0.64559835,0.4871732,0.51113975,0.51581687,0.40706563,0.544466,0.4362478
2023-05-09,0.6476978,0.48890755,0.51257116,0.51805127,0.4086474,0.5464682,0.43762693
2022-05-27,0.64619136,0.4875771,0.51134247,0.51678324,0.40759102,0.5451495,0.43639725
2019-08-30,0.6451231,0.48679617,0.5104263,0.5159168,0.40602744,0.5447211,0.43537524
2020-04-21,0.64748114,0.48864457,0.5124246,0.51785046,0.4084759,0.5461951,0.43747145
2022-11-03,0.64746433,0.48856863,0.5123707,0.51776016,0.40840065,0.5462315,0.43749928
2020-09-11,0.6462284,0.48781437,0.51188076,0.5170072,0.40762183,0.54552245,0.43657064
2020-12-31,0.6477547,0.48890126,0.5125615,0.5180851,0.40871537,0.54650253,0.4376923
2019-10-26,0.6476118,0.48848918,0.51234406,0.51781464,0.4084467,0.54625887,0.4374622
2024-10-02,0.6469823,0.4882977,0.5119344,0.51739764,0.4079994,0.5458437,0.43705103
2023-07-29,0.64698946,0.48818335,0.51190305,0.51746637,0.4080176,0.54582614,0.43706027
2024-06-04,0.64732295,0.48862508,0.5122748,0.517748,0.40852943,0.5462368,0.43734238
2022-06-10,0.6468776,0.4881325,0.51171756,0.5170834,0.40818128,0.54564923,0.43683124
2024-04-21,0.6473972,0.4886138,0.512264,0.5178169,0.40846244,0.5461687,0.43741632
2022-09-27,0.644211,0.4860734,0.50961787,0.5155158,0.40534928,0.5441786,0.43485633
2023-06-16,0.64689946,0.4881782,0.5118461,0.51710725,0.40820867,0.54563975,0.43685353
2020-08-17,0.64726615,0.4884951,0.512234,0.5176984,0.40827948,0.5461296,0.43729877
2022-05-24,0.64685875,0.4881584,0.51197594,0.5173803,0.4080611,0.5457221,0.43689942
2021-12-16,0.6478788,0.4890086,0.51271033,0.51819044,0.40874547,0.5466193,0.4377535
2019-10-17,0.6473405,0.48828527,0.51213443,0.517563,0.40825364,0.54599947,0.43726736
2023-02-05,0.6481332,0.48911935,0.5129327,0.51841706,0.4089294,0.5468432,0.43794945
2023-01-25,0.648475,0.48918256,0.5131213,0.5186247,0.4090592,0.54712564,0.43803066
2022-03-27,0.6467845,0.48839194,0.5118172,0.51722246,0.4084628,0.54599196,0.43707138
2021-11-25,0.6478961,0.48898065,0.51273555,0.5182057,0.40872875,0.5466322,0.43778178
2023-02-22,0.6471572,0.48825842,0.51205784,0.51752406,0.40821144,0.5458153,0.43710256
2024-03-04,0.64674956,0.4881816,0.51156735,0.51712745,0.40824342,0.5458322,0.43674654
2020-07-10,0.6463588,0.4877413,0.511488,0.5166538,0.4075969,0.5451171,0.43659723
2024-08-28,0.6466767,0.48785987,0.5117067,0.51712584,0.40773278,0.5454882,0.43675062
2019-09-05,0.64537454,0.48695964,0.5105322,0.51606005,0.40619573,0.5448987,0.4356118
2019-07-15,0.6473024,0.48845166,0.51220924,0.51760375,0.40828717,0.54605955,0.437287
2023-05-16,0.64766353,0.48890132,0.5125344,0.5180364,0.40854543,0.5464623,0.4375736
2019-05-17,0.6474134,0.4886112,0.5123711,0.51787376,0.40844026,0.5462103,0.43741307
2021-12-23,0.6478577,0.48900735,0.5127088,0.5181865,0.40875578,0.5466077,0.43778837
2022-04-01,0.6472112,0.48873883,0.51214296,0.5175151,0.40869728,0.54629076,0.437328
2021-12-18,0.6478596,0.4889944,0.51270545,0.5181857,0.40874356,0.54660374,0.4377732
2020-07-06,0.64676,0.48806328,0.5117801,0.5168883,0.40785936,0.5453805,0.43707058
2023-07-19,0.64760536,0.48878247,0.51249325,0.5179707,0.4085534,0.54638815,0.43759185
2021-08-10,0.64655733,0.48786134,0.5114192,0.5165663,0.4072566,0.5453319,0.43621245
2019-11-12,0.647712,0.4887819,0.51252294,0.5180635,0.408616,0.5464742,0.43766984
2024-12-15,0.6479137,0.4888529,0.5126251,0.51805127,0.4086706,0.54649675,0.43768284
2021-07-03,0.6472056,0.4884394,0.5122081,0.5174507,0.40826637,0.54589343,0.43738255
2022-11-17,0.6478787,0.488906,0.5127213,0.51815146,0.40866455,0.54663676,0.4377232
2021-11-01,0.6457628,0.48754016,0.51239914,0.5168332,0.40751848,0.54521316,0.43634096
2019-05-09,0.6475462,0.48870617,0.5124947,0.5179674,0.40849277,0.54633516,0.4375514
2022-01-24,0.64779353,0.488928,0.512631,0.5181281,0.40870333,0.54652506,0.43774247
2023-06-03,0.6462981,0.4877475,0.51147443,0.5169048,0.40756354,0.54512894,0.43641582
2020-02-05,0.64765126,0.48887306,0.51256055,0.51814973,0.40866604,0.54649085,0.43756202
2019-07-08,0.64697057,0.48821047,0.5119421,0.5173403,0.40800002,0.54577637,0.43706247
2021-07-01,0.64695656,0.48816013,0.51205105,0.51720285,0.40800455,0.545604,0.43710217
2021-06-01,0.6467296,0.4875991,0.5121866,0.5170826,0.40810364,0.5452929,0.43717152
2024-11-04,0.64751583,0.48818263,0.51214516,0.5173808,0.40811968,0.54575866,0.43715972
2022-07-26,0.6467758,0.48811308,0.51188064,0.51733667,0.4078641,0.5457677,0.43686217
2022-01-08,0.6478577,0.48900545,0.512712,0.5181883,0.40875918,0.5465963,0.43779373
2024-12-07,0.64793545,0.48873827,0.51262,0.51796526,0.40861624,0.5464114,0.437623
2023-06-07,0.6467532,0.4880262,0.51169556,0.5172046,0.40797925,0.5454628,0.43685624
2024-06-11,0.6473337,0.48840955,0.51235,0.5176595,0.40859962,0.5461948,0.4372406
2020-06-23,0.64293694,0.4859318,0.5116686,0.51498157,0.40634653,0.5433571,0.43471426
2024-08-27,0.6467777,0.48796856,0.51177806,0.5172113,0.4078221,0.54560363,0.4368226
2021-12-24,0.64786017,0.48900163,0.5127104,0.51818407,0.40875435,0.54660463,0.4377888
2021-02-06,0.6473458,0.48846164,0.51172113,0.51761127,0.40859488,0.5461522,0.43723136
2024-07-14,0.6461719,0.48741993,0.5113798,0.516593,0.40743327,0.5449022,0.43689603
2021-01-04,0.6478073,0.4889484,0.512575,0.51811683,0.408745,0.54655784,0.43772623
2021-02-12,0.6473231,0.48843735,0.51160985,0.51758355,0.40866792,0.5461287,0.43720615
2021-03-19,0.6465479,0.48806116,0.51147616,0.51703477,0.40819708,0.54556626,0.43680778
2023-10-19,0.6464864,0.48770478,0.51132774,0.51669264,0.40755942,0.5451948,0.43690327
2022-01-09,0.6478576,0.48900256,0.5127199,0.51819927,0.40875947,0.54660237,0.43781075
2021-09-08,0.64693767,0.48821926,0.51180536,0.5170826,0.40796018,0.5459917,0.43703237
2020-08-26,0.6472561,0.48852247,0.51223284,0.5176694,0.40822217,0.54613876,0.43727374
2020-05-25,0.64763445,0.48879308,0.51245457,0.51792544,0.4085554,0.5463218,0.437563
2021-09-20,0.6470258,0.48823762,0.5119433,0.5173398,0.40808073,0.5458596,0.4370857
2020-08-24,0.6473094,0.48858002,0.5122461,0.5176559,0.40823567,0.5462692,0.43734118
2022-02-16,0.6476139,0.4887687,0.5123017,0.51793516,0.40865546,0.5463764,0.43755955
2024-09-19,0.6466818,0.48807663,0.5117432,0.5172981,0.40777147,0.5457053,0.4368952
2023-08-15,0.6460495,0.48727712,0.5110675,0.5165131,0.40730113,0.54494107,0.43623146
2022-08-15,0.64442474,0.4856729,0.51010877,0.5144467,0.40576395,0.5431038,0.43462947
2022-11-04,0.64750904,0.48857057,0.5124224,0.51778567,0.40839252,0.546243,0.43750474
2021-12-13,0.64787865,0.48899326,0.5127068,0.51818323,0.40872347,0.5466209,0.43774676
2023-09-27,0.6450997,0.48675618,0.51000124,0.51519144,0.4064845,0.54391897,0.43651253
2020-03-17,0.64758456,0.48883364,0.5124643,0.5179209,0.40858892,0.5463136,0.43756512
2022-05-01,0.6473294,0.4886006,0.51214767,0.51769805,0.40844476,0.54603946,0.43733007
2019-08-29,0.64497817,0.4867155,0.51033586,0.5156781,0.40600738,0.5444193,0.43528613
2024-10-27,0.6474173,0.487882,0.5120317,0.51706666,0.40787846,0.54545563,0.4368868
2024-03-15,0.6468981,0.48824796,0.51159656,0.51732856,0.40829864,0.5456457,0.4371031
2020-10-10,0.64740855,0.4884091,0.51216894,0.5176592,0.4082945,0.5461207,0.43736288
2021-05-23,0.64763415,0.48875996,0.5125449,0.51802886,0.40860125,0.5463672,0.4376367
2020-02-29,0.6471571,0.48835394,0.5115594,0.51749235,0.40858102,0.54605424,0.43710256
2020-09-22,0.6470989,0.48827368,0.5119977,0.51726186,0.40794507,0.5459837,0.43695235
2020-12-22,0.647783,0.4889193,0.51261324,0.51811606,0.40872344,0.5465349,0.43772283
2023-07-27,0.6470293,0.48823336,0.5119448,0.51750886,0.4080618,0.54585993,0.43710247
2024-07-06,0.6458571,0.4876933,0.51124597,0.5162381,0.40753224,0.5448827,0.43694416
2022-07-05,0.646329,0.48785692,0.5114535,0.51695156,0.40761834,0.5453547,0.43669742
2020-11-25,0.64777935,0.4888525,0.5126697,0.5181365,0.40866226,0.5465704,0.4376157
2020-10-24,0.647437,0.48837772,0.51223224,0.5176835,0.40829942,0.54610485,0.43735367
2021-01-26,0.6475771,0.4887069,0.51215184,0.517866,0.4086999,0.5463455,0.43749
2022-09-07,0.6456877,0.48717332,0.51075983,0.51640576,0.40675783,0.54498965,0.43594086
2022-08-05,0.6472595,0.48845267,0.5121987,0.51763505,0.40826482,0.5460784,0.43721813
2022-07-09,0.64598155,0.4875785,0.51118183,0.5166555,0.4073224,0.54507816,0.436263
2022-09-28,0.6442483,0.48610234,0.5096716,0.5156083,0.40536323,0.5442348,0.4349309
2020-07-11,0.646096,0.48746446,0.51130944,0.5164565,0.4073607,0.54489106,0.4363249
2021-07-25,0.64677924,0.48795983,0.5117016,0.5167876,0.40802634,0.54547536,0.43678874
2019-11-24,0.6477116,0.48883128,0.5125529,0.51808286,0.4086398,0.5464989,0.43765128
2020-11-13,0.64772177,0.4888132,0.5126143,0.51808554,0.40861773,0.54648465,0.43766192
2023-11-22,0.647741,0.4887105,0.5125122,0.51795924,0.40857223,0.54641235,0.43754244
2020-12-10,0.6478492,0.4889781,0.51266414,0.51816773,0.40873283,0.5465905,0.4377637
2023-10-08,0.6450769,0.4865414,0.5099645,0.5152386,0.4064164,0.54385936,0.43612447
2023-01-30,0.6484996,0.4892154,0.51316184,0.5186627,0.40908042,0.54711974,0.43805328
2019-08-21,0.6459714,0.48740032,0.51118267,0.5165339,0.40715373,0.54497087,0.43617848
2019-09-25,0.6467013,0.4872641,0.5110956,0.5164779,0.40763327,0.54520327,0.4364796
2021-08-30,0.6474116,0.48820388,0.51200336,0.51748717,0.40813613,0.5462229,0.4368547
2022-02-11,0.64760524,0.4887607,0.51237965,0.517948,0.4086038,0.5463612,0.43755654
2020-07-30,0.6473997,0.48860317,0.51227564,0.51771826,0.4083742,0.54615664,0.43736225
2019-10-11,0.6472508,0.48822513,0.5120001,0.5174518,0.4082229,0.54592454,0.43721655
2021-08-21,0.64767504,0.48851195,0.512308,0.5181357,0.40844056,0.54637617,0.43746963
2020-09-17,0.64660025,0.4879594,0.5117467,0.51683915,0.40752923,0.5456812,0.4365721
2024-06-07,0.6472194,0.4884404,0.5122077,0.5176095,0.408472,0.54609644,0.43722293
2021-01-23,0.64762545,0.48875287,0.5122587,0.5179228,0.40869552,0.5463848,0.43754074
2024-01-04,0.6478166,0.48896047,0.51264364,0.518134,0.4087321,0.5465772,0.4377338
2024-12-05,0.6479443,0.4886965,0.5126334,0.5179417,0.40859216,0.54636735,0.43760693
2022-08-27,0.64427584,0.48564196,0.5099883,0.51449215,0.40557757,0.54323035,0.43454248
2019-12-07,0.6477465,0.488915,0.5126131,0.5181004,0.4087039,0.54656225,0.43766847
2021-08-25,0.647508,0.48848122,0.5122931,0.51777583,0.40837106,0.54625195,0.4373097
2021-11-06,0.64587194,0.48765567,0.512461,0.5169681,0.40760782,0.5453506,0.4364588
2021-12-11,0.6479254,0.48899895,0.51272964,0.5181878,0.40874833,0.5466266,0.4377688
2024-08-26,0.64683753,0.48805833,0.51180005,0.51727825,0.40790457,0.545663,0.4369043
2022-01-21,0.6478408,0.48899025,0.5126838,0.5181799,0.4087568,0.546584,0.4377765
2020-05-01,0.6476261,0.48874533,0.5125434,0.51797444,0.40856558,0.546338,0.43761596
2024-02-06,0.64739764,0.4885918,0.51215744,0.5177578,0.40852135,0.5462561,0.4373201
2023-07-05,0.6441198,0.4859665,0.50948524,0.51473737,0.40606856,0.54317594,0.4346038
2023-08-13,0.6453214,0.48662996,0.5105251,0.5159749,0.40675393,0.5444023,0.4355898
2022-08-19,0.64519143,0.48637164,0.51058763,0.515305,0.4064154,0.54395115,0.43531388
2020-08-31,0.64716285,0.48846632,0.5121836,0.51764315,0.40818343,0.5461036,0.43720224
2021-10-19,0.6460676,0.48753804,0.5121607,0.5168452,0.40760353,0.5453039,0.43652588
2021-06-18,0.64439934,0.48609254,0.50985366,0.51510954,0.40617025,0.5434255,0.43504593
2021-12-22,0.6478723,0.48900768,0.5127194,0.5181903,0.40875348,0.5466105,0.43779364
2024-04-30,0.64744633,0.48868385,0.5123552,0.51799655,0.4085328,0.5463143,0.43739682
2024-10-13,0.6472779,0.4881607,0.51207715,0.5172443,0.40807799,0.5456846,0.43702275
2022-01-15,0.647841,0.48898408,0.51269776,0.5181744,0.40874323,0.5465798,0.43779293
2023-06-26,0.646651,0.48803404,0.51159745,0.5170222,0.40788022,0.5454415,0.43673593
2021-03-30,0.64498985,0.48660654,0.5097197,0.5155083,0.4067435,0.54372704,0.43526834
2024-09-04,0.64635205,0.48766214,0.51139295,0.5168262,0.40747935,0.54529464,0.43651316
2024-12-14,0.6479133,0.4888415,0.51262945,0.51803654,0.408682,0.54650366,0.43766072
2022-09-30,0.6446418,0.48630422,0.509942,0.5157446,0.40576476,0.5443649,0.43523833
2021-02-16,0.6474754,0.4886293,0.51197606,0.51775753,0.40869465,0.54629767,0.43736407
2020-01-03,0.64784557,0.48899445,0.51270235,0.5181952,0.40876094,0.5465914,0.43779236
2020-09-19,0.64682597,0.4881191,0.511766,0.5169711,0.40765354,0.54587644,0.43673757
2022-08-13,0.6456385,0.48685476,0.5108387,0.51584905,0.40683076,0.5444177,0.43575627
2023-06-13,0.6469075,0.48813182,0.5118107,0.51715934,0.40817192,0.54558706,0.43688402
2019-12-09,0.647772,0.48895016,0.5126318,0.5181237,0.4087271,0.5465907,0.4377054
2020-11-27,0.6478079,0.48887056,0.51265746,0.5181282,0.40867215,0.5465446,0.43766776
2021-01-15,0.6477594,0.48890162,0.5124852,0.51805824,0.40875766,0.5465164,0.43768468
2023-08-11,0.64599496,0.4871851,0.5110796,0.51656365,0.40727425,0.54501855,0.436201
2021-08-05,0.64554024,0.488786,0.5110206,0.5147895,0.40788966,0.5437263,0.43569878
2020-02-22,0.647396,0.4886113,0.51217073,0.5179051,0.40856832,0.54627985,0.43728793
2022-05-08,0.6470864,0.48847908,0.5118677,0.51738906,0.40835038,0.54583097,0.437103
2021-03-31,0.6452554,0.48678493,0.50977826,0.5156757,0.40679324,0.5438391,0.4353826
2024-08-17,0.6468648,0.4880858,0.5118358,0.51727,0.40794346,0.5456817,0.43689913
2019-09-22,0.6462779,0.48640072,0.51051265,0.51569027,0.40722862,0.544582,0.43587157
2023-11-05,0.64726686,0.48820522,0.5120665,0.5174485,0.40820563,0.5459097,0.4372201
2021-11-04,0.6461178,0.4877397,0.51253057,0.51708615,0.4076599,0.54546183,0.43657282
2023-10-26,0.64686215,0.4878885,0.51169145,0.5171024,0.4078722,0.54555285,0.4369247
2023-05-26,0.6476224,0.4887577,0.5125298,0.51804125,0.40852273,0.54627544,0.43751353
2022-11-21,0.64804476,0.48902386,0.5128202,0.5182984,0.408779,0.5468152,0.43780208
2023-09-26,0.64510524,0.4867886,0.50995564,0.51517385,0.40648264,0.5438778,0.43659437
2021-08-28,0.64736086,0.48828354,0.51207525,0.51752275,0.408171,0.5461467,0.4369713
2024-09-30,0.6466902,0.48793456,0.5116708,0.5170556,0.40772715,0.5454153,0.4366863
2023-01-28,0.6484688,0.4892575,0.5131105,0.51865816,0.40906286,0.54710054,0.43803433
2021-05-07,0.64756685,0.48877245,0.5124953,0.5179973,0.40858668,0.54632974,0.4375156
2021-10-05,0.6460504,0.4872648,0.5113238,0.5165544,0.4073444,0.5450318,0.43623814
2021-09-15,0.6470183,0.48823234,0.5118047,0.5171249,0.40794957,0.54595834,0.43714464
2021-04-08,0.6469862,0.48840228,0.51186216,0.51739186,0.40831366,0.54589695,0.4371903
2020-09-03,0.64620435,0.48764932,0.5114688,0.51679546,0.40745956,0.54532063,0.4363602
2024-04-25,0.6476301,0.48881716,0.51247984,0.51801896,0.40862876,0.54640365,0.43761304
2023-03-02,0.64749354,0.4885592,0.5123421,0.51783776,0.40847692,0.5461327,0.43736327
2022-11-16,0.6478296,0.488901,0.51265335,0.5181025,0.40866065,0.54659736,0.43772557
2021-07-27,0.64695203,0.48815802,0.51176995,0.5171506,0.40819713,0.545813,0.43701282
2022-07-24,0.6466076,0.48799747,0.5117414,0.5172424,0.40772164,0.5456515,0.4367054
2023-10-14,0.6458268,0.48724288,0.5107164,0.5159952,0.40701252,0.54459804,0.4367252
2022-08-20,0.64528054,0.48645133,0.5106334,0.51540035,0.4064838,0.5440331,0.43540162
2022-09-19,0.64467305,0.4864402,0.5099169,0.5158008,0.4058329,0.5444244,0.43528578
2024-02-02,0.6474087,0.48859015,0.5122488,0.5177842,0.4084972,0.5462566,0.43733636
2023-02-15,0.6481207,0.48876822,0.51304096,0.518317,0.40901273,0.54689085,0.43784663
2024-07-09,0.64594954,0.48771906,0.5113747,0.51642144,0.40753114,0.54494834,0.43709016
2022-07-10,0.6460287,0.4875927,0.51115805,0.5166715,0.40730318,0.54509836,0.43622398
2021-05-17,0.64769745,0.4888422,0.51257306,0.51807016,0.4086134,0.5464528,0.4376568
2021-07-11,0.64713633,0.48843867,0.51213324,0.5175342,0.40827644,0.5459719,0.43724772
2021-03-04,0.6472901,0.48861906,0.51219106,0.51769316,0.40858266,0.5462054,0.4374
2023-10-04,0.64518857,0.4865652,0.5101144,0.51542443,0.40651807,0.54403883,0.43588054
2023-08-25,0.64585125,0.4870614,0.5108137,0.5161999,0.40711695,0.5446367,0.43609005
2021-12-08,0.6479173,0.48902056,0.5127125,0.5181958,0.40874028,0.54664946,0.43776798
2023-12-08,0.6478108,0.48886552,0.5126235,0.51810694,0.40865657,0.5465853,0.43763432
2023-12-28,0.6478118,0.4889388,0.5126537,0.5181331,0.40872994,0.5465842,0.4377137
2021-06-26,0.6472767,0.48851225,0.51217115,0.5176239,0.40831405,0.5459968,0.43751848
2019-09-11,0.6467286,0.48737735,0.51123697,0.51663554,0.40777814,0.545258,0.43660295
2021-12-14,0.64787835,0.48899183,0.5127075,0.5181833,0.40871742,0.54660577,0.4377541
2019-04-04,0.6471291,0.48856816,0.51198584,0.51751304,0.40834704,0.54606754,0.43723568
2020-04-01,0.6471751,0.4886442,0.5121356,0.5175702,0.40860304,0.5461523,0.43734083
2023-12-18,0.6478191,0.4889005,0.51264346,0.5181115,0.40870544,0.546591,0.43767872
2022-12-09,0.6482988,0.48913142,0.51299906,0.518492,0.40895358,0.5470792,0.43786654
2024-06-29,0.6463866,0.4878752,0.5117368,0.5168457,0.4078311,0.5454005,0.4367144
2024-11-10,0.64774257,0.48827803,0.51233417,0.5174967,0.40824875,0.54590267,0.4372675
2020-12-08,0.6478475,0.4889736,0.5126653,0.5181623,0.40873814,0.5465841,0.43776852
2023-06-04,0.6460644,0.48752257,0.5111979,0.5166869,0.40747398,0.5449136,0.4363011
2020-11-17,0.6476864,0.48875475,0.51258767,0.5180543,0.4085945,0.5464603,0.43756327
2019-11-28,0.64771473,0.48886678,0.5125734,0.5180874,0.4086609,0.5465287,0.43767002
2021-12-26,0.6478653,0.4889744,0.5127078,0.51816726,0.40873456,0.546578,0.43779346
2024-09-26,0.6457358,0.48715815,0.510781,0.5161323,0.4069852,0.5445301,0.4358458
2019-08-17,0.6463391,0.48767984,0.51148623,0.5168052,0.40743834,0.54525745,0.436508
2021-06-22,0.6462399,0.48751834,0.51158106,0.51664937,0.4074757,0.54503983,0.43647814
2024-05-01,0.64738345,0.48862782,0.5123355,0.5179544,0.4084757,0.5462663,0.43734848
2022-03-20,0.6474185,0.48878488,0.5123657,0.5177966,0.40869153,0.5464794,0.43745586
2022-02-20,0.64755136,0.48870417,0.51212865,0.5178462,0.40865985,0.5463375,0.43748653
2019-11-25,0.64771616,0.48885402,0.5125535,0.5180818,0.4086499,0.5464979,0.43766338
2022-01-25,0.6477753,0.48892298,0.51262325,0.51812184,0.40870333,0.5465134,0.4377217
2019-05-26,0.6471019,0.48831674,0.5120075,0.517476,0.40818134,0.5458223,0.4371616
2023-09-23,0.6450842,0.48674613,0.51006657,0.5153581,0.40652964,0.5439509,0.43623018
2020-10-30,0.6476423,0.48870304,0.5125274,0.51798284,0.40852872,0.5463498,0.4376094
2020-12-23,0.64776516,0.48888925,0.51257837,0.5180891,0.4087088,0.5465128,0.43768895
2023-08-12,0.64576006,0.4869802,0.51082474,0.51632845,0.4070892,0.54477733,0.43598104
2021-08-13,0.64690524,0.48809758,0.51176506,0.51733893,0.4078795,0.5457281,0.43696383
2023-03-25,0.64734983,0.48859218,0.512144,0.5176671,0.4083293,0.546017,0.43725666
2021-05-12,0.64758486,0.48877084,0.51251775,0.5180444,0.40855053,0.5463678,0.43754476
2019-11-11,0.6477363,0.48879683,0.512552,0.5180919,0.4086398,0.54649246,0.43768293
2019-08-20,0.6463551,0.4877126,0.51148903,0.51688904,0.40746558,0.5453647,0.43649328
2020-12-20,0.6478182,0.4889589,0.5126469,0.51814586,0.40874356,0.5465748,0.437754
2022-04-24,0.64740664,0.4884604,0.5121767,0.51794964,0.40832454,0.54612637,0.43757108
2022-05-04,0.6473845,0.48862305,0.51223105,0.51776284,0.40845302,0.5461086,0.43740904
2020-12-02,0.6478483,0.48894998,0.51268053,0.5181587,0.40871435,0.54656875,0.43774083
2024-04-27,0.64752793,0.4887392,0.5124131,0.5179777,0.40857825,0.54633975,0.4374942
2021-01-02,0.6477923,0.48893392,0.5125637,0.51811326,0.40874073,0.546537,0.43771425
2019-04-20,0.64745575,0.48863545,0.51235926,0.5178902,0.4084285,0.54622096,0.4375432
2022-07-13,0.64609766,0.48760504,0.5113051,0.5166855,0.40733784,0.5451916,0.43621618
2020-06-30,0.64725137,0.48845473,0.51224697,0.5174523,0.40827748,0.5459511,0.43734843
2021-07-14,0.64700586,0.4882888,0.51212716,0.5173289,0.4081465,0.5457581,0.43716112
2024-05-16,0.6442591,0.48597586,0.5096028,0.5150393,0.40603912,0.54319715,0.43474165
2021-02-15,0.6474628,0.48862556,0.5119531,0.517748,0.40870404,0.54630136,0.43737403
2024-06-02,0.64698195,0.48841047,0.5119165,0.5174552,0.40839714,0.5459965,0.43705663
2019-11-27,0.6477302,0.4888702,0.5125801,0.51810014,0.4086652,0.54652745,0.43767276
2019-07-13,0.6471817,0.48835883,0.51209885,0.51747614,0.40815347,0.54594374,0.43715256
2021-09-23,0.64686877,0.48818007,0.511954,0.51733017,0.40803918,0.5457198,0.43700883
2019-12-18,0.6477936,0.48896596,0.5126389,0.51813245,0.4087237,0.54657614,0.437739
2023-11-07,0.6473003,0.48822212,0.5121457,0.51750594,0.40822124,0.54592633,0.43724844
2023-05-31,0.6477687,0.4889233,0.5126786,0.51813215,0.40868142,0.54655135,0.43773064
2024-03-07,0.6467048,0.4881245,0.511414,0.5170859,0.40821037,0.5457355,0.4366945
2024-05-24,0.6467515,0.48799315,0.5116443,0.51727945,0.40788418,0.54562986,0.4365477
2023-08-17,0.64643914,0.4876467,0.51133525,0.51683843,0.4075971,0.54521996,0.4365315
2022-02-25,0.64736265,0.4885271,0.51175886,0.51765984,0.40865195,0.54618704,0.4372842
2020-09-12,0.6459564,0.48759967,0.51165855,0.51661694,0.40736857,0.545275,0.43619353
2024-06-16,0.6477494,0.4885425,0.51263475,0.5178301,0.40863153,0.5464116,0.43742073
2021-02-09,0.64732575,0.48843858,0.51165485,0.5175914,0.40861946,0.5461312,0.43721646
2020-09-18,0.64681107,0.48807615,0.5118469,0.5170708,0.40773737,0.5458815,0.4368083
2024-02-08,0.6472803,0.4884843,0.512061,0.5176701,0.408448,0.5461776,0.43720192
2024-01-03,0.6478194,0.48896435,0.5126379,0.51813376,0.40873998,0.5465929,0.43773043
2022-11-10,0.64767414,0.4887786,0.51251346,0.5179749,0.40855372,0.54645824,0.43766582
2019-07-11,0.6470415,0.48825082,0.51199394,0.5174014,0.40806863,0.54584414,0.43710294
2021-01-19,0.6477081,0.4888464,0.51242673,0.51802605,0.4087332,0.5464726,0.4376451
2024-12-29,0.6479142,0.48884627,0.5126354,0.51804864,0.40871295,0.5465272,0.43765935
2022-01-29,0.6477621,0.48889288,0.5125946,0.51809853,0.4086737,0.54648286,0.437715
2020-02-20,0.64754677,0.488761,0.51231164,0.5179983,0.40865666,0.5464077,0.43745992
2023-05-20,0.6476015,0.48881632,0.512512,0.5180141,0.40853724,0.54634464,0.4375028
2024-01-30,0.64763355,0.48879203,0.5124057,0.51796573,0.4086666,0.54645395,0.43754202
2023-05-30,0.64767385,0.48881677,0.5125867,0.51803243,0.40858883,0.5464297,0.43764135
2019-06-17,0.6465607,0.48787382,0.51162905,0.5170585,0.40772107,0.5455063,0.43681037
2023-01-19,0.6484563,0.48912922,0.5131494,0.5185993,0.40908313,0.5471541,0.43800953
2021-08-24,0.6476318,0.4883884,0.51213956,0.51807714,0.4083642,0.5462741,0.43738917
2023-11-29,0.64776284,0.48880357,0.5125614,0.5180545,0.40862915,0.5465108,0.43759802
2021-04-16,0.6474085,0.48870304,0.5122912,0.51774603,0.4085313,0.5462378,0.43748817
2023-09-07,0.6434393,0.48494524,0.50865203,0.51379275,0.40509212,0.54264754,0.4341465
2024-12-09,0.64792264,0.48880115,0.5126207,0.51800656,0.4086501,0.5464586,0.4376537
2023-10-29,0.6470032,0.48793957,0.5117513,0.51714367,0.40794298,0.5456055,0.4369853
2021-06-12,0.6465945,0.48795068,0.5118058,0.51705515,0.4078257,0.5454486,0.43674457
2024-08-06,0.64739877,0.48853505,0.51224756,0.5176804,0.40835822,0.54606307,0.43726513
2021-01-12,0.64776313,0.48889917,0.5125273,0.51806104,0.40874,0.5464998,0.43767816
2023-01-09,0.64851063,0.48928425,0.51312995,0.5186654,0.40910533,0.5472295,0.4380249
2022-08-17,0.645151,0.48629308,0.51043826,0.5152006,0.40636393,0.54388124,0.43521938
2022-01-31,0.64778686,0.4889298,0.5126108,0.51812303,0.40871456,0.5465269,0.43773425
2024-12-17,0.6479559,0.4888374,0.51261395,0.51801914,0.40866023,0.5464802,0.4376502
2023-08-07,0.6467768,0.48797533,0.5117178,0.51726985,0.4078788,0.5456318,0.4368367
2023-01-03,0.6484757,0.48921216,0.51312727,0.5186026,0.4090368,0.54718024,0.4379328
2022-02-18,0.64762706,0.48877132,0.512274,0.5179334,0.40866503,0.54640174,0.4375579
2021-11-21,0.64795697,0.48899433,0.5127648,0.51824254,0.4087426,0.5466755,0.4378069
2020-01-27,0.6476471,0.48884672,0.51256204,0.51810926,0.40863276,0.5464452,0.43757945
2022-09-10,0.6455744,0.487132,0.5106547,0.5163753,0.40665904,0.5449859,0.435879
2023-04-28,0.64751726,0.48879364,0.51241934,0.5178395,0.40853032,0.5461019,0.43753034
2020-10-11,0.6474092,0.48837346,0.512169,0.5176262,0.4082964,0.5460797,0.43735263
2021-11-09,0.6474148,0.48851457,0.5125896,0.5178094,0.40837115,0.54623544,0.43743587
2022-03-22,0.64706635,0.48851162,0.5120428,0.5174775,0.4084996,0.54615575,0.43722346
2024-12-06,0.6479569,0.4886598,0.5126285,0.51790684,0.40857235,0.54634506,0.43759876
2024-07-12,0.64623344,0.4876034,0.5114721,0.5165625,0.40758228,0.54509735,0.4369431
2021-09-25,0.64661944,0.48790357,0.5117173,0.51708215,0.4078276,0.54553455,0.43676507
2023-08-29,0.6459003,0.48715112,0.5108038,0.5162002,0.40712917,0.5447088,0.43617645
2019-09-13,0.64647585,0.48690853,0.5109015,0.5161842,0.40755165,0.5449309,0.43624938
2022-03-17,0.64733267,0.4886878,0.5122391,0.5177243,0.40859088,0.54637337,0.43734047
2021-11-02,0.6459341,0.48771477,0.5124543,0.51703626,0.40762815,0.5454102,0.4365184
2024-02-03,0.6472934,0.48847964,0.51216775,0.5177025,0.4084082,0.54615325,0.4372437
2021-08-29,0.6474071,0.4882564,0.51206565,0.51754445,0.40819433,0.546206,0.43697554
2024-05-28,0.6473343,0.48851696,0.5120567,0.517688,0.40836263,0.5461033,0.4372006
2022-02-07,0.647752,0.48889688,0.5125365,0.51808405,0.408702,0.5465001,0.43768373
2019-04-22,0.64750975,0.48871806,0.5124448,0.5178848,0.4084846,0.5462476,0.4375096
2021-02-04,0.6473075,0.48846495,0.5117433,0.51760125,0.4086194,0.546139,0.4372619
2020-07-15,0.64694494,0.48823446,0.511914,0.51737005,0.4080576,0.5457735,0.43701664
2020-05-18,0.64760417,0.4887787,0.5124213,0.51792544,0.40855142,0.5463273,0.43759292
2020-08-05,0.64746386,0.48862758,0.5123358,0.5177824,0.40844467,0.5462332,0.43744537
2019-10-08,0.64717364,0.48810944,0.5118508,0.5173218,0.40814504,0.54583865,0.43716672
2024-09-20,0.64658386,0.48795885,0.5116169,0.51707053,0.40763,0.5455542,0.43686852
2022-07-30,0.6473578,0.4885363,0.5123425,0.5177609,0.4083527,0.5461829,0.43734637
2023-06-27,0.6467666,0.4880997,0.51169527,0.5171164,0.40791202,0.54551804,0.4368589
2022-05-13,0.6474116,0.4887008,0.512179,0.5177048,0.40853345,0.54616636,0.43730843
2024-11-27,0.64793855,0.4885702,0.5125959,0.51783997,0.40848958,0.5462499,0.43754202
2021-03-22,0.6460227,0.4876,0.51096135,0.5165489,0.4077713,0.54501635,0.4363261
2024-12-18,0.6479485,0.48883215,0.512613,0.5180181,0.40865266,0.54647607,0.4376484
2023-08-06,0.6467706,0.48798314,0.51172304,0.51727116,0.4078864,0.5456493,0.43682095
2021-12-05,0.6479171,0.48899812,0.5127419,0.51819944,0.40873766,0.5466524,0.43778652
2023-02-04,0.64848375,0.4891839,0.51316875,0.51863474,0.40909934,0.54712045,0.43804887
2019-11-01,0.64768493,0.48869994,0.5124854,0.5179936,0.40858668,0.5463995,0.43764564
2022-02-10,0.647628,0.4887722,0.51240146,0.51797235,0.40860677,0.5463614,0.43758428
2019-04-06,0.64694124,0.48829788,0.5118762,0.5173788,0.40809864,0.54577506,0.43702647
2020-06-03,0.6464641,0.48785198,0.51149863,0.5169558,0.4077373,0.5452409,0.43669364
2019-06-08,0.6469186,0.488229,0.5118648,0.51726466,0.40805382,0.5457526,0.43712312
2022-12-25,0.6484592,0.48926824,0.5130495,0.51862544,0.40906677,0.54719543,0.43795776
2019-09-28,0.6468652,0.48758197,0.5114138,0.51679635,0.4078513,0.54544884,0.43672952
2024-11-11,0.6477302,0.48829913,0.5123326,0.51751816,0.4082496,0.5459253,0.43728817
2020-08-18,0.6472867,0.48852867,0.5122621,0.5176995,0.40830323,0.5461515,0.437316
2020-07-17,0.6473874,0.48858196,0.51226413,0.51765406,0.40833503,0.5461624,0.437373
2020-12-05,0.6478372,0.48896116,0.51267314,0.5181685,0.40872538,0.5465879,0.4377548
2024-10-26,0.6474431,0.4879493,0.51204836,0.5170555,0.40796304,0.54546195,0.43694773
2023-08-16,0.6461368,0.4873685,0.51110786,0.5165646,0.40737203,0.5450064,0.43628806
2020-09-09,0.6459894,0.487532,0.5114005,0.51662934,0.4073291,0.5452251,0.43619087
2022-09-25,0.64337265,0.48547715,0.50903875,0.5150127,0.40451482,0.543759,0.43416005
2019-05-27,0.6469918,0.4881978,0.5119001,0.5173512,0.4080909,0.54568833,0.43708265
2019-09-21,0.646264,0.4865082,0.51053303,0.5157882,0.4072059,0.54460794,0.43592954
2023-12-25,0.64780337,0.488919,0.5126766,0.5181351,0.40871853,0.5465821,0.43772575
2019-11-17,0.64774406,0.4888301,0.5125544,0.5181019,0.40863803,0.5465195,0.43767396
2023-04-25,0.6475691,0.48880088,0.512418,0.51788527,0.40855014,0.5461616,0.43759748
2022-06-22,0.6473405,0.48855132,0.51217544,0.5175747,0.40836215,0.546025,0.4372356
2020-09-21,0.6467887,0.48804063,0.51171494,0.5169597,0.40761203,0.5458022,0.43665758
2020-12-29,0.6477802,0.488924,0.5125877,0.5181099,0.40873516,0.54654366,0.43772417
2022-03-24,0.64707094,0.4885502,0.51200134,0.51746255,0.40854225,0.5462066,0.43719923
2023-12-09,0.6478439,0.48884457,0.51259816,0.51806307,0.40866768,0.54655004,0.43762442
2022-03-05,0.64716893,0.4883738,0.5114639,0.51743007,0.40864614,0.5460623,0.43712643
2022-08-03,0.6473077,0.4884754,0.5122705,0.5176879,0.40829664,0.5461526,0.43726307
2023-03-11,0.6472379,0.48841366,0.5120289,0.5176045,0.4082788,0.54587257,0.437138
2019-10-27,0.6475712,0.4884629,0.5123521,0.5178162,0.408384,0.54625875,0.4374408
2020-02-04,0.64772266,0.4889141,0.5125921,0.5181477,0.4086974,0.5465273,0.4376505
2020-07-09,0.6465137,0.48790526,0.51158035,0.5167551,0.40770385,0.54523957,0.43679428
2024-09-02,0.6462522,0.48754898,0.51128423,0.51672864,0.40739775,0.5451278,0.4364006
2024-05-19,0.6438279,0.4856166,0.50922704,0.5146547,0.40571442,0.54278916,0.43439317
2021-06-17,0.6442537,0.48598993,0.5097241,0.5150558,0.40609545,0.5433312,0.43490615
2021-10-23,0.64675176,0.4880664,0.51235205,0.5173381,0.40800068,0.54576474,0.43695942
2024-09-21,0.64630586,0.48751023,0.5112887,0.5166122,0.40729314,0.5450801,0.4364207
2024-10-18,0.647282,0.4879736,0.5119981,0.5169157,0.40798852,0.5453488,0.43688214
2019-07-06,0.6469407,0.48815718,0.511945,0.51734346,0.40801463,0.54576313,0.4370867
2023-02-27,0.64759785,0.48864326,0.5124149,0.5179443,0.40854058,0.54623324,0.43746457
2022-09-04,0.6457375,0.48719198,0.5107595,0.51638496,0.4068327,0.54498297,0.43594134
2024-08-09,0.6473182,0.48842418,0.5121962,0.5175987,0.40829068,0.5459974,0.4372256
2019-03-26,0.64707005,0.4884183,0.5119906,0.51752305,0.4083389,0.54596573,0.43719572
2023-05-11,0.64766866,0.48889974,0.5125708,0.51805,0.40858987,0.54644966,0.43757176
2021-10-08,0.6464114,0.4876781,0.5118434,0.5169712,0.4077177,0.5453762,0.4366574
2021-03-06,0.64745474,0.48878077,0.512371,0.517843,0.40873578,0.54640776,0.43756908
2022-05-22,0.64689314,0.48816797,0.5119961,0.5174019,0.40802938,0.5456978,0.43685243
2022-08-12,0.64609486,0.48729035,0.5111613,0.51632917,0.4072313,0.544878,0.43616068
2019-05-10,0.6475186,0.48867428,0.51246893,0.51794106,0.40844065,0.54629856,0.43752462
2023-01-18,0.6484719,0.48915562,0.5131506,0.51862246,0.40910113,0.5471867,0.43802458
2022-04-25,0.6473304,0.48843846,0.51211065,0.5178099,0.40831453,0.54600847,0.43746835
2022-02-06,0.64773846,0.488886,0.5125424,0.51807743,0.4086862,0.546497,0.43767908
2021-04-27,0.6476521,0.48884115,0.51253647,0.5180111,0.4086217,0.54636866,0.43762925
2020-09-24,0.6471908,0.4883694,0.5120552,0.51741666,0.40805608,0.54607785,0.43709385
2021-08-27,0.6474507,0.48842856,0.51223606,0.5176539,0.40831223,0.546246,0.43716952
2019-10-30,0.64761555,0.48863125,0.5124271,0.51791537,0.4085351,0.5463557,0.437559
2019-09-19,0.6462108,0.48630863,0.51023567,0.5155246,0.40714192,0.54450136,0.43578815
2020-05-10,0.6476131,0.48878682,0.51249695,0.5179618,0.40858477,0.54636204,0.43759918
2019-09-01,0.6450575,0.48700526,0.51053214,0.5161499,0.40578017,0.54497844,0.43537605
2024-12-03,0.64793766,0.48869148,0.5126159,0.5179242,0.40857446,0.54635745,0.4375936
2024-08-10,0.6473152,0.48845643,0.5121887,0.5175929,0.40829793,0.54600906,0.43725356
2023-12-12,0.64783794,0.48887745,0.5126101,0.51809597,0.40868947,0.5465783,0.43766975
2020-05-31,0.6463428,0.48772314,0.511341,0.5167955,0.40757453,0.5451108,0.43657055
2021-03-17,0.64696014,0.48839432,0.5118626,0.5174087,0.40843388,0.5459518,0.43715766
2019-11-14,0.6477579,0.48882064,0.5125605,0.51809686,0.4086392,0.546513,0.4376766
2024-10-29,0.647477,0.48784018,0.5120455,0.5171201,0.4079114,0.5454988,0.43696225
2023-03-29,0.6468116,0.4880641,0.5117626,0.5172168,0.4079701,0.545447,0.43685088
2019-09-18,0.6461471,0.48612556,0.5101021,0.51537144,0.40711632,0.54437,0.43568748
2020-10-02,0.64736235,0.48848736,0.5122122,0.5177336,0.40827665,0.54617655,0.43736666
2019-05-12,0.64751405,0.48868656,0.5124594,0.5179479,0.4084562,0.54630643,0.43752393
2021-06-29,0.6473921,0.4885783,0.5123057,0.5177099,0.40842268,0.54609716,0.4375065
2021-06-02,0.6470022,0.4881604,0.5121671,0.5173685,0.40816656,0.54574025,0.43717515
2021-03-29,0.6444637,0.48609817,0.5092261,0.5150841,0.40641764,0.5431931,0.43488643
2020-06-08,0.64759505,0.48876625,0.512491,0.51794404,0.40857807,0.54628485,0.43757716
2024-11-25,0.6479101,0.48861587,0.5125905,0.5178729,0.40850574,0.54628277,0.43756357
2021-01-10,0.64777213,0.48890862,0.51250887,0.518065,0.40874338,0.546518,0.43766564
2021-09-29,0.64681333,0.4880005,0.5118475,0.5172167,0.40790766,0.545715,0.4368867
2021-03-11,0.64690995,0.48836064,0.5118904,0.5173781,0.40841827,0.545943,0.437165
2020-10-07,0.64732957,0.4884563,0.5121904,0.5176819,0.4082409,0.54612756,0.43732658
2024-05-15,0.6462573,0.48762676,0.5113147,0.516844,0.4075291,0.54504764,0.4363312
2024-01-28,0.64761883,0.48879614,0.5124347,0.5179751,0.40867075,0.54644686,0.43756056
2023-04-19,0.6473477,0.48863295,0.5122323,0.5176513,0.40844595,0.5459474,0.4373462
2019-06-26,0.64532304,0.48693544,0.51097375,0.51549834,0.40683696,0.54417443,0.4360425
2024-04-26,0.6475536,0.48875195,0.5124151,0.5179672,0.40858826,0.5463483,0.4375251
2020-11-02,0.64764893,0.48873007,0.5125587,0.51800877,0.4085372,0.546396,0.43759876
2024-07-17,0.64658475,0.4878069,0.5114999,0.5169216,0.40774983,0.54542327,0.43676126
2020-12-09,0.6478475,0.48896676,0.51266485,0.518161,0.4087345,0.54658306,0.43775517
2024-06-22,0.64696026,0.4880154,0.5121425,0.51722515,0.40820563,0.54578555,0.43696794
2023-02-01,0.6484917,0.4892505,0.5131764,0.51867694,0.40908808,0.547118,0.43804705
2023-03-23,0.64629453,0.48767653,0.51114696,0.51672816,0.40752184,0.54484123,0.43621436
2023-07-22,0.64685565,0.48811364,0.5117592,0.517329,0.40791306,0.54571104,0.43688154
2024-10-09,0.6472307,0.48821744,0.51210326,0.51734,0.40806013,0.5457863,0.4370764
2024-02-10,0.6469826,0.48825234,0.5118806,0.5174523,0.40826756,0.5459615,0.43690217
2020-10-21,0.6475325,0.48842013,0.51222575,0.51767284,0.4083853,0.54616094,0.43739337
2024-04-29,0.6475211,0.48873532,0.51239926,0.51797223,0.40858477,0.54634744,0.4374623
2023-02-14,0.64821196,0.48883957,0.51306844,0.5184108,0.40904906,0.546921,0.43788135
2019-08-14,0.6470235,0.4882564,0.5120157,0.5173969,0.40799767,0.5458405,0.4370738
2021-04-25,0.6476554,0.48885176,0.51253414,0.51799715,0.40863448,0.5463631,0.43761998
2021-07-20,0.6463428,0.48782516,0.51201385,0.5171461,0.4078523,0.5454356,0.4366765
2023-09-04,0.6438134,0.48525158,0.5090065,0.51415485,0.40545917,0.5429109,0.43446642
2023-09-22,0.64540964,0.48690632,0.51039517,0.5157223,0.4067781,0.54424226,0.4361934
2019-05-25,0.64728814,0.4884801,0.5122173,0.5176961,0.4083,0.54603285,0.43731126
2022-03-23,0.6470019,0.48848647,0.5119958,0.5174157,0.4084794,0.54613584,0.43719682
2023-01-16,0.6485311,0.4892623,0.513151,0.51867205,0.40910643,0.54722106,0.43806255
2023-05-01,0.64752305,0.4888235,0.5123595,0.517833,0.40858006,0.5461377,0.4374803
2019-06-09,0.6468333,0.4881523,0.5117749,0.5172084,0.4080328,0.5456792,0.4370317
2024-03-18,0.6470742,0.48840103,0.5118146,0.5175199,0.4083849,0.54583883,0.43723515
2021-06-23,0.64713573,0.48837042,0.5120997,0.51758504,0.40821534,0.5459284,0.43732914
2022-08-08,0.6469623,0.48813376,0.5119268,0.5173092,0.40798315,0.5457849,0.4369285
2021-07-02,0.646634,0.48791844,0.5117205,0.5168184,0.40774158,0.5453058,0.43676886
2020-05-05,0.64759594,0.4887679,0.5124831,0.51795506,0.40856627,0.54633904,0.43758854
2023-01-20,0.6484642,0.4891397,0.5131403,0.5185985,0.40906665,0.54712945,0.43801206
2021-09-02,0.6472811,0.4880538,0.51195097,0.5173428,0.40795845,0.54622144,0.4367124
2021-08-31,0.64745456,0.48819092,0.51199305,0.5174683,0.4081323,0.5463235,0.4368686
2022-02-17,0.6476221,0.48876995,0.51230705,0.5179405,0.40866172,0.5464031,0.43756944
2022-09-14,0.6445845,0.486437,0.509928,0.51571864,0.40559915,0.54444903,0.43503538
2023-08-10,0.6464586,0.48764148,0.51139957,0.5169428,0.4076037,0.545369,0.4366239
2021-04-20,0.6474452,0.488731,0.51233506,0.5177454,0.40851316,0.54619217,0.43746206
2019-09-10,0.64683074,0.4876008,0.5113864,0.5168232,0.40783098,0.5454249,0.43671727
2023-07-11,0.64667493,0.48804766,0.5116019,0.51721823,0.40783992,0.5455512,0.4367247
2024-07-05,0.64581317,0.4877785,0.5111562,0.5160971,0.4074779,0.5448248,0.43717572
2023-08-08,0.6466868,0.4879039,0.5116611,0.51720697,0.40781575,0.5455713,0.43675876
2023-07-03,0.64441085,0.48612195,0.5098735,0.51506966,0.40618253,0.54337835,0.43484876
2020-10-01,0.64735687,0.4884786,0.512221,0.5177252,0.40824232,0.54617006,0.43734565
2022-08-14,0.6446873,0.48592484,0.5102597,0.5147312,0.40597618,0.54337156,0.4348731
2022-02-13,0.6475609,0.4887016,0.5122874,0.51788306,0.40857732,0.5462966,0.43749592
2022-07-17,0.64608526,0.48754275,0.5110926,0.51652575,0.40713793,0.5451336,0.43598256
2021-08-16,0.6474157,0.48849556,0.5122592,0.5177707,0.40840402,0.54616404,0.4373958
2019-06-16,0.6467054,0.488023,0.5116834,0.51717615,0.4078426,0.54562736,0.4369071
2022-09-06,0.6457195,0.48719662,0.51081586,0.51644033,0.40678322,0.54502857,0.43595845
2023-07-17,0.64724195,0.48847798,0.51211876,0.5176428,0.40824825,0.546047,0.4372584
2020-10-03,0.64736336,0.48850468,0.51224595,0.51775914,0.4082883,0.54619306,0.43737668
2023-05-27,0.64761704,0.48870662,0.51251996,0.5180142,0.40850052,0.54623157,0.43750775
2021-04-01,0.64569515,0.48721576,0.5103059,0.5160969,0.4071562,0.5443517,0.43582916
2024-03-09,0.6468386,0.4882146,0.51154387,0.5172279,0.40832016,0.54587114,0.4368697
2024-12-16,0.647951,0.4887827,0.5126222,0.5179871,0.408651,0.5464484,0.4376324
2020-11-29,0.64782256,0.4889012,0.51267225,0.5181443,0.4086844,0.54656833,0.4376918
2024-02-05,0.6474081,0.48860142,0.51219916,0.51776713,0.40851083,0.5462652,0.43732512
2024-02-01,0.64750284,0.4886925,0.5122909,0.51786184,0.40857545,0.54633605,0.43743378
2022-01-23,0.6478056,0.48894978,0.5126558,0.518142,0.40871468,0.5465469,0.43775582
2019-12-25,0.64783126,0.48898575,0.51268035,0.51817,0.4087461,0.5465956,0.43775454
2020-08-14,0.6472626,0.48849976,0.5122225,0.5176827,0.40828654,0.5461124,0.43728775
2021-01-07,0.64779526,0.48894423,0.5125628,0.5181031,0.40874404,0.5465402,0.43772057
2020-12-26,0.647788,0.488928,0.51260436,0.51812,0.4087381,0.5465431,0.43773818
2024-05-21,0.64494205,0.4864828,0.5101503,0.5156235,0.40650454,0.5439149,0.43513143
2023-12-27,0.6478095,0.48894835,0.51266253,0.5181389,0.40872857,0.5465853,0.43773562
2024-02-07,0.6473349,0.48854312,0.51209813,0.51771027,0.40849495,0.5462175,0.43725747
2023-11-06,0.6472459,0.48812932,0.512061,0.5174,0.40816164,0.5458505,0.4372037
2021-04-06,0.6471192,0.4884599,0.51195896,0.51746845,0.40833193,0.5459614,0.43725994
2023-06-29,0.6461504,0.48756555,0.5112175,0.51661766,0.4074302,0.5449482,0.4363326
2023-12-11,0.6478264,0.4888752,0.51261497,0.51809543,0.40868282,0.5465719,0.43763313
2022-02-21,0.64752525,0.48869318,0.51208764,0.5178358,0.4086615,0.54632205,0.43746617
2021-04-26,0.6475418,0.48878947,0.51243883,0.5178713,0.4085668,0.5462461,0.43752107
2023-05-10,0.647699,0.48891318,0.51259464,0.5180727,0.4086225,0.5464772,0.4376339
2023-03-24,0.64702463,0.48834354,0.5116701,0.5172871,0.4080336,0.5455937,0.43683204
2021-08-18,0.64759725,0.48863932,0.5123885,0.51798934,0.4085358,0.5463172,0.43753433
2023-10-02,0.6449098,0.48631516,0.509876,0.5151793,0.40631965,0.54378396,0.4357206
2024-05-10,0.6474672,0.4887195,0.5124493,0.51810473,0.408541,0.5464767,0.43718925
2020-02-11,0.6475836,0.48880583,0.5124766,0.5181055,0.4086379,0.5464484,0.4374887
2020-03-15,0.64753026,0.48874202,0.51232016,0.5178311,0.40855142,0.54621893,0.4374806
2021-06-27,0.6472904,0.48849437,0.5122241,0.51758534,0.40831205,0.5460216,0.43748304
2023-11-14,0.64748234,0.48844573,0.51233244,0.5177384,0.40842652,0.5461585,0.43740174
2023-04-10,0.6464271,0.48781118,0.5113419,0.5168525,0.40774697,0.5449989,0.43648565
2023-02-08,0.6484719,0.48915324,0.5131673,0.518669,0.40913078,0.5470703,0.4380013
2019-10-12,0.64717585,0.48812568,0.5119233,0.5173774,0.40816003,0.5458293,0.43714026
2021-04-12,0.6474266,0.4887676,0.5122379,0.51775175,0.40859592,0.54629755,0.4375212
2024-01-24,0.64771986,0.48887044,0.5124829,0.5180416,0.40871042,0.5465088,0.4376387
2021-05-29,0.64628273,0.4865731,0.5122417,0.516584,0.4080642,0.5445251,0.43728748
2022-01-03,0.6478405,0.48898283,0.512702,0.5181748,0.40873912,0.54658175,0.4377958
2024-11-07,0.6476771,0.488199,0.51226526,0.5174069,0.40815294,0.5457997,0.43720588
2021-11-23,0.647982,0.4890111,0.512815,0.518276,0.40875888,0.5467083,0.43784475
2024-03-10,0.6469746,0.48831517,0.5116968,0.51740867,0.4083721,0.5459432,0.43705216
2019-04-12,0.64704186,0.48840547,0.51201546,0.5174714,0.40823781,0.5458892,0.43711033
2022-03-11,0.64747936,0.48870188,0.51223236,0.51781446,0.40859783,0.5463564,0.43742105
2023-03-04,0.6468853,0.48810628,0.5118745,0.51732737,0.40810946,0.5456214,0.43688768
2020-10-04,0.64727545,0.48838887,0.51215357,0.51765954,0.40819353,0.5460723,0.4373047
2024-03-12,0.64686954,0.48822042,0.51154417,0.51731247,0.40830368,0.5457593,0.43702817
2023-04-23,0.64736426,0.4887889,0.5123249,0.5176378,0.4085004,0.54592544,0.4373789
2021-03-12,0.64738375,0.48875058,0.51231015,0.5177982,0.40872642,0.5463728,0.43753198
2023-10-12,0.64557374,0.48701096,0.5104293,0.5156816,0.40683717,0.5443189,0.43660092
2023-07-15,0.64706576,0.48830765,0.511964,0.5174468,0.40808624,0.54588604,0.4370744
2021-11-28,0.6479473,0.4890183,0.512788,0.5182575,0.40874997,0.5467024,0.43780813
2020-10-08,0.64736944,0.48844528,0.5122121,0.5177086,0.40826398,0.5461205,0.4373794
2021-07-31,0.6468073,0.48844358,0.511757,0.5168987,0.4081873,0.5455476,0.43706605
2023-09-02,0.6441484,0.48558405,0.5093564,0.5145845,0.4057903,0.54320383,0.434763
2022-02-04,0.64769983,0.4888409,0.51250535,0.5180364,0.40864092,0.5464359,0.43764392
2021-12-07,0.64793473,0.48899046,0.5127276,0.5181792,0.4087267,0.54662293,0.4377697
2020-03-12,0.6474968,0.48868236,0.5121916,0.51780605,0.40858683,0.5462338,0.4374471
2019-12-29,0.64783967,0.48898602,0.5127008,0.5181756,0.4087585,0.5465892,0.43778268
2021-07-19,0.64558095,0.48733237,0.5117594,0.51672727,0.4074261,0.54491895,0.436253
2023-03-03,0.64748484,0.4885543,0.51235425,0.51784533,0.40849617,0.5461635,0.43736872
2024-01-16,0.64778686,0.48892987,0.5126026,0.5181161,0.40873802,0.54656416,0.43770525
2023-08-19,0.6463608,0.48746693,0.5112045,0.51671624,0.40752235,0.5451398,0.43652412
2019-05-21,0.64740044,0.48860094,0.51238376,0.5178946,0.40841353,0.54622734,0.4374097
2021-09-01,0.647468,0.4881832,0.51199996,0.51743186,0.40808603,0.54634815,0.4368077
2022-07-22,0.6463587,0.487797,0.51146257,0.5169451,0.40748078,0.5454172,0.43645397
2023-12-05,0.6478207,0.48887888,0.51261073,0.51809895,0.40868422,0.5465762,0.43765688
2020-12-17,0.64781046,0.48894942,0.5126351,0.5181298,0.4087365,0.5465585,0.437737
2021-03-21,0.6465359,0.48804015,0.5114353,0.5170077,0.40813693,0.54551953,0.43676063
2022-01-22,0.64781755,0.4889622,0.5126609,0.51815826,0.40872693,0.5465512,0.4377667
2024-01-26,0.64763254,0.48879957,0.5124553,0.51798254,0.40864715,0.54644364,0.43757546
2020-12-07,0.6478395,0.4889744,0.5126789,0.51816523,0.40874276,0.54658586,0.4377642
2022-07-18,0.6461186,0.48758504,0.5111205,0.5165498,0.4071967,0.5451481,0.43605468
2020-07-28,0.6474196,0.48860106,0.5122954,0.51773256,0.40838656,0.546185,0.43737456
2023-07-04,0.644369,0.48610935,0.50982237,0.5149908,0.4061952,0.543339,0.43481624
2024-02-28,0.6467045,0.48815814,0.51170564,0.5171547,0.40822276,0.5459359,0.43662214
2023-03-12,0.64724445,0.48844016,0.51207614,0.5176005,0.40829745,0.5459177,0.4371518
2023-06-24,0.64694583,0.4882332,0.5119374,0.51720595,0.4081316,0.5457174,0.43692282
2022-06-24,0.6471595,0.48839885,0.5120982,0.5174593,0.40823513,0.54587305,0.43720514
2021-02-10,0.64733034,0.48846725,0.5116717,0.5175873,0.40864673,0.5461433,0.4372325
2021-05-06,0.64756423,0.4887724,0.5124762,0.517963,0.4085916,0.54631644,0.43751895
2023-06-10,0.64706486,0.488351,0.5119533,0.51747906,0.40826708,0.5458141,0.4371405
2019-08-18,0.6463639,0.48765895,0.5114606,0.5167915,0.4074442,0.54524547,0.4365228
2021-10-21,0.6466628,0.4879768,0.5122965,0.5172398,0.4079739,0.54570997,0.43690303
2020-02-01,0.64754224,0.48876277,0.5124825,0.5180795,0.40858066,0.5463876,0.4374625
2023-11-02,0.6472525,0.48813024,0.511957,0.51735586,0.40813994,0.54586995,0.4371754
2023-06-08,0.6468462,0.4881179,0.5117708,0.5172705,0.4081077,0.54558337,0.43692005
2020-07-14,0.6465227,0.48788428,0.511538,0.5169816,0.407739,0.5453839,0.43665376
2023-02-03,0.64856297,0.48928538,0.5132003,0.5187321,0.4091212,0.547191,0.43808943
2021-09-10,0.64693105,0.48820746,0.511719,0.5170198,0.40790614,0.54593813,0.4370039
2019-05-28,0.6468651,0.48807094,0.51184106,0.5172452,0.40802914,0.54559636,0.43697512
2021-04-30,0.6475403,0.48878744,0.5124674,0.5178966,0.40858418,0.5462777,0.43749985
2021-05-16,0.64764565,0.48880047,0.5125458,0.51807404,0.40857422,0.5463984,0.43760264
2021-09-19,0.6468102,0.48805663,0.51182026,0.5171552,0.40787584,0.5456923,0.43695328
2022-12-31,0.6482845,0.48917478,0.51298565,0.5184871,0.40896603,0.54701024,0.43791634
2022-07-15,0.6460694,0.48757756,0.51120085,0.5166513,0.40726823,0.5451751,0.4361378
2023-08-20,0.6463219,0.48747146,0.51114935,0.5167078,0.40748724,0.54508764,0.4365166
2024-08-18,0.64699715,0.48818478,0.51196784,0.5174435,0.40804625,0.5458112,0.4370273
2020-05-24,0.6476155,0.48877227,0.51245326,0.51791424,0.40856645,0.54631335,0.43755123
2024-03-30,0.6475781,0.4887492,0.51240104,0.51796657,0.40863866,0.5463298,0.43761674
2019-10-04,0.64700043,0.48790175,0.5116618,0.51713043,0.4079928,0.54567933,0.43693963
2024-03-16,0.64711577,0.48840335,0.5118283,0.517527,0.4084289,0.5459123,0.43725756
2021-10-13,0.6457168,0.4869693,0.5119856,0.5165031,0.4074674,0.5448373,0.4364443
2023-02-23,0.64686084,0.4880321,0.51179004,0.51728094,0.40800908,0.5455309,0.43689078
2020-12-06,0.6478355,0.48896036,0.51266825,0.5181661,0.40872,0.5465758,0.4377457
2023-03-06,0.6472922,0.4884729,0.5121694,0.5176769,0.4083501,0.5459957,0.43722537
2019-04-19,0.6474214,0.488547,0.5122687,0.5178741,0.4083448,0.5461642,0.43755543
2020-08-04,0.64750385,0.4886811,0.5123836,0.5178147,0.4084618,0.54626423,0.43745863
2020-02-07,0.64760524,0.48883244,0.51252884,0.51815116,0.4086494,0.54646444,0.43749738
2021-06-04,0.6468974,0.48820853,0.5119948,0.5173301,0.40807793,0.54574996,0.43701237
2020-07-12,0.6456208,0.48708913,0.5108624,0.516077,0.407039,0.544496,0.43593624
2019-11-07,0.64771867,0.48877853,0.5125423,0.5180655,0.40863866,0.5464702,0.43768498
2019-05-15,0.6474786,0.4886564,0.51243085,0.51792455,0.40846488,0.54628676,0.43747982
2020-10-15,0.64754057,0.48843548,0.51222855,0.5176864,0.40838894,0.5461608,0.43740058
2021-11-07,0.64619374,0.48783138,0.51248187,0.5171518,0.40779606,0.5455369,0.43669695
2023-07-28,0.6469123,0.48812467,0.5118241,0.5174365,0.40795717,0.5457641,0.4370061
2020-05-16,0.64756185,0.48873833,0.5123926,0.5179017,0.40851942,0.5462876,0.43755072
2022-11-13,0.64779305,0.4888985,0.5126198,0.51809,0.4086737,0.5465834,0.4377222
2023-06-21,0.64686215,0.48822945,0.5118498,0.5171984,0.40816504,0.54567957,0.4368081
2023-09-09,0.64321864,0.48466718,0.50854677,0.5136883,0.40499493,0.5423487,0.43391433
2022-06-03,0.6470884,0.48837316,0.5119267,0.5174206,0.40837926,0.54591537,0.43711448
2024-10-07,0.64732796,0.48835042,0.51212645,0.5174426,0.4081845,0.5458905,0.43717042
2022-02-23,0.6474505,0.48860386,0.51194835,0.5177385,0.40863448,0.5462617,0.43738797
2023-08-04,0.6468382,0.48805758,0.5117788,0.51728207,0.40792662,0.5456728,0.43687448
2024-07-03,0.6467005,0.48816848,0.5117232,0.5170219,0.40802154,0.5455975,0.4370591
2020-04-05,0.6464213,0.48811173,0.5114536,0.5168041,0.40814888,0.54538023,0.43665412
2020-04-30,0.6476342,0.48877013,0.51254827,0.51799107,0.40856376,0.5463467,0.43762043
2020-11-23,0.64776117,0.48880816,0.5126351,0.51809484,0.40862703,0.5465166,0.43759954
2024-12-04,0.64793295,0.48875865,0.51262283,0.51798683,0.40862083,0.5464343,0.43763268
2020-05-23,0.64760786,0.4887844,0.5124199,0.51789844,0.4085511,0.5463122,0.43755388
2021-10-18,0.6457843,0.4872916,0.51210284,0.5166222,0.40742916,0.5451018,0.43634364
2021-05-18,0.6476708,0.48882088,0.5125423,0.51805115,0.40861765,0.5464188,0.43762925
2022-04-10,0.6473898,0.48858422,0.51226443,0.5177166,0.40846968,0.5460792,0.4374239
2024-10-23,0.64730847,0.48826054,0.51204634,0.5169943,0.4081733,0.54544926,0.43698692
2024-08-29,0.64647174,0.48767346,0.5115297,0.51695365,0.40758586,0.54532564,0.43658006
2021-08-19,0.6476629,0.48870686,0.51243883,0.5180601,0.408565,0.5463715,0.4375762
2019-06-07,0.6467896,0.4881073,0.5117363,0.5171587,0.40795797,0.5456441,0.4370182
2023-12-19,0.6478315,0.48891294,0.512641,0.5181176,0.40871271,0.5465992,0.43768054
2022-01-26,0.647753,0.48888674,0.5125872,0.5180899,0.4086678,0.5464836,0.43770102
2024-10-15,0.64727163,0.4881048,0.5121051,0.51717764,0.40808392,0.54562557,0.43700323
2024-06-15,0.64758,0.4881898,0.51270115,0.51761734,0.40873718,0.54646903,0.43733224
2021-04-05,0.6466344,0.487969,0.51148784,0.51705515,0.40790075,0.545384,0.43683073
2024-05-14,0.6472194,0.48844403,0.51218617,0.517781,0.40828162,0.54602724,0.43710044
2021-09-24,0.6467789,0.48807627,0.5118489,0.5172143,0.40796036,0.54565555,0.4369127
2023-04-20,0.6474699,0.48871595,0.5123205,0.5177508,0.40850624,0.54606414,0.43747437
2021-04-07,0.6469763,0.48834848,0.51185554,0.5173622,0.40824974,0.5458206,0.4371587
2020-08-20,0.64711833,0.4884014,0.5120793,0.51756364,0.4081581,0.5460034,0.4371821
2024-03-13,0.64703566,0.4883198,0.5116961,0.5174507,0.40840453,0.5459057,0.43718272
2023-06-28,0.64670455,0.48806572,0.5116425,0.51711816,0.4078841,0.5454809,0.43680567
2022-09-15,0.6444122,0.48628935,0.5097383,0.51558864,0.40545392,0.5443135,0.4348867
2020-12-24,0.64775413,0.48889756,0.51259166,0.51809514,0.40871432,0.5465139,0.4377133
2024-10-01,0.64687735,0.48825383,0.51186895,0.5173606,0.40794837,0.5457844,0.43699634
2024-08-20,0.64707613,0.48819292,0.5120033,0.5174815,0.40807512,0.54583186,0.43710536
2024-06-24,0.64681435,0.48797962,0.51211846,0.51719224,0.40812024,0.54563445,0.43700755
2023-04-08,0.64661163,0.48792472,0.51154125,0.51703364,0.40787464,0.54521954,0.43669525
2020-04-03,0.6469649,0.4885346,0.51195526,0.5173523,0.40856013,0.5460192,0.4371941
2020-03-27,0.64729434,0.4887145,0.5122766,0.51772386,0.4086307,0.54624677,0.43741262
2022-02-03,0.647766,0.48891342,0.51258993,0.5181005,0.40869322,0.54651046,0.4377134
2023-04-21,0.6473003,0.48870525,0.5121905,0.5175643,0.40845776,0.54585093,0.43731347
2019-09-12,0.6466509,0.48719165,0.5110731,0.5164497,0.40773335,0.545124,0.4364601
2020-07-20,0.64709675,0.48831698,0.51198566,0.5173679,0.4080944,0.54591537,0.4371555
2024-07-10,0.6465692,0.48797277,0.51176393,0.5170445,0.40787235,0.5454814,0.43703592
2020-04-26,0.6475385,0.4887085,0.51249385,0.51790977,0.40852076,0.5462625,0.43748343
2019-11-13,0.64775306,0.48881027,0.5125641,0.5181128,0.4086334,0.5465264,0.43767834
2021-06-28,0.6474161,0.48861036,0.5123274,0.517738,0.4084319,0.5461369,0.43755442
2022-11-20,0.6479783,0.4889842,0.51277757,0.5182466,0.40872863,0.5467463,0.43778095
2023-08-14,0.64572555,0.48697296,0.5108055,0.51627743,0.40704745,0.54468817,0.43591908
2022-06-28,0.64691585,0.48823524,0.511976,0.517322,0.40805906,0.5457745,0.43715957
2023-05-13,0.647665,0.4889168,0.5125874,0.51806575,0.40856302,0.5464894,0.43760133
2022-03-29,0.6468016,0.48845506,0.5118599,0.51723325,0.40851596,0.5460448,0.43708906
2022-01-14,0.64784616,0.48899212,0.5127053,0.5181857,0.40874985,0.54658496,0.4377974
2020-11-06,0.6477838,0.48886964,0.5126345,0.51810443,0.40865272,0.546484,0.43773654
2023-04-09,0.6465222,0.48784086,0.51147604,0.5169315,0.40777192,0.5450902,0.4365815
2022-05-25,0.64572376,0.487229,0.5110311,0.5164487,0.40724593,0.54468256,0.4359532
2021-11-22,0.647951,0.48898646,0.5127689,0.51823026,0.4087417,0.5466686,0.43780845
2020-07-08,0.64667195,0.48795357,0.51174843,0.51690036,0.40781608,0.5453732,0.4367731
2023-07-06,0.64443725,0.48624694,0.50968164,0.51500267,0.4063622,0.54348767,0.43491188
2021-04-14,0.6472874,0.48852184,0.5121625,0.5176255,0.4083447,0.54600394,0.43741444
2024-01-01,0.6478151,0.48895386,0.5126461,0.51813567,0.40872425,0.5465813,0.4377225
2020-07-26,0.64729154,0.48850226,0.5121626,0.5176131,0.40827975,0.5460814,0.43725073
2022-02-09,0.64762706,0.4887639,0.5124033,0.51795447,0.40859735,0.5463609,0.4375756
2024-02-12,0.6472781,0.48850906,0.51200575,0.51764053,0.40848655,0.5461832,0.4371845
2024-11-19,0.6478459,0.48855963,0.51250684,0.5177959,0.40845233,0.54621243,0.43748963
2021-06-30,0.6472303,0.48846337,0.5122204,0.5175406,0.40827554,0.5459164,0.43736157
2020-12-15,0.6478206,0.4889581,0.51265913,0.5181509,0.408733,0.5465655,0.4377528
2021-08-09,0.64637387,0.48790288,0.51125014,0.51621586,0.40720356,0.54503274,0.43595555
2019-10-14,0.6471439,0.48808762,0.51191497,0.5173594,0.4081341,0.54582155,0.43711397
2023-05-17,0.64770067,0.4889158,0.5125523,0.5180713,0.40857363,0.54648226,0.4376267
2024-11-16,0.6478455,0.48840365,0.5124536,0.5176512,0.40835294,0.5460621,0.43738547
2022-08-11,0.6465459,0.4877497,0.51150817,0.5168642,0.40765715,0.5453457,0.4365594
2022-01-30,0.64776355,0.4889089,0.51259786,0.5181056,0.40868962,0.5465062,0.4377135
2022-06-01,0.6474556,0.48869056,0.5124017,0.51787865,0.40855873,0.54632854,0.43738115
2022-07-11,0.64608943,0.48763663,0.51124525,0.51672,0.4073674,0.545168,0.43627226
2023-03-15,0.6473743,0.48853672,0.5121224,0.51768196,0.40835306,0.5460087,0.43723214
2024-02-23,0.64569825,0.48710713,0.5115996,0.51681215,0.4073267,0.54563564,0.43501034
2019-04-18,0.647193,0.488448,0.51212543,0.5176098,0.40827638,0.54593396,0.43726796
2021-01-21,0.6476224,0.48875377,0.5123127,0.51793534,0.40867618,0.54638284,0.43755412
2022-11-06,0.6475855,0.48868647,0.51245683,0.51787853,0.4085195,0.54637,0.43758786
2021-04-15,0.647357,0.48865896,0.5122294,0.51769626,0.4084856,0.54617435,0.43742836
2021-05-31,0.6465351,0.48719385,0.5121889,0.516855,0.40807053,0.544984,0.4372038
2020-10-23,0.64746326,0.48839265,0.51221085,0.51765174,0.40832254,0.5461088,0.4373357
2019-05-02,0.64757544,0.48876494,0.51253265,0.5179729,0.40854034,0.5463322,0.43755716
2022-09-11,0.645493,0.4869724,0.510568,0.5163164,0.40655327,0.5449115,0.43582818
2022-06-12,0.6467279,0.4879985,0.51157075,0.5169282,0.40800893,0.54545593,0.43675354
2019-05-19,0.64747274,0.4886581,0.5124252,0.51788825,0.40846997,0.54625636,0.43746543
2022-12-24,0.6485202,0.4892938,0.5131043,0.5186509,0.40906253,0.547228,0.43797967
2019-04-27,0.6475344,0.48873565,0.5124774,0.5179047,0.40849248,0.54626995,0.43752435
2022-04-13,0.64737284,0.48854348,0.51226705,0.51774704,0.40839705,0.5460043,0.43736395
2022-11-24,0.64810705,0.48907965,0.51286775,0.51835805,0.4088292,0.54689616,0.43780893
2023-07-12,0.6469074,0.48824355,0.5117332,0.5173339,0.4079879,0.5457735,0.43690458
2023-08-21,0.64626276,0.48744076,0.5111504,0.5166845,0.40748498,0.54506475,0.43646574
2024-03-03,0.6468183,0.4882564,0.5116985,0.51717997,0.40825483,0.5459421,0.43674424
2022-12-07,0.64829075,0.48908615,0.51299953,0.5184705,0.40895134,0.5470634,0.43786848
2023-03-09,0.6475386,0.48864433,0.51232934,0.5178876,0.40849856,0.5461971,0.43741935
2020-11-21,0.6477177,0.48877263,0.51264405,0.51807046,0.40858543,0.54649985,0.43756858
2022-12-04,0.6483401,0.48916522,0.5130265,0.51850736,0.40897802,0.5470872,0.43790933
2020-12-13,0.6478435,0.48898095,0.5126746,0.5181657,0.408752,0.5465958,0.43777144
2022-01-16,0.6478367,0.4889827,0.5127005,0.5181799,0.40873876,0.54657656,0.43778625
2020-11-12,0.64775264,0.48880288,0.51261646,0.5180698,0.4086194,0.5464668,0.437667
2020-09-04,0.6455684,0.48709896,0.51092076,0.51621014,0.40694523,0.5447277,0.43580613
2020-02-03,0.6477271,0.4888998,0.5125729,0.51813537,0.40869075,0.5465134,0.43764073
2024-10-17,0.6473113,0.488022,0.5121027,0.5170428,0.40798536,0.54546267,0.43693066
2024-06-28,0.6464657,0.48793173,0.5118121,0.51695913,0.40792584,0.5455008,0.4367609
2024-07-04,0.646398,0.4880204,0.51150393,0.51670945,0.40784863,0.5453239,0.43709078
2023-12-03,0.64782137,0.48886746,0.5125873,0.5180853,0.40868038,0.5465509,0.43764985
2021-08-26,0.6474153,0.48838726,0.51220214,0.5176362,0.4082999,0.5461745,0.4371604
2020-06-19,0.6464093,0.48782912,0.5123034,0.51706666,0.4079121,0.545513,0.4366844
2022-07-14,0.6460512,0.48760092,0.5112171,0.51669,0.40729806,0.5451753,0.43617728
2022-07-16,0.64606553,0.48754734,0.51114,0.51657385,0.40720525,0.5451387,0.43605736
2021-05-15,0.6476672,0.4888229,0.5125604,0.5180911,0.40860742,0.5464309,0.43762416
2023-11-21,0.64774656,0.48863134,0.5124662,0.5178676,0.4085237,0.5463345,0.4374765
2021-09-28,0.64671326,0.48786998,0.51172745,0.51709306,0.40783104,0.54557276,0.43679202
2021-07-13,0.647215,0.48844653,0.5121796,0.5175326,0.40829316,0.54597265,0.43729025
2022-06-11,0.646847,0.48806003,0.51167387,0.51702696,0.4080922,0.54554284,0.43682426
2020-03-19,0.64752525,0.4887679,0.51243377,0.5178804,0.40853664,0.5462604,0.43756875
2021-01-08,0.6477875,0.48892868,0.5125579,0.51809293,0.40873632,0.546529,0.43769515
2021-01-27,0.6475605,0.48869693,0.5121295,0.51785225,0.40869138,0.5463407,0.43748406
2019-04-16,0.64700884,0.48827684,0.5119605,0.5174515,0.40813982,0.5457265,0.43708313
2021-01-24,0.64758074,0.48871437,0.51219493,0.51787794,0.40868843,0.5463551,0.43749335
2023-03-19,0.64657265,0.48792496,0.51147455,0.51693964,0.4077746,0.54518247,0.4364853
2019-12-20,0.6478042,0.4889639,0.5126571,0.5181512,0.40873128,0.5465753,0.43775007
2021-02-20,0.6476918,0.48883972,0.5124015,0.5180289,0.40869772,0.546479,0.43757465
2020-08-22,0.647182,0.48847038,0.51217514,0.51763195,0.40812892,0.54615915,0.4372343
2023-10-07,0.6451627,0.48659676,0.5100587,0.5153409,0.40649378,0.54400516,0.43612257
2023-04-15,0.64678043,0.48799336,0.5117413,0.5171293,0.4079759,0.5453106,0.43684238
2023-02-12,0.6481837,0.48877665,0.5130873,0.5183527,0.40905264,0.5469369,0.43787336
2023-12-23,0.6478295,0.48894316,0.5126627,0.51814705,0.40872148,0.54658365,0.43774334
2019-12-12,0.6478053,0.4889729,0.5126392,0.5181416,0.40873456,0.5465864,0.43774083
2020-03-28,0.6468026,0.48828793,0.51183367,0.51724106,0.4083124,0.54569685,0.43700525
2019-10-09,0.64718664,0.48812944,0.5118914,0.5173463,0.40816155,0.5458726,0.43714303
2019-10-24,0.6476073,0.48854676,0.5123642,0.51784396,0.40847972,0.5462848,0.43749025
2023-11-09,0.64723647,0.48812082,0.5121314,0.5174372,0.40818483,0.5458476,0.4372058
2021-06-10,0.6470773,0.48836234,0.51220495,0.5175122,0.40819898,0.5459227,0.43717223
2020-03-07,0.6470998,0.48827127,0.5113357,0.5173693,0.40860474,0.5459522,0.4370368
2022-07-29,0.6472142,0.48843515,0.5122152,0.517673,0.40824848,0.5460842,0.43724042
2020-09-25,0.64723307,0.4883893,0.5120849,0.51750505,0.4080891,0.5461035,0.43715644
2024-10-22,0.647231,0.48818102,0.5120196,0.51682884,0.40807664,0.5452885,0.43685815
2019-06-13,0.64677685,0.48814836,0.5117112,0.51712376,0.40791717,0.5456433,0.43712345
2019-06-29,0.64665926,0.48805043,0.5117047,0.5170698,0.40794292,0.5455638,0.4369458
2024-09-25,0.6452094,0.48663217,0.5102439,0.515492,0.40653297,0.54394233,0.43520525
2023-09-29,0.64481306,0.48634055,0.5097503,0.51496327,0.40623933,0.5436224,0.4360024
2024-10-05,0.6472322,0.4883255,0.51204824,0.51742536,0.40812105,0.5458828,0.43716368
2019-04-13,0.64717597,0.4885012,0.51213676,0.51759124,0.40831214,0.5459765,0.43723387
2024-07-24,0.64584005,0.4871122,0.5107351,0.51613265,0.40714827,0.54466224,0.43605548
2020-12-18,0.64779425,0.4889313,0.51262075,0.5181211,0.4087187,0.5465389,0.43771577
2023-09-15,0.6445699,0.48615217,0.50973743,0.51487553,0.40607202,0.5436635,0.43540615
2022-01-12,0.6478462,0.48899445,0.5127057,0.5181928,0.40874776,0.54658353,0.4377912
2020-09-23,0.64727694,0.48840278,0.51214015,0.51748854,0.40813026,0.5460905,0.4371696
2024-10-04,0.6471019,0.4883362,0.51201135,0.5174406,0.40804115,0.54589933,0.43712765
2020-08-02,0.6474051,0.48858774,0.5122954,0.51769143,0.40839395,0.54618615,0.4373693
2024-07-30,0.6471758,0.48833108,0.5119761,0.5174684,0.40818253,0.54580986,0.43714634
2024-10-28,0.6474572,0.48781392,0.5120192,0.5170381,0.4078595,0.5454237,0.43686843
2021-07-17,0.6458275,0.4876348,0.5118433,0.5167347,0.4074845,0.54508907,0.43654537
2020-06-17,0.64682436,0.48810616,0.51237106,0.517385,0.40811318,0.54585004,0.4368265
2019-08-16,0.64678675,0.4880563,0.51183283,0.5172271,0.40781415,0.5456644,0.43689585
2023-04-05,0.6470075,0.48824552,0.5118826,0.5174001,0.408131,0.5456247,0.43699497
2024-08-05,0.6473656,0.4884608,0.5121645,0.5176653,0.40832582,0.545957,0.43725327
2024-01-11,0.64780354,0.48895296,0.5126327,0.51813495,0.40874356,0.54658127,0.43773115
2021-04-23,0.6474984,0.488772,0.51237845,0.51778454,0.40850604,0.5461994,0.43745276
2020-01-22,0.6477681,0.48892948,0.51264966,0.51815706,0.40871337,0.546538,0.4377079
2020-09-02,0.64691126,0.48826924,0.51201934,0.5174132,0.40800875,0.54591435,0.43698823
2021-09-30,0.64656883,0.48775706,0.5116734,0.51698935,0.40776253,0.54549235,0.4366888
2024-10-06,0.6472854,0.48834586,0.5121483,0.5174705,0.40815592,0.54589975,0.43717688
2023-01-22,0.6483981,0.48911405,0.5130962,0.51858103,0.40904108,0.5470958,0.4379972
2021-03-23,0.64579505,0.48740372,0.51072997,0.51633817,0.40761122,0.5447813,0.4361392
2019-07-16,0.64725256,0.48843038,0.5121616,0.5175346,0.40823668,0.54599506,0.43726382
2020-10-09,0.6473383,0.48836797,0.5121493,0.51766866,0.4082423,0.5460712,0.43731883
2023-10-31,0.64714,0.4880138,0.5118209,0.51722807,0.4080532,0.5457445,0.43707612
2022-12-15,0.64841163,0.489246,0.5130696,0.5185932,0.4090123,0.547129,0.43797925
2019-07-01,0.647093,0.48836234,0.5120807,0.5175882,0.40819448,0.545974,0.4372283
2021-06-05,0.64700073,0.48827276,0.51204616,0.51738566,0.40808102,0.54583794,0.4370813
2019-04-05,0.64686394,0.48827833,0.51179695,0.5173057,0.40808293,0.5457516,0.43698668
2021-02-25,0.6476917,0.48890823,0.5125205,0.5180512,0.40876952,0.5465428,0.43765122
2021-12-03,0.6479683,0.48900986,0.51278424,0.5182297,0.4087406,0.54667455,0.43779474
2023-05-22,0.647702,0.48887843,0.5126238,0.5181402,0.40861455,0.54642785,0.4375726
2021-08-20,0.64768803,0.4886371,0.5124045,0.51815253,0.4085304,0.546418,0.4375744
2023-07-09,0.64587307,0.4874305,0.51085097,0.5164407,0.40734893,0.5448002,0.43605226
2022-11-09,0.64764553,0.48874182,0.5124971,0.51795477,0.40854695,0.5464283,0.43763283
2020-02-26,0.6473517,0.48853922,0.51185894,0.5177086,0.40864003,0.54622144,0.43727645
2023-08-05,0.646793,0.48798963,0.5117354,0.5173215,0.4079037,0.5456806,0.4368325
2023-06-25,0.6467606,0.48810524,0.51171476,0.5170668,0.4079563,0.5455541,0.43677053
2019-07-05,0.64695174,0.48816285,0.5119326,0.51730955,0.40802306,0.54574186,0.43712267
2019-07-07,0.6469399,0.48819068,0.5119406,0.51734084,0.40800306,0.545777,0.43705493
2021-08-12,0.64660066,0.48778453,0.5114892,0.51690185,0.4074192,0.5454254,0.43656692
2020-03-01,0.6471118,0.488299,0.5114907,0.51745,0.4085401,0.5459842,0.43705252
2022-04-19,0.64718425,0.48836792,0.5120419,0.5176794,0.40826118,0.54589117,0.4373121
2021-04-13,0.64722234,0.48851365,0.5121206,0.517578,0.40836707,0.5460024,0.4373637
2024-01-18,0.64777213,0.48891187,0.5125879,0.51809704,0.40871927,0.54656285,0.43768713
2024-08-23,0.64689636,0.4880224,0.5118585,0.5173581,0.4079209,0.54569125,0.4369647
2023-10-22,0.64681846,0.48795444,0.51163423,0.51702803,0.4078414,0.5455306,0.4370334
2023-01-21,0.6484372,0.4891497,0.5131236,0.51860595,0.4090676,0.54713345,0.43800303
2023-08-23,0.6462486,0.48746693,0.5112268,0.51661897,0.40747812,0.5450628,0.43644845
2023-06-17,0.6469751,0.48826742,0.51192147,0.5172453,0.4082067,0.5457205,0.43698296
2022-03-28,0.64664763,0.48825282,0.51168203,0.5171041,0.40830746,0.54580396,0.43692714
2020-06-18,0.64623463,0.48772156,0.5122767,0.5169555,0.40787148,0.5454796,0.43655196
2019-04-21,0.64748883,0.48871088,0.512407,0.51788086,0.40847996,0.5462372,0.43753415
2023-06-22,0.64691955,0.48821843,0.5118905,0.5171863,0.4081328,0.5457034,0.43687508
2021-05-09,0.64749646,0.48870462,0.51246995,0.51798904,0.40850136,0.54627025,0.43744072
2022-04-04,0.64739174,0.48875034,0.5122972,0.517697,0.40866366,0.5463247,0.4374357
2022-12-14,0.64839447,0.48923934,0.51306576,0.5185837,0.4090044,0.5471387,0.43795767
2023-06-11,0.64729524,0.4885569,0.5121934,0.5177136,0.40838733,0.546056,0.4373565
2020-03-31,0.6474023,0.4887812,0.51231384,0.51776594,0.4086877,0.5463488,0.43751517
2022-06-23,0.64722866,0.48847434,0.51209265,0.5175081,0.40823528,0.5459405,0.43724722
2021-04-02,0.6465,0.4879894,0.5111192,0.5168231,0.40778378,0.54524404,0.4365438
2023-06-30,0.6450607,0.4866587,0.5103538,0.51564413,0.40663072,0.54396534,0.43536693
2023-07-31,0.6470522,0.4882224,0.51198417,0.51749754,0.40807536,0.5458941,0.43708077
2020-01-06,0.64783126,0.48898363,0.51270014,0.5181895,0.40875828,0.54658717,0.43778187
2021-04-28,0.64759344,0.48878795,0.5125152,0.517986,0.40858716,0.5463147,0.43754017
2023-05-25,0.64755464,0.48872283,0.5125461,0.5180258,0.40850422,0.54628736,0.43742293
2024-11-12,0.6477379,0.4884349,0.5123758,0.51764417,0.40832964,0.54605466,0.4373694
2023-03-27,0.6473067,0.48853186,0.51219106,0.51766706,0.40832907,0.54599273,0.43726063
2019-07-18,0.6470778,0.48822525,0.5120906,0.51732236,0.40808108,0.54582185,0.43708497
2019-10-20,0.64747036,0.48843858,0.5122349,0.51771593,0.40839586,0.5461616,0.43737024
2020-11-07,0.64776355,0.48884588,0.5126259,0.51809275,0.408635,0.54647714,0.43770772
2020-02-25,0.64744043,0.4886302,0.5120172,0.51778966,0.4086582,0.54631305,0.43736723
2022-08-21,0.64408356,0.48530456,0.50993997,0.5140497,0.40541142,0.5427704,0.43434268
2021-06-20,0.6426064,0.4841887,0.5091458,0.5127933,0.40443414,0.54131925,0.4333572
2024-02-11,0.64705044,0.48828283,0.5118908,0.5174852,0.40829858,0.5460048,0.4369419
2020-05-02,0.64764285,0.48877484,0.51255476,0.5179912,0.40858266,0.5463641,0.43762943
2019-12-13,0.64780015,0.48897028,0.5126438,0.5181404,0.40873533,0.54658973,0.43773472
2020-09-05,0.6460841,0.48754373,0.5112824,0.5166129,0.407282,0.54520494,0.436173
2024-10-08,0.6473327,0.48838896,0.51215684,0.51747376,0.40821612,0.5459347,0.437209
2024-03-17,0.6470219,0.4883516,0.51173043,0.5174201,0.40837714,0.5457819,0.43714547
2020-10-28,0.6475783,0.48867616,0.5124765,0.51792735,0.40847662,0.54630536,0.43758336
2020-12-14,0.6478291,0.48896116,0.5126599,0.5181431,0.40873778,0.5465749,0.43775538
2024-04-11,0.6475254,0.4887048,0.5123899,0.5178994,0.40854853,0.54625744,0.43755627
2020-02-10,0.64761764,0.4888204,0.51251477,0.5181358,0.4086284,0.54646736,0.43753335
2021-09-26,0.646775,0.4880082,0.5118189,0.5171708,0.40793225,0.54571223,0.43685415
2020-03-26,0.64747775,0.48883227,0.51242536,0.51787466,0.40872785,0.54640573,0.4375895
2024-02-26,0.64598835,0.48742032,0.5116265,0.51687735,0.4076237,0.5458372,0.43542233
2019-11-18,0.6477756,0.48887214,0.51260394,0.5181301,0.40867233,0.54655266,0.43769985
2022-11-11,0.64769465,0.48881176,0.51255256,0.51800805,0.40858206,0.5464937,0.4376608
2022-09-23,0.644061,0.48593846,0.50940275,0.5153186,0.4052726,0.5439736,0.4348694
2020-11-05,0.64776397,0.4888727,0.51262015,0.51809067,0.40865332,0.5464907,0.43770903
2019-08-22,0.64573056,0.4872137,0.5110022,0.5163417,0.40694436,0.54479915,0.43597415
2022-08-16,0.64511883,0.48630205,0.51039773,0.51522654,0.40635642,0.5438524,0.4352443
2024-01-02,0.6478187,0.48895997,0.5126265,0.51813066,0.40872642,0.5465875,0.437717
2020-11-24,0.6477745,0.4888387,0.51264554,0.5181088,0.4086427,0.5465441,0.43762556
2021-05-26,0.64745605,0.48845086,0.5125049,0.5177869,0.40851712,0.5460928,0.43762007
2023-11-12,0.64739764,0.48818183,0.5122313,0.517497,0.4082616,0.54590654,0.4372554
2020-06-22,0.6427021,0.48579043,0.51172996,0.5148415,0.40631688,0.54324985,0.43455616
2021-09-09,0.64688754,0.48816547,0.5117813,0.5171887,0.40797153,0.54577523,0.4369399
2022-08-06,0.6472096,0.4883803,0.5121771,0.5175996,0.4082216,0.54604477,0.4371609
2024-06-25,0.6465166,0.48776162,0.51197404,0.5169925,0.4079351,0.54544,0.43677458
2022-01-20,0.64782226,0.48897138,0.51268274,0.518171,0.40873978,0.5465711,0.43777588
2020-02-23,0.6473318,0.48854724,0.5120582,0.5178162,0.40852728,0.5462136,0.43723652
2020-07-25,0.647218,0.48842832,0.5120828,0.517519,0.40821016,0.5459851,0.43715823
2022-11-29,0.6482962,0.48918256,0.51302147,0.5185181,0.40893483,0.5471044,0.43787628
2024-12-31,0.64793384,0.48884115,0.5125991,0.51803404,0.40871316,0.5465358,0.43762282
2023-01-10,0.64851725,0.4892792,0.51311636,0.51865304,0.40910357,0.54722136,0.4380251
2021-09-13,0.6467502,0.48800826,0.5115575,0.5167945,0.40774938,0.54568464,0.4369185
2023-04-11,0.646854,0.48818296,0.5117412,0.51724136,0.4080406,0.54551315,0.4368786
2023-01-06,0.6482761,0.48921195,0.513006,0.5185113,0.40899545,0.54702365,0.43796033
2022-07-12,0.64610547,0.48764852,0.511311,0.51677465,0.40739775,0.54521435,0.43629885
2022-06-25,0.647097,0.48840642,0.51204395,0.5173857,0.40817758,0.54581094,0.43733156
2022-02-24,0.647402,0.48855793,0.5118621,0.5176938,0.40862817,0.54621834,0.43732604
2020-08-21,0.6471327,0.488424,0.51214576,0.5175915,0.40816116,0.54606265,0.43721536
2023-10-05,0.6450996,0.48654014,0.5100376,0.5153493,0.40646422,0.5439699,0.43593162
2023-01-27,0.6484729,0.4891918,0.51313597,0.5186384,0.40905663,0.54711366,0.43803442
2020-06-29,0.6470993,0.48831415,0.51214576,0.5172591,0.40820184,0.5458144,0.4372436
2020-10-05,0.6473875,0.48851728,0.5122793,0.5177553,0.4082784,0.5461822,0.43739364
2020-10-12,0.6474583,0.48844022,0.5122065,0.5176813,0.40834528,0.5461471,0.4373888
2023-12-17,0.64781994,0.4889123,0.5126268,0.51811767,0.4087069,0.5465831,0.43769425
2022-08-07,0.6470667,0.48825696,0.5120369,0.51744676,0.40808156,0.54589754,0.43701556
2023-03-13,0.6472255,0.48843127,0.5120598,0.51758254,0.4082824,0.5459221,0.43714258
2021-01-11,0.6477625,0.48891073,0.51251596,0.5180747,0.40874466,0.54650855,0.43767795
2020-03-23,0.64761263,0.48889437,0.5125265,0.5179799,0.4087348,0.5464812,0.4376536
2021-02-03,0.64735097,0.4884826,0.511764,0.51763225,0.40863237,0.54614353,0.4372777
2023-03-10,0.6474328,0.48856544,0.51221436,0.51779443,0.4084315,0.5460988,0.43732086
2024-11-14,0.6477373,0.48856026,0.512429,0.51777756,0.40843874,0.5461826,0.43748176
2021-09-14,0.646874,0.48809308,0.5117029,0.5169594,0.40784693,0.54582065,0.43700287
2019-04-07,0.6470311,0.48840126,0.51198924,0.5174611,0.40823734,0.5458718,0.4371039
2024-11-28,0.64793074,0.48858064,0.51259977,0.5178431,0.40851313,0.54627305,0.43753397
2023-11-15,0.6475025,0.48842674,0.51229,0.51768434,0.4083902,0.54611635,0.43737307
2023-10-23,0.64677376,0.48787248,0.511608,0.5170089,0.40777528,0.5454596,0.4369439
2020-12-21,0.6478334,0.48896357,0.5126373,0.5181541,0.40875375,0.54657155,0.4377656
2021-03-20,0.6470129,0.4884211,0.51189405,0.5174517,0.40841648,0.54596007,0.43717048
2020-03-02,0.6470219,0.48821968,0.51132274,0.5173441,0.4085256,0.5459103,0.43698263
2023-03-18,0.6466572,0.4880284,0.5115644,0.5170384,0.40780684,0.54532886,0.43658796
2022-03-19,0.64736795,0.48877764,0.51232916,0.51776683,0.4086949,0.5464635,0.4374559
2024-12-13,0.6479017,0.4888465,0.51262987,0.518049,0.40867656,0.546506,0.43768588
2023-10-16,0.6461386,0.4874358,0.5109714,0.51628387,0.40725958,0.54483557,0.4368335
2019-12-17,0.64779985,0.48897415,0.51265115,0.51814497,0.4087443,0.5465898,0.43774605
2021-05-05,0.64759105,0.48879465,0.5124935,0.51797605,0.4086124,0.5463411,0.43756446
2023-02-07,0.6484952,0.48921725,0.51317245,0.5187068,0.4091264,0.547099,0.43803322
2022-03-02,0.64738244,0.48852003,0.5119214,0.5176724,0.4085246,0.5461764,0.43730348
2023-09-16,0.6444879,0.48609406,0.5096912,0.51481795,0.40601903,0.5436256,0.43543425
2023-07-20,0.6472376,0.48844767,0.5121211,0.5176315,0.408239,0.5460345,0.43723395
2022-09-26,0.6437163,0.48567557,0.50921607,0.51516,0.40485153,0.54385304,0.43450305
2022-08-01,0.647391,0.48857197,0.5123549,0.5177856,0.4083887,0.54622424,0.43739018
2024-12-11,0.6479123,0.48884845,0.51264477,0.5180621,0.40867203,0.5465072,0.4376923
2022-03-30,0.6469372,0.48854932,0.51193035,0.51731575,0.40854272,0.5461014,0.4371476
2021-02-01,0.64734316,0.48849097,0.5117736,0.5176242,0.40862867,0.5461559,0.437283
2022-06-08,0.6470895,0.4883007,0.51192707,0.51728123,0.4083254,0.5458355,0.43700808
2019-06-21,0.64617634,0.48757732,0.5114503,0.51651096,0.4074826,0.5450809,0.43650767
2020-12-30,0.6477849,0.48892155,0.51257294,0.5181026,0.40873042,0.54653835,0.43772104
2024-12-25,0.64793324,0.48883447,0.51261276,0.51802176,0.40868595,0.546489,0.43764716
2021-07-26,0.6469701,0.48811832,0.51170063,0.51698107,0.408125,0.54573077,0.43695313
2024-11-08,0.6477056,0.48817512,0.51229477,0.51739806,0.40814844,0.5457866,0.4372009
2021-10-12,0.64592177,0.48720047,0.51196885,0.5166607,0.40753248,0.54500896,0.43650472
2019-09-08,0.6467796,0.4876974,0.51141,0.5168803,0.40778282,0.5454691,0.43673584
2023-02-21,0.6473381,0.48838863,0.5122147,0.5176825,0.40831402,0.54599905,0.43724272
2021-08-04,0.6460118,0.48856625,0.511247,0.51562655,0.4079055,0.5444585,0.43605745
2022-07-03,0.646025,0.4876568,0.51118565,0.5165694,0.4073672,0.5450607,0.43671405
2023-12-16,0.6478437,0.4889208,0.5126401,0.5181292,0.4087174,0.5465997,0.43770877
2021-01-28,0.6475124,0.48865902,0.51204985,0.51780033,0.40869567,0.5463091,0.4374443
2024-01-20,0.6477517,0.48890987,0.5125726,0.51808995,0.40872902,0.5465417,0.43768525
2021-03-14,0.64714897,0.48854542,0.51207453,0.5175936,0.40855134,0.54613537,0.43732843
2021-08-14,0.6470168,0.4881973,0.5118944,0.51747084,0.40802974,0.545832,0.43710008
2023-07-26,0.6472407,0.48845324,0.5121697,0.51766956,0.4082466,0.5460595,0.43727624
2023-01-24,0.6483719,0.48911524,0.51311255,0.51857096,0.40901682,0.5470839,0.43799043
2024-12-01,0.64791226,0.4887409,0.5126116,0.51796174,0.40860507,0.5464061,0.43762064
2024-12-22,0.6479826,0.48877528,0.5126012,0.51795936,0.4086447,0.5464358,0.43759936
2022-05-23,0.6465912,0.4879205,0.5117493,0.51718396,0.4078397,0.5454699,0.4366205
2024-06-26,0.64653677,0.48775446,0.5117845,0.51689893,0.4078663,0.54541564,0.4367283
2021-09-18,0.64683634,0.48811117,0.51184356,0.5171555,0.4079059,0.5457614,0.43698242
2021-10-30,0.64602196,0.4877657,0.5122946,0.51699233,0.40778762,0.54540336,0.4365587
2023-11-23,0.6477754,0.48862258,0.5124914,0.5178796,0.40854365,0.54634976,0.43748227
2024-03-06,0.64678717,0.488204,0.51159686,0.51716197,0.40823075,0.54586464,0.43672025
2024-11-05,0.64758396,0.48814148,0.51218766,0.51734227,0.40809333,0.5457169,0.43713608
2024-11-26,0.6479178,0.48851657,0.5125714,0.517793,0.40845037,0.5462003,0.43751118
2024-03-29,0.64748377,0.4886933,0.51229805,0.5178852,0.40857032,0.54624766,0.43755424
2020-02-09,0.6475104,0.4887627,0.5124735,0.5181352,0.40860802,0.54642844,0.4374006
2020-03-03,0.6470384,0.48822415,0.5112239,0.51731634,0.4085967,0.5459161,0.4369916
2021-03-27,0.6448598,0.48644602,0.509711,0.51550627,0.4067597,0.5436225,0.43525976
2024-09-08,0.6464929,0.48781255,0.51156574,0.5170608,0.40759206,0.545493,0.43660167
2020-10-16,0.64755434,0.48843196,0.5122066,0.51765126,0.40840867,0.54617006,0.43741187
2020-09-27,0.6473906,0.4885249,0.5122435,0.5177518,0.40828067,0.5462152,0.4373442
2020-04-17,0.6475436,0.4886731,0.5124718,0.5179273,0.4085122,0.5462783,0.4375637
2020-09-06,0.646911,0.4882309,0.5119154,0.5173545,0.40793294,0.54595673,0.43692824
2024-10-19,0.6472248,0.4880925,0.51202863,0.51692593,0.408034,0.54536664,0.43688717
2020-03-20,0.6474276,0.48875865,0.5123857,0.51779073,0.4085507,0.54618514,0.4374667
2020-09-08,0.6461586,0.48761576,0.5113742,0.51676184,0.40737236,0.54531336,0.43628368
2024-07-11,0.64639294,0.48776796,0.51160306,0.5168416,0.4077081,0.5452591,0.43701938
2020-09-10,0.6461037,0.48769048,0.51161706,0.51671064,0.407379,0.5453663,0.43624693
2020-04-24,0.6475759,0.48870936,0.5125309,0.51794153,0.4085553,0.54631,0.43754458
2020-08-01,0.6473992,0.48860544,0.51229084,0.5177101,0.4083681,0.546175,0.43734425
2023-03-30,0.6468367,0.4880782,0.5118,0.51725614,0.40795964,0.5454334,0.4368508
2021-01-16,0.64774257,0.48887968,0.51246583,0.5180382,0.40873587,0.5464865,0.43766406
2024-03-19,0.64712495,0.48846257,0.5118515,0.5175629,0.408416,0.54586846,0.43731922
2020-03-13,0.6475586,0.48874056,0.5122249,0.51788116,0.40866795,0.54633194,0.43750414
2020-02-28,0.6472283,0.48842162,0.51163185,0.51758033,0.40861726,0.54610693,0.4371678
2021-04-17,0.64746445,0.48876613,0.51232624,0.51778513,0.4085834,0.5462914,0.43752956
2024-04-28,0.64759356,0.48877776,0.51247346,0.51801264,0.40861058,0.5463877,0.43757576
2021-07-10,0.647222,0.4884876,0.5121332,0.5175315,0.40828654,0.54598373,0.4373668
2021-01-05,0.64780104,0.48893723,0.5125688,0.51812047,0.40873757,0.5465448,0.43770736
2019-07-14,0.6471986,0.48837715,0.5121178,0.5175009,0.40817413,0.54596514,0.4371973
2024-09-13,0.6467952,0.48811945,0.51177365,0.5173301,0.40786037,0.54576963,0.436972
2023-02-24,0.6465736,0.48783013,0.51153815,0.51704633,0.40782583,0.545259,0.4366179
2020-01-26,0.6476845,0.48886988,0.51257,0.5181047,0.40865323,0.5464619,0.43761268
2022-02-08,0.6476882,0.4888349,0.5124883,0.5180266,0.40865913,0.546439,0.43763378
2022-12-16,0.6483969,0.48924395,0.51303667,0.5185825,0.40900534,0.54714036,0.43794426
2023-12-02,0.6478184,0.4888604,0.5125883,0.5180834,0.40868205,0.5465545,0.437642
2023-06-09,0.64694065,0.48822594,0.5118628,0.51736224,0.40819007,0.54565144,0.43700573
2021-08-22,0.64765143,0.48837942,0.5121379,0.5182098,0.40840924,0.5463342,0.43740585
2020-08-29,0.6468774,0.48820785,0.51188964,0.5173802,0.40791187,0.5458436,0.436946
2024-01-10,0.64778394,0.4889388,0.512616,0.5181178,0.40873024,0.54656225,0.4377092
2022-12-08,0.6483009,0.4891344,0.5130208,0.51849806,0.40898636,0.54706657,0.43790707
2019-10-02,0.64698315,0.48776,0.51157516,0.5170203,0.40796208,0.54556805,0.43689153
2019-12-21,0.6478109,0.48896903,0.51265746,0.51815766,0.40873834,0.54658264,0.43774676
2021-11-20,0.64792275,0.48896027,0.51276225,0.51823103,0.40870312,0.546657,0.43779695
2022-03-03,0.64748347,0.48863563,0.5121672,0.5177978,0.40852487,0.5462865,0.4374043
2022-08-26,0.6430298,0.48445344,0.509295,0.5130978,0.40446684,0.54189557,0.4335179
2023-02-11,0.64822716,0.4887687,0.51312906,0.51837295,0.40908593,0.5469648,0.43788096
2024-03-14,0.6468134,0.48821938,0.51147383,0.51727635,0.408327,0.54566294,0.4370592
2021-12-25,0.6478672,0.48901355,0.5127168,0.518194,0.40876263,0.54661,0.4378008
2021-06-03,0.64694417,0.48821774,0.51201564,0.5173023,0.40809703,0.54574716,0.43704453
2023-11-03,0.6472164,0.48813808,0.5119666,0.5173705,0.40813553,0.5458657,0.43715766
2024-12-08,0.6479319,0.48875332,0.5126303,0.5179813,0.40862545,0.5464126,0.43764365
2021-02-22,0.64769495,0.48887238,0.5124966,0.5180375,0.40873584,0.5465073,0.43761313
2023-04-04,0.6473019,0.4885346,0.51214355,0.5176658,0.40835893,0.54597145,0.43728465
2022-06-21,0.64707154,0.4882938,0.5119684,0.5172466,0.40824825,0.5457594,0.43704343
2019-12-11,0.64779085,0.4889607,0.51263416,0.5181313,0.40872544,0.54658,0.43772876
2022-08-04,0.64730805,0.4884727,0.5122515,0.51767164,0.4082972,0.5461423,0.43727115
2021-10-03,0.6462909,0.48748887,0.5114513,0.516756,0.40751478,0.54527956,0.43640077
2019-12-14,0.64780754,0.48897076,0.51266,0.518154,0.4087419,0.5465884,0.4377595
2019-12-06,0.6477658,0.4889216,0.5126242,0.51810944,0.40871018,0.5465602,0.43768987
2024-08-13,0.64726794,0.48839694,0.5121631,0.51760197,0.4082539,0.54600394,0.43724093
2022-01-01,0.64781904,0.4889378,0.51269007,0.518143,0.40870583,0.5465391,0.43777236
2020-07-19,0.6472588,0.48844358,0.51212674,0.5175076,0.40820456,0.54605305,0.43727845
2024-04-10,0.6475648,0.48873156,0.512437,0.51793575,0.40858135,0.54630023,0.43759972
2020-06-20,0.64532334,0.4872573,0.51206565,0.51643544,0.4074595,0.5448792,0.43616998
2022-01-18,0.6478413,0.4889852,0.51270264,0.51818323,0.40874273,0.54658425,0.43778598
2019-04-10,0.64678884,0.4881975,0.5117714,0.5172141,0.40800092,0.54559636,0.43684468
2024-08-01,0.6473139,0.48835275,0.51210654,0.5176053,0.40827692,0.5458374,0.4372224
2023-06-20,0.64694107,0.48830125,0.5118644,0.5172733,0.40822548,0.54570246,0.43689656
2023-01-17,0.6484955,0.48919556,0.51316774,0.51863176,0.40909877,0.54719883,0.43801668
2019-12-30,0.64783347,0.48898894,0.5126879,0.51817626,0.40875694,0.5465878,0.4377697
2021-05-30,0.6463691,0.486799,0.5122264,0.51667637,0.40804726,0.5446874,0.4372503
2023-09-11,0.6437818,0.4852582,0.50892633,0.5142159,0.40544662,0.54276305,0.43444705
2022-07-23,0.64635026,0.48779416,0.5115216,0.51703423,0.40750462,0.54545116,0.43647394
2024-09-01,0.64606005,0.48741165,0.5111754,0.51662314,0.4072971,0.5450251,0.43623835
2024-03-25,0.6473548,0.48858997,0.5121377,0.5177525,0.40853956,0.5461472,0.43743894
2024-05-27,0.6472599,0.48838022,0.51197666,0.51760125,0.40823328,0.546011,0.43698528
2023-05-04,0.6477275,0.48886794,0.5125052,0.51807433,0.40867394,0.54640484,0.43766195
2019-06-04,0.6468603,0.48788676,0.5120023,0.51721257,0.40813375,0.5455525,0.43712705
2021-07-12,0.6470412,0.48836434,0.51210034,0.5174993,0.40819603,0.5458741,0.43726614
2022-05-15,0.6475492,0.48878738,0.5123389,0.51787627,0.40859845,0.5462463,0.4374056
2022-02-28,0.6472659,0.48843765,0.5116372,0.5175538,0.40859532,0.5461019,0.43720424
2021-02-28,0.6476341,0.48886144,0.51244396,0.5179789,0.40880856,0.54652166,0.43763715
2019-04-11,0.64700526,0.48841417,0.5119564,0.517418,0.40822145,0.54586124,0.43707412
2021-10-25,0.64559,0.48745874,0.51219517,0.51670283,0.4075311,0.5451232,0.4362561
2020-09-07,0.6464458,0.48785022,0.5115768,0.5169738,0.407588,0.545549,0.43653035
2019-04-15,0.64712054,0.48842862,0.5120929,0.5175527,0.40827248,0.54591304,0.437189
2021-08-11,0.6465234,0.48776138,0.5114625,0.5167017,0.4072728,0.5453649,0.43636104
2023-11-19,0.6476436,0.48865014,0.51241773,0.51787937,0.40853173,0.54634345,0.4374702
2020-05-26,0.64757764,0.48876503,0.51239496,0.5178611,0.4085447,0.54628783,0.43748343
2019-11-29,0.64774734,0.48889163,0.5125971,0.5181106,0.40868962,0.5465442,0.43769082
2022-08-22,0.64330965,0.48456427,0.5095034,0.51316607,0.40473107,0.5419413,0.43364817
2023-05-14,0.6476934,0.4889108,0.51258177,0.51807684,0.4085706,0.5464988,0.43762922
2020-05-17,0.64757544,0.48875645,0.5123924,0.51790065,0.4085378,0.5462829,0.43755415
2023-08-01,0.6470247,0.48822394,0.51193553,0.5174697,0.40805894,0.5458469,0.437062
2020-05-21,0.64755785,0.48873,0.5123693,0.5178632,0.40850008,0.5462345,0.43750605
2023-11-01,0.647084,0.48799887,0.5118344,0.51722586,0.4080197,0.54571426,0.43707204
2024-06-14,0.64735645,0.4879148,0.51258963,0.51732177,0.40882456,0.54639727,0.43717408
2024-07-23,0.64498717,0.48641002,0.5100703,0.5153423,0.40658882,0.5438108,0.43531802
2021-01-03,0.64779234,0.48893836,0.51257247,0.5181166,0.40874273,0.5465506,0.4377181
2021-02-19,0.64761573,0.48879027,0.51233286,0.5179436,0.40871185,0.54646504,0.43750408
2019-04-30,0.6474746,0.48869625,0.5124296,0.51786083,0.408474,0.54621744,0.43745568
2020-06-25,0.6459607,0.48768526,0.5120002,0.5166326,0.40772328,0.5451502,0.43653533
2021-04-19,0.6474598,0.48875594,0.5123378,0.51776123,0.40853256,0.546239,0.43751362
2024-06-01,0.64724034,0.4885487,0.5121147,0.51766384,0.4084611,0.5461452,0.4372676
2019-10-25,0.64759415,0.48851678,0.51231396,0.5178142,0.40845546,0.5462591,0.4374731
2022-07-25,0.64673615,0.4880986,0.51187044,0.5173675,0.4078124,0.54574,0.4368118
2024-08-04,0.6473411,0.48839945,0.5121451,0.5176421,0.4083045,0.5458992,0.4372541
2020-08-08,0.6473902,0.48855826,0.5123208,0.5176813,0.40842178,0.5461693,0.43738773
2022-06-13,0.6467982,0.48803607,0.51169527,0.51706344,0.40803936,0.54554987,0.43684614
2024-09-28,0.6465315,0.4878147,0.5115425,0.5169693,0.40758473,0.5453242,0.4365885
2019-11-22,0.64772904,0.48883772,0.5125542,0.5180769,0.4086379,0.5465002,0.43766853
2023-04-29,0.6475629,0.48882908,0.5124406,0.517879,0.40858975,0.5461952,0.43754068
2021-11-15,0.64790064,0.48891774,0.5127024,0.5181649,0.4086829,0.54658246,0.43776253
2024-02-29,0.64671546,0.48816967,0.5116568,0.5171192,0.408212,0.54591215,0.4366384
2024-08-22,0.6470233,0.4881074,0.5119649,0.51741225,0.4080134,0.54578406,0.43706137
2023-12-10,0.6478407,0.4888905,0.5125958,0.5181053,0.40869418,0.54658574,0.43764904
2022-11-12,0.64773697,0.48884332,0.51255876,0.5180292,0.4086182,0.54651856,0.43768662
2024-07-26,0.6453899,0.4868294,0.5103937,0.51571345,0.40693742,0.54424834,0.43565533
2024-10-25,0.64747137,0.48776513,0.5119935,0.5167861,0.40784895,0.54519784,0.43678406
2023-06-14,0.6471399,0.48839158,0.5120245,0.51744235,0.40833253,0.5458429,0.43711302
2024-11-23,0.6478519,0.4887187,0.5125855,0.51795274,0.4085655,0.5463639,0.4376155
2020-10-31,0.6476606,0.4887427,0.51253724,0.51799434,0.40854344,0.54637116,0.43765178
2024-09-03,0.6463136,0.48762307,0.51135737,0.51680213,0.407453,0.5452207,0.4364553
2019-12-05,0.6477567,0.4889271,0.51260734,0.51810867,0.4087049,0.54656696,0.43768868
2019-09-16,0.6460721,0.48632002,0.51022613,0.51556796,0.40710342,0.5444616,0.43572295
2019-06-01,0.6457681,0.48614776,0.5116741,0.51601934,0.40764475,0.543981,0.43682826
2021-05-25,0.6475697,0.48861974,0.51252335,0.5179155,0.40851423,0.54626596,0.43763593
2019-04-24,0.6476938,0.48884422,0.51261777,0.51805955,0.40860465,0.546454,0.4376719
2019-07-28,0.64686114,0.48806834,0.5120259,0.5171601,0.40787593,0.54564905,0.43690595
2023-12-31,0.64779896,0.48892966,0.51262593,0.5181186,0.40872324,0.5465691,0.43770695
2024-03-05,0.6468302,0.4882472,0.5116332,0.51717776,0.40828988,0.5459429,0.43672025
2022-03-10,0.64743596,0.4886382,0.51211804,0.51775056,0.40858492,0.54630387,0.43734142
2024-12-30,0.64792526,0.48883978,0.51260716,0.518034,0.4087044,0.5465283,0.4376303
2021-08-23,0.64766216,0.48829764,0.5120115,0.5182469,0.40834263,0.5462791,0.43741575
2021-09-04,0.6469297,0.48792934,0.5119167,0.5170947,0.40771315,0.5459802,0.43678772
2020-12-01,0.6478473,0.48896995,0.5126937,0.51818526,0.40873137,0.5465921,0.43775985
2020-06-15,0.64661396,0.4878853,0.51189667,0.51703227,0.4078819,0.5454171,0.4366515
2020-03-30,0.64754784,0.48891017,0.5124704,0.5179215,0.4088026,0.54652566,0.4376788
2021-09-11,0.64681375,0.488093,0.5116516,0.51694906,0.40784594,0.5458198,0.4369337
2021-10-14,0.6456063,0.48680568,0.51201665,0.5163829,0.40742925,0.5446781,0.43639362
2024-03-21,0.6470978,0.48843402,0.511895,0.5176075,0.4083826,0.54587156,0.43735012
2023-03-17,0.6469637,0.4883018,0.51189613,0.517333,0.40804964,0.54572076,0.436881
2020-12-27,0.64778274,0.4889231,0.51259863,0.51811576,0.40872568,0.5465384,0.43772888
2022-02-02,0.6477939,0.48892874,0.51260906,0.5181178,0.4087084,0.5465325,0.43773463
2023-11-11,0.6473419,0.48817086,0.51225406,0.5175184,0.40822873,0.5459259,0.43725488
2020-09-13,0.6460704,0.4876727,0.5117514,0.51671135,0.4074238,0.5453884,0.43625268
2021-04-09,0.64694375,0.48818797,0.51182926,0.5173383,0.40807328,0.54564035,0.43710428
2022-04-11,0.6472147,0.48837566,0.5120817,0.51757324,0.4082943,0.5458106,0.43720388
2020-10-18,0.64751863,0.48835444,0.5121545,0.5176127,0.40835524,0.54612064,0.43734944
2022-06-09,0.6470734,0.48828423,0.5119156,0.5172828,0.4082965,0.5458188,0.43700826
2019-06-03,0.64606094,0.4865071,0.5118662,0.5163416,0.40782878,0.5443691,0.43700722
2022-11-19,0.6479529,0.4889834,0.5127492,0.5182218,0.40873113,0.54671526,0.437777
2020-10-25,0.6475015,0.48847848,0.51231784,0.517754,0.4083355,0.5461742,0.43744013
2024-07-28,0.64676946,0.48795828,0.5115543,0.5170721,0.40783745,0.5454716,0.43681967
2022-05-19,0.6474814,0.4886794,0.5123758,0.5178714,0.40845492,0.54615325,0.4373882
2023-03-22,0.64643383,0.48778054,0.51129603,0.5168329,0.40761337,0.5449915,0.4363554
2019-05-24,0.64726484,0.48847908,0.51220834,0.5177259,0.40830347,0.54604,0.43727288
2020-01-23,0.6477629,0.4889323,0.512648,0.5181612,0.40871364,0.54652673,0.4376982
2022-12-23,0.6484767,0.48929113,0.51306933,0.5186254,0.40905648,0.5471985,0.43796068
2019-05-06,0.64758444,0.4887599,0.5125145,0.5179937,0.40853328,0.5463659,0.43758565
2022-12-28,0.64849144,0.489288,0.51308054,0.5186331,0.4090829,0.5472166,0.43798164
2024-06-10,0.64722687,0.4883126,0.5122368,0.517538,0.4085149,0.5460916,0.43716103
2021-07-16,0.64621097,0.48789278,0.512019,0.51697946,0.40771487,0.5453552,0.43679747
2019-09-03,0.64489377,0.48677617,0.51033866,0.51593876,0.4056933,0.54477817,0.43528152
2024-10-11,0.6472912,0.48822296,0.5121313,0.5173353,0.40811825,0.5457712,0.43709898
2023-04-12,0.64683294,0.4880773,0.51179457,0.51721036,0.4079933,0.5453898,0.4368899
2022-05-09,0.6469582,0.4883735,0.5116933,0.5172576,0.4082646,0.5456992,0.43696034
2019-05-16,0.6474662,0.48864546,0.5124213,0.5179207,0.4084592,0.5462756,0.43746826
2023-05-07,0.6476643,0.4888411,0.512511,0.5180285,0.40862513,0.54638845,0.43760857
2021-10-22,0.64704514,0.48823985,0.5123586,0.5174916,0.4081664,0.5459452,0.43715367
2019-06-19,0.6462039,0.4876564,0.51143515,0.51659954,0.40748024,0.5451444,0.4366343
2024-07-21,0.6462404,0.487401,0.5110419,0.516504,0.40742734,0.5449817,0.4363221
2020-06-21,0.64350986,0.48627812,0.51187605,0.5153523,0.40668857,0.54377806,0.43509093
2021-12-31,0.6478207,0.48895627,0.5126921,0.51815647,0.408721,0.54655814,0.4377825
2023-01-31,0.6484754,0.48916692,0.5131823,0.5186324,0.40907544,0.5470925,0.43800607
2020-02-17,0.647449,0.48869,0.51232016,0.51803637,0.40857303,0.5463733,0.43733668
2023-05-18,0.64770025,0.48887157,0.5125478,0.5180584,0.408572,0.54642403,0.43761235
2021-07-06,0.6474294,0.48864138,0.51231724,0.51781523,0.40847272,0.54614323,0.43744335
2020-09-16,0.6464197,0.48787847,0.51181066,0.51680046,0.40745458,0.5456121,0.4365249
2020-11-14,0.6477152,0.48877928,0.5125831,0.51805574,0.40860873,0.54645234,0.43763378
2023-11-25,0.6477907,0.48879758,0.5125644,0.5180269,0.40862784,0.5464881,0.4376077
2022-06-20,0.646826,0.4880873,0.51179236,0.5169944,0.4081161,0.5455703,0.43694007
2022-05-26,0.645608,0.48711413,0.51091576,0.51634,0.40717262,0.5446056,0.43588507
2024-06-19,0.6470923,0.4879102,0.51226455,0.5171611,0.40832996,0.545754,0.4369904
2022-12-06,0.64828664,0.4890724,0.51301885,0.5184521,0.40895995,0.54706323,0.43786258
2020-03-06,0.64707094,0.4882547,0.5113531,0.51737255,0.4085702,0.5459433,0.43702686
2020-03-16,0.64755917,0.48877177,0.51236826,0.5178722,0.4085417,0.54621756,0.43750304
2024-04-02,0.647521,0.48871288,0.51238424,0.5179127,0.4085841,0.546258,0.43754885
2021-03-18,0.64683884,0.48829186,0.5117658,0.51731247,0.40835795,0.54583365,0.43705618
2020-02-27,0.6473748,0.4885642,0.51188207,0.51771533,0.40865704,0.5462211,0.4373214
2024-09-29,0.646634,0.4878647,0.511638,0.51702327,0.4076472,0.5453943,0.43666005
2024-03-20,0.64716965,0.48846468,0.51188457,0.5176106,0.40842012,0.5459214,0.43733662
2020-10-26,0.64752597,0.4885512,0.5123747,0.51780236,0.40840414,0.5462078,0.43749583
2023-11-26,0.64778906,0.48880547,0.51253873,0.5180305,0.4086224,0.54649234,0.43759364
2019-11-04,0.6476833,0.48872665,0.51249874,0.518008,0.40862107,0.54642296,0.4376639
2022-03-06,0.64716846,0.48836407,0.5114366,0.5174077,0.408637,0.5460544,0.437115
2024-11-13,0.64771605,0.48855564,0.51241094,0.5177641,0.4084219,0.54617023,0.43746123
2021-05-19,0.6476649,0.48881334,0.51253897,0.5180569,0.4085963,0.54641175,0.43763953
2024-08-16,0.6469215,0.48809934,0.5118564,0.5172762,0.40796873,0.5456965,0.43695995
2024-11-29,0.64791524,0.48863703,0.5125864,0.5178909,0.40854418,0.54633695,0.43755183
2019-05-07,0.64756507,0.48873487,0.5125033,0.51797825,0.40852308,0.5463436,0.4375664
2022-12-02,0.6483175,0.48920462,0.51303285,0.5185397,0.40895864,0.5470825,0.4379371
2019-03-28,0.64719635,0.48852602,0.5120655,0.5176137,0.4083604,0.5460522,0.43725953
2021-08-01,0.6469424,0.48860937,0.51179534,0.51689255,0.4082839,0.5456583,0.437105
2020-11-19,0.64772713,0.48876926,0.5126263,0.51807296,0.40859303,0.5464828,0.43758336
2020-11-08,0.64778525,0.48887187,0.51264703,0.5181138,0.4086612,0.54650366,0.43773854
2020-03-29,0.64689,0.48838556,0.5118921,0.51730007,0.40836972,0.545794,0.43704075
2023-04-26,0.6474483,0.4888325,0.5123649,0.5177275,0.40850928,0.54594916,0.43746963
2024-01-29,0.6476277,0.48880607,0.5124159,0.5179723,0.40867397,0.5464539,0.4375704
2023-09-05,0.6433412,0.48484933,0.5085581,0.5137104,0.40503943,0.54250324,0.43406367
2023-09-12,0.6443737,0.4858072,0.5094768,0.514811,0.40591073,0.5432849,0.4349435
2019-09-24,0.6466153,0.4869766,0.5109,0.5161869,0.40747702,0.5449828,0.43625864
2023-02-13,0.64816195,0.48877326,0.513077,0.5183553,0.40906,0.54692185,0.4378578
2021-11-19,0.64793545,0.4889972,0.51274794,0.51822865,0.40875167,0.5466557,0.43781018
2019-11-05,0.6476935,0.48872927,0.5125134,0.5180129,0.40861872,0.5464174,0.43764943
2024-10-30,0.6474902,0.488079,0.51210123,0.5172794,0.40803453,0.545699,0.43709612
2022-04-22,0.6473205,0.48837084,0.51210433,0.51787484,0.4082434,0.5460312,0.43751281
2022-01-06,0.647852,0.48900393,0.5127122,0.5181892,0.40876666,0.5466056,0.43780804
2024-06-03,0.64735305,0.4886471,0.5122805,0.5177722,0.40854743,0.5462144,0.4373163
2021-11-03,0.6455411,0.48748457,0.51243347,0.5168021,0.40745848,0.5451731,0.4362669
2020-11-22,0.6477383,0.48879147,0.5126303,0.5180796,0.40862513,0.5465132,0.4375841
2021-07-09,0.64733505,0.48859105,0.5122066,0.5176323,0.40838555,0.54604846,0.43742582
2024-03-28,0.64746374,0.4886883,0.51227725,0.5178629,0.40857354,0.54624593,0.4375452
2022-04-02,0.6474299,0.4888525,0.51234347,0.51774687,0.408783,0.5464697,0.43752548
2024-08-19,0.6470526,0.48817876,0.5119938,0.517441,0.40806997,0.5458137,0.43707982
2021-12-12,0.6478597,0.48900962,0.5127056,0.51818836,0.4087407,0.54662144,0.437754
2019-08-31,0.6449165,0.48674205,0.51034015,0.5158113,0.4057397,0.5447038,0.43526748
2022-05-18,0.64764535,0.48882532,0.512495,0.51800656,0.40860078,0.54634196,0.4375465
2019-08-27,0.64491165,0.48644614,0.5102667,0.51540637,0.4058691,0.544202,0.43518224
2020-12-28,0.6477958,0.48892868,0.5125878,0.51812637,0.40873447,0.54654497,0.43772796
2024-06-17,0.6478499,0.48863626,0.5127403,0.51795083,0.40867385,0.54649925,0.43753353
2024-09-06,0.64642394,0.48776627,0.5114282,0.5168859,0.40750787,0.5453933,0.4366012
2019-10-18,0.64734447,0.4883173,0.5121629,0.51761585,0.40826708,0.54607195,0.43727407
2019-11-06,0.64769274,0.4887392,0.51251024,0.51802194,0.40861836,0.5464385,0.4376546
2024-06-08,0.64719164,0.48830903,0.51223725,0.51754874,0.40847626,0.5461053,0.43715996
2023-07-24,0.6470207,0.48827434,0.51194197,0.517472,0.4080595,0.5458645,0.43706825
2020-02-24,0.64744586,0.48863447,0.51203895,0.5178075,0.40863445,0.54629743,0.43735692
2022-04-09,0.6475516,0.48883283,0.5124253,0.5178478,0.40871447,0.5464051,0.437571
2021-06-09,0.6471033,0.48837855,0.5122421,0.51750785,0.40819582,0.5459468,0.43716022
2022-05-16,0.64764863,0.48885596,0.5124403,0.5179479,0.4086366,0.54636186,0.43743488
2024-02-04,0.6472792,0.48846734,0.5121298,0.51768625,0.40839595,0.54611784,0.43724087
2024-01-09,0.6478,0.48894715,0.5126336,0.5181228,0.4087369,0.54657316,0.43771818
2023-11-30,0.6478135,0.4888457,0.5125918,0.5180803,0.4086698,0.5465375,0.43764967
2024-07-19,0.6462491,0.48743498,0.511109,0.51645166,0.4074692,0.54495054,0.43633762
2020-07-07,0.64660996,0.4879158,0.51171076,0.5167816,0.40774193,0.5452403,0.4368032
2023-08-27,0.64596367,0.48718184,0.5108885,0.51628214,0.40718195,0.544749,0.43618047
2021-01-13,0.6477516,0.48888862,0.5125014,0.51805776,0.40873614,0.5465013,0.43767318
2021-11-17,0.6478752,0.48896903,0.51269114,0.51818293,0.40871805,0.54660887,0.4377762
2022-06-07,0.64699984,0.48819512,0.5118033,0.5171001,0.4082446,0.54574347,0.43689847
2024-10-16,0.64735985,0.48836532,0.5121966,0.517386,0.40823647,0.5458257,0.4371674
2019-10-29,0.64762336,0.48860598,0.51240814,0.5179018,0.40852857,0.54634726,0.4375422
2023-06-12,0.6471828,0.48841625,0.5121051,0.5175054,0.40836024,0.5458863,0.43718082
2020-07-03,0.64681005,0.48806208,0.5118557,0.51687294,0.4079225,0.5454647,0.4369613
2024-01-14,0.64779484,0.488937,0.5126178,0.5181157,0.40873587,0.5465761,0.43771031
2022-12-20,0.64844,0.48921633,0.51304203,0.5185589,0.40900177,0.5471304,0.43793628
2022-05-05,0.647346,0.48862377,0.5121741,0.5177061,0.40846393,0.5460706,0.43736216
2020-11-30,0.6478203,0.48893687,0.5126864,0.51817304,0.40871117,0.5465879,0.4377195
2021-10-16,0.64544547,0.48688313,0.512012,0.51636684,0.40737447,0.54466194,0.43631256
2020-11-18,0.6477019,0.48874876,0.5126023,0.51805,0.40858373,0.54647034,0.43756822
2022-11-23,0.6480691,0.4890598,0.5128473,0.5183391,0.40880328,0.5468553,0.43780354
2024-04-04,0.6474899,0.4886763,0.512351,0.5178868,0.40852842,0.5462039,0.43753034
2020-08-16,0.64715475,0.48840296,0.51221365,0.51763415,0.40818736,0.54606855,0.4372541
2024-03-26,0.6474078,0.48860723,0.51222163,0.51781756,0.4085118,0.54615915,0.4374804
2021-03-15,0.6471986,0.4885729,0.5120929,0.5176311,0.4085433,0.5461491,0.43734026
2021-11-27,0.6479467,0.4889672,0.51276785,0.51820844,0.40871632,0.54665065,0.43778288
2024-02-27,0.6467363,0.4881516,0.5116868,0.51716685,0.40818387,0.5458974,0.4366135
2021-11-13,0.64774853,0.4888465,0.5125955,0.5180805,0.4086423,0.5465171,0.43770987
2021-04-03,0.6469396,0.48846588,0.51167226,0.51726747,0.40832764,0.5458855,0.43705717
2023-05-23,0.6475824,0.488726,0.5125859,0.51805145,0.40852582,0.546349,0.437379
2020-02-08,0.6475745,0.48880407,0.5124955,0.5181315,0.40862808,0.54645056,0.437469
2021-10-20,0.6465323,0.48785874,0.51223534,0.5170987,0.40786186,0.5455652,0.43679184
2021-04-24,0.64767504,0.4888628,0.5125276,0.5179999,0.40862888,0.54637533,0.43763438
2023-11-04,0.6472949,0.48817718,0.512047,0.51741797,0.408181,0.54590195,0.4371803
2020-05-11,0.6475744,0.48875275,0.5124378,0.5179195,0.40855914,0.5463219,0.4375684
2024-01-07,0.64782435,0.4889675,0.5126505,0.5181488,0.40874633,0.54659486,0.43774012
2023-12-04,0.647838,0.48887357,0.51259285,0.5180964,0.40868494,0.5465725,0.43764493
2020-07-27,0.6473211,0.48853016,0.51222396,0.5176596,0.40832546,0.54611325,0.43730542
2023-09-14,0.64360565,0.48524752,0.5088244,0.5139789,0.40527996,0.5426937,0.4345198
2021-02-26,0.6477215,0.48890713,0.5125413,0.5180664,0.40875363,0.54654515,0.43766794
2024-05-22,0.64604455,0.4873976,0.51111275,0.51661664,0.40734646,0.5449669,0.43601584
2020-10-22,0.64747804,0.4883543,0.512174,0.51761174,0.40831557,0.5461033,0.4373319
2023-09-13,0.64433414,0.4857368,0.5099312,0.5150754,0.40592638,0.5436727,0.43449017
2022-09-20,0.6444355,0.4862401,0.5097138,0.51562667,0.40563187,0.5442324,0.4351345
2022-01-11,0.6478566,0.489002,0.51271963,0.5181983,0.40875727,0.54659575,0.43780354
2024-05-12,0.6469184,0.48822457,0.5120219,0.5177585,0.40811017,0.54582304,0.43683022
2024-06-12,0.64728487,0.48824412,0.5123475,0.51756656,0.40868095,0.5462001,0.43721387
2022-05-06,0.64732707,0.48862746,0.512147,0.51766825,0.408461,0.5460333,0.43733543
2021-11-30,0.647959,0.48902842,0.5127802,0.51825625,0.40876314,0.5467024,0.43782052
2024-07-15,0.64619404,0.48744798,0.5113141,0.516612,0.4074474,0.5449562,0.4368101
2021-04-21,0.647614,0.48879603,0.51248145,0.51793087,0.40856224,0.54629564,0.43760437
2022-05-12,0.64736164,0.4886524,0.51212007,0.51767147,0.4084957,0.54609895,0.43728778
2021-09-05,0.6468393,0.4879827,0.51186454,0.5169948,0.40770668,0.5459526,0.43676618
2020-02-06,0.64761055,0.488835,0.5125264,0.51813495,0.40863794,0.54645914,0.43750656
2022-03-04,0.6472206,0.48839396,0.5115312,0.517483,0.40862015,0.54607725,0.4371524
2022-02-15,0.64763075,0.48877534,0.5123389,0.5179488,0.4086369,0.5463928,0.4375738
2024-05-05,0.6471618,0.4885092,0.512353,0.5181925,0.40841186,0.54634744,0.43699023
2023-03-14,0.64699835,0.4882205,0.51179963,0.5173574,0.4080866,0.54564565,0.4369429
2024-05-26,0.64716035,0.48826605,0.51189315,0.5175023,0.4081439,0.5459328,0.43679145
2024-12-24,0.6479425,0.48883125,0.5126013,0.5180059,0.40868548,0.54649764,0.43763196
