date,h0,h1,h2,h3,h4,h5,h6
2024-01-15,0.9992086,0.14001922,0.9904473,0.99999964,1.0,0.9999999,0.9999757
2023-10-18,4.526174e-21,5.342686e-21,1.0875673e-13,7.890911e-12,6.926025e-14,1.1227413e-13,2.1795138e-06
2024-02-13,0.94690377,0.15590763,2.04415e-05,2.0596788e-06,1.0,0.0032404605,4.405938e-06
2022-02-26,0.99656844,0.0001811944,0.006167364,0.1192554,1.0,0.99999905,0.0010927665
2021-08-06,2.935126e-25,7.0819784e-16,5.0956494e-08,7.1952014e-17,1.9080586e-14,6.653484e-17,1.2079023e-14
2022-04-21,2.9879835e-05,0.99998283,0.999998,0.99999535,1.0,1.13948975e-08,1.9327155e-05
2024-06-09,3.717446e-17,3.5119724e-19,0.9999987,1.0851897e-07,0.00039750538,2.999323e-19,4.803855e-07
2022-03-21,1.2949184e-11,0.62605965,1.8006318e-07,1.1676649e-12,1.0,1.7376923e-06,5.496291e-10
2023-09-21,7.620614e-23,1.579917e-12,1.0225117e-16,5.472572e-07,2.0778977e-13,2.779888e-09,2.3604924e-10
2019-08-24,6.831464e-23,1.2282192e-17,3.3289054e-09,1.4254499e-13,8.401205e-13,1.968294e-20,1.5847414e-10
2023-09-24,1.6751469e-20,4.6812414e-16,5.799775e-17,1.4414197e-09,2.2022115e-13,6.9140504e-15,1.0734949e-06
2020-04-02,0.36979458,0.9999989,0.99776316,0.94126457,1.0,7.1365687e-09,4.1480785e-08
2021-03-10,0.9999547,0.00063376146,0.00043773605,0.0040319376,1.0,8.811548e-06,5.7411842e-05
2023-11-17,5.880901e-14,5.510897e-20,3.8829563e-07,0.000109861474,2.3989307e-05,5.238903e-16,0.9999943
2024-06-21,1.8105999e-23,1.0487308e-15,0.99993527,2.6240288e-10,1.26383e-10,5.7712385e-17,6.928159e-12
2021-11-16,1.4306772e-06,9.423828e-13,0.036524396,0.00366686,0.99999475,8.054699e-12,1.0
2021-05-01,2.7228637e-06,0.99999976,0.99999976,0.9957165,1.0,0.00030706197,1.4937497e-05
2019-04-29,0.00030945716,1.0,0.9999888,0.99138004,1.0,0.00011586144,1.0777288e-05
2024-11-15,1.311451e-10,3.9359279e-07,1.2184563e-10,0.0004575333,0.9996233,0.0001380582,0.737494
2024-07-25,5.2742764e-23,4.2464147e-16,6.9901665e-07,2.6275894e-14,7.788988e-16,1.1198267e-16,1.4340585e-14
2023-12-26,0.9817646,0.008674608,0.9994747,0.99999166,1.0,0.99983406,0.99999547
2021-02-14,0.999995,7.063472e-08,0.9928797,1.573158e-07,1.0,0.9344635,0.007492561
2024-12-20,0.008873758,9.4721095e-08,0.97660327,0.9999944,1.0,1.0,0.9990835
2020-02-14,0.9980635,0.99857545,0.9975048,0.24754661,1.0,0.9993875,0.0014509838
2019-07-02,6.4024275e-24,6.2684708e-06,0.09778638,6.1787265e-05,1.5283995e-11,2.1444371e-10,2.9565026e-08
2021-11-12,4.026986e-12,2.7329186e-17,0.98103356,2.1740687e-05,0.98814696,3.2674506e-14,1.0
2022-03-25,9.81529e-11,0.999964,6.602312e-09,7.203201e-11,1.0,4.6434483e-08,4.978098e-10
2023-10-30,2.1876903e-19,8.3095375e-17,1.364251e-12,3.563268e-14,1.0470355e-12,8.248762e-12,0.0030619581
2020-04-20,0.0004479694,0.9999888,0.99999976,0.99999964,1.0,2.736228e-07,0.0005616623
2024-09-09,3.7600533e-21,1.6873688e-15,1.3037455e-12,3.424969e-07,1.55248e-15,1.1905271e-06,9.11247e-16
2021-04-18,5.915926e-13,1.0,0.013100947,0.017166538,0.99997795,5.159985e-07,3.1173688e-08
2019-09-23,9.643211e-23,7.492483e-16,0.0003959257,6.8325835e-12,1.0145942e-14,1.4316287e-18,0.0017373064
2023-01-07,0.99999666,0.00012939224,0.99999,0.9999993,1.0,0.006322232,0.9999685
2022-07-04,8.2669783e-25,2.6698985e-15,9.690836e-06,5.0288613e-09,1.293695e-17,5.2781157e-10,1.4947336e-13
2019-08-15,4.6426236e-20,1.8911626e-15,4.5262013e-06,5.977872e-08,5.4054493e-13,3.46049e-13,2.6304152e-12
2021-07-07,8.307735e-16,7.638223e-15,0.9865329,4.1128536e-09,5.100774e-08,1.965497e-11,8.367052e-08
2023-05-28,4.4806945e-09,6.252896e-05,0.9999999,0.99974114,0.9999987,5.3989566e-05,1.2711779e-06
2022-09-21,3.8681498e-21,3.7542178e-22,4.157588e-07,9.433372e-14,6.7861058e-18,3.6094195e-14,9.516079e-06
2023-01-04,0.9999995,1.0254083e-12,0.096027054,0.14338788,1.0,1.437848e-08,0.99999785
2021-10-28,8.599483e-24,3.570613e-19,0.00012128441,2.004649e-11,1.217282e-12,1.6430492e-18,0.9998228
2021-05-24,0.005977819,6.214732e-06,1.0,0.00041336514,1.0,0.0013063467,9.445664e-06
2023-12-13,0.8431714,2.7907252e-05,0.9955005,0.999998,1.0,0.99922645,0.9999994
2023-05-19,2.4684176e-05,0.92327714,1.0,0.9999889,1.0,3.1613727e-08,2.359387e-05
2024-04-17,0.031363048,0.9999932,0.99999607,0.99999976,1.0,6.9624164e-08,0.44032183
2021-11-18,4.8765408e-08,2.1484552e-12,0.99954176,0.00040804452,0.9999999,5.0169554e-08,1.0
2024-10-24,6.0270794e-19,1.0783873e-14,7.297747e-12,1.9878245e-14,6.906496e-08,8.362957e-18,2.101134e-08
2023-04-22,6.996555e-07,0.99994934,0.99999976,0.99924123,1.0,1.7745071e-11,7.336006e-07
2023-07-14,1.4059018e-23,1.0112259e-12,4.325233e-15,0.00021037314,2.2087833e-16,3.5393119e-13,2.9838005e-13
2020-07-05,2.0716871e-22,9.75176e-13,0.0062245834,7.067399e-14,5.2183773e-13,4.5507664e-10,2.9879127e-13
2020-09-28,5.3672112e-24,5.946777e-13,3.2611456e-09,1.5467757e-11,3.4368804e-18,1.3224598e-11,4.5256047e-07
2024-08-31,7.334238e-23,1.1567792e-11,1.8813098e-10,2.8590605e-06,1.8885009e-13,1.4937685e-08,2.1169122e-14
2024-08-03,7.8371667e-20,5.544951e-13,1.1903625e-10,2.7284361e-08,4.021972e-13,2.2051194e-10,1.884724e-15
2021-07-15,2.6024458e-22,6.165564e-18,0.99826944,2.966568e-12,2.521846e-12,1.8631848e-16,3.81581e-08
2024-01-06,0.9993187,0.03445215,0.9842546,0.9994344,1.0,1.0,0.99962544
2021-05-27,0.16259232,3.5669965e-09,1.0,8.162323e-07,1.0,0.020163296,6.530725e-08
2020-10-06,1.8748975e-25,2.0960221e-12,1.1531455e-09,1.5750095e-12,1.722315e-14,2.3353732e-14,2.2785455e-06
2020-08-11,1.0952769e-15,2.4336313e-09,9.761713e-10,0.00017276418,3.1063643e-12,1.8697355e-08,1.7877613e-13
2021-11-14,7.152116e-13,8.762211e-15,0.9773861,8.5853404e-05,0.7931967,3.7785416e-15,1.0
2019-09-29,4.0354916e-19,4.216035e-17,7.0426665e-07,6.176538e-13,6.7084284e-14,7.399451e-11,0.9936807
2023-11-27,5.8645395e-09,5.5156804e-09,0.00032969067,0.99996936,0.99370533,8.820779e-06,1.0
2024-06-13,8.6659603e-19,2.125263e-21,0.99986744,8.290048e-10,0.00010320461,1.6118706e-20,0.00062970095
2024-09-12,7.6042507e-19,4.6883706e-09,5.233663e-11,1.8399995e-09,8.065076e-12,0.024302948,6.389511e-12
2024-12-23,0.71911234,1.1279587e-06,0.9070673,0.99988914,1.0,1.0,0.9999237
2023-09-17,1.3224214e-23,4.356333e-14,4.8122632e-14,0.001510796,4.193389e-16,6.289194e-15,2.466459e-13
2020-05-04,0.0024832143,0.99862576,1.0,0.9999999,1.0,6.375159e-08,7.592974e-05
2020-02-13,0.99999547,0.99999833,0.95663303,0.9934862,1.0,0.9891577,0.0005943275
2023-08-28,2.7320658e-23,7.807191e-09,3.937931e-14,0.010472259,2.2178418e-13,6.6107597e-15,9.878955e-12
2022-12-26,0.9999993,9.868049e-09,0.09516593,0.7296761,1.0,0.019267643,0.9991209
2024-01-12,0.99954623,0.26509362,0.9961265,0.9999993,1.0,0.9999989,0.9999243
2023-01-23,0.9999962,1.7543746e-12,0.97286946,0.9839155,1.0,1.4664255e-15,0.99705887
2024-04-23,0.6963192,0.99999964,0.99976546,0.9998522,1.0,0.00023785199,0.8294711
2019-06-30,1.6184073e-28,7.8636715e-12,0.9325565,1.626963e-08,2.4394863e-17,5.8915125e-17,1.4291532e-08
2023-03-16,0.9999937,6.183507e-05,2.0341595e-06,0.9243753,1.0,6.0359995e-14,2.4461818e-07
2019-06-28,9.0072915e-26,2.1412532e-14,0.08265417,2.9915265e-10,1.5257081e-15,4.245029e-20,9.0552045e-13
2024-09-16,4.8978834e-21,3.4439682e-10,3.702362e-08,1.7919811e-09,1.9985853e-12,4.2312345e-06,1.8656514e-10
2023-11-13,2.183655e-19,2.2349722e-17,1.858314e-10,2.0795274e-09,4.115423e-11,3.0799581e-15,0.9999473
2024-08-02,2.591195e-20,3.0618307e-11,8.410573e-08,9.5193595e-09,6.104253e-13,2.2223487e-08,1.5905638e-15
2024-12-28,0.66432524,0.0004734737,0.99642617,0.99993896,1.0,1.0,0.99966383
2019-10-07,3.779631e-18,1.0648427e-17,4.6804547e-05,4.56184e-13,1.690772e-10,1.7359615e-07,0.9999254
2020-05-06,0.0001998823,0.99475527,1.0,0.99999976,1.0,4.802146e-06,6.593421e-05
2019-11-02,6.1596633e-18,2.4245718e-14,0.9756697,2.7569973e-09,1.1452373e-05,2.8627842e-10,1.0
2021-11-11,3.1649604e-17,7.409332e-20,0.95967233,2.4690587e-08,1.6372909e-06,5.3081364e-19,0.9999995
2020-03-05,0.99998903,3.625599e-05,0.9807988,1.6023448e-07,1.0,6.191124e-05,0.0062058927
2023-12-15,0.44770494,0.0151389865,0.9276506,0.99999785,1.0,0.99983597,0.9999999
2022-11-08,9.071618e-15,2.4610254e-14,0.9993092,7.640072e-08,0.051291995,7.4903646e-17,1.0
2024-11-22,5.084991e-11,1.1396472e-06,0.00011811153,0.99851424,0.99999154,0.844367,0.9999999
2020-03-09,0.9999932,0.00029046478,0.999908,8.318078e-06,1.0,7.072652e-08,1.7021355e-05
2021-10-31,5.474269e-21,4.0749363e-20,7.803003e-05,1.9322467e-12,1.3157855e-10,3.7991152e-19,0.9999949
2019-06-12,3.6810375e-25,1.1942363e-12,0.9999989,5.1650264e-12,3.040957e-09,1.0174429e-14,1.8652742e-10
2022-07-20,1.0567432e-21,5.0013616e-16,1.2999936e-08,1.2151045e-07,2.5580228e-17,6.7827693e-10,5.4244193e-14
2021-12-02,0.94114107,7.2776856e-09,0.9999542,0.99999917,1.0,6.6209555e-05,1.0
2024-06-27,4.86294e-28,8.972104e-19,0.35708222,7.7917496e-13,4.823007e-13,9.457642e-21,9.1618484e-11
2021-12-15,0.89450145,0.0013657763,0.9999119,0.9999993,1.0,0.08816535,0.997912
2022-03-12,1.1152377e-05,6.1627834e-06,0.0019210122,1.2861966e-12,1.0,0.99235743,0.0005132105
2019-10-19,2.1925514e-20,1.3650389e-17,9.664035e-06,2.7103892e-13,1.0994559e-09,8.575005e-11,0.99968493
2023-10-15,5.095463e-20,2.5677604e-17,7.9771224e-12,1.5948411e-11,3.549132e-14,2.5730915e-12,1.0970066e-06
2020-02-15,0.99917537,0.9999614,0.99997175,0.40267012,1.0,0.96563876,0.045574985
2019-06-02,1.8661755e-20,2.9085656e-10,0.99978477,4.1970683e-13,2.698579e-06,3.3321575e-17,2.4889147e-14
2024-11-01,6.989851e-20,3.8581514e-17,1.8727728e-12,6.183007e-10,1.3152686e-10,1.217276e-18,1.506667e-09
2020-12-04,0.60087436,0.0015591854,0.99990714,0.05303554,1.0,0.99999976,0.9997482
2019-06-10,3.8882404e-21,1.3784283e-11,1.0,2.710701e-12,3.2052271e-06,1.7348626e-11,2.6161566e-11
2021-06-11,3.9083634e-08,1.4920577e-11,1.0,3.05321e-08,0.999838,4.3681878e-11,1.0409898e-05
2019-06-06,2.3544856e-17,5.70626e-11,0.99889743,3.4871342e-12,0.00013100331,1.5568953e-19,1.2908602e-10
2022-02-14,0.99999774,0.99383473,0.32630014,0.9869783,1.0,0.99999225,0.44163492
2019-10-21,2.5096623e-20,4.6980958e-15,0.010592765,7.5756894e-11,1.0991508e-07,3.4704713e-13,0.99999917
2021-08-17,3.215429e-23,8.9905764e-18,3.523148e-05,3.8930526e-08,7.769696e-13,4.2131775e-15,4.533878e-06
2023-12-14,0.017923731,5.76612e-07,0.853955,0.9999896,1.0,0.9994098,1.0
2022-09-02,9.825855e-26,2.371287e-17,6.388058e-09,7.014829e-08,2.0174869e-19,7.155509e-18,9.92028e-10
2023-10-28,4.7062065e-21,2.5770814e-18,1.9895362e-13,2.7360796e-13,4.6814717e-13,4.3786894e-15,0.0004901878
2019-04-25,1.1767416e-05,0.99999046,0.9999343,0.9997284,1.0,1.5046636e-07,0.0003695077
2023-09-25,1.4996206e-23,2.3292705e-21,1.2110357e-13,8.836803e-10,1.2775602e-17,6.074748e-18,1.5174995e-09
2021-04-10,2.0203821e-12,0.99999976,0.14803818,0.010198575,0.9999974,4.712521e-10,7.9925506e-08
2021-02-27,0.99999416,1.2037058e-09,0.99864155,5.189586e-07,1.0,0.8191211,0.969086
2022-08-29,8.962704e-25,1.2303235e-19,3.5310794e-09,0.0007247242,2.5077673e-20,6.5290046e-16,2.7091052e-11
2024-05-31,2.0769141e-14,1.0931076e-13,1.0,3.2937696e-05,0.9981129,1.7450777e-11,5.3198224e-08
2023-09-01,1.7340258e-22,1.0806327e-12,1.7671874e-15,3.0543407e-07,5.135492e-14,2.2348156e-12,6.47685e-12
2019-10-23,1.1005854e-19,6.315212e-13,0.0006129097,3.3553854e-13,1.905126e-08,1.2671204e-09,1.0
2023-09-03,3.4777197e-21,1.2608641e-13,6.164932e-17,1.123603e-05,1.8100185e-13,8.352421e-14,3.338771e-11
2019-03-29,4.0865404e-09,0.96908355,6.6795014e-09,2.090301e-12,0.9976057,4.641554e-08,2.2912442e-13
2020-03-24,0.9835532,0.9994248,0.97613543,0.0028913016,1.0,0.19622266,2.0713123e-05
2021-03-01,0.99999034,1.4247054e-05,0.047215678,0.0002251927,1.0,0.070355475,0.009333682
2023-10-27,5.3934554e-19,1.8925844e-15,2.1590069e-10,4.160802e-13,5.2432225e-12,4.9685473e-13,0.077268496
2024-09-27,7.732807e-21,2.829345e-18,6.85419e-11,8.4682344e-11,8.171198e-13,1.5560187e-16,1.5594795e-13
2024-09-14,3.3221725e-22,8.608689e-13,5.0398645e-13,9.272423e-08,1.7635965e-13,0.00043069257,9.7053935e-08
2020-03-21,0.00014799263,1.0,0.9999881,0.9793971,1.0,2.3642629e-06,0.006657074
2020-04-29,0.0040151584,0.8731821,1.0,1.0,1.0,8.645405e-06,4.0264842e-07
2024-11-03,1.1148897e-18,4.230095e-19,4.6753237e-13,1.7679524e-08,1.4424874e-08,1.2178565e-18,1.02344885e-07
2022-08-24,3.8616e-23,6.565338e-18,3.5797434e-08,0.00096256105,8.858964e-17,5.8895244e-13,3.426144e-12
2024-07-07,1.2962788e-24,1.0617943e-21,0.0036531545,1.0611492e-12,1.8618848e-12,4.0646603e-19,2.998111e-11
2021-03-03,0.99999666,0.055251833,0.0010281414,9.406425e-06,1.0,0.00019361485,1.306214e-07
2023-02-25,0.9999789,9.275628e-06,0.16815864,0.99999404,1.0,2.5937386e-11,0.004643882
2022-03-09,0.98601794,1.7961593e-09,3.273526e-06,5.4625705e-08,1.0,0.99259394,5.504023e-05
2022-04-17,0.00010638838,0.99999976,1.0,0.9999999,1.0,2.5674392e-08,0.0032536897
2020-02-19,0.9998714,0.9997794,0.99779665,0.0020104044,1.0,0.9618536,0.0005026658
2019-04-14,1.1717874e-05,0.9999999,0.012708401,0.006973269,1.0,1.3069001e-08,2.5866047e-11
2024-01-05,0.98497033,0.0037030776,0.9896458,0.9999975,1.0,0.99999976,0.999895
2024-04-12,0.0006724954,0.99999547,1.0,0.99999917,1.0,3.0302978e-09,0.0011300403
2020-11-10,2.2965886e-11,5.495246e-09,0.9420305,1.4317814e-05,0.9864957,0.0016330829,1.0
2023-08-03,3.1628609e-24,1.05124324e-13,1.5552802e-12,3.470445e-06,4.9941334e-17,3.9295668e-17,9.0045674e-13
2022-09-16,6.22698e-23,3.2798378e-22,3.1133744e-09,4.6420336e-11,7.9827256e-19,1.883224e-13,2.3828308e-09
2023-11-16,4.457187e-16,3.8668134e-18,2.2470177e-09,2.5049654e-05,3.8265318e-07,2.6595644e-12,0.9999994
2021-02-24,0.99979585,0.00020563963,0.98232436,8.565193e-08,1.0,0.9956227,0.0020239584
2023-03-01,0.9999795,2.9040328e-09,0.8642156,0.9999982,1.0,3.219659e-11,0.004804084
2022-09-08,5.259188e-23,2.4510727e-16,2.415714e-10,3.0838672e-07,1.3666019e-17,1.4456073e-09,6.451981e-08
2021-08-07,1.385817e-23,1.8912184e-17,2.0208875e-08,1.3982431e-15,6.107211e-13,3.4255304e-19,5.708789e-10
2021-01-29,0.9999658,3.7847512e-06,0.9998147,2.5098414e-06,1.0,0.9999958,0.9393307
2020-08-28,3.6983276e-22,7.174751e-18,3.2557526e-08,1.0238361e-10,2.196933e-14,1.8860806e-18,1.2209484e-13
2024-03-31,2.1268888e-06,0.9968285,0.9984572,0.9999974,1.0,5.843408e-11,0.001888992
2022-09-18,6.3568734e-23,3.3525757e-21,7.5435673e-07,1.5756278e-13,1.2926886e-17,8.7332555e-13,2.3765668e-07
2024-03-27,1.693895e-05,0.9999789,0.5348792,0.9505752,1.0,1.6818419e-08,0.00015582658
2021-01-25,0.9999963,0.0019390908,0.9998648,4.2659335e-06,1.0,0.9999974,0.3645886
2021-12-17,0.99859613,0.027890721,0.99999905,0.99999964,1.0,0.97587323,0.99970156
2021-12-20,0.98995286,0.6341507,0.9995221,0.9999981,1.0,0.9990213,0.99999404
2023-09-06,7.0451156e-24,4.0015085e-18,9.998899e-15,3.1807623e-09,2.7124087e-15,5.6567723e-14,2.2016639e-11
2020-06-04,2.0006028e-12,6.527032e-10,1.0,0.91809267,0.86601883,3.0235314e-09,6.9180744e-11
2020-09-15,7.704221e-20,1.0803202e-18,1.16083605e-07,1.1238747e-13,7.714704e-13,7.810753e-20,7.0660376e-14
2020-11-11,2.9341213e-12,4.007407e-07,0.005195171,1.1595448e-07,0.99513936,0.9996729,1.0
2024-07-27,1.3865158e-22,5.918911e-15,1.6397202e-08,1.00928266e-10,4.2885956e-15,1.2145963e-16,6.672343e-17
2021-10-10,5.1371632e-23,3.6821304e-19,0.005864243,1.6517029e-14,2.3130982e-13,2.048027e-15,1.1449669e-06
2021-10-11,2.3724132e-21,2.1021575e-18,4.5185927e-05,4.2208185e-15,4.2756217e-13,3.8925796e-18,0.0001325692
2020-09-26,3.0545224e-22,1.2867235e-13,9.473691e-10,1.206265e-07,1.0322558e-14,5.8666557e-12,4.146542e-09
2019-04-23,0.00028554324,1.0,0.9999962,0.99998224,1.0,0.0006494286,7.466609e-05
2020-06-14,6.4469304e-14,3.343345e-12,1.0,0.00040315802,0.0033317127,3.3696063e-19,1.4303112e-13
2022-03-15,5.2081606e-11,0.18305634,1.0035873e-06,6.833988e-13,0.9999999,9.7661115e-09,9.546574e-10
2020-06-27,3.5459695e-23,3.0347753e-16,0.99997973,3.0520405e-07,2.4941408e-11,9.99656e-10,5.0574175e-07
2023-09-28,2.4936965e-20,1.906704e-19,1.6034983e-14,1.5608412e-11,4.693006e-16,9.257821e-13,8.731463e-05
2024-09-05,5.19852e-20,9.4554755e-14,5.556806e-14,8.1206035e-06,1.9190454e-13,9.869177e-07,1.2011726e-11
2022-09-24,1.4369055e-22,5.254436e-23,1.7741849e-08,6.263097e-15,1.6107913e-17,1.0809242e-14,2.1743049e-06
2019-12-16,0.49734697,0.99953616,0.9999931,0.9995159,1.0,0.9992083,0.997074
2021-10-01,2.0924793e-23,1.0996982e-22,9.455828e-08,1.695962e-14,1.8918544e-16,2.43915e-18,2.51782e-06
2019-03-30,7.76238e-09,0.9999993,2.0752121e-07,4.135395e-06,0.9999689,1.2317239e-10,2.1355287e-12
2024-07-08,1.2076296e-23,3.54978e-19,0.0038879062,3.22715e-13,2.3091296e-14,2.9976628e-20,8.229182e-12
2024-11-30,2.2388032e-05,4.350629e-05,0.6103589,0.99995923,1.0,0.99996734,0.9999989
2021-12-19,0.9985845,0.997175,0.9995609,0.9999999,1.0,0.9977628,0.99804497
2019-07-29,3.183928e-22,2.2321041e-14,0.0004898875,5.9184395e-06,3.5862758e-16,1.2693604e-09,8.05357e-10
2020-11-20,1.9623376e-09,1.147874e-06,0.04163313,2.3697474e-07,1.0,0.99999905,0.9999826
2019-12-24,0.9786957,0.9967334,0.9999999,0.9999627,1.0,0.8912965,0.583709
2021-07-24,2.6129305e-22,6.9121304e-21,7.2827777e-07,8.819512e-17,1.6806279e-14,2.2255455e-17,9.7620375e-12
2024-09-18,5.830445e-20,2.3093127e-12,2.9432339e-09,9.8275554e-12,2.5172037e-12,6.247382e-07,2.0280045e-11
2022-01-28,0.9999746,0.9998357,0.9883129,0.9999814,1.0,0.99999833,0.9313927
2019-11-26,7.872764e-07,0.063873164,0.00020616953,0.06861156,1.0,0.29519758,0.9999423
2021-01-18,0.99994016,0.00020869057,0.9987992,2.203865e-07,1.0,0.9999199,0.98619974
2021-12-04,0.97586626,7.9824645e-08,0.99983704,0.99999666,1.0,0.0130846435,1.0
2019-09-30,1.4615462e-20,5.5950636e-17,0.00015657618,2.1317399e-12,2.9792327e-14,1.8424533e-10,0.56169987
2021-12-30,0.9969131,0.99941576,0.9999993,0.9999999,1.0,0.9987754,0.998654
2023-12-06,0.0028743097,9.370761e-08,0.26277807,1.0,0.9999999,0.9999726,0.99999833
2021-12-28,0.99135405,0.99591017,0.9999522,1.0,1.0,0.99998426,0.99997926
2022-06-18,7.9190125e-24,1.463135e-14,0.14315845,1.3222455e-11,1.2508987e-14,4.6967135e-16,5.7797076e-14
2019-09-27,1.3980247e-22,1.5107997e-16,6.191638e-05,1.6400095e-10,1.0662705e-15,1.2179572e-13,0.050736155
2019-07-03,9.670904e-25,0.00011671383,0.0026528728,1.0442143e-05,1.9909901e-13,3.0235267e-12,1.5122077e-06
2019-06-15,1.8978088e-25,9.904284e-10,0.9999957,4.7784404e-10,5.485365e-11,2.8587502e-15,1.4343137e-09
2021-04-11,6.4960762e-12,1.0,0.46640888,4.3069917e-06,1.0,1.0311051e-09,2.044973e-09
2024-07-31,7.077289e-21,1.2423076e-11,8.2561996e-10,1.3151642e-05,3.418436e-15,6.8068974e-11,3.9738297e-15
2024-05-20,1.27676705e-08,3.1922548e-17,0.9999999,1.544251e-06,0.9999999,3.7595114e-12,3.8884213e-05
2023-02-26,0.99999976,1.1240769e-08,0.1359926,0.9999918,1.0,1.5511267e-12,0.0012864751
2022-03-18,0.011735289,6.192684e-07,3.9477195e-06,1.7712913e-11,0.9999994,0.9617967,7.3680385e-05
2019-04-26,0.00022854199,0.99999,0.9999925,0.99950266,1.0,5.6503145e-06,6.5617394e-05
2019-12-15,0.9557326,0.9999434,0.9999994,0.9989281,1.0,0.9999559,0.9908364
2022-09-09,2.8554499e-21,8.1149065e-18,1.1698614e-11,4.1670828e-10,3.579606e-16,1.2251673e-11,4.3688735e-07
2024-04-13,0.03512829,0.9999994,0.9999999,0.9999989,1.0,7.757011e-08,0.04492958
2022-12-19,0.9999987,3.2932495e-09,0.99813336,0.95920724,1.0,2.4691662e-05,0.99995947
2021-10-15,2.0462326e-21,1.2261208e-19,4.0507373e-05,6.1609657e-15,7.339695e-12,3.2041408e-15,0.023272177
2020-03-14,0.995752,0.9999734,0.99999785,0.93106234,1.0,5.2101456e-07,0.057980277
2020-04-16,1.1572635e-05,0.9998679,0.99998105,1.0,1.0,2.2837054e-05,0.0021260453
2022-11-05,7.609837e-15,6.422099e-15,0.9999212,9.0525293e-07,0.035910793,1.4855858e-15,0.99999857
2022-08-10,1.0897629e-23,7.269319e-13,5.5842936e-10,3.6584683e-07,1.7233359e-15,1.2417355e-09,1.562726e-12
2021-06-15,3.753802e-15,4.5705123e-10,1.0,2.3718687e-11,0.0001023623,5.8924104e-10,1.767331e-13
2022-01-13,0.99876547,0.944059,0.99993885,0.9999988,1.0,0.99990785,0.9991171
2019-11-15,1.2145286e-13,2.817372e-08,0.9967733,0.00016961651,0.99331325,0.0001851943,1.0
2022-08-18,6.737082e-23,9.326187e-15,4.9064725e-11,0.010386412,1.1789218e-15,1.0415328e-11,6.2538497e-10
2022-02-05,0.99988496,0.97677237,0.99731344,0.999984,1.0,0.9999957,0.99795973
2023-04-24,1.3716524e-05,1.0,0.9999455,0.97561157,1.0,5.028892e-08,9.232641e-06
2020-07-02,6.6172055e-19,5.8178046e-12,0.9981998,3.0843474e-09,9.553769e-10,1.1607308e-11,1.5250895e-10
2021-09-27,9.255206e-21,1.1660766e-22,1.6148823e-10,5.1731896e-12,3.1705707e-15,3.963922e-18,1.2707842e-10
2022-09-12,3.1068131e-24,5.126262e-22,1.8416312e-10,2.8680586e-10,8.966558e-20,6.0705273e-12,6.314294e-07
2021-09-06,8.957518e-23,5.5477535e-17,5.5892353e-11,9.903385e-16,3.6707065e-12,7.17807e-16,3.4224695e-14
2024-11-02,8.651068e-18,4.336678e-17,2.585379e-13,1.03354525e-08,1.081978e-07,1.6955066e-21,1.08599775e-10
2021-07-30,1.0646404e-23,4.1433588e-19,5.52526e-07,1.594955e-17,3.4984176e-13,1.323528e-21,3.565846e-13
2019-11-21,1.1753831e-08,6.281648e-06,0.9945927,0.00019755181,0.9999925,0.99838614,1.0
2021-03-02,0.9999951,0.005553887,0.007386557,0.001817515,1.0,0.0012377282,3.4376993e-05
2024-08-08,1.3462832e-16,4.795058e-07,2.033856e-09,2.4772346e-06,1.2727335e-08,4.3533013e-10,1.030131e-15
2022-03-01,0.99925536,0.0010659726,0.0010803877,7.047214e-05,1.0,0.9999871,1.1083384e-06
2022-02-19,0.9999974,0.79171973,0.7850424,0.8940232,1.0,0.99999905,0.995909
2023-04-06,4.12178e-06,0.9999876,1.6364356e-05,0.48291776,1.0,4.2612427e-10,8.0966656e-10
2023-11-08,3.2766398e-20,4.293373e-16,3.591112e-14,1.8681047e-10,6.940741e-11,9.54858e-17,0.0038075172
2021-08-02,6.404455e-24,1.9069387e-17,2.3588385e-08,6.6390363e-16,4.1836287e-15,1.0336875e-19,1.4596704e-10
2021-07-28,4.5161983e-24,7.0240756e-17,1.4819136e-05,3.69985e-15,2.9973504e-15,7.621671e-20,4.5525675e-12
2021-12-29,0.99519265,0.9939652,0.99997926,0.99999976,1.0,0.9995838,0.9999881
2024-01-13,0.9959842,0.4802443,0.99989986,0.9999964,1.0,0.9999999,0.99961424
2023-04-27,0.08021325,0.996498,0.9999994,0.9934144,1.0,1.5662965e-10,0.00021025824
2021-02-23,0.9983669,0.002558665,0.86417216,8.182635e-08,1.0,0.9926605,0.24191295
2022-04-20,4.4452863e-06,1.0,0.9998969,0.9932005,1.0,4.939862e-06,2.2969016e-07
2020-03-08,0.9952136,6.134266e-05,0.99994457,7.184564e-07,1.0,0.0001006395,0.008567261
2024-09-10,9.810603e-20,5.0135257e-10,4.0770427e-09,8.244494e-05,2.2675875e-14,8.615309e-09,2.8601027e-15
2022-07-02,9.438634e-24,2.3935907e-16,0.00015749046,1.01720236e-10,1.6137995e-16,1.751525e-13,1.5625182e-11
2022-12-22,0.99999535,8.1865764e-10,0.9994802,0.8495383,1.0,0.0013465681,1.0
2019-12-04,0.011298089,0.9125546,0.9970143,0.98267615,1.0,0.99998367,0.99998116
2019-10-10,1.2792254e-21,1.1013867e-13,3.179925e-05,6.8513833e-10,1.6098769e-12,7.059633e-08,0.9996499
2024-05-03,3.3596763e-09,0.146627,0.9999937,0.98692024,1.0,1.9517568e-11,0.0058632563
2019-12-01,0.15700762,0.0018292989,0.8779249,0.99416167,1.0,0.99831855,0.9999844
2022-01-27,0.9997589,0.9996044,0.9974681,0.9999988,1.0,0.999997,0.9959487
2020-08-19,2.2547697e-18,8.5597245e-15,2.958982e-10,5.1860196e-05,1.155229e-15,1.133429e-06,1.4634617e-10
2022-11-02,3.6940543e-15,2.0304534e-16,0.99961805,6.4601073e-07,0.0009453722,6.971461e-17,0.99999666
2024-01-23,0.9988638,0.0048260563,0.995252,0.9999281,1.0,0.9999999,0.999561
2024-06-06,3.2193652e-14,4.994591e-17,0.9999918,8.4203485e-08,0.99979824,8.141869e-14,2.1459847e-07
2021-01-14,0.9998184,0.006625597,0.99969816,1.7750463e-05,1.0,0.9999987,0.5381848
2022-05-11,2.8571594e-05,0.040650085,0.99999976,0.99956495,1.0,1.4293596e-09,3.5569815e-06
2023-06-06,5.0835176e-22,4.2683354e-10,0.89039445,0.0010590844,3.6335024e-08,1.095187e-19,3.209214e-17
2021-07-21,3.6877126e-18,5.4251116e-18,1.4408988e-06,7.8735575e-13,2.9971778e-12,1.3785938e-15,1.09106e-09
2024-05-07,6.673047e-08,3.730929e-05,1.0,0.9999727,1.0,2.1399312e-13,1.0415022e-05
2023-02-19,0.99892396,9.723311e-06,0.82170886,1.0,1.0,1.7343249e-13,0.055059023
2024-11-20,1.9252774e-10,9.441363e-07,0.0017632497,0.16396064,0.99999166,0.99070287,0.9999918
2020-06-13,2.452889e-11,3.8079522e-11,1.0,9.0948964e-07,0.6445166,6.599584e-19,1.9879223e-11
2023-05-29,1.1416279e-05,9.424302e-06,0.9999999,0.9999851,0.99999964,0.02006769,1.7597707e-05
2020-10-20,2.367811e-21,1.0300018e-14,3.3681985e-08,7.34566e-16,1.2705006e-10,5.194494e-13,0.9687865
2023-12-22,0.7852644,5.229445e-07,0.99894327,0.9999999,1.0,0.56236356,0.9999974
2024-04-05,1.6516105e-05,0.9999995,0.999992,0.99999785,1.0,4.0597647e-11,0.031297285
2024-12-02,1.7761096e-05,7.041055e-10,0.04947691,0.999998,0.99999976,0.9999435,1.0
2021-05-28,0.09510809,1.8343334e-09,0.9999999,0.0001762648,1.0,0.00029369886,4.06041e-05
2023-07-30,1.165942e-24,2.7687894e-14,1.0318951e-11,7.9269994e-05,5.4668092e-17,4.0661091e-16,2.8393657e-12
2021-10-06,2.4273558e-23,5.8307026e-23,2.4241251e-06,7.170648e-14,1.3214933e-16,4.738584e-19,1.7002245e-05
2021-11-08,4.235028e-15,1.7402054e-18,0.657378,1.4625847e-07,1.0050219e-05,2.0868956e-19,1.0
2019-11-03,3.2340245e-18,2.9845587e-16,0.999485,1.5191365e-08,2.8562972e-06,1.8340035e-10,1.0
2024-05-25,2.1950746e-09,1.5831929e-12,1.0,2.7952608e-05,1.0,1.9092374e-11,2.6937547e-08
2023-09-30,1.6362168e-21,7.848202e-21,2.5472768e-14,1.8366735e-11,3.9204952e-16,8.942728e-17,1.1528678e-06
2023-03-05,1.0,1.0085043e-08,0.043454785,0.9999529,1.0,5.184008e-11,0.015549135
2023-07-21,5.448971e-23,2.557645e-15,2.1884671e-11,0.6740391,6.9181023e-18,9.842378e-15,1.0427113e-15
2023-02-06,0.99999964,1.2160424e-09,0.9929264,0.99999917,1.0,2.3970458e-07,0.99992096
2020-03-18,0.00041192974,1.0,0.99999964,0.9980015,1.0,3.6547133e-06,0.0012315038
2021-01-30,0.999998,0.00025426134,0.9926206,1.4052984e-08,1.0,0.99987996,0.8073846
2021-01-01,0.99987876,0.023653876,0.9768167,3.200854e-05,1.0,0.99999845,0.99912065
2019-11-19,2.069817e-09,4.3011837e-06,0.0063404413,2.4235212e-07,0.99997437,0.98403084,1.0
2023-04-30,0.0012640643,0.9990876,0.99999857,0.99971706,1.0,4.7958945e-08,1.6446462e-05
2022-07-21,1.675958e-21,2.3219498e-15,9.1471164e-10,5.691894e-06,3.7908115e-16,2.0339518e-14,3.906265e-18
2019-05-18,5.527327e-06,0.9999881,0.9944066,0.00029377727,1.0,0.0058016027,1.8918818e-10
2020-10-29,2.1254068e-23,3.3906687e-08,0.003731747,3.8199175e-07,1.230906e-07,1.5094227e-09,0.998395
2023-11-20,6.400571e-13,2.3759683e-17,0.0015090924,0.18689488,0.00017328055,1.0384248e-14,0.9999852
2020-10-17,2.931729e-22,8.643466e-14,7.882884e-07,2.644454e-13,1.9206337e-14,8.396923e-14,0.6209039
2020-04-07,1.9093939e-07,0.99999046,0.0046316744,0.5721136,0.9999999,6.6442647e-13,3.5476302e-10
2021-10-04,2.797346e-23,1.5552494e-21,4.355553e-07,3.720981e-12,5.596341e-18,7.1231077e-16,7.320488e-06
2020-07-18,3.4886035e-20,1.8311475e-14,5.6077147e-09,1.8031935e-08,7.0040916e-16,2.8028037e-08,4.588044e-13
2023-05-21,1.6131975e-07,0.6478554,0.99999976,0.99968755,1.0,1.12143894e-07,1.0648922e-08
2021-09-17,6.08853e-25,2.9232123e-19,2.3521072e-09,2.367167e-12,4.606943e-16,4.1046095e-20,3.6947139e-09
2024-03-11,2.2226471e-14,1.5452403e-10,1.9414678e-08,1.5025372e-09,0.12807482,3.2450588e-19,4.90115e-15
2024-01-17,0.9933416,0.26881093,0.9995347,0.9999993,1.0,0.9999999,0.99969196
2024-06-23,9.61564e-20,2.6750644e-17,1.0,7.152065e-08,8.5237303e-07,7.142457e-15,1.5556311e-11
2021-10-29,1.5277243e-21,6.989645e-18,0.001242518,3.1239053e-11,6.7962953e-12,8.7896063e-20,0.99993634
2023-01-15,0.9999999,1.5637337e-12,0.40432388,0.22881451,1.0,7.463031e-12,0.9999858
2024-09-24,3.1897514e-22,1.2692585e-17,9.314326e-12,9.956944e-13,3.8365337e-13,1.2713664e-17,9.940081e-12
2023-09-19,1.875209e-21,3.685161e-14,1.3575617e-16,9.509066e-06,2.8459301e-13,1.3921806e-08,2.1938702e-08
2024-04-03,4.0952432e-07,0.9970028,0.99944884,0.99999905,1.0,2.0873678e-09,0.41194057
2019-10-28,8.668902e-19,2.3136912e-15,0.0066498443,4.334642e-14,3.976202e-07,4.868704e-09,1.0
2024-03-02,7.0896324e-11,3.1618068e-12,1.8162654e-08,7.7775616e-15,0.97924954,7.6497367e-16,3.323923e-14
2022-09-01,3.508985e-27,9.8514954e-17,2.1055094e-07,5.983792e-07,5.397304e-19,2.1652601e-16,3.9314854e-10
2023-10-03,4.8972564e-25,2.7126074e-21,5.538015e-14,1.7110963e-07,2.5738185e-19,6.748868e-14,1.2663467e-10
2023-01-14,0.9999995,5.0794365e-11,0.9977475,0.9750001,1.0,4.256809e-09,0.9997501
2022-01-07,0.9993061,0.9942386,0.99977714,0.9999999,1.0,0.9999963,0.9994685
2022-07-31,3.0399688e-22,1.5696596e-08,0.00044913747,0.011388842,2.2609195e-14,2.6347496e-07,2.7718612e-09
2024-09-07,4.6727236e-19,4.38598e-14,1.6380671e-11,1.2698043e-08,2.1992567e-13,4.447199e-09,6.0675374e-13
2019-09-20,1.441478e-23,8.3328645e-18,2.313248e-07,2.8696641e-12,4.116066e-15,1.8310441e-20,2.0770625e-05
2019-03-31,1.7751486e-09,0.99995244,2.491134e-09,5.3391457e-08,0.99972266,9.8853314e-11,7.8589173e-16
2020-11-03,4.9090386e-18,2.75303e-09,0.0009018556,5.5638544e-08,9.794909e-06,0.0002551224,0.9999486
2022-08-30,1.663319e-24,1.211356e-18,2.3557978e-09,6.247729e-05,7.771377e-19,7.3755944e-15,1.1813159e-09
2019-05-22,2.6185068e-08,0.99999714,0.9962857,6.428556e-08,1.0,0.0030736858,3.801525e-07
2022-04-07,0.0028940262,0.99939024,0.2878988,0.2200621,1.0,1.0660628e-08,3.552534e-05
2023-04-16,0.005175918,0.99998784,0.99999774,0.99985754,1.0,1.7097459e-11,0.00019254466
2022-06-02,4.3877484e-09,8.313811e-11,1.0,0.9999341,0.99918836,3.5501563e-13,3.2303643e-07
2021-06-08,0.002183959,8.761824e-12,1.0,0.000626358,1.0,9.627874e-06,0.016019825
2020-11-15,4.7953834e-15,1.1406107e-10,0.00025128236,2.940873e-08,0.509762,0.997809,1.0
2020-02-16,0.99862254,0.99997246,0.9999248,0.122552745,1.0,0.25508732,3.731171e-05
2023-10-20,4.4228095e-21,1.2936203e-18,6.223999e-12,2.2663298e-10,1.2023667e-15,7.52014e-17,0.00026572336
2023-01-05,0.9999958,1.4615841e-14,0.45642114,0.0010761525,1.0,8.582728e-11,0.9999995
2021-01-20,0.9999956,2.1428083e-05,0.99999046,3.3968358e-06,1.0,0.99982375,0.1101907
2023-05-02,0.023377672,0.9999999,0.9999999,0.99944276,1.0,2.5327286e-05,2.0777271e-07
2020-11-04,1.4653034e-20,6.6223366e-10,0.14064291,9.692963e-05,3.9448526e-07,0.9999552,0.99941397
2023-01-12,0.99999976,2.8925536e-11,0.88768256,0.76186186,1.0,4.1742979e-10,0.9999193
2019-05-08,2.1414728e-07,0.9999999,0.9999995,0.84656334,1.0,0.30630127,1.2032275e-06
2020-03-10,0.7178777,0.057598945,0.9999968,3.6230367e-06,1.0,6.1810356e-06,4.2060165e-05
2022-05-31,1.3856247e-07,1.5623182e-05,1.0,0.99999464,0.99998355,3.6197528e-11,5.362793e-08
2024-01-31,0.99896383,0.013288884,0.8878169,0.54852754,1.0,0.9999776,0.04646105
2019-06-27,1.9778019e-26,4.1325562e-14,0.07373814,1.227191e-10,1.3811817e-14,8.759983e-20,1.5822889e-10
2023-12-01,9.963245e-06,3.439011e-06,0.0039223614,0.99982977,0.99999976,0.82344055,0.9999999
2023-06-23,9.24347e-18,1.8510635e-16,5.3720737e-07,1.7321894e-05,4.230549e-14,8.738465e-18,1.4119217e-15
2024-08-21,2.1580695e-16,1.3031176e-14,8.062903e-13,0.00113423,1.7507927e-14,7.254163e-14,4.9598797e-11
2020-05-15,3.3827475e-06,0.0005020366,1.0,0.9999219,1.0,1.1400638e-08,2.611079e-06
2019-12-10,0.22257857,0.98649514,0.99997866,0.999992,1.0,0.99999547,0.99999034
2024-09-17,8.775799e-21,1.8796732e-11,3.2837513e-10,4.6701572e-08,1.750929e-11,2.523045e-07,2.1013333e-09
2020-08-25,3.8699562e-18,9.324474e-16,1.175573e-07,3.6118245e-06,1.7146147e-15,5.3517295e-11,3.0774763e-10
2024-10-31,2.639861e-22,4.3249374e-22,1.3554059e-13,2.1000458e-10,3.3340028e-12,4.9755364e-17,8.172438e-11
2022-08-02,2.9316325e-19,5.3485224e-12,6.3226857e-06,0.05528485,1.6335937e-14,1.7991088e-08,2.4393192e-09
2023-09-20,5.724864e-24,2.1020848e-11,2.094627e-16,3.6102625e-05,3.221589e-14,2.883664e-10,1.6169102e-10
2024-07-29,1.2969084e-22,2.7525296e-14,1.2428805e-12,1.4004067e-09,3.595713e-13,1.8403422e-14,8.0801205e-19
2020-08-23,2.137519e-18,1.5638889e-12,7.74546e-09,4.1979365e-07,1.4543796e-13,8.5858805e-09,5.13208e-12
2023-03-08,0.99999976,8.494503e-08,0.024412844,0.9999896,1.0,6.446482e-12,0.0013994183
2020-07-29,1.6734004e-16,3.2679665e-11,1.9775923e-07,0.00011958056,2.8659571e-11,0.0005140971,7.364188e-13
2021-05-20,0.013469821,0.9840846,0.9999999,0.98874855,1.0,0.027569529,2.1805035e-06
2023-08-09,1.25355e-21,3.878989e-17,3.485914e-14,1.7053033e-07,7.5976255e-15,6.746042e-20,2.820853e-10
2019-07-04,3.0785787e-26,7.790362e-07,0.7465319,6.009395e-06,9.157589e-14,6.2747913e-15,1.6524031e-07
2024-07-02,3.8486293e-23,5.0286316e-20,0.0012893983,7.2324586e-14,7.806055e-14,1.3373151e-24,6.73959e-11
2023-06-18,7.156386e-17,1.1282546e-12,0.11824979,9.182693e-05,2.6862061e-09,3.1905015e-17,4.106486e-14
2022-07-27,4.323589e-20,2.739358e-10,0.00025078547,0.0038094418,2.3625728e-14,6.073869e-10,3.7006623e-11
2020-01-31,0.99232495,0.9996773,0.99994755,0.9999716,1.0,0.038808808,0.035837602
2020-12-16,0.34521627,0.0007058662,0.9999604,0.0029456206,1.0,0.99999976,0.9946859
2023-10-21,5.7266045e-19,2.4672077e-16,8.7315224e-13,3.8538586e-12,2.5760524e-12,1.23405214e-17,8.154678e-05
2019-10-01,3.4179806e-22,5.0162625e-17,5.327816e-06,5.475307e-12,2.8329118e-16,1.8454963e-13,0.025871474
2020-09-29,9.742913e-20,1.731069e-10,3.919758e-11,1.1520706e-09,2.2019188e-12,5.1005375e-13,9.9052386e-08
2020-08-10,1.7015652e-13,3.926037e-14,1.0909911e-05,6.116095e-05,5.792747e-12,1.9907678e-07,2.9982958e-10
2024-06-20,4.7412863e-23,9.652746e-15,0.9999554,3.6176888e-11,7.395611e-08,4.7891714e-21,6.787454e-10
2020-04-15,2.9243914e-05,0.9999999,1.0,0.9999993,1.0,1.6266991e-08,2.9631829e-05
2023-11-10,9.947622e-21,9.308569e-20,2.9979286e-11,1.2128522e-10,1.7400689e-11,5.5165265e-15,0.7342166
2024-09-23,1.1465652e-18,2.885004e-19,7.060629e-12,2.8600145e-12,1.4791347e-10,1.7924841e-16,5.1621945e-14
2023-06-02,3.0785328e-14,9.0514163e-07,0.9999982,0.0008288749,0.013069185,1.2963456e-13,1.6081137e-18
2021-02-02,0.99999905,3.9982893e-05,0.8695823,2.0843014e-08,1.0,0.9998671,0.008150334
2024-08-25,1.7124343e-19,1.7393544e-12,2.5097887e-11,2.5007837e-05,3.4991768e-14,4.5647604e-11,9.333929e-11
2020-11-01,3.5934545e-22,1.3049596e-12,6.0511826e-05,4.6640127e-09,4.1491746e-10,7.4542777e-06,0.62173486
2021-03-25,7.5307e-05,0.9941531,0.0009412156,1.5334711e-08,1.0,3.7501616e-10,2.332253e-10
2023-01-08,0.99999917,1.0751722e-12,0.99884367,0.054125544,1.0,1.0046109e-08,0.9999939
2021-05-02,0.024397502,0.9999957,0.99999964,0.9991553,1.0,0.00017164173,2.552516e-06
2022-08-31,1.5373522e-22,1.5636209e-19,1.41162495e-08,1.3892994e-06,4.7030015e-18,4.0953278e-16,2.3421137e-10
2024-11-09,3.0224909e-18,3.0469796e-08,8.3253055e-17,9.903647e-07,0.0010752958,2.677934e-09,4.4536012e-08
2019-05-05,4.997929e-06,0.9999988,0.9999962,0.012964674,1.0,0.008057218,7.4244196e-07
2023-01-29,0.9958598,7.1738486e-07,1.0,0.99999905,1.0,3.0372716e-12,0.9986204
2022-03-08,0.99979943,6.1490573e-09,0.0036012495,2.598958e-05,1.0,0.9971451,0.001972482
2020-06-26,1.8585336e-25,3.691036e-17,0.9998958,1.7388564e-09,1.0866669e-14,7.161465e-17,1.3476534e-05
2019-09-07,4.6644866e-23,3.7493148e-19,1.605263e-06,2.9774633e-12,7.2833545e-12,1.7470532e-14,2.3094064e-05
2024-01-19,0.991708,0.010565074,0.99994445,0.9999974,1.0,0.99999523,0.9748343
2022-08-25,5.1938567e-22,3.3132713e-17,8.360882e-11,0.00028557592,5.1640944e-18,4.4932462e-14,9.2459575e-14
2024-07-01,6.4854666e-23,1.0211469e-17,0.00017792183,2.7851333e-15,1.7668035e-11,6.1689456e-20,1.8905153e-13
2021-07-18,1.4109925e-19,1.364798e-19,0.00019916528,6.643897e-13,1.0434828e-12,1.178362e-19,3.8190402e-07
2024-03-24,0.14731418,0.9965706,0.00014981283,0.0902155,1.0,0.00023966584,5.9554637e-08
2022-06-17,2.284633e-24,1.6443495e-15,0.9047891,2.3901705e-11,5.343225e-14,3.3745253e-16,1.4142625e-13
2024-12-27,0.014082431,9.442728e-06,0.012956804,0.9999999,1.0,1.0,0.99995196
2019-05-11,3.9463266e-08,0.99999285,0.99999917,0.9992021,0.9999994,9.383188e-07,1.3139302e-07
2019-10-06,1.990631e-19,8.2257127e-16,1.5635557e-06,3.0704654e-13,1.8167849e-12,6.37484e-09,0.9429869
2023-03-20,0.7685542,0.99749774,0.0015237398,0.9879887,1.0,4.710986e-13,1.7391515e-09
2024-04-16,0.46210077,0.99985087,0.99998903,0.9999999,1.0,0.00045268142,0.91505927
2024-08-07,4.940711e-19,1.028948e-09,1.4933445e-11,7.6537657e-07,3.9687811e-13,5.8364855e-09,6.8078185e-15
2022-02-12,0.9999918,0.99767226,0.90633214,0.9979063,1.0,0.99999845,0.9826235
2022-06-15,3.378344e-20,2.1657509e-13,0.98818165,8.859054e-08,1.4764456e-10,1.8753915e-17,2.0640507e-15
2020-06-24,9.491965e-24,4.9064177e-18,0.9999387,9.78025e-11,4.0485312e-10,3.2448995e-18,4.0348567e-07
2022-07-28,3.5767186e-20,6.528072e-12,7.361797e-07,0.10635366,3.0562346e-15,9.406598e-11,2.6660363e-11
2023-12-24,0.06250152,1.7618731e-05,0.99272704,0.9999939,1.0,0.9997708,0.99999785
2021-01-09,1.0,0.021219742,0.98207885,6.2845975e-05,1.0,0.99995196,0.0020766903
2019-05-20,8.765017e-08,0.99995923,0.9985454,0.00021813139,0.99999833,0.0054719,2.8565932e-14
2022-12-01,0.022109902,1.407959e-13,0.9605698,0.008115675,1.0,8.3803425e-06,1.0
2024-06-30,7.908933e-23,2.6143826e-17,0.0012376279,1.6624932e-14,4.2061103e-12,1.980285e-19,1.4841145e-13
2022-11-15,3.5360003e-12,8.532378e-14,0.9999989,8.576356e-05,0.9982621,2.3932395e-12,1.0
2019-08-28,2.9872852e-21,3.066273e-18,1.1766701e-07,1.7901278e-11,4.7431805e-14,1.2727917e-19,2.990387e-13
2021-12-01,0.99949145,4.7680624e-07,0.99999774,0.9999832,1.0,3.1966443e-05,1.0
2024-01-08,0.99997187,0.051044524,0.9988932,0.9993925,1.0,0.99999785,0.99999285
2023-11-18,4.762135e-14,1.3146851e-16,9.2279e-10,1.0116601e-06,1.6593672e-06,3.9887757e-14,0.9999999
2020-11-16,5.9499567e-12,1.0509967e-09,0.00086320064,4.2435713e-09,0.9969618,0.9994398,1.0
2020-06-05,6.3227823e-09,1.7131293e-09,1.0,0.9997502,0.9999701,3.7529686e-09,5.037686e-08
2019-12-23,0.9947429,0.9996872,0.99999964,0.9999789,1.0,0.9972711,0.9921583
2021-02-17,0.9999907,4.372641e-10,0.11229542,2.3137825e-09,1.0,0.027629677,0.0007953505
2019-06-14,3.0290928e-26,1.7394956e-10,0.9998635,6.846905e-13,8.299097e-10,6.027408e-17,5.709903e-09
2020-03-11,0.9823173,0.00019902992,0.9919145,1.2479495e-06,1.0,1.8662054e-07,5.3203246e-07
2022-04-12,0.00093121576,0.99999475,0.99966383,0.99999917,1.0,1.8316056e-06,0.005675844
2024-05-29,4.8083346e-11,9.084068e-11,1.0,5.3958884e-05,1.0,4.1356064e-11,3.2838068e-06
2019-10-22,1.688096e-23,1.1830582e-14,0.18815582,2.1085516e-13,1.1952933e-09,1.2954607e-13,0.99986947
2020-01-02,0.9981831,0.9999722,0.99999976,0.99999845,1.0,0.99824464,0.7165026
2024-05-02,0.000100360245,0.9527898,1.0,0.9999988,1.0,5.045028e-10,0.020996347
2023-10-06,5.350128e-22,2.3103494e-22,8.7050037e-16,7.133721e-10,2.6642286e-17,2.2026842e-15,4.3274723e-10
2020-01-28,0.9996445,0.99998796,0.999818,0.9999505,1.0,0.9999944,0.0054061
2023-05-03,0.032390606,0.9999895,0.999997,0.9999807,1.0,0.00023922476,3.5685e-06
2019-10-03,5.0828007e-22,2.8047898e-18,4.289278e-07,2.9550714e-15,1.7285621e-13,1.10207295e-11,0.067102
2020-08-06,1.6178875e-22,1.9583906e-15,2.2593778e-09,3.6278502e-09,2.600609e-15,3.204097e-12,2.306723e-13
2022-02-01,0.99971014,0.99989307,0.9996965,0.99996483,1.0,0.9999999,0.85490805
2022-01-04,0.99633825,0.9988539,0.9991308,1.0,1.0,0.99998677,0.99994373
2020-10-14,1.7197253e-21,4.180843e-12,0.00048704914,7.129931e-12,1.0869163e-09,2.0616526e-13,0.64151263
2023-10-17,1.1691606e-19,2.107489e-18,7.3537764e-12,1.0744162e-11,1.1686676e-12,7.350656e-14,1.6131133e-05
2020-04-22,0.00038221155,0.99998415,1.0,0.99999976,1.0,5.857851e-06,0.002954528
2019-07-24,2.0942255e-18,2.5142482e-08,0.028893298,0.038585734,6.276929e-09,1.6237399e-18,2.482622e-11
2020-05-30,1.9993958e-10,1.7238606e-09,1.0,0.010175055,0.9983443,7.936825e-09,1.0986497e-07
2023-08-30,2.0556267e-23,8.170715e-13,1.3460225e-14,8.996722e-05,2.8412356e-15,4.9015425e-15,4.3918513e-09
2022-01-19,0.999772,0.98431486,0.99986196,0.9999999,1.0,0.9999906,0.99937075
2022-12-29,0.99999857,1.9593667e-10,0.9669789,0.012296585,1.0,5.5595438e-06,1.0
2022-11-22,1.2681902e-11,1.2437222e-16,0.9999945,5.9376645e-05,0.99829704,1.1726488e-06,1.0
2019-11-10,1.05672944e-13,2.3303906e-07,0.021232443,1.85703e-05,0.039816674,0.00014079337,1.0
2024-05-30,1.2528185e-10,3.1834877e-09,1.0,0.00068073365,1.0,7.1741e-09,1.25062565e-08
2020-08-13,7.569268e-17,1.1094717e-11,7.142809e-08,0.00015293727,4.280408e-11,3.7238258e-06,1.5955934e-10
2024-08-30,2.4679467e-20,2.4021243e-09,7.497567e-10,0.00037985918,6.434747e-13,1.1514696e-11,3.1182203e-11
2019-10-13,2.1789866e-19,4.872163e-15,5.2559788e-08,3.5318448e-14,3.367508e-10,5.1745715e-08,0.9989889
2019-04-28,0.00015332713,0.99999976,0.9999949,0.9892559,1.0,1.530814e-06,2.5467776e-07
2023-10-25,5.1568058e-20,2.8965776e-15,7.20797e-11,5.057287e-12,7.364375e-12,1.5035553e-16,0.49828753
2020-10-13,1.5702087e-18,2.9507153e-13,1.1444036e-08,4.406316e-13,3.5935382e-10,8.790266e-15,0.05406291
2019-09-04,5.486676e-25,3.476385e-18,2.1366821e-08,5.485862e-13,6.0106273e-12,1.9080648e-19,3.2738687e-11
2024-05-08,2.1366439e-05,0.0001226837,1.0,0.99994445,1.0,8.196904e-14,0.058584966
2024-10-14,1.6876614e-19,6.2650713e-18,9.580452e-13,5.48879e-14,3.8199624e-11,2.9538362e-12,3.077072e-07
2020-02-18,0.9996716,0.9999988,0.96851504,0.9484001,1.0,0.9834335,0.00047270345
2023-03-28,0.9995078,0.101348594,5.6517925e-05,0.0037143328,1.0,2.0648375e-08,2.7328656e-10
2021-07-23,1.320205e-21,7.285979e-20,2.6092819e-06,4.2566828e-15,7.39263e-13,2.4188978e-23,4.1574444e-14
2021-07-22,1.1579407e-18,7.484546e-15,7.7086774e-08,2.0489805e-15,6.2421325e-11,3.7978498e-14,7.359617e-11
2019-11-30,0.029169371,0.9858995,0.9999858,0.98624194,1.0,0.990986,0.9666972
2021-11-10,1.0753039e-11,8.0907266e-20,0.5000639,6.0359278e-05,0.037455335,1.3748172e-16,1.0
2019-08-23,8.6469015e-20,3.0348796e-16,2.9690625e-07,1.3841486e-10,3.406847e-13,8.9721844e-24,4.772142e-12
2022-06-14,4.5795225e-23,2.068451e-13,0.9999472,6.1732025e-10,7.7703187e-13,1.3225018e-16,9.256338e-13
2023-04-18,0.000507706,0.9999448,0.99997497,0.9800679,1.0,1.6060787e-10,0.0047116065
2021-05-03,0.00053355144,0.999992,0.99999976,0.99999785,1.0,0.0030429286,0.0006344516
2021-01-06,0.9999932,0.0018074733,0.9997209,0.00029625522,1.0,0.99975723,0.9959781
2024-11-21,1.69448e-08,1.3988021e-07,0.00016463616,0.99568236,0.99999976,0.1702058,0.9999995
2019-09-17,1.9905864e-18,5.514793e-18,9.987526e-10,1.2887449e-13,9.751225e-12,2.1734635e-14,1.9635365e-06
2021-12-10,0.9999429,0.0006165498,0.99998856,0.99384826,1.0,0.4439453,0.99999976
2020-02-21,0.9999678,0.8329458,0.9841643,4.668199e-06,1.0,0.9667557,2.9835584e-05
2022-01-17,0.99899834,0.9972185,0.99997747,0.9999974,1.0,1.0,0.99742573
2020-07-13,1.6164388e-21,4.8868413e-11,0.00021068005,8.2747945e-08,1.6376633e-16,1.4960765e-10,1.3336602e-12
2019-12-28,0.64660674,0.99998856,0.9999993,0.9999881,1.0,0.99997735,0.9781949
2022-08-09,8.624493e-22,2.8440035e-13,5.9875345e-09,1.2370317e-06,2.439783e-14,2.5386167e-12,2.5943186e-14
2020-01-05,0.9974189,0.99910635,0.99999905,0.9999932,1.0,0.99998105,0.99870896
2023-03-26,0.00018063962,0.04925542,1.602023e-05,0.05900637,1.0,1.4744924e-14,9.934508e-12
2021-06-25,1.9033495e-16,9.779603e-10,1.0,7.889247e-06,2.2544585e-08,9.8043854e-14,4.1010108e-12
2023-08-18,1.8205227e-25,1.07578065e-17,1.9808283e-12,2.4981606e-10,1.8778113e-17,7.28676e-19,7.20021e-14
2023-10-11,4.6991703e-23,1.8250721e-23,7.719101e-14,1.9110918e-11,2.8256343e-18,2.0858107e-14,3.3071479e-09
2019-11-16,3.517238e-07,3.1988821e-12,0.09363324,0.016360313,0.99999654,0.0031038092,1.0
2024-12-21,0.8811936,1.549729e-06,0.9933129,0.9999813,1.0,1.0,0.9955432
2024-10-20,7.7087705e-22,8.65137e-17,3.541287e-11,6.945451e-16,3.0534584e-13,5.0939493e-19,5.8254945e-10
2022-03-14,1.644055e-07,0.95694506,5.650249e-10,2.0699647e-11,0.99999285,0.0003809028,4.6957584e-11
2020-11-26,6.50828e-08,4.604148e-09,0.58805007,2.3624057e-06,0.9999981,1.0,1.0
2020-03-25,0.9965886,0.99999964,0.9995999,0.96740526,1.0,0.07123389,3.4334462e-06
2021-11-29,0.9997819,1.0979711e-07,0.99999905,0.99997306,1.0,9.671457e-06,1.0
2021-03-24,0.0002321698,0.9967519,4.267215e-06,2.4872648e-09,1.0,1.966321e-12,2.9012836e-11
2021-05-21,0.4879734,0.99983025,0.9999999,0.9794281,1.0,0.24464734,0.0009712618
2023-07-08,1.2153982e-16,1.8361568e-13,1.4168182e-06,2.697712e-05,3.7941933e-14,7.8001385e-16,4.34198e-15
2024-07-18,4.7323627e-22,4.6947716e-19,1.8779045e-07,3.4109445e-16,2.8756925e-15,1.9486551e-18,1.642068e-15
2023-04-13,6.9231465e-10,0.9999831,0.23395374,0.00097352144,1.0,3.2660834e-12,3.9569013e-08
2024-08-14,5.805873e-21,1.1458871e-11,8.713203e-10,2.227153e-05,1.5916054e-14,3.0617006e-12,2.0244363e-16
2020-09-30,2.3816209e-25,5.7932196e-13,6.876222e-09,6.742818e-11,2.026622e-17,1.8390107e-12,2.9080012e-09
2023-09-18,4.399932e-25,6.357827e-13,2.3738643e-11,8.288067e-06,7.572099e-17,8.2765335e-19,9.541026e-13
2019-10-15,1.05574855e-20,3.074009e-14,5.6749233e-08,1.7566344e-16,6.510206e-11,1.7733559e-12,0.00067617977
2024-01-22,0.99962664,0.90698487,0.9833808,0.99980074,1.0,0.9999999,0.9731801
2020-05-29,1.7294363e-09,3.2344726e-08,1.0,0.27743322,0.9994586,2.725636e-13,1.32989335e-08
2019-09-14,1.7668097e-23,1.0584878e-18,7.397031e-09,2.2738263e-16,4.5629364e-13,4.34577e-17,1.9678913e-10
2023-09-10,3.9386284e-26,1.6246904e-15,1.3870087e-13,3.406043e-05,1.3952412e-18,3.4486186e-12,1.1494853e-12
2024-02-14,0.032840703,0.0027368742,1.0096359e-08,2.58755e-09,1.0,2.2338409e-07,3.286659e-10
2021-10-27,3.486234e-21,1.9131181e-16,0.00080513407,6.4638048e-12,9.6922964e-12,1.0190921e-17,0.11527125
2022-09-22,2.300492e-21,2.1919879e-23,5.831431e-07,4.2448093e-13,5.666223e-17,1.0996141e-15,0.00014921236
2019-09-09,3.7154494e-23,6.7226815e-15,8.397086e-06,1.3528227e-10,3.0101583e-13,3.2900605e-16,1.6749654e-08
2024-04-08,0.029685374,0.9999906,0.9999988,1.0,1.0,1.4308982e-09,0.05479652
2021-03-16,0.9999968,7.469556e-06,0.000113189584,5.4524553e-05,1.0,5.3928943e-05,1.5178931e-07
2024-12-10,0.040953696,4.8911348e-05,0.95083654,0.99999917,1.0,0.99999666,0.99998736
2019-05-30,7.8649076e-14,2.1381238e-07,0.99999976,7.752562e-11,0.026423225,4.90285e-08,1.8274868e-11
2020-11-09,1.1157997e-19,7.46725e-11,0.57693356,5.3653184e-09,5.965486e-05,0.97948235,0.9999999
2022-03-13,3.3461848e-07,0.029254489,1.3668567e-06,1.01535315e-10,1.0,0.017873162,0.0001197161
2024-05-11,2.320108e-07,2.321037e-08,1.0,0.007249588,1.0,3.729523e-15,0.23215683
2022-12-13,0.9999794,4.893564e-08,0.9999932,0.97543633,1.0,0.01715518,0.9999995
2020-04-28,0.0021548008,0.99828976,1.0,0.9999999,1.0,1.6687288e-07,1.7980045e-06
2024-03-23,0.0002791119,0.9967409,0.0016441895,0.9605577,1.0,2.6552688e-10,4.780091e-07
2021-09-16,1.2169141e-25,1.3660344e-16,4.507188e-05,1.9636625e-13,7.737603e-17,1.4227381e-18,1.6764788e-10
2022-12-03,0.00010912061,1.258824e-09,0.9999584,0.002650212,0.99999535,0.00031474628,1.0
2020-07-01,4.1067284e-18,2.9400662e-11,0.9999355,5.673375e-08,2.9477695e-08,1.0263064e-08,4.5816148e-10
2024-10-10,1.3791847e-20,4.6196614e-18,2.2689678e-14,4.3722946e-16,5.5794015e-12,1.6597053e-10,3.499301e-08
2023-12-30,0.7986193,7.6079115e-05,0.91165686,0.99999964,1.0,0.9999906,0.9999994
2023-10-13,1.7090068e-21,1.5733412e-22,1.6545013e-12,4.602903e-12,4.539015e-16,1.5925141e-13,8.186784e-06
2024-11-24,6.175599e-08,1.4275929e-06,0.003489584,0.999982,1.0,0.9999647,1.0
2022-12-05,0.0021038793,4.9957274e-12,0.99995935,0.8104678,0.9999999,0.000113632,1.0
2022-05-29,1.4656314e-07,8.083303e-10,1.0,0.9974994,0.9999974,2.4729028e-13,9.950178e-07
2021-10-07,2.0054994e-21,2.6251747e-18,6.1172555e-05,2.900178e-14,2.4042693e-13,1.0898296e-15,0.00017609094
2022-01-05,0.9943704,0.8772333,0.99993455,1.0,1.0,0.9999831,0.9998301
2019-11-20,1.3083097e-07,1.4475015e-06,0.9255811,4.7565023e-05,0.9999969,0.99999714,0.9999999
2019-05-31,7.6894304e-18,3.500487e-09,1.0,2.8727215e-11,0.0061184387,3.258607e-10,6.207537e-14
2020-01-25,0.9997297,0.9999939,0.9999982,0.99997234,1.0,0.99971277,0.085727215
2020-04-18,0.00027905763,0.9999993,0.99999976,0.9999999,1.0,2.2208791e-05,0.00053474336
2022-03-07,0.9999697,6.2187605e-10,0.0864384,9.953464e-06,1.0,0.94968927,0.00013830367
2021-06-21,8.1691285e-20,5.0835464e-11,1.0,7.948229e-10,2.5710203e-09,4.4652136e-11,1.560964e-10
2024-01-27,0.99998796,0.876774,0.99425405,0.94538254,1.0,0.99997985,0.92992365
2021-05-11,0.21446745,0.9999994,1.0,0.99685776,1.0,0.00097407814,1.8370149e-05
2024-03-01,1.355134e-10,3.8597806e-12,7.8088243e-07,1.9847784e-14,0.9953211,8.2862756e-16,9.261132e-15
2019-08-19,1.2380974e-18,1.0607202e-16,9.571453e-06,1.2691264e-08,1.3634421e-12,5.1468265e-18,1.133663e-15
2020-08-30,1.6556805e-21,1.6106023e-15,1.463323e-09,6.212942e-09,1.5026768e-14,2.739472e-18,3.370825e-13
2019-12-03,0.063932054,0.004154766,0.9999014,0.9969037,1.0,0.99485755,0.9823371
2022-05-21,2.5892987e-08,1.1329038e-12,0.999859,0.1879697,0.9988199,7.098799e-17,7.7883655e-08
2021-08-08,5.369467e-23,1.3871315e-19,8.3916246e-10,3.2392385e-16,9.248374e-14,4.2145514e-19,2.4927844e-12
2023-10-10,5.3305073e-23,1.8715206e-22,7.203644e-14,1.5862694e-09,2.8515917e-17,2.2759125e-13,4.5112805e-07
2021-09-22,6.268982e-21,2.5664443e-20,3.3028327e-11,2.6359458e-15,7.310609e-11,8.888506e-19,1.1129455e-07
2024-04-09,0.00089628744,0.99996686,0.99985373,0.9999999,1.0,2.973474e-08,0.901992
2021-02-11,0.99999905,7.0912227e-09,0.41796035,3.9995527e-08,1.0,0.99900204,0.0016146995
2019-04-01,1.2268709e-09,0.99996436,1.9924678e-07,6.405612e-10,0.99913555,6.5108127e-12,1.1243939e-16
2021-11-24,0.004914709,4.9395277e-10,0.99951017,0.9458006,1.0,1.2295442e-06,1.0
2024-04-24,0.039017063,0.9999896,0.99994576,0.9999722,1.0,0.0009406427,0.778465
2023-08-24,1.4628235e-20,3.2289108e-17,2.1161545e-13,0.008520965,1.3689036e-16,2.3501967e-09,6.225498e-11
2023-02-02,0.9999968,3.317368e-10,0.9999318,0.99959844,1.0,6.32173e-10,0.9942023
2023-02-28,0.99999917,1.5775947e-09,2.275629e-05,0.9999968,1.0,1.9221124e-12,0.0026630762
2023-11-24,2.4134217e-09,7.855692e-13,2.4878339e-06,0.9996346,0.9976192,2.0224768e-07,1.0
2021-02-07,0.9999783,8.750141e-06,0.022835959,2.3399698e-06,1.0,0.99860007,0.00017365025
2022-12-30,0.9999999,3.6717194e-07,0.9996785,0.99975353,1.0,0.043414406,0.99999666
2023-10-01,5.6009373e-24,1.0197129e-20,2.0246555e-13,1.207207e-10,8.0946525e-19,1.5861112e-14,1.1890424e-07
2023-05-06,0.2550766,0.9990361,0.9999963,0.99999976,1.0,5.693766e-05,3.220305e-05
2019-12-31,0.9983051,0.9999286,0.9999989,0.99999976,1.0,0.999941,0.67862207
2024-04-22,0.009403586,0.9997985,0.99995995,0.999992,1.0,2.2124907e-07,0.0030447994
2021-02-21,0.9582731,0.0034221057,0.04411897,8.5439815e-08,1.0,0.9789266,0.8355219
2020-05-20,6.136909e-07,0.0206436,1.0,0.9960886,1.0,9.074989e-08,3.307124e-08
2021-06-24,5.441509e-17,4.2865944e-10,1.0,1.924624e-06,3.8884362e-08,1.1434712e-13,1.2564488e-10
2024-10-03,3.799142e-20,1.5447624e-18,3.7053503e-12,7.470292e-09,2.9684908e-13,5.5358124e-16,8.811481e-08
2021-04-22,4.7628927e-09,0.9999982,0.99999607,0.9995975,1.0,6.5862378e-09,0.057151563
2024-07-16,2.154296e-22,2.035366e-20,2.1187285e-08,1.3763808e-16,1.25521025e-14,1.643909e-17,1.4220751e-12
2023-04-07,1.3427163e-08,1.0,0.03904053,0.00034069168,1.0,3.1667682e-08,7.116428e-08
2021-03-07,0.9999895,2.8292323e-05,0.031996183,0.0006805494,1.0,0.0019007988,3.345806e-05
2023-03-07,0.9999881,1.0876867e-07,2.1027347e-05,0.99999595,1.0,5.820862e-14,1.0262084e-05
2020-03-22,0.20158938,0.99975973,0.9999144,0.8571089,1.0,0.9989291,0.8326911
2024-10-12,1.2859688e-19,1.1820776e-17,1.3149222e-14,1.09585694e-13,7.6491875e-11,1.2962097e-09,9.4369454e-08
2023-12-21,0.084720135,1.4645474e-06,0.6928455,0.99999523,1.0,0.9999659,0.9999993
2022-09-29,2.5282351e-21,1.0104114e-21,1.0278849e-09,6.780813e-11,1.2001567e-17,1.1757747e-13,0.00017228138
2022-05-28,4.3810772e-08,6.3133703e-09,0.9999999,0.008909893,0.9999664,1.07892634e-14,1.1927515e-13
2020-06-06,2.0475859e-07,1.91503e-10,1.0,0.99754804,0.99999046,1.6205287e-10,1.1091367e-06
2022-06-04,1.3423653e-12,4.9398403e-13,1.0,0.9922105,0.14560609,1.2911874e-14,1.808735e-09
2020-12-11,0.88830924,1.0188636e-05,0.99853456,0.00017445332,1.0,0.9999907,0.99999154
2020-12-19,0.84892464,0.00017939262,0.99997354,0.0012021913,1.0,0.9999999,0.9989661
2024-02-25,1.1539222e-09,3.3150917e-17,6.511228e-07,6.3430835e-14,0.9925344,1.5053532e-14,3.8705086e-15
2022-11-01,7.7657833e-17,4.5062287e-19,0.47230577,3.074739e-08,3.1914965e-07,2.0363211e-20,0.99419844
2023-08-31,4.011691e-24,6.135708e-14,3.860822e-14,1.0879171e-07,2.251334e-16,1.1463468e-10,7.249598e-07
2022-11-07,1.3185872e-13,9.544688e-16,0.9996136,8.410944e-06,0.00013001298,1.5767639e-17,1.0
2023-08-02,6.8026543e-22,2.0302406e-12,2.0387244e-11,0.025133096,4.7232717e-15,6.022663e-13,3.144387e-14
2019-03-27,1.3031834e-06,0.99998736,3.3053773e-05,4.3756723e-09,0.9999999,3.1833784e-09,6.095091e-15
2020-05-07,0.00091028673,0.928678,1.0,0.99999833,1.0,6.869588e-09,1.9382342e-06
2023-08-22,2.058025e-18,5.6367983e-16,9.70289e-13,0.0010332149,4.0994247e-15,3.340897e-08,3.0593174e-13
2023-09-08,1.6370374e-25,1.0188833e-15,2.2524273e-14,1.0643037e-05,5.520939e-18,3.281281e-12,1.17066495e-11
2021-01-17,0.9999995,5.130694e-06,0.9991574,0.0010487151,1.0,0.9991167,0.0019728576
2024-01-25,0.99979764,0.08972428,0.98072743,0.99996793,1.0,1.0,0.9992304
2024-06-18,2.1049809e-19,3.7578795e-18,0.9999974,8.49247e-10,3.5625358e-06,1.1615062e-18,3.4314855e-09
2023-04-14,4.1606623e-07,0.9999758,0.7573046,0.9758292,1.0,2.8725722e-12,3.6628535e-05
2019-11-09,1.9868636e-12,2.9906488e-07,0.0030839809,4.7866888e-05,0.2527405,2.5711154e-07,1.0
2021-10-17,1.6132045e-21,2.9310638e-18,4.3889835e-05,8.2184964e-13,1.057287e-11,2.3106978e-18,0.2360326
2019-12-26,0.9753287,0.99871564,0.99999356,0.99999154,1.0,0.99965537,0.99867946
2021-02-18,0.999995,2.1615539e-07,0.00028206178,1.1721575e-07,1.0,0.17667216,0.06249851
2023-02-18,0.99955815,1.7034996e-05,0.98204273,1.0,1.0,1.5862821e-12,0.86656094
2020-01-29,0.99995506,0.99998045,0.9999746,0.9999949,1.0,0.99999,0.109863535
2021-10-02,1.5927187e-23,1.4502105e-21,3.715067e-08,2.9739568e-15,6.3120477e-16,1.12024475e-17,4.651229e-09
2024-04-01,6.5192515e-05,0.9998292,0.99991703,0.9999969,1.0,1.8373286e-11,0.027081048
2022-09-13,3.6948986e-23,5.4953984e-22,7.941341e-08,2.5799187e-11,1.3057673e-18,6.901171e-13,1.9081552e-08
2022-05-30,1.3572973e-09,1.16531e-10,1.0,0.993454,0.98722047,5.600227e-11,5.2697063e-10
2021-03-26,3.6839356e-07,0.0063461997,1.1836157e-06,5.922271e-13,1.0,2.226228e-14,3.7371727e-14
2021-03-09,0.99999666,0.00013106466,0.0066285357,0.030164326,1.0,0.00079927774,0.0043053385
2024-05-13,3.7415248e-06,2.1366093e-15,1.0,0.015642283,1.0,5.9199454e-09,0.0003065694
2019-11-08,4.0220655e-16,8.061908e-08,0.072123624,4.272529e-06,0.00076772243,1.245057e-05,1.0
2021-06-13,2.655536e-15,2.4668214e-09,1.0,6.780118e-10,0.19946693,4.979043e-12,5.18623e-08
2023-06-19,3.2800765e-14,8.056847e-13,0.012981782,0.0013642682,1.04830855e-08,1.7419132e-17,3.0484332e-15
2021-01-31,0.9999987,8.581162e-06,0.96959645,1.2161752e-08,1.0,0.99993455,0.05556123
2022-04-08,0.16818094,0.9961648,0.08756223,0.028140234,1.0,6.348028e-08,1.3371763e-06
2022-07-08,1.2229985e-22,2.975747e-17,6.445151e-06,2.6715958e-14,6.296127e-16,2.447965e-13,2.9908888e-13
2020-02-02,0.99997306,0.9999434,0.99962103,0.99940777,1.0,0.9998553,0.0047741346
2021-05-08,0.018616073,0.9999999,0.9999999,0.9980307,1.0,0.000681275,9.011813e-06
2020-04-06,1.6355097e-08,0.99980396,5.5218028e-05,3.6389938e-05,0.9999982,7.117326e-15,1.2926314e-14
2021-10-09,6.907194e-23,8.245379e-16,1.9243748e-07,4.3192645e-15,1.1378097e-14,1.08152906e-17,3.6580434e-05
2021-03-28,0.0012880942,2.1464768e-06,6.4639536e-08,7.208902e-08,1.0,2.856357e-07,1.5233102e-10
2019-09-06,9.597599e-22,6.3792936e-16,8.7079606e-08,8.5150476e-10,2.5247808e-13,5.8527826e-17,2.5208077e-08
2021-03-08,0.9999999,0.0014074683,0.6467579,0.017338904,1.0,6.35871e-05,1.8083905e-05
2021-09-03,2.7981354e-23,4.3604236e-21,3.0469366e-07,3.389761e-17,6.3407934e-15,4.2296615e-18,2.6357516e-10
2023-07-25,8.863779e-21,1.1571317e-12,6.1990546e-10,0.99328846,1.9871052e-17,2.7493093e-13,1.02185534e-11
2022-12-17,0.9999862,6.3790392e-12,0.9998343,0.0083560785,1.0,0.00015095613,0.99999976
2020-11-28,0.00083698024,9.04908e-08,0.031682808,4.328789e-08,1.0,0.9999999,1.0
2022-03-16,4.830027e-11,0.9899024,7.0755256e-08,2.1234352e-14,1.0,2.1270835e-06,3.7334025e-11
2020-01-24,0.99951017,0.9999534,0.99999964,0.9999932,1.0,0.99994254,0.14688024
2024-08-11,1.3257527e-19,1.2744231e-13,5.2622764e-09,3.80332e-07,5.3496494e-14,9.0176944e-14,5.908939e-15
2020-09-20,4.8802797e-20,1.9182748e-19,8.893571e-09,1.5645303e-12,2.2135239e-12,3.1871335e-16,7.599667e-12
2024-05-18,3.0354355e-05,2.4025944e-14,1.0,1.2379082e-05,1.0,3.636041e-11,2.5579608e-05
2023-03-21,0.9427439,0.07596937,1.4738227e-06,0.97047925,1.0,1.8831933e-15,3.6729044e-09
2022-11-18,1.1115421e-09,2.6138961e-08,0.9999751,7.020076e-05,0.99998796,3.0549369e-10,1.0
2023-01-26,0.99999905,4.784508e-09,0.9945051,0.99915314,1.0,1.6476282e-14,0.87383807
2021-04-04,1.7270009e-12,0.0435875,1.07156325e-07,3.0999883e-09,0.99369496,1.1954202e-14,8.836104e-12
2020-10-19,1.7505066e-24,2.3426565e-12,1.3711297e-09,6.941955e-16,2.6119324e-12,2.1122335e-14,1.181506e-05
2020-02-12,0.99997103,0.9996482,0.99996305,0.97156376,1.0,0.99438584,0.0016102439
2019-05-29,5.178792e-14,7.622198e-06,1.0,9.819739e-09,0.46712664,1.8284523e-15,8.355552e-12
2020-09-01,1.1169951e-21,7.108124e-16,5.490157e-08,3.1328764e-13,2.071748e-13,2.277048e-15,9.307537e-13
2020-01-30,0.9999974,0.9999945,0.9998592,0.99995744,1.0,0.9998666,0.0091970945
2023-06-15,5.719938e-14,2.0148934e-07,0.06746055,0.00030618208,0.00016514857,4.0390437e-14,2.9576733e-17
2019-04-17,8.415357e-06,1.0,0.60585326,0.99397683,1.0,6.7925015e-05,9.355586e-07
2023-05-05,0.21117295,0.99999917,0.99999344,0.99998915,1.0,1.0042115e-05,1.2575066e-05
2021-03-13,0.99999344,0.08006364,0.0005590261,4.3864107e-05,1.0,0.0055926344,9.1052055e-09
2024-02-24,5.2294796e-12,3.3399921e-12,2.457748e-06,2.559186e-12,0.3164064,1.172656e-15,2.383229e-18
2024-05-23,1.4036913e-08,1.7380904e-09,1.0,1.8185056e-05,1.0,7.529984e-10,2.3710808e-08
2020-10-27,5.298738e-23,2.103869e-08,0.1975527,5.187853e-07,8.304548e-09,7.0394065e-13,0.94793075
2020-07-31,3.7421313e-17,1.3562296e-11,2.342678e-09,3.2284008e-06,9.701873e-13,3.4649075e-10,1.116572e-16
2022-05-20,2.8619477e-11,4.8991596e-11,1.0,0.15263097,0.6600564,1.0439262e-13,3.1724872e-12
2020-06-02,3.6484255e-16,3.8151166e-13,0.9999999,0.00020665268,0.00048809714,3.9315333e-16,7.246806e-14
2024-11-06,7.663249e-19,2.3094125e-17,5.406509e-14,3.449642e-10,1.1934895e-06,4.3165942e-16,4.5497918e-11
2024-01-21,0.97083855,0.030318294,0.9934376,0.99870133,1.0,0.9999999,0.99999607
2024-09-15,4.303071e-20,2.6786873e-11,4.261549e-11,1.6577669e-09,2.0634987e-12,0.0005112209,2.3646975e-13
2022-04-30,0.07436414,0.9999999,0.99999106,0.9999931,1.0,0.00020755312,3.9124123e-05
2019-05-23,1.0276353e-14,0.98661,0.9944107,3.618852e-09,0.9994361,3.8964032e-07,1.2976197e-09
2024-05-09,4.207293e-06,1.9044186e-05,1.0,0.9990176,1.0,5.831272e-11,0.5468496
2022-01-02,0.99397165,0.9999645,0.9999982,0.9999999,1.0,0.99327385,0.97015697
2021-01-22,0.9999845,0.00013371716,0.9994659,3.4102555e-05,1.0,0.99994445,0.36781338
2021-12-21,0.9998938,0.002060249,0.9998839,0.99999964,1.0,0.9459255,0.9999666
2021-04-29,0.00016647823,0.9999962,1.0,0.99999905,1.0,2.2794711e-05,1.3074274e-05
2021-09-12,2.6421782e-22,1.3527926e-20,9.258302e-08,2.3302643e-11,3.3290222e-15,6.192922e-21,5.414711e-11
2021-11-26,0.27136022,7.5325655e-11,0.9999969,0.99334794,1.0,0.00012193995,1.0
2022-01-10,0.9999925,0.76800656,0.9995602,0.99998,1.0,0.9998079,0.9998124
2023-10-24,2.2769912e-19,4.855066e-19,1.222311e-10,1.4893034e-10,4.0489113e-13,2.1584742e-15,0.8035109
2023-05-15,7.680214e-06,0.40900412,0.9999944,0.9999926,1.0,5.2698925e-07,9.792117e-08
2019-05-13,9.888151e-07,0.99999857,0.99989724,0.40340665,1.0,0.005252664,7.064485e-11
2024-03-22,5.049535e-09,0.99595946,0.99886227,0.99840647,1.0,2.3281086e-12,0.00032323026
2024-07-20,3.0704306e-24,1.0811938e-19,9.065878e-07,1.8123322e-14,5.114773e-16,1.2863718e-18,4.6652347e-15
2021-06-16,2.154474e-17,8.950737e-12,1.0,3.3832956e-09,9.917552e-06,3.309479e-11,2.7888297e-10
2023-01-11,0.99999475,2.7171457e-12,0.049123794,0.91485226,1.0,7.821104e-11,0.99996483
2023-07-16,2.715391e-22,4.669397e-17,8.478494e-12,3.8384365e-05,4.5088797e-14,1.8695711e-16,1.1151952e-12
2024-02-09,0.9979413,0.41014588,0.0018045178,0.0010907676,1.0,1.7454852e-06,0.00014311868
2022-06-27,1.0241828e-23,3.1235848e-14,0.020172661,1.2223321e-10,6.797461e-16,6.090685e-08,9.392379e-15
2019-12-22,0.39195213,0.16846356,0.9999529,0.99958104,1.0,0.9994985,0.9943809
2021-12-06,0.99985385,5.023644e-07,0.99970526,0.9999963,1.0,6.6968525e-08,1.0
2021-06-07,8.897772e-06,1.0149674e-11,1.0,0.00042812273,0.9999999,4.2752615e-10,0.58159167
2021-06-19,3.4314549e-19,3.3127882e-11,1.0,2.2781207e-07,7.531126e-08,5.415624e-17,2.1608995e-12
2021-12-27,0.9978941,0.99413425,0.99996066,1.0,1.0,0.9994356,0.99999154
2019-10-05,6.94398e-20,8.490156e-17,4.9805506e-09,4.326385e-13,1.1989495e-12,2.235997e-08,0.9786349
2020-06-01,7.9232675e-14,6.01902e-10,0.9999999,2.5294394e-06,0.015524397,1.6988487e-12,7.7407995e-15
2024-07-22,1.4614722e-22,1.8803856e-16,1.9215087e-05,3.0742407e-12,3.5536738e-16,2.1209402e-19,7.5193866e-19
2024-03-08,5.5217435e-09,7.805675e-16,8.407195e-07,7.5404787e-13,0.9392641,2.0371768e-19,3.2955858e-17
2022-09-05,4.1888775e-25,1.1651536e-19,1.9515283e-09,5.483992e-08,3.5388942e-20,3.3785767e-12,6.8260424e-09
2019-09-02,1.2986226e-20,7.587911e-18,3.149413e-09,2.8024963e-10,3.1481033e-13,1.9474298e-17,3.4609182e-10
2022-12-27,1.0,1.9537256e-09,0.3907269,0.01594486,1.0,0.00023406348,0.99949586
2021-10-24,2.0301894e-24,4.7894345e-18,3.6363956e-05,1.223427e-12,2.5211607e-14,2.5167471e-20,0.013260448
2024-08-24,4.8229857e-18,1.1873506e-11,1.826524e-12,1.13586e-07,2.1234293e-12,1.5876313e-06,3.1465275e-11
2024-04-15,0.06315386,0.999992,0.9999999,0.99999535,1.0,1.8870032e-09,0.020970438
2022-09-17,1.18248885e-23,7.4472094e-22,3.4610895e-10,1.1971676e-11,1.234852e-18,1.1456854e-12,1.7674185e-07
2020-12-25,0.84614474,1.0555184e-06,0.9998877,0.0042132544,1.0,0.99999964,0.99998176
2023-01-01,0.9999999,1.1250673e-09,0.90712386,0.00920977,1.0,1.9777073e-07,0.99989283
2019-11-23,1.8677254e-08,4.819806e-07,0.0041664974,5.7543115e-05,0.9999385,0.14900988,0.9999999
2023-05-12,0.00012864289,0.08592401,0.9999987,0.9999969,1.0,1.2355744e-06,3.4578702e-07
2019-06-05,5.2463173e-18,6.886223e-09,1.0,6.176824e-12,0.015189764,6.6205366e-12,2.7952614e-11
2023-12-20,0.30434293,1.3747186e-06,0.99997044,0.99999857,1.0,0.9999995,0.9949104
2019-10-31,1.2670602e-20,3.2707056e-14,0.2752429,6.9678495e-12,6.5043835e-08,2.2447023e-11,1.0
2023-07-01,1.6478862e-21,3.0282992e-16,7.170967e-05,1.0284659e-06,1.0192829e-13,1.3725872e-20,1.907167e-14
2022-09-03,3.4001873e-24,2.234715e-18,3.018393e-08,5.5849037e-09,5.389797e-18,1.4051382e-11,1.3012929e-09
2021-08-15,1.3767298e-20,9.0468853e-20,2.0956006e-10,9.362827e-12,5.703458e-13,4.358485e-18,1.2098392e-14
2022-06-16,1.8352729e-22,3.6726708e-14,0.99447215,8.827115e-14,4.0693993e-12,5.705071e-16,8.998374e-16
2021-02-13,0.99999976,3.392876e-11,0.0020251165,4.2856264e-08,1.0,0.9816019,0.082479775
2023-10-09,3.7156478e-23,2.192124e-21,1.7794536e-13,1.5535075e-08,7.471184e-18,1.01699716e-13,1.068905e-06
2020-05-14,5.8311247e-07,0.39358827,1.0,0.9999819,1.0,1.9063198e-10,7.912373e-08
2024-05-06,4.772006e-08,0.013166732,1.0,0.99999034,1.0,6.7117685e-14,0.0015877573
2020-06-12,2.6960571e-12,4.71892e-12,1.0,1.5744487e-07,0.48230815,8.742428e-19,1.9086956e-14
2023-05-08,0.0009365326,0.9999999,0.9999211,0.9974814,1.0,0.3384221,6.442358e-07
2021-12-09,0.99597365,3.2440454e-05,0.9999908,0.9997731,1.0,0.016786372,0.9999993
2023-06-05,5.9970615e-18,7.511407e-07,0.9981894,5.9848966e-09,0.00011934522,2.4629268e-18,2.4710495e-17
2021-02-08,0.99979705,1.398066e-07,2.1525533e-05,1.5334885e-08,1.0,0.83453465,0.040603437
2024-12-12,0.07307168,3.2797117e-05,0.9783921,0.9999993,1.0,0.99999976,0.99999666
2023-04-17,0.00078600174,0.9999194,0.9999999,0.99988484,1.0,6.6660474e-13,2.5446521e-05
2022-11-14,3.3484198e-11,4.218887e-15,0.9999889,0.00043865963,0.999175,1.3561448e-14,1.0
2022-06-05,3.804908e-12,8.331169e-13,1.0,0.9930727,0.00076388096,8.962848e-16,4.371236e-12
2019-07-17,9.891135e-27,4.969767e-18,0.037438594,2.7943967e-08,8.322627e-20,3.12718e-10,8.010978e-07
2020-03-04,0.99998784,3.5378274e-05,0.99960154,1.0577263e-06,1.0,2.899051e-05,0.0013863153
2021-05-10,0.09447948,0.999711,1.0,0.9999882,1.0,3.794071e-06,0.0021656086
2021-09-21,1.5216158e-23,1.9891715e-21,1.6526673e-10,5.208788e-14,2.914496e-14,1.3205847e-18,4.7521747e-13
2023-11-28,2.0141923e-07,1.3205496e-05,5.6599633e-06,0.9998965,0.99998784,4.3777185e-05,1.0
2022-08-23,2.5145578e-21,5.730369e-17,1.3159592e-09,3.0096611e-05,2.8051215e-18,3.0581867e-12,5.581456e-12
2023-12-07,0.16339782,1.2256271e-05,0.02425828,0.999995,0.9999999,0.99849105,1.0
2021-08-03,5.377525e-22,3.2017124e-13,4.9304913e-07,2.0947611e-14,3.4923162e-10,8.837261e-17,9.059671e-11
2020-09-14,1.863899e-20,6.1629336e-17,9.652521e-06,4.2635692e-13,1.5212319e-13,3.1463928e-20,3.2846126e-12
2024-11-17,8.659614e-12,9.1526653e-10,7.002651e-08,8.4012536e-05,0.9999664,0.00075211003,0.9942514
2019-10-16,9.262527e-19,8.424033e-14,2.0108814e-07,1.6342005e-15,2.112798e-10,5.4181872e-09,0.9446683
2022-03-26,4.65986e-09,0.00023727643,5.3826945e-08,3.855325e-14,0.9999945,6.114598e-10,3.623918e-15
2020-08-27,6.7688868e-18,2.7029227e-18,2.4560702e-09,2.470048e-08,7.117896e-15,1.927042e-16,3.6901742e-11
2024-12-26,0.94707125,1.9238043e-05,0.59516954,0.9999982,1.0,0.9999999,0.9999987
2024-11-18,1.2663551e-08,1.9214044e-09,4.6076482e-05,0.8870063,0.999997,0.058014847,0.9999999
2023-01-02,1.0,2.3195363e-12,0.00044802486,0.27856296,1.0,1.6876701e-09,0.99960595
2023-01-13,1.0,1.6793766e-12,0.06475812,0.0011383541,1.0,4.786388e-09,0.9999856
2023-03-31,0.015267258,0.9959525,4.6918576e-06,0.00064435956,1.0,3.913658e-13,2.5415343e-11
2019-09-15,1.0170341e-24,5.2240826e-21,4.7642025e-08,9.564032e-14,1.518768e-16,9.750113e-15,2.1641527e-07
2022-02-22,0.99999917,0.0210837,0.000106782216,0.63762814,1.0,0.99999857,0.8117081
2021-02-05,0.010619515,5.2955052e-08,0.028429156,5.867742e-07,1.0,0.00388678,0.75848615
2022-12-18,0.99999857,9.9718315e-12,0.93826574,0.057001233,1.0,0.0047169626,1.0
2019-09-26,1.4318543e-23,5.9567286e-18,0.0002249367,9.887953e-11,3.414225e-16,3.5470295e-13,0.15559943
2022-06-19,1.1810468e-22,8.935158e-17,0.26057464,6.175225e-11,6.1364043e-16,1.1013977e-16,1.7917613e-14
2021-10-26,2.2127086e-20,7.1486176e-15,0.004975282,3.9722992e-11,1.2440896e-09,6.7390264e-18,0.99721104
2024-09-22,6.7465267e-21,2.734055e-17,3.7663424e-13,3.6555467e-11,1.07373495e-13,1.6296047e-17,1.2704837e-10
2024-07-13,1.984093e-22,1.2788363e-19,1.7240643e-07,8.4616426e-16,1.0102686e-14,3.2716846e-18,9.249142e-12
2023-07-02,2.948676e-22,1.45818e-16,0.0033634382,3.06668e-08,1.7112038e-15,2.0115554e-18,5.5443806e-13
2021-07-29,1.5792143e-24,1.2734432e-18,1.6577475e-07,8.8457934e-17,4.088867e-15,6.1825185e-19,3.5697037e-10
2020-07-04,1.339736e-23,6.0769185e-13,0.7393232,3.1692924e-09,3.1031056e-13,1.4028016e-13,1.400985e-11
2024-06-05,2.586439e-17,1.176174e-13,1.0,1.498857e-08,0.9688982,2.9255112e-11,1.8332417e-05
2020-04-04,0.083198674,1.0,0.063647605,0.8482405,1.0,6.580866e-08,1.1976468e-08
2024-05-04,5.3931377e-11,0.009494552,1.0,0.9999721,1.0,1.8900971e-13,0.0034806943
2020-06-10,1.5799826e-06,1.4296371e-10,1.0,0.81238437,0.99994445,5.668821e-08,1.8614589e-08
2023-05-24,0.00037725866,0.03022887,0.9999665,0.9998989,1.0,5.190712e-06,3.2274952e-09
2022-04-03,0.00035806675,0.99993134,6.212394e-07,1.1016148e-07,1.0,0.00037619492,6.602006e-10
2021-09-07,9.539671e-22,3.9332393e-18,1.8754719e-08,4.157776e-11,3.304992e-16,7.1016894e-19,2.405317e-15
2022-07-06,2.82475e-26,1.7043187e-14,1.8810906e-05,6.3805905e-10,8.327589e-18,1.9187362e-11,9.522441e-14
2021-03-05,0.9999969,0.0033138713,0.0009506535,0.0015799423,1.0,1.4659079e-05,2.982849e-06
2024-12-19,0.043140493,5.7197644e-07,0.93682843,0.99984705,1.0,1.0,0.99998033
2024-05-17,0.05222715,1.03377735e-13,1.0,6.1674706e-05,1.0,2.5825882e-14,1.6008419e-06
2023-12-29,0.9984831,0.0008702086,0.97864795,0.99996376,1.0,0.9999709,0.9999994
2021-05-22,0.0057431925,0.0004084551,1.0,0.8180072,1.0,2.1969104e-08,1.0645788e-05
2019-04-02,1.968753e-08,0.9999995,5.584656e-07,1.993691e-05,0.99998486,1.1121047e-08,1.1360153e-12
2024-10-21,3.0330632e-23,1.8178513e-17,1.4195494e-12,1.3174321e-15,3.8630413e-13,3.0622067e-17,1.5273907e-08
2021-07-08,3.7040306e-15,1.8289556e-14,0.9978656,1.8456492e-05,1.5028412e-06,1.5399374e-11,2.9919212e-05
2024-09-11,3.372746e-18,1.7823293e-11,2.1132544e-07,6.3157786e-05,1.1557404e-11,0.06022738,1.0802221e-09
2021-11-05,1.1909617e-18,1.2584042e-20,0.77090925,1.5993662e-06,6.6074415e-07,2.4143381e-20,0.998066
2022-08-28,7.927419e-23,1.3061956e-18,2.7536184e-09,0.00012655914,2.1652074e-19,9.566892e-15,5.7601923e-11
2020-01-04,0.98254055,0.9999907,0.99999833,0.99999976,1.0,0.9999943,0.9002948
2019-06-25,9.072056e-25,3.2484093e-15,0.99997747,9.25658e-10,1.2144059e-13,3.3727424e-20,8.04617e-10
2023-05-09,0.010178945,0.99998343,0.9997471,0.999419,1.0,0.059798077,0.0022681237
2022-05-27,3.1371758e-13,1.911389e-09,1.0,0.0021878444,0.99936813,2.619805e-16,1.1119354e-07
2019-08-30,2.7666018e-23,3.84047e-18,1.069974e-08,8.307632e-14,2.3153143e-13,5.687405e-16,3.9716168e-15
2020-04-21,0.001050563,0.99999964,0.9999999,1.0,1.0,3.1883814e-05,0.0010066149
2022-11-03,3.2214797e-17,4.7679445e-17,0.9959936,2.7498563e-08,1.4263983e-05,1.5605305e-16,0.99997187
2020-09-11,4.4454376e-23,6.70641e-17,1.2799562e-08,6.7587434e-19,4.03958e-12,1.010862e-22,3.188674e-11
2020-12-31,0.9999478,0.000112766626,0.9714218,3.4410878e-05,1.0,0.9991843,0.99675494
2019-10-26,1.7256867e-20,6.474391e-16,0.002519132,2.0196616e-12,5.9922987e-09,1.311097e-12,1.0
2024-10-02,1.04820877e-19,5.0332236e-18,5.765535e-11,2.3285294e-13,8.087187e-14,2.5829663e-11,2.5535726e-07
2023-07-29,1.2398002e-23,6.211374e-14,8.065561e-10,0.008156743,6.144322e-16,4.1248683e-15,3.690458e-10
2024-06-04,3.395297e-11,4.1512744e-09,1.0,5.74655e-07,1.0,4.778684e-11,1.8609479e-06
2022-06-10,4.696673e-18,1.3592945e-13,1.0,1.5528192e-05,4.8918185e-08,2.4860829e-17,5.807918e-11
2024-04-21,0.04054561,0.99997663,0.9999734,0.9999591,1.0,0.0010652205,0.2847373
2022-09-27,1.4232843e-21,2.5036845e-21,2.335281e-07,1.1240547e-13,2.0831674e-17,3.2109782e-09,6.1893115e-06
2023-06-16,1.6428637e-15,4.0532486e-12,0.008749721,0.008576318,1.296609e-07,2.7639614e-18,2.2225326e-18
2020-08-17,7.849048e-19,2.0655168e-14,8.848877e-07,0.09648476,4.145768e-16,2.2829072e-10,2.8816405e-10
2022-05-24,1.6441553e-06,3.4243572e-10,1.0,0.9937511,0.9999056,3.6628844e-10,4.052127e-08
2021-12-16,0.9989537,0.036801904,0.99999607,0.9999826,1.0,0.9133003,0.99998534
2019-10-17,1.8871663e-19,8.4268496e-17,2.5912998e-08,5.937678e-16,4.688804e-11,1.2051761e-09,0.99452317
2023-02-05,0.9999981,5.395793e-06,0.99999774,1.0,1.0,3.1744964e-06,0.99874675
2023-01-25,0.9999865,6.9200236e-12,0.7920913,0.9984231,1.0,1.2483328e-16,0.5977855
2022-03-27,1.0731982e-06,0.99615616,2.8976021e-06,1.01975886e-10,1.0,2.7982855e-05,8.590744e-13
2021-11-25,7.532783e-05,8.6628575e-07,0.9993363,0.9971834,1.0,3.1270624e-09,1.0
2023-02-22,0.9993697,1.4960102e-06,0.9332964,1.0,1.0,1.5703393e-12,0.09054973
2024-03-04,4.809405e-12,2.8378836e-11,8.690876e-07,2.1713727e-16,0.8987701,6.903689e-16,2.0968288e-13
2020-07-10,6.5623875e-24,1.011369e-11,0.00315241,1.0538137e-08,1.8620914e-15,3.7230184e-12,2.6966354e-14
2024-08-28,3.386881e-23,2.0218658e-09,3.3320038e-10,2.542581e-07,9.9639305e-14,2.5548795e-12,4.4220327e-14
2019-09-05,8.689715e-22,6.509554e-17,4.744448e-07,7.391816e-12,4.9118567e-11,1.1490006e-16,1.0114308e-11
2019-07-15,2.4578393e-26,4.3295608e-14,0.00085131405,4.570212e-08,2.6560091e-17,3.4811377e-17,2.898476e-07
2023-05-16,0.0001853146,0.011300662,1.0,0.98034006,1.0,8.982565e-08,5.3549156e-06
2019-05-17,4.0349404e-10,0.99999225,0.9999354,2.5660204e-06,1.0,4.55599e-05,2.6418834e-09
2021-12-23,0.9998784,0.06427062,0.9999939,0.9999999,1.0,0.86288416,0.99898857
2022-04-01,2.0086485e-07,0.9993344,6.602491e-08,7.0492445e-07,1.0,1.5320933e-06,3.355936e-09
2021-12-18,0.9698295,0.5998854,0.999967,0.9999999,1.0,0.9995952,0.9999877
2020-07-06,9.270673e-23,2.5838593e-14,0.03997913,6.9487416e-11,4.356989e-14,1.74302e-13,1.6937318e-10
2023-07-19,1.9449322e-09,5.3427855e-05,4.2805902e-07,0.9990157,9.6621186e-08,7.766531e-05,2.6758071e-11
2021-08-10,1.818561e-22,1.0031024e-15,2.348728e-08,7.743863e-17,1.1576692e-10,2.0699355e-20,6.1620906e-16
2019-11-12,3.9651516e-12,4.0535344e-08,0.78083444,7.7609457e-07,0.99842155,0.97712874,1.0
2024-12-15,0.015396641,2.2372964e-05,0.9669522,0.9999949,1.0,1.0,0.9999958
2021-07-03,6.486633e-22,5.8420587e-15,0.9999988,2.534563e-07,2.604029e-07,4.1625723e-13,0.0008421727
2022-11-17,3.0744962e-10,2.43387e-11,0.99999845,9.090151e-05,0.9999951,4.0977152e-10,1.0
2021-11-01,3.3335999e-21,1.222045e-18,0.016374452,3.8137347e-09,2.33e-09,1.5840898e-16,0.9999572
2019-05-09,6.69647e-08,0.99999976,0.99999976,0.69163525,1.0,0.02476718,9.085878e-05
2022-01-24,0.99947304,0.9976749,0.9993592,0.9999945,1.0,0.9999999,0.98037994
2023-06-03,6.3926575e-19,1.3568986e-09,0.9999385,2.0829323e-06,0.000106565654,1.4097828e-18,1.8025922e-15
2020-02-05,0.99999464,0.99876803,0.99992776,0.9961433,1.0,0.99989855,0.0056546563
2019-07-08,3.5174468e-24,5.748507e-07,0.0047290265,0.0035503122,2.3620323e-14,3.8253505e-11,7.9142445e-08
2021-07-01,2.1053104e-19,1.6740194e-09,0.9999993,6.81669e-07,1.6085032e-05,9.28261e-13,7.357625e-11
2021-06-01,7.312112e-08,2.6579607e-13,1.0,0.0320101,1.0,4.7536662e-11,1.2953932e-06
2024-11-04,4.9739066e-16,1.7217882e-19,3.2888e-12,5.9958166e-10,1.0193477e-06,3.131511e-19,8.545823e-08
2022-07-26,2.5490294e-19,3.1733812e-13,1.4380967e-07,0.0033458855,8.7712074e-15,8.683567e-11,1.6466074e-10
2022-01-08,0.9982577,0.98921484,0.9997979,0.9999999,1.0,0.9999969,0.9993401
2024-12-07,0.00088547706,1.5834686e-06,0.18055381,0.9999715,1.0,0.99999976,1.0
2023-06-07,1.6338127e-13,4.455122e-05,0.9915794,1.9845436e-05,0.023749318,1.9549685e-11,5.224743e-20
2024-06-11,3.7598374e-10,3.508183e-19,0.9999989,3.0336125e-06,0.9989967,4.113056e-21,0.0013101172
2020-06-23,6.517069e-21,3.715022e-17,0.9999492,2.8272748e-13,8.59763e-09,1.1542922e-20,8.968899e-09
2024-08-27,8.279958e-23,3.3088733e-11,5.239236e-11,2.1252657e-07,5.1660527e-15,2.2676712e-13,2.238458e-13
2021-12-24,0.9987147,0.95992476,0.9999801,0.9999639,1.0,0.9932875,0.99948114
2021-02-06,0.99999905,2.759443e-06,0.00029175894,6.1408123e-06,1.0,0.9370337,0.002322917
2024-07-14,3.6080834e-22,2.1402688e-18,6.128896e-08,2.9732633e-16,1.659073e-13,3.353822e-18,2.1196862e-12
2021-01-04,0.9999927,0.00030975262,0.9914932,4.6701334e-05,1.0,0.99983895,0.19356185
2021-02-12,0.99999464,2.4537056e-13,0.9999565,4.7722104e-10,1.0,0.011362587,0.00034670316
2021-03-19,0.9999758,8.689321e-06,1.467867e-06,4.0454215e-05,1.0,2.7436847e-08,4.272038e-08
2023-10-19,1.0056322e-20,1.8261692e-19,4.0195146e-11,2.3680353e-11,6.045136e-14,6.902267e-16,4.1686732e-07
2022-01-09,0.9992366,0.99693006,0.99994624,1.0,1.0,0.99997175,0.9987696
2021-09-08,2.6406048e-23,3.3788612e-19,5.3018717e-08,2.4100657e-11,2.9560378e-17,1.1566481e-16,6.0051724e-16
2020-08-26,1.2231802e-15,3.9712213e-16,5.9431833e-09,0.0026107808,4.342785e-14,2.92093e-10,7.569764e-08
2020-05-25,7.175458e-08,1.150563e-05,1.0,0.99954754,1.0,3.0366507e-09,7.061241e-07
2021-09-20,1.0204741e-23,3.703343e-20,4.0457446e-10,3.513172e-15,1.9893113e-14,1.5910241e-16,8.341731e-12
2020-08-24,2.742558e-17,3.68362e-11,4.945957e-07,0.00021435547,3.5611634e-13,4.9415583e-08,3.064892e-11
2022-02-16,0.999998,0.9997739,0.41380215,0.9960592,1.0,0.9999993,0.62286484
2024-09-19,1.3525089e-20,3.7329428e-13,6.467626e-09,1.0063521e-12,1.7657912e-13,7.0523917e-12,1.8672227e-12
2023-08-15,1.2507258e-23,1.8631482e-17,4.9446315e-12,1.4447458e-07,3.3081422e-18,2.5209127e-16,4.290496e-14
2022-08-15,1.6135476e-23,1.5475678e-13,1.1808558e-10,0.0003114224,3.516509e-16,1.2313844e-12,5.653841e-13
2022-11-04,1.09663516e-16,9.690432e-19,0.9990363,1.131716e-06,7.638928e-06,1.1521432e-16,0.99999976
2021-12-13,0.99978167,6.5626526e-05,0.99976915,0.99997866,1.0,0.0002682799,0.99999547
2023-09-27,6.746645e-24,6.022155e-21,5.16121e-14,7.826742e-08,9.317954e-19,3.541955e-15,3.6804938e-08
2020-03-17,0.0025585757,0.9999988,0.99998367,0.03687215,1.0,4.337253e-05,0.008740186
2022-05-01,0.00076601974,0.99999356,1.0,0.9999976,1.0,4.0249134e-08,2.9201055e-06
2019-08-29,5.1875896e-18,1.2428787e-15,5.617839e-07,7.15111e-08,1.392521e-11,7.253508e-19,1.6679506e-17
2024-10-27,1.6882605e-19,4.0504188e-20,1.1223521e-12,2.382202e-14,5.7349465e-11,1.2353616e-17,1.0302599e-09
2024-03-15,1.9250503e-05,0.010733816,0.7514031,0.29724202,1.0,1.5092739e-15,5.9396443e-10
2020-10-10,1.9975729e-22,1.3241488e-14,2.482553e-07,1.2703885e-15,2.7664947e-13,5.2509596e-19,1.2246375e-06
2021-05-23,0.39583537,1.8649133e-06,1.0,0.6324593,1.0,0.00012965048,5.530456e-05
2020-02-29,0.9999205,0.005440792,0.9894196,2.1935031e-05,1.0,0.014050464,3.1737138e-05
2020-09-22,4.653987e-21,3.344406e-18,6.030954e-08,4.3796588e-11,1.5716591e-14,7.107988e-16,4.2792016e-14
2020-12-22,0.90662855,0.01807765,0.9999639,0.078148626,1.0,0.9999999,0.91830444
2023-07-27,9.2619015e-24,4.995134e-13,8.8607046e-13,0.010071557,1.4340187e-16,3.2954776e-14,1.0795409e-12
2024-07-06,4.0387466e-24,2.4636574e-20,0.15944503,4.902286e-13,1.8563186e-11,1.410365e-24,7.890418e-11
2022-07-05,1.6073735e-23,5.6673962e-15,1.3912814e-06,7.1860747e-11,1.6084387e-18,3.2679844e-07,6.117109e-13
2020-11-25,1.8369433e-07,1.8610828e-06,0.005675128,6.4430645e-07,0.9999999,0.99999964,0.99999976
2020-10-24,3.74253e-25,2.192085e-11,0.00093980326,3.3154497e-11,4.5172754e-09,4.1856145e-12,0.79191566
2021-01-26,0.99999845,3.2790063e-06,0.9998035,5.344665e-06,1.0,0.99998736,0.5896547
2022-09-07,2.0825433e-21,2.3129312e-16,6.348067e-11,5.8482446e-08,1.8575206e-17,1.0731239e-11,7.9314333e-10
2022-08-05,1.4601602e-18,5.3617704e-08,1.2598617e-05,2.0200441e-05,1.7627712e-11,1.03303535e-07,9.442237e-16
2022-07-09,3.2801988e-23,9.747314e-17,0.000111372894,2.130984e-12,2.9067914e-17,4.825996e-14,7.636948e-13
2022-09-28,1.3574864e-20,7.5555425e-23,5.844328e-09,2.850928e-13,2.829314e-17,2.550788e-13,3.6994465e-05
2020-07-11,4.344551e-21,1.3704857e-10,2.2056248e-07,2.4437034e-07,1.5862472e-14,3.0681208e-11,3.1147268e-10
2021-07-25,2.971236e-22,1.4334101e-18,2.9546345e-07,1.0610675e-17,1.48099e-13,4.1863304e-21,6.521874e-12
2019-11-24,2.3293856e-10,0.00123277,0.23436077,3.8372423e-06,0.99999964,0.43497032,0.9999856
2020-11-13,2.3384095e-17,9.779976e-10,0.00024792546,1.4528687e-09,0.39342007,0.9113253,1.0
2023-11-22,4.5428823e-14,1.688388e-13,0.03299479,0.967817,0.20891118,5.3410454e-10,0.99999964
2020-12-10,0.9175883,3.5131437e-05,0.9987741,7.5138996e-05,1.0,0.9999999,0.99999976
2023-10-08,7.603543e-22,1.3270871e-21,8.708463e-15,7.2133516e-10,5.0413787e-15,7.1055857e-13,8.928759e-08
2023-01-30,0.9999596,1.3107831e-10,0.9965659,0.99757165,1.0,1.2230974e-13,0.99951935
2019-08-21,1.6508804e-22,3.3283749e-15,1.709596e-05,4.267495e-11,7.8766177e-14,5.0594757e-20,3.4057152e-10
2019-09-25,7.984411e-24,2.33798e-18,8.307478e-06,1.0072754e-09,1.2838777e-16,2.2583638e-14,0.00238882
2021-08-30,1.0806283e-20,1.4298672e-16,6.970695e-08,1.6457726e-17,2.2468728e-12,2.0401226e-13,4.1564203e-11
2022-02-11,0.9981907,0.9825332,0.9992835,0.9999802,1.0,0.99999976,0.7714257
2020-07-30,3.9402547e-17,5.3450168e-11,3.938888e-09,6.588177e-06,3.7474334e-12,1.7733362e-07,1.1955251e-14
2019-10-11,2.3610024e-20,1.3504597e-16,0.00010919065,1.0590917e-14,3.503311e-10,0.0009344291,0.9972922
2021-08-21,9.385853e-13,6.886353e-17,0.00048194046,7.98976e-05,7.965538e-08,1.780445e-13,0.7870028
2020-09-17,8.379422e-21,2.4911419e-18,1.05989564e-07,1.669835e-13,3.659308e-14,1.1172734e-19,3.2205402e-13
2024-06-07,3.632678e-12,4.2874896e-12,1.0,2.703525e-07,0.9999969,7.185331e-16,2.8024283e-09
2021-01-23,0.9999987,1.45046815e-05,0.98407114,5.7447203e-08,1.0,0.9999616,0.11524583
2024-01-04,0.9997378,0.00021683495,0.18662548,0.9999696,1.0,0.99038625,1.0
2024-12-05,0.036805525,2.3563605e-05,0.8836405,0.9999937,1.0,0.9999999,0.99999464
2022-08-27,4.577187e-21,5.3399616e-19,5.7294303e-09,4.977951e-07,1.323197e-18,6.294453e-14,4.757533e-10
2019-12-07,0.082811,0.90822935,0.9999924,0.9999641,1.0,0.999589,0.99997056
2021-08-25,1.8762904e-20,4.2771547e-17,0.0003042119,3.4324555e-12,1.2707423e-11,6.4397804e-17,2.232732e-06
2021-11-06,4.863428e-18,3.3213556e-18,0.97924143,3.8177628e-11,4.7555513e-06,7.1893576e-17,0.9999968
2021-12-11,0.99994636,0.0043621766,0.9998259,0.9984493,1.0,0.16965802,0.99999964
2024-08-26,1.6374616e-18,7.123183e-10,1.3447583e-09,1.1238517e-05,2.0223611e-11,3.1011962e-12,1.1639449e-12
2022-01-21,0.9996153,0.9957561,0.9998963,0.9999982,1.0,0.9999993,0.998665
2020-05-01,0.0005024641,0.99747145,1.0,1.0,1.0,1.3801463e-07,3.2648168e-07
2024-02-06,0.9995771,0.050297823,0.0018198643,0.00045889954,1.0,0.9999807,0.00068221707
2023-07-05,7.1439105e-20,7.523238e-17,2.3993763e-07,0.00012586257,6.4180826e-15,7.363078e-17,4.590943e-16
2023-08-13,2.0660668e-23,7.1929826e-16,1.5328992e-10,6.646591e-11,1.4388625e-16,6.956236e-18,8.092608e-13
2022-08-19,2.0907211e-18,1.1400908e-14,3.500419e-10,0.0014900679,1.9574765e-14,1.4473804e-14,1.9408991e-14
2020-08-31,1.356285e-21,1.0885433e-12,1.805742e-10,2.6432855e-12,1.4089772e-13,8.726187e-15,9.480018e-10
2021-10-19,4.9386848e-23,3.2908573e-20,5.948481e-06,5.1422603e-12,4.3799027e-14,1.3191303e-17,0.5744736
2021-06-18,1.1962138e-22,2.6398985e-09,1.0,2.8316938e-10,1.6493522e-09,7.507306e-15,6.1407255e-12
2021-12-22,0.9599724,0.14653572,0.9999136,0.9999957,1.0,0.9987307,0.9999995
2024-04-30,1.8129572e-07,0.97997826,1.0,0.9999993,1.0,7.3227084e-11,0.18461034
2024-10-13,1.8472868e-19,1.4088473e-18,2.556137e-12,5.115358e-16,6.5202226e-11,1.32876566e-11,1.7384759e-08
2022-01-15,0.9994665,0.9988919,0.9999409,0.9999999,1.0,0.9999989,0.998973
2023-06-26,2.2673364e-18,4.5995828e-17,0.0026908335,1.6408502e-07,1.7735358e-11,4.7438494e-18,1.7567233e-14
2021-03-30,2.3945464e-11,0.9974475,1.2864774e-06,6.7163315e-09,0.9998958,2.2597385e-10,6.6165373e-15
2024-09-04,3.652192e-20,1.4826626e-10,1.1354527e-11,9.689078e-07,1.0527667e-12,1.738926e-09,1.5391565e-11
2024-12-14,0.004919422,5.3052705e-08,0.84506494,0.9999999,1.0,0.9999989,0.9999944
2022-09-30,2.9008274e-20,8.340829e-22,8.154015e-08,1.2017482e-14,1.0519889e-14,1.6094354e-15,0.23990928
2021-02-16,0.99999976,3.224083e-11,0.26444054,7.220734e-09,1.0,0.833457,0.9394116
2020-01-03,0.90396404,0.9984871,0.9999999,0.99996483,1.0,0.999995,0.9789341
2020-09-19,5.0982994e-21,6.2928044e-19,8.8675876e-09,4.8992623e-15,3.670918e-15,5.912922e-18,5.510307e-13
2022-08-13,5.611395e-24,2.3158671e-12,1.5872278e-10,3.5736932e-07,4.8882597e-14,3.079288e-08,7.937801e-15
2023-06-13,5.331471e-20,4.463795e-13,0.000117058,0.00082502794,3.3988562e-10,2.7661342e-18,1.2315368e-16
2019-12-09,0.80378085,0.7563296,0.99835914,0.9903459,1.0,0.9452548,0.99910295
2020-11-27,0.002406479,1.8000655e-07,0.81131375,6.090928e-07,1.0,0.9999994,1.0
2021-01-15,0.9999981,4.6240053e-05,0.99999535,3.3152806e-05,1.0,0.99999464,0.38970393
2023-08-11,1.3551251e-23,1.1280606e-20,3.4047116e-12,3.1066824e-13,6.696191e-15,7.174713e-21,1.3804068e-11
2021-08-05,2.482106e-22,9.54278e-19,1.3377996e-07,1.9438073e-14,2.6861478e-14,7.605245e-17,3.5850094e-13
2020-02-22,0.9999633,0.96155435,0.9943674,0.0005818703,1.0,0.999463,0.0055682454
2022-05-08,1.7456116e-06,0.9800782,1.0,0.9999664,1.0,1.5428378e-06,4.617514e-07
2021-03-31,1.1908887e-11,0.99590635,0.00010389611,1.437939e-07,0.9999279,1.5891376e-16,1.676776e-14
2024-08-17,3.1579988e-19,3.2403358e-10,1.139398e-09,1.577901e-05,8.9151356e-14,6.116163e-17,2.3469745e-14
2019-09-22,7.081676e-25,1.7674285e-17,3.88923e-08,1.8507945e-13,1.5351592e-16,6.867e-15,1.8017852e-05
2023-11-05,7.192337e-20,1.8041039e-17,2.8752237e-13,9.861654e-12,4.3342e-12,4.8118544e-16,0.02669508
2021-11-04,1.1610273e-19,4.1734848e-18,0.978726,3.3441838e-10,8.2769347e-10,6.053e-19,0.9999995
2023-10-26,5.8156284e-20,1.0945145e-19,3.637708e-10,4.5009448e-12,7.1199806e-13,2.5780086e-16,0.0008418213
2023-05-26,5.8386763e-07,4.3300756e-06,0.9999989,0.99994326,0.9999993,2.803708e-07,6.4216316e-08
2022-11-21,2.6656143e-11,2.0499052e-13,0.9999994,4.39343e-06,0.99890494,3.020648e-10,1.0
2023-09-26,6.827139e-23,1.1630646e-22,1.3249529e-13,8.3369517e-10,1.1591793e-16,8.760642e-22,7.97102e-09
2021-08-28,1.7548264e-23,8.2602695e-16,3.0729477e-06,4.6022155e-17,2.1653491e-14,3.0661839e-15,4.1578633e-11
2024-09-30,1.4895826e-20,8.483357e-17,7.22063e-11,2.882609e-13,2.1088504e-12,5.446719e-18,7.457876e-13
2023-01-28,0.99995685,9.018746e-10,0.9983165,0.9996356,1.0,4.6539043e-11,0.96729785
2021-05-07,0.0012556077,0.9999938,0.9999999,0.9999839,1.0,1.8165964e-06,0.00033585788
2021-10-05,3.3287915e-24,1.9045305e-19,1.0356861e-05,1.0201153e-13,1.8156147e-15,2.0285941e-17,0.0013533733
2021-09-15,6.9100934e-23,7.686729e-19,2.0024309e-09,7.647342e-13,1.3399766e-15,9.501997e-17,5.6549227e-12
2021-04-08,1.9925903e-12,0.99994826,6.1212023e-07,4.398482e-09,0.99999285,8.418104e-11,1.8735187e-09
2020-09-03,8.495383e-22,2.9864947e-16,3.694148e-10,2.031242e-14,2.0069588e-12,7.096436e-19,9.870433e-14
2024-04-25,0.05681073,0.9999734,0.9999908,0.99999285,1.0,1.0374764e-05,0.87829274
2023-03-02,1.0,3.662608e-08,0.00014975341,0.9994661,1.0,6.436008e-14,0.00065958285
2022-11-16,3.0237444e-13,1.4677868e-13,0.99999595,2.649308e-06,0.9968382,3.517321e-12,1.0
2021-07-27,2.3184897e-22,4.5757646e-17,8.474284e-06,1.122093e-16,2.3298633e-12,1.7458563e-19,6.023398e-13
2022-07-24,4.6774273e-21,2.140561e-12,3.3376013e-10,0.052536763,1.1243125e-16,4.547048e-12,2.221539e-12
2023-10-14,8.502159e-22,5.9160482e-21,7.3850865e-14,1.5040498e-11,5.3776036e-16,3.2309921e-10,3.04549e-07
2022-08-20,2.0692445e-24,3.7878605e-17,3.2600774e-08,0.0011907989,4.327884e-18,1.2123964e-10,4.0773984e-10
2022-09-19,1.6435841e-23,2.65649e-21,6.896418e-07,5.2612314e-13,4.066912e-18,7.3481363e-13,1.9520505e-05
2024-02-02,0.48209515,0.21547404,0.00026373396,0.018365065,1.0,0.009741356,1.4171956e-05
2023-02-15,0.99999607,1.2576241e-07,0.9915318,0.9999945,1.0,3.1365927e-11,0.854157
2024-07-09,1.7193891e-23,4.985071e-18,0.0003956548,2.8684713e-12,1.2420811e-13,2.1460396e-19,6.1438185e-12
2022-07-10,2.3080656e-24,5.954807e-15,1.2493306e-05,1.6620259e-12,3.0405098e-17,2.1127746e-13,1.1632907e-15
2021-05-17,0.1358103,0.9961249,0.99999905,0.95424324,1.0,0.31882742,0.00011352552
2021-07-11,5.1393104e-19,3.5051617e-18,0.96617347,4.243421e-11,8.3087945e-09,7.8456474e-16,4.6046203e-10
2021-03-04,0.9444546,0.9943508,0.008030183,3.2982593e-06,1.0,3.0555003e-07,7.678855e-09
2023-10-04,8.1650197e-19,8.090264e-20,1.1283168e-16,1.8962423e-06,4.02908e-14,1.8064333e-15,1.4419737e-06
2023-08-25,1.1314475e-21,2.3334357e-11,2.4548102e-13,0.0025676617,5.1138975e-15,1.08224044e-14,5.265317e-13
2021-12-08,0.9963341,2.1807239e-06,0.99990416,0.99991786,1.0,2.4878955e-05,0.9999989
2023-12-08,0.003620593,6.5014024e-06,0.7859709,0.9999964,1.0,0.99819106,0.99999654
2023-12-28,0.9971096,0.0011778673,0.92327106,0.9999975,1.0,0.9999975,0.9999999
2021-06-26,1.1757185e-17,2.3736834e-11,1.0,1.819737e-07,1.030361e-07,9.921679e-10,2.6892556e-07
2019-09-11,2.554193e-23,7.055799e-15,2.3251932e-08,2.25639e-12,3.0702444e-12,1.0447254e-16,2.1349697e-07
2021-12-14,0.9990388,2.3663044e-06,0.9992879,0.9999815,1.0,0.0002606112,0.99999726
2019-04-04,1.690519e-08,0.9997472,7.96771e-08,4.765737e-09,0.9999918,1.0220522e-07,7.1677553e-16
2020-04-01,0.9948807,0.9999975,0.00741785,0.034300707,1.0,7.079941e-08,2.0038904e-09
2023-12-18,0.88964105,5.6386607e-06,0.756731,0.99998915,1.0,0.9999591,1.0
2022-12-09,0.8346753,1.5392923e-10,0.1796358,0.1408264,1.0,0.002183194,1.0
2024-06-29,2.472388e-25,6.372543e-20,0.0176951,4.272475e-13,6.4006683e-13,1.2444518e-18,6.238597e-11
2024-11-10,1.8374573e-16,7.822963e-09,5.2469283e-14,4.0638057e-09,0.42266983,1.2521234e-10,1.0737894e-07
2020-12-08,0.84821373,1.7737348e-05,0.99996626,0.00041927438,1.0,1.0,0.9999534
2023-06-04,2.243986e-16,6.4519216e-11,0.9510805,7.6179613e-06,6.85314e-07,8.2222995e-22,1.06520475e-16
2020-11-17,3.527159e-18,2.4325544e-09,7.605875e-06,3.5444425e-11,0.26842722,0.972614,0.9999964
2019-11-28,0.00018854399,0.00018263668,0.99902976,0.9862069,1.0,0.89460653,0.9998778
2021-12-26,0.9900467,0.959159,0.99999714,0.99999845,1.0,0.99855906,0.99999523
2024-09-26,6.5971144e-20,5.362787e-18,3.8301837e-11,4.630215e-13,1.2453989e-11,1.3730141e-16,2.9414657e-13
2019-08-17,2.8573489e-19,1.9658155e-15,0.0024389555,4.6735078e-08,1.122264e-13,7.950926e-14,1.6125562e-09
2021-06-22,6.394378e-15,2.870046e-09,1.0,0.009482667,0.00012298954,1.3141133e-09,2.2180818e-14
2024-05-01,3.5464207e-06,0.98774034,1.0,0.9999994,1.0,1.9365608e-11,0.0009825086
2022-03-20,6.5396516e-06,4.8674576e-07,0.00066690636,2.2115066e-12,0.9999999,0.082365744,3.2342898e-05
2022-02-20,0.9999249,0.99413294,0.5424626,0.9986426,1.0,0.9999964,0.99853003
2019-11-25,0.0001631637,0.033595543,0.9045857,0.8020529,1.0,0.9336892,0.9902022
2022-01-25,0.9996375,0.99965644,0.99995744,0.9999994,1.0,0.99999,0.92583454
2019-05-26,1.0513822e-12,0.2541901,0.99988437,1.0169479e-07,0.99936026,8.711873e-10,4.951375e-10
2023-09-23,1.0823569e-20,2.5167906e-16,2.8105777e-15,1.1400115e-06,1.5903308e-14,5.643215e-14,1.31901e-09
2020-10-30,1.064347e-25,4.806792e-08,0.021189796,6.2698216e-09,2.2184144e-08,2.395866e-08,0.9930969
2020-12-23,0.9635633,0.0029880418,0.99954706,0.000579285,1.0,0.9999994,0.9999918
2023-08-12,3.8972057e-23,1.0971189e-19,2.1303761e-14,8.035261e-11,1.23327286e-14,1.958992e-19,1.3531556e-10
2021-08-13,2.7421206e-23,6.629589e-18,2.2425821e-09,1.7039457e-13,2.9137446e-11,4.00846e-18,6.315175e-17
2023-03-25,0.9992256,1.09733755e-05,0.00018314834,0.73508394,1.0,5.7755756e-10,3.5280632e-09
2021-05-12,0.0024295521,0.9999995,0.99999976,0.77329934,1.0,0.0741419,0.00019974855
2019-11-11,1.1181063e-09,4.0367913e-06,0.99514896,0.000113158174,0.9995709,1.6337146e-05,1.0
2019-08-20,1.8591633e-19,7.3581244e-20,3.697401e-05,1.9176252e-06,9.805456e-13,2.8525415e-22,1.9060489e-12
2020-12-20,0.7036049,5.8931175e-05,0.9981021,0.0021027606,1.0,1.0,0.99992526
2022-04-24,0.0012524453,0.9999589,0.99999833,1.0,1.0,4.8778825e-11,0.006643413
2022-05-04,0.0019646764,0.9999994,1.0,0.9999974,1.0,0.0003957487,0.006011785
2020-12-02,0.0037682962,3.268362e-07,0.9957594,0.30259672,1.0,0.9999999,0.999984
2024-04-27,0.0014422855,0.9998048,0.9999974,0.9999975,1.0,4.831055e-09,0.63189995
2021-01-02,0.99999654,0.045606278,0.9851664,0.09441775,1.0,0.9999999,0.99042666
2019-04-20,0.00021350714,1.0,0.99999356,0.9996346,1.0,6.455981e-05,0.002648749
2022-07-13,1.6679082e-22,6.615793e-11,1.7752399e-07,9.369094e-09,1.9145429e-15,3.5470602e-11,3.6508238e-14
2020-06-30,4.245228e-18,9.37695e-15,0.9999844,1.2918094e-06,1.3597875e-09,1.4464028e-07,8.6603126e-07
2021-07-14,1.4891103e-21,2.0751635e-18,0.99738175,8.946287e-11,1.1800868e-12,2.5861046e-16,2.5015494e-05
2024-05-16,1.3138127e-06,1.7923099e-12,1.0,2.3704584e-05,1.0,9.44584e-16,0.00010818658
2021-02-15,1.0,3.6758628e-08,0.8824199,4.391826e-09,1.0,0.85896134,0.656374
2024-06-02,6.567668e-14,1.4592633e-11,1.0,1.1063353e-05,0.99996257,9.878885e-11,2.1534727e-06
2019-11-27,0.01018105,3.7807356e-05,0.95228326,0.19141771,1.0,0.05063866,1.0
2019-07-13,4.7854336e-26,2.3124367e-09,0.22930661,1.3410497e-06,4.8270175e-14,2.5886143e-14,4.234879e-09
2021-09-23,5.1877206e-21,1.1400536e-18,2.5289328e-11,3.7698307e-15,1.7082755e-11,5.733834e-21,1.4872964e-10
2019-12-18,0.8431592,0.9913583,0.99999917,0.999876,1.0,0.99979705,0.9172876
2023-11-07,4.0913908e-17,1.975396e-19,6.745676e-14,5.293182e-12,6.1703746e-11,4.5727922e-12,0.10467093
2023-05-31,0.001250787,2.3234588e-06,1.0,1.0,0.99995923,0.8077704,0.03480869
2024-03-07,1.0535818e-13,5.1884915e-14,1.5589384e-07,3.8461026e-13,0.53880453,1.100181e-14,7.024063e-13
2024-05-24,1.3449227e-06,8.089001e-12,0.9999534,5.3144163e-07,1.0,5.1946278e-15,3.669041e-08
2023-08-17,7.920488e-25,8.7474114e-16,2.2310083e-12,2.1084531e-07,4.2328385e-19,3.7370689e-16,6.17586e-15
2022-02-25,0.9996741,0.01712387,0.06164163,0.9274486,1.0,0.99999964,0.17663164
2020-09-12,2.6105107e-21,5.6986487e-18,8.762131e-07,8.754055e-16,7.482174e-12,5.112063e-23,3.622135e-15
2024-06-16,6.485042e-17,3.236666e-18,0.99996936,7.938237e-08,9.207528e-06,1.2078919e-16,1.8277884e-05
2021-02-09,0.9999571,4.423275e-06,0.011348508,2.6416183e-07,1.0,0.9999907,0.28073907
2020-09-18,8.838418e-22,1.5562286e-21,3.557379e-06,1.7040295e-14,1.0413285e-14,1.0922415e-19,2.8646714e-12
2024-02-08,0.99983215,0.47775808,4.2194028e-05,8.051668e-05,1.0,0.9887304,3.854587e-06
2024-01-03,0.99932015,0.6050684,0.99152935,0.9999989,1.0,0.9999999,0.9977836
2022-11-10,6.1936023e-15,6.5181855e-14,0.99996054,1.7946347e-06,0.01418855,5.528848e-16,1.0
2019-07-11,1.1703044e-24,3.565143e-11,0.00062009454,3.613611e-05,2.9576428e-15,1.31206825e-11,1.1839939e-12
2021-01-19,0.99998176,8.280395e-06,0.99998236,1.9393306e-06,1.0,0.999268,0.11168134
2024-12-29,0.1314742,0.0009703148,0.99970454,0.99996185,1.0,1.0,0.9994789
2022-01-29,0.9998857,0.99524516,0.9827544,0.99996173,1.0,0.9999497,0.99634004
2020-02-20,0.9998878,0.9884039,0.9904642,0.67155975,1.0,0.99988353,0.10041498
2023-05-20,1.820582e-06,0.0015488482,1.0,0.9969879,1.0,9.315188e-10,1.4049688e-08
2024-01-30,0.99967515,0.8524031,0.9964994,0.9878076,1.0,0.99999833,0.33645484
2023-05-30,0.00041444704,9.4767057e-07,1.0,0.9999895,0.99999857,0.35014552,1.6819044e-05
2019-06-17,3.3130427e-25,2.6530012e-10,0.99901223,1.2517382e-11,6.559719e-10,1.3199068e-15,5.375712e-10
2023-01-19,0.99999917,6.8861666e-10,0.9999784,0.99992716,1.0,5.248335e-12,0.99970204
2021-08-24,5.068505e-17,4.672655e-18,0.00034638002,3.591878e-11,5.1056553e-10,3.7647974e-17,0.00021643114
2023-11-29,4.6518145e-09,9.420464e-10,3.1437453e-06,0.9999993,0.9802492,0.0032848152,0.99999654
2021-04-16,9.876228e-15,0.9999969,0.0010316579,0.012122728,0.99973184,3.789191e-09,1.7537623e-08
2023-09-07,8.245094e-24,2.9000716e-15,1.8632658e-13,1.3081492e-06,1.1941793e-16,8.8451376e-13,1.1060619e-10
2024-12-09,0.012120005,1.3143352e-06,0.88737315,0.99993575,1.0,0.9999994,0.99999607
2023-10-29,3.0184667e-20,3.7666034e-19,9.320221e-13,3.7783364e-13,2.5569221e-12,3.29516e-16,8.064989e-06
2021-06-12,3.7166412e-15,4.851586e-11,0.9999995,8.5062823e-10,0.03309092,1.0097577e-11,2.4978854e-06
2024-08-06,8.990571e-19,5.9407773e-10,3.1577116e-10,1.5966884e-07,1.7854017e-11,7.458738e-11,9.6392044e-15
2021-01-12,0.9989104,0.0011033671,0.9997242,3.516599e-05,1.0,0.99998283,0.8811302
2023-01-09,1.0,6.2087987e-12,0.327803,0.0015519467,1.0,4.588178e-08,0.9999939
2022-08-17,4.731514e-22,3.4954045e-16,8.620039e-10,0.0001920315,8.008904e-17,6.0470674e-12,2.6977997e-13
2022-01-31,0.99996626,0.9994634,0.99861157,0.99999785,1.0,0.999954,0.99767286
2024-12-17,0.13024445,5.6289005e-05,0.3819827,0.99997365,1.0,1.0,0.9999994
2023-08-07,1.726936e-22,1.8631553e-17,8.2674346e-14,2.2949902e-07,2.1050164e-16,1.0484368e-19,5.2736853e-11
2023-01-03,0.99985695,8.193894e-16,0.5910854,0.0007183213,1.0,2.5909141e-08,0.99959546
2022-02-18,0.9999875,0.96258086,0.12578428,0.9990177,1.0,0.99999607,0.9996019
2021-11-21,9.3203504e-08,7.6472223e-10,0.99891007,0.41196588,1.0,3.6265564e-09,1.0
2020-01-27,0.99911517,0.99999964,0.99998903,0.9997559,1.0,0.9942901,0.008770972
2022-09-10,2.3006914e-23,1.0621883e-19,1.6995267e-06,2.6552233e-10,1.6732009e-18,1.4014184e-10,1.0921675e-05
2023-04-28,0.0006382524,0.99999976,1.0,0.9999863,1.0,4.5233044e-08,0.0017941651
2020-10-11,6.554535e-23,4.0771075e-15,1.03344375e-10,6.9647437e-15,5.557029e-14,7.697857e-17,9.29424e-05
2021-11-09,8.952826e-18,1.0018306e-19,0.2684188,7.0735005e-06,3.3547458e-06,3.7847365e-19,0.9999993
2022-03-22,2.6762862e-08,0.9745214,4.9808953e-08,6.425873e-15,0.9999999,9.194979e-06,3.1231696e-13
2024-12-06,0.0027931796,9.707809e-05,0.96816385,0.9987048,1.0,1.0,0.9999993
2024-07-12,1.7387951e-22,3.8342803e-17,6.5265296e-05,9.7176106e-14,1.1623508e-14,3.2736003e-22,4.2089637e-10
2021-09-25,1.3649566e-23,1.4731427e-22,6.3633904e-11,1.4216262e-14,2.7246836e-14,3.8165372e-16,1.4794253e-10
2023-08-29,8.2965615e-22,3.8898455e-12,2.889362e-14,0.021777352,1.9033866e-15,2.0586773e-10,1.928848e-12
2019-09-13,6.4012345e-23,2.3594113e-18,8.37101e-08,3.3442311e-12,1.9269826e-13,6.7384905e-17,1.3057128e-10
2022-03-17,2.790296e-06,0.019983452,1.0870428e-09,6.3318955e-12,1.0,0.02666749,1.18917e-08
2021-11-02,5.5419524e-19,4.893875e-18,0.0020532608,9.136293e-09,4.802345e-09,3.021105e-20,0.99998915
2024-02-03,0.19363026,0.9407976,0.00084217434,0.00494981,1.0,0.002140679,5.5767163e-05
2021-08-29,5.551121e-24,1.1567409e-16,5.3517375e-08,2.437963e-15,1.507777e-16,3.2885473e-13,2.1831805e-11
2024-05-28,1.6311327e-08,4.9507326e-10,1.0,4.5769825e-06,1.0,3.7474e-11,1.26204e-06
2022-02-07,0.9999428,0.9990318,0.9938181,0.99995995,1.0,0.9999999,0.99037474
2019-04-22,4.9053488e-05,1.0,0.9999956,0.9995215,1.0,2.7670043e-05,0.00021879566
2021-02-04,0.99957365,3.9190986e-06,0.038762838,2.8734933e-08,1.0,0.99300545,0.08076832
2020-07-15,1.1030863e-19,3.0195664e-09,3.1750216e-07,1.3105092e-06,3.4330728e-15,9.413486e-12,1.767803e-13
2020-05-18,9.535861e-07,0.20936769,1.0,0.9999907,1.0,7.666583e-11,6.82285e-05
2020-08-05,2.178754e-19,1.2234748e-14,3.364316e-06,4.6801022e-05,5.1215237e-14,2.5549669e-12,1.2965235e-13
2019-10-08,1.2826501e-22,6.1684844e-17,3.732509e-05,1.130053e-12,2.9649474e-14,1.2557019e-09,0.05979105
2024-09-20,2.1741203e-20,7.3097683e-16,3.0846797e-11,2.954663e-13,7.55802e-12,2.2726456e-17,1.8492763e-10
2022-07-30,3.6449925e-22,2.950826e-14,7.2036005e-06,0.0029238209,3.1927082e-15,6.610546e-11,1.4553891e-10
2023-06-27,2.770526e-19,7.403784e-15,5.393786e-06,7.732334e-10,2.2126942e-14,8.213856e-17,3.054508e-16
2022-05-13,2.586975e-05,6.92565e-05,1.0,0.99989176,1.0,2.4222932e-10,3.6927086e-06
2024-11-27,8.444882e-07,1.1243845e-06,0.17774619,0.99999785,1.0,0.99330324,1.0
2021-03-22,0.90564585,0.011554859,8.424463e-05,3.0184222e-07,1.0,1.575208e-08,2.81751e-09
2024-12-18,0.79232025,0.00018385486,0.9907232,0.99999225,1.0,1.0,0.99999845
2023-08-06,5.779838e-22,1.1706224e-15,2.5331122e-12,1.222586e-05,2.8294342e-16,6.0861596e-18,1.5869272e-15
2021-12-05,0.9992531,2.9239183e-07,0.9999771,0.9999989,1.0,1.0826053e-05,1.0
2023-02-04,0.99999726,1.0382244e-11,0.95152766,0.99992645,1.0,3.751474e-12,0.9999901
2019-11-01,8.644824e-20,9.209424e-13,0.2035923,1.1186356e-12,8.8210115e-09,2.3678797e-09,1.0
2022-02-10,0.99998856,0.9998534,0.9975672,0.99995613,1.0,0.99998367,0.9827057
2019-04-06,3.5505582e-08,0.9999949,1.3615148e-06,3.0897176e-09,0.99999774,1.9482617e-10,3.4904913e-14
2020-06-03,9.76991e-17,1.1848666e-11,0.9999999,5.833712e-06,0.00014030903,2.352642e-12,6.819184e-13
2019-06-08,1.8329058e-17,8.046327e-09,1.0,1.1552076e-14,0.0206074,3.8031576e-13,7.5494115e-14
2022-12-25,1.0,1.5972568e-09,0.73452175,0.0008022705,1.0,0.0007707528,0.9991732
2019-09-28,1.3199223e-22,1.8919667e-19,1.308475e-05,1.7943187e-11,6.5088586e-17,4.0007424e-12,0.0025263086
2024-11-11,4.1365426e-16,1.4788737e-08,4.8228137e-13,2.4883763e-08,0.19516529,1.8006088e-12,5.075761e-05
2020-08-18,3.1545133e-15,4.3414705e-13,2.4482688e-06,0.0040001012,4.0559914e-13,1.4316461e-09,5.415251e-10
2020-07-17,2.3851637e-20,5.688205e-17,1.4630717e-09,3.027209e-07,4.34577e-17,1.6387322e-08,1.1813406e-13
2020-12-05,0.0052787764,0.0001744415,0.99813724,6.844414e-05,1.0,0.99999976,1.0
2024-10-26,8.1695336e-20,3.3220903e-18,8.825897e-12,5.3135425e-09,5.8349298e-12,2.5871542e-21,2.0003696e-09
2023-08-16,1.2534287e-24,9.788329e-19,3.5174283e-12,2.1826054e-08,1.1319419e-17,9.961199e-17,2.1531147e-13
2020-09-09,2.8839668e-21,1.05121305e-17,6.230277e-10,1.2986706e-15,1.0344238e-10,5.5226152e-21,3.289148e-14
2022-09-25,3.968133e-23,1.69548e-22,4.2805017e-09,6.3700016e-13,3.7952224e-17,1.7388743e-15,4.732881e-09
2019-05-27,1.6267139e-09,0.99565,0.9999025,5.0995466e-09,0.99999917,1.06085636e-07,6.809068e-14
2019-09-21,1.0090941e-21,3.721082e-15,2.0984425e-08,2.2397186e-12,1.9247999e-14,1.497999e-20,9.0026464e-07
2023-12-25,0.07534697,1.10347e-06,0.9901506,1.0,1.0,0.5074081,0.99999535
2019-11-17,2.1220357e-09,2.6212241e-09,0.58391786,5.9780027e-06,0.9999362,0.016885472,1.0
2023-04-25,0.00064899086,0.9999999,0.99999857,0.98178595,1.0,2.5636016e-09,0.007198496
2022-06-22,5.2808163e-24,5.3536993e-15,0.0006516749,9.194949e-12,4.2132257e-15,1.7708605e-13,1.8656361e-11
2020-09-21,5.708891e-20,1.1268876e-18,8.804556e-09,2.7287623e-13,8.0750456e-13,4.5133727e-17,2.9273236e-16
2020-12-29,0.99986196,0.6889009,0.9997875,0.084964745,1.0,0.9999999,0.9422358
2022-03-24,5.309439e-09,0.77201647,3.1495924e-07,7.40183e-13,1.0,5.570191e-09,1.9917774e-12
2023-12-09,0.32305366,5.790732e-07,0.89582765,0.99999976,1.0,0.9997224,1.0
2022-03-05,0.99997866,1.1898479e-07,0.00013766186,0.0001394958,1.0,0.99993324,0.0012584422
2022-08-03,2.2707423e-22,2.0005733e-11,9.343583e-06,5.285029e-06,7.722674e-19,6.4263e-08,2.3226022e-10
2023-03-11,0.99999917,1.0079976e-06,0.0077314074,0.9999747,1.0,6.190683e-12,5.8563895e-05
2019-10-27,3.7371044e-20,9.055777e-16,0.0031121387,5.766178e-13,2.6302357e-07,8.468105e-15,1.0
2020-02-04,0.9999933,0.9996289,0.9999875,0.99965274,1.0,0.99983156,0.089585
2020-07-09,2.5313413e-22,1.5210955e-13,5.212283e-05,7.021141e-10,1.959332e-15,1.5573256e-08,8.677432e-13
2024-09-02,1.5016565e-18,2.9568448e-13,7.4870735e-11,1.103356e-07,1.6379312e-13,2.1909983e-11,6.430171e-13
2024-05-19,9.357698e-06,2.2905438e-14,1.0,1.4481474e-05,1.0,2.5443462e-12,3.5062837e-06
2021-06-17,7.2509525e-22,3.5295014e-10,0.99999976,2.1057727e-11,2.8417363e-10,4.4585348e-14,6.894837e-11
2021-10-23,9.782378e-22,2.6574976e-18,0.00937855,1.3707019e-11,7.28366e-12,1.07879704e-17,0.63288754
2024-09-21,6.1850065e-23,7.871781e-18,4.2728442e-12,5.7784237e-12,2.450895e-16,6.499108e-17,2.0134663e-11
2024-10-18,5.4228307e-20,1.8738184e-17,6.922902e-12,7.1161744e-18,3.5649475e-10,7.308297e-14,6.5095584e-08
2019-07-06,2.5961454e-25,2.07574e-06,0.35910577,5.606408e-06,1.086409e-12,2.694376e-12,1.1451841e-06
2023-02-27,0.9999695,3.0128238e-09,4.5746976e-05,0.99995553,1.0,1.8539618e-15,0.00977923
2022-09-04,2.6192987e-21,4.9684726e-20,7.947243e-10,1.45847245e-08,1.3591319e-16,8.3458193e-16,2.3067452e-09
2024-08-09,6.7175405e-19,3.142872e-09,2.2562932e-10,3.2692566e-07,1.1145812e-11,6.315848e-10,7.818251e-16
2019-03-26,2.3831171e-06,0.9991264,1.3901887e-06,5.145133e-09,0.99998534,5.3881493e-08,2.5596024e-11
2023-05-11,0.83163685,0.99997735,0.9995098,0.99978775,1.0,0.26972064,8.9250693e-07
2021-10-08,9.469767e-22,8.593008e-20,0.010780742,8.7908366e-15,2.8240645e-12,7.002218e-17,0.00038192634
2021-03-06,0.999998,3.1777174e-07,0.122860625,0.00083977747,1.0,4.0540094e-06,0.0022843066
2022-05-22,1.3822039e-06,8.178149e-10,1.0,0.98112273,0.99997544,1.5410475e-12,3.3050347e-13
2022-08-12,1.3505078e-21,2.285362e-12,3.454216e-11,1.9835754e-06,1.7938711e-14,4.354566e-09,2.5954497e-12
2019-05-10,1.0727085e-07,0.999995,0.9999999,0.1984486,1.0,0.028396694,2.3187897e-05
2023-01-18,0.99999917,4.3999146e-10,0.9268505,0.9994795,1.0,5.4587793e-12,0.9999496
2022-04-25,2.852486e-06,0.9999963,0.99999857,0.9999999,1.0,1.6178318e-07,0.0001462874
2022-02-06,0.99986327,0.9966293,0.9970529,0.9998946,1.0,0.9999982,0.9992599
2021-04-27,6.515365e-07,0.9999999,0.99999917,0.98325634,1.0,0.00011358563,0.00057621236
2020-09-24,6.812396e-21,7.2831313e-16,3.269577e-10,2.4634972e-09,5.79646e-16,1.317951e-13,8.0830355e-15
2021-08-27,1.2812607e-23,3.7581433e-15,2.67575e-08,4.5919042e-17,7.517479e-15,1.1385794e-12,6.150502e-12
2019-10-30,6.0283475e-18,3.1561985e-15,0.03051861,3.1294264e-12,7.2484014e-05,1.4715325e-12,1.0
2019-09-19,1.2606159e-25,3.1013982e-19,2.9617152e-07,3.424373e-16,2.5497837e-15,1.0576684e-18,6.229187e-06
2020-05-10,3.71236e-05,0.9916174,1.0,0.9999925,1.0,4.177321e-07,1.2314136e-06
2019-09-01,4.2841558e-19,5.9493066e-17,3.4111256e-09,6.9888804e-12,2.1006766e-12,2.1336098e-17,3.917031e-14
2024-12-03,0.013065563,2.8890543e-07,0.0022249995,0.9999856,1.0,0.99999857,0.99999857
2024-08-10,1.1594561e-19,1.9204819e-08,6.1295387e-12,6.137658e-07,4.85728e-15,2.9703717e-09,6.9218645e-14
2023-12-12,0.94572335,7.363673e-08,0.9323176,0.99999976,1.0,0.93829703,0.9999999
2020-05-31,3.1594133e-16,1.2353525e-09,0.9999982,0.00013497012,0.0038166584,1.1566688e-11,3.3215431e-12
2021-03-17,0.99999964,3.4800923e-05,0.0027926578,3.784596e-06,1.0,1.8276576e-05,1.7587805e-08
2019-11-14,8.3088214e-10,4.644441e-08,0.00043956586,7.1660993e-09,0.9680839,0.91405207,1.0
2024-10-29,1.2920464e-19,1.7599242e-20,8.844858e-15,3.2312215e-09,7.084766e-11,1.7444409e-16,2.1890526e-10
2023-03-29,0.2210276,0.9905752,1.35296085e-08,0.0013545557,1.0,2.2110386e-12,3.1608438e-11
2019-09-18,6.798921e-21,5.5604e-18,1.0237257e-08,2.1703937e-14,2.0161661e-13,4.7222083e-15,1.4029328e-07
2020-10-02,7.8373374e-22,8.2581536e-10,4.484965e-11,2.1609624e-11,6.01182e-12,1.2023725e-13,1.0538105e-10
2019-05-12,7.1170766e-06,0.9999963,0.99999905,0.019183913,1.0,0.005654485,1.50171e-08
2021-06-29,3.0002713e-20,6.985439e-09,0.9999999,0.00243529,1.17172824e-07,4.4984495e-11,3.3267094e-09
2021-06-02,1.3243671e-05,5.91418e-12,1.0,0.00038666066,1.0,4.7423854e-10,6.2913305e-06
2021-03-29,1.213974e-07,0.94070566,1.4900747e-08,1.840173e-11,0.99999976,6.566623e-08,1.2221261e-15
2020-06-08,4.1170456e-06,3.5601028e-10,1.0,0.99994814,0.9999995,2.088005e-09,7.226824e-06
2024-11-25,6.934671e-10,7.9802426e-08,0.013213207,0.9791418,0.99999833,0.9999926,0.9999993
2021-01-10,0.9999993,0.00010840922,0.99430084,5.8455237e-07,1.0,0.9995633,0.37051332
2021-09-29,9.2527104e-26,4.4087568e-23,3.5895992e-10,7.38857e-13,1.6218208e-18,8.969663e-14,2.653468e-09
2021-03-11,0.9999988,0.014885513,0.0039486573,0.0010112623,1.0,9.850379e-05,0.00022185002
2020-10-07,1.4880979e-23,4.0446625e-11,9.6768176e-08,1.6257305e-13,3.8933396e-13,2.4531215e-16,0.00039427442
2024-05-15,1.7985022e-07,1.2635769e-10,1.0,0.034492463,1.0,8.132583e-15,2.2232123e-05
2024-01-28,0.99883026,0.24786884,0.99671906,0.998978,1.0,0.9999995,0.9710764
2023-04-19,0.0006444732,0.99999976,0.99999416,0.9889998,1.0,1.9898298e-08,1.5282335e-06
2019-06-26,6.194365e-28,2.7888547e-15,0.9984022,5.5834285e-11,2.1779762e-16,1.1560698e-17,3.3545118e-11
2024-04-26,0.013314118,0.99595815,0.9999949,0.9999995,1.0,4.7384387e-07,0.9145035
2020-11-02,1.8567145e-23,2.3872174e-08,0.0024514336,1.23798785e-08,4.808709e-07,4.578632e-07,0.99976856
2024-07-17,1.9856375e-22,3.9759592e-19,2.7326896e-09,1.2822039e-16,1.8620205e-15,5.4990815e-17,2.0047264e-14
2020-12-09,0.6739569,2.1301659e-07,0.88703334,0.00046837202,1.0,0.9999969,0.99999964
2024-06-22,3.606131e-21,5.327858e-18,0.999928,4.4513763e-12,3.3717329e-06,7.714265e-16,2.5816895e-08
2023-02-01,0.9999641,7.35686e-13,0.9964599,0.9999777,1.0,2.5182722e-14,0.9999095
2023-03-23,0.97415346,0.26291707,4.3330812e-05,0.99261945,1.0,2.3131721e-14,9.607167e-13
2023-07-22,6.4646165e-24,1.3820982e-11,8.6364214e-12,0.00062578166,1.4299217e-16,3.7464508e-14,5.1646144e-15
2024-10-09,4.1230668e-19,3.6854166e-20,1.8474515e-16,8.346804e-13,1.1859807e-12,4.3493134e-12,9.762494e-10
2024-02-10,0.9083917,0.99948776,0.00079920696,0.012692557,1.0,0.0017011985,1.3525485e-05
2020-10-21,6.5152015e-22,7.6833983e-16,2.6772815e-08,7.9066914e-14,2.3373878e-10,4.0876667e-15,0.9865719
2024-04-29,0.00013695104,0.9975942,0.9999995,0.9999989,1.0,2.0303677e-09,0.024256136
2023-02-14,0.99902487,7.895654e-12,0.95928425,0.9999987,1.0,8.15888e-13,0.99840194
2019-08-14,4.328092e-21,7.2515664e-13,0.00014811743,6.500956e-05,8.446864e-14,5.2507754e-13,1.6725446e-07
2021-04-25,7.057923e-08,0.9999999,0.99999845,0.96709555,1.0,1.4891429e-08,0.00011630909
2021-07-20,5.418595e-26,6.163862e-21,1.2676643e-05,8.64645e-14,2.8523652e-16,2.2020569e-20,1.1686036e-11
2023-09-04,7.20436e-21,1.3569574e-14,2.1426234e-16,1.7108238e-06,2.3904872e-13,5.4280184e-15,3.2600617e-10
2023-09-22,4.2465537e-19,3.1966374e-12,1.1210502e-14,0.00012726393,1.0607774e-11,1.6535431e-11,3.964102e-11
2019-05-25,5.9621687e-12,0.9982413,0.99976915,2.3706839e-11,0.9999242,2.5340265e-07,3.0104758e-12
2022-03-23,2.8650198e-09,0.9715431,5.6632878e-08,4.5274792e-13,1.0,3.3055947e-10,4.3226645e-13
2023-01-16,1.0,3.107194e-08,0.7187608,0.9061568,1.0,2.0848542e-08,0.9979747
2023-05-01,0.0014961759,0.9999968,0.9999989,0.9996282,1.0,7.4377215e-07,1.0041023e-06
2019-06-09,1.9164992e-17,7.291489e-11,1.0,6.5612637e-12,0.00029053955,1.3120675e-12,4.991066e-10
2024-03-18,7.055674e-07,0.073641665,0.016595714,0.5182895,1.0,2.0945095e-14,8.133787e-09
2021-06-23,7.085431e-18,8.035898e-09,1.0,2.0825194e-06,9.465086e-08,1.2680979e-08,1.8206042e-12
2022-08-08,1.4299229e-22,9.9810915e-17,2.9242422e-09,2.0740056e-09,5.1985646e-18,2.2874804e-13,9.4420045e-12
2021-07-02,9.972618e-22,1.1298125e-14,0.2362525,6.5656204e-12,8.4050006e-10,9.2591225e-14,3.3404272e-11
2020-05-05,0.00015841778,0.99918956,0.99999976,0.9999999,1.0,1.0248574e-07,0.007231343
2023-01-20,0.999998,3.1098764e-14,0.9988493,0.99917454,1.0,4.3372825e-13,0.99971503
2021-09-02,6.1232847e-24,2.1691778e-17,1.1963402e-07,4.9124106e-18,4.798341e-14,3.1782446e-17,3.1992952e-13
2021-08-31,1.189828e-23,2.0005579e-19,5.0057314e-09,2.9081225e-17,4.5219942e-15,1.8176255e-14,9.246223e-10
2022-02-17,0.9999794,0.99217236,0.8723069,0.9984326,1.0,0.99999964,0.99422604
2022-09-14,3.60247e-23,7.3367e-23,1.8098592e-10,3.9438702e-10,1.8961132e-20,1.6416767e-11,2.6357314e-10
2023-08-10,5.3006616e-22,2.1574727e-20,3.807409e-14,2.008809e-08,3.1559937e-15,4.3461492e-18,1.6778672e-10
2021-04-20,2.656548e-12,1.0,0.00049342576,0.0004497206,0.9999366,6.394205e-08,1.3638936e-10
2019-09-10,9.567756e-25,5.878184e-15,3.642826e-07,1.65503e-10,1.6492559e-15,2.0764675e-13,4.6463185e-08
2023-07-11,4.007537e-21,9.062732e-14,1.0453305e-10,9.000981e-07,1.3710151e-12,3.6360396e-12,5.738504e-18
2024-07-05,1.2315949e-21,3.139848e-19,4.6965954e-05,1.0719848e-14,3.4934852e-12,5.2872e-19,3.2946548e-10
2023-08-08,2.6595715e-22,1.0868476e-17,2.1816561e-12,2.1884584e-07,9.207966e-13,4.900539e-20,4.0584508e-10
2023-07-03,4.7986603e-22,2.5181352e-16,0.00012266592,8.326268e-06,2.2011626e-16,1.0372384e-19,9.509798e-16
2020-10-01,2.8406374e-24,2.973926e-13,9.564577e-11,4.5607436e-13,3.091482e-15,2.2291624e-12,5.7078147e-08
2022-08-14,1.3115791e-24,4.4421156e-15,9.96073e-12,1.7725159e-06,5.1106547e-17,2.2198303e-10,1.319289e-13
2022-02-13,0.99996674,0.9909294,0.911307,0.9995758,1.0,0.99999845,0.98309016
2022-07-17,6.8764387e-22,3.3043255e-15,1.8254621e-08,4.1305335e-13,8.510756e-15,3.6623812e-10,5.325915e-15
2021-08-16,5.0604136e-23,2.7658095e-16,3.3645208e-11,9.3222756e-11,3.3490552e-13,1.8628676e-13,6.5944955e-13
2019-06-16,5.528976e-23,1.1229576e-09,0.999946,1.9261825e-12,2.1505466e-08,6.126514e-15,1.9080879e-10
2022-09-06,2.2654052e-21,4.7976658e-17,1.8724532e-10,1.0824484e-05,9.480846e-18,2.7082966e-13,7.03042e-12
2023-07-17,4.1514657e-16,4.4397722e-10,6.021942e-08,0.97062653,6.0816206e-11,3.7126568e-09,4.456907e-12
2020-10-03,9.12687e-24,2.1697057e-11,2.0236328e-09,6.3042275e-12,7.914869e-14,6.6155375e-12,2.091617e-06
2023-05-27,8.9406875e-08,9.951018e-10,0.9999995,0.99999547,0.9999658,7.5183757e-06,0.0032114629
2021-04-01,1.07280565e-13,0.99969816,1.223959e-05,1.1991153e-10,0.9988506,3.5257472e-10,5.8075485e-16
2024-03-09,1.08310285e-08,3.2029724e-12,2.8532455e-07,2.1288623e-13,0.9910014,5.297929e-16,1.09614573e-16
2024-12-16,0.11617232,6.064237e-07,0.3987692,1.0,1.0,0.9999988,0.9999809
2020-11-29,1.4009002e-05,9.9355675e-06,0.88129926,3.5482493e-08,1.0,0.9999999,0.9999987
2024-02-05,0.99995553,0.0004121725,0.0066620144,0.49684477,1.0,0.99514586,0.0015005834
2024-02-01,0.9999436,0.10818555,0.00013466198,0.19389395,1.0,0.99990714,0.009112289
2022-01-23,0.99971205,0.9997888,0.9997857,0.99999917,1.0,0.9999912,0.9597574
2019-12-25,0.62935764,0.9993105,0.9999988,0.9999114,1.0,0.9997106,0.98554856
2020-08-14,7.0570603e-16,3.3979238e-13,1.3200475e-08,0.0004753309,3.5403697e-14,3.5492004e-10,2.740617e-14
2021-01-07,0.99973875,0.0008560279,0.9190642,4.468921e-05,1.0,0.9999894,0.93951154
2020-12-26,0.9999559,0.0033983092,0.99999654,0.08608669,1.0,0.99906963,0.97806066
2024-05-21,1.00730556e-10,1.8582472e-13,0.9999999,1.0292332e-06,0.99996054,2.5443438e-14,9.724406e-08
2023-12-27,0.9463503,7.0605943e-06,0.99977714,0.9999894,1.0,0.976489,0.9999989
2024-02-07,0.94344425,0.027932096,0.6256358,0.062691405,1.0,0.9966928,9.269951e-06
2023-11-06,7.715157e-21,2.6182414e-20,2.8010145e-11,3.5598067e-12,2.6681778e-11,1.3103154e-14,0.013655152
2021-04-06,3.8989283e-09,0.050628625,4.0071467e-07,1.3919497e-08,0.99999976,1.6967558e-13,6.0990306e-12
2023-06-29,5.489585e-18,1.0334856e-13,0.0009878644,1.1283707e-06,1.2751424e-10,4.676993e-16,1.2815102e-15
2023-12-11,0.06826758,1.5793273e-11,0.059874848,0.99999905,0.9999999,0.9998061,0.99813396
2022-02-21,0.99999917,0.9936858,0.62582386,0.9999163,1.0,0.99999166,0.98296756
2021-04-26,1.8008331e-11,0.9999988,0.9944325,0.06329778,1.0,2.0632872e-07,0.00020029536
2023-05-10,0.07728194,0.99994385,0.9999862,0.99998736,1.0,0.49117467,1.1945184e-07
2023-03-24,6.7381356e-05,0.9640297,2.0404335e-05,0.009179969,1.0,1.3681613e-10,4.4950506e-12
2021-08-18,2.2087462e-19,9.395416e-17,0.0060938587,0.0001108646,5.2624412e-11,4.203349e-17,0.0001439905
2023-10-02,2.1600468e-23,1.9598374e-18,2.0670618e-14,1.9661767e-10,9.817806e-17,1.7584773e-17,1.6730008e-06
2024-05-10,3.955755e-05,2.9089597e-06,1.0,0.85830617,1.0,6.513711e-14,0.080633566
2020-02-11,0.99999785,0.99998546,0.9999306,0.9996629,1.0,0.9959474,0.011488799
2020-03-15,0.00046539557,1.0,0.9999455,0.007309837,1.0,5.381479e-05,0.00515091
2021-06-27,8.313507e-23,2.764128e-12,1.0,2.9883246e-08,7.9216786e-11,1.6682593e-13,7.9974306e-08
2023-11-14,4.8499065e-17,9.253384e-18,4.5845038e-08,2.1754722e-09,1.7617658e-07,1.7937161e-15,0.9999999
2023-04-10,9.78515e-09,0.9999887,0.0017173951,3.5950292e-05,0.9999993,8.239862e-12,2.70021e-12
2023-02-08,0.99999964,8.964145e-09,0.99757546,0.99999654,1.0,2.1728068e-08,0.99904567
2019-10-12,8.4983125e-19,7.3573614e-14,6.0180895e-07,1.782935e-14,6.051998e-11,6.230319e-08,0.99976045
2021-04-12,2.6424294e-15,0.93264157,1.2722035e-05,4.8540744e-07,0.9997075,7.8251435e-07,3.8682602e-10
2024-01-24,0.99925095,0.21979344,0.9986387,0.99995923,1.0,0.9999995,0.99993896
2021-05-29,0.0039833314,2.2222414e-13,1.0,0.00012291709,1.0,2.1283981e-06,8.216612e-10
2022-01-03,0.9995977,0.99859446,0.9999298,0.9999999,1.0,0.9999919,0.99958163
2024-11-07,4.3579072e-16,3.7697398e-10,1.8436457e-13,8.295394e-10,0.13071914,4.2718642e-13,8.3932256e-10
2021-11-23,2.3513458e-05,8.5130825e-10,0.99885976,0.98896736,1.0,9.014102e-10,1.0
2024-03-10,6.227829e-10,6.648789e-10,1.1502054e-05,3.5961952e-12,0.9994105,2.1179945e-14,6.6101076e-14
2019-04-12,1.675487e-07,0.9999999,0.00029265822,0.0017690083,1.0,1.593206e-05,4.3975782e-12
2022-03-11,0.00039773504,3.0575252e-06,5.622223e-07,3.001486e-08,1.0,0.9995709,5.113066e-06
2023-03-04,0.99999845,2.077035e-08,4.3396733e-05,0.999821,1.0,5.4889497e-13,0.00010824333
2020-10-04,1.79941e-24,1.02292e-11,1.1726423e-08,4.9039932e-11,3.2428627e-15,5.599259e-13,7.0250152e-09
2024-03-12,5.8737095e-12,8.945314e-11,3.2308933e-10,3.4278666e-10,0.9995389,2.1123031e-17,1.3304939e-13
2023-04-23,7.767212e-05,1.0,1.0,0.99934,1.0,1.244468e-07,1.3245704e-05
2021-03-12,0.99997103,0.0002803363,7.0843336e-05,0.00026491567,1.0,0.0006363064,0.09019206
2023-10-12,6.570435e-22,3.672892e-23,2.1605605e-13,1.0760661e-09,3.774304e-16,1.8214507e-13,2.4357846e-10
2023-07-15,2.8562916e-19,2.1822032e-14,4.1293145e-12,0.0053137573,7.968583e-14,3.5235807e-11,2.9884385e-12
2021-11-28,0.77402186,1.5391645e-08,0.9999995,0.99751115,1.0,1.951773e-06,1.0
2020-10-08,1.5143191e-24,9.12244e-11,1.6884043e-09,2.4792077e-13,5.143417e-16,4.486977e-14,9.42535e-05
2021-07-31,7.4457936e-21,1.2384286e-17,2.0293928e-06,4.3937245e-18,5.5699837e-11,1.1249345e-16,8.213881e-11
2023-09-02,1.2006403e-20,3.6412567e-13,3.557906e-16,5.3530013e-05,7.292525e-13,7.1341114e-11,8.723009e-11
2022-02-04,0.9999143,0.9995315,0.9973168,0.99992716,1.0,0.99999917,0.9979285
2021-12-07,0.99999666,3.6993174e-07,0.9707774,0.94223195,1.0,0.00017905989,0.99999714
2020-03-12,0.005786745,0.9994742,0.9999838,6.157443e-06,1.0,6.3913667e-06,0.0042759688
2019-12-29,0.94200987,0.9998061,1.0,0.99998975,1.0,0.999956,0.8430828
2021-07-19,7.4427227e-22,1.9384293e-20,0.00013269062,4.6921966e-14,2.5978787e-14,8.4175185e-20,2.8411547e-11
2023-03-03,0.99999595,8.484593e-08,0.0063462723,0.9999988,1.0,2.7470135e-13,0.007707457
2024-01-16,0.9973731,0.00042310718,0.9846843,0.9999864,1.0,0.99999833,0.9999989
2023-08-19,2.2331607e-21,1.273317e-18,9.04813e-12,1.5232615e-09,2.1029758e-14,9.643687e-16,2.904071e-13
2019-05-21,5.5659957e-09,0.99974996,0.9991798,2.0683188e-07,1.0,2.521886e-06,1.3817515e-07
2021-09-01,4.6940887e-20,1.4247337e-15,7.039631e-07,2.8267557e-18,1.6115059e-11,7.2412895e-11,3.8077816e-09
2022-07-22,1.2565567e-21,3.6842153e-16,1.0855226e-08,7.334306e-07,1.5707562e-15,5.3881633e-14,4.819607e-16
2023-12-05,0.48274323,0.00013449053,0.9323207,1.0,1.0,0.99999666,0.9999993
2020-12-17,0.01614966,0.0013532959,0.99990535,0.0005769971,1.0,1.0,0.9483237
2021-03-21,0.98803896,0.2249399,2.190136e-06,2.553799e-07,1.0,2.92857e-08,2.5387768e-08
2022-01-22,0.999826,0.9997763,0.99929035,0.99999964,1.0,0.99997425,0.999416
2024-01-26,0.9996666,0.87830734,0.9988796,0.9986362,1.0,0.99999845,0.9876407
2020-12-07,0.9660401,7.151777e-05,0.99994004,0.00013693406,1.0,1.0,0.99898964
2022-07-18,4.410357e-22,6.318094e-16,1.1059823e-09,2.6138698e-09,5.0331492e-17,3.260209e-11,2.6251398e-14
2020-07-28,3.6518353e-17,1.8830218e-14,7.7400884e-08,1.1570186e-05,2.5108646e-12,8.8945075e-12,1.0121583e-15
2023-07-04,3.3485386e-20,2.4380376e-15,0.00026619298,1.0369423e-05,3.0704447e-15,1.1568689e-16,2.0342172e-12
2024-02-28,1.6678682e-13,5.202274e-18,1.7639749e-06,3.2326218e-16,0.085190564,3.9195613e-12,1.6525017e-12
2023-03-12,1.0,7.4983905e-06,0.00052212755,0.9999875,1.0,3.0093603e-13,0.00056474743
2023-06-24,1.105176e-18,1.1118764e-14,8.328784e-05,3.6771784e-05,8.9563166e-13,1.1529479e-16,1.3676673e-15
2022-06-24,3.3236448e-21,5.2436215e-16,2.5084724e-05,8.0146507e-13,1.5746557e-15,5.969486e-08,4.21135e-13
2021-02-10,0.9999982,1.3040913e-08,0.5191623,8.637411e-08,1.0,0.99995756,0.55837667
2021-05-06,3.3102227e-05,0.9999999,0.9999999,0.9999106,1.0,2.4759478e-05,0.0005218748
2023-06-10,3.9654703e-15,3.268468e-07,0.9993388,0.0047750548,0.00054052216,2.6997259e-12,6.1070538e-15
2019-08-18,3.6113557e-17,5.888671e-13,0.00012097347,1.7319913e-09,3.4791356e-12,5.353842e-15,2.2845123e-08
2021-10-21,1.2611332e-21,1.3696387e-18,3.1337534e-06,1.6067779e-13,5.998416e-13,3.4324389e-18,0.6441235
2020-02-01,0.9971354,1.0,0.9987576,0.9991541,1.0,0.08245676,0.00013079736
2023-11-02,2.5175442e-20,1.1066578e-16,4.569024e-13,1.4594386e-11,5.3483666e-13,2.8287493e-08,0.44508332
2023-06-08,8.7914735e-15,1.8947294e-08,0.9999478,0.0018123629,0.00018484217,1.2568195e-15,1.6691654e-18
2020-07-14,2.1942799e-16,1.9668942e-09,9.535047e-06,2.183148e-06,5.8761637e-12,2.1468709e-07,3.654431e-15
2023-02-03,0.99999547,2.8833862e-12,0.9997757,0.9999697,1.0,1.951339e-12,0.9987878
2021-09-10,1.1699289e-25,1.2405426e-16,3.0375443e-08,4.8024867e-15,5.0286424e-16,4.6169665e-18,5.7238103e-11
2019-05-28,4.9138965e-16,0.17971212,0.9999924,1.2833841e-11,0.17768793,4.3856023e-11,1.0946385e-14
2021-04-30,6.4518973e-11,0.99993336,0.9980178,0.9944267,1.0,8.405473e-08,6.3553175e-06
2021-05-16,0.04661292,0.99999917,1.0,0.99714965,1.0,4.576805e-05,2.0419753e-05
2021-09-19,5.9876456e-25,1.5418343e-21,2.0297858e-10,6.875142e-14,3.2153545e-16,1.5374176e-21,1.108597e-09
2022-12-31,0.99999285,1.2292748e-08,0.9998406,0.93870986,1.0,1.3732183e-06,0.99999964
2022-07-15,9.813465e-24,9.916546e-15,1.1385715e-05,5.275742e-13,9.87984e-16,8.465064e-07,8.419696e-14
2023-08-20,3.3971806e-23,3.0249755e-15,5.0510138e-11,6.8312297e-06,6.2274504e-17,1.1915374e-13,3.8757595e-12
2024-08-18,4.8054953e-21,1.7225592e-09,8.601606e-11,9.062126e-05,2.1282693e-13,8.152827e-17,1.7996534e-13
2020-05-24,1.2018205e-06,7.023135e-07,1.0,0.9999889,1.0,2.7770883e-10,5.6982475e-07
2024-03-30,0.07971858,0.99730206,0.92019033,0.99855584,1.0,1.048827e-07,0.0005426609
2019-10-04,5.0520723e-19,3.1225365e-14,5.084412e-07,1.2617477e-12,8.12768e-12,3.735794e-12,0.0066052163
2024-03-16,0.010129657,0.0024878536,0.0010384044,0.006966721,1.0,2.2840487e-17,8.4392e-10
2021-10-13,2.28063e-22,6.407184e-19,2.1551532e-06,5.396139e-16,1.8842263e-13,3.4460126e-21,3.5341236e-07
2023-02-23,0.9981914,3.2088699e-06,0.9935262,0.9999999,1.0,2.5648359e-15,0.027600637
2020-12-06,0.07448153,8.6954465e-08,0.44618547,0.0006766807,1.0,0.9999999,0.99999964
2023-03-06,0.9999964,1.1659248e-08,0.00018392604,0.9998022,1.0,1.1392093e-12,0.03437703
2019-04-19,4.8503574e-05,1.0,0.99999666,0.99741924,1.0,2.7678112e-07,1.8716104e-05
2020-08-04,9.3096134e-17,5.818639e-15,1.5295586e-07,1.2337423e-06,5.4970693e-13,2.9829326e-07,4.754408e-12
2020-02-07,0.99999464,0.9996257,0.9991418,0.9992362,1.0,0.9988691,0.012758773
2021-06-04,6.5881856e-09,4.1059844e-14,1.0,2.4077912e-05,0.99999905,4.684538e-12,4.886872e-07
2020-07-12,1.830647e-19,1.8040011e-09,7.0961426e-07,3.29187e-07,3.704352e-13,6.820328e-13,1.0811624e-16
2019-11-07,7.202922e-16,1.6307531e-12,0.999097,1.0474531e-06,0.0003548094,2.7679489e-11,1.0
2019-05-15,4.4756976e-09,0.9998217,0.9999169,0.0007672295,1.0,6.6341263e-06,2.4276958e-10
2020-10-15,1.9740747e-22,1.413958e-09,9.0349266e-07,3.0247308e-13,3.4993803e-12,1.4950857e-15,1.2945345e-07
2021-11-07,1.7593629e-17,2.2990282e-20,0.076769665,7.746687e-09,9.579538e-09,5.3960836e-21,0.99999726
2023-07-28,8.7591636e-24,1.7465069e-14,9.519037e-12,4.4847948e-05,4.0394697e-17,6.839031e-14,3.6689876e-14
2020-05-16,9.427551e-07,0.000808282,1.0,0.9998559,1.0,2.2994902e-07,0.017985376
2022-11-13,1.0631472e-11,3.290618e-13,0.99999976,1.4693425e-05,0.99824667,3.988915e-13,1.0
2023-06-21,6.830889e-16,6.5135347e-15,0.017568238,0.0013799913,6.998381e-11,1.7452586e-17,2.3817603e-15
2023-09-09,1.5377714e-26,3.4638944e-15,6.485917e-14,2.1177333e-05,9.018227e-18,1.4111168e-11,6.747594e-10
2022-06-03,5.9504345e-08,4.002655e-10,1.0,0.9999809,0.9999882,3.1674655e-14,1.0130069e-06
2024-10-07,4.0032605e-20,4.226256e-19,1.2837798e-16,2.2350574e-13,2.2516262e-12,1.25686996e-11,1.1316826e-10
2022-02-23,0.99948955,0.003719814,0.6732766,0.0037768,1.0,0.999998,0.82681715
2023-08-04,2.6590744e-22,2.994012e-16,7.380387e-13,6.898136e-06,4.1673776e-17,6.749652e-18,2.4983986e-14
2024-07-03,1.3112602e-22,3.882161e-15,0.002398704,4.87558e-13,3.26015e-13,7.868016e-21,1.862962e-11
2020-04-05,0.00030485037,0.9999467,0.11937024,0.119627126,1.0,1.2204607e-11,2.5202423e-14
2020-04-30,8.838421e-05,0.9515334,1.0,0.9999999,1.0,1.5645207e-06,1.9891543e-08
2020-11-23,1.0539722e-12,8.06752e-06,0.00050469086,1.5557247e-09,0.9998853,0.9999969,1.0
2024-12-04,0.0028574076,1.0217974e-06,0.47237375,0.9999908,1.0,1.0,0.9999989
2020-05-23,6.0112575e-07,0.0011777449,1.0,0.9993318,1.0,6.324123e-07,2.8014677e-08
2021-10-18,9.5232955e-25,4.036312e-17,2.1487094e-06,1.1109126e-13,4.376318e-15,1.7859009e-20,0.0018670752
2021-05-18,0.6338503,0.99744225,0.9999995,0.9935649,1.0,0.25482938,1.3161399e-07
2022-04-10,0.023387875,0.9999397,0.98340833,0.9984433,1.0,2.5782066e-07,0.113895774
2024-10-23,3.8248573e-17,3.295963e-17,6.029447e-12,3.166691e-11,6.3566363e-10,9.775768e-16,6.555628e-07
2024-08-29,2.4593379e-20,1.099919e-10,4.685434e-11,1.5605507e-05,8.323937e-14,6.7232114e-10,2.9077627e-13
2021-08-19,7.91182e-18,6.377134e-14,0.6901744,0.5310037,1.0285114e-07,4.0514102e-11,0.96984416
2019-06-07,3.5143524e-22,8.190825e-10,1.0,4.8315495e-14,1.3665578e-05,1.2108324e-13,1.366534e-10
2023-12-19,0.9207963,2.9376386e-08,0.954229,0.99999917,1.0,0.9996996,0.9999896
2022-01-26,0.99989665,0.98687553,0.98056245,0.9997073,1.0,0.99999714,0.99998415
2024-10-15,1.2767062e-19,2.291175e-20,1.7953727e-15,2.0096841e-14,2.4279967e-10,3.947802e-12,3.2225614e-07
2024-06-15,1.1007545e-17,2.8278405e-21,0.9999912,2.9058983e-10,8.262208e-07,3.1728508e-19,4.424396e-07
2021-04-05,5.4335165e-12,0.9986915,3.3564598e-07,9.094792e-07,0.988967,3.3475087e-10,1.0454251e-12
2024-05-14,3.391813e-08,2.4148282e-11,1.0,0.0027988395,1.0,1.2835952e-14,0.00015304302
2021-09-24,5.9103125e-23,7.01047e-19,8.778585e-12,2.078428e-14,2.210975e-16,2.1576535e-20,2.13395e-11
2023-04-20,0.00017040143,0.9999988,0.9999964,0.99643457,1.0,6.332225e-11,4.115889e-07
2021-04-07,2.1259024e-11,0.99908614,1.0864018e-06,1.6834692e-08,0.9999995,1.046272e-10,1.2441382e-11
2020-08-20,1.8894839e-21,9.2084706e-14,3.8385412e-08,2.046771e-06,1.0677684e-15,7.3291155e-09,1.0366578e-10
2024-03-13,0.0003029578,9.418999e-08,1.9539499e-08,4.2386173e-06,0.9999999,2.1175008e-15,1.1677008e-08
2023-06-28,1.8077205e-17,1.1249969e-12,5.504705e-05,0.00018150044,5.5136028e-11,1.8072158e-11,4.9904627e-15
2022-09-15,2.1414507e-20,2.7423144e-19,1.047603e-08,5.302886e-11,4.1717858e-16,9.1164435e-14,3.971943e-11
2020-12-24,0.6682607,0.06574083,0.9999887,0.0006186925,1.0,0.9999999,0.9900064
2024-10-01,9.0594217e-20,9.264718e-19,6.424118e-12,4.3699785e-15,1.0871137e-12,6.692039e-08,1.8941502e-09
2024-08-20,9.58742e-16,1.386887e-13,3.7724798e-14,6.6429754e-07,1.4267843e-11,4.6077562e-14,6.535774e-11
2024-06-24,1.4919492e-19,4.856534e-17,0.9999975,7.6935847e-10,2.0650313e-07,9.9784445e-21,1.4456885e-11
2023-04-08,1.6000948e-10,0.9999999,2.5239882e-05,6.9558987e-06,0.99999285,1.0474466e-09,6.336599e-11
2020-04-03,0.024939656,0.9999678,0.5978053,0.96705204,1.0,1.6382055e-10,4.688496e-09
2020-03-27,0.024575539,1.0,0.17438391,0.020143032,1.0,1.9427813e-05,2.0844566e-06
2022-02-03,0.9994324,0.9999038,0.9976036,0.9999988,1.0,0.99999666,0.99340963
2023-04-21,3.0727795e-05,1.0,0.9999995,0.9989089,1.0,5.4950786e-09,0.003996059
2019-09-12,1.4679825e-21,3.595848e-18,1.4124904e-06,3.5529153e-12,4.0538705e-14,1.1888348e-15,2.3042135e-08
2020-07-20,2.6359982e-21,2.1591586e-14,1.2050796e-09,3.4915743e-07,8.8225694e-18,1.1929508e-07,4.345876e-14
2024-07-10,2.6405746e-23,4.5399155e-16,2.9578646e-06,6.034748e-13,3.8126086e-12,5.5853096e-20,3.1287312e-10
2020-04-26,0.008528954,0.9999746,1.0,1.0,1.0,2.2272814e-06,0.000630278
2019-11-13,5.758188e-13,3.841523e-06,0.2658667,5.0516957e-07,0.9995016,0.99932754,1.0
2021-06-28,2.2619198e-18,3.5291783e-10,1.0,3.5658562e-05,4.1068355e-07,1.1092558e-07,5.695719e-09
2022-11-20,6.424673e-11,1.9014646e-14,0.99998736,6.5714357e-06,0.9997385,8.208176e-12,1.0
2023-08-14,7.85406e-24,2.660735e-17,2.771487e-12,1.5604155e-07,2.942056e-16,5.5646497e-16,1.5306548e-11
2022-06-28,2.148339e-21,4.959867e-16,0.004133132,2.3726041e-09,3.9309783e-16,1.5367319e-06,6.8616944e-12
2023-05-13,0.00022947213,0.40177742,1.0,0.9999918,1.0,1.0191425e-05,0.00038419044
2022-03-29,6.2120805e-08,0.99890935,9.516265e-07,4.0850549e-07,1.0,0.00029942644,1.3066359e-08
2022-01-14,0.9996948,0.98973376,0.99996257,1.0,1.0,0.9999933,0.9990465
2020-11-06,1.1396109e-13,2.048808e-08,9.087455e-05,0.00025285338,0.5016279,0.91646326,1.0
2023-04-09,2.3488635e-11,1.0,0.059691623,1.9223648e-05,0.99999964,5.997979e-10,2.1526813e-11
2022-05-25,9.581416e-10,2.1336907e-10,1.0,0.021795075,0.99881506,2.088882e-16,3.1099439e-09
2021-11-22,1.1367554e-05,2.0637558e-11,0.999949,0.049387332,1.0,7.434373e-09,1.0
2020-07-08,1.7212506e-18,2.2367252e-13,0.000462898,2.1897027e-07,1.06399525e-11,4.3969473e-09,4.534994e-11
2023-07-06,4.409407e-18,1.8073794e-13,9.139494e-05,1.7622028e-07,2.1081355e-11,9.6600076e-14,4.0366698e-15
2021-04-14,2.5811466e-13,0.99999976,0.011900289,0.00025081442,0.9999832,1.9967622e-10,1.3773148e-10
2024-01-01,0.9947606,0.15515783,0.99843556,0.99999785,1.0,0.9999994,0.99989974
2020-07-26,3.1184711e-18,7.8965307e-11,2.0054427e-09,8.9907735e-06,3.3928808e-12,3.936472e-07,4.0935357e-14
2022-02-09,0.99991393,0.99268806,0.9466786,0.999458,1.0,0.99999774,0.997684
2024-02-12,0.9998184,0.0025626011,1.2873492e-05,0.0032589082,1.0,0.99999404,1.4858872e-05
2024-11-19,2.5327513e-11,4.343709e-12,1.4591951e-07,0.872899,0.9961259,3.3776284e-06,1.0
2021-06-30,1.790268e-18,2.0585068e-08,1.0,0.012707551,8.6524454e-07,4.2904773e-15,9.443733e-12
2020-12-15,0.07507156,3.7263047e-07,0.99999547,0.0021570832,1.0,1.0,0.9953825
2021-08-09,2.5774093e-23,7.629737e-18,2.7630898e-08,2.1271339e-16,4.2275367e-12,6.3198317e-23,2.3447127e-12
2019-10-14,1.5361646e-19,2.5195983e-14,1.1741114e-06,9.702251e-15,2.2841147e-09,5.922486e-13,0.9979937
2023-05-17,4.3147364e-05,0.01297472,1.0,0.99999785,1.0,3.5702108e-08,0.00083860767
2024-11-16,4.2925755e-10,2.4155495e-09,1.4559673e-07,2.1294385e-05,0.99999774,0.00023483782,0.9987373
2022-08-11,9.6918163e-23,1.6154582e-14,2.3054232e-11,4.750148e-06,2.9462243e-15,4.706613e-09,1.0952619e-12
2022-01-30,0.9998198,0.9994715,0.99893457,0.9999845,1.0,0.9999999,0.9918435
2022-06-01,1.0833445e-08,3.1393025e-08,1.0,0.9999504,0.99994123,7.7996605e-09,8.176672e-06
2022-07-11,1.9963464e-22,5.7896376e-14,4.5163344e-07,6.1845568e-12,3.3567307e-16,5.848015e-14,6.031442e-14
2023-03-15,0.9999999,3.715052e-05,0.006459764,0.9988526,1.0,1.8981607e-13,1.1783419e-05
2024-02-23,1.3768046e-11,4.582654e-14,2.259842e-10,5.499859e-13,0.5027566,2.0896083e-15,4.5561915e-15
2019-04-18,1.8217283e-06,0.9999999,0.99999964,0.99629515,1.0,1.9153356e-07,1.7616798e-05
2021-01-21,0.9997856,0.0007649409,0.99873143,6.82861e-07,1.0,0.9999864,0.6874983
2022-11-06,9.49442e-18,1.11663965e-17,0.99991655,2.7377785e-06,7.68804e-05,6.7758697e-16,0.999992
2021-04-15,1.6486713e-11,1.0,0.00016849025,2.1615156e-06,0.99999774,2.9366692e-08,8.8536917e-10
2021-05-31,6.672498e-09,6.81265e-15,1.0,4.4899956e-08,0.99999976,6.2926344e-12,0.0008230107
2020-10-23,7.775698e-21,4.4013282e-16,2.2984934e-06,3.4116213e-16,4.219805e-11,4.4573423e-15,0.13525946
2019-05-02,3.704029e-05,0.9999995,0.99999976,0.9998876,1.0,0.001111124,0.0044576805
2022-09-11,4.653088e-26,7.2643245e-22,6.764836e-07,4.0918856e-08,8.550728e-20,1.574604e-12,0.00061316445
2022-06-12,4.4171155e-19,2.4230038e-11,1.0,6.2083494e-08,4.3342258e-08,7.9670707e-16,1.026598e-12
2019-05-19,8.0925645e-07,0.99994504,0.9998661,0.010886795,0.9999999,0.08757831,1.7554198e-11
2022-12-24,0.99995947,2.0924044e-11,0.07590974,0.00024046146,1.0,0.07548796,0.9995285
2019-04-27,0.00016936632,0.9999999,0.9999994,0.9956156,1.0,2.3333436e-05,9.280922e-07
2022-04-13,4.8187583e-05,0.9999999,0.99999976,0.9999999,1.0,3.1993452e-06,0.00053520536
2022-11-24,1.9739796e-06,6.5089396e-15,0.9993048,0.0008023026,0.999998,3.0613276e-07,1.0
2023-07-12,1.082069e-18,3.0493816e-11,2.0567521e-12,0.011292034,2.1092617e-11,2.3050716e-11,6.9160816e-15
2023-08-21,9.673127e-23,3.194012e-15,8.0409724e-13,1.8337541e-05,1.6343681e-16,3.0558327e-11,5.386276e-13
2024-03-03,5.7521127e-11,7.705181e-15,1.1727497e-08,1.5384299e-13,0.9667123,1.8190542e-14,3.7838517e-14
2022-12-07,0.00012858943,1.0045815e-13,0.9311205,0.000772076,0.9999958,0.000476525,1.0
2023-03-09,1.0,6.877746e-08,0.00036726746,0.9996517,1.0,2.3769908e-11,0.0010694248
2020-11-21,1.4467926e-14,1.0399542e-08,0.00010126398,5.744279e-09,0.98029584,0.9999696,0.9999999
2022-12-04,0.0026417621,4.4244984e-13,0.571317,0.005046484,0.99999833,8.39599e-06,1.0
2020-12-13,0.9874516,6.645632e-06,0.999979,0.011385407,1.0,0.9999994,0.99825877
2022-01-16,0.9991841,0.9886347,0.9997857,1.0,1.0,0.9999989,0.9999665
2020-11-12,3.6554486e-15,0.00027391198,0.21097848,6.9796685e-10,0.53533614,0.9999999,0.99999714
2020-09-04,1.5440591e-21,6.2848434e-18,4.8820895e-11,7.647582e-15,1.0462011e-12,1.0895708e-17,1.0731806e-12
2020-02-03,0.99994135,0.98082423,0.9999939,0.99998415,1.0,0.9999405,0.0020704425
2024-10-17,1.505521e-20,8.050716e-17,1.6574776e-11,3.6472015e-12,2.1836168e-12,1.7015301e-16,1.7461329e-06
2024-06-28,2.3032446e-25,1.9030562e-19,0.88194495,7.4719085e-11,9.639523e-14,1.122451e-19,1.4557772e-11
2024-07-04,2.4018574e-25,2.5577555e-20,0.006943279,4.511099e-14,7.138126e-15,9.445198e-22,3.4287868e-11
2023-12-03,0.0058487016,2.5466404e-10,0.86432594,0.9999995,1.0,0.0085487105,0.9999968
2021-08-26,5.8976194e-20,4.4810033e-16,3.0980103e-05,1.267545e-14,2.191757e-09,6.890967e-20,1.7051471e-11
2020-06-19,4.358107e-16,8.3106833e-16,1.0,1.6037796e-10,0.0027298527,1.3251575e-17,7.819024e-09
2022-07-14,1.3998858e-24,8.863207e-13,1.7778268e-06,3.635246e-10,2.979369e-14,8.313082e-11,4.8359583e-17
2022-07-16,4.972108e-22,1.7814827e-15,1.7883934e-08,3.5246478e-12,5.9526207e-17,4.6251267e-11,1.0233284e-14
2021-05-15,0.0112356525,0.9999969,1.0,0.9927492,1.0,0.00039348105,2.8291083e-06
2023-11-21,3.746265e-14,9.6823496e-17,1.6434955e-05,0.99465203,0.00019976722,1.5535623e-10,1.0
2021-09-28,1.05161307e-19,2.213722e-20,1.7259777e-11,1.17531674e-14,8.91082e-13,2.3679785e-17,1.0358129e-08
2021-07-13,4.2497256e-21,1.4985206e-18,0.9125245,1.2279584e-11,7.5358275e-11,2.4883115e-18,3.9959426e-07
2022-06-11,3.3387792e-21,4.6960483e-17,0.9999999,8.443184e-08,4.3719658e-10,4.3808567e-17,7.2534436e-07
2020-03-19,1.7634733e-08,0.9999999,0.9999925,0.9908187,1.0,1.1730711e-09,0.00025731488
2021-01-08,0.99999464,1.4897856e-06,0.99985015,1.2685699e-05,1.0,0.99994326,0.028091291
2021-01-27,1.0,2.5701624e-05,0.95491236,1.03517536e-07,1.0,0.99982905,0.020704633
2019-04-16,6.301835e-07,1.0,0.99979085,0.9993673,1.0,0.00017335758,0.0018137073
2021-01-24,0.9999993,1.1672091e-05,0.99986315,1.5258989e-06,1.0,0.99998665,0.2567167
2023-03-19,0.99983156,0.025315175,0.00024191824,0.7463669,1.0,2.924769e-15,1.7284814e-11
2019-12-20,0.2832849,0.9997335,0.99999917,0.9999852,1.0,0.9999565,0.96939373
2021-02-20,0.25491402,0.00012798305,0.56335866,5.684613e-10,1.0,0.94854623,0.6164603
2020-08-22,1.3460865e-18,3.3616966e-12,1.2275926e-08,5.5213354e-07,3.668986e-15,4.220606e-09,1.3749735e-10
2023-10-07,5.7904057e-23,1.0449129e-23,2.2680344e-13,1.3026741e-12,9.7046835e-17,1.00604975e-14,8.104982e-09
2023-04-15,1.8325228e-08,0.9999962,0.99967957,0.9999145,0.99999976,2.876435e-10,1.2723975e-05
2023-02-12,0.99994564,8.814591e-12,0.9947137,0.9999999,1.0,2.9372654e-10,0.99989414
2023-12-23,0.02233919,0.0022298447,0.9981433,0.99999964,1.0,0.9998079,0.99999976
2019-12-12,0.48458385,0.9804806,0.99998844,0.99995077,1.0,0.99999213,0.99999356
2020-03-28,1.8318206e-06,1.0,0.99957186,0.19879165,1.0,2.4520554e-08,3.245085e-05
2019-10-09,9.2950285e-17,7.7875955e-15,4.4161894e-05,6.745663e-14,1.3144862e-10,4.857084e-06,0.9999417
2019-10-24,5.9216257e-21,2.286893e-15,0.085041955,4.8333397e-13,6.3139125e-09,1.6717393e-11,0.9999988
2023-11-09,8.292263e-21,1.910643e-19,1.4671454e-10,2.1675164e-12,4.7934816e-11,8.414129e-17,0.010885932
2021-06-10,8.898933e-09,1.2455635e-10,1.0,6.9032817e-06,1.0,1.1848322e-08,0.05835629
2020-03-07,0.8915144,4.8493315e-10,0.99996734,1.9228686e-07,1.0,1.25217775e-05,0.97686213
2022-07-29,3.1552376e-21,2.7094256e-11,3.1629088e-07,0.07944351,1.9065597e-14,1.8837667e-09,1.5440727e-11
2020-09-25,1.0157418e-19,2.384607e-14,5.6049683e-12,7.2109574e-10,1.4963118e-12,1.3245372e-15,3.359724e-11
2024-10-22,3.50091e-19,8.9899974e-17,6.7702408e-15,1.6267555e-11,5.3226454e-11,4.333028e-15,2.587229e-09
2019-06-13,3.8592312e-22,8.431546e-09,0.99999976,6.678834e-14,0.00029109293,7.668e-15,6.7262827e-12
2019-06-29,5.1731996e-27,2.4374183e-12,0.89417845,8.498149e-08,6.1366854e-16,6.730141e-17,1.7461181e-07
2024-09-25,3.0492497e-21,1.9692866e-19,2.0848831e-11,4.824222e-13,8.6257986e-13,1.9784294e-17,2.2853084e-13
2023-09-29,2.5467233e-21,1.1367911e-20,7.2847147e-16,1.7027722e-10,4.8789654e-17,3.3733738e-12,4.2301306e-07
2024-10-05,9.549731e-20,2.2546824e-19,4.241795e-11,8.385899e-13,3.7811518e-11,6.953047e-12,9.531078e-09
2019-04-13,0.0005405181,1.0,0.092332706,0.0041929297,1.0,5.4448738e-06,9.163536e-09
2024-07-24,2.883835e-21,2.007997e-19,2.1273279e-07,5.39468e-15,8.900667e-16,1.00801566e-16,4.5074066e-15
2020-12-18,0.7264565,0.004351549,0.99812025,0.0077258702,1.0,0.9999999,0.89850426
2023-09-15,4.7627807e-25,7.37048e-14,3.3157452e-12,0.001957941,1.5813653e-18,1.4796894e-19,2.1686526e-13
2022-01-12,0.9999399,0.48269796,0.99985445,0.9999949,1.0,0.9998739,0.9999275
2020-09-23,1.2896169e-22,1.1756468e-17,7.462356e-10,2.4734033e-09,4.1835468e-16,2.928164e-14,6.008432e-14
2024-10-04,2.0056237e-19,1.4914834e-18,3.2648465e-14,1.7056896e-12,7.692844e-12,4.425376e-13,1.1984676e-11
2020-08-02,2.5591246e-18,1.8448318e-16,1.9778781e-10,1.9797257e-08,1.1229763e-14,1.1342184e-12,6.339467e-14
2024-07-30,2.2465617e-18,3.501287e-10,5.629141e-11,1.9224374e-06,2.6262091e-12,2.5610048e-14,3.186606e-19
2024-10-28,1.4961103e-18,1.922136e-18,9.2128975e-14,4.083646e-11,5.3143125e-09,9.192092e-19,3.774674e-11
2021-07-17,5.2545987e-22,9.717607e-18,0.0027096584,2.1546292e-14,9.797679e-13,2.3275498e-19,3.1474864e-12
2020-06-17,7.703157e-14,5.214246e-14,1.0,7.891826e-09,0.69507134,3.9056578e-16,1.03361035e-08
2019-08-16,2.8416386e-21,1.0271874e-16,8.710576e-06,1.2466245e-06,2.3113435e-16,8.106268e-12,4.1370622e-09
2023-04-05,9.8194505e-06,0.9999393,9.112633e-07,0.10758096,1.0,1.9838779e-10,2.8408172e-12
2024-08-05,9.513547e-21,5.1721482e-14,5.3877425e-10,2.8192048e-08,1.958567e-14,5.824622e-12,2.37424e-15
2024-01-11,0.99960846,0.825763,0.999613,0.99999356,1.0,1.0,0.9915986
2021-04-23,1.2071274e-12,1.0,0.9986268,0.080216765,1.0,2.516235e-07,0.00012624661
2020-01-22,0.99937016,0.99992144,0.99999964,0.9999975,1.0,0.99997675,0.24552055
2020-09-02,1.5860986e-22,1.9621893e-15,8.8548735e-10,5.3150544e-12,1.0782911e-13,1.503675e-17,3.0857592e-13
2021-09-30,4.181568e-24,2.1745504e-21,5.799909e-09,3.5885855e-14,7.4636957e-17,2.7840368e-17,2.8899534e-09
2024-10-06,2.1826876e-20,1.1641412e-18,2.5630108e-12,9.4381595e-14,4.785383e-13,1.5404839e-11,4.2885573e-10
2023-01-22,0.99999905,5.3901683e-10,0.9855479,0.99931407,1.0,9.299543e-15,0.91168153
2021-03-23,0.00055437314,0.080087245,2.9832883e-05,1.997491e-09,1.0,4.8116282e-11,8.683927e-12
2019-07-16,6.1810784e-27,2.4318921e-12,0.013733805,1.1101067e-07,7.8399894e-17,1.0496689e-12,1.6741224e-08
2020-10-09,1.4589998e-21,1.7798483e-12,1.11742345e-10,6.087283e-15,1.991331e-14,1.2815493e-15,7.5690775e-07
2023-10-31,2.4850252e-21,1.2227951e-19,1.0712092e-12,1.2979581e-10,8.9250075e-13,1.37015355e-14,0.00033220655
2022-12-15,0.99987817,1.9524875e-10,0.99993694,0.50501233,1.0,0.0011215883,1.0
2019-07-01,3.8385416e-23,0.0003111333,0.024433069,0.0042353505,8.369642e-11,1.5615454e-13,1.2970372e-06
2021-06-05,0.00012401363,3.1758863e-14,1.0,1.187917e-07,0.9999999,1.4727697e-10,0.0016386915
2019-04-05,3.8019037e-09,0.99999964,2.1677522e-05,3.037156e-08,0.99999523,2.827499e-11,1.5833801e-12
2021-02-25,0.9999424,0.007052864,0.98187375,5.143085e-07,1.0,0.9226708,0.5805852
2021-12-03,0.99907506,1.8143253e-07,0.99999297,0.99999726,1.0,1.4487387e-05,0.99999976
2023-05-22,0.14652559,4.504515e-05,0.99999964,0.9999999,1.0,0.015284635,0.008000118
2021-08-20,7.6852966e-14,1.5154924e-16,0.7923709,0.023955336,3.8145554e-06,2.7540987e-11,0.9312101
2023-07-09,5.9668955e-18,6.329127e-13,1.8417724e-07,0.00039152565,3.8584296e-14,1.4647649e-15,1.8906368e-14
2022-11-09,1.3442356e-12,7.1611526e-13,0.9999584,1.0478129e-06,0.71657705,1.8672466e-17,0.9999999
2020-02-26,0.9999988,0.0056893476,0.88789386,0.06571764,1.0,0.9977137,0.21440999
2023-08-05,3.8128167e-21,1.407528e-15,5.6861143e-12,2.2452325e-05,1.8732834e-16,1.9785967e-16,3.6891432e-13
2023-06-25,9.302824e-19,2.3759355e-14,1.3808321e-07,6.920309e-05,4.728892e-13,4.6093005e-15,2.19301e-14
2019-07-05,8.718917e-26,1.5796731e-08,0.0031521823,2.5451726e-07,4.1529507e-14,3.6974414e-13,1.8631478e-10
2019-07-07,2.456006e-23,1.1839054e-07,0.0036848583,0.0020741324,4.231312e-12,1.8978803e-11,7.30464e-08
2021-08-12,2.549106e-20,2.62528e-14,7.42182e-09,1.4942576e-13,1.767412e-09,7.502596e-19,9.692021e-19
2020-03-01,0.9998578,0.00049956195,0.9924573,6.4186825e-05,1.0,0.000112640766,0.00026664077
2022-04-19,1.4675335e-05,0.99999774,0.999998,0.99999905,1.0,8.7801766e-08,7.616608e-05
2021-04-13,3.8434257e-13,0.999985,0.028457567,5.0240883e-06,0.9999989,4.250094e-08,8.849664e-12
2024-01-18,0.99672073,0.022760408,0.9985728,0.9999962,1.0,0.9999995,0.9994708
2024-08-23,4.626628e-18,1.893229e-13,3.725399e-15,2.6584091e-06,1.1815777e-12,1.8817987e-09,1.6811931e-09
2023-10-22,1.4588629e-18,1.4541118e-19,4.814954e-10,6.371393e-11,5.358905e-13,4.7179235e-15,0.02044863
2023-01-21,0.9999919,1.8762302e-08,0.99988973,0.99996984,1.0,8.313129e-15,0.99586475
2023-08-23,2.1678318e-15,2.4792432e-11,2.380391e-13,0.92866737,2.863561e-13,2.8758658e-09,4.0491333e-14
2023-06-17,8.7001726e-20,3.1383186e-17,0.4064892,0.000115015806,3.7446882e-13,1.3754865e-19,2.7767888e-12
2022-03-28,4.627156e-11,0.9977102,9.966241e-12,1.8377676e-10,0.9999995,2.1551061e-06,3.7328897e-11
2020-06-18,8.8121145e-17,2.4385117e-15,1.0,3.628113e-09,0.000117929325,1.6717725e-17,7.267247e-11
2019-04-21,0.00013810453,0.99999976,0.9999975,0.99889284,1.0,8.847933e-05,4.5627246e-05
2023-06-22,4.319571e-18,6.2889507e-16,0.00028174944,2.9948473e-05,7.746198e-13,1.996319e-19,8.47612e-15
2021-05-09,0.00025407085,0.999982,1.0,0.9999695,1.0,9.803824e-06,5.608729e-06
2022-04-04,0.08857222,0.99992204,8.9475354e-05,4.3602636e-06,1.0,8.286204e-05,3.914922e-08
2022-12-14,0.99920887,1.5064133e-10,0.9999963,0.7924181,1.0,0.00046633705,1.0
2023-06-11,9.330335e-18,1.6912967e-06,0.9868973,0.18278766,9.737165e-06,1.6395756e-09,7.336418e-16
2020-03-31,0.08966102,0.99996424,0.32126823,0.21610588,1.0,1.3899487e-06,3.7779348e-08
2022-06-23,8.04685e-24,4.8729277e-14,0.00033215588,9.789199e-13,9.68882e-16,7.6007184e-10,1.1708194e-14
2021-04-02,8.534745e-16,0.99997973,6.871445e-06,2.76513e-08,0.9899221,1.8924571e-12,2.135329e-16
2023-06-30,1.3534598e-18,1.312856e-16,0.027366053,5.4612684e-07,2.9305193e-12,1.3996651e-19,3.4500213e-15
2023-07-31,5.002224e-22,1.9558241e-13,2.618352e-12,0.0009267579,7.2562036e-16,7.4681175e-15,2.5156644e-11
2020-01-06,0.9794096,0.99985397,0.9999689,0.9999925,1.0,0.99972457,0.9993369
2021-04-28,0.00016418389,1.0,0.9999989,0.99451786,1.0,4.083328e-05,1.2594128e-06
2023-05-25,8.819302e-05,1.0059732e-06,0.9999999,0.99852765,1.0,2.2159116e-05,1.7765387e-06
2024-11-12,1.1245184e-16,3.688783e-10,6.545926e-12,1.3045089e-06,0.017839445,2.8036965e-12,1.4929366e-08
2023-03-27,0.99989593,0.0028312718,7.4545846e-05,0.16228588,1.0,4.3492182e-10,3.4623142e-12
2019-07-18,5.4655046e-21,4.5813258e-14,0.011437145,0.00037491674,2.2512995e-16,2.0060634e-08,5.0196924e-08
2019-10-20,1.3283881e-22,8.638254e-15,0.00020980726,4.3365794e-13,8.2175e-11,7.36931e-11,0.99977046
2020-11-07,2.8605024e-14,4.253711e-08,0.6820528,1.9401395e-07,0.77313846,0.3603433,0.99999917
2020-02-25,0.9999988,1.3139369e-05,0.9889036,0.0014846969,1.0,0.99949455,0.6904556
2022-08-21,3.0880413e-22,1.502471e-17,3.3311778e-10,1.6483064e-05,1.6589716e-17,2.8343427e-13,7.1722316e-11
2021-06-20,4.610155e-18,1.800274e-10,0.9999999,3.7842455e-08,5.520533e-09,3.9179407e-15,8.468953e-13
2024-02-11,0.14764225,0.005961622,2.831495e-07,3.4703457e-06,1.0,0.27695417,2.71802e-07
2020-05-02,0.019547625,0.99995244,1.0,0.99999976,1.0,1.3668899e-08,0.00068817637
2019-12-13,0.9612835,0.99967694,0.99984264,0.9997669,1.0,0.9999021,0.9984414
2020-09-05,4.9745608e-20,1.0715165e-18,4.7172177e-09,2.5881668e-13,1.752786e-12,4.344027e-18,2.824549e-16
2024-10-08,6.18478e-20,2.0851231e-17,1.1455499e-12,8.507173e-14,3.2321784e-12,1.7447524e-10,2.982963e-10
2024-03-17,2.6103296e-06,0.00048051475,0.4014726,2.389747e-06,1.0,3.4085792e-15,1.0464007e-08
2020-10-28,1.6288787e-23,1.8679096e-09,3.4566415e-06,1.3138102e-06,2.9544998e-09,3.0264607e-10,0.99680316
2020-12-14,0.056053486,6.29909e-07,0.99988616,0.30214086,1.0,1.0,0.99241525
2024-04-11,0.054383535,0.99998474,0.9999957,0.9999993,1.0,1.0934804e-10,0.1935248
2020-02-10,0.9999504,0.9999913,0.9960985,0.9998946,1.0,0.9980751,0.08910435
2021-09-26,2.6867044e-23,2.0829554e-22,1.8763775e-11,2.3908085e-15,3.4148604e-14,9.705559e-20,4.0152825e-12
2020-03-26,0.7473939,0.999995,0.9917453,0.23254973,1.0,4.560069e-06,1.3769834e-06
2024-02-26,2.5265078e-11,6.3504246e-16,1.3671811e-09,4.6079117e-15,0.6068048,6.4004054e-15,1.4741557e-13
2019-11-18,1.0278403e-08,1.2843624e-07,0.8045816,0.18691257,0.9995937,0.9328144,1.0
2022-11-11,3.7483215e-15,1.4945382e-15,0.99998534,1.9948097e-06,0.1991157,1.7020577e-14,1.0
2022-09-23,1.0871741e-19,9.9800186e-26,6.539497e-09,2.6123079e-14,1.2059588e-15,7.314111e-18,4.4980675e-06
2020-11-05,6.9973284e-18,6.30525e-12,0.028735785,0.0014712561,2.450205e-06,0.5794697,0.99998367
2019-08-22,1.0528397e-22,1.1243131e-15,6.5548903e-07,1.343015e-13,8.76729e-12,2.2821752e-18,9.938493e-11
2022-08-16,8.1843325e-24,1.8837894e-15,7.637044e-11,1.6655424e-05,2.3900506e-16,1.8291378e-13,1.3142129e-10
2024-01-02,0.99948055,0.11509917,0.94249725,0.99999785,1.0,1.0,0.9998153
2020-11-24,2.6488323e-08,1.8704956e-06,0.0002907482,1.6610218e-07,1.0,0.9999999,0.9999999
2021-05-26,0.3133082,4.190644e-07,1.0,0.1179921,1.0,0.007211949,0.0022781421
2023-11-12,4.3827725e-20,2.5889477e-16,1.0402264e-11,8.0613803e-13,2.3220133e-10,1.1948817e-15,0.98932564
2020-06-22,2.503996e-24,6.2070205e-20,0.99893314,3.1100147e-13,1.4019819e-11,4.4601197e-20,7.0035284e-09
2021-09-09,3.9113732e-21,3.0290606e-17,5.9379502e-08,1.2256378e-10,3.1048948e-16,1.5092774e-18,1.3275925e-15
2022-08-06,9.659125e-21,2.0944216e-14,6.8423365e-09,0.00020476857,2.599455e-14,4.1901517e-12,6.8909386e-13
2024-06-25,8.725148e-24,4.061877e-16,0.9986847,2.2353583e-11,2.3416472e-08,3.3901804e-21,1.1338746e-08
2022-01-20,0.9993861,0.9605952,0.9999336,1.0,1.0,0.99999654,0.9998104
2020-02-23,0.99212575,0.99857056,0.99944824,0.00043953024,1.0,0.18172336,0.10190859
2020-07-25,9.951275e-19,1.6301655e-08,1.04838705e-07,7.5307903e-06,2.562587e-11,4.9147786e-08,1.6940997e-18
2022-11-29,1.1883628e-08,3.1716886e-12,0.9994802,1.2488639e-06,0.99999964,3.2418957e-06,1.0
2024-12-31,0.106405415,1.3037072e-05,0.99089867,0.99817884,1.0,1.0,0.999653
2023-01-10,1.0,3.679365e-11,0.8870207,0.21340376,1.0,5.2677414e-08,0.9999783
2021-09-13,5.7282287e-24,2.238035e-17,5.4531085e-08,7.6051836e-14,5.667909e-17,3.1165105e-17,6.692578e-11
2023-04-11,2.612974e-08,0.9999602,2.6214252e-08,1.5274394e-06,1.0,6.734444e-13,3.226592e-12
2023-01-06,0.9999999,3.9928264e-07,0.99970573,0.9998336,1.0,0.00045568869,0.99999845
2022-07-12,4.822766e-25,1.6545282e-10,4.517266e-05,1.0997478e-12,7.711621e-15,9.1655884e-11,5.687147e-15
2022-06-25,7.013318e-23,9.709763e-16,0.00037243278,2.2857086e-10,1.6290896e-16,1.1582362e-11,1.6776589e-14
2022-02-24,0.99983287,0.0006948304,0.030863484,0.98396504,1.0,0.9997478,0.0026198195
2020-08-21,1.1348035e-18,1.9026744e-16,1.9830652e-07,4.429522e-05,3.179849e-15,6.037975e-08,3.756922e-09
2023-10-05,1.08666205e-23,4.4809335e-24,3.012335e-13,2.5324058e-09,1.8109982e-18,3.2668523e-14,1.0075319e-07
2023-01-27,0.9999988,2.978173e-12,0.90284,0.99932516,1.0,3.1410269e-16,0.9996325
2020-06-29,2.2547995e-22,1.7360905e-15,0.9993457,2.4197615e-07,5.977039e-12,9.187629e-14,0.00017467553
2020-10-05,3.7870708e-22,3.9989857e-13,1.6195646e-10,4.589455e-12,1.367514e-14,6.4944334e-14,0.0005119479
2020-10-12,9.628872e-24,1.8487534e-11,2.0435782e-06,6.758648e-13,7.56156e-14,9.3731806e-18,0.00016990447
2023-12-17,0.99210304,7.129238e-05,0.8271802,0.9999989,1.0,0.99965215,1.0
2022-08-07,4.721255e-22,2.4670366e-10,3.2979e-07,5.596331e-05,6.6267174e-15,8.355405e-09,9.138353e-12
2023-03-13,0.9999999,1.560951e-05,0.07320554,0.99981505,1.0,1.05810005e-11,1.683163e-07
2021-01-11,1.0,0.00030320603,0.99733657,5.3219225e-07,1.0,0.9999287,0.0006021974
2020-03-23,0.9944746,0.99999964,0.99849653,0.051933676,1.0,6.5057e-06,6.658993e-06
2021-02-03,0.9996043,1.1079686e-06,0.95879763,2.2458457e-11,1.0,0.9997019,0.04229434
2023-03-10,0.9999988,9.080155e-07,0.0026533117,0.99990463,1.0,4.5179316e-12,9.1367576e-05
2024-11-14,1.1845801e-14,1.515057e-11,1.71847e-09,0.00058138144,0.09488226,3.1919342e-08,0.99988914
2021-09-14,1.4001422e-24,2.5120033e-17,4.994532e-06,7.177216e-14,2.010936e-16,9.279051e-17,3.2922267e-12
2019-04-07,2.251152e-05,0.9999999,0.0006896806,0.0002921712,1.0,2.815089e-08,2.6076563e-12
2024-11-28,8.193767e-06,6.907747e-08,0.56934386,0.99994135,1.0,0.99942183,1.0
2023-11-15,1.2531599e-18,1.4869506e-17,5.536653e-10,1.3247055e-09,2.5851143e-08,1.7949482e-15,0.9999106
2023-10-23,8.9363036e-20,2.7286982e-18,2.2835928e-12,2.775534e-12,2.7346604e-13,2.1429037e-14,0.01804925
2020-12-21,0.85089153,0.0013635344,0.9999682,0.002021656,1.0,0.9999999,0.9998745
2021-03-20,0.9999981,4.980216e-07,0.0009716321,3.711615e-06,1.0,1.4809378e-07,3.8528283e-09
2020-03-02,0.90370953,0.016383503,0.70289606,7.028649e-07,1.0,0.0004733469,1.7113182e-06
2023-03-18,0.11069972,0.9958411,1.3905229e-06,0.47687224,1.0,7.40077e-13,1.2199115e-11
2022-03-19,1.9493361e-06,0.07715848,1.6692334e-07,8.611431e-13,0.99999976,0.8333672,2.8712336e-07
2024-12-13,0.02909922,0.00029285194,0.9908764,0.99999726,1.0,1.0,0.99999523
2023-10-16,9.9781306e-23,2.363263e-21,1.4137422e-09,7.1359765e-11,6.1011796e-17,6.143589e-18,2.958204e-07
2019-12-17,0.98848176,0.99996376,0.99948776,0.9999851,1.0,0.9997985,0.99068415
2021-05-05,7.9379824e-05,0.9999999,1.0,0.9969465,1.0,0.0014279167,9.019586e-07
2023-02-07,0.9999987,5.2786016e-09,0.9998479,0.99996233,1.0,2.3213633e-09,0.9992785
2022-03-02,0.9240954,0.00037728783,2.1878479e-05,8.333799e-06,1.0,0.99985504,0.004136214
2023-09-16,2.2572548e-27,9.419357e-16,7.395751e-12,4.502784e-06,4.8209415e-19,2.9122131e-21,5.505377e-10
2023-07-20,8.424567e-17,6.302114e-15,1.48342e-11,0.99945325,3.1339402e-17,2.7433261e-14,1.9704121e-13
2022-09-26,2.321968e-22,1.2019352e-23,4.7562358e-07,3.0873194e-13,2.6695391e-17,5.153886e-16,8.403952e-06
2022-08-01,1.5672858e-21,4.980966e-10,3.467134e-06,0.09253887,7.5656056e-16,5.14225e-06,1.5432159e-05
2024-12-11,0.48120555,0.003040554,0.9996092,0.9999987,1.0,0.9999999,0.99994683
2022-03-30,7.3926126e-10,0.9995901,1.1077896e-09,3.3328384e-09,0.9999995,4.564593e-07,6.5707192e-12
2021-02-01,0.9999466,5.9169556e-06,0.95604944,8.582299e-08,1.0,0.9999423,0.0006678795
2022-06-08,3.549178e-15,1.532688e-11,1.0,0.08120726,2.9376573e-05,7.444818e-16,1.1302601e-08
2019-06-21,8.727877e-24,5.9765e-13,0.9999434,3.768379e-11,7.0665196e-11,3.559489e-19,9.350741e-13
2020-12-30,0.99999857,0.0010782758,0.9975114,5.381716e-06,1.0,0.99995375,0.9968148
2024-12-25,0.017105717,5.6465217e-07,0.9657019,0.9994289,1.0,1.0,0.99914455
2021-07-26,7.832428e-24,1.5480896e-18,2.2994485e-07,1.0862347e-16,3.899878e-14,4.8260363e-20,3.9138967e-13
2024-11-08,1.2870553e-16,7.662165e-12,6.6906497e-15,3.823711e-10,0.020242773,7.8452994e-13,2.5618502e-10
2021-10-12,9.119844e-23,1.7772047e-17,1.5950814e-06,5.0072247e-15,7.8245394e-14,1.6165169e-16,0.023583246
2019-09-08,6.5212125e-24,4.874538e-17,1.641304e-06,1.3141538e-12,2.7629283e-14,5.191973e-15,1.2877921e-06
2023-02-21,0.999686,3.7162192e-07,0.04892319,0.9999958,1.0,3.4864953e-16,0.0021469973
2021-08-04,1.4368453e-22,1.2534583e-15,8.4706153e-10,5.3787937e-16,3.115741e-11,2.7700436e-16,2.0297285e-13
2022-07-03,1.066734e-23,4.8331943e-16,2.0217693e-05,8.3764484e-10,1.666189e-17,6.243668e-11,1.69267e-13
2023-12-16,0.018408306,2.449581e-07,0.13318901,0.9999974,1.0,0.999979,0.99999845
2021-01-28,1.0,2.7211788e-06,0.98725545,1.2321321e-07,1.0,0.9957503,0.1577986
2024-01-20,0.9921619,0.009365844,0.99994826,0.99999356,1.0,0.9999999,0.9679441
2021-03-14,0.9999976,0.0010723262,0.007793299,6.852029e-05,1.0,0.0005139913,1.4956159e-08
2021-08-14,4.8340644e-22,8.4376125e-20,2.1468508e-11,6.8655376e-10,5.779961e-14,7.498394e-18,1.0059116e-14
2023-07-26,9.943838e-19,2.8574298e-08,1.2038199e-06,0.878793,3.097277e-12,1.0142363e-10,4.483071e-09
2023-01-24,0.99971217,1.751815e-10,0.99999785,0.9996302,1.0,2.2432166e-15,0.9775549
2024-12-01,3.0587285e-05,0.0002502681,0.96249735,0.9997309,1.0,0.99999666,0.9999999
2024-12-22,0.8691426,2.249454e-06,0.18355961,0.9999721,1.0,1.0,0.99999106
2022-05-23,2.7514945e-11,2.4911326e-10,1.0,0.10295835,0.99948907,5.9130883e-15,5.046394e-10
2024-06-26,8.163344e-25,4.0085035e-19,0.085759446,4.778308e-12,5.956892e-13,3.634983e-21,8.1402707e-10
2021-09-18,4.5977247e-24,7.150096e-21,5.833612e-10,1.223389e-13,4.9165235e-15,4.365683e-21,1.0641075e-10
2021-10-30,9.557868e-18,1.58686e-16,0.0002288204,2.6360568e-11,5.5345147e-08,7.466027e-18,0.9984713
2023-11-23,5.19718e-13,8.1162115e-17,0.0014861384,0.8668919,0.0087150745,2.5488815e-13,0.99990296
2024-03-06,6.3850726e-13,2.1673921e-16,2.5471177e-06,1.1799782e-13,0.27857292,3.8159546e-16,3.668638e-14
2024-11-05,5.7861225e-23,6.542521e-15,3.3728686e-14,1.8027633e-12,4.4628594e-09,6.417275e-15,3.0321726e-08
2024-11-26,7.995948e-09,3.9393253e-06,0.48900375,0.99999034,0.9999999,0.97488016,1.0
2024-03-29,0.12320577,0.9999763,0.9966221,0.99997616,1.0,1.989322e-07,5.1192295e-05
2020-02-09,0.9997943,0.9999999,0.99988353,0.6487502,1.0,0.9900293,0.019416371
2020-03-03,0.9999933,5.8731006e-05,0.98576725,3.251246e-05,1.0,0.8491063,1.9677504e-05
2021-03-27,0.0002257973,0.19477476,8.6965633e-07,3.3434222e-07,1.0,9.369536e-10,1.1329519e-11
2024-09-08,2.8004917e-18,3.3439536e-14,2.4792338e-11,3.3842769e-06,4.023602e-15,7.479263e-08,9.409863e-11
2020-10-16,1.3915003e-24,1.1729518e-14,4.5344475e-08,1.2498618e-13,1.9459588e-14,3.7295696e-13,0.0017499218
2020-09-27,2.5333093e-24,3.984795e-12,2.5175626e-07,1.134291e-10,1.3412491e-16,6.8808137e-09,5.1814436e-06
2020-04-17,2.558654e-05,0.9999987,0.9999999,1.0,1.0,1.0514331e-05,0.00094560004
2020-09-06,6.97719e-22,8.155297e-14,4.07281e-11,5.936073e-15,4.2126476e-11,4.734008e-21,4.8340915e-11
2024-10-19,7.609158e-18,2.128872e-15,1.5937747e-10,6.38024e-13,1.2110727e-09,2.0498852e-17,4.219779e-12
2020-03-20,1.7278633e-06,0.99999857,0.9999995,0.999853,1.0,2.3262578e-08,5.0349246e-07
2020-09-08,1.3313776e-20,6.346837e-17,3.495285e-08,1.3257851e-16,1.0047152e-10,1.4206541e-20,1.0438251e-16
2024-07-11,1.8661158e-23,1.2766692e-16,6.5639295e-05,6.116558e-14,5.6201555e-13,6.604319e-19,6.6642963e-12
2020-09-10,1.4649673e-21,5.202748e-19,5.9780634e-09,7.621535e-14,5.585087e-12,1.634469e-22,1.7509362e-14
2020-04-24,0.005040182,0.9999962,0.9999999,1.0,1.0,0.0006056089,6.4582106e-05
2020-08-01,1.0162273e-17,1.3140253e-13,9.629343e-10,4.1227675e-08,1.0256991e-13,1.8968535e-10,9.48813e-16
2023-03-30,0.0038409382,0.999954,0.014355357,0.00016503932,1.0,7.7296024e-11,3.0693648e-09
2021-01-16,0.9999987,0.00032812846,0.9975435,4.7923164e-05,1.0,0.999967,0.0403887
2024-03-19,8.906619e-06,0.7408808,0.9856097,0.99225473,1.0,2.3977419e-14,7.3779024e-06
2020-03-13,0.9801911,0.0015298314,0.99981374,1.1872685e-06,1.0,0.00030441993,0.00018169248
2020-02-28,0.99999976,0.43161613,0.9974287,0.0064289346,1.0,0.67886585,0.00010170604
2021-04-17,1.6620558e-14,0.9999988,0.4264016,0.00044195954,0.9845345,1.6007023e-10,5.2331017e-12
2024-04-28,0.0006296821,0.9959422,0.9999926,0.99999774,1.0,1.6417549e-07,0.14306279
2021-07-10,1.2874541e-22,6.131675e-17,0.0035549607,1.2157751e-10,7.395852e-15,7.697946e-17,1.6510244e-08
2021-01-05,0.9999968,1.529254e-05,0.98576164,1.701076e-05,1.0,0.99939907,0.8810684
2019-07-14,5.35465e-26,6.2433075e-12,0.08760492,1.0685263e-05,4.8081685e-15,6.737077e-17,7.027803e-09
2024-09-13,3.7582694e-24,9.537469e-11,1.9565137e-10,2.3851008e-08,5.793169e-15,0.0024976782,2.915351e-11
2023-02-24,0.9898608,6.7233465e-05,0.99820185,1.0,1.0,4.4024265e-13,0.1188681
2020-01-26,0.99989986,0.9999963,0.9994918,0.99989474,1.0,0.99824,0.000822908
2022-02-08,0.9985293,0.99985814,0.9846333,0.9996024,1.0,0.9999994,0.20453003
2022-12-16,0.99581844,3.3119545e-11,0.9971234,0.8857784,1.0,0.001904062,0.9999995
2023-12-02,0.0018423821,3.3996943e-09,0.023186067,0.99999976,0.99998534,0.5069585,0.99999964
2023-06-09,7.4639315e-15,3.143037e-11,0.8209854,0.062044375,5.3557915e-07,2.0446843e-17,9.178857e-17
2021-08-22,1.4640309e-18,6.443161e-20,0.072574355,8.799326e-11,2.5223669e-11,1.3186601e-13,0.038490362
2020-08-29,8.661688e-21,4.273879e-16,5.7375416e-10,4.3820125e-12,7.5752266e-15,1.0300018e-14,8.398493e-14
2024-01-10,0.97409236,0.3307745,0.99979156,0.9755122,1.0,0.9999999,0.9994306
2022-12-08,0.7953077,3.6457497e-11,0.9974685,0.40868047,1.0,0.0032667364,1.0
2019-10-02,5.6432596e-21,7.21431e-15,1.4423423e-06,5.6676133e-11,6.2365294e-14,2.1098634e-09,0.46562114
2019-12-21,0.98660827,0.99979204,0.99998903,0.9999572,1.0,0.9891839,0.9887856
2021-11-20,1.850464e-05,2.2717664e-13,0.99818665,0.028585644,1.0,9.4909176e-08,1.0
2022-03-03,0.81565374,0.0044780374,0.00011056171,4.016144e-06,1.0,0.99963164,0.000111640096
2022-08-26,2.6529165e-20,2.9173446e-17,2.8413838e-10,7.5843906e-05,2.84276e-18,1.2390596e-13,1.1858214e-10
2023-02-11,0.9999987,2.6221827e-10,0.99941564,0.99999416,1.0,2.5102961e-11,0.9999485
2024-03-14,0.00010088847,3.6206432e-06,0.0017137137,0.006090989,1.0,1.1638493e-16,8.695078e-09
2021-12-25,0.999426,0.9972395,0.9999914,0.9999999,1.0,0.9999547,0.99930906
2021-06-03,3.9052845e-09,7.023156e-12,1.0,3.5148312e-06,0.99997973,5.46539e-10,0.00046129554
2023-11-03,9.598007e-21,1.996306e-17,1.6748554e-10,6.203788e-13,1.6453979e-11,1.0367822e-14,0.95897347
2024-12-08,0.0076410025,6.574112e-06,0.43301353,0.9999907,1.0,1.0,0.99999523
2021-02-22,0.9999769,8.986459e-05,0.96028996,2.2225655e-07,1.0,0.9947372,0.21373329
2023-04-04,0.0006053864,0.9726333,2.1908172e-06,0.04412673,1.0,1.9697248e-09,4.1231488e-10
2022-06-21,3.4195085e-21,5.1911613e-15,0.04247386,4.2678513e-12,1.7611033e-12,1.02227925e-13,7.879251e-13
2019-12-11,0.9590431,0.99990606,0.99844617,0.99984443,1.0,0.9998155,0.9925922
2022-08-04,1.8945596e-19,3.424507e-14,7.6162245e-08,0.022923607,6.949427e-16,1.1456478e-09,4.8286736e-11
2021-10-03,1.9384124e-22,6.9282566e-22,3.6767172e-09,1.5593106e-16,2.4227584e-15,7.365241e-17,2.632281e-06
2019-12-14,0.6490676,0.9983236,0.9999943,0.99987066,1.0,0.9987921,0.9999474
2019-12-06,0.003127378,0.00882558,0.9993436,0.9999373,1.0,0.82761127,0.99999225
2024-08-13,4.2911683e-21,6.510809e-13,1.3608739e-10,3.0226216e-05,3.0794296e-15,8.374635e-12,7.795858e-15
2022-01-01,0.76630175,0.92415506,0.9999372,1.0,1.0,0.08604243,0.99957234
2020-07-19,2.810656e-20,1.5450728e-13,1.879535e-07,1.2138108e-09,5.8338805e-17,6.1194584e-08,2.700684e-12
2024-04-10,0.00050884456,0.9999939,0.999992,0.9999999,1.0,1.3343352e-07,0.029947571
2020-06-20,2.7335753e-17,6.6836247e-18,1.0,1.5706494e-10,0.0002157428,3.5044264e-18,1.6464854e-05
2022-01-18,0.99988186,0.9957361,0.99970055,0.9999989,1.0,0.9999976,0.99943644
2019-04-10,1.09060124e-07,0.99999905,0.00015809321,1.7077826e-05,0.9999982,5.6981875e-08,1.295801e-14
2024-08-01,2.6496311e-19,3.9935564e-14,8.752512e-10,4.1248733e-09,9.2800223e-10,5.3102087e-09,4.3939116e-17
2023-06-20,3.6917563e-16,1.1295723e-12,0.00027295836,2.5760688e-05,1.2648477e-10,8.575376e-16,3.5017533e-18
2023-01-17,1.0,1.3498458e-10,0.9623308,0.99652785,1.0,1.1437074e-12,0.99132174
2019-12-30,0.91340405,0.9999658,0.99999917,0.9999759,1.0,0.9999672,0.99858654
2021-05-30,0.015248063,8.508009e-12,1.0,1.5856634e-05,1.0,3.4551817e-09,0.028638178
2023-09-11,6.589483e-23,1.2018995e-14,1.0213716e-12,6.1457918e-06,2.387681e-16,3.6059467e-09,3.982941e-12
2022-07-23,5.8281927e-22,1.2991043e-11,8.4048557e-10,6.2718216e-05,7.700156e-15,1.819395e-13,5.788196e-16
2024-09-01,4.416449e-23,6.561101e-12,3.4633067e-11,0.00022578094,7.0981795e-16,1.601342e-12,7.845663e-12
2024-03-25,0.023737222,0.5288953,0.17243789,0.010580647,1.0,2.2451635e-12,1.6706236e-06
2024-05-27,9.3555475e-15,3.197875e-16,1.0,7.448242e-08,0.9637615,3.6119217e-09,2.6194561e-08
2023-05-04,0.9597684,0.9999989,0.99998665,0.9964463,1.0,0.00017086252,1.9302087e-07
2019-06-04,8.7491515e-15,3.6762382e-10,0.9999833,7.95335e-11,0.01412578,4.576193e-13,6.849553e-14
2021-07-12,1.2082534e-20,9.727622e-18,0.81129336,1.2962442e-13,3.179194e-11,1.1695282e-16,8.3569045e-09
2022-05-15,1.3088882e-08,4.7036943e-07,1.0,0.9036443,0.9999999,1.0046668e-11,1.357815e-07
2022-02-28,0.9926001,0.05171983,0.2039502,0.01269258,1.0,0.9999857,0.0052004107
2021-02-28,0.99998105,2.0555004e-09,0.7815744,9.602957e-07,1.0,0.98261017,0.8607931
2019-04-11,3.9827142e-07,0.99999917,7.762057e-06,2.25673e-05,1.0,5.1641376e-09,1.0513225e-15
2021-10-25,6.729611e-22,4.175744e-19,1.4921523e-05,8.7094935e-11,9.688332e-14,1.1043145e-21,0.7334406
2020-09-07,6.479776e-24,8.3772295e-18,3.6279967e-08,4.585882e-17,5.9829447e-13,1.12408296e-20,8.7549605e-15
2019-04-15,0.00016670173,1.0,0.0012872975,0.510894,1.0,9.2309965e-05,7.6911304e-11
2021-08-11,5.547038e-23,3.3845261e-18,4.005847e-10,2.0054817e-12,5.579723e-11,9.0618016e-21,4.3943036e-14
2023-11-19,1.32198055e-11,2.994766e-16,9.775919e-08,0.001193604,5.387795e-05,9.7146256e-14,1.0
2020-05-26,1.49598945e-05,3.8580484e-07,1.0,0.9958502,1.0,9.148168e-09,1.5110745e-06
2019-11-29,6.971736e-05,0.0038672006,0.9904095,0.9999982,1.0,0.86251706,0.9999999
2022-08-22,4.7675118e-23,5.4427756e-17,9.2619673e-10,4.5693305e-05,4.480827e-18,5.4818742e-14,1.8421239e-09
2023-05-14,4.6829733e-05,0.39063606,0.9999999,0.99997854,1.0,2.5501427e-08,1.4660814e-05
2020-05-17,0.000102624035,0.08636425,1.0,0.97683376,1.0,1.2960453e-07,1.7800444e-07
2023-08-01,1.2914587e-21,3.696613e-11,6.5684106e-13,0.03325609,6.6883185e-14,4.5536745e-14,2.0783059e-13
2020-05-21,9.239725e-12,1.8370409e-06,1.0,0.8840823,0.99990714,2.4306994e-09,8.645924e-10
2023-11-01,8.295213e-19,3.9337645e-18,3.6983868e-13,5.941437e-13,1.1421977e-10,2.6313861e-14,0.0002425441
2024-06-14,1.0209343e-14,2.9040398e-19,0.9999999,1.6166194e-07,0.008640877,1.2343683e-16,5.4697935e-09
2024-07-23,4.909706e-21,1.4115332e-16,6.7418604e-09,4.0034962e-13,8.84073e-14,3.584848e-19,1.4015318e-16
2021-01-03,0.9999981,1.27865715e-05,0.8298594,5.6519053e-05,1.0,0.9916304,0.97574264
2021-02-19,0.999984,3.1318604e-07,0.010048943,6.4615224e-09,1.0,0.41354376,0.36977953
2019-04-30,4.3425254e-05,1.0,0.9999995,0.9969097,1.0,0.00021275585,4.613078e-05
2020-06-25,1.3446424e-21,2.81131e-13,0.49137634,2.9853578e-11,2.1270277e-13,5.633598e-15,8.915336e-11
2021-04-19,1.0048503e-12,0.9999858,0.004153381,2.1746204e-05,0.99992955,8.5671513e-07,9.99107e-10
2024-06-01,1.1168745e-16,4.32693e-09,1.0,0.023996754,0.9965359,1.6590826e-13,3.33189e-07
2019-10-25,5.741842e-22,1.29536906e-17,0.003783419,1.8400517e-13,4.2747805e-10,2.837242e-13,0.9999987
2022-07-25,1.6062841e-21,2.2499402e-11,1.3348896e-08,0.17130882,1.6377616e-14,8.776748e-11,1.9987331e-13
2024-08-04,3.131076e-22,3.943371e-15,4.4969056e-11,7.1136967e-09,1.2172918e-15,1.5536333e-10,1.364156e-14
2020-08-08,5.254286e-19,4.878298e-16,4.1335625e-08,6.164149e-08,1.024159e-16,5.447689e-13,1.3827612e-13
2022-06-13,6.699508e-24,1.2148621e-13,0.9999969,9.0625916e-11,3.1655933e-10,7.01899e-16,3.883432e-09
2024-09-28,9.019314e-21,9.215515e-18,9.239374e-12,2.2647125e-11,1.1520342e-11,1.0313607e-17,4.881707e-15
2019-11-22,4.8679427e-05,1.0417021e-06,0.028933996,0.00082475756,1.0,0.99319446,0.99999964
2023-04-29,0.0005380523,0.99999356,0.9999999,0.99998856,1.0,4.1389567e-09,1.2249773e-05
2021-11-15,9.683852e-08,1.5333648e-13,0.13913882,0.0048752395,0.99996996,5.368798e-13,1.0
2024-02-29,5.991647e-09,7.121447e-17,7.9803954e-08,6.4567255e-14,0.60989,2.9799544e-14,7.84905e-11
2024-08-22,2.0182337e-19,5.691165e-14,2.6065809e-13,2.2860654e-06,6.9193003e-15,8.9310525e-13,3.1644645e-10
2023-12-10,0.869054,3.965091e-06,0.23030315,0.999992,1.0,0.999964,0.99999964
2022-11-12,1.19379975e-11,1.1021607e-12,0.9999999,1.5124167e-06,0.99994075,3.751991e-11,1.0
2024-07-26,2.5835026e-23,1.5877319e-16,3.1082647e-07,1.2140359e-12,1.578744e-17,3.3001132e-18,1.4909557e-16
2024-10-25,1.3943074e-22,1.4994334e-21,1.0943263e-12,1.6681824e-10,3.3700343e-13,4.0215706e-18,2.953715e-10
2023-06-14,2.886369e-19,1.1861075e-08,0.001088261,0.015904302,1.3408383e-07,1.373142e-13,5.9660136e-16
2024-11-23,2.6976002e-12,7.201962e-08,0.00016753288,0.9999945,0.99958175,0.95607775,1.0
2020-10-31,2.261839e-21,8.8824876e-08,0.0022344878,5.7444987e-09,6.9877467e-07,0.00035220568,0.99559516
2024-09-03,7.280252e-21,2.7311461e-10,6.363581e-12,4.5193374e-07,1.8882404e-14,3.0840607e-08,9.141277e-13
2019-12-05,0.7766295,0.79691565,0.99851483,0.9991725,1.0,0.9993006,0.99998903
2019-09-16,4.7405886e-20,8.352659e-18,4.94662e-09,1.5527696e-12,4.428895e-14,1.0200572e-16,3.019871e-07
2019-06-01,1.5126101e-24,1.3412804e-08,0.9999925,2.50606e-13,5.708106e-09,4.58849e-17,1.2766213e-15
2021-05-25,0.007119049,3.8117367e-08,1.0,0.005418498,1.0,0.005053144,8.4463954e-07
2019-04-24,0.039348315,0.99999964,0.9999994,0.9999968,1.0,0.43586585,0.0012691468
2019-07-28,1.7109187e-20,2.5056178e-11,0.0032892362,0.073304795,1.4358786e-14,6.4189803e-10,1.7723676e-07
2023-12-31,0.8234294,0.00018430786,0.9110352,1.0,1.0,0.9996637,0.99999964
2024-03-05,5.1490072e-14,2.3286202e-15,9.290185e-07,1.5139657e-14,0.027922956,5.698216e-17,8.3321096e-16
2022-03-10,0.117046654,3.3402204e-05,0.00027994797,7.2632504e-09,1.0,0.9998343,3.9083705e-05
2024-12-30,0.8918865,0.035387967,0.99616003,0.999998,1.0,1.0,0.99831533
2021-08-23,1.922619e-19,5.536208e-18,0.79887855,1.1551757e-12,3.3043166e-09,8.322322e-17,3.249114e-06
2021-09-04,1.10147354e-23,9.300356e-23,2.3124898e-09,7.4619384e-15,6.0735066e-15,8.3357203e-19,2.007517e-09
2020-12-01,8.629268e-05,4.976171e-07,0.96210676,0.0004866616,1.0,0.99999976,0.99999976
2020-06-15,2.2138975e-14,1.2288076e-13,1.0,7.042121e-06,0.08102969,1.2943256e-19,1.4631729e-08
2020-03-30,0.99997425,0.9999025,0.95306885,0.9539422,1.0,0.9894812,0.00074143836
2021-09-11,1.7247166e-23,7.65729e-18,9.548837e-09,3.9286703e-12,7.39698e-15,4.0481634e-20,9.434363e-14
2021-10-14,4.6697945e-22,5.1159244e-16,0.0007570465,1.3653143e-14,4.1382635e-12,4.447569e-18,0.00045016193
2024-03-21,5.5921932e-06,0.9855371,0.9933175,0.022638228,1.0,3.6202757e-12,1.32982745e-08
2023-03-17,0.9978963,0.055518363,2.396116e-06,0.5942933,1.0,2.7165729e-14,1.1985368e-10
2020-12-27,0.98624724,0.010466844,0.98024666,0.06715515,1.0,0.9999999,0.9992417
2022-02-02,0.9979,0.9885069,0.9761949,0.9999541,1.0,0.99999964,0.98322004
2023-11-11,1.7232115e-22,1.2993071e-19,3.849833e-08,8.9671964e-11,5.5590484e-12,3.2399182e-16,0.96711427
2020-09-13,2.6435319e-20,1.2879387e-17,6.775302e-08,2.9249657e-14,5.9159996e-11,1.9333051e-19,3.0201458e-14
2021-04-09,2.3072222e-15,0.99999666,0.0022288435,0.007538014,0.9989802,1.0199476e-10,1.4152745e-07
2022-04-11,0.013632931,0.9999989,0.99999595,0.9999962,1.0,4.8711514e-05,0.000235911
2020-10-18,7.418972e-21,3.684807e-15,1.4206513e-09,1.0406014e-15,2.3158274e-12,1.6021842e-13,0.00091564783
2022-06-09,2.8827847e-17,6.670473e-13,1.0,0.0019739282,4.9836603e-07,9.041043e-15,3.6253375e-10
2019-06-03,7.757409e-16,2.8674263e-12,1.0,1.06993355e-11,0.00079217745,8.741097e-11,1.0636726e-11
2022-11-19,1.6111965e-10,5.9179177e-15,0.9999989,5.733576e-07,0.99999213,2.5623684e-10,1.0
2020-10-25,1.3448425e-21,1.4970431e-15,1.8513065e-07,9.472873e-11,8.144315e-12,1.754781e-14,0.9928542
2024-07-28,1.0402772e-20,1.08202053e-16,2.0777483e-08,9.012838e-12,5.2113397e-15,1.256349e-16,4.229488e-16
2022-05-19,3.978936e-06,3.3376651e-10,1.0,0.9526279,0.9999659,2.0559619e-10,6.7338045e-12
2023-03-22,0.037293464,0.0005168161,4.3215376e-08,3.790349e-05,0.9999999,1.7935596e-14,3.9425177e-13
2019-05-24,2.5211956e-13,0.98572457,0.99135333,1.06539e-08,0.9909402,8.478859e-10,8.6435687e-13
2020-01-23,0.97047126,0.9999137,0.99999917,0.9999968,1.0,0.9996549,0.05696559
2022-12-23,0.9999517,1.9721362e-11,0.95242995,0.6251601,1.0,0.00012535066,0.9999999
2019-05-06,3.753415e-07,1.0,1.0,0.98854625,1.0,0.025721671,0.00018086728
2022-12-28,1.0,2.6225927e-10,0.23309427,0.6139452,1.0,1.3336473e-06,0.99312806
2024-06-10,1.7218772e-15,5.921841e-17,0.9999943,1.5395954e-05,0.031579662,1.9075977e-20,3.6276754e-10
2021-07-16,2.1397336e-22,3.4788524e-18,0.91683245,6.1928875e-13,5.32762e-12,6.083291e-15,2.3220556e-08
2019-09-03,1.8077063e-25,2.6612222e-17,8.199457e-09,3.472264e-14,1.3755464e-12,1.1617084e-21,4.9616366e-12
2024-10-11,2.9454734e-21,7.219881e-20,1.94806e-11,2.250569e-13,1.3444195e-13,1.6255343e-14,1.4557431e-12
2023-04-12,2.6604253e-06,0.99710757,0.99978274,0.9608216,1.0,9.101784e-13,5.195915e-05
2022-05-09,4.182083e-06,0.0074474844,1.0,0.992417,1.0,8.144343e-09,6.855863e-11
2019-05-16,9.104162e-13,0.9999927,0.99972194,3.3284334e-05,0.9992847,3.8678657e-08,7.932523e-10
2023-05-07,0.0010250865,0.9999994,0.9999999,0.9999809,1.0,4.409738e-05,1.990216e-09
2021-10-22,3.6800765e-21,5.3820284e-19,0.00013493266,1.1716189e-11,7.0916776e-14,6.2969346e-19,0.84802175
2019-06-19,2.8713683e-26,4.2311082e-13,0.9998062,5.822387e-13,1.0842064e-12,2.7831859e-18,1.8327516e-10
2024-07-21,2.9537619e-24,4.4056184e-13,1.6551253e-07,1.6489392e-14,3.8979944e-15,4.8715475e-16,1.19614825e-17
2020-06-21,1.7929658e-20,4.3324478e-16,1.0,2.3287804e-11,1.5873733e-05,3.786389e-16,2.2053095e-07
2021-12-31,0.9988362,0.9976549,0.99975747,0.9999999,1.0,0.99930644,0.9999765
2023-01-31,0.9999931,1.5932441e-12,0.9928195,0.9893685,1.0,4.7977047e-16,0.9961564
2020-02-17,0.9994438,0.9999826,0.98710734,0.8010445,1.0,0.999713,0.06588143
2023-05-18,8.7454035e-05,0.14129171,0.99999917,0.99999905,1.0,1.1971494e-07,0.0031248874
2021-07-06,2.0760038e-17,3.2810494e-16,0.9999616,6.8492206e-08,1.2652156e-08,1.2647866e-11,1.6676565e-06
2020-09-16,2.2184378e-21,1.1011907e-18,1.5631485e-07,1.0295173e-13,1.8320462e-13,5.703958e-17,2.0510581e-10
2020-11-14,2.2275776e-15,3.9972107e-08,0.0011322534,7.134592e-10,0.93768615,0.9905986,1.0
2023-11-25,6.546588e-08,6.436379e-13,1.6678709e-05,0.9332646,0.999236,9.278123e-05,1.0
2022-06-20,1.976178e-21,2.9766678e-16,0.1411343,1.1222704e-09,3.235802e-14,5.5399105e-16,1.3874843e-14
2022-05-26,2.5248906e-10,1.2301562e-09,1.0,0.8805479,0.9999567,3.0978453e-15,4.723013e-10
2024-06-19,3.3697905e-24,1.4611018e-18,0.9989147,2.2245623e-12,2.4199533e-09,2.2680166e-21,1.8180805e-07
2022-12-06,0.01211449,1.1638389e-11,0.88013405,0.00033011247,1.0,1.2468504e-06,1.0
2020-03-06,0.99995685,8.5621126e-05,0.9991066,5.472406e-05,1.0,2.341875e-08,3.1461386e-06
2020-03-16,0.00024015215,0.9999999,0.99999964,0.20386164,1.0,6.0321663e-06,0.00014175549
2024-04-02,2.404382e-06,0.99564123,0.99918383,0.9999949,1.0,1.7372668e-11,0.009452107
2021-03-18,1.0,2.7739663e-05,5.4723485e-05,3.332213e-05,1.0,6.8583455e-07,2.5427312e-08
2020-02-27,0.9999993,0.2804697,0.9544591,0.8289511,1.0,0.48999777,0.0012960347
2024-09-29,1.2687378e-21,1.5897865e-16,1.5299724e-10,7.2973543e-09,2.2589713e-14,6.3095617e-18,7.585855e-11
2024-03-20,1.2106172e-05,0.9829258,0.98022735,0.44520822,1.0,2.569097e-14,5.109397e-07
2020-10-26,1.5760031e-21,4.543061e-12,1.4260785e-05,6.4572e-12,1.1272254e-10,1.016349e-14,0.4829122
2023-11-26,4.507604e-08,3.468913e-11,1.3084076e-05,0.9999993,0.6822063,3.775083e-05,1.0
2019-11-04,8.373907e-18,1.8155257e-14,0.80541646,7.161375e-08,1.795534e-07,3.3746677e-08,1.0
2022-03-06,0.99999034,1.6120133e-11,0.014392431,3.7416004e-05,1.0,0.9995426,0.03143866
2024-11-13,4.1162217e-12,2.6311506e-10,6.749036e-10,4.1725107e-05,0.9957308,0.00078038126,0.0012059062
2021-05-19,0.029897513,0.9999677,0.9999999,0.9968754,1.0,0.009806594,2.4888965e-07
2024-08-16,5.1593218e-21,5.3718656e-15,1.8760289e-09,5.5939625e-05,4.1905926e-15,5.1009942e-17,7.5828184e-18
2024-11-29,2.5097117e-07,3.3385465e-08,0.00010874488,0.99999976,0.99999905,0.99607533,1.0
2019-05-07,2.0441592e-08,0.9999999,1.0,0.7463266,1.0,0.20204897,1.0321828e-05
2022-12-02,0.0019765696,2.1321913e-12,0.98065037,0.0104280375,1.0,0.00065418205,1.0
2019-03-28,5.974742e-06,0.99844825,3.569368e-06,2.9915237e-12,1.0,7.014734e-07,4.2054446e-12
2021-08-01,5.5160224e-22,1.0548555e-19,6.682899e-07,4.510344e-17,6.4765625e-13,5.1241027e-18,7.020032e-09
2020-11-19,2.4582165e-13,7.6685455e-07,5.9163052e-05,3.3305758e-09,0.9972149,0.9997793,0.9999999
2020-11-08,6.014699e-12,4.0381147e-09,0.4966722,4.7474936e-05,0.9507077,0.0006462193,1.0
2020-03-29,1.1963055e-05,0.9999999,0.0038658746,0.002239765,1.0,5.5280583e-07,3.7971436e-12
2023-04-26,4.2209762e-05,0.9999999,0.99999833,0.99998677,1.0,3.7213926e-08,9.281574e-06
2024-01-29,0.9998286,0.9074111,0.99312204,0.9998566,1.0,1.0,0.8292074
2023-09-05,2.3374037e-23,8.232638e-19,4.695657e-16,2.6207991e-09,4.25499e-17,7.934073e-16,4.787568e-12
2023-09-12,1.5580794e-24,3.3817693e-15,4.6164824e-14,5.8508012e-05,5.113697e-17,7.102122e-08,1.4439303e-11
2019-09-24,2.1348897e-23,5.9248044e-16,5.197642e-06,8.3297225e-13,1.107988e-13,2.9574333e-19,0.0031606383
2023-02-13,0.99986684,4.073762e-09,0.9948907,0.99999595,1.0,2.477941e-09,0.9066891
2021-11-19,1.2399088e-06,5.0131193e-12,0.994716,0.09292609,1.0,4.919578e-09,1.0
2019-11-05,2.2395305e-16,8.097297e-14,0.9564084,1.5579525e-08,1.4287209e-05,3.0910993e-11,1.0
2024-10-30,2.3954789e-18,1.7861334e-19,1.6259453e-12,2.8684535e-09,5.6935598e-08,1.03491156e-17,1.2960966e-08
2022-04-22,8.574279e-05,0.99999917,1.0,0.9999993,1.0,2.6795198e-07,4.1407086e-05
2022-01-06,0.99941945,0.9886158,0.99946326,0.9999999,1.0,0.9999988,0.992059
2024-06-03,6.771878e-12,8.9558217e-13,1.0,1.2460048e-05,0.99999976,4.2746906e-10,0.0006861626
2021-11-03,1.9767009e-18,1.1922249e-19,0.00958295,1.0315827e-10,1.9502012e-07,4.275978e-18,0.9999982
2020-11-22,1.0220512e-09,1.228821e-06,0.01441851,2.2926197e-06,0.9999927,0.99898964,0.99997973
2021-07-09,1.7334596e-19,1.3074391e-15,0.9973283,2.2274918e-12,1.4256112e-08,2.6923494e-14,2.1321293e-07
2024-03-28,0.00078210246,0.9999536,0.9929396,0.9998204,1.0,4.0113805e-11,9.819122e-05
2022-04-02,0.16448665,0.9996258,7.541861e-05,3.986103e-08,1.0,3.5979032e-05,2.492113e-09
2024-08-19,5.497087e-18,1.2667838e-14,3.0044066e-12,4.2394904e-06,2.2630076e-14,4.9353767e-13,1.0035096e-12
2021-12-12,0.9999324,0.007366774,0.9999871,0.99501944,1.0,0.0008724279,0.999908
2019-08-31,2.7061193e-19,6.965317e-18,8.879812e-08,1.9466671e-11,1.5623414e-12,6.4298785e-20,2.1905831e-16
2022-05-18,7.216599e-05,9.012147e-09,1.0,0.99727184,0.99999976,9.009693e-08,1.1989519e-05
2019-08-27,1.1219238e-20,5.4981064e-21,4.875429e-10,3.1300472e-12,2.376323e-12,7.1253764e-20,2.434837e-10
2020-12-28,0.99966466,0.30597654,0.99994695,0.02930838,1.0,0.999998,0.9905095
2024-06-17,1.4286881e-18,1.590757e-16,0.9999999,1.2545507e-06,7.4154227e-06,4.069783e-18,5.882214e-07
2024-09-06,7.97865e-18,2.7466543e-15,9.269128e-13,4.0671257e-08,6.7673677e-13,1.7402002e-09,8.828122e-11
2019-10-18,6.572365e-22,1.971505e-18,4.237692e-06,1.3118435e-14,5.0528128e-12,2.185796e-12,0.4454083
2019-11-06,8.820001e-13,2.575802e-12,0.97398067,3.555146e-08,0.84123677,1.962129e-08,1.0
2024-06-08,1.2963672e-14,1.194586e-14,1.0,4.5407237e-06,0.91273195,2.8440197e-17,1.4349493e-08
2023-07-24,4.600361e-22,7.8690005e-15,1.8026666e-09,0.75391316,1.9437624e-18,4.2319087e-16,5.881596e-14
2020-02-24,0.9999939,0.0006063349,0.99970263,0.0006913922,1.0,0.9391937,5.1741292e-05
2022-04-09,0.95620775,0.99993265,0.02154548,0.029860437,1.0,8.943978e-05,5.0852174e-07
2021-06-09,7.966123e-10,3.0441387e-12,1.0,7.557962e-07,0.9999988,2.49871e-09,0.92998224
2022-05-16,1.4495734e-05,1.0100987e-07,1.0,0.99138886,1.0,2.7048584e-13,9.96294e-07
2024-02-04,0.9817664,0.93586177,0.00025694078,0.46019033,1.0,0.88482845,0.0012771733
2024-01-09,0.99989843,0.060892068,0.9998265,0.99904996,1.0,0.99999845,0.99999857
2023-11-30,2.5207103e-09,4.885907e-12,0.00041853843,0.99913317,0.95092344,0.57957447,1.0
2024-07-19,1.3187403e-21,7.0181224e-19,6.4349524e-07,1.3083014e-16,2.866062e-14,2.028068e-17,1.6525821e-14
2020-07-07,2.4942908e-24,2.5990646e-13,4.618819e-06,4.8742247e-12,3.4162054e-16,6.4682326e-12,2.102331e-13
2023-08-27,5.2610715e-24,3.4303906e-14,1.1258297e-12,0.005208155,6.856549e-17,1.1661887e-13,2.1620952e-12
2021-01-13,0.99995506,0.00012528148,0.99909186,1.4462594e-05,1.0,0.9999242,0.53162766
2021-11-17,1.0651238e-08,8.499125e-11,0.99223137,0.80430675,0.9998043,1.31039455e-08,1.0
2022-06-07,1.441979e-11,1.9837731e-09,1.0,0.98730564,0.25148645,1.4108301e-13,6.1676996e-12
2024-10-16,4.181822e-17,2.3494174e-16,2.6542943e-12,8.387303e-14,8.9677106e-11,1.6642883e-11,1.5285498e-06
2019-10-29,2.3617245e-19,1.1686152e-14,8.969165e-05,2.105379e-15,1.9911754e-06,1.5247928e-10,0.99999964
2023-06-12,1.1586685e-20,2.9667127e-10,0.02278668,0.00010456771,3.542794e-11,4.8657318e-17,1.535704e-16
2020-07-03,8.7832726e-20,7.9232264e-13,0.27110317,6.7400373e-12,2.3532312e-11,6.821216e-12,1.35439e-10
2024-01-14,0.98475903,0.6845848,0.9999783,0.9999728,1.0,0.9999999,0.9987519
2022-12-20,0.9998895,4.94977e-10,0.3187827,0.79000396,1.0,0.0008611099,1.0
2022-05-05,8.263006e-05,0.9999944,1.0,0.99998426,1.0,7.9744285e-07,1.5242543e-05
2020-11-30,0.0013631604,2.6865418e-05,0.9988096,0.00025199226,1.0,0.9999994,0.9999994
2021-10-16,4.653186e-22,1.8482763e-16,5.9561916e-08,2.4213648e-10,6.1703267e-15,3.987587e-15,0.01445753
2020-11-18,5.7691504e-16,1.4147659e-11,0.0024056425,2.2215263e-12,0.18787743,0.98999244,0.99999285
2022-11-23,2.1785661e-05,2.120313e-08,0.9979456,8.7254695e-05,0.99999976,1.3153373e-05,1.0
2024-04-04,0.0002922567,0.9996834,0.99998415,1.0,1.0,8.982797e-10,0.106036395
2020-08-16,9.889387e-22,8.540565e-18,1.1213873e-08,0.0017190555,3.230523e-18,1.7029752e-12,5.6731556e-13
2024-03-26,6.135622e-08,0.99998343,0.55458754,0.9894778,1.0,1.243532e-09,0.0001543201
2021-03-15,0.9999894,0.0026670357,0.0005324465,6.320843e-07,1.0,0.008993891,2.40277e-07
2021-11-27,0.37205005,2.1715035e-10,0.9999441,0.31913835,1.0,6.849808e-07,1.0
2024-02-27,8.245621e-11,2.7036796e-15,1.7235415e-07,1.27898065e-11,0.7273128,3.375873e-11,7.712435e-10
2021-11-13,1.1090848e-14,1.2444576e-16,0.9997603,5.006258e-06,0.008200838,6.812592e-17,1.0
2021-04-03,1.17938086e-07,0.0034990679,2.0701236e-05,5.8308133e-12,0.99999976,7.872758e-14,5.226757e-12
2023-05-23,5.869432e-08,1.7565348e-05,0.99999964,0.99952865,1.0,4.3765846e-07,2.0812626e-08
2020-02-08,0.99951994,0.9997998,0.986389,0.99412364,1.0,0.9999416,0.057869066
2021-10-20,5.542274e-25,5.0449823e-20,7.230417e-07,2.537544e-14,3.2831526e-16,1.410678e-15,0.024160808
2021-04-24,3.9704834e-10,0.9999999,0.99923813,0.28907958,1.0,1.9742316e-08,0.00034481866
2023-11-04,1.634622e-18,3.622074e-18,9.48728e-12,1.0264674e-11,2.0505054e-11,1.1679452e-09,0.5773687
2020-05-11,6.1888213e-06,0.91392225,1.0,0.9999522,1.0,6.2273e-08,1.00772795e-07
2024-01-07,0.99994886,0.7065912,0.98858774,0.99999595,1.0,0.9999999,0.99990094
2023-12-04,7.1180024e-05,1.31064954e-08,0.029213648,0.99999833,0.99999225,0.99282324,0.9999808
2020-07-27,2.6055415e-17,5.775939e-14,5.28908e-07,7.6194476e-05,3.4634684e-13,5.2495535e-13,2.2870675e-15
2023-09-14,5.3408595e-26,3.722296e-11,2.232396e-12,0.0005147866,1.349821e-16,1.0499712e-16,6.808052e-15
2021-02-26,0.9646571,0.37106138,0.8593305,2.2357856e-06,1.0,0.99969137,0.3553503
2024-05-22,1.6579415e-08,1.9123956e-09,1.0,3.7394022e-07,0.9999999,2.0920212e-11,1.2219206e-08
2020-10-22,4.2626754e-24,7.5497e-14,3.0796018e-06,2.3485475e-13,7.295565e-11,5.7549815e-13,0.019796593
2023-09-13,1.1041871e-23,2.270625e-11,7.524574e-13,0.11153609,2.897119e-15,2.6646957e-10,1.2756044e-14
2022-09-20,3.510535e-21,2.1623471e-23,1.5417287e-07,3.5246456e-13,1.236758e-16,5.0021078e-15,2.4526305e-05
2022-01-11,0.9997862,0.9086798,0.9999924,0.9999999,1.0,0.9998115,0.9989278
2024-05-12,2.2309268e-09,4.323242e-13,1.0,0.001847082,1.0,4.1505376e-13,0.00050847995
2024-06-12,9.0623055e-13,5.6645716e-20,0.9999999,0.024845853,0.037767947,2.2725558e-20,0.0004829282
2022-05-06,3.469455e-05,0.99996793,1.0,0.99996316,1.0,4.8443535e-06,0.0057080584
2021-11-30,0.9993864,1.3618516e-08,0.9999982,0.9948638,1.0,8.842593e-06,1.0
2024-07-15,7.6066394e-24,1.6061508e-19,3.4170616e-06,8.628759e-17,8.548304e-15,2.5682587e-18,1.3116365e-13
2021-04-21,2.3598947e-09,0.9999999,0.9999888,0.9644212,1.0,3.231606e-07,0.050679114
2022-05-12,2.3245775e-05,0.008837768,1.0,0.99984014,1.0,1.4922177e-10,4.080514e-08
2021-09-05,1.8249267e-22,1.6659856e-17,6.6683215e-10,3.2461549e-15,6.4299586e-14,1.4921271e-17,5.439964e-13
2020-02-06,0.9999918,0.9993149,0.99962854,0.9961659,1.0,0.9980781,0.0012759465
2022-03-04,0.9999968,5.5442452e-08,2.3769755e-05,0.00026169384,1.0,0.99782854,8.129102e-05
2022-02-15,0.99999034,0.96585107,0.98499507,0.9993961,1.0,0.99999845,0.36402157
2024-05-05,1.5236182e-10,0.009624021,1.0,0.99999714,1.0,4.4179667e-15,0.0010925396
2023-03-14,0.99999976,0.00012749898,0.000107814805,0.99986446,1.0,8.714699e-10,1.5854414e-05
2024-05-26,8.50859e-09,1.710907e-11,1.0,1.2475688e-06,1.0,9.874224e-09,1.6575613e-09
2024-12-24,0.955831,1.915124e-05,0.91330194,0.9998074,1.0,1.0,0.9999651
