date,h0,h1,h2,h3
2024-01-15,1.0,0.9999572,1.0,0.0022524258
2023-10-18,7.979894e-34,2.3974627e-18,3.57545e-20,1.7779536e-21
2024-02-13,5.198513e-15,1.0,0.9980673,1.5257804e-08
2022-02-26,0.08426884,0.99999607,0.9999995,9.3731735e-08
2021-08-06,0.0,1.4094677e-15,1.59228425e-27,9.113231e-13
2022-04-21,1.6073739e-15,1.0,0.9999951,1.0
2024-06-09,8.154107e-31,2.2522273e-16,8.543819e-08,0.028763317
2022-03-21,6.024506e-26,0.99999404,2.0231272e-09,5.485894e-09
2023-09-21,7.9145406e-32,8.48316e-14,9.988189e-22,1.3677792e-19
2019-08-24,0.0,9.663827e-17,5.511519e-23,8.187648e-15
2023-09-24,8.214846e-35,6.3489196e-17,2.2208777e-20,2.0695939e-22
2020-04-02,3.4930964e-17,1.0,0.9969176,0.99999726
2021-03-10,1.1790553e-10,1.0,0.99998784,7.1598045e-08
2023-11-17,1.3406907e-25,6.799974e-17,5.0093207e-05,1.3597703e-15
2024-06-21,2.2532872e-36,6.672194e-16,1.364243e-16,0.025382183
2021-11-16,2.3256522e-10,9.710626e-10,1.0,6.8454427e-13
2021-05-01,4.5561965e-13,0.9999999,0.99995005,1.0
2019-04-29,5.724763e-14,1.0,0.9999846,0.9999999
2024-11-15,8.391434e-17,0.0019565215,0.00012171387,1.8173888e-15
2024-07-25,0.0,5.3530665e-15,1.4530372e-25,6.36505e-12
2023-12-26,0.9999989,0.9896282,1.0,0.014718818
2021-02-14,1.8316253e-11,0.9999671,1.0,1.06001096e-07
2024-12-20,0.99999833,0.28580743,1.0,6.326303e-05
2020-02-14,0.00028811023,1.0,1.0,0.53356314
2019-07-02,4.278361e-25,1.9123596e-12,7.0978e-16,0.0065039773
2021-11-12,2.2511514e-18,3.2530222e-15,0.9999645,2.6498606e-10
2022-03-25,2.4035218e-28,1.0,1.5632076e-10,2.34824e-08
2023-10-30,3.4726192e-34,2.408549e-15,3.4007033e-18,1.6781083e-20
2020-04-20,2.1428904e-11,0.9999982,0.99999976,1.0
2024-09-09,2.6303597e-31,1.6325843e-14,2.277282e-23,2.2136514e-15
2021-04-18,3.518125e-20,0.9999999,2.6446128e-07,0.96523905
2019-09-23,1.7151336e-35,1.9655265e-19,7.343442e-17,2.2792109e-12
2023-01-07,0.99216425,0.9833761,1.0,0.11101286
2022-07-04,1.644185e-32,2.2479773e-17,1.0467122e-23,1.3725452e-09
2019-08-15,1.22434606e-32,1.2111553e-14,1.8312338e-19,1.8149415e-09
2021-07-07,4.170497e-31,2.3527992e-12,2.9234976e-11,4.1740423e-06
2023-05-28,1.1070232e-12,0.019232659,0.98659086,1.0
2022-09-21,2.3797871e-32,7.282549e-23,3.237714e-19,6.6675055e-18
2023-01-04,1.2803121e-09,0.0014357544,1.0,1.1979032e-11
2021-10-28,6.1610703e-34,3.6312252e-22,7.95789e-14,2.6045967e-14
2021-05-24,2.4466301e-13,0.73882663,0.99999917,0.99999785
2023-12-13,0.99991775,0.20133403,1.0,0.00083054317
2023-05-19,9.501839e-12,0.9997044,0.9999919,1.0
2024-04-17,1.0061988e-08,1.0,1.0,0.99999976
2021-11-18,4.5156487e-08,1.2430222e-09,1.0,4.1974935e-09
2024-10-24,0.0,3.9068672e-11,1.2642364e-19,2.377292e-17
2023-04-22,1.0732844e-17,0.9999558,0.99161035,1.0
2023-07-14,3.6274612e-36,3.927128e-15,2.1565548e-24,6.6926884e-16
2020-07-05,1.9679929e-36,8.7260456e-13,1.3988257e-21,4.4599517e-08
2020-09-28,7.227265e-35,2.7482763e-17,5.360669e-22,8.0999194e-15
2024-08-31,9.587634e-32,4.0391484e-12,2.680093e-22,1.0778276e-11
2024-08-03,5.372897e-35,1.1827425e-10,3.2096693e-23,3.6177677e-13
2021-07-15,1.5094962e-33,6.609817e-18,4.2337333e-16,9.481705e-07
2024-01-06,0.99999845,0.9999871,1.0,0.00011049121
2021-05-27,8.9448604e-13,0.9804852,0.9999993,0.99918336
2020-10-06,3.3683404e-38,5.654717e-16,1.2756194e-21,2.0817217e-13
2020-08-11,1.8271382e-26,8.856279e-09,4.968968e-19,4.5218565e-11
2021-11-14,4.719138e-19,2.3046328e-14,0.999206,2.3718079e-09
2019-09-29,2.6132356e-25,4.6331425e-19,3.7324232e-13,2.3452079e-17
2023-11-27,3.653733e-08,2.9562093e-08,0.99999654,2.7643534e-09
2024-06-13,7.125158e-35,2.8370184e-18,1.881373e-07,8.275068e-06
2024-09-12,2.2602559e-25,7.76245e-10,1.7146896e-19,4.788798e-13
2024-12-23,0.9999999,0.95158714,1.0,3.699141e-06
2023-09-17,5.3094678e-36,2.9479203e-16,2.0913621e-23,3.916596e-15
2020-05-04,6.217283e-12,0.99997663,0.9999999,1.0
2020-02-13,0.000606625,1.0,1.0,0.8997435
2023-08-28,1.3996179e-33,5.594256e-12,7.427374e-23,2.8733323e-13
2022-12-26,0.00010926002,0.9400328,1.0,1.4240885e-09
2024-01-12,1.0,0.9999038,1.0,0.0032759598
2023-01-23,6.5434666e-16,0.022253212,1.0,1.5888264e-07
2024-04-23,1.7936496e-07,1.0,1.0,0.99992156
2019-06-30,1.5961889e-34,1.3650642e-18,1.9806078e-21,0.009184828
2023-03-16,2.653262e-19,1.0,0.9977233,5.8257976e-09
2019-06-28,0.0,1.0809108e-16,2.5577225e-23,1.1561473e-05
2024-09-16,5.4571496e-29,7.410196e-12,1.1508068e-18,6.5347894e-11
2023-11-13,1.1160573e-30,1.9883249e-18,1.1855283e-12,3.1613613e-19
2024-08-02,2.4906868e-32,2.505649e-09,9.409232e-23,3.448747e-10
2024-12-28,0.9999999,0.9986261,1.0,0.00127354
2019-10-07,1.1781893e-22,9.755153e-19,2.5905127e-09,5.2361057e-16
2020-05-06,2.0706162e-11,0.9999697,0.9999995,1.0
2019-11-02,3.5582037e-24,1.0405254e-16,0.022973388,4.2573616e-09
2021-11-11,1.0461677e-26,3.1957727e-19,7.923734e-05,9.129939e-12
2020-03-05,2.0582481e-15,0.9999982,0.99999964,1.6958045e-06
2023-12-15,0.9999943,0.85306174,1.0,0.0006997405
2022-11-08,6.1557684e-24,4.188483e-15,0.7425672,2.147202e-08
2024-11-22,5.8725905e-06,4.379597e-05,0.99998915,1.4311458e-10
2020-03-09,1.0518549e-17,0.9999968,0.99999785,0.0037335379
2021-10-31,2.307419e-35,6.5263484e-21,8.7454115e-12,3.2684572e-16
2019-06-12,3.6771072e-33,9.662287e-15,6.907298e-16,0.98078245
2022-07-20,5.237142e-32,3.7047493e-16,7.458233e-24,1.6223372e-11
2021-12-02,0.99532866,0.0011203283,1.0,0.0007900154
2024-06-27,0.0,1.01454904e-19,2.0333705e-21,2.38182e-06
2021-12-15,0.9998611,0.9130564,1.0,0.5631532
2022-03-12,6.084547e-14,0.98563856,0.24581978,1.5602995e-11
2019-10-19,1.0322384e-32,3.995133e-18,5.754011e-11,3.799324e-16
2023-10-15,2.4371887e-32,1.0008205e-15,3.527384e-20,3.2973822e-18
2020-02-15,0.00024159555,1.0,1.0,0.9957841
2019-06-02,4.9185325e-37,3.2228614e-10,7.0192e-17,0.9050051
2024-11-01,1.2411963e-38,6.267677e-14,1.7012477e-20,8.609229e-17
2020-12-04,0.99817765,0.9985196,1.0,0.0019355319
2019-06-10,1.3588999e-29,6.150959e-12,5.1520756e-13,0.9964296
2021-06-11,7.0741875e-20,1.7584559e-07,0.7357065,0.9999838
2019-06-06,5.9350164e-35,7.0904344e-10,1.6584024e-13,0.012574832
2022-02-14,0.9550016,1.0,1.0,0.00022611443
2019-10-21,5.164102e-30,4.7716565e-17,6.1201234e-08,1.474357e-11
2021-08-17,9.268287e-34,3.4598481e-18,3.0199573e-17,1.4404727e-11
2023-12-14,0.99999654,0.0017148644,1.0,1.213522e-06
2022-09-02,0.0,4.5847384e-20,3.1905631e-24,7.5142626e-13
2023-10-28,3.66268e-37,4.006903e-17,6.198388e-19,8.3905526e-21
2019-04-25,4.4203266e-15,0.99999964,0.99995923,0.9999989
2023-09-25,0.0,4.0713737e-22,2.5134235e-23,1.5453746e-19
2021-04-10,7.773592e-21,0.99999964,1.2799926e-06,0.9755082
2021-02-27,1.376748e-07,0.9995036,1.0,7.658845e-09
2022-08-29,2.3414064e-34,3.0445893e-21,7.7230374e-24,5.363281e-13
2024-05-31,2.7204998e-24,1.507589e-10,0.0058914986,0.99999917
2023-09-01,1.0555558e-34,1.7519294e-13,1.760687e-23,9.815101e-19
2019-10-23,1.5898814e-26,2.0382293e-16,1.5711788e-07,2.6089223e-14
2023-09-03,1.0561842e-34,1.1355967e-13,2.0394986e-22,6.454674e-20
2019-03-29,5.672463e-28,0.9999913,2.0796253e-14,4.827193e-10
2020-03-24,1.5598443e-11,1.0,0.99998546,0.22747017
2021-03-01,7.3842044e-09,1.0,1.0,2.2402702e-08
2023-10-27,4.8393696e-33,3.1410525e-15,5.6566586e-16,3.9355053e-18
2024-09-27,0.0,5.1549896e-15,5.1999196e-23,3.1465211e-15
2024-09-14,1.8445622e-26,5.0419673e-14,5.4216954e-19,1.5276816e-16
2020-03-21,9.1112976e-14,1.0,0.9999938,0.9999999
2020-04-29,4.9013658e-11,0.99963915,0.9999962,1.0
2024-11-03,3.3494713e-35,8.311385e-15,8.294996e-18,5.618477e-19
2022-08-24,6.997335e-31,1.3513653e-18,3.071794e-21,2.1916377e-11
2024-07-07,0.0,1.4290696e-18,1.0364112e-20,3.905096e-10
2021-03-03,1.186833e-13,1.0,0.9999255,1.6896847e-07
2023-02-25,2.092189e-11,0.9999294,1.0,0.00016938732
2022-03-09,9.696013e-12,0.9939533,0.95867354,6.735789e-14
2022-04-17,2.7959331e-11,0.9999999,0.99999964,1.0
2020-02-19,7.047618e-08,1.0,1.0,0.26988655
2019-04-14,2.2028947e-22,1.0,7.5863513e-06,0.9737834
2024-01-05,1.0,0.99923384,1.0,0.00080842833
2024-04-12,1.0451182e-12,0.99999964,0.9999995,1.0
2020-11-10,3.0631957e-12,1.7781636e-10,0.9999846,8.5167606e-08
2023-08-03,4.71936e-39,2.3341507e-16,5.012818e-25,6.071413e-14
2022-09-16,1.8358771e-35,4.067462e-22,7.915366e-22,1.231151e-17
2023-11-16,3.513868e-23,4.6033743e-17,4.834367e-07,1.071325e-17
2021-02-24,5.7295585e-10,1.0,1.0,6.8127006e-06
2023-03-01,4.291805e-14,0.9944073,1.0,0.0001583151
2022-09-08,2.887037e-29,1.3361718e-18,2.688e-20,8.952563e-16
2021-08-07,0.0,3.8328926e-16,4.5459476e-23,1.6934498e-15
2021-01-29,0.0010662489,0.9999796,1.0,1.0003795e-06
2020-08-28,0.0,3.4699496e-16,1.4161233e-23,4.187603e-12
2024-03-31,7.00925e-16,0.9999982,0.99999547,0.9999629
2022-09-18,4.1923455e-33,8.986066e-22,1.4120419e-20,2.4252446e-16
2024-03-27,2.2451087e-15,1.0,0.9980744,0.9777805
2021-01-25,0.00066308974,1.0,1.0,3.995297e-05
2021-12-17,0.99999905,0.99819595,1.0,0.96059585
2021-12-20,0.99999917,0.99960476,1.0,0.18354046
2023-09-06,1.2562212e-36,2.4491648e-17,8.24695e-24,1.7089227e-20
2020-06-04,5.3131837e-18,1.5348222e-06,8.894851e-05,1.0
2020-09-15,0.0,1.2490716e-15,2.1056525e-22,2.5847824e-13
2020-11-11,3.5537254e-10,3.445661e-07,0.99955624,1.5680145e-11
2024-07-27,0.0,4.8981365e-13,1.3321154e-26,5.983544e-11
2021-10-10,2.1875461e-36,1.1437258e-18,2.6779524e-18,1.148174e-10
2021-10-11,2.8975731e-37,3.3524532e-18,3.8827176e-18,1.4943831e-13
2020-09-26,1.9124898e-32,3.775674e-15,1.25142935e-20,1.6013511e-12
2019-04-23,8.2117557e-10,1.0,0.9999968,1.0
2020-06-14,2.3770676e-30,4.431754e-09,2.69274e-10,0.9999999
2022-03-15,1.078647e-28,0.9999553,6.622349e-10,5.5564464e-10
2020-06-27,8.571533e-27,1.651168e-17,1.3971815e-12,0.0068066935
2023-09-28,1.1712689e-32,1.2259946e-19,4.859066e-20,2.2963436e-22
2024-09-05,2.8790665e-27,1.0706066e-12,1.2839241e-20,4.429725e-17
2022-09-24,5.5630855e-36,1.4073942e-22,4.636674e-21,1.2826135e-18
2019-12-16,0.9939201,0.9999082,1.0,0.99961275
2021-10-01,0.0,1.4032403e-21,6.4539568e-21,3.4117627e-17
2019-03-30,8.993519e-27,1.0,1.6209886e-11,0.00034316714
2024-07-08,0.0,9.8143946e-18,1.3908974e-21,1.4908152e-10
2024-11-30,0.9985845,0.1415891,1.0,2.7915685e-06
2021-12-19,0.9999982,0.99999833,1.0,0.9685001
2019-07-29,1.354209e-25,4.3719417e-17,8.0823714e-19,7.557445e-08
2020-11-20,4.616021e-08,0.0019849157,0.9999896,7.124175e-10
2019-12-24,0.844195,0.9999931,1.0,0.9999963
2021-07-24,0.0,4.9472014e-18,1.4013559e-23,1.5614245e-15
2024-09-18,1.6669655e-31,7.44252e-12,3.6080594e-20,3.225415e-13
2022-01-28,0.9999813,1.0,1.0,0.18333931
2019-11-26,1.1990313e-09,0.25690827,0.9998418,2.6998146e-07
2021-01-18,0.0002755811,0.99999964,1.0,1.1960692e-06
2021-12-04,0.9999702,0.001458084,1.0,0.00011319616
2019-09-30,2.467526e-25,1.3738555e-19,1.2476276e-13,6.1940186e-14
2021-12-30,0.9999994,0.999995,1.0,0.99992144
2023-12-06,0.9999831,0.0009679113,1.0,1.3950854e-06
2021-12-28,1.0,0.99976,1.0,0.9870837
2022-06-18,8.783824e-39,1.3090459e-15,2.0078792e-22,1.2003107e-06
2019-09-27,2.4279977e-28,1.8925721e-20,1.0193459e-15,1.7868102e-13
2019-07-03,3.3080008e-27,1.0504159e-12,1.078509e-17,0.0001257877
2019-06-15,1.948396e-32,1.4799789e-13,4.9114577e-17,0.99808085
2021-04-11,2.07159e-24,1.0,4.841176e-07,0.99572057
2024-07-31,4.9015937e-32,2.4111785e-11,7.602433e-24,3.109057e-11
2024-05-20,7.390016e-22,4.5533217e-09,0.99251306,0.28559333
2023-02-26,1.839923e-12,0.9991429,0.9999999,4.6170526e-06
2022-03-18,2.293499e-14,0.9909328,0.026177004,1.738706e-14
2019-04-26,3.7518732e-13,1.0,0.99999547,0.99999964
2019-12-15,0.99986637,0.9999994,1.0,0.9998872
2022-09-09,1.5588104e-32,1.273176e-18,1.1001741e-19,1.739827e-18
2024-04-13,2.2045485e-09,1.0,1.0,1.0
2022-12-19,0.0033098483,0.6062362,1.0,9.1926137e-07
2021-10-15,4.819011e-34,1.9077879e-19,2.5918344e-15,7.229931e-15
2020-03-14,3.0682745e-10,1.0,1.0,0.99995863
2020-04-16,3.6044184e-10,0.9998393,0.9999814,1.0
2022-11-05,7.83136e-22,6.44217e-15,0.3844927,1.7892722e-06
2022-08-10,1.1605958e-30,7.522586e-15,4.398124e-23,1.811699e-11
2021-06-15,3.0621457e-26,1.3824378e-08,5.0769087e-11,0.9999746
2022-01-13,0.99998546,0.9999931,1.0,0.935823
2019-11-15,3.6892577e-12,4.63489e-09,0.99989223,3.7254597e-06
2022-08-18,1.582159e-29,3.2269793e-16,1.1906563e-20,3.0206965e-12
2022-02-05,0.99999845,0.9999999,1.0,0.10539328
2023-04-24,1.1355066e-15,1.0,0.996932,0.9999989
2020-07-02,7.30637e-30,1.9039607e-11,1.4630429e-14,0.003358024
2021-09-27,0.0,1.5407897e-18,2.145938e-22,4.1919776e-18
2022-09-12,1.9971351e-33,2.2114311e-23,2.1687763e-21,3.5089477e-18
2021-09-06,0.0,4.5068354e-13,1.3300492e-25,1.4542978e-15
2024-11-02,0.0,1.338679e-11,2.3067862e-19,7.702818e-18
2021-07-30,0.0,2.3729792e-17,5.790754e-25,7.935034e-14
2019-11-21,3.1755244e-05,4.588675e-05,0.9999995,2.378229e-06
2021-03-02,4.950029e-12,1.0,0.9999999,9.3179125e-07
2024-08-08,1.0178967e-30,9.936362e-05,2.8016536e-20,1.6397921e-08
2022-03-01,2.7478832e-06,0.99999976,0.9998627,1.5747606e-08
2022-02-19,0.99982625,0.9999999,1.0,2.8366805e-05
2023-04-06,2.92648e-20,1.0,2.811097e-05,0.011329959
2023-11-08,2.369608e-37,3.835873e-14,7.12204e-18,1.4436869e-20
2021-08-02,0.0,3.318253e-18,1.470968e-24,2.7627847e-15
2021-07-28,0.0,4.1809123e-17,1.9499356e-24,3.9098625e-12
2021-12-29,0.9999999,0.99988544,1.0,0.9878209
2024-01-13,1.0,0.9999716,1.0,0.28705412
2023-04-27,1.1064805e-16,0.9999987,0.9999993,0.9999987
2021-02-23,6.4574157e-10,1.0,1.0,4.2414698e-07
2022-04-20,2.2260742e-15,1.0,0.9515772,1.0
2020-03-08,1.690571e-15,0.9998945,1.0,0.00080048514
2024-09-10,4.0162127e-29,5.9892273e-12,3.894891e-21,1.6907664e-09
2022-07-02,1.5794715e-34,1.8269436e-18,9.640199e-22,9.278713e-10
2022-12-22,0.45588338,0.01186059,1.0,5.7884733e-08
2019-12-04,0.99931467,0.99385095,1.0,0.036306247
2019-10-10,2.69326e-24,4.536587e-18,1.7251449e-11,2.3543152e-13
2024-05-03,2.7833343e-18,0.99675024,0.9999696,0.99999976
2019-12-01,0.9707747,0.72902757,1.0,0.00010150983
2022-01-27,0.99999905,1.0,1.0,0.7440931
2020-08-19,3.7206067e-26,1.4002322e-14,2.9209722e-19,9.252079e-14
2022-11-02,2.1658957e-24,1.377999e-16,0.049568262,1.0035847e-07
2024-01-23,0.9999999,0.9997147,1.0,0.00046622238
2024-06-06,3.590761e-26,1.204447e-10,0.0009710593,0.016061803
2021-01-14,0.015747653,0.9999999,1.0,0.0002195959
2022-05-11,8.4663435e-19,0.99451905,0.9999844,1.0
2023-06-06,1.2987707e-36,6.100256e-11,1.1878991e-18,0.99756986
2021-07-21,4.7698453e-36,1.6964928e-14,1.3971952e-19,1.471955e-14
2024-05-07,3.549035e-19,0.17420247,0.9999211,1.0
2023-02-19,1.354621e-12,0.9960568,1.0,0.009300662
2024-11-20,1.7065919e-06,9.1724185e-05,0.99970514,4.516825e-10
2020-06-13,1.8777774e-30,1.461868e-07,3.6772735e-07,1.0
2023-05-29,2.128952e-09,0.07669562,0.9999819,0.9999994
2020-10-20,2.618261e-35,3.0354932e-16,2.9611647e-15,4.766417e-17
2023-12-22,0.99885345,0.0231339,1.0,0.0007114866
2024-04-05,4.5627513e-14,0.99999976,0.99999654,0.9999999
2024-12-02,0.9999125,2.2627468e-05,1.0,8.230305e-10
2021-05-28,1.1309176e-12,0.26933143,0.99999976,0.9298609
2023-07-30,3.088161e-36,7.808232e-17,2.978905e-24,3.4036904e-13
2021-10-06,0.0,2.4647453e-22,5.6082606e-20,6.256814e-16
2021-11-08,2.830652e-25,3.2362955e-18,0.0048402296,4.0634427e-12
2019-11-03,6.003773e-24,9.096588e-18,0.0043818536,2.4808324e-07
2024-05-25,6.812412e-24,2.9241994e-06,0.9357034,0.99999917
2023-09-30,6.0597577e-38,3.7955208e-20,1.0659093e-21,7.0188355e-22
2023-03-05,2.5678763e-11,0.9998721,1.0,1.6488252e-07
2023-07-21,8.192912e-34,3.150626e-17,2.7585283e-24,4.2143518e-11
2023-02-06,0.00028510665,0.8896776,1.0,4.8555653e-06
2020-03-18,3.4342568e-12,1.0,0.9999994,1.0
2021-01-30,1.1883637e-06,0.9999999,1.0,1.6673448e-07
2021-01-01,0.08003738,0.99999964,1.0,4.1964714e-07
2019-11-19,1.6879904e-11,6.037056e-05,0.9996948,4.9791685e-11
2023-04-30,7.2026816e-14,0.9999989,0.9999958,0.9999999
2022-07-21,1.5568513e-37,4.0068094e-14,5.817164e-26,4.67773e-10
2019-05-18,2.3425648e-14,1.0,0.14649458,0.9952838
2020-10-29,1.2629221e-24,7.412987e-14,1.7890509e-09,4.8310664e-08
2023-11-20,6.7353865e-23,2.0180454e-15,0.008015526,1.0444995e-10
2020-10-17,2.1831393e-33,1.7907405e-17,1.247533e-16,1.767475e-14
2020-04-07,1.446143e-23,0.9999999,5.6614153e-06,0.98464245
2021-10-04,7.631351e-37,3.1680464e-21,1.6810426e-20,3.6353386e-16
2020-07-18,9.173686e-30,2.2824016e-14,2.5859295e-22,1.0252382e-12
2023-05-21,1.599765e-14,0.999754,0.99629825,1.0
2021-09-17,0.0,2.1419095e-19,1.1539909e-23,1.250254e-15
2024-03-11,8.763942e-39,7.566072e-05,5.659224e-17,2.1740025e-10
2024-01-17,1.0,0.99994993,1.0,0.20442753
2024-06-23,9.151246e-30,5.383908e-15,3.5668912e-11,0.9793332
2021-10-29,1.1766006e-35,4.164795e-21,2.5034907e-12,2.3227983e-13
2023-01-15,9.032513e-11,0.002383474,1.0,1.9506962e-11
2024-09-24,0.0,5.2738733e-16,4.3000126e-23,6.550056e-17
2023-09-19,3.8830383e-28,1.5521166e-14,1.1215136e-19,8.4887456e-21
2024-04-03,5.4783435e-13,0.99998987,0.9999994,0.99996984
2019-10-28,4.23581e-27,4.6115647e-17,6.7896224e-07,2.4081323e-14
2024-03-02,1.2366404e-38,0.0026422334,1.1001893e-14,1.9812317e-13
2022-09-01,4.2014804e-36,1.6251262e-20,6.0041166e-24,1.1172679e-10
2023-10-03,1.2894263e-35,1.3528894e-22,7.6341675e-24,1.3983683e-19
2023-01-14,6.9338576e-08,0.1196885,1.0,2.2250936e-07
2022-01-07,1.0,0.99999774,1.0,0.9293571
2022-07-31,1.8058766e-21,4.84085e-13,8.0474304e-17,2.9558163e-05
2024-09-07,1.1572926e-31,1.7459789e-12,2.4285435e-21,1.07867105e-14
2019-09-20,0.0,1.3235244e-19,8.729693e-20,7.678568e-15
2019-03-31,1.9548599e-30,0.9999999,2.5687882e-14,1.9654944e-06
2020-11-03,1.9847385e-20,7.217225e-12,1.1919439e-05,3.0800895e-10
2022-08-30,6.200209e-34,1.1294515e-20,8.003173e-22,3.917235e-13
2019-05-22,2.0192994e-16,1.0,0.046457313,0.83895206
2022-04-07,8.984541e-18,1.0,0.98951614,0.7576545
2023-04-16,5.4445614e-17,0.9999999,0.9999988,1.0
2022-06-02,4.826593e-18,1.0074416e-07,0.9608899,1.0
2021-06-08,1.477903e-09,1.6381673e-05,1.0,0.9999989
2020-11-15,3.1072013e-11,3.989792e-12,0.9888616,1.7013275e-14
2020-02-16,1.9430903e-08,1.0,1.0,0.9991209
2023-10-20,2.3309693e-35,2.2044785e-19,2.7329262e-19,1.3966304e-19
2023-01-05,4.3084616e-11,7.063969e-07,1.0,7.725452e-13
2021-01-20,8.442406e-06,0.99999976,1.0,8.264377e-05
2023-05-02,1.4156396e-12,1.0,0.9999907,1.0
2020-11-04,1.7463086e-12,1.0123587e-12,1.6699414e-05,4.7502473e-07
2023-01-12,3.1679792e-10,0.0061817537,1.0,7.035018e-09
2019-05-08,1.877517e-10,0.99999964,0.999501,1.0
2020-03-10,5.590391e-17,0.99997723,0.9999857,0.75697196
2022-05-31,3.8917376e-16,0.0033321467,0.91692275,1.0
2024-01-31,0.9319174,0.9999988,1.0,5.5420125e-05
2019-06-27,0.0,6.0123206e-17,5.3825537e-22,2.0564934e-05
2023-12-01,0.008190845,0.0011104214,1.0,1.505401e-08
2023-06-23,7.4926604e-37,4.4879956e-14,3.4169656e-21,3.937106e-10
2024-08-21,1.8495317e-31,1.4600894e-12,1.2992526e-19,1.4122603e-16
2020-05-15,1.126554e-15,0.6873569,0.9999875,1.0
2019-12-10,0.99999976,0.9990736,1.0,0.94660103
2024-09-17,4.025848e-28,4.7088774e-12,2.093179e-18,4.1200214e-13
2020-08-25,5.4070064e-28,8.4719775e-16,1.2558399e-18,1.1534275e-12
2024-10-31,5.680251e-38,7.827822e-18,1.8929974e-21,2.549806e-20
2022-08-02,3.4527212e-22,6.9892826e-15,7.1507405e-16,3.480085e-08
2023-09-20,1.0762985e-31,4.4434315e-14,2.5703315e-22,3.0021404e-18
2024-07-29,0.0,2.8687337e-12,5.046851e-27,1.3521346e-13
2020-08-23,8.4494266e-29,2.4899854e-12,5.54233e-20,6.8881433e-12
2023-03-08,7.621034e-12,0.9997178,0.9999999,1.3465655e-06
2020-07-29,1.3938021e-22,2.4115568e-10,2.8775112e-17,2.4639766e-09
2021-05-20,1.7101723e-08,0.9999746,0.9999994,0.99999833
2023-08-09,0.0,3.080309e-16,4.2467068e-23,1.148321e-17
2019-07-04,4.2609366e-31,3.47888e-14,8.146854e-18,0.03511236
2024-07-02,0.0,1.9623499e-19,1.8887272e-21,4.3553508e-11
2023-06-18,4.210263e-33,8.7317525e-10,5.3555528e-17,0.0017301743
2022-07-27,7.5157505e-25,1.3462826e-13,1.36404995e-17,3.373401e-05
2020-01-31,0.0021561165,1.0,1.0,0.9998367
2020-12-16,0.99450976,0.9991874,1.0,0.0021676847
2023-10-21,1.16974835e-36,2.6692363e-15,8.625328e-19,6.232218e-20
2019-10-01,8.440241e-30,1.0532948e-20,1.6285057e-16,3.5031885e-15
2020-09-29,9.5159574e-33,1.1539738e-11,7.54697e-20,2.6858815e-14
2020-08-10,9.617793e-22,6.2748813e-13,1.6081629e-14,2.408339e-10
2024-06-20,5.9276085e-38,5.54668e-15,5.5280072e-15,0.04470982
2020-04-15,4.144478e-13,1.0,0.9999938,1.0
2023-11-10,1.1530446e-31,7.59973e-18,2.813431e-15,1.1654958e-19
2024-09-23,0.0,1.3749215e-13,7.599309e-22,1.0220906e-16
2023-06-02,1.7423752e-28,0.00045898443,8.6150786e-13,1.0
2021-02-02,3.2618548e-09,1.0,1.0,2.2833753e-08
2024-08-25,8.255801e-30,1.7831751e-12,2.5275903e-20,2.0927734e-13
2020-11-01,5.0752175e-25,7.6603955e-16,4.115125e-11,1.1098166e-11
2021-03-25,7.581949e-26,1.0,1.1863192e-05,0.00022476968
2023-01-08,2.6065875e-08,0.0006120533,1.0,3.9267377e-08
2021-05-02,7.788499e-12,1.0,1.0,1.0
2022-08-31,2.167761e-34,4.7896856e-20,3.331259e-22,2.1043813e-13
2024-11-09,6.6928266e-28,5.4819398e-06,2.2515573e-16,1.6837141e-18
2019-05-05,1.00523316e-13,1.0,0.99834764,0.9999933
2023-01-29,4.0835662e-08,0.066170774,1.0,0.99979323
2022-03-08,4.059182e-08,0.99725586,0.9999957,2.444305e-11
2020-06-26,3.3525058e-32,4.7570188e-20,7.332781e-16,0.00011876984
2019-09-07,4.751259e-32,7.03823e-19,2.2597218e-17,2.961172e-14
2024-01-19,0.99999976,0.9999329,1.0,0.5438304
2022-08-25,3.195151e-34,7.664188e-18,2.077162e-23,5.131187e-13
2024-07-01,0.0,1.2009548e-15,1.9787718e-22,3.751383e-11
2021-07-18,0.0,1.8591936e-17,1.33165904e-17,1.5458186e-13
2024-03-24,1.6913588e-14,1.0,0.5402957,2.8358314e-05
2022-06-17,1.6023227e-38,1.440741e-16,8.525612e-21,4.233925e-05
2024-12-27,1.0,0.057782937,1.0,4.333415e-08
2019-05-11,2.8563533e-14,0.99984956,0.830702,1.0
2019-10-06,1.4292062e-25,3.058214e-17,9.115664e-13,1.1774207e-15
2023-03-20,2.0310322e-18,1.0,0.1783902,0.25314507
2024-04-16,0.0002529641,0.9999999,1.0,0.99999297
2024-08-07,1.7278036e-32,7.0125243e-09,2.0275369e-22,1.0555173e-12
2022-02-12,0.9998097,1.0,1.0,0.0027865323
2022-06-15,3.2724519e-37,2.0666508e-11,1.4447351e-18,0.08078021
2020-06-24,2.6229196e-35,1.6281755e-17,3.0296024e-14,0.0023489627
2022-07-28,6.9075527e-26,1.408681e-14,2.5628173e-18,9.3304e-08
2023-12-24,0.9999975,0.059329946,1.0,0.00016050326
2021-01-09,3.797842e-05,1.0,1.0,6.9376138e-06
2019-05-20,1.2667093e-17,0.99999976,4.8753877e-06,0.9999238
2022-12-01,5.8061974e-05,3.9486462e-08,1.0,3.2503927e-11
2024-06-30,0.0,1.0830783e-15,1.02545386e-22,7.5405765e-10
2022-11-15,6.679211e-12,1.6609149e-14,1.0,4.952664e-06
2019-08-28,0.0,5.8997665e-17,1.6173376e-23,1.1251627e-11
2021-12-01,0.99617416,0.019133665,1.0,0.0068820594
2024-01-08,0.99999976,0.99997604,1.0,0.00034980508
2023-11-18,2.1209662e-25,3.807204e-15,1.0799899e-06,9.754706e-19
2020-11-16,1.8432406e-10,3.0605854e-08,0.99991226,5.5353933e-15
2020-06-05,1.4174044e-15,8.990738e-06,0.9024676,1.0
2019-12-23,0.9997309,0.99999976,1.0,0.99990773
2021-02-17,1.1292254e-16,0.99970895,0.9999988,6.454248e-11
2019-06-14,8.1043494e-35,2.3943282e-14,6.949208e-18,0.4587808
2020-03-11,7.3748976e-21,0.99997914,0.9824966,0.0006069205
2022-04-12,4.844097e-11,1.0,0.99999857,0.999998
2024-05-29,2.1688164e-22,1.2126519e-06,0.99570024,1.0
2019-10-22,4.8876276e-32,2.1897537e-18,2.4936367e-11,4.9689247e-10
2020-01-02,0.9995252,1.0,1.0,0.9999962
2024-05-02,2.4575003e-12,0.9999573,1.0,1.0
2023-10-06,1.249815e-38,1.9069421e-21,7.842118e-23,4.2622733e-22
2020-01-28,0.9974917,1.0,1.0,0.9976585
2023-05-03,9.710199e-10,1.0,0.9999994,0.99999976
2019-10-03,2.1367384e-31,4.1300247e-19,3.4970848e-16,8.1719145e-17
2020-08-06,1.1048672e-35,4.8873903e-15,5.2662748e-23,1.1308636e-12
2022-02-01,0.9999958,1.0,1.0,0.96339226
2022-01-04,1.0,0.99998486,1.0,0.9175017
2020-10-14,9.1286435e-32,2.9333725e-15,1.4815041e-13,1.5625398e-10
2023-10-17,6.642521e-34,5.4493023e-16,5.1536806e-19,3.800405e-19
2020-04-22,7.7666706e-10,0.9999957,0.99999976,1.0
2019-07-24,1.3001427e-30,1.4212603e-10,3.29388e-15,0.06397086
2020-05-30,3.212731e-16,5.5618457e-06,0.15946575,0.9999999
2023-08-30,9.802491e-34,5.7763295e-16,3.0142294e-22,1.496032e-16
2022-01-19,0.9999999,0.99999857,1.0,0.74550295
2022-12-29,3.8492167e-06,0.007935463,1.0,4.252125e-10
2022-11-22,8.147237e-08,9.844744e-15,1.0,7.909295e-08
2019-11-10,1.9712307e-14,2.2439457e-10,0.995057,1.283056e-11
2024-05-30,3.1692808e-20,1.1957216e-05,0.62401617,1.0
2020-08-13,2.1986634e-22,7.594443e-10,1.1232664e-16,3.3750827e-10
2024-08-30,6.884439e-31,9.526797e-11,1.786113e-19,6.0133364e-11
2019-10-13,2.1642488e-27,1.3578571e-16,3.1081778e-12,2.2181124e-17
2019-04-28,4.617396e-15,1.0,0.9991291,1.0
2023-10-25,6.5875335e-35,5.919585e-16,7.6371116e-16,4.006977e-18
2020-10-13,7.895061e-32,6.0104835e-14,8.894082e-16,2.0550391e-15
2019-09-04,0.0,7.939938e-18,1.184024e-22,6.0923657e-13
2024-05-08,9.423377e-17,0.1262764,1.0,1.0
2024-10-14,8.3385477e-35,4.8327355e-15,5.844878e-19,2.9158827e-20
2020-02-18,4.4179214e-06,1.0,1.0,0.75032985
2023-03-28,7.503655e-19,1.0,0.6979734,2.853346e-06
2021-07-23,0.0,3.326074e-17,9.003968e-24,6.2740443e-13
2021-07-22,1.4524345e-38,8.5871275e-12,2.6751522e-20,1.0246871e-15
2019-11-30,0.11492337,0.9999634,1.0,0.99944514
2021-11-10,1.0210674e-20,2.0935647e-16,0.9186168,4.6530943e-12
2019-08-23,0.0,2.4834776e-16,5.8515395e-22,8.35235e-12
2022-06-14,6.5834562e-37,1.7687564e-14,2.592315e-18,0.13831805
2023-04-18,5.938309e-17,0.9999995,0.9999963,0.9999933
2021-05-03,4.3614012e-08,0.9999999,1.0,1.0
2021-01-06,0.044471696,0.99999297,1.0,5.4536413e-05
2024-11-21,1.7658499e-06,0.00036836957,0.9999989,1.7236912e-11
2019-09-17,7.1140532e-34,8.008389e-16,8.346225e-18,1.6027549e-18
2021-12-10,0.9998528,0.98987865,1.0,0.0124040255
2020-02-21,3.6311107e-09,1.0,0.9999999,0.0004005019
2022-01-17,1.0,0.9999994,1.0,0.9682643
2020-07-13,1.5781377e-30,3.442668e-14,3.3196024e-21,1.0265418e-07
2019-12-28,0.9999895,0.9999963,1.0,0.9999448
2022-08-09,2.0817206e-33,1.1171212e-13,3.6937027e-22,4.519548e-10
2020-01-05,0.99999833,0.9999907,1.0,0.9991146
2023-03-26,2.1089241e-22,0.9999995,9.594053e-06,5.2734533e-05
2021-06-25,1.1479089e-25,3.4348677e-11,4.919714e-11,0.99999976
2023-08-18,0.0,2.1381306e-18,1.4265849e-27,1.5206415e-15
2023-10-11,1.2268775e-36,3.1072552e-22,2.4681405e-23,1.5144477e-22
2019-11-16,5.518151e-07,9.068583e-09,1.0,3.705202e-12
2024-12-21,0.99999905,0.9851408,1.0,0.00015485194
2024-10-20,0.0,1.1750876e-15,2.683519e-23,1.6202376e-18
2022-03-14,1.6924493e-22,0.9999993,8.0394615e-11,3.1126512e-12
2020-11-26,0.00034380076,2.7790732e-06,1.0,2.9459227e-10
2020-03-25,5.785921e-09,1.0,0.9999999,0.9999058
2021-11-29,0.99171984,0.0313142,1.0,0.009706533
2021-03-24,2.708949e-27,1.0,3.2677907e-08,1.3798899e-06
2021-05-21,1.5921505e-05,1.0,1.0,0.9999919
2023-07-08,9.813448e-35,1.3740309e-12,1.0939504e-20,2.4975055e-08
2024-07-18,0.0,9.3438044e-17,6.510691e-26,1.0235118e-14
2023-04-13,5.372448e-27,0.9999974,0.00027270525,0.98648745
2024-08-14,4.4486694e-34,5.4096597e-12,1.4342488e-23,7.679627e-10
2020-09-30,6.279678e-37,6.143077e-17,8.345472e-23,8.533439e-13
2023-09-18,0.0,1.09976865e-16,2.7880226e-24,1.3205511e-12
2019-10-15,4.048335e-34,2.0103666e-14,2.2702108e-17,1.2023299e-15
2024-01-22,0.9999988,0.99999666,1.0,0.0044735544
2020-05-29,8.2510807e-22,1.49515645e-05,0.028176665,1.0
2019-09-14,0.0,4.4834456e-17,1.7665747e-22,2.9186707e-16
2023-09-10,1.0033223e-34,1.504025e-17,1.59535e-25,3.2149623e-16
2024-02-14,7.0552854e-23,1.0,1.1472355e-05,1.7480925e-11
2021-10-27,6.4401387e-35,5.255712e-18,2.5299407e-15,1.990901e-11
2022-09-22,1.31045295e-33,4.278349e-23,1.6913102e-18,1.05376656e-17
2019-09-09,2.772926e-34,3.1437826e-17,1.2033185e-19,3.689353e-10
2024-04-08,2.2828386e-09,0.99999964,1.0,1.0
2021-03-16,4.6287936e-13,1.0,0.99924695,2.3290214e-10
2024-12-10,0.9999999,0.34387922,1.0,7.938285e-05
2019-05-30,1.8897396e-25,1.4593995e-05,7.2885906e-09,0.9981325
2020-11-09,2.9041234e-15,1.2096852e-13,0.0049444023,4.239898e-09
2022-03-13,4.0363384e-19,0.9998192,0.0005313357,2.682792e-12
2024-05-11,1.6660577e-22,2.6686392e-05,0.99999917,0.9999995
2022-12-13,0.92086715,0.083370306,1.0,5.9783673e-05
2020-04-28,2.7515155e-11,0.9999378,0.99999964,1.0
2024-03-23,2.120813e-17,1.0,0.8614638,0.019302038
2021-09-16,0.0,2.0680986e-18,1.1603387e-23,3.8428066e-11
2022-12-03,0.00038672885,3.613391e-08,1.0,2.7688355e-07
2020-07-01,9.259511e-29,9.0417986e-12,8.410472e-13,0.13352716
2024-10-10,3.131245e-36,8.44008e-15,2.7440594e-21,1.6383205e-22
2023-12-30,1.0,0.29516464,1.0,1.4986253e-05
2023-10-13,7.517698e-33,3.2578553e-21,4.2059407e-20,8.564561e-22
2024-11-24,0.9943452,0.0010079728,1.0,1.0022395e-08
2022-12-05,0.0060903593,1.5956383e-07,1.0,6.425442e-07
2022-05-29,2.3168486e-19,5.7966212e-05,0.9574209,1.0
2021-10-07,1.9343148e-35,7.049278e-18,2.967336e-17,1.8266591e-13
2022-01-05,1.0,0.99980706,1.0,0.9219215
2019-11-20,0.0024163544,7.003707e-05,0.9999995,4.4610073e-07
2019-05-31,9.715891e-28,4.6495813e-08,5.5401256e-11,0.999984
2020-01-25,0.99842393,1.0,1.0,0.99998116
2020-04-18,2.8397473e-10,0.99999976,0.9999993,1.0
2022-03-07,6.704365e-09,0.9941719,0.99999475,4.6128545e-11
2021-06-21,2.5143899e-25,2.5140453e-13,1.2648172e-12,0.9999503
2024-01-27,0.9974673,1.0,1.0,0.0014202732
2021-05-11,1.4861231e-09,1.0,1.0,1.0
2024-03-01,1.5601212e-37,0.0011238748,6.771962e-14,1.7273575e-11
2019-08-19,2.1922483e-37,1.3677279e-14,3.4335187e-22,1.7500936e-08
2020-08-30,0.0,7.905105e-15,5.470983e-24,1.325073e-11
2019-12-03,0.46963736,0.9539244,1.0,0.7103168
2022-05-21,6.1822136e-26,1.0758963e-06,0.0004192536,0.9956291
2021-08-08,0.0,6.636272e-17,7.6716195e-25,1.5677443e-16
2023-10-10,2.4256956e-33,8.512705e-22,3.2327495e-21,2.452047e-22
2021-09-22,0.0,6.3914237e-16,5.806205e-21,4.8039057e-19
2024-04-09,6.6698735e-10,0.9999988,1.0,0.9999938
2021-02-11,5.8020083e-10,0.999992,1.0,4.168673e-10
2019-04-01,1.495969e-31,0.9999999,2.1419953e-15,3.5560355e-05
2021-11-24,0.0066255475,4.6720825e-06,1.0,1.2826132e-07
2024-04-24,7.984557e-07,1.0,1.0,0.9999728
2023-08-24,8.197104e-26,1.1142021e-16,3.4473402e-21,3.902156e-17
2023-02-02,2.2202048e-08,0.8918238,1.0,0.00022670676
2023-02-28,5.0795065e-14,0.9986444,0.99999607,9.053646e-10
2023-11-24,1.0898865e-06,2.7794994e-10,0.99999833,1.575808e-13
2021-02-07,3.6948244e-10,0.99999976,0.99999964,6.377601e-09
2022-12-30,0.9682847,0.8545357,1.0,7.029439e-06
2023-10-01,3.9483587e-35,1.6847516e-22,5.849996e-23,3.5750413e-20
2023-05-06,3.354073e-07,0.9999999,1.0,0.99999714
2019-12-31,0.9999608,1.0,1.0,0.99997413
2024-04-22,6.4007605e-11,1.0,1.0,0.99999714
2021-02-21,3.2395694e-10,0.999997,1.0,1.8439554e-09
2020-05-20,2.3331524e-17,0.9105894,0.97150075,1.0
2021-06-24,3.111375e-27,1.4942934e-11,4.4224523e-11,0.9999958
2024-10-03,1.9512056e-34,1.3461187e-16,1.4461405e-19,3.9518736e-18
2021-04-22,3.3035583e-14,0.9999907,0.9997911,0.99999976
2024-07-16,0.0,2.8136856e-17,1.4778411e-24,1.8588047e-16
2023-04-07,1.3526424e-21,1.0,9.3338866e-05,0.93324924
2021-03-07,1.1119848e-10,1.0,0.9999994,1.0519705e-07
2023-03-07,5.1830823e-17,0.9991098,0.9999583,4.5993843e-08
2020-03-22,0.0019967717,1.0,1.0,0.9204062
2024-10-12,3.6523906e-33,1.5649474e-13,4.6614878e-20,1.2560247e-21
2023-12-21,0.9999957,0.12762724,1.0,1.2951201e-06
2022-09-29,5.245865e-30,2.3553676e-23,1.3264616e-18,9.553052e-19
2022-05-28,3.71672e-26,0.004618012,2.4856781e-06,1.0
2020-06-06,4.7320724e-15,5.10531e-07,0.9997211,1.0
2022-06-04,5.028142e-24,9.046137e-10,0.00035438346,0.9999999
2020-12-11,0.3316573,0.98430437,1.0,9.745961e-07
2020-12-19,0.94120276,0.9997999,1.0,0.0005827017
2024-02-25,7.09448e-36,4.4216125e-05,8.7258414e-14,5.9095204e-13
2022-11-01,3.774927e-29,1.5676589e-18,2.3274788e-07,5.4263413e-11
2023-08-31,1.7201036e-31,8.271018e-17,1.5599314e-21,6.5268035e-19
2022-11-07,3.456899e-22,3.251491e-18,0.8621876,5.586736e-09
2023-08-02,1.55632e-33,7.4017405e-14,1.9185645e-22,9.727076e-12
2019-03-27,1.7356825e-27,1.0,6.659966e-11,0.0018340189
2020-05-07,5.1773373e-15,0.999984,0.9999988,1.0
2023-08-22,8.491575e-26,1.4065063e-14,5.7198526e-21,2.4214732e-16
2023-09-08,1.371808e-34,1.0900073e-17,5.922562e-25,4.304194e-17
2021-01-17,6.7501433e-06,0.9999999,1.0,7.3242795e-06
2024-01-25,0.9999999,0.9999715,1.0,0.00028207278
2024-06-18,2.8077534e-34,2.8112304e-16,5.3503924e-11,0.009268818
2023-04-14,1.1607869e-21,0.99999857,0.9783749,0.999265
2019-11-09,3.1905485e-18,3.3295722e-09,0.9825534,6.120442e-11
2021-10-17,1.8161028e-34,1.0421848e-18,2.5403274e-15,8.2413785e-14
2019-12-26,0.9999244,0.99999774,1.0,0.9981949
2021-02-18,1.5520502e-12,0.999997,0.9999999,2.388711e-12
2023-02-18,2.0623864e-11,0.9953181,1.0,0.035907164
2020-01-29,0.99994934,1.0,1.0,0.9994241
2021-10-02,0.0,6.591882e-20,5.2172458e-23,5.4418413e-17
2024-04-01,1.1447319e-14,0.99999976,1.0,0.99999595
2022-09-13,5.8660503e-35,1.1613672e-21,4.723761e-21,8.103469e-16
2022-05-30,7.508314e-21,1.1008308e-06,0.002350778,1.0
2021-03-26,5.7594664e-34,0.99999833,6.084289e-11,3.87666e-09
2021-03-09,4.1666954e-09,1.0,1.0,1.9673678e-08
2024-05-13,4.4053932e-16,2.5424504e-07,0.99999845,0.9445756
2019-11-08,2.1154226e-18,6.3042786e-11,0.07967481,9.197379e-10
2021-06-13,3.560729e-24,9.886982e-09,6.982004e-06,0.99951386
2023-06-19,2.0578289e-33,2.072843e-09,9.89496e-17,0.00078596355
2021-01-31,3.8878653e-08,0.9999999,1.0,3.9790237e-08
2022-04-08,7.5159445e-19,1.0,0.9190449,0.06592247
2022-07-08,6.954995e-39,1.318804e-16,6.4909578e-24,1.2841627e-11
2020-02-02,0.7323513,1.0,1.0,0.9831065
2021-05-08,7.093109e-11,1.0,1.0,1.0
2020-04-06,1.6162964e-29,1.0,2.4765068e-11,0.35858157
2021-10-09,0.0,1.8323118e-17,5.088684e-20,6.231877e-15
2021-03-28,1.5838821e-19,0.99999416,9.130426e-05,1.5722191e-11
2019-09-06,1.868456e-34,8.9250695e-18,2.9841784e-19,9.588952e-13
2021-03-08,2.8604797e-11,1.0,1.0,4.104433e-05
2021-09-03,0.0,5.0514943e-19,1.9021161e-23,4.4089068e-16
2023-07-25,2.9625916e-28,1.9099975e-16,3.1993692e-20,2.549775e-10
2022-12-17,0.0014270452,0.002994595,1.0,1.5456397e-08
2020-11-28,0.00173158,0.087511815,1.0,2.4284851e-12
2022-03-16,3.4968884e-29,0.9999999,7.27408e-12,1.2294594e-09
2020-01-24,0.99959856,1.0,1.0,0.9999826
2024-08-11,4.3266698e-37,4.41559e-12,4.6181896e-22,9.211734e-11
2020-09-20,6.274212e-39,5.958826e-16,7.170472e-21,5.0197705e-15
2024-05-18,2.9375993e-19,5.3016875e-06,0.99989367,0.9997471
2023-03-21,1.3586307e-21,1.0,0.12575135,3.3200097e-06
2022-11-18,7.682132e-10,9.999916e-10,1.0,1.6413182e-06
2023-01-26,1.3436524e-14,0.88695973,1.0,0.00019681554
2021-04-04,4.3657252e-32,0.99779356,2.2264374e-13,1.6173468e-08
2020-10-19,1.1222175e-38,1.0069444e-14,3.2311222e-21,1.4616057e-15
2020-02-12,0.027776068,1.0,1.0,0.997629
2019-05-29,2.2852536e-30,0.00012283694,9.177126e-09,0.99999785
2020-09-01,0.0,1.512557e-14,6.2452256e-23,6.8125404e-13
2020-01-30,0.99075174,1.0,1.0,0.9979273
2023-06-15,7.175361e-31,0.00018520665,7.0924414e-16,0.45166257
2019-04-17,8.235096e-17,1.0,0.7026141,0.9998313
2023-05-05,1.0891223e-09,1.0,0.99999964,0.9999999
2021-03-13,9.7377925e-11,1.0,0.99847525,2.541253e-07
2024-02-24,5.9384266e-38,0.000170444,8.355054e-17,5.3518985e-09
2024-05-23,2.1293054e-20,0.0018072254,0.99441695,1.0
2020-10-27,3.9812838e-28,1.199623e-14,8.928183e-11,4.887447e-05
2020-07-31,6.4313633e-31,1.1691415e-10,1.5475558e-21,8.6722995e-10
2022-05-20,6.739616e-26,3.4858917e-07,1.7222861e-06,0.9999999
2020-06-02,4.58988e-29,7.228967e-11,1.9510171e-10,0.9999964
2024-11-06,8.165571e-36,9.261658e-12,2.410419e-19,9.6789004e-20
2024-01-21,0.9999956,0.9953674,1.0,6.644877e-05
2024-09-15,6.790033e-28,9.311649e-11,2.1069793e-21,1.6834647e-13
2022-04-30,1.131169e-10,1.0,0.99999595,1.0
2019-05-23,9.977663e-25,0.9838319,2.008648e-08,0.9501972
2024-05-09,2.855135e-13,0.14542429,1.0,0.9999995
2022-01-02,0.9999641,0.9999995,1.0,0.99998605
2021-01-22,1.8682258e-05,0.99999976,1.0,1.4611542e-05
2021-12-21,0.99999464,0.99761766,1.0,0.06412029
2021-04-29,1.003522e-10,0.9999999,0.99999976,1.0
2021-09-12,0.0,1.0607347e-19,2.5184252e-22,5.860398e-14
2021-11-26,0.93456656,2.2593674e-06,1.0,3.9157454e-05
2022-01-10,0.99999726,0.99999917,1.0,0.10720267
2023-10-24,1.3700894e-31,3.4905773e-18,2.5126479e-15,6.9507155e-19
2023-05-15,3.255473e-12,0.9997626,0.99969506,0.9999988
2019-05-13,7.932961e-14,1.0,0.6580794,0.9999989
2024-03-22,1.3528752e-20,0.9996562,0.99315864,0.9998734
2024-07-20,0.0,5.340212e-17,2.1575401e-26,3.2223524e-13
2021-06-16,3.7168955e-23,2.4813674e-11,3.2600325e-09,0.99999046
2023-01-11,1.1666484e-11,0.00016019838,1.0,1.7616887e-11
2023-07-16,6.1286225e-36,1.1504042e-16,3.4107518e-22,1.3652727e-14
2024-02-09,5.840187e-15,1.0,0.9999889,4.487804e-07
2022-06-27,1.1264939e-30,1.6317213e-15,5.5493065e-22,2.2425367e-07
2019-12-22,0.989647,0.99826777,1.0,0.72973406
2021-12-06,0.98091596,0.025303578,1.0,0.0006414467
2021-06-07,4.955992e-15,9.180471e-07,1.0,0.99999535
2021-06-19,1.957764e-29,4.4128616e-12,7.1146317e-13,0.99999964
2021-12-27,1.0,0.9999479,1.0,0.9753797
2019-10-05,2.5819235e-25,1.253089e-17,1.040394e-13,9.068347e-19
2020-06-01,4.320573e-27,1.8305147e-07,3.2510888e-10,0.9999982
2024-07-22,0.0,1.0001913e-14,4.9856945e-27,2.9269935e-09
2024-03-08,0.0,2.121853e-05,1.7215004e-14,1.6281587e-11
2022-09-05,3.947773e-34,7.0743693e-22,4.620481e-22,4.7289684e-15
2019-09-02,3.6284974e-37,7.3689226e-17,2.7061787e-21,4.6928773e-14
2022-12-27,8.535664e-07,0.97079515,1.0,1.9209306e-10
2021-10-24,1.570511e-37,1.9163429e-20,1.4849434e-18,3.7400343e-13
2024-08-24,4.2372784e-28,2.3226243e-10,1.9860875e-19,8.180745e-16
2024-04-15,1.6364932e-11,1.0,1.0,1.0
2022-09-17,1.7288512e-33,5.147619e-23,1.5624803e-21,4.718708e-18
2020-12-25,0.99723685,0.35171932,1.0,2.2347708e-06
2023-01-01,4.29126e-09,0.4124037,1.0,3.8139674e-09
2019-11-23,1.0320097e-10,2.9323032e-06,0.9997819,1.07464634e-10
2023-05-12,2.440798e-10,0.99986506,0.999985,0.999998
2019-06-05,4.4709377e-27,2.924902e-08,2.6388263e-09,0.99999976
2023-12-20,0.99999964,0.74871707,1.0,0.07669676
2019-10-31,3.820784e-27,6.387469e-18,2.75933e-06,1.7024403e-11
2023-07-01,4.53192e-39,1.8299305e-16,6.616946e-21,3.3881022e-08
2022-09-03,1.9116875e-32,1.9238661e-19,5.722577e-22,1.2298745e-13
2021-08-15,0.0,2.875122e-15,7.453625e-24,1.0441243e-15
2022-06-16,0.0,3.439307e-14,3.515333e-21,0.0012891736
2021-02-13,3.187847e-11,0.9998739,1.0,1.6745812e-13
2023-10-09,6.338172e-33,9.101916e-22,2.2706047e-21,2.9944284e-20
2020-05-14,1.24308595e-17,0.98781514,0.99959415,1.0
2024-05-06,8.938217e-19,0.68744475,0.99999523,1.0
2020-06-12,1.060489e-32,1.0984089e-07,6.48748e-09,1.0
2023-05-08,1.3847065e-07,1.0,0.9999752,0.9999975
2021-12-09,0.9984785,0.30867192,1.0,0.014787866
2023-06-05,5.2869876e-38,8.381254e-06,5.68519e-17,0.99954385
2021-02-08,5.3057667e-12,0.9999789,0.9999963,2.5815602e-13
2024-12-12,0.9999999,0.5945206,1.0,6.0335566e-05
2023-04-17,4.725391e-18,0.99999976,0.9999987,1.0
2022-11-14,5.257344e-15,2.7948398e-15,1.0,8.554499e-08
2022-06-05,2.528253e-22,3.6807427e-10,3.8655758e-06,1.0
2019-07-17,2.4427691e-28,1.1273153e-22,3.9095725e-19,2.2169244e-09
2020-03-04,3.0115278e-15,0.99998724,0.9999999,3.6190944e-05
2021-05-10,2.4775924e-08,0.99999976,1.0,0.9999999
2021-09-21,0.0,1.7036986e-17,8.632017e-25,2.817144e-17
2023-11-28,1.501503e-07,0.00012716012,0.99999785,3.1869307e-10
2022-08-23,6.48514e-32,2.818563e-17,1.1710336e-22,7.7549794e-13
2023-12-07,0.9991491,0.0021006523,1.0,5.1913275e-08
2021-08-03,0.0,5.0559145e-13,6.051168e-22,2.9308115e-11
2020-09-14,0.0,5.31252e-16,5.0490783e-22,3.0966403e-11
2024-11-17,9.0003215e-18,2.4526398e-05,0.13355972,1.4640255e-14
2019-10-16,1.4019336e-30,2.6670177e-15,4.876324e-13,1.3349912e-16
2022-03-26,4.414174e-31,0.99995625,1.6476008e-13,6.7145867e-10
2020-08-27,1.2796013e-36,2.668451e-16,1.6913472e-20,9.435029e-14
2024-12-26,1.0,0.93660855,1.0,1.2734663e-06
2024-11-18,1.2035267e-07,4.1743288e-06,0.9999877,4.7498307e-12
2023-01-02,3.5748084e-13,0.0017836458,1.0,1.3000473e-13
2023-01-13,2.8731117e-10,0.0071188062,1.0,9.96348e-13
2023-03-31,5.1454565e-24,1.0,6.359984e-05,0.000101711565
2019-09-15,1.1363792e-35,3.0603656e-22,2.1291013e-21,2.7489591e-16
2022-02-22,0.77070403,0.9999999,1.0,8.957902e-10
2021-02-05,4.554235e-12,0.932966,0.99999726,1.0303045e-10
2022-12-18,0.0043285373,0.009583674,1.0,2.4151736e-11
2019-09-26,2.9949062e-29,8.807689e-22,4.1995224e-15,1.5804374e-13
2022-06-19,1.3871075e-38,2.314298e-17,8.1327404e-22,3.870759e-07
2021-10-26,2.7354933e-33,5.399039e-17,6.7798007e-12,4.1148893e-11
2024-09-22,0.0,1.1084836e-15,4.7190016e-23,7.726302e-18
2024-07-13,0.0,2.8588017e-17,9.762164e-24,2.599756e-15
2023-07-02,2.3829047e-38,2.2759166e-17,1.29531774e-20,7.7400145e-08
2021-07-29,0.0,2.3767918e-18,1.9908536e-24,1.1912595e-14
2020-07-04,1.5940835e-34,4.5454048e-14,5.1815943e-19,0.000121530175
2024-06-05,2.525348e-25,8.894864e-12,1.7502625e-05,0.9942451
2020-04-04,7.472231e-20,1.0,0.1732833,0.97595006
2024-05-04,4.6532285e-19,0.11444003,0.99976605,1.0
2020-06-10,1.218523e-15,2.9007072e-06,0.91470265,1.0
2023-05-24,7.693294e-13,0.99995446,0.9996841,0.99998665
2022-04-03,1.5648134e-20,1.0,8.8691295e-06,2.575626e-07
2021-09-07,0.0,4.599006e-16,5.2916204e-26,1.3938704e-12
2022-07-06,2.6821309e-35,2.6098488e-17,6.173544e-25,1.2780803e-08
2021-03-05,2.6755785e-14,1.0,0.9999875,3.0538516e-07
2024-12-19,0.99999976,0.6077471,1.0,4.5953957e-06
2024-05-17,5.4203635e-22,0.0046208403,0.9999981,0.99974495
2023-12-29,0.99999964,0.9976133,1.0,2.5403437e-05
2021-05-22,2.8618847e-13,0.90364313,0.99999976,1.0
2019-04-02,4.0656735e-24,1.0,1.8209499e-10,0.0012254531
2024-10-21,0.0,3.8357008e-16,1.15877285e-23,1.2131172e-19
2021-07-08,2.5071148e-29,8.35362e-13,1.0027562e-07,0.00011015332
2024-09-11,1.2637784e-19,7.49377e-12,4.857058e-15,2.6728958e-10
2021-11-05,1.0233194e-31,3.4532402e-19,3.533527e-07,9.71326e-09
2022-08-28,3.394469e-33,1.5160048e-19,9.206426e-23,2.456651e-13
2020-01-04,0.99999607,1.0,1.0,0.9999833
2019-06-25,1.09071275e-35,4.5242474e-18,1.8355498e-18,0.37339887
2023-05-09,4.4358894e-06,1.0,0.9999994,0.999514
2022-05-27,1.7243201e-25,5.5582866e-08,0.00025357233,1.0
2019-08-30,0.0,4.677279e-16,8.212158e-26,6.87706e-13
2020-04-21,4.7642207e-08,0.9999995,0.99999976,1.0
2022-11-03,2.4294293e-24,2.9243197e-17,0.00024331611,4.1726622e-08
2020-09-11,0.0,2.113861e-15,8.748545e-24,2.736228e-15
2020-12-31,0.0019807543,0.9999993,1.0,6.7107766e-07
2019-10-26,1.5004122e-28,7.656323e-19,1.7189994e-07,7.136983e-15
2024-10-02,2.0630096e-32,6.798343e-16,8.592778e-20,8.784449e-19
2023-07-29,1.4580235e-32,2.5303738e-16,6.041046e-21,3.6694623e-11
2024-06-04,1.617525e-20,2.728392e-05,0.93562406,0.99999845
2022-06-10,6.7667285e-30,2.6527793e-13,3.543564e-11,0.9999778
2024-04-21,1.9286337e-07,1.0,1.0,0.999987
2022-09-27,1.160898e-28,1.5580045e-21,2.6762048e-19,2.720281e-17
2023-06-16,4.1097938e-36,2.4847198e-08,1.214276e-17,0.017032778
2020-08-17,2.08425e-23,1.4527563e-15,1.9077527e-18,2.123141e-09
2022-05-24,3.8374423e-16,1.097326e-05,0.99458766,1.0
2021-12-16,0.9999764,0.998423,1.0,0.75352335
2019-10-17,3.9857925e-30,6.614811e-18,2.6793232e-13,8.2107147e-19
2023-02-05,0.09332525,0.98711747,1.0,0.52512413
2023-01-25,6.2125466e-18,0.11912224,1.0,1.3700684e-06
2022-03-27,1.3596824e-22,1.0,2.3074461e-08,3.0097694e-06
2021-11-25,1.8361392e-05,2.7694494e-05,1.0,3.6659534e-05
2023-02-22,4.8536943e-12,0.99032533,1.0,0.010687161
2024-03-04,2.4574958e-38,0.00035138667,2.4882865e-15,3.0513294e-12
2020-07-10,2.2259338e-34,4.3901396e-14,4.9190387e-22,1.8994133e-06
2024-08-28,2.97715e-35,2.6255094e-11,1.4571684e-23,1.5746988e-10
2019-09-05,2.4877083e-37,3.5343683e-16,1.4359864e-20,7.758504e-12
2019-07-15,6.8927212e-37,8.6261464e-20,7.6971715e-20,1.8521868e-08
2023-05-16,1.7023388e-12,0.999171,0.99997807,0.9999988
2019-05-17,4.603916e-18,0.99999917,0.0054063206,0.9997408
2021-12-23,0.99999416,0.9996644,1.0,0.9462119
2022-04-01,2.3514647e-21,1.0,5.11859e-07,3.5244807e-07
2021-12-18,1.0,0.9988549,1.0,0.8777417
2020-07-06,4.7486973e-35,1.7458332e-15,5.8003223e-19,2.9871277e-08
2023-07-19,3.4232627e-16,6.331965e-05,2.4534894e-10,3.9614707e-07
2021-08-10,0.0,4.3065597e-13,4.3987377e-26,3.504843e-13
2019-11-12,4.2899178e-09,6.759065e-08,0.9999118,9.6438315e-09
2024-12-15,1.0,0.7125798,1.0,6.824028e-05
2021-07-03,8.00635e-29,1.1157332e-16,5.9468e-09,0.15885147
2022-11-17,5.3678204e-11,2.1766571e-11,1.0,1.8109151e-05
2021-11-01,3.7773023e-30,3.146405e-20,8.973772e-10,2.4024368e-12
2019-05-09,6.724182e-11,0.99999857,0.99991,0.9999999
2022-01-24,0.99999976,1.0,1.0,0.7062259
2023-06-03,9.803463e-34,1.6025398e-08,2.872776e-15,0.9999851
2020-02-05,0.9175962,1.0,1.0,0.96903974
2019-07-08,3.631746e-25,2.1939764e-14,3.7771687e-17,0.00012209748
2021-07-01,5.194722e-32,2.2021531e-09,1.6782152e-11,0.99986386
2021-06-01,7.689394e-20,3.1175003e-07,0.9956536,0.99999094
2024-11-04,8.179288e-36,1.1615475e-12,7.2250163e-17,4.7018337e-19
2022-07-26,5.970878e-26,1.3106486e-13,9.376717e-19,4.3222015e-10
2022-01-08,0.99999976,0.99999523,1.0,0.9432191
2024-12-07,1.0,0.0035896604,1.0,7.0399175e-09
2023-06-07,6.2003425e-29,0.12026707,5.959306e-15,0.9999386
2024-06-11,8.7531e-28,1.5871748e-12,0.44228876,0.003125235
2020-06-23,3.9215287e-38,1.4105112e-15,4.745594e-15,0.00080653076
2024-08-27,5.5081406e-36,1.1971487e-12,4.4214873e-24,2.9559833e-12
2021-12-24,0.9998982,0.99999595,1.0,0.9812634
2021-02-06,4.765434e-10,0.99999964,0.99999964,6.1162833e-12
2024-07-14,0.0,1.4472693e-15,5.5905634e-24,6.7324076e-15
2021-01-04,1.8541401e-05,0.9999987,1.0,2.8487561e-06
2021-02-12,3.4656275e-14,0.9643539,1.0,2.3658455e-07
2021-03-19,5.4261257e-18,1.0,0.99693143,4.7558155e-11
2023-10-19,2.468992e-35,3.193436e-17,5.717085e-20,1.6006286e-18
2022-01-09,1.0,0.9999968,1.0,0.9902975
2021-09-08,0.0,2.6858212e-17,1.8496565e-26,7.672559e-13
2020-08-26,7.888887e-25,7.8305184e-16,9.73443e-15,1.7428032e-14
2020-05-25,1.4209444e-16,0.012791072,0.9968054,1.0
2021-09-20,0.0,3.946437e-17,2.1308447e-24,2.363385e-17
2020-08-24,1.9689651e-25,2.7345065e-11,7.2952185e-18,1.92143e-09
2022-02-16,0.9986951,1.0,1.0,0.0012138081
2024-09-19,2.2664402e-38,3.822903e-13,9.864144e-22,4.824884e-13
2023-08-15,3.241586e-39,1.4835051e-18,4.909468e-26,1.2700426e-14
2022-08-15,3.9337195e-33,1.8353777e-15,7.2659006e-23,1.5430688e-11
2022-11-04,4.537179e-24,5.2446514e-20,0.017831594,3.3157628e-09
2021-12-13,0.9994492,0.74026215,1.0,0.0017827157
2023-09-27,4.356918e-35,8.808995e-23,2.072422e-22,1.5429948e-19
2020-03-17,5.6591705e-13,1.0,0.9999994,0.9999689
2022-05-01,3.1263505e-14,0.9999994,0.9999958,1.0
2019-08-29,0.0,3.0207887e-12,7.275441e-23,1.547076e-08
2024-10-27,0.0,5.2636046e-15,1.1441173e-20,2.83919e-21
2024-03-15,8.1237445e-23,0.99912626,0.0031159783,0.6133865
2020-10-10,0.0,5.0217026e-16,6.0773808e-21,1.6374315e-13
2021-05-23,8.7428065e-09,0.92169064,1.0,0.9999858
2020-02-29,2.5464326e-13,0.99999976,0.99999964,7.804842e-05
2020-09-22,8.390157e-39,4.0828642e-16,3.685242e-23,1.5670151e-12
2020-12-22,0.9893622,0.9999802,1.0,0.04866116
2023-07-27,1.9682652e-34,6.4507986e-16,7.2352536e-23,1.2292177e-13
2024-07-06,0.0,9.182595e-19,1.0901893e-19,9.160932e-09
2022-07-05,1.0160422e-30,2.419642e-18,5.2389843e-23,6.822114e-12
2020-11-25,2.0324829e-07,0.0032418964,0.99999845,1.16080444e-10
2020-10-24,3.3161908e-33,5.879571e-16,9.722245e-14,8.626375e-09
2021-01-26,0.00027438925,0.99999845,1.0,2.8935622e-06
2022-09-07,9.4709786e-33,1.0214391e-17,2.0117673e-21,2.5356498e-16
2022-08-05,1.4516562e-27,2.7600665e-08,1.3854762e-19,6.460403e-05
2022-07-09,2.1059655e-37,3.3156357e-17,5.298008e-24,1.4900307e-10
2022-09-28,4.3805056e-32,2.780315e-22,7.3345883e-19,1.3103921e-19
2020-07-11,1.2168361e-31,1.5956434e-12,3.2541683e-20,8.482364e-11
2021-07-25,0.0,1.208302e-16,1.2342266e-24,1.7410356e-14
2019-11-24,1.0434894e-11,0.002127543,0.99773335,3.4108916e-06
2020-11-13,5.110307e-16,5.013609e-11,0.47098133,2.6586554e-13
2023-11-22,2.1481314e-16,7.182208e-12,0.8587919,6.795272e-08
2020-12-10,0.96777934,0.9961558,1.0,4.3521854e-07
2023-10-08,3.1665634e-34,2.2078955e-19,3.2308402e-20,2.5634768e-22
2023-01-30,1.8735373e-12,0.095081955,1.0,1.4389707e-05
2019-08-21,0.0,3.0190025e-16,2.7071285e-21,4.739627e-10
2019-09-25,4.646708e-31,9.357585e-22,7.560553e-17,4.8456885e-14
2021-08-30,0.0,5.489125e-14,1.2056238e-21,1.027192e-15
2022-02-11,0.99999094,0.9999999,1.0,0.7379537
2020-07-30,2.9516621e-27,1.906121e-09,1.698874e-20,1.1595173e-09
2019-10-11,2.5187207e-24,7.805636e-18,7.208616e-11,2.4273656e-15
2021-08-21,5.789257e-23,4.7969204e-15,5.4140065e-07,6.726908e-13
2020-09-17,0.0,8.877909e-17,4.1028186e-23,1.4749234e-13
2024-06-07,1.550601e-26,1.3480482e-06,0.002142032,0.999905
2021-01-23,7.4483985e-08,0.99999976,1.0,4.3443393e-08
2024-01-04,0.9999521,0.9956375,1.0,1.12912495e-07
2024-12-05,0.99999964,0.73235655,1.0,1.54655e-05
2022-08-27,5.5572193e-33,2.128535e-19,3.0809245e-21,2.285608e-14
2019-12-07,0.99979144,0.98908335,1.0,0.99476105
2021-08-25,2.7778661e-37,7.675196e-16,2.8639537e-17,4.619969e-11
2021-11-06,5.69414e-29,5.6474677e-18,1.8214632e-05,2.523716e-10
2021-12-11,0.9985915,0.99821657,1.0,0.0042596157
2024-08-26,1.219913e-31,6.9865447e-09,3.110199e-20,1.7773025e-10
2022-01-21,1.0,0.99999964,1.0,0.9013926
2020-05-01,2.4009652e-13,0.999964,0.99998033,1.0
2024-02-06,0.0047901743,1.0,0.9999999,5.4434956e-08
2023-07-05,1.1725015e-34,2.031724e-16,5.960808e-22,2.2438271e-09
2023-08-13,0.0,4.726295e-17,1.272021e-25,1.6511672e-14
2022-08-19,2.639101e-33,2.5783515e-13,1.3442833e-21,2.6928414e-11
2020-08-31,2.7183122e-38,3.685732e-13,5.983975e-23,7.812787e-14
2021-10-19,4.7171215e-34,5.009502e-21,3.261109e-16,1.7059636e-15
2021-06-18,1.2097046e-30,1.1336927e-12,3.2994887e-15,0.9999969
2021-12-22,0.9999999,0.98449856,1.0,0.16176097
2024-04-30,1.7547878e-14,0.9917354,0.9999999,1.0
2024-10-13,5.7238033e-36,1.0669587e-14,4.112085e-20,1.3955167e-20
2022-01-15,1.0,0.9999994,1.0,0.97447443
2023-06-26,3.2745527e-35,5.852847e-14,2.1449836e-19,1.735167e-07
2021-03-30,9.372739e-28,0.99999976,4.653125e-14,4.932377e-05
2024-09-04,6.7254734e-31,1.1647035e-10,9.704887e-21,3.0823534e-13
2024-12-14,0.9999995,0.0022654254,1.0,2.2547567e-06
2022-09-30,2.3197972e-31,1.3952598e-22,7.7451375e-16,3.1897317e-19
2021-02-16,4.0091802e-10,0.99864167,1.0,1.0173022e-12
2020-01-03,0.99996877,0.99999845,1.0,0.9999025
2020-09-19,0.0,1.700102e-17,2.2209336e-23,2.2091466e-15
2022-08-13,9.1220295e-32,3.052096e-13,1.1995764e-23,1.05677946e-10
2023-06-13,1.30362505e-36,1.6678134e-10,1.6021542e-20,6.071153e-05
2019-12-09,0.73942775,0.99743456,1.0,0.4494455
2020-11-27,0.0029686352,0.08475323,1.0,1.0580138e-10
2021-01-15,0.014042803,0.9999981,1.0,0.0002310978
2023-08-11,0.0,1.725411e-19,1.8613293e-25,3.0023693e-18
2021-08-05,0.0,1.7794578e-16,1.5787928e-24,1.8550707e-13
2020-02-22,1.3984801e-05,1.0,1.0,0.0019881374
2022-05-08,1.5460626e-14,0.9963169,0.9999697,1.0
2021-03-31,2.573037e-31,0.9999969,2.2583778e-13,0.008049981
2024-08-17,2.56328e-38,6.6602966e-11,4.150439e-22,8.989288e-11
2019-09-22,6.789329e-37,6.389899e-20,6.238327e-21,5.951965e-16
2023-11-05,4.153609e-36,3.1192115e-16,2.9815417e-17,4.4210724e-21
2021-11-04,5.3754326e-30,2.3156534e-21,1.8633457e-07,4.645136e-10
2023-10-26,6.0189003e-34,1.8754408e-18,1.8780549e-17,4.1376745e-18
2023-05-26,3.1353693e-13,0.045345314,0.9853838,0.99999464
2022-11-21,6.9897725e-12,1.6739871e-13,1.0,2.6166804e-06
2023-09-26,0.0,1.365749e-22,3.4171071e-22,3.2183426e-20
2021-08-28,0.0,1.4285977e-15,2.8319614e-23,2.4551333e-13
2024-09-30,0.0,3.6884307e-14,8.0257005e-23,1.5771978e-16
2023-01-28,8.7575176e-11,0.39155358,1.0,5.7950732e-05
2021-05-07,5.391194e-11,0.99999976,0.9999999,0.9999999
2021-10-05,9.315735e-37,1.0209351e-20,5.652961e-19,4.2274842e-14
2021-09-15,0.0,6.5655377e-18,6.963994e-24,2.1104768e-15
2021-04-08,1.0280358e-28,0.9999993,3.6682726e-11,9.409515e-07
2020-09-03,0.0,3.87563e-14,2.3312759e-24,2.7821138e-14
2024-04-25,6.7862175e-08,1.0,1.0,0.9999933
2023-03-02,3.0673624e-17,0.9999889,0.9999999,8.715184e-09
2022-11-16,3.6611563e-15,4.112435e-14,0.99999774,3.7859745e-06
2021-07-27,0.0,3.5304755e-15,1.5609061e-23,1.8057023e-12
2022-07-24,2.526016e-30,4.140981e-15,2.4574514e-21,1.8617517e-10
2023-10-14,7.430859e-31,1.3601826e-19,3.6653375e-21,3.7478077e-22
2022-08-20,1.5677107e-28,4.5575206e-19,4.3020185e-21,2.5344234e-11
2022-09-19,2.8397916e-32,2.3888036e-22,4.6030336e-20,2.5690454e-16
2024-02-02,1.2020947e-10,0.99999976,0.99886936,1.987423e-06
2023-02-15,4.895688e-10,0.99217623,1.0,0.00032913324
2024-07-09,0.0,7.4498705e-17,1.6022451e-21,1.8453407e-10
2022-07-10,0.0,7.5644516e-16,1.2403857e-25,1.054372e-09
2021-05-17,6.494496e-07,0.99999905,1.0,0.9999831
2021-07-11,4.5424876e-35,1.099753e-14,1.8115858e-14,9.569532e-07
2021-03-04,3.9876836e-20,1.0,0.75960493,0.000115041265
2023-10-04,6.464217e-33,1.4961103e-18,8.5411155e-19,7.3065115e-22
2023-08-25,6.43602e-33,7.358362e-13,5.726833e-23,1.44729e-13
2021-12-08,0.990203,0.24180065,1.0,0.00550247
2023-12-08,0.9466771,0.002375758,1.0,8.858723e-05
2023-12-28,1.0,0.99418914,1.0,1.7951135e-05
2021-06-26,2.899764e-21,5.233491e-12,7.273953e-09,0.9995384
2019-09-11,1.0647511e-36,1.2174074e-16,7.5074596e-20,1.9089976e-14
2021-12-14,0.9987675,0.40227103,1.0,0.0009854345
2019-04-04,7.326389e-28,1.0,1.0211203e-12,4.7158082e-06
2020-04-01,1.8061935e-21,1.0,0.9059869,0.02706015
2023-12-18,0.99999785,0.34895855,1.0,1.0966039e-06
2022-12-09,0.0075884154,7.059442e-05,1.0,6.889063e-12
2024-06-29,0.0,7.2951876e-19,3.637313e-21,4.723349e-09
2024-11-10,9.323341e-30,0.00044742264,3.367668e-14,3.7822724e-17
2020-12-08,0.9987985,0.99271435,1.0,6.406562e-05
2023-06-04,0.0,1.0862351e-08,2.0505266e-17,0.9546636
2020-11-17,1.3105785e-17,4.68465e-10,0.0010695196,3.343909e-14
2019-11-28,0.0315383,0.06018227,1.0,0.009219644
2021-12-26,0.9999994,0.999421,1.0,0.9916419
2024-09-26,0.0,2.7805434e-14,3.3619745e-22,2.9102435e-16
2019-08-17,2.2802627e-31,1.311425e-15,2.400658e-17,2.4280501e-08
2021-06-22,2.6206195e-20,3.869201e-08,4.215578e-09,1.0
2024-05-01,7.3068964e-16,0.9993013,0.99999964,1.0
2022-03-20,6.28324e-17,0.8205023,0.020655304,2.5759752e-11
2022-02-20,0.99993277,1.0,1.0,0.00068548875
2019-11-25,1.2760966e-05,0.98682874,1.0,0.010863466
2022-01-25,0.9999987,1.0,1.0,0.99532074
2019-05-26,3.1127653e-26,0.9406049,8.445212e-07,0.99377465
2023-09-23,4.3386923e-34,8.646289e-17,1.1738435e-20,3.063489e-19
2020-10-30,1.3442185e-26,2.173169e-14,5.1514123e-11,2.7022465e-06
2020-12-23,0.9409914,0.9999304,1.0,2.2296264e-05
2023-08-12,0.0,3.837658e-18,4.313235e-24,1.1865715e-19
2021-08-13,0.0,2.4344931e-14,1.4451545e-25,2.2443961e-13
2023-03-25,5.898522e-19,1.0,0.9954964,2.2054764e-06
2021-05-12,6.518899e-09,1.0,0.99999917,0.99999964
2019-11-11,1.3236767e-10,9.7085795e-08,0.9999999,2.0874532e-07
2019-08-20,1.6888947e-38,2.8049502e-18,7.203214e-19,1.2353171e-09
2020-12-20,0.9967804,0.9957087,1.0,3.0800509e-06
2022-04-24,1.6732561e-13,0.99999785,0.9999999,1.0
2022-05-04,2.885723e-09,0.9999999,0.9999999,1.0
2020-12-02,0.8405843,0.054883767,1.0,1.1236994e-05
2024-04-27,1.3541714e-12,0.9999956,1.0,0.99999976
2021-01-02,0.99782664,1.0,1.0,1.2209083e-05
2019-04-20,8.3797844e-11,1.0,0.99999714,1.0
2022-07-13,7.6000173e-34,8.49498e-14,1.7696425e-23,2.206286e-09
2020-06-30,2.3134526e-23,8.6881837e-16,7.0797146e-11,0.018324757
2021-07-14,8.684231e-33,1.11432e-18,7.1265795e-14,2.337935e-07
2024-05-16,1.5983844e-24,2.4647714e-05,0.9983981,0.988366
2021-02-15,3.851695e-10,0.99999106,1.0,2.3054111e-10
2024-06-02,1.31428e-22,1.0546863e-08,0.01682785,0.9999614
2019-11-27,0.00630042,0.05710728,1.0,3.9394945e-06
2019-07-13,1.5888951e-31,2.520212e-15,3.973806e-19,0.01654378
2021-09-23,0.0,4.3928768e-15,7.119713e-23,9.078838e-18
2019-12-18,0.99985373,0.99999034,1.0,0.9996302
2023-11-07,4.6084015e-31,2.4453026e-15,2.2897827e-15,1.8919991e-23
2023-05-31,0.27225882,0.00032117494,1.0,0.99998915
2024-03-07,1.1932838e-36,1.5277542e-06,1.5782919e-14,2.434728e-12
2024-05-24,1.7997093e-27,0.0013698954,0.20219293,0.7598589
2023-08-17,0.0,6.8084574e-18,3.797665e-27,7.472649e-15
2022-02-25,0.9844802,0.9999989,1.0,1.7041832e-06
2020-09-12,0.0,3.697762e-15,5.3347563e-24,3.3421143e-12
2024-06-16,1.4740882e-28,5.404297e-16,6.91261e-08,0.0009709593
2021-02-09,1.954381e-07,0.9999794,1.0,7.5099434e-11
2020-09-18,0.0,1.6641927e-19,1.0347397e-21,6.154709e-14
2024-02-08,1.7216468e-08,1.0,0.99985754,2.5294721e-08
2024-01-03,1.0,0.99999833,1.0,0.025565546
2022-11-10,3.2836237e-19,1.9751126e-16,0.9868775,1.1658118e-07
2019-07-11,1.17391426e-29,4.0533965e-15,5.8750495e-21,2.1271127e-05
2021-01-19,3.435366e-06,0.99999535,1.0,8.567642e-05
2024-12-29,0.9999999,0.9891099,1.0,0.022034299
2022-01-29,0.9998305,1.0,1.0,0.10883475
2020-02-20,0.10124762,1.0,1.0,0.02376281
2023-05-20,7.2950005e-17,0.996637,0.99697816,1.0
2024-01-30,0.9993297,0.99999976,1.0,0.03353086
2023-05-30,7.6031333e-06,0.009380942,0.99999857,0.9999993
2019-06-17,3.974172e-33,5.74681e-13,3.3513535e-18,0.059074506
2023-01-19,1.5862792e-08,0.09759581,1.0,0.0007479417
2021-08-24,4.300103e-34,2.8161584e-15,7.010046e-14,2.8928097e-13
2023-11-29,1.6221514e-06,2.614972e-09,0.9996841,4.0225612e-10
2021-04-16,1.0271848e-21,0.99997103,4.7212954e-09,0.28717786
2023-09-07,2.1371672e-34,1.07091295e-16,2.838256e-23,4.134695e-17
2024-12-09,0.9999993,0.079304695,1.0,1.6872419e-06
2023-10-29,9.991308e-38,2.3531218e-16,1.6818195e-19,6.659873e-20
2021-06-12,1.4379528e-22,2.8999295e-10,5.2276732e-06,0.79564303
2024-08-06,1.594139e-33,2.4423652e-08,1.0732699e-21,1.4916336e-11
2021-01-12,0.00012432798,0.9999995,1.0,0.0001401384
2023-01-09,3.394794e-10,0.10130708,1.0,2.6829457e-12
2022-08-17,2.8060002e-32,3.6710982e-16,1.3883364e-22,1.0446504e-11
2022-01-31,0.99999845,0.9999999,1.0,0.72724414
2024-12-17,1.0,0.91495013,1.0,1.0231129e-06
2023-08-07,0.0,1.5428315e-17,5.5991852e-24,1.0759202e-17
2023-01-03,9.455051e-12,3.7172756e-06,1.0,1.7249542e-11
2022-02-18,0.9999764,0.9999999,1.0,8.35739e-06
2021-11-21,1.2722294e-06,2.793777e-09,1.0,5.897081e-07
2020-01-27,0.6108446,1.0,1.0,0.9999865
2022-09-10,2.762154e-29,1.1611191e-21,6.1364657e-19,1.0055319e-14
2023-04-28,1.12826805e-11,0.9999999,0.99999976,1.0
2020-10-11,0.0,1.9113824e-16,6.665944e-21,3.579454e-17
2021-11-09,4.0833533e-28,2.0352347e-19,0.00015481061,3.9929608e-11
2022-03-22,2.2678118e-26,1.0,1.0815014e-11,8.5694984e-10
2024-12-06,0.9999989,0.3532186,1.0,2.2760436e-05
2024-07-12,0.0,7.961776e-18,1.0356401e-21,1.32344136e-11
2021-09-25,0.0,2.0965354e-18,2.5215292e-23,1.7557887e-18
2023-08-29,3.2636887e-29,1.419443e-13,1.5405518e-22,2.0790254e-15
2019-09-13,9.171929e-39,1.8863548e-17,1.2822838e-21,2.0252386e-13
2022-03-17,4.686411e-21,0.99999475,2.1636802e-07,3.1245443e-14
2021-11-02,9.5185714e-33,3.1217186e-19,1.4576486e-09,4.388102e-12
2024-02-03,3.9337617e-12,1.0,0.99724776,1.7095748e-05
2021-08-29,0.0,3.0638325e-16,1.5727695e-24,4.6190697e-15
2024-05-28,3.6443787e-23,0.00027467482,0.9968591,0.9999968
2022-02-07,0.99999833,1.0,1.0,0.111517765
2019-04-22,3.9284227e-12,1.0,0.9999783,1.0
2021-02-04,5.9547767e-10,0.9999913,1.0,4.0901801e-10
2020-07-15,2.548293e-32,4.110714e-12,1.0986882e-21,1.2562223e-08
2020-05-18,5.6599615e-16,0.47357112,0.99998844,1.0
2020-08-05,7.566937e-30,4.3248147e-14,5.4343853e-20,1.3776288e-08
2019-10-08,3.3801754e-27,1.1180499e-18,1.6350361e-15,1.4299757e-13
2024-09-20,0.0,8.187513e-14,7.4175533e-22,4.3631972e-16
2022-07-30,7.022168e-26,1.3298677e-16,1.116686e-18,2.0505947e-08
2023-06-27,2.599696e-38,4.330791e-14,1.6924741e-23,3.6157038e-10
2022-05-13,5.830006e-18,0.17184125,0.9999423,1.0
2024-11-27,0.992761,0.00021341168,1.0,2.2605168e-08
2021-03-22,3.2904557e-20,1.0,0.04964551,7.87556e-08
2024-12-18,1.0,0.9782155,1.0,0.000112928356
2023-08-06,0.0,1.949595e-15,1.0982884e-24,3.569145e-14
2021-12-05,0.9973821,0.022501817,1.0,0.0049581127
2023-02-04,5.5836575e-09,0.009058191,1.0,2.8475614e-07
2019-11-01,6.115292e-27,7.192238e-17,3.3301249e-06,3.0646273e-12
2022-02-10,0.99999225,1.0,1.0,0.5467651
2019-04-06,3.398546e-28,1.0,1.1317662e-11,0.00015801829
2020-06-03,3.3138503e-26,6.22107e-11,1.9303774e-10,0.999962
2019-06-08,2.2992123e-35,3.539625e-07,2.7044417e-12,0.9998313
2022-12-25,1.6307072e-06,0.9915912,1.0,4.5762785e-10
2019-09-28,1.3517709e-28,8.4184085e-22,7.095063e-17,5.5988056e-15
2024-11-11,9.814409e-30,2.9831774e-05,4.6207574e-13,1.7447869e-16
2020-08-18,3.2026232e-24,2.1943636e-12,9.364112e-16,6.1969857e-10
2020-07-17,1.663283e-29,8.6254033e-17,3.6321948e-22,2.7133984e-14
2020-12-05,0.9604704,0.66521925,1.0,1.4608494e-06
2024-10-26,0.0,4.76137e-15,4.1251392e-21,1.1316878e-16
2023-08-16,5.08326e-39,3.1464668e-19,3.8069355e-26,5.142593e-16
2020-09-09,0.0,6.520188e-14,2.1663669e-24,1.18906206e-14
2022-09-25,1.4477391e-37,1.6088843e-21,3.7740335e-22,1.8675814e-17
2019-05-27,3.137671e-25,0.9999933,3.3474677e-07,0.9997899
2019-09-21,0.0,6.369685e-17,1.4005937e-20,1.8650817e-14
2023-12-25,0.99996066,0.009954429,1.0,0.00047532914
2019-11-17,4.552238e-12,2.7370053e-08,0.9999976,9.827813e-09
2023-04-25,1.5941787e-14,1.0,0.99999774,0.9999999
2022-06-22,1.9695699e-36,1.4842877e-16,2.7253234e-21,9.913564e-10
2020-09-21,0.0,1.501233e-14,5.0792095e-24,1.849531e-13
2020-12-29,0.99779344,1.0,1.0,0.012987417
2022-03-24,4.406629e-27,1.0,2.342735e-10,1.0629422e-08
2023-12-09,0.99999964,0.001103117,1.0,1.1611244e-06
2022-03-05,2.2721304e-07,0.999851,0.9999987,4.6820455e-12
2022-08-03,2.769236e-27,1.9280348e-16,2.3100697e-20,3.985858e-09
2023-03-11,1.6086201e-14,0.9999968,0.99999976,2.9735306e-06
2019-10-27,4.389725e-31,9.780417e-19,8.302681e-07,1.7728433e-14
2020-02-04,0.9979577,1.0,1.0,0.99764806
2020-07-09,7.0322826e-31,2.6725948e-14,1.0323189e-21,9.287353e-10
2024-09-02,6.017024e-32,8.949388e-12,2.4665052e-21,8.4771105e-14
2024-05-19,4.6330144e-21,3.0098905e-05,0.9998473,0.9981883
2021-06-17,4.2716964e-30,2.7917686e-13,1.629768e-15,0.999209
2021-10-23,1.2205035e-32,2.1259545e-19,1.6474624e-13,8.9110976e-12
2024-09-21,0.0,4.9715685e-18,7.801267e-24,4.3158013e-17
2024-10-18,0.0,5.445307e-14,4.101808e-20,2.0858918e-20
2019-07-06,1.5420648e-27,1.266753e-13,2.712811e-16,0.004490285
2023-02-27,6.100225e-17,0.99338573,0.99994266,1.2128349e-08
2022-09-04,2.5294518e-35,1.685802e-19,6.0679756e-21,8.3427324e-16
2024-08-09,5.487617e-33,7.230729e-08,3.1968774e-22,7.472022e-11
2019-03-26,1.1828988e-24,0.99999976,9.2188396e-10,2.0068639e-07
2023-05-11,7.373516e-07,1.0,0.99999964,0.9998167
2021-10-08,4.154198e-35,4.903029e-19,4.597849e-16,3.182748e-12
2021-03-06,2.0612212e-12,0.9999993,1.0,3.804945e-08
2022-05-22,9.649057e-24,0.0021589438,0.0013022424,1.0
2022-08-12,2.1527509e-30,1.8702482e-13,5.243166e-22,2.8105016e-12
2019-05-10,3.8651016e-11,0.9999877,0.9997002,0.99999976
2023-01-18,1.9148619e-10,0.010187712,1.0,1.9883092e-07
2022-04-25,1.9914639e-14,0.9999995,0.99998355,1.0
2022-02-06,0.9999994,0.9999999,1.0,0.1902217
2021-04-27,4.0906523e-12,1.0,0.99993193,0.99999976
2020-09-24,1.3377144e-37,1.8668994e-15,6.701757e-24,2.6568507e-13
2021-08-27,0.0,2.2241527e-14,6.7962635e-25,9.992379e-15
2019-10-30,9.194119e-28,1.9080683e-15,5.6904435e-05,3.2124726e-13
2019-09-19,0.0,6.898933e-21,8.000337e-21,7.7015915e-16
2020-05-10,1.567364e-13,0.9999025,0.99999094,1.0
2019-09-01,0.0,1.9916804e-14,5.588497e-23,3.9117396e-13
2024-12-03,0.9995859,0.019608108,1.0,2.8315753e-10
2024-08-10,3.9251156e-33,4.707257e-10,7.305476e-23,2.2574217e-13
2023-12-12,0.9997354,0.005532286,1.0,1.6236389e-06
2020-05-31,3.1273602e-24,1.1267666e-08,2.6690242e-10,0.9999933
2021-03-17,2.6441767e-13,1.0,0.9998229,3.2921264e-08
2019-11-14,1.0307709e-09,1.9774765e-08,0.99898404,2.737028e-14
2024-10-29,3.2456974e-37,1.1263435e-15,2.3104576e-20,2.4297589e-20
2023-03-29,5.814511e-23,1.0,1.1873742e-05,2.921797e-07
2019-09-18,3.8932123e-36,1.2682759e-17,7.346317e-20,2.6574393e-16
2020-10-02,4.192465e-37,1.5012238e-11,2.5731764e-22,1.7709457e-12
2019-05-12,3.124947e-12,0.99999976,0.9891073,0.99999833
2021-06-29,8.231536e-27,2.2810113e-12,1.06785455e-10,0.99999714
2021-06-02,1.3827908e-16,8.121346e-05,0.99990296,0.99999
2021-03-29,1.852183e-27,1.0,3.5768887e-13,2.1751152e-09
2020-06-08,1.7177803e-11,7.761472e-06,0.99999785,1.0
2024-11-25,0.018081138,7.1025905e-05,0.99999964,4.109223e-09
2021-01-10,1.4378569e-06,1.0,1.0,1.9080044e-06
2021-09-29,4.475179e-38,3.7507254e-22,3.4672366e-24,2.0873903e-18
2021-03-11,1.0794811e-08,1.0,0.99999964,1.865394e-07
2020-10-07,1.4780061e-37,4.1489186e-15,1.04912894e-19,2.199954e-12
2024-05-15,4.5314212e-23,0.00018690975,0.9999615,1.0
2024-01-28,0.9999945,0.99999607,1.0,0.008696918
2023-04-19,4.1071238e-16,1.0,0.99984694,1.0
2019-06-26,7.493632e-37,1.7267279e-19,2.8403695e-22,0.015525373
2024-04-26,9.291348e-08,0.99999654,1.0,0.9999888
2020-11-02,8.611817e-26,1.27796e-13,1.0279423e-08,2.1639272e-08
2024-07-17,0.0,1.1904044e-16,1.6740566e-25,1.3638893e-16
2020-12-09,0.97514266,0.5611441,1.0,1.202547e-09
2024-06-22,5.0742913e-31,1.612539e-15,1.6605175e-12,0.0002447466
2023-02-01,4.196022e-12,0.00016806969,1.0,1.4246647e-06
2023-03-23,7.822466e-21,1.0,0.004633429,0.0024785814
2023-07-22,1.22642825e-36,6.70212e-15,4.703003e-25,7.159506e-11
2024-10-09,1.5932862e-35,2.9685715e-16,1.183433e-21,9.505734e-24
2024-02-10,1.6943442e-12,1.0,0.9992422,9.9357734e-05
2020-10-21,3.4113e-36,2.169459e-17,2.3210963e-14,2.6913185e-17
2024-04-29,1.8453281e-12,0.9999987,1.0,1.0
2023-02-14,1.1329136e-10,0.001086468,1.0,1.6170361e-05
2019-08-14,7.794494e-29,1.1484623e-15,2.839728e-16,1.0107539e-07
2021-04-25,2.1495906e-16,1.0,0.99875605,1.0
2021-07-20,0.0,2.3751942e-20,4.733188e-24,9.176023e-13
2023-09-04,1.0090798e-34,5.8175294e-15,8.559989e-22,1.6433672e-20
2023-09-22,1.8679753e-30,3.3452774e-12,1.3511017e-19,3.4057178e-16
2019-05-25,3.0764637e-27,0.99981195,3.0140956e-08,0.9852718
2022-03-23,4.36881e-31,1.0,4.7830134e-12,4.459048e-09
2023-01-16,4.505358e-09,0.9972065,1.0,2.4535384e-08
2023-05-01,9.626312e-14,1.0,0.99999607,1.0
2019-06-09,7.082279e-30,6.3488087e-10,9.1546387e-10,0.99995875
2024-03-18,7.1359624e-26,0.99993384,0.02178495,0.11686762
2021-06-23,6.312193e-23,1.0872102e-10,2.1116046e-11,0.9999994
2022-08-08,7.5154784e-36,1.2101419e-17,2.859884e-23,1.3859588e-13
2021-07-02,4.2020858e-38,4.2053058e-13,9.843265e-18,3.4411862e-06
2020-05-05,4.9368287e-12,0.99967206,0.9999993,1.0
2023-01-20,4.0585726e-11,0.00028937127,1.0,3.914146e-07
2021-09-02,0.0,1.6652758e-15,2.119373e-25,5.0872728e-14
2021-08-31,0.0,1.8763361e-17,2.623356e-23,1.7806588e-17
2022-02-17,0.9999291,1.0,1.0,0.0009840684
2022-09-14,1.2037456e-34,1.5893814e-22,6.6677685e-23,1.4754797e-18
2023-08-10,7.003533e-38,2.042655e-19,5.591739e-23,4.739614e-19
2021-04-20,1.5734784e-23,1.0,8.471568e-10,0.27818537
2019-09-10,5.370812e-33,2.1735418e-18,7.041553e-21,9.371475e-12
2023-07-11,2.0546422e-35,5.0379163e-12,3.557077e-24,2.1465425e-12
2024-07-05,0.0,2.7330032e-16,7.324012e-21,6.71965e-13
2023-08-08,0.0,1.9560973e-16,2.048443e-21,6.1852675e-15
2023-07-03,3.417795e-39,5.1263923e-17,7.315963e-23,1.2563284e-07
2020-10-01,2.5246789e-36,1.6396956e-15,7.314065e-23,2.8413007e-15
2022-08-14,1.8882258e-33,1.336479e-16,1.7076941e-24,1.1683684e-13
2022-02-13,0.9999105,0.9999999,1.0,0.0014320919
2022-07-17,5.8209774e-35,5.371981e-14,3.8531497e-25,2.3010246e-12
2021-08-16,2.1305698e-38,1.5450869e-14,1.6879866e-23,4.0450554e-15
2019-06-16,1.03991715e-33,3.0198455e-11,1.00512424e-16,0.96627456
2022-09-06,5.0186144e-33,1.3699843e-17,1.03991904e-22,1.05947816e-13
2023-07-17,3.315159e-22,4.5204446e-10,1.9788316e-15,3.369079e-08
2020-10-03,4.0325084e-33,1.4368428e-14,7.121405e-21,3.7470314e-13
2023-05-27,1.046859e-10,2.839339e-06,0.99982065,0.9999368
2021-04-01,2.8376505e-30,0.99999976,6.427659e-16,0.0004135693
2024-03-09,3.1216665e-37,0.059640735,2.380888e-15,3.6936038e-11
2024-12-16,0.9999999,0.029371794,1.0,1.2194246e-06
2020-11-29,5.397563e-06,0.009960681,1.0,1.5988334e-08
2024-02-05,0.0015861146,0.99999666,1.0,4.8221924e-08
2024-02-01,0.03416277,0.9999999,0.9999999,6.1462777e-09
2022-01-23,0.9999987,1.0,1.0,0.9816471
2019-12-25,0.99897885,0.999995,1.0,0.99970824
2020-08-14,6.781543e-28,1.4222794e-11,1.6436125e-19,6.645754e-11
2021-01-07,0.00080789154,0.99999845,1.0,1.0035442e-06
2020-12-26,0.7588984,0.9999968,1.0,0.07137611
2024-05-21,3.7114813e-24,1.05323124e-07,0.0006886002,0.99874026
2023-12-27,0.99992263,0.20222278,1.0,0.0010161473
2024-02-07,1.8117045e-05,0.9999999,0.99999547,0.00017391387
2023-11-06,7.7323387e-35,9.693395e-18,2.0340661e-16,2.524537e-19
2021-04-06,1.6442673e-31,0.99999833,5.473078e-10,1.2510723e-07
2023-06-29,4.0374646e-33,9.178407e-12,1.660236e-19,1.3126705e-06
2023-12-11,0.99921227,9.684859e-06,1.0,3.682797e-08
2022-02-21,0.999979,1.0,1.0,0.00088383886
2021-04-26,7.119755e-19,0.9999987,0.38510767,0.99857414
2023-05-10,4.1232697e-06,1.0,0.9999982,0.9999988
2023-03-24,5.716247e-23,1.0,9.528185e-06,0.000867294
2021-08-18,4.7389816e-34,3.5997357e-16,1.5617926e-13,1.9273221e-08
2023-10-02,2.27842e-38,2.3168298e-20,3.920992e-22,8.5254816e-21
2024-05-10,1.8051227e-17,0.03092136,1.0,1.0
2020-02-11,0.83028543,1.0,1.0,0.99864954
2020-03-15,3.901252e-15,1.0,0.99998343,0.999962
2021-06-27,3.192905e-29,1.54977e-15,2.4175505e-12,0.99949133
2023-11-14,7.5045367e-28,4.263081e-17,2.8158299e-08,6.5821384e-18
2023-04-10,3.0507532e-27,0.99999976,1.1434065e-08,0.18953267
2023-02-08,1.4888773e-05,0.8182084,1.0,1.28240745e-05
2019-10-12,6.796726e-26,1.3381931e-16,1.2575821e-11,5.784286e-17
2021-04-12,4.2538526e-25,0.9997234,7.5679775e-11,0.00010351883
2024-01-24,0.9999999,0.9999373,1.0,0.0068201683
2021-05-29,5.17461e-16,0.00096477184,0.9903846,0.9974903
2022-01-03,1.0,0.9999969,1.0,0.96957546
2024-11-07,2.886704e-31,1.6773856e-05,5.5393403e-16,1.1574295e-16
2021-11-23,1.9843035e-05,1.9551248e-07,1.0,2.694223e-07
2024-03-10,3.11884e-33,0.071486555,4.1589616e-13,8.4237985e-09
2019-04-12,6.6319307e-21,1.0,4.6036328e-07,0.92578846
2022-03-11,8.947703e-11,0.9931919,0.0025392044,1.8421798e-13
2023-03-04,6.1163063e-16,0.9997149,0.99998665,1.1245466e-08
2020-10-04,3.3188053e-36,3.1207013e-15,5.246487e-22,2.2912158e-11
2024-03-12,5.7710283e-36,0.0030281404,2.8596748e-13,8.4210655e-13
2023-04-23,6.768104e-13,0.9999999,0.9999528,1.0
2021-03-12,8.855544e-11,1.0,0.9999999,2.0243766e-10
2023-10-12,1.2373265e-35,3.085925e-20,1.0976159e-21,2.3670977e-21
2023-07-15,4.3629517e-29,1.1490791e-13,8.89013e-20,3.336086e-14
2021-11-28,0.5017569,0.00029556965,1.0,0.0025638102
2020-10-08,1.3381795e-36,3.948231e-16,1.0955494e-21,7.2377305e-14
2021-07-31,0.0,1.2922889e-14,1.1246227e-21,1.6977227e-14
2023-09-02,4.5383397e-31,9.139098e-13,2.4867228e-21,1.2677189e-18
2022-02-04,0.99999905,1.0,1.0,0.38141707
2021-12-07,0.85977304,0.95733964,1.0,5.1306904e-07
2020-03-12,2.5680054e-17,0.99999714,0.9999827,0.9478654
2019-12-29,0.99996626,0.9999995,1.0,0.9999964
2021-07-19,0.0,9.083274e-18,1.5155754e-21,7.467228e-13
2023-03-03,2.2795695e-14,0.9997583,1.0,2.2505117e-06
2024-01-16,0.9999999,0.9955722,1.0,5.772581e-05
2023-08-19,8.1653146e-38,2.4744373e-16,1.2557648e-23,2.2663272e-16
2019-05-21,1.8498183e-19,0.999998,0.04488902,0.90564704
2021-09-01,7.4446817e-37,2.5640023e-13,3.7781284e-20,3.5751185e-15
2022-07-22,1.2874353e-36,2.127497e-14,3.0554163e-24,2.446881e-10
2023-12-05,1.0,0.45817086,1.0,0.00025215282
2020-12-17,0.9462127,0.9970643,1.0,0.00043691686
2021-03-21,3.433064e-20,1.0,0.3271693,2.519225e-09
2022-01-22,0.9999999,0.9999999,1.0,0.88483804
2024-01-26,0.9999918,0.99999964,1.0,0.10366423
2020-12-07,0.9799657,0.9999316,1.0,3.2214386e-05
2022-07-18,9.951119e-35,4.185225e-15,5.70942e-25,3.427822e-13
2020-07-28,4.948886e-31,8.006893e-12,6.947292e-20,1.390007e-09
2023-07-04,2.730471e-31,3.317027e-17,2.0677811e-20,1.328279e-07
2024-02-28,7.2969974e-34,1.332839e-08,3.68867e-14,1.19999835e-14
2023-03-12,6.706237e-15,0.9999994,0.9999999,6.812102e-07
2023-06-24,6.3898266e-35,4.0677677e-13,1.490549e-20,3.038675e-07
2022-06-24,8.438402e-31,3.1182734e-15,9.209769e-22,1.6610876e-12
2021-02-10,8.660258e-08,0.9999081,1.0,1.3979241e-10
2021-05-06,3.39947e-11,1.0,0.9999995,1.0
2023-06-10,2.896175e-26,3.3602662e-06,5.905489e-12,0.99992776
2019-08-18,3.4992715e-32,8.360726e-14,2.4101745e-16,1.0610213e-09
2021-10-21,2.2334186e-34,2.7188258e-19,3.2072453e-16,1.0471318e-15
2020-02-01,2.1956939e-07,1.0,1.0,0.9999819
2023-11-02,4.9661625e-27,1.3604285e-16,1.5888526e-16,5.5818136e-21
2023-06-08,4.7976656e-32,2.1014964e-06,3.211221e-14,0.9999974
2020-07-14,3.2811508e-30,7.148022e-10,5.5702896e-19,3.592068e-08
2023-02-03,6.456751e-10,0.028928291,1.0,7.130931e-05
2021-09-10,0.0,2.75998e-17,1.1511846e-25,2.370193e-13
2019-05-28,9.895936e-33,0.21401799,8.0025526e-13,0.9999504
2021-04-30,6.664069e-19,0.9999007,0.8598151,0.9999448
2021-05-16,9.1407985e-11,1.0,1.0,1.0
2021-09-19,0.0,2.803471e-20,9.566733e-25,7.107385e-18
2022-12-31,0.0002554615,0.043345783,1.0,1.5914113e-05
2022-07-15,9.0868135e-32,2.728619e-15,2.5618431e-23,2.7679978e-10
2023-08-20,1.0674945e-32,1.040692e-16,1.0300757e-23,2.5245099e-14
2024-08-18,1.3567338e-38,8.176757e-11,3.912386e-22,4.4884648e-11
2020-05-24,1.4449302e-15,0.018441573,0.9998373,1.0
2024-03-30,5.9575134e-14,1.0,0.9999944,0.8314517
2019-10-04,1.5064964e-29,1.4560852e-15,3.5389706e-15,1.6456588e-14
2024-03-16,1.5883537e-26,0.999977,0.0014057243,0.00018272812
2021-10-13,0.0,3.281271e-18,5.0547662e-21,1.1227964e-14
2023-02-23,1.1713784e-13,0.9833651,0.9999999,0.1587883
2020-12-06,0.8926145,0.64672804,1.0,5.9788463e-10
2023-03-06,5.614097e-15,0.99956006,0.99999964,5.3639884e-09
2019-04-19,3.5117116e-15,1.0,0.99980384,1.0
2020-08-04,1.2464997e-25,8.6060125e-13,4.8130244e-18,5.0728626e-11
2020-02-07,0.41302115,1.0,1.0,0.9564037
2021-06-04,7.681412e-22,6.939891e-08,0.8546213,0.9999919
2020-07-12,4.4555457e-35,5.921839e-10,5.6254574e-23,1.0714079e-07
2019-11-07,3.9340136e-21,5.5289775e-15,0.39593956,1.0384578e-06
2019-05-15,6.848106e-17,0.9999975,0.025097232,0.99980944
2020-10-15,9.0004005e-38,4.514596e-13,4.5967167e-20,4.6521406e-10
2021-11-07,5.58568e-32,1.8998636e-20,2.308239e-07,3.7505207e-13
2023-07-28,8.485412e-36,5.1284097e-16,1.3467295e-24,9.92838e-14
2020-05-16,1.3117972e-12,0.041161433,0.99999964,1.0
2022-11-13,2.3779667e-14,4.8909268e-14,0.9999999,2.8790982e-05
2023-06-21,3.5274666e-34,3.2524998e-12,4.4166313e-17,3.2205353e-05
2023-09-09,2.0561741e-32,4.5188658e-18,6.3731386e-24,6.7582343e-17
2022-06-03,5.5118692e-18,1.3603583e-06,0.998961,1.0
2024-10-07,3.1573795e-37,1.3372701e-15,2.400899e-22,1.4736704e-23
2022-02-23,0.98106855,0.999995,1.0,1.2717358e-06
2023-08-04,0.0,4.481858e-16,1.9687473e-25,5.984319e-15
2024-07-03,0.0,5.0290257e-16,8.763316e-22,9.848362e-09
2020-04-05,2.8035845e-23,1.0,2.1760434e-06,0.99918276
2020-04-30,4.4164883e-13,0.9998056,0.9996507,1.0
2020-11-23,2.835906e-09,2.4316234e-05,0.9992705,4.3509125e-13
2024-12-04,1.0,0.009220994,1.0,9.242967e-07
2020-05-23,7.539159e-16,0.7101228,0.9854467,1.0
2021-10-18,0.0,1.974536e-20,8.6443954e-20,5.1064628e-14
2021-05-18,1.7466825e-06,0.9999999,0.9999999,0.9999993
2022-04-10,6.9749865e-13,1.0,0.99999976,0.99174786
2024-10-23,5.088936e-35,1.2452834e-13,9.894841e-18,3.317924e-18
2024-08-29,6.039515e-32,1.186728e-11,9.8483195e-21,1.0656114e-12
2021-08-19,1.4442136e-23,1.8257132e-15,2.3757448e-06,1.6971343e-06
2019-06-07,3.0191726e-33,8.228448e-11,7.56032e-14,0.9987631
2023-12-19,0.9999888,0.024537008,1.0,1.7020683e-06
2022-01-26,0.99999905,0.9999993,1.0,0.005540456
2024-10-15,2.1704988e-35,7.382684e-16,1.439448e-19,2.4713248e-23
2024-06-15,1.8952112e-33,1.1488555e-17,4.441136e-10,2.412954e-05
2021-04-05,1.0858533e-24,0.9999901,1.4966137e-13,1.16493275e-05
2024-05-14,8.2720697e-22,6.255455e-05,0.9999894,0.99999833
2021-09-24,0.0,5.0273705e-18,4.8501826e-25,1.9757134e-18
2023-04-20,2.2197026e-18,0.99999976,0.99967146,1.0
2021-04-07,1.17519576e-29,0.9999999,8.274499e-11,1.974625e-06
2020-08-20,2.8131026e-27,3.1039372e-15,1.265418e-20,7.0406084e-11
2024-03-13,2.314091e-28,0.98345816,8.649013e-07,3.209732e-11
2023-06-28,2.2244784e-30,9.49501e-12,1.3211996e-18,2.479484e-07
2022-09-15,4.616028e-35,4.1012798e-18,2.1381682e-21,2.18028e-15
2020-12-24,0.8636331,0.9999882,1.0,0.023291295
2024-10-01,9.202307e-33,7.43642e-15,2.2451031e-20,3.0880446e-20
2024-08-20,1.1469019e-33,1.1344121e-10,1.6524265e-19,8.421217e-19
2024-06-24,4.4775056e-36,2.6334132e-15,8.3235244e-14,0.2566211
2023-04-08,4.650246e-27,1.0,7.1650297e-10,0.008036604
2020-04-03,1.6635381e-20,1.0,0.22634211,0.99885976
2020-03-27,7.160151e-18,1.0,0.82185596,0.9391352
2022-02-03,0.99999905,1.0,1.0,0.87552965
2023-04-21,5.798564e-15,0.9999999,0.999998,1.0
2019-09-12,6.360864e-34,1.6190021e-18,9.689762e-20,8.855852e-14
2020-07-20,4.152196e-30,2.0047864e-15,1.3961907e-23,1.3080172e-12
2024-07-10,0.0,2.6789069e-15,5.5076993e-21,5.7993363e-12
2020-04-26,8.116739e-09,0.9999958,1.0,1.0
2019-11-13,1.5516736e-07,6.1689946e-08,0.9999976,8.7943636e-10
2021-06-28,1.30601e-20,1.1262239e-10,2.4878908e-09,0.9999423
2022-11-20,2.9391667e-13,4.4823323e-14,1.0,3.6338836e-08
2023-08-14,6.4470146e-37,1.16281485e-17,2.3467298e-24,7.985022e-16
2022-06-28,1.3900028e-26,9.56254e-17,3.8858722e-19,8.648645e-10
2023-05-13,1.3012092e-08,0.99965394,0.9999999,0.9999999
2022-03-29,1.5485569e-17,1.0,3.3944073e-06,6.8527487e-07
2022-01-14,1.0,0.99999654,1.0,0.95521605
2020-11-06,1.432486e-11,2.8888345e-09,0.97894245,2.8317773e-12
2023-04-09,2.482641e-26,0.9999999,2.4269621e-08,0.9959794
2022-05-25,6.0574145e-26,5.0872873e-06,0.0011546441,1.0
2021-11-22,1.3256572e-06,5.191694e-08,1.0,3.1210936e-07
2020-07-08,2.2432352e-29,4.940792e-13,5.4888757e-17,1.9606436e-08
2023-07-06,5.977309e-32,1.5528288e-12,7.592246e-20,2.5823456e-07
2021-04-14,3.2468936e-25,0.99999976,8.8002694e-10,0.9533199
2024-01-01,1.0,0.9995548,1.0,0.022779167
2020-07-26,1.8118545e-26,8.542601e-11,4.545972e-20,2.4106556e-10
2022-02-09,0.9999697,1.0,1.0,0.008314457
2024-02-12,0.00043078247,1.0,0.99999475,5.7644495e-10
2024-11-19,2.4317263e-11,1.8828497e-10,0.9964244,3.5974175e-15
2021-06-30,3.828062e-28,3.9494402e-10,1.7377613e-10,1.0
2020-12-15,0.89208645,0.9451036,1.0,0.0008232092
2021-08-09,0.0,3.2001466e-15,1.6440035e-24,1.3848431e-14
2019-10-14,4.5146444e-33,1.4433924e-16,9.842407e-13,2.461813e-15
2023-05-17,2.634465e-10,0.99537635,0.99999964,0.9999999
2024-11-16,1.5466221e-15,0.00023091809,0.446918,1.5754227e-14
2022-08-11,4.0108672e-30,1.9510531e-15,1.3680851e-22,3.177542e-13
2022-01-30,0.99999976,1.0,1.0,0.6479301
2022-06-01,2.8261683e-14,3.1859363e-06,0.98515666,1.0
2022-07-11,4.387397e-39,1.2546112e-15,1.0957573e-23,1.9147257e-11
2023-03-15,9.543778e-16,0.9999999,0.9999982,9.704625e-06
2024-02-23,3.6349256e-37,3.552131e-05,1.6664124e-16,6.474098e-15
2019-04-18,8.056034e-16,0.99999976,0.9987897,1.0
2021-01-21,3.291733e-06,0.99999857,1.0,8.114998e-06
2022-11-06,9.837534e-23,2.891539e-18,0.00253206,2.3788234e-06
2021-04-15,7.195364e-25,1.0,8.8896157e-10,0.055061232
2021-05-31,9.107151e-24,3.0987128e-08,0.9865593,0.91616344
2020-10-23,4.69969e-38,2.7850668e-17,6.480939e-16,1.1300103e-15
2019-05-02,3.322448e-09,0.9999914,0.9999981,1.0
2022-09-11,7.9338346e-30,1.1023853e-24,7.2101963e-19,5.59966e-15
2022-06-12,1.5215676e-33,5.026993e-12,6.8394915e-13,0.99993753
2019-05-19,1.6155328e-13,0.9999995,0.014398778,0.999995
2022-12-24,2.953868e-07,0.5680136,1.0,3.0494559e-12
2019-04-27,7.565758e-14,1.0,0.99997604,1.0
2022-04-13,2.6861354e-12,1.0,0.99999464,1.0
2022-11-24,1.3881892e-07,6.1109465e-11,1.0,3.3227776e-09
2023-07-12,6.4618076e-31,1.9882988e-10,2.1681237e-20,8.279384e-13
2023-08-21,3.8867335e-33,9.606602e-16,4.153431e-23,1.5663642e-15
2024-03-03,5.320317e-35,2.3779347e-05,4.4209445e-14,7.6346e-14
2022-12-07,0.0002520824,1.7226404e-10,1.0,2.4157334e-13
2023-03-09,2.551607e-12,0.99998736,0.9999999,5.0233586e-09
2020-11-21,1.3682022e-11,1.1370864e-08,0.93400186,2.7430814e-13
2022-12-04,1.134968e-05,2.0033639e-08,1.0,1.2928917e-12
2020-12-13,0.99800223,0.99860376,1.0,0.00013326871
2022-01-16,1.0,0.9999759,1.0,0.7337773
2020-11-12,1.5379592e-11,1.3162131e-06,0.7273223,1.2865623e-08
2020-09-04,0.0,2.792623e-15,2.359224e-24,6.439538e-16
2020-02-03,0.99202627,1.0,1.0,0.9993192
2024-10-17,7.226762e-37,3.8018174e-16,2.0898672e-19,2.8402884e-18
2024-06-28,0.0,4.3507746e-19,3.208511e-20,4.658619e-06
2024-07-04,0.0,1.4039805e-19,1.1861488e-22,1.4447935e-10
2023-12-03,0.74778813,4.055154e-06,1.0,1.6078406e-05
2021-08-26,0.0,2.1849906e-13,6.031263e-20,8.637562e-11
2020-06-19,3.7664617e-33,5.225409e-13,5.375479e-09,0.9962501
2022-07-14,1.7796373e-35,2.28731e-13,1.2446419e-25,6.0985194e-08
2022-07-16,6.346966e-37,7.475557e-15,2.012116e-25,1.6961968e-12
2021-05-15,3.3190897e-10,1.0,0.99999976,1.0
2023-11-21,1.6672915e-14,1.1965688e-16,0.5808773,8.0974095e-13
2021-09-28,0.0,3.4427625e-16,3.2111178e-21,2.5024269e-19
2021-07-13,8.942739e-37,4.4676025e-17,2.5667053e-15,5.042243e-08
2022-06-11,2.935261e-32,3.289557e-17,6.137275e-11,0.4314693
2020-03-19,1.3289643e-17,0.9999801,0.9737917,1.0
2021-01-08,1.723491e-05,0.9999951,1.0,3.5333127e-05
2021-01-27,1.0598336e-06,1.0,1.0,3.8649674e-08
2019-04-16,3.903608e-13,1.0,0.9996494,0.9999993
2021-01-24,7.999237e-05,0.9999999,1.0,3.875616e-06
2023-03-19,2.6606555e-23,1.0,0.028766917,0.00016199467
2019-12-20,0.9998698,0.9999856,1.0,0.99995184
2021-02-20,5.9739445e-14,0.9999522,0.99999905,9.861105e-09
2020-08-22,1.2881147e-26,9.040547e-14,3.3583378e-20,4.444013e-12
2023-10-07,1.8104765e-37,3.9206334e-22,2.0437666e-22,5.057097e-22
2023-04-15,1.476336e-17,0.9995983,0.33809078,0.9999999
2023-02-12,1.0921686e-07,0.0008661163,1.0,3.7999448e-06
2023-12-23,0.9999999,0.089651875,1.0,0.0055227764
2019-12-12,0.99999964,0.99949205,1.0,0.9365732
2020-03-28,5.9976535e-19,1.0,0.9692518,0.9999995
2019-10-09,3.0614645e-21,5.6277074e-17,1.0696449e-09,9.096945e-16
2019-10-24,1.3818272e-29,1.6101822e-18,6.9093646e-09,2.4092833e-12
2023-11-09,7.3358395e-36,4.42125e-17,1.3996779e-16,1.3728453e-18
2021-06-10,8.717897e-16,6.183744e-07,0.99999034,0.9993451
2020-03-07,1.1058235e-14,0.012807341,0.9999999,8.580577e-07
2022-07-29,1.6557088e-25,3.4163068e-14,2.0071478e-18,1.19413e-07
2020-09-25,1.1668198e-37,3.6140576e-13,9.420694e-22,7.941313e-15
2024-10-22,6.647121e-38,1.1126004e-13,1.1505861e-20,3.5106308e-20
2019-06-13,5.548976e-34,1.5200312e-09,2.115326e-14,0.99973685
2019-06-29,6.130552e-32,4.51604e-18,5.982227e-20,0.00095509924
2024-09-25,0.0,9.008815e-16,2.9928367e-23,9.34744e-17
2023-09-29,5.3162647e-33,2.5637731e-20,2.049537e-21,5.4046044e-24
2024-10-05,2.6164666e-33,1.3274e-15,3.667663e-19,2.807605e-18
2019-04-13,2.014381e-18,1.0,0.0035262303,0.86452216
2024-07-24,0.0,1.2907725e-16,3.398085e-25,3.5808596e-14
2020-12-18,0.558414,0.99999547,1.0,0.0014383353
2023-09-15,0.0,2.6824015e-17,1.8929213e-25,9.976183e-13
2022-01-12,0.999998,0.9999938,1.0,0.22350249
2020-09-23,1.5254001e-37,7.7525524e-17,2.8403665e-24,2.4022613e-13
2024-10-04,9.1697294e-38,7.1108836e-14,8.2847333e-22,1.0961727e-20
2020-08-02,1.0870834e-33,8.95867e-14,3.1880358e-22,7.794253e-15
2024-07-30,3.8599355e-38,2.2261335e-07,1.1548491e-24,1.4926754e-11
2024-10-28,0.0,5.02793e-13,6.2837816e-20,5.2916363e-20
2021-07-17,0.0,1.0286349e-15,1.5138881e-21,3.7767137e-10
2020-06-17,1.7624136e-31,2.8114497e-09,4.1616224e-07,0.9999294
2019-08-16,9.439982e-28,1.3818402e-18,7.0426343e-19,7.6027296e-11
2023-04-05,4.754415e-24,1.0,2.0127957e-06,0.00045888204
2024-08-05,5.2435683e-36,5.979616e-12,1.540498e-23,6.260727e-13
2024-01-11,1.0,0.99999726,1.0,0.1394125
2021-04-23,7.3042933e-19,0.99999976,0.19907372,0.9999895
2020-01-22,0.9999751,0.9999999,1.0,0.9999846
2020-09-02,0.0,2.2123569e-14,3.098209e-24,3.0839765e-13
2021-09-30,0.0,3.463739e-21,3.720811e-23,6.531144e-17
2024-10-06,1.6724396e-35,2.3135415e-15,1.5069279e-21,6.170899e-20
2023-01-22,9.0670554e-14,0.44696257,1.0,1.3466346e-05
2021-03-23,1.6273359e-26,1.0,1.863701e-07,1.3713155e-06
2019-07-16,8.593156e-31,1.6363502e-18,2.9443856e-20,5.0615804e-06
2020-10-09,0.0,1.3325883e-14,3.3233132e-22,5.6453195e-16
2023-10-31,4.690729e-33,1.6020701e-18,1.6842025e-18,1.902889e-19
2022-12-15,0.04233832,0.0013057373,1.0,2.5397216e-07
2019-07-01,2.5367106e-26,2.7649464e-11,5.6766564e-15,0.012231685
2021-06-05,1.1021513e-21,3.179782e-07,0.9999871,0.99899095
2019-04-05,1.2163321e-28,1.0,8.63305e-11,0.0019107105
2021-02-25,2.095227e-08,1.0,1.0,5.4901016e-06
2021-12-03,0.9911281,0.07948705,1.0,0.011757658
2023-05-22,0.0047015375,0.9051592,1.0,0.9997073
2021-08-20,8.9660984e-23,1.8504076e-15,0.0005806814,2.0944238e-08
2023-07-09,1.0025002e-33,3.986823e-13,4.4287016e-21,2.6473877e-08
2022-11-09,1.8154904e-22,2.8608967e-13,0.9907596,2.2686213e-06
2020-02-26,0.000188542,0.9999969,1.0,1.1307385e-05
2023-08-05,1.1474335e-37,1.2531954e-15,2.770224e-23,3.285868e-14
2023-06-25,1.0289473e-33,4.4015955e-13,1.0341208e-20,1.154041e-09
2019-07-05,1.8279543e-33,4.4358106e-14,5.4729565e-20,2.121756e-05
2019-07-07,3.966479e-25,5.064601e-13,3.538226e-16,0.00019217472
2021-08-12,0.0,3.283457e-10,1.8979971e-25,3.2993742e-12
2020-03-01,8.93885e-15,0.9999989,0.9999999,4.83687e-05
2022-04-19,1.06260436e-14,0.99999964,0.99993646,1.0
2021-04-13,1.6416783e-24,0.9999999,7.634266e-10,0.9311695
2024-01-18,1.0,0.99835384,1.0,0.006392766
2024-08-23,4.4589747e-30,2.7024324e-11,2.423955e-19,1.0923753e-18
2023-10-22,6.0940854e-32,9.926902e-18,1.3455437e-16,2.5467563e-18
2023-01-21,5.117825e-13,0.14703773,1.0,0.007840302
2023-08-23,3.534772e-24,1.1622003e-10,4.348651e-19,1.1249657e-14
2023-06-17,9.537534e-35,6.332665e-17,6.6529e-17,7.04751e-05
2022-03-28,3.197834e-26,1.0,3.6271665e-12,2.3570493e-11
2020-06-18,3.2328003e-35,1.1782785e-12,9.708472e-11,0.99809223
2019-04-21,2.97209e-12,1.0,0.99999726,1.0
2023-06-22,1.4611943e-36,9.140941e-14,7.9063816e-20,2.1475671e-07
2021-05-09,2.3690958e-12,0.99999917,0.9999989,1.0
2022-04-04,2.3455465e-18,1.0,0.06737187,2.8215718e-05
2022-12-14,0.6994768,0.0001472956,1.0,1.1270545e-05
2023-06-11,5.6587726e-24,4.039388e-07,4.7026612e-14,0.99985325
2020-03-31,1.8513713e-19,1.0,0.9565811,0.79273295
2022-06-23,7.256684e-36,1.2361082e-14,4.024599e-23,2.5607036e-09
2021-04-02,1.0975469e-32,0.99999905,1.049799e-16,0.015004032
2023-06-30,1.3294383e-36,4.3482223e-14,1.090705e-19,2.8442228e-06
2023-07-31,7.051401e-33,9.283162e-16,2.946e-22,1.04616856e-13
2020-01-06,0.99979085,0.99999857,1.0,0.99514514
2021-04-28,2.3729648e-14,1.0,0.9999498,1.0
2023-05-25,1.5336062e-11,0.7228093,0.9999813,0.99999356
2024-11-12,1.1806739e-28,1.4331982e-06,6.827011e-15,9.660813e-15
2023-03-27,3.935006e-20,1.0,0.5933953,2.2681608e-05
2019-07-18,1.7180393e-22,8.988318e-17,1.8996502e-16,4.9258995e-07
2019-10-20,2.96565e-32,5.308625e-18,9.368008e-12,4.7966964e-13
2020-11-07,9.359582e-15,3.1296756e-09,0.9867958,7.507258e-09
2020-02-25,0.001262238,0.9999325,1.0,6.574756e-07
2022-08-21,7.6363433e-34,5.0573004e-18,1.1873582e-21,1.0873828e-13
2021-06-20,6.055094e-29,4.385575e-12,3.5483877e-14,0.99994254
2024-02-11,6.158528e-13,1.0,0.34400597,3.4054617e-10
2020-05-02,1.0350287e-12,0.99999857,0.99999964,1.0
2019-12-13,0.9998603,0.9999994,1.0,0.9530719
2020-09-05,0.0,9.464636e-15,3.288178e-24,4.1008288e-13
2024-10-08,1.920917e-35,7.579205e-14,7.236697e-21,4.757309e-20
2024-03-17,2.9524136e-29,0.9998437,0.014017341,0.005863904
2020-10-28,8.438129e-27,1.2434672e-14,2.3500554e-11,2.7647884e-11
2020-12-14,0.9998085,0.8589489,1.0,0.0004053469
2024-04-11,8.5719864e-13,1.0,1.0,0.9999999
2020-02-10,0.7375919,1.0,1.0,0.9696008
2021-09-26,0.0,2.2752298e-18,1.4255805e-24,5.526267e-19
2020-03-26,4.782504e-15,1.0,0.99924743,0.99400526
2024-02-26,7.1966106e-37,7.524028e-06,5.6615804e-16,8.1951756e-16
2019-11-18,0.0013289187,5.404051e-07,1.0,1.0104682e-08
2022-11-11,7.952371e-17,1.8815255e-17,0.9997036,1.2733749e-07
2022-09-23,1.3047693e-36,1.2831926e-23,1.1738089e-18,4.6377203e-20
2020-11-05,1.9886931e-14,1.2550552e-13,0.0023282652,1.0680588e-09
2019-08-22,0.0,3.62436e-15,1.0278943e-21,1.5447178e-11
2022-08-16,6.6903807e-34,2.5715637e-17,7.269314e-22,3.851667e-13
2024-01-02,1.0,0.9999801,1.0,0.00029857183
2020-11-24,3.3942804e-06,0.003890474,0.99999547,1.5647273e-12
2021-05-26,3.0357022e-08,0.7230305,1.0,0.99854493
2023-11-12,1.7588444e-34,6.748452e-15,4.622983e-15,3.1969048e-20
2020-06-22,8.195986e-39,3.047706e-19,2.2867774e-17,3.6779297e-06
2021-09-09,0.0,1.7212073e-15,1.4586463e-25,8.591092e-12
2022-08-06,2.8312062e-30,3.7496322e-14,1.2121314e-20,3.289801e-10
2024-06-25,0.0,6.9140997e-16,7.5106005e-15,0.0011383302
2022-01-20,1.0,0.9999795,1.0,0.86253273
2020-02-23,4.7077823e-08,0.9999999,1.0,0.051607918
2020-07-25,4.488445e-31,2.1936819e-08,1.0998372e-21,4.3270747e-06
2022-11-29,1.6212344e-09,8.6297114e-10,0.9999999,7.629732e-08
2024-12-31,0.9999945,0.91013294,1.0,2.5223497e-05
2023-01-10,5.742671e-08,0.28675812,1.0,9.81756e-10
2021-09-13,0.0,1.2370586e-18,3.2745587e-24,2.1017327e-14
2023-04-11,1.1646098e-29,1.0,8.5589136e-10,5.0491035e-06
2023-01-06,0.7278551,0.55803466,1.0,1.2566302e-05
2022-07-12,1.1867106e-36,6.367062e-13,6.626127e-25,1.0251937e-07
2022-06-25,1.0673467e-34,1.1551093e-16,1.6906487e-22,6.4888415e-09
2022-02-24,0.11610813,0.99999905,1.0,5.5269584e-06
2020-08-21,2.6587774e-24,2.2114136e-16,3.052759e-17,3.0137561e-12
2023-10-05,1.3147834e-34,9.017098e-24,9.277258e-22,1.2069585e-21
2023-01-27,8.45126e-15,0.011246873,1.0,7.320192e-08
2020-06-29,7.459495e-29,3.468294e-17,2.8637357e-13,0.0004391801
2020-10-05,6.741209e-34,6.0298026e-16,5.2485738e-20,5.642951e-16
2020-10-12,2.5893434e-38,1.1823938e-16,5.5127917e-19,2.343851e-11
2023-12-17,0.99999833,0.5254859,1.0,3.5816086e-07
2022-08-07,2.7761321e-27,6.277611e-13,7.999422e-21,8.4136055e-08
2023-03-13,1.6693856e-14,1.0,0.9999982,0.00040380188
2021-01-11,5.0713277e-07,1.0,1.0,3.148669e-06
2020-03-23,1.7483599e-14,1.0,0.9999552,0.99821776
2021-02-03,5.4317783e-11,0.99998164,1.0,3.823684e-09
2023-03-10,1.4942598e-14,0.99999785,0.9999995,2.1102446e-06
2024-11-14,3.2745065e-18,6.846154e-11,1.8651763e-05,8.089015e-16
2021-09-14,0.0,9.111591e-18,8.136048e-25,1.1293984e-11
2019-04-07,4.0858457e-21,1.0,2.3863484e-07,0.36386827
2024-11-28,0.9998041,0.00010688114,1.0,2.4316419e-08
2023-11-15,1.9265655e-30,2.6494632e-16,2.2491379e-11,7.9164354e-19
2023-10-23,8.5034725e-33,7.9373684e-17,8.184795e-18,1.5921257e-20
2020-12-21,0.965111,0.999923,1.0,0.0010174162
2021-03-20,2.47523e-16,1.0,0.9985014,4.20428e-09
2020-03-02,1.0650179e-16,0.999998,0.9946232,6.684892e-05
2023-03-18,6.100253e-23,1.0,2.3746077e-05,0.00050028483
2022-03-19,4.8528122e-17,0.99996626,2.1446947e-06,1.1982682e-12
2024-12-13,1.0,0.9282775,1.0,0.00058485166
2023-10-16,8.856808e-38,4.826936e-21,4.986471e-21,5.198468e-17
2019-12-17,0.9999515,0.9999999,1.0,0.98829097
2021-05-05,6.015272e-12,1.0,0.99998975,1.0
2023-02-07,1.5980901e-06,0.9375671,1.0,0.00014899694
2022-03-02,1.3993793e-08,0.9999956,0.9999442,4.3479144e-11
2023-09-16,0.0,2.140486e-21,1.554553e-24,1.1922443e-13
2023-07-20,1.4203556e-28,2.6367794e-16,1.975735e-19,3.708907e-12
2022-09-26,6.2759006e-35,3.0954347e-23,1.05947296e-19,3.0141568e-17
2022-08-01,5.465472e-18,3.685257e-15,1.790715e-15,1.3304686e-09
2024-12-11,1.0,0.99502665,1.0,0.032812644
2022-03-30,2.9887934e-26,1.0,2.310217e-11,4.303489e-09
2021-02-01,3.1749374e-09,0.99999964,1.0,2.742754e-07
2022-06-08,5.8371284e-25,1.0433202e-11,7.5972304e-07,0.99999774
2019-06-21,4.92446e-39,3.586697e-14,9.675546e-19,0.92523634
2020-12-30,0.016393527,0.99999964,1.0,2.3574273e-06
2024-12-25,0.99999774,0.8281651,1.0,6.4768897e-06
2021-07-26,0.0,1.7297566e-16,2.223593e-25,6.105718e-14
2024-11-08,9.885555e-34,3.479804e-06,1.2543092e-16,1.7113645e-18
2021-10-12,6.5470418e-37,1.982493e-18,4.093028e-18,3.8061e-15
2019-09-08,9.849419e-34,3.019816e-19,7.0472266e-20,6.8736504e-13
2023-02-21,3.988905e-18,0.9983925,0.99999523,0.00010473815
2021-08-04,0.0,2.2687654e-13,1.1281917e-24,1.6921236e-14
2022-07-03,2.3213883e-33,3.9462996e-18,5.06163e-23,6.4261957e-10
2023-12-16,0.99996734,0.008877981,1.0,1.6889886e-07
2021-01-28,7.132626e-08,0.9999999,1.0,5.049991e-08
2024-01-20,0.9999999,0.9991942,1.0,0.20043387
2021-03-14,1.7396066e-12,1.0,0.99991465,2.3501627e-07
2021-08-14,0.0,7.795434e-17,1.3064166e-23,3.2452987e-16
2023-07-26,1.7071926e-24,3.828336e-11,9.585663e-16,1.7317466e-06
2023-01-24,3.114162e-14,0.050382167,1.0,0.10789422
2024-12-01,0.9998784,0.5581781,1.0,7.2364666e-05
2024-12-22,0.9999987,0.9793058,1.0,3.8928743e-08
2022-05-23,2.0979911e-26,3.7011382e-06,0.00065822585,1.0
2024-06-26,0.0,6.133751e-19,8.7567084e-20,6.419314e-09
2021-09-18,0.0,7.264695e-19,4.0064143e-24,5.845999e-17
2021-10-30,8.070325e-34,1.4822282e-16,8.98891e-11,1.1717382e-13
2023-11-23,3.9219835e-20,4.740214e-14,0.026748605,8.188841e-10
2024-03-06,2.159011e-36,2.0542045e-07,2.2434565e-15,1.6443687e-11
2024-11-05,4.0251673e-38,2.0305853e-12,3.3430363e-21,1.6657045e-19
2024-11-26,0.0071389214,0.00018463396,1.0,4.3856608e-06
2024-03-29,3.193723e-13,1.0,0.9999988,0.99974984
2020-02-09,0.0010282511,1.0,1.0,0.99805176
2020-03-03,1.8417294e-10,0.9999995,0.9999999,1.5233692e-05
2021-03-27,2.5642862e-24,1.0,4.2563815e-07,9.077725e-08
2024-09-08,1.5423119e-27,4.201391e-14,2.2620135e-19,8.717702e-15
2020-10-16,1.4068059e-34,1.6838628e-17,1.3457316e-19,7.0284244e-15
2020-09-27,5.9248745e-30,3.9496167e-16,3.911823e-20,4.1364173e-12
2020-04-17,1.2234685e-09,0.9999914,0.9999968,1.0
2020-09-06,0.0,6.085235e-13,7.145204e-24,4.1833733e-15
2024-10-19,0.0,2.0261215e-11,1.607419e-20,1.7819515e-15
2020-03-20,7.8275274e-17,0.99999976,0.99895644,1.0
2020-09-08,0.0,5.091935e-13,3.646475e-25,8.151461e-13
2024-07-11,0.0,5.9634195e-16,3.7349058e-22,3.162104e-11
2020-09-10,0.0,6.7174477e-16,1.0602551e-23,9.387029e-14
2020-04-24,2.6654183e-07,0.9999995,0.99999976,1.0
2020-08-01,1.8720823e-32,1.0119996e-12,7.7067414e-22,8.854138e-12
2023-03-30,1.3777432e-21,1.0,0.017223686,0.10544077
2021-01-16,0.00017346787,1.0,1.0,1.4979623e-05
2024-03-19,2.8135298e-21,0.99975413,0.9792685,0.9851311
2020-03-13,6.2621654e-15,0.9999956,0.9999981,0.0016313173
2020-02-28,6.2515184e-08,1.0,1.0,0.003514194
2021-04-17,1.786823e-25,0.999887,1.1064861e-10,0.994557
2024-04-28,7.027232e-11,0.9999989,1.0,0.9999987
2021-07-10,1.1731625e-36,8.162656e-18,4.5445696e-19,7.2949563e-10
2021-01-05,8.099421e-05,0.99999845,1.0,3.9462373e-07
2019-07-14,3.7351553e-33,3.065947e-17,4.119985e-19,0.00046046736
2024-09-13,1.0074646e-26,2.0034621e-13,1.0919027e-21,1.2312833e-12
2023-02-24,9.495426e-12,0.99795014,1.0,0.83608264
2020-01-26,0.21245709,1.0,1.0,0.99921775
2022-02-08,0.99992263,1.0,1.0,0.34230095
2022-12-16,0.034040075,0.00023815471,1.0,7.94066e-08
2023-12-02,0.99669147,6.752545e-06,1.0,2.574795e-08
2023-06-09,6.7083572e-31,6.370294e-09,7.290918e-15,0.84773386
2021-08-22,2.1016885e-29,3.968491e-18,2.8476268e-11,6.721675e-13
2020-08-29,0.0,7.496918e-15,3.584292e-24,4.125508e-14
2024-01-10,0.9999697,0.9999876,1.0,0.018298665
2022-12-08,0.33031592,5.0208462e-05,1.0,3.365699e-09
2019-10-02,4.5494994e-25,3.6866154e-18,2.7093026e-14,6.3561962e-15
2019-12-21,0.9851569,0.9999995,1.0,0.99942845
2021-11-20,1.01640235e-05,8.1131635e-09,1.0,2.9444804e-09
2022-03-03,4.2355093e-09,0.99999857,0.99757105,2.490089e-09
2022-08-26,1.5392985e-32,1.8079749e-18,7.097917e-21,2.1163753e-14
2023-02-11,5.6409508e-08,0.17755768,1.0,6.424721e-05
2024-03-14,3.2794683e-26,0.9850177,0.0029192925,8.995215e-06
2021-12-25,1.0,0.99999714,1.0,0.9974826
2021-06-03,7.575413e-19,5.4347602e-08,0.99497104,0.9999931
2023-11-03,1.1388452e-33,3.7805992e-17,7.551913e-15,2.2671622e-19
2024-12-08,0.99999976,0.18853733,1.0,6.0978215e-07
2021-02-22,1.2807884e-07,1.0,1.0,6.72967e-07
2023-04-04,3.8105758e-22,1.0,0.0001289578,9.070746e-06
2022-06-21,4.0026017e-36,4.87041e-14,1.0301642e-19,7.9303376e-08
2019-12-11,0.99184626,0.9999999,1.0,0.91340816
2022-08-04,5.783491e-25,3.1830287e-15,9.814277e-19,4.05088e-10
2021-10-03,0.0,3.8514696e-20,2.3944338e-21,2.0480856e-19
2019-12-14,0.99992085,0.99983406,1.0,0.9952447
2019-12-06,0.9872728,0.103173025,1.0,0.10522526
2024-08-13,7.06575e-34,1.71872e-12,5.397046e-23,5.408443e-12
2022-01-01,0.99689853,0.9992755,1.0,0.9980398
2020-07-19,4.716376e-30,3.635438e-15,1.3769708e-21,8.3805315e-12
2024-04-10,1.463847e-10,1.0,1.0,1.0
2020-06-20,3.2104477e-34,1.8125618e-16,3.6498115e-08,0.9155492
2022-01-18,0.9999999,0.9999995,1.0,0.5150516
2019-04-10,1.3378705e-25,1.0,3.632986e-10,0.03837906
2024-08-01,1.7271975e-32,5.8022436e-09,2.7210317e-22,7.022576e-13
2023-06-20,2.86922e-35,4.2090704e-09,1.9456004e-20,2.6787719e-05
2023-01-17,1.4759981e-10,0.5478227,1.0,1.5325434e-06
2019-12-30,0.9999932,0.99999774,1.0,0.9999454
2021-05-30,2.3516063e-15,0.00022371222,0.9999995,0.9574666
2023-09-11,2.5855438e-30,1.6910483e-15,6.8109077e-23,1.0847323e-15
2022-07-23,4.364037e-35,8.4402017e-13,6.4961603e-24,9.799232e-09
2024-09-01,3.4477925e-33,1.2589536e-13,1.2691391e-22,2.882215e-12
2024-03-25,2.0751592e-22,1.0,0.9954535,0.003776843
2024-05-27,1.6535014e-23,1.0932228e-12,5.0078685e-05,0.99693054
2023-05-04,2.0855272e-11,1.0,0.99999917,0.999997
2019-06-04,9.9786704e-29,2.2525292e-07,1.4810762e-11,0.9604968
2021-07-12,2.979851e-37,5.3239213e-16,6.934091e-17,6.082834e-09
2022-05-15,1.3074413e-19,0.00071433326,0.98390144,1.0
2022-02-28,0.0094244145,0.9999999,0.9999999,1.095281e-05
2021-02-28,3.5383486e-08,0.999948,1.0,2.3766883e-10
2019-04-11,7.232753e-28,1.0,2.2231224e-10,0.04895013
2021-10-25,1.0596259e-35,2.9066305e-21,2.2112545e-15,1.8518598e-14
2020-09-07,0.0,2.0753802e-15,3.4577493e-26,2.2574046e-13
2019-04-15,3.016628e-18,1.0,0.00017769854,0.88336897
2021-08-11,0.0,5.3492693e-15,3.5208432e-24,4.222262e-14
2023-11-19,6.1062365e-23,3.572373e-14,0.002108929,3.0569443e-16
2020-05-26,5.08255e-14,0.0029434366,0.99998844,1.0
2019-11-29,0.97025126,0.01962254,1.0,0.010188029
2022-08-22,5.484812e-33,6.9235643e-19,1.6539889e-21,1.0704597e-12
2023-05-14,1.5224032e-11,0.9996419,0.99998593,0.9999999
2020-05-17,3.672901e-18,0.9995895,0.99995124,1.0
2023-08-01,1.7064036e-33,1.1953051e-12,4.221496e-22,2.5832262e-12
2020-05-21,8.421039e-23,0.00033313042,0.0035183642,1.0
2023-11-01,2.6229196e-35,5.2144017e-15,9.1600335e-18,2.4981811e-20
2024-06-14,3.5209012e-29,3.0777223e-14,1.4317254e-06,0.22724484
2024-07-23,0.0,1.634623e-13,1.1985048e-25,4.76231e-13
2021-01-03,0.00014076129,0.9999988,1.0,3.9614246e-08
2021-02-19,4.5466818e-13,0.9999857,1.0,3.79979e-11
2019-04-30,4.9773336e-12,1.0,0.9999883,1.0
2020-06-25,6.7725966e-36,4.0421188e-14,4.04798e-19,5.3810186e-06
2021-04-19,8.159679e-23,0.99999917,7.8956806e-09,0.02298403
2024-06-01,8.490964e-25,1.3961553e-09,0.00075620797,1.0
2019-10-25,1.0674874e-30,5.381245e-20,6.726277e-10,2.528683e-14
2022-07-25,4.378178e-27,5.5576675e-13,8.678986e-21,1.6301872e-08
2024-08-04,1.4610001e-35,2.1007398e-13,1.1799018e-24,6.6740043e-15
2020-08-08,8.9747745e-34,8.727181e-16,1.3399054e-22,8.102573e-12
2022-06-13,1.1222417e-33,3.0383796e-15,6.0435077e-15,0.5175428
2024-09-28,0.0,6.3645093e-14,7.508877e-24,1.3918889e-15
2019-11-22,2.0532402e-06,0.028616725,0.99999964,8.654255e-10
2023-04-29,7.720484e-14,0.99999976,0.9999958,1.0
2021-11-15,1.8579303e-11,3.5965347e-10,0.99999845,4.010637e-12
2024-02-29,3.461698e-32,3.1754908e-07,1.2057749e-11,5.353941e-16
2024-08-22,2.3601225e-33,2.9920698e-13,2.028065e-20,1.2745033e-17
2023-12-10,0.9999707,0.092610255,1.0,3.0796812e-08
2022-11-12,3.5686345e-14,1.0413236e-12,0.9999999,9.4906296e-05
2024-07-26,0.0,6.6480577e-16,2.3039626e-27,4.2160882e-11
2024-10-25,0.0,2.0591873e-18,6.3776685e-22,9.176992e-19
2023-06-14,4.12945e-30,7.0370874e-08,8.81221e-18,0.01590239
2024-11-23,0.039157905,1.6585869e-08,0.99999964,2.2110114e-10
2020-10-31,2.0841724e-21,5.759498e-12,1.3795114e-08,1.7545244e-09
2024-09-03,1.946356e-29,1.0258371e-11,1.9521702e-22,8.073686e-14
2019-12-05,0.99974555,0.9987765,1.0,0.08469273
2019-09-16,2.682713e-36,7.676476e-18,1.5172544e-19,2.9523542e-16
2019-06-01,0.0,2.6267214e-11,1.4712916e-19,0.9978569
2021-05-25,1.05403915e-11,0.6552447,0.9999993,0.9988261
2019-04-24,0.0003544399,1.0,1.0,1.0
2019-07-28,1.8440532e-21,1.3199472e-15,4.0933617e-15,4.9868995e-05
2023-12-31,0.9999988,0.621865,1.0,2.640071e-05
2024-03-05,0.0,1.8354616e-07,3.0300658e-17,2.8986327e-12
2022-03-10,2.4779857e-11,0.9996811,0.8920456,6.5846356e-11
2024-12-30,0.9999999,0.9998179,1.0,0.02681759
2021-08-23,7.348419e-35,6.5745665e-16,4.9435604e-14,2.635659e-08
2021-09-04,0.0,2.3979544e-20,1.3591322e-23,9.5154134e-18
2020-12-01,0.5453136,0.0026873068,1.0,5.539247e-08
2020-06-15,1.2306915e-31,1.3541239e-10,9.975709e-07,0.9999987
2020-03-30,0.0003244547,1.0,1.0,0.29170802
2021-09-11,0.0,6.4086116e-16,2.9973125e-25,4.659806e-13
2021-10-14,4.011756e-37,3.6350737e-17,1.254208e-17,8.88964e-12
2024-03-21,2.7468632e-23,0.9999976,0.15604585,0.99640214
2023-03-17,9.906374e-23,1.0,0.001314309,3.0697058e-06
2020-12-27,0.990815,0.99994946,1.0,1.6060967e-05
2022-02-02,0.9999906,0.99999976,1.0,0.07213224
2023-11-11,4.7882106e-33,1.4395247e-19,5.6041898e-15,6.0384576e-16
2020-09-13,0.0,4.141955e-14,2.1188344e-22,1.2768789e-12
2021-04-09,4.348375e-24,0.9998221,9.976241e-09,0.47657606
2022-04-11,5.525573e-11,1.0,0.9999999,0.9999999
2020-10-18,7.09339e-38,4.847211e-15,3.0605585e-18,1.520988e-17
2022-06-09,5.421239e-27,1.7124504e-12,9.873413e-09,0.99999917
2019-06-03,3.362545e-26,4.550669e-11,7.3967352e-09,0.99878293
2022-11-19,1.0048465e-12,1.7417282e-12,1.0,2.9569657e-07
2020-10-25,5.375644e-35,4.713506e-19,2.3030872e-13,1.8797194e-15
2024-07-28,0.0,6.245029e-14,1.3743231e-25,1.8724475e-12
2022-05-19,3.2812914e-21,0.00023858016,0.058524136,1.0
2023-03-22,2.2704928e-28,0.9999987,3.4348854e-08,6.8604353e-09
2019-05-24,2.7943724e-29,0.9855063,2.3851454e-09,0.8934932
2020-01-23,0.9954782,0.9999999,1.0,0.9999906
2022-12-23,0.0005155708,0.024149042,1.0,1.400663e-09
2019-05-06,6.059639e-09,0.99999976,0.9999672,1.0
2022-12-28,6.287584e-08,0.81730485,1.0,1.7896005e-09
2024-06-10,1.7565666e-32,5.8471376e-13,1.6532397e-08,0.7848147
2021-07-16,9.6269434e-35,1.4115217e-17,3.396051e-17,3.971934e-08
2019-09-03,0.0,3.37518e-17,1.7531864e-24,5.041547e-13
2024-10-11,1.0485305e-38,1.1293676e-16,2.3706196e-23,3.0172494e-18
2023-04-12,4.0134727e-21,0.9998543,0.92336583,0.9999865
2022-05-09,3.4612323e-19,0.9809218,0.86616814,1.0
2019-05-16,5.591937e-21,0.9982796,4.575132e-06,0.99954575
2023-05-07,8.675617e-12,1.0,0.99985397,1.0
2021-10-22,7.106792e-32,6.870569e-21,1.0823891e-14,3.971505e-14
2019-06-19,3.446467e-39,1.5872049e-16,1.9121305e-19,0.1188563
2024-07-21,0.0,3.0946415e-13,1.5938155e-27,1.06720306e-10
2020-06-21,6.904419e-33,4.0796436e-15,3.7038067e-10,0.94944066
2021-12-31,0.9999999,0.99998915,1.0,0.88178235
2023-01-31,5.9312715e-16,0.045194123,1.0,2.6578414e-06
2020-02-17,0.0022080168,1.0,1.0,0.41126856
2023-05-18,1.1054846e-09,0.99402076,0.99999964,0.99999845
2021-07-06,2.859571e-28,3.0923549e-15,2.9840255e-11,0.0005628065
2020-09-16,0.0,6.2953805e-17,2.0016167e-21,5.4819688e-14
2020-11-14,4.1179663e-15,9.108488e-09,0.8228343,1.2173379e-12
2023-11-25,1.3957353e-05,3.223447e-09,0.9999995,8.538201e-15
2022-06-20,1.0351226e-36,1.6606447e-15,5.9994784e-21,1.0581541e-06
2022-05-26,2.7846973e-23,5.043723e-06,0.024718627,1.0
2024-06-19,4.746332e-39,4.981418e-19,3.8000307e-14,9.467136e-06
2022-12-06,1.3959385e-06,2.2020835e-07,1.0,2.603546e-12
2020-03-06,2.1239045e-18,0.9999982,0.9999988,0.002935432
2020-03-16,2.4759695e-14,1.0,0.999987,0.9999999
2024-04-02,2.791217e-15,0.9999902,0.9999968,0.9999192
2021-03-18,5.918392e-15,1.0,0.9997521,6.6720995e-10
2020-02-27,2.824149e-07,1.0,1.0,0.0004604498
2024-09-29,3.0551614e-38,3.0870846e-16,1.5687564e-22,2.120796e-14
2024-03-20,1.0075666e-22,0.9999995,0.97032005,0.98821753
2020-10-26,1.5757522e-34,6.74868e-16,1.9979735e-14,6.0257567e-12
2023-11-26,8.836581e-07,2.172031e-09,0.99998915,1.2235163e-11
2019-11-04,7.003991e-22,6.311587e-17,0.0007299742,4.1078652e-10
2022-03-06,2.8875478e-05,0.9974317,1.0,3.3001171e-12
2024-11-13,6.519945e-16,8.728899e-05,3.4408972e-06,1.0313347e-14
2021-05-19,2.193526e-09,1.0,0.99999964,1.0
2024-08-16,3.93659e-39,1.4656802e-13,5.840715e-25,4.4926815e-10
2024-11-29,0.9973857,2.5841045e-06,1.0,1.2150744e-11
2019-05-07,2.2562575e-11,0.99999225,0.998024,1.0
2022-12-02,0.0032994132,1.2563379e-07,1.0,2.7557642e-11
2019-03-28,7.619177e-26,1.0,1.1359895e-08,1.4282082e-07
2021-08-01,0.0,9.5895305e-18,3.615594e-21,3.842027e-16
2020-11-19,8.534306e-12,1.3447765e-06,0.95906085,6.776018e-14
2020-11-08,1.7169203e-13,2.412477e-10,0.9997683,1.670725e-08
2020-03-29,1.7252354e-24,1.0,2.6469179e-05,0.9451048
2023-04-26,3.1425418e-13,0.9999999,0.99994624,1.0
2024-01-29,0.99999523,0.99999964,1.0,0.023706239
2023-09-05,0.0,1.6100472e-18,5.499626e-25,1.439655e-21
2023-09-12,4.9232827e-29,2.1940944e-17,7.028986e-23,1.5571707e-16
2019-09-24,2.7219438e-38,4.4121137e-19,4.3004194e-17,7.371112e-14
2023-02-13,1.9611411e-08,0.76497996,1.0,0.00019922016
2021-11-19,5.2000587e-08,1.1623011e-08,1.0,1.0824626e-08
2019-11-05,2.763522e-23,2.1188572e-16,0.040243614,2.0957416e-09
2024-10-30,3.21134e-35,5.593909e-14,9.956028e-18,4.7781935e-18
2022-04-22,2.0074594e-13,1.0,0.99999416,1.0
2022-01-06,0.99999976,0.9999981,1.0,0.76333684
2024-06-03,1.9800454e-17,4.7603606e-08,0.9961592,0.99976057
2021-11-03,4.4119227e-29,2.3246657e-19,2.375368e-07,1.40737565e-14
2020-11-22,4.779051e-10,0.00020539429,0.999879,2.1772986e-09
2021-07-09,2.431641e-35,9.172622e-14,3.8767115e-13,8.6844575e-06
2024-03-28,6.0915744e-17,1.0,0.9999809,0.9997243
2022-04-02,1.1438167e-19,1.0,0.004003325,1.3666024e-06
2024-08-19,4.5029148e-33,1.33036e-12,2.4112812e-21,2.9774174e-16
2021-12-12,0.9974688,0.9971232,1.0,0.16388887
2019-08-31,0.0,5.6883624e-15,1.9693652e-23,1.2992306e-11
2022-05-18,6.2113774e-13,0.0005919639,0.99999774,1.0
2019-08-27,0.0,1.6712489e-18,3.6304933e-21,2.2627162e-16
2020-12-28,0.9528934,0.9999999,1.0,0.007458737
2024-06-17,8.566523e-29,2.4795503e-15,1.5963591e-08,0.37596574
2024-09-06,1.4837337e-30,4.1052566e-14,4.5175363e-19,7.529239e-17
2019-10-18,6.28434e-33,2.7853405e-19,1.968349e-14,5.0433194e-16
2019-11-06,1.2714725e-18,1.576483e-11,0.99915504,2.9742153e-09
2024-06-08,3.2598115e-26,1.2151584e-10,5.386552e-05,0.99938476
2023-07-24,2.2893348e-32,7.0245815e-18,5.1362816e-23,6.334729e-10
2020-02-24,3.7437474e-08,0.99999964,1.0,0.0018232508
2022-04-09,8.075423e-15,1.0,0.9906522,0.013074845
2021-06-09,1.0686761e-17,2.5254023e-09,0.9999949,0.9895293
2022-05-16,8.307999e-21,0.010239861,0.99999046,1.0
2024-02-04,1.9972633e-06,1.0,0.9999908,1.4463271e-06
2024-01-09,1.0,0.9998976,1.0,0.0033704496
2023-11-30,0.002325146,1.7244277e-11,0.9999982,1.807888e-11
2024-07-19,0.0,8.06886e-16,4.6868484e-25,2.2395798e-14
2020-07-07,1.4636761e-37,1.6719083e-15,1.0285601e-23,5.2060748e-11
2023-08-27,7.853275e-33,4.9312665e-16,8.766785e-24,3.2857435e-14
2021-01-13,0.0001789044,0.99999976,1.0,1.8531095e-05
2021-11-17,2.2721014e-08,1.5412284e-10,1.0,2.0646493e-07
2022-06-07,6.5480946e-21,1.4457039e-06,7.715435e-05,1.0
2024-10-16,9.0369956e-33,2.2323479e-13,4.362893e-18,5.8968097e-20
2019-10-29,3.1128556e-29,3.6212645e-15,3.534227e-08,3.0029684e-16
2023-06-12,6.805538e-36,9.858388e-11,6.119468e-20,0.0072386554
2020-07-03,3.9473344e-35,1.5506691e-11,9.6817165e-18,2.2012392e-07
2024-01-14,1.0,0.9999604,1.0,0.757245
2022-12-20,0.0037530956,0.0031998921,1.0,5.6602455e-11
2022-05-05,7.7353174e-13,0.999997,0.99999607,1.0
2020-11-30,0.5321447,0.50763094,1.0,9.514241e-07
2021-10-16,3.622052e-30,1.2580017e-19,5.3136904e-18,1.9884691e-14
2020-11-18,1.7488509e-17,6.1293665e-11,0.0143374335,1.6099077e-12
2022-11-23,1.0441448e-06,2.297009e-07,1.0,5.4669014e-10
2024-04-04,2.8542228e-11,0.9999951,1.0,0.99999964
2020-08-16,9.897263e-32,3.782112e-18,4.0894612e-22,2.688356e-11
2024-03-26,3.1497125e-17,0.9999999,0.9083968,0.97113603
2021-03-15,1.4793044e-13,1.0,0.9966204,1.8249492e-09
2021-11-27,0.0042356276,1.5763278e-05,1.0,1.167322e-06
2024-02-27,2.3839544e-27,1.6919583e-07,1.5326919e-10,8.4038286e-14
2021-11-13,1.8960813e-23,1.6525739e-16,0.80211055,6.912004e-08
2021-04-03,1.4369497e-29,0.9999877,1.5716569e-09,8.5775165e-09
2023-05-23,3.8392476e-14,0.5042213,0.98291254,0.99999976
2020-02-08,0.9205726,1.0,1.0,0.3822646
2021-10-20,7.542163e-35,1.000161e-21,1.4859228e-19,2.3770481e-16
2021-04-24,4.2115806e-18,0.99999917,0.7268446,0.99989367
2023-11-04,6.846366e-29,1.4444673e-15,1.8666262e-14,1.0253454e-20
2020-05-11,1.564566e-16,0.9997502,0.99987197,1.0
2024-01-07,1.0,0.9999937,1.0,0.00090992864
2023-12-04,0.73810846,1.5782893e-05,1.0,4.5464247e-07
2020-07-27,1.4619172e-31,4.000933e-12,3.6299823e-20,6.330408e-09
2023-09-14,4.5068382e-38,6.6216627e-15,3.9758694e-26,1.5294143e-11
2021-02-26,3.1247026e-08,1.0,1.0,1.5604346e-05
2024-05-22,8.828675e-23,0.0002502841,0.32062352,0.9999809
2020-10-22,2.0745679e-35,1.3734855e-16,3.1856629e-16,1.2913045e-12
2023-09-13,4.000006e-29,3.0179193e-13,7.261712e-24,3.872826e-12
2022-09-20,3.8214572e-33,1.4092745e-22,7.272681e-19,8.173375e-18
2022-01-11,0.99999964,0.9999906,1.0,0.98871684
2024-05-12,1.7542988e-22,1.06330546e-07,0.9996475,0.99986625
2024-06-12,9.065824e-26,1.2920196e-15,0.0035691333,0.64841396
2022-05-06,6.386492e-11,0.9999685,0.99999976,1.0
2021-11-30,0.9133725,0.021060998,1.0,0.0009271075
2024-07-15,0.0,3.6898955e-17,2.302454e-25,7.3393785e-14
2021-04-21,5.4564002e-14,0.9999975,0.9979103,0.99999917
2022-05-12,1.1234276e-19,0.93686837,0.99933064,1.0
2021-09-05,0.0,3.3578214e-15,2.3376776e-25,2.618228e-15
2020-02-06,0.75644946,1.0,1.0,0.98005474
2022-03-04,5.1564232e-08,0.99994636,0.9999825,2.582438e-12
2022-02-15,0.99989164,1.0,1.0,0.043791745
2024-05-05,8.044931e-20,0.07490309,0.9999465,1.0
2023-03-14,1.5449364e-14,1.0,0.99999774,4.7441358e-07
2024-05-26,5.4735774e-22,5.9462327e-05,0.9272706,0.99999964
2024-12-24,0.9999987,0.99011165,1.0,1.8761176e-06
