date,h0,h1,h2,h3,h4,h5
2024-01-15,0.9999995,0.9994647,1.0,0.99999976,0.99991,2.8325344e-06
2023-10-18,4.7981563e-11,5.8112244e-17,4.3817536e-12,4.4778314e-13,5.536623e-06,1.0
2024-02-13,0.9999956,1.0,0.85316443,7.437194e-06,0.00054596725,0.17578444
2022-02-26,0.99990046,0.9999689,0.99999976,0.0105377035,0.91704726,0.0013799992
2021-08-06,4.581962e-11,3.3300027e-10,8.742168e-25,1.1886965e-11,1.4894752e-05,1.0
2022-04-21,0.9999925,1.0,3.2369647e-09,0.9999999,0.99994266,0.000111015994
2024-06-09,6.839005e-14,0.008500698,6.458755e-15,0.9999964,7.095987e-07,0.99999976
2022-03-21,0.9999981,0.9999933,5.5603133e-11,2.439535e-07,0.00014192941,1.0
2023-09-21,1.2558504e-05,1.8298808e-17,8.206973e-15,1.9028206e-15,0.96496195,1.0
2019-08-24,5.1392674e-13,3.6199962e-10,2.2974675e-20,3.9590848e-11,1.1422508e-05,1.0
2023-09-24,3.8279802e-10,3.1566062e-16,4.8611805e-12,2.3968368e-14,0.00054821686,1.0
2020-04-02,0.99995625,1.0,9.608085e-09,0.8772952,0.99922585,1.733518e-05
2021-03-10,0.9994497,1.0,0.9982644,0.00020268816,0.0038692143,0.0005369526
2023-11-17,3.2867342e-10,1.8365124e-11,0.013660363,0.016208155,7.877218e-06,0.9999999
2024-06-21,2.2669816e-11,1.930083e-06,1.2227945e-20,0.99115163,0.4087049,1.0
2021-11-16,3.5070512e-05,0.00047863842,0.9999999,0.9999976,2.2303368e-05,0.999984
2021-05-01,1.0,1.0,7.267597e-10,1.0,0.9999174,0.0004119651
2019-04-29,1.0,1.0,4.44876e-09,0.9999944,0.99890137,1.42566105e-05
2024-11-15,0.9999057,7.806002e-07,0.87194556,9.424276e-06,0.06301902,0.99999964
2024-07-25,7.6747476e-11,2.1527747e-12,5.240241e-24,2.0693133e-11,0.004465017,1.0
2023-12-26,0.9999119,0.9998894,1.0,1.0,0.9936079,3.4189692e-05
2021-02-14,0.9968442,0.999997,0.9999738,0.7095961,5.7667967e-07,8.284498e-05
2024-12-20,0.9999211,0.0025526031,1.0,0.9999949,0.9997621,3.4249076e-06
2020-02-14,0.99999964,1.0,0.99722373,0.9993839,0.97367245,0.0004129459
2019-07-02,8.6178465e-05,6.192681e-11,9.007568e-18,0.78728926,0.99999976,1.0
2021-11-12,1.7014267e-08,5.6989006e-06,0.95931584,1.0,7.439993e-08,0.9999994
2022-03-25,0.9999999,0.9999994,1.6516382e-12,3.4837957e-09,0.050254744,0.9999999
2023-10-30,5.937616e-07,1.7610494e-16,1.3305916e-11,3.0837503e-11,8.60011e-08,1.0
2020-04-20,0.99946517,1.0,8.82041e-08,1.0,0.9999988,3.613101e-05
2024-09-09,8.424859e-09,4.389407e-16,8.938124e-17,2.8169518e-16,0.99990356,0.99999917
2021-04-18,1.0,0.9998925,1.6127498e-13,0.10893652,0.99999976,0.9999633
2019-09-23,9.132394e-12,6.685947e-14,1.4760216e-16,0.028143726,0.00013458302,1.0
2023-01-07,0.0509606,0.9999988,1.0,1.0,0.9961479,1.4277317e-06
2022-07-04,4.906866e-11,3.0077923e-14,3.2350718e-19,1.5327844e-07,0.9999752,1.0
2019-08-15,5.239236e-11,1.4873667e-11,1.7786221e-17,4.27869e-09,0.993743,0.9999999
2021-07-07,1.4810416e-08,6.77131e-08,1.1267014e-13,0.9035425,0.023977688,1.0
2023-05-28,0.045101915,0.99997795,2.2346475e-10,0.9999999,0.9999825,0.013548709
2022-09-21,1.4564351e-15,9.189783e-18,1.2107816e-13,8.7761244e-08,2.2701473e-05,1.0
2023-01-04,4.273126e-07,0.9999957,1.0,0.99632156,3.1399937e-05,0.0069082268
2021-10-28,5.878753e-12,5.1947264e-15,4.4243973e-13,0.7333198,2.0586171e-07,1.0
2021-05-24,0.508147,1.0,3.519429e-07,1.0,0.0016169024,0.001065188
2023-12-13,0.99780697,0.98520505,1.0,1.0,0.9968663,0.00033535587
2023-05-19,0.9038336,1.0,9.6993425e-08,1.0,0.99997187,0.0010433169
2024-04-17,0.99998045,1.0,0.0013175557,1.0,0.99992895,1.1120176e-05
2021-11-18,0.0012281488,0.00499148,0.9999993,1.0,1.0344664e-06,0.99982506
2024-10-24,1.5296521e-07,2.2191253e-08,4.4344607e-16,1.2458425e-12,7.933072e-09,1.0
2023-04-22,0.98847485,1.0,1.135478e-12,0.99999964,0.99983454,0.0059428154
2023-07-14,3.7390944e-08,6.3476146e-16,2.307968e-17,3.1847168e-15,0.9999449,1.0
2020-07-05,4.1328753e-06,3.1779333e-11,4.4725894e-21,8.04669e-06,0.2836,1.0
2020-09-28,4.6652562e-07,5.4586553e-19,1.5010953e-18,2.7231176e-08,0.10044798,1.0
2024-08-31,5.583619e-06,8.057472e-14,1.07556376e-16,6.751446e-13,0.9999995,1.0
2024-08-03,2.4407942e-07,2.5866245e-11,1.890114e-18,5.6664905e-14,0.99753606,1.0
2021-07-15,9.677089e-13,5.78857e-09,9.099118e-19,0.9666782,0.000114363575,1.0
2024-01-06,0.9999999,0.9991935,1.0,0.9999968,0.98865837,3.840607e-06
2021-05-27,0.052605405,1.0,2.1546955e-05,0.9999796,0.000104691026,0.000106511
2020-10-06,2.0185144e-06,2.6995571e-15,8.70678e-20,2.251404e-07,0.00027867052,1.0
2020-08-11,1.5651132e-06,1.650241e-11,3.3668398e-14,1.2224683e-12,0.99999976,0.999943
2021-11-14,3.6808725e-08,5.8710166e-06,0.21480246,1.0,4.6526075e-06,0.99999976
2019-09-29,6.5324374e-10,6.225645e-17,3.1437548e-08,0.0018105282,2.6335834e-05,1.0
2023-11-27,0.39708304,4.1669516e-08,0.999948,0.9999783,0.5119306,0.869961
2024-06-13,2.9511766e-13,9.526626e-05,2.8962493e-13,0.9999981,1.3623349e-08,1.0
2024-09-12,0.006413158,3.6327728e-13,1.2903953e-13,9.071316e-13,0.9993357,1.0
2024-12-23,0.9999976,0.047522325,1.0,0.99999523,0.991735,1.855341e-05
2023-09-17,1.9029342e-10,5.182806e-17,1.9386899e-18,3.3959137e-14,0.9995584,0.9999999
2020-05-04,0.95993817,1.0,8.0495695e-08,1.0,0.99999976,7.615293e-07
2020-02-13,1.0,1.0,0.9949805,0.9780935,0.99570966,1.3705846e-06
2023-08-28,1.5450951e-06,4.2566466e-13,2.501456e-17,7.1335055e-13,0.9999993,1.0
2022-12-26,0.0031579651,0.999705,1.0,0.82614404,0.076262444,6.347141e-06
2024-01-12,0.999995,0.9994375,1.0,0.9999995,0.9999746,9.945341e-06
2023-01-23,3.1475031e-09,1.0,0.9999995,0.9998287,9.9068246e-05,0.0071469024
2024-04-23,1.0,1.0,0.24717455,0.99999964,0.99856746,6.42104e-05
2019-06-30,2.8222202e-10,9.0285586e-13,9.3266116e-23,0.9842159,0.9987502,1.0
2023-03-16,0.008309229,1.0,0.71008044,2.7259452e-07,0.023829937,0.00014659614
2019-06-28,2.6311866e-13,6.934291e-09,6.859977e-24,0.00075724494,0.94754606,1.0
2024-09-16,0.00019600372,4.3792013e-14,1.4026705e-17,1.2911463e-09,0.914723,0.99999976
2023-11-13,1.590181e-08,4.689213e-16,1.15381326e-07,2.0967735e-05,4.8587895e-06,1.0
2024-08-02,8.912414e-06,9.038079e-11,5.0859696e-19,6.279545e-11,0.998869,1.0
2024-12-28,0.99999976,0.18711635,1.0,0.99999917,0.9980585,1.8918318e-07
2019-10-07,9.2408015e-08,1.0887072e-16,4.2646218e-07,0.07608004,1.7404653e-06,1.0
2020-05-06,0.9970114,1.0,1.4511392e-07,1.0,0.99999976,1.5088383e-06
2019-11-02,4.1760813e-05,6.383993e-12,1.9679051e-07,1.0,3.0491893e-07,1.0
2021-11-11,4.331134e-12,9.559457e-10,4.2237338e-07,0.99999464,3.5624163e-07,1.0
2020-03-05,0.9870771,1.0,0.99422365,0.62744665,3.4039635e-06,0.011666643
2023-12-15,0.9999939,0.90244555,1.0,1.0,0.9931352,0.0003360084
2022-11-08,4.048155e-09,1.3798524e-05,1.342255e-06,0.9999999,1.0708233e-06,1.0
2024-11-22,0.9999949,4.4005968e-09,0.99952793,0.9997067,0.7643475,0.9178128
2020-03-09,0.1308617,1.0,0.47163683,0.9010051,0.00047667217,0.0032318807
2021-10-31,1.9407614e-11,3.2403232e-14,2.908997e-11,0.83828074,6.5373984e-10,1.0
2019-06-12,1.9114482e-08,5.0831554e-06,3.4607236e-23,0.9999583,0.1730045,1.0
2022-07-20,4.2997432e-11,8.074714e-15,7.411968e-18,6.7950376e-12,0.998718,1.0
2021-12-02,0.0006414803,0.9995352,1.0,1.0,0.6958711,0.0029766907
2024-06-27,9.54437e-14,8.9257185e-10,4.9238777e-24,0.015464577,0.000991743,1.0
2021-12-15,0.7857578,0.99998224,0.9999999,1.0,0.99977857,0.00057319744
2022-03-12,0.9996402,0.8494499,0.08951493,0.0021105472,5.948918e-06,0.9997589
2019-10-19,5.6974005e-07,5.69044e-17,5.6735697e-12,0.008369096,2.9829998e-08,1.0
2023-10-15,2.8401917e-10,1.1204986e-14,2.659311e-12,6.154703e-12,0.0002542783,1.0
2020-02-15,1.0,1.0,0.98886526,0.99999726,0.8867162,0.00021573005
2019-06-02,4.592413e-09,0.82791704,1.4326303e-23,0.1506889,0.021061273,1.0
2024-11-01,5.5630507e-11,2.4308186e-10,9.042107e-16,5.2560864e-13,1.3193198e-05,1.0
2020-12-04,0.9999995,0.8792341,0.99999964,0.99999964,0.50161505,4.2693286e-05
2019-06-10,6.724352e-07,0.0027656315,2.1358624e-20,0.9999951,0.0683773,1.0
2021-06-11,2.7910236e-09,0.99998915,5.258328e-11,1.0,0.0020918467,0.88616526
2019-06-06,1.4167216e-10,0.98499703,2.1328428e-19,0.730778,0.00076867413,1.0
2022-02-14,0.9999999,1.0,1.0,0.96803916,0.9991374,1.3554036e-05
2019-10-21,3.9078423e-06,7.694068e-14,1.0063685e-10,0.99951947,2.6662235e-08,1.0
2021-08-17,7.6287164e-11,2.209563e-12,1.03156966e-16,0.000530525,0.0013058045,1.0
2023-12-14,0.99928004,0.07257429,1.0,1.0,0.6858685,0.0043503265
2022-09-02,9.882412e-14,1.5700844e-16,8.058508e-20,3.0730551e-09,0.99160284,1.0
2023-10-28,1.0865211e-08,1.8835874e-16,4.1258304e-14,3.909916e-11,2.4533561e-08,1.0
2019-04-25,0.99999654,0.9999999,2.7913962e-09,0.99999535,0.99814427,4.762264e-06
2023-09-25,3.73032e-15,1.9210448e-17,7.017888e-17,1.1848293e-13,0.0011289846,1.0
2021-04-10,0.9999907,0.9999995,7.6805634e-14,0.39657742,0.99998677,0.999915
2021-02-27,0.981471,0.9999726,0.99999976,0.99817455,4.344464e-08,6.2038365e-05
2022-08-29,3.3504638e-15,8.941153e-18,2.3731512e-17,2.600209e-10,0.999997,1.0
2024-05-31,1.12870016e-08,0.9995473,3.609915e-14,1.0,0.023266662,0.9990011
2023-09-01,3.5369558e-07,2.668595e-15,3.705147e-15,3.9058087e-15,0.99927944,1.0
2019-10-23,0.0036820443,5.2182603e-16,3.3862395e-09,0.9957766,2.1739924e-08,1.0
2023-09-03,1.2101259e-07,6.081988e-16,2.2028123e-13,5.036417e-16,0.9979545,1.0
2019-03-29,0.9997428,0.9998148,2.4488534e-12,9.980813e-12,0.075337544,1.0
2020-03-24,0.99999976,1.0,0.0027334937,0.72297186,0.20739557,0.00010614174
2021-03-01,0.9999926,0.99999964,0.999984,0.01831493,6.526312e-05,6.148641e-06
2023-10-27,9.673016e-08,6.297731e-14,4.503515e-11,9.058508e-08,3.9962666e-07,1.0
2024-09-27,6.1093465e-12,3.4261195e-11,3.1550863e-18,2.5043337e-14,0.0011021905,1.0
2024-09-14,0.0018848485,1.94208e-18,1.9747324e-12,5.8260883e-12,0.9835613,1.0
2020-03-21,1.0,1.0,7.8054974e-08,0.9999999,0.99959356,0.007996493
2020-04-29,0.30590808,1.0,8.469895e-08,0.99999976,1.0,2.3132172e-07
2024-11-03,6.698635e-10,2.3080676e-11,2.101772e-11,8.138461e-12,4.8193687e-07,1.0
2022-08-24,5.9856726e-13,2.1764493e-15,9.247778e-17,4.4292672e-10,0.999997,1.0
2024-07-07,5.162864e-14,4.9047066e-10,9.3681655e-20,3.632198e-05,5.2027524e-05,1.0
2021-03-03,0.9999945,1.0,0.8677451,1.5101429e-05,0.0004938318,0.00010379659
2023-02-25,0.0003648936,0.9999999,0.99863106,0.18069439,0.97231776,4.954597e-07
2022-03-09,0.7015677,0.9997968,0.9999938,2.0600076e-07,0.00018675406,0.73745924
2022-04-17,0.99998724,1.0,1.2659645e-07,1.0,0.99999905,0.0005700348
2020-02-19,0.9999999,1.0,0.9247295,0.9949662,0.2898465,0.00015699418
2019-04-14,0.99999785,1.0,2.3718642e-11,0.0005108556,0.9996093,0.97362286
2024-01-05,0.99999595,0.99141425,1.0,0.99999917,0.99984884,3.1740197e-05
2024-04-12,0.9998809,1.0,1.2851423e-08,1.0,0.99998844,2.6592901e-05
2020-11-10,0.13202824,6.05688e-08,0.3711376,1.0,0.009215533,0.99976164
2023-08-03,3.652503e-10,1.1206092e-15,1.709719e-19,2.119491e-13,0.9996257,1.0
2022-09-16,9.141996e-16,1.4929583e-17,1.5718831e-15,6.242692e-11,0.13620058,1.0
2023-11-16,9.095183e-07,2.8403685e-15,0.040509053,0.0021258674,5.1026433e-05,1.0
2021-02-24,0.99999976,1.0,0.99914944,0.64798355,2.1951023e-06,1.980209e-05
2023-03-01,1.422114e-06,1.0,0.9987489,0.6923471,0.85926914,7.4940424e-08
2022-09-08,5.3068824e-11,2.6807735e-18,4.3787605e-13,1.6588769e-09,0.9735333,1.0
2021-08-07,8.997156e-12,1.6138753e-10,1.444332e-19,1.2365265e-09,6.0717196e-07,1.0
2021-01-29,0.99998283,0.9998599,0.9999999,0.9994351,0.00014328542,0.00010290529
2020-08-28,5.803837e-13,6.392339e-12,2.0595376e-21,1.6380734e-11,0.008713147,1.0
2024-03-31,0.99899393,1.0,1.2835261e-07,0.9999839,0.9999018,8.76438e-05
2022-09-18,4.232462e-14,1.1431984e-17,1.1383171e-15,9.219991e-08,0.00012767916,1.0
2024-03-27,0.99999905,1.0,2.064997e-06,0.9972909,0.97983116,0.5756176
2021-01-25,0.9999999,0.99999964,0.9999987,0.99916005,0.000394541,8.4474395e-06
2021-12-17,0.97026396,0.99998915,1.0,1.0,0.99995387,9.261089e-06
2021-12-20,0.99992955,0.99992466,1.0,1.0,0.9998926,3.8563783e-05
2023-09-06,6.9829315e-10,4.839409e-17,5.1809926e-15,2.3880103e-15,0.4154759,1.0
2020-06-04,3.2383127e-08,0.9997056,7.0566946e-13,0.9999982,0.99999774,0.81963336
2020-09-15,3.2634288e-13,3.0274538e-10,2.607714e-21,3.1653683e-11,7.542064e-07,1.0
2020-11-11,0.9999864,2.222759e-09,0.9494371,0.999959,0.0028206003,0.99999404
2024-07-27,1.7231168e-10,6.462193e-11,1.8502873e-23,2.1463979e-13,0.74614364,1.0
2021-10-10,8.667412e-12,7.80995e-12,1.9317662e-17,0.0051746825,1.0971672e-07,1.0
2021-10-11,3.0630557e-12,5.376989e-12,4.2799805e-16,0.0001623748,1.3410655e-08,1.0
2020-09-26,4.2142535e-08,2.0965948e-15,2.2929542e-16,3.9165484e-09,0.94454765,1.0
2019-04-23,1.0,1.0,8.837924e-08,0.99999976,0.9999819,4.1190524e-06
2020-06-14,5.503167e-12,0.99998033,7.2350205e-19,0.9999627,0.9495053,0.9999962
2022-03-15,0.9996736,0.99995697,1.7787091e-11,1.2893659e-07,0.00010133613,1.0
2020-06-27,5.685839e-10,1.4585704e-11,6.092574e-17,0.99997294,0.9756496,1.0
2023-09-28,7.1205444e-11,4.3395363e-19,1.2819291e-10,7.0549176e-13,5.494368e-05,1.0
2024-09-05,7.0163475e-07,1.7746185e-15,2.254586e-13,4.105575e-15,0.999551,0.99999976
2022-09-24,4.1356295e-15,2.7512656e-17,4.2446373e-14,2.7355478e-09,4.3597893e-06,1.0
2019-12-16,0.99999845,0.99995005,0.99910873,1.0,0.9999777,6.977136e-05
2021-10-01,2.8302573e-14,2.7446316e-16,8.640749e-17,1.3427552e-07,6.868701e-08,1.0
2019-03-30,0.9999715,0.99999964,1.7076256e-13,1.7400483e-08,0.995131,0.9999901
2024-07-08,4.213857e-13,1.5502963e-11,1.9888605e-21,6.2046947e-06,0.00021547964,1.0
2024-11-30,0.9999951,0.00030918053,1.0,0.99999774,0.99917334,0.0012621694
2021-12-19,0.99998534,1.0,0.9999999,0.9999999,0.9999919,3.689606e-05
2019-07-29,3.8646022e-10,2.8051756e-14,1.1764055e-16,1.8677787e-05,0.99981254,1.0
2020-11-20,0.99999976,5.808008e-05,0.999102,0.99996245,0.000106124535,0.9999399
2019-12-24,0.99968326,1.0,0.99342924,1.0,0.9999964,3.994749e-06
2021-07-24,2.6559638e-13,2.8640007e-11,1.4825032e-19,9.601027e-10,1.3560357e-07,1.0
2024-09-18,7.3157144e-06,1.8190941e-12,4.977055e-17,5.481566e-12,0.039083734,1.0
2022-01-28,1.0,0.99999976,1.0,0.9999665,0.9999734,7.429853e-07
2019-11-26,0.9999937,0.12017402,0.9080077,0.9659905,0.042425983,0.8631589
2021-01-18,0.99999905,0.9999988,0.99999976,0.99906105,1.8528657e-05,0.00039620904
2021-12-04,0.01661973,0.9695832,1.0,1.0,0.8778164,0.00073382386
2019-09-30,1.9755785e-10,9.742634e-16,1.4308701e-10,0.02638851,0.000108956316,1.0
2021-12-30,0.9999888,0.9999999,0.99999917,1.0,0.99999964,6.3103303e-06
2023-12-06,0.99688536,2.5300298e-05,1.0,0.99999547,0.999405,3.2198106e-05
2021-12-28,0.9999963,0.9995536,1.0,1.0,0.9999999,6.3504167e-06
2022-06-18,1.1107802e-11,3.2825695e-09,3.655966e-22,0.00017545927,0.91660184,1.0
2019-09-27,2.4355884e-11,3.967572e-16,1.6528918e-13,0.016651792,0.0015682427,1.0
2019-07-03,0.00010440501,1.5917103e-12,3.2945156e-18,0.5164216,0.99999976,1.0
2019-06-15,3.739594e-08,2.3969274e-06,5.8625965e-23,0.9999851,0.943544,1.0
2021-04-11,0.9999999,1.0,3.2513101e-15,0.24030596,0.99881685,0.9999912
2024-07-31,8.272759e-08,9.966939e-13,2.3672275e-18,7.0128186e-13,0.9999999,1.0
2024-05-20,1.2652507e-10,0.9999572,1.2807915e-08,0.9999546,6.837251e-06,0.07006455
2023-02-26,8.092896e-07,1.0,0.9998667,0.0221189,0.9373262,5.335633e-07
2022-03-18,0.9597107,0.9484648,0.98891795,2.1796945e-06,7.946726e-06,0.9998896
2019-04-26,0.9999956,1.0,3.2731998e-07,0.9999988,0.9999616,6.632797e-05
2019-12-15,0.9999999,0.99999976,0.99993765,1.0,0.9999826,3.1362946e-05
2022-09-09,1.6354137e-11,8.080433e-18,1.979461e-12,5.6276598e-11,0.061039425,1.0
2024-04-13,0.9999863,1.0,3.0618867e-05,1.0,0.9999808,5.663424e-06
2022-12-19,0.0006580998,0.999995,1.0,0.99998033,0.0010704512,6.3908788e-06
2021-10-15,2.2636283e-11,6.090205e-13,5.4373257e-14,0.002742573,2.7192961e-09,1.0
2020-03-14,0.99999416,1.0,0.03565105,0.99999976,0.8970209,0.00097038
2020-04-16,0.9998117,0.9999883,6.437623e-08,0.99999976,0.99999905,3.6007125e-06
2022-11-05,2.2355184e-09,1.909752e-06,4.412231e-08,0.9999999,7.1180957e-06,0.9999877
2022-08-10,4.6478785e-08,2.075713e-15,1.4503128e-17,1.02074885e-11,0.9999944,1.0
2021-06-15,5.3630576e-09,0.9094136,7.9160425e-19,0.9991247,0.120575264,0.9999939
2022-01-13,0.99999344,0.99983,0.9999999,0.9999999,0.99998033,6.45227e-07
2019-11-15,0.6391147,5.960577e-07,0.30526906,1.0,0.000928039,0.9999902
2022-08-18,2.9383637e-10,1.4359189e-15,1.2205514e-15,7.723708e-11,0.9999918,1.0
2022-02-05,0.9999999,0.99999964,1.0,0.9999988,0.9999076,3.721937e-06
2023-04-24,0.99999857,1.0,2.0317302e-10,0.9999821,0.99985754,0.010970343
2020-07-02,4.806242e-08,2.2747689e-07,1.1288507e-16,0.6128624,0.997288,1.0
2021-09-27,4.7444382e-14,5.533556e-15,1.04794254e-16,2.100384e-12,7.3190427e-06,1.0
2022-09-12,8.592969e-14,3.6904815e-20,7.789943e-15,9.2753333e-10,0.001923162,1.0
2021-09-06,1.0965894e-08,1.58307e-11,1.4529845e-21,2.0208119e-14,2.325758e-06,1.0
2024-11-02,8.048529e-11,6.234407e-08,4.7092745e-15,1.2145883e-14,9.0966305e-06,1.0
2021-07-30,6.830011e-14,9.021141e-09,9.52981e-23,2.3520522e-10,6.735077e-08,1.0
2019-11-21,0.99981815,4.861786e-05,0.99992406,1.0,0.0022327898,0.9994885
2021-03-02,0.99999785,1.0,0.99255615,0.00032544328,0.0019644557,8.34898e-07
2024-08-08,0.00011057183,3.1594798e-06,1.2953147e-17,2.2204704e-13,0.9999987,0.9999995
2022-03-01,0.9998765,0.9999999,0.9999534,4.496237e-05,0.03606325,0.0054607266
2022-02-19,0.9999999,0.99999857,1.0,0.99965644,0.956058,0.00019808124
2023-04-06,0.9997292,1.0,7.979478e-09,1.6493756e-05,0.99992967,0.99660194
2023-11-08,5.4815507e-07,1.0137586e-14,1.1814358e-12,1.9591566e-11,9.020265e-07,1.0
2021-08-02,8.3997463e-13,1.6036596e-11,1.1330245e-20,2.7511288e-10,7.1342026e-07,1.0
2021-07-28,7.931784e-13,1.2339295e-10,1.4652907e-22,1.513084e-08,6.5311055e-05,1.0
2021-12-29,0.99999607,0.9999908,1.0,1.0,0.9999919,3.4597117e-05
2024-01-13,0.9999994,0.99991167,1.0,1.0,0.9999479,6.754703e-06
2023-04-27,0.9942451,1.0,6.279016e-08,0.99999976,0.73203284,0.00018486333
2021-02-23,1.0,0.9999989,0.9984003,0.84265333,1.0750799e-06,0.0002769748
2022-04-20,1.0,1.0,2.1224068e-10,0.9998795,0.9999945,0.043298002
2020-03-08,0.9880784,1.0,0.77639216,0.99947804,7.078317e-05,0.0064125503
2024-09-10,3.9842867e-08,1.5680555e-12,2.1456476e-18,1.7972394e-12,0.99999917,0.99998534
2022-07-02,1.0154703e-12,8.923543e-13,1.0226467e-19,2.363961e-06,0.9468284,1.0
2022-12-22,0.0029078422,0.9875865,1.0,0.9999999,0.00042450422,5.542482e-06
2019-12-04,0.99999976,0.83684325,0.9999918,0.9999995,0.9981413,0.0043319953
2019-10-10,2.8021657e-05,4.1717816e-18,5.005211e-11,0.560925,0.00067243644,1.0
2024-05-03,0.9891354,1.0,3.281535e-10,0.99999976,0.69330996,0.0112923635
2019-12-01,0.99927944,0.8446823,0.9999999,0.99998784,0.99698997,0.006278593
2022-01-27,1.0,0.99999833,1.0,0.99999857,0.9999914,6.5249907e-07
2020-08-19,1.4133815e-08,7.871214e-17,2.3104316e-12,1.1082956e-11,0.9999238,0.99999833
2022-11-02,2.0415416e-11,4.5221827e-07,7.396527e-08,0.9999995,1.3895583e-05,0.9999982
2024-01-23,0.9999956,0.99968386,1.0,0.99999774,0.9985097,5.6313216e-05
2024-06-06,3.4119587e-09,0.9963224,3.1433002e-11,0.99998915,1.8664794e-07,0.999992
2021-01-14,0.9999999,0.99999964,0.9999995,0.99945587,0.008624782,0.00042932323
2022-05-11,0.67974865,1.0,4.677826e-11,0.9999995,0.985385,2.6569392e-06
2023-06-06,1.15852855e-10,0.5574394,2.7100574e-25,0.0022587273,0.99996364,1.0
2021-07-21,7.24198e-11,9.6200305e-11,2.397686e-15,2.7596014e-09,5.862166e-06,1.0
2024-05-07,0.0010833829,1.0,5.882048e-13,1.0,0.86936194,6.120879e-05
2023-02-19,1.5813552e-05,1.0,0.97949547,0.99232274,0.99765515,1.2474233e-05
2024-11-20,0.999998,1.14771346e-07,0.9970534,0.9991761,0.28995487,0.99555945
2020-06-13,3.1934455e-11,0.99999976,1.4476039e-18,0.99999964,0.0077830474,0.9999095
2023-05-29,0.05941719,0.9999269,4.734807e-06,0.99999976,0.99999297,7.925276e-05
2020-10-20,6.8813846e-05,2.9413153e-16,8.6317685e-14,4.167015e-05,6.555907e-09,1.0
2023-12-22,0.65582716,0.8956742,1.0,1.0,0.9910842,5.241511e-06
2024-04-05,0.99993455,1.0,1.3151168e-08,0.9999999,0.9999931,7.605445e-05
2024-12-02,0.9957734,2.495011e-07,1.0,0.9999887,0.9991628,0.0018735363
2021-05-28,0.007861763,1.0,0.00023725086,0.9999747,1.4107352e-05,2.5596153e-05
2023-07-30,2.6625313e-10,5.1067595e-16,4.5305835e-19,3.8026956e-12,0.9999598,1.0
2021-10-06,4.938874e-15,2.6120214e-16,4.1031444e-17,3.8894636e-06,6.246751e-08,1.0
2021-11-08,5.958724e-12,2.490836e-08,8.024609e-05,0.99999464,1.8979777e-07,1.0
2019-11-03,8.7803494e-07,4.0314596e-12,9.3965156e-08,1.0,5.167114e-06,1.0
2024-05-25,2.7043322e-07,1.0,8.591891e-13,0.9999999,0.0007245751,0.11537474
2023-09-30,6.655299e-13,4.7670874e-18,1.7924114e-13,2.8679828e-13,1.6765316e-05,1.0
2023-03-05,1.35005885e-05,1.0,0.9999989,0.02681816,0.36157587,1.5438122e-06
2023-07-21,2.6803418e-12,5.0485546e-16,5.9801534e-19,1.4023361e-13,1.0,0.9999995
2023-02-06,0.00013609772,0.9999993,1.0,0.9999902,0.13331403,1.2926175e-07
2020-03-18,0.99999976,1.0,7.9407506e-08,1.0,0.99986494,0.003097801
2021-01-30,0.9999989,0.9999999,0.9999999,0.97058827,5.0287667e-06,0.0007210101
2021-01-01,1.0,0.99993646,1.0,0.9995365,0.00014787287,0.00017102093
2019-11-19,0.99999774,7.634943e-08,0.97018135,0.9998957,4.084107e-05,0.99934596
2023-04-30,0.9996117,1.0,1.6030473e-08,0.99999833,0.99782324,5.487369e-06
2022-07-21,1.3465632e-12,1.18594275e-11,9.851472e-22,2.5009349e-14,0.9998609,1.0
2019-05-18,0.9999999,1.0,3.1862255e-10,0.92157763,0.660077,0.013631424
2020-10-29,0.4292899,2.846963e-12,3.8570092e-14,0.9996536,0.046191294,1.0
2023-11-20,4.864434e-09,2.2234714e-09,0.002174839,0.97207123,0.0024876238,0.9999726
2020-10-17,6.985075e-07,8.8018674e-17,2.260983e-15,0.0013488219,8.8289414e-07,1.0
2020-04-07,0.99687564,1.0,1.4774274e-12,0.00071117614,0.99999166,0.7916092
2021-10-04,3.2754767e-13,6.8724924e-18,9.63898e-16,9.956301e-07,1.611734e-05,1.0
2020-07-18,6.3133947e-09,5.569975e-14,4.3975182e-16,5.9332977e-12,0.9999207,1.0
2023-05-21,0.91372305,1.0,5.6208264e-11,0.999998,0.9999732,0.0015714219
2021-09-17,2.6461253e-12,1.5711856e-14,1.8905085e-20,2.2057682e-09,2.7359617e-06,1.0
2024-03-11,2.6167226e-07,0.9989924,3.9504566e-18,6.354802e-11,0.00024080469,1.0
2024-01-17,0.9999994,0.9997452,1.0,1.0,0.99998736,4.448458e-06
2024-06-23,1.2009069e-11,0.0010010512,1.1306299e-17,0.99999714,0.014334766,1.0
2021-10-29,1.7222158e-11,9.22098e-15,2.3756648e-13,0.9596056,6.728914e-08,1.0
2023-01-15,7.9751565e-09,0.9999999,1.0,0.9929362,3.3891413e-06,0.008204973
2024-09-24,2.1176828e-11,1.3176073e-12,7.208381e-19,1.5330958e-13,2.3798402e-05,1.0
2023-09-19,1.1349163e-06,4.0508093e-18,2.4141928e-11,1.02287944e-14,0.97645164,1.0
2024-04-03,0.9999001,0.9999999,4.6523323e-06,0.9999995,0.99998724,0.00018125038
2019-10-28,0.0001574076,1.06142004e-13,1.7299419e-08,0.9992601,1.1907758e-10,1.0
2024-03-02,2.2344445e-06,0.99923,7.516136e-14,2.0784576e-12,1.284491e-07,1.0
2022-09-01,8.901053e-13,2.3402848e-16,2.894273e-20,7.433724e-08,0.9961125,1.0
2023-10-03,4.171774e-14,7.539916e-21,3.5333824e-17,6.460877e-14,0.29922077,1.0
2023-01-14,4.5620297e-07,1.0,1.0,0.9999888,0.00041227115,0.0038226496
2022-01-07,0.99999964,0.9999716,1.0,1.0,0.99999666,4.0072073e-06
2022-07-31,3.4045513e-06,3.446519e-13,1.9411499e-15,0.00047355267,1.0,1.0
2024-09-07,1.1578537e-08,1.5205182e-13,1.0405939e-14,3.951248e-14,0.9922907,1.0
2019-09-20,6.4730426e-13,3.771149e-14,1.0399608e-18,7.002596e-06,5.63111e-06,1.0
2019-03-31,0.99919266,0.9999993,1.7790853e-15,6.5611514e-12,0.98395556,0.99999595
2020-11-03,0.9343597,9.152041e-13,1.3850982e-08,0.995631,0.0043044575,1.0
2022-08-30,2.1804901e-13,7.297891e-18,4.3453055e-17,4.4099466e-10,0.9995023,1.0
2019-05-22,1.0,0.9999993,1.0136678e-10,0.99817955,0.0019919295,0.988477
2022-04-07,0.999897,1.0,1.0253798e-05,0.7395609,0.99687684,0.3026112
2023-04-16,0.9995172,1.0,1.0908333e-09,0.9999995,0.9987664,3.3273604e-06
2022-06-02,1.3512014e-09,0.99999917,1.4202055e-11,1.0,0.9999497,0.25216368
2021-06-08,8.4629414e-07,1.0,0.0011274075,1.0,0.019811662,0.0031381978
2020-11-15,0.9991756,8.3410065e-14,0.95871896,0.9999696,9.878926e-06,0.9999995
2020-02-16,0.99999976,1.0,0.051020205,0.9995152,0.5751276,2.0302996e-05
2023-10-20,1.3823084e-12,5.1047536e-16,8.335619e-13,6.587843e-10,0.0001091562,1.0
2023-01-05,7.1726186e-10,0.9997415,1.0,0.9957261,8.260648e-07,0.083447956
2021-01-20,0.9999491,0.9999994,0.99999547,0.99943286,0.0007667135,3.0186545e-06
2023-05-02,0.9999969,1.0,4.665294e-09,0.99999917,0.99998486,4.504833e-06
2020-11-04,0.9957157,2.2801422e-15,2.2755282e-07,0.9998079,0.99848217,0.9999993
2023-01-12,4.896701e-08,0.9999999,1.0,0.999265,0.00058022334,0.0015888643
2019-05-08,1.0,0.9999999,2.770581e-10,0.99999964,0.9998994,0.00023912852
2020-03-10,0.9931096,1.0,0.00041791514,0.999894,0.0007393921,0.18600884
2022-05-31,2.0705522e-06,0.9999999,1.9609063e-11,1.0,0.9999999,0.00856264
2024-01-31,0.9999856,0.9999994,0.99999976,0.9921853,0.7549573,0.00011125115
2019-06-27,6.053784e-12,3.839206e-09,2.125115e-23,0.032864653,0.27838206,1.0
2023-12-01,0.9999598,3.3547458e-06,0.9999994,0.9999758,0.4928918,0.010473286
2023-06-23,8.318775e-15,6.754425e-08,1.5463617e-16,2.8572842e-11,0.99998987,1.0
2024-08-21,1.2156516e-11,1.5616256e-13,8.459206e-12,5.2769773e-14,0.9999691,0.99999976
2020-05-15,0.0038655002,1.0,8.119677e-10,1.0,0.9999919,2.6517662e-05
2019-12-10,0.99999976,0.99717903,0.9999999,1.0,0.9999871,0.00026752666
2024-09-17,7.3421004e-05,1.2467903e-13,8.610153e-16,3.2971553e-11,0.6605039,0.99999964
2020-08-25,4.3072455e-11,2.8035958e-15,3.7435243e-13,3.6998051e-09,0.9999229,1.0
2024-10-31,9.125285e-13,1.2566792e-13,2.2257258e-15,3.5014936e-14,1.1496322e-06,1.0
2022-08-02,2.9552947e-09,8.2749596e-14,5.1105114e-12,2.5866343e-06,1.0,0.9999999
2023-09-20,1.18402595e-05,1.5484682e-17,9.00088e-16,2.0020134e-14,0.99255484,1.0
2024-07-29,1.4325537e-08,3.260427e-11,1.086621e-22,6.1979684e-17,0.97920346,1.0
2020-08-23,6.934387e-08,2.316268e-13,1.4057902e-14,8.142719e-11,0.9995252,1.0
2023-03-08,4.206896e-06,1.0,0.99999213,0.015456564,0.9056309,1.056385e-05
2020-07-29,1.0148035e-06,7.514527e-11,1.9678882e-13,6.994044e-11,0.9999999,0.99993587
2021-05-20,0.9997068,1.0,1.4275479e-06,0.99999905,0.984695,5.7423864e-07
2023-08-09,8.43269e-12,1.3852287e-14,2.4714266e-17,8.974861e-15,0.12965736,1.0
2019-07-04,8.137714e-06,1.353044e-11,1.1697261e-21,0.9953701,0.9999751,1.0
2024-07-02,1.4041167e-16,4.827594e-08,5.6255923e-21,7.4633826e-06,9.679836e-06,1.0
2023-06-18,9.820978e-12,0.011532438,3.2250472e-16,3.1737472e-05,0.9999974,1.0
2022-07-27,6.922701e-09,7.921373e-12,2.4674713e-16,4.364057e-06,1.0,0.99999857
2020-01-31,0.9999902,1.0,0.9668987,0.9999982,0.9981488,9.957261e-06
2020-12-16,0.99999905,0.98262274,0.9999993,0.99999917,0.455499,0.0011594318
2023-10-21,9.0748555e-11,2.8279614e-12,4.1810804e-13,2.0448306e-11,2.2770314e-06,1.0
2019-10-01,3.1547844e-11,5.1898294e-17,4.5027004e-14,0.0009938921,8.5300446e-05,1.0
2020-09-29,3.5584712e-06,3.2405597e-13,3.61122e-16,1.8059762e-10,0.057789586,1.0
2020-08-10,2.124895e-09,5.242073e-12,2.4581687e-10,1.9554345e-07,0.9998229,0.9999658
2024-06-20,5.4407963e-12,0.00060602085,1.3790315e-21,0.9977998,0.003549772,1.0
2020-04-15,0.99999344,1.0,2.8604918e-10,1.0,0.9999988,1.5767127e-05
2023-11-10,4.2088053e-09,2.6607057e-16,1.8573936e-09,6.887671e-08,1.3576755e-06,1.0
2024-09-23,7.56112e-12,2.8670027e-10,2.328822e-17,7.917263e-16,2.2995804e-05,1.0
2023-06-02,1.3600442e-07,0.9999981,2.6040558e-21,0.52167153,0.999987,0.99990094
2021-02-02,0.9999907,1.0,0.9999988,0.12722759,5.8038568e-06,6.374447e-05
2024-08-25,3.1255238e-09,1.6306496e-13,7.108347e-14,2.5389749e-12,0.9999757,1.0
2020-11-01,0.008221676,2.4908685e-16,9.625215e-13,0.21464899,0.1028601,1.0
2021-03-25,0.9999989,1.0,1.0290305e-09,2.3307637e-05,0.007692676,0.9999012
2023-01-08,7.866357e-08,0.99999976,1.0,0.999995,2.5246694e-05,0.0049055084
2021-05-02,0.9999993,1.0,7.166171e-08,0.99999964,0.9970976,7.9027114e-07
2022-08-31,1.939973e-15,4.4280905e-15,1.5861345e-15,1.9230313e-10,0.9993605,1.0
2024-11-09,0.98780745,1.9133396e-10,3.2058625e-09,3.9251854e-13,0.028883372,1.0
2019-05-05,0.9999999,1.0,4.424387e-10,0.9999876,0.98699564,0.003356642
2023-01-29,1.8963419e-06,1.0,0.99917054,1.0,0.97623616,0.0002784793
2022-03-08,0.84334785,0.99991,0.99999785,0.0004989105,3.9187114e-05,0.0008179176
2020-06-26,3.517509e-12,5.275621e-13,7.3633793e-19,0.9999417,0.6415048,1.0
2019-09-07,7.854921e-11,5.3557777e-13,1.6711175e-15,2.3657069e-05,4.1344483e-06,1.0
2024-01-19,0.9999571,0.99999857,1.0,0.9999999,0.9999509,2.2989401e-05
2022-08-25,6.447066e-14,3.6800172e-15,1.9146286e-17,3.2509664e-13,0.99999106,1.0
2024-07-01,5.0058926e-13,2.1763579e-07,1.6332864e-20,1.5240675e-08,0.00026646288,1.0
2021-07-18,1.7265686e-13,1.0677929e-11,6.5643644e-17,1.2033815e-05,4.223621e-07,1.0
2024-03-24,0.99997807,1.0,0.002879532,0.00025524796,0.973994,0.69005525
2022-06-17,6.840626e-13,2.8200061e-08,7.383113e-22,0.005967859,0.87625515,1.0
2024-12-27,0.9999988,1.0094955e-06,1.0,0.9998061,0.9999784,6.5831587e-06
2019-05-11,0.99905294,0.9999974,3.0538736e-12,0.99999917,0.9999974,0.00043420808
2019-10-06,3.0536097e-07,2.4743145e-16,2.782645e-10,0.0024086128,2.0043826e-06,1.0
2023-03-20,0.9546412,1.0,6.419123e-06,0.0008337768,0.99620026,0.07090153
2024-04-16,0.9999963,1.0,0.7458926,1.0,0.99999595,1.7145118e-06
2024-08-07,5.2429864e-06,1.3916794e-11,2.0120474e-17,5.199882e-15,0.9999988,0.9999999
2022-02-12,1.0,1.0,1.0,0.99984705,0.99525476,5.784743e-06
2022-06-15,7.227984e-12,0.00022942357,4.875607e-21,0.005150829,0.9991387,1.0
2020-06-24,4.062071e-12,6.0961476e-08,2.297977e-19,0.9999292,0.0016964982,1.0
2022-07-28,2.2544779e-10,4.720547e-13,5.388017e-15,2.4207809e-08,1.0,0.99999917
2023-12-24,0.9966,0.62537855,1.0,0.9999999,0.995044,8.542043e-05
2021-01-09,0.9999989,1.0,0.99999964,0.41982448,0.0039654328,8.100524e-07
2019-05-20,0.9999957,0.9999993,4.172777e-14,0.4705907,0.98373204,0.111548476
2022-12-01,5.459745e-05,0.00096278527,1.0,0.99999976,4.815657e-06,0.033191152
2024-06-30,3.2827942e-13,5.3978596e-07,2.1676607e-20,2.104054e-07,0.0044076415,1.0
2022-11-15,2.2755262e-07,7.823799e-05,0.97786945,1.0,3.6443691e-06,0.9999964
2019-08-28,1.1338754e-14,3.574802e-09,2.0798056e-20,1.5907792e-11,0.004597127,1.0
2021-12-01,0.002172246,0.9999628,1.0,1.0,0.4190479,0.00028336848
2024-01-08,0.9999982,0.99993026,1.0,0.9999999,0.9901834,3.4557183e-05
2023-11-18,2.0719033e-06,3.338683e-14,0.0023443957,6.857088e-05,1.2780922e-06,0.9999999
2020-11-16,0.9997303,9.071377e-11,0.9998709,0.99977726,0.0002785515,0.9999976
2020-06-05,1.6182838e-07,0.9999988,2.8031433e-10,1.0,0.99999833,0.08547559
2019-12-23,0.9999987,1.0,0.99996614,1.0,0.9999851,1.0075267e-05
2021-02-17,0.76899374,0.9999815,0.9997776,0.00069676334,1.46690065e-08,0.00049862306
2019-06-14,9.7243685e-08,1.3904048e-06,2.5560838e-23,0.99921453,0.18380097,1.0
2020-03-11,0.24076746,1.0,0.0003875454,0.19671828,0.00038267678,0.2542172
2022-04-12,0.9999975,1.0,4.6299665e-05,0.9999963,0.9999999,8.822153e-05
2024-05-29,1.3943067e-05,0.99999976,1.8842165e-12,1.0,0.0019499774,0.6944753
2019-10-22,9.3334506e-07,1.02486995e-13,9.523199e-15,0.9989617,1.387526e-07,1.0
2020-01-02,0.99999905,1.0,0.9994073,1.0,0.9999964,1.4508806e-06
2024-05-02,0.9914997,1.0,6.523578e-07,1.0,0.9946911,2.2436872e-05
2023-10-06,2.917917e-14,1.7872385e-18,6.181163e-15,5.1104044e-16,0.0012530515,1.0
2020-01-28,0.9999999,1.0,0.9998455,0.99990475,0.9999987,4.4441234e-07
2023-05-03,0.99999344,1.0,3.824266e-06,0.99999106,0.999997,4.723901e-07
2019-10-03,2.0718192e-09,1.1613839e-15,2.5980336e-13,0.00011187411,9.063071e-08,1.0
2020-08-06,4.702539e-09,6.56898e-15,1.169174e-19,2.3765634e-12,0.9167111,1.0
2022-02-01,1.0,0.9999987,0.99999964,0.9999976,0.99999595,2.4573512e-07
2022-01-04,0.9999993,0.99935085,1.0,1.0,0.99999976,5.979787e-07
2020-10-14,9.265073e-06,1.4364223e-12,2.962611e-15,0.5028634,4.5015477e-06,1.0
2023-10-17,1.6752451e-10,4.6982868e-14,1.3561462e-12,3.057419e-11,1.1838653e-06,1.0
2020-04-22,0.9998673,1.0,6.900793e-07,1.0,0.99999976,7.119095e-05
2019-07-24,1.3417096e-09,4.3576256e-05,1.0783269e-19,0.00040326413,0.9999802,0.9999629
2020-05-30,2.1745643e-06,0.9999771,8.985122e-11,1.0,0.99759334,0.99261236
2023-08-30,3.1850195e-08,6.3351057e-17,1.0448381e-14,1.8045145e-12,0.9999715,1.0
2022-01-19,0.9999993,0.99999547,1.0,1.0,0.99999166,1.6482763e-06
2022-12-29,6.803425e-05,0.9999324,1.0,0.99999225,2.7630638e-06,0.0010497236
2022-11-22,1.1892209e-06,3.6931942e-07,0.9995616,1.0,1.0713588e-05,0.9999248
2019-11-10,0.99530303,2.8334795e-12,0.7629417,0.9999999,7.0105365e-05,0.9999981
2024-05-30,2.8987552e-05,0.9999999,2.5852027e-12,1.0,0.41574878,0.65583795
2020-08-13,1.2495942e-06,4.8060975e-11,3.7259185e-11,1.8603363e-09,0.99999917,0.99999964
2024-08-30,2.1235994e-06,7.859723e-13,3.0476177e-16,9.9332625e-11,0.99999976,0.9999999
2019-10-13,2.6439082e-05,3.0094588e-16,4.4312784e-10,0.00013629289,5.0284317e-08,1.0
2019-04-28,0.9999987,1.0,3.0598954e-09,0.9999795,0.999879,0.0004796485
2023-10-25,2.3896408e-08,1.8040411e-14,1.644785e-12,8.473208e-08,5.539933e-07,1.0
2020-10-13,8.577885e-07,2.7430619e-12,2.0833606e-11,1.3057884e-06,3.1332606e-06,1.0
2019-09-04,3.2119168e-12,6.303176e-10,1.7810278e-22,1.3663886e-09,2.4373765e-05,1.0
2024-05-08,0.0024231684,1.0,5.0224312e-08,1.0,0.41966608,0.0036062698
2024-10-14,1.4458452e-08,1.048098e-13,9.437894e-13,1.1145657e-12,1.1956615e-07,1.0
2020-02-18,1.0,1.0,0.86868304,0.9897254,0.9967719,2.634382e-05
2023-03-28,0.9823032,1.0,0.004457217,2.2114065e-07,0.15518396,0.0126329055
2021-07-23,3.359895e-16,1.6832513e-07,1.2933766e-21,1.1765662e-10,1.1441741e-05,1.0
2021-07-22,1.8757794e-08,7.8564527e-10,2.745375e-16,3.2808964e-10,5.5582505e-06,1.0
2019-11-30,0.99999833,0.99999917,0.99643874,1.0,0.99959904,0.0038459804
2021-11-10,1.4950267e-10,1.2425777e-07,0.027441481,0.99998677,8.576161e-08,0.9999993
2019-08-23,5.298414e-16,9.114276e-07,4.3330005e-20,9.936755e-10,0.0023355647,1.0
2022-06-14,1.7188159e-11,2.8284643e-07,6.2741194e-23,0.96501434,0.76199543,1.0
2023-04-18,0.999969,1.0,1.2449869e-09,0.9999981,0.8205703,8.507803e-05
2021-05-03,0.99999964,1.0,4.0394834e-06,1.0,0.99999,2.9571234e-07
2021-01-06,0.99999285,0.99987733,1.0,0.99993837,0.0011583412,5.031098e-06
2024-11-21,0.9998722,1.0802721e-06,0.99998677,0.9987571,0.87638956,0.9090163
2019-09-17,1.1892415e-10,2.693744e-12,7.833995e-13,1.0440637e-09,2.5451434e-06,1.0
2021-12-10,0.95210516,0.9999981,1.0,1.0,0.33199266,0.00048095878
2020-02-21,0.99999225,1.0,0.983194,0.7286638,0.0057914676,0.0028450692
2022-01-17,1.0,0.99991107,1.0,1.0,0.9999987,7.8635054e-07
2020-07-13,6.691717e-09,6.224815e-13,2.76512e-19,3.847954e-07,0.99998975,1.0
2019-12-28,0.99999976,0.9999883,0.99946135,1.0,0.99999964,9.704551e-06
2022-08-09,3.8365028e-10,2.1557979e-13,2.6978118e-19,7.0618953e-12,0.99999046,0.99999964
2020-01-05,0.9999988,0.9999802,0.99999785,1.0,0.9999951,8.1809947e-07
2023-03-26,0.02665341,1.0,6.0390235e-08,6.2544757e-07,0.97542816,0.99719304
2021-06-25,5.2043377e-11,0.084855705,5.3475013e-20,0.9999988,0.99969447,0.99999845
2023-08-18,4.4270165e-12,3.9570214e-16,3.8935965e-22,7.548774e-15,0.15157594,1.0
2023-10-11,4.4154584e-14,5.7344936e-20,1.1705158e-14,2.6499006e-14,0.000102876045,1.0
2019-11-16,0.69056094,1.4950198e-08,0.9999999,0.9999982,8.067066e-06,0.33981246
2024-12-21,0.99996674,0.18440342,1.0,0.9999882,0.9996582,2.892401e-07
2024-10-20,3.309039e-10,5.330913e-12,3.9408818e-19,1.4206924e-12,2.9894476e-08,1.0
2022-03-14,0.999995,0.99811757,1.3500582e-08,4.594196e-11,0.0034529034,0.99999857
2020-11-26,0.9999963,9.025014e-09,0.9999968,0.99999917,0.00021659567,0.9780026
2020-03-25,1.0,1.0,0.00027192116,0.99717987,0.98278666,1.6744725e-06
2021-11-29,0.0009054254,0.999998,1.0,1.0,0.14521524,0.00020892512
2021-03-24,0.99997675,1.0,4.7619814e-10,4.8428664e-08,0.0059222872,0.99999404
2021-05-21,0.99999714,1.0,0.010550962,0.9999999,0.99681526,2.6149094e-06
2023-07-08,7.5846317e-13,8.746462e-08,1.1439052e-17,5.395597e-11,0.99980706,0.9999999
2024-07-18,8.750291e-14,4.6394753e-11,4.381999e-22,2.3935133e-12,5.482634e-05,1.0
2023-04-13,0.9999697,1.0,1.1634642e-14,0.43674543,0.90768236,0.9996332
2024-08-14,1.494731e-09,3.8858933e-12,3.3408833e-20,2.326394e-13,0.9999999,0.99999964
2020-09-30,8.5839844e-08,1.2389201e-17,4.5714112e-21,1.9933474e-08,0.24265507,1.0
2023-09-18,2.086912e-11,3.8973697e-15,1.04438e-21,1.5352629e-11,0.9967333,1.0
2019-10-15,7.5471655e-07,4.981158e-13,2.4969775e-15,4.6759064e-07,7.6171546e-08,1.0
2024-01-22,0.9999993,0.9999013,1.0,0.999969,0.99998677,8.12226e-05
2020-05-29,7.913999e-09,0.9999999,1.889189e-13,0.9999994,0.9997609,0.85915065
2019-09-14,2.4276932e-12,4.563992e-12,1.1296023e-20,6.8283275e-11,1.2101987e-07,1.0
2023-09-10,6.680928e-09,8.6131254e-20,4.571331e-18,3.320476e-14,0.999972,1.0
2024-02-14,0.9996798,1.0,0.00040593874,1.0690224e-10,3.8358532e-05,0.9981091
2021-10-27,2.1533877e-11,7.125146e-12,5.4454573e-16,0.021211782,2.5113643e-06,1.0
2022-09-22,5.263964e-16,2.524483e-16,1.6575272e-12,8.90841e-07,3.481052e-06,1.0
2019-09-09,6.7400016e-11,3.064378e-11,2.5976381e-20,8.055013e-06,0.0014442921,1.0
2024-04-08,0.9985802,1.0,8.9372086e-05,1.0,0.999998,1.3156107e-06
2021-03-16,0.99067056,0.9999999,0.99805474,2.1539749e-07,0.0060449173,0.00015657947
2024-12-10,0.9999347,0.009952564,1.0,0.9999994,0.99998224,0.00024293874
2019-05-30,0.00012755711,0.95328015,1.1498688e-16,0.9995214,0.0017288538,0.9999784
2020-11-09,0.9957838,3.283613e-14,1.9706333e-06,0.9999994,0.00017115177,1.0
2022-03-13,0.99998593,0.9960079,0.0002869132,2.9256356e-05,5.167064e-05,0.9999925
2024-05-11,1.7313818e-05,0.9999999,7.686785e-12,1.0,6.040398e-06,0.00402265
2022-12-13,0.022591284,0.9998504,1.0,1.0,0.07238221,2.1068918e-05
2020-04-28,0.62223494,1.0,4.248374e-09,1.0,0.9999999,3.5996584e-07
2024-03-23,0.99941444,1.0,5.6100453e-06,0.0073935734,0.98085564,0.045574907
2021-09-16,3.0061264e-12,4.4134462e-14,5.712844e-24,6.339219e-07,0.00033123724,1.0
2022-12-03,0.0005445459,0.0018193611,0.99999976,1.0,0.00064462365,0.85026586
2020-07-01,1.9262072e-07,3.8769068e-07,1.973116e-17,0.9632208,0.99959177,0.99999976
2024-10-10,1.0637719e-07,2.0751824e-15,2.552073e-13,4.484716e-15,8.2816946e-08,1.0
2023-12-30,0.99953926,0.12701842,1.0,0.9999993,0.99979883,1.2960621e-05
2023-10-13,2.9939712e-13,4.3980176e-18,1.3594827e-11,9.611315e-12,1.4131671e-05,1.0
2024-11-24,0.9999999,2.3855156e-07,1.0,0.9999962,0.93568546,0.011666468
2022-12-05,3.306247e-05,0.056371994,1.0,1.0,0.029627157,0.11027225
2022-05-29,2.8892712e-08,0.9999999,2.2437264e-11,1.0,0.9913762,0.033190694
2021-10-07,1.0745909e-10,1.7165044e-13,2.7661155e-16,0.00050933857,1.1541229e-08,1.0
2022-01-05,0.99999464,0.99969053,1.0,1.0,0.99999595,9.61589e-06
2019-11-20,0.9999802,1.3021572e-06,0.9999348,0.9999993,0.00076543156,0.85584676
2019-05-31,4.431754e-06,0.9484279,3.4632893e-21,0.99997675,0.02644536,0.9999994
2020-01-25,0.99999964,1.0,0.99943227,0.99999976,0.9999951,6.531048e-07
2020-04-18,0.99999297,1.0,2.8646495e-08,1.0,0.99999964,8.808221e-06
2022-03-07,0.06174475,0.99999464,0.9999957,0.0014030387,6.5423636e-05,0.0013354034
2021-06-21,3.89e-09,0.0002237792,1.0849163e-19,0.9999993,0.7328469,1.0
2024-01-27,0.9999993,1.0,1.0,0.99988127,0.9468546,0.00013621208
2021-05-11,1.0,1.0,8.773093e-07,1.0,0.9958015,9.5195236e-07
2024-03-01,1.2662233e-06,0.9999857,1.5646511e-14,5.1663982e-11,5.5772947e-08,1.0
2019-08-19,6.280946e-15,4.8124707e-06,1.2835575e-19,1.2390283e-10,0.8535808,1.0
2020-08-30,1.6272988e-11,2.3153992e-12,4.1921972e-20,2.4444015e-12,0.4730919,1.0
2019-12-03,0.9986975,0.9999496,0.99977034,0.99999976,0.9827209,0.0009306681
2022-05-21,7.8553665e-12,0.99999917,5.5399886e-11,0.9364773,0.95811784,0.9707098
2021-08-08,3.4392105e-13,8.437538e-11,4.0846146e-21,7.1870965e-13,2.438363e-07,1.0
2023-10-10,5.5208903e-13,4.195685e-20,7.6783713e-13,1.0695515e-12,0.00044126576,1.0
2021-09-22,4.7505302e-11,9.884478e-12,1.0456668e-15,2.2589961e-11,1.250711e-09,1.0
2024-04-09,0.9999825,1.0,0.00037156764,1.0,0.9999925,2.5642792e-05
2021-02-11,0.996552,0.99999404,0.99999976,0.0072023543,1.5964008e-06,0.00017485202
2019-04-01,0.9992545,0.99999976,5.660455e-17,3.4735742e-11,0.8393827,0.9999994
2021-11-24,0.009375644,0.08037294,1.0,1.0,0.0010994493,0.030902075
2024-04-24,1.0,1.0,0.08401386,1.0,0.99918896,2.2311386e-05
2023-08-24,2.1082293e-10,1.3899084e-17,4.0057152e-11,5.1736288e-14,0.9999995,1.0
2023-02-02,2.340097e-06,1.0,0.9999999,0.99999905,0.01807496,4.638266e-05
2023-02-28,1.5682388e-06,0.99999046,0.99995923,1.4239762e-05,0.618044,9.847333e-08
2023-11-24,0.0070533715,6.173026e-10,1.0,0.99816126,0.27783716,0.9783332
2021-02-07,0.9999939,0.9999907,0.99954623,0.0006055304,1.1014232e-05,1.517779e-05
2022-12-30,0.011102829,0.9998846,1.0,0.9999995,0.42312837,9.245391e-07
2023-10-01,2.5513622e-13,3.26683e-20,1.7387217e-15,5.412991e-13,0.0023539874,1.0
2023-05-06,0.9989625,1.0,0.00094306335,0.9999962,0.99999857,1.2653126e-07
2019-12-31,0.99999964,0.9999999,0.99989307,1.0,0.99999964,1.58991e-07
2024-04-22,0.9999833,1.0,0.0002824097,0.99999917,0.9998696,1.8720764e-05
2021-02-21,0.9999999,0.9998666,0.99976796,0.43179008,2.5269122e-07,0.009403506
2020-05-20,0.08145487,0.9999999,4.4045115e-12,0.99999833,0.9998635,2.8058079e-05
2021-06-24,2.540576e-10,0.03852025,9.827801e-19,0.9999988,0.99425644,0.9999999
2024-10-03,1.0072072e-11,3.050197e-14,7.3030855e-14,7.639779e-12,8.6591914e-05,1.0
2021-04-22,0.99999356,0.99999976,8.161787e-10,1.0,0.99999213,0.14853925
2024-07-16,6.5907485e-13,5.3841496e-13,1.0339832e-19,6.2913867e-12,3.136598e-07,1.0
2023-04-07,0.9999999,1.0,8.220115e-12,0.1005266,0.9949868,0.9999565
2021-03-07,0.9997009,0.9999999,0.99798477,0.00035819036,0.00328386,1.5597636e-05
2023-03-07,3.9936646e-07,1.0,0.9971193,9.489752e-06,0.9325032,4.7822023e-06
2020-03-22,1.0,0.9999993,0.8705957,0.9999999,0.9107634,0.0004210995
2024-10-12,3.8407646e-07,2.9393612e-14,6.487037e-12,1.3389553e-14,9.888057e-07,1.0
2023-12-21,0.99956733,0.47179773,1.0,0.99999917,0.9819657,0.00054782693
2022-09-29,2.1563766e-14,7.227269e-19,1.5689628e-11,1.3183366e-08,6.751262e-05,1.0
2022-05-28,3.9427364e-09,1.0,9.744196e-16,0.986978,0.9768859,0.950064
2020-06-06,2.3143254e-09,0.9999999,3.0222266e-10,1.0,0.99932146,0.0021330125
2022-06-04,3.314963e-11,0.9986645,9.7228927e-14,1.0,0.99980026,0.9899288
2020-12-11,0.99999094,0.25752127,1.0,0.9999939,0.024709892,0.0021143972
2020-12-19,1.0,0.993232,0.99999833,0.99999964,0.0037595802,2.5085681e-05
2024-02-25,3.5405614e-09,0.9978556,9.663925e-12,2.6677237e-12,4.431503e-08,0.9999994
2022-11-01,3.843204e-14,1.6869926e-07,3.1343055e-09,0.9937164,2.7207093e-06,1.0
2023-08-31,1.804429e-06,9.687323e-20,1.291174e-12,1.01401535e-11,0.99136895,1.0
2022-11-07,2.2517593e-12,4.070122e-07,0.00015408103,1.0,5.6928864e-05,0.9999999
2023-08-02,3.2052277e-08,7.935045e-15,1.3757606e-17,6.2066406e-13,0.9999999,0.9999999
2019-03-27,0.9999789,1.0,1.415574e-13,2.5436917e-08,0.68493783,0.99998856
2020-05-07,0.86524236,1.0,4.742351e-09,1.0,0.99999285,1.2356569e-06
2023-08-22,5.0772886e-10,2.2562616e-15,1.1674167e-10,1.1027609e-14,0.99999976,1.0
2023-09-08,8.156749e-09,3.348962e-19,7.724951e-17,1.8793405e-14,0.9997603,1.0
2021-01-17,0.99919075,0.99999964,0.9999927,0.9441693,0.003369495,6.59402e-07
2024-01-25,0.9999995,0.99948585,1.0,0.9999949,0.9996867,1.0929501e-05
2024-06-18,5.9764325e-13,0.0020395196,5.8328786e-17,0.9999802,8.27081e-05,1.0
2023-04-14,0.9997559,1.0,8.780164e-11,0.9983668,0.9940043,0.6496188
2019-11-09,0.88105285,2.0073831e-09,0.5730853,0.9999869,0.004889047,0.99999964
2021-10-17,1.4691439e-11,1.4818497e-12,7.523078e-14,0.015462282,4.2826436e-08,1.0
2019-12-26,0.99999905,0.99999917,0.9999951,1.0,0.99999,3.5699595e-05
2021-02-18,0.99771726,0.9999949,0.9999982,7.1597955e-05,1.9576139e-07,0.000336872
2023-02-18,2.5120777e-05,1.0,0.9984126,0.99990666,0.97236305,1.6577049e-05
2020-01-29,0.99999976,1.0,0.9999962,0.9999968,0.9999995,8.981414e-07
2021-10-02,2.5417643e-13,2.566085e-14,6.120288e-19,5.9016587e-09,1.5276004e-08,1.0
2024-04-01,0.9995763,1.0,6.2576976e-07,0.99999964,0.99928087,0.00013230628
2022-09-13,9.0075184e-14,1.2782469e-18,3.209179e-16,4.4845585e-09,0.002698941,1.0
2022-05-30,6.5316437e-09,0.99995506,1.7297346e-11,0.99999833,0.99999523,0.7843163
2021-03-26,0.97117764,1.0,1.8275825e-13,1.0623192e-09,8.238562e-06,0.9999994
2021-03-09,0.9999219,0.9999995,0.99997735,0.0023427936,0.009084218,2.9916723e-06
2024-05-13,1.0278583e-07,0.99996793,2.2690531e-07,0.9999987,2.5759364e-05,1.2286968e-05
2019-11-08,0.9656722,2.834247e-12,4.723487e-05,0.9999988,0.0005585334,0.9999995
2021-06-13,1.0766642e-08,0.9986589,1.8727688e-16,0.9999994,0.004583331,0.99998033
2023-06-19,1.1201536e-12,0.07634454,5.5631447e-15,1.5873436e-06,0.9999994,1.0
2021-01-31,0.9999894,0.9999999,0.9999995,0.42118582,9.830282e-06,0.00011141878
2022-04-08,0.9999833,1.0,3.642007e-05,0.021952104,0.99497366,0.33858803
2022-07-08,6.340126e-12,5.3759606e-13,1.6592918e-20,1.7767847e-09,0.011214107,1.0
2020-02-02,0.99999964,1.0,0.99996865,0.9997002,0.9999709,6.2224244e-06
2021-05-08,1.0,1.0,1.1665614e-07,1.0,0.9974477,2.1389917e-06
2020-04-06,0.9958631,1.0,2.7450188e-16,6.000868e-08,0.9966846,0.9995351
2021-10-09,2.6228444e-09,1.787675e-14,1.7053688e-18,5.185685e-06,1.8170624e-08,1.0
2021-03-28,0.9559642,0.9999995,0.00023604915,1.3777148e-09,0.00032535888,0.9984634
2019-09-06,4.212477e-12,4.0662047e-11,1.6927949e-18,1.6134682e-07,0.004131142,1.0
2021-03-08,0.99924076,1.0,0.9966479,0.008918841,0.025583608,1.8735019e-06
2021-09-03,4.3445025e-13,1.6622595e-13,2.63759e-19,9.336747e-10,2.6288255e-08,1.0
2023-07-25,8.4966624e-11,5.350328e-16,4.7848946e-15,9.610591e-10,1.0,0.9999999
2022-12-17,0.00013818713,0.9995074,1.0,0.9999995,3.6300783e-06,0.0006153871
2020-11-28,1.0,0.00050148397,1.0,0.9997788,2.5327222e-06,0.97756916
2022-03-16,0.9999995,0.999992,6.544675e-13,4.515957e-09,6.265748e-05,1.0
2020-01-24,0.99999976,1.0,0.99983084,1.0,0.9999962,1.4586735e-06
2024-08-11,2.1180878e-10,8.413657e-11,2.7774887e-19,9.382863e-13,0.999908,1.0
2020-09-20,2.7337074e-12,3.5643457e-12,1.3943259e-18,3.2782926e-11,1.8186212e-06,1.0
2024-05-18,7.1303092e-09,0.9999999,9.1677e-08,0.9999994,6.202033e-05,0.0027056178
2023-03-21,0.07465987,1.0,8.501785e-05,1.0742805e-06,0.8727943,0.011317435
2022-11-18,0.0008216927,0.00064906693,0.9984584,1.0,0.00045833387,0.9999366
2023-01-26,2.813133e-07,1.0,0.999974,0.9996822,0.0052408967,0.00016990592
2021-04-04,0.7571498,0.9988913,6.045744e-15,3.059627e-09,0.5416319,1.0
2020-10-19,0.00010259439,1.6338866e-14,6.861173e-19,5.996406e-08,3.0621044e-07,1.0
2020-02-12,0.999998,1.0,0.99923515,0.99996495,0.9953513,1.5727404e-05
2019-05-29,4.150634e-06,0.999992,1.7942805e-19,0.99999607,0.0028283577,0.9999881
2020-09-01,6.579454e-10,2.5993684e-12,3.593429e-21,2.9691e-11,0.00024697205,1.0
2020-01-30,0.9999999,1.0,0.9999832,0.9999052,0.9999938,5.5650645e-07
2023-06-15,1.5279113e-07,0.9962613,1.67437e-17,3.1445218e-06,0.9999999,1.0
2019-04-17,1.0,1.0,1.8881993e-08,0.87379843,0.99999154,0.014548672
2023-05-05,0.99999166,1.0,5.152824e-06,0.9999914,0.9999275,1.895803e-06
2021-03-13,0.99998045,1.0,0.98311424,7.135168e-06,0.011842128,0.0050214645
2024-02-24,4.9947843e-08,0.9999461,2.2923422e-16,2.6338892e-12,8.304747e-05,1.0
2024-05-23,5.3843898e-05,1.0,1.15638644e-11,1.0,0.00982658,0.10357919
2020-10-27,0.0007960526,4.2905107e-11,7.9246616e-17,0.9998373,0.41153345,1.0
2020-07-31,3.1191634e-09,1.2946655e-09,5.5516286e-17,4.370248e-14,0.99999964,0.99999857
2022-05-20,1.9230385e-10,0.9999943,1.81441e-15,0.99936503,0.9999542,0.9897696
2020-06-02,3.1418588e-13,0.99964976,5.385437e-19,0.9982291,0.99885535,0.9999789
2024-11-06,3.496316e-07,6.81295e-11,6.86517e-14,1.2046398e-14,7.7805845e-07,1.0
2024-01-21,0.99999917,0.96278685,1.0,0.9999999,0.99695516,0.0011239724
2024-09-15,0.00046049154,1.2896498e-13,2.4461888e-15,2.7471078e-13,0.9949881,1.0
2022-04-30,0.9999995,1.0,2.4573003e-06,0.99999666,0.9999993,9.762428e-06
2019-05-23,0.9999933,0.9948672,9.0725084e-17,0.99296004,0.0016623464,0.99997854
2024-05-09,0.01526044,1.0,1.0861483e-05,1.0,0.7589907,0.01572551
2022-01-02,0.9999974,1.0,0.9999664,1.0,0.99999976,2.3211824e-06
2021-01-22,0.99999595,0.9999869,0.9999976,0.996234,0.0024728628,2.6572989e-06
2021-12-21,0.9350122,0.9999362,1.0,0.9999999,0.9985569,9.719952e-07
2021-04-29,0.9999937,1.0,1.1107564e-08,1.0,0.9999957,5.3332883e-07
2021-09-12,1.2576732e-15,1.1808613e-12,6.695535e-20,7.49465e-10,4.9687384e-05,1.0
2021-11-26,0.000425451,0.9246667,1.0,1.0,0.0045018787,0.028699847
2022-01-10,0.9999906,0.9999989,1.0,0.99999964,0.9987424,6.241359e-06
2023-10-24,1.347659e-10,3.9006105e-16,8.714399e-10,1.4187354e-07,1.2330976e-06,1.0
2023-05-15,0.8051299,1.0,3.963715e-08,0.9999627,0.9999924,7.646693e-05
2019-05-13,0.9999995,1.0,1.7058108e-11,0.9960366,0.9996074,0.00023958815
2024-03-22,0.9887117,1.0,1.4790577e-11,0.99997973,0.99863964,0.01008166
2024-07-20,2.6944465e-13,9.038104e-13,5.5611494e-23,5.0680366e-11,0.0012335406,1.0
2021-06-16,1.8258432e-10,0.3283871,3.3925678e-17,0.99999833,0.78692716,0.99999774
2023-01-11,2.20344e-08,0.9999709,1.0,0.9800295,0.00052762224,0.0008169471
2023-07-16,7.676621e-11,1.8678586e-14,1.6482103e-17,4.5645464e-13,0.9962442,1.0
2024-02-09,0.9996593,1.0,0.99167585,0.0020852122,0.015308626,0.02472318
2022-06-27,9.868043e-10,1.0364056e-12,4.983868e-20,3.1430468e-06,0.9998534,1.0
2019-12-22,0.9996087,0.9960068,0.99997616,0.99999964,0.99959534,1.2824759e-05
2021-12-06,0.0001653359,0.999974,1.0,1.0,0.848899,0.001992758
2021-06-07,1.5612893e-07,0.9999604,1.1191584e-05,1.0,0.0021481274,0.014143814
2021-06-19,3.9908654e-12,0.48853517,3.2020658e-21,0.99997854,0.9896678,0.9999999
2021-12-27,0.99998915,0.99999607,1.0,1.0,0.99999785,1.6763526e-05
2019-10-05,2.9573576e-07,1.7458979e-17,6.255666e-09,4.1777268e-05,1.7667273e-06,1.0
2020-06-01,5.489209e-10,0.9999925,4.715109e-18,0.9926675,0.9983101,0.99998415
2024-07-22,3.9172855e-14,3.3246477e-09,9.600912e-26,7.070359e-12,0.73109686,1.0
2024-03-08,8.537693e-12,0.9999987,1.8958153e-14,2.743151e-12,5.245584e-07,1.0
2022-09-05,2.168934e-13,2.7183578e-20,7.719913e-17,5.856756e-10,0.97394615,1.0
2019-09-02,2.4143114e-12,1.6090128e-10,7.574352e-17,1.7678799e-10,0.0004987831,1.0
2022-12-27,0.0011097774,0.99999917,1.0,0.866418,2.2777329e-05,1.1689936e-05
2021-10-24,2.0009759e-13,9.240374e-13,1.917779e-17,0.004141647,1.9065529e-06,1.0
2024-08-24,1.9148201e-06,7.3023476e-14,2.5411452e-12,8.7244936e-14,0.9990735,1.0
2024-04-15,0.9999188,1.0,2.9211278e-06,1.0,0.9995017,1.4100422e-06
2022-09-17,2.6423113e-13,1.2621837e-19,6.129906e-14,3.2433284e-10,0.0051716003,1.0
2020-12-25,0.9999572,0.0014531014,1.0,0.9999987,0.020861568,2.0149035e-05
2023-01-01,2.0645442e-05,0.9999999,1.0,0.9964114,1.8500159e-05,0.00039460234
2019-11-23,0.99806625,7.7186605e-06,0.9991493,0.999199,0.0010771619,0.99979466
2023-05-12,0.5636592,1.0,2.4908654e-06,0.9999883,0.9999987,1.4493689e-05
2019-06-05,9.846756e-07,0.9990632,3.1070212e-20,0.9999999,0.012778315,1.0
2023-12-20,0.9987941,0.97948027,1.0,1.0,0.99995255,8.84849e-06
2019-10-31,5.3017866e-05,6.9174965e-14,5.330454e-09,0.9999963,1.1529751e-07,1.0
2023-07-01,6.5257986e-14,1.1635138e-09,1.27930405e-20,1.4474406e-07,0.97846806,1.0
2022-09-03,9.900228e-13,3.4955892e-17,6.087974e-17,2.3668771e-09,0.9780979,1.0
2021-08-15,2.6833397e-12,6.4396155e-11,9.916067e-20,7.112661e-14,0.00012817541,1.0
2022-06-16,1.099545e-11,4.462489e-06,9.057814e-24,0.015732732,0.05872266,1.0
2021-02-13,0.9600774,0.9997664,1.0,0.00011142293,1.8583227e-08,7.5018004e-05
2023-10-09,5.934132e-13,7.713308e-20,1.0141884e-13,3.537815e-12,0.008058651,1.0
2020-05-14,0.019848976,1.0,9.232076e-13,1.0,0.9999964,1.4928028e-05
2024-05-06,0.054833874,1.0,2.101251e-11,1.0,0.98829913,0.0011317768
2020-06-12,3.3301578e-12,1.0,3.992661e-20,0.9999937,0.01024046,0.99995136
2023-05-08,0.9999999,1.0,2.8524696e-06,0.9987509,0.9999989,1.1391993e-05
2021-12-09,0.28437975,0.9998579,1.0,1.0,0.7136211,0.00031272252
2023-06-05,8.075358e-08,0.9999769,3.1082003e-24,0.015812855,0.9725053,1.0
2021-02-08,0.9998259,0.9999858,0.9999887,1.8146528e-05,1.4222901e-07,0.06915104
2024-12-12,0.9999931,0.0017358984,1.0,0.99999976,0.99995387,1.7361668e-05
2023-04-17,0.9941339,1.0,8.6498614e-11,1.0,0.9929014,4.0256717e-05
2022-11-14,6.1513328e-09,8.861156e-05,0.9770297,1.0,4.893517e-06,0.9999629
2022-06-05,1.2569987e-12,0.99931884,1.2150331e-14,0.99999976,0.9999825,0.9925932
2019-07-17,2.1645214e-12,2.2734152e-19,1.1960485e-16,0.033033483,0.99982077,1.0
2020-03-04,0.57855487,1.0,0.99313074,0.96875364,1.834856e-05,0.014508501
2021-05-10,0.99992764,1.0,0.00012443864,1.0,0.99955744,3.72964e-07
2021-09-21,2.026673e-12,7.17519e-14,9.882567e-21,6.542678e-13,9.781921e-07,1.0
2023-11-28,0.9967951,8.413094e-06,0.99997675,0.9968496,0.80510956,0.69640434
2022-08-23,1.6100888e-12,4.3931258e-16,2.7089845e-16,1.9587157e-11,0.9997583,1.0
2023-12-07,0.9914932,0.0039928528,1.0,0.99998355,0.99882,0.0060377875
2021-08-03,3.8813286e-09,2.7808287e-07,6.0768966e-20,7.33373e-09,3.8874387e-05,1.0
2020-09-14,5.1969914e-13,4.754966e-10,7.064877e-22,8.031945e-09,1.899284e-05,1.0
2024-11-17,0.9989698,7.3775334e-07,0.89813,0.005810476,0.01275024,0.99999857
2019-10-16,3.8527796e-05,4.4022708e-15,6.211476e-12,6.935544e-05,2.6505656e-08,1.0
2022-03-26,0.97621185,0.9999987,5.6739532e-14,8.030768e-12,1.126255e-05,1.0
2020-08-27,1.4824229e-13,1.5618461e-13,1.7904826e-15,7.1249963e-12,0.51501733,0.9999999
2024-12-26,0.9999844,0.0159389,1.0,0.9999863,0.9993788,1.0833465e-06
2024-11-18,0.9988065,2.4950208e-07,0.99999714,0.99654007,0.07529305,0.9978896
2023-01-02,9.916463e-09,0.99997747,1.0,0.059073765,5.2169715e-05,0.00035585754
2023-01-13,1.1466354e-06,0.9999974,1.0,0.9588219,8.6669004e-08,0.0064052143
2023-03-31,0.9728981,1.0,3.7423984e-08,1.7356668e-07,0.70043874,0.9983125
2019-09-15,3.899679e-13,4.6370726e-17,1.80968e-17,7.509452e-08,9.001874e-06,1.0
2022-02-22,0.99999714,0.99997437,1.0,0.010968409,0.96267915,0.00031883072
2021-02-05,0.95889443,0.99896693,0.9998159,0.2753253,0.0002161039,0.9121415
2022-12-18,0.0011591546,0.9803069,1.0,0.99996984,2.5930463e-05,0.00014140784
2019-09-26,6.046218e-11,3.6404694e-18,3.2840575e-14,0.15114889,0.0006759755,1.0
2022-06-19,5.893115e-15,4.682265e-10,3.6800623e-21,2.0501178e-05,0.9922233,1.0
2021-10-26,1.9176114e-09,2.0658165e-10,7.5898956e-14,0.886948,3.0672484e-07,1.0
2024-09-22,6.076322e-11,3.310164e-13,9.6734154e-17,1.052832e-14,9.062524e-05,1.0
2024-07-13,1.0149592e-12,9.391798e-13,6.8073604e-20,2.0857432e-10,9.316435e-06,1.0
2023-07-02,1.4449256e-14,3.6752779e-10,9.81532e-20,2.8573377e-06,0.99760073,1.0
2021-07-29,1.8115911e-12,4.496517e-12,7.476162e-21,3.6686194e-09,4.2785948e-07,1.0
2020-07-04,9.760898e-09,4.369171e-11,1.97857e-20,0.010149268,0.9963236,1.0
2024-06-05,1.7229811e-06,0.5397944,1.8584308e-14,1.0,2.3000497e-05,0.9999999
2020-04-04,0.9999999,1.0,1.3233795e-09,0.0021931264,0.9998828,0.0005138431
2024-05-04,0.13994126,1.0,7.018465e-13,1.0,0.9938962,0.0063255285
2020-06-10,5.6772826e-08,0.99999917,5.230694e-09,1.0,0.99904567,0.14153673
2023-05-24,0.46149433,1.0,1.2225925e-07,0.99915326,0.99997735,0.00010389393
2022-04-03,1.0,1.0,2.2492962e-07,8.871483e-08,0.5564613,0.9997739
2021-09-07,1.7500625e-13,5.119165e-12,6.415049e-22,8.422527e-13,0.013190682,1.0
2022-07-06,4.0114437e-10,2.2407762e-14,1.0205879e-21,4.2858963e-07,0.99959964,1.0
2021-03-05,0.99978656,1.0,0.81424487,1.457005e-05,0.0024856841,1.228377e-06
2024-12-19,0.99999964,0.0006392372,1.0,0.9999981,0.99318415,5.5786477e-06
2024-05-17,1.0300045e-09,1.0,6.858607e-08,0.9999987,3.6511321e-06,0.00016322671
2023-12-29,0.9999913,0.9984243,1.0,0.9999995,0.9205551,4.7631882e-05
2021-05-22,0.012545204,1.0,2.0329773e-07,1.0,0.8444132,1.2575354e-05
2019-04-02,0.9999949,0.99999845,5.0672227e-12,2.7119526e-08,0.99914384,0.9999039
2024-10-21,1.5044902e-09,1.3381161e-13,8.212129e-18,5.315691e-13,6.194758e-08,1.0
2021-07-08,6.6491217e-09,3.8647975e-08,1.025244e-12,0.99869615,0.3107957,0.9999876
2024-09-11,3.4046498e-05,1.08065886e-13,8.463666e-11,3.6023465e-08,0.99999726,0.99999833
2021-11-05,1.2086917e-12,6.4074612e-09,9.2528346e-11,0.99989974,2.7164053e-06,1.0
2022-08-28,2.5953283e-14,3.75556e-17,4.8367725e-16,6.118445e-11,0.9999901,1.0
2020-01-04,1.0,0.99999917,0.9999349,1.0,0.9999999,1.4683907e-06
2019-06-25,1.7978957e-14,2.9679896e-07,1.5171414e-23,0.99724126,0.5128103,1.0
2023-05-09,0.9999987,1.0,0.016347818,0.99993336,0.9999989,0.00050622976
2022-05-27,3.456251e-08,0.9999995,3.450268e-17,1.0,0.1247841,0.9995797
2019-08-30,6.8596786e-12,8.3870805e-10,2.6527838e-21,9.612667e-13,0.0005902512,1.0
2020-04-21,0.9999542,1.0,3.2908028e-07,1.0,1.0,2.6261978e-06
2022-11-03,4.6696428e-11,2.525915e-07,2.4530005e-08,0.99999833,4.1435587e-06,1.0
2020-09-11,1.2208006e-11,8.4401175e-10,1.7802516e-24,8.722776e-11,2.1750853e-10,1.0
2020-12-31,0.9999993,0.99999845,0.9999999,0.99827933,2.0342572e-05,2.9773171e-05
2019-10-26,3.627057e-06,1.0044464e-15,3.1055754e-09,0.99978536,2.3981872e-09,1.0
2024-10-02,1.8380316e-09,5.6930487e-16,7.489294e-13,7.445543e-12,1.203192e-06,1.0
2023-07-29,2.2997777e-09,8.065075e-16,6.226026e-17,4.0722705e-09,0.9999968,1.0
2024-06-04,6.1054016e-05,1.0,3.3223415e-12,1.0,8.174008e-05,0.9970937
2022-06-10,1.0395475e-12,0.1509165,2.6980072e-19,0.9999999,0.66290647,1.0
2024-04-21,0.9999999,1.0,0.03619285,0.9999999,0.99935895,3.3857705e-05
2022-09-27,1.6270993e-12,2.002032e-18,6.47354e-12,1.1310368e-07,3.593966e-05,1.0
2023-06-16,1.8232451e-12,0.72431624,9.7995045e-18,3.1766115e-07,0.99999976,1.0
2020-08-17,1.9649048e-11,1.8170397e-14,6.5256036e-13,6.55266e-08,1.0,0.9999995
2022-05-24,2.1143594e-09,0.99999964,8.5548824e-10,1.0,0.99998975,0.0027852897
2021-12-16,0.9908793,0.9999982,1.0,1.0,0.9927787,7.405908e-05
2019-10-17,1.0623207e-06,3.337424e-17,1.014811e-10,1.0448917e-05,1.1270352e-08,1.0
2023-02-05,0.0004156455,1.0,0.9999999,1.0,0.99520206,1.4740671e-07
2023-01-25,3.4947767e-09,1.0,0.9999685,0.9894908,0.0013945054,0.0051466036
2022-03-27,0.99999726,1.0,3.9262993e-10,1.79349e-08,0.01054815,0.9999956
2021-11-25,0.00893184,0.98888457,0.99999774,1.0,0.14899296,0.9559443
2023-02-22,1.740985e-05,0.9999989,0.98547924,0.9958741,0.9978502,2.0591179e-07
2024-03-04,3.9628153e-06,0.99981636,1.2655473e-14,1.5578767e-10,3.19779e-08,1.0
2020-07-10,4.817106e-09,2.628369e-12,1.1195034e-21,2.4084163e-06,0.9999373,1.0
2024-08-28,1.0434362e-06,2.90302e-12,9.983242e-21,1.9355036e-12,0.9999223,1.0
2019-09-05,9.588499e-12,4.2178296e-09,4.4018733e-20,5.18253e-09,0.0006377003,1.0
2019-07-15,2.280747e-11,2.8643063e-15,3.059025e-21,0.0044766986,0.9985947,1.0
2023-05-16,0.3290916,1.0,1.1137305e-06,0.9999999,0.9909533,0.0058998773
2019-05-17,0.9999999,0.9999999,2.8929807e-13,0.99988794,0.3781213,0.98703206
2021-12-23,0.925667,1.0,1.0,1.0,0.9999379,5.863782e-05
2022-04-01,0.99999857,1.0,1.4211837e-07,4.6729276e-08,0.98853916,0.9999957
2021-12-18,0.99991775,0.99992955,1.0,1.0,0.9999908,0.00011778772
2020-07-06,1.4420933e-09,4.023194e-12,1.3013161e-19,0.0007290189,0.93327457,1.0
2023-07-19,0.00010098549,6.3401745e-07,1.1307736e-07,7.3494164e-08,1.0,0.95925397
2021-08-10,1.0424395e-10,5.4581524e-06,4.194364e-24,1.042689e-12,1.5402504e-06,1.0
2019-11-12,0.9995901,5.5157545e-09,0.95989656,0.9999995,0.00028936082,0.9996177
2024-12-15,0.99999964,0.0013850915,1.0,0.99999976,0.99945635,1.6658218e-05
2021-07-03,1.5715401e-09,5.188635e-08,1.0674135e-16,0.9999999,0.3912537,1.0
2022-11-17,0.0001535034,0.001063094,0.6086062,1.0,4.285179e-06,0.9886113
2021-11-01,1.1902632e-09,5.948033e-14,7.909494e-11,0.9983425,1.18808686e-07,1.0
2019-05-09,1.0,0.9999994,5.3783067e-10,1.0,0.998833,0.0012057073
2022-01-24,1.0,0.9999938,1.0,0.9999987,0.99999475,3.6390344e-07
2023-06-03,1.0694348e-09,0.999729,3.025275e-23,0.6193512,0.9902346,1.0
2020-02-05,0.9999987,1.0,0.9999863,0.999923,0.99940455,1.3672726e-06
2019-07-08,2.5468164e-06,5.5755904e-13,3.4213156e-17,0.2667432,1.0,1.0
2021-07-01,1.9655301e-06,0.0048223543,2.075581e-20,0.9999864,0.9698387,1.0
2021-06-01,2.8178018e-08,0.99999785,1.9356053e-10,0.99999976,0.009974827,0.0020220485
2024-11-04,2.3000123e-11,3.3254356e-08,1.0005348e-10,1.0125924e-12,7.780525e-07,1.0
2022-07-26,1.0545389e-09,6.115601e-14,5.3069145e-14,3.3334293e-09,0.99999666,0.99999785
2022-01-08,0.99999976,0.99985063,1.0,0.9999999,0.99999654,1.2231726e-06
2024-12-07,0.999998,1.5107993e-06,1.0,0.9999995,0.977724,0.00018573047
2023-06-07,3.9379935e-05,0.99999785,1.02946836e-20,0.00013468084,0.99996316,0.99999535
2024-06-11,2.9056003e-13,0.9994997,2.227051e-07,0.99999964,1.1484756e-07,0.9999989
2020-06-23,2.9605466e-13,0.00036270433,2.0727406e-20,0.99575233,2.9828816e-05,1.0
2024-08-27,3.4841296e-08,4.5384077e-13,9.20321e-20,3.7071867e-13,0.9997328,1.0
2021-12-24,0.99998236,1.0,0.9999999,1.0,0.9973877,0.00012342494
2021-02-06,0.9996474,0.99999845,0.99999833,2.5536248e-05,1.1463475e-05,0.00016957543
2024-07-14,1.1879078e-11,2.9795836e-11,1.9340712e-20,3.404051e-11,1.5107014e-06,1.0
2021-01-04,0.9999883,0.99883074,0.99999845,0.91199136,0.011948683,3.8833114e-06
2021-02-12,0.0032839442,0.99999976,0.9996792,0.82518893,9.665008e-09,0.0004339282
2021-03-19,0.98530626,1.0,0.95339566,2.5909934e-08,0.00043182555,0.0019932284
2023-10-19,8.699274e-13,1.1515803e-13,2.1649239e-14,1.4858439e-11,1.1279726e-05,1.0
2022-01-09,0.99999774,0.99998903,1.0,1.0,0.9999994,6.390742e-07
2021-09-08,4.7999636e-13,6.203454e-14,4.847748e-22,2.8962286e-12,0.031974602,1.0
2020-08-26,4.8005544e-11,9.352653e-16,7.979155e-10,2.9232163e-09,0.9997247,0.999933
2020-05-25,0.00027946045,0.9999999,3.415393e-11,1.0,0.9999691,0.0011932686
2021-09-20,5.8084943e-11,8.702485e-15,1.2477738e-19,2.0432623e-12,2.2100708e-06,1.0
2020-08-24,1.937394e-07,4.5022647e-13,2.5162267e-14,4.208131e-09,0.999992,0.9999732
2022-02-16,1.0,1.0,1.0,0.98322487,0.9988984,2.779765e-06
2024-09-19,2.6627879e-08,7.684587e-12,7.128937e-20,2.8367237e-12,0.0019993105,1.0
2023-08-15,7.7745736e-13,2.3425903e-15,1.1159402e-19,1.1062918e-14,0.96793926,1.0
2022-08-15,3.4914704e-10,2.2756237e-15,7.8071524e-19,3.381439e-12,0.99999774,0.9999999
2022-11-04,1.967484e-12,2.94959e-09,1.2235795e-07,0.9999999,2.1513276e-06,0.99999976
2021-12-13,0.0786343,0.99993896,1.0,0.9999999,0.9237194,0.0003122143
2023-09-27,1.4186602e-14,8.058631e-20,3.965259e-15,7.719164e-13,0.1263346,1.0
2020-03-17,1.0,1.0,2.3971243e-06,0.99999857,0.5704281,0.021750247
2022-05-01,0.9995285,1.0,5.90053e-10,1.0,0.9999938,2.3362605e-05
2019-08-29,4.034871e-14,7.2719406e-05,7.963192e-21,1.1362536e-12,0.9860648,1.0
2024-10-27,4.0764766e-12,2.1434179e-11,1.0625435e-14,2.3610547e-14,1.8475294e-08,1.0
2024-03-15,0.004817384,1.0,6.937859e-10,0.478208,0.8920998,0.9495004
2020-10-10,4.265099e-09,1.1306998e-12,2.5441323e-20,3.651086e-07,7.268617e-08,1.0
2021-05-23,0.03571995,1.0,0.0024102551,1.0,0.30056873,1.4148297e-05
2020-02-29,0.99972457,1.0,0.8342156,0.6149108,0.00057060167,0.00021987579
2020-09-22,4.1291078e-13,1.3159347e-12,1.1012274e-20,1.0866728e-11,0.007633659,1.0
2020-12-22,0.99999976,0.9959741,0.9999738,0.99998856,0.9041656,2.4882226e-07
2023-07-27,6.4703403e-09,8.3393874e-17,5.524057e-18,7.6951726e-13,0.99999976,1.0
2024-07-06,6.720626e-16,4.2791166e-07,7.559467e-22,0.00162481,1.0022005e-05,1.0
2022-07-05,2.554668e-10,5.09664e-16,8.25815e-18,7.144577e-09,0.9989428,1.0
2020-11-25,1.0,5.0694655e-07,0.9999013,0.9997049,6.038322e-05,0.99818194
2020-10-24,0.000853377,2.5557407e-13,5.482843e-19,0.9332485,8.104975e-06,1.0
2021-01-26,0.9999378,0.99999094,0.9999999,0.9975109,0.000108706,5.02602e-06
2022-09-07,3.2350338e-12,4.7510055e-17,1.3134935e-14,5.3757714e-11,0.98286337,1.0
2022-08-05,7.9208047e-07,4.7304987e-09,8.416564e-18,9.593925e-10,0.9999999,0.9999918
2022-07-09,2.3554977e-12,5.180632e-13,4.4424604e-20,9.458101e-08,0.84543425,1.0
2022-09-28,5.040225e-15,4.42172e-18,6.226469e-12,3.4627026e-09,4.434472e-06,1.0
2020-07-11,1.0499805e-06,3.0182993e-13,8.446384e-17,2.8270932e-08,0.9999336,1.0
2021-07-25,1.536902e-13,1.6468444e-08,3.4580354e-21,2.3453325e-10,1.9821401e-08,1.0
2019-11-24,0.99996996,0.011979262,0.088367544,0.99998355,0.0021096356,0.9999312
2020-11-13,0.99980944,6.1566843e-13,0.0062917355,0.9999542,1.1261089e-05,1.0
2023-11-22,0.0012431572,5.4324367e-09,0.035631023,0.99998593,0.10648172,0.9999654
2020-12-10,1.0,0.067466095,1.0,0.99999917,0.00091615564,0.0006083176
2023-10-08,1.4964524e-11,1.5780871e-18,4.958796e-13,6.240016e-14,9.517238e-05,1.0
2023-01-30,1.395873e-07,1.0,0.9999989,0.99998665,0.0054699904,0.0059197107
2019-08-21,2.5401567e-12,1.9100033e-10,5.6983545e-22,1.2166977e-07,0.0013531889,1.0
2019-09-25,1.6366674e-12,1.8323816e-17,2.7187485e-15,0.001826482,0.0053270105,1.0
2021-08-30,2.4450221e-08,1.2654833e-12,1.4777264e-19,5.969443e-11,5.085009e-07,1.0
2022-02-11,1.0,0.99999785,0.99999976,0.99999595,0.99998236,6.7410843e-07
2020-07-30,2.612115e-07,3.915254e-10,4.848616e-15,4.9890024e-13,0.99999976,0.9999994
2019-10-11,1.9500112e-05,2.125616e-17,1.3680412e-10,0.0081073735,1.3741615e-06,1.0
2021-08-21,6.8543765e-10,2.0113898e-11,3.920732e-06,0.11206281,0.00016689561,0.9999683
2020-09-17,1.3153492e-13,2.7338078e-11,2.4019354e-21,4.3462806e-11,1.6507192e-05,1.0
2024-06-07,1.828689e-08,1.0,3.7596364e-14,0.99999964,2.277533e-05,0.9998252
2021-01-23,0.9999927,0.99998474,0.99999917,0.67197824,2.1822447e-05,8.915475e-06
2024-01-04,0.9990152,0.99467397,1.0,0.9999721,0.898114,5.820472e-05
2024-12-05,0.99999833,0.0035859018,1.0,0.9999993,0.99807835,3.3706416e-05
2022-08-27,6.658315e-15,1.1868087e-16,3.386042e-15,1.07035256e-10,0.99871874,1.0
2019-12-07,0.9999893,0.9993475,0.9999914,1.0,0.999936,0.0001455286
2021-08-25,9.986035e-11,7.0155146e-11,7.769724e-17,0.0002216054,3.1558839e-06,1.0
2021-11-06,5.7676935e-10,7.576291e-09,3.497037e-09,0.99999595,1.3877207e-09,1.0
2021-12-11,0.98077226,0.99999857,1.0,1.0,0.6154721,0.00070936984
2024-08-26,3.8915124e-07,6.831549e-10,2.1694766e-16,2.139712e-12,0.9999907,0.99999976
2022-01-21,1.0,0.9999844,1.0,1.0,0.9999919,1.1767602e-06
2020-05-01,0.7647108,1.0,1.033255e-09,0.9999999,1.0,1.6154173e-07
2024-02-06,0.99999857,1.0,0.99999976,0.004526504,0.041632786,0.014817156
2023-07-05,1.607289e-14,4.6432935e-10,2.8801453e-18,8.0898684e-11,0.99996114,1.0
2023-08-13,3.8635685e-11,7.645646e-14,4.5866974e-20,9.502596e-13,0.23015949,1.0
2022-08-19,2.2725996e-12,5.1873783e-12,1.9794033e-17,3.5063472e-13,0.9999603,0.99998784
2020-08-31,4.619161e-07,1.5989086e-13,4.8670104e-18,2.7569683e-11,0.0024926034,1.0
2021-10-19,1.8275067e-12,1.20971e-14,6.2764973e-13,0.020166047,7.06905e-07,1.0
2021-06-18,1.0245573e-09,0.0074096923,1.1853476e-23,0.99998236,0.8563941,1.0
2021-12-22,0.9997229,0.9998617,1.0,1.0,0.99965894,0.00087721494
2024-04-30,0.96411604,1.0,3.1845744e-09,1.0,0.9998766,7.8216726e-05
2024-10-13,1.3768749e-08,2.8397594e-13,1.158107e-13,2.3181023e-13,6.5045658e-09,1.0
2022-01-15,0.9999999,0.9999862,1.0,1.0,0.99999905,1.2359998e-06
2023-06-26,7.4741594e-15,2.3812841e-05,2.0427438e-16,2.1669884e-07,0.99902844,1.0
2021-03-30,0.9997665,0.9999958,5.6556877e-16,1.2281492e-09,0.96917456,0.99999905
2024-09-04,5.2482783e-06,3.0600002e-13,9.650463e-15,4.9853497e-13,0.99999154,1.0
2024-12-14,0.9982097,1.1711171e-05,1.0,0.9999951,0.99996626,7.0443984e-06
2022-09-30,1.1448759e-14,1.5649906e-15,1.9644447e-10,6.6549237e-06,7.5652615e-08,1.0
2021-02-16,0.91914237,0.99996066,1.0,0.17561981,9.974352e-10,0.0028725704
2020-01-03,0.9999999,0.9999956,0.9999789,1.0,0.99998796,2.1484313e-05
2020-09-19,2.7600277e-13,5.834192e-13,3.5873753e-21,6.6203345e-12,7.5691855e-07,1.0
2022-08-13,1.2852315e-06,4.7458592e-14,2.2188042e-19,9.854899e-13,0.9999796,1.0
2023-06-13,5.1926545e-12,0.0005028395,9.430164e-19,2.5793467e-08,0.9999999,1.0
2019-12-09,0.9997472,0.99997485,0.99999285,0.9999989,0.999361,0.003001465
2020-11-27,0.99999976,0.0003877893,1.0,0.99999666,1.5645324e-05,0.7124651
2021-01-15,0.9999473,0.9999918,0.9999999,0.99994445,0.004849315,4.5477263e-06
2023-08-11,3.1711406e-14,4.7737666e-14,6.672311e-19,7.182324e-14,3.0865947e-05,1.0
2021-08-05,6.935318e-14,2.2042237e-10,1.7284669e-20,2.0034986e-11,0.00014314613,1.0
2020-02-22,0.9999999,1.0,0.9999155,0.99085677,0.05291124,0.00018095007
2022-05-08,0.97438383,1.0,3.4994427e-11,1.0,0.99999774,0.00013782381
2021-03-31,0.88198715,1.0,6.0568146e-18,1.7474856e-07,0.93460804,0.9999989
2024-08-17,3.7062303e-10,2.689742e-10,1.4981663e-18,5.5993482e-12,0.9999963,1.0
2019-09-22,8.081576e-10,2.4793682e-17,7.494705e-18,1.2665554e-06,5.0393865e-06,1.0
2023-11-05,5.042204e-08,1.2218643e-16,5.892014e-11,4.1613088e-10,7.754154e-07,1.0
2021-11-04,3.921147e-12,1.5940929e-11,3.4761857e-11,0.99999905,2.0356346e-08,1.0
2023-10-26,1.1032039e-12,7.53082e-13,9.492778e-13,1.5612752e-08,7.582682e-07,1.0
2023-05-26,0.000254846,0.99999917,2.1859675e-08,0.999967,0.9999924,0.0065286113
2022-11-21,1.9997676e-06,1.9768975e-05,0.9635766,1.0,8.8010665e-06,0.9999474
2023-09-26,1.1212587e-16,4.034451e-16,1.7092783e-16,4.346624e-13,0.0003739922,1.0
2021-08-28,7.870796e-09,7.490737e-13,6.967562e-22,5.2061493e-09,1.956723e-06,1.0
2024-09-30,3.4523853e-11,1.4516901e-11,1.0073222e-19,7.0655524e-14,2.9745188e-05,1.0
2023-01-28,1.9012963e-06,1.0,0.9999881,0.9999763,0.017191237,0.00013781682
2021-05-07,0.9999924,1.0,1.8690551e-07,1.0,0.9998994,1.6014191e-06
2021-10-05,4.5464413e-12,7.973942e-16,1.9818589e-17,0.0004616866,4.3208452e-08,1.0
2021-09-15,5.3881895e-12,4.5507485e-14,1.01300215e-19,6.8942816e-12,0.00019415205,1.0
2021-04-08,0.9999937,0.9999504,2.8973087e-14,3.7168675e-07,0.81177574,0.9999999
2020-09-03,1.8359214e-10,2.8501645e-11,3.2315624e-23,1.7564093e-13,3.2920188e-06,1.0
2024-04-25,0.9999994,1.0,0.023036975,1.0,0.99943,1.0190929e-05
2023-03-02,8.395486e-06,1.0,0.9997347,3.9874634e-05,0.016472634,2.928841e-07
2022-11-16,4.0701647e-07,4.224802e-05,0.026319219,1.0,9.2340315e-06,0.9999927
2021-07-27,7.630808e-12,2.5928868e-08,2.559217e-22,3.0345315e-09,5.191219e-07,1.0
2022-07-24,2.767137e-10,8.080415e-15,2.3349868e-17,1.6111893e-11,0.99999976,0.99999785
2023-10-14,1.3410692e-10,2.258091e-19,3.6848836e-12,1.5850835e-13,2.8747578e-05,1.0
2022-08-20,2.0418998e-11,5.4842683e-18,1.5385427e-15,2.5444777e-08,0.9999969,1.0
2022-09-19,1.02210375e-13,2.8521775e-18,2.8371106e-14,6.901188e-07,0.00012050753,1.0
2024-02-02,0.99987876,1.0,0.99161,0.0019647737,0.8627463,0.57228374
2023-02-15,5.8451e-06,1.0,0.9999312,0.9988986,0.89888686,8.098075e-06
2024-07-09,1.2681339e-12,1.0721566e-10,2.030635e-20,4.187742e-06,0.0011888315,1.0
2022-07-10,1.0250259e-10,9.399684e-13,8.9551604e-23,3.015687e-09,0.9681161,1.0
2021-05-17,0.99999344,1.0,0.00017976882,0.999997,0.9644127,1.1285226e-06
2021-07-11,1.1757176e-11,8.9015657e-07,3.3799215e-17,0.11005126,0.00011635611,1.0
2021-03-04,0.99999976,1.0,1.7186112e-05,0.0001774784,0.016006691,0.019239224
2023-10-04,1.4339612e-12,2.438008e-16,2.598355e-10,8.543773e-15,0.0028373178,1.0
2023-08-25,1.789062e-08,1.0043995e-13,2.6332108e-16,2.7372317e-14,0.99999905,1.0
2021-12-08,0.020136239,0.9999347,1.0,1.0,0.662892,0.00026967088
2023-12-08,0.99775225,0.044366248,0.9999999,0.99999976,0.9860074,0.0036823452
2023-12-28,0.9999951,0.990741,1.0,0.9999999,0.99641657,3.357812e-05
2021-06-26,2.171887e-08,2.005946e-05,3.603873e-15,0.9999999,0.9911918,0.9999999
2019-09-11,2.8137188e-09,1.4622298e-12,5.4356116e-19,1.5951149e-07,3.8183858e-05,1.0
2021-12-14,0.07923293,0.9998017,1.0,0.9999999,0.38729423,6.4757245e-05
2019-04-04,0.9999893,0.9999995,2.1582364e-14,1.06950775e-10,0.56825626,0.99995387
2020-04-01,0.9999995,1.0,4.8430235e-07,2.5949459e-05,0.9669971,0.0011215872
2023-12-18,0.9999361,0.48568437,1.0,0.99999976,0.89086837,5.812729e-05
2022-12-09,0.019391563,0.034253243,1.0,0.9999354,0.00025041203,0.0069729914
2024-06-29,5.823328e-14,9.066088e-10,5.649506e-21,0.0003547357,0.00025102304,1.0
2024-11-10,0.9896095,1.0188754e-06,2.6778932e-09,1.862692e-11,0.00010756783,1.0
2020-12-08,0.9999999,0.5428175,1.0,0.99999964,0.031198498,0.00045077575
2023-06-04,2.5450742e-12,0.9988236,4.8519106e-22,0.00015734232,0.9880079,1.0
2020-11-17,0.99996114,2.3859606e-12,4.1515064e-05,0.9561656,2.122277e-06,1.0
2019-11-28,0.9915692,0.9244353,0.99993515,1.0,0.9708651,0.04349143
2021-12-26,0.9999776,0.9999938,1.0,1.0,0.99997807,0.000107684304
2024-09-26,9.65276e-12,6.52515e-11,4.889357e-19,1.6698248e-14,1.48336285e-05,1.0
2019-08-17,3.360506e-11,4.8008086e-12,5.3060737e-18,6.3562693e-06,0.6151542,0.99999857
2021-06-22,1.8540098e-09,0.98947144,4.1759237e-17,0.999998,0.99999416,0.9998909
2024-05-01,0.9677665,1.0,8.290154e-11,1.0,0.99849796,5.4061297e-06
2022-03-20,0.9930373,0.97847444,0.01752276,0.0013790927,1.3563969e-06,0.9999943
2022-02-20,1.0,0.9999994,1.0,0.9997675,0.99654084,2.8078204e-05
2019-11-25,0.9999827,0.97977763,0.99816054,0.9999136,0.96601117,0.01050972
2022-01-25,0.9999999,0.9999999,0.9999995,0.9999999,0.99999857,4.5326493e-07
2019-05-26,0.98801154,0.9995759,1.3993476e-15,0.999534,0.0020943165,0.9999107
2023-09-23,1.7553193e-11,6.2738545e-16,3.4756117e-13,3.4451042e-14,0.51575327,1.0
2020-10-30,0.9487737,2.1641519e-14,1.01414044e-16,0.99986017,0.007561667,1.0
2020-12-23,1.0,0.96103835,0.9999999,0.9999993,0.0013484597,1.4115832e-05
2023-08-12,2.6554282e-12,1.7453138e-15,1.5637358e-17,4.6786195e-15,0.0007912103,1.0
2021-08-13,5.780929e-11,9.013917e-09,1.7663918e-23,8.3421036e-14,6.336193e-05,1.0
2023-03-25,0.0088813305,1.0,0.09430076,1.3486886e-06,0.07111032,6.400761e-05
2021-05-12,1.0,1.0,6.061907e-07,0.99999964,0.9940428,5.5423284e-06
2019-11-11,0.9392441,9.4767864e-07,0.98533547,1.0,0.00015886252,0.9993375
2019-08-20,1.7135405e-17,1.15001235e-07,3.4432187e-18,5.8352196e-08,0.4824677,1.0
2020-12-20,1.0,0.1625536,0.9999999,0.9999963,0.0027555514,1.6944603e-05
2022-04-24,0.9938192,1.0,9.265914e-07,1.0,0.9999962,1.9445015e-05
2022-05-04,0.9999995,1.0,5.333647e-06,1.0,0.99999917,0.00024677342
2020-12-02,0.99997914,0.0014547007,0.99999964,0.99999905,0.2871724,0.00048516763
2024-04-27,0.9998307,1.0,1.6961028e-05,1.0,0.99926907,0.00021307578
2021-01-02,1.0,0.9999739,1.0,0.9996762,0.23602097,2.0797504e-05
2019-04-20,1.0,1.0,1.4389019e-07,0.99999964,0.9998332,2.4450268e-05
2022-07-13,4.8151975e-08,1.2026191e-11,1.2073143e-19,1.585099e-09,0.99994206,1.0
2020-06-30,1.0001862e-09,8.6992036e-10,6.6783666e-13,0.9993068,0.9985222,0.99999976
2021-07-14,3.930057e-12,2.0372082e-11,7.949914e-17,0.99729735,3.0915144e-05,1.0
2024-05-16,5.0438196e-08,0.9999999,6.619794e-11,0.9999968,3.116726e-06,0.0064244587
2021-02-15,0.9949798,0.9999964,1.0,0.26345503,1.3794251e-07,0.0004135498
2024-06-02,7.8481986e-07,0.999627,2.8534811e-12,1.0,0.006835871,0.9987595
2019-11-27,0.99681866,0.42777684,0.9999999,0.99999964,0.0010933246,0.04318732
2019-07-13,3.683138e-07,1.2332725e-11,8.2713437e-22,0.3382069,0.9999895,1.0
2021-09-23,1.43145894e-11,9.086009e-11,4.195511e-19,5.082358e-13,8.445971e-08,1.0
2019-12-18,0.99999607,0.99999607,0.9998466,1.0,0.99998546,1.721367e-05
2023-11-07,5.4044005e-08,4.1342866e-16,3.620608e-07,2.2294099e-11,1.3455343e-07,1.0
2023-05-31,0.010556723,0.7846215,0.17724894,1.0,0.9999999,7.4229683e-07
2024-03-07,4.5724397e-07,0.78265727,7.926423e-15,1.8414203e-10,4.7324323e-07,1.0
2024-05-24,3.531745e-07,1.0,5.1031412e-11,0.9586639,4.5870415e-06,0.4735148
2023-08-17,3.157626e-11,2.0768752e-17,3.470391e-21,7.838382e-15,0.9972486,1.0
2022-02-25,0.99999595,0.99999106,1.0,0.72637975,0.98569995,0.0007317669
2020-09-12,1.141976e-13,7.216964e-08,1.002111e-24,1.9282383e-11,4.779986e-07,1.0
2024-06-16,2.498134e-12,0.00035504272,5.9747706e-12,0.9999956,0.00027002388,1.0
2021-02-09,0.999998,0.99596184,0.9999999,0.0066935862,4.9815855e-05,0.00066004344
2020-09-18,1.0879066e-15,1.1071098e-12,7.0999445e-22,2.5062226e-09,8.61702e-07,1.0
2024-02-08,0.99999595,1.0,0.999936,9.156023e-06,0.043230142,0.04311664
2024-01-03,0.9999999,0.99984074,1.0,0.9999963,0.99998415,9.700403e-07
2022-11-10,4.1934682e-09,5.831292e-07,0.0001643963,1.0,0.00010359211,1.0
2019-07-11,5.1762274e-09,1.4504798e-12,1.600292e-19,2.8717548e-05,1.0,1.0
2021-01-19,0.9994373,0.99999666,0.99999034,0.99903905,0.00032101452,1.1386595e-05
2024-12-29,0.9999999,0.03770324,1.0,0.9999999,0.9998599,2.988824e-07
2022-01-29,0.9999999,1.0,1.0,0.9999924,0.9990496,1.6430158e-06
2020-02-20,0.99999905,0.9999999,0.999998,0.9995433,0.98599654,0.00057911995
2023-05-20,0.036165196,1.0,1.37138e-10,0.99999917,0.999772,0.0021498473
2024-01-30,0.99999964,0.9999999,0.9999999,0.99988973,0.9975133,5.3487805e-05
2023-05-30,0.00381461,0.9998211,0.00024810492,1.0,0.99999845,1.8917823e-05
2019-06-17,2.3965606e-08,8.48487e-06,1.1343646e-21,0.9919259,0.13274847,1.0
2023-01-19,5.4615395e-08,1.0,1.0,0.9999999,0.0038084213,0.00010221404
2021-08-24,7.919215e-11,2.282563e-10,8.7771066e-13,0.000724604,1.4746999e-07,1.0
2023-11-29,0.9467705,2.8372082e-10,0.9997979,0.996869,0.9102356,0.48770988
2021-04-16,0.9999908,0.99938786,1.6299863e-14,0.016911807,0.99999774,0.99999547
2023-09-07,4.5478705e-09,2.2487322e-17,1.521181e-15,1.2718782e-13,0.99893874,1.0
2024-12-09,0.9999702,0.00029576753,1.0,0.9999982,0.99910164,0.0004320148
2023-10-29,8.163557e-11,1.743754e-14,3.1164692e-13,3.5317877e-12,2.5849279e-06,1.0
2021-06-12,2.2693545e-09,0.9309053,4.67552e-13,0.9999831,0.09439329,0.9999995
2024-08-06,2.2336267e-06,7.571115e-10,7.083971e-18,1.3250287e-13,0.9999528,1.0
2021-01-12,0.9999999,0.99973947,0.999987,0.99975246,0.0019188065,8.8742297e-07
2023-01-09,9.0252815e-06,0.9999989,1.0,0.9848777,2.5535894e-07,0.0005256232
2022-08-17,1.758777e-12,1.550229e-14,8.628167e-17,5.426908e-12,0.9999883,1.0
2022-01-31,0.99999964,0.9999999,1.0,0.99999857,0.9999846,1.8869268e-06
2024-12-17,0.9999999,0.0025937497,1.0,0.9999958,0.99468696,1.559643e-05
2023-08-07,1.5875776e-12,1.0107616e-15,3.17913e-17,1.9395669e-14,0.90211135,1.0
2023-01-03,2.6913807e-09,0.9997992,1.0,0.9529016,4.066855e-07,0.0002812473
2022-02-18,0.9999999,0.99999475,1.0,0.9982728,0.99650985,4.912942e-05
2021-11-21,0.003973634,0.06425855,0.9999987,1.0,0.00078883884,0.99928385
2020-01-27,0.99999976,1.0,0.9748394,0.99999213,0.9999901,3.3879832e-07
2022-09-10,2.1585927e-12,2.7408816e-19,2.3434854e-14,3.5376108e-06,0.020739777,1.0
2023-04-28,0.99999654,1.0,1.05031e-08,1.0,0.99990857,2.4342755e-05
2020-10-11,1.5584034e-07,1.6156174e-15,1.5968786e-17,8.486693e-09,3.2407723e-07,1.0
2021-11-09,7.323603e-11,1.2149985e-10,3.573079e-08,0.99998724,3.5475668e-07,1.0
2022-03-22,0.9999962,0.9999999,4.4530345e-11,2.7407793e-10,4.1734656e-05,1.0
2024-12-06,0.9999995,0.00069317984,1.0,1.0,0.9871393,0.0010265324
2024-07-12,1.3012704e-13,9.511836e-11,6.896775e-21,6.937878e-07,7.333795e-05,1.0
2021-09-25,4.4627253e-12,3.6147643e-15,3.404519e-18,2.5462688e-12,5.241123e-08,1.0
2023-08-29,1.2518541e-07,5.3090765e-16,1.05038143e-13,3.347949e-14,1.0,1.0
2019-09-13,1.5240294e-12,9.4225565e-12,1.1081347e-19,5.3993703e-09,2.8679779e-05,1.0
2022-03-17,0.999948,0.99942183,3.800481e-06,2.934779e-10,3.656875e-05,0.99999166
2021-11-02,7.197279e-12,7.622942e-11,3.5447423e-10,0.99393374,2.4206798e-07,1.0
2024-02-03,0.9999932,1.0,0.8785717,0.011516831,0.7493162,0.9530107
2021-08-29,1.1486767e-08,8.387146e-17,5.545648e-21,8.436138e-11,0.00013382621,1.0
2024-05-28,7.853137e-05,1.0,6.764107e-12,1.0,5.8561156e-05,0.3511196
2022-02-07,1.0,0.9999981,1.0,0.99999106,0.9999517,8.765332e-07
2019-04-22,0.99999964,1.0,2.3316106e-08,0.99999905,0.9999541,1.8782279e-05
2021-02-04,0.9999796,0.99999857,0.9999682,0.009735709,4.699816e-07,0.00093643845
2020-07-15,1.9040762e-08,2.2041933e-11,3.2505985e-18,9.589937e-10,0.9999993,1.0
2020-05-18,0.014060758,1.0,5.626683e-11,1.0,0.99999666,0.00052451185
2020-08-05,1.3754133e-11,1.5690258e-11,4.7245794e-18,1.225594e-09,0.9999062,0.99999464
2019-10-08,4.748635e-08,1.708391e-17,1.7688554e-13,0.0085580265,0.00023767064,1.0
2024-09-20,1.7178802e-09,5.053806e-12,9.121537e-18,2.9930575e-13,6.3468324e-06,1.0
2022-07-30,4.0346615e-11,3.619975e-14,7.3445385e-16,5.621124e-07,0.9999999,0.9999999
2023-06-27,5.468656e-13,3.724077e-08,3.1840177e-19,5.6853362e-11,0.9957824,1.0
2022-05-13,0.0003714081,0.9999999,2.8790528e-10,1.0,0.9993293,4.513283e-05
2024-11-27,0.9999628,4.148546e-07,1.0,1.0,0.9924185,0.008964045
2021-03-22,0.9991917,1.0,0.00031063065,4.1521955e-07,0.004227659,0.8333459
2024-12-18,0.9999995,0.106350094,1.0,1.0,0.99905723,7.056716e-06
2023-08-06,2.7049214e-12,2.3948318e-13,5.2636144e-19,1.0481874e-14,0.99987173,1.0
2021-12-05,0.00048847555,0.9999727,1.0,1.0,0.90883046,0.00019461819
2023-02-04,2.4261428e-08,1.0,1.0,0.9999844,0.0149658285,0.00028148523
2019-11-01,0.0017210583,3.7754867e-15,8.289088e-09,0.99998844,4.2399247e-07,1.0
2022-02-10,0.9999999,1.0,1.0,0.9999951,0.99996376,6.7283177e-06
2019-04-06,0.9999926,0.99999976,7.85113e-15,2.0274806e-09,0.24268275,0.9997758
2020-06-03,8.792967e-11,0.98790747,1.1605685e-16,0.9991854,0.99907553,0.99999964
2019-06-08,9.35355e-06,0.9981061,7.2743306e-23,0.99950504,0.00029191503,1.0
2022-12-25,0.01675195,0.9999994,1.0,0.95394135,3.591237e-06,7.0482485e-05
2019-09-28,1.1514513e-12,8.098547e-18,1.766239e-13,0.00056931097,0.00088766025,1.0
2024-11-11,0.9210158,3.0034795e-07,3.5091926e-08,1.2393457e-09,0.0011438652,1.0
2020-08-18,3.6432907e-10,2.7010807e-12,1.6939184e-11,5.5373548e-08,0.9999995,0.9999782
2020-07-17,6.374469e-11,1.6472565e-15,7.47704e-15,8.2393234e-13,0.9999944,1.0
2020-12-05,1.0,0.0041945446,1.0,1.0,0.0063845566,0.23372516
2024-10-26,3.791193e-13,9.822038e-10,1.990649e-16,1.0735574e-12,7.961483e-05,1.0
2023-08-16,1.4882084e-12,1.7377196e-16,1.22491e-19,1.5117927e-14,0.8860541,1.0
2020-09-09,3.429753e-12,3.8923766e-08,1.2960875e-22,7.5859885e-14,1.500262e-07,1.0
2022-09-25,1.6331162e-15,4.459925e-16,4.077493e-17,3.0920444e-10,1.2808455e-05,1.0
2019-05-27,0.99938214,0.9999999,3.6239987e-16,0.87877566,0.10566046,0.98900336
2019-09-21,2.6801285e-11,5.7396454e-13,2.2844133e-18,7.8725705e-08,1.0977342e-05,1.0
2023-12-25,0.5986805,0.98409665,1.0,0.9999999,0.98968023,1.4795427e-05
2019-11-17,0.7517839,1.4727789e-06,0.99603736,0.99999976,6.754598e-05,0.99949086
2023-04-25,0.999998,1.0,1.1157356e-08,1.0,0.970072,0.02062211
2022-06-22,2.0932837e-10,1.0688887e-12,5.943584e-19,8.40001e-06,0.99124545,1.0
2020-09-21,3.2989003e-13,1.8655374e-10,5.751992e-22,6.302814e-14,5.2008283e-05,1.0
2020-12-29,1.0,0.9999994,1.0,0.99999034,0.48951396,2.8845672e-05
2022-03-24,0.99999416,1.0,2.7241213e-11,5.1532747e-09,0.00017519579,1.0
2023-12-09,0.9791381,0.031756636,1.0,0.9999999,0.99707663,0.00023577678
2022-03-05,0.9918727,0.9999809,1.0,4.10929e-05,0.0027581311,0.011420787
2022-08-03,2.2633977e-09,3.275984e-16,6.1018575e-16,1.5469042e-06,0.99999976,1.0
2023-03-11,0.00013061975,1.0,0.99947923,0.0015436964,0.69766724,9.3406885e-07
2019-10-27,5.72449e-07,1.1972258e-13,6.6585314e-11,0.9994185,1.4007559e-10,1.0
2020-02-04,0.99999833,1.0,0.99999774,0.999998,0.99995613,3.9274532e-06
2020-07-09,3.1793263e-08,3.540628e-13,2.8304043e-17,1.959504e-07,0.99978656,1.0
2024-09-02,3.1754583e-09,1.0679146e-12,1.4287993e-15,4.266504e-14,0.9988133,0.9999999
2024-05-19,3.220462e-08,1.0,8.14874e-09,0.99999523,7.5132443e-06,0.004878391
2021-06-17,7.371704e-10,0.000118630844,4.229846e-22,0.9994343,0.52607507,1.0
2021-10-23,3.7632705e-12,2.6469178e-12,1.0281692e-13,0.90748787,6.981578e-07,1.0
2024-09-21,4.6339547e-12,6.1843472e-15,1.6505364e-19,6.55374e-14,8.040405e-05,1.0
2024-10-18,2.9449314e-08,2.4148775e-12,1.6381077e-15,1.0461392e-12,2.1237431e-10,1.0
2019-07-06,3.119486e-05,7.582249e-12,6.9977515e-19,0.99077964,0.9999932,1.0
2023-02-27,9.784911e-08,0.9999999,0.99751866,0.00012861665,0.5086313,5.306222e-05
2022-09-04,3.562704e-14,5.871032e-16,4.7888183e-16,1.0021411e-10,0.18693227,1.0
2024-08-09,1.3002255e-05,6.984862e-10,2.5307674e-18,5.0353845e-14,0.9999988,1.0
2019-03-26,0.9998186,0.9999994,5.2133036e-09,3.263661e-08,0.5864923,0.9999995
2023-05-11,0.9999975,1.0,0.0032010588,0.9961526,0.999998,3.3951223e-06
2021-10-08,4.3875914e-12,9.240589e-12,1.9189957e-15,0.044024833,1.0711706e-08,1.0
2021-03-06,0.98104066,1.0,0.9984629,0.02424747,1.4475526e-06,4.5561437e-06
2022-05-22,8.543273e-10,1.0,2.5041154e-13,0.999099,0.9999286,0.014423267
2022-08-12,9.866924e-08,1.6091386e-14,7.6389435e-17,8.894571e-13,0.9999349,1.0
2019-05-10,0.9999962,0.99999917,3.7787096e-10,1.0,0.999008,0.00085118384
2023-01-18,2.8913332e-08,1.0,1.0,0.99989045,0.0059795817,0.00026198418
2022-04-25,0.9999949,1.0,2.0876377e-10,1.0,0.9999924,2.9021074e-05
2022-02-06,1.0,0.9999995,1.0,0.9999989,0.9996674,7.992397e-06
2021-04-27,1.0,1.0,1.4737538e-09,0.9999999,0.99968445,0.00065795047
2020-09-24,3.7587097e-11,2.3328222e-14,8.126732e-20,2.1427985e-13,0.80449355,1.0
2021-08-27,3.280503e-07,3.9291456e-14,4.4850617e-21,2.6813251e-11,3.878071e-06,1.0
2019-10-30,2.1013182e-06,2.4623215e-10,4.249997e-07,0.999775,1.7090832e-08,1.0
2019-09-19,3.940956e-12,2.7071162e-15,2.72983e-20,3.0336357e-06,7.461932e-09,1.0
2020-05-10,0.8660022,1.0,8.6352275e-10,1.0,0.9999994,4.642201e-06
2019-09-01,1.3380982e-13,2.1893682e-08,2.9835085e-18,9.13329e-14,0.03089348,1.0
2024-12-03,0.99999917,3.9773855e-07,1.0,0.9997435,0.9112243,8.49632e-06
2024-08-10,3.4450048e-05,7.047396e-14,5.0351245e-18,1.12094395e-13,0.9999968,1.0
2023-12-12,0.37115023,0.4030258,1.0,0.9999999,0.9932255,0.00028338336
2020-05-31,3.3110987e-09,0.99930465,1.2013253e-16,0.99793506,0.9998609,0.99999905
2021-03-17,0.99040085,1.0,0.998831,3.1901807e-06,0.0019761315,0.010486796
2019-11-14,0.9989027,1.9591016e-10,0.9999801,0.9988188,7.8277935e-06,0.99999475
2024-10-29,5.701713e-11,1.9907243e-13,9.021446e-14,4.3294425e-15,4.131059e-06,1.0
2023-03-29,0.9977621,1.0,2.9596006e-07,5.333939e-10,0.2701401,0.78638023
2019-09-18,1.3247874e-11,5.282791e-13,9.603086e-16,3.486694e-09,2.9032421e-06,1.0
2020-10-02,6.043251e-06,3.2264948e-11,2.2784322e-20,2.3656655e-11,0.0059008226,1.0
2019-05-12,0.99999917,1.0,5.224948e-10,0.999966,0.99304587,0.0028542776
2021-06-29,5.785659e-08,0.00015074467,2.209336e-19,0.9999994,0.9999993,0.9999999
2021-06-02,1.1692485e-06,1.0,2.2556671e-08,1.0,0.0017914803,0.0014690778
2021-03-29,0.9999634,0.99999964,4.3510703e-13,2.8331877e-12,0.09044212,0.9999975
2020-06-08,3.1945593e-08,1.0,9.57651e-08,1.0,0.99985754,0.0009485426
2024-11-25,0.9999994,7.319281e-09,0.9999919,0.99996233,0.9712342,0.7876763
2021-01-10,0.99999785,1.0,0.9999999,0.97377056,1.2131251e-05,2.6718479e-05
2021-09-29,1.336838e-13,6.582135e-19,3.1570622e-17,1.601649e-10,5.6324283e-05,1.0
2021-03-11,0.9999547,1.0,0.9999598,0.0024523733,0.0027913486,0.0038346092
2020-10-07,3.831103e-06,4.988555e-13,5.2965237e-20,1.6322694e-05,7.6907e-07,1.0
2024-05-15,9.55147e-07,1.0,2.6160454e-12,1.0,0.0006379508,0.003495568
2024-01-28,0.9999994,0.99999845,1.0,0.99998057,0.99727505,2.5600377e-05
2023-04-19,0.9999969,1.0,9.9490964e-11,0.9999926,0.9987208,0.00030255082
2019-06-26,1.7958482e-12,1.8132625e-10,1.5142726e-24,0.9368657,0.83220845,1.0
2024-04-26,0.99992716,1.0,0.01883668,1.0,0.99959797,2.469896e-06
2020-11-02,0.8743077,1.4109727e-13,2.328328e-14,0.99875355,0.004313303,1.0
2024-07-17,3.4883914e-12,3.0001392e-13,6.7370626e-21,1.6140668e-13,4.5866045e-06,1.0
2020-12-09,0.99995875,0.0017034959,1.0,0.999907,0.0018717055,0.00044201638
2024-06-22,1.2781838e-10,1.4664226e-05,3.1986804e-16,0.9996735,2.40105e-05,1.0
2023-02-01,6.131065e-10,1.0,0.99999976,0.9999956,0.06610092,0.00054739707
2023-03-23,0.010230904,1.0,1.1742329e-05,3.2986958e-07,0.9989366,0.031818964
2023-07-22,9.495187e-09,6.7258363e-15,2.1333217e-20,3.3006e-13,0.9999994,1.0
2024-10-09,3.562985e-09,1.7127835e-16,1.3867608e-12,3.459586e-17,1.4034963e-07,1.0
2024-02-10,0.9999995,1.0,0.7368611,0.0017573092,0.5983127,0.13492633
2020-10-21,1.6943164e-05,1.351846e-16,2.543685e-13,0.00021333153,5.142359e-08,1.0
2024-04-29,0.9998264,1.0,3.607955e-06,1.0,0.99931896,3.71001e-05
2023-02-14,5.3884857e-09,0.9999999,0.9999981,0.99992025,0.6280038,0.00010811408
2019-08-14,1.4545741e-09,1.7120185e-13,6.6757797e-17,0.0001802274,0.99895763,0.9999999
2021-04-25,0.99999905,1.0,1.20220405e-11,0.99999976,0.9999683,0.04867251
2021-07-20,1.1448367e-14,1.2778381e-13,2.2393272e-22,6.76412e-08,6.0077105e-06,1.0
2023-09-04,1.0757651e-08,1.9489108e-15,3.4522892e-13,2.667679e-15,0.9499753,1.0
2023-09-22,8.223236e-08,3.787948e-13,1.9633968e-13,2.96648e-14,0.9885914,0.9999999
2019-05-25,0.99997413,0.9999609,2.9344328e-17,0.9825783,0.0013544938,0.99992466
2022-03-23,0.99999344,0.9999999,1.543812e-13,1.3534558e-09,0.00014776687,1.0
2023-01-16,6.1380466e-05,1.0,1.0,0.99560463,0.00034462803,0.00024036884
2023-05-01,0.99998176,1.0,5.375818e-09,0.99999917,0.9995427,4.4558357e-05
2019-06-09,1.0963017e-06,0.543353,2.8138547e-19,1.0,0.009749382,1.0
2024-03-18,0.17576441,1.0,6.2142874e-11,0.092197,0.6109196,0.8827104
2021-06-23,1.8644364e-08,0.03565659,1.9235076e-18,0.99999905,0.9999378,1.0
2022-08-08,4.7271334e-13,1.0832844e-16,8.875026e-18,1.2665393e-11,0.99790514,1.0
2021-07-02,4.745319e-09,1.4234207e-06,8.3017025e-19,0.0052177194,0.07170246,1.0
2020-05-05,0.9959447,0.9999993,1.5548152e-07,1.0,0.9999994,1.5166647e-06
2023-01-20,4.699775e-10,1.0,1.0,0.99999213,0.00028487865,0.00036239065
2021-09-02,2.2661782e-10,9.149916e-12,4.6444943e-23,2.6838422e-11,3.3529184e-07,1.0
2021-08-31,1.0858037e-09,2.2191376e-16,1.7934672e-18,4.874776e-11,3.701445e-07,1.0
2022-02-17,1.0,0.99999845,1.0,0.9998735,0.99827063,3.8499106e-06
2022-09-14,3.8074796e-15,2.0209522e-20,2.4599728e-15,2.1651077e-12,0.27776214,1.0
2023-08-10,4.455491e-14,1.6938891e-15,1.56969e-15,1.1914868e-14,0.0015584092,1.0
2021-04-20,1.0,0.9999366,2.6808697e-15,0.00023518738,0.99999595,0.99996006
2019-09-10,6.782537e-10,1.0468129e-14,1.9568333e-19,7.4382325e-07,0.017664013,1.0
2023-07-11,1.7428585e-08,1.2234329e-10,7.894903e-19,8.2847e-15,0.9999423,1.0
2024-07-05,4.405587e-12,1.0277986e-09,1.2158003e-18,2.2936555e-07,9.578644e-07,1.0
2023-08-08,8.079163e-12,7.0098094e-13,2.5884922e-17,2.0105794e-12,0.06607561,1.0
2023-07-03,5.6776093e-15,3.8304124e-10,1.6433163e-21,1.2731243e-08,0.9998276,1.0
2020-10-01,7.7416e-07,2.2325787e-16,2.2158266e-19,2.1099669e-10,0.0010663454,1.0
2022-08-14,1.1540696e-09,4.5974602e-17,1.1791675e-18,7.122436e-14,0.9999714,1.0
2022-02-13,0.9999999,0.9999949,1.0,0.99980277,0.99975485,8.113497e-06
2022-07-17,1.0687455e-09,3.5404546e-12,1.6124618e-19,5.500331e-13,0.70716417,1.0
2021-08-16,3.528563e-08,1.2631774e-13,2.953803e-19,6.97214e-13,0.020784255,1.0
2019-06-16,2.6434302e-07,0.0021705073,4.271276e-21,0.9975229,0.1662591,1.0
2022-09-06,4.2008725e-13,7.463813e-16,1.246572e-16,4.7273344e-12,0.9998068,1.0
2023-07-17,2.3841778e-08,4.8799786e-10,3.786709e-11,1.5717148e-08,1.0,0.9999845
2020-10-03,1.0242588e-05,8.242679e-15,2.2620406e-18,7.253908e-08,0.0016356877,1.0
2023-05-27,3.8172464e-05,0.98254895,5.6218465e-05,1.0,0.9999893,0.04314293
2021-04-01,0.9999652,0.9999852,2.376538e-18,4.29678e-09,0.9784055,1.0
2024-03-09,1.8299055e-07,0.99999607,1.6433793e-13,1.7332742e-12,2.2506363e-06,1.0
2024-12-16,0.99986196,0.00018084883,1.0,0.99999225,0.99996173,1.037245e-05
2020-11-29,0.9999999,4.345046e-06,0.999577,0.99998486,0.00019919888,0.39657333
2024-02-05,0.99932814,0.9999999,1.0,0.047851186,0.45349064,0.0051012943
2024-02-01,0.9999938,0.99999976,1.0,0.0036476362,0.9304629,0.026276741
2022-01-23,0.9999999,0.9999999,0.99999976,0.9999995,0.99999547,8.261767e-07
2019-12-25,0.9999993,0.9999893,0.99886996,1.0,0.9999567,3.2160785e-06
2020-08-14,1.6820005e-10,1.246007e-11,2.4572258e-14,1.2114568e-12,0.99999964,0.99996257
2021-01-07,0.9999999,0.9958259,0.9999989,0.9704333,0.0026775557,5.6902873e-06
2020-12-26,0.9999641,0.9999994,0.9999995,0.9999993,0.029873814,6.367518e-06
2024-05-21,2.5124242e-10,0.99999905,4.470051e-12,0.9997284,0.008155585,0.9983911
2023-12-27,0.9225624,0.99904686,1.0,1.0,0.949455,3.921564e-05
2024-02-07,0.99997437,1.0,0.9998049,0.48447773,0.9833921,0.060515344
2023-11-06,2.6114828e-09,5.43069e-15,1.7846082e-11,4.3186517e-09,3.4257063e-08,1.0
2021-04-06,0.95218813,0.99999976,3.0715255e-13,5.1730296e-09,0.061288048,0.99998856
2023-06-29,4.3675523e-12,0.00010546939,1.3089596e-17,2.5500748e-08,0.99990404,1.0
2023-12-11,0.1059594,0.000108780674,1.0,0.99880564,0.99836534,8.705789e-05
2022-02-21,0.99999964,0.9999999,1.0,0.99911875,0.99990106,3.4785226e-05
2021-04-26,1.0,0.9999993,1.6209968e-12,0.99983823,0.99388194,0.97865546
2023-05-10,0.99999213,1.0,4.7097416e-05,0.9995869,0.9999999,9.972389e-07
2023-03-24,0.9960943,1.0,4.9974386e-10,3.2891836e-07,0.960131,0.8409563
2021-08-18,1.1878133e-10,1.2752761e-10,3.0007368e-15,0.06392125,0.0470545,1.0
2023-10-02,1.0809424e-11,1.210252e-18,5.238926e-15,1.3230798e-12,0.00072467857,1.0
2024-05-10,0.0006518401,1.0,1.8055614e-08,1.0,0.0011391937,0.0011756815
2020-02-11,0.9999995,1.0,0.9999515,0.9999715,0.99989986,2.7093631e-06
2020-03-15,1.0,1.0,1.9889615e-07,0.9999968,0.96941066,0.14281476
2021-06-27,1.2045923e-09,3.94125e-07,7.677645e-19,1.0,0.99265116,1.0
2023-11-14,4.234736e-08,5.9938145e-14,6.443054e-05,0.0067559364,2.6405244e-08,1.0
2023-04-10,0.9993242,1.0,1.1926964e-14,4.1771847e-05,0.9945363,0.9999229
2023-02-08,5.0728454e-06,0.9999999,1.0,0.9999614,0.4959518,6.979355e-06
2019-10-12,2.3262806e-05,1.50584e-16,1.5597178e-09,0.0006982191,1.9392676e-06,1.0
2021-04-12,0.99996066,0.99684477,5.8009814e-13,1.5610569e-05,0.9994423,1.0
2024-01-24,0.99999905,0.9993155,1.0,0.99999964,0.99983,1.0034629e-05
2021-05-29,2.2128487e-08,1.0,1.850249e-07,0.99853194,0.000873118,4.2937125e-05
2022-01-03,0.9999994,0.9998584,1.0,1.0,0.9999995,3.6086186e-07
2024-11-07,0.010477269,3.679297e-05,3.2719834e-11,3.5668804e-13,0.00033468835,1.0
2021-11-23,0.0013388838,0.12145716,1.0,1.0,0.0013852239,0.97929776
2024-03-10,8.380618e-05,0.9999988,4.57143e-13,1.6986956e-09,9.670019e-06,1.0
2019-04-12,1.0,1.0,1.5051776e-11,3.104212e-05,0.9996884,0.9886131
2022-03-11,0.9988105,0.7294981,0.7025147,2.0984353e-07,0.0013162707,0.94891137
2023-03-04,2.7522472e-06,1.0,0.9985154,1.5900127e-05,0.20882893,2.2708705e-06
2020-10-04,4.3762876e-07,1.2010516e-14,3.9047243e-21,4.386646e-08,0.0166345,1.0
2024-03-12,1.8091976e-05,0.9997391,1.7409476e-12,1.30195195e-11,0.00018113047,1.0
2023-04-23,0.999998,1.0,1.6010962e-10,1.0,0.9999894,0.0010938768
2021-03-12,0.99999464,0.99999833,0.9999733,0.0002987706,0.00028600317,0.00092780084
2023-10-12,5.745985e-14,9.266348e-18,6.0977915e-14,5.2285663e-14,0.00080663536,1.0
2023-07-15,2.6151912e-09,1.0830856e-13,3.5588614e-13,5.186535e-13,0.9999993,1.0
2021-11-28,0.002672261,0.9989417,1.0,1.0,0.012333126,0.008141057
2020-10-08,2.1295544e-05,2.931917e-16,4.6245967e-19,3.444235e-07,0.0001246857,1.0
2021-07-31,7.6772366e-11,2.6425397e-08,5.4278206e-19,4.6154205e-09,5.0927742e-08,1.0
2023-09-02,2.9870737e-06,9.482955e-16,8.6333534e-13,4.1343204e-15,0.9988825,1.0
2022-02-04,1.0,0.9999995,1.0,0.99999833,0.9999281,3.219985e-06
2021-12-07,0.1421736,0.99999535,1.0,0.9999807,0.0056607407,0.001570792
2020-03-12,0.9999982,1.0,9.341919e-07,0.99999285,0.0028829062,0.23492269
2019-12-29,0.9999995,0.9999999,0.9998161,1.0,0.99999857,6.6326143e-06
2021-07-19,6.3208004e-14,1.5818596e-11,5.141776e-21,1.9097726e-07,3.1280427e-07,1.0
2023-03-03,6.634133e-06,1.0,0.9995204,0.022079699,0.66105205,2.0249932e-07
2024-01-16,0.99999344,0.99722856,1.0,0.9999999,0.9969559,6.288674e-05
2023-08-19,1.8634374e-12,5.083337e-13,1.7965022e-16,1.0467809e-14,0.7414796,1.0
2019-05-21,0.9999982,0.9999938,1.5684833e-12,0.9996258,0.0025544236,0.81417906
2021-09-01,7.2341004e-07,3.6678932e-12,1.2519142e-16,9.265118e-09,2.4022086e-07,1.0
2022-07-22,3.4658955e-12,1.1993063e-12,4.7005934e-20,1.1972333e-12,0.99884796,1.0
2023-12-05,0.9999126,0.013048077,1.0,0.99999976,0.9999888,4.2100905e-06
2020-12-17,0.9999999,0.24418107,0.99981564,0.9999888,0.52327144,0.00016456444
2021-03-21,0.9999925,1.0,0.0015941717,6.9568806e-08,0.00026649644,0.4572044
2022-01-22,0.9999999,0.99999917,1.0,0.99999976,0.9999957,9.013479e-07
2024-01-26,0.9999999,1.0,1.0,0.99999666,0.99650383,3.973771e-05
2020-12-07,1.0,0.9770055,1.0,0.99999845,0.0097612655,0.0001058682
2022-07-18,1.02762965e-10,4.055268e-15,1.6970492e-18,2.93106e-13,0.99849653,1.0
2020-07-28,2.7923733e-11,8.5365126e-10,1.7989369e-16,2.3568278e-12,0.9999987,0.9999949
2023-07-04,1.2768513e-13,7.8298096e-10,1.1565158e-16,1.0613518e-06,0.9998578,1.0
2024-02-28,8.690999e-09,0.062479995,2.0588805e-11,2.106766e-10,8.048756e-08,1.0
2023-03-12,6.320062e-05,1.0,0.99978226,0.00039011508,0.3515702,2.6267662e-07
2023-06-24,2.1371004e-13,2.4377593e-06,2.609391e-17,1.0251873e-08,0.9999993,1.0
2022-06-24,3.984055e-10,1.3123546e-13,1.2744017e-16,3.811473e-09,0.9864587,1.0
2021-02-10,0.999642,0.9998479,1.0,0.21994492,5.184095e-07,0.00068150973
2021-05-06,0.9999999,1.0,8.598564e-09,1.0,0.9999845,3.0003532e-05
2023-06-10,4.4187036e-07,0.9975241,5.9481036e-17,0.7296297,0.99999964,0.9999999
2019-08-18,5.4331695e-10,6.232583e-10,5.840898e-16,1.890879e-06,0.03670487,1.0
2021-10-21,6.272623e-12,5.449445e-13,1.6092292e-12,0.0047730426,8.997105e-08,1.0
2020-02-01,1.0,1.0,0.031854138,0.9996425,0.9993074,6.255905e-06
2023-11-02,3.648184e-05,2.990663e-19,1.641492e-07,1.6023344e-09,7.2985367e-06,1.0
2023-06-08,2.8541607e-09,0.9999777,8.916587e-20,0.35252866,0.9999913,0.9999999
2020-07-14,6.921416e-07,1.874002e-08,3.1695896e-16,1.3084807e-09,0.9999981,1.0
2023-02-03,1.523486e-08,1.0,1.0,0.9999989,0.025712306,7.484395e-05
2021-09-10,8.0294243e-11,1.2691181e-13,2.7289617e-23,5.8992244e-10,9.651279e-06,1.0
2019-05-28,0.46986443,0.99956506,9.020165e-23,0.96692765,0.070746705,0.99999917
2021-04-30,0.9999963,0.9999628,6.8219676e-13,0.9999689,0.99993956,0.0708194
2021-05-16,0.9999999,1.0,3.5116567e-08,1.0,0.990604,4.2990038e-07
2021-09-19,7.276168e-14,7.1522175e-15,4.611716e-20,2.3703806e-11,2.676986e-07,1.0
2022-12-31,0.00013219252,0.99999857,1.0,0.9999999,0.0049527986,0.00037782194
2022-07-15,9.9079935e-09,3.639804e-14,6.94353e-20,3.5869594e-09,0.7622157,1.0
2023-08-20,1.8172545e-10,1.5366834e-15,2.2892225e-16,3.760587e-12,0.99997604,1.0
2024-08-18,1.436269e-08,1.2485693e-11,8.4876175e-20,2.4801404e-12,0.99999905,1.0
2020-05-24,4.4753983e-06,1.0,2.1838437e-10,1.0,0.99999416,0.00010505965
2024-03-30,0.99994576,1.0,0.00011599299,0.9929531,0.9946747,9.1705464e-05
2019-10-04,6.388159e-08,9.267131e-13,2.1582211e-13,5.3909713e-05,3.715865e-06,1.0
2024-03-16,0.0038306692,1.0,9.3250945e-09,0.00024265538,0.0024636115,0.9542457
2021-10-13,8.09551e-13,1.7406132e-11,6.3162054e-19,1.2290589e-06,5.6178417e-09,1.0
2023-02-23,2.8713157e-06,1.0,0.79552054,0.9993687,0.9744007,1.8409732e-05
2020-12-06,0.9999999,0.002394544,1.0,0.99993956,9.9045574e-05,0.002077368
2023-03-06,2.0042042e-05,0.9999999,0.9999839,0.0009773225,0.041671537,2.6985406e-05
2019-04-19,0.99999905,1.0,6.2217975e-10,0.99999833,0.9998803,0.00012075622
2020-08-04,1.1833237e-08,4.4605698e-13,1.7573679e-13,1.4755645e-10,0.99890566,0.9999893
2020-02-07,0.99999964,1.0,0.99998176,0.9997676,0.9986632,2.407739e-06
2021-06-04,5.925164e-09,0.99999845,3.5579897e-11,0.99999964,0.00036230052,0.1760651
2020-07-12,7.4352265e-08,1.833491e-08,1.926024e-20,2.425149e-11,0.99999464,1.0
2019-11-07,1.8490404e-05,3.1987568e-10,4.1828885e-06,1.0,6.7487395e-05,0.99999964
2019-05-15,0.99996173,0.9999987,2.813101e-13,0.9982956,0.94948876,0.01704043
2020-10-15,1.3571535e-05,1.0131512e-11,8.9977036e-20,2.9319567e-06,0.001074964,1.0
2021-11-07,2.5835353e-13,6.479361e-11,9.357445e-10,0.9993591,1.0898377e-08,1.0
2023-07-28,5.97733e-10,4.7717866e-16,8.0338645e-19,2.852446e-13,0.9999937,1.0
2020-05-16,0.12589453,0.9999958,1.1056417e-07,1.0,0.9988318,9.448505e-05
2022-11-13,9.956038e-08,0.00048594375,0.5169966,1.0,4.1494113e-06,0.9999869
2023-06-21,5.884356e-14,0.00014254653,8.491715e-16,3.629794e-06,0.9999995,1.0
2023-09-09,5.680815e-08,1.7348217e-20,2.0979856e-16,6.593791e-13,0.9996917,1.0
2022-06-03,1.0977271e-09,1.0,8.0940046e-11,1.0,0.99994886,0.032406505
2024-10-07,5.8135345e-08,2.1342784e-16,3.0818536e-13,1.9943727e-17,9.991342e-07,1.0
2022-02-23,0.99999547,0.99999213,1.0,0.991252,0.06150645,0.004879456
2023-08-04,1.5326346e-12,5.9598517e-15,3.2371581e-19,4.838768e-15,0.9991916,1.0
2024-07-03,9.368486e-13,1.12204454e-07,9.388589e-21,1.8386501e-05,0.008745761,1.0
2020-04-05,0.9990268,1.0,1.3336545e-13,9.426591e-05,0.99816567,0.014526375
2020-04-30,0.5776063,1.0,9.594454e-10,0.9999999,1.0,2.840853e-06
2020-11-23,1.0,1.9446242e-09,0.9946197,0.99961567,6.886761e-05,0.99999607
2024-12-04,0.9999995,1.9940107e-06,1.0,0.9999989,0.9990879,5.5721288e-05
2020-05-23,0.015910678,1.0,1.2040813e-11,1.0,0.9999902,0.00048088867
2021-10-18,2.3067592e-12,2.2727066e-13,1.0538389e-17,0.0008146503,2.9418214e-07,1.0
2021-05-18,0.99993896,1.0,5.0661914e-05,0.9999862,0.99455655,6.8458246e-07
2022-04-10,0.99999976,1.0,0.00019319216,0.9999548,0.98476356,8.8131645e-05
2024-10-23,4.2776294e-09,6.7832184e-11,3.3663166e-12,5.8093556e-12,2.546711e-08,1.0
2024-08-29,4.4349403e-07,8.446542e-14,4.4317044e-16,4.7628644e-13,0.99999964,1.0
2021-08-19,2.5291183e-07,4.8502426e-12,8.998379e-11,0.9999578,0.15291043,0.9994367
2019-06-07,2.6732487e-06,0.020302882,3.804604e-23,0.99998164,0.0039891964,1.0
2023-12-19,0.95821667,0.07894627,1.0,0.99999654,0.99913436,7.527036e-06
2022-01-26,1.0,0.99998355,1.0,0.99999845,0.99832946,9.307421e-06
2024-10-15,3.8942034e-08,2.8233436e-15,1.10878036e-10,5.7347044e-15,1.3137229e-08,1.0
2024-06-15,1.3808471e-14,9.5513686e-05,7.242684e-15,0.99997175,3.1045406e-07,1.0
2021-04-05,0.99890804,0.99970645,1.4320139e-14,4.1390513e-09,0.99862254,0.99999917
2024-05-14,1.6463521e-06,1.0,1.3425631e-11,1.0,2.6233161e-05,0.0037414995
2021-09-24,7.8657973e-13,8.694321e-15,4.0144832e-21,2.0590746e-13,2.4015815e-06,1.0
2023-04-20,0.9998167,1.0,2.7047667e-12,0.99999523,0.9963804,0.00039510842
2021-04-07,0.99999034,0.9999988,3.1295828e-15,4.2840327e-08,0.44362912,0.9999943
2020-08-20,5.1119824e-09,4.3796745e-15,8.941441e-15,5.396837e-09,0.9999391,1.0
2024-03-13,0.0006809407,0.99999964,9.63265e-06,1.134026e-08,3.881334e-05,0.9999833
2023-06-28,9.495756e-11,2.0326797e-06,1.7725618e-15,8.475337e-09,0.99999964,1.0
2022-09-15,1.0335481e-14,2.7280739e-14,7.770529e-16,9.033577e-12,0.40537515,1.0
2020-12-24,1.0,0.9964057,0.99991,0.9999988,0.33447096,7.317193e-06
2024-10-01,5.0555514e-08,7.075336e-16,1.9173085e-12,4.834361e-14,3.1499424e-06,1.0
2024-08-20,1.2433329e-09,9.700416e-12,1.0791784e-12,1.8878757e-15,0.93948287,0.9999999
2024-06-24,5.07004e-14,0.0064079305,8.329677e-20,0.9989743,0.0007847228,1.0
2023-04-08,0.9999987,0.9999999,1.1897841e-13,1.4063614e-05,0.9976388,0.99999976
2020-04-03,0.99917775,1.0,4.996161e-10,0.026268324,0.9999473,0.00047446787
2020-03-27,1.0,1.0,2.1389738e-08,0.039421298,0.97980654,0.004257315
2022-02-03,1.0,0.99999785,0.9999999,0.9999981,0.99999845,1.0124361e-06
2023-04-21,0.99999905,1.0,5.806758e-10,1.0,0.99897516,0.0021430596
2019-09-12,5.971555e-13,1.1405856e-12,6.850535e-17,1.3517388e-07,0.000106288,1.0
2020-07-20,2.4840265e-09,1.3300764e-15,3.732907e-17,1.975109e-12,0.99999666,1.0
2024-07-10,3.5441133e-10,7.455665e-11,1.8477076e-21,2.8014895e-07,2.8515546e-05,1.0
2020-04-26,0.99816966,1.0,2.6636521e-06,1.0,1.0,1.0693444e-06
2019-11-13,0.99999964,2.9394456e-10,0.9977048,1.0,3.38712e-05,0.9999777
2021-06-28,7.228908e-08,0.00057246885,4.961818e-15,0.9999994,0.9999993,1.0
2022-11-20,2.186434e-06,2.1963338e-06,0.9931773,1.0,2.1824269e-07,0.9998362
2023-08-14,4.1463166e-11,5.8382916e-16,7.051267e-18,2.1948357e-13,0.8146039,1.0
2022-06-28,8.888271e-11,4.7243463e-14,3.30657e-15,8.040997e-06,0.999959,1.0
2023-05-13,0.9801098,1.0,3.7526064e-05,1.0,0.9999536,6.656299e-05
2022-03-29,0.99999833,0.99999976,7.4712625e-07,7.304416e-07,0.9911333,0.9999808
2022-01-14,0.9999981,0.9999924,1.0,1.0,0.9999987,1.4900486e-06
2020-11-06,0.99989974,2.7834755e-12,0.89133275,0.9994918,0.11905482,0.99999523
2023-04-09,0.99999857,1.0,1.5411911e-16,0.023226688,0.99864703,0.9999902
2022-05-25,5.1078664e-10,0.9999999,1.7737998e-15,0.9999893,0.9657458,0.52373624
2021-11-22,0.0008201485,0.3055491,1.0,1.0,1.5589829e-05,0.99117625
2020-07-08,6.878769e-08,1.3259206e-10,4.1746831e-16,5.5042137e-06,0.9974843,1.0
2023-07-06,9.039165e-11,2.6942691e-06,7.133219e-17,1.1936376e-08,0.9989429,1.0
2021-04-14,0.99999523,0.99999964,2.2430798e-15,0.0064579467,0.999969,0.9999994
2024-01-01,0.99999475,0.9989531,1.0,0.99999976,0.9999536,6.91315e-06
2020-07-26,9.2892276e-07,1.5445057e-11,2.811843e-15,3.3382216e-12,0.99999976,0.99999976
2022-02-09,1.0,0.99999964,1.0,0.9999751,0.9912264,4.563245e-06
2024-02-12,0.9999982,0.9999993,0.99999917,1.3089654e-05,0.042560242,0.0008423545
2024-11-19,0.16724776,5.22742e-10,0.99996173,0.93490094,0.019099293,0.9999589
2021-06-30,5.9792e-10,0.8311187,8.5182324e-21,1.0,0.9999968,0.9999999
2020-12-15,0.9999981,0.41791272,0.99999905,0.99999976,0.08673369,0.00029925295
2021-08-09,2.2747754e-13,7.885811e-08,7.759334e-23,3.311449e-11,5.023945e-08,1.0
2019-10-14,6.300291e-07,6.504243e-13,2.761356e-12,0.0008558599,3.488159e-08,1.0
2023-05-17,0.30939507,1.0,1.5260623e-05,1.0,0.99981934,0.00047453505
2024-11-16,0.9997501,1.2581603e-05,0.992409,0.0066384077,0.00025477918,0.9999988
2022-08-11,2.4922379e-08,2.5979803e-16,3.7535995e-16,4.559552e-13,0.99999523,1.0
2022-01-30,1.0,0.999998,1.0,0.9999987,0.99998915,1.359981e-06
2022-06-01,9.60991e-07,0.99998736,3.0800393e-08,1.0,0.99999976,0.55566716
2022-07-11,4.7847035e-11,5.8959226e-12,7.3548415e-20,6.5754396e-10,0.9700796,1.0
2023-03-15,0.00020556297,1.0,0.99537754,0.00040321724,0.3466618,4.261725e-06
2024-02-23,1.4926823e-07,0.8771502,2.8467715e-13,1.63949e-14,2.4787944e-06,1.0
2019-04-18,0.9999974,1.0,7.438365e-11,0.9999999,0.999741,0.0020615414
2021-01-21,0.99999964,0.9999044,0.9999753,0.9960115,0.0002428285,1.1137242e-05
2022-11-06,9.327376e-12,4.3684025e-08,6.811879e-09,0.9999999,9.43526e-05,0.9999999
2021-04-15,1.0,0.9999988,9.4053226e-15,5.6002293e-05,0.9989374,0.9999945
2021-05-31,6.7451276e-09,0.9999341,5.5319376e-09,0.9999994,2.1300837e-06,0.7917838
2020-10-23,3.3349548e-07,2.8991935e-14,2.1260317e-15,0.00015445436,5.856265e-10,1.0
2019-05-02,0.9999975,0.9999993,3.7030128e-07,1.0,0.99999464,2.3068595e-05
2022-09-11,1.7343645e-13,5.552101e-22,1.2362781e-14,3.2263637e-05,0.14043821,1.0
2022-06-12,4.901574e-10,0.02072788,6.186189e-22,0.9999938,0.95148945,1.0
2019-05-19,0.9999968,0.9999993,1.833296e-11,0.9881892,0.99478936,0.0052693733
2022-12-24,0.015865853,0.9758153,1.0,0.64534783,5.0582703e-06,6.695551e-06
2019-04-27,0.99999976,1.0,1.615228e-09,0.9999988,0.99974126,2.3515364e-05
2022-04-13,0.9999995,1.0,9.935244e-09,1.0,0.9999999,5.7060508e-05
2022-11-24,2.6457443e-05,6.469503e-05,1.0,1.0,9.2165055e-06,0.9780253
2023-07-12,9.055837e-07,6.5548725e-12,7.454768e-15,3.4965147e-14,1.0,0.99999976
2023-08-21,3.4355458e-09,1.2899997e-16,5.463917e-15,4.7641707e-14,0.999998,1.0
2024-03-03,1.0914108e-07,0.99490684,9.922313e-12,1.0126967e-12,1.9718552e-06,1.0
2022-12-07,0.0006399073,2.646939e-07,1.0,1.0,7.0056694e-07,0.7956341
2023-03-09,7.5142975e-06,1.0,0.9999994,8.041539e-05,0.40383175,3.8541866e-06
2020-11-21,0.99999475,6.474923e-12,0.52023035,0.99765056,1.898013e-05,0.9999877
2022-12-04,2.1430411e-05,0.00061772706,1.0,0.999992,9.807359e-05,0.97848856
2020-12-13,0.9999715,0.9960741,1.0,0.9999993,0.06547996,0.00017369066
2022-01-16,0.9999995,0.9996215,1.0,1.0,0.9999981,3.1601123e-06
2020-11-12,1.0,1.3416517e-11,0.0015995968,0.99999106,0.014346009,0.99999774
2020-09-04,2.916241e-11,9.068396e-12,3.9467776e-20,1.0813291e-13,3.2212045e-06,1.0
2020-02-03,0.9999852,1.0,0.99997866,0.99999356,0.9999925,2.479993e-06
2024-10-17,3.5477385e-10,1.2458591e-12,1.213463e-14,8.2495524e-11,6.095763e-07,1.0
2024-06-28,2.5638981e-14,7.895963e-10,4.0386578e-22,0.035229154,0.0068790233,1.0
2024-07-04,2.0585633e-14,1.9839035e-11,4.5726644e-22,3.6113368e-05,3.962355e-05,1.0
2023-12-03,0.006792209,0.0518326,1.0,0.99999964,0.9719221,0.0022790637
2021-08-26,7.6010906e-11,1.710672e-07,1.22009205e-20,3.5710826e-08,2.9434491e-07,1.0
2020-06-19,4.379097e-12,0.79099965,1.885728e-18,0.99999964,4.5658917e-06,0.9999999
2022-07-14,4.7686388e-08,1.428476e-10,5.6233117e-23,2.012001e-10,0.9977295,1.0
2022-07-16,1.1901946e-10,9.965413e-14,2.9429257e-20,1.5253323e-12,0.863884,1.0
2021-05-15,0.99999917,1.0,5.5913127e-08,0.9999999,0.99520135,2.1003464e-06
2023-11-21,2.171261e-06,3.459507e-13,0.9645547,0.9970355,0.051616233,0.9999291
2021-09-28,1.9635337e-11,7.1927836e-14,2.1522254e-15,2.2128274e-12,4.0523908e-08,1.0
2021-07-13,8.550889e-13,2.0783112e-08,5.7039364e-17,0.63280994,3.262247e-05,1.0
2022-06-11,4.269602e-12,1.441583e-07,5.6437636e-18,0.9999999,0.0015571809,1.0
2020-03-19,0.9999738,1.0,3.5651276e-12,0.9999999,0.99998295,0.7523818
2021-01-08,0.999564,0.9999802,0.9999988,0.9840985,0.0005556385,1.3611448e-06
2021-01-27,0.99991035,0.9999999,1.0,0.08810756,2.9744904e-05,1.9001898e-05
2019-04-16,1.0,0.9999994,4.905804e-09,0.99999774,0.9998759,0.00042959998
2021-01-24,0.9999832,0.99999905,0.9999999,0.9963864,6.544086e-05,7.69528e-06
2023-03-19,0.0023710728,1.0,0.00010022559,6.2421293e-07,0.79769844,0.022343839
2019-12-20,0.9999993,0.9999751,0.99871194,1.0,0.99999833,2.71057e-06
2021-02-20,0.99999976,0.99827933,0.9277646,0.84189856,4.6165663e-08,0.09460832
2020-08-22,3.3713736e-08,4.959503e-14,6.229099e-14,2.9194036e-10,0.9993284,1.0
2023-10-07,4.3121055e-14,6.4580767e-19,9.563645e-15,1.2048289e-13,8.330271e-06,1.0
2023-04-15,0.9965245,0.9999995,1.1661538e-12,0.99995446,0.9999994,0.0147924805
2023-02-12,5.232513e-08,0.99998,1.0,0.99999654,0.92795485,2.1853642e-05
2023-12-23,0.999634,0.5399415,1.0,1.0,0.9998192,0.00030296936
2019-12-12,0.99999857,0.99783903,1.0,1.0,0.9999902,0.00023037227
2020-03-28,0.9999999,1.0,6.857691e-12,0.99993753,0.9956268,0.06128349
2019-10-09,3.1852528e-06,5.9769244e-16,1.5102951e-06,0.031150103,3.8048402e-06,1.0
2019-10-24,5.1784946e-06,1.4336727e-14,1.5675152e-11,0.9993211,4.3155087e-08,1.0
2023-11-09,1.872189e-10,2.2104756e-14,2.8849813e-12,7.2880204e-09,2.9476968e-07,1.0
2021-06-10,8.841961e-06,0.99997365,1.3785855e-08,1.0,0.00033702253,0.24350765
2020-03-07,0.018366527,0.9990415,0.9837857,0.9999435,1.8263624e-06,0.13253506
2022-07-29,1.7089006e-08,1.4126368e-13,2.3948247e-15,4.9692037e-08,1.0,0.99999976
2020-09-25,1.9061828e-09,4.9073783e-12,1.4562837e-17,4.6524264e-13,0.015454126,1.0
2024-10-22,4.8117803e-09,2.6628842e-12,1.9780401e-14,1.3607563e-15,7.53542e-07,1.0
2019-06-13,1.19858605e-05,0.68486327,5.4588914e-24,0.9999347,0.00073957397,1.0
2019-06-29,4.9069596e-11,1.1301612e-11,1.4104591e-20,0.98218775,0.99983585,1.0
2024-09-25,4.686537e-13,4.115219e-11,3.520436e-19,1.2159652e-14,6.8439713e-06,1.0
2023-09-29,2.107802e-11,2.460051e-20,1.684761e-11,7.224445e-15,0.00094025384,1.0
2024-10-05,1.494428e-10,1.5897987e-12,3.9462665e-12,3.1364952e-12,4.1595034e-05,1.0
2019-04-13,1.0,1.0,1.1705997e-08,0.013719925,0.9935183,0.74650174
2024-07-24,1.2507419e-13,1.5624377e-11,5.6341824e-21,1.3032383e-12,0.0009809195,1.0
2020-12-18,1.0,0.9983157,0.9999814,0.99983513,0.3135581,1.50496435e-05
2023-09-15,1.387851e-12,2.3370118e-15,8.97411e-22,1.0229507e-12,0.99987316,1.0
2022-01-12,0.99999034,0.99999607,1.0,1.0,0.99912876,1.4053868e-05
2020-09-23,5.7824036e-12,1.2099546e-14,2.993652e-20,1.8272976e-12,0.37904525,1.0
2024-10-04,3.1707859e-09,3.9914622e-14,1.7581974e-15,1.824445e-16,3.833555e-06,1.0
2020-08-02,3.1848444e-11,1.7977973e-13,3.1714902e-15,2.0792406e-14,0.9993338,0.9999999
2024-07-30,4.727831e-08,2.0556745e-07,2.9269266e-20,1.9682457e-16,0.99999607,1.0
2024-10-28,2.0991358e-11,6.350811e-09,6.8751513e-15,5.3769296e-15,5.690314e-07,1.0
2021-07-17,1.0017616e-12,6.128274e-09,7.347066e-22,2.6604075e-06,2.8566458e-06,1.0
2020-06-17,5.6191246e-10,0.9997441,2.0116945e-17,0.99999976,1.3234606e-05,0.9999925
2019-08-16,1.6820823e-12,5.77514e-16,1.6118993e-15,3.3466188e-07,0.992512,0.9999999
2023-04-05,0.99927765,1.0,5.2468196e-10,1.659695e-07,0.99979025,0.99308723
2024-08-05,2.3026308e-09,3.4399011e-12,1.3693975e-19,9.093623e-14,0.9994642,1.0
2024-01-11,0.99999964,0.9999703,1.0,0.99999964,0.99999034,7.966819e-06
2021-04-23,1.0,0.99999917,5.731799e-14,0.9999912,0.9999113,0.9936925
2020-01-22,0.99999917,1.0,0.99995184,1.0,0.99999917,9.011752e-07
2020-09-02,2.7278144e-10,1.2811334e-12,1.0962266e-21,1.6241599e-12,0.0031268932,1.0
2021-09-30,3.7796123e-13,1.2360645e-16,4.7691584e-19,2.1657058e-09,7.846995e-08,1.0
2024-10-06,1.6046403e-09,1.1213239e-14,1.5587056e-14,4.4014505e-14,3.0820668e-06,1.0
2023-01-22,9.581859e-09,1.0,0.99999833,0.9989868,0.008681737,0.0008737022
2021-03-23,0.9992362,1.0,1.2789533e-08,5.3366918e-08,0.056165628,0.99994373
2019-07-16,4.4297597e-09,3.681351e-15,1.2048895e-19,0.009232301,0.9999448,1.0
2020-10-09,5.2129536e-07,6.599387e-14,3.5824833e-19,1.4769892e-10,4.056709e-06,1.0
2023-10-31,7.6596884e-10,8.654901e-17,2.0338306e-11,1.4745179e-10,6.6100783e-06,1.0
2022-12-15,0.0012093524,0.98991185,1.0,1.0,0.0001608032,0.00015698849
2019-07-01,0.00015395547,4.9883825e-10,1.9545522e-17,0.9181066,1.0,1.0
2021-06-05,1.9465476e-08,0.9999722,3.0367397e-07,1.0,4.6634023e-06,0.020924445
2019-04-05,0.99999535,0.9999999,2.5562698e-15,5.3718026e-07,0.52884233,0.9999659
2021-02-25,0.99999976,1.0,0.99989426,0.98533404,1.1074478e-06,2.8153094e-05
2021-12-03,0.0013801844,0.9999765,1.0,1.0,0.6278207,1.7602222e-05
2023-05-22,0.14607689,0.99999917,0.9612636,1.0,0.99999833,3.642007e-05
2021-08-20,2.1196975e-09,2.054867e-11,8.051257e-07,0.9974675,0.0137001695,0.9705156
2023-07-09,7.760033e-11,1.9716757e-09,1.0441516e-16,1.7483236e-10,0.9999825,1.0
2022-11-09,5.540311e-09,0.00034236177,3.985073e-06,1.0,2.6400105e-05,0.99999654
2020-02-26,0.99924785,0.9999994,0.99999976,0.9531519,0.03437059,3.1529237e-06
2023-08-05,6.5801006e-12,1.6943132e-14,1.09892996e-16,1.2578087e-13,0.9997392,1.0
2023-06-25,1.0093764e-11,1.666079e-08,2.9989842e-16,1.2560654e-10,0.9999927,1.0
2019-07-05,1.8508664e-06,3.8592285e-12,1.1446274e-21,0.008166254,0.9999865,1.0
2019-07-07,2.9574358e-06,1.7321415e-11,1.8580521e-17,0.13814288,0.99999964,1.0
2021-08-12,4.47982e-10,6.672855e-05,9.214467e-24,5.6546763e-15,0.00060986157,1.0
2020-03-01,0.9936386,1.0,0.90488094,0.92223185,0.00017745268,0.0047464385
2022-04-19,0.99998677,1.0,5.888062e-10,0.9999999,0.99999845,6.731154e-05
2021-04-13,0.99999654,0.9999999,1.1398031e-15,0.0009899663,0.9997392,0.9999963
2024-01-18,0.9999764,0.9993986,1.0,0.99999976,0.99984956,1.7656677e-05
2024-08-23,4.5223945e-07,1.3654882e-15,7.005576e-12,2.4992169e-15,0.97054344,0.99999964
2023-10-22,1.4067794e-11,2.0390053e-14,8.893482e-10,4.888675e-08,6.2151175e-06,1.0
2023-01-21,4.4466248e-08,1.0,0.99999475,0.9999994,0.21531755,0.00010616846
2023-08-23,5.0211457e-09,6.40487e-13,1.5236618e-10,5.706053e-15,1.0,0.999987
2023-06-17,4.1444875e-16,1.5789041e-06,2.6563956e-16,0.0019031704,0.99998987,1.0
2022-03-28,0.99999774,0.9999536,2.2963796e-10,1.6390916e-12,0.81792074,1.0
2020-06-18,6.0170623e-12,0.6840353,6.250145e-20,0.99999166,4.6412042e-05,0.9999999
2019-04-21,0.9999999,1.0,4.21517e-08,0.99999917,0.9993611,7.5157736e-06
2023-06-22,3.06228e-15,8.701883e-06,9.526635e-18,2.6539652e-08,0.9999752,1.0
2021-05-09,0.9999844,1.0,1.9966329e-10,1.0,0.9998616,9.535552e-07
2022-04-04,1.0,1.0,4.0254185e-05,2.1243515e-05,0.45749882,0.9888719
2022-12-14,8.913353e-05,0.9970759,1.0,1.0,0.0016704695,0.00028425033
2023-06-11,1.2506012e-05,0.5560113,2.350537e-17,0.23055515,1.0,1.0
2020-03-31,0.99999964,1.0,4.764603e-07,0.015745554,0.99696916,0.0018836863
2022-06-23,7.808502e-09,2.5030217e-13,1.6315055e-20,6.8283896e-08,0.98936135,1.0
2021-04-02,0.9999584,0.999977,1.4809989e-20,1.789028e-08,0.99966776,1.0
2023-06-30,1.5814462e-15,2.619701e-05,1.5965916e-18,9.11007e-07,0.99845934,1.0
2023-07-31,9.430747e-10,2.3522166e-15,6.890425e-17,2.4074685e-12,0.9999751,1.0
2020-01-06,0.99999976,0.9999919,0.99999535,1.0,0.9999862,4.736212e-06
2021-04-28,1.0,1.0,1.9812008e-10,0.99999905,0.9997547,5.7553214e-05
2023-05-25,0.01029274,1.0,2.5050256e-06,0.9999975,0.9994282,0.0011448605
2024-11-12,0.019521909,3.9963047e-07,8.923863e-10,1.4996478e-10,0.032103434,1.0
2023-03-27,0.04900081,1.0,0.0033564554,7.240887e-08,0.19801086,0.001526207
2019-07-18,8.997681e-10,1.1791153e-15,6.816602e-15,0.0021686256,0.9999931,0.9999995
2019-10-20,5.3985823e-06,4.3514952e-16,1.7986985e-14,0.45538357,1.3712248e-07,1.0
2020-11-07,0.99742043,2.9238019e-09,0.002779361,0.99999833,0.017601734,0.9999988
2020-02-25,0.993736,0.9999833,1.0,0.98462373,0.0022425244,7.470689e-05
2022-08-21,6.587585e-12,3.3267593e-17,2.0770031e-16,6.91752e-11,0.99761707,1.0
2021-06-20,4.6900834e-11,0.036899745,3.469056e-20,0.99963,0.9890498,1.0
2024-02-11,0.99995685,0.9999999,0.8976509,4.8661988e-08,0.008039372,0.7106248
2020-05-02,0.99700767,1.0,1.3619587e-07,1.0,0.9999994,1.8768283e-06
2019-12-13,0.9999999,0.9999945,0.99999404,0.99999976,0.99991226,0.00023364965
2020-09-05,3.3596823e-13,1.3441941e-09,8.3734427e-22,4.878452e-14,4.3906788e-05,1.0
2024-10-08,1.3099564e-07,8.518746e-15,4.0942073e-14,2.4599832e-14,3.6295241e-06,1.0
2024-03-17,0.10855619,1.0,1.5306314e-11,0.16629507,3.9380797e-05,0.99303293
2020-10-28,0.16449144,6.1784756e-15,5.4254334e-14,0.6915242,0.037568066,1.0
2020-12-14,0.9999796,0.103215344,0.9999999,0.9999969,0.90451765,1.39306385e-05
2024-04-11,0.999828,1.0,1.3737575e-05,1.0,0.99954057,1.0197919e-05
2020-02-10,0.99999976,1.0,0.99988806,0.9997776,0.9999069,2.9709454e-06
2021-09-26,1.8394517e-13,1.9606675e-14,2.6557924e-20,1.2005483e-13,2.1507065e-08,1.0
2020-03-26,0.99999726,1.0,2.1620106e-06,0.74455476,0.95963776,0.00033970832
2024-02-26,3.786765e-08,0.8741546,6.461648e-12,1.4015553e-13,9.7100195e-09,1.0
2019-11-18,0.99340844,1.2749394e-08,0.99999845,0.9999999,0.38659248,0.9092613
2022-11-11,2.3020248e-09,2.0352276e-07,0.0022327355,1.0,2.8150248e-06,0.9999987
2022-09-23,1.2542073e-18,1.2838717e-14,6.6691284e-12,1.4133754e-09,2.4639453e-07,1.0
2020-11-05,0.11056368,1.5756692e-14,7.785114e-05,0.9991411,0.9923379,0.99999046
2019-08-22,9.393509e-11,9.150258e-10,3.9139683e-22,6.3277645e-09,4.212448e-06,1.0
2022-08-16,4.9446152e-11,1.3595621e-16,9.139581e-18,2.5690026e-11,0.9999285,1.0
2024-01-02,0.99999964,0.9969081,1.0,0.9999863,0.9999602,1.3620953e-06
2020-11-24,1.0,7.6044664e-08,0.9999685,0.9973847,9.797824e-06,0.99590564
2021-05-26,0.10551122,0.9999999,0.045505453,0.9999999,0.040811427,1.0638766e-05
2023-11-12,4.255357e-06,2.0363883e-15,2.4470537e-10,1.8294222e-07,8.446064e-09,1.0
2020-06-22,1.7783806e-14,2.8335984e-08,1.9238204e-21,0.9624768,3.4408058e-05,1.0
2021-09-09,2.4305276e-13,3.3494978e-12,7.41529e-22,1.1803592e-12,0.1489197,1.0
2022-08-06,6.557026e-11,9.730518e-14,1.9676826e-16,1.5186505e-11,0.99999833,0.99999726
2024-06-25,1.6572183e-11,3.5623554e-05,8.394299e-21,0.99278706,2.7259835e-05,1.0
2022-01-20,0.9999982,0.99995184,1.0,1.0,0.9999968,3.7860252e-06
2020-02-23,0.9999989,1.0,0.9809085,0.9997347,0.14756382,0.020968273
2020-07-25,5.7615202e-06,3.7847574e-08,1.3062142e-20,3.2785788e-12,0.99999976,0.9999969
2022-11-29,0.00016374972,0.02183758,0.9973133,1.0,3.0828473e-05,0.9994129
2024-12-31,0.9999988,0.0060529993,1.0,0.9999964,0.99485576,1.9768524e-06
2023-01-10,1.447035e-06,0.99999976,1.0,0.9989334,9.3494236e-05,4.5706638e-05
2021-09-13,7.3651476e-12,8.784132e-15,7.7011904e-21,4.3053094e-10,0.00028117333,1.0
2023-04-11,0.9998062,1.0,2.1611705e-13,6.244628e-09,0.6514094,0.999998
2023-01-06,0.0007687056,0.99995315,1.0,0.9999993,0.6029505,1.3448778e-06
2022-07-12,4.0399388e-07,2.2149864e-11,7.678562e-24,2.2491973e-08,0.9957735,1.0
2022-06-25,1.5767688e-11,2.3550067e-13,2.136938e-20,3.1153604e-07,0.99777955,1.0
2022-02-24,0.99871695,1.0,0.9999999,0.111988254,0.97337127,6.2444175e-05
2020-08-21,1.032057e-10,8.1494115e-16,4.166085e-12,3.000713e-08,0.99969196,0.9999995
2023-10-05,5.670294e-15,1.5806882e-20,8.503847e-14,2.2732497e-12,0.0011818019,1.0
2023-01-27,4.945014e-10,1.0,1.0,0.99961936,0.0014794243,0.0018871408
2020-06-29,1.2199912e-10,8.6946336e-12,4.5941315e-16,0.9996245,0.99178,1.0
2020-10-05,4.27837e-07,6.7373366e-16,2.0344006e-15,2.2754408e-08,0.00011170569,1.0
2020-10-12,4.82141e-08,5.3312357e-13,1.6650627e-19,0.00043494217,5.323414e-05,1.0
2023-12-17,0.999395,0.5779808,1.0,0.99999964,0.9980665,5.96519e-05
2022-08-07,1.4574984e-07,3.177542e-13,2.5615785e-16,5.258163e-09,0.9999999,1.0
2023-03-13,0.000170584,1.0,0.9860589,0.001074962,0.7504321,1.914696e-06
2021-01-11,0.9999919,1.0,0.9999981,0.46935642,0.0001320644,1.7171773e-06
2020-03-23,0.9999993,1.0,1.13850965e-05,0.9101955,0.7861817,7.718496e-05
2021-02-03,0.9999429,0.9999956,0.99998,0.45627725,3.415816e-07,0.035378758
2023-03-10,9.694193e-05,1.0,0.999493,0.00092968874,0.2917823,3.7706359e-06
2024-11-14,0.6960467,6.5718854e-12,0.06256557,0.0026423892,0.013380002,1.0
2021-09-14,1.7029565e-11,2.4702584e-13,9.146079e-23,1.1009066e-08,0.00010160416,1.0
2019-04-07,0.99999917,1.0,1.4693521e-10,1.2274085e-05,0.99798834,0.99162513
2024-11-28,0.9996824,6.3956685e-07,1.0,0.9999999,0.9843168,0.0067079314
2023-11-15,5.1474814e-08,1.2230764e-13,9.707576e-07,2.6169346e-05,7.6351307e-07,1.0
2023-10-23,6.758182e-10,2.3716603e-15,7.471238e-11,1.5518387e-10,8.976841e-07,1.0
2020-12-21,1.0,0.99404895,0.99999976,0.9999999,0.009691328,3.4871446e-05
2021-03-20,0.4597481,1.0,0.95429957,4.975331e-07,0.0004032126,0.0015514165
2020-03-02,0.99829227,1.0,0.03827724,0.076589055,0.0009357798,0.7814846
2023-03-18,0.962454,1.0,1.5665496e-07,6.048903e-08,0.99806374,0.88791436
2022-03-19,0.9999975,0.99696404,0.0001449302,1.09803814e-07,0.00015327685,0.99999964
2024-12-13,0.99999976,0.009006927,1.0,0.9999999,0.9998252,1.0263914e-05
2023-10-16,2.967724e-15,2.6544e-16,6.5366057e-16,1.0675354e-09,0.00020247878,1.0
2019-12-17,0.99999976,0.9999995,0.9999889,0.99999917,0.99999034,1.4471617e-05
2021-05-05,1.0,1.0,1.3402287e-09,1.0,0.999931,9.391653e-05
2023-02-07,1.44526e-05,1.0,1.0,0.9999988,0.10532353,2.6117188e-05
2022-03-02,0.999995,0.99983704,0.99997246,7.0317874e-05,0.00027571066,0.021786861
2023-09-16,1.08182e-13,4.4885798e-17,2.8844067e-21,1.7233336e-10,0.9653377,1.0
2023-07-20,5.575109e-14,1.5952099e-14,1.3967945e-13,6.393214e-13,1.0,0.9999608
2022-09-26,3.2681578e-16,7.19125e-17,3.9592448e-14,2.4041887e-07,5.4500792e-06,1.0
2022-08-01,1.5764562e-06,1.2237535e-16,3.780135e-11,0.00027041187,1.0,1.0
2024-12-11,0.9999988,0.5291226,1.0,1.0,0.99997735,4.0823898e-06
2022-03-30,0.99999666,0.9999919,4.644292e-11,1.0602784e-10,0.9724816,0.99999976
2021-02-01,0.9999734,0.9999995,0.9998784,0.10846642,4.4870278e-05,3.611523e-05
2022-06-08,2.440798e-10,0.75316536,6.2428186e-16,1.0,0.9962082,0.999997
2019-06-21,9.658764e-12,0.00049483153,9.916728e-24,0.97226113,0.3042746,1.0
2020-12-30,0.9999994,0.99998677,1.0,0.99877363,0.00029563223,2.6401565e-05
2024-12-25,0.9999994,0.00064020534,1.0,0.999984,0.997273,2.9046105e-06
2021-07-26,1.3276604e-12,3.647393e-10,5.432118e-23,1.1703218e-10,3.7109177e-07,1.0
2024-11-08,0.016280165,9.585095e-07,1.7369486e-11,2.6132901e-14,6.445512e-05,1.0
2021-10-12,1.6139655e-09,1.1749222e-14,6.402234e-16,0.00036468252,3.1867682e-09,1.0
2019-09-08,4.8050435e-11,8.274171e-14,1.6192245e-18,5.0199696e-06,0.000102020065,1.0
2023-02-21,1.7421175e-06,1.0,0.8002224,0.10634298,0.9312101,1.110767e-05
2021-08-04,2.028471e-09,2.7915663e-09,6.5773852e-21,4.670297e-13,3.0233884e-06,1.0
2022-07-03,1.4779015e-11,5.503277e-14,1.715141e-19,1.5873027e-07,0.99877125,1.0
2023-12-16,0.9975069,0.008272059,1.0,0.99999094,0.9964761,0.00036017603
2021-01-28,0.9996828,0.9999999,0.9999999,0.5167522,7.37936e-06,3.2873754e-06
2024-01-20,0.99996746,0.9994191,1.0,0.99999976,0.99998856,1.2918097e-05
2021-03-14,0.9997017,1.0,0.98830545,3.063008e-05,0.015699597,0.0008319617
2021-08-14,5.538081e-13,2.6288804e-12,6.697966e-19,5.8588896e-14,0.018476147,1.0
2023-07-26,1.4294484e-06,3.6029936e-11,6.6139666e-14,6.2598983e-06,1.0,0.99999964
2023-01-24,5.1768225e-08,1.0,0.9991855,1.0,0.0060088793,0.0004667277
2024-12-01,0.9999999,0.0004788082,1.0,1.0,0.9842861,0.0006064366
2024-12-22,0.99999547,0.01872873,1.0,0.99984944,0.9966356,3.2361288e-06
2022-05-23,4.48384e-09,0.9999999,9.129201e-17,0.99999964,0.9450859,0.5833357
2024-06-26,7.738175e-14,1.1655329e-09,2.266383e-20,0.0057429965,0.00050736737,1.0
2021-09-18,1.2383649e-13,4.595144e-14,1.0972773e-20,1.5883173e-11,4.5246853e-07,1.0
2021-10-30,5.641161e-10,1.7461749e-09,2.7352997e-11,0.5159233,4.4933945e-09,1.0
2023-11-23,3.125442e-08,2.0639753e-08,0.004959206,0.9716967,0.008626576,0.99981815
2024-03-06,2.4226918e-09,0.99300486,1.08336036e-13,3.5191902e-10,4.7546163e-08,1.0
2024-11-05,9.1237154e-05,4.5742295e-13,2.7867488e-15,5.513881e-13,3.1691661e-06,1.0
2024-11-26,0.99999297,3.177454e-07,0.9999802,1.0,0.9753405,0.04797635
2024-03-29,0.9999956,1.0,4.4996854e-05,0.9997745,0.99974054,3.6708403e-05
2020-02-09,1.0,1.0,0.9381301,0.99993014,0.95930773,1.3248928e-05
2020-03-03,0.99265397,1.0,0.99813986,0.2332428,0.00050587615,0.00039149838
2021-03-27,0.9913492,1.0,2.3333367e-08,1.7149937e-08,0.3457992,0.9996898
2024-09-08,1.1673661e-09,2.657157e-15,2.9447456e-12,3.148085e-13,0.99985516,0.99999964
2020-10-16,2.8140023e-06,1.2932417e-16,6.9372654e-17,2.626701e-05,3.7033556e-06,1.0
2020-09-27,9.6356725e-06,1.0550291e-18,1.3248895e-17,7.986705e-06,0.64593345,1.0
2020-04-17,0.99997544,0.9999999,9.253321e-09,1.0,0.99999976,8.8432935e-06
2020-09-06,4.315718e-10,9.827027e-09,2.1852359e-21,1.2498123e-12,1.2830161e-06,1.0
2024-10-19,9.409868e-10,4.434614e-08,4.6459054e-18,2.4519652e-13,3.2434684e-07,1.0
2020-03-20,0.99998105,1.0,3.6975987e-12,0.99999976,0.99998045,0.0006304597
2020-09-08,3.382213e-12,3.010913e-07,3.2516304e-24,7.994448e-14,9.0324886e-07,1.0
2024-07-11,6.989217e-11,3.287192e-10,2.0489118e-21,6.46129e-07,0.00018768375,1.0
2020-09-10,4.605155e-14,2.694817e-09,2.983945e-23,9.438434e-13,6.807816e-06,1.0
2020-04-24,0.9998592,1.0,8.9881996e-07,1.0,1.0,6.264391e-07
2020-08-01,6.62777e-10,3.438066e-11,1.1932686e-16,3.0310186e-14,0.9999912,0.9999999
2023-03-30,0.99992037,1.0,1.8700351e-08,0.0036059031,0.38642514,0.9979377
2021-01-16,0.9999988,0.9999999,0.9999994,0.9750327,0.0013800937,9.591418e-06
2024-03-19,0.15035833,1.0,1.2320306e-08,0.9998098,0.9712496,0.80163467
2020-03-13,0.9990126,1.0,0.018867286,0.98621297,6.212462e-05,0.0012482641
2020-02-28,0.99979395,1.0,0.99946433,0.93624413,0.048410434,4.4772907e-05
2021-04-17,0.9994981,0.99998415,2.3617977e-18,0.043027297,0.9999974,0.9999937
2024-04-28,0.9999738,1.0,2.0609345e-05,1.0,0.99447376,3.4835332e-06
2021-07-10,9.433975e-12,4.276274e-13,2.630909e-18,0.0012578466,0.017806726,1.0
2021-01-05,0.9999838,0.99996364,0.9999999,0.9836901,1.4497836e-05,4.260843e-06
2019-07-14,5.2296945e-10,2.2020322e-12,3.585405e-21,0.13347234,0.99999046,1.0
2024-09-13,0.0010907395,2.4767968e-17,7.423715e-17,5.330458e-11,0.99970055,1.0
2023-02-24,0.0004087176,1.0,0.84755194,0.99996877,0.9983052,7.560694e-07
2020-01-26,0.9999999,1.0,0.9977149,0.9994623,0.9999571,9.342123e-07
2022-02-08,1.0,0.99999976,0.99999774,0.99978024,0.9999831,1.1035996e-05
2022-12-16,9.343016e-05,0.9006268,1.0,0.99999917,0.00871491,0.00031564897
2023-12-02,0.49773625,3.727101e-06,1.0,0.999964,0.9948048,0.0011701154
2023-06-09,4.3821214e-12,0.856227,6.6202414e-17,0.00071875134,0.9999999,0.9999999
2021-08-22,5.9471456e-11,4.367323e-14,3.2731068e-11,0.6250337,1.2246784e-06,1.0
2020-08-29,3.6088757e-10,4.414288e-14,7.341835e-20,1.9768643e-13,0.036817055,1.0
2024-01-10,0.9999999,0.9999453,1.0,1.0,0.9683903,7.673231e-05
2022-12-08,0.004687839,0.117779374,1.0,0.9999999,0.001152117,0.0016057915
2019-10-02,5.3983428e-08,1.6684541e-16,4.6727875e-11,0.002517314,0.0008581365,1.0
2019-12-21,0.9999988,1.0,0.9999553,1.0,0.99998415,1.557363e-05
2021-11-20,0.00071658124,0.019171832,1.0,1.0,1.1244242e-06,0.9864119
2022-03-03,0.99999,0.99999166,0.9993352,8.527865e-05,0.0070695737,0.2121968
2022-08-26,6.9325405e-14,5.6102407e-16,9.811415e-15,6.0199784e-12,0.999944,1.0
2023-02-11,2.0921468e-07,1.0,1.0,0.99999917,0.1321486,4.6168538e-05
2024-03-14,0.000689582,1.0,8.82857e-09,0.001109512,0.00067483884,0.9895251
2021-12-25,0.99999607,0.99999917,1.0,1.0,0.9999993,4.5990523e-06
2021-06-03,6.370449e-07,0.99898154,1.3711395e-10,1.0,0.00078783225,0.25887215
2023-11-03,2.0876426e-07,4.672874e-16,7.3446554e-11,2.334941e-06,1.0260246e-08,1.0
2024-12-08,0.9999999,4.709867e-05,1.0,0.9999988,0.9963403,5.0018072e-05
2021-02-22,0.99999917,0.9999999,0.99999154,0.9185218,9.757213e-07,5.8565347e-05
2023-04-04,0.99914455,1.0,5.246895e-08,6.055853e-08,0.98282766,0.66092956
2022-06-21,9.819185e-11,8.514548e-09,1.9534331e-18,3.2024232e-05,0.9809775,1.0
2019-12-11,1.0,0.9999964,0.9998692,0.99999774,0.999877,7.830818e-06
2022-08-04,4.8539374e-11,1.0558484e-14,1.107416e-12,4.098296e-09,0.9999999,0.9999999
2021-10-03,1.5859796e-12,1.2781513e-15,6.2558825e-16,8.691596e-09,8.4905427e-10,1.0
2019-12-14,0.9999962,0.99998283,0.9999926,1.0,0.999992,0.00022548836
2019-12-06,0.992675,0.8447147,0.99998975,1.0,0.99975115,0.00046465133
2024-08-13,2.267174e-09,1.1504168e-13,4.37132e-19,8.679216e-14,0.9999993,0.9999993
2022-01-01,0.99935967,0.9999893,0.99998295,1.0,0.99999833,1.0734595e-05
2020-07-19,2.9237628e-09,7.052004e-15,2.2142078e-16,5.596962e-10,0.9999703,1.0
2024-04-10,0.99999654,1.0,9.287516e-06,1.0,0.9999958,5.5664514e-06
2020-06-20,1.9071828e-13,0.018754018,1.8874634e-17,1.0,1.5155008e-06,1.0
2022-01-18,0.9999999,0.9999578,1.0,0.99999976,0.99999046,3.9805082e-07
2019-04-10,0.99999964,0.9999994,5.2353524e-14,2.3343479e-07,0.9984749,0.9925166
2024-08-01,5.836505e-07,5.9157013e-09,9.4726825e-17,6.670954e-14,0.9900032,1.0
2023-06-20,9.56023e-12,0.00087347213,5.4109333e-18,8.687083e-10,0.9999982,1.0
2023-01-17,4.6916647e-08,1.0,1.0,0.9994054,0.001210506,0.0007269983
2019-12-30,0.9999999,0.9999989,0.99998045,1.0,0.99999547,3.1377487e-05
2021-05-30,4.8960146e-06,0.9999999,0.00018154232,1.0,5.5982764e-06,0.003988878
2023-09-11,5.7269204e-08,1.3689813e-17,1.0205682e-14,9.730611e-14,0.99992776,1.0
2022-07-23,4.5410728e-10,7.832969e-12,3.3581568e-21,4.825593e-13,0.999998,0.99999964
2024-09-01,5.2373053e-08,1.0984988e-15,1.4072152e-17,2.802948e-12,0.99999976,1.0
2024-03-25,0.991886,1.0,7.5357076e-07,0.41787732,0.00394474,0.1906026
2024-05-27,7.099965e-09,0.7568871,1.3011619e-12,0.99999857,0.00012271776,0.99995565
2023-05-04,0.99999833,1.0,2.2971957e-05,0.9995584,0.9997044,3.8511703e-06
2019-06-04,5.636173e-09,0.99985886,4.0431827e-18,0.34073368,0.03887952,0.9999993
2021-07-12,1.4334973e-11,1.1309867e-08,1.5278324e-17,0.04522541,1.0093924e-05,1.0
2022-05-15,2.6614644e-05,1.0,1.4915888e-14,1.0,0.9649845,0.003013764
2022-02-28,0.9999957,0.99999976,0.99997675,0.52231354,0.18375205,0.0007950065
2021-02-28,0.99981934,0.9999368,0.9999995,0.8941241,8.000116e-08,1.2663593e-05
2019-04-11,0.99999416,1.0,3.8701857e-14,6.173006e-09,0.9982571,0.9993106
2021-10-25,3.5818774e-14,1.1050592e-12,3.510938e-13,0.06789676,1.4059441e-06,1.0
2020-09-07,2.9519774e-12,3.6964265e-09,8.2520116e-25,1.8026637e-12,3.3247196e-07,1.0
2019-04-15,1.0,1.0,5.535885e-09,0.00028185826,0.99996114,0.26286605
2021-08-11,9.765794e-13,1.9017503e-07,6.181377e-22,8.196595e-13,5.8627313e-05,1.0
2023-11-19,1.7812617e-06,5.599092e-12,0.5459126,0.02414075,2.5017423e-05,0.99999917
2020-05-26,1.4894682e-05,1.0,4.1437095e-10,1.0,0.9991972,7.9080026e-05
2019-11-29,0.999171,0.09065735,0.9999999,1.0,0.99995506,0.03552498
2022-08-22,4.44214e-12,5.780492e-17,1.142672e-15,2.1434403e-09,0.9992329,1.0
2023-05-14,0.52475667,1.0,4.4462857e-07,0.9999999,0.9999676,0.0006227212
2020-05-17,0.7319242,1.0,1.05741256e-10,0.9999995,0.9952395,1.721349e-05
2023-08-01,4.0663238e-07,1.9315519e-14,1.659725e-17,3.9471375e-13,0.99999845,0.99999976
2020-05-21,0.00032514773,0.9999498,1.3785991e-15,0.9999989,0.9999093,0.022355175
2023-11-01,2.7943154e-09,8.720884e-14,8.756076e-12,1.0130874e-11,1.2512895e-07,1.0
2024-06-14,1.376362e-13,0.3830598,8.8439564e-13,0.9999949,0.00023722871,0.9999999
2024-07-23,8.304172e-12,5.0809223e-10,5.3851596e-23,4.4754216e-14,0.0022790853,1.0
2021-01-03,0.99993455,0.9999958,1.0,0.93820834,5.993941e-06,1.8296143e-05
2021-02-19,0.9999012,0.99999666,0.99996173,0.011721279,4.458254e-10,0.00081848446
2019-04-30,1.0,1.0,1.05468425e-08,0.9999999,0.9998325,3.4576962e-05
2020-06-25,4.7572063e-10,8.056247e-09,1.5045694e-18,0.005905748,0.9818205,1.0
2021-04-19,0.9999999,0.99917907,1.08824794e-13,0.0022639388,0.9998492,0.99999356
2024-06-01,2.4044257e-06,0.9954715,6.203716e-17,1.0,0.9208201,0.9990363
2019-10-25,1.1721681e-08,3.823067e-15,9.7950875e-12,0.99108934,9.773156e-09,1.0
2022-07-25,3.724828e-09,1.1794523e-12,2.5713493e-16,3.015398e-10,1.0,0.99999976
2024-08-04,2.2965441e-08,2.0023839e-14,8.318314e-19,1.02336386e-13,0.9834637,1.0
2020-08-08,1.6967048e-12,4.508538e-13,1.6162147e-16,8.380452e-12,0.99944156,1.0
2022-06-13,1.737096e-09,8.1122374e-07,3.785816e-21,0.9999672,0.106969774,1.0
2024-09-28,8.089278e-12,4.2931406e-10,1.0863119e-19,1.7512293e-15,0.00030360374,1.0
2019-11-22,0.9999703,7.63379e-05,0.9999995,0.9992937,0.0030028068,0.8945899
2023-04-29,0.9997912,1.0,1.0595349e-09,1.0,0.9999577,2.1766495e-05
2021-11-15,7.716033e-06,0.00031855787,0.9999863,0.99999917,3.9556453e-06,0.9999931
2024-02-29,1.0810467e-09,0.76268756,1.110437e-07,4.4232035e-11,4.0781956e-08,1.0
2024-08-22,4.9347626e-10,3.637239e-16,5.053413e-15,6.0021093e-14,0.9985409,0.9999994
2023-12-10,0.999298,0.122154735,1.0,0.9999882,0.9955237,0.0072245854
2022-11-12,8.626964e-06,0.0037089912,0.14822488,1.0,6.0390573e-07,0.99997187
2024-07-26,7.093778e-13,1.3482155e-12,1.1215701e-25,8.328753e-13,0.045808777,1.0
2024-10-25,8.16779e-12,6.2373715e-15,2.571212e-16,5.065017e-13,1.5103557e-06,1.0
2023-06-14,3.4501886e-07,0.0041427976,1.2589872e-17,9.852552e-07,1.0,1.0
2024-11-23,0.99996376,5.984329e-12,0.99999607,0.9999974,0.9968086,0.9115675
2020-10-31,0.9465962,4.1990226e-13,1.5502993e-11,0.9881181,0.4525397,1.0
2024-09-03,5.8513356e-06,8.760239e-15,1.1003352e-16,3.929948e-14,0.99998176,1.0
2019-12-05,0.999979,0.99939454,0.99999976,0.9999999,0.9940667,0.00018918181
2019-09-16,1.5585825e-12,7.238093e-13,2.7945216e-14,3.4381684e-09,1.5510965e-05,1.0
2019-06-01,1.6082383e-08,0.022129495,1.8403922e-28,0.81819975,0.3355579,1.0
2021-05-25,0.027745696,1.0,3.8562015e-05,0.9999845,0.004336918,6.8196045e-05
2019-04-24,0.99999917,1.0,0.00022213512,0.9999999,0.99999905,3.9487134e-08
2019-07-28,9.632875e-09,6.729577e-13,5.2490306e-14,0.011866861,0.9999995,1.0
2023-12-31,0.9994178,0.66184765,1.0,0.9999999,0.99985707,2.0316631e-05
2024-03-05,7.7898143e-10,0.9886376,4.9784054e-16,9.142851e-12,6.2308527e-07,1.0
2022-03-10,0.99973756,0.9986442,0.9902546,1.22179335e-05,0.0009627023,0.8644649
2024-12-30,0.9999999,0.7404525,1.0,0.99999714,0.9999833,8.344468e-08
2021-08-23,1.0240562e-11,1.6647258e-08,3.9985355e-17,0.38054577,1.2843391e-07,1.0
2021-09-04,3.6412967e-14,1.125153e-13,4.5368147e-17,7.778704e-11,9.116084e-07,1.0
2020-12-01,0.99999726,2.3166436e-05,0.9999989,0.99999845,0.0033218216,0.15534158
2020-06-15,2.222531e-12,0.9998154,1.8346678e-18,0.9999999,0.011903037,0.9999027
2020-03-30,0.9999999,1.0,0.9981342,0.9233887,0.9988181,7.921069e-06
2021-09-11,1.9711875e-12,3.7410205e-12,1.29494515e-23,1.0209591e-11,6.745934e-05,1.0
2021-10-14,1.2900135e-10,7.5554875e-11,1.8924741e-17,0.012435913,1.2549891e-08,1.0
2024-03-21,0.96533513,1.0,5.362888e-11,0.9846972,0.9424823,0.689606
2023-03-17,0.025597425,1.0,0.00030805246,4.2112482e-08,0.9026198,0.3393327
2020-12-27,1.0,0.58581555,0.99999917,0.9996959,0.078451045,1.6741467e-07
2022-02-02,1.0,0.9999838,1.0,0.99998295,0.9999665,1.0810433e-05
2023-11-11,4.79664e-10,9.071268e-16,3.6159225e-11,0.0005366054,2.3962048e-07,1.0
2020-09-13,1.0643544e-11,1.0581359e-08,2.2938924e-22,9.072532e-12,5.207721e-07,1.0
2021-04-09,0.9999757,0.99950457,2.2112134e-14,0.06687669,0.9999938,0.9999994
2022-04-11,0.9999999,1.0,1.2747841e-05,0.99999964,0.9999995,3.079252e-06
2020-10-18,2.0479585e-05,1.1643517e-15,4.2922434e-16,1.3650299e-07,8.2069365e-09,1.0
2022-06-09,2.4836935e-10,0.012517501,2.6585825e-18,1.0,0.94618475,0.9999939
2019-06-03,1.4932037e-09,0.9204967,1.4792282e-17,0.9999839,0.0073298356,0.9999999
2022-11-19,3.2487883e-06,0.000641032,0.9601196,1.0,1.06055076e-07,0.9999105
2020-10-25,6.570537e-07,6.8918717e-17,4.3007513e-15,0.0045650327,2.8862202e-08,1.0
2024-07-28,3.593802e-12,3.2051453e-10,7.308885e-21,1.7143876e-13,0.23322132,1.0
2022-05-19,1.145347e-08,1.0,1.967011e-12,0.9998945,0.99967754,0.021748867
2023-03-22,0.0015363804,1.0,2.1250056e-08,2.3514857e-11,0.18747295,0.976944
2019-05-24,0.99727935,0.99407166,8.891797e-19,0.6308191,0.13588203,0.9981363
2020-01-23,0.9999989,1.0,0.997612,1.0,0.99999857,4.3049217e-06
2022-12-23,0.0011560186,0.99808514,1.0,0.9999634,5.5562054e-05,4.806279e-06
2019-05-06,1.0,1.0,1.6065175e-09,1.0,0.99997675,0.0003001833
2022-12-28,7.99537e-06,0.9999994,1.0,0.7841383,0.0022518216,1.0667344e-05
2024-06-10,5.371379e-13,0.9924886,2.4076486e-15,0.99988914,0.00015940209,1.0
2021-07-16,1.0467267e-11,2.082016e-09,3.425258e-18,0.42026773,2.7619166e-05,1.0
2019-09-03,1.2359821e-12,5.3527427e-10,2.206736e-24,1.11452e-10,1.0092674e-05,1.0
2024-10-11,5.8486016e-12,1.7696626e-12,1.4283399e-17,5.0928747e-14,8.619012e-06,1.0
2023-04-12,0.79453665,1.0,7.910807e-11,0.9999769,0.98618966,0.16445658
2022-05-09,0.013960345,1.0,1.0251814e-12,0.9999944,0.999863,0.0005468985
2019-05-16,0.9997155,0.99909866,1.8017252e-16,0.9986602,0.9938547,0.941216
2023-05-07,0.9999814,1.0,4.759675e-10,0.99998164,0.99999976,2.1645028e-06
2021-10-22,1.9573618e-13,5.7258e-14,2.1985825e-12,0.084605105,1.0661767e-06,1.0
2019-06-19,7.060013e-11,2.734892e-07,3.1906833e-25,0.99184304,0.0040988997,1.0
2024-07-21,4.977626e-09,7.172916e-11,2.2356782e-26,6.092052e-13,0.11846076,1.0
2020-06-21,2.3839921e-11,0.008104731,7.451252e-20,1.0,4.3828177e-06,1.0
2021-12-31,0.99999607,0.9999951,1.0,1.0,0.99999607,7.618129e-06
2023-01-31,8.241038e-09,1.0,0.9999974,0.99994016,0.00018445907,0.0011515992
2020-02-17,1.0,1.0,0.99925023,0.9995437,0.9715217,5.882439e-05
2023-05-18,0.70195794,1.0,9.192049e-05,1.0,0.99991906,0.001681068
2021-07-06,2.1383677e-10,4.3462123e-08,1.528511e-14,0.99946314,0.12278408,1.0
2020-09-16,8.002969e-12,1.9377347e-12,6.827466e-19,1.8882418e-09,5.0150984e-06,1.0
2020-11-14,0.9999877,1.03480474e-10,0.018524712,0.999949,6.634316e-06,1.0
2023-11-25,0.18055254,4.0602005e-10,0.9999999,0.99644285,0.0005426221,0.57149917
2022-06-20,5.3662153e-14,4.2946848e-08,1.02766405e-19,4.693215e-05,0.9955383,1.0
2022-05-26,3.2025376e-09,1.0,1.5215234e-15,1.0,0.9989742,0.5842723
2024-06-19,3.6286802e-13,1.3574787e-06,5.5440457e-19,0.99945647,2.1197133e-05,1.0
2022-12-06,0.0002820327,0.0032568967,1.0,0.99999726,3.4628636e-07,0.07291007
2020-03-06,0.22153369,1.0,0.061786223,0.5968059,0.000113608374,0.00041410248
2020-03-16,1.0,1.0,7.422811e-09,0.9999999,0.9942543,0.03850395
2024-04-02,0.99803907,1.0,4.9790145e-07,0.9999951,0.9998336,0.00048161877
2021-03-18,0.9743439,1.0,0.995972,1.123263e-07,0.00017654538,0.00040295743
2020-02-27,0.99897444,1.0,0.99989915,0.91271573,0.7410017,3.9772062e-06
2024-09-29,8.897595e-12,9.8577e-13,5.305022e-18,1.3198089e-11,0.009594026,1.0
2024-03-20,0.93644416,1.0,5.1635146e-10,0.996357,0.901385,0.41256526
2020-10-26,6.7115525e-06,3.2085535e-13,7.056384e-17,0.008027349,1.4786059e-05,1.0
2023-11-26,0.04692071,4.339223e-11,0.99999666,0.99851435,0.96196854,0.34236023
2019-11-04,3.5339566e-05,1.5381768e-14,1.9476934e-06,0.99999917,2.5463685e-05,0.99999976
2022-03-06,0.4986441,0.9983907,1.0,0.0028186482,8.854044e-05,0.00112836
2024-11-13,0.99298686,1.0409148e-06,0.23855394,3.6651072e-06,0.032904867,0.9999999
2021-05-19,0.9999963,1.0,5.0442054e-08,0.99999905,0.9968741,2.472747e-07
2024-08-16,3.394685e-13,5.7164923e-10,8.784072e-21,7.878406e-14,0.9999995,1.0
2024-11-29,0.999944,2.9005603e-10,1.0,0.9999709,0.98537344,0.0018805491
2019-05-07,1.0,0.9999993,1.1420061e-10,1.0,0.9997335,0.0061453544
2022-12-02,0.0048507834,0.0005651429,1.0,0.9999999,1.6794376e-05,0.4665451
2019-03-28,0.9999989,1.0,9.469206e-11,1.6565886e-08,0.0003676111,0.9999925
2021-08-01,8.240047e-13,4.650098e-11,4.542059e-18,1.007274e-08,4.2812882e-08,1.0
2020-11-19,0.999997,5.91113e-10,0.98496443,0.99512166,0.00090127584,0.99999976
2020-11-08,0.8019676,1.1896442e-08,0.10746844,0.9999993,0.0074705086,0.99996495
2020-03-29,0.99999964,1.0,7.216987e-13,2.8854147e-05,0.9996282,0.15955307
2023-04-26,0.99999213,1.0,1.8006484e-10,0.99999976,0.9999783,9.242536e-05
2024-01-29,0.99999976,0.99999785,1.0,0.99995947,0.9999583,8.460299e-06
2023-09-05,1.0474336e-11,1.84557e-17,1.4243633e-16,2.5228077e-16,0.116097264,1.0
2023-09-12,3.3341152e-07,2.1517365e-19,1.9428769e-14,1.1122673e-13,0.9999844,1.0
2019-09-24,8.2443e-11,5.6649455e-14,9.86296e-18,0.0020354872,8.8737806e-07,1.0
2023-02-13,5.768668e-06,0.99999976,0.9999827,0.9996979,0.9263571,4.0835384e-06
2021-11-19,0.00021773098,0.026554314,0.9999999,1.0,4.539224e-05,0.9986278
2019-11-05,1.9002171e-05,7.199956e-12,1.5428644e-05,1.0,9.414219e-07,1.0
2024-10-30,2.4558524e-11,1.3735771e-09,6.9647765e-13,5.7495176e-13,1.3913838e-06,1.0
2022-04-22,0.99999225,1.0,1.9715216e-09,1.0,0.9999975,7.955761e-05
2022-01-06,0.99999917,0.99993277,1.0,0.9999988,0.9999993,4.7873266e-07
2024-06-03,6.7666423e-07,0.9999548,6.584568e-09,1.0,0.00041641132,0.9883173
2021-11-03,1.5269922e-11,2.4603484e-11,9.856478e-09,0.99278766,4.919088e-10,1.0
2020-11-22,0.99999905,5.284094e-07,0.915508,0.99993944,0.00041500528,0.9996039
2021-07-09,2.5060505e-09,5.9005696e-08,6.649095e-17,0.96877754,0.0002979178,1.0
2024-03-28,0.9998989,1.0,1.5161817e-07,0.9995109,0.9982029,0.00024569864
2022-04-02,0.9999999,1.0,2.5294892e-05,5.030196e-06,0.19660738,0.999534
2024-08-19,4.489244e-11,1.1787274e-13,2.7292347e-14,1.22865695e-14,0.99991417,0.99999976
2021-12-12,0.6177592,1.0,1.0,1.0,0.80447495,0.0038566713
2019-08-31,1.2920054e-14,1.5771147e-07,1.3637663e-21,8.3402e-13,0.021335686,1.0
2022-05-18,1.0835914e-06,1.0,5.6139342e-08,1.0,0.99905926,0.0002297493
2019-08-27,1.1382829e-14,1.3373629e-10,1.1580439e-15,6.883849e-12,5.2334053e-05,1.0
2020-12-28,1.0,0.9999902,0.99999833,0.9999956,0.092592545,1.1134354e-06
2024-06-17,5.188813e-12,0.0014047788,2.4062806e-15,0.9999999,0.0018961295,1.0
2024-09-06,8.8960767e-10,3.9342772e-13,2.2301403e-12,1.886365e-14,0.95173407,1.0
2019-10-18,1.3078918e-09,2.114845e-15,1.0152335e-13,0.00037202507,3.8307736e-08,1.0
2019-11-06,0.09539283,5.9089915e-09,0.055837344,0.9999999,1.2321063e-07,0.99998283
2024-06-08,7.421897e-11,0.99985003,2.7520887e-14,0.99999976,0.00029850184,0.9999939
2023-07-24,7.8274247e-13,1.6612974e-15,1.2219098e-18,6.065738e-11,1.0,0.9999999
2020-02-24,0.99756396,1.0,0.99929154,0.98241675,0.021239003,0.0001496271
2022-04-09,0.9999994,1.0,0.0031120426,0.0045545567,0.99024606,0.14423087
2021-06-09,2.90045e-06,0.99274534,1.4719937e-07,1.0,3.2224896e-05,0.95695937
2022-05-16,2.9314228e-06,1.0,3.609547e-12,1.0,0.74570626,0.0003480334
2024-02-04,0.99999857,0.9999999,0.99996686,0.01327134,0.8199502,0.11840331
2024-01-09,0.999998,0.9999019,1.0,1.0,0.99026525,5.6414585e-05
2023-11-30,0.18882903,4.293032e-11,0.9999982,0.9999808,0.2912824,0.8740087
2024-07-19,5.657142e-13,1.4504066e-10,6.7442107e-21,1.25678365e-11,2.8806691e-05,1.0
2020-07-07,9.84808e-09,3.0439567e-13,1.394894e-20,2.4273834e-08,0.9942399,1.0
2023-08-27,2.0000794e-09,1.0375962e-16,1.01296114e-16,6.115009e-13,1.0,1.0
2021-01-13,0.9999989,0.9999981,0.9999989,0.9981998,0.0005777125,2.741333e-05
2021-11-17,0.00019636138,8.328793e-05,0.99997675,1.0,0.018200265,0.9996989
2022-06-07,1.0546441e-08,0.9999608,3.1203559e-15,0.9999999,0.9999943,0.9155644
2024-10-16,7.4865135e-08,3.284005e-12,8.887339e-11,2.345992e-12,9.915938e-08,1.0
2019-10-29,0.00043803823,2.3798053e-13,1.4592453e-09,0.76537555,1.8820634e-10,1.0
2023-06-12,1.3884772e-10,0.0004402983,1.2117847e-20,4.523435e-06,0.9999999,1.0
2020-07-03,2.0928544e-08,2.1350473e-09,4.884978e-18,0.00020330986,0.71091765,1.0
2024-01-14,0.9999994,0.999951,1.0,1.0,0.99996805,6.428079e-05
2022-12-20,0.002180215,0.84506005,1.0,0.99990237,0.00022193909,7.660363e-05
2022-05-05,0.9998265,1.0,4.747064e-10,1.0,0.99999523,8.742793e-05
2020-11-30,0.99999976,0.021806393,0.9999994,0.9999999,0.004282889,0.1913696
2021-10-16,5.5877004e-11,1.6242728e-14,3.9153752e-13,9.978596e-05,1.6565922e-05,1.0
2020-11-18,0.995465,6.5897496e-11,0.0016644757,0.9969208,2.7451144e-06,1.0
2022-11-23,0.12450784,0.00026377494,0.9999999,1.0,5.225685e-05,0.99129194
2024-04-04,0.99909794,1.0,2.0596222e-05,1.0,0.9999889,1.5288968e-05
2020-08-16,1.0126536e-13,6.9331685e-16,1.6535262e-16,1.875706e-10,0.99999845,1.0
2024-03-26,0.99999046,1.0,7.310871e-08,0.9975103,0.9999232,0.8448867
2021-03-15,0.9999832,0.9999999,0.96328217,1.9949732e-06,0.0028466634,0.0020558967
2021-11-27,0.0017178728,0.99798656,1.0,1.0,4.649875e-06,0.45229048
2024-02-27,4.7485128e-07,0.19855717,4.170378e-08,6.53331e-10,8.437532e-07,0.9999999
2021-11-13,3.8425794e-11,2.241339e-05,4.6328372e-05,1.0,2.6010605e-06,1.0
2021-04-03,0.5297533,1.0,3.679279e-12,6.0804557e-09,0.0014737521,0.99999607
2023-05-23,0.0060592764,0.9999999,2.4369046e-10,0.99998283,0.9999664,0.0010418013
2020-02-08,0.9999999,1.0,0.9999908,0.99833834,0.9999155,0.000117454605
2021-10-20,9.682707e-12,5.7755114e-17,4.455234e-15,0.00014977898,6.309304e-07,1.0
2021-04-24,0.9999999,0.99999964,1.2026712e-12,0.99996436,0.99961144,0.71955204
2023-11-04,3.3870635e-06,2.5485655e-17,3.156475e-07,7.2359136e-09,7.241962e-07,1.0
2020-05-11,0.74586034,1.0,1.2391082e-11,1.0,0.99999607,3.242774e-06
2024-01-07,0.99999976,0.99940145,1.0,0.99999845,0.9998549,2.2282288e-06
2023-12-04,0.9885716,1.7876074e-06,0.9999995,0.9999534,0.9965172,0.0014164546
2020-07-27,1.4564103e-11,5.902714e-10,8.614843e-18,2.055067e-11,0.99999917,0.9999881
2023-09-14,6.7417063e-09,6.6691177e-15,4.381111e-23,1.0305879e-13,0.9999939,1.0
2021-02-26,1.0,0.9999931,0.9988011,0.9626577,0.0012966779,0.0014240642
2024-05-22,1.5899634e-06,1.0,7.3123734e-13,0.9999546,0.0024888644,0.26030847
2020-10-22,1.3651497e-05,1.452938e-13,4.7620553e-17,0.0065907203,1.1915266e-06,1.0
2023-09-13,2.0170391e-07,3.6987214e-15,3.0004934e-17,4.882324e-14,1.0,1.0
2022-09-20,3.3995651e-16,4.1443448e-16,2.0514705e-12,5.028796e-08,2.1331582e-05,1.0
2022-01-11,0.9999343,0.99999094,1.0,1.0,0.999997,2.1178594e-06
2024-05-12,4.5106268e-07,0.9999659,7.981262e-12,1.0,1.5834665e-05,0.003931049
2024-06-12,8.507055e-15,0.29005855,1.8510029e-09,1.0,0.00044511614,0.99999213
2022-05-06,0.99991035,1.0,5.586259e-08,1.0,0.9999751,0.0008796381
2021-11-30,0.0007960738,0.9999987,1.0,1.0,0.009992397,0.011196651
2024-07-15,9.23028e-13,1.1650805e-11,4.7063305e-22,4.669485e-10,2.1953451e-06,1.0
2021-04-21,0.9999999,0.99999964,6.041633e-10,1.0,0.99996865,0.93648946
2022-05-12,0.022606032,1.0,8.246308e-12,0.9999999,0.9997435,5.796521e-05
2021-09-05,7.423058e-11,1.7289421e-12,1.7693956e-20,4.0961622e-13,4.3867367e-05,1.0
2020-02-06,0.9999908,1.0,0.9999862,0.9994667,0.9998456,4.5105204e-05
2022-03-04,0.844984,0.99999595,1.0,1.0295846e-06,0.0021411353,0.0019633828
2022-02-15,0.99999785,1.0,1.0,0.99934703,0.99997234,1.2675107e-05
2024-05-05,0.008442904,1.0,1.03439664e-13,1.0,0.9981249,0.0018737484
2023-03-14,0.02893421,1.0,0.99844164,2.3068067e-05,0.64459527,6.534923e-07
2024-05-26,2.6693035e-05,1.0,1.467475e-11,0.99999976,0.0006296631,0.67459124
2024-12-24,0.99999845,0.008126558,1.0,0.999979,0.9954222,2.738938e-07
