date,h0,h1,h2,h3,h4
2021-08-15,0.016500382,0.011522369,0.0126506295,0.011355375,0.01153968
2022-01-14,0.01650063,0.011522517,0.012650802,0.011355518,0.011539827
2024-10-10,0.016500544,0.011522457,0.012650736,0.011355461,0.011539772
2023-09-29,0.016501565,0.011522928,0.012651315,0.011355921,0.011540246
2020-07-27,0.016500521,0.011522429,0.012650707,0.011355434,0.011539746
2020-12-08,0.016500615,0.011522505,0.01265079,0.011355508,0.0115398215
2024-05-29,0.01650059,0.0115224775,0.012650766,0.011355482,0.011539794
2024-04-30,0.016500669,0.0115225315,0.012650827,0.011355535,0.0115398485
2023-03-31,0.016500669,0.011522528,0.01265082,0.0113555305,0.011539842
2021-07-14,0.016500652,0.011522517,0.012650808,0.011355518,0.011539833
2024-10-02,0.016500482,0.0115224235,0.012650696,0.011355428,0.011539735
2021-06-21,0.016500607,0.0115224505,0.012650742,0.011355449,0.0115397675
2020-06-03,0.016500622,0.011522466,0.012650761,0.01135547,0.011539783
2024-10-25,0.016500382,0.011522385,0.012650647,0.011355391,0.011539701
2024-07-22,0.016500467,0.011522354,0.012650636,0.011355353,0.011539663
2019-12-26,0.016500652,0.011522521,0.012650814,0.011355524,0.011539838
2022-12-25,0.016497511,0.011521197,0.012649152,0.01135424,0.011538506
2024-03-14,0.016500127,0.011522261,0.012650498,0.0113552725,0.0115395775
2020-10-30,0.016500574,0.0115224775,0.012650761,0.011355482,0.011539794
2021-08-10,0.016500266,0.011522277,0.0126505345,0.011355283,0.011539593
2022-07-28,0.016500428,0.011522374,0.012650643,0.01135538,0.011539686
2023-10-20,0.01650104,0.011522695,0.012651023,0.011355691,0.011540007
2019-06-30,0.016500505,0.011522418,0.012650696,0.0113554215,0.011539735
2022-02-14,0.016500467,0.011522436,0.012650707,0.011355438,0.011539751
2023-01-17,0.016497472,0.0115211755,0.012649128,0.011354224,0.011538488
2022-03-29,0.016500745,0.011522538,0.012650844,0.01135554,0.011539855
2020-05-04,0.016500676,0.0115225315,0.012650827,0.011355535,0.0115398485
2020-06-21,0.01650087,0.011522625,0.012650939,0.011355626,0.011539941
2022-03-21,0.016500544,0.011522457,0.012650736,0.011355461,0.011539772
2022-01-10,0.016500637,0.011522517,0.012650802,0.011355518,0.011539833
2023-01-10,0.016497448,0.011521169,0.012649116,0.011354213,0.011538479
2023-01-12,0.016497457,0.011521169,0.012649123,0.011354218,0.011538479
2021-01-12,0.0165005,0.0115224505,0.012650724,0.011355454,0.0115397675
2024-06-30,0.01650059,0.011522462,0.01265075,0.011355466,0.011539778
2020-10-06,0.016500598,0.011522484,0.012650766,0.011355487,0.011539794
2022-08-02,0.016500521,0.011522436,0.012650713,0.011355438,0.011539751
2022-08-23,0.016500127,0.011522228,0.012650468,0.01135524,0.011539544
2023-01-01,0.016497396,0.011521142,0.012649093,0.011354191,0.011538457
2022-11-03,0.016500536,0.011522466,0.01265075,0.01135547,0.011539783
2021-10-07,0.016500598,0.011522466,0.012650754,0.011355466,0.011539778
2020-02-28,0.016499778,0.011522104,0.012650303,0.011355118,0.011539419
2023-12-26,0.016500615,0.011522505,0.01265079,0.011355508,0.011539817
2020-09-03,0.016500644,0.0115224775,0.012650773,0.011355482,0.011539794
2024-11-21,0.016500583,0.011522489,0.012650766,0.011355491,0.0115398
2022-09-21,0.016500289,0.011522283,0.012650541,0.011355288,0.011539599
2024-05-30,0.016500644,0.011522505,0.012650796,0.011355508,0.0115398215
2020-08-21,0.016500521,0.011522418,0.0126507,0.0113554215,0.011539735
2020-06-13,0.016500473,0.0115223965,0.012650676,0.011355401,0.011539713
2020-06-18,0.016500607,0.011522489,0.012650778,0.011355491,0.011539805
2023-04-10,0.016500536,0.0115224775,0.012650754,0.011355482,0.011539794
2024-08-20,0.016500607,0.011522466,0.012650754,0.01135547,0.011539783
2022-06-11,0.016500568,0.011522473,0.012650754,0.0113554755,0.01153979
2020-05-21,0.016500676,0.0115225315,0.012650827,0.011355535,0.0115398485
2024-10-06,0.016500529,0.0115224505,0.01265073,0.011355454,0.0115397675
2022-06-05,0.016500536,0.0115224775,0.012650754,0.011355482,0.011539794
2020-01-22,0.016500644,0.011522517,0.012650802,0.011355518,0.011539833
2023-05-11,0.016500568,0.0115224775,0.012650761,0.011355487,0.011539794
2021-07-07,0.01650063,0.011522505,0.01265079,0.011355508,0.0115398215
2022-02-24,0.016500011,0.011522218,0.012650439,0.011355224,0.011539528
2019-09-25,0.016500644,0.01152251,0.012650796,0.011355515,0.0115398215
2019-05-17,0.016500615,0.0115225,0.012650784,0.0113555025,0.011539817
2022-07-17,0.016500141,0.011522169,0.012650421,0.011355176,0.011539484
2024-12-08,0.016500574,0.011522484,0.012650766,0.011355487,0.0115398
2020-01-06,0.016500652,0.011522521,0.012650808,0.011355524,0.011539838
2023-08-18,0.01650087,0.011522602,0.012650915,0.011355598,0.011539919
2024-12-14,0.016500574,0.011522484,0.012650766,0.011355487,0.0115398
2019-09-28,0.016500669,0.011522528,0.01265082,0.0113555305,0.011539842
2021-08-18,0.016500622,0.011522505,0.01265079,0.011355508,0.0115398215
2022-01-19,0.016500622,0.01152251,0.012650796,0.011355515,0.011539827
2021-08-28,0.016500536,0.011522439,0.012650719,0.011355445,0.011539751
2020-02-18,0.016500343,0.011522374,0.0126506295,0.01135538,0.011539686
2022-03-05,0.016499655,0.0115220435,0.012650229,0.011355059,0.011539354
2021-03-17,0.016500762,0.011522576,0.012650874,0.011355572,0.011539887
2020-10-10,0.016500622,0.011522494,0.012650784,0.011355498,0.011539811
2023-09-02,0.016501535,0.011522908,0.012651291,0.011355893,0.011540224
2022-09-01,0.01650045,0.011522374,0.012650647,0.01135538,0.011539691
2020-11-26,0.016500568,0.0115224775,0.012650761,0.011355482,0.011539794
2019-11-02,0.01650063,0.01152251,0.012650796,0.011355515,0.011539827
2024-06-20,0.01650039,0.011522385,0.012650653,0.011355391,0.011539701
2024-07-17,0.016500281,0.011522293,0.012650552,0.0113552995,0.011539604
2024-08-03,0.016500551,0.0115224505,0.01265073,0.011355454,0.011539762
2024-12-06,0.016500551,0.011522473,0.012650754,0.0113554755,0.01153979
2024-05-22,0.016500574,0.011522429,0.012650719,0.011355428,0.01153974
2020-07-15,0.01650056,0.011522446,0.01265073,0.011355445,0.011539756
2024-11-13,0.016500514,0.0115224505,0.01265073,0.011355454,0.0115397675
2023-08-16,0.016500885,0.011522602,0.012650922,0.011355598,0.011539919
2024-02-06,0.016500259,0.011522331,0.012650582,0.011355337,0.011539647
2023-04-22,0.016500583,0.011522494,0.012650778,0.011355498,0.011539811
2021-05-11,0.016500568,0.011522484,0.012650766,0.011355487,0.0115398
2023-06-27,0.016500404,0.011522365,0.012650636,0.011355369,0.011539673
2019-09-06,0.01650032,0.011522337,0.012650593,0.011355342,0.011539652
2023-09-08,0.016502038,0.011523146,0.012651582,0.011356129,0.011540463
2021-01-10,0.016500505,0.011522457,0.01265073,0.011355461,0.0115397675
2021-12-07,0.016500281,0.011522365,0.012650617,0.011355375,0.01153968
2020-01-02,0.016500644,0.011522521,0.012650808,0.011355524,0.011539838
2022-02-08,0.016500551,0.0115224775,0.012650754,0.011355482,0.011539794
2019-12-21,0.016500637,0.011522517,0.012650802,0.011355518,0.011539827
2020-05-07,0.016500691,0.011522543,0.012650837,0.011355545,0.01153986
2023-11-22,0.016500551,0.0115224775,0.012650754,0.011355482,0.011539794
2020-03-26,0.01650063,0.011522505,0.012650796,0.011355508,0.0115398215
2023-09-14,0.016501999,0.011523135,0.012651564,0.011356118,0.011540453
2019-05-24,0.01650045,0.011522418,0.01265069,0.0113554215,0.011539735
2023-05-21,0.016500551,0.011522466,0.01265075,0.0113554755,0.011539783
2021-09-18,0.016500551,0.011522446,0.01265073,0.011355449,0.011539762
2020-04-21,0.016500752,0.011522565,0.012650868,0.011355567,0.011539882
2021-02-19,0.016500352,0.011522374,0.012650636,0.01135538,0.011539691
2024-04-27,0.016500713,0.011522555,0.012650849,0.011355557,0.01153987
2019-06-06,0.016500661,0.011522505,0.012650796,0.0113555025,0.011539817
2021-08-08,0.01650022,0.011522261,0.01265051,0.011355267,0.0115395775
2019-10-10,0.016500684,0.011522543,0.012650832,0.011355545,0.01153986
2024-02-25,0.016499344,0.011521865,0.012650028,0.011354887,0.011539179
2022-09-02,0.016500473,0.011522385,0.012650659,0.011355391,0.011539697
2019-03-30,0.016500939,0.011522636,0.012650957,0.011355637,0.011539952
2024-10-07,0.016500551,0.011522462,0.012650742,0.011355466,0.011539778
2020-05-05,0.01650073,0.0115225585,0.012650856,0.011355561,0.0115398755
2021-09-10,0.016500473,0.011522413,0.012650683,0.011355412,0.011539724
2021-12-16,0.016500473,0.011522446,0.012650713,0.011355449,0.011539762
2022-06-07,0.01650049,0.011522446,0.012650719,0.011355449,0.011539762
2024-02-07,0.016500259,0.011522337,0.012650582,0.011355342,0.011539647
2022-08-28,0.016500149,0.0115222335,0.012650475,0.0113552455,0.01153955
2020-01-05,0.016500652,0.011522521,0.012650808,0.011355524,0.011539838
2020-06-23,0.016500846,0.011522609,0.012650915,0.011355605,0.011539919
2022-06-04,0.01650059,0.011522505,0.01265079,0.011355508,0.0115398215
2024-12-15,0.016500583,0.011522489,0.012650773,0.011355491,0.011539805
2023-06-12,0.016500374,0.011522374,0.012650643,0.011355385,0.011539691
2023-11-03,0.016500799,0.011522586,0.012650891,0.011355584,0.011539897
2024-05-09,0.016500482,0.011522436,0.012650707,0.011355438,0.011539751
2020-11-12,0.01650056,0.0115224775,0.012650754,0.011355482,0.01153979
2021-01-27,0.01650021,0.011522315,0.012650558,0.011355321,0.011539626
2019-08-28,0.01650018,0.011522245,0.012650492,0.011355252,0.011539556
2023-08-19,0.016500814,0.011522576,0.012650885,0.011355578,0.011539892
2022-03-13,0.016500467,0.011522429,0.0126507,0.011355434,0.011539746
2020-02-13,0.01650045,0.0115224235,0.012650696,0.011355434,0.01153974
2024-07-28,0.016500328,0.01152231,0.012650576,0.011355315,0.011539626
2024-10-04,0.0165005,0.011522429,0.0126507,0.011355434,0.01153974
2021-07-06,0.016500568,0.0115224775,0.012650761,0.011355482,0.01153979
2020-12-24,0.016500583,0.011522489,0.012650773,0.011355491,0.011539805
2019-08-31,0.016500095,0.011522191,0.012650427,0.011355197,0.011539501
2024-09-08,0.016500713,0.011522521,0.01265082,0.011355518,0.011539833
2022-12-13,0.016499057,0.011521848,0.012649969,0.011354877,0.011539164
2023-06-17,0.016500443,0.011522413,0.012650683,0.011355418,0.011539728
2022-07-03,0.016500335,0.011522277,0.012650546,0.011355283,0.011539593
2022-12-28,0.016497372,0.011521135,0.012649081,0.011354186,0.011538446
2020-02-20,0.016500328,0.011522369,0.012650623,0.011355375,0.01153968
2024-07-30,0.016500412,0.011522374,0.012650643,0.01135538,0.011539686
2023-12-11,0.016500574,0.011522484,0.012650766,0.011355487,0.0115398
2023-09-25,0.016501412,0.011522863,0.012651237,0.011355856,0.011540181
2020-12-29,0.016500574,0.011522484,0.012650766,0.011355487,0.0115398
2019-09-26,0.016500652,0.011522517,0.012650808,0.011355518,0.011539833
2024-09-27,0.016500583,0.011522457,0.012650742,0.011355461,0.011539772
2021-05-10,0.016500574,0.011522489,0.012650766,0.011355491,0.0115398
2023-12-08,0.016500574,0.011522484,0.012650766,0.011355487,0.0115398
2021-02-21,0.01650049,0.011522446,0.012650719,0.011355449,0.011539762
2019-06-09,0.016500684,0.011522517,0.012650808,0.011355515,0.011539827
2020-09-17,0.016500358,0.011522342,0.012650605,0.011355348,0.0115396585
2023-02-04,0.016497782,0.011521311,0.012649294,0.011354351,0.011538619
2019-09-02,0.016499994,0.011522147,0.012650373,0.011355155,0.011539457
2024-08-18,0.01650063,0.011522473,0.012650766,0.0113554755,0.01153979
2019-06-29,0.01650049,0.011522413,0.01265069,0.011355418,0.011539728
2020-11-05,0.016500598,0.011522494,0.012650778,0.011355498,0.011539805
2020-06-05,0.016500644,0.011522517,0.012650802,0.011355518,0.011539833
2019-10-29,0.016500598,0.011522494,0.012650778,0.011355498,0.011539811
2020-03-09,0.016500048,0.0115222335,0.012650463,0.0113552455,0.011539544
2020-09-19,0.016500352,0.011522342,0.012650605,0.011355348,0.0115396585
2019-07-13,0.016500473,0.0115223965,0.012650676,0.011355401,0.011539713
2022-12-14,0.016498145,0.011521463,0.012649486,0.011354502,0.011538777
2020-02-25,0.016500073,0.011522245,0.012650475,0.011355257,0.01153956
2019-08-24,0.016500482,0.011522374,0.012650659,0.01135538,0.011539691
2019-12-28,0.016500644,0.011522521,0.012650808,0.011355524,0.011539838
2024-10-09,0.016500574,0.011522473,0.012650754,0.0113554755,0.01153979
2023-04-13,0.016500583,0.011522489,0.012650773,0.011355491,0.011539805
2019-09-20,0.016500713,0.011522543,0.012650837,0.01135554,0.011539855
2022-01-20,0.016500622,0.01152251,0.012650796,0.011355515,0.011539827
2020-06-01,0.016500708,0.011522494,0.012650802,0.011355498,0.011539811
2023-11-01,0.016500846,0.011522602,0.012650915,0.011355605,0.011539919
2021-03-08,0.016500698,0.011522543,0.012650837,0.011355545,0.01153986
2020-08-13,0.016500536,0.011522439,0.012650724,0.011355445,0.011539756
2020-03-01,0.016499724,0.011522077,0.012650272,0.011355096,0.011539391
2020-07-09,0.016500583,0.011522462,0.01265075,0.011355466,0.011539772
2019-10-07,0.016500691,0.011522549,0.012650844,0.011355551,0.011539864
2021-06-30,0.016500622,0.0115225,0.012650784,0.0113555025,0.011539817
2024-12-30,0.016500544,0.011522466,0.01265075,0.01135547,0.011539783
2023-05-25,0.016500574,0.0115224775,0.012650761,0.011355482,0.011539794
2022-03-17,0.016500436,0.011522408,0.012650676,0.011355412,0.011539718
2019-10-14,0.016500723,0.011522555,0.012650849,0.011355557,0.01153987
2024-05-26,0.01650049,0.011522418,0.012650696,0.0113554215,0.011539735
2024-09-21,0.016500708,0.011522517,0.012650814,0.011355515,0.011539833
2024-01-04,0.016500607,0.0115225,0.012650784,0.0113555025,0.011539817
2023-03-07,0.016500236,0.011522354,0.0126506,0.011355358,0.011539663
2022-05-30,0.016500505,0.0115224505,0.01265073,0.011355461,0.0115397675
2020-06-04,0.01650063,0.0115225,0.01265079,0.0113555025,0.011539811
2021-02-01,0.016499994,0.011522211,0.012650433,0.011355224,0.011539523
2021-03-12,0.016500661,0.011522521,0.012650814,0.011355524,0.011539838
2019-03-28,0.016500574,0.011522473,0.012650754,0.0113554755,0.01153979
2024-01-06,0.01650059,0.011522494,0.012650773,0.011355498,0.011539805
2024-12-18,0.016500583,0.011522489,0.012650766,0.011355491,0.0115398
2024-11-24,0.01650059,0.011522494,0.012650778,0.011355498,0.011539811
2020-06-30,0.016500615,0.0115225,0.012650784,0.0113555025,0.011539811
2022-11-02,0.01650056,0.0115224775,0.012650754,0.011355482,0.01153979
2024-04-24,0.016500723,0.011522555,0.012650849,0.011355557,0.01153987
2019-05-08,0.016500622,0.011522505,0.01265079,0.011355508,0.0115398215
2022-03-26,0.01650056,0.011522457,0.012650742,0.011355461,0.011539772
2022-09-25,0.016500173,0.011522211,0.012650463,0.011355219,0.011539523
2020-03-15,0.016500551,0.011522473,0.012650754,0.011355482,0.01153979
2023-09-17,0.016501356,0.011522831,0.012651195,0.011355824,0.011540148
2024-12-16,0.016500568,0.0115224775,0.012650761,0.011355482,0.011539794
2023-06-05,0.016500374,0.011522354,0.012650623,0.011355358,0.01153967
2019-06-10,0.016500713,0.0115225315,0.012650832,0.0113555305,0.011539842
2021-06-27,0.016500615,0.011522489,0.012650778,0.011355491,0.011539805
2020-01-27,0.01650063,0.01152251,0.012650796,0.011355515,0.011539827
2024-04-09,0.016500698,0.011522543,0.012650837,0.011355545,0.01153986
2021-04-26,0.016500574,0.011522489,0.012650766,0.011355491,0.0115398
2019-03-29,0.016500607,0.011522484,0.012650773,0.011355487,0.0115398
2021-05-30,0.016501434,0.011522901,0.012651272,0.011355893,0.011540219
2022-11-17,0.016499825,0.011522174,0.012650373,0.011355188,0.011539484
2021-05-03,0.01650059,0.0115225,0.012650778,0.0113555025,0.011539811
2022-06-19,0.016500521,0.011522446,0.012650724,0.011355449,0.011539756
2023-08-14,0.016500808,0.011522555,0.012650868,0.011355551,0.01153987
2022-09-14,0.016500203,0.011522239,0.012650492,0.0113552455,0.01153955
2023-01-18,0.016497497,0.011521186,0.01264914,0.011354229,0.011538494
2020-11-22,0.016500536,0.011522466,0.012650742,0.01135547,0.011539778
2023-07-06,0.016500607,0.0115224235,0.012650724,0.0113554215,0.011539735
2024-05-07,0.016500505,0.011522446,0.012650724,0.011355454,0.011539762
2023-04-11,0.016500544,0.011522466,0.01265075,0.01135547,0.011539783
2024-07-25,0.016500428,0.011522342,0.012650617,0.011355342,0.011539652
2023-06-15,0.016500382,0.011522385,0.012650647,0.011355391,0.011539697
2021-05-29,0.016501542,0.011522956,0.012651338,0.011355947,0.011540273
2023-01-28,0.016497914,0.011521365,0.012649368,0.011354405,0.01153868
2020-06-22,0.016500892,0.01152263,0.012650945,0.011355631,0.011539947
2019-07-02,0.016500428,0.011522369,0.012650643,0.011355375,0.01153968
2019-06-19,0.016500583,0.0115224505,0.012650736,0.011355449,0.011539762
2023-05-16,0.01650059,0.011522489,0.012650773,0.011355491,0.011539805
2020-06-25,0.016500698,0.0115225315,0.012650827,0.011355535,0.0115398485
2021-10-05,0.016500521,0.011522413,0.012650696,0.011355418,0.011539728
2022-08-09,0.016500514,0.011522429,0.012650707,0.011355434,0.011539746
2021-10-30,0.016500574,0.011522489,0.012650766,0.011355491,0.011539805
2021-01-08,0.016500529,0.011522466,0.012650742,0.01135547,0.011539778
2022-01-26,0.016500622,0.01152251,0.012650796,0.011355515,0.011539827
2021-07-26,0.016500505,0.011522413,0.01265069,0.011355418,0.011539728
2021-09-11,0.016500467,0.011522408,0.012650683,0.011355412,0.011539718
2023-03-05,0.01650022,0.011522347,0.0126505885,0.011355353,0.0115396585
2023-12-04,0.016500568,0.011522484,0.012650761,0.011355487,0.011539794
2020-10-23,0.016500607,0.011522494,0.012650778,0.011355498,0.011539805
2023-10-08,0.016501395,0.011522847,0.012651218,0.011355841,0.011540164
2023-12-14,0.01650059,0.011522489,0.012650773,0.011355491,0.011539805
2019-04-02,0.016500846,0.011522586,0.012650898,0.011355588,0.0115399035
2023-09-30,0.016501596,0.011522956,0.012651344,0.011355941,0.011540269
2022-01-09,0.016500637,0.011522517,0.012650802,0.011355518,0.011539833
2022-09-30,0.016500473,0.011522381,0.012650659,0.011355385,0.011539697
2024-08-24,0.016500652,0.011522494,0.012650784,0.011355491,0.011539805
2021-09-06,0.016500467,0.0115223965,0.012650676,0.011355401,0.011539713
2021-11-29,0.016499948,0.011522223,0.012650439,0.011355235,0.011539538
2023-08-17,0.016500698,0.011522517,0.012650814,0.011355518,0.011539833
2024-01-13,0.016500568,0.011522484,0.012650761,0.011355487,0.0115398
2023-04-17,0.016500598,0.01152251,0.01265079,0.011355515,0.0115398215
2023-09-22,0.01650121,0.011522776,0.012651123,0.011355771,0.011540093
2023-01-06,0.016498664,0.011521679,0.012649761,0.011354711,0.011538995
2021-03-18,0.016500784,0.011522586,0.012650891,0.011355588,0.0115399035
2022-07-29,0.0165005,0.011522418,0.012650696,0.0113554215,0.011539728
2022-08-05,0.016500544,0.0115224505,0.01265073,0.011355454,0.0115397675
2019-12-09,0.016500661,0.011522528,0.012650814,0.0113555305,0.011539838
2023-01-19,0.016497543,0.011521202,0.012649164,0.01135425,0.011538516
2024-07-06,0.016500607,0.011522489,0.012650773,0.011355491,0.0115398
2022-02-20,0.01650022,0.011522315,0.012650564,0.0113553265,0.0115396315
2020-07-06,0.016500551,0.011522462,0.012650742,0.011355466,0.011539772
2022-02-28,0.016499832,0.011522125,0.012650332,0.011355143,0.01153944
2021-03-04,0.016500691,0.011522538,0.012650832,0.01135554,0.011539855
2020-09-24,0.01650046,0.011522408,0.012650683,0.011355412,0.011539724
2024-03-08,0.016499748,0.0115220705,0.012650272,0.011355085,0.011539387
2024-10-15,0.016500521,0.0115224505,0.012650724,0.011355454,0.011539762
2023-03-18,0.016500607,0.011522494,0.012650778,0.011355498,0.011539811
2019-06-02,0.01650179,0.011523071,0.012651476,0.011356054,0.011540382
2020-09-28,0.016500551,0.011522462,0.012650742,0.011355466,0.011539778
2019-07-01,0.01650046,0.0115223965,0.012650665,0.011355401,0.011539707
2024-03-28,0.01650056,0.0115224775,0.012650754,0.011355482,0.01153979
2020-12-30,0.016500551,0.0115224775,0.012650754,0.011355482,0.011539794
2023-04-30,0.016500622,0.01152251,0.012650796,0.011355515,0.011539827
2020-05-24,0.016500691,0.011522538,0.012650832,0.01135554,0.011539855
2019-11-19,0.016500691,0.011522538,0.012650832,0.01135554,0.011539855
2020-01-29,0.016500622,0.011522505,0.01265079,0.011355508,0.0115398215
2023-05-05,0.01650059,0.011522494,0.012650778,0.011355498,0.011539805
2019-10-26,0.016500615,0.0115225,0.012650784,0.0113555025,0.011539817
2023-05-24,0.01650059,0.011522484,0.012650766,0.011355487,0.011539794
2023-06-07,0.016500298,0.011522326,0.012650582,0.011355331,0.011539636
2022-04-02,0.01650059,0.0115224775,0.012650766,0.011355482,0.011539794
2023-01-23,0.016497921,0.011521365,0.012649368,0.011354405,0.011538674
2019-06-27,0.0165005,0.0115224235,0.0126507,0.011355428,0.01153974
2022-07-31,0.01650056,0.011522457,0.012650736,0.011355461,0.011539772
2022-03-16,0.0165005,0.011522436,0.012650707,0.011355438,0.011539746
2020-12-11,0.016500622,0.01152251,0.012650796,0.011355515,0.0115398215
2024-04-01,0.016500661,0.011522528,0.012650814,0.0113555305,0.011539842
2021-08-04,0.016500259,0.011522293,0.012650546,0.011355305,0.011539609
2020-12-06,0.016500622,0.01152251,0.012650796,0.011355515,0.0115398215
2020-12-21,0.016500598,0.0115225,0.012650784,0.0113555025,0.011539817
2020-11-13,0.01650056,0.0115224775,0.012650754,0.011355482,0.01153979
2021-08-25,0.016500607,0.011522489,0.012650773,0.011355487,0.0115398
2023-02-08,0.016497673,0.011521261,0.012649235,0.011354303,0.011538571
2022-11-23,0.016499165,0.011521896,0.012650028,0.0113549195,0.011539207
2023-12-10,0.016500551,0.0115224775,0.012650754,0.011355482,0.01153979
2023-01-21,0.016497651,0.011521251,0.012649223,0.011354294,0.01153856
2024-12-10,0.016500574,0.011522484,0.012650766,0.011355487,0.0115398
2023-04-18,0.016500568,0.011522489,0.012650766,0.011355491,0.011539805
2023-12-29,0.016500607,0.0115225,0.012650784,0.0113555025,0.011539817
2023-12-27,0.016500615,0.011522505,0.01265079,0.011355508,0.0115398215
2020-10-21,0.016500615,0.011522494,0.012650778,0.011355498,0.011539811
2020-11-03,0.016500574,0.011522484,0.012650766,0.011355487,0.0115398
2022-11-08,0.01650039,0.011522413,0.012650671,0.011355418,0.011539728
2021-04-14,0.016500598,0.011522489,0.012650778,0.011355491,0.011539805
2021-08-31,0.016500467,0.011522408,0.012650676,0.011355412,0.011539718
2021-10-09,0.016500652,0.011522494,0.01265079,0.011355491,0.011539811
2024-07-10,0.016500436,0.011522391,0.012650659,0.011355396,0.011539701
2023-12-21,0.01650059,0.011522494,0.012650778,0.011355498,0.011539805
2023-04-16,0.016500615,0.011522517,0.012650802,0.011355518,0.011539833
2020-04-06,0.016500784,0.011522586,0.012650891,0.011355588,0.0115399035
2023-09-05,0.016501868,0.011523064,0.012651481,0.011356049,0.011540382
2020-07-29,0.01650056,0.011522457,0.012650736,0.011355461,0.011539772
2020-07-30,0.016500529,0.011522439,0.012650719,0.011355445,0.011539756
2023-08-21,0.016500931,0.011522636,0.012650957,0.011355631,0.011539952
2023-05-27,0.01650056,0.011522466,0.01265075,0.01135547,0.011539783
2022-02-16,0.016500404,0.011522408,0.012650671,0.011355412,0.011539718
2019-10-09,0.016500708,0.011522555,0.012650849,0.011355557,0.01153987
2023-10-24,0.016500961,0.011522657,0.012650982,0.011355658,0.011539973
2023-09-10,0.01650216,0.0115232,0.012651648,0.011356182,0.011540518
2020-09-27,0.016500536,0.011522457,0.01265073,0.011355461,0.0115397675
2021-12-05,0.01650022,0.011522337,0.012650582,0.011355348,0.011539652
2024-09-24,0.016500792,0.0115225315,0.012650849,0.011355535,0.0115398485
2024-01-26,0.01650049,0.011522446,0.012650719,0.011355449,0.011539762
2019-09-24,0.016500644,0.011522505,0.01265079,0.0113555025,0.011539817
2020-10-01,0.016500583,0.0115224775,0.012650761,0.011355482,0.01153979
2021-09-02,0.01650049,0.011522413,0.01265069,0.011355418,0.011539728
2024-04-08,0.016500684,0.011522538,0.012650832,0.01135554,0.011539855
2022-09-07,0.016500399,0.011522347,0.012650617,0.011355353,0.0115396585
2020-08-29,0.016500615,0.0115224775,0.012650766,0.0113554755,0.01153979
2019-04-12,0.016500708,0.0115225315,0.012650832,0.011355535,0.0115398485
2022-07-16,0.016500166,0.0115221795,0.012650433,0.011355188,0.011539495
2020-09-20,0.016500358,0.011522342,0.012650605,0.011355348,0.0115396585
2023-10-14,0.016501248,0.011522788,0.012651137,0.011355781,0.011540099
2023-05-17,0.016500598,0.011522494,0.012650778,0.011355498,0.011539811
2023-08-05,0.016500598,0.011522462,0.01265075,0.011355466,0.011539778
2022-01-22,0.016500622,0.01152251,0.012650796,0.011355515,0.011539827
2020-12-23,0.016500583,0.011522494,0.012650773,0.011355498,0.011539805
2019-11-26,0.016500723,0.011522555,0.012650849,0.011355557,0.011539864
2022-02-11,0.016500529,0.011522466,0.012650742,0.0113554755,0.011539783
2021-08-03,0.016500289,0.011522315,0.012650569,0.011355321,0.011539626
2022-06-24,0.016500382,0.011522365,0.0126506295,0.011355369,0.01153968
2020-05-10,0.016500684,0.011522538,0.012650832,0.01135554,0.011539855
2021-11-26,0.016500102,0.011522288,0.012650522,0.0113552995,0.011539604
2021-01-15,0.016500473,0.011522439,0.012650713,0.011355445,0.011539756
2020-11-16,0.016500544,0.011522466,0.012650742,0.01135547,0.011539783
2024-04-29,0.016500684,0.011522538,0.012650832,0.01135554,0.011539855
2023-01-16,0.016497426,0.011521158,0.012649105,0.011354207,0.011538467
2024-05-16,0.016500914,0.0115225315,0.012650879,0.0113555305,0.0115398485
2023-10-13,0.016501311,0.011522816,0.012651177,0.011355808,0.011540131
2020-03-08,0.016499639,0.011522033,0.012650224,0.011355053,0.0115393475
2024-09-06,0.01650086,0.011522592,0.012650903,0.011355588,0.011539908
2023-08-08,0.016500615,0.011522473,0.012650761,0.0113554755,0.01153979
2020-02-09,0.016500505,0.0115224505,0.012650724,0.011355454,0.0115397675
2020-11-19,0.016500521,0.011522457,0.01265073,0.011355461,0.0115397675
2024-03-24,0.016500412,0.011522402,0.012650665,0.011355406,0.011539718
2021-03-07,0.016500652,0.011522517,0.012650808,0.011355518,0.011539833
2023-09-18,0.016501201,0.011522755,0.012651106,0.011355754,0.011540072
2024-08-01,0.01650049,0.011522418,0.012650696,0.0113554215,0.011539735
2020-03-22,0.016500598,0.011522494,0.012650778,0.011355498,0.011539805
2021-10-23,0.016500615,0.0115225,0.01265079,0.0113555025,0.011539817
2023-04-09,0.01650063,0.011522517,0.012650802,0.011355518,0.011539833
2024-04-15,0.016500799,0.011522592,0.012650898,0.011355594,0.011539908
2024-09-01,0.016500808,0.0115225585,0.012650868,0.011355561,0.0115398755
2024-09-23,0.016500892,0.011522565,0.012650898,0.011355561,0.011539882
2021-11-07,0.016500328,0.011522385,0.012650643,0.011355396,0.011539701
2021-01-09,0.016500529,0.011522462,0.012650736,0.011355466,0.011539778
2022-01-08,0.01650063,0.01152251,0.012650796,0.011355515,0.011539827
2021-12-28,0.01650063,0.01152251,0.012650796,0.011355515,0.011539827
2022-06-17,0.016500536,0.011522446,0.01265073,0.011355449,0.011539762
2020-11-14,0.016500544,0.011522466,0.01265075,0.01135547,0.011539783
2023-10-02,0.016501412,0.011522858,0.012651225,0.011355845,0.0115401745
2020-04-15,0.016500762,0.01152257,0.012650874,0.011355572,0.011539887
2021-02-02,0.01649994,0.011522185,0.012650403,0.011355197,0.011539495
2024-08-16,0.01650056,0.011522436,0.012650719,0.011355438,0.011539751
2024-11-19,0.016500544,0.011522466,0.01265075,0.01135547,0.011539783
2023-01-05,0.016497402,0.0115211485,0.012649099,0.011354197,0.011538462
2019-08-23,0.016500505,0.011522402,0.012650683,0.011355401,0.011539713
2022-09-29,0.01650046,0.011522369,0.012650647,0.011355375,0.011539686
2024-09-02,0.016500914,0.0115226135,0.012650933,0.011355614,0.0115399305
2020-02-22,0.016500266,0.011522337,0.0126505885,0.011355348,0.011539652
2019-11-07,0.016500661,0.011522528,0.012650814,0.0113555305,0.011539838
2021-07-09,0.016500637,0.01152251,0.012650802,0.011355515,0.011539827
2024-02-11,0.016500236,0.011522326,0.012650569,0.011355331,0.011539636
2023-12-06,0.016500574,0.011522484,0.012650766,0.011355487,0.0115398
2024-03-31,0.01650063,0.01152251,0.012650796,0.011355515,0.011539827
2021-12-30,0.01650063,0.01152251,0.012650796,0.011355515,0.011539827
2019-05-11,0.016500598,0.011522489,0.012650773,0.011355491,0.011539805
2022-01-11,0.016500637,0.011522517,0.012650802,0.011355518,0.011539833
2022-02-12,0.01650049,0.0115224505,0.012650724,0.011355454,0.0115397675
2022-02-15,0.016500436,0.0115224235,0.01265069,0.011355428,0.01153974
2024-06-22,0.0165005,0.011522436,0.012650707,0.011355438,0.011539751
2023-06-29,0.016500443,0.011522365,0.012650647,0.011355369,0.01153968
2021-05-26,0.016500777,0.011522581,0.012650885,0.011355584,0.011539897
2023-01-25,0.01649768,0.011521268,0.012649242,0.0113543095,0.011538576
2019-06-13,0.016500583,0.011522462,0.01265075,0.011355466,0.011539778
2023-08-23,0.01650111,0.011522722,0.012651059,0.011355717,0.0115400385
2023-11-29,0.016500574,0.011522484,0.012650766,0.011355487,0.0115398
2021-04-07,0.016500684,0.0115225315,0.012650827,0.011355535,0.011539842
2020-10-18,0.01650063,0.0115225,0.01265079,0.0113555025,0.011539817
2024-06-19,0.01650011,0.011522277,0.01265051,0.011355283,0.011539588
2024-05-18,0.01650101,0.011522543,0.012650903,0.011355535,0.01153986
2023-12-13,0.016500583,0.011522489,0.012650773,0.011355491,0.011539805
2024-04-22,0.016500799,0.011522592,0.012650898,0.011355594,0.011539908
2021-04-24,0.01650059,0.011522494,0.012650778,0.011355498,0.011539811
2023-08-03,0.01650059,0.011522462,0.01265075,0.011355466,0.011539778
2020-09-30,0.016500574,0.011522473,0.012650754,0.0113554755,0.011539783
2023-09-01,0.016501015,0.011522662,0.012650993,0.011355658,0.01153998
2023-08-12,0.01650073,0.01152251,0.012650814,0.011355508,0.0115398215
2023-05-15,0.016500583,0.011522489,0.012650773,0.011355491,0.011539805
2021-12-13,0.016500428,0.0115224235,0.01265069,0.011355434,0.01153974
2022-11-05,0.0165005,0.011522457,0.01265073,0.011355461,0.0115397675
2020-10-12,0.016500637,0.011522505,0.012650796,0.011355508,0.0115398215
2023-07-12,0.016500382,0.011522354,0.012650623,0.011355358,0.01153967
2020-10-07,0.016500568,0.011522466,0.012650754,0.01135547,0.011539783
2021-11-04,0.01650056,0.011522489,0.012650766,0.011355491,0.0115398
2022-06-14,0.016500574,0.011522462,0.01265075,0.011355466,0.011539778
2020-10-14,0.016500598,0.011522489,0.012650773,0.011355491,0.011539805
2024-12-12,0.01650059,0.011522494,0.012650773,0.011355498,0.011539805
2020-12-15,0.016500622,0.01152251,0.012650796,0.011355515,0.0115398215
2023-07-30,0.016500505,0.011522418,0.012650696,0.0113554215,0.011539735
2020-07-08,0.016500536,0.0115224505,0.01265073,0.011355454,0.0115397675
2022-02-17,0.016500367,0.011522391,0.012650647,0.011355396,0.011539701
2021-06-17,0.01650086,0.01152251,0.012650849,0.011355508,0.011539827
2024-02-28,0.01649984,0.011522119,0.012650326,0.011355134,0.01153943
2021-12-22,0.01650059,0.0115225,0.012650778,0.0113555025,0.011539811
2021-10-10,0.016500698,0.011522517,0.012650814,0.011355515,0.011539833
2024-09-04,0.01650087,0.011522598,0.012650915,0.011355598,0.011539914
2021-12-11,0.016500374,0.011522402,0.012650665,0.011355412,0.011539718
2022-05-08,0.016500823,0.0115226135,0.012650922,0.011355614,0.0115399305
2019-07-06,0.016500399,0.011522342,0.012650612,0.011355348,0.0115396585
2022-04-20,0.016500652,0.011522528,0.012650814,0.0113555305,0.011539842
2024-04-25,0.016500713,0.011522555,0.012650849,0.011355557,0.01153987
2024-10-14,0.016500521,0.011522446,0.012650724,0.011355449,0.011539762
2020-03-05,0.016499724,0.011522077,0.012650272,0.011355096,0.011539391
2020-03-28,0.016500723,0.0115225585,0.012650856,0.011355557,0.01153987
2020-03-07,0.016499545,0.011521989,0.012650171,0.011355011,0.011539305
2023-02-22,0.01650011,0.01152231,0.012650541,0.011355315,0.011539621
2022-07-20,0.016500203,0.011522211,0.012650463,0.011355219,0.011539523
2019-09-29,0.016500691,0.011522543,0.012650837,0.011355545,0.01153986
2022-12-03,0.016498277,0.011521522,0.012649557,0.011354556,0.0115388315
2019-12-25,0.016500644,0.011522521,0.012650808,0.011355524,0.011539833
2023-06-21,0.01650042,0.011522402,0.012650671,0.011355406,0.011539718
2024-09-30,0.016500551,0.011522446,0.01265073,0.011355449,0.011539762
2023-02-13,0.016498184,0.011521463,0.012649492,0.011354496,0.011538773
2020-05-06,0.016500723,0.0115225585,0.012650856,0.011355561,0.0115398755
2024-09-03,0.016500877,0.011522598,0.01265091,0.011355594,0.011539914
2023-09-04,0.016501868,0.011523071,0.012651481,0.011356054,0.011540387
2024-02-01,0.016500399,0.0115223965,0.012650659,0.011355406,0.011539713
2022-05-19,0.016500574,0.0115224775,0.012650761,0.011355482,0.011539794
2024-09-22,0.016500752,0.01152251,0.012650827,0.011355515,0.011539827
2022-09-09,0.016500443,0.011522369,0.012650643,0.011355375,0.011539686
2023-11-18,0.016500598,0.0115225,0.012650784,0.0113555025,0.011539817
2019-11-03,0.016500637,0.011522517,0.012650802,0.011355518,0.011539833
2022-03-14,0.016500436,0.011522408,0.012650676,0.011355418,0.011539724
2023-10-04,0.01650148,0.011522897,0.012651272,0.011355883,0.011540214
2020-06-15,0.016500644,0.011522489,0.012650784,0.011355491,0.011539805
2022-01-17,0.01650063,0.01152251,0.012650796,0.011355515,0.011539827
2021-04-11,0.01650073,0.011522555,0.012650856,0.011355557,0.01153987
2023-12-09,0.016500568,0.0115224775,0.012650761,0.011355482,0.011539794
2024-03-16,0.016500281,0.011522337,0.0126505885,0.011355348,0.011539652
2019-11-21,0.016500698,0.011522543,0.012650837,0.011355545,0.01153986
2022-02-06,0.016500551,0.0115224775,0.012650754,0.011355482,0.011539794
2021-09-03,0.01650049,0.011522413,0.01265069,0.011355418,0.011539724
2019-11-05,0.016500644,0.011522517,0.012650802,0.011355518,0.011539833
2020-10-26,0.016500568,0.011522473,0.012650754,0.0113554755,0.01153979
2024-08-22,0.016500615,0.011522473,0.012650761,0.0113554755,0.01153979
2020-08-01,0.016500529,0.011522446,0.012650724,0.011355449,0.011539762
2024-09-13,0.016500752,0.011522549,0.012650849,0.011355551,0.011539864
2019-05-30,0.016500661,0.01152251,0.012650802,0.011355515,0.011539827
2021-01-23,0.016500352,0.011522381,0.012650636,0.011355385,0.011539697
2022-12-06,0.01649827,0.011521512,0.012649552,0.01135455,0.011538827
2020-09-13,0.016500467,0.0115223965,0.012650671,0.011355401,0.011539713
2024-09-17,0.016500676,0.01152251,0.012650808,0.011355515,0.011539827
2024-01-21,0.016500514,0.011522457,0.01265073,0.011355461,0.011539772
2024-11-04,0.016500467,0.0115224235,0.012650696,0.011355428,0.01153974
2023-05-01,0.016500598,0.0115225,0.012650784,0.0113555025,0.011539817
2021-09-15,0.016500551,0.011522446,0.01265073,0.011355449,0.011539762
2024-06-09,0.01650022,0.011522326,0.012650576,0.011355337,0.011539643
2021-02-20,0.016500428,0.011522413,0.012650683,0.0113554215,0.011539728
2020-10-19,0.016500622,0.0115225,0.012650784,0.011355498,0.011539811
2023-12-05,0.016500574,0.011522484,0.012650766,0.011355487,0.0115398
2020-07-10,0.016500551,0.011522439,0.012650724,0.011355445,0.011539756
2023-07-22,0.016500412,0.011522358,0.0126506295,0.011355364,0.011539673
2021-05-16,0.016500551,0.0115224775,0.012650754,0.011355482,0.011539794
2024-12-27,0.01650056,0.0115224775,0.012650754,0.011355482,0.011539794
2024-02-05,0.016500311,0.011522358,0.012650612,0.011355364,0.011539673
2019-05-02,0.016500607,0.0115225,0.012650784,0.0113555025,0.011539817
2021-01-20,0.016500404,0.011522408,0.012650671,0.011355412,0.011539718
2020-10-04,0.016500583,0.0115224775,0.012650761,0.011355482,0.01153979
2024-11-08,0.016500467,0.011522429,0.0126507,0.011355434,0.011539746
2021-09-23,0.016500514,0.011522436,0.012650713,0.011355438,0.011539751
2023-04-23,0.016500615,0.011522505,0.01265079,0.011355508,0.0115398215
2022-09-16,0.016500259,0.011522266,0.012650522,0.0113552725,0.011539582
2021-10-15,0.01650101,0.011522679,0.0126510095,0.011355679,0.011539996
2021-07-10,0.01650063,0.011522505,0.01265079,0.011355508,0.011539817
2024-04-23,0.01650074,0.011522565,0.012650862,0.011355567,0.0115398755
2024-04-03,0.016500684,0.011522538,0.012650832,0.01135554,0.011539855
2022-01-24,0.016500622,0.01152251,0.012650796,0.011355515,0.0115398215
2019-06-07,0.016500691,0.011522517,0.012650814,0.011355518,0.011539833
2021-02-03,0.016499965,0.011522191,0.012650409,0.011355204,0.011539506
2021-03-26,0.016501186,0.011522793,0.012651137,0.011355787,0.011540109
2020-03-29,0.016500661,0.011522521,0.012650814,0.011355524,0.011539838
2019-07-29,0.01650056,0.011522457,0.012650736,0.011355461,0.011539772
2020-09-08,0.016500574,0.011522439,0.01265073,0.011355445,0.011539756
2023-10-18,0.016501117,0.011522728,0.012651069,0.011355723,0.011540045
2021-01-22,0.016500382,0.0115223965,0.012650653,0.011355401,0.011539707
2019-11-16,0.016500676,0.0115225315,0.01265082,0.011355535,0.0115398485
2022-08-12,0.016500505,0.0115224235,0.0126507,0.011355428,0.01153974
2022-08-26,0.016500259,0.011522288,0.012650541,0.011355294,0.011539604
2022-05-29,0.016500505,0.0115224505,0.012650724,0.011355454,0.011539762
2021-10-11,0.016500777,0.0115225585,0.012650868,0.011355561,0.0115398755
2022-12-18,0.016498007,0.011521402,0.012649415,0.011354442,0.011538718
2021-07-12,0.016500676,0.0115225315,0.01265082,0.0113555305,0.011539842
2021-04-13,0.016500622,0.0115225,0.012650784,0.0113555025,0.011539817
2020-07-11,0.016500568,0.011522439,0.01265073,0.011355445,0.011539756
2024-05-04,0.0165005,0.011522446,0.012650719,0.011355449,0.011539762
2022-04-07,0.016500637,0.011522505,0.012650796,0.011355508,0.0115398215
2024-09-14,0.016500723,0.0115225315,0.012650832,0.011355535,0.0115398485
2021-02-07,0.016499795,0.011522114,0.012650314,0.011355127,0.011539425
2020-02-15,0.01650039,0.0115223965,0.012650659,0.011355401,0.011539707
2022-12-04,0.016498294,0.011521528,0.012649563,0.01135456,0.011538838
2020-09-29,0.01650056,0.011522466,0.01265075,0.01135547,0.011539778
2024-05-10,0.016500467,0.0115224235,0.012650696,0.011355434,0.01153974
2024-03-29,0.016500574,0.011522484,0.012650761,0.011355487,0.011539794
2024-03-04,0.01649984,0.011522114,0.012650326,0.011355127,0.01153943
2021-03-03,0.016500661,0.011522521,0.012650814,0.011355524,0.011539838
2020-02-23,0.01650021,0.01152231,0.012650552,0.011355321,0.011539626
2022-01-01,0.016500615,0.011522505,0.01265079,0.011355508,0.0115398215
2021-01-04,0.016500536,0.011522466,0.012650742,0.01135547,0.011539783
2022-08-21,0.016500343,0.011522347,0.012650605,0.011355353,0.0115396585
2019-05-18,0.01650059,0.011522494,0.012650773,0.011355498,0.011539805
2022-02-19,0.016500281,0.011522347,0.0126506,0.011355353,0.011539663
2020-02-08,0.016500529,0.011522462,0.012650736,0.011355466,0.011539778
2022-09-19,0.016500358,0.01152232,0.0126505885,0.0113553265,0.011539636
2021-08-12,0.016500127,0.0115222065,0.012650451,0.011355219,0.011539523
2023-12-01,0.01650056,0.0115224775,0.012650761,0.011355482,0.011539794
2021-02-27,0.016500358,0.011522381,0.012650643,0.011355385,0.011539697
2023-03-22,0.016500644,0.01152251,0.012650802,0.011355515,0.0115398215
2019-11-10,0.016500676,0.0115225315,0.01265082,0.011355535,0.011539842
2020-08-06,0.016500661,0.01152251,0.012650802,0.011355508,0.0115398215
2020-04-05,0.01650077,0.01152257,0.012650874,0.011355572,0.011539887
2024-12-28,0.016500551,0.0115224775,0.012650754,0.011355482,0.01153979
2024-12-23,0.01650056,0.0115224775,0.012650761,0.011355482,0.011539794
2020-09-01,0.016500637,0.011522489,0.012650778,0.011355491,0.011539805
2022-04-03,0.016500622,0.011522494,0.012650784,0.011355498,0.011539811
2022-01-15,0.01650063,0.01152251,0.012650796,0.011355515,0.011539827
2019-11-14,0.016500661,0.011522528,0.012650814,0.0113555305,0.011539842
2024-02-23,0.01649953,0.011521957,0.012650135,0.011354974,0.011539267
2024-11-17,0.016500529,0.011522462,0.012650736,0.011355466,0.011539778
2021-05-25,0.016500676,0.0115225315,0.012650827,0.011355535,0.0115398485
2023-01-15,0.016497465,0.0115211755,0.012649123,0.011354218,0.011538484
2020-04-01,0.016500669,0.011522528,0.012650814,0.011355524,0.011539838
2022-09-08,0.016500428,0.011522365,0.012650636,0.011355369,0.01153968
2019-04-16,0.016500652,0.011522528,0.012650814,0.0113555305,0.011539842
2021-10-21,0.016500598,0.011522489,0.012650778,0.011355491,0.011539805
2023-12-22,0.016500615,0.011522505,0.01265079,0.011355508,0.011539817
2019-04-15,0.016500684,0.0115225315,0.012650827,0.011355535,0.0115398485
2024-12-05,0.016500568,0.011522484,0.012650761,0.011355487,0.011539794
2021-11-01,0.01650063,0.011522517,0.012650802,0.011355518,0.011539833
2024-06-13,0.016498694,0.011521679,0.012649761,0.011354704,0.011538989
2023-03-23,0.016500723,0.011522549,0.012650844,0.011355545,0.01153986
2021-10-13,0.016500909,0.01152263,0.012650945,0.011355626,0.011539941
2020-11-15,0.016500551,0.011522473,0.01265075,0.0113554755,0.01153979
2024-01-25,0.01650045,0.0115224235,0.012650696,0.011355428,0.01153974
2023-10-11,0.016501326,0.011522816,0.012651177,0.011355808,0.011540131
2023-07-03,0.016500544,0.011522369,0.012650665,0.011355369,0.01153968
2021-04-04,0.016500745,0.011522555,0.012650856,0.011355557,0.01153987
2022-06-01,0.016500544,0.011522473,0.01265075,0.0113554755,0.01153979
2020-08-24,0.016500568,0.011522457,0.012650742,0.011355461,0.011539772
2024-01-22,0.016500505,0.0115224505,0.012650724,0.011355454,0.0115397675
2023-03-06,0.016500343,0.011522402,0.012650653,0.011355406,0.011539713
2021-09-08,0.0165005,0.0115224235,0.0126507,0.0113554215,0.011539735
2020-06-24,0.01650077,0.011522565,0.012650868,0.011355567,0.011539882
2023-07-27,0.0165005,0.011522413,0.01265069,0.011355418,0.011539728
2023-05-18,0.016500583,0.011522489,0.012650773,0.011355491,0.011539805
2021-07-16,0.016500676,0.011522521,0.012650814,0.011355524,0.011539838
2023-04-21,0.016500598,0.0115225,0.012650784,0.0113555025,0.011539817
2021-01-16,0.016500473,0.011522439,0.012650713,0.011355445,0.011539756
2020-12-25,0.01650059,0.011522494,0.012650778,0.011355498,0.011539811
2023-01-13,0.016497448,0.011521163,0.012649116,0.011354213,0.011538479
2024-12-29,0.01650056,0.0115224775,0.012650761,0.011355482,0.011539794
2024-03-25,0.016500443,0.011522418,0.01265069,0.0113554215,0.011539735
2021-03-20,0.01650074,0.011522565,0.012650862,0.011355567,0.011539882
2020-08-30,0.016500637,0.011522494,0.012650784,0.011355498,0.011539805
2022-08-19,0.016500551,0.0115224505,0.012650736,0.011355454,0.0115397675
2020-03-04,0.016499516,0.011521973,0.012650148,0.011354995,0.011539289
2020-05-29,0.016500661,0.01152251,0.012650808,0.011355515,0.011539827
2020-03-25,0.016500615,0.0115225,0.012650784,0.0113555025,0.011539817
2020-06-02,0.016500676,0.0115224775,0.012650778,0.0113554755,0.01153979
2024-11-03,0.016500428,0.011522408,0.012650671,0.011355412,0.011539718
2020-08-20,0.016500521,0.011522418,0.0126507,0.0113554215,0.011539735
2023-10-26,0.016500924,0.011522636,0.012650957,0.011355637,0.011539952
2024-06-25,0.016500637,0.0115225,0.01265079,0.0113555025,0.011539811
2021-09-25,0.016500428,0.011522385,0.012650659,0.011355391,0.011539701
2020-11-23,0.016500536,0.011522466,0.012650742,0.01135547,0.011539778
2019-08-21,0.016500529,0.011522429,0.012650713,0.011355434,0.011539746
2021-02-22,0.016500514,0.0115224505,0.01265073,0.011355461,0.0115397675
2021-01-28,0.016500149,0.011522283,0.012650522,0.011355288,0.011539593
2024-11-02,0.01650039,0.011522385,0.012650653,0.011355391,0.011539701
2021-12-12,0.016500443,0.011522436,0.0126507,0.011355438,0.011539751
2020-01-30,0.016500607,0.0115225,0.012650784,0.0113555025,0.011539817
2024-11-16,0.016500514,0.011522457,0.01265073,0.011355461,0.0115397675
2023-08-02,0.016500574,0.011522457,0.012650742,0.011355461,0.011539772
2019-10-13,0.016500708,0.011522549,0.012650844,0.011355551,0.011539864
2023-11-21,0.01650056,0.0115224775,0.012650761,0.011355482,0.011539794
2023-03-20,0.016500946,0.011522662,0.012650986,0.011355663,0.01153998
2022-07-15,0.01650022,0.011522211,0.012650468,0.011355219,0.011539523
2024-05-28,0.016500598,0.011522484,0.012650766,0.011355487,0.011539794
2022-03-20,0.016500473,0.011522429,0.0126507,0.011355434,0.011539746
2021-11-17,0.016500065,0.011522272,0.012650498,0.011355283,0.011539588
2023-12-15,0.016500607,0.0115225,0.012650784,0.0113555025,0.011539817
2022-06-02,0.016500598,0.0115225,0.012650784,0.0113555025,0.011539811
2023-11-15,0.016500661,0.011522528,0.012650814,0.0113555305,0.011539838
2021-12-09,0.016500289,0.011522365,0.012650617,0.011355375,0.01153968
2019-05-12,0.016500607,0.011522494,0.012650784,0.011355498,0.011539811
2020-02-06,0.016500551,0.011522473,0.012650754,0.0113554755,0.01153979
2019-12-05,0.016500669,0.0115225315,0.01265082,0.011355535,0.011539842
2023-04-05,0.01650059,0.011522494,0.012650778,0.011355498,0.011539811
2024-10-24,0.016500428,0.011522408,0.012650676,0.011355418,0.011539724
2023-06-04,0.01650045,0.011522381,0.012650659,0.011355385,0.011539697
2021-04-25,0.016500598,0.011522494,0.012650778,0.011355498,0.011539811
2019-12-31,0.016500652,0.011522521,0.012650814,0.011355524,0.011539838
2024-01-09,0.016500574,0.011522489,0.012650766,0.011355491,0.0115398
2024-05-17,0.016500978,0.011522543,0.012650898,0.011355535,0.01153986
2021-07-21,0.016500652,0.0115225,0.01265079,0.011355498,0.011539811
2024-05-24,0.016500521,0.011522429,0.012650713,0.011355434,0.01153974
2021-12-10,0.016500311,0.011522374,0.0126506295,0.011355385,0.011539691
2019-04-19,0.016500669,0.0115225315,0.012650827,0.011355535,0.0115398485
2024-06-03,0.016500615,0.011522494,0.012650778,0.011355498,0.011539811
2024-11-29,0.016500551,0.011522473,0.012650754,0.0113554755,0.01153979
2023-01-11,0.016497426,0.011521158,0.012649105,0.011354207,0.011538467
2020-11-21,0.016500529,0.011522457,0.012650736,0.011355461,0.011539772
2024-03-23,0.01650049,0.011522439,0.012650713,0.011355445,0.011539756
2024-10-08,0.016500574,0.011522473,0.012650754,0.0113554755,0.01153979
2023-02-26,0.016499896,0.0115222,0.012650409,0.011355213,0.011539511
2024-01-01,0.016500598,0.011522494,0.012650778,0.011355498,0.011539811
2020-11-09,0.016500568,0.0115224775,0.012650761,0.011355482,0.011539794
2021-04-05,0.016500792,0.011522586,0.012650891,0.011355588,0.0115399035
2019-06-12,0.016500637,0.011522494,0.012650784,0.011355498,0.011539811
2020-06-20,0.01650074,0.0115225585,0.012650856,0.011355561,0.0115398755
2022-12-16,0.01649809,0.011521441,0.012649462,0.01135448,0.011538755
2024-06-27,0.016500568,0.011522446,0.01265073,0.011355449,0.011539762
2021-05-08,0.016500568,0.011522484,0.012650766,0.011355491,0.0115398
2019-04-18,0.016500713,0.011522555,0.012650849,0.011355557,0.01153987
2024-06-24,0.016500615,0.011522494,0.012650778,0.011355498,0.011539805
2021-03-05,0.016500698,0.011522543,0.012650837,0.01135554,0.011539855
2022-07-10,0.016500274,0.011522239,0.012650498,0.0113552455,0.01153955
2023-09-21,0.016501395,0.011522853,0.012651218,0.011355845,0.01154017
2024-04-26,0.01650073,0.0115225585,0.012650856,0.011355561,0.0115398755
2022-07-05,0.016500399,0.01152232,0.012650593,0.011355321,0.0115396315
2024-01-12,0.016500568,0.011522484,0.012650766,0.011355487,0.0115398
2021-11-08,0.01650022,0.011522337,0.012650582,0.011355348,0.011539652
2019-09-11,0.016500622,0.0115225,0.012650784,0.0113555025,0.011539817
2023-09-15,0.016501388,0.011522847,0.012651218,0.011355841,0.011540164
2020-07-31,0.016500551,0.0115224505,0.01265073,0.011355454,0.0115397675
2022-08-03,0.016500505,0.011522429,0.012650707,0.011355434,0.011539746
2023-11-20,0.016500568,0.011522484,0.012650766,0.011355487,0.0115398
2021-01-31,0.016499987,0.0115222065,0.012650427,0.011355219,0.011539516
2021-04-27,0.016500598,0.0115225,0.012650778,0.0113555025,0.011539811
2022-12-22,0.016498586,0.011521653,0.012649724,0.011354684,0.011538963
2020-09-25,0.016500467,0.011522413,0.01265069,0.011355418,0.011539728
2021-05-23,0.016500622,0.01152251,0.012650796,0.011355515,0.011539827
2024-07-14,0.01650042,0.011522358,0.0126506295,0.011355358,0.01153967
2020-11-30,0.016500598,0.011522494,0.012650778,0.0113555025,0.011539811
2019-10-30,0.01650063,0.011522505,0.012650796,0.011355508,0.0115398215
2023-07-14,0.016500428,0.011522369,0.012650643,0.011355375,0.011539686
2022-07-04,0.016500352,0.011522288,0.012650558,0.011355294,0.011539604
2024-07-08,0.016500598,0.0115224775,0.012650766,0.011355482,0.011539794
2020-04-02,0.016500713,0.011522549,0.012650844,0.011355551,0.011539864
2020-05-17,0.016500669,0.0115225315,0.012650827,0.011355535,0.0115398485
2019-08-14,0.016500598,0.0115224775,0.012650766,0.011355482,0.01153979
2024-01-17,0.016500544,0.011522473,0.01265075,0.0113554755,0.01153979
2024-12-22,0.016500551,0.011522473,0.01265075,0.0113554755,0.01153979
2019-05-19,0.016500574,0.011522484,0.012650766,0.011355487,0.0115398
2021-05-31,0.016501233,0.011522798,0.012651147,0.011355793,0.011540116
2020-11-07,0.01650059,0.011522489,0.012650773,0.011355491,0.011539805
2019-10-24,0.016500615,0.0115225,0.01265079,0.0113555025,0.011539817
2021-07-13,0.016500644,0.011522517,0.012650802,0.011355515,0.011539827
2024-02-24,0.016499477,0.0115219345,0.012650105,0.011354951,0.011539245
2022-04-17,0.016500644,0.011522528,0.012650814,0.0113555305,0.011539838
2023-05-28,0.016500544,0.011522462,0.012650742,0.01135547,0.011539778
2024-10-03,0.01650046,0.011522413,0.012650683,0.011355418,0.011539724
2021-01-25,0.016500266,0.011522337,0.0126505885,0.011355348,0.011539652
2024-09-19,0.016500652,0.011522494,0.01265079,0.011355498,0.011539811
2024-07-13,0.016500467,0.011522381,0.012650659,0.011355385,0.011539697
2023-07-29,0.016500505,0.011522418,0.012650696,0.0113554215,0.011539735
2020-08-04,0.016500622,0.011522494,0.012650784,0.011355498,0.011539811
2020-02-29,0.01649974,0.011522081,0.012650283,0.011355101,0.011539398
2020-03-06,0.01649957,0.011522,0.012650182,0.011355015,0.011539316
2024-08-05,0.016500544,0.011522446,0.01265073,0.011355449,0.011539762
2024-03-12,0.016500019,0.0115222065,0.012650433,0.011355219,0.011539523
2021-07-23,0.016500574,0.0115224505,0.012650736,0.011355454,0.0115397675
2023-06-19,0.016500536,0.011522457,0.012650736,0.011355461,0.011539772
2023-04-06,0.01650063,0.011522521,0.012650808,0.011355524,0.011539838
2022-09-17,0.016500352,0.011522326,0.0126505885,0.011355331,0.011539636
2019-09-12,0.016500637,0.011522505,0.012650796,0.011355508,0.0115398215
2020-04-03,0.016500669,0.011522528,0.012650814,0.011355524,0.011539838
2021-04-28,0.016500583,0.011522494,0.012650773,0.011355498,0.011539805
2020-02-01,0.01650059,0.011522494,0.012650778,0.011355498,0.011539811
2022-06-18,0.016500521,0.0115224505,0.01265073,0.011355454,0.011539762
2024-03-19,0.016500443,0.011522418,0.01265069,0.011355428,0.011539735
2023-11-09,0.016500808,0.011522592,0.012650898,0.011355594,0.011539908
2021-08-17,0.016500574,0.0115224775,0.012650761,0.011355482,0.011539794
2023-02-25,0.016500095,0.011522288,0.012650522,0.0113552995,0.011539604
2021-02-24,0.016500551,0.011522473,0.012650754,0.0113554755,0.01153979
2019-09-10,0.01650059,0.011522489,0.012650773,0.011355491,0.011539805
2021-04-06,0.016500652,0.011522517,0.012650802,0.011355518,0.011539833
2020-12-07,0.016500622,0.01152251,0.012650796,0.011355515,0.011539827
2019-10-22,0.016500637,0.01152251,0.012650796,0.011355515,0.0115398215
2022-11-20,0.016499454,0.011522016,0.012650177,0.011355037,0.011539326
2020-12-27,0.016500583,0.011522489,0.012650773,0.011355491,0.011539805
2024-10-21,0.01650045,0.011522418,0.01265069,0.011355428,0.011539735
2024-04-28,0.016500698,0.011522549,0.012650837,0.011355551,0.01153986
2019-12-01,0.016500691,0.011522538,0.012650832,0.01135554,0.011539855
2023-09-27,0.016501496,0.011522901,0.012651279,0.011355893,0.011540219
2022-11-13,0.016500134,0.011522303,0.012650541,0.011355315,0.011539621
2024-02-10,0.016500274,0.011522342,0.012650593,0.011355348,0.0115396585
2021-10-28,0.016500713,0.011522555,0.012650849,0.011355551,0.011539864
2019-11-22,0.016500708,0.011522543,0.012650837,0.011355545,0.01153986
2021-05-05,0.016500583,0.011522494,0.012650778,0.011355498,0.011539811
2020-07-01,0.016500622,0.0115225,0.01265079,0.0113555025,0.011539817
2021-04-20,0.016500544,0.011522462,0.012650742,0.01135547,0.011539778
2022-11-18,0.016499778,0.011522152,0.012650349,0.011355165,0.011539468
2024-08-31,0.01650086,0.011522586,0.012650903,0.011355584,0.0115399035
2020-10-15,0.016500615,0.011522494,0.012650778,0.011355498,0.011539811
2020-09-04,0.016500661,0.011522466,0.012650766,0.011355466,0.011539778
2021-04-15,0.016500598,0.011522489,0.012650773,0.011355491,0.011539805
2024-03-11,0.016499918,0.011522158,0.012650373,0.011355171,0.011539473
2022-08-04,0.016500529,0.011522439,0.012650719,0.011355445,0.011539756
2021-09-19,0.01650049,0.011522418,0.012650696,0.0113554215,0.011539728
2021-07-17,0.016500698,0.0115225315,0.012650827,0.0113555305,0.011539842
2019-06-08,0.016500644,0.011522494,0.01265079,0.011355498,0.011539811
2024-06-23,0.016500615,0.011522494,0.012650778,0.011355498,0.011539811
2024-11-09,0.01650046,0.0115224235,0.012650696,0.011355428,0.01153974
2020-08-22,0.016500514,0.011522418,0.0126507,0.0113554215,0.011539735
2023-06-22,0.016500367,0.011522369,0.012650636,0.011355375,0.011539686
2023-05-13,0.016500574,0.011522484,0.012650766,0.011355487,0.0115398
2024-01-28,0.016500443,0.0115224235,0.012650696,0.011355428,0.01153974
2020-04-24,0.016500669,0.011522528,0.012650814,0.0113555305,0.011539838
2023-01-04,0.016497396,0.0115211485,0.012649093,0.011354197,0.011538457
2021-01-05,0.016500536,0.011522466,0.012650742,0.01135547,0.011539783
2019-04-13,0.016500622,0.0115225,0.01265079,0.0113555025,0.011539817
2019-10-11,0.016500684,0.011522543,0.012650837,0.011355545,0.01153986
2021-08-23,0.016500615,0.0115225,0.012650784,0.0113555025,0.011539811
2023-02-19,0.016499354,0.011521973,0.012650123,0.011354995,0.011539282
2022-08-24,0.016500095,0.011522211,0.012650444,0.011355224,0.011539528
2024-10-29,0.016500343,0.011522365,0.012650623,0.011355369,0.011539673
2023-10-28,0.016500853,0.011522609,0.012650922,0.01135561,0.011539925
2023-09-16,0.016501272,0.011522788,0.012651142,0.011355781,0.011540104
2022-03-30,0.016500652,0.011522494,0.01265079,0.011355498,0.011539811
2022-01-05,0.016500637,0.011522517,0.012650802,0.011355518,0.011539833
2021-06-12,0.016500622,0.011522484,0.012650773,0.011355482,0.011539794
2023-02-24,0.01650077,0.011522592,0.012650898,0.011355594,0.011539908
2024-01-02,0.01650059,0.011522494,0.012650773,0.011355498,0.011539805
2022-11-14,0.016500134,0.011522303,0.0126505345,0.01135531,0.011539615
2019-07-24,0.016500698,0.011522466,0.012650778,0.011355466,0.011539783
2020-04-29,0.016500644,0.011522521,0.012650808,0.011355518,0.011539833
2021-09-14,0.016500551,0.011522446,0.01265073,0.011355445,0.011539756
2024-09-29,0.016500568,0.0115224505,0.012650736,0.011355454,0.0115397675
2021-02-16,0.01650004,0.011522228,0.012650456,0.01135524,0.011539544
2024-05-14,0.016500551,0.011522457,0.012650736,0.011355461,0.011539772
2024-11-25,0.016500583,0.011522489,0.012650773,0.011355491,0.011539805
2023-10-25,0.016500931,0.011522647,0.012650969,0.011355647,0.011539962
2023-05-12,0.016500568,0.0115224775,0.012650761,0.011355487,0.011539794
2023-05-02,0.016500607,0.0115225,0.012650784,0.0113555025,0.011539817
2021-07-03,0.016500607,0.011522494,0.012650778,0.011355498,0.011539811
2024-01-23,0.01650049,0.011522446,0.012650713,0.011355449,0.011539756
2021-10-26,0.016500708,0.011522549,0.012650844,0.011355551,0.011539864
2023-04-04,0.016500583,0.011522489,0.012650773,0.011355491,0.011539805
2021-01-01,0.016500536,0.011522466,0.01265075,0.01135547,0.011539783
2022-04-11,0.01650063,0.011522517,0.012650802,0.011355518,0.011539827
2021-10-12,0.016500792,0.01152257,0.012650879,0.011355572,0.011539887
2024-12-03,0.016500568,0.011522484,0.012650766,0.011355487,0.0115398
2019-11-04,0.01650063,0.01152251,0.012650796,0.011355515,0.011539827
2020-06-27,0.016500622,0.011522505,0.01265079,0.011355508,0.011539817
2023-06-06,0.016500352,0.011522354,0.012650612,0.011355358,0.011539663
2023-05-29,0.016500583,0.0115224775,0.012650761,0.011355482,0.011539794
2024-11-27,0.01650056,0.0115224775,0.012650754,0.011355482,0.011539794
2021-05-19,0.01650059,0.0115225,0.012650778,0.0113555025,0.011539811
2024-07-05,0.016500661,0.011522517,0.012650814,0.011355518,0.011539833
2022-02-07,0.016500544,0.011522473,0.01265075,0.0113554755,0.01153979
2019-10-25,0.016500607,0.011522494,0.012650778,0.011355498,0.011539811
2022-01-23,0.01650063,0.01152251,0.012650796,0.011355515,0.011539827
2023-09-03,0.016501822,0.011523037,0.012651451,0.011356028,0.011540354
2020-05-01,0.016500661,0.011522528,0.012650814,0.0113555305,0.011539842
2020-10-29,0.016500574,0.0115224775,0.012650761,0.011355482,0.011539794
2023-02-23,0.016500536,0.011522494,0.012650773,0.011355498,0.011539811
2024-07-16,0.016500343,0.01152232,0.012650582,0.0113553265,0.0115396315
2021-06-13,0.016500652,0.0115224775,0.012650778,0.0113554755,0.011539794
2023-12-24,0.016500615,0.0115225,0.012650784,0.0113555025,0.011539817
2021-02-14,0.016499795,0.011522114,0.012650314,0.011355127,0.011539425
2021-07-22,0.016500691,0.011522517,0.012650808,0.011355515,0.011539827
2020-10-11,0.016500644,0.011522505,0.012650796,0.011355508,0.0115398215
2024-04-12,0.016500723,0.0115225585,0.012650856,0.011355557,0.01153987
2023-12-31,0.016500598,0.011522494,0.012650778,0.011355498,0.011539811
2024-06-01,0.016500691,0.0115225315,0.012650827,0.011355535,0.0115398485
2022-05-01,0.016500777,0.011522586,0.012650891,0.011355588,0.0115399035
2020-04-18,0.016500762,0.01152257,0.012650868,0.011355572,0.011539887
2024-12-09,0.016500568,0.011522484,0.012650761,0.011355487,0.011539794
2021-12-02,0.01650004,0.011522266,0.012650487,0.0113552725,0.0115395775
2024-10-28,0.016500374,0.011522374,0.012650636,0.01135538,0.011539691
2024-11-18,0.016500544,0.011522473,0.01265075,0.0113554755,0.011539783
2023-03-01,0.016500058,0.011522272,0.012650498,0.011355283,0.011539588
2023-11-19,0.016500574,0.011522484,0.012650766,0.011355487,0.0115398
2022-01-03,0.01650063,0.01152251,0.012650796,0.011355515,0.011539827
2021-08-29,0.016500536,0.011522439,0.012650724,0.011355445,0.011539756
2022-12-19,0.01649813,0.011521457,0.01264948,0.011354496,0.011538766
2020-10-02,0.016500598,0.011522484,0.012650773,0.011355487,0.0115398
2021-09-05,0.016500514,0.011522418,0.0126507,0.0113554215,0.011539735
2020-01-31,0.01650059,0.011522494,0.012650778,0.011355498,0.011539811
2023-12-12,0.01650056,0.0115224775,0.012650761,0.011355482,0.011539794
2019-06-01,0.016501334,0.011522842,0.012651208,0.011355835,0.011540159
2019-11-23,0.016500691,0.011522543,0.012650832,0.01135554,0.011539855
2023-04-26,0.016500574,0.011522484,0.012650766,0.011355491,0.0115398
2023-10-22,0.016501002,0.011522679,0.012651005,0.011355675,0.011539996
2021-08-26,0.016500598,0.0115224775,0.012650761,0.011355482,0.011539794
2020-07-28,0.016500574,0.011522462,0.012650742,0.011355466,0.011539778
2021-09-17,0.016500521,0.011522439,0.012650719,0.011355445,0.011539756
2023-08-31,0.016501071,0.011522695,0.012651029,0.011355691,0.011540012
2021-09-29,0.016500367,0.011522358,0.012650623,0.011355364,0.011539673
2021-11-06,0.016500473,0.0115224505,0.012650724,0.011355461,0.0115397675
2023-06-23,0.016500374,0.011522369,0.012650636,0.011355375,0.011539686
2019-04-26,0.016500637,0.01152251,0.012650796,0.011355515,0.011539827
2021-04-03,0.016500708,0.0115225315,0.012650832,0.011355535,0.0115398485
2021-07-30,0.016500521,0.011522429,0.012650713,0.011355434,0.011539746
2022-02-04,0.016500574,0.011522494,0.012650773,0.011355498,0.011539805
2021-02-05,0.016499918,0.011522174,0.0126503855,0.011355188,0.011539484
2021-11-11,0.01650009,0.011522277,0.01265051,0.011355288,0.011539593
2019-05-07,0.016500622,0.011522505,0.01265079,0.011355508,0.0115398215
2022-09-23,0.01650032,0.011522288,0.012650552,0.011355294,0.011539599
2020-09-23,0.016500505,0.011522429,0.012650707,0.011355438,0.011539746
2021-11-02,0.016500607,0.011522505,0.01265079,0.011355508,0.0115398215
2024-08-26,0.016500713,0.011522528,0.012650827,0.0113555305,0.011539842
2019-09-09,0.01650059,0.011522489,0.012650773,0.011355491,0.011539805
2023-04-19,0.016500583,0.011522494,0.012650778,0.011355498,0.011539811
2020-05-25,0.016500676,0.0115225315,0.012650827,0.011355535,0.0115398485
2024-11-22,0.016500583,0.011522489,0.012650773,0.011355491,0.0115398
2023-12-17,0.016500583,0.011522489,0.012650773,0.011355491,0.011539805
2021-06-10,0.016500684,0.011522528,0.01265082,0.0113555305,0.011539842
2023-10-01,0.016501505,0.011522908,0.012651284,0.011355893,0.011540224
2019-08-30,0.016500242,0.011522272,0.012650529,0.011355278,0.011539588
2019-08-16,0.016500574,0.011522462,0.01265075,0.011355466,0.011539778
2024-10-05,0.016500505,0.011522439,0.012650713,0.011355445,0.011539751
2020-07-03,0.016500607,0.011522484,0.012650773,0.011355487,0.0115398
2020-12-18,0.016500598,0.0115225,0.012650784,0.0113555025,0.011539817
2021-07-15,0.01650063,0.011522505,0.01265079,0.011355508,0.011539817
2021-01-02,0.016500529,0.011522466,0.012650742,0.01135547,0.011539778
2024-03-30,0.016500574,0.011522484,0.012650761,0.011355487,0.011539794
2020-05-31,0.016500708,0.011522505,0.012650808,0.0113555025,0.011539817
2020-03-14,0.016500544,0.011522466,0.01265075,0.0113554755,0.011539783
2023-03-15,0.016500311,0.011522381,0.012650636,0.011355385,0.011539697
2022-12-20,0.01649786,0.011521343,0.012649337,0.011354384,0.011538653
2022-08-31,0.016500404,0.011522354,0.012650623,0.011355358,0.01153967
2023-03-13,0.016500367,0.011522408,0.012650665,0.011355412,0.011539724
2019-07-08,0.016500399,0.011522342,0.012650612,0.011355342,0.011539652
2021-11-03,0.016500583,0.0115225,0.012650778,0.0113555025,0.011539811
2019-04-21,0.016500669,0.0115225315,0.01265082,0.011355535,0.011539842
2021-02-11,0.01649974,0.011522081,0.012650278,0.011355101,0.011539398
2020-03-31,0.016500652,0.011522517,0.012650808,0.011355518,0.011539833
2019-11-25,0.016500708,0.011522549,0.012650844,0.011355551,0.011539864
2023-04-25,0.01650059,0.011522494,0.012650778,0.011355498,0.011539811
2019-07-07,0.016500382,0.011522331,0.0126506,0.011355337,0.011539647
2023-04-29,0.01650063,0.01152251,0.012650796,0.011355515,0.011539827
2020-12-05,0.016500615,0.011522505,0.01265079,0.011355508,0.0115398215
2023-04-12,0.01650059,0.011522494,0.012650778,0.011355498,0.011539811
2021-09-12,0.016500514,0.011522429,0.012650713,0.011355434,0.011539746
2024-05-08,0.0165005,0.011522446,0.012650719,0.011355449,0.011539756
2024-07-04,0.016500607,0.011522489,0.012650778,0.011355491,0.011539805
2021-05-17,0.01650056,0.0115224775,0.012650761,0.011355482,0.011539794
2024-12-31,0.016500536,0.011522466,0.012650742,0.01135547,0.011539783
2023-07-24,0.01650042,0.011522374,0.012650643,0.01135538,0.011539686
2023-01-31,0.016497713,0.011521278,0.01264926,0.01135432,0.011538587
2023-09-09,0.016502216,0.011523234,0.012651684,0.011356209,0.011540551
2022-06-09,0.016500536,0.011522466,0.012650742,0.01135547,0.011539778
2023-07-02,0.016500544,0.011522381,0.012650676,0.01135538,0.011539697
2024-05-20,0.01650083,0.011522489,0.012650827,0.011355487,0.011539805
2023-08-15,0.01650086,0.011522586,0.012650903,0.011355588,0.0115399035
2022-09-04,0.01650045,0.011522374,0.012650647,0.01135538,0.011539686
2023-02-02,0.016497549,0.011521213,0.012649176,0.011354261,0.011538527
2022-05-18,0.016500607,0.0115225,0.012650784,0.0113555025,0.011539811
2022-12-29,0.016497457,0.0115211755,0.012649123,0.011354218,0.011538484
2021-02-18,0.016500281,0.011522342,0.012650593,0.011355348,0.0115396585
2024-09-15,0.016500691,0.011522521,0.012650814,0.011355524,0.011539838
2023-06-20,0.016500514,0.0115224505,0.012650724,0.011355454,0.011539762
2022-07-30,0.016500544,0.011522446,0.012650724,0.011355449,0.011539762
2019-12-17,0.016500652,0.011522521,0.012650808,0.011355524,0.011539838
2023-06-30,0.01650046,0.011522342,0.0126506295,0.011355342,0.0115396585
2019-12-06,0.016500669,0.011522528,0.01265082,0.0113555305,0.011539842
2022-09-27,0.016500328,0.011522303,0.012650569,0.01135531,0.011539621
2021-01-24,0.016500289,0.011522347,0.0126506,0.011355358,0.011539663
2022-03-27,0.016500676,0.01152251,0.012650802,0.011355515,0.011539827
2024-03-27,0.016500568,0.0115224775,0.012650754,0.011355482,0.01153979
2019-11-24,0.016500691,0.011522538,0.012650832,0.01135554,0.011539855
2019-06-21,0.01650063,0.0115224775,0.012650773,0.011355482,0.011539794
2023-07-25,0.016500505,0.011522418,0.0126507,0.0113554215,0.011539735
2019-03-26,0.016500684,0.011522528,0.01265082,0.011355524,0.011539838
2020-07-12,0.016500615,0.011522446,0.012650742,0.011355445,0.011539756
2022-02-23,0.01650009,0.011522255,0.012650487,0.011355261,0.011539566
2020-09-11,0.016500544,0.011522439,0.012650724,0.011355445,0.011539756
2019-06-03,0.016501356,0.011522853,0.012651213,0.011355845,0.01154017
2019-10-27,0.016500615,0.0115225,0.012650784,0.0113555025,0.011539817
2023-09-28,0.016501505,0.011522908,0.012651284,0.011355899,0.011540224
2022-02-03,0.016500583,0.011522494,0.012650773,0.011355498,0.011539811
2020-05-18,0.016500661,0.0115225315,0.01265082,0.011355535,0.011539842
2024-01-10,0.016500568,0.011522484,0.012650766,0.011355487,0.0115398
2024-10-16,0.01650049,0.011522436,0.012650707,0.011355438,0.011539746
2021-01-03,0.016500536,0.011522466,0.012650742,0.01135547,0.011539783
2020-02-02,0.01650059,0.011522494,0.012650778,0.011355498,0.011539811
2020-03-18,0.016500615,0.0115225,0.012650784,0.0113555025,0.011539817
2020-12-28,0.016500568,0.011522484,0.012650766,0.011355487,0.0115398
2020-12-26,0.016500583,0.011522494,0.012650773,0.011355498,0.011539805
2020-02-27,0.016499972,0.011522196,0.012650415,0.011355208,0.011539506
2022-03-02,0.01650008,0.01152225,0.0126504805,0.011355257,0.01153956
2023-07-04,0.016500551,0.011522369,0.012650671,0.011355369,0.011539686
2020-04-20,0.016500762,0.01152257,0.012650874,0.011355572,0.011539887
2024-02-03,0.016500399,0.011522402,0.012650665,0.011355406,0.011539718
2021-10-20,0.016500644,0.01152251,0.012650796,0.011355515,0.0115398215
2023-12-18,0.016500583,0.011522489,0.012650773,0.011355491,0.011539805
2022-09-06,0.016500399,0.011522342,0.012650612,0.011355348,0.0115396585
2020-11-01,0.016500574,0.011522484,0.012650766,0.011355487,0.011539794
2023-03-16,0.016500274,0.011522365,0.012650617,0.011355375,0.01153968
2021-09-26,0.016500343,0.011522347,0.012650612,0.011355358,0.011539663
2021-03-01,0.016500607,0.0115225,0.012650784,0.0113555025,0.011539811
2022-09-20,0.016500298,0.011522283,0.012650546,0.011355288,0.011539599
2023-09-26,0.016501434,0.01152288,0.012651249,0.011355867,0.011540192
2023-06-08,0.016500304,0.011522331,0.0126505885,0.011355337,0.011539647
2020-07-19,0.01650042,0.011522374,0.012650647,0.01135538,0.011539691
2024-09-18,0.016500622,0.011522489,0.012650778,0.011355491,0.011539805
2024-01-27,0.016500467,0.011522436,0.012650707,0.011355438,0.011539751
2024-07-18,0.01650018,0.011522239,0.012650487,0.0113552455,0.01153955
2021-09-04,0.016500568,0.011522446,0.01265073,0.011355445,0.011539756
2023-12-30,0.016500598,0.011522494,0.012650778,0.011355498,0.011539811
2024-03-22,0.016500652,0.011522517,0.012650808,0.011355518,0.011539833
2022-05-24,0.016500691,0.011522517,0.012650814,0.011355515,0.011539827
2023-02-01,0.01649776,0.011521299,0.012649284,0.011354347,0.0115386145
2024-07-24,0.016500358,0.01152231,0.012650582,0.011355315,0.011539626
2023-11-05,0.016500792,0.011522581,0.012650885,0.011355584,0.011539897
2019-12-15,0.016500644,0.011522517,0.012650802,0.011355518,0.011539833
2024-06-06,0.016500544,0.011522462,0.012650742,0.011355466,0.011539778
2023-12-03,0.016500568,0.011522484,0.012650761,0.011355487,0.0115398
2024-05-02,0.016500644,0.011522521,0.012650808,0.011355524,0.011539833
2022-11-12,0.016500158,0.01152231,0.012650546,0.011355321,0.011539626
2023-04-28,0.016500583,0.011522489,0.012650773,0.011355491,0.011539805
2021-06-05,0.016500676,0.011522517,0.012650808,0.011355518,0.011539833
2021-04-21,0.016500574,0.011522484,0.012650766,0.011355487,0.0115398
2020-03-16,0.016500568,0.011522484,0.012650761,0.011355487,0.011539794
2024-06-18,0.016500019,0.011522239,0.012650463,0.011355252,0.01153955
2023-11-25,0.016500529,0.011522466,0.012650742,0.01135547,0.011539783
2019-04-07,0.016500644,0.011522505,0.012650796,0.011355508,0.0115398215
2021-04-02,0.016500814,0.011522586,0.012650898,0.011355588,0.0115399035
2019-04-01,0.01650073,0.0115225315,0.012650837,0.011355535,0.0115398485
2024-09-25,0.01650077,0.011522521,0.012650837,0.011355524,0.011539838
2020-03-30,0.01650063,0.011522505,0.012650796,0.011355508,0.0115398215
2022-08-06,0.016500551,0.011522457,0.012650736,0.011355461,0.0115397675
2023-07-16,0.016500436,0.011522381,0.012650647,0.011355385,0.011539691
2024-12-07,0.016500568,0.0115224775,0.012650761,0.011355487,0.011539794
2020-03-02,0.016499594,0.011522011,0.0126501955,0.011355031,0.011539326
2023-07-31,0.01650056,0.011522446,0.01265073,0.011355449,0.011539762
2022-12-24,0.016497472,0.01152118,0.012649135,0.011354224,0.011538488
2022-02-09,0.016500544,0.0115224775,0.012650754,0.011355482,0.011539794
2023-09-07,0.016501905,0.011523081,0.012651499,0.011356065,0.011540398
2024-07-15,0.016500343,0.01152231,0.012650576,0.011355315,0.011539626
2021-09-30,0.016500399,0.011522369,0.012650643,0.011355375,0.011539686
2022-01-16,0.01650063,0.011522517,0.012650802,0.011355518,0.011539827
2021-03-11,0.01650077,0.011522581,0.012650879,0.011355578,0.011539892
2019-10-01,0.016500691,0.011522543,0.012650837,0.011355545,0.01153986
2020-07-26,0.016500467,0.011522402,0.012650676,0.011355406,0.011539718
2022-05-15,0.016500622,0.01152251,0.012650796,0.011355515,0.0115398215
2024-08-07,0.016500544,0.0115224505,0.01265073,0.011355454,0.0115397675
2024-09-11,0.016500723,0.0115225315,0.012650832,0.011355535,0.0115398485
2020-04-28,0.016500644,0.011522517,0.012650808,0.011355518,0.011539833
2021-06-25,0.01650059,0.011522473,0.012650761,0.0113554755,0.01153979
2020-10-28,0.01650056,0.011522473,0.012650754,0.0113554755,0.01153979
2021-01-29,0.016500102,0.011522261,0.012650492,0.011355267,0.011539571
2022-06-25,0.016500436,0.011522391,0.012650659,0.011355396,0.011539701
2022-08-13,0.016500514,0.011522429,0.012650707,0.011355434,0.01153974
2020-12-04,0.016500622,0.01152251,0.012650796,0.011355515,0.0115398215
2023-05-03,0.016500622,0.011522505,0.01265079,0.011355508,0.0115398215
2024-11-30,0.016500583,0.011522489,0.012650773,0.011355491,0.011539805
2020-02-21,0.016500259,0.011522337,0.012650582,0.011355342,0.011539647
2023-09-11,0.016502077,0.011523168,0.012651606,0.01135615,0.011540485
2024-08-23,0.016500622,0.0115224775,0.012650766,0.011355482,0.011539794
2023-10-05,0.016501456,0.011522886,0.012651261,0.011355877,0.011540202
2022-04-04,0.016500622,0.011522494,0.012650784,0.011355498,0.011539811
2023-03-09,0.016500251,0.011522358,0.012650605,0.011355369,0.011539673
2021-10-02,0.016500428,0.011522374,0.012650647,0.01135538,0.011539691
2023-09-20,0.01650145,0.011522886,0.012651255,0.011355872,0.011540196
2019-07-03,0.016500436,0.011522381,0.012650647,0.011355385,0.011539691
2019-10-17,0.016500684,0.0115225315,0.012650827,0.011355535,0.0115398485
2023-12-20,0.016500598,0.011522494,0.012650778,0.011355498,0.011539811
2022-06-16,0.016500583,0.011522466,0.012650754,0.01135547,0.011539783
2024-04-02,0.016500644,0.011522517,0.012650802,0.011355518,0.011539833
2022-11-10,0.016500289,0.011522369,0.012650617,0.011355375,0.01153968
2023-08-10,0.016500622,0.011522473,0.012650766,0.0113554755,0.01153979
2021-01-07,0.016500536,0.011522466,0.012650742,0.01135547,0.011539783
2024-08-25,0.016500684,0.01152251,0.012650808,0.011355515,0.011539827
2019-11-15,0.016500691,0.011522538,0.012650832,0.01135554,0.011539855
2021-11-16,0.016500026,0.011522255,0.0126504805,0.011355267,0.011539571
2021-08-02,0.016500274,0.011522299,0.012650552,0.011355305,0.011539615
2023-03-25,0.016500473,0.011522436,0.012650707,0.011355438,0.011539751
2020-04-26,0.016500644,0.011522517,0.012650808,0.011355518,0.011539833
2020-05-20,0.016500684,0.011522538,0.012650832,0.01135554,0.011539855
2019-08-20,0.01650056,0.0115224505,0.012650736,0.011355454,0.011539762
2019-10-08,0.016500684,0.011522543,0.012650832,0.011355545,0.01153986
2023-10-17,0.016501265,0.011522804,0.012651154,0.011355797,0.011540116
2020-12-13,0.016500622,0.011522505,0.01265079,0.011355508,0.0115398215
2023-11-27,0.016500544,0.011522473,0.012650754,0.0113554755,0.01153979
2021-04-29,0.01650059,0.011522494,0.012650778,0.011355498,0.011539811
2021-06-09,0.016500644,0.01152251,0.012650796,0.011355508,0.0115398215
2021-11-28,0.016499925,0.011522218,0.012650427,0.01135523,0.011539528
2020-06-29,0.016500622,0.0115225,0.012650784,0.0113555025,0.011539817
2022-08-16,0.016500514,0.011522429,0.012650707,0.011355434,0.011539746
2024-07-11,0.01650042,0.011522374,0.012650647,0.01135538,0.011539691
2022-08-29,0.016500048,0.011522185,0.012650415,0.0113551915,0.011539495
2020-10-22,0.016500583,0.0115224775,0.012650761,0.011355482,0.011539794
2022-03-22,0.01650056,0.011522462,0.012650742,0.011355466,0.011539778
2021-02-17,0.016500149,0.011522283,0.012650517,0.011355288,0.011539593
2022-07-23,0.016500311,0.011522277,0.012650541,0.011355283,0.011539593
2024-03-13,0.016500065,0.011522228,0.012650463,0.01135524,0.011539544
2023-03-30,0.016500691,0.011522538,0.012650832,0.01135554,0.011539855
2024-07-02,0.01650059,0.011522466,0.012650754,0.01135547,0.011539783
2021-06-26,0.016500637,0.0115225,0.01265079,0.0113555025,0.011539817
2020-10-13,0.016500622,0.011522494,0.012650784,0.011355498,0.011539811
2019-04-14,0.016500644,0.01152251,0.012650796,0.011355515,0.0115398215
2024-10-01,0.016500505,0.011522429,0.012650707,0.011355434,0.011539746
2019-06-17,0.016500505,0.011522408,0.012650683,0.011355412,0.011539718
2019-09-17,0.016500644,0.011522505,0.012650796,0.011355508,0.0115398215
2019-03-27,0.016500713,0.0115225315,0.012650832,0.011355535,0.0115398485
2024-08-10,0.01650056,0.011522457,0.012650736,0.011355461,0.0115397675
2020-09-09,0.01650059,0.011522446,0.012650736,0.011355449,0.011539762
2024-06-21,0.01650046,0.011522413,0.012650683,0.011355418,0.011539728
2020-04-16,0.01650077,0.011522576,0.012650874,0.011355572,0.011539887
2023-03-04,0.01650032,0.011522402,0.012650653,0.011355406,0.011539718
2022-01-25,0.016500615,0.01152251,0.01265079,0.011355515,0.0115398215
2023-01-07,0.016499408,0.011522,0.012650153,0.011355021,0.01153931
2020-11-29,0.016500583,0.011522489,0.012650773,0.011355491,0.011539805
2024-08-13,0.016500583,0.011522462,0.01265075,0.011355466,0.011539778
2021-06-03,0.016500691,0.011522528,0.01265082,0.011355524,0.011539838
2021-01-19,0.016500443,0.0115224235,0.01265069,0.011355428,0.011539735
2022-12-27,0.01649744,0.011521163,0.012649111,0.011354213,0.011538473
2020-07-02,0.016500637,0.011522505,0.012650796,0.011355508,0.0115398215
2024-11-23,0.01650059,0.011522494,0.012650773,0.011355498,0.011539805
2022-03-18,0.01650045,0.011522418,0.01265069,0.0113554215,0.011539735
2022-09-10,0.016500443,0.011522374,0.012650647,0.01135538,0.011539686
2024-06-07,0.016500514,0.011522457,0.01265073,0.011355461,0.0115397675
2020-08-17,0.016500574,0.0115224505,0.012650736,0.011355454,0.0115397675
2022-12-01,0.016498262,0.011521516,0.012649552,0.01135455,0.011538827
2023-10-19,0.016501125,0.011522734,0.012651069,0.011355728,0.011540051
2022-04-19,0.01650074,0.01152257,0.012650868,0.011355572,0.011539887
2024-07-26,0.016500443,0.011522347,0.0126506295,0.011355353,0.011539663
2024-06-08,0.016500266,0.011522342,0.012650593,0.011355353,0.0115396585
2020-12-02,0.016500615,0.011522505,0.01265079,0.011355508,0.0115398215
2021-06-23,0.01650059,0.011522473,0.012650761,0.0113554755,0.01153979
2024-12-04,0.016500574,0.011522484,0.012650766,0.011355487,0.0115398
2022-07-25,0.016500367,0.011522326,0.012650593,0.011355331,0.011539636
2021-11-25,0.016500065,0.011522272,0.012650498,0.011355283,0.011539588
2022-12-30,0.016498944,0.011521804,0.012649916,0.011354828,0.011539114
2024-08-09,0.016500521,0.011522436,0.012650713,0.011355438,0.011539751
2024-01-20,0.016500529,0.011522462,0.012650736,0.011355466,0.011539778
2024-11-14,0.016500536,0.011522466,0.012650742,0.01135547,0.011539783
2019-11-01,0.016500622,0.011522505,0.01265079,0.011355508,0.011539817
2024-05-27,0.016500544,0.011522446,0.01265073,0.011355449,0.011539762
2023-10-16,0.016501272,0.011522804,0.012651159,0.011355797,0.0115401205
2021-11-18,0.01649998,0.011522239,0.012650456,0.011355252,0.01153955
2024-10-20,0.016500482,0.011522436,0.012650707,0.011355438,0.011539746
2024-12-21,0.01650056,0.0115224775,0.012650761,0.011355482,0.011539794
2020-05-23,0.016500691,0.011522538,0.012650832,0.01135554,0.011539855
2019-05-22,0.016500544,0.011522466,0.012650742,0.01135547,0.011539778
2022-07-21,0.016500274,0.011522255,0.012650517,0.011355261,0.011539571
2022-03-04,0.016499717,0.0115220705,0.012650266,0.011355091,0.011539387
2020-02-12,0.016500473,0.011522439,0.012650707,0.011355445,0.011539751
2019-09-03,0.016500002,0.011522141,0.012650373,0.01135515,0.011539457
2023-07-28,0.016500467,0.0115223965,0.012650671,0.011355401,0.011539713
2024-06-17,0.016498826,0.01152174,0.012649838,0.011354769,0.011539049
2019-12-13,0.016500652,0.011522521,0.012650814,0.011355524,0.011539838
2020-02-17,0.016500358,0.011522381,0.012650643,0.011355391,0.011539697
2021-10-29,0.016500669,0.0115225315,0.01265082,0.011355535,0.0115398485
2020-03-11,0.016500158,0.011522288,0.012650529,0.011355294,0.011539599
2021-05-27,0.016500939,0.011522662,0.012650982,0.011355663,0.01153998
2021-06-01,0.016501015,0.011522695,0.012651023,0.011355691,0.011540007
2024-07-12,0.016500436,0.011522369,0.012650643,0.011355375,0.011539686
2021-06-22,0.016500514,0.011522429,0.012650707,0.011355428,0.01153974
2023-10-23,0.01650101,0.011522684,0.0126510095,0.011355679,0.011540001
2019-06-16,0.016500568,0.011522446,0.01265073,0.011355445,0.011539756
2021-01-26,0.016500236,0.011522326,0.012650569,0.011355331,0.011539636
2021-08-20,0.016500644,0.011522517,0.012650802,0.011355518,0.011539833
2024-08-21,0.016500615,0.011522473,0.012650761,0.0113554755,0.01153979
2024-01-31,0.016500428,0.011522418,0.012650683,0.0113554215,0.011539728
2020-04-07,0.016500914,0.011522641,0.012650957,0.011355637,0.011539958
2022-02-26,0.01649984,0.01152213,0.012650337,0.011355143,0.011539446
2021-04-16,0.016500583,0.011522484,0.012650766,0.011355487,0.0115398
2024-06-14,0.01649786,0.011521305,0.012649301,0.011354347,0.0115386145
2022-08-22,0.016500259,0.011522299,0.012650552,0.011355305,0.011539615
2022-12-09,0.01649837,0.0115215555,0.012649606,0.011354593,0.011538869
2022-02-18,0.016500343,0.011522374,0.012650636,0.01135538,0.011539691
2024-05-05,0.01650046,0.011522429,0.012650696,0.011355434,0.01153974
2021-12-26,0.016500615,0.011522505,0.01265079,0.011355508,0.0115398215
2020-11-24,0.016500544,0.011522466,0.01265075,0.01135547,0.011539783
2020-09-12,0.016500514,0.011522418,0.0126507,0.0113554215,0.011539735
2021-03-14,0.016500713,0.011522555,0.012650849,0.011355557,0.01153987
2022-03-19,0.01650046,0.011522418,0.01265069,0.0113554215,0.011539735
2022-12-02,0.016498415,0.0115215825,0.012649635,0.011354614,0.011538891
2019-11-27,0.016500708,0.011522549,0.012650844,0.011355551,0.01153986
2022-12-31,0.01649837,0.01152156,0.012649606,0.011354593,0.011538869
2019-05-28,0.01650045,0.011522408,0.012650676,0.011355412,0.011539724
2020-11-11,0.01650056,0.0115224775,0.012650754,0.011355482,0.01153979
2023-10-12,0.016501265,0.011522793,0.012651147,0.011355787,0.011540104
2024-02-04,0.016500404,0.011522408,0.012650671,0.011355412,0.011539718
2020-08-28,0.016500615,0.011522466,0.012650761,0.01135547,0.011539783
2021-07-19,0.016500752,0.011522555,0.012650856,0.011355557,0.01153987
2023-11-10,0.016500799,0.011522586,0.012650891,0.011355584,0.0115399035
2021-02-10,0.016499817,0.011522119,0.012650326,0.011355134,0.011539436
2020-01-03,0.016500644,0.011522521,0.012650808,0.011355524,0.011539838
2023-08-20,0.01650084,0.011522586,0.012650898,0.011355588,0.0115399035
2019-10-28,0.016500598,0.011522494,0.012650778,0.011355498,0.011539805
2022-05-27,0.016500669,0.011522484,0.012650784,0.011355487,0.0115398
2022-11-01,0.01650059,0.011522489,0.012650773,0.011355491,0.011539805
2024-08-27,0.016500691,0.011522517,0.012650808,0.011355515,0.011539827
2019-10-05,0.016500676,0.011522538,0.012650827,0.01135554,0.011539855
2024-05-15,0.016500698,0.011522494,0.012650796,0.011355491,0.011539811
2024-07-01,0.016500583,0.011522462,0.01265075,0.011355466,0.011539778
2023-02-18,0.016499197,0.0115219075,0.0126500465,0.01135493,0.011539218
2021-11-14,0.016500026,0.011522255,0.0126504805,0.011355267,0.011539571
2024-02-26,0.016499322,0.011521859,0.012650016,0.011354877,0.011539169
2024-06-29,0.01650056,0.0115224505,0.012650736,0.011355454,0.0115397675
2023-05-07,0.016500607,0.0115225,0.012650784,0.0113555025,0.011539817
2022-09-11,0.016500428,0.011522358,0.0126506295,0.011355364,0.011539673
2021-12-08,0.016500266,0.011522358,0.012650605,0.011355364,0.01153967
2024-06-04,0.016500615,0.0115225,0.012650784,0.0113555025,0.011539817
2024-04-11,0.016500752,0.011522565,0.012650868,0.011355567,0.011539882
2020-02-14,0.016500428,0.011522413,0.012650683,0.0113554215,0.011539728
2020-03-12,0.01650039,0.0115223965,0.012650659,0.011355401,0.011539707
2024-03-21,0.016500482,0.011522436,0.012650707,0.011355438,0.011539751
2024-07-19,0.01650012,0.011522196,0.012650444,0.011355208,0.011539511
2019-04-20,0.016500676,0.0115225315,0.01265082,0.011355535,0.011539842
2023-08-09,0.016500652,0.011522489,0.012650784,0.011355491,0.011539805
2021-12-06,0.016500242,0.011522347,0.012650593,0.011355358,0.011539663
2020-05-14,0.016500762,0.011522576,0.012650874,0.011355572,0.011539887
2022-09-22,0.01650032,0.011522293,0.012650558,0.0113552995,0.011539609
2019-12-22,0.016500644,0.011522521,0.012650808,0.011355524,0.011539833
2019-08-19,0.016500568,0.011522446,0.01265073,0.011355449,0.011539762
2024-03-03,0.0164998,0.011522098,0.012650303,0.011355112,0.011539414
2021-11-12,0.01650004,0.011522261,0.012650487,0.0113552725,0.0115395775
2021-02-13,0.016499778,0.011522104,0.012650307,0.011355118,0.011539419
2024-12-11,0.01650059,0.011522494,0.012650778,0.011355498,0.011539811
2019-04-28,0.016500637,0.011522517,0.012650802,0.011355518,0.011539827
2019-04-06,0.016500676,0.011522517,0.012650808,0.011355518,0.011539833
2020-09-10,0.01650049,0.011522402,0.012650683,0.011355406,0.011539718
2022-03-07,0.016499685,0.011522055,0.012650249,0.011355074,0.01153937
2021-06-16,0.01650077,0.011522494,0.012650814,0.011355491,0.011539811
2022-11-21,0.01649926,0.0115219345,0.012650075,0.011354957,0.011539245
2022-11-24,0.016498981,0.011521821,0.012649933,0.011354844,0.0115391305
2021-05-01,0.016500598,0.0115225,0.012650778,0.0113555025,0.011539811
2021-11-21,0.016499817,0.011522174,0.012650373,0.011355188,0.011539484
2021-10-31,0.016500652,0.011522528,0.012650814,0.0113555305,0.011539842
2019-09-08,0.016500551,0.011522473,0.012650754,0.0113554755,0.01153979
2020-02-07,0.016500544,0.011522473,0.01265075,0.0113554755,0.011539783
2023-11-06,0.016500784,0.011522576,0.012650879,0.011355578,0.011539892
2022-11-07,0.01650042,0.0115224235,0.01265069,0.011355428,0.01153974
2022-05-21,0.01650059,0.011522473,0.012650761,0.0113554755,0.01153979
2022-06-22,0.01650045,0.011522408,0.012650676,0.011355412,0.011539718
2019-11-20,0.016500684,0.011522538,0.012650832,0.01135554,0.011539855
2021-03-21,0.01650084,0.0115226135,0.012650922,0.011355614,0.0115399305
2020-08-10,0.01650056,0.011522457,0.012650736,0.011355461,0.011539772
2024-01-18,0.016500536,0.011522466,0.012650742,0.01135547,0.011539783
2024-02-14,0.016500065,0.011522239,0.012650468,0.011355252,0.011539556
2024-03-18,0.016500404,0.0115223965,0.012650665,0.011355406,0.011539713
2021-10-25,0.016500676,0.0115225315,0.01265082,0.0113555305,0.011539842
2021-04-01,0.016501132,0.011522744,0.012651083,0.011355738,0.011540061
2021-03-24,0.01650121,0.011522793,0.012651142,0.011355787,0.011540109
2020-08-14,0.016500598,0.011522466,0.012650754,0.01135547,0.011539783
2019-04-11,0.016500723,0.011522538,0.012650837,0.01135554,0.011539855
2020-10-25,0.016500551,0.011522466,0.01265075,0.01135547,0.011539783
2024-10-22,0.016500467,0.0115224235,0.012650696,0.011355434,0.01153974
2022-06-21,0.01650042,0.011522391,0.012650665,0.011355401,0.011539707
2020-10-17,0.016500652,0.01152251,0.012650802,0.011355515,0.011539827
2021-04-18,0.016500544,0.011522462,0.012650742,0.011355466,0.011539778
2022-09-18,0.016500352,0.01152232,0.0126505885,0.0113553265,0.011539636
2020-12-19,0.016500598,0.0115225,0.012650784,0.0113555025,0.011539811
2022-03-03,0.016500304,0.011522354,0.012650605,0.011355358,0.01153967
2023-10-31,0.016500846,0.011522602,0.012650915,0.011355605,0.011539919
2021-02-23,0.016500521,0.011522462,0.012650736,0.011355466,0.011539772
2019-10-16,0.016500676,0.0115225315,0.01265082,0.011355535,0.011539842
2022-09-12,0.016500374,0.01152232,0.012650593,0.0113553265,0.011539636
2020-10-24,0.016500551,0.011522466,0.01265075,0.01135547,0.011539783
2019-09-13,0.016500615,0.011522494,0.012650778,0.011355498,0.011539805
2024-06-12,0.016499253,0.011521919,0.012650063,0.011354941,0.011539234
2022-06-27,0.01650046,0.011522391,0.012650665,0.011355396,0.011539701
2024-03-15,0.01650022,0.01152231,0.012650558,0.011355315,0.011539621
2023-01-02,0.01649741,0.0115211485,0.012649093,0.011354197,0.011538457
2023-08-28,0.016501287,0.011522809,0.012651165,0.011355802,0.011540126
2024-11-07,0.01650046,0.0115224235,0.012650696,0.011355434,0.01153974
2019-06-14,0.0165005,0.011522408,0.01265069,0.011355412,0.011539724
2020-11-25,0.01650056,0.0115224775,0.012650754,0.011355482,0.01153979
2019-04-10,0.01650073,0.011522543,0.012650844,0.011355545,0.01153986
2023-02-28,0.016500048,0.011522272,0.012650498,0.011355283,0.011539588
2023-11-08,0.016500799,0.011522586,0.012650891,0.011355584,0.011539897
2019-11-30,0.016500698,0.011522543,0.012650837,0.011355545,0.01153986
2020-03-24,0.016500607,0.011522494,0.012650784,0.011355498,0.011539811
2021-03-13,0.016500676,0.011522538,0.012650827,0.01135554,0.0115398485
2024-01-15,0.016500551,0.0115224775,0.012650754,0.011355482,0.01153979
2023-05-22,0.01650056,0.011522473,0.012650754,0.0113554755,0.01153979
2021-01-17,0.01650045,0.011522429,0.012650696,0.011355434,0.01153974
2021-05-28,0.016501265,0.01152282,0.012651171,0.011355814,0.011540137
2022-05-04,0.016500853,0.01152262,0.0126509275,0.011355614,0.011539935
2020-05-16,0.01650073,0.0115225585,0.012650856,0.011355561,0.0115398755
2023-10-06,0.016501434,0.011522869,0.012651243,0.011355862,0.011540186
2024-09-09,0.016500752,0.011522543,0.012650844,0.01135554,0.011539855
2024-04-16,0.016500691,0.011522543,0.012650837,0.011355545,0.01153986
2024-06-10,0.016499886,0.011522185,0.012650397,0.011355197,0.011539501
2021-09-27,0.016500399,0.011522358,0.0126506295,0.011355364,0.011539673
2019-05-13,0.016500622,0.011522505,0.01265079,0.011355508,0.011539817
2021-12-03,0.016500102,0.011522288,0.012650522,0.0113552995,0.011539604
2023-07-15,0.016500443,0.011522385,0.012650653,0.011355391,0.011539697
2021-07-11,0.01650063,0.011522505,0.012650796,0.011355508,0.0115398215
2020-08-26,0.01650056,0.011522457,0.012650736,0.011355461,0.011539772
2024-12-01,0.016500583,0.011522489,0.012650773,0.011355491,0.011539805
2023-01-24,0.01649789,0.011521348,0.012649348,0.01135439,0.011538663
2021-12-04,0.016500197,0.011522326,0.012650569,0.011355337,0.011539643
2021-02-06,0.01649984,0.011522136,0.012650343,0.01135515,0.011539446
2019-04-24,0.016500644,0.011522517,0.012650808,0.011355518,0.011539833
2021-05-15,0.01650056,0.0115224775,0.012650761,0.011355482,0.011539794
2019-09-18,0.016500723,0.011522543,0.012650844,0.011355545,0.01153986
2019-12-03,0.016500669,0.011522528,0.01265082,0.0113555305,0.011539842
2023-07-26,0.016500529,0.011522436,0.012650713,0.011355438,0.011539751
2019-05-27,0.01650042,0.0115223965,0.012650665,0.011355401,0.011539707
2020-10-05,0.016500583,0.0115224775,0.012650761,0.011355482,0.011539794
2024-05-23,0.016500544,0.011522436,0.012650719,0.011355438,0.011539751
2019-12-10,0.016500661,0.011522528,0.012650814,0.0113555305,0.011539838
2022-12-05,0.016498309,0.011521534,0.012649575,0.011354566,0.011538843
2022-06-28,0.016500443,0.011522374,0.012650647,0.01135538,0.011539691
2020-07-25,0.01650042,0.011522374,0.012650647,0.01135538,0.011539691
2023-05-19,0.01650059,0.011522489,0.012650773,0.011355491,0.011539805
2024-01-05,0.016500607,0.0115225,0.012650784,0.0113555025,0.011539817
2023-12-25,0.016500615,0.0115225,0.012650784,0.0113555025,0.011539817
2023-03-08,0.01650022,0.011522342,0.0126505885,0.011355353,0.0115396585
2024-08-02,0.016500482,0.011522418,0.012650696,0.0113554215,0.011539735
2019-10-31,0.01650063,0.01152251,0.012650796,0.011355515,0.0115398215
2022-12-26,0.016497472,0.01152118,0.012649135,0.011354229,0.011538488
2021-07-18,0.016500713,0.011522543,0.012650837,0.011355545,0.01153986
2020-11-18,0.016500514,0.0115224505,0.012650724,0.011355454,0.0115397675
2022-11-11,0.01650021,0.011522337,0.012650582,0.011355348,0.011539652
2020-03-21,0.016500661,0.011522521,0.012650814,0.011355524,0.011539838
2024-11-12,0.016500505,0.0115224505,0.012650724,0.011355454,0.011539762
2022-04-09,0.016500598,0.011522489,0.012650773,0.011355491,0.011539805
2023-01-08,0.016497737,0.011521289,0.012649271,0.01135433,0.011538598
2019-06-25,0.016500529,0.011522436,0.012650719,0.011355438,0.011539751
2022-04-01,0.016500622,0.011522489,0.012650778,0.011355491,0.011539805
2023-06-10,0.016500367,0.011522365,0.0126506295,0.011355369,0.01153968
2021-07-02,0.016500574,0.011522473,0.012650754,0.0113554755,0.011539783
2019-12-23,0.016500644,0.011522521,0.012650808,0.011355524,0.011539833
2021-10-04,0.016500529,0.0115224235,0.012650707,0.011355428,0.01153974
2022-03-24,0.01650049,0.011522429,0.0126507,0.011355434,0.01153974
2023-07-11,0.016500335,0.011522326,0.0126505885,0.011355331,0.011539636
2019-04-27,0.01650063,0.01152251,0.012650796,0.011355515,0.011539827
2021-01-13,0.0165005,0.0115224505,0.012650724,0.011355454,0.0115397675
2019-12-20,0.016500637,0.011522517,0.012650802,0.011355518,0.011539827
2023-08-29,0.016501248,0.011522788,0.012651142,0.011355781,0.011540104
2023-01-22,0.016497806,0.011521316,0.012649308,0.011354357,0.011538626
2020-09-16,0.016500374,0.011522354,0.012650617,0.011355358,0.01153967
2019-04-30,0.016500637,0.011522517,0.012650802,0.011355518,0.011539833
2023-08-13,0.016500799,0.011522538,0.012650849,0.011355535,0.0115398485
2022-03-01,0.016499864,0.011522147,0.012650355,0.01135516,0.011539457
2021-12-18,0.016500551,0.0115224775,0.012650761,0.011355487,0.011539794
2021-04-30,0.016500574,0.011522484,0.012650766,0.011355491,0.0115398
2024-10-27,0.016500382,0.011522381,0.012650643,0.011355385,0.011539697
2023-12-23,0.016500615,0.0115225,0.012650784,0.0113555025,0.011539817
2022-02-21,0.01650018,0.011522299,0.012650541,0.01135531,0.011539615
2024-05-01,0.016500669,0.0115225315,0.012650827,0.011355535,0.0115398485
2019-10-04,0.016500676,0.011522538,0.012650827,0.011355535,0.0115398485
2022-02-22,0.016500127,0.011522272,0.012650504,0.011355278,0.011539582
2019-12-16,0.016500652,0.011522521,0.012650808,0.011355524,0.011539838
2022-05-20,0.01650059,0.0115224775,0.012650761,0.0113554755,0.01153979
2021-06-07,0.016500644,0.0115225,0.012650796,0.0113555025,0.011539817
2023-11-02,0.016500792,0.011522581,0.012650885,0.011355584,0.011539897
2024-03-20,0.016500436,0.011522418,0.012650683,0.0113554215,0.011539728
2021-11-09,0.016500158,0.01152231,0.012650546,0.011355315,0.011539621
2022-07-02,0.016500352,0.011522293,0.012650564,0.0113552995,0.011539609
2021-10-19,0.016500652,0.01152251,0.012650802,0.011355515,0.011539827
2023-02-12,0.01649824,0.011521485,0.012649521,0.011354524,0.011538799
2023-05-31,0.016500615,0.011522505,0.01265079,0.011355508,0.0115398215
2019-08-27,0.016500236,0.011522272,0.012650529,0.011355278,0.011539588
2019-05-20,0.016500615,0.011522494,0.012650784,0.011355498,0.011539811
2020-03-10,0.016500158,0.011522288,0.012650529,0.011355294,0.011539599
2022-08-08,0.016500521,0.011522439,0.012650719,0.011355445,0.011539751
2022-05-12,0.016500708,0.011522555,0.012650849,0.011355557,0.01153987
2019-11-28,0.016500708,0.011522549,0.012650837,0.011355545,0.01153986
2022-09-24,0.01650021,0.011522228,0.012650487,0.01135524,0.011539544
2022-03-09,0.016499972,0.011522191,0.012650415,0.011355204,0.011539506
2022-07-27,0.016500404,0.011522347,0.012650617,0.011355353,0.011539663
2023-02-15,0.016498385,0.011521549,0.012649599,0.011354581,0.011538859
2022-12-15,0.01649814,0.011521463,0.012649486,0.011354496,0.011538773
2021-03-25,0.01650121,0.011522804,0.012651147,0.011355797,0.0115401205
2021-08-22,0.01650059,0.011522489,0.012650773,0.011355491,0.0115398
2021-12-14,0.01650046,0.011522439,0.012650713,0.011355449,0.011539756
2021-12-24,0.016500598,0.0115225,0.012650784,0.0113555025,0.011539817
2021-10-18,0.016500691,0.0115225315,0.012650827,0.0113555305,0.011539842
2023-02-11,0.016498052,0.011521408,0.012649422,0.011354442,0.011538718
2021-05-18,0.016500574,0.011522489,0.012650773,0.011355491,0.011539805
2024-10-19,0.016500521,0.0115224505,0.01265073,0.011355454,0.0115397675
2023-03-26,0.016500723,0.011522549,0.012650844,0.011355545,0.01153986
2021-03-10,0.016500698,0.011522543,0.012650837,0.011355545,0.01153986
2023-02-05,0.016499545,0.011522055,0.012650224,0.011355074,0.01153937
2021-05-20,0.01650059,0.0115225,0.012650778,0.0113555025,0.011539811
2021-11-24,0.01650008,0.011522283,0.01265051,0.011355288,0.011539593
2022-12-07,0.016498392,0.011521566,0.012649616,0.011354598,0.011538875
2021-05-06,0.016500583,0.011522494,0.012650778,0.011355498,0.011539811
2021-07-27,0.016500514,0.011522418,0.0126507,0.0113554215,0.011539735
2022-04-10,0.016500652,0.011522517,0.012650808,0.011355518,0.011539833
2023-06-11,0.01650042,0.011522391,0.012650659,0.011355401,0.011539707
2020-08-08,0.016500568,0.011522462,0.012650742,0.011355466,0.011539772
2021-03-22,0.016500946,0.011522668,0.012650986,0.011355668,0.0115399845
2023-12-28,0.016500598,0.0115225,0.012650784,0.0113555025,0.011539811
2024-01-16,0.016500544,0.011522473,0.01265075,0.0113554755,0.011539783
2021-04-08,0.016500708,0.011522538,0.012650832,0.01135554,0.011539855
2019-09-22,0.016500698,0.011522528,0.01265082,0.011355524,0.011539838
2023-08-07,0.016500607,0.011522473,0.012650761,0.0113554755,0.011539783
2022-01-07,0.016500637,0.011522517,0.012650802,0.011355518,0.011539833
2019-10-18,0.016500661,0.011522521,0.012650808,0.011355524,0.011539833
2024-04-04,0.016500684,0.011522538,0.012650832,0.01135554,0.011539855
2021-09-28,0.01650032,0.011522337,0.012650593,0.011355342,0.011539647
2019-12-07,0.016500669,0.011522528,0.01265082,0.0113555305,0.011539842
2023-06-24,0.016500399,0.011522374,0.012650643,0.01135538,0.011539691
2023-05-04,0.01650059,0.011522494,0.012650778,0.011355498,0.011539811
2019-09-14,0.01650059,0.011522484,0.012650766,0.011355482,0.011539794
2020-04-04,0.016500669,0.011522528,0.012650814,0.011355524,0.011539838
2019-09-21,0.016500669,0.011522517,0.012650808,0.011355518,0.011539833
2024-08-30,0.016500808,0.0115225585,0.012650868,0.011355557,0.0115398755
2020-08-19,0.016500536,0.011522436,0.012650713,0.011355438,0.011539746
2022-05-22,0.016500598,0.011522473,0.012650761,0.01135547,0.011539783
2019-05-09,0.016500615,0.0115225,0.012650784,0.0113555025,0.011539811
2023-03-14,0.016500536,0.011522484,0.012650761,0.011355487,0.0115398
2019-05-25,0.01650049,0.011522439,0.012650713,0.011355445,0.011539751
2021-06-11,0.016500652,0.011522505,0.012650796,0.0113555025,0.011539817
2019-09-19,0.016500698,0.0115225315,0.012650832,0.011355535,0.0115398485
2024-07-03,0.016500551,0.011522457,0.012650736,0.011355461,0.011539772
2022-08-30,0.016500166,0.0115222335,0.012650475,0.01135524,0.011539544
2021-09-09,0.016500473,0.011522408,0.012650683,0.011355412,0.011539724
2019-05-06,0.016500637,0.011522517,0.012650802,0.011355518,0.011539827
2019-04-23,0.016500661,0.011522528,0.01265082,0.0113555305,0.011539842
2021-04-19,0.016500536,0.011522457,0.012650736,0.011355461,0.011539772
2020-09-21,0.016500335,0.011522331,0.012650593,0.011355342,0.011539647
2021-01-30,0.016500026,0.011522223,0.012650451,0.011355235,0.011539538
2023-02-14,0.0164982,0.0115214735,0.012649503,0.011354512,0.011538788
2022-07-14,0.016500251,0.011522228,0.012650487,0.01135523,0.011539538
2024-02-27,0.01649981,0.011522104,0.012650307,0.011355118,0.011539419
2023-02-27,0.016500019,0.011522255,0.0126504805,0.011355267,0.011539571
2020-03-23,0.016500615,0.0115225,0.012650784,0.0113555025,0.011539811
2024-08-19,0.016500637,0.0115224775,0.012650773,0.011355482,0.011539794
2023-03-11,0.016500367,0.011522413,0.012650671,0.011355418,0.011539724
2024-11-01,0.016500382,0.011522381,0.012650647,0.011355385,0.011539697
2023-09-23,0.016501456,0.01152289,0.012651261,0.011355877,0.011540207
2022-06-15,0.016500583,0.011522473,0.012650761,0.0113554755,0.01153979
2023-10-29,0.016500877,0.01152262,0.012650933,0.011355614,0.0115399305
2021-08-24,0.016500637,0.011522505,0.012650796,0.011355508,0.0115398215
2024-03-06,0.016499786,0.011522092,0.012650295,0.011355107,0.011539402
2020-01-25,0.01650063,0.01152251,0.012650796,0.011355515,0.011539827
2019-08-15,0.016500574,0.011522457,0.012650742,0.011355461,0.011539772
2020-02-26,0.01649994,0.0115221795,0.012650397,0.0113551915,0.011539495
2020-07-18,0.016500467,0.011522402,0.012650676,0.011355406,0.011539718
2019-08-22,0.016500536,0.011522429,0.012650713,0.011355428,0.01153974
2021-02-09,0.016499786,0.011522108,0.012650307,0.011355123,0.011539419
2019-10-12,0.016500698,0.011522549,0.012650844,0.011355551,0.011539864
2022-03-06,0.016499639,0.011522038,0.012650224,0.011355053,0.0115393475
2021-07-25,0.016500521,0.011522418,0.0126507,0.0113554215,0.011539735
2023-12-02,0.016500568,0.011522484,0.012650761,0.011355487,0.011539794
2023-07-21,0.01650046,0.011522385,0.012650659,0.011355391,0.011539697
2022-09-13,0.016500281,0.011522266,0.012650529,0.0113552725,0.0115395775
2021-04-22,0.01650059,0.011522494,0.012650773,0.011355498,0.011539805
2023-09-19,0.016501464,0.01152289,0.012651267,0.011355883,0.011540207
2020-05-15,0.016500752,0.01152257,0.012650868,0.011355572,0.011539887
2020-04-30,0.016500652,0.011522521,0.012650814,0.011355524,0.011539838
2023-03-27,0.016500514,0.011522457,0.01265073,0.011355461,0.011539772
2019-09-16,0.016500574,0.011522473,0.012650761,0.0113554755,0.01153979
2021-03-30,0.016501326,0.011522847,0.012651208,0.011355841,0.011540164
2023-05-06,0.016500583,0.011522489,0.012650773,0.011355491,0.011539805
2019-10-20,0.016500652,0.011522521,0.012650808,0.011355518,0.011539833
2024-08-29,0.016500723,0.011522521,0.01265082,0.011355524,0.011539838
2022-01-21,0.01650063,0.01152251,0.012650796,0.011355515,0.011539827
2021-11-15,0.016499965,0.011522228,0.012650444,0.01135524,0.011539544
2022-11-29,0.01649827,0.011521516,0.012649557,0.011354556,0.0115388315
2022-05-11,0.016500723,0.0115225585,0.012650856,0.011355561,0.0115398755
2024-11-10,0.016500473,0.011522436,0.012650707,0.011355438,0.011539751
2019-04-22,0.016500652,0.011522521,0.012650814,0.011355524,0.011539838
2021-09-22,0.016500521,0.011522439,0.012650719,0.011355445,0.011539751
2024-08-08,0.016500536,0.011522446,0.012650724,0.011355449,0.011539756
2020-09-15,0.01650042,0.011522374,0.012650647,0.01135538,0.011539691
2019-10-03,0.016500698,0.011522549,0.012650844,0.011355551,0.011539864
2024-03-26,0.016500521,0.011522457,0.01265073,0.011355461,0.011539772
2019-07-14,0.01650049,0.011522408,0.012650683,0.011355412,0.011539718
2024-05-25,0.016500529,0.011522436,0.012650713,0.011355438,0.011539746
2019-12-11,0.016500661,0.011522528,0.012650814,0.0113555305,0.011539838
2020-07-05,0.016500598,0.011522484,0.012650766,0.011355487,0.0115398
2022-06-10,0.01650056,0.0115224775,0.012650761,0.011355482,0.01153979
2021-08-27,0.016500583,0.011522473,0.012650761,0.0113554755,0.01153979
2021-12-25,0.016500615,0.011522505,0.01265079,0.011355508,0.0115398215
2024-10-17,0.016500467,0.0115224235,0.012650696,0.011355428,0.01153974
2021-11-19,0.016499886,0.0115222,0.012650409,0.011355213,0.011539516
2020-03-13,0.016500311,0.011522358,0.012650617,0.011355369,0.011539673
2021-06-18,0.016500808,0.011522494,0.012650827,0.011355491,0.011539811
2022-12-23,0.01649762,0.01152124,0.012649212,0.011354287,0.011538554
2019-07-28,0.016500536,0.011522446,0.012650724,0.011355449,0.011539762
2022-06-12,0.016500568,0.011522466,0.012650754,0.01135547,0.011539783
2024-04-21,0.016500853,0.01152262,0.0126509275,0.011355614,0.0115399305
2021-08-30,0.016500505,0.0115224235,0.0126507,0.011355428,0.011539735
2023-11-14,0.016500669,0.011522528,0.01265082,0.0113555305,0.011539842
2020-10-31,0.016500568,0.0115224775,0.012650761,0.011355482,0.011539794
2023-03-12,0.016500382,0.011522418,0.012650676,0.0113554215,0.011539728
2021-06-04,0.016500698,0.011522528,0.012650827,0.011355524,0.011539838
2023-07-01,0.0165005,0.011522354,0.012650647,0.011355353,0.01153967
2024-02-09,0.016500242,0.011522326,0.012650569,0.011355331,0.011539636
2021-07-28,0.016500521,0.0115224235,0.012650707,0.011355428,0.01153974
2022-02-25,0.016499896,0.011522158,0.012650373,0.011355171,0.011539473
2023-11-26,0.016500529,0.011522462,0.012650742,0.01135547,0.011539778
2022-04-25,0.016500698,0.011522549,0.012650844,0.011355551,0.011539864
2020-01-23,0.016500637,0.011522517,0.012650802,0.011355518,0.011539827
2019-10-21,0.016500644,0.011522517,0.012650808,0.011355518,0.011539833
2019-06-15,0.016500529,0.0115224235,0.012650707,0.011355428,0.01153974
2021-01-11,0.016500505,0.011522457,0.01265073,0.011355461,0.0115397675
2024-04-10,0.016500745,0.011522565,0.012650862,0.011355567,0.011539882
2024-11-26,0.016500568,0.0115224775,0.012650761,0.011355487,0.011539794
2024-11-05,0.016500436,0.011522413,0.012650683,0.011355418,0.011539728
2019-09-01,0.016500048,0.011522169,0.012650403,0.011355176,0.011539479
2022-09-15,0.016500236,0.01152225,0.012650504,0.011355257,0.011539566
2020-12-01,0.016500622,0.011522505,0.01265079,0.011355508,0.0115398215
2021-06-19,0.016500669,0.011522462,0.012650766,0.011355461,0.011539778
2022-03-28,0.01650077,0.011522549,0.012650856,0.011355551,0.011539864
2019-03-31,0.016501103,0.011522706,0.012651047,0.011355701,0.011540017
2020-02-04,0.01650059,0.011522494,0.012650773,0.011355498,0.011539805
2022-11-15,0.016500048,0.011522266,0.012650492,0.011355278,0.011539582
2022-08-01,0.016500568,0.011522457,0.012650742,0.011355461,0.011539772
2022-05-31,0.016500529,0.011522462,0.012650742,0.01135547,0.011539778
2023-07-08,0.016500598,0.011522436,0.01265073,0.011355438,0.011539751
2020-07-07,0.016500521,0.011522446,0.012650724,0.011355449,0.011539762
2023-07-20,0.016500505,0.011522418,0.012650696,0.0113554215,0.011539735
2022-08-10,0.016500536,0.011522439,0.012650719,0.011355445,0.011539756
2020-11-27,0.016500574,0.011522484,0.012650766,0.011355487,0.0115398
2019-05-26,0.016500551,0.011522462,0.012650742,0.011355466,0.011539778
2020-10-09,0.01650063,0.0115225,0.01265079,0.0113555025,0.011539817
2020-02-16,0.016500382,0.011522391,0.012650653,0.011355401,0.011539707
2022-05-26,0.016500713,0.011522489,0.012650802,0.011355491,0.011539805
2021-02-04,0.016499918,0.011522174,0.0126503855,0.011355188,0.011539484
2021-08-13,0.016500289,0.011522303,0.012650564,0.011355315,0.011539621
2020-12-20,0.016500598,0.0115225,0.012650778,0.0113555025,0.011539811
2024-09-12,0.016500752,0.011522549,0.012650849,0.011355551,0.011539864
2019-05-31,0.016500784,0.01152257,0.012650874,0.011355572,0.011539887
2024-02-13,0.016500141,0.011522277,0.012650517,0.011355288,0.011539593
2019-10-19,0.016500676,0.0115225315,0.01265082,0.011355535,0.011539842
2024-10-12,0.016500529,0.0115224505,0.01265073,0.011355454,0.0115397675
2021-10-01,0.016500443,0.011522391,0.012650665,0.011355396,0.011539707
2020-05-02,0.016500661,0.011522528,0.012650814,0.0113555305,0.011539842
2020-01-28,0.016500622,0.011522505,0.01265079,0.011355508,0.0115398215
2020-06-26,0.016500661,0.011522517,0.012650808,0.011355518,0.011539833
2023-11-11,0.01650077,0.011522576,0.012650874,0.011355572,0.011539887
2020-11-10,0.016500574,0.011522484,0.012650766,0.011355487,0.0115398
2023-11-16,0.016500615,0.011522505,0.01265079,0.011355508,0.011539817
2023-11-24,0.016500536,0.011522466,0.012650742,0.01135547,0.011539783
2021-03-29,0.016501417,0.011522901,0.012651272,0.011355893,0.011540219
2021-03-09,0.016500684,0.011522538,0.012650827,0.011355535,0.0115398485
2024-06-16,0.016498812,0.011521729,0.012649826,0.011354753,0.011539038
2023-05-14,0.016500574,0.011522484,0.012650766,0.011355487,0.0115398
2023-10-03,0.016501326,0.011522816,0.012651177,0.011355808,0.011540131
2021-01-18,0.016500436,0.011522418,0.012650683,0.0113554215,0.011539735
2019-12-30,0.016500652,0.011522521,0.012650808,0.011355524,0.011539838
2021-03-19,0.01650084,0.0115226135,0.012650922,0.011355614,0.0115399305
2023-01-09,0.01649741,0.011521153,0.012649099,0.011354202,0.011538462
2020-09-02,0.01650063,0.011522484,0.012650778,0.011355487,0.0115398
2022-04-22,0.016500637,0.011522521,0.012650808,0.011355524,0.011539838
2024-06-05,0.01650056,0.011522473,0.012650754,0.0113554755,0.011539783
2019-11-13,0.016500676,0.0115225315,0.012650827,0.011355535,0.0115398485
2023-10-21,0.016501024,0.011522684,0.012651016,0.011355684,0.011540001
2022-11-22,0.01649916,0.011521893,0.012650022,0.011354914,0.011539207
2020-09-07,0.01650056,0.011522439,0.012650724,0.011355445,0.011539756
2021-10-22,0.01650059,0.011522489,0.012650773,0.011355491,0.0115398
2024-01-11,0.016500574,0.011522489,0.012650766,0.011355491,0.0115398
2023-03-21,0.016500482,0.011522429,0.0126507,0.011355434,0.01153974
2024-05-06,0.016500505,0.0115224505,0.012650724,0.011355454,0.0115397675
2022-12-08,0.016498378,0.01152156,0.012649606,0.011354593,0.011538869
2022-05-05,0.016500799,0.011522598,0.012650903,0.011355598,0.011539914
2019-11-06,0.016500644,0.011522517,0.012650808,0.011355518,0.011539833
2021-05-22,0.01650059,0.011522494,0.012650773,0.011355498,0.011539805
2021-03-31,0.016501117,0.011522749,0.012651088,0.011355744,0.0115400655
2021-01-21,0.01650042,0.011522413,0.012650676,0.011355418,0.011539728
2022-01-27,0.016500622,0.01152251,0.012650796,0.011355515,0.011539827
2023-08-04,0.016500598,0.011522462,0.01265075,0.011355466,0.011539778
2022-11-16,0.016499901,0.0115222065,0.012650415,0.011355219,0.011539523
2024-06-15,0.016497882,0.011521316,0.01264932,0.011354357,0.01153863
2023-02-06,0.016498446,0.011521593,0.012649647,0.011354625,0.011538902
2020-12-16,0.016500607,0.0115225,0.012650784,0.011355508,0.011539817
2023-02-03,0.016497549,0.011521213,0.012649176,0.011354261,0.011538521
2023-08-11,0.016500598,0.0115224505,0.012650742,0.011355454,0.0115397675
2024-12-25,0.01650056,0.0115224775,0.012650754,0.011355482,0.01153979
2023-12-19,0.016500583,0.011522489,0.012650773,0.011355491,0.011539805
2021-07-20,0.016500713,0.011522538,0.012650832,0.011355535,0.0115398485
2019-11-18,0.016500684,0.011522538,0.012650832,0.01135554,0.011539855
2024-12-20,0.016500574,0.011522484,0.012650766,0.011355487,0.0115398
2020-11-06,0.016500598,0.011522494,0.012650778,0.011355498,0.011539811
2021-02-12,0.01649974,0.011522087,0.012650283,0.011355101,0.011539398
2022-01-30,0.016500598,0.0115225,0.012650784,0.0113555025,0.011539817
2022-06-03,0.01650056,0.011522484,0.012650761,0.011355487,0.011539794
2022-03-15,0.01650045,0.011522413,0.012650683,0.011355418,0.011539728
2020-07-04,0.016500615,0.011522494,0.012650778,0.011355498,0.011539805
2019-04-25,0.01650063,0.01152251,0.012650796,0.011355515,0.011539827
2023-04-14,0.016500598,0.01152251,0.012650796,0.011355515,0.011539827
2020-07-20,0.016500404,0.011522358,0.012650623,0.011355364,0.01153967
2023-02-21,0.016499748,0.011522152,0.012650343,0.011355165,0.011539468
2020-04-17,0.016500752,0.011522565,0.012650868,0.011355567,0.011539882
2019-09-30,0.016500684,0.011522538,0.012650832,0.01135554,0.011539855
2021-09-13,0.016500551,0.011522439,0.012650724,0.011355445,0.011539756
2021-03-16,0.01650074,0.011522565,0.012650862,0.011355567,0.011539882
2020-01-04,0.016500644,0.011522521,0.012650808,0.011355524,0.011539838
2022-04-21,0.016500661,0.0115225315,0.01265082,0.011355535,0.0115398485
2022-01-04,0.01650063,0.011522517,0.012650802,0.011355518,0.011539827
2021-12-20,0.01650059,0.011522494,0.012650778,0.011355498,0.011539811
2023-10-10,0.016501334,0.011522826,0.012651183,0.011355814,0.011540137
2024-05-03,0.016500615,0.011522505,0.01265079,0.011355508,0.011539817
2023-06-14,0.01650039,0.011522385,0.012650653,0.011355391,0.011539701
2019-08-18,0.01650059,0.011522457,0.01265075,0.011355461,0.011539772
2020-05-30,0.016500713,0.011522517,0.01265082,0.011355518,0.011539833
2021-04-12,0.016500615,0.011522494,0.012650778,0.011355498,0.011539811
2020-07-13,0.016500622,0.0115224505,0.01265075,0.011355449,0.0115397675
2022-04-12,0.016500615,0.01152251,0.012650796,0.011355515,0.011539827
2023-10-09,0.016501373,0.011522842,0.012651208,0.011355835,0.011540159
2022-08-25,0.016499994,0.011522163,0.01265039,0.011355176,0.011539479
2023-03-24,0.01650056,0.011522462,0.012650742,0.011355466,0.011539778
2021-01-06,0.016500536,0.011522466,0.012650742,0.01135547,0.011539783
2024-09-10,0.016500745,0.011522543,0.012650844,0.011355545,0.01153986
2019-10-23,0.016500622,0.011522505,0.01265079,0.011355508,0.011539817
2023-03-19,0.016500574,0.011522484,0.012650766,0.011355487,0.0115398
2024-01-08,0.016500574,0.011522484,0.012650766,0.011355487,0.0115398
2023-03-17,0.016500382,0.011522402,0.012650665,0.011355406,0.011539718
2020-03-27,0.016500644,0.01152251,0.012650802,0.011355515,0.011539827
2020-08-18,0.016500574,0.0115224505,0.012650736,0.011355454,0.0115397675
2024-11-15,0.016500529,0.011522462,0.012650742,0.011355466,0.011539778
2024-03-10,0.016499933,0.011522169,0.0126503855,0.011355182,0.011539479
2020-08-31,0.01650063,0.011522494,0.012650784,0.011355498,0.011539805
2019-11-08,0.016500661,0.011522528,0.012650814,0.0113555305,0.011539838
2022-04-13,0.016500622,0.01152251,0.012650796,0.011355515,0.011539827
2022-01-02,0.016500622,0.01152251,0.012650796,0.011355515,0.0115398215
2020-02-19,0.016500328,0.011522365,0.012650623,0.011355375,0.01153968
2021-11-22,0.016499817,0.011522169,0.012650373,0.011355188,0.011539484
2021-03-23,0.016500993,0.01152269,0.0126510095,0.011355684,0.011540001
2022-02-13,0.01650049,0.0115224505,0.012650719,0.011355454,0.011539762
2019-10-15,0.016500691,0.011522543,0.012650832,0.01135554,0.011539855
2020-08-16,0.016500514,0.011522418,0.0126507,0.0113554215,0.011539735
2024-05-12,0.016500514,0.011522429,0.012650713,0.011355434,0.011539746
2019-07-15,0.016500544,0.011522439,0.012650724,0.011355445,0.011539756
2019-07-18,0.016500536,0.011522439,0.012650719,0.011355445,0.011539756
2022-05-23,0.016500622,0.011522473,0.012650766,0.0113554755,0.01153979
2021-12-01,0.016500002,0.01152225,0.012650468,0.011355257,0.01153956
2021-10-03,0.016500436,0.011522374,0.012650653,0.01135538,0.011539691
2021-10-08,0.016500598,0.011522473,0.012650761,0.0113554755,0.01153979
2019-11-29,0.016500691,0.011522538,0.012650832,0.01135554,0.011539855
2022-03-10,0.01650022,0.011522315,0.012650558,0.011355321,0.011539626
2021-05-21,0.016500583,0.011522494,0.012650773,0.011355498,0.011539805
2021-11-27,0.016500002,0.01152225,0.012650468,0.011355257,0.01153956
2020-01-26,0.01650063,0.011522517,0.012650802,0.011355518,0.011539827
2019-12-24,0.016500652,0.011522521,0.012650814,0.011355524,0.011539838
2023-03-29,0.016500676,0.0115225315,0.012650827,0.011355535,0.0115398485
2021-12-31,0.016500615,0.011522505,0.01265079,0.011355508,0.0115398215
2023-07-19,0.016500568,0.011522466,0.01265075,0.01135547,0.011539778
2019-04-04,0.01650063,0.011522494,0.012650784,0.011355491,0.011539805
2021-12-21,0.016500583,0.011522494,0.012650773,0.011355498,0.011539811
2024-08-14,0.01650059,0.011522462,0.01265075,0.011355466,0.011539778
2024-07-27,0.01650042,0.011522354,0.012650623,0.011355353,0.011539663
2024-09-20,0.016500644,0.011522489,0.012650784,0.011355491,0.011539805
2021-11-20,0.016499965,0.0115222335,0.012650451,0.0113552455,0.011539544
2023-08-24,0.016501164,0.011522744,0.012651088,0.011355738,0.011540061
2024-03-17,0.016500352,0.011522374,0.012650636,0.01135538,0.011539686
2021-09-07,0.016500473,0.011522408,0.012650683,0.011355412,0.011539718
2022-05-13,0.016500676,0.011522538,0.012650832,0.01135554,0.011539855
2019-11-11,0.016500669,0.0115225315,0.01265082,0.0113555305,0.011539842
2023-06-09,0.016500374,0.011522365,0.0126506295,0.011355369,0.01153968
2023-05-10,0.016500574,0.011522489,0.012650766,0.011355491,0.0115398
2020-02-10,0.016500514,0.011522457,0.01265073,0.011355461,0.011539772
2019-09-27,0.01650063,0.011522505,0.012650796,0.011355508,0.0115398215
2021-10-14,0.01650097,0.011522662,0.012650986,0.011355658,0.01153998
2021-06-02,0.016500762,0.011522565,0.012650868,0.011355567,0.011539882
2023-04-20,0.016500574,0.011522489,0.012650773,0.011355491,0.011539805
2022-01-13,0.01650063,0.011522517,0.012650802,0.011355518,0.011539827
2024-08-04,0.016500544,0.011522446,0.012650724,0.011355449,0.011539762
2022-01-31,0.01650059,0.0115225,0.012650778,0.0113555025,0.011539811
2022-05-28,0.016500536,0.0115224505,0.01265073,0.011355454,0.0115397675
2024-06-26,0.016500598,0.011522462,0.012650754,0.011355466,0.011539778
2021-12-15,0.016500443,0.011522436,0.0126507,0.011355438,0.011539751
2021-02-15,0.016500019,0.011522218,0.012650444,0.01135523,0.011539533
2020-12-14,0.016500615,0.011522505,0.01265079,0.011355508,0.0115398215
2021-12-19,0.01650059,0.011522494,0.012650778,0.011355498,0.011539811
2024-11-11,0.016500482,0.011522439,0.012650707,0.011355445,0.011539751
2023-10-30,0.01650087,0.0115226135,0.0126509275,0.01135561,0.0115399305
2022-09-28,0.01650032,0.011522303,0.012650564,0.01135531,0.011539615
2023-09-13,0.016501373,0.011522831,0.012651195,0.011355824,0.011540148
2019-05-29,0.016500529,0.011522446,0.012650724,0.011355449,0.011539756
2022-06-20,0.016500467,0.011522413,0.01265069,0.011355418,0.011539728
2023-03-02,0.016500134,0.01152231,0.012650546,0.011355321,0.011539626
2023-10-07,0.016501356,0.011522831,0.012651195,0.011355824,0.011540148
2020-03-03,0.016499437,0.01152194,0.012650105,0.011354957,0.011539251
2022-01-28,0.016500615,0.01152251,0.012650796,0.011355515,0.0115398215
2020-06-14,0.01650059,0.011522462,0.01265075,0.011355466,0.011539778
2020-01-24,0.01650063,0.011522517,0.012650802,0.011355518,0.011539827
2019-07-11,0.016500436,0.011522365,0.012650643,0.011355369,0.01153968
2023-01-29,0.016498215,0.011521494,0.012649529,0.011354528,0.0115388045
2020-05-11,0.016500723,0.011522555,0.012650849,0.011355557,0.01153987
2022-04-30,0.016500792,0.011522602,0.012650903,0.011355598,0.011539914
2023-05-08,0.01650059,0.011522489,0.012650773,0.011355491,0.011539805
2022-02-10,0.016500536,0.011522473,0.01265075,0.0113554755,0.011539783
2022-08-17,0.016500521,0.011522436,0.012650713,0.011355438,0.011539751
2019-11-12,0.016500669,0.011522528,0.01265082,0.0113555305,0.011539842
2019-05-10,0.016500615,0.0115225,0.012650784,0.0113555025,0.011539817
2023-11-30,0.01650056,0.0115224775,0.012650761,0.011355482,0.011539794
2022-03-11,0.016500343,0.011522369,0.0126506295,0.011355375,0.011539686
2023-12-07,0.016500568,0.0115224775,0.012650761,0.011355482,0.011539794
2021-03-27,0.016501086,0.011522761,0.012651088,0.011355754,0.011540072
2021-08-11,0.01650018,0.0115222335,0.0126504805,0.01135524,0.01153955
2023-12-16,0.01650059,0.011522494,0.012650773,0.011355498,0.011539805
2021-06-29,0.016500622,0.0115225,0.012650784,0.0113555025,0.011539811
2022-09-05,0.016500399,0.011522342,0.012650612,0.011355348,0.0115396585
2019-06-04,0.016500777,0.011522565,0.012650874,0.011355567,0.011539882
2019-12-29,0.016500644,0.011522521,0.012650808,0.011355524,0.011539838
2021-05-09,0.016500551,0.0115224775,0.012650754,0.011355482,0.011539794
2019-08-17,0.01650059,0.011522457,0.01265075,0.011355461,0.011539772
2023-06-18,0.016500514,0.011522446,0.012650724,0.011355449,0.011539762
2021-07-31,0.016500505,0.0115224235,0.0126507,0.011355428,0.01153974
2021-12-27,0.016500615,0.011522505,0.01265079,0.011355508,0.0115398215
2020-02-03,0.016500583,0.011522489,0.012650773,0.011355491,0.011539805
2023-08-30,0.016501233,0.011522782,0.01265113,0.011355776,0.011540099
2020-08-25,0.016500521,0.011522436,0.012650713,0.011355438,0.011539751
2021-08-21,0.016500615,0.0115225,0.012650784,0.0113555025,0.011539811
2023-01-27,0.016497713,0.011521278,0.01264926,0.01135432,0.011538587
2021-11-13,0.01650004,0.011522261,0.0126504805,0.011355267,0.011539571
2023-08-25,0.016501233,0.011522776,0.01265113,0.011355771,0.011540093
2022-01-18,0.01650063,0.01152251,0.012650796,0.011355515,0.011539827
2019-06-26,0.016500467,0.011522408,0.012650683,0.011355412,0.011539724
2022-03-25,0.016500583,0.011522462,0.01265075,0.011355466,0.011539778
2022-08-14,0.016500443,0.0115223965,0.012650665,0.011355401,0.011539707
2020-11-08,0.016500598,0.011522494,0.012650778,0.011355498,0.011539811
2024-10-13,0.016500514,0.011522446,0.012650719,0.011355449,0.011539762
2024-02-29,0.01649981,0.011522104,0.012650314,0.011355118,0.011539419
2023-07-05,0.016500583,0.011522391,0.012650696,0.011355391,0.011539701
2019-07-04,0.016500404,0.011522365,0.0126506295,0.011355369,0.01153968
2019-06-05,0.016500669,0.011522505,0.012650802,0.011355508,0.0115398215
2023-04-07,0.016500652,0.011522528,0.01265082,0.0113555305,0.011539842
2021-02-26,0.016500583,0.011522489,0.012650773,0.011355491,0.011539805
2020-02-24,0.016500095,0.011522255,0.012650487,0.011355267,0.011539571
2024-12-17,0.016500583,0.011522489,0.012650766,0.011355491,0.0115398
2024-06-02,0.016500745,0.0115225585,0.012650856,0.011355561,0.0115398755
2024-09-16,0.016500669,0.011522505,0.012650802,0.011355508,0.0115398215
2019-10-06,0.016500698,0.011522549,0.012650844,0.011355551,0.011539864
2021-03-06,0.016500652,0.011522521,0.012650814,0.011355524,0.011539838
2024-05-21,0.016500684,0.011522446,0.012650761,0.011355445,0.011539762
2020-08-11,0.016500583,0.011522466,0.01265075,0.01135547,0.011539783
2021-10-16,0.016500909,0.011522636,0.012650951,0.011355637,0.011539952
2022-01-06,0.016500637,0.011522517,0.012650802,0.011355518,0.011539833
2020-11-28,0.016500568,0.011522484,0.012650761,0.011355487,0.011539794
2019-05-16,0.016500615,0.0115225,0.012650784,0.0113555025,0.011539817
2024-04-13,0.01650074,0.011522565,0.012650862,0.011355561,0.0115398755
2020-07-14,0.01650056,0.011522429,0.012650719,0.011355434,0.011539746
2019-12-14,0.016500652,0.011522528,0.012650814,0.0113555305,0.011539838
2019-09-23,0.016500615,0.011522484,0.012650773,0.011355487,0.0115398
2023-06-26,0.016500399,0.011522358,0.0126506295,0.011355364,0.011539673
2020-06-06,0.016500637,0.01152251,0.012650802,0.011355515,0.011539827
2021-06-28,0.016500615,0.011522494,0.012650778,0.011355498,0.011539805
2022-11-04,0.016500536,0.011522466,0.01265075,0.01135547,0.011539783
2020-02-11,0.01650049,0.011522446,0.012650719,0.011355449,0.011539756
2023-04-15,0.016500583,0.011522505,0.012650784,0.011355508,0.011539817
2021-12-23,0.01650059,0.011522494,0.012650778,0.011355498,0.011539811
2022-08-11,0.016500521,0.011522436,0.012650713,0.011355438,0.011539751
2019-11-17,0.016500684,0.011522538,0.012650827,0.01135554,0.0115398485
2019-08-29,0.016500304,0.011522299,0.012650564,0.011355305,0.011539615
2022-07-13,0.016500259,0.011522239,0.012650498,0.0113552455,0.01153955
2022-07-11,0.016500266,0.011522239,0.012650498,0.0113552455,0.011539556
2021-06-24,0.016500574,0.011522466,0.012650754,0.01135547,0.011539783
2023-08-01,0.016500551,0.011522439,0.012650724,0.011355445,0.011539756
2024-10-26,0.01650042,0.011522402,0.012650671,0.011355406,0.011539718
2023-01-03,0.016497388,0.011521142,0.012649086,0.011354191,0.011538451
2024-05-31,0.016500661,0.01152251,0.012650802,0.011355515,0.011539827
2020-06-08,0.016500615,0.0115225,0.012650784,0.0113555025,0.011539817
2022-06-23,0.016500399,0.011522374,0.012650643,0.01135538,0.011539686
2022-05-09,0.01650087,0.011522641,0.012650951,0.011355642,0.011539958
2023-06-16,0.016500374,0.011522381,0.012650643,0.011355385,0.011539691
2024-07-20,0.016500251,0.011522261,0.012650517,0.011355267,0.011539571
2022-04-08,0.016500607,0.011522494,0.012650778,0.011355498,0.011539805
2022-01-29,0.016500607,0.011522505,0.01265079,0.011355508,0.0115398215
2021-08-01,0.016500482,0.011522413,0.01265069,0.011355418,0.011539728
2020-08-23,0.016500544,0.011522446,0.012650724,0.011355449,0.011539756
2019-10-02,0.016500708,0.011522549,0.012650844,0.011355551,0.011539864
2019-04-05,0.016500777,0.0115225585,0.012650868,0.011355561,0.0115398755
2022-07-06,0.016500343,0.011522283,0.012650552,0.011355288,0.011539599
2022-08-27,0.01650039,0.011522354,0.012650623,0.011355364,0.01153967
2024-09-26,0.016500723,0.011522505,0.012650814,0.011355508,0.0115398215
2020-12-17,0.016500607,0.0115225,0.012650784,0.0113555025,0.011539817
2020-12-31,0.016500544,0.011522473,0.012650754,0.0113554755,0.01153979
2024-01-29,0.016500436,0.011522418,0.012650683,0.0113554215,0.011539735
2020-03-19,0.016500615,0.0115225,0.012650784,0.0113555025,0.011539817
2022-03-12,0.016500428,0.011522408,0.012650676,0.011355412,0.011539724
2023-04-27,0.01650056,0.0115224775,0.012650761,0.011355482,0.011539794
2023-09-06,0.016501805,0.011523032,0.012651445,0.011356017,0.01154035
2023-05-20,0.016500574,0.0115224775,0.012650761,0.011355482,0.011539794
2023-09-12,0.016501714,0.011523,0.012651398,0.011355985,0.011540316
2024-05-19,0.016500914,0.011522521,0.012650868,0.011355515,0.011539838
2019-09-05,0.01650004,0.011522174,0.012650409,0.011355188,0.01153949
2024-07-23,0.01650046,0.011522347,0.0126506295,0.011355348,0.011539663
2023-06-25,0.016500382,0.011522358,0.012650623,0.011355364,0.01153967
2023-07-09,0.01650046,0.011522374,0.012650653,0.01135538,0.011539691
2023-06-13,0.016500274,0.01152232,0.012650576,0.011355331,0.011539636
2022-11-06,0.01650046,0.011522436,0.012650707,0.011355445,0.011539751
2024-07-31,0.016500514,0.0115224235,0.0126507,0.011355428,0.01153974
2021-06-15,0.01650077,0.011522505,0.012650827,0.0113555025,0.0115398215
2024-07-07,0.016500607,0.011522489,0.012650778,0.011355491,0.011539805
2021-08-16,0.01650049,0.011522429,0.0126507,0.011355434,0.01153974
2024-05-13,0.016500684,0.011522489,0.01265079,0.011355487,0.011539805
2023-07-17,0.01650049,0.011522413,0.01265069,0.011355418,0.011539724
2019-07-05,0.016500399,0.011522347,0.012650617,0.011355353,0.011539663
2024-09-28,0.016500568,0.0115224505,0.012650736,0.011355449,0.011539762
2024-04-05,0.01650074,0.011522565,0.012650862,0.011355561,0.0115398755
2022-05-25,0.016500745,0.01152251,0.01265082,0.011355508,0.011539827
2019-07-17,0.016500536,0.011522436,0.012650713,0.011355438,0.011539746
2024-12-02,0.016500574,0.011522484,0.012650766,0.011355487,0.0115398
2020-05-26,0.016500644,0.011522517,0.012650802,0.011355518,0.011539833
2020-11-20,0.016500521,0.011522457,0.01265073,0.011355461,0.011539772
2019-12-04,0.016500661,0.011522528,0.012650814,0.0113555305,0.011539842
2021-06-08,0.01650063,0.0115225,0.01265079,0.0113555025,0.011539817
2021-07-24,0.01650059,0.011522457,0.012650742,0.011355454,0.0115397675
2022-06-08,0.016500529,0.011522462,0.012650742,0.01135547,0.011539778
2023-11-12,0.016500745,0.011522565,0.012650862,0.011355567,0.011539882
2024-11-28,0.016500568,0.0115224775,0.012650761,0.011355482,0.011539794
2022-02-02,0.01650059,0.011522494,0.012650778,0.011355498,0.011539811
2023-08-27,0.016501201,0.011522766,0.0126511175,0.011355765,0.011540082
2024-10-11,0.016500505,0.011522439,0.012650719,0.011355445,0.011539756
2024-12-19,0.016500551,0.011522473,0.012650754,0.0113554755,0.01153979
2024-07-29,0.016500335,0.011522326,0.0126505885,0.011355331,0.011539643
2020-10-20,0.016500615,0.011522494,0.012650778,0.011355498,0.011539805
2024-03-07,0.0164998,0.011522098,0.012650303,0.011355112,0.011539414
2020-11-02,0.01650056,0.011522473,0.012650754,0.0113554755,0.01153979
2021-10-27,0.016500691,0.011522543,0.012650832,0.01135554,0.011539855
2022-07-08,0.016500343,0.011522277,0.012650546,0.011355283,0.011539593
2020-06-17,0.01650056,0.011522466,0.01265075,0.01135547,0.011539783
2020-03-17,0.016500615,0.011522505,0.01265079,0.011355508,0.011539817
2019-05-21,0.016500598,0.011522494,0.012650778,0.011355498,0.011539805
2023-11-17,0.01650059,0.011522494,0.012650778,0.011355498,0.011539811
2019-12-18,0.016500652,0.011522521,0.012650808,0.011355524,0.011539838
2023-02-07,0.016497698,0.011521272,0.012649254,0.01135432,0.011538587
2024-11-06,0.016500436,0.011522413,0.012650676,0.011355418,0.011539724
2021-11-05,0.016500505,0.011522466,0.012650742,0.01135547,0.011539783
2023-09-24,0.016501488,0.011522901,0.012651279,0.011355893,0.011540219
2021-04-09,0.016500723,0.011522549,0.012650844,0.011355551,0.011539864
2023-01-20,0.016497597,0.011521228,0.012649194,0.011354272,0.011538538
2021-01-14,0.016500467,0.011522436,0.012650707,0.011355438,0.011539751
2021-03-15,0.016500713,0.011522555,0.012650849,0.011355557,0.011539864
2024-12-24,0.01650056,0.0115224775,0.012650754,0.011355482,0.01153979
2022-07-26,0.016500399,0.011522342,0.012650612,0.011355348,0.0115396585
2021-09-20,0.016500473,0.011522418,0.01265069,0.0113554215,0.011539728
2021-02-25,0.016500583,0.011522489,0.012650766,0.011355491,0.0115398
2023-03-10,0.016500298,0.011522381,0.0126506295,0.011355385,0.011539691
2020-09-14,0.016500482,0.011522408,0.012650683,0.011355412,0.011539724
2024-08-28,0.016500669,0.0115225,0.012650796,0.0113555025,0.011539817
2024-02-12,0.016500127,0.011522272,0.012650504,0.011355278,0.011539582
2022-05-16,0.016500574,0.011522484,0.012650766,0.011355487,0.0115398
2020-12-22,0.016500583,0.011522489,0.012650773,0.011355498,0.011539805
2021-08-14,0.016500304,0.01152232,0.012650582,0.011355331,0.011539636
2021-08-09,0.01650022,0.011522255,0.012650504,0.011355261,0.011539566
2021-11-23,0.016499756,0.011522141,0.012650337,0.011355155,0.011539457
2021-05-24,0.016500644,0.011522521,0.012650808,0.011355524,0.011539838
2019-11-09,0.016500669,0.011522528,0.01265082,0.0113555305,0.011539842
2020-08-05,0.016500652,0.01152251,0.012650802,0.011355515,0.011539827
2022-04-24,0.016500652,0.011522528,0.012650814,0.0113555305,0.011539842
2022-11-19,0.016499616,0.011522087,0.012650266,0.011355101,0.011539398
2021-07-29,0.016500583,0.011522462,0.01265075,0.011355466,0.011539778
2022-06-13,0.016500551,0.0115224505,0.012650736,0.011355454,0.0115397675
2020-10-03,0.01650059,0.0115224775,0.012650766,0.011355482,0.011539794
2021-05-02,0.016500607,0.0115225,0.012650784,0.0113555025,0.011539817
2021-04-17,0.016500529,0.011522457,0.012650736,0.011355461,0.011539772
2021-09-01,0.01650045,0.0115223965,0.012650671,0.011355401,0.011539713
2022-07-22,0.016500251,0.011522245,0.012650504,0.011355252,0.01153956
2021-06-20,0.016500399,0.011522326,0.0126506,0.0113553265,0.011539636
2023-06-03,0.016500467,0.011522391,0.012650671,0.011355396,0.011539707
2020-08-27,0.016500598,0.011522466,0.012650754,0.01135547,0.011539783
2024-07-21,0.016500251,0.011522261,0.012650517,0.011355267,0.011539571
2023-11-07,0.016500762,0.01152257,0.012650868,0.011355567,0.011539882
2019-05-15,0.016500622,0.011522505,0.01265079,0.011355508,0.011539817
2021-04-23,0.016500568,0.0115224775,0.012650761,0.011355482,0.011539794
2021-03-28,0.016500909,0.011522647,0.012650963,0.011355647,0.011539962
2020-12-10,0.016500622,0.011522505,0.01265079,0.011355508,0.0115398215
2024-08-06,0.016500551,0.0115224505,0.012650736,0.011355454,0.0115397675
2022-03-23,0.016500544,0.0115224505,0.01265073,0.011355454,0.0115397675
2023-11-13,0.016500713,0.011522549,0.012650844,0.011355551,0.011539864
2019-12-12,0.016500669,0.011522528,0.01265082,0.0113555305,0.011539842
2024-08-11,0.016500551,0.011522446,0.01265073,0.011355449,0.011539762
2021-10-06,0.016500574,0.0115224505,0.012650736,0.011355449,0.011539762
2024-12-26,0.016500551,0.011522473,0.012650754,0.0113554755,0.01153979
2024-10-23,0.016500482,0.011522436,0.012650707,0.011355438,0.011539751
2021-11-10,0.016500127,0.011522293,0.012650529,0.011355305,0.011539609
2023-11-04,0.016500777,0.011522576,0.012650879,0.011355578,0.011539892
2021-03-02,0.016500644,0.011522517,0.012650802,0.011355518,0.011539833
2020-10-27,0.016500568,0.011522473,0.012650754,0.0113554755,0.01153979
2022-09-26,0.01650032,0.011522288,0.012650552,0.011355294,0.011539604
2022-05-06,0.016500823,0.011522609,0.012650915,0.01135561,0.011539925
2024-11-20,0.016500551,0.011522473,0.01265075,0.0113554755,0.01153979
2022-07-24,0.016500382,0.01152232,0.012650593,0.0113553265,0.011539636
2019-06-28,0.016500482,0.011522418,0.012650696,0.0113554215,0.011539728
2024-06-11,0.016499707,0.011522114,0.012650307,0.011355134,0.01153943
2020-04-22,0.01650073,0.011522555,0.012650856,0.011355557,0.01153987
2023-08-06,0.016500607,0.011522466,0.012650754,0.01135547,0.011539783
2023-10-27,0.016500885,0.011522625,0.012650939,0.011355621,0.011539935
2022-07-18,0.016500166,0.011522185,0.012650439,0.0113551915,0.011539501
2019-04-17,0.016500691,0.011522543,0.012650837,0.011355545,0.011539855
2020-09-26,0.016500521,0.011522446,0.012650724,0.011355449,0.011539762
2022-08-18,0.016500399,0.011522369,0.012650636,0.01135538,0.011539686
2021-10-24,0.016500644,0.011522517,0.012650802,0.011355518,0.011539833
2021-08-05,0.01650032,0.011522331,0.0126505885,0.011355337,0.011539643
2024-05-11,0.016500399,0.011522391,0.012650653,0.011355396,0.011539701
2023-05-23,0.016500482,0.011522436,0.012650707,0.011355438,0.011539751
2019-05-05,0.016500622,0.011522505,0.012650796,0.011355508,0.0115398215
2021-09-24,0.016500482,0.011522418,0.012650696,0.011355418,0.011539728
2022-11-09,0.01650032,0.011522381,0.012650636,0.011355385,0.011539697
2024-09-07,0.016500792,0.011522555,0.012650862,0.011355557,0.01153987
2024-03-05,0.016499748,0.0115220705,0.012650272,0.011355085,0.011539381
2021-12-29,0.01650063,0.01152251,0.012650796,0.011355515,0.011539827
2023-11-28,0.016500551,0.0115224775,0.012650754,0.011355482,0.01153979
2024-01-07,0.01650059,0.011522494,0.012650778,0.011355498,0.011539811
2021-09-16,0.016500521,0.011522439,0.012650719,0.011355445,0.011539751
2024-01-24,0.01650046,0.011522429,0.0126507,0.011355434,0.011539746
2019-07-16,0.016500536,0.011522439,0.012650719,0.011355445,0.011539756
2022-08-15,0.016500374,0.011522365,0.0126506295,0.011355375,0.01153968
2020-09-18,0.016500367,0.011522354,0.012650617,0.011355358,0.011539663
2020-10-16,0.016500637,0.0115225,0.01265079,0.0113555025,0.011539817
2024-09-05,0.016500853,0.011522586,0.012650903,0.011355588,0.0115399035
2020-06-19,0.016500615,0.011522494,0.012650778,0.011355498,0.011539805
2024-06-28,0.01650056,0.0115224505,0.012650736,0.011355454,0.0115397675
2024-03-02,0.016499795,0.011522092,0.012650303,0.011355107,0.011539409
2024-10-30,0.016500382,0.011522381,0.012650643,0.011355385,0.011539697
2021-08-07,0.016500266,0.011522299,0.012650552,0.011355305,0.011539609
2022-01-12,0.01650063,0.01152251,0.012650802,0.011355515,0.011539827
2023-08-22,0.016501063,0.011522695,0.012651029,0.011355691,0.011540012
2021-08-06,0.016500242,0.011522288,0.0126505345,0.011355294,0.011539599
2020-07-17,0.016500482,0.011522418,0.012650696,0.0113554215,0.011539728
2024-10-31,0.016500382,0.011522381,0.012650647,0.011355385,0.011539697
2024-08-17,0.016500622,0.011522466,0.012650761,0.01135547,0.011539783
2023-04-08,0.016500652,0.0115225315,0.01265082,0.011355535,0.011539842
2020-11-17,0.016500529,0.011522457,0.012650736,0.011355461,0.011539772
2023-11-23,0.016500544,0.011522473,0.01265075,0.0113554755,0.011539783
2020-09-06,0.01650056,0.0115224505,0.012650736,0.011355454,0.0115397675
2021-04-10,0.01650074,0.0115225585,0.012650856,0.011355561,0.0115398755
2022-02-05,0.016500568,0.011522484,0.012650766,0.011355487,0.0115398
2024-10-18,0.016500514,0.011522446,0.012650719,0.011355449,0.011539762
2024-01-30,0.016500399,0.011522402,0.012650665,0.011355406,0.011539713
2023-01-26,0.01649776,0.011521299,0.012649284,0.011354342,0.011538608
2023-05-26,0.016500583,0.011522484,0.012650766,0.011355487,0.011539794
2024-12-13,0.016500583,0.011522489,0.012650766,0.011355491,0.0115398
2019-09-15,0.01650063,0.0115225,0.012650784,0.011355498,0.011539811
2022-07-12,0.016500281,0.01152225,0.01265051,0.011355257,0.011539566
2022-03-08,0.01649981,0.011522114,0.012650319,0.011355127,0.01153943
2023-03-03,0.01650004,0.011522272,0.012650498,0.011355283,0.011539582
2024-02-02,0.016500412,0.011522408,0.012650671,0.011355412,0.011539724
2024-03-09,0.016499732,0.0115220705,0.012650266,0.011355085,0.011539381
2020-09-22,0.01650042,0.011522385,0.012650653,0.011355391,0.011539697
2019-04-29,0.016500622,0.01152251,0.012650796,0.011355515,0.0115398215
2019-09-04,0.016499896,0.011522077,0.012650295,0.011355085,0.011539391
2023-01-30,0.016497705,0.011521278,0.012649254,0.01135432,0.011538587
2023-06-28,0.01650042,0.011522369,0.012650643,0.011355375,0.011539686
2023-10-15,0.016501294,0.011522816,0.012651171,0.011355802,0.011540126
2023-05-09,0.016500583,0.011522489,0.012650773,0.011355491,0.011539805
2024-07-09,0.016500505,0.0115224235,0.012650707,0.011355428,0.01153974
2022-08-20,0.016500551,0.0115224505,0.01265073,0.011355454,0.011539762
2023-06-02,0.01650059,0.011522466,0.012650754,0.011355466,0.011539778
2023-05-30,0.016500607,0.011522494,0.012650778,0.011355498,0.011539811
2020-02-05,0.016500574,0.011522484,0.012650766,0.011355487,0.0115398
2021-12-17,0.016500514,0.011522462,0.012650736,0.01135547,0.011539778
2024-02-08,0.016500227,0.011522315,0.012650564,0.0113553265,0.0115396315
2024-01-14,0.01650056,0.0115224775,0.012650761,0.011355482,0.011539794
2024-01-19,0.016500521,0.011522462,0.012650736,0.011355466,0.011539778
2020-06-10,0.01650063,0.011522505,0.01265079,0.011355508,0.0115398215
2019-05-23,0.016500514,0.011522457,0.01265073,0.011355461,0.0115397675
2021-11-30,0.016499957,0.011522228,0.012650444,0.01135524,0.011539538
2022-02-01,0.01650059,0.011522494,0.012650778,0.011355498,0.011539811
2021-08-19,0.016500644,0.011522517,0.012650808,0.011355518,0.011539833
2022-09-03,0.01650042,0.011522354,0.0126506295,0.011355358,0.01153967
2023-01-14,0.016497457,0.011521169,0.012649123,0.011354218,0.011538479
2021-05-12,0.01650056,0.011522484,0.012650761,0.011355487,0.011539794
2021-09-21,0.01650049,0.0115224235,0.0126507,0.011355428,0.01153974
2024-04-17,0.016500745,0.01152257,0.012650868,0.011355567,0.011539882
2019-09-07,0.01650046,0.011522418,0.01265069,0.0113554215,0.011539728
2020-08-02,0.016500568,0.011522466,0.01265075,0.01135547,0.011539778
2021-07-08,0.016500644,0.01152251,0.012650802,0.011355515,0.011539827
2023-04-24,0.016500598,0.011522494,0.012650778,0.011355498,0.011539811
2021-10-17,0.01650074,0.011522555,0.012650856,0.011355557,0.01153987
2022-07-09,0.016500259,0.0115222335,0.012650492,0.01135524,0.01153955
2021-07-01,0.016500583,0.0115224775,0.012650766,0.011355482,0.011539794
2021-02-08,0.0164998,0.011522114,0.012650319,0.011355127,0.01153943
2021-02-28,0.01650049,0.011522439,0.012650713,0.011355449,0.011539756
2020-09-05,0.016500544,0.011522418,0.012650707,0.0113554215,0.011539735
2021-05-07,0.016500583,0.011522494,0.012650773,0.011355498,0.011539805
2023-03-28,0.0165005,0.0115224505,0.012650724,0.011355454,0.0115397675
2020-06-12,0.016500544,0.011522439,0.012650724,0.011355445,0.011539756
2022-08-07,0.016500544,0.011522446,0.01265073,0.011355449,0.011539762
2020-10-08,0.016500574,0.011522473,0.012650754,0.0113554755,0.01153979
2020-03-20,0.01650063,0.01152251,0.012650796,0.011355515,0.0115398215
2024-01-03,0.016500598,0.011522494,0.012650778,0.011355498,0.011539811
2024-03-01,0.016499748,0.0115220705,0.012650266,0.011355085,0.011539381
2020-11-04,0.01650059,0.011522489,0.012650773,0.011355491,0.011539805
2020-12-09,0.016500615,0.011522505,0.01265079,0.011355508,0.0115398215
2022-12-17,0.016498076,0.011521435,0.0126494495,0.011354474,0.011538745
