date,h0,h1,h2,h3,h4,h5
2022-07-20,0.0122860335,0.011887585,0.011429066,0.013611773,0.011749007,0.011395314
2024-11-17,0.012285826,0.011887394,0.011428898,0.013611505,0.011748818,0.011395142
2023-03-01,0.012286022,0.011887568,0.011429055,0.013611761,0.01174899,0.011395298
2022-12-04,0.012286856,0.011888342,0.011429755,0.013612806,0.011749743,0.011395996
2019-09-18,0.012285959,0.011887513,0.011429001,0.013611677,0.011748941,0.0113952495
2024-09-09,0.012286127,0.011887674,0.0114291515,0.013611876,0.011749095,0.0113954
2022-02-25,0.012285727,0.011887299,0.011428807,0.013611384,0.011748725,0.011395057
2019-10-09,0.012285872,0.011887434,0.011428931,0.013611556,0.011748857,0.011395181
2021-09-08,0.012285624,0.011887198,0.011428715,0.013611269,0.01174863,0.011394965
2019-06-21,0.012285594,0.011887166,0.011428678,0.013611237,0.011748597,0.011394927
2020-10-27,0.012285716,0.011887289,0.011428797,0.013611363,0.011748713,0.011395046
2024-05-30,0.012285669,0.011887244,0.011428753,0.0136113195,0.011748673,0.011395003
2022-01-07,0.012285703,0.011887277,0.011428791,0.013611351,0.011748708,0.011395034
2023-12-19,0.012285698,0.011887271,0.01142878,0.013611346,0.011748702,0.011395029
2021-01-28,0.01228571,0.011887283,0.011428791,0.013611363,0.011748713,0.011395041
2021-04-11,0.012285675,0.011887244,0.011428753,0.013611331,0.011748673,0.011395003
2020-01-30,0.012285703,0.011887277,0.011428791,0.013611351,0.011748708,0.011395034
2024-06-05,0.012285647,0.011887221,0.011428731,0.013611287,0.011748652,0.011394981
2021-09-21,0.012285664,0.011887237,0.011428748,0.013611313,0.01174867,0.011394997
2024-10-02,0.012285774,0.011887344,0.011428845,0.013611447,0.011748768,0.011395094
2022-09-04,0.01228619,0.01188773,0.0114292,0.013611953,0.011749146,0.011395449
2023-01-31,0.012287133,0.011888598,0.0114299925,0.013613156,0.011749992,0.011396232
2019-05-25,0.012285716,0.011887289,0.011428797,0.013611371,0.011748719,0.011395046
2021-07-15,0.012285547,0.011887131,0.011428651,0.013611179,0.0117485635,0.011394895
2022-09-14,0.0122864675,0.011887988,0.011429442,0.013612299,0.0117494,0.011395684
2021-05-05,0.012285675,0.011887249,0.011428764,0.0136113195,0.01174868,0.011395013
2023-01-08,0.012287115,0.011888582,0.011429976,0.013613137,0.011749975,0.011396216
2019-11-09,0.012285693,0.011887265,0.011428774,0.013611338,0.011748697,0.011395025
2019-12-29,0.012285698,0.011887271,0.0114287855,0.013611346,0.011748702,0.011395034
2019-11-04,0.012285693,0.011887265,0.01142878,0.013611338,0.011748697,0.011395025
2021-10-26,0.01228527,0.011886863,0.0114283925,0.013610858,0.011748298,0.011394642
2022-06-20,0.012285664,0.011887237,0.011428748,0.0136113195,0.011748663,0.011394997
2023-06-25,0.012285693,0.011887261,0.01142877,0.013611351,0.011748692,0.011395019
2022-01-18,0.012285703,0.011887277,0.0114287855,0.013611351,0.011748708,0.011395034
2019-04-25,0.012285669,0.011887249,0.0114287585,0.0136113195,0.011748673,0.011395007
2024-05-01,0.012285657,0.011887233,0.011428748,0.0136113,0.011748663,0.011394997
2020-03-31,0.01228571,0.011887283,0.011428791,0.013611363,0.011748713,0.011395041
2024-05-14,0.012285785,0.01188735,0.01142885,0.01361146,0.011748774,0.011395099
2022-11-11,0.012285896,0.011887456,0.011428948,0.013611601,0.011748879,0.011395196
2021-01-16,0.012285698,0.011887271,0.0114287855,0.013611346,0.011748702,0.011395034
2023-03-15,0.012285901,0.011887462,0.011428952,0.013611614,0.011748886,0.011395201
2020-02-09,0.012285727,0.011887299,0.011428807,0.013611384,0.011748729,0.011395057
2019-08-19,0.012285796,0.01188736,0.011428855,0.013611485,0.011748785,0.011395105
2020-03-10,0.012285687,0.011887261,0.01142877,0.013611331,0.011748692,0.011395019
2019-12-17,0.012285698,0.011887271,0.0114287855,0.013611346,0.011748702,0.011395034
2023-10-13,0.01228634,0.011887871,0.011429329,0.013612151,0.011749283,0.011395577
2023-11-05,0.01228579,0.011887356,0.011428862,0.013611467,0.011748785,0.011395105
2019-04-16,0.012285634,0.0118872095,0.011428721,0.013611275,0.011748641,0.01139497
2019-10-01,0.012285952,0.011887513,0.011429001,0.013611659,0.011748935,0.0113952495
2019-06-27,0.012285513,0.011887092,0.011428612,0.013611133,0.011748525,0.011394863
2019-09-01,0.012286131,0.011887674,0.0114291515,0.013611888,0.011749095,0.011395395
2020-02-04,0.01228571,0.011887283,0.011428791,0.013611357,0.011748713,0.011395041
2019-04-15,0.01228564,0.011887215,0.011428731,0.013611287,0.011748647,0.011394976
2022-03-06,0.012285733,0.0118873045,0.0114288125,0.013611396,0.011748736,0.011395061
2020-12-04,0.012285703,0.011887277,0.0114287855,0.013611351,0.011748708,0.011395034
2022-05-27,0.01228579,0.01188735,0.011428845,0.013611492,0.011748774,0.011395094
2024-05-31,0.012285657,0.011887233,0.011428748,0.0136113055,0.011748663,0.011394992
2021-09-05,0.012285605,0.011887182,0.011428694,0.013611243,0.011748614,0.011394943
2022-04-30,0.012285605,0.011887187,0.011428699,0.013611243,0.011748619,0.01139495
2022-03-21,0.01228571,0.011887283,0.011428791,0.013611371,0.011748713,0.011395041
2023-09-06,0.012287741,0.011889188,0.011430553,0.013613836,0.011750574,0.011396791
2020-03-24,0.01228571,0.011887283,0.011428797,0.013611363,0.011748713,0.011395046
2023-12-05,0.01228571,0.011887283,0.011428797,0.013611363,0.011748713,0.011395041
2024-04-24,0.012285675,0.011887249,0.0114287585,0.0136113195,0.01174868,0.011395007
2024-10-23,0.012285738,0.011887311,0.011428817,0.013611403,0.011748736,0.011395061
2019-06-19,0.012285634,0.0118872095,0.011428715,0.013611294,0.011748636,0.011394965
2020-07-31,0.012285733,0.0118873045,0.0114288125,0.013611396,0.011748736,0.011395061
2020-02-12,0.0122857215,0.011887292,0.011428801,0.013611376,0.011748725,0.011395051
2024-12-13,0.012285738,0.011887311,0.011428817,0.013611396,0.011748741,0.011395067
2021-05-23,0.012285647,0.011887226,0.011428737,0.013611287,0.011748652,0.011394986
2023-05-24,0.012285669,0.011887244,0.0114287585,0.013611313,0.011748673,0.011395003
2019-04-05,0.012285634,0.011887204,0.011428715,0.01361128,0.011748636,0.011394965
2024-09-15,0.012285928,0.011887489,0.011428985,0.013611639,0.011748913,0.011395229
2019-04-01,0.012285657,0.011887226,0.011428737,0.013611313,0.011748658,0.011394986
2021-10-28,0.012285264,0.0118868565,0.011428387,0.013610852,0.0117482925,0.011394638
2021-09-10,0.012285576,0.011887154,0.011428672,0.0136112105,0.011748585,0.011394922
2022-09-27,0.0122865485,0.011888067,0.011429512,0.013612401,0.011749477,0.01139576
2023-06-14,0.01228571,0.011887283,0.011428791,0.013611371,0.011748713,0.011395041
2024-11-02,0.012285854,0.011887422,0.011428921,0.013611543,0.011748846,0.0113951685
2023-12-09,0.0122857215,0.011887292,0.011428801,0.013611376,0.011748725,0.011395051
2022-03-29,0.012285716,0.011887283,0.011428791,0.013611384,0.011748713,0.011395041
2020-10-01,0.012285727,0.011887299,0.011428807,0.013611389,0.011748729,0.011395057
2024-08-27,0.012286016,0.011887568,0.011429059,0.013611742,0.011748995,0.0113953035
2024-08-13,0.012285803,0.011887366,0.011428871,0.01361148,0.011748796,0.011395115
2021-08-16,0.01228568,0.011887254,0.01142877,0.013611331,0.0117486855,0.011395013
2024-01-07,0.012285703,0.011887277,0.0114287855,0.013611351,0.011748708,0.011395034
2021-04-20,0.012285669,0.011887244,0.011428753,0.013611313,0.011748673,0.011395003
2021-01-30,0.01228571,0.011887283,0.011428791,0.013611363,0.011748713,0.011395041
2020-01-06,0.012285703,0.011887277,0.0114287855,0.013611351,0.011748708,0.011395034
2021-10-25,0.012285397,0.01188698,0.011428506,0.013610999,0.011748414,0.011394755
2022-09-12,0.01228634,0.011887871,0.011429335,0.013612146,0.011749289,0.011395577
2023-10-21,0.012286121,0.011887662,0.011429147,0.013611862,0.011749083,0.011395389
2019-07-02,0.012285878,0.011887439,0.011428936,0.013611568,0.011748863,0.011395185
2019-10-14,0.012285785,0.01188735,0.011428855,0.01361146,0.01174878,0.011395105
2021-01-26,0.012285703,0.011887277,0.011428791,0.013611357,0.011748708,0.011395034
2020-06-30,0.0122856,0.011887182,0.011428694,0.013611229,0.011748614,0.011394943
2024-07-30,0.012285756,0.011887327,0.011428828,0.013611422,0.011748752,0.011395077
2019-12-09,0.012285703,0.011887277,0.0114287855,0.013611351,0.011748708,0.011395034
2019-05-19,0.012285716,0.011887289,0.011428797,0.013611371,0.011748719,0.011395046
2024-04-25,0.012285675,0.011887249,0.011428764,0.0136113195,0.01174868,0.011395007
2023-09-27,0.012286565,0.011888083,0.011429524,0.013612427,0.011749489,0.011395771
2021-04-04,0.012285698,0.011887265,0.011428774,0.013611357,0.011748697,0.011395025
2021-09-12,0.012285594,0.011887171,0.011428688,0.013611229,0.011748603,0.0113949375
2024-10-19,0.012285767,0.011887332,0.0114288395,0.01361144,0.011748764,0.011395083
2019-04-28,0.012285669,0.011887244,0.0114287585,0.013611313,0.011748673,0.011395003
2023-12-29,0.012285698,0.011887277,0.0114287855,0.013611351,0.011748702,0.011395034
2023-03-17,0.012285814,0.011887372,0.011428871,0.013611505,0.011748796,0.011395115
2023-06-27,0.01228575,0.011887317,0.011428823,0.013611428,0.011748746,0.011395067
2021-09-29,0.012285716,0.011887289,0.011428791,0.013611384,0.011748713,0.011395041
2022-11-22,0.012286427,0.011887949,0.011429399,0.013612267,0.011749361,0.011395642
2022-09-01,0.012286052,0.0118876025,0.011429086,0.0136117935,0.011749024,0.011395331
2022-06-04,0.012285431,0.01188702,0.011428549,0.013611024,0.011748458,0.011394798
2022-04-10,0.012285675,0.011887249,0.0114287585,0.013611325,0.01174868,0.011395007
2022-03-27,0.012285716,0.011887289,0.011428791,0.013611384,0.011748713,0.011395041
2021-04-14,0.01228568,0.011887254,0.011428764,0.013611331,0.0117486855,0.011395013
2024-01-24,0.012285698,0.011887271,0.0114287855,0.013611346,0.011748702,0.011395034
2024-10-14,0.012285803,0.011887366,0.011428871,0.01361148,0.011748796,0.011395115
2024-04-26,0.012285669,0.011887244,0.011428753,0.013611313,0.011748673,0.011395003
2024-08-28,0.012286068,0.011887618,0.011429104,0.013611805,0.011749039,0.011395352
2024-08-18,0.0122859115,0.011887473,0.011428964,0.013611614,0.011748896,0.011395213
2021-05-21,0.012285693,0.011887265,0.011428774,0.013611338,0.011748692,0.011395025
2024-03-24,0.012285698,0.011887271,0.01142878,0.013611346,0.011748697,0.011395029
2021-08-23,0.012285594,0.011887175,0.011428694,0.013611223,0.011748607,0.0113949375
2020-09-12,0.012285628,0.011887198,0.01142871,0.01361128,0.01174863,0.011394959
2020-05-05,0.012285657,0.011887233,0.011428743,0.0136113,0.011748663,0.011394992
2020-08-04,0.01228571,0.011887283,0.011428797,0.013611363,0.011748713,0.011395041
2022-06-14,0.012285657,0.011887233,0.011428743,0.013611313,0.011748658,0.011394986
2024-03-03,0.012285687,0.011887261,0.01142877,0.013611346,0.011748692,0.011395019
2019-09-07,0.012285906,0.0118874675,0.011428964,0.013611608,0.011748889,0.011395207
2024-12-27,0.012285756,0.011887327,0.011428834,0.0136114145,0.011748757,0.011395083
2023-02-03,0.012287231,0.0118886875,0.011430073,0.013613285,0.011750081,0.011396314
2020-10-23,0.012285693,0.011887261,0.011428774,0.013611338,0.011748692,0.011395025
2020-09-30,0.0122857215,0.011887289,0.011428797,0.013611376,0.011748719,0.011395046
2024-02-13,0.012285675,0.011887249,0.0114287585,0.013611325,0.01174868,0.011395007
2023-08-05,0.0122859245,0.011887484,0.011428974,0.013611633,0.011748907,0.0113952225
2021-08-22,0.012285624,0.011887198,0.011428715,0.013611254,0.01174863,0.011394965
2020-06-02,0.012285865,0.011887417,0.011428905,0.013611589,0.011748841,0.011395153
2022-03-01,0.012285716,0.011887289,0.011428797,0.013611376,0.011748719,0.011395046
2021-10-09,0.012285576,0.011887154,0.011428667,0.013611223,0.011748585,0.011394917
2023-02-04,0.01228711,0.011888582,0.011429976,0.013613131,0.011749975,0.011396216
2023-10-16,0.0122863,0.011887831,0.011429297,0.013612094,0.011749251,0.011395545
2023-09-30,0.012286792,0.011888295,0.011429728,0.013612697,0.011749705,0.0113959685
2022-03-25,0.012285727,0.011887292,0.011428801,0.013611389,0.011748725,0.011395046
2020-02-14,0.012285727,0.011887292,0.011428807,0.013611376,0.011748725,0.011395057
2020-04-20,0.012285651,0.011887226,0.011428743,0.0136113,0.011748658,0.011394992
2022-08-07,0.012285785,0.011887356,0.011428862,0.01361146,0.011748785,0.011395105
2022-05-20,0.012285733,0.011887299,0.011428807,0.013611396,0.011748729,0.011395057
2023-05-03,0.012285657,0.011887233,0.011428748,0.0136113,0.011748663,0.011394997
2022-08-16,0.012285872,0.011887434,0.011428931,0.013611568,0.011748857,0.011395181
2024-11-11,0.012285865,0.011887428,0.011428931,0.01361155,0.011748857,0.011395174
2024-01-11,0.012285703,0.011887277,0.0114287855,0.013611351,0.011748708,0.011395034
2020-10-17,0.012285698,0.011887271,0.01142878,0.013611351,0.011748697,0.011395029
2023-02-01,0.01228712,0.011888588,0.011429981,0.013613145,0.011749981,0.011396223
2024-05-12,0.012285803,0.011887366,0.011428867,0.013611485,0.011748791,0.01139511
2024-07-27,0.012285774,0.011887339,0.0114288395,0.01361146,0.011748764,0.011395083
2024-12-24,0.01228575,0.011887322,0.011428828,0.013611409,0.011748752,0.011395077
2024-03-26,0.01228568,0.011887254,0.011428764,0.013611331,0.0117486855,0.011395013
2022-06-01,0.012285611,0.011887194,0.01142871,0.013611243,0.011748624,0.011394959
2020-02-29,0.012285733,0.011887299,0.011428807,0.013611389,0.011748729,0.011395057
2022-09-22,0.012286509,0.011888027,0.011429476,0.01361235,0.011749438,0.011395722
2023-05-06,0.012285675,0.011887249,0.011428764,0.0136113195,0.01174868,0.011395013
2021-09-01,0.012285536,0.01188712,0.01142864,0.01361116,0.011748552,0.011394885
2022-07-27,0.012285901,0.011887462,0.011428958,0.013611601,0.011748886,0.011395201
2022-05-15,0.012285664,0.011887237,0.011428753,0.0136113055,0.01174867,0.011395003
2023-02-02,0.012287231,0.0118886875,0.011430073,0.013613279,0.011750081,0.011396314
2021-02-17,0.01228571,0.011887283,0.011428791,0.013611363,0.011748713,0.011395041
2024-06-17,0.012286491,0.011888004,0.011429449,0.013612357,0.011749411,0.01139569
2021-03-12,0.012285756,0.011887322,0.011428828,0.0136114145,0.011748752,0.011395077
2021-12-12,0.012285826,0.01188739,0.011428888,0.013611505,0.011748813,0.011395137
2019-05-05,0.012285703,0.011887277,0.0114287855,0.013611357,0.011748708,0.011395034
2023-05-13,0.012285647,0.011887226,0.011428743,0.013611287,0.011748658,0.011394986
2020-09-18,0.012285745,0.011887317,0.011428817,0.013611409,0.011748741,0.011395067
2021-06-09,0.012285651,0.011887226,0.011428737,0.0136113,0.011748658,0.011394986
2019-12-14,0.012285698,0.011887271,0.0114287855,0.013611346,0.011748702,0.011395034
2021-05-07,0.012285675,0.011887249,0.011428764,0.0136113195,0.01174868,0.011395007
2020-12-02,0.01228571,0.011887283,0.011428797,0.013611357,0.011748713,0.011395046
2021-12-23,0.012285733,0.0118873045,0.0114288125,0.013611384,0.011748729,0.011395061
2023-01-15,0.012287249,0.011888711,0.011430089,0.013613304,0.011750097,0.01139633
2023-12-16,0.012285698,0.011887271,0.0114287855,0.013611346,0.011748702,0.011395034
2021-11-16,0.012286028,0.011887579,0.011429059,0.013611761,0.011749001,0.011395309
2022-08-11,0.012285883,0.011887445,0.011428941,0.013611581,0.011748874,0.011395191
2020-12-15,0.012285698,0.011887271,0.01142878,0.013611346,0.011748702,0.011395029
2019-10-28,0.012285703,0.011887277,0.0114287855,0.013611357,0.011748708,0.011395034
2021-02-18,0.01228571,0.011887277,0.011428791,0.013611357,0.011748708,0.011395034
2023-06-04,0.012285837,0.011887394,0.011428893,0.01361155,0.011748823,0.011395137
2019-11-22,0.012285693,0.011887265,0.01142878,0.013611346,0.011748697,0.011395025
2024-07-09,0.012285444,0.011887024,0.011428549,0.01361107,0.011748458,0.011394798
2023-11-08,0.012285687,0.011887261,0.01142877,0.013611346,0.0117486855,0.011395013
2020-11-02,0.01228571,0.011887283,0.011428791,0.013611357,0.011748713,0.011395041
2021-10-06,0.012285703,0.011887271,0.011428774,0.013611376,0.011748697,0.011395025
2021-03-13,0.01228575,0.011887317,0.011428823,0.0136114145,0.011748746,0.0113950735
2020-05-18,0.012285647,0.011887221,0.011428737,0.01361128,0.011748652,0.011394986
2019-04-12,0.012285634,0.0118872095,0.011428721,0.013611275,0.011748636,0.01139497
2024-11-19,0.012285808,0.011887378,0.011428882,0.01361148,0.0117488075,0.011395131
2022-02-06,0.01228571,0.011887283,0.011428791,0.013611357,0.011748713,0.011395041
2024-06-27,0.012285664,0.011887233,0.011428743,0.0136113195,0.011748663,0.011394986
2021-12-21,0.012285745,0.011887317,0.011428823,0.013611403,0.011748741,0.0113950735
2023-11-11,0.012285698,0.011887265,0.011428774,0.013611357,0.011748697,0.011395025
2022-01-31,0.01228571,0.011887283,0.011428797,0.013611363,0.011748713,0.011395046
2023-05-22,0.012285675,0.011887254,0.011428764,0.0136113195,0.0117486855,0.011395013
2022-12-14,0.012286925,0.011888409,0.01142982,0.013612893,0.011749804,0.011396056
2022-11-12,0.012285935,0.011887495,0.011428985,0.013611652,0.011748918,0.011395234
2020-07-08,0.012285565,0.011887142,0.011428661,0.013611191,0.011748575,0.0113949105
2024-06-04,0.012285657,0.011887233,0.011428743,0.0136113,0.011748663,0.011394992
2022-05-06,0.012285594,0.011887175,0.011428688,0.013611223,0.011748603,0.0113949375
2020-10-03,0.012285727,0.011887299,0.011428807,0.013611384,0.011748725,0.011395051
2019-12-24,0.012285703,0.011887277,0.0114287855,0.013611351,0.011748708,0.011395034
2021-04-13,0.012285687,0.011887261,0.01142877,0.013611338,0.0117486855,0.011395019
2023-04-07,0.012285693,0.011887265,0.01142877,0.013611351,0.011748692,0.011395019
2023-01-06,0.0122866705,0.0118881725,0.011429604,0.013612574,0.011749577,0.011395846
2024-03-28,0.012285687,0.011887261,0.01142877,0.013611331,0.0117486855,0.011395019
2019-11-13,0.012285698,0.011887271,0.0114287855,0.013611351,0.011748702,0.011395034
2020-10-20,0.012285693,0.011887265,0.011428774,0.013611346,0.011748697,0.011395025
2022-03-07,0.012285733,0.011887299,0.011428807,0.013611389,0.011748729,0.011395057
2021-01-05,0.012285693,0.011887265,0.01142878,0.013611338,0.011748697,0.011395029
2020-11-30,0.012285703,0.011887277,0.011428791,0.013611351,0.011748708,0.011395041
2024-02-09,0.012285687,0.011887261,0.01142877,0.013611331,0.011748692,0.011395019
2020-11-17,0.012285716,0.011887289,0.011428801,0.013611371,0.011748719,0.011395051
2019-05-08,0.01228571,0.011887283,0.011428797,0.013611363,0.011748713,0.011395041
2023-08-30,0.01228663,0.0118881455,0.011429588,0.013612485,0.011749555,0.011395835
2024-10-21,0.012285733,0.0118873045,0.011428807,0.013611403,0.011748729,0.011395057
2023-08-18,0.012286167,0.011887708,0.011429184,0.01361192,0.011749129,0.011395432
2024-10-22,0.012285745,0.011887311,0.011428817,0.013611409,0.011748741,0.011395067
2023-03-21,0.01228564,0.0118872095,0.011428721,0.013611287,0.011748641,0.01139497
2021-10-27,0.012285409,0.011886991,0.011428516,0.013611019,0.011748426,0.011394766
2024-10-25,0.012285906,0.0118874675,0.011428964,0.013611608,0.011748889,0.011395207
2019-10-05,0.012285918,0.011887478,0.011428974,0.013611614,0.011748902,0.011395217
2020-09-06,0.012285698,0.011887265,0.011428774,0.013611357,0.011748697,0.011395025
2023-11-10,0.012285687,0.011887261,0.01142877,0.013611346,0.0117486855,0.011395013
2024-05-08,0.0122857215,0.011887292,0.011428801,0.013611376,0.011748725,0.011395051
2024-01-13,0.012285703,0.011887277,0.0114287855,0.013611351,0.011748708,0.011395034
2021-12-03,0.012285993,0.011887545,0.011429034,0.013611717,0.011748968,0.0113952765
2022-07-11,0.012285981,0.011887535,0.011429023,0.01361171,0.011748957,0.011395265
2020-07-14,0.01228583,0.01188739,0.011428888,0.01361153,0.011748813,0.011395131
2020-09-10,0.012285634,0.011887204,0.011428715,0.013611287,0.011748636,0.011394965
2024-03-05,0.012285733,0.011887299,0.011428807,0.013611396,0.011748729,0.011395057
2022-02-26,0.012285727,0.011887292,0.011428801,0.013611384,0.011748725,0.011395051
2023-07-24,0.012285849,0.011887412,0.011428909,0.01361153,0.0117488345,0.011395158
2023-03-09,0.012285928,0.011887484,0.011428974,0.0136116445,0.011748907,0.0113952225
2020-10-29,0.012285716,0.011887289,0.011428797,0.013611371,0.011748719,0.011395046
2019-09-24,0.012285981,0.011887539,0.011429028,0.013611703,0.011748962,0.011395271
2022-07-16,0.012286075,0.011887618,0.011429098,0.013611819,0.011749039,0.011395346
2021-11-21,0.012286127,0.011887669,0.011429141,0.013611882,0.011749083,0.011395389
2020-02-26,0.012285727,0.011887299,0.011428807,0.013611389,0.011748729,0.011395057
2023-11-15,0.012285738,0.0118873045,0.0114288125,0.013611403,0.011748736,0.011395061
2022-08-31,0.012286062,0.011887613,0.011429093,0.0136118,0.011749035,0.011395341
2023-03-18,0.012285698,0.011887265,0.01142877,0.013611371,0.011748692,0.011395019
2019-05-27,0.01228575,0.011887322,0.011428828,0.0136114145,0.011748746,0.0113950735
2021-04-03,0.012285716,0.011887283,0.011428791,0.013611376,0.011748713,0.011395034
2023-08-06,0.012285941,0.011887495,0.01142899,0.0136116445,0.011748918,0.011395234
2021-04-16,0.012285693,0.011887265,0.011428774,0.013611338,0.011748692,0.011395025
2021-03-31,0.01228575,0.011887311,0.011428807,0.013611447,0.011748736,0.011395051
2021-01-17,0.012285703,0.011887277,0.0114287855,0.013611351,0.011748708,0.011395034
2021-08-06,0.0122852,0.011886789,0.011428323,0.013610794,0.011748226,0.011394567
2021-03-11,0.012285767,0.011887332,0.0114288395,0.01361144,0.011748764,0.011395089
2021-12-29,0.01228571,0.011887283,0.011428791,0.013611357,0.011748713,0.011395041
2023-09-18,0.012286879,0.011888375,0.011429798,0.013612791,0.011749776,0.011396045
2021-01-20,0.012285698,0.011887271,0.0114287855,0.013611351,0.011748702,0.011395034
2019-12-11,0.012285698,0.011887271,0.0114287855,0.013611346,0.011748702,0.011395034
2024-12-17,0.012285762,0.011887332,0.0114288395,0.013611422,0.011748757,0.011395089
2019-05-10,0.012285716,0.011887289,0.011428797,0.013611371,0.011748719,0.011395046
2022-05-04,0.01228564,0.011887221,0.011428731,0.013611287,0.011748647,0.011394981
2019-06-07,0.01228579,0.011887356,0.011428855,0.013611472,0.01174878,0.011395099
2022-02-09,0.012285716,0.011887289,0.011428797,0.013611371,0.011748719,0.011395046
2022-07-30,0.01228579,0.011887356,0.011428862,0.01361146,0.011748785,0.01139511
2021-12-16,0.012285803,0.011887366,0.011428871,0.013611472,0.011748796,0.011395121
2019-11-28,0.012285693,0.011887265,0.01142878,0.013611338,0.011748697,0.011395025
2022-05-18,0.012285698,0.011887271,0.0114287855,0.013611351,0.011748702,0.011395034
2024-12-25,0.01228575,0.011887322,0.011428828,0.013611409,0.011748752,0.011395077
2023-12-04,0.012285716,0.011887289,0.011428797,0.013611371,0.011748719,0.011395046
2021-08-05,0.012285356,0.011886941,0.011428468,0.0136109665,0.011748375,0.011394712
2019-03-31,0.012285605,0.011887175,0.011428688,0.013611269,0.011748607,0.011394934
2019-05-30,0.012285425,0.011887014,0.011428538,0.013611037,0.011748447,0.011394788
2022-06-21,0.012285669,0.011887244,0.011428753,0.0136113195,0.011748673,0.011395003
2021-09-30,0.0122857215,0.011887289,0.011428797,0.013611396,0.011748719,0.011395046
2022-02-18,0.01228571,0.011887283,0.011428791,0.013611363,0.011748713,0.011395041
2022-09-02,0.012286068,0.011887613,0.011429093,0.013611805,0.011749035,0.011395341
2019-07-11,0.012285872,0.011887434,0.011428931,0.013611563,0.011748857,0.011395174
2021-09-11,0.012285587,0.011887166,0.011428683,0.013611223,0.011748597,0.011394934
2022-04-08,0.012285693,0.011887265,0.01142878,0.013611346,0.011748697,0.011395025
2021-03-09,0.012285756,0.011887327,0.011428834,0.013611422,0.011748752,0.011395077
2020-02-28,0.012285733,0.0118873045,0.0114288125,0.013611396,0.011748729,0.011395057
2020-07-28,0.012285767,0.011887332,0.0114288395,0.013611434,0.011748764,0.011395089
2022-09-17,0.012286439,0.01188796,0.011429415,0.01361226,0.011749372,0.011395663
2022-02-11,0.012285716,0.011887289,0.011428797,0.013611371,0.011748719,0.011395046
2019-09-27,0.012285941,0.011887501,0.01142899,0.013611652,0.011748923,0.011395238
2022-07-08,0.012285965,0.011887517,0.011429007,0.013611691,0.011748941,0.0113952495
2023-10-12,0.012286393,0.0118879145,0.011429372,0.013612209,0.011749328,0.011395614
2022-01-24,0.01228571,0.011887283,0.011428791,0.013611357,0.011748713,0.011395041
2020-09-29,0.0122857215,0.011887292,0.011428801,0.013611376,0.011748725,0.011395051
2022-09-24,0.012286612,0.011888129,0.011429567,0.013612485,0.011749533,0.011395808
2020-04-26,0.012285664,0.011887237,0.011428748,0.0136113055,0.011748663,0.011394997
2020-12-13,0.012285698,0.011887271,0.0114287855,0.013611346,0.011748702,0.011395034
2019-04-17,0.012285647,0.011887221,0.011428731,0.013611287,0.011748647,0.011394981
2023-08-29,0.012286589,0.011888105,0.011429556,0.013612433,0.011749516,0.011395798
2022-04-03,0.012285693,0.011887265,0.011428774,0.013611346,0.011748697,0.011395025
2019-05-26,0.012285738,0.011887311,0.011428817,0.013611403,0.011748736,0.011395061
2024-02-24,0.012285547,0.011887126,0.011428645,0.013611166,0.011748558,0.011394895
2020-11-22,0.0122857215,0.011887292,0.011428807,0.013611376,0.011748725,0.011395057
2022-12-25,0.012287226,0.0118886875,0.011430073,0.013613272,0.011750075,0.0113963075
2023-01-17,0.012287237,0.011888693,0.011430078,0.01361329,0.011750086,0.011396319
2024-12-31,0.012285745,0.011887317,0.011428823,0.013611396,0.011748746,0.0113950735
2019-03-27,0.012285664,0.011887237,0.011428748,0.0136113195,0.01174867,0.011394997
2021-04-28,0.012285675,0.011887249,0.0114287585,0.0136113195,0.01174868,0.011395007
2019-08-27,0.012285859,0.011887422,0.011428915,0.013611563,0.011748846,0.011395165
2023-10-26,0.012285988,0.011887539,0.011429034,0.01361171,0.011748968,0.0113952765
2022-03-10,0.01228571,0.011887283,0.011428791,0.013611363,0.011748708,0.011395041
2023-10-01,0.012286814,0.011888314,0.011429745,0.013612715,0.011749721,0.011395985
2020-09-08,0.012285698,0.011887265,0.01142877,0.013611371,0.011748692,0.011395019
2019-06-29,0.01228568,0.011887254,0.011428764,0.013611331,0.01174868,0.011395007
2023-09-10,0.012288151,0.011889573,0.011430914,0.013614335,0.01175095,0.011397152
2023-02-24,0.012285814,0.011887372,0.011428867,0.01361151,0.011748796,0.011395115
2023-07-01,0.012285872,0.011887417,0.011428905,0.013611614,0.011748841,0.011395147
2021-07-11,0.012285587,0.011887171,0.011428683,0.013611223,0.011748603,0.011394934
2020-07-09,0.012285611,0.011887187,0.011428699,0.013611262,0.011748614,0.01139495
2022-01-12,0.012285703,0.011887277,0.0114287855,0.013611351,0.011748708,0.011395034
2024-05-29,0.012285657,0.011887233,0.011428743,0.0136113055,0.011748663,0.011394992
2019-09-05,0.012286103,0.011887646,0.011429125,0.013611851,0.011749067,0.011395373
2020-11-27,0.01228571,0.011887289,0.011428797,0.013611363,0.011748713,0.011395046
2020-11-14,0.0122857215,0.011887292,0.011428801,0.013611376,0.011748725,0.011395051
2019-05-20,0.012285716,0.011887289,0.011428797,0.013611371,0.011748719,0.011395046
2023-01-27,0.01228712,0.011888588,0.011429981,0.013613145,0.011749987,0.011396223
2021-08-20,0.012285651,0.011887226,0.011428743,0.013611294,0.011748658,0.011394992
2022-12-08,0.012286797,0.011888284,0.011429707,0.013612728,0.011749687,0.011395948
2022-09-06,0.012286167,0.011887708,0.0114291785,0.013611928,0.011749123,0.0113954265
2020-08-28,0.012285774,0.011887339,0.0114288395,0.013611454,0.011748764,0.011395089
2021-06-11,0.012285675,0.011887244,0.011428753,0.013611331,0.011748673,0.011395003
2023-06-23,0.012285657,0.011887233,0.011428743,0.0136113055,0.011748658,0.011394992
2020-03-19,0.012285657,0.011887233,0.011428748,0.0136113,0.011748663,0.011394997
2019-05-24,0.012285716,0.011887289,0.011428797,0.013611371,0.011748719,0.011395046
2024-08-20,0.0122859245,0.011887484,0.011428974,0.013611627,0.011748907,0.0113952225
2021-08-11,0.012285756,0.011887322,0.011428823,0.013611428,0.011748746,0.0113950735
2022-08-05,0.012285803,0.011887372,0.011428871,0.01361148,0.011748796,0.011395121
2024-06-29,0.012285611,0.011887187,0.011428699,0.013611262,0.011748619,0.01139495
2021-04-17,0.012285693,0.011887265,0.01142878,0.013611346,0.011748697,0.011395025
2019-10-12,0.01228583,0.011887394,0.011428893,0.01361151,0.011748818,0.011395142
2023-02-11,0.012286908,0.011888391,0.011429804,0.013612882,0.011749792,0.011396045
2020-04-15,0.012285634,0.0118872095,0.011428721,0.013611275,0.011748641,0.01139497
2022-03-28,0.012285703,0.011887271,0.011428774,0.013611371,0.011748702,0.011395025
2023-03-12,0.012285888,0.011887445,0.011428936,0.013611594,0.011748868,0.011395185
2020-08-08,0.012285756,0.011887327,0.011428834,0.013611422,0.011748757,0.011395083
2020-02-01,0.012285716,0.011887289,0.011428797,0.013611371,0.011748719,0.011395046
2023-01-25,0.012287139,0.011888605,0.011429997,0.01361317,0.011749998,0.011396239
2024-06-14,0.012286617,0.0118881175,0.011429551,0.013612523,0.011749522,0.0113957925
2019-11-12,0.012285698,0.011887271,0.01142878,0.013611346,0.011748702,0.011395029
2020-10-31,0.0122857215,0.011887292,0.011428801,0.013611376,0.011748725,0.011395051
2023-01-13,0.012287242,0.0118887,0.011430085,0.013613298,0.011750093,0.011396323
2020-12-08,0.012285698,0.011887271,0.0114287855,0.013611346,0.011748702,0.011395034
2022-06-27,0.012285803,0.011887366,0.011428867,0.013611485,0.011748796,0.011395115
2023-11-13,0.012285716,0.011887283,0.011428791,0.013611371,0.011748713,0.011395041
2020-11-29,0.01228571,0.011887283,0.011428791,0.013611357,0.011748713,0.011395041
2023-04-14,0.01228564,0.0118872095,0.011428727,0.01361128,0.011748641,0.011394976
2020-06-13,0.012285779,0.011887339,0.0114288395,0.013611472,0.011748768,0.011395089
2020-12-11,0.012285698,0.011887271,0.0114287855,0.013611346,0.011748702,0.011395034
2020-02-03,0.012285703,0.011887277,0.011428791,0.013611351,0.011748708,0.011395034
2022-03-17,0.012285738,0.0118873045,0.0114288125,0.013611396,0.011748736,0.011395061
2020-03-20,0.012285647,0.011887221,0.011428737,0.013611287,0.011748652,0.011394986
2024-07-16,0.012285727,0.011887292,0.011428797,0.013611403,0.011748725,0.011395046
2024-09-22,0.012285628,0.011887198,0.011428699,0.0136113055,0.011748624,0.01139495
2024-09-21,0.012285756,0.011887322,0.011428823,0.01361144,0.011748752,0.0113950735
2020-12-22,0.012285693,0.011887271,0.01142878,0.013611346,0.011748702,0.011395029
2024-07-06,0.012285333,0.011886919,0.0114284465,0.013610928,0.011748354,0.011394696
2020-11-23,0.0122857215,0.011887292,0.011428801,0.013611371,0.011748725,0.011395051
2023-01-12,0.012287237,0.0118887,0.011430085,0.01361329,0.011750086,0.011396319
2020-02-21,0.0122857215,0.011887292,0.011428807,0.013611376,0.011748725,0.011395051
2019-12-07,0.012285703,0.011887277,0.011428791,0.013611357,0.011748708,0.011395041
2022-03-16,0.0122857215,0.011887292,0.011428797,0.013611384,0.011748719,0.011395046
2021-11-02,0.012285461,0.011887042,0.011428565,0.013611082,0.011748476,0.011394815
2023-04-28,0.012285611,0.011887194,0.01142871,0.013611243,0.011748624,0.011394959
2021-07-22,0.012285323,0.011886912,0.0114284465,0.013610915,0.011748347,0.011394696
2021-06-13,0.012285756,0.011887322,0.011428817,0.013611447,0.011748746,0.011395067
2023-04-20,0.012285628,0.011887204,0.011428721,0.013611262,0.011748636,0.01139497
2019-03-30,0.012285657,0.011887226,0.011428731,0.0136113195,0.011748658,0.011394981
2019-11-26,0.012285687,0.011887261,0.01142877,0.013611331,0.0117486855,0.011395019
2024-11-21,0.012285762,0.011887332,0.0114288395,0.013611428,0.011748764,0.011395089
2019-12-13,0.012285703,0.011887277,0.0114287855,0.013611351,0.011748708,0.011395034
2020-10-21,0.012285687,0.011887261,0.01142877,0.013611338,0.011748692,0.011395019
2024-04-11,0.012285651,0.011887226,0.011428743,0.013611294,0.011748658,0.011394992
2023-05-23,0.01228568,0.011887254,0.01142877,0.013611325,0.0117486855,0.011395013
2020-12-19,0.012285698,0.011887271,0.0114287855,0.013611346,0.011748702,0.011395034
2021-12-09,0.012285901,0.011887462,0.011428958,0.013611601,0.011748886,0.011395201
2021-01-09,0.012285698,0.011887271,0.0114287855,0.013611346,0.011748702,0.011395034
2024-07-02,0.012285594,0.011887171,0.011428683,0.013611237,0.011748597,0.011394934
2023-06-06,0.01228579,0.011887356,0.011428862,0.013611472,0.011748785,0.011395105
2021-01-10,0.012285703,0.011887277,0.0114287855,0.013611351,0.011748708,0.011395034
2023-08-28,0.012286647,0.011888161,0.011429604,0.013612503,0.011749571,0.011395851
2023-07-02,0.012285883,0.011887434,0.011428915,0.013611627,0.011748852,0.011395165
2020-02-18,0.012285727,0.011887299,0.011428807,0.013611384,0.011748725,0.011395057
2020-07-18,0.012285774,0.011887339,0.011428845,0.01361144,0.011748768,0.011395094
2019-04-29,0.012285675,0.011887249,0.0114287585,0.0136113195,0.01174868,0.011395007
2021-09-17,0.012285594,0.011887175,0.011428688,0.013611229,0.011748603,0.0113949375
2020-10-07,0.012285738,0.0118873045,0.011428817,0.013611396,0.011748736,0.011395061
2021-03-25,0.01228583,0.01188739,0.011428877,0.013611556,0.0117488075,0.011395121
2021-03-14,0.01228575,0.011887322,0.011428823,0.0136114145,0.011748746,0.0113950735
2023-08-09,0.01228597,0.011887529,0.0114290165,0.013611691,0.011748952,0.011395261
2022-02-20,0.012285716,0.011887289,0.011428797,0.013611371,0.011748719,0.011395046
2021-05-10,0.012285693,0.011887265,0.011428774,0.013611338,0.011748697,0.011395025
2023-08-01,0.012285878,0.011887439,0.011428936,0.013611568,0.011748863,0.011395185
2020-05-25,0.012285675,0.011887249,0.0114287585,0.0136113195,0.01174868,0.011395007
2022-05-22,0.01228575,0.011887317,0.011428823,0.013611428,0.011748746,0.011395067
2024-05-23,0.012285779,0.011887344,0.0114288395,0.013611472,0.011748768,0.011395089
2023-12-22,0.012285703,0.011887277,0.0114287855,0.013611351,0.011748708,0.011395034
2024-04-04,0.012285664,0.011887237,0.011428753,0.013611313,0.01174867,0.011395003
2022-04-09,0.012285693,0.011887265,0.011428774,0.013611338,0.011748697,0.011395025
2022-09-03,0.0122861555,0.011887697,0.011429173,0.013611915,0.011749118,0.011395422
2020-12-21,0.012285698,0.011887271,0.01142878,0.013611338,0.011748702,0.011395029
2023-09-16,0.012286866,0.011888369,0.011429792,0.013612784,0.0117497705,0.011396035
2021-03-02,0.012285733,0.0118873045,0.0114288125,0.013611396,0.011748736,0.011395061
2019-07-06,0.012285918,0.011887478,0.011428968,0.013611619,0.011748902,0.011395217
2024-03-10,0.012285693,0.011887265,0.011428774,0.013611346,0.011748697,0.011395025
2023-04-09,0.012285634,0.0118872095,0.011428721,0.013611287,0.011748641,0.01139497
2023-07-17,0.012285819,0.011887384,0.011428882,0.013611492,0.0117488075,0.011395131
2023-08-11,0.012286075,0.011887618,0.011429098,0.013611826,0.011749039,0.011395346
2019-10-30,0.012285687,0.011887261,0.011428774,0.013611331,0.011748692,0.011395019
2023-11-28,0.012285738,0.011887311,0.011428817,0.013611403,0.011748741,0.011395067
2021-06-18,0.012285993,0.011887529,0.011429001,0.01361178,0.011748952,0.0113952495
2021-07-26,0.012285565,0.011887142,0.011428661,0.013611204,0.011748575,0.0113949105
2022-08-24,0.01228516,0.0118867615,0.011428305,0.013610698,0.011748204,0.011394557
2020-08-30,0.012285733,0.0118873045,0.0114288125,0.013611403,0.011748736,0.011395057
2023-09-20,0.012286856,0.011888352,0.011429777,0.013612773,0.011749759,0.011396023
2023-06-02,0.012285762,0.011887327,0.011428828,0.01361144,0.011748752,0.011395077
2022-11-15,0.012285976,0.011887529,0.0114290165,0.013611698,0.011748952,0.011395265
2023-03-22,0.012285624,0.011887194,0.011428705,0.013611275,0.011748624,0.011394954
2023-09-11,0.012287834,0.011889277,0.011430639,0.01361395,0.011750663,0.0113968775
2020-10-15,0.012285703,0.011887277,0.011428791,0.013611357,0.011748708,0.011395034
2023-03-31,0.012285675,0.011887244,0.011428753,0.013611325,0.011748673,0.011395003
2024-10-18,0.012285808,0.011887372,0.011428877,0.013611492,0.011748801,0.011395121
2023-12-31,0.012285698,0.011887271,0.0114287855,0.013611346,0.011748702,0.011395034
2022-07-14,0.012286039,0.011887585,0.0114290705,0.01361178,0.011749007,0.011395314
2024-09-27,0.012285733,0.011887299,0.011428807,0.013611409,0.011748729,0.011395051
2024-10-05,0.012285779,0.011887344,0.01142885,0.013611447,0.011748774,0.011395099
2020-03-23,0.012285698,0.011887271,0.0114287855,0.013611351,0.011748702,0.011395034
2022-06-13,0.012285698,0.011887265,0.011428774,0.013611357,0.011748697,0.011395025
2022-03-05,0.012285733,0.0118873045,0.0114288125,0.013611396,0.011748736,0.011395061
2019-10-24,0.01228571,0.011887283,0.011428791,0.013611357,0.011748708,0.011395041
2020-08-14,0.01228579,0.01188736,0.011428862,0.013611467,0.011748785,0.01139511
2023-06-08,0.012285774,0.011887344,0.011428845,0.013611447,0.011748768,0.011395094
2022-03-22,0.0122857215,0.011887292,0.011428801,0.013611384,0.011748719,0.011395046
2023-11-29,0.0122857215,0.011887292,0.011428801,0.013611376,0.011748719,0.011395051
2019-06-02,0.012283823,0.01188549,0.01142711,0.013609143,0.011746953,0.011393364
2020-02-20,0.0122857215,0.011887292,0.011428801,0.013611376,0.011748725,0.011395051
2023-12-17,0.012285703,0.011887277,0.0114287855,0.013611351,0.011748708,0.011395034
2019-12-22,0.012285698,0.011887271,0.0114287855,0.013611346,0.011748702,0.011395034
2022-03-24,0.012285727,0.011887292,0.011428801,0.013611389,0.011748725,0.011395051
2021-06-30,0.012285618,0.011887198,0.01142871,0.013611254,0.01174863,0.011394959
2023-12-30,0.012285698,0.011887271,0.0114287855,0.013611346,0.011748702,0.011395034
2023-05-19,0.012285669,0.011887244,0.0114287585,0.013611313,0.011748673,0.011395007
2023-03-29,0.012285687,0.011887254,0.011428764,0.013611346,0.0117486855,0.011395013
2021-08-28,0.012285634,0.0118872095,0.011428727,0.01361128,0.011748641,0.011394976
2024-03-25,0.012285675,0.011887249,0.0114287585,0.013611325,0.01174868,0.011395007
2023-08-20,0.012286277,0.011887808,0.011429281,0.013612055,0.011749228,0.011395523
2021-02-03,0.012285727,0.011887299,0.011428807,0.013611389,0.011748729,0.011395057
2023-01-23,0.012287012,0.011888487,0.01142989,0.013613009,0.011749887,0.011396131
2021-09-27,0.01228571,0.011887277,0.01142878,0.013611376,0.011748702,0.011395029
2021-06-27,0.012285675,0.011887249,0.0114287585,0.013611325,0.011748673,0.011395007
2020-09-24,0.012285727,0.011887292,0.011428801,0.013611384,0.011748725,0.011395051
2022-06-07,0.012285518,0.011887098,0.011428624,0.013611133,0.011748536,0.011394874
2023-07-15,0.012285819,0.011887384,0.011428882,0.013611498,0.011748813,0.011395131
2020-07-02,0.012285553,0.011887131,0.011428651,0.013611179,0.0117485635,0.011394901
2020-12-29,0.012285698,0.011887271,0.0114287855,0.013611346,0.011748702,0.011395034
2022-03-30,0.012285703,0.011887277,0.0114287855,0.013611363,0.011748708,0.011395034
2020-07-03,0.012285531,0.011887108,0.011428629,0.013611153,0.011748542,0.011394879
2019-11-14,0.012285698,0.011887271,0.01142878,0.013611346,0.011748702,0.011395029
2020-02-10,0.012285716,0.011887289,0.011428797,0.013611371,0.011748719,0.011395046
2023-05-15,0.012285664,0.011887237,0.011428753,0.0136113055,0.01174867,0.011395003
2021-07-02,0.012285478,0.011887064,0.011428586,0.013611088,0.011748498,0.011394836
2021-05-12,0.01228568,0.011887254,0.011428764,0.013611325,0.0117486855,0.011395013
2022-04-22,0.012285669,0.011887244,0.0114287585,0.0136113195,0.011748673,0.011395007
2023-01-29,0.012286896,0.011888381,0.011429792,0.013612862,0.011749782,0.011396035
2024-12-09,0.012285762,0.011887332,0.0114288395,0.013611422,0.011748764,0.011395089
2024-07-03,0.012285594,0.011887171,0.011428683,0.013611229,0.011748603,0.011394934
2020-03-29,0.012285669,0.011887244,0.011428753,0.0136113195,0.011748673,0.011395003
2021-02-08,0.012285727,0.011887299,0.011428807,0.013611389,0.011748725,0.011395051
2021-07-24,0.012285333,0.011886924,0.011428457,0.013610935,0.011748359,0.011394702
2020-09-25,0.0122857215,0.011887292,0.011428801,0.013611384,0.011748725,0.011395051
2022-01-08,0.012285703,0.011887277,0.011428791,0.013611351,0.011748708,0.011395034
2020-06-12,0.01228575,0.011887317,0.011428817,0.013611428,0.011748741,0.011395061
2023-10-27,0.012285976,0.011887535,0.011429023,0.013611691,0.011748957,0.011395271
2024-07-28,0.012285785,0.01188735,0.01142885,0.013611467,0.011748774,0.011395099
2020-07-05,0.012285502,0.01188708,0.011428602,0.01361112,0.011748514,0.011394852
2022-09-13,0.0122864675,0.011887988,0.011429437,0.013612299,0.0117494,0.011395684
2024-05-03,0.012285703,0.011887277,0.0114287855,0.013611351,0.011748702,0.011395034
2022-12-07,0.0122867795,0.011888268,0.011429691,0.013612708,0.011749671,0.011395932
2021-06-29,0.012285664,0.011887237,0.011428748,0.0136113055,0.01174867,0.011394997
2020-08-17,0.012285814,0.011887378,0.011428877,0.013611492,0.011748801,0.011395126
2020-09-15,0.012285664,0.011887237,0.011428743,0.0136113195,0.011748663,0.011394992
2024-01-09,0.012285703,0.011887277,0.0114287855,0.013611351,0.011748708,0.011395034
2021-07-23,0.012285275,0.011886868,0.011428398,0.013610858,0.011748305,0.011394648
2020-11-12,0.012285727,0.011887299,0.011428807,0.013611376,0.011748729,0.011395057
2024-07-26,0.012285733,0.011887292,0.011428797,0.013611422,0.011748719,0.011395041
2024-08-03,0.0122857215,0.011887292,0.011428797,0.013611384,0.011748719,0.011395046
2021-12-17,0.012285779,0.011887344,0.01142885,0.013611447,0.011748774,0.011395099
2023-09-07,0.012287788,0.011889231,0.011430602,0.013613893,0.011750618,0.011396834
2021-05-24,0.0122856,0.011887175,0.011428694,0.013611229,0.011748607,0.011394943
2022-04-02,0.01228571,0.011887283,0.011428791,0.013611363,0.011748713,0.011395041
2019-09-16,0.012285976,0.011887529,0.0114290165,0.013611698,0.011748952,0.011395261
2019-11-24,0.012285693,0.011887265,0.01142878,0.013611346,0.011748697,0.011395029
2022-12-26,0.012287242,0.011888705,0.011430085,0.013613298,0.011750093,0.011396323
2019-11-20,0.012285698,0.011887271,0.01142878,0.013611346,0.011748702,0.011395029
2023-02-14,0.012286856,0.011888342,0.011429755,0.01361281,0.011749738,0.011395996
2021-03-08,0.012285756,0.011887322,0.011428828,0.0136114145,0.011748752,0.011395077
2023-04-08,0.01228568,0.011887249,0.0114287585,0.013611338,0.01174868,0.011395007
2020-04-07,0.012285547,0.011887126,0.01142864,0.013611185,0.011748558,0.011394889
2023-11-25,0.012285756,0.011887322,0.011428828,0.0136114145,0.011748752,0.011395077
2019-09-25,0.012285999,0.011887551,0.0114290435,0.013611723,0.011748979,0.011395287
2024-11-26,0.01228583,0.011887394,0.011428898,0.013611505,0.011748823,0.011395147
2021-08-04,0.012285502,0.01188708,0.011428596,0.013611133,0.011748509,0.011394846
2022-03-15,0.012285716,0.011887289,0.011428797,0.013611376,0.011748719,0.011395046
2020-11-28,0.012285703,0.011887277,0.011428791,0.013611351,0.011748708,0.011395034
2020-04-05,0.012285628,0.011887204,0.011428715,0.01361128,0.011748636,0.011394965
2023-03-07,0.012285959,0.011887513,0.011429001,0.013611685,0.011748935,0.0113952495
2021-06-19,0.012285808,0.01188736,0.011428855,0.01361153,0.011748785,0.011395099
2019-10-23,0.012285716,0.011887289,0.011428797,0.013611371,0.011748719,0.011395046
2023-06-09,0.012285779,0.01188735,0.01142885,0.013611454,0.011748774,0.011395099
2023-08-03,0.012285888,0.01188745,0.011428948,0.013611589,0.011748874,0.011395196
2019-04-20,0.012285657,0.011887233,0.011428743,0.0136113,0.011748663,0.011394992
2019-05-17,0.012285716,0.011887289,0.011428797,0.013611376,0.011748719,0.011395046
2021-08-15,0.012285687,0.011887261,0.01142877,0.013611338,0.011748692,0.011395019
2020-10-09,0.0122857215,0.011887292,0.011428801,0.013611384,0.011748725,0.011395051
2021-11-17,0.012285999,0.011887551,0.011429034,0.013611723,0.011748973,0.011395282
2024-06-23,0.012285559,0.011887137,0.011428656,0.013611185,0.01174857,0.011394906
2020-09-14,0.012285618,0.011887187,0.011428699,0.013611262,0.011748619,0.01139495
2024-10-17,0.012285808,0.011887372,0.011428871,0.013611485,0.011748796,0.011395121
2020-04-16,0.012285657,0.011887233,0.011428748,0.0136113055,0.011748663,0.011394997
2019-11-06,0.012285698,0.011887271,0.01142878,0.013611346,0.011748702,0.011395029
2023-01-09,0.012287267,0.011888723,0.011430101,0.013613323,0.011750109,0.011396339
2024-04-13,0.012285651,0.011887226,0.011428743,0.013611294,0.011748658,0.011394992
2024-03-19,0.012285618,0.011887194,0.01142871,0.013611254,0.011748624,0.011394959
2023-05-26,0.01228568,0.011887254,0.01142877,0.013611331,0.0117486855,0.011395019
2024-08-16,0.012285883,0.011887445,0.011428936,0.013611581,0.011748868,0.011395185
2023-07-14,0.012285808,0.011887372,0.011428871,0.013611485,0.011748796,0.011395121
2021-06-22,0.012285618,0.011887187,0.011428705,0.013611262,0.011748619,0.01139495
2024-10-07,0.012285774,0.011887339,0.011428845,0.01361144,0.011748768,0.011395094
2019-12-03,0.012285698,0.011887277,0.0114287855,0.013611351,0.011748702,0.011395034
2021-01-24,0.012285703,0.011887277,0.011428791,0.013611357,0.011748708,0.011395034
2024-12-16,0.012285774,0.011887344,0.01142885,0.013611434,0.011748768,0.011395099
2021-01-27,0.012285703,0.011887277,0.011428791,0.013611357,0.011748708,0.011395041
2024-11-09,0.012285872,0.011887434,0.011428931,0.013611556,0.011748863,0.011395181
2023-03-16,0.0122859115,0.0118874675,0.011428958,0.013611627,0.011748889,0.011395201
2021-08-07,0.012285385,0.011886969,0.011428494,0.013611006,0.011748403,0.011394746
2019-08-20,0.012285796,0.01188736,0.011428862,0.01361148,0.011748785,0.01139511
2021-02-23,0.012285703,0.011887277,0.011428791,0.013611357,0.011748708,0.011395034
2022-07-28,0.012285859,0.011887422,0.011428921,0.01361155,0.011748846,0.0113951685
2019-03-28,0.01228568,0.011887254,0.01142877,0.013611331,0.0117486855,0.011395013
2023-09-28,0.012286594,0.011888105,0.011429551,0.013612465,0.011749516,0.0113957925
2024-03-13,0.012285664,0.011887237,0.011428748,0.013611313,0.01174867,0.011394997
2021-01-31,0.0122857215,0.011887289,0.011428801,0.013611376,0.011748719,0.011395046
2020-10-24,0.012285698,0.011887271,0.01142878,0.013611351,0.011748702,0.011395029
2021-09-15,0.012285618,0.011887194,0.011428705,0.013611254,0.011748624,0.011394954
2020-06-25,0.01228538,0.011886969,0.011428494,0.01361098,0.011748403,0.011394746
2019-12-04,0.012285698,0.011887271,0.0114287855,0.013611351,0.011748702,0.011395034
2020-12-01,0.012285703,0.011887277,0.0114287855,0.013611351,0.011748708,0.011395034
2022-01-29,0.012285716,0.011887289,0.011428797,0.013611363,0.011748719,0.011395046
2024-04-28,0.012285669,0.011887244,0.0114287585,0.013611313,0.011748673,0.011395007
2023-08-23,0.012286502,0.011888027,0.011429485,0.013612331,0.0117494445,0.011395728
2024-06-19,0.01228568,0.011887249,0.0114287585,0.013611351,0.01174868,0.011395003
2021-01-15,0.012285698,0.011887271,0.0114287855,0.013611346,0.011748702,0.011395034
2021-12-18,0.012285745,0.011887317,0.011428823,0.013611403,0.011748746,0.0113950735
2022-12-31,0.012286809,0.011888302,0.011429718,0.013612747,0.011749705,0.011395959
2024-04-23,0.012285675,0.011887249,0.011428764,0.013611325,0.01174868,0.011395013
2019-07-16,0.012285762,0.011887327,0.011428834,0.013611428,0.011748757,0.011395083
2021-02-02,0.0122857215,0.011887292,0.011428801,0.013611384,0.011748725,0.011395051
2019-10-31,0.012285698,0.011887271,0.0114287855,0.013611351,0.011748702,0.011395034
2024-05-06,0.012285716,0.011887289,0.011428797,0.013611371,0.011748719,0.011395046
2022-09-25,0.012286676,0.011888185,0.011429621,0.013612555,0.011749588,0.011395861
2022-01-21,0.012285703,0.011887277,0.011428791,0.013611351,0.011748708,0.011395041
2020-11-24,0.01228571,0.011887289,0.011428797,0.013611363,0.011748713,0.011395046
2019-06-13,0.01228568,0.011887254,0.0114287585,0.013611338,0.01174868,0.011395007
2024-08-01,0.01228571,0.011887283,0.011428791,0.013611371,0.011748713,0.011395041
2022-05-24,0.012285774,0.011887339,0.0114288395,0.01361146,0.011748764,0.011395089
2020-10-25,0.012285698,0.011887265,0.01142878,0.013611346,0.011748697,0.011395029
2022-02-21,0.012285716,0.011887289,0.011428801,0.013611371,0.011748719,0.011395046
2023-08-31,0.012286658,0.011888167,0.011429614,0.013612517,0.011749577,0.011395857
2020-09-28,0.0122857215,0.011887289,0.011428801,0.013611376,0.011748719,0.011395046
2019-06-09,0.012285733,0.011887299,0.011428807,0.013611403,0.011748729,0.011395057
2024-10-03,0.012285767,0.011887332,0.0114288395,0.013611434,0.011748764,0.011395089
2024-09-02,0.012286322,0.011887859,0.011429324,0.013612113,0.011749273,0.011395567
2019-12-26,0.012285698,0.011887271,0.0114287855,0.013611346,0.011748702,0.011395034
2023-02-28,0.012286039,0.011887585,0.011429066,0.01361178,0.011749007,0.011395314
2022-08-22,0.012285373,0.011886963,0.011428494,0.013610961,0.011748403,0.011394746
2020-09-04,0.012285767,0.011887327,0.011428823,0.013611467,0.011748752,0.0113950735
2023-12-11,0.01228571,0.011887283,0.011428791,0.013611357,0.011748713,0.011395041
2021-04-29,0.012285664,0.011887244,0.011428753,0.0136113055,0.011748673,0.011395003
2024-01-12,0.012285703,0.011887277,0.0114287855,0.013611351,0.011748708,0.011395034
2023-01-07,0.012286317,0.011887848,0.011429308,0.013612125,0.011749261,0.01139555
2020-06-03,0.012285808,0.011887366,0.011428867,0.01361151,0.011748796,0.01139511
2021-01-19,0.012285703,0.011887277,0.011428791,0.013611357,0.011748708,0.011395034
2024-12-23,0.012285756,0.011887327,0.0114288395,0.0136114145,0.011748757,0.011395083
2022-06-08,0.012285547,0.011887126,0.011428651,0.013611166,0.0117485635,0.011394895
2019-12-18,0.012285698,0.011887271,0.01142878,0.013611346,0.011748702,0.011395029
2022-08-30,0.012285409,0.011886991,0.011428516,0.013611006,0.011748426,0.011394766
2019-12-12,0.012285698,0.011887271,0.0114287855,0.013611346,0.011748702,0.011395034
2022-02-23,0.0122857215,0.011887289,0.011428801,0.013611376,0.011748719,0.011395046
2023-02-27,0.012286052,0.011887596,0.011429077,0.0136117935,0.011749017,0.01139532
2020-06-20,0.012285219,0.011886812,0.01142835,0.013610789,0.011748253,0.011394599
2022-06-10,0.012285536,0.0118871145,0.011428635,0.01361116,0.011748548,0.011394885
2024-09-12,0.012285993,0.011887545,0.011429034,0.01361171,0.011748968,0.011395282
2020-03-16,0.012285634,0.0118872095,0.011428727,0.013611269,0.011748641,0.011394976
2020-06-17,0.012285547,0.011887126,0.011428645,0.013611171,0.011748558,0.011394895
2022-12-22,0.012286711,0.011888207,0.011429637,0.013612619,0.01174961,0.011395877
2023-09-25,0.012286502,0.011888022,0.011429469,0.013612357,0.011749433,0.011395711
2022-07-22,0.01228601,0.011887557,0.0114290435,0.013611735,0.011748979,0.011395292
2021-07-18,0.012285316,0.011886907,0.011428441,0.01361091,0.011748347,0.011394691
2021-04-10,0.012285675,0.011887249,0.0114287585,0.013611331,0.011748673,0.011395003
2024-09-07,0.012286183,0.011887725,0.0114292,0.013611946,0.011749146,0.011395449
2022-11-01,0.012285745,0.011887311,0.011428817,0.013611409,0.011748741,0.011395067
2024-08-10,0.012285756,0.011887327,0.011428828,0.013611428,0.011748752,0.011395077
2020-12-25,0.012285698,0.011887271,0.01142878,0.013611346,0.011748702,0.011395029
2023-02-26,0.012286081,0.011887624,0.011429104,0.013611832,0.011749046,0.011395346
2024-05-13,0.012285872,0.011887428,0.011428915,0.013611601,0.011748852,0.011395165
2021-01-04,0.012285698,0.011887271,0.01142878,0.013611346,0.011748702,0.011395029
2020-06-14,0.012285745,0.011887311,0.0114288125,0.013611428,0.011748736,0.011395057
2021-01-01,0.012285693,0.011887271,0.01142878,0.013611346,0.011748702,0.011395029
2019-05-13,0.012285733,0.0118873045,0.0114288125,0.013611396,0.011748736,0.011395061
2022-05-01,0.012285611,0.011887187,0.011428705,0.013611248,0.011748619,0.011394954
2023-12-02,0.012285727,0.011887292,0.011428807,0.013611384,0.011748725,0.011395051
2021-04-27,0.012285675,0.011887249,0.0114287585,0.0136113195,0.01174868,0.011395007
2023-07-31,0.012285883,0.011887445,0.011428941,0.013611581,0.011748868,0.011395191
2020-12-18,0.012285693,0.011887265,0.01142878,0.013611338,0.011748697,0.011395029
2024-07-15,0.012285687,0.011887254,0.0114287585,0.013611351,0.01174868,0.011395007
2021-05-02,0.012285657,0.011887233,0.011428748,0.0136113,0.011748663,0.011394997
2022-05-29,0.01228564,0.011887215,0.011428731,0.013611275,0.011748647,0.011394981
2021-05-27,0.012285182,0.011886784,0.011428328,0.013610743,0.01174822,0.011394572
2021-01-06,0.012285698,0.011887271,0.0114287855,0.013611346,0.011748702,0.011395034
2019-10-10,0.012285854,0.011887417,0.011428921,0.013611536,0.011748846,0.011395165
2020-12-09,0.012285703,0.011887277,0.0114287855,0.013611351,0.011748708,0.011395034
2020-03-30,0.012285727,0.011887299,0.011428807,0.013611384,0.011748729,0.011395057
2023-02-25,0.012285993,0.011887539,0.011429023,0.013611723,0.011748962,0.011395271
2023-07-11,0.012285796,0.01188736,0.011428862,0.013611472,0.011748785,0.01139511
2021-02-14,0.012285727,0.011887299,0.011428807,0.013611389,0.011748725,0.011395051
2023-04-30,0.012285628,0.0118872095,0.011428721,0.013611262,0.011748641,0.01139497
2023-08-13,0.012286288,0.0118878195,0.011429281,0.013612094,0.011749233,0.011395529
2021-12-30,0.01228571,0.011887283,0.011428797,0.013611357,0.011748713,0.011395041
2019-06-06,0.01228579,0.011887356,0.011428862,0.013611472,0.011748785,0.011395105
2022-02-07,0.01228571,0.011887283,0.011428791,0.013611357,0.011748713,0.011395041
2024-02-06,0.012285693,0.011887265,0.011428774,0.013611338,0.011748697,0.011395025
2021-06-17,0.012286081,0.011887607,0.0114290705,0.013611888,0.011749024,0.011395314
2020-08-23,0.01228575,0.011887322,0.011428823,0.0136114145,0.011748746,0.0113950735
2021-11-26,0.012285988,0.011887539,0.011429028,0.01361171,0.011748962,0.0113952765
2023-12-03,0.012285727,0.011887299,0.011428807,0.013611384,0.011748725,0.011395057
2019-09-23,0.01228597,0.011887523,0.011429011,0.013611685,0.011748945,0.011395261
2023-05-05,0.012285669,0.011887244,0.0114287585,0.013611313,0.011748673,0.011395007
2022-05-25,0.012285849,0.0118873995,0.011428888,0.013611576,0.011748823,0.011395137
2021-09-26,0.012285669,0.011887244,0.011428753,0.0136113195,0.011748673,0.011395003
2022-03-18,0.012285738,0.011887311,0.011428817,0.013611396,0.011748741,0.011395067
2024-12-10,0.012285756,0.011887327,0.011428834,0.0136114145,0.011748757,0.011395083
2022-08-18,0.01228549,0.011887075,0.011428596,0.0136111025,0.011748509,0.011394846
2024-09-24,0.012285611,0.011887182,0.011428683,0.01361128,0.011748607,0.011394934
2023-01-30,0.012287133,0.011888598,0.0114299925,0.0136131635,0.011749992,0.011396232
2020-02-08,0.012285716,0.011887289,0.011428801,0.013611371,0.011748719,0.011395051
2019-04-11,0.012285624,0.011887198,0.01142871,0.013611262,0.011748624,0.011394959
2021-08-09,0.012285698,0.011887265,0.01142877,0.013611363,0.011748697,0.011395019
2021-12-25,0.0122857215,0.011887292,0.011428801,0.013611371,0.011748725,0.011395051
2020-02-22,0.0122857215,0.011887292,0.011428801,0.013611384,0.011748725,0.011395051
2019-08-28,0.012285928,0.011887484,0.011428974,0.0136116445,0.011748907,0.0113952225
2021-01-22,0.01228571,0.011887283,0.011428791,0.013611357,0.011748713,0.011395041
2020-01-22,0.012285703,0.011887277,0.0114287855,0.013611351,0.011748708,0.011395034
2022-06-12,0.012285611,0.011887187,0.011428705,0.013611254,0.011748619,0.01139495
2020-05-01,0.01228568,0.011887254,0.011428764,0.013611325,0.0117486855,0.011395013
2024-12-21,0.012285779,0.01188735,0.011428855,0.01361144,0.011748774,0.011395105
2019-05-28,0.012285762,0.011887327,0.011428834,0.013611428,0.011748757,0.011395083
2022-12-16,0.012286937,0.011888419,0.011429825,0.013612907,0.011749814,0.011396066
2020-08-13,0.012285796,0.01188736,0.011428867,0.013611467,0.011748791,0.01139511
2020-09-07,0.012285716,0.011887283,0.011428791,0.013611389,0.011748713,0.011395034
2024-09-23,0.012285502,0.011887075,0.011428582,0.013611171,0.011748503,0.01139483
2021-07-21,0.012285531,0.011887108,0.011428629,0.013611153,0.011748542,0.011394879
2019-10-08,0.012285872,0.011887434,0.011428931,0.013611563,0.011748863,0.011395181
2023-01-21,0.012287151,0.011888615,0.011430008,0.013613181,0.011750008,0.011396248
2023-08-08,0.012285959,0.011887513,0.011429007,0.013611671,0.011748941,0.0113952495
2019-04-27,0.012285675,0.011887249,0.0114287585,0.0136113195,0.01174868,0.011395007
2019-05-06,0.012285703,0.011887277,0.0114287855,0.013611351,0.011748702,0.011395034
2023-06-07,0.01228583,0.011887394,0.011428893,0.013611518,0.011748823,0.011395142
2020-08-25,0.012285733,0.0118873045,0.0114288125,0.013611396,0.011748729,0.011395057
2024-08-23,0.01228597,0.011887523,0.011429011,0.013611677,0.011748945,0.011395261
2024-03-14,0.0122856,0.011887175,0.011428694,0.013611237,0.011748607,0.011394943
2024-07-07,0.012285402,0.011886985,0.011428511,0.013611011,0.01174842,0.0113947615
2024-03-04,0.01228568,0.011887254,0.011428764,0.013611338,0.0117486855,0.011395013
2024-01-18,0.012285703,0.011887277,0.0114287855,0.013611351,0.011748708,0.011395034
2022-12-05,0.012286843,0.011888335,0.011429749,0.013612791,0.011749732,0.011395991
2024-01-16,0.012285703,0.011887277,0.0114287855,0.013611351,0.011748708,0.011395034
2023-02-12,0.012286827,0.011888314,0.011429728,0.013612773,0.011749716,0.0113959685
2020-12-06,0.012285703,0.011887277,0.0114287855,0.013611351,0.011748708,0.011395034
2024-02-07,0.012285693,0.011887265,0.01142878,0.013611346,0.011748697,0.011395025
2022-11-16,0.012286045,0.011887596,0.011429077,0.013611786,0.011749017,0.011395325
2024-04-29,0.012285675,0.011887249,0.0114287585,0.0136113195,0.01174868,0.011395007
2022-01-17,0.012285703,0.011887277,0.011428791,0.013611351,0.011748708,0.011395041
2024-07-18,0.012285762,0.011887327,0.011428828,0.01361144,0.011748752,0.011395077
2023-05-11,0.012285664,0.011887244,0.011428753,0.0136113055,0.011748673,0.011395003
2024-08-11,0.012285779,0.01188735,0.01142885,0.013611454,0.011748774,0.011395099
2021-10-17,0.012285351,0.011886941,0.011428468,0.013610953,0.011748375,0.011394719
2023-04-18,0.0122856,0.011887175,0.011428694,0.013611229,0.011748607,0.011394943
2023-05-25,0.01228568,0.011887254,0.011428764,0.013611325,0.0117486855,0.011395013
2021-12-06,0.0122859115,0.011887473,0.011428968,0.013611619,0.011748896,0.011395213
2021-10-24,0.012285513,0.011887098,0.011428612,0.013611141,0.011748531,0.011394863
2020-12-31,0.012285698,0.011887271,0.0114287855,0.013611346,0.011748702,0.011395034
2024-06-11,0.012285981,0.011887535,0.0114290165,0.013611723,0.011748957,0.011395261
2023-03-05,0.012285965,0.011887513,0.011429001,0.013611685,0.011748935,0.0113952495
2020-11-05,0.0122857215,0.011887292,0.011428801,0.013611371,0.011748719,0.011395051
2021-02-01,0.0122857215,0.011887292,0.011428801,0.013611376,0.011748719,0.011395046
2021-12-31,0.01228571,0.011887283,0.011428791,0.013611357,0.011748708,0.011395041
2024-09-11,0.012286028,0.011887579,0.0114290705,0.013611748,0.011749001,0.011395314
2020-09-03,0.012285716,0.011887277,0.0114287855,0.013611389,0.011748708,0.011395029
2022-07-12,0.012285999,0.011887551,0.011429034,0.013611728,0.011748973,0.011395282
2021-11-18,0.012286052,0.011887596,0.011429082,0.013611786,0.011749017,0.011395325
2023-03-23,0.012285651,0.011887221,0.011428727,0.0136113195,0.011748652,0.011394976
2024-07-11,0.012285628,0.011887198,0.01142871,0.01361128,0.01174863,0.011394959
2024-04-16,0.012285687,0.011887261,0.01142877,0.013611331,0.011748692,0.011395019
2022-11-21,0.012286375,0.011887899,0.011429356,0.013612201,0.011749311,0.011395598
2019-05-11,0.0122857215,0.011887289,0.011428801,0.013611376,0.011748719,0.011395046
2023-04-22,0.012285559,0.011887142,0.011428661,0.013611185,0.011748575,0.0113949105
2019-06-17,0.012285733,0.011887299,0.011428801,0.013611403,0.011748725,0.011395051
2022-08-29,0.012285033,0.011886639,0.011428188,0.013610546,0.011748082,0.011394439
2023-04-16,0.0122856,0.011887175,0.011428688,0.013611237,0.011748607,0.0113949375
2020-01-28,0.01228571,0.011887283,0.011428791,0.013611357,0.011748713,0.011395041
2022-05-08,0.012285531,0.011887108,0.011428635,0.013611146,0.011748548,0.011394885
2024-12-22,0.012285785,0.011887356,0.011428862,0.013611447,0.01174878,0.01139511
2024-04-30,0.012285664,0.011887237,0.011428748,0.0136113055,0.01174867,0.011394997
2021-12-20,0.012285738,0.011887311,0.011428817,0.013611389,0.011748736,0.011395067
2019-11-08,0.012285687,0.011887261,0.011428774,0.013611338,0.011748692,0.011395025
2023-11-01,0.012285837,0.0118873995,0.011428898,0.013611524,0.011748823,0.011395147
2021-04-30,0.012285651,0.011887233,0.011428743,0.013611294,0.011748663,0.011394992
2020-04-02,0.012285698,0.011887265,0.01142878,0.013611351,0.011748697,0.011395025
2019-04-04,0.012285657,0.011887233,0.011428743,0.0136113055,0.011748663,0.011394992
2024-08-19,0.012285918,0.011887478,0.011428968,0.013611619,0.011748902,0.011395217
2024-06-15,0.012286728,0.011888223,0.011429647,0.013612664,0.011749627,0.011395889
2021-12-08,0.012285906,0.0118874675,0.011428958,0.013611608,0.011748889,0.011395207
2022-02-24,0.0122857215,0.011887292,0.011428801,0.013611376,0.011748719,0.011395051
2023-03-14,0.01228583,0.01188739,0.011428888,0.013611524,0.011748813,0.011395131
2021-07-09,0.012285587,0.011887171,0.011428688,0.013611223,0.011748603,0.011394934
2023-01-05,0.012287278,0.011888733,0.011430116,0.013613336,0.011750125,0.011396351
2022-05-31,0.012285594,0.011887175,0.011428694,0.013611223,0.011748607,0.011394943
2023-09-13,0.012287353,0.011888823,0.011430219,0.013613363,0.011750218,0.011396463
2022-04-01,0.01228571,0.011887277,0.0114287855,0.013611363,0.011748708,0.011395034
2023-06-10,0.012285762,0.011887327,0.011428834,0.013611428,0.011748757,0.011395083
2023-07-29,0.012285865,0.011887428,0.011428925,0.013611556,0.011748852,0.0113951685
2022-07-06,0.012285976,0.011887529,0.0114290165,0.013611703,0.011748952,0.011395261
2020-09-17,0.01228575,0.011887317,0.011428817,0.0136114145,0.011748741,0.011395067
2023-06-20,0.0122856,0.011887175,0.011428694,0.013611237,0.011748607,0.011394943
2022-03-13,0.012285703,0.011887277,0.0114287855,0.013611357,0.011748708,0.011395034
2020-10-06,0.012285733,0.0118873045,0.0114288125,0.013611396,0.011748736,0.011395061
2023-12-10,0.01228571,0.011887283,0.011428797,0.013611363,0.011748713,0.011395041
2019-11-17,0.012285693,0.011887265,0.01142878,0.013611338,0.011748697,0.011395025
2023-10-04,0.012286774,0.01188828,0.011429712,0.013612664,0.011749683,0.011395953
2022-01-27,0.01228571,0.011887283,0.011428797,0.013611357,0.011748713,0.011395041
2021-04-19,0.01228568,0.011887254,0.01142877,0.013611331,0.0117486855,0.011395013
2024-09-25,0.012285647,0.011887215,0.011428715,0.013611325,0.011748641,0.011394965
2022-09-05,0.0122861955,0.011887736,0.011429206,0.013611966,0.011749151,0.0113954535
2024-11-15,0.012285826,0.01188739,0.011428893,0.013611498,0.011748818,0.011395142
2023-08-19,0.01228623,0.011887769,0.011429244,0.013611998,0.011749188,0.011395486
2020-01-24,0.012285698,0.011887271,0.0114287855,0.013611351,0.011748702,0.011395034
2024-05-05,0.012285727,0.011887299,0.011428807,0.013611384,0.011748729,0.011395057
2020-07-30,0.012285745,0.011887311,0.011428817,0.013611403,0.011748741,0.011395067
2024-03-11,0.012285675,0.011887249,0.0114287585,0.013611325,0.01174868,0.011395007
2021-12-22,0.012285733,0.0118873045,0.0114288125,0.013611389,0.011748736,0.011395061
2022-03-19,0.012285745,0.011887317,0.011428823,0.013611409,0.011748746,0.0113950735
2022-02-05,0.012285716,0.011887289,0.011428797,0.013611371,0.011748719,0.011395046
2023-11-20,0.012285774,0.011887344,0.011428845,0.01361144,0.011748768,0.011395094
2022-06-19,0.012285634,0.0118872095,0.011428721,0.01361128,0.011748641,0.01139497
2020-10-19,0.012285703,0.011887277,0.0114287855,0.013611357,0.011748702,0.011395034
2024-06-24,0.012285542,0.01188712,0.01142864,0.013611166,0.011748552,0.011394889
2024-10-01,0.012285779,0.01188735,0.01142885,0.013611454,0.011748774,0.011395099
2022-07-26,0.012285906,0.0118874675,0.011428958,0.013611614,0.011748889,0.011395207
2024-01-29,0.012285703,0.011887277,0.011428791,0.013611351,0.011748708,0.011395034
2022-01-15,0.012285703,0.011887277,0.011428791,0.013611351,0.011748708,0.011395034
2020-03-06,0.0122857215,0.011887289,0.011428797,0.013611376,0.011748719,0.011395046
2020-10-13,0.0122857215,0.011887292,0.011428801,0.013611376,0.011748725,0.011395051
2022-04-11,0.012285675,0.011887249,0.0114287585,0.013611325,0.011748673,0.011395007
2022-03-20,0.012285733,0.0118873045,0.0114288125,0.013611389,0.011748729,0.011395061
2021-09-09,0.01228568,0.011887249,0.0114287585,0.013611331,0.01174868,0.011395007
2021-11-30,0.012286052,0.0118876025,0.011429082,0.0136117935,0.011749024,0.011395331
2023-08-22,0.012286451,0.011887972,0.011429433,0.01361226,0.011749389,0.01139568
2022-12-23,0.012287179,0.011888644,0.01143003,0.013613214,0.011750037,0.01139627
2023-12-21,0.012285703,0.011887277,0.0114287855,0.013611351,0.011748708,0.011395034
2024-05-24,0.012285745,0.0118873045,0.0114288125,0.013611422,0.011748736,0.011395057
2022-02-03,0.01228571,0.011887283,0.011428797,0.013611357,0.011748713,0.011395041
2024-10-06,0.012285762,0.011887332,0.0114288395,0.013611428,0.011748757,0.011395083
2021-10-03,0.012285733,0.011887292,0.011428797,0.013611409,0.011748725,0.011395046
2024-08-24,0.0122860335,0.011887585,0.0114290705,0.0136117535,0.011749007,0.011395314
2020-08-29,0.01228575,0.011887322,0.011428823,0.013611428,0.011748746,0.0113950735
2023-12-13,0.012285698,0.011887271,0.01142878,0.013611346,0.011748702,0.011395029
2024-02-29,0.012285624,0.011887198,0.011428715,0.013611262,0.01174863,0.011394965
2021-04-23,0.012285647,0.011887221,0.011428737,0.013611287,0.011748652,0.011394986
2024-09-17,0.012285865,0.011887428,0.011428925,0.013611556,0.011748852,0.011395174
2023-10-30,0.012285906,0.0118874675,0.011428958,0.013611608,0.011748889,0.011395207
2019-10-15,0.01228579,0.011887356,0.011428862,0.01361146,0.011748785,0.01139511
2022-12-29,0.012287249,0.011888705,0.011430089,0.013613298,0.011750097,0.011396323
2023-07-05,0.012285819,0.011887366,0.011428855,0.013611556,0.011748791,0.011395099
2024-09-28,0.01228575,0.011887317,0.011428817,0.013611422,0.011748741,0.011395067
2024-12-20,0.012285756,0.011887327,0.0114288395,0.0136114145,0.011748757,0.011395083
2021-04-08,0.012285703,0.011887277,0.0114287855,0.013611363,0.011748708,0.011395034
2023-07-30,0.012285865,0.011887428,0.011428925,0.013611556,0.011748852,0.011395174
2021-05-11,0.01228568,0.011887254,0.01142877,0.013611325,0.0117486855,0.011395013
2022-11-13,0.012285947,0.011887501,0.011428995,0.013611665,0.0117489295,0.011395238
2024-10-24,0.012285837,0.0118873995,0.011428898,0.013611518,0.011748823,0.011395142
2019-11-16,0.012285693,0.011887271,0.01142878,0.013611346,0.011748697,0.011395029
2021-07-30,0.012285576,0.011887154,0.011428667,0.0136112105,0.01174858,0.011394917
2020-10-16,0.01228568,0.011887254,0.011428764,0.013611325,0.01174868,0.011395013
2024-05-16,0.012286103,0.01188763,0.011429093,0.013611928,0.011749046,0.011395336
2021-06-26,0.012285703,0.011887271,0.01142878,0.013611363,0.011748702,0.011395029
2021-01-21,0.012285703,0.011887277,0.011428791,0.013611357,0.011748708,0.011395041
2023-06-15,0.012285669,0.011887244,0.011428753,0.0136113195,0.011748673,0.011395003
2019-05-21,0.012285727,0.011887299,0.011428807,0.013611384,0.011748729,0.011395057
2024-07-29,0.012285756,0.011887322,0.011428828,0.013611428,0.011748752,0.011395077
2021-10-14,0.012285033,0.011886639,0.011428188,0.013610576,0.011748082,0.011394439
2021-04-06,0.012285698,0.011887271,0.01142878,0.013611357,0.011748702,0.011395029
2021-06-28,0.012285675,0.011887249,0.011428764,0.013611325,0.01174868,0.011395007
2019-08-22,0.012285785,0.011887344,0.011428845,0.013611472,0.011748774,0.011395094
2024-06-26,0.012285657,0.011887226,0.011428737,0.013611313,0.011748658,0.011394986
2022-02-16,0.012285716,0.011887283,0.011428797,0.013611363,0.011748713,0.011395046
2024-11-05,0.012285865,0.011887428,0.011428925,0.01361155,0.011748852,0.011395174
2022-04-07,0.01228568,0.011887254,0.011428764,0.013611331,0.0117486855,0.011395013
2022-05-19,0.012285716,0.011887283,0.011428797,0.013611371,0.011748713,0.011395041
2021-10-15,0.012284905,0.011886515,0.011428074,0.013610429,0.01174796,0.011394326
2019-05-16,0.0122857215,0.011887292,0.011428801,0.013611376,0.011748725,0.011395051
2024-01-17,0.012285703,0.011887277,0.0114287855,0.013611351,0.011748708,0.011395034
2020-01-26,0.012285703,0.011887277,0.011428791,0.013611351,0.011748708,0.011395034
2023-03-04,0.012285993,0.011887545,0.011429028,0.013611735,0.011748962,0.011395271
2020-03-21,0.012285664,0.011887244,0.011428753,0.013611313,0.01174867,0.011395003
2022-02-01,0.01228571,0.011887283,0.011428791,0.013611357,0.011748713,0.011395041
2021-02-04,0.012285733,0.0118873045,0.0114288125,0.013611396,0.011748736,0.011395061
2021-09-04,0.012285576,0.011887154,0.011428672,0.0136112105,0.011748585,0.011394922
2022-08-01,0.012285796,0.011887366,0.011428867,0.013611472,0.011748791,0.011395115
2020-02-19,0.0122857215,0.011887289,0.011428801,0.013611371,0.011748719,0.011395051
2021-10-11,0.012285333,0.011886919,0.011428451,0.013610935,0.011748359,0.011394696
2020-04-03,0.012285698,0.011887271,0.01142878,0.013611357,0.011748702,0.011395029
2023-12-27,0.012285698,0.011887271,0.0114287855,0.013611346,0.011748702,0.011395029
2020-03-04,0.012285716,0.011887283,0.011428791,0.013611376,0.011748713,0.011395041
2023-05-10,0.012285669,0.011887244,0.0114287585,0.013611313,0.011748673,0.011395007
2020-12-23,0.012285693,0.011887265,0.011428774,0.013611338,0.011748697,0.011395025
2024-11-24,0.012285767,0.011887332,0.011428845,0.013611428,0.011748764,0.011395089
2020-08-05,0.012285716,0.011887283,0.011428797,0.013611371,0.011748713,0.011395041
2023-09-19,0.012286896,0.011888391,0.011429815,0.013612817,0.011749792,0.011396056
2020-05-14,0.012285657,0.011887233,0.011428743,0.0136113,0.011748663,0.011394992
2020-10-08,0.012285733,0.011887299,0.011428807,0.013611389,0.011748729,0.011395057
2020-06-15,0.012285687,0.011887254,0.011428764,0.013611357,0.0117486855,0.011395007
2021-10-04,0.012285727,0.011887292,0.011428797,0.013611409,0.011748719,0.011395041
2023-10-08,0.012286647,0.011888157,0.011429594,0.013612517,0.011749566,0.011395841
2020-04-17,0.012285669,0.011887244,0.0114287585,0.0136113195,0.011748673,0.011395003
2023-10-17,0.012286271,0.011887804,0.01142927,0.013612055,0.011749223,0.011395519
2024-06-25,0.012285531,0.011887108,0.011428624,0.01361116,0.011748542,0.011394874
2022-12-02,0.012286797,0.011888284,0.011429707,0.013612728,0.011749687,0.011395948
2023-05-08,0.01228568,0.011887254,0.01142877,0.013611325,0.0117486855,0.011395019
2019-06-12,0.012285693,0.011887265,0.011428774,0.013611351,0.011748697,0.011395025
2022-12-15,0.01228693,0.011888414,0.011429825,0.0136129,0.01174981,0.011396066
2020-11-11,0.012285716,0.011887289,0.011428797,0.013611363,0.011748719,0.011395046
2019-04-06,0.01228564,0.011887215,0.011428727,0.013611287,0.011748641,0.011394976
2021-05-20,0.012285687,0.011887261,0.011428774,0.013611331,0.011748692,0.011395025
2023-10-19,0.0122861555,0.011887697,0.011429173,0.013611915,0.011749118,0.011395422
2020-11-16,0.012285727,0.011887299,0.011428807,0.013611384,0.011748729,0.011395057
2023-11-03,0.012285803,0.011887372,0.011428871,0.013611485,0.011748796,0.011395121
2024-03-31,0.012285669,0.011887244,0.0114287585,0.013611313,0.011748673,0.011395003
2019-06-30,0.012285762,0.011887327,0.011428834,0.013611428,0.011748757,0.011395083
2022-08-04,0.012285814,0.011887378,0.011428882,0.013611485,0.0117488075,0.011395126
2024-05-20,0.012286091,0.011887618,0.011429082,0.013611915,0.011749035,0.011395325
2022-06-18,0.012285594,0.011887171,0.011428688,0.013611229,0.011748603,0.011394934
2019-06-05,0.012285675,0.011887244,0.011428753,0.013611331,0.011748673,0.011395003
2022-06-28,0.01228583,0.011887394,0.011428893,0.013611524,0.011748823,0.011395142
2023-04-23,0.012285571,0.011887154,0.011428672,0.013611197,0.011748585,0.011394922
2024-09-30,0.012285762,0.011887327,0.011428834,0.01361144,0.011748757,0.011395077
2020-08-19,0.012285814,0.011887378,0.011428882,0.013611492,0.0117488075,0.011395131
2023-07-27,0.012285843,0.011887406,0.011428905,0.013611524,0.01174883,0.011395153
2024-03-09,0.012285703,0.011887271,0.0114287855,0.013611357,0.011748702,0.011395029
2023-07-26,0.012285843,0.011887406,0.011428909,0.013611524,0.0117488345,0.011395153
2019-11-27,0.012285693,0.011887265,0.01142878,0.013611346,0.011748697,0.011395029
2020-04-29,0.01228568,0.011887254,0.011428764,0.013611325,0.0117486855,0.011395013
2021-09-24,0.012285693,0.011887265,0.01142877,0.013611351,0.011748692,0.011395019
2020-10-28,0.01228571,0.011887283,0.011428797,0.013611363,0.011748713,0.011395041
2023-03-06,0.012285928,0.011887484,0.011428974,0.0136116445,0.011748907,0.011395217
2024-03-08,0.012285698,0.011887265,0.011428774,0.013611351,0.011748697,0.011395025
2022-11-05,0.012285774,0.011887344,0.01142885,0.013611447,0.011748768,0.011395094
2020-12-10,0.012285698,0.011887271,0.0114287855,0.013611346,0.011748702,0.011395034
2024-10-16,0.012285762,0.011887332,0.011428834,0.013611428,0.011748757,0.011395083
2021-04-18,0.012285693,0.011887265,0.011428774,0.013611346,0.011748697,0.011395025
2020-08-21,0.012285837,0.0118873995,0.011428898,0.013611518,0.011748823,0.011395147
2024-06-18,0.012285849,0.011887412,0.011428905,0.01361155,0.0117488345,0.011395153
2024-06-02,0.012285587,0.011887166,0.011428683,0.013611223,0.011748597,0.011394927
2022-01-05,0.012285703,0.011887277,0.011428791,0.013611351,0.011748708,0.011395041
2022-04-13,0.012285687,0.011887261,0.01142877,0.013611338,0.011748692,0.011395019
2023-11-30,0.012285733,0.0118873045,0.0114288125,0.013611389,0.011748736,0.011395061
2023-12-20,0.012285703,0.011887277,0.011428791,0.013611351,0.011748708,0.011395034
2021-10-30,0.012285502,0.01188708,0.011428602,0.013611128,0.011748514,0.011394852
2023-05-02,0.012285628,0.011887204,0.011428721,0.013611262,0.011748636,0.01139497
2021-12-04,0.012285935,0.011887495,0.011428985,0.0136116445,0.011748918,0.011395234
2021-02-11,0.012285727,0.011887299,0.011428807,0.013611389,0.011748729,0.011395057
2021-07-01,0.012285553,0.011887131,0.011428651,0.013611171,0.0117485635,0.011394901
2021-10-12,0.012285299,0.011886891,0.011428419,0.01361089,0.011748326,0.01139467
2024-02-26,0.012285513,0.011887092,0.011428618,0.01361112,0.011748531,0.011394868
2023-07-03,0.012285888,0.011887434,0.011428915,0.0136116445,0.011748857,0.011395165
2020-10-14,0.0122857215,0.011887292,0.011428801,0.013611376,0.011748725,0.011395051
2023-12-26,0.012285698,0.011887271,0.0114287855,0.013611346,0.011748702,0.011395034
2019-09-14,0.012285738,0.0118873045,0.0114288125,0.013611409,0.011748736,0.011395061
2019-04-13,0.012285651,0.011887226,0.011428743,0.0136113,0.011748658,0.011394986
2020-09-11,0.012285587,0.011887166,0.011428678,0.013611229,0.011748591,0.011394927
2024-12-06,0.012285814,0.011887378,0.011428882,0.01361148,0.0117488075,0.011395131
2024-09-14,0.012285947,0.011887507,0.011428995,0.013611659,0.0117489295,0.011395244
2020-10-18,0.012285693,0.011887265,0.01142878,0.013611346,0.011748697,0.011395025
2022-01-30,0.01228571,0.011887283,0.011428791,0.013611357,0.011748713,0.011395041
2024-12-28,0.01228575,0.011887322,0.011428834,0.013611409,0.011748752,0.011395077
2021-07-06,0.012285628,0.0118872095,0.011428721,0.013611269,0.011748641,0.01139497
2021-11-08,0.012285779,0.011887344,0.011428845,0.013611467,0.011748768,0.011395089
2024-08-17,0.012285888,0.01188745,0.011428948,0.013611589,0.011748874,0.011395191
2022-11-29,0.012286861,0.011888346,0.011429762,0.01361281,0.011749748,0.011396001
2021-05-28,0.012284686,0.011886309,0.011427881,0.013610155,0.011747754,0.011394133
2024-02-23,0.012285536,0.01188712,0.01142864,0.01361116,0.011748552,0.011394889
2023-02-23,0.012285901,0.011887456,0.011428948,0.013611619,0.011748879,0.011395191
2021-06-08,0.012285675,0.011887249,0.0114287585,0.013611325,0.01174868,0.011395007
2019-08-15,0.01228575,0.011887317,0.011428823,0.013611422,0.011748746,0.011395067
2023-06-16,0.012285647,0.011887221,0.011428731,0.013611287,0.011748647,0.011394981
2019-06-01,0.012284442,0.011886078,0.011427665,0.013609878,0.011747534,0.011393917
2021-08-31,0.012285559,0.011887142,0.011428661,0.013611185,0.011748575,0.011394906
2024-12-29,0.012285745,0.011887317,0.011428823,0.013611403,0.011748746,0.0113950735
2023-08-24,0.01228656,0.011888083,0.011429534,0.013612401,0.011749494,0.011395777
2019-06-25,0.01228538,0.011886969,0.011428494,0.01361098,0.011748403,0.011394746
2024-11-20,0.012285803,0.011887366,0.011428871,0.013611472,0.011748796,0.011395121
2020-07-15,0.012285808,0.011887372,0.011428871,0.013611492,0.011748796,0.011395121
2019-10-18,0.012285733,0.0118873045,0.0114288125,0.013611396,0.011748736,0.011395061
2023-04-04,0.012285687,0.011887261,0.01142877,0.013611346,0.011748692,0.011395019
2022-09-09,0.01228623,0.011887764,0.011429238,0.013612004,0.011749184,0.0113954805
2023-05-04,0.012285675,0.011887249,0.0114287585,0.013611313,0.01174868,0.011395007
2023-06-28,0.012285774,0.011887339,0.0114288395,0.013611454,0.011748764,0.011395089
2022-01-01,0.012285703,0.011887277,0.011428791,0.013611351,0.011748708,0.011395034
2024-05-07,0.012285733,0.0118873045,0.0114288125,0.013611389,0.011748729,0.011395061
2020-05-29,0.01228571,0.011887277,0.0114287855,0.013611371,0.011748708,0.011395034
2019-11-07,0.012285693,0.011887265,0.01142878,0.013611338,0.011748697,0.011395025
2023-11-27,0.012285756,0.011887322,0.011428828,0.0136114145,0.011748752,0.011395077
2020-06-24,0.012285084,0.011886689,0.01142823,0.013610634,0.011748126,0.011394482
2019-08-31,0.012286045,0.011887596,0.011429077,0.013611786,0.011749017,0.011395325
2023-07-21,0.012285837,0.0118873995,0.011428898,0.013611524,0.011748823,0.011395142
2024-07-31,0.012285733,0.0118873045,0.0114288125,0.013611396,0.011748736,0.011395061
2020-02-02,0.01228571,0.011887283,0.011428791,0.013611357,0.011748713,0.011395041
2020-11-18,0.0122857215,0.011887292,0.011428807,0.013611376,0.011748725,0.011395051
2024-12-15,0.012285738,0.011887311,0.011428823,0.013611396,0.011748741,0.0113950735
2020-04-01,0.01228571,0.011887283,0.011428791,0.013611371,0.011748713,0.011395041
2022-03-23,0.0122857215,0.011887292,0.011428797,0.013611384,0.011748719,0.011395046
2021-06-23,0.012285716,0.011887289,0.011428797,0.013611384,0.011748719,0.011395041
2023-08-07,0.012285928,0.011887489,0.011428979,0.013611639,0.011748913,0.011395229
2020-07-20,0.012285849,0.011887412,0.011428909,0.013611536,0.0117488345,0.011395158
2021-03-18,0.012285774,0.011887339,0.0114288395,0.013611447,0.011748768,0.011395089
2021-05-30,0.012284442,0.011886078,0.011427665,0.013609872,0.011747534,0.011393917
2024-06-07,0.012285687,0.011887254,0.011428764,0.013611338,0.0117486855,0.011395013
2021-08-08,0.012285576,0.011887154,0.011428661,0.013611229,0.01174858,0.0113949105
2020-06-08,0.012285698,0.011887271,0.0114287855,0.013611351,0.011748702,0.011395029
2022-06-15,0.012285611,0.011887187,0.011428705,0.013611254,0.011748619,0.01139495
2020-02-13,0.0122857215,0.011887292,0.011428801,0.013611376,0.011748725,0.011395051
2023-01-19,0.012287202,0.011888661,0.011430051,0.013613246,0.011750053,0.011396292
2020-06-10,0.012285703,0.011887277,0.0114287855,0.013611357,0.011748708,0.011395034
2024-06-22,0.012285565,0.011887142,0.011428661,0.013611191,0.011748575,0.011394906
2024-05-25,0.012285727,0.011887292,0.011428797,0.013611403,0.011748719,0.011395046
2021-11-01,0.012285438,0.011887024,0.011428549,0.013611057,0.011748458,0.011394794
2021-08-30,0.012285582,0.011887166,0.011428678,0.013611216,0.011748597,0.011394927
2024-08-14,0.012285826,0.01188739,0.011428888,0.013611505,0.011748813,0.011395137
2024-03-07,0.012285687,0.011887261,0.01142877,0.013611338,0.0117486855,0.011395013
2024-04-10,0.012285664,0.011887237,0.011428753,0.0136113055,0.01174867,0.011394997
2022-08-17,0.012285843,0.011887406,0.011428905,0.01361153,0.01174883,0.011395147
2021-03-27,0.012285849,0.011887406,0.011428893,0.013611568,0.01174883,0.011395142
2024-10-10,0.012285762,0.011887327,0.011428834,0.013611428,0.011748757,0.011395083
2021-11-13,0.012286005,0.011887551,0.011429039,0.013611735,0.011748973,0.011395287
2021-08-18,0.012285657,0.011887233,0.011428748,0.0136113,0.011748663,0.011394997
2023-08-12,0.01228619,0.011887725,0.011429195,0.01361196,0.011749146,0.011395443
2024-09-05,0.012286202,0.011887741,0.011429216,0.013611966,0.011749161,0.011395465
2019-04-14,0.012285657,0.011887233,0.011428743,0.0136113,0.011748663,0.011394992
2019-05-23,0.012285727,0.011887299,0.011428807,0.013611389,0.011748729,0.011395057
2023-10-10,0.01228648,0.011888,0.011429449,0.013612318,0.011749411,0.011395696
2020-11-04,0.012285716,0.011887289,0.011428801,0.013611371,0.011748719,0.011395046
2023-03-28,0.012285756,0.011887322,0.011428828,0.013611428,0.011748752,0.0113950735
2021-02-22,0.01228571,0.011887283,0.011428797,0.013611363,0.011748713,0.011395041
2024-09-29,0.012285762,0.011887327,0.011428828,0.013611434,0.011748752,0.011395077
2024-05-18,0.012286219,0.01188773,0.0114291785,0.013612094,0.011749139,0.011395422
2020-05-31,0.012285826,0.011887378,0.011428877,0.01361153,0.0117488075,0.011395121
2023-05-27,0.012285687,0.011887261,0.01142877,0.013611331,0.011748692,0.011395019
2024-12-04,0.012285779,0.011887344,0.011428855,0.01361144,0.011748774,0.011395099
2024-07-23,0.012285703,0.011887265,0.011428764,0.013611396,0.011748692,0.011395013
2021-12-05,0.0122859245,0.011887478,0.011428974,0.013611627,0.011748907,0.0113952225
2022-08-23,0.01228527,0.011886868,0.011428403,0.013610832,0.011748305,0.0113946535
2020-01-04,0.012285698,0.011887271,0.0114287855,0.013611346,0.011748702,0.011395034
2019-07-17,0.012285756,0.011887327,0.011428828,0.013611422,0.011748752,0.011395077
2024-05-11,0.01228579,0.011887356,0.011428862,0.01361146,0.011748785,0.01139511
2023-08-10,0.012286022,0.011887575,0.011429059,0.0136117535,0.011748995,0.0113953035
2024-05-09,0.01228575,0.011887317,0.011428828,0.013611409,0.011748746,0.0113950735
2019-11-18,0.012285698,0.011887271,0.0114287855,0.013611346,0.011748702,0.011395029
2022-05-12,0.012285611,0.011887194,0.011428705,0.013611243,0.011748624,0.011394954
2019-11-05,0.012285693,0.011887265,0.011428774,0.013611338,0.011748697,0.011395025
2024-05-21,0.012285999,0.011887535,0.011429011,0.01361178,0.011748957,0.011395255
2024-11-08,0.012285896,0.011887456,0.011428952,0.013611581,0.011748879,0.011395201
2021-03-06,0.012285738,0.0118873045,0.0114288125,0.013611396,0.011748736,0.011395061
2019-09-28,0.012285959,0.011887513,0.011429007,0.013611665,0.011748941,0.011395255
2024-11-18,0.012285803,0.011887372,0.011428877,0.013611472,0.011748801,0.011395121
2023-11-22,0.012285756,0.011887327,0.011428834,0.013611422,0.011748752,0.011395077
2021-05-17,0.012285693,0.011887265,0.011428774,0.013611338,0.011748697,0.011395025
2022-01-10,0.012285703,0.011887277,0.011428791,0.013611351,0.011748708,0.011395034
2020-12-16,0.012285698,0.011887271,0.01142878,0.013611346,0.011748702,0.011395029
2021-03-03,0.0122857215,0.011887292,0.011428801,0.013611384,0.011748725,0.011395051
2021-05-22,0.012285675,0.011887249,0.011428764,0.0136113195,0.01174868,0.011395007
2022-03-02,0.01228571,0.011887277,0.011428791,0.013611363,0.011748708,0.011395034
2019-10-07,0.0122859115,0.0118874675,0.011428968,0.013611608,0.011748896,0.011395213
2019-06-28,0.012285524,0.011887108,0.011428624,0.013611153,0.011748542,0.011394874
2020-10-26,0.01228571,0.011887283,0.011428791,0.013611357,0.011748708,0.011395041
2020-07-26,0.01228579,0.011887356,0.011428862,0.013611467,0.011748785,0.01139511
2020-02-17,0.012285727,0.011887299,0.011428807,0.013611384,0.011748725,0.011395057
2021-02-10,0.0122857215,0.011887292,0.011428801,0.013611384,0.011748725,0.011395051
2021-12-24,0.012285727,0.011887299,0.011428807,0.013611384,0.011748729,0.011395057
2023-06-13,0.0122857215,0.011887292,0.011428797,0.013611384,0.011748719,0.011395046
2020-07-10,0.012285647,0.011887221,0.011428727,0.0136113055,0.011748647,0.011394976
2023-05-09,0.01228568,0.011887254,0.011428764,0.0136113195,0.0117486855,0.011395013
2024-05-02,0.01228568,0.011887261,0.01142877,0.013611331,0.0117486855,0.011395019
2023-04-15,0.012285675,0.011887244,0.011428753,0.013611325,0.011748673,0.011395003
2019-09-15,0.012285826,0.01188739,0.011428888,0.013611518,0.011748813,0.011395131
2020-02-15,0.012285727,0.011887299,0.011428807,0.013611384,0.011748729,0.011395057
2022-09-28,0.012286491,0.01188801,0.011429464,0.013612331,0.011749427,0.011395706
2024-01-27,0.012285698,0.011887271,0.01142878,0.013611346,0.011748702,0.011395029
2022-08-13,0.012285883,0.011887445,0.011428941,0.013611581,0.011748868,0.011395185
2023-10-15,0.012286322,0.011887855,0.011429319,0.013612125,0.011749273,0.011395567
2019-07-05,0.012285878,0.011887439,0.011428936,0.013611576,0.011748863,0.011395181
2022-07-17,0.012286081,0.011887624,0.011429104,0.013611826,0.011749046,0.011395352
2019-05-09,0.0122857215,0.011887289,0.011428801,0.013611371,0.011748719,0.011395046
2024-10-09,0.012285756,0.011887322,0.011428828,0.013611422,0.011748752,0.011395077
2024-07-25,0.0122857215,0.011887289,0.0114287855,0.0136114145,0.011748713,0.011395034
2021-05-09,0.012285675,0.011887249,0.011428764,0.0136113195,0.01174868,0.011395013
2021-01-23,0.012285703,0.011887277,0.011428791,0.013611357,0.011748708,0.011395034
2021-03-22,0.012285796,0.011887356,0.011428855,0.013611485,0.011748785,0.011395105
2023-10-23,0.012286075,0.011887624,0.011429109,0.013611811,0.011749046,0.011395352
2023-10-14,0.0122863,0.011887831,0.011429297,0.0136121,0.011749251,0.01139554
2022-01-28,0.01228571,0.011887283,0.011428797,0.013611363,0.011748713,0.011395046
2020-03-15,0.012285634,0.011887215,0.011428727,0.013611275,0.011748647,0.011394976
2020-02-11,0.0122857215,0.011887292,0.011428801,0.013611376,0.011748725,0.011395051
2024-01-25,0.012285703,0.011887277,0.0114287855,0.013611351,0.011748708,0.011395034
2024-12-18,0.012285762,0.011887332,0.0114288395,0.013611422,0.011748764,0.011395089
2020-06-05,0.012285651,0.011887226,0.011428743,0.013611294,0.011748658,0.011394986
2021-03-01,0.012285727,0.011887292,0.011428807,0.013611384,0.011748725,0.011395051
2024-02-28,0.012285624,0.011887198,0.011428715,0.013611262,0.01174863,0.011394965
2020-01-05,0.012285698,0.011887271,0.0114287855,0.013611346,0.011748702,0.011395029
2023-06-19,0.0122856,0.011887175,0.011428694,0.013611237,0.011748607,0.011394943
2023-06-12,0.01228571,0.011887283,0.011428791,0.013611371,0.011748713,0.011395041
2019-09-02,0.012286127,0.011887669,0.011429147,0.013611882,0.01174909,0.011395389
2023-01-22,0.012287069,0.011888542,0.0114299385,0.01361308,0.011749936,0.011396179
2022-07-23,0.012285976,0.011887529,0.0114290165,0.013611703,0.011748952,0.011395265
2021-07-29,0.012285559,0.011887137,0.011428651,0.013611191,0.01174857,0.011394901
2022-11-17,0.012286098,0.011887641,0.01142912,0.013611851,0.011749062,0.011395362
2020-06-27,0.0122856,0.011887182,0.011428694,0.013611237,0.011748607,0.011394943
2023-11-14,0.012285727,0.011887292,0.011428801,0.013611389,0.011748725,0.011395051
2023-05-18,0.012285669,0.011887244,0.0114287585,0.013611313,0.011748673,0.011395003
2021-07-07,0.012285634,0.011887215,0.011428727,0.013611275,0.011748641,0.011394976
2020-08-11,0.012285779,0.01188735,0.01142885,0.013611454,0.011748774,0.011395099
2024-01-31,0.012285698,0.011887271,0.01142878,0.013611346,0.011748702,0.011395029
2024-02-04,0.012285693,0.011887265,0.01142878,0.013611346,0.011748697,0.011395025
2021-11-22,0.012286127,0.011887669,0.011429141,0.013611882,0.011749083,0.011395389
2024-05-04,0.012285727,0.011887292,0.011428807,0.013611384,0.011748725,0.011395051
2020-07-06,0.012285518,0.011887098,0.011428618,0.013611141,0.011748531,0.011394868
2024-12-11,0.012285745,0.011887317,0.011428823,0.013611403,0.011748746,0.0113950735
2020-12-24,0.012285698,0.011887271,0.0114287855,0.013611346,0.011748702,0.011395029
2024-03-15,0.012285594,0.011887175,0.011428688,0.013611229,0.011748603,0.0113949375
2023-10-18,0.012286167,0.011887708,0.011429184,0.013611928,0.011749129,0.0113954265
2023-06-21,0.012285594,0.011887171,0.011428688,0.013611223,0.011748603,0.011394934
2019-11-10,0.012285693,0.011887265,0.011428774,0.013611338,0.011748697,0.011395025
2021-05-16,0.012285687,0.011887261,0.01142877,0.013611331,0.011748692,0.011395019
2022-08-09,0.012285843,0.011887406,0.011428905,0.01361153,0.0117488345,0.011395153
2020-04-06,0.012285605,0.011887175,0.011428688,0.013611254,0.011748607,0.0113949375
2024-08-08,0.012285727,0.011887299,0.011428807,0.013611389,0.011748729,0.011395057
2023-03-02,0.01228601,0.011887562,0.0114290435,0.0136117535,0.011748979,0.011395287
2021-11-29,0.012286075,0.011887618,0.011429104,0.013611819,0.011749039,0.011395346
2021-04-22,0.012285669,0.011887244,0.0114287585,0.013611313,0.011748673,0.011395007
2020-12-14,0.012285698,0.011887271,0.0114287855,0.013611346,0.011748702,0.011395029
2020-02-05,0.01228571,0.011887283,0.011428797,0.013611363,0.011748713,0.011395046
2022-06-17,0.012285647,0.011887221,0.011428731,0.0136113,0.011748647,0.011394976
2021-04-24,0.012285675,0.011887249,0.0114287585,0.013611313,0.01174868,0.011395007
2023-10-05,0.012286734,0.01188824,0.011429674,0.013612624,0.011749649,0.011395921
2019-12-25,0.012285698,0.011887271,0.01142878,0.013611346,0.011748702,0.011395029
2021-12-26,0.0122857215,0.011887292,0.011428807,0.013611376,0.011748725,0.011395051
2024-10-27,0.012285865,0.011887428,0.011428925,0.013611556,0.011748857,0.011395174
2023-03-20,0.012285675,0.011887244,0.011428743,0.013611351,0.01174867,0.011394992
2020-07-04,0.012285502,0.011887087,0.011428609,0.01361112,0.01174852,0.011394852
2021-11-19,0.012286086,0.01188763,0.011429109,0.013611832,0.011749051,0.011395357
2021-09-03,0.012285518,0.011887103,0.011428624,0.013611141,0.011748536,0.011394874
2019-07-29,0.012285651,0.011887226,0.011428743,0.0136113,0.011748658,0.011394986
2024-09-08,0.01228616,0.011887702,0.011429184,0.013611915,0.011749123,0.0113954265
2023-10-28,0.012285959,0.011887517,0.011429007,0.013611671,0.011748941,0.011395255
2022-12-09,0.012286792,0.011888284,0.011429707,0.013612728,0.011749687,0.011395948
2023-04-12,0.012285651,0.011887226,0.011428737,0.0136113055,0.011748658,0.011394986
2021-12-02,0.012286016,0.011887568,0.011429055,0.013611748,0.01174899,0.011395298
2024-11-06,0.012285888,0.01188745,0.011428948,0.013611581,0.011748879,0.011395196
2021-01-18,0.012285703,0.011887277,0.0114287855,0.013611351,0.011748708,0.011395034
2024-03-02,0.01228568,0.011887254,0.011428764,0.013611331,0.0117486855,0.011395013
2022-12-17,0.012286942,0.011888425,0.011429836,0.01361292,0.011749826,0.0113960765
2021-09-14,0.012285628,0.011887204,0.011428715,0.013611275,0.011748636,0.011394965
2020-12-05,0.012285698,0.011887271,0.0114287855,0.013611346,0.011748702,0.011395034
2021-03-19,0.012285774,0.011887339,0.0114288395,0.013611447,0.011748764,0.011395083
2020-11-06,0.012285716,0.011887289,0.011428801,0.013611371,0.011748719,0.011395046
2019-10-11,0.01228583,0.011887394,0.011428898,0.01361151,0.011748823,0.011395147
2021-09-06,0.012285657,0.011887233,0.011428743,0.0136113055,0.011748663,0.011394992
2024-01-26,0.012285698,0.011887271,0.0114287855,0.013611351,0.011748702,0.011395034
2023-09-09,0.012288106,0.011889529,0.011430875,0.013614285,0.011750912,0.011397108
2020-06-19,0.01228545,0.01188703,0.011428554,0.013611057,0.011748464,0.011394803
2019-12-23,0.012285703,0.011887277,0.0114287855,0.013611351,0.011748708,0.011395034
2022-01-06,0.012285703,0.011887277,0.011428791,0.013611351,0.011748708,0.011395041
2020-08-20,0.01228583,0.011887394,0.011428893,0.013611518,0.011748823,0.011395142
2021-07-20,0.012285431,0.01188702,0.011428542,0.013611044,0.011748454,0.011394794
2019-06-26,0.012285299,0.011886891,0.011428424,0.013610883,0.011748326,0.011394675
2020-11-03,0.0122857215,0.011887292,0.011428801,0.013611371,0.011748719,0.011395051
2024-09-13,0.012285988,0.011887539,0.011429034,0.013611703,0.011748962,0.0113952765
2023-12-18,0.012285698,0.011887271,0.01142878,0.013611346,0.011748702,0.011395029
2021-10-10,0.012285518,0.011887098,0.011428612,0.01361116,0.011748531,0.011394863
2023-10-29,0.012285947,0.011887507,0.011428995,0.013611659,0.0117489295,0.011395244
2024-12-19,0.012285774,0.011887344,0.01142885,0.013611434,0.011748768,0.011395099
2024-02-05,0.012285693,0.011887265,0.011428774,0.013611338,0.011748697,0.011395025
2023-11-19,0.012285756,0.011887322,0.011428828,0.0136114145,0.011748752,0.011395077
2023-05-16,0.012285647,0.011887221,0.011428737,0.01361128,0.011748652,0.011394986
2022-05-16,0.012285698,0.011887271,0.0114287855,0.013611346,0.011748702,0.011395029
2020-08-16,0.012285837,0.0118873995,0.011428898,0.013611518,0.011748823,0.011395147
2021-02-13,0.012285727,0.011887299,0.011428807,0.013611389,0.011748729,0.011395057
2024-03-18,0.012285618,0.011887198,0.01142871,0.013611262,0.011748624,0.011394959
2023-05-17,0.012285657,0.011887237,0.011428748,0.0136113,0.01174867,0.011394997
2019-09-10,0.012285819,0.011887384,0.011428882,0.013611498,0.0117488075,0.011395131
2023-06-29,0.012285814,0.011887372,0.011428871,0.013611518,0.011748796,0.011395115
2024-01-03,0.012285698,0.011887271,0.0114287855,0.013611346,0.011748702,0.011395034
2022-09-23,0.012286536,0.0118880505,0.011429503,0.013612389,0.01174946,0.011395744
2020-08-01,0.012285738,0.0118873045,0.0114288125,0.013611396,0.011748736,0.011395061
2019-10-03,0.012285935,0.011887495,0.01142899,0.013611639,0.011748918,0.011395234
2020-05-24,0.012285675,0.011887249,0.011428764,0.0136113195,0.01174868,0.011395013
2023-08-16,0.012286259,0.011887798,0.011429265,0.013612042,0.011749217,0.011395513
2020-07-19,0.01228579,0.011887356,0.011428862,0.01361146,0.011748785,0.01139511
2019-06-03,0.012284582,0.011886207,0.011427783,0.013610039,0.011747661,0.011394036
2023-01-18,0.01228722,0.011888683,0.011430068,0.013613265,0.01175007,0.011396303
2019-11-30,0.012285698,0.011887271,0.01142878,0.013611346,0.011748702,0.011395029
2020-11-07,0.0122857215,0.011887292,0.011428801,0.013611371,0.011748725,0.011395051
2020-06-01,0.012285849,0.011887406,0.011428898,0.013611568,0.01174883,0.011395142
2019-07-15,0.012285767,0.011887332,0.0114288395,0.013611434,0.011748764,0.011395089
2022-06-24,0.012285738,0.0118873045,0.0114288125,0.013611403,0.011748736,0.011395061
2022-02-22,0.012285716,0.011887289,0.011428797,0.013611371,0.011748719,0.011395046
2019-09-26,0.012285976,0.011887529,0.011429023,0.013611691,0.011748952,0.011395265
2022-12-06,0.012286843,0.01188833,0.011429745,0.013612791,0.011749732,0.011395985
2022-12-18,0.012286994,0.011888469,0.011429874,0.013612976,0.011749865,0.011396115
2022-11-08,0.012285814,0.011887378,0.011428882,0.013611498,0.0117488075,0.011395126
2020-01-02,0.012285703,0.011887277,0.0114287855,0.013611351,0.011748708,0.011395034
2019-12-16,0.012285698,0.011887271,0.0114287855,0.013611346,0.011748702,0.011395034
2024-05-19,0.012286144,0.011887669,0.01142912,0.013611991,0.011749079,0.011395368
2020-05-23,0.012285664,0.011887237,0.011428753,0.0136113055,0.01174867,0.011395003
2019-09-03,0.012286167,0.011887702,0.0114291785,0.013611933,0.011749123,0.011395422
2021-02-09,0.012285727,0.011887299,0.011428807,0.013611389,0.011748729,0.011395057
2024-12-30,0.012285738,0.011887311,0.011428817,0.013611396,0.011748741,0.011395067
2020-05-04,0.012285675,0.011887249,0.011428764,0.0136113195,0.01174868,0.011395013
2022-07-25,0.012285928,0.011887484,0.011428979,0.013611639,0.011748913,0.0113952225
2024-05-17,0.012286179,0.011887697,0.011429147,0.013612042,0.011749106,0.011395395
2019-11-15,0.012285693,0.011887265,0.01142878,0.013611346,0.011748697,0.011395029
2019-12-31,0.012285698,0.011887271,0.0114287855,0.013611346,0.011748702,0.011395034
2019-11-03,0.012285698,0.011887271,0.01142878,0.013611346,0.011748697,0.011395029
2023-12-23,0.012285703,0.011887277,0.011428791,0.013611351,0.011748708,0.011395034
2020-07-13,0.012285826,0.011887384,0.011428877,0.013611536,0.0117488075,0.011395126
2022-03-04,0.012285733,0.011887299,0.011428807,0.013611389,0.011748729,0.011395057
2023-03-26,0.012285664,0.011887233,0.011428743,0.0136113195,0.011748663,0.011394992
2021-05-01,0.012285657,0.011887233,0.011428748,0.0136113,0.011748663,0.011394997
2024-06-28,0.012285624,0.011887194,0.01142871,0.013611269,0.011748624,0.011394954
2024-08-22,0.012285935,0.011887495,0.01142899,0.013611639,0.011748918,0.011395234
2020-05-02,0.012285675,0.011887249,0.011428764,0.013611325,0.01174868,0.011395013
2021-03-07,0.012285738,0.0118873045,0.011428817,0.013611396,0.011748736,0.011395061
2022-05-23,0.012285774,0.011887339,0.0114288395,0.013611467,0.011748764,0.011395083
2020-02-16,0.012285727,0.011887299,0.011428807,0.013611384,0.011748729,0.011395057
2022-06-25,0.0122857215,0.011887289,0.011428797,0.013611384,0.011748719,0.011395041
2024-11-07,0.012285883,0.011887445,0.011428941,0.013611568,0.011748868,0.011395191
2020-12-28,0.012285698,0.011887271,0.0114287855,0.013611346,0.011748702,0.011395029
2022-09-19,0.012286433,0.011887954,0.0114294095,0.0136122545,0.011749372,0.011395658
2022-12-13,0.01228648,0.011887994,0.011429442,0.013612331,0.0117494045,0.011395684
2019-08-17,0.012285785,0.011887344,0.011428845,0.013611472,0.011748774,0.011395094
2023-07-16,0.012285814,0.011887378,0.011428877,0.013611492,0.011748801,0.011395126
2024-10-29,0.012285883,0.011887445,0.011428941,0.013611576,0.011748868,0.011395191
2021-03-23,0.012285796,0.011887356,0.011428855,0.013611492,0.01174878,0.011395099
2021-05-18,0.012285693,0.011887265,0.01142878,0.013611346,0.011748697,0.011395029
2019-04-18,0.012285628,0.011887204,0.011428721,0.013611275,0.011748636,0.01139497
2021-11-25,0.01228601,0.011887562,0.01142905,0.013611742,0.011748984,0.011395292
2020-01-23,0.012285698,0.011887277,0.0114287855,0.013611351,0.011748702,0.011395034
2019-05-22,0.012285727,0.011887299,0.011428807,0.013611384,0.011748729,0.011395057
2022-01-09,0.012285703,0.011887277,0.011428791,0.013611351,0.011748708,0.011395041
2020-09-13,0.012285647,0.011887221,0.011428727,0.0136113,0.011748647,0.011394976
2021-06-12,0.01228571,0.011887277,0.0114287855,0.013611384,0.011748708,0.011395029
2023-11-23,0.012285779,0.01188735,0.011428855,0.013611447,0.011748774,0.011395099
2023-06-22,0.01228564,0.011887215,0.011428727,0.01361128,0.011748647,0.011394976
2021-10-08,0.01228564,0.011887215,0.011428727,0.0136113,0.011748641,0.01139497
2020-03-22,0.012285698,0.011887271,0.0114287855,0.013611346,0.011748702,0.011395034
2019-10-25,0.012285698,0.011887271,0.0114287855,0.013611351,0.011748702,0.011395034
2020-03-05,0.012285703,0.011887277,0.0114287855,0.013611357,0.011748702,0.011395029
2022-01-14,0.012285703,0.011887277,0.011428791,0.013611351,0.011748708,0.011395034
2024-08-09,0.012285738,0.011887311,0.011428817,0.013611403,0.011748736,0.011395061
2020-05-21,0.012285657,0.011887233,0.011428748,0.0136113,0.011748663,0.011394997
2020-03-27,0.012285703,0.011887271,0.0114287855,0.013611351,0.011748702,0.011395029
2024-11-23,0.012285762,0.011887332,0.0114288395,0.013611422,0.011748764,0.011395089
2022-01-16,0.012285703,0.011887277,0.0114287855,0.013611351,0.011748708,0.011395034
2024-05-27,0.012285698,0.011887265,0.011428774,0.013611357,0.011748697,0.011395025
2019-10-20,0.0122857215,0.011887289,0.011428801,0.013611376,0.011748719,0.011395046
2020-08-24,0.0122857215,0.011887292,0.011428801,0.013611384,0.011748725,0.011395051
2019-12-20,0.012285698,0.011887271,0.0114287855,0.013611346,0.011748702,0.011395029
2019-04-10,0.0122856,0.011887175,0.011428688,0.013611243,0.011748603,0.0113949375
2023-09-08,0.012287886,0.011889326,0.011430682,0.013614015,0.0117507065,0.011396921
2022-07-31,0.012285785,0.01188735,0.011428855,0.013611454,0.01174878,0.011395105
2019-07-07,0.0122859245,0.011887478,0.011428974,0.013611627,0.011748907,0.0113952225
2023-09-26,0.012286532,0.0118880505,0.011429496,0.013612389,0.01174946,0.0113957375
2024-01-20,0.012285703,0.011887277,0.0114287855,0.013611351,0.011748708,0.011395034
2021-11-12,0.012285999,0.011887551,0.011429039,0.013611735,0.011748973,0.011395282
2024-03-21,0.012285634,0.0118872095,0.011428727,0.01361128,0.011748641,0.01139497
2024-03-20,0.012285634,0.0118872095,0.011428721,0.013611275,0.011748641,0.01139497
2020-03-25,0.0122857215,0.011887289,0.011428801,0.013611371,0.011748719,0.011395051
2023-10-24,0.012286052,0.0118876025,0.011429086,0.01361178,0.011749024,0.011395331
2024-11-01,0.012285854,0.011887417,0.011428921,0.013611543,0.011748846,0.011395165
2024-10-20,0.012285767,0.011887332,0.0114288395,0.01361144,0.011748764,0.011395089
2020-11-01,0.012285716,0.011887289,0.011428797,0.013611371,0.011748719,0.011395046
2019-06-16,0.012285727,0.011887292,0.011428801,0.013611396,0.011748725,0.011395046
2020-11-26,0.01228571,0.011887283,0.011428797,0.013611357,0.011748713,0.011395041
2022-08-03,0.012285796,0.011887366,0.011428867,0.013611472,0.011748791,0.011395115
2021-01-13,0.012285698,0.011887271,0.0114287855,0.013611346,0.011748702,0.011395034
2019-11-01,0.012285703,0.011887277,0.011428791,0.013611357,0.011748708,0.011395041
2019-08-21,0.012285779,0.011887339,0.0114288395,0.01361146,0.011748768,0.011395089
2019-08-30,0.012285988,0.011887539,0.011429028,0.013611717,0.011748962,0.011395271
2020-03-14,0.012285647,0.011887221,0.011428737,0.013611287,0.011748652,0.011394986
2022-08-08,0.012285808,0.011887372,0.011428877,0.013611485,0.011748801,0.011395121
2022-07-10,0.012285999,0.011887545,0.011429034,0.013611728,0.011748968,0.011395282
2021-04-05,0.012285703,0.011887271,0.01142878,0.013611371,0.011748702,0.011395025
2021-08-19,0.012285657,0.011887233,0.011428748,0.0136113,0.011748663,0.011394992
2024-01-30,0.012285693,0.011887265,0.01142878,0.013611338,0.011748697,0.011395029
2023-05-20,0.012285669,0.011887244,0.0114287585,0.013611313,0.011748673,0.011395003
2021-03-15,0.012285745,0.011887317,0.011428817,0.013611409,0.011748741,0.011395067
2024-01-01,0.012285698,0.011887271,0.0114287855,0.013611351,0.011748702,0.011395034
2024-01-04,0.012285703,0.011887277,0.0114287855,0.013611351,0.011748708,0.011395034
2020-08-10,0.012285779,0.01188735,0.01142885,0.013611447,0.011748774,0.011395099
2021-03-29,0.01228579,0.01188735,0.0114288395,0.01361151,0.011748768,0.011395083
2024-11-30,0.012285779,0.01188735,0.011428855,0.013611447,0.01174878,0.011395105
2020-03-09,0.012285693,0.011887265,0.01142878,0.013611346,0.011748697,0.011395025
2024-06-01,0.012285647,0.011887221,0.011428737,0.013611294,0.011748652,0.011394981
2022-12-03,0.012286866,0.011888352,0.011429765,0.013612817,0.011749755,0.011396008
2020-05-11,0.012285647,0.011887226,0.011428737,0.013611287,0.011748658,0.011394986
2023-07-12,0.01228575,0.011887322,0.011428828,0.013611422,0.011748752,0.0113950735
2024-09-26,0.012285687,0.011887249,0.011428753,0.013611357,0.01174868,0.011395003
2022-04-25,0.012285651,0.011887226,0.011428743,0.0136113,0.011748658,0.011394992
2019-05-18,0.0122857215,0.011887292,0.011428801,0.013611376,0.011748719,0.011395051
2021-07-25,0.01228549,0.01188707,0.011428592,0.013611108,0.011748503,0.011394842
2024-07-13,0.012285687,0.011887254,0.0114287585,0.013611357,0.0117486855,0.011395007
2021-07-31,0.012285524,0.011887103,0.011428624,0.013611153,0.011748536,0.011394874
2020-10-04,0.012285738,0.0118873045,0.0114288125,0.013611396,0.011748736,0.011395061
2024-05-28,0.012285675,0.011887244,0.011428753,0.013611325,0.011748673,0.011395003
2024-04-08,0.012285669,0.011887244,0.0114287585,0.013611313,0.011748673,0.011395003
2024-11-22,0.012285762,0.011887332,0.0114288395,0.013611422,0.011748764,0.011395089
2023-12-25,0.012285703,0.011887277,0.0114287855,0.013611351,0.011748708,0.011395034
2020-08-27,0.012285738,0.0118873045,0.0114288125,0.013611403,0.011748736,0.011395061
2020-04-24,0.012285675,0.011887249,0.0114287585,0.0136113195,0.01174868,0.011395007
2021-04-26,0.012285651,0.011887226,0.011428743,0.013611294,0.011748658,0.011394992
2020-05-30,0.012285785,0.01188735,0.01142885,0.01361148,0.011748774,0.011395094
2020-09-19,0.012285738,0.0118873045,0.0114288125,0.013611403,0.011748736,0.011395061
2023-04-05,0.012285687,0.011887261,0.01142877,0.013611346,0.0117486855,0.011395019
2022-06-03,0.012285513,0.011887098,0.011428624,0.013611128,0.011748531,0.011394868
2024-09-06,0.012286183,0.01188773,0.011429206,0.013611946,0.011749151,0.011395449
2023-06-11,0.012285745,0.011887317,0.011428823,0.013611409,0.011748746,0.0113950735
2022-09-26,0.012286676,0.011888185,0.011429621,0.013612555,0.011749594,0.011395868
2024-08-31,0.01228637,0.011887899,0.011429363,0.013612165,0.011749311,0.011395604
2021-08-01,0.012285553,0.011887131,0.011428645,0.013611185,0.0117485635,0.011394895
2019-09-21,0.012285935,0.011887489,0.011428979,0.0136116445,0.011748913,0.011395229
2020-09-23,0.0122857215,0.011887289,0.011428797,0.013611376,0.011748719,0.011395046
2022-12-19,0.012286914,0.011888397,0.011429809,0.013612882,0.011749798,0.01139605
2021-06-03,0.012285651,0.011887226,0.011428737,0.0136113055,0.011748658,0.011394986
2022-11-04,0.012285745,0.011887317,0.011428823,0.013611409,0.011748741,0.011395067
2024-03-16,0.01228564,0.011887215,0.011428731,0.013611287,0.011748647,0.011394981
2021-10-16,0.012285097,0.0118867,0.011428242,0.013610654,0.011748138,0.011394491
2022-08-10,0.012285878,0.011887439,0.011428936,0.013611568,0.011748868,0.011395185
2022-02-13,0.012285716,0.011887289,0.011428797,0.013611371,0.011748719,0.011395046
2022-05-09,0.012285518,0.011887103,0.011428624,0.013611133,0.011748536,0.011394874
2023-11-07,0.01228575,0.011887322,0.011428823,0.013611422,0.011748746,0.0113950735
2020-07-25,0.012285796,0.01188736,0.011428867,0.013611472,0.011748791,0.011395115
2024-10-12,0.012285785,0.01188735,0.011428855,0.013611454,0.01174878,0.011395099
2023-11-06,0.012285774,0.011887339,0.011428845,0.013611447,0.011748768,0.011395094
2022-11-24,0.012286509,0.011888016,0.011429464,0.013612362,0.011749427,0.011395706
2023-10-02,0.012286792,0.011888295,0.011429728,0.013612697,0.011749705,0.0113959685
2023-02-22,0.012286068,0.011887607,0.011429086,0.013611826,0.011749029,0.011395331
2024-12-07,0.012285785,0.01188735,0.011428862,0.013611447,0.01174878,0.011395105
2019-04-19,0.012285647,0.011887226,0.011428737,0.013611287,0.011748652,0.011394986
2021-08-13,0.012285745,0.011887317,0.011428823,0.0136114145,0.011748746,0.011395067
2020-07-17,0.012285756,0.011887322,0.011428828,0.013611422,0.011748752,0.011395077
2020-01-31,0.01228571,0.011887283,0.011428797,0.013611363,0.011748713,0.011395041
2023-03-08,0.012285935,0.011887489,0.011428979,0.013611652,0.011748913,0.011395229
2023-08-21,0.01228637,0.011887899,0.011429363,0.013612165,0.011749311,0.011395604
2022-06-22,0.01228571,0.011887277,0.011428791,0.013611363,0.011748708,0.011395034
2021-05-03,0.012285669,0.011887244,0.0114287585,0.013611313,0.011748673,0.011395007
2024-12-03,0.012285796,0.011887366,0.011428871,0.013611467,0.011748796,0.011395121
2024-01-14,0.012285703,0.011887277,0.0114287855,0.013611351,0.011748708,0.011395034
2023-04-24,0.012285651,0.011887226,0.011428743,0.013611294,0.011748658,0.011394992
2022-09-10,0.012286219,0.011887758,0.011429227,0.013611991,0.011749178,0.011395474
2021-11-24,0.012285988,0.011887539,0.011429028,0.013611717,0.011748962,0.0113952765
2021-02-25,0.012285703,0.011887277,0.011428791,0.013611357,0.011748708,0.011395034
2023-05-01,0.0122856,0.011887175,0.011428694,0.013611223,0.011748607,0.011394943
2023-03-27,0.012285745,0.011887311,0.011428817,0.0136114145,0.011748741,0.011395061
2021-03-20,0.012285762,0.011887327,0.011428834,0.013611428,0.011748757,0.011395077
2021-12-27,0.012285716,0.011887289,0.011428801,0.013611371,0.011748719,0.011395051
2021-11-11,0.012285952,0.011887507,0.011428995,0.013611671,0.0117489295,0.011395244
2022-12-20,0.012287069,0.011888542,0.0114299385,0.013613072,0.011749936,0.011396179
2023-03-03,0.012286052,0.011887596,0.011429077,0.0136118,0.011749017,0.011395325
2021-06-04,0.012285687,0.011887261,0.011428764,0.013611351,0.0117486855,0.011395013
2023-09-03,0.012287788,0.011889231,0.011430596,0.013613893,0.011750618,0.011396834
2021-06-15,0.012285906,0.011887456,0.011428941,0.013611652,0.011748879,0.011395185
2024-11-25,0.012285808,0.011887372,0.011428877,0.013611472,0.011748801,0.011395126
2020-04-18,0.012285675,0.011887249,0.0114287585,0.0136113195,0.01174868,0.011395007
2023-12-06,0.012285716,0.011887289,0.011428801,0.013611371,0.011748719,0.011395046
2024-06-10,0.012285901,0.011887456,0.011428948,0.013611614,0.011748879,0.011395191
2022-12-01,0.012286866,0.011888352,0.011429772,0.013612824,0.011749755,0.011396012
2024-03-22,0.01228564,0.011887215,0.011428727,0.01361128,0.011748641,0.011394976
2021-03-17,0.012285762,0.011887327,0.011428834,0.013611434,0.011748757,0.011395083
2024-04-15,0.012285657,0.011887233,0.011428748,0.0136113055,0.011748663,0.011394997
2019-09-08,0.012285896,0.011887456,0.011428952,0.013611594,0.011748886,0.011395201
2022-04-24,0.012285664,0.011887237,0.011428753,0.013611313,0.01174867,0.011395003
2022-07-29,0.012285814,0.011887378,0.011428882,0.013611492,0.0117488075,0.011395126
2021-11-03,0.012285402,0.011886985,0.011428511,0.013611019,0.01174842,0.0113947615
2021-08-27,0.012285634,0.0118872095,0.011428727,0.013611275,0.011748641,0.011394976
2021-02-26,0.01228571,0.011887283,0.011428791,0.013611357,0.011748713,0.011395041
2024-12-08,0.012285774,0.011887344,0.01142885,0.01361144,0.011748774,0.011395099
2022-12-28,0.012287284,0.011888739,0.011430121,0.013613349,0.01175013,0.011396356
2024-01-28,0.012285703,0.011887277,0.0114287855,0.013611351,0.011748708,0.011395034
2020-08-18,0.012285814,0.011887384,0.011428882,0.013611492,0.0117488075,0.011395131
2019-07-28,0.012285647,0.011887221,0.011428731,0.013611287,0.011748652,0.011394981
2023-03-11,0.012285901,0.011887456,0.011428948,0.013611614,0.011748879,0.011395196
2023-11-04,0.012285808,0.011887372,0.011428871,0.013611485,0.011748796,0.011395121
2021-07-19,0.012285264,0.0118868565,0.011428387,0.013610846,0.0117482925,0.011394638
2020-05-06,0.012285651,0.011887226,0.011428743,0.013611294,0.011748658,0.011394986
2024-03-30,0.012285675,0.011887249,0.011428764,0.0136113195,0.01174868,0.011395007
2024-02-02,0.012285693,0.011887265,0.011428774,0.013611338,0.011748697,0.011395025
2021-10-20,0.012285587,0.011887166,0.011428678,0.013611223,0.011748597,0.011394927
2021-10-19,0.012285484,0.011887064,0.011428586,0.013611108,0.011748498,0.011394836
2023-02-08,0.012287157,0.011888621,0.011430014,0.013613189,0.0117500145,0.011396254
2024-08-07,0.012285733,0.011887299,0.011428807,0.013611389,0.011748729,0.011395057
2022-02-02,0.01228571,0.011887283,0.011428791,0.013611357,0.011748708,0.011395041
2024-05-10,0.012285756,0.011887327,0.011428834,0.013611422,0.011748757,0.011395083
2024-09-10,0.012286075,0.011887624,0.011429109,0.013611805,0.011749046,0.011395352
2023-03-10,0.012285918,0.011887473,0.011428964,0.013611633,0.011748896,0.011395213
2023-07-09,0.012285727,0.011887292,0.011428797,0.013611409,0.011748719,0.011395046
2023-09-21,0.012286774,0.01188828,0.011429707,0.01361267,0.011749683,0.011395953
2021-04-02,0.012285675,0.011887244,0.011428753,0.013611338,0.011748673,0.011394997
2019-08-16,0.012285779,0.011887344,0.011428845,0.01361146,0.011748774,0.011395094
2021-10-01,0.01228571,0.011887277,0.01142878,0.013611376,0.011748702,0.011395029
2022-04-04,0.012285698,0.011887271,0.01142878,0.013611351,0.011748697,0.011395029
2022-07-13,0.012286005,0.011887557,0.011429039,0.013611735,0.011748979,0.011395287
2024-09-16,0.012285901,0.011887456,0.011428952,0.013611594,0.011748886,0.011395201
2020-10-02,0.012285738,0.011887311,0.011428817,0.013611403,0.011748741,0.011395067
2022-06-09,0.012285559,0.011887142,0.011428661,0.013611185,0.011748575,0.0113949105
2023-02-06,0.012286787,0.01188828,0.011429702,0.013612722,0.011749683,0.011395942
2021-02-06,0.01228575,0.011887317,0.011428823,0.0136114145,0.011748746,0.0113950735
2023-08-25,0.012286653,0.011888161,0.01142961,0.01361251,0.011749577,0.011395851
2023-06-17,0.012285647,0.011887221,0.011428737,0.013611294,0.011748652,0.011394981
2023-01-24,0.012287036,0.011888509,0.011429911,0.013613034,0.011749904,0.011396147
2020-11-08,0.0122857215,0.011887292,0.011428801,0.013611371,0.011748719,0.011395051
2021-06-07,0.01228571,0.011887277,0.0114287855,0.013611371,0.011748708,0.011395034
2020-06-29,0.012285559,0.011887142,0.011428661,0.013611185,0.011748575,0.0113949105
2022-03-11,0.01228571,0.011887283,0.011428791,0.013611363,0.011748713,0.011395041
2023-01-04,0.012287284,0.011888739,0.011430116,0.013613341,0.011750125,0.011396356
2024-06-03,0.012285664,0.011887237,0.011428753,0.013611313,0.01174867,0.011395003
2020-08-02,0.0122857215,0.011887292,0.011428801,0.013611384,0.011748725,0.011395051
2020-08-22,0.01228579,0.011887356,0.011428862,0.013611467,0.011748785,0.01139511
2024-01-05,0.012285698,0.011887271,0.0114287855,0.013611346,0.011748702,0.011395034
2022-11-03,0.012285733,0.0118873045,0.0114288125,0.013611396,0.011748736,0.011395061
2019-10-26,0.012285716,0.011887289,0.011428797,0.013611363,0.011748713,0.011395046
2021-05-25,0.012285559,0.011887142,0.011428661,0.013611185,0.011748575,0.011394906
2021-10-13,0.012285137,0.011886734,0.011428273,0.013610698,0.0117481705,0.011394524
2020-08-31,0.012285716,0.011887283,0.011428791,0.013611371,0.011748713,0.011395041
2024-12-14,0.012285745,0.011887317,0.011428823,0.013611396,0.011748741,0.0113950735
2022-09-16,0.01228652,0.011888038,0.011429485,0.013612357,0.011749449,0.011395733
2024-04-22,0.012285669,0.011887244,0.011428753,0.013611313,0.011748673,0.011395003
2021-06-24,0.0122857215,0.011887292,0.011428801,0.013611389,0.011748719,0.011395046
2020-03-03,0.012285738,0.0118873045,0.0114288125,0.013611403,0.011748736,0.011395061
2023-09-04,0.012287643,0.011889097,0.011430471,0.01361372,0.011750485,0.011396711
2022-08-28,0.01228512,0.011886722,0.011428269,0.013610654,0.011748165,0.011394518
2023-09-23,0.012286647,0.011888157,0.011429599,0.013612523,0.011749566,0.011395841
2021-03-28,0.012285779,0.011887344,0.011428845,0.013611467,0.011748768,0.011395089
2021-07-16,0.012285421,0.011887002,0.011428527,0.013611024,0.011748436,0.011394777
2020-11-10,0.0122857215,0.011887292,0.011428801,0.013611371,0.011748725,0.011395051
2022-08-06,0.012285796,0.01188736,0.011428867,0.013611467,0.011748791,0.01139511
2022-08-21,0.012285536,0.01188712,0.011428635,0.01361116,0.011748552,0.011394885
2021-05-26,0.012285415,0.011887002,0.011428532,0.013611019,0.011748442,0.011394782
2019-03-26,0.012285693,0.011887265,0.011428774,0.013611351,0.011748697,0.011395025
2022-11-20,0.012286282,0.011887808,0.011429276,0.013612081,0.011749228,0.011395519
2022-01-20,0.012285703,0.011887277,0.011428791,0.013611351,0.011748708,0.011395041
2022-09-08,0.012286219,0.011887758,0.011429233,0.013611998,0.011749178,0.011395474
2024-02-10,0.01228568,0.011887254,0.011428764,0.013611331,0.0117486855,0.011395013
2023-11-17,0.012285756,0.011887327,0.011428834,0.013611422,0.011748757,0.011395083
2023-02-13,0.012286843,0.01188833,0.011429749,0.013612798,0.011749732,0.011395991
2023-11-21,0.012285779,0.01188735,0.011428855,0.013611447,0.01174878,0.011395099
2020-04-28,0.012285675,0.011887249,0.0114287585,0.0136113195,0.01174868,0.011395007
2019-08-14,0.012285745,0.011887317,0.011428823,0.0136114145,0.011748741,0.011395067
2023-05-30,0.012285693,0.011887271,0.01142878,0.013611346,0.011748697,0.011395029
2019-12-06,0.012285703,0.011887277,0.011428791,0.013611351,0.011748708,0.011395034
2022-11-06,0.012285779,0.01188735,0.01142885,0.013611454,0.011748774,0.011395099
2021-11-07,0.012285611,0.011887187,0.011428694,0.013611269,0.011748614,0.011394943
2020-01-27,0.01228571,0.011887283,0.011428791,0.013611357,0.011748713,0.011395041
2024-12-02,0.012285779,0.011887344,0.01142885,0.01361144,0.011748774,0.011395099
2023-12-24,0.012285698,0.011887271,0.0114287855,0.013611346,0.011748702,0.011395034
2024-07-05,0.0122852875,0.011886879,0.011428408,0.013610883,0.011748315,0.011394658
2023-09-15,0.012286954,0.011888447,0.011429868,0.013612882,0.011749848,0.011396108
2024-03-01,0.012285651,0.011887226,0.011428737,0.0136113,0.011748658,0.011394986
2023-01-20,0.012287179,0.011888644,0.011430035,0.013613221,0.011750037,0.01139627
2020-06-18,0.012285402,0.011886991,0.011428516,0.013611006,0.011748426,0.011394766
2020-01-29,0.012285698,0.011887271,0.0114287855,0.013611351,0.011748702,0.011395034
2021-07-14,0.012285547,0.011887126,0.011428645,0.013611171,0.011748558,0.011394895
2019-04-24,0.012285698,0.011887271,0.01142878,0.013611346,0.011748697,0.011395029
2021-10-22,0.012285669,0.011887237,0.011428753,0.0136113195,0.01174867,0.011394997
2023-11-26,0.01228575,0.011887317,0.011428823,0.013611409,0.011748746,0.0113950735
2024-11-27,0.012285826,0.011887394,0.011428893,0.013611498,0.011748818,0.011395142
2021-05-15,0.012285693,0.011887265,0.011428774,0.013611338,0.011748697,0.011395025
2023-10-11,0.012286439,0.01188796,0.0114294095,0.013612267,0.011749372,0.011395658
2024-07-01,0.012285624,0.011887198,0.01142871,0.013611275,0.01174863,0.011394959
2019-03-29,0.01228568,0.011887254,0.011428764,0.013611338,0.0117486855,0.011395013
2019-09-17,0.012285993,0.011887539,0.011429028,0.013611717,0.011748968,0.0113952765
2021-10-23,0.012285611,0.011887187,0.011428699,0.013611248,0.011748619,0.01139495
2020-06-04,0.012285693,0.011887261,0.01142877,0.013611346,0.011748692,0.011395019
2020-03-13,0.012285687,0.011887261,0.011428774,0.013611338,0.011748692,0.011395025
2021-06-02,0.012285507,0.011887092,0.011428609,0.013611133,0.011748525,0.011394858
2022-06-11,0.012285587,0.011887166,0.011428678,0.013611223,0.011748597,0.011394927
2024-08-30,0.012286293,0.011887831,0.011429297,0.013612081,0.011749251,0.011395545
2024-07-17,0.01228575,0.011887317,0.011428817,0.013611428,0.011748746,0.011395067
2020-06-22,0.012284761,0.011886381,0.011427945,0.013610257,0.011747827,0.011394196
2024-05-26,0.012285703,0.011887277,0.01142878,0.013611371,0.011748702,0.011395029
2024-01-22,0.012285703,0.011887277,0.0114287855,0.013611351,0.011748708,0.011395034
2023-02-15,0.012286734,0.011888228,0.011429653,0.013612657,0.011749633,0.011395895
2019-12-21,0.012285698,0.011887271,0.0114287855,0.013611346,0.011748702,0.011395034
2023-07-20,0.012285803,0.011887366,0.011428871,0.013611472,0.011748796,0.011395115
2023-04-11,0.012285669,0.011887244,0.011428753,0.013611325,0.011748673,0.011395003
2020-05-15,0.012285651,0.011887226,0.011428743,0.013611294,0.011748658,0.011394992
2024-04-12,0.012285664,0.011887244,0.011428753,0.013611313,0.01174867,0.011395003
2021-02-24,0.012285698,0.011887271,0.01142878,0.013611346,0.011748702,0.011395029
2024-11-14,0.012285785,0.01188735,0.011428855,0.013611454,0.01174878,0.011395105
2020-09-26,0.012285716,0.011887289,0.011428797,0.013611371,0.011748719,0.011395046
2019-06-04,0.01228549,0.011887075,0.011428592,0.013611114,0.011748509,0.011394842
2022-03-26,0.012285745,0.011887311,0.011428817,0.013611409,0.011748741,0.011395067
2023-07-08,0.0122857215,0.011887283,0.0114287855,0.013611409,0.011748713,0.011395029
2020-01-03,0.012285698,0.011887271,0.0114287855,0.013611346,0.011748702,0.011395034
2021-04-12,0.012285703,0.011887277,0.0114287855,0.013611357,0.011748708,0.011395034
2019-08-24,0.012285698,0.011887261,0.011428764,0.013611389,0.011748692,0.011395007
2024-11-29,0.01228579,0.01188736,0.011428867,0.01361146,0.011748785,0.01139511
2023-11-24,0.012285762,0.011887332,0.011428834,0.013611428,0.011748757,0.011395083
2024-02-08,0.012285693,0.011887265,0.011428774,0.013611346,0.011748697,0.011395025
2021-01-29,0.01228571,0.011887283,0.011428791,0.013611363,0.011748713,0.011395041
2019-09-09,0.012285854,0.011887417,0.011428915,0.013611543,0.011748841,0.011395165
2023-03-24,0.012285647,0.011887221,0.011428731,0.013611294,0.011748647,0.011394976
2022-04-20,0.012285675,0.011887249,0.0114287585,0.0136113195,0.01174868,0.011395007
2024-04-01,0.012285664,0.011887237,0.011428753,0.013611313,0.01174867,0.011395003
2023-12-01,0.012285727,0.011887299,0.011428807,0.013611384,0.011748729,0.011395057
2024-02-11,0.012285698,0.011887271,0.01142878,0.013611351,0.011748702,0.011395029
2021-11-06,0.012285502,0.01188708,0.011428596,0.013611141,0.011748514,0.011394846
2021-05-29,0.012284257,0.011885905,0.011427503,0.01360965,0.011747363,0.011393757
2019-09-20,0.012285928,0.011887489,0.011428979,0.0136116445,0.011748913,0.011395229
2022-04-21,0.012285675,0.011887249,0.011428764,0.013611325,0.01174868,0.011395007
2024-06-09,0.012285767,0.011887332,0.011428834,0.01361144,0.011748757,0.011395083
2019-04-02,0.012285657,0.011887226,0.011428737,0.013611313,0.011748658,0.011394981
2020-11-13,0.01228571,0.011887283,0.011428797,0.013611363,0.011748713,0.011395046
2021-11-09,0.012285888,0.011887445,0.011428941,0.013611594,0.011748874,0.011395185
2022-02-10,0.012285716,0.011887289,0.011428801,0.013611371,0.011748719,0.011395046
2021-03-24,0.012285803,0.011887356,0.01142885,0.01361151,0.01174878,0.011395099
2024-07-12,0.01228564,0.0118872095,0.011428721,0.0136113,0.011748641,0.011394965
2022-01-23,0.012285703,0.011887277,0.011428791,0.013611357,0.011748708,0.011395041
2024-02-01,0.012285698,0.011887271,0.01142878,0.013611346,0.011748702,0.011395029
2024-08-02,0.012285727,0.011887292,0.011428801,0.013611384,0.011748725,0.011395051
2020-08-06,0.0122857215,0.011887289,0.011428797,0.013611376,0.011748719,0.011395046
2024-11-13,0.012285785,0.01188735,0.011428855,0.013611454,0.01174878,0.011395105
2020-06-06,0.012285657,0.011887233,0.011428743,0.0136113,0.011748663,0.011394992
2023-06-30,0.012285849,0.0118873995,0.011428888,0.013611576,0.011748818,0.011395131
2019-10-06,0.0122859115,0.0118874675,0.011428968,0.013611608,0.011748896,0.011395213
2020-05-20,0.012285657,0.011887233,0.011428748,0.0136113,0.011748663,0.011394997
2020-03-26,0.012285716,0.011887289,0.011428797,0.013611371,0.011748719,0.011395046
2024-06-20,0.012285531,0.011887108,0.011428629,0.01361116,0.011748542,0.011394874
2021-03-05,0.012285733,0.0118873045,0.0114288125,0.013611396,0.011748736,0.011395061
2023-11-12,0.012285693,0.011887265,0.01142877,0.013611351,0.011748692,0.011395019
2020-03-01,0.0122857215,0.011887292,0.011428801,0.013611384,0.011748719,0.011395046
2024-04-05,0.012285647,0.011887221,0.011428731,0.013611287,0.011748652,0.011394981
2024-11-03,0.01228583,0.011887394,0.011428893,0.01361151,0.011748818,0.011395142
2022-07-18,0.012286068,0.011887613,0.011429093,0.013611811,0.011749035,0.011395341
2020-07-29,0.012285756,0.011887327,0.011428834,0.013611422,0.011748752,0.011395077
2020-10-10,0.0122857215,0.011887292,0.011428801,0.013611376,0.011748719,0.011395046
2023-01-28,0.01228704,0.011888509,0.011429911,0.013613034,0.011749909,0.011396152
2020-11-15,0.0122857215,0.011887292,0.011428801,0.013611376,0.011748725,0.011395051
2020-12-17,0.012285693,0.011887265,0.01142878,0.013611338,0.011748697,0.011395029
2022-05-05,0.012285618,0.011887194,0.01142871,0.013611248,0.011748624,0.011394959
2021-12-28,0.012285716,0.011887289,0.011428797,0.013611363,0.011748719,0.011395046
2023-12-08,0.012285698,0.011887271,0.01142878,0.013611346,0.011748702,0.011395029
2021-01-02,0.012285698,0.011887271,0.0114287855,0.013611346,0.011748702,0.011395029
2024-06-13,0.0122863,0.0118878195,0.011429281,0.013612125,0.011749233,0.011395523
2023-05-07,0.012285675,0.011887249,0.011428764,0.0136113195,0.01174868,0.011395007
2024-01-02,0.012285698,0.011887271,0.01142878,0.013611346,0.011748702,0.011395029
2022-09-07,0.012286173,0.011887713,0.01142919,0.013611941,0.011749134,0.011395438
2022-02-08,0.012285716,0.011887289,0.011428797,0.013611363,0.011748719,0.011395046
2019-10-16,0.012285762,0.011887332,0.0114288395,0.013611428,0.011748757,0.011395083
2020-05-10,0.012285657,0.011887237,0.011428748,0.0136113,0.011748663,0.011394997
2019-05-31,0.012285253,0.011886845,0.011428381,0.013610825,0.011748282,0.011394631
2022-08-26,0.012285518,0.011887098,0.011428618,0.013611141,0.011748531,0.011394868
2024-09-01,0.01228634,0.011887871,0.01142934,0.0136121325,0.011749289,0.011395582
2024-10-28,0.012285888,0.01188745,0.011428948,0.013611589,0.011748874,0.011395196
2024-09-20,0.012285808,0.011887372,0.011428871,0.013611498,0.011748801,0.011395121
2020-09-21,0.012285756,0.011887327,0.011428828,0.013611428,0.011748752,0.011395077
2021-11-10,0.012285935,0.011887489,0.011428979,0.013611652,0.011748913,0.011395229
2023-11-09,0.012285687,0.011887261,0.01142877,0.013611346,0.0117486855,0.011395013
2023-10-31,0.012285901,0.011887462,0.011428958,0.013611601,0.011748886,0.011395201
2024-06-16,0.012286462,0.011887976,0.011429422,0.013612324,0.011749389,0.011395669
2020-09-09,0.012285675,0.011887244,0.011428748,0.013611346,0.011748673,0.011394997
2023-04-27,0.012285565,0.011887142,0.011428667,0.013611185,0.011748575,0.0113949105
2023-07-25,0.012285843,0.011887406,0.011428909,0.01361153,0.0117488345,0.011395153
2021-09-02,0.012285547,0.011887126,0.011428645,0.013611171,0.011748558,0.011394895
2021-11-28,0.012286068,0.011887613,0.011429093,0.013611811,0.011749035,0.011395341
2024-08-06,0.012285733,0.0118873045,0.011428807,0.013611396,0.011748729,0.011395057
2021-10-05,0.012285727,0.011887289,0.011428791,0.013611409,0.011748719,0.011395041
2023-02-07,0.012287151,0.011888615,0.011430003,0.013613176,0.011750008,0.011396244
2023-09-24,0.012286636,0.0118881455,0.011429583,0.013612503,0.011749549,0.011395829
2022-04-17,0.012285687,0.011887261,0.01142877,0.013611331,0.011748692,0.011395019
2021-02-07,0.012285745,0.011887317,0.011428817,0.013611409,0.011748741,0.011395067
2023-04-19,0.012285618,0.011887194,0.01142871,0.013611248,0.011748624,0.011394959
2022-02-04,0.012285716,0.011887289,0.011428797,0.013611371,0.011748719,0.011395046
2020-05-26,0.012285675,0.011887249,0.011428764,0.0136113195,0.01174868,0.011395013
2024-01-15,0.012285703,0.011887277,0.011428791,0.013611357,0.011748708,0.011395041
2022-05-21,0.012285727,0.011887299,0.011428801,0.013611396,0.011748725,0.011395051
2022-11-10,0.012285859,0.011887417,0.011428915,0.01361155,0.011748846,0.011395165
2020-10-05,0.012285727,0.011887292,0.011428801,0.013611384,0.011748725,0.011395051
2023-01-26,0.01228711,0.011888576,0.011429971,0.013613131,0.011749971,0.011396212
2022-11-07,0.01228579,0.011887356,0.011428855,0.01361146,0.01174878,0.011395105
2024-09-04,0.01228623,0.011887769,0.011429244,0.013611998,0.011749188,0.011395486
2021-04-15,0.012285693,0.011887261,0.011428774,0.013611338,0.011748692,0.011395019
2021-01-25,0.012285703,0.011887277,0.011428791,0.013611357,0.011748708,0.011395041
2021-04-09,0.01228568,0.011887254,0.011428764,0.013611338,0.01174868,0.011395007
2021-02-16,0.012285727,0.011887292,0.011428807,0.013611384,0.011748725,0.011395051
2021-12-15,0.012285814,0.011887378,0.011428882,0.013611492,0.0117488075,0.011395131
2024-09-19,0.012285837,0.011887394,0.011428893,0.013611524,0.011748823,0.011395142
2023-05-31,0.012285698,0.011887277,0.0114287855,0.013611346,0.011748702,0.011395034
2023-04-13,0.012285634,0.0118872095,0.011428727,0.013611275,0.011748641,0.01139497
2023-04-21,0.012285571,0.011887154,0.011428672,0.013611197,0.011748585,0.011394922
2020-10-12,0.01228571,0.011887283,0.011428791,0.013611363,0.011748713,0.011395041
2023-09-17,0.012286937,0.01188843,0.011429852,0.013612867,0.011749832,0.011396092
2021-09-16,0.012285634,0.0118872095,0.011428721,0.013611275,0.011748641,0.01139497
2020-03-02,0.0122857215,0.011887289,0.011428797,0.013611376,0.011748719,0.011395046
2022-01-26,0.01228571,0.011887289,0.011428797,0.013611363,0.011748713,0.011395046
2021-07-10,0.012285582,0.011887159,0.011428678,0.013611216,0.011748591,0.011394927
2021-06-21,0.012285762,0.011887322,0.011428817,0.013611454,0.011748746,0.011395067
2021-10-18,0.012285409,0.011886991,0.011428516,0.013611019,0.011748426,0.011394766
2022-02-14,0.012285716,0.011887289,0.011428797,0.013611363,0.011748719,0.011395046
2022-09-21,0.012286462,0.0118879825,0.011429437,0.013612293,0.011749394,0.01139568
2023-05-21,0.012285657,0.011887233,0.011428748,0.0136113,0.011748663,0.011394997
2022-05-30,0.012285611,0.011887187,0.011428705,0.013611243,0.011748619,0.011394954
2023-12-14,0.012285693,0.011887265,0.011428774,0.013611338,0.011748697,0.011395025
2020-09-27,0.012285733,0.011887299,0.011428807,0.013611389,0.011748729,0.011395057
2021-02-05,0.01228575,0.011887322,0.011428828,0.013611422,0.011748752,0.0113950735
2019-09-30,0.012285941,0.011887495,0.01142899,0.0136116445,0.011748923,0.011395238
2019-10-13,0.012285796,0.01188736,0.011428867,0.013611472,0.011748791,0.011395115
2022-08-19,0.012285808,0.011887372,0.011428871,0.013611485,0.011748796,0.011395121
2021-07-28,0.012285618,0.011887187,0.011428705,0.013611254,0.011748619,0.011394954
2022-08-25,0.012284859,0.011886482,0.011428042,0.013610333,0.011747927,0.011394294
2021-11-14,0.0122860335,0.011887585,0.011429066,0.013611773,0.011749007,0.011395314
2022-02-15,0.01228571,0.011887283,0.011428797,0.013611363,0.011748713,0.011395041
2024-03-29,0.012285675,0.011887249,0.011428764,0.0136113195,0.01174868,0.011395007
2023-05-14,0.012285657,0.011887233,0.011428748,0.013611294,0.011748663,0.011394992
2023-01-14,0.012287237,0.011888693,0.011430078,0.01361329,0.011750086,0.011396319
2023-01-10,0.012287249,0.011888705,0.011430089,0.013613304,0.011750097,0.01139633
2021-03-21,0.012285774,0.011887339,0.0114288395,0.013611454,0.011748764,0.011395089
2021-02-27,0.012285727,0.011887299,0.011428807,0.013611384,0.011748729,0.011395057
2019-10-17,0.01228575,0.011887317,0.011428823,0.013611409,0.011748746,0.0113950735
2019-08-18,0.01228579,0.01188735,0.01142885,0.013611472,0.01174878,0.011395099
2022-06-02,0.012285576,0.011887154,0.011428678,0.013611197,0.011748585,0.011394922
2021-03-10,0.012285756,0.011887327,0.011428834,0.013611422,0.011748752,0.011395077
2024-02-14,0.01228568,0.011887254,0.011428764,0.013611331,0.0117486855,0.011395013
2020-04-30,0.012285687,0.011887261,0.01142877,0.013611331,0.0117486855,0.011395019
2020-10-22,0.01228568,0.011887254,0.01142877,0.013611331,0.0117486855,0.011395013
2020-11-09,0.0122857215,0.011887292,0.011428801,0.013611371,0.011748725,0.011395051
2024-08-25,0.01228601,0.011887562,0.011429055,0.013611728,0.01174899,0.011395298
2023-08-27,0.012286578,0.011888095,0.0114295455,0.013612419,0.011749505,0.011395787
2024-04-17,0.01228568,0.011887254,0.01142877,0.013611325,0.0117486855,0.011395013
2019-07-13,0.012285814,0.011887378,0.011428877,0.013611492,0.011748801,0.011395126
2021-09-25,0.012285675,0.011887244,0.011428753,0.013611331,0.011748673,0.011395003
2020-09-05,0.012285767,0.011887327,0.011428828,0.013611454,0.011748757,0.011395077
2022-08-15,0.012285611,0.011887187,0.011428705,0.013611248,0.011748619,0.01139495
2019-05-15,0.012285727,0.011887299,0.011428807,0.013611384,0.011748729,0.011395057
2021-11-15,0.012286052,0.0118876025,0.011429082,0.0136117935,0.011749017,0.011395325
2024-05-15,0.012285883,0.011887434,0.011428925,0.013611608,0.011748857,0.0113951685
2022-03-03,0.012285693,0.011887265,0.011428774,0.013611346,0.011748697,0.011395025
2021-06-16,0.012285918,0.011887462,0.011428941,0.013611671,0.011748879,0.011395185
2023-09-05,0.012287798,0.0118892435,0.011430606,0.013613906,0.01175063,0.011396845
2024-11-16,0.012285849,0.011887417,0.011428915,0.01361153,0.011748841,0.011395165
2023-06-18,0.012285605,0.011887182,0.011428699,0.013611243,0.011748614,0.01139495
2024-10-08,0.012285756,0.011887322,0.011428828,0.013611422,0.011748752,0.011395077
2023-05-29,0.012285693,0.011887265,0.011428774,0.013611338,0.011748697,0.011395025
2021-08-12,0.012285762,0.011887327,0.011428834,0.01361144,0.011748757,0.011395077
2021-12-10,0.012285878,0.011887439,0.011428936,0.013611568,0.011748863,0.011395185
2021-01-08,0.012285698,0.011887271,0.01142878,0.013611346,0.011748702,0.011395029
2024-10-04,0.012285779,0.011887344,0.01142885,0.013611447,0.011748774,0.011395099
2023-07-04,0.012285883,0.011887428,0.011428909,0.013611639,0.011748852,0.011395158
2019-06-10,0.012285716,0.011887289,0.011428797,0.013611384,0.011748713,0.011395041
2020-11-25,0.012285716,0.011887289,0.011428797,0.013611363,0.011748713,0.011395046
2020-11-20,0.0122857215,0.011887292,0.011428807,0.013611376,0.011748725,0.011395057
2020-05-16,0.01228564,0.011887215,0.011428731,0.01361128,0.011748647,0.011394981
2019-12-15,0.012285703,0.011887277,0.0114287855,0.013611351,0.011748708,0.011395034
2023-04-10,0.012285647,0.011887221,0.011428731,0.0136113,0.011748652,0.011394981
2019-09-29,0.012285935,0.011887495,0.01142899,0.013611639,0.011748918,0.011395238
2023-04-26,0.012285571,0.011887154,0.011428672,0.013611197,0.011748585,0.011394922
2022-06-16,0.012285634,0.0118872095,0.011428721,0.013611287,0.011748641,0.01139497
2022-09-15,0.012286532,0.0118880505,0.011429496,0.013612376,0.01174946,0.0113957375
2021-09-19,0.012285657,0.011887233,0.011428743,0.0136113055,0.011748658,0.011394992
2020-11-19,0.012285727,0.011887299,0.011428807,0.013611384,0.011748729,0.011395057
2024-09-03,0.012286282,0.0118878195,0.011429292,0.013612062,0.01174924,0.0113955345
2024-01-06,0.012285698,0.011887271,0.0114287855,0.013611346,0.011748702,0.011395034
2019-10-29,0.012285703,0.011887277,0.0114287855,0.013611351,0.011748708,0.011395034
2021-09-20,0.012285657,0.011887233,0.011428743,0.0136113055,0.011748663,0.011394992
2019-10-21,0.012285716,0.011887289,0.011428797,0.013611371,0.011748719,0.011395046
2023-06-24,0.012285687,0.011887261,0.01142877,0.013611346,0.011748692,0.011395019
2023-07-28,0.012285843,0.011887406,0.011428905,0.013611524,0.01174883,0.011395153
2024-04-27,0.012285664,0.011887237,0.011428753,0.0136113055,0.01174867,0.011394997
2023-07-19,0.012285762,0.011887332,0.0114288395,0.013611428,0.011748764,0.011395089
2024-08-04,0.0122857215,0.011887292,0.011428801,0.013611384,0.011748725,0.011395051
2019-09-12,0.012285756,0.011887322,0.011428828,0.013611428,0.011748752,0.0113950735
2019-11-11,0.012285698,0.011887271,0.0114287855,0.013611346,0.011748702,0.011395029
2019-09-19,0.012285941,0.011887501,0.01142899,0.013611659,0.011748923,0.011395234
2023-10-07,0.01228663,0.011888139,0.011429583,0.013612498,0.011749549,0.011395824
2024-07-20,0.012285779,0.011887339,0.0114288395,0.013611467,0.011748768,0.011395089
2023-03-19,0.01228568,0.011887254,0.0114287585,0.013611351,0.01174868,0.011395007
2021-12-19,0.012285727,0.011887299,0.0114288125,0.013611384,0.011748729,0.011395057
2019-11-19,0.012285693,0.011887265,0.01142878,0.013611338,0.011748697,0.011395025
2020-03-11,0.012285675,0.011887249,0.0114287585,0.0136113195,0.01174868,0.011395007
2024-11-04,0.012285826,0.011887394,0.011428893,0.013611505,0.011748818,0.011395142
2019-05-07,0.012285703,0.011887277,0.0114287855,0.013611351,0.011748708,0.011395034
2021-08-14,0.0122857215,0.011887289,0.011428797,0.013611376,0.011748719,0.011395046
2019-12-28,0.012285698,0.011887271,0.0114287855,0.013611346,0.011748702,0.011395034
2021-04-07,0.012285698,0.011887271,0.01142878,0.013611357,0.011748697,0.011395025
2019-05-02,0.012285693,0.011887265,0.011428774,0.013611338,0.011748692,0.011395025
2022-08-20,0.012285826,0.01188739,0.011428893,0.01361151,0.011748818,0.011395137
2024-10-31,0.012285826,0.01188739,0.011428888,0.013611498,0.011748813,0.011395137
2022-07-05,0.012285981,0.011887529,0.0114290165,0.013611703,0.011748957,0.011395265
2021-11-20,0.012286052,0.011887596,0.011429077,0.013611786,0.011749017,0.011395325
2020-05-17,0.01228564,0.011887221,0.011428731,0.01361128,0.011748652,0.011394981
2022-07-24,0.012285952,0.011887507,0.011428995,0.013611665,0.0117489295,0.011395244
2023-09-14,0.012287717,0.011889164,0.011430531,0.013613811,0.011750552,0.011396769
2019-11-21,0.012285693,0.011887265,0.01142878,0.013611338,0.011748697,0.011395025
2020-09-01,0.012285727,0.011887299,0.011428801,0.013611396,0.011748725,0.011395051
2024-06-12,0.012286137,0.011887674,0.011429141,0.013611915,0.01174909,0.011395389
2023-08-15,0.012286219,0.011887758,0.011429227,0.013611998,0.011749173,0.01139547
2024-12-01,0.012285774,0.011887344,0.01142885,0.01361144,0.011748774,0.011395099
2021-12-01,0.012286028,0.011887579,0.011429066,0.013611767,0.011749001,0.011395309
2021-07-08,0.012285624,0.011887198,0.011428715,0.013611262,0.01174863,0.011394965
2022-01-13,0.012285703,0.011887277,0.011428791,0.013611351,0.011748708,0.011395034
2020-03-18,0.012285669,0.011887249,0.0114287585,0.0136113195,0.011748673,0.011395007
2019-06-15,0.012285733,0.0118873045,0.011428807,0.013611403,0.011748729,0.011395057
2023-08-14,0.012286253,0.011887787,0.011429254,0.013612037,0.0117492005,0.011395496
2021-09-23,0.012285687,0.011887254,0.011428764,0.013611338,0.0117486855,0.011395013
2020-12-30,0.012285698,0.011887271,0.01142878,0.013611346,0.011748702,0.011395029
2024-02-25,0.012285531,0.0118871145,0.011428635,0.013611146,0.011748548,0.011394885
2024-01-10,0.012285703,0.011887277,0.0114287855,0.013611351,0.011748708,0.011395034
2022-02-12,0.012285716,0.011887289,0.011428797,0.013611371,0.011748719,0.011395046
2024-08-05,0.012285727,0.011887299,0.011428807,0.013611389,0.011748725,0.011395051
2024-07-14,0.012285647,0.011887215,0.011428727,0.013611313,0.011748647,0.011394976
2024-07-21,0.012285779,0.011887339,0.0114288395,0.01361146,0.011748768,0.011395089
2021-10-07,0.01228568,0.011887249,0.011428753,0.013611351,0.01174868,0.011395003
2021-04-25,0.012285669,0.011887244,0.0114287585,0.013611313,0.011748673,0.011395007
2023-02-05,0.012286248,0.011887781,0.011429248,0.013612037,0.011749195,0.011395492
2024-01-08,0.012285703,0.011887277,0.0114287855,0.013611351,0.011748708,0.011395034
2024-07-04,0.012285467,0.011887052,0.011428569,0.013611088,0.011748486,0.011394819
2024-10-26,0.012285859,0.011887422,0.011428921,0.01361155,0.011748846,0.0113951685
2021-03-16,0.01228575,0.011887322,0.011428823,0.013611422,0.011748746,0.0113950735
2023-09-12,0.012287463,0.01188893,0.011430316,0.013613495,0.011750319,0.011396554
2022-11-09,0.012285837,0.0118873995,0.011428898,0.013611524,0.011748823,0.011395147
2019-12-05,0.012285703,0.011887277,0.0114287855,0.013611351,0.011748708,0.011395034
2024-04-02,0.012285669,0.011887244,0.011428753,0.013611313,0.011748673,0.011395003
2022-05-28,0.012285669,0.011887244,0.011428753,0.0136113195,0.01174867,0.011395003
2024-07-19,0.012285756,0.011887322,0.011428823,0.01361144,0.011748746,0.0113950735
2024-08-21,0.0122859245,0.011887478,0.011428974,0.013611627,0.011748907,0.0113952225
2021-07-03,0.012285571,0.011887154,0.011428672,0.013611197,0.011748585,0.011394922
2021-06-05,0.01228571,0.011887277,0.0114287855,0.013611376,0.011748708,0.011395034
2022-05-13,0.012285628,0.011887204,0.011428721,0.013611262,0.011748636,0.01139497
2024-10-13,0.01228579,0.011887356,0.011428862,0.013611467,0.011748785,0.01139511
2019-12-30,0.012285698,0.011887271,0.0114287855,0.013611346,0.011748702,0.011395034
2022-04-19,0.01228568,0.011887254,0.011428764,0.013611331,0.0117486855,0.011395013
2022-03-14,0.01228571,0.011887283,0.011428791,0.013611371,0.011748713,0.011395041
2019-06-08,0.012285756,0.011887322,0.011428828,0.013611428,0.011748752,0.011395077
2019-04-22,0.012285664,0.011887237,0.011428753,0.013611313,0.01174867,0.011395003
2023-08-02,0.012285888,0.01188745,0.011428948,0.013611589,0.011748879,0.011395196
2019-12-10,0.012285703,0.011887277,0.0114287855,0.013611351,0.011748708,0.011395034
2021-09-28,0.012285703,0.011887271,0.01142878,0.013611363,0.011748702,0.011395029
2021-07-13,0.012285594,0.011887171,0.011428688,0.013611229,0.011748603,0.0113949375
2022-09-30,0.012286416,0.011887944,0.011429399,0.013612234,0.011749355,0.011395642
2023-06-26,0.0122857215,0.011887289,0.011428797,0.013611389,0.011748719,0.011395046
2019-08-23,0.012285762,0.011887322,0.011428823,0.013611454,0.011748746,0.011395067
2019-10-19,0.012285733,0.011887299,0.011428807,0.013611389,0.011748729,0.011395057
2024-10-11,0.01228579,0.011887356,0.011428862,0.013611467,0.011748785,0.01139511
2019-11-29,0.012285698,0.011887271,0.01142878,0.013611346,0.011748702,0.011395029
2023-09-29,0.012286722,0.011888228,0.011429664,0.013612619,0.011749633,0.011395905
2024-01-21,0.012285703,0.011887277,0.0114287855,0.013611351,0.011748702,0.011395034
2020-02-24,0.012285727,0.011887292,0.011428807,0.013611384,0.011748725,0.011395051
2019-05-12,0.0122857215,0.011887292,0.011428801,0.013611376,0.011748725,0.011395051
2021-02-12,0.012285733,0.0118873045,0.0114288125,0.013611396,0.011748736,0.011395061
2024-12-05,0.012285803,0.011887366,0.011428871,0.013611467,0.011748796,0.011395121
2020-12-07,0.012285703,0.011887277,0.011428791,0.013611351,0.011748708,0.011395034
2020-03-08,0.0122857215,0.011887289,0.011428797,0.013611376,0.011748719,0.011395046
2020-10-11,0.012285716,0.011887289,0.011428797,0.013611371,0.011748713,0.011395046
2023-06-03,0.012285767,0.011887332,0.011428828,0.01361146,0.011748757,0.011395077
2019-09-04,0.012286206,0.011887748,0.011429216,0.013611985,0.011749161,0.01139546
2024-12-26,0.012285756,0.011887327,0.011428834,0.0136114145,0.011748757,0.011395083
2023-12-07,0.01228571,0.011887283,0.011428791,0.013611357,0.011748708,0.011395041
2023-02-21,0.012286206,0.011887741,0.011429206,0.013611998,0.011749156,0.011395449
2022-01-22,0.012285703,0.011887283,0.011428791,0.013611357,0.011748708,0.011395041
2021-05-06,0.012285675,0.011887249,0.0114287585,0.0136113195,0.01174868,0.011395007
2024-03-12,0.012285647,0.011887221,0.011428737,0.013611294,0.011748652,0.011394986
2023-10-06,0.012286699,0.011888207,0.011429642,0.0136125805,0.01174961,0.011395884
2022-09-18,0.012286444,0.011887972,0.011429426,0.013612274,0.011749383,0.011395669
2021-12-11,0.012285854,0.011887422,0.011428921,0.013611543,0.011748846,0.011395165
2022-02-19,0.01228571,0.011887283,0.011428797,0.013611363,0.011748713,0.011395046
2023-10-25,0.012286039,0.01188759,0.011429077,0.013611767,0.011749011,0.011395325
2019-04-23,0.012285675,0.011887254,0.011428764,0.013611325,0.0117486855,0.011395013
2022-09-11,0.012286265,0.011887798,0.01142927,0.013612049,0.011749217,0.011395513
2019-10-02,0.012285935,0.011887495,0.011428985,0.013611639,0.011748918,0.011395234
2022-01-19,0.012285703,0.011887277,0.011428791,0.013611351,0.011748708,0.011395034
2022-11-23,0.012286409,0.011887932,0.011429383,0.013612248,0.011749345,0.011395626
2023-12-28,0.012285698,0.011887271,0.0114287855,0.013611346,0.011748702,0.011395034
2021-05-31,0.012284756,0.011886375,0.01142794,0.013610243,0.011747822,0.0113941915
2021-10-29,0.012285392,0.01188698,0.011428506,0.013610999,0.011748414,0.011394755
2024-04-09,0.012285675,0.011887249,0.0114287585,0.0136113195,0.01174868,0.011395007
2021-12-14,0.012285808,0.011887378,0.011428877,0.013611485,0.011748801,0.011395126
2023-10-22,0.012286075,0.011887624,0.011429109,0.013611811,0.011749046,0.011395352
2021-02-19,0.01228571,0.011887277,0.011428791,0.013611357,0.011748708,0.011395034
2022-05-11,0.012285628,0.011887204,0.011428721,0.013611269,0.011748636,0.01139497
2019-09-22,0.012285918,0.011887478,0.011428968,0.013611633,0.011748902,0.011395217
2021-07-27,0.012285587,0.011887159,0.011428678,0.013611223,0.011748591,0.011394927
2023-03-25,0.012285756,0.011887322,0.011428823,0.013611428,0.011748746,0.0113950735
2022-04-12,0.012285675,0.011887249,0.0114287585,0.013611325,0.01174868,0.011395007
2020-04-21,0.012285657,0.011887233,0.011428748,0.0136113055,0.011748663,0.011394992
2019-11-02,0.012285693,0.011887265,0.01142878,0.013611346,0.011748697,0.011395029
2023-03-13,0.012285888,0.01188745,0.011428941,0.013611601,0.011748874,0.011395185
2020-09-22,0.012285738,0.0118873045,0.0114288125,0.013611403,0.011748736,0.011395061
2023-09-01,0.012286814,0.01188832,0.011429749,0.013612708,0.011749721,0.011395991
2021-02-28,0.012285733,0.0118873045,0.0114288125,0.013611389,0.011748736,0.011395061
2022-06-05,0.012285478,0.01188707,0.011428592,0.013611088,0.011748503,0.011394842
2023-06-05,0.012285814,0.011887378,0.011428877,0.013611505,0.011748801,0.011395121
2020-03-17,0.012285651,0.011887226,0.011428743,0.013611294,0.011748658,0.011394992
2023-04-06,0.012285703,0.011887271,0.01142878,0.013611363,0.011748702,0.011395029
2023-02-18,0.012286409,0.011887927,0.011429379,0.013612248,0.011749339,0.011395626
2019-07-14,0.012285803,0.011887372,0.011428871,0.01361148,0.011748796,0.011395121
2023-12-15,0.012285687,0.011887261,0.011428774,0.013611331,0.011748692,0.011395025
2024-07-22,0.012285716,0.011887271,0.011428774,0.013611409,0.011748702,0.011395019
2021-03-30,0.012285745,0.0118873045,0.011428801,0.013611447,0.011748729,0.011395046
2023-04-17,0.012285571,0.011887147,0.011428667,0.013611197,0.01174858,0.011394917
2020-03-07,0.012285727,0.011887292,0.011428801,0.013611389,0.011748725,0.011395051
2024-03-06,0.012285703,0.011887277,0.0114287855,0.013611363,0.011748708,0.011395034
2020-10-30,0.012285716,0.011887289,0.011428797,0.013611363,0.011748713,0.011395046
2020-09-16,0.012285703,0.011887271,0.01142878,0.013611363,0.011748702,0.011395029
2023-01-03,0.0122872945,0.011888751,0.011430128,0.013613363,0.0117501365,0.011396367
2023-07-22,0.012285843,0.011887406,0.011428905,0.01361153,0.01174883,0.011395147
2024-08-29,0.012286167,0.011887708,0.011429184,0.01361192,0.011749129,0.011395432
2022-12-24,0.012287249,0.011888705,0.011430089,0.013613304,0.011750097,0.01139633
2020-02-25,0.0122857215,0.011887292,0.011428801,0.013611384,0.011748725,0.011395051
2021-09-22,0.01228568,0.011887249,0.0114287585,0.013611331,0.01174868,0.011395007
2022-09-29,0.012286496,0.011888016,0.011429469,0.0136123365,0.011749427,0.011395711
2023-01-01,0.012287267,0.011888728,0.011430105,0.01361333,0.011750115,0.011396346
2019-04-30,0.012285669,0.011887244,0.011428753,0.013611313,0.011748673,0.011395003
2022-08-12,0.012285888,0.01188745,0.011428948,0.013611589,0.011748874,0.011395191
2020-03-28,0.012285693,0.011887265,0.011428774,0.013611351,0.011748692,0.011395019
2021-08-17,0.012285657,0.011887233,0.011428743,0.013611294,0.011748663,0.011394992
2019-04-07,0.012285664,0.011887237,0.011428748,0.013611313,0.011748663,0.011394997
2021-11-27,0.012286039,0.011887585,0.0114290705,0.013611773,0.011749007,0.01139532
2022-07-04,0.01228597,0.011887517,0.011429007,0.013611698,0.011748945,0.011395255
2019-07-03,0.012285843,0.011887406,0.011428909,0.01361153,0.0117488345,0.011395153
2021-08-25,0.012285657,0.011887233,0.011428748,0.0136113,0.011748663,0.011394992
2022-06-23,0.0122857215,0.011887292,0.011428801,0.013611384,0.011748725,0.011395051
2024-12-12,0.012285727,0.011887299,0.0114288125,0.013611384,0.011748729,0.011395057
2022-07-21,0.012285981,0.011887535,0.011429023,0.01361171,0.011748957,0.011395271
2022-07-02,0.0122859245,0.011887473,0.011428964,0.013611639,0.011748896,0.011395213
2021-08-29,0.012285624,0.011887198,0.01142871,0.013611262,0.01174863,0.011394959
2023-09-02,0.012287336,0.011888807,0.011430203,0.013613349,0.011750202,0.011396443
2021-01-14,0.012285703,0.011887277,0.0114287855,0.013611351,0.011748708,0.011395034
2019-12-01,0.012285698,0.011887271,0.0114287855,0.013611351,0.011748702,0.011395034
2022-11-19,0.0122861955,0.01188773,0.0114292,0.013611971,0.011749151,0.011395449
2021-07-17,0.012285333,0.011886924,0.011428451,0.013610928,0.011748359,0.011394702
2021-02-15,0.0122857215,0.011887289,0.011428797,0.013611376,0.011748719,0.011395046
2019-09-06,0.012285999,0.011887551,0.011429039,0.013611717,0.011748973,0.011395287
2021-07-12,0.012285542,0.01188712,0.01142864,0.013611166,0.011748552,0.011394889
2022-01-25,0.01228571,0.011887283,0.011428791,0.013611357,0.011748713,0.011395041
2024-02-12,0.012285698,0.011887271,0.01142878,0.013611351,0.011748702,0.011395029
2019-07-18,0.012285703,0.011887277,0.0114287855,0.013611357,0.011748708,0.011395034
2020-07-01,0.012285628,0.011887204,0.011428721,0.013611262,0.011748636,0.01139497
2019-09-13,0.012285738,0.011887311,0.0114288125,0.0136114145,0.011748736,0.011395061
2024-06-30,0.012285687,0.011887261,0.01142877,0.013611351,0.0117486855,0.011395013
2019-04-21,0.012285657,0.011887233,0.011428748,0.0136113,0.011748663,0.011394992
2023-08-04,0.0122859245,0.011887478,0.011428974,0.013611627,0.011748907,0.0113952225
2024-09-18,0.01228583,0.011887394,0.011428898,0.01361151,0.011748823,0.011395142
2021-01-07,0.012285698,0.011887271,0.0114287855,0.013611346,0.011748702,0.011395029
2020-06-23,0.012284836,0.011886448,0.011428004,0.013610346,0.011747895,0.011394256
2023-12-12,0.01228571,0.011887283,0.011428797,0.013611363,0.011748713,0.011395046
2020-07-07,0.012285502,0.011887087,0.011428609,0.01361112,0.01174852,0.011394858
2019-11-23,0.012285698,0.011887271,0.0114287855,0.013611351,0.011748702,0.011395029
2022-01-11,0.012285703,0.011887277,0.011428791,0.013611351,0.011748708,0.011395041
2020-06-21,0.012284876,0.011886493,0.011428047,0.013610391,0.011747932,0.0113943
2022-03-09,0.0122857215,0.011887292,0.011428801,0.013611384,0.011748725,0.011395051
2024-01-23,0.012285698,0.011887271,0.0114287855,0.013611351,0.011748702,0.011395034
2024-03-27,0.01228568,0.011887254,0.011428764,0.013611331,0.0117486855,0.011395013
2020-07-11,0.012285687,0.011887254,0.0114287585,0.013611363,0.0117486855,0.011395007
2021-10-02,0.01228571,0.011887271,0.01142878,0.013611376,0.011748702,0.011395025
2023-04-29,0.012285634,0.0118872095,0.011428727,0.013611269,0.011748641,0.011394976
2024-06-21,0.012285605,0.011887182,0.011428699,0.013611243,0.011748614,0.01139495
2020-02-06,0.012285716,0.011887289,0.011428801,0.013611371,0.011748719,0.011395046
2024-03-23,0.01228568,0.011887254,0.01142877,0.013611331,0.0117486855,0.011395013
2023-01-16,0.012287267,0.011888723,0.011430105,0.013613323,0.011750115,0.011396346
2022-08-27,0.012285774,0.011887339,0.0114288395,0.01361144,0.011748764,0.011395089
2023-10-09,0.012286602,0.011888111,0.011429556,0.013612465,0.011749522,0.011395798
2024-06-06,0.012285664,0.011887237,0.011428748,0.013611313,0.01174867,0.011394997
2019-10-22,0.012285716,0.011887289,0.011428797,0.013611371,0.011748719,0.011395046
2024-02-27,0.0122856,0.011887182,0.011428694,0.013611237,0.011748614,0.011394943
2023-05-12,0.012285669,0.011887244,0.0114287585,0.013611313,0.011748673,0.011395003
2021-01-12,0.012285698,0.011887271,0.0114287855,0.013611351,0.011748702,0.011395034
2020-06-26,0.012285513,0.011887098,0.011428618,0.013611133,0.011748531,0.011394868
2022-01-03,0.012285703,0.011887283,0.011428791,0.013611357,0.011748708,0.011395041
2021-06-25,0.012285716,0.011887289,0.011428791,0.013611384,0.011748713,0.011395041
2021-09-07,0.012285657,0.011887233,0.011428743,0.0136113055,0.011748663,0.011394992
2022-02-17,0.01228571,0.011887283,0.011428797,0.013611363,0.011748713,0.011395041
2023-02-19,0.0122863455,0.011887871,0.011429324,0.013612171,0.011749283,0.011395572
2024-05-22,0.012285859,0.011887412,0.011428898,0.013611581,0.0117488345,0.011395147
2022-11-14,0.012285935,0.011887489,0.011428985,0.0136116445,0.011748918,0.011395229
2022-12-30,0.012286532,0.011888044,0.011429485,0.013612394,0.011749456,0.011395728
2021-11-23,0.0122861555,0.011887697,0.011429168,0.01361192,0.011749112,0.011395416
2022-03-08,0.0122857215,0.011887292,0.011428801,0.013611384,0.011748725,0.011395051
2022-11-02,0.012285745,0.011887317,0.011428823,0.0136114145,0.011748741,0.011395067
2024-11-12,0.012285819,0.011887384,0.011428888,0.013611492,0.011748813,0.011395137
2022-07-09,0.012285993,0.011887539,0.011429028,0.013611723,0.011748962,0.011395271
2022-02-28,0.012285727,0.011887299,0.011428807,0.013611389,0.011748725,0.011395051
2021-08-21,0.012285647,0.011887221,0.011428737,0.01361128,0.011748652,0.011394981
2020-04-22,0.012285657,0.011887233,0.011428743,0.0136113,0.011748663,0.011394992
2019-11-25,0.012285693,0.011887265,0.011428774,0.013611338,0.011748697,0.011395025
2019-07-01,0.012285819,0.011887384,0.011428882,0.013611498,0.0117488075,0.011395131
2021-03-26,0.012285796,0.011887356,0.011428845,0.01361151,0.01174878,0.011395094
2022-01-02,0.012285703,0.011887277,0.011428791,0.013611351,0.011748708,0.011395034
2024-02-03,0.012285687,0.011887261,0.01142877,0.013611331,0.011748692,0.011395019
2021-03-04,0.012285727,0.011887292,0.011428801,0.013611384,0.011748725,0.011395051
2020-07-27,0.012285785,0.011887356,0.011428855,0.01361146,0.01174878,0.011395105
2019-07-08,0.012285918,0.011887473,0.011428968,0.013611619,0.011748902,0.011395217
2022-08-14,0.012285669,0.011887237,0.011428748,0.0136113195,0.01174867,0.011394997
2020-09-02,0.01228571,0.011887283,0.011428791,0.013611376,0.011748713,0.011395034
2021-08-26,0.012285651,0.011887226,0.011428737,0.013611294,0.011748658,0.011394986
2022-09-20,0.01228648,0.011888,0.011429449,0.01361231,0.011749411,0.011395696
2020-03-12,0.012285657,0.011887233,0.011428743,0.0136113,0.011748663,0.011394992
2019-05-29,0.012285664,0.011887237,0.011428748,0.013611313,0.01174867,0.011394997
2023-05-28,0.012285693,0.011887265,0.011428774,0.013611346,0.011748697,0.011395025
2020-02-07,0.0122857215,0.011887292,0.011428801,0.013611371,0.011748719,0.011395051
2021-12-13,0.012285826,0.01188739,0.011428893,0.013611505,0.011748818,0.011395137
2024-11-10,0.012285872,0.011887434,0.011428936,0.013611556,0.011748863,0.011395181
2023-10-03,0.012286843,0.011888346,0.011429772,0.013612753,0.011749748,0.011396017
2022-07-03,0.012285947,0.011887495,0.011428985,0.013611671,0.011748918,0.011395234
2024-04-03,0.012285669,0.011887249,0.0114287585,0.0136113195,0.011748673,0.011395007
2020-07-12,0.012285796,0.01188735,0.011428845,0.013611505,0.011748774,0.011395094
2020-05-07,0.012285657,0.011887233,0.011428748,0.0136113,0.011748663,0.011394997
2020-02-23,0.012285716,0.011887289,0.011428797,0.013611376,0.011748719,0.011395046
2021-08-03,0.012285536,0.0118871145,0.011428635,0.013611171,0.011748548,0.011394879
2023-11-18,0.01228575,0.011887317,0.011428823,0.013611409,0.011748746,0.0113950735
2024-01-19,0.012285703,0.011887277,0.0114287855,0.013611351,0.011748708,0.011395034
2022-07-15,0.012286062,0.011887607,0.011429086,0.013611805,0.011749029,0.011395336
2024-10-30,0.012285826,0.011887394,0.011428893,0.013611505,0.011748818,0.011395142
2019-09-11,0.012285767,0.011887332,0.0114288395,0.01361144,0.011748764,0.011395089
2021-09-18,0.012285651,0.011887226,0.011428737,0.0136113055,0.011748658,0.011394986
2019-04-26,0.012285675,0.011887249,0.0114287585,0.0136113195,0.01174868,0.011395007
2023-01-02,0.012287261,0.011888716,0.011430101,0.013613316,0.011750109,0.011396339
2021-12-07,0.012285906,0.0118874675,0.011428964,0.013611608,0.011748889,0.011395207
2023-10-20,0.01228615,0.011887692,0.011429168,0.0136119025,0.011749112,0.011395416
2020-11-21,0.012285716,0.011887289,0.011428797,0.013611363,0.011748719,0.011395046
2021-05-08,0.01228568,0.011887254,0.01142877,0.013611325,0.0117486855,0.011395013
2019-10-04,0.0122859245,0.011887484,0.011428979,0.013611627,0.011748907,0.011395229
2020-01-25,0.012285703,0.011887277,0.0114287855,0.013611351,0.011748708,0.011395034
2021-06-20,0.012285195,0.011886784,0.011428316,0.013610781,0.01174822,0.011394567
2020-12-26,0.012285693,0.011887265,0.01142878,0.013611338,0.011748697,0.011395029
2020-12-27,0.012285698,0.011887271,0.01142878,0.013611346,0.011748702,0.011395029
2021-04-01,0.012285703,0.011887265,0.01142877,0.013611389,0.011748697,0.011395019
2021-06-01,0.012285068,0.011886672,0.011428219,0.013610614,0.0117481155,0.011394471
2023-03-30,0.012285669,0.011887237,0.011428748,0.013611325,0.01174867,0.011394997
2023-04-25,0.012285628,0.0118872095,0.011428727,0.013611269,0.011748641,0.01139497
2020-08-26,0.01228575,0.011887317,0.011428823,0.0136114145,0.011748746,0.0113950735
2022-01-04,0.012285703,0.011887277,0.011428791,0.013611351,0.011748708,0.011395041
2022-11-18,0.012286108,0.011887652,0.011429129,0.01361187,0.011749073,0.011395379
2021-04-21,0.012285675,0.011887249,0.0114287585,0.0136113195,0.01174868,0.011395007
2021-09-13,0.012285611,0.011887187,0.011428699,0.013611254,0.011748614,0.01139495
2024-11-28,0.012285819,0.011887384,0.011428888,0.013611492,0.011748813,0.011395137
2022-12-27,0.012287254,0.011888711,0.011430094,0.013613311,0.011750103,0.011396335
2019-07-24,0.012285854,0.011887406,0.011428893,0.013611581,0.01174883,0.011395142
2021-11-05,0.012285478,0.011887059,0.011428575,0.013611108,0.011748486,0.011394826
2020-09-20,0.012285738,0.011887311,0.011428817,0.013611409,0.011748736,0.011395061
2023-09-22,0.012286594,0.011888111,0.011429556,0.013612452,0.011749522,0.011395803
2024-07-10,0.012285624,0.011887198,0.01142871,0.013611275,0.01174863,0.011394959
2021-08-02,0.012285571,0.011887142,0.011428661,0.0136112105,0.011748575,0.011394906
2022-03-12,0.012285703,0.011887277,0.0114287855,0.013611357,0.011748708,0.011395034
2019-08-29,0.0122859115,0.011887462,0.011428952,0.013611627,0.011748886,0.011395201
2021-08-24,0.012285618,0.011887194,0.01142871,0.013611248,0.011748624,0.011394954
2019-06-14,0.01228571,0.011887277,0.0114287855,0.013611376,0.011748708,0.011395034
2021-10-31,0.01228531,0.011886896,0.01142843,0.01361091,0.011748332,0.011394675
2020-12-20,0.012285693,0.011887265,0.01142878,0.013611338,0.011748697,0.011395029
2024-06-08,0.0122857215,0.011887292,0.011428797,0.013611389,0.011748719,0.011395046
2021-11-04,0.012285518,0.011887098,0.011428618,0.013611153,0.011748531,0.011394863
2024-03-17,0.012285618,0.011887194,0.01142871,0.013611254,0.011748624,0.011394954
2019-10-27,0.012285693,0.011887265,0.011428774,0.013611338,0.011748692,0.011395025
2019-07-04,0.012285814,0.011887378,0.011428877,0.013611492,0.011748801,0.011395126
2021-01-03,0.012285693,0.011887271,0.01142878,0.013611338,0.011748697,0.011395029
2023-11-16,0.012285738,0.011887311,0.011428817,0.013611403,0.011748741,0.011395067
2021-06-10,0.012285664,0.011887237,0.011428748,0.013611313,0.01174867,0.011394997
2020-04-04,0.012285703,0.011887277,0.0114287855,0.013611357,0.011748708,0.011395034
2023-08-17,0.012286091,0.011887641,0.01142912,0.013611837,0.011749062,0.011395368
2021-02-21,0.012285703,0.011887277,0.0114287855,0.013611351,0.011748708,0.011395034
2023-11-02,0.01228583,0.011887394,0.011428898,0.013611518,0.011748823,0.011395142
2022-08-02,0.012285803,0.011887366,0.011428871,0.013611472,0.011748796,0.011395121
2021-02-20,0.012285698,0.011887271,0.0114287855,0.013611351,0.011748702,0.011395029
2024-10-15,0.01228579,0.01188736,0.011428862,0.013611467,0.011748785,0.01139511
2024-08-26,0.01228601,0.011887562,0.01142905,0.013611728,0.011748984,0.011395298
2020-02-27,0.012285733,0.011887299,0.0114288125,0.013611389,0.011748729,0.011395057
2024-07-24,0.012285727,0.011887292,0.011428791,0.013611409,0.011748719,0.011395041
2022-05-26,0.012285854,0.011887412,0.011428898,0.013611589,0.01174883,0.011395142
2023-07-06,0.01228575,0.0118873045,0.011428801,0.013611467,0.011748729,0.011395046
2024-07-08,0.012285351,0.011886935,0.011428463,0.013610961,0.01174837,0.011394712
2021-08-10,0.012285693,0.011887261,0.01142877,0.013611351,0.011748692,0.011395019
2021-10-21,0.012285611,0.011887187,0.011428699,0.013611254,0.011748619,0.01139495
2023-01-11,0.012287267,0.011888723,0.011430105,0.01361333,0.011750115,0.011396346
2024-04-21,0.012285651,0.011887226,0.011428743,0.0136113,0.011748658,0.011394986
2021-01-11,0.012285698,0.011887271,0.0114287855,0.013611346,0.011748702,0.011395034
2021-05-19,0.012285698,0.011887271,0.01142878,0.013611346,0.011748702,0.011395029
