date,h0,h1,h2,h3
2022-07-20,6.808598e-15,1.5355784e-08,2.7974595e-18,1.0
2024-11-17,1.8437704e-07,3.6462811e-06,0.00039789168,0.00056493905
2023-03-01,1.0,2.070094e-05,0.0023324713,9.50333e-11
2022-12-04,3.5949106e-06,1.4233018e-08,0.9999963,1.7104144e-11
2019-09-18,3.2680334e-16,4.90914e-15,1.1068056e-16,1.0
2024-09-09,2.114979e-14,1.2544174e-07,4.1314036e-15,1.0
2022-02-25,0.9999999,0.9477416,1.0,1.7271253e-07
2019-10-09,3.087048e-17,2.110677e-12,7.820832e-06,0.9672426
2021-09-08,1.4230389e-15,3.6877855e-13,6.918741e-24,1.0
2019-06-21,6.546048e-09,6.4601635e-10,6.1156454e-26,0.9996722
2020-10-27,3.4586212e-14,5.4967582e-05,4.2391426e-18,0.0027619058
2024-05-30,0.99993503,0.007866161,1.5237844e-13,2.659448e-08
2022-01-07,0.9999999,0.9999999,1.0,5.567365e-13
2023-12-19,0.44512057,0.9978544,1.0,1.1140046e-12
2021-01-28,1.0,1.2456906e-08,1.0,5.8634625e-10
2021-04-11,1.0,0.9376432,6.8585206e-14,0.76805025
2020-01-30,1.0,0.99999917,0.9999913,2.5081823e-10
2024-06-05,8.599045e-06,4.0827646e-07,1.1020827e-16,2.8566127e-08
2021-09-21,2.576504e-16,3.3434257e-17,6.90564e-23,1.0
2024-10-02,5.124594e-17,6.4232757e-15,1.3526897e-12,1.0
2022-09-04,3.8681414e-18,1.6744478e-12,1.0365117e-17,1.0
2023-01-31,0.9999999,1.230304e-09,0.004059008,8.8738424e-14
2019-05-25,0.99998355,3.2279455e-05,2.3475743e-14,0.03285253
2021-07-15,7.1557824e-14,9.338496e-13,4.4951676e-21,0.98408395
2022-09-14,1.0207281e-21,1.0086052e-14,9.939791e-17,1.0
2021-05-05,1.0,0.99999976,1.1240898e-08,4.701855e-10
2023-01-08,0.99990404,1.3640163e-09,0.99999344,4.475652e-14
2019-11-09,5.1072335e-10,1.6145368e-05,0.0004977263,7.700933e-08
2019-12-29,1.0,1.0,0.9999447,4.624161e-13
2019-11-04,3.5607574e-16,1.7118007e-08,1.1928502e-08,8.0767046e-07
2021-10-26,1.1578849e-15,9.62164e-12,6.613452e-17,0.3243708
2022-06-20,6.9698206e-11,1.4365547e-11,3.1176323e-22,1.0
2023-06-25,8.078878e-10,3.4856257e-07,1.1120857e-19,1.0
2022-01-18,1.0,0.99999976,1.0,6.8963823e-13
2019-04-25,1.0,0.99999607,5.2937854e-09,5.912565e-09
2024-05-01,1.0,0.9999975,7.520733e-12,1.8335913e-13
2020-03-31,1.0,0.94509536,1.4635853e-07,0.00020487676
2024-05-14,0.9999974,1.5736752e-05,1.4045258e-13,3.3348278e-13
2022-11-11,3.127396e-13,6.327007e-08,4.7643645e-09,2.4803202e-12
2021-01-16,1.0,1.5649113e-05,0.9999999,3.2064476e-10
2023-03-15,1.0,1.5421111e-06,0.0045086495,6.175964e-07
2020-02-09,1.0,0.99997747,0.9977984,3.032048e-10
2019-08-19,3.0239524e-09,8.6854005e-12,2.524379e-22,1.0
2020-03-10,1.0,0.00015984835,1.7143308e-05,2.6110345e-09
2019-12-17,1.0,0.99999976,0.9999964,1.1039838e-10
2023-10-13,4.7421776e-21,7.263927e-17,6.228054e-14,1.0
2023-11-05,6.860571e-19,8.425238e-14,5.030086e-14,1.0
2019-04-16,1.0,1.0,1.0377508e-08,2.1116964e-08
2019-10-01,4.2682982e-20,9.577839e-13,5.540252e-15,0.9999956
2019-06-27,3.0215464e-14,1.6534714e-10,4.4411567e-27,0.99999917
2019-09-01,1.5010986e-10,1.9788287e-14,2.550789e-20,1.0
2020-02-04,1.0,0.9999881,0.99999774,1.6539183e-11
2019-04-15,1.0,0.9996673,1.2651215e-08,0.8523707
2022-03-06,0.99997926,2.420498e-09,1.0,9.894642e-07
2020-12-04,0.99945444,0.83052707,1.0,2.8770135e-12
2022-05-27,0.959182,0.00069689745,1.6815622e-20,3.2263642e-08
2024-05-31,0.055153,9.338428e-05,9.742226e-16,1.1019799e-08
2021-09-05,9.702793e-14,2.489776e-16,4.708144e-22,1.0
2022-04-30,1.0,1.0,3.963949e-06,3.4016918e-09
2022-03-21,0.9999895,8.861454e-08,8.863119e-10,0.99994123
2023-09-06,1.927121e-18,3.8329683e-11,3.299295e-18,1.0
2020-03-24,1.0,0.68095696,0.107665226,1.2130533e-06
2023-12-05,0.4814167,0.99999547,1.0,5.015661e-13
2024-04-24,1.0,0.99999976,0.0107605215,4.522042e-13
2024-10-23,8.207057e-14,1.4725055e-14,3.5860453e-15,1.0
2019-06-19,2.4305054e-12,1.7402564e-09,4.741261e-26,0.99987376
2020-07-31,1.2029173e-07,1.5845592e-07,3.0281375e-16,1.0
2020-02-12,1.0,0.9993973,0.99930143,2.6319538e-10
2024-12-13,0.8716367,0.99999845,1.0,4.1916844e-13
2021-05-23,1.0,0.16185227,0.00097010954,1.2236043e-12
2023-05-24,1.0,0.9996238,3.0926607e-08,6.207034e-07
2019-04-05,1.0,0.00066907273,2.1922739e-14,0.99997485
2024-09-15,3.6431014e-11,7.1758954e-08,3.3978738e-12,1.0
2019-04-01,1.0,5.518637e-06,3.5487311e-15,1.0
2021-10-28,7.8433225e-21,1.7374603e-13,2.9560606e-17,0.923643
2021-09-10,6.5903864e-16,3.4414642e-15,1.7813726e-24,1.0
2022-09-27,7.496781e-21,1.5477966e-15,2.5694327e-12,1.0
2023-06-14,0.00013936391,0.0062407744,1.0254001e-20,1.0
2024-11-02,2.0726522e-10,6.388956e-14,7.029345e-20,1.0
2023-12-09,0.010553149,0.9997806,1.0,7.758423e-14
2022-03-29,1.0,0.00025017816,7.800459e-05,0.99967515
2020-10-01,1.4831785e-16,1.1178805e-12,1.1490258e-18,1.0
2024-08-27,1.1741685e-12,6.4142014e-08,1.5032655e-20,1.0
2024-08-13,1.0939826e-11,2.2450789e-07,1.4513748e-18,1.0
2021-08-16,1.0898801e-14,1.5247774e-11,1.1372942e-20,1.0
2024-01-07,0.9999981,0.99999654,1.0,2.7227797e-12
2021-04-20,0.9999999,0.9987198,2.0628317e-14,0.9998104
2021-01-30,1.0,1.6869667e-07,1.0,7.133418e-11
2020-01-06,1.0,0.99999964,0.9999932,7.238797e-13
2021-10-25,1.8008223e-19,1.2901874e-15,2.9394616e-18,0.987717
2022-09-12,3.6963652e-23,5.695389e-14,1.809819e-16,1.0
2023-10-21,2.1840258e-15,5.0969705e-16,4.341944e-16,1.0
2019-07-02,2.4133675e-12,0.30454722,6.547804e-18,0.9999901
2019-10-14,4.2498822e-16,5.825516e-14,1.7080686e-13,0.9972939
2021-01-26,1.0,2.0452258e-06,1.0,4.9594065e-11
2020-06-30,2.27329e-11,4.7051885e-06,1.03193685e-14,0.49550593
2024-07-30,3.1558898e-06,3.84161e-08,5.5020057e-22,1.0
2019-12-09,0.99999166,0.9972588,0.9999722,8.607138e-11
2019-05-19,1.0,0.99819714,3.650909e-07,0.00043135573
2024-04-25,1.0,0.9999993,0.0014761271,1.2253577e-13
2023-09-27,2.5069997e-22,3.389168e-12,7.242397e-18,1.0
2021-04-04,0.9985008,3.98697e-08,9.278844e-16,0.99999917
2021-09-12,3.4053281e-16,2.0734407e-16,1.3920533e-23,1.0
2024-10-19,1.1900431e-09,4.652244e-15,1.27475e-19,1.0
2019-04-28,1.0,0.9999641,1.0078269e-09,3.631417e-08
2023-12-29,0.9996773,0.9991553,1.0,4.526622e-14
2023-03-17,1.0,3.2610467e-06,2.1173062e-08,0.5768362
2023-06-27,2.5163233e-10,1.13654745e-10,3.5304363e-22,1.0
2021-09-29,1.1724063e-21,1.5420498e-16,2.0289249e-19,1.0
2022-11-22,3.064442e-11,3.413022e-07,0.37288445,9.072414e-15
2022-09-01,3.8078058e-19,1.5114832e-08,7.7059436e-23,1.0
2022-06-04,0.11015367,0.0018910897,3.8652206e-18,1.1838812e-08
2022-04-10,1.0,0.99949574,2.1282349e-05,3.0735814e-10
2022-03-27,1.0,3.2836985e-07,2.4583335e-07,0.99997175
2021-04-14,0.9999999,0.98043436,3.092886e-15,0.9977143
2024-01-24,0.9999926,0.9999931,1.0,1.5828033e-12
2024-10-14,1.249758e-15,3.1004445e-16,1.9659524e-13,1.0
2024-04-26,1.0,0.99999917,0.00035648193,4.9828187e-14
2024-08-28,5.688016e-11,1.0483806e-06,2.3227411e-20,1.0
2024-08-18,7.847688e-11,4.504355e-07,1.9706447e-21,1.0
2021-05-21,1.0,0.99990106,0.08721298,1.0815631e-11
2024-03-24,1.0,0.15881695,0.002867063,0.029869389
2021-08-23,5.6432537e-12,4.9849265e-15,4.8699634e-18,0.90879935
2020-09-12,2.985916e-11,3.3027452e-18,1.1280916e-26,1.0
2020-05-05,1.0,0.9999999,6.07084e-08,4.1320426e-11
2020-08-04,9.31637e-12,4.7815814e-08,3.7700815e-12,1.0
2022-06-14,1.6459321e-10,1.3651513e-09,7.425898e-24,0.9997745
2024-03-03,0.6376425,2.2019615e-15,2.31812e-13,1.0
2019-09-07,7.939731e-17,1.80699e-13,1.2400648e-16,0.99999857
2024-12-27,0.002437056,0.9999994,1.0,6.725879e-10
2023-02-03,1.0,2.4080393e-07,0.62089396,1.6051865e-15
2020-10-23,6.3362622e-18,1.8348036e-15,7.546488e-18,0.9991366
2020-09-30,3.35952e-18,3.6165454e-10,1.4306664e-20,1.0
2024-02-13,1.0,2.9267238e-05,0.87255806,0.011251328
2023-08-05,1.9352202e-15,4.874065e-09,1.7481021e-19,1.0
2021-08-22,8.930694e-17,3.9037926e-14,1.7881569e-13,0.20312682
2020-06-02,0.15895778,1.2374257e-06,8.72017e-21,0.4130933
2022-03-01,1.0,9.6535936e-05,0.9999945,0.020762721
2021-10-09,5.5064685e-18,1.1205495e-15,3.5251106e-20,0.99999964
2023-02-04,0.9999976,8.438162e-08,0.9808827,1.9389638e-14
2023-10-16,2.0374565e-19,3.118797e-15,1.0306208e-18,1.0
2023-09-30,5.571456e-20,3.365167e-16,1.8198435e-16,1.0
2022-03-25,1.0,1.4489156e-05,1.9709037e-10,0.99999976
2020-02-14,1.0,0.99797267,0.9995728,1.8777124e-08
2020-04-20,1.0,0.9999999,1.592506e-08,1.040413e-11
2022-08-07,6.824688e-13,0.00044272438,1.3141642e-15,1.0
2022-05-20,0.99906343,0.00021705462,6.5148885e-19,0.0031452647
2023-05-03,1.0,0.9999999,3.5205844e-06,4.354965e-09
2022-08-16,3.9940535e-17,1.01655615e-07,2.52092e-18,1.0
2024-11-11,5.6113223e-08,2.8857396e-09,5.5666353e-12,0.9999968
2024-01-11,0.99999976,0.9999995,1.0,4.3978293e-12
2020-10-17,8.4135104e-19,8.429652e-12,8.7864734e-16,0.9999726
2023-02-01,0.9999895,5.5155045e-08,0.04591841,1.3484122e-14
2024-05-12,0.9864297,7.175195e-06,3.455346e-13,2.396551e-12
2024-07-27,1.38811905e-11,4.014984e-12,8.266096e-25,1.0
2024-12-24,0.9916333,0.9967894,1.0,5.052572e-12
2024-03-26,1.0,0.9996674,5.8399823e-09,1.5079584e-05
2022-06-01,0.9972029,0.98435414,6.764575e-11,4.690401e-09
2020-02-29,1.0,7.8050645e-05,0.4833798,3.0888934e-08
2022-09-22,4.726573e-21,2.526216e-17,3.8435247e-15,0.9999999
2023-05-06,1.0,0.99999976,0.000113627124,3.478429e-10
2021-09-01,5.0422204e-13,1.2329048e-16,5.0759566e-16,1.0
2022-07-27,6.3540362e-12,0.015388445,5.165262e-16,1.0
2022-05-15,0.9999993,0.78682476,1.5888415e-15,1.6555035e-10
2023-02-02,1.0,1.409147e-06,0.8727638,2.787674e-15
2021-02-17,0.9999995,1.1672909e-12,0.9990945,2.7946666e-07
2024-06-17,1.020273e-09,1.0100385e-08,3.138697e-20,1.3179452e-06
2021-03-12,1.0,1.3600524e-06,0.99994576,1.5911934e-07
2021-12-12,0.9999995,0.7372897,0.999995,3.1306248e-13
2019-05-05,1.0,0.9992798,1.2567136e-08,5.3561692e-08
2023-05-13,1.0,0.99999547,1.0055359e-06,7.1622218e-12
2020-09-18,6.029645e-15,6.7858697e-19,6.326392e-23,1.0
2021-06-09,0.047150984,1.0237398e-07,4.476406e-09,7.5326837e-14
2019-12-14,0.99999857,0.9999988,0.9999875,7.113913e-13
2021-05-07,1.0,0.99999964,6.852997e-08,1.079496e-11
2020-12-02,0.10504581,0.13576584,0.9999999,1.1096636e-12
2021-12-23,1.0,0.99991775,0.99999523,1.38312e-13
2023-01-15,0.9999794,1.715617e-10,0.9991013,7.693797e-12
2023-12-16,0.026152413,0.99458814,1.0,7.827264e-12
2021-11-16,1.1273625e-07,1.0908006e-08,0.97645104,5.128587e-12
2022-08-11,9.723774e-16,1.1324631e-06,7.255234e-16,1.0
2020-12-15,0.99319756,0.011247105,1.0,2.3671072e-13
2019-10-28,1.934539e-17,1.0282029e-12,5.388277e-10,7.004495e-05
2021-02-18,1.0,1.7604737e-10,0.99999774,3.838846e-06
2023-06-04,0.104294635,1.9908128e-08,4.9619257e-25,0.9999906
2019-11-22,0.0006530234,0.0015516246,0.99999344,1.9685906e-09
2024-07-09,2.0028267e-14,3.083622e-14,1.8544776e-23,1.0
2023-11-08,1.2073344e-16,1.124377e-12,7.6178205e-16,1.0
2020-11-02,2.504915e-15,1.4099578e-05,1.8799285e-14,0.00096701365
2021-10-06,3.650423e-20,7.7934047e-19,2.2555427e-19,0.9999995
2021-03-13,1.0,9.682298e-07,0.9964766,0.00065198366
2020-05-18,0.9999999,0.9999666,1.9177245e-13,6.758726e-13
2019-04-12,1.0,0.9651051,9.8821645e-11,0.99693406
2024-11-19,6.672653e-12,0.00013546264,0.20673431,2.3611167e-07
2022-02-06,1.0,0.9999963,1.0,1.9896738e-12
2024-06-27,1.8295615e-15,2.8629383e-13,1.0469342e-26,0.9999962
2021-12-21,0.999997,0.9997004,0.9999999,1.5700868e-13
2023-11-11,5.90005e-20,1.0999152e-13,2.7792657e-14,0.99833256
2022-01-31,1.0,0.99999917,1.0,2.1527337e-12
2023-05-22,0.99999845,0.99989176,0.0725379,1.7728453e-12
2022-12-14,0.77348864,9.200837e-05,1.0,3.9796985e-16
2022-11-12,1.5711933e-08,1.67592e-06,6.4845717e-06,3.1638773e-15
2020-07-08,3.930471e-11,4.0270334e-07,4.2442926e-16,0.9999999
2024-06-04,0.9985709,0.00025156356,2.987683e-14,1.5681109e-10
2022-05-06,1.0,0.99999976,1.9751885e-08,7.8014006e-13
2020-10-03,1.1205408e-15,2.3723948e-10,1.9381143e-17,1.0
2019-12-24,1.0,0.9999951,0.9948453,1.2911075e-12
2021-04-13,1.0,0.6254551,5.1570374e-14,0.9990527
2023-04-07,1.0,0.9857384,1.4031135e-11,0.17669769
2023-01-06,0.9999392,0.019574497,1.0,1.0779724e-13
2024-03-28,1.0,0.99989414,2.620614e-09,2.454292e-08
2019-11-13,1.6911977e-10,0.00041169772,0.99613476,7.107989e-12
2020-10-20,6.456996e-18,1.3846317e-14,7.952621e-15,0.9998274
2022-03-07,0.9999993,3.91557e-09,0.99997425,1.8765737e-05
2021-01-05,1.0,4.7215685e-06,1.0,4.4216936e-11
2020-11-30,0.17914723,0.013019877,0.99999976,1.3402232e-13
2024-02-09,1.0,0.00058541493,0.7082486,1.6362032e-05
2020-11-17,4.589751e-13,1.7748041e-08,0.00039323844,0.000106543295
2019-05-08,1.0,0.9999999,4.3651127e-08,2.2403258e-08
2023-08-30,4.471607e-18,1.3625917e-06,3.9869882e-18,1.0
2024-10-21,2.0441312e-16,6.5749404e-17,1.4115033e-20,1.0
2023-08-18,1.05092445e-17,7.419162e-12,4.458359e-24,1.0
2024-10-22,3.628796e-14,5.0881345e-15,9.096107e-17,1.0
2023-03-21,1.0,4.650478e-06,2.9185825e-08,0.032619044
2021-10-27,1.1998833e-15,5.2778535e-14,1.0889518e-17,0.9988186
2024-10-25,9.8143946e-18,6.3171336e-15,4.2363903e-20,1.0
2019-10-05,8.047729e-19,9.192309e-14,1.4512438e-08,0.99998
2020-09-06,1.0578517e-11,1.5796614e-15,7.6515145e-24,1.0
2023-11-10,2.8420752e-19,1.9695066e-13,3.0296226e-12,0.9999974
2024-05-08,0.9999999,0.9707534,1.5548538e-11,4.1863426e-15
2024-01-13,0.9999988,0.99999917,1.0,2.3914543e-13
2021-12-03,0.999691,0.45984685,0.9999869,2.7911837e-16
2022-07-11,1.0360104e-12,9.237911e-12,8.717272e-22,1.0
2020-07-14,1.2164658e-07,5.1326082e-05,5.6965e-17,1.0
2020-09-10,2.0762439e-11,2.2777058e-17,3.1495673e-25,1.0
2024-03-05,0.014775492,2.203078e-16,4.751238e-18,1.0
2022-02-26,0.9999999,0.030123953,0.9999999,4.9175826e-05
2023-07-24,1.5215516e-16,0.007865699,1.1887948e-21,1.0
2023-03-09,1.0,1.0197837e-07,0.8880815,7.9858444e-07
2020-10-29,2.7746351e-15,0.00010260173,7.2458306e-16,0.001358447
2019-09-24,1.4797748e-18,1.9007368e-13,1.4269274e-20,0.9999764
2022-07-16,2.2438994e-13,2.227135e-12,9.4867716e-20,1.0
2021-11-21,9.803196e-07,0.0003215107,0.88789874,1.8599678e-16
2020-02-26,1.0,0.00949457,0.99999964,1.889672e-09
2023-11-15,2.0378317e-17,1.1897462e-12,3.4594643e-11,0.9956546
2022-08-31,2.1675398e-17,4.9950346e-11,4.2225655e-19,1.0
2023-03-18,1.0,0.0016647285,5.7528177e-10,0.9741362
2019-05-27,1.0,0.00019431316,1.0780881e-12,0.18015258
2021-04-03,0.9999999,2.531727e-11,7.365653e-12,0.9997867
2023-08-06,1.0414954e-14,5.62568e-09,1.0599159e-22,1.0
2021-04-16,0.9999472,0.9995461,3.2380802e-14,0.9984712
2021-03-31,0.9999999,1.3528905e-05,7.973113e-18,0.9999949
2021-01-17,1.0,7.946787e-06,0.99999654,7.364944e-10
2021-08-06,2.4059574e-13,3.5771488e-16,2.3648095e-25,1.0
2021-03-11,1.0,3.4665222e-06,0.99985015,2.2180471e-07
2021-12-29,0.99999845,0.9999999,0.99999976,4.049535e-14
2023-09-18,9.095795e-17,2.4491994e-08,7.869865e-24,1.0
2021-01-20,1.0,4.6716905e-06,0.9999995,2.532157e-11
2019-12-11,1.0,0.9999975,0.99998236,4.7713253e-11
2024-12-17,0.7006635,0.99994016,1.0,2.2266297e-12
2019-05-10,1.0,0.9998698,2.3252626e-07,3.4910994e-09
2022-05-04,1.0,1.0,1.6672907e-06,3.1628563e-12
2019-06-07,1.1226861e-05,2.3206064e-09,7.881504e-21,0.18411538
2022-02-09,1.0,0.99991107,1.0,4.5816363e-12
2022-07-30,1.2735891e-14,4.848267e-05,1.3665139e-16,1.0
2021-12-16,0.9999989,0.9994574,0.99999857,1.6579018e-14
2019-11-28,0.73490936,0.79958147,0.99923944,4.449483e-12
2022-05-18,0.9999993,0.55249584,1.3465343e-09,1.4678576e-12
2024-12-25,0.6653761,0.9991196,1.0,1.6388921e-11
2023-12-04,7.2491052e-06,0.9906786,0.99999106,5.8984796e-11
2021-08-05,3.8222905e-13,7.3753336e-17,7.751084e-22,1.0
2019-03-31,1.0,2.0159952e-05,2.5262197e-14,1.0
2019-05-30,0.48109075,9.272706e-08,2.4566729e-14,0.011859193
2022-06-21,9.8174434e-11,1.5795042e-12,2.8480552e-19,1.0
2021-09-30,4.416473e-20,1.3449793e-16,4.3472033e-21,1.0
2022-02-18,1.0,0.99902797,1.0,4.2716344e-10
2022-09-02,4.7597616e-19,7.199356e-11,3.92524e-23,1.0
2019-07-11,7.829853e-14,0.0013744903,4.868138e-20,1.0
2021-09-11,5.918767e-14,1.30995805e-14,6.5569547e-25,1.0
2022-04-08,1.0,0.028129019,5.2467294e-07,0.00018222703
2021-03-09,1.0,1.3680442e-05,0.9999497,4.9065548e-08
2020-02-28,1.0,0.010574439,0.9989761,1.2517831e-08
2020-07-28,5.2382925e-09,8.292614e-09,1.7471582e-16,1.0
2022-09-17,1.0682621e-21,1.9058834e-14,1.5227833e-15,1.0
2022-02-11,1.0,0.99999857,1.0,1.0375435e-11
2019-09-27,8.35367e-20,1.5002392e-11,2.4806666e-15,0.9999627
2022-07-08,1.5204131e-14,2.93131e-14,2.400929e-20,1.0
2023-10-12,1.5374015e-19,3.2795619e-15,1.9601309e-16,1.0
2022-01-24,1.0,0.99999976,1.0,7.454553e-12
2020-09-29,3.6700043e-13,1.4186882e-09,3.2313026e-16,1.0
2022-09-24,9.195555e-21,4.1101136e-18,8.894116e-16,1.0
2020-04-26,1.0,1.0,5.956014e-07,7.540152e-12
2020-12-13,0.9999852,0.035932988,1.0,2.8368482e-12
2019-04-17,1.0,0.9999962,6.498242e-09,0.00018539254
2023-08-29,3.713906e-15,8.817157e-05,9.942449e-16,1.0
2022-04-03,1.0,0.0003059813,1.3701477e-05,0.99951947
2019-05-26,0.9974191,6.2838546e-05,6.3651743e-15,6.342843e-05
2024-02-24,0.95048153,1.2158335e-13,1.423108e-17,1.0
2020-11-22,1.7916832e-06,3.737877e-05,0.98798496,1.2121519e-09
2022-12-25,0.99999917,8.757175e-09,1.0,2.811152e-11
2023-01-17,1.0,3.966201e-09,0.9523612,2.5934439e-13
2024-12-31,0.9388936,0.9994436,1.0,1.2761758e-11
2019-03-27,1.0,2.3538518e-05,3.422656e-12,0.99999666
2021-04-28,1.0,0.9999989,1.1889518e-09,3.1744831e-09
2019-08-27,1.591735e-15,1.159188e-16,1.7006182e-20,1.0
2023-10-26,6.415922e-17,7.6164806e-17,7.103411e-15,0.9999999
2022-03-10,0.9999924,1.17807474e-07,0.9998597,0.3828104
2023-10-01,1.8069644e-22,1.1871568e-13,5.71681e-17,1.0
2020-09-08,1.3986715e-09,4.815779e-18,1.7795582e-25,1.0
2019-06-29,1.881714e-15,1.5766952e-06,1.6524798e-23,0.9999887
2023-09-10,1.7602608e-19,1.9177942e-05,5.786374e-20,1.0
2023-02-24,0.9999999,0.9157746,2.495521e-05,3.762101e-12
2023-07-01,1.4096498e-12,1.2496218e-08,9.673709e-25,1.0
2021-07-11,4.2339482e-10,2.2456894e-13,1.4177268e-18,0.98361444
2020-07-09,1.5700599e-13,2.2086194e-08,2.0289347e-17,1.0
2022-01-12,0.9999999,0.99994147,1.0,1.9294935e-14
2024-05-29,0.9988092,0.0003775832,3.4697435e-13,1.7182653e-11
2019-09-05,2.8274275e-12,5.4888554e-13,1.1668032e-20,1.0
2020-11-27,0.003971102,1.6329496e-06,1.0,2.6310911e-13
2020-11-14,2.0806601e-11,1.2127474e-07,0.050957188,2.898677e-08
2019-05-20,1.0,0.92878604,7.1018036e-10,0.09572921
2023-01-27,0.9999995,6.655961e-09,0.032210372,1.308651e-12
2021-08-20,1.261661e-12,8.2057035e-08,1.0435696e-10,2.9194094e-05
2022-12-08,0.018674692,9.031569e-05,1.0,6.705934e-14
2022-09-06,2.2908213e-16,4.5003508e-09,9.807022e-18,1.0
2020-08-28,6.048504e-14,9.465458e-13,1.6396952e-23,1.0
2021-06-11,0.997148,3.5641605e-09,3.050231e-11,6.4088668e-09
2023-06-23,1.222314e-09,1.9962938e-10,1.9881331e-20,1.0
2020-03-19,1.0,0.9999993,7.0892603e-13,8.875934e-08
2019-05-24,0.99974805,0.00023126045,1.6486637e-16,0.62143856
2024-08-20,1.9958741e-11,4.145421e-12,2.1594622e-15,1.0
2021-08-11,3.0274467e-11,4.890204e-16,1.5684137e-24,1.0
2022-08-05,1.2655387e-06,0.00014437464,1.530523e-15,1.0
2024-06-29,1.3663616e-14,1.0345343e-14,7.671832e-23,0.9999999
2021-04-17,0.9999902,0.9979346,8.651233e-18,0.9987062
2019-10-12,7.612439e-18,6.20005e-13,5.741618e-09,0.9982132
2023-02-11,0.9999999,6.068853e-06,0.8836917,1.3090908e-15
2020-04-15,1.0,1.0,9.2297614e-11,1.0287729e-10
2022-03-28,0.9999995,5.0853674e-07,2.874584e-08,1.0
2023-03-12,1.0,6.391184e-06,0.034686983,1.4008165e-07
2020-08-08,9.6558625e-14,4.157191e-10,2.4797072e-18,1.0
2020-02-01,1.0,0.99999976,0.12126704,3.2513574e-09
2023-01-25,1.0,5.230645e-09,6.566058e-05,8.639914e-12
2024-06-14,5.309503e-07,2.8816103e-12,5.562545e-17,7.174355e-07
2019-11-12,7.1637762e-09,1.781314e-05,0.85729396,3.702387e-10
2020-10-31,6.6255696e-14,3.7458132e-05,8.438938e-11,0.013349946
2023-01-13,0.99992836,5.3265634e-12,0.99999714,2.356047e-11
2020-12-08,0.99683374,0.035066154,1.0,1.9911839e-13
2022-06-27,2.1120535e-13,1.1532801e-08,5.76967e-19,1.0
2023-11-13,7.0697906e-20,3.4671998e-11,3.1412611e-12,0.99974126
2020-11-29,0.0004888291,0.00010265908,0.9999975,1.2292994e-10
2023-04-14,1.0,0.99932516,1.8330712e-12,6.703256e-06
2020-06-13,0.9976133,3.8442325e-09,3.889726e-20,2.6026066e-06
2020-12-11,0.99442816,0.000259744,1.0,4.947924e-12
2020-02-03,1.0,0.9999925,0.99996126,3.126111e-11
2022-03-17,0.9999895,8.9104315e-09,0.0006962861,0.9999974
2020-03-20,1.0,0.9999999,1.5293231e-12,6.3670993e-09
2024-07-16,2.8493979e-15,6.9758436e-19,5.643149e-22,1.0
2024-09-22,2.1302127e-15,4.8541798e-14,3.0042238e-19,1.0
2024-09-21,1.7929823e-17,2.2502243e-14,2.095469e-21,1.0
2020-12-22,0.9999995,0.9657447,1.0,6.242632e-11
2024-07-06,1.5316489e-13,3.061145e-16,9.5336814e-27,0.9999651
2020-11-23,1.3215716e-08,3.5793178e-06,0.99955016,4.5309285e-08
2023-01-12,0.99999404,1.1105085e-08,0.9998361,7.397896e-12
2020-02-21,1.0,8.260863e-05,0.9966264,1.9281885e-07
2019-12-07,0.99992144,0.99999774,0.99997497,7.8993656e-14
2022-03-16,0.99999905,5.4993063e-08,2.405222e-10,0.9999999
2021-11-02,1.1503954e-16,1.3349193e-13,1.566191e-15,0.0014823773
2023-04-28,1.0,1.0,8.0223606e-09,1.922154e-11
2021-07-22,1.4246958e-11,2.004411e-16,3.7067953e-18,1.0
2021-06-13,0.094590195,2.8604464e-07,6.178119e-16,0.00012610668
2023-04-20,1.0,0.99999404,8.000523e-13,1.703193e-08
2019-03-30,1.0,0.0031231914,6.9071767e-13,0.9999988
2019-11-26,0.09516864,0.7643427,0.6787044,9.169665e-07
2024-11-21,3.5831974e-06,0.8814719,0.9305258,2.9474025e-09
2019-12-13,1.0,0.99999404,0.9999969,2.1079104e-11
2020-10-21,4.9475575e-19,1.00629405e-13,1.0579883e-16,0.9954964
2024-04-11,1.0,0.99999845,4.449594e-08,1.1679652e-13
2023-05-23,0.99999964,0.9997489,1.03302596e-10,5.1032555e-07
2020-12-19,0.99998486,0.044425845,1.0,1.0009972e-13
2021-12-09,0.99901915,0.84618616,0.99999154,4.581865e-15
2021-01-09,1.0,0.00014091318,1.0,2.1967594e-08
2024-07-02,9.96155e-15,1.2590112e-17,1.554759e-26,0.99999964
2023-06-06,0.00011907717,0.0003674121,3.3688987e-27,0.99999917
2021-01-10,1.0,2.4141832e-07,0.9999999,1.6778214e-11
2023-08-28,9.065689e-14,0.007428974,2.5759094e-20,1.0
2023-07-02,1.6984297e-13,2.5889507e-10,1.0915977e-23,1.0
2020-02-18,1.0,0.99993217,0.9689019,2.8612149e-08
2020-07-18,1.4992937e-13,2.2352156e-09,6.437204e-16,1.0
2019-04-29,1.0,0.9999982,2.9641138e-08,3.0023606e-09
2021-09-17,8.097369e-19,3.5040173e-15,1.207754e-23,1.0
2020-10-07,1.4644185e-15,1.0416102e-11,1.7880755e-20,0.99999976
2021-03-25,1.0,1.1472905e-06,9.403229e-10,0.18373719
2021-03-14,1.0,3.6333506e-07,0.994478,5.6799265e-05
2023-08-09,1.7936468e-16,1.840826e-11,1.7840488e-20,1.0
2022-02-20,1.0,0.99974495,1.0,4.989493e-11
2021-05-10,1.0,0.99999845,3.1396372e-05,1.0170636e-12
2023-08-01,5.3731084e-14,0.0014379108,2.7049326e-19,1.0
2020-05-25,0.9999995,0.99834454,5.903899e-13,3.7006995e-10
2022-05-22,1.0,0.0011450142,3.2202893e-16,5.214435e-05
2024-05-23,0.99999917,0.00025958655,7.0377185e-12,1.413176e-09
2023-12-22,0.85976946,0.9991984,0.9999976,1.8552893e-14
2024-04-04,1.0,0.9999999,9.54622e-08,5.6041027e-12
2022-04-09,1.0,0.20866038,0.00030286107,0.0010249483
2022-09-03,2.1954412e-18,8.655043e-11,1.6393125e-17,1.0
2020-12-21,0.99997663,0.19773054,1.0,2.97511e-14
2023-09-16,5.5578705e-20,1.7145977e-08,4.8429906e-25,1.0
2021-03-02,1.0,1.4161999e-05,0.99833775,1.4438919e-07
2019-07-06,1.1014813e-13,0.0041641514,1.3597676e-19,0.9995252
2024-03-10,0.99734336,1.31602e-12,2.2720512e-14,0.99999166
2023-04-09,1.0,0.9866925,4.946454e-15,0.98827714
2023-07-17,7.4454416e-09,0.15290253,7.385908e-13,1.0
2023-08-11,1.5665539e-17,4.659399e-16,1.3024265e-22,1.0
2019-10-30,3.5123763e-14,5.0697624e-13,8.077133e-11,2.2563792e-05
2023-11-28,8.435135e-07,0.9576526,0.9805855,5.7166156e-09
2021-06-18,1.520826e-06,1.6105918e-06,6.616989e-23,0.9809302
2021-07-26,6.710988e-14,2.8532768e-18,1.2357995e-25,1.0
2022-08-24,3.1753987e-16,2.4718676e-07,2.9455678e-18,1.0
2020-08-30,2.6857395e-13,3.069988e-11,1.88448e-22,1.0
2023-09-20,2.9766098e-17,5.8444977e-07,7.7193284e-16,1.0
2023-06-02,0.99977106,0.002336058,2.99716e-20,0.9924229
2022-11-15,2.7059205e-10,9.3973006e-07,8.687949e-05,2.9387037e-15
2023-03-22,1.0,6.9809464e-10,4.518279e-11,0.99997103
2023-09-11,4.540866e-17,2.6550495e-06,3.4079416e-15,1.0
2020-10-15,5.388276e-14,3.0361702e-09,1.13206105e-20,1.0
2023-03-31,1.0,4.116271e-05,1.13913656e-10,0.9757391
2024-10-18,1.0762215e-14,1.0767368e-18,1.7652203e-15,1.0
2023-12-31,0.9192311,0.9999926,1.0,1.7964331e-13
2022-07-14,2.7635021e-11,4.2742627e-08,3.1388134e-22,1.0
2024-09-27,9.595831e-13,3.0869645e-14,1.9171481e-19,1.0
2024-10-05,3.3102302e-15,3.422037e-15,3.2288798e-13,1.0
2020-03-23,1.0,0.97977877,1.2298256e-05,8.8840955e-07
2022-06-13,3.8703322e-11,3.2922867e-10,7.0737766e-22,0.22877511
2022-03-05,0.99999833,1.5142248e-07,0.99999976,4.3750388e-05
2019-10-24,7.569698e-18,1.04707605e-11,8.728089e-14,0.0005883561
2020-08-14,4.0070777e-10,2.3997129e-07,7.425648e-15,1.0
2023-06-08,0.92875624,0.00057788106,1.1468996e-22,0.99714345
2022-03-22,1.0,1.4180659e-09,5.1830067e-08,1.0
2023-11-29,1.5478027e-11,0.99788624,0.726422,6.7750796e-09
2019-06-02,0.0003361151,1.9578687e-10,6.513682e-23,0.99986935
2020-02-20,1.0,0.99687386,0.9999964,3.1550045e-09
2023-12-17,0.88202155,0.99929965,1.0,9.6458865e-14
2019-12-22,0.99998844,0.99991524,0.99996126,9.9122356e-11
2022-03-24,1.0,7.697758e-09,6.9980777e-10,0.9999919
2021-06-30,0.0019195189,0.0669616,2.0699175e-22,0.0029538048
2023-12-30,0.65116465,0.99998283,1.0,2.30782e-12
2023-05-19,1.0,0.99999845,1.2443767e-09,1.9378699e-10
2023-03-29,1.0,1.30562685e-05,1.1001509e-08,0.99835134
2021-08-28,3.4205234e-15,3.0033247e-15,3.6311283e-22,1.0
2024-03-25,1.0,0.00029528126,5.24208e-09,5.748841e-07
2023-08-20,1.9287262e-16,3.9339722e-07,4.9125584e-19,1.0
2021-02-03,0.9999999,1.5599425e-11,0.9999958,3.2995429e-09
2023-01-23,0.9999999,1.2154974e-09,0.007370213,4.8692235e-13
2021-09-27,5.1293655e-17,1.0077076e-17,3.122898e-19,1.0
2021-06-27,7.9382854e-11,3.4031195e-06,4.1891758e-20,0.013795234
2020-09-24,2.76719e-14,1.1943213e-11,7.659766e-20,1.0
2022-06-07,0.9772069,0.22214395,6.039491e-17,4.169433e-07
2023-07-15,4.1621516e-13,4.911545e-06,3.812174e-15,1.0
2020-07-02,1.9774237e-08,5.4827172e-08,1.9428294e-17,0.99787295
2020-12-29,1.0,0.91791564,1.0,9.6613256e-12
2022-03-30,1.0,6.6634975e-06,4.0104977e-09,1.0
2020-07-03,2.216324e-09,9.684577e-11,1.53548e-18,0.9999995
2019-11-14,6.336563e-11,1.2662301e-07,0.99931896,7.095203e-08
2020-02-10,1.0,0.99999917,0.9999232,1.3537501e-09
2023-05-15,1.0,0.99999726,1.1993698e-09,1.3257835e-07
2021-07-02,1.0681811e-09,1.3750015e-11,1.4641291e-21,0.999984
2021-05-12,1.0,0.9999987,4.8195532e-05,2.3094293e-10
2022-04-22,1.0,1.0,4.2256953e-10,2.768102e-11
2023-01-29,0.99999964,0.22665222,0.0004036037,2.6468858e-17
2024-12-09,0.04177235,0.9974922,1.0,3.6528684e-12
2024-07-03,1.2982837e-12,1.3393468e-13,4.774569e-25,1.0
2020-03-29,1.0,0.9836768,1.1418857e-11,0.98314697
2021-02-08,0.99999857,2.5501047e-11,0.99998355,2.8877455e-06
2021-07-24,1.3919207e-15,5.6811075e-19,2.7615842e-22,1.0
2020-09-25,3.810731e-13,7.998436e-12,5.648693e-19,1.0
2022-01-08,0.9999994,0.9999999,1.0,3.6710893e-13
2020-06-12,0.99939656,6.9933936e-10,2.2577343e-22,0.00011671994
2023-10-27,2.1871847e-16,3.1215302e-14,4.7896682e-12,0.99999964
2024-07-28,1.453189e-11,3.967719e-14,5.788794e-23,1.0
2020-07-05,4.3353415e-12,1.3995728e-10,5.566124e-20,1.0
2022-09-13,1.25259475e-20,1.2518057e-14,4.8620022e-17,1.0
2024-05-03,1.0,0.99733293,9.636609e-12,9.9716645e-11
2022-12-07,2.9752536e-09,9.994906e-09,0.9999999,1.8953298e-15
2021-06-29,1.0109193e-06,0.4133791,8.511541e-21,0.081092775
2020-08-17,3.2741195e-14,0.000111611145,2.2373896e-14,1.0
2020-09-15,5.6697046e-13,1.0614122e-16,3.2284082e-23,1.0
2024-01-09,0.9999964,0.99967206,1.0,2.8153007e-14
2021-07-23,3.4138234e-11,5.4714766e-19,1.4675708e-25,1.0
2020-11-12,9.314673e-10,0.00017632634,0.8756551,7.676997e-07
2024-07-26,1.962704e-13,5.4435e-14,4.3373366e-26,1.0
2024-08-03,2.2805177e-10,1.6699087e-09,2.1837144e-18,1.0
2021-12-17,0.99999905,0.999992,0.9999993,1.3332373e-13
2023-09-07,5.9590927e-18,3.3950502e-07,8.883494e-18,1.0
2021-05-24,1.0,0.002904407,4.677651e-06,5.7201843e-12
2022-04-02,1.0,2.0887264e-05,0.00029473758,0.8128949
2019-09-16,1.10772646e-16,4.286273e-15,9.2986814e-17,1.0
2019-11-24,0.004023315,0.00025789966,0.035244815,1.9102126e-08
2022-12-26,0.99997854,1.1766654e-05,1.0,2.899262e-09
2019-11-20,3.1492755e-06,0.019407803,0.9999553,2.8183364e-10
2023-02-14,0.99998474,3.2897467e-06,0.027743896,3.908615e-13
2021-03-08,1.0,6.592526e-06,0.9915672,2.1905418e-08
2023-04-08,0.9999999,0.4992185,8.040998e-14,0.99985623
2020-04-07,1.0,0.89886534,2.0287686e-13,0.9135666
2023-11-25,9.4008044e-11,0.00014885409,0.99968386,4.3520892e-10
2019-09-25,4.939594e-21,3.5174235e-11,3.2822368e-17,0.99999547
2024-11-26,3.32796e-06,0.9998963,0.99803764,2.2987645e-13
2021-08-04,1.2631641e-11,6.287823e-16,9.660668e-22,1.0
2022-03-15,0.99998343,5.6002856e-09,3.6623954e-10,0.9999927
2020-11-28,0.0028608835,4.3726547e-07,1.0,1.6820156e-11
2020-04-05,1.0,0.75123096,5.6130746e-13,0.9370619
2023-03-07,1.0,7.184851e-07,0.00050584675,1.3631787e-05
2021-06-19,0.00019249125,1.3348307e-06,2.478701e-21,0.7631853
2019-10-23,6.3321065e-18,7.049074e-11,4.2867257e-10,0.0010189838
2023-06-09,0.005738261,5.436029e-05,5.0537823e-21,0.99999094
2023-08-03,3.5204397e-17,3.1900848e-07,5.16907e-22,1.0
2019-04-20,1.0,1.0,7.3426696e-07,2.00011e-09
2019-05-17,0.99999976,0.9069692,5.0809676e-11,4.156322e-06
2021-08-15,1.9558057e-13,3.58996e-15,2.4579942e-22,1.0
2020-10-09,1.577975e-15,1.2063901e-13,8.6079684e-20,1.0
2021-11-17,3.5577234e-08,0.00051017624,0.2885697,1.9752249e-13
2024-06-23,4.414569e-09,1.02215125e-08,1.6362424e-20,0.0010869255
2020-09-14,5.634216e-13,9.551467e-15,2.0277677e-23,1.0
2024-10-17,3.5323196e-16,3.4556454e-15,5.975736e-17,1.0
2020-04-16,0.99999976,1.0,1.6836802e-07,1.0010565e-09
2019-11-06,6.645475e-11,4.7096776e-08,5.064902e-05,8.569593e-11
2023-01-09,0.9999943,4.9239193e-11,0.9999995,7.0894397e-12
2024-04-13,1.0,1.0,1.9218965e-06,5.8926936e-13
2024-03-19,1.0,0.45179462,8.139889e-12,1.0748713e-07
2023-05-26,0.9999914,0.99941766,7.2659206e-10,1.1976854e-06
2024-08-16,3.8928108e-10,5.4260996e-09,5.3790614e-23,1.0
2023-07-14,1.0049019e-16,2.0503876e-05,2.9495002e-20,1.0
2021-06-22,0.47556037,0.037404824,2.459746e-16,0.069022484
2024-10-07,3.4078084e-17,1.6375079e-15,7.832045e-15,1.0
2019-12-03,0.99997246,0.980662,0.99817204,2.8099923e-12
2021-01-24,1.0,1.0801217e-06,1.0,7.135608e-11
2024-12-16,0.049058665,0.9999682,1.0,5.7365514e-12
2021-01-27,1.0,3.562653e-08,1.0,4.888153e-08
2024-11-09,1.2645823e-10,3.6240665e-06,3.5077269e-12,1.0
2023-03-16,1.0,1.0120947e-07,0.0008640581,0.00050968333
2021-08-07,7.545118e-15,4.625589e-17,2.4361416e-22,1.0
2019-08-20,2.0916571e-12,1.7631199e-12,4.9110488e-23,1.0
2021-02-23,1.0,1.2433973e-06,0.9999716,8.7957724e-10
2022-07-28,3.5466977e-13,0.0033375318,3.916893e-16,1.0
2019-03-28,1.0,2.3107933e-08,1.5607215e-08,0.9998852
2023-09-28,9.971862e-21,7.006527e-15,1.5094835e-12,1.0
2024-03-13,0.9999294,1.2569257e-10,1.0310344e-09,0.9872656
2021-01-31,1.0,1.861505e-08,0.9999999,1.4672917e-09
2020-10-24,1.5832448e-15,1.5806526e-08,7.996227e-19,0.8150508
2021-09-15,1.9221745e-16,7.0039617e-15,4.8318707e-22,1.0
2020-06-25,2.439675e-11,9.1195046e-10,1.9743844e-21,0.99999917
2019-12-04,0.9924844,0.999951,0.99999547,3.414286e-11
2020-12-01,0.0005072571,0.012347679,1.0,1.2177681e-11
2022-01-29,1.0,0.9999546,0.9999999,1.0345195e-12
2024-04-28,1.0,0.99999774,7.539008e-07,2.0094285e-13
2023-08-23,2.4784255e-11,0.0010459811,9.54787e-13,1.0
2024-06-19,1.5063736e-13,4.023136e-14,1.1392118e-23,0.10342433
2021-01-15,1.0,9.6144584e-05,1.0,1.7112922e-11
2021-12-18,0.9999924,0.99999976,0.9999999,1.5218732e-13
2022-12-31,0.9999229,3.385654e-05,0.999997,1.5692297e-14
2024-04-23,1.0,0.9999987,0.01950463,1.8439666e-12
2019-07-16,1.37467475e-17,6.416908e-05,9.358731e-21,0.9999999
2021-02-02,1.0,8.633289e-09,0.99999976,4.83786e-09
2019-10-31,1.0620152e-17,5.1769037e-11,2.148899e-11,3.54614e-06
2024-05-06,1.0,0.9997936,8.5381084e-14,4.853933e-13
2022-09-25,2.7529949e-19,2.3023327e-16,7.960344e-19,1.0
2022-01-21,1.0,0.9999999,1.0,3.4477355e-13
2020-11-24,2.672986e-06,2.9306451e-05,0.999998,4.2500434e-09
2019-06-13,0.00013488674,4.334554e-09,7.930509e-22,0.49275118
2024-08-01,4.5317062e-08,3.1844757e-10,2.7669284e-16,1.0
2022-05-24,0.99998593,0.1392324,1.2099518e-11,1.7752572e-09
2020-10-25,1.2519027e-19,2.5292367e-11,1.6263941e-17,0.9687243
2022-02-21,1.0,0.99992144,1.0,4.277937e-10
2023-08-31,2.6088992e-20,1.2348184e-08,7.361737e-15,1.0
2020-09-28,1.8126491e-19,6.7008676e-11,3.764307e-18,1.0
2019-06-09,0.00039233195,4.482703e-09,3.8357262e-18,5.5908265e-05
2024-10-03,1.5278914e-16,1.7772464e-12,8.147484e-16,1.0
2024-09-02,1.7643385e-11,1.9700968e-09,3.8894093e-15,1.0
2019-12-26,1.0,0.99999905,0.99998975,3.6891996e-13
2023-02-28,0.99999976,4.9130824e-07,0.18765621,2.3505916e-06
2022-08-22,8.849903e-19,8.345483e-09,5.118769e-18,1.0
2020-09-04,1.7316839e-13,2.935407e-17,2.0961167e-21,1.0
2023-12-11,0.00014914536,0.98792726,1.0,3.1619907e-10
2021-04-29,1.0,1.0,9.922025e-09,1.4966067e-11
2024-01-12,0.9999932,0.99999833,1.0,2.0704848e-12
2023-01-07,0.9999982,0.9772505,0.9999987,5.246926e-15
2020-06-03,0.007710868,2.1181158e-06,8.729665e-19,0.2915975
2021-01-19,1.0,4.302287e-06,0.99999857,1.59612e-10
2024-12-23,0.9424388,0.99158865,1.0,5.9544947e-13
2022-06-08,4.1189567e-05,2.2033695e-05,3.9732452e-19,1.9506643e-07
2019-12-18,1.0,0.9999988,0.99998033,1.1262965e-11
2022-08-30,2.0865534e-19,1.5971816e-08,8.7439576e-20,1.0
2019-12-12,0.99997187,0.99999917,0.9999999,3.8392277e-13
2022-02-23,0.9999999,0.019269805,1.0,2.08108e-08
2023-02-27,0.9999999,1.043171e-07,0.00020840087,2.6144305e-06
2020-06-20,1.0153968e-08,2.2938908e-12,2.4461066e-21,2.2913227e-07
2022-06-10,2.6600321e-06,1.1406145e-07,6.2691703e-22,0.00033321045
2024-09-12,6.90783e-11,2.4218298e-07,2.0411386e-09,1.0
2020-03-16,1.0,0.9999505,2.0929983e-08,5.1488314e-10
2020-06-17,0.25042304,1.0744208e-10,2.8514252e-19,5.13783e-07
2022-12-22,0.966745,6.6466135e-05,1.0,2.8347724e-15
2023-09-25,4.7464484e-21,2.3899844e-14,1.0804804e-19,1.0
2022-07-22,1.2785457e-12,5.689736e-09,5.2033187e-21,1.0
2021-07-18,1.1166627e-14,2.7144347e-17,3.814259e-20,0.99996984
2021-04-10,0.99999976,0.99983025,5.1055406e-13,0.87084013
2024-09-07,1.8533248e-12,4.378778e-09,2.7651692e-14,1.0
2022-11-01,1.3767321e-13,4.572921e-13,7.317942e-16,0.00030869045
2024-08-10,2.232904e-11,2.9803107e-07,2.1626176e-17,1.0
2020-12-25,0.5405089,0.07636422,1.0,7.744917e-12
2023-02-26,1.0,3.1202592e-06,0.06920465,2.7798203e-08
2024-05-13,0.99762565,4.2649976e-06,7.756345e-08,3.0498937e-11
2021-01-04,1.0,0.00019729241,0.9999999,1.4112537e-08
2020-06-14,0.53585607,7.9132315e-07,1.0384528e-21,0.0017605812
2021-01-01,0.9999999,0.0006625876,1.0,8.168896e-12
2019-05-13,1.0,0.9999794,2.0082304e-08,4.7716672e-05
2022-05-01,1.0,0.9999999,8.512721e-11,3.9354745e-11
2023-12-02,2.7999085e-06,0.9857152,0.99999917,3.833882e-11
2021-04-27,1.0,0.99999905,1.14154775e-08,1.560816e-09
2023-07-31,2.9030588e-16,9.2442e-06,1.8841175e-18,1.0
2020-12-18,0.99999964,0.24356827,0.9999999,1.2222971e-10
2024-07-15,5.949857e-15,7.6440985e-18,3.602757e-24,1.0
2021-05-02,1.0,0.999998,2.2041361e-07,6.9477875e-11
2022-05-29,0.99996746,0.015132804,1.9022844e-14,2.1349648e-10
2021-05-27,1.0,3.780927e-07,0.0005929673,2.6390415e-10
2021-01-06,0.99999964,0.003725204,1.0,6.7986033e-12
2019-10-10,1.5725276e-19,1.3591404e-07,4.4755134e-11,0.97806644
2020-12-09,0.37578434,0.00037218965,1.0,2.4473324e-11
2020-03-30,1.0,0.99674135,0.99906844,2.7468007e-08
2023-02-25,1.0,0.0023563448,0.050911184,1.4897934e-08
2023-07-11,7.630913e-11,3.5335003e-07,1.5230177e-20,1.0
2021-02-14,0.9999999,2.6662983e-09,0.99995625,2.3696586e-10
2023-04-30,1.0,0.99998236,4.3568424e-09,7.791969e-10
2023-08-13,3.517931e-16,2.8298029e-11,3.0437515e-22,1.0
2021-12-30,1.0,1.0,0.9999949,4.3671647e-14
2019-06-06,0.00095430063,4.4646066e-12,2.1122918e-20,0.98762393
2022-02-07,1.0,0.99999833,1.0,6.259393e-12
2024-02-06,1.0,0.0044803806,1.0,3.6037272e-05
2021-06-17,1.1348508e-07,1.2378368e-08,2.6435117e-20,0.99468935
2020-08-23,2.4348856e-12,1.3846567e-06,8.952908e-15,1.0
2021-11-26,0.00522283,0.0020005628,0.9999943,1.6745865e-18
2023-12-03,0.000682459,0.5800859,0.9999205,1.1395172e-13
2019-09-23,2.3761392e-18,1.3506196e-12,1.3340423e-19,0.9999225
2023-05-05,1.0,0.9999999,7.043056e-07,2.0389752e-09
2022-05-25,0.99995065,2.99679e-05,2.3857955e-17,2.9828063e-06
2021-09-26,6.0077354e-17,1.9379496e-19,9.54338e-23,1.0
2022-03-18,0.99656063,1.14407296e-10,0.99887663,0.9178156
2024-12-10,0.55218434,0.99995995,1.0,5.2688067e-12
2022-08-18,3.6547775e-16,6.8108816e-06,3.54117e-16,1.0
2024-09-24,1.1759087e-14,1.5835711e-15,3.708784e-21,1.0
2023-01-30,0.9999975,2.1136391e-07,0.027599584,2.5312852e-13
2020-02-08,1.0,0.9999895,0.99999094,5.682957e-09
2019-04-11,1.0,0.009106582,9.6371506e-14,0.99999833
2021-08-09,2.8918955e-12,9.789898e-19,4.8214766e-26,1.0
2021-12-25,1.0,1.0,0.9999999,7.343173e-14
2020-02-22,1.0,0.25949124,0.9999788,2.2170048e-09
2019-08-28,5.1395905e-13,2.527815e-14,6.32603e-23,1.0
2021-01-22,1.0,6.063191e-05,0.99999976,1.1892097e-10
2020-01-22,1.0,1.0,0.99998355,1.913166e-12
2022-06-12,9.262271e-06,1.5449507e-07,5.4681484e-23,0.025186053
2020-05-01,1.0,0.9999999,4.5927792e-10,1.828151e-09
2024-12-21,0.99890065,0.9994179,1.0,6.893006e-12
2019-05-28,0.99946254,1.0770465e-05,6.442402e-19,0.97917557
2022-12-16,0.6484198,5.7981353e-05,0.99999976,9.320915e-13
2020-08-13,5.9824284e-10,5.7525435e-06,4.881922e-11,1.0
2020-09-07,7.837089e-13,5.602407e-18,1.4801132e-26,1.0
2024-09-23,4.09074e-11,9.982996e-17,3.9823366e-18,1.0
2021-07-21,3.4054568e-13,4.9794903e-15,6.364509e-18,1.0
2019-10-08,2.9727713e-19,1.1155637e-11,2.449526e-12,0.999946
2023-01-21,1.0,4.3526914e-05,0.00445392,1.4955314e-14
2023-08-08,3.0764002e-15,1.919179e-11,3.8166023e-20,1.0
2019-04-27,1.0,0.9999988,4.049808e-09,2.0230615e-09
2019-05-06,1.0,1.0,1.559664e-07,8.424645e-10
2023-06-07,0.9999838,0.00017139086,1.858348e-19,0.9999944
2020-08-25,7.719922e-15,1.7111477e-08,1.2558712e-14,1.0
2024-08-23,5.691458e-14,4.0808915e-10,3.5832476e-12,1.0
2024-03-14,0.9999989,1.3285883e-07,7.1525017e-12,0.0017765149
2024-07-07,5.5692387e-15,3.937702e-16,6.1536824e-23,0.9999989
2024-03-04,0.6075063,8.117578e-16,5.635572e-16,0.9999999
2024-01-18,0.9999554,0.9999937,1.0,1.6149946e-12
2022-12-05,0.0007122464,7.565971e-05,0.9999893,1.1643833e-14
2024-01-16,0.99926656,0.9997316,1.0,1.1094911e-14
2023-02-12,0.9998129,6.096366e-05,0.89468896,1.2525891e-14
2020-12-06,0.19232179,0.00045789368,1.0,1.3210271e-12
2024-02-07,1.0,0.5377953,0.9999163,1.0365755e-05
2022-11-16,3.928719e-10,8.0335246e-07,1.9593801e-06,5.263791e-13
2024-04-29,1.0,0.9999981,2.0052754e-08,8.836414e-14
2022-01-17,0.9999999,1.0,1.0,4.568693e-13
2024-07-18,1.5857155e-13,1.5121992e-18,1.0956314e-24,1.0
2023-05-11,1.0,0.9999963,0.005215072,1.103337e-07
2024-08-11,2.6879166e-10,6.2910455e-10,2.472235e-19,1.0
2021-10-17,1.36802074e-17,2.0039148e-15,3.70006e-16,0.9967423
2023-04-18,1.0,0.9990627,9.428481e-10,4.3848344e-10
2023-05-25,1.0,0.98811764,1.7922407e-07,2.3251745e-09
2021-12-06,0.9961175,0.06777976,0.9999951,1.6437475e-15
2021-10-24,2.9104848e-18,1.29510685e-14,1.0316581e-20,0.9999887
2020-12-31,1.0,4.3813186e-05,1.0,3.2486435e-12
2024-06-11,0.00024964253,1.8768589e-13,2.3847252e-14,6.2336726e-11
2023-03-05,1.0,8.6553837e-07,0.8073614,2.9975198e-09
2020-11-05,8.854129e-14,0.00031349447,1.8106648e-05,1.35066675e-05
2021-02-01,1.0,2.0214547e-07,0.99999535,5.2083376e-08
2021-12-31,0.9999999,0.9999999,0.9999999,4.0599853e-13
2024-09-11,4.7819366e-12,0.0010319813,3.221064e-08,1.0
2020-09-03,1.0477867e-12,3.3106846e-15,1.0193186e-23,1.0
2022-07-12,1.2142681e-11,1.1175503e-08,1.2988543e-22,1.0
2021-11-18,1.3983767e-07,5.2147083e-08,0.9004112,5.7183155e-17
2023-03-23,1.0,0.0002134353,1.8724542e-09,0.6540269
2024-07-11,9.383593e-14,4.001286e-15,1.4325646e-23,1.0
2024-04-16,1.0,0.9999999,0.14634869,5.202982e-13
2022-11-21,1.3639696e-09,7.3225084e-07,0.0018270507,2.3287324e-14
2019-05-11,0.9999999,0.9999993,3.2686914e-10,3.6070085e-07
2023-04-22,1.0,0.9999981,1.1456149e-13,7.7687524e-08
2019-06-17,7.6812384e-10,3.505694e-08,1.2027616e-22,0.99979216
2022-08-29,1.459441e-19,8.385821e-09,4.1362165e-21,1.0
2023-04-16,1.0,0.9999757,2.8578961e-10,1.4864739e-10
2020-01-28,1.0,0.9999999,0.9999844,1.909884e-09
2022-05-08,1.0,0.99999785,2.3795944e-11,1.8031564e-11
2024-12-22,0.96711385,0.99733377,1.0,1.09015e-11
2024-04-30,0.9999999,0.99999774,1.6946301e-10,2.790821e-13
2021-12-20,0.9999963,0.9999918,0.9999999,4.3770068e-13
2019-11-08,2.2440708e-13,4.9460083e-05,8.630401e-07,9.164169e-08
2023-11-01,1.60981e-15,2.532518e-16,7.459982e-13,1.0
2021-04-30,0.9999982,0.99999714,1.8355894e-13,9.568363e-07
2020-04-02,1.0,0.99923575,7.641452e-09,1.1822183e-05
2019-04-04,1.0,7.84597e-06,3.5911298e-12,1.0
2024-08-19,7.2244934e-13,8.4114424e-11,5.670702e-16,1.0
2024-06-15,1.5529482e-11,4.318507e-15,9.087458e-20,3.703686e-05
2021-12-08,0.99903584,0.51205164,0.9999821,8.432357e-15
2022-02-24,1.0,0.33771655,0.9999994,4.8282755e-07
2023-03-14,1.0,7.387125e-05,0.05890505,3.97318e-06
2021-07-09,6.9773486e-11,1.1043259e-12,3.5890502e-18,0.58676845
2023-01-05,0.8630247,4.336681e-12,0.9999709,5.9138444e-11
2022-05-31,0.9999993,0.99774975,1.460576e-13,3.910502e-09
2023-09-13,3.0334533e-14,0.027925856,2.2759774e-17,1.0
2022-04-01,1.0,4.0915605e-05,6.833907e-07,0.9999143
2023-06-10,0.47283658,0.0035128852,4.932014e-18,0.98389167
2023-07-29,8.475238e-17,0.00049496756,1.2280869e-19,1.0
2022-07-06,4.1376474e-16,1.7567388e-08,5.8218157e-22,1.0
2020-09-17,7.148962e-14,1.9573812e-16,3.702122e-23,1.0
2023-06-20,0.00016930337,8.662852e-08,5.45372e-20,1.0
2022-03-13,0.99910104,9.5564026e-08,0.011250659,0.7202103
2020-10-06,4.820027e-17,1.36208605e-11,1.1618818e-20,1.0
2023-12-10,0.059912276,0.9975539,1.0,3.2957953e-12
2019-11-17,7.793953e-08,1.5219604e-06,0.92272556,1.4504012e-10
2023-10-04,7.006009e-18,1.1269448e-12,2.950017e-13,1.0
2022-01-27,1.0,0.9999999,1.0,2.7147264e-12
2021-04-19,0.9999913,0.97637933,4.3335778e-13,0.99600357
2024-09-25,1.777381e-13,5.3485704e-17,8.399776e-21,1.0
2022-09-05,1.157431e-21,2.9142338e-11,2.8799474e-18,1.0
2024-11-15,7.90198e-07,6.26085e-05,0.00040144948,0.33670285
2023-08-19,1.23741984e-14,9.947567e-13,1.6433502e-18,1.0
2020-01-24,1.0,0.9999999,0.9999224,1.1267793e-12
2024-05-05,0.99999976,0.99996614,8.594795e-16,8.2733706e-13
2020-07-30,2.0976941e-08,1.4387169e-06,1.3082933e-13,1.0
2024-03-11,0.1794293,1.5808011e-11,1.9539979e-20,1.0
2021-12-22,0.999824,0.999977,0.9999999,9.5015e-15
2022-03-19,0.99976903,9.616045e-08,0.0839252,0.99992704
2022-02-05,1.0,0.9999944,1.0,8.363107e-13
2023-11-20,3.1125425e-13,8.696821e-07,1.2441252e-09,2.3686955e-06
2022-06-19,8.747141e-13,5.5034293e-12,1.7477786e-23,1.0
2020-10-19,1.1885439e-16,2.664402e-13,6.644647e-20,1.0
2024-06-24,8.846404e-09,1.8000431e-11,1.7805581e-23,0.28902197
2024-10-01,1.1474463e-15,2.4921517e-16,4.256253e-11,1.0
2022-07-26,1.9830615e-13,5.277699e-05,3.856684e-15,1.0
2024-01-29,1.0,0.9999927,1.0,1.6307795e-10
2022-01-15,1.0,1.0,1.0,3.331255e-13
2020-03-06,1.0,6.862558e-07,0.00012365288,1.2149812e-08
2020-10-13,4.920689e-15,1.0699739e-12,2.1676436e-13,0.9999976
2022-04-11,1.0,1.0,4.6562604e-06,9.52747e-11
2022-03-20,0.98206043,1.8798706e-11,0.39221928,0.05201007
2021-09-09,7.1543124e-13,2.2287487e-13,1.574205e-23,1.0
2021-11-30,0.9990877,0.00055923976,0.999997,2.1619742e-17
2023-08-22,5.3947626e-15,1.8666587e-06,6.911816e-13,1.0
2022-12-23,0.9940801,4.925092e-07,1.0,3.5126914e-14
2023-12-21,0.6487891,0.9988795,1.0,7.4144895e-13
2024-05-24,0.9999987,3.93307e-09,8.3174505e-13,5.608349e-06
2022-02-03,1.0,0.9999999,1.0,1.3591327e-11
2024-10-06,7.113305e-16,1.0604293e-15,8.468913e-15,1.0
2021-10-03,7.759021e-20,2.1914992e-19,7.651739e-19,1.0
2024-08-24,4.8033457e-12,1.3404178e-09,9.595745e-12,1.0
2020-08-29,1.5342914e-14,3.0976907e-12,1.6670001e-20,1.0
2023-12-13,0.9696834,0.99919695,1.0,5.6643914e-15
2024-02-29,0.0013927002,4.9159188e-17,3.545694e-11,0.9999989
2021-04-23,0.9999999,0.9999943,7.6429813e-13,4.2418924e-06
2024-09-17,3.144504e-12,2.757925e-07,6.785295e-13,1.0
2023-10-30,9.258256e-18,2.3896961e-15,8.2114645e-12,1.0
2019-10-15,6.954601e-15,1.808481e-15,1.5359516e-14,0.99999976
2022-12-29,0.99828786,7.510696e-09,0.9999999,1.966436e-13
2023-07-05,6.667055e-12,3.646485e-08,1.2991671e-21,1.0
2024-09-28,2.3834146e-11,1.6664428e-14,2.178461e-21,1.0
2024-12-20,0.65118724,0.9999212,1.0,9.9403845e-12
2021-04-08,0.9999938,0.00035827162,5.416004e-14,0.999995
2023-07-30,1.7076154e-17,6.095093e-06,1.7960248e-21,1.0
2021-05-11,1.0,0.9999993,5.8652467e-06,6.046157e-12
2022-11-13,1.6412558e-09,2.4499755e-07,4.525407e-06,5.0400904e-15
2024-10-24,9.1733024e-11,3.2420816e-16,4.3875943e-18,1.0
2019-11-16,2.4912528e-09,6.562142e-06,0.99986374,4.7700467e-13
2021-07-30,6.114041e-13,2.4780511e-19,8.566863e-26,1.0
2020-10-16,1.1895808e-19,1.7165063e-11,1.9875134e-18,0.99999976
2024-05-16,0.99996746,2.8193018e-08,5.010306e-13,2.1554927e-10
2021-06-26,3.3545558e-07,8.9464e-06,1.1973788e-13,0.0014725906
2021-01-21,1.0,2.9104582e-05,0.99999976,1.3725705e-10
2023-06-15,0.9663948,3.351078e-05,5.6047985e-19,0.99999964
2019-05-21,0.99999905,0.005366062,7.856578e-09,3.9333418e-06
2024-07-29,1.0054744e-10,1.4621979e-10,2.0850928e-23,1.0
2021-10-14,9.093753e-16,1.5038638e-14,1.5497026e-18,0.99994385
2021-04-06,0.9999999,1.786958e-08,9.819882e-14,0.99995816
2021-06-28,2.3566368e-05,0.0013426981,1.0787452e-14,0.07760308
2019-08-22,1.2730463e-12,2.915643e-13,5.991947e-23,1.0
2024-06-26,1.6543346e-15,7.8576204e-14,7.4258657e-25,0.99996066
2022-02-16,1.0,0.99992394,1.0,3.5384955e-09
2024-11-05,6.308464e-15,1.0741001e-12,2.3935515e-18,1.0
2022-04-07,1.0,0.705453,1.2697527e-07,2.919114e-05
2022-05-19,0.99999964,0.0027899262,1.4602135e-14,3.4152954e-06
2021-10-15,9.3071236e-18,1.9991418e-16,2.1399127e-15,0.9994956
2019-05-16,0.9998679,0.9605754,1.941922e-13,0.010707306
2024-01-17,0.9999968,0.99999976,1.0,3.2408624e-13
2020-01-26,1.0,0.999998,0.99938357,1.9758881e-09
2023-03-04,1.0,3.586229e-08,0.0069485544,4.471448e-06
2020-03-21,1.0,0.99999976,6.403115e-08,5.752927e-10
2022-02-01,1.0,0.9999999,1.0,1.6653933e-11
2021-02-04,0.9999999,5.9348797e-09,0.99998665,2.2450052e-08
2021-09-04,2.823544e-18,2.1858645e-18,2.6032513e-21,1.0
2022-08-01,3.2038217e-16,0.09429698,2.8713467e-11,0.9999999
2020-02-19,1.0,0.80200976,0.9936585,2.3912138e-08
2021-10-11,2.2228993e-16,2.3439377e-17,1.124741e-17,0.99999285
2020-04-03,1.0,0.9954491,9.8979346e-11,0.0038454032
2023-12-27,0.995059,0.9916978,0.99999976,1.7948046e-15
2020-03-04,1.0,3.69454e-07,0.17844486,5.518911e-09
2023-05-10,1.0,0.9999999,0.00039005594,1.6086362e-07
2020-12-23,0.9999348,0.042796757,1.0,5.187383e-14
2024-11-24,5.4281068e-06,0.9999751,0.99999344,7.266745e-12
2020-08-05,6.228503e-11,1.6436317e-07,1.1595148e-17,1.0
2023-09-19,1.7445532e-17,5.202725e-09,1.5325127e-11,1.0
2020-05-14,1.0,0.9999697,2.9334873e-13,1.6542284e-10
2020-10-08,4.2196696e-18,5.2964366e-11,1.781146e-19,1.0
2020-06-15,0.43173414,1.507791e-09,3.2760632e-21,7.6501163e-07
2021-10-04,6.738091e-21,4.7375066e-16,5.2023734e-18,0.9999999
2023-10-08,2.7494986e-20,1.2068292e-14,1.1656411e-14,1.0
2020-04-17,1.0,1.0,2.95418e-08,5.304089e-11
2023-10-17,4.3763328e-16,1.6051376e-15,4.6372387e-14,1.0
2024-06-25,2.4784728e-11,2.77564e-12,1.4681258e-24,0.40854776
2022-12-02,1.1141279e-05,1.2775926e-06,0.9999999,1.2452432e-13
2023-05-08,1.0,0.9999999,0.00019714855,2.6081648e-06
2019-06-12,3.6905354e-10,1.4349356e-08,3.159355e-22,0.9317942
2022-12-15,0.7934578,3.767645e-05,1.0,6.7707536e-16
2020-11-11,1.9292077e-09,3.1500745e-06,0.99206054,2.7624718e-09
2019-04-06,1.0,5.1298775e-05,6.776216e-13,0.9999995
2021-05-20,1.0,0.99997807,1.4608797e-05,6.898313e-10
2023-10-19,2.86578e-16,5.481826e-16,6.9430666e-16,1.0
2020-11-16,1.9092128e-10,1.0883566e-08,0.999861,1.6082446e-08
2023-11-03,3.2352941e-19,2.2092701e-14,2.0861061e-13,0.9999505
2024-03-31,1.0,0.99997497,1.0254451e-09,1.0874555e-09
2019-06-30,9.3083e-17,1.9355093e-06,2.6594352e-25,0.99999547
2022-08-04,1.5374905e-14,2.2112634e-05,2.3761895e-14,1.0
2024-05-20,0.962548,7.079799e-10,7.5954104e-11,2.9089126e-08
2022-06-18,3.7486203e-12,4.6725384e-11,3.152442e-24,1.0
2019-06-05,0.34488177,1.1793376e-08,3.6021495e-18,0.0003675873
2022-06-28,1.7299135e-14,1.5216237e-09,9.010813e-15,1.0
2023-04-23,1.0,1.0,2.7063382e-10,1.9407709e-09
2024-09-30,1.8790807e-12,5.458997e-16,4.749075e-21,1.0
2020-08-19,6.4830445e-15,1.4859673e-06,1.0056177e-11,1.0
2023-07-27,1.1483697e-16,0.000118215525,3.7007305e-20,1.0
2024-03-09,0.99942577,3.9474048e-15,1.7600024e-15,1.0
2023-07-26,2.3540223e-10,0.9294611,3.2568588e-15,1.0
2019-11-27,0.1780081,0.024405783,0.9999796,9.05491e-13
2020-04-29,1.0,0.99999905,5.8531437e-08,6.7431044e-10
2021-09-24,2.902935e-17,7.096331e-18,6.508587e-24,1.0
2020-10-28,3.3378184e-17,0.00014904895,4.8376397e-16,0.22692579
2023-03-06,0.9999999,1.578508e-07,0.035201095,1.4942557e-08
2024-03-08,0.99716276,3.5892167e-17,1.3103985e-17,1.0
2022-11-05,1.6914559e-10,1.5031286e-08,7.706457e-12,4.4001354e-09
2020-12-10,0.98062336,0.0021843703,1.0,1.6998947e-13
2024-10-16,3.9024373e-14,5.9127696e-16,5.5819667e-12,1.0
2021-04-18,0.99999905,0.9999021,2.3883692e-12,0.9439223
2020-08-21,1.2291626e-15,9.259023e-07,6.939847e-13,1.0
2024-06-18,2.3971949e-09,2.9878743e-12,2.6511147e-21,0.0005333613
2024-06-02,0.208225,5.8580143e-05,2.7541576e-14,1.9294552e-08
2022-01-05,0.99999297,0.9999999,0.9999999,1.789887e-13
2022-04-13,1.0,1.0,5.1511915e-09,5.821815e-11
2023-11-30,1.8052201e-12,0.055656593,0.9994815,9.531304e-11
2023-12-20,0.9980044,0.99991226,1.0,1.2100428e-13
2021-10-30,1.6903044e-14,2.1126326e-14,3.770708e-15,0.10555921
2023-05-02,1.0,0.9999999,2.3590543e-08,9.151553e-09
2021-12-04,0.43293458,0.86020595,0.9999999,2.348387e-16
2021-02-11,1.0,4.3418477e-11,0.9999994,1.8441355e-08
2021-07-01,5.612151e-05,2.0599246e-05,5.6675738e-21,0.03545584
2021-10-12,9.587076e-19,5.825099e-16,3.4298882e-17,0.99996126
2024-02-26,0.024231905,3.766492e-17,4.602907e-14,1.0
2023-07-03,5.788923e-13,2.3943995e-08,2.3178139e-25,1.0
2020-10-14,2.2137359e-15,4.933793e-10,3.21131e-16,0.97029525
2023-12-26,0.99979883,0.9999691,1.0,6.4499403e-15
2019-09-14,4.5941864e-15,4.979844e-18,2.8251342e-21,1.0
2019-04-13,1.0,0.9931553,2.1886708e-08,0.12738037
2020-09-11,2.1045177e-13,2.6885743e-20,4.218059e-26,1.0
2024-12-06,0.098091386,0.99886227,1.0,3.1156433e-13
2024-09-14,1.3921058e-16,1.2689856e-06,1.7830781e-10,1.0
2020-10-18,2.3419358e-17,7.7578265e-15,1.13942e-16,0.9999993
2022-01-30,1.0,0.99999976,1.0,5.6463107e-12
2024-12-28,0.9993487,0.9999776,1.0,2.4174952e-12
2021-07-06,1.2405961e-10,6.2416863e-09,1.2161773e-16,0.09653132
2021-11-08,9.793728e-15,2.72691e-13,1.608739e-11,1.859124e-08
2024-08-17,2.8339525e-10,7.0396524e-08,3.6873975e-21,1.0
2022-11-29,4.500913e-05,2.3415133e-08,0.7745912,1.4922598e-11
2021-05-28,0.9999999,6.436839e-06,0.00046086303,5.7751984e-11
2024-02-23,0.05513114,3.620629e-15,6.472123e-15,1.0
2023-02-23,0.9999999,0.011360295,1.9292127e-06,6.320183e-11
2021-06-08,0.9999821,2.1093203e-05,0.00022112187,9.640308e-15
2019-08-15,7.414127e-12,4.8908277e-09,2.4755392e-18,1.0
2023-06-16,0.018577697,2.770082e-07,1.0057508e-21,1.0
2019-06-01,1.2995251e-05,9.066889e-09,9.3555614e-27,0.99999213
2021-08-31,1.4130409e-17,5.6810454e-18,1.0744713e-19,1.0
2024-12-29,0.9953129,0.99999726,1.0,1.1270717e-12
2023-08-24,1.800357e-17,3.6685485e-06,6.5993776e-13,1.0
2019-06-25,2.0639553e-12,8.3008067e-10,2.084073e-25,0.99863297
2024-11-20,2.8262855e-07,0.8788771,0.9270981,5.9138873e-08
2020-07-15,4.906763e-11,5.5689043e-06,2.7504234e-19,1.0
2019-10-18,4.40675e-18,3.1246321e-15,2.7489512e-14,0.999808
2023-04-04,1.0,0.031734783,6.1962174e-10,0.9878813
2022-09-09,3.5826746e-19,7.199756e-14,8.2971966e-14,1.0
2023-05-04,1.0,0.99997246,1.2121964e-05,1.9735014e-08
2023-06-28,1.0175182e-07,1.5639027e-05,1.0197144e-17,1.0
2022-01-01,0.9999964,1.0,0.9981383,1.0947977e-13
2024-05-07,1.0,0.9940685,1.8824902e-14,4.041175e-12
2020-05-29,0.99997425,0.0032395183,2.3932632e-15,2.7374676e-06
2019-11-07,4.2369466e-13,2.1522541e-07,8.1842355e-10,2.838453e-10
2023-11-27,7.149358e-10,0.8581488,0.6436345,1.4113274e-10
2020-06-24,7.82723e-13,6.2820695e-12,3.1896782e-22,0.07253745
2019-08-31,6.959117e-10,4.5011356e-15,8.17388e-24,1.0
2023-07-21,6.342266e-16,0.0058739083,3.4829373e-21,1.0
2024-07-31,1.50374e-11,1.2476115e-06,7.2581583e-19,1.0
2020-02-02,1.0,0.9999838,0.99997187,6.6933986e-10
2020-11-18,2.686325e-12,1.0081903e-09,0.009668207,7.2302837e-06
2024-12-15,0.46717462,0.99999166,1.0,9.106733e-13
2020-04-01,1.0,0.2365579,2.0191447e-07,0.013968236
2022-03-23,0.9999999,8.352522e-09,1.729074e-12,0.99999917
2021-06-23,0.00011130336,0.00015404841,2.6424468e-17,0.1662628
2023-08-07,6.2420745e-18,4.0824927e-11,1.1176004e-21,1.0
2020-07-20,4.8460644e-15,1.0181239e-07,6.3313125e-17,1.0
2021-03-18,1.0,7.584889e-10,0.9858354,0.0006130318
2021-05-30,0.99999166,9.837777e-08,2.470904e-06,2.238984e-12
2024-06-07,0.9872535,1.004594e-07,9.8910724e-17,1.1617161e-08
2021-08-08,4.9200444e-14,7.278565e-19,1.18341395e-23,1.0
2020-06-08,0.9999913,0.84935087,2.9359995e-10,1.3205454e-13
2022-06-15,3.741439e-06,8.0633916e-10,5.6659897e-23,0.99999774
2020-02-13,1.0,0.9998474,0.9991416,9.577858e-09
2023-01-19,1.0,3.2184103e-06,0.83808315,6.6653504e-16
2020-06-10,0.9999174,0.014565677,5.4474033e-11,9.693827e-09
2024-06-22,9.84091e-12,1.5880842e-11,1.9901992e-18,0.02170903
2024-05-25,0.9999472,4.6818063e-06,2.6080928e-13,2.5734879e-09
2021-11-01,3.2827844e-19,6.67538e-11,2.9535499e-15,0.0013958074
2021-08-30,5.8056636e-13,1.1368107e-16,6.6071155e-19,1.0
2024-08-14,3.4922895e-10,6.085622e-07,2.5884994e-19,1.0
2024-03-07,0.0026015542,1.3856205e-13,5.5830626e-16,0.9999999
2024-04-10,1.0,1.0,2.6423712e-07,3.048264e-12
2022-08-17,7.9057685e-15,4.2990035e-08,1.2585164e-17,1.0
2021-03-27,1.0,2.4611314e-08,5.4920843e-08,0.998781
2024-10-10,4.8200113e-16,2.3378298e-17,1.0092984e-13,1.0
2021-11-13,1.4593217e-11,6.0345495e-10,1.4021879e-11,2.178469e-10
2021-08-18,1.746178e-13,4.2989194e-09,1.4670387e-18,0.9398848
2023-08-12,3.9472935e-18,3.9849505e-14,4.3739513e-21,1.0
2024-09-05,5.816412e-14,1.532758e-07,3.867415e-12,1.0
2019-04-14,1.0,0.79868007,1.5838643e-11,0.8937226
2019-05-23,0.98899746,0.000684636,3.8702297e-14,0.0032139614
2023-10-10,4.1890915e-22,3.9049245e-14,1.0781605e-15,1.0
2020-11-04,1.9924478e-14,0.07203669,2.4759454e-05,0.00035677332
2023-03-28,1.0,1.2713986e-06,0.00017637122,0.034343883
2021-02-22,1.0,5.622872e-07,0.9999993,1.6679183e-10
2024-09-29,8.281508e-15,1.1520869e-11,1.26397535e-20,1.0
2024-05-18,0.9999832,6.237119e-08,1.0929222e-09,1.8884928e-10
2020-05-31,0.43315893,0.0001638817,1.5335254e-17,0.5578227
2023-05-27,0.71647596,0.99499726,2.9160154e-07,4.5300344e-10
2024-12-04,0.0003932958,0.9999896,1.0,1.3751084e-12
2024-07-23,9.387611e-12,8.640626e-15,8.273604e-25,1.0
2021-12-05,0.998312,0.37809393,0.999997,1.6244788e-16
2022-08-23,2.5544065e-16,1.847377e-09,6.419643e-17,1.0
2020-01-04,1.0,1.0,0.99998343,1.949977e-12
2019-07-17,3.423672e-21,1.363965e-08,9.7034945e-18,0.99999964
2024-05-11,0.9998958,8.159508e-05,1.3874004e-13,2.98109e-15
2023-08-10,5.2815586e-18,2.1292369e-12,6.307128e-19,1.0
2024-05-09,0.99999976,0.970385,8.925281e-09,7.59508e-14
2019-11-18,2.2168916e-08,0.102720074,0.99979943,4.4579885e-11
2022-05-12,1.0,0.9958406,7.154131e-14,3.6486386e-10
2019-11-05,3.833611e-15,7.7336915e-10,1.9972357e-09,2.1604496e-09
2024-05-21,0.9966773,1.860135e-08,1.8046779e-14,0.00010681634
2024-11-08,1.413029e-07,8.983386e-12,7.9387424e-14,1.0
2021-03-06,1.0,3.0314265e-08,0.9893462,9.6573e-10
2019-09-28,1.0818326e-20,2.5350588e-13,2.5709893e-14,0.9999989
2024-11-18,1.1093848e-07,0.05894878,0.9785003,6.23028e-09
2023-11-22,2.6350014e-11,0.006050375,9.744688e-07,5.0089115e-09
2021-05-17,1.0,0.9993593,0.0072995117,6.316508e-11
2022-01-10,1.0,0.99991345,1.0,5.1534905e-13
2020-12-16,0.999948,0.07287153,1.0,9.5051024e-12
2021-03-03,1.0,5.045927e-07,0.99338865,3.0933075e-05
2021-05-22,1.0,0.9052119,7.221357e-08,1.4233404e-11
2022-03-02,0.9999987,2.6153777e-05,0.99999464,0.0010997133
2019-10-07,1.9820997e-18,3.0139387e-13,9.628293e-07,0.8379815
2019-06-28,4.5333545e-13,5.022203e-11,1.1232259e-27,1.0
2020-10-26,1.0205755e-15,2.2453147e-11,6.929856e-18,0.985408
2020-07-26,7.5262646e-10,3.7016114e-06,1.8795627e-14,1.0
2020-02-17,1.0,0.99992776,0.99989223,1.0327644e-09
2021-02-10,0.99999297,1.4860864e-09,1.0,8.163033e-10
2021-12-24,1.0,0.9998802,0.99999475,1.4924253e-14
2023-06-13,3.3978079e-06,2.3546723e-07,2.0704546e-22,1.0
2020-07-10,3.1432329e-12,7.759584e-07,1.6426895e-21,1.0
2023-05-09,1.0,0.99999845,0.012315307,3.4054718e-08
2024-05-02,1.0,0.9999889,6.334044e-09,1.5942365e-14
2023-04-15,0.99999976,0.99999964,5.123021e-13,1.1339825e-05
2019-09-15,1.617013e-20,2.6514768e-15,1.8676088e-18,1.0
2020-02-15,1.0,0.99917966,0.9954933,2.8344375e-11
2022-09-28,1.6883304e-20,1.0884119e-17,1.6959534e-13,1.0
2024-01-27,1.0,0.99287134,1.0,7.134438e-11
2022-08-13,2.5542594e-13,9.113354e-06,1.0041427e-17,1.0
2023-10-15,4.611409e-16,3.29228e-14,1.1346807e-13,1.0
2019-07-05,2.190223e-13,1.3104318e-05,1.2658366e-22,0.9999999
2022-07-17,2.8263167e-12,4.198752e-12,1.0948366e-18,1.0
2019-05-09,1.0,0.99999964,7.276107e-08,1.4967737e-09
2024-10-09,1.23780035e-17,5.530177e-16,1.4232139e-13,1.0
2024-07-25,2.8138687e-13,4.687981e-15,3.528736e-24,1.0
2021-05-09,1.0,0.9999999,1.3346446e-09,9.459994e-12
2021-01-23,1.0,9.574246e-08,0.9999999,1.2308415e-09
2021-03-22,1.0,4.156575e-09,0.00056964264,0.03624097
2023-10-23,8.2550954e-18,3.5786777e-16,1.371635e-12,1.0
2023-10-14,1.11634405e-20,1.4992185e-14,5.4529075e-13,1.0
2022-01-28,1.0,0.99999833,1.0,6.192977e-11
2020-03-15,1.0,0.9997243,7.8210167e-07,5.68169e-09
2020-02-11,1.0,0.99998236,0.99989426,3.5388834e-11
2024-01-25,0.99999523,0.99997866,1.0,7.517334e-12
2024-12-18,0.98094887,0.99997675,1.0,7.2334655e-14
2020-06-05,0.99993086,0.70337796,1.0247317e-12,7.330426e-10
2021-03-01,1.0,8.323706e-07,0.9999945,6.403112e-09
2024-02-28,0.00016470195,9.686666e-18,6.9124746e-13,0.9999999
2020-01-05,0.9999999,0.9999999,0.9999995,4.6618867e-13
2023-06-19,0.00034309647,1.3035422e-07,2.891648e-19,0.99999976
2023-06-12,1.1521499e-06,2.2060774e-05,2.7825082e-24,1.0
2019-09-02,1.39160025e-14,1.2025497e-12,1.6342534e-19,1.0
2023-01-22,1.0,5.7595752e-08,0.019592054,8.782488e-12
2022-07-23,4.1401604e-11,1.2121652e-05,6.8231116e-21,1.0
2021-07-29,1.6269904e-16,1.0516783e-17,6.6131507e-24,1.0
2022-11-17,2.4718346e-07,4.2521657e-05,0.002211036,4.6488734e-15
2020-06-27,4.8631692e-14,2.7298684e-06,2.2037227e-18,0.25568035
2023-11-14,9.977851e-18,1.016065e-12,9.479078e-10,0.22026612
2023-05-18,0.9999999,0.9999975,9.739664e-08,4.153488e-11
2021-07-07,1.2526375e-09,3.851761e-10,1.5470706e-15,0.3654434
2020-08-11,7.0834765e-09,1.3290637e-05,7.2862273e-13,1.0
2024-01-31,1.0,0.7072712,1.0,5.0223528e-09
2024-02-04,1.0,0.8366982,0.9999275,8.349723e-05
2021-11-22,4.7986454e-05,1.8275125e-06,0.9940818,4.036312e-17
2024-05-04,0.9999988,0.9999398,1.2543535e-14,6.3921438e-12
2020-07-06,2.0132302e-13,2.888128e-10,5.583435e-20,0.99999976
2024-12-11,0.99890494,0.99999857,1.0,1.9257813e-13
2020-12-24,0.99999917,0.5226476,0.9999999,6.4381265e-12
2024-03-15,1.0,0.0013853004,1.3935593e-12,0.00068700477
2023-10-18,8.731664e-19,3.9611747e-16,1.1998158e-13,1.0
2023-06-21,4.359613e-07,2.1307693e-07,9.169809e-21,0.9999999
2019-11-10,6.2782575e-13,3.36811e-05,0.0065979864,9.816231e-10
2021-05-16,1.0,0.9999989,3.032766e-07,3.4907411e-12
2022-08-09,3.241043e-12,1.1468011e-07,1.00119e-17,1.0
2020-04-06,1.0,0.0016188836,3.7064457e-16,0.9999869
2024-08-08,0.0011389918,1.5448313e-06,3.9641827e-16,1.0
2023-03-02,1.0,1.4339835e-08,0.014213182,1.7076044e-07
2021-11-29,0.9994037,0.099626824,0.999997,4.2063623e-18
2021-04-22,1.0,0.9999994,1.0322697e-10,9.364641e-10
2020-12-14,0.9931331,0.5887076,1.0,1.390459e-11
2020-02-05,1.0,0.99980575,0.99999535,2.5817953e-10
2022-06-17,2.24755e-12,4.5228918e-11,1.4261408e-24,0.99999964
2021-04-24,1.0,0.9999732,8.959204e-13,1.5231599e-06
2023-10-05,2.898854e-23,4.0561907e-14,1.02333505e-16,1.0
2019-12-25,1.0,0.9999995,0.9998846,4.1353522e-12
2021-12-26,0.9999951,0.9999987,0.99999964,3.1847168e-15
2024-10-27,4.9382648e-14,2.7588404e-19,6.2942e-18,1.0
2023-03-20,1.0,0.020162653,5.79301e-09,0.00096332806
2020-07-04,5.6783003e-12,7.566228e-08,3.973484e-21,0.99999917
2021-11-19,7.001341e-06,5.8820956e-07,0.9519587,1.4422485e-15
2021-09-03,5.5206262e-17,3.8321122e-19,5.2459467e-22,1.0
2019-07-29,2.1010944e-15,1.7585679e-05,7.5532026e-17,1.0
2024-09-08,1.5105685e-13,1.8263988e-08,2.4309381e-11,1.0
2023-10-28,9.10259e-19,1.5451302e-15,1.2157558e-15,1.0
2022-12-09,0.0071064746,3.4176908e-06,1.0,3.2862792e-12
2023-04-12,1.0,0.9820957,1.5196696e-12,3.1525104e-07
2021-12-02,0.9022004,0.322156,0.9999808,5.7401054e-17
2024-11-06,1.0379012e-12,1.1770699e-12,1.8249591e-17,1.0
2021-01-18,1.0,7.0129945e-06,1.0,6.089177e-11
2024-03-02,0.86419696,1.2817108e-15,3.7926646e-15,1.0
2022-12-17,0.97990817,2.77301e-08,1.0,1.1012474e-14
2021-09-14,4.2829205e-16,1.1481327e-13,1.0146824e-23,1.0
2020-12-05,0.113665454,0.02534906,1.0,2.781914e-13
2021-03-19,1.0,4.9965454e-09,0.6398978,0.0055278596
2020-11-06,2.4522983e-12,5.944701e-05,0.29199618,3.0527733e-08
2019-10-11,1.4494557e-17,3.6079158e-12,7.391446e-09,0.99436647
2021-09-06,1.4687704e-12,7.7513446e-16,2.3362816e-22,1.0
2024-01-26,1.0,0.99993074,1.0,5.5627187e-12
2023-09-09,1.7959846e-20,2.4954186e-05,3.4220323e-18,1.0
2020-06-19,1.9221043e-05,9.316476e-12,6.922579e-21,6.042755e-06
2019-12-23,1.0,0.9999995,0.9999646,1.9819385e-13
2022-01-06,1.0,0.9999999,1.0,1.3866768e-11
2020-08-20,9.952662e-15,1.0689764e-06,7.0426216e-15,1.0
2021-07-20,1.27816445e-17,1.295518e-16,2.1572942e-25,1.0
2019-06-26,1.7596735e-15,1.7600178e-09,1.2284995e-26,0.99999654
2020-11-03,2.2090015e-13,5.9044646e-07,4.1847134e-08,7.29969e-05
2024-09-13,3.7691408e-15,1.2804766e-05,1.9006316e-13,1.0
2023-12-18,0.50115347,0.99770904,1.0,1.7108426e-14
2021-10-10,2.1876518e-16,5.230037e-16,1.4502681e-18,0.99994063
2023-10-29,1.9607741e-16,2.4228484e-17,5.6283565e-15,1.0
2024-12-19,0.3949546,0.99952507,1.0,7.464794e-13
2024-02-05,0.9999999,0.0070919674,0.99999976,4.1759986e-07
2023-11-19,6.519501e-15,1.5501925e-08,9.808752e-06,0.00046344503
2023-05-16,1.0,0.99688125,8.544906e-09,7.222451e-10
2022-05-16,1.0,0.103394285,2.4711664e-14,1.1961627e-12
2020-08-16,1.5269243e-16,1.1084817e-07,9.377396e-19,1.0
2021-02-13,0.9999981,7.783253e-13,0.9999999,5.410238e-08
2024-03-18,1.0,0.0043629063,8.2640925e-14,0.000917417
2023-05-17,1.0,0.9999912,9.308231e-09,5.0785426e-12
2019-09-10,2.492331e-17,4.284396e-10,5.464656e-19,1.0
2023-06-29,9.044797e-07,3.8835296e-08,1.7603883e-19,1.0
2024-01-03,0.99999976,0.99999964,1.0,1.0528235e-11
2022-09-23,2.0834833e-19,2.6046431e-20,2.416814e-15,1.0
2020-08-01,7.7404494e-10,8.1391366e-10,5.2290404e-16,1.0
2019-10-03,8.826168e-19,2.3846045e-16,1.7837899e-13,0.9999826
2020-05-24,1.0,0.9960575,7.023156e-12,9.76627e-11
2023-08-16,9.854836e-18,1.8915895e-10,1.1551505e-21,1.0
2020-07-19,2.1866403e-14,4.9932275e-10,8.0331414e-16,1.0
2019-06-03,0.0023394746,6.772101e-11,4.266955e-16,0.0015943167
2023-01-18,0.99999666,2.8218523e-07,0.96209055,3.6727004e-13
2019-11-30,0.9999999,0.99995327,0.99794453,2.6484849e-11
2020-11-07,4.5190138e-10,1.4894517e-06,0.0023070495,1.6367603e-09
2020-06-01,0.99202627,2.7427802e-06,2.8128473e-18,0.65210253
2019-07-15,5.4869256e-18,5.2775874e-08,2.6164e-23,0.99999964
2022-06-24,6.281848e-14,2.7827961e-12,1.262716e-15,1.0
2022-02-22,1.0,0.07777199,1.0,1.990253e-06
2019-09-26,1.5266815e-21,2.2196302e-11,1.7670256e-15,0.9994561
2022-12-06,4.1751133e-05,4.1112553e-08,0.9999851,7.588163e-13
2022-12-18,0.9354447,5.2595393e-08,1.0,1.0619991e-13
2022-11-08,3.7714134e-11,2.0058522e-09,5.663817e-12,8.978959e-10
2020-01-02,1.0,0.9999999,0.99942267,2.020208e-13
2019-12-16,0.9999995,0.99999845,0.99992716,2.22579e-11
2024-05-19,0.99999845,1.5133178e-08,2.989137e-10,4.613218e-10
2020-05-23,1.0,0.99978,1.7801208e-11,1.6626473e-08
2019-09-03,3.3104148e-14,6.5176606e-15,8.556152e-26,1.0
2021-02-09,0.9999902,1.0324385e-07,1.0,1.01573626e-07
2024-12-30,0.99993205,0.9999993,1.0,6.627991e-12
2020-05-04,1.0,0.9999999,1.3159801e-08,4.8700614e-12
2022-07-25,2.535263e-12,0.013227327,2.4748607e-17,1.0
2024-05-17,1.0,2.242646e-09,1.3691115e-10,2.010711e-11
2019-11-15,6.597944e-09,0.0002785547,0.002704797,1.3323998e-11
2019-12-31,1.0,1.0,0.9999734,1.4212345e-12
2019-11-03,4.100394e-15,5.552611e-10,1.2740314e-10,5.5048766e-09
2023-12-23,0.47949228,0.9999989,0.9999999,9.7631064e-14
2020-07-13,3.1318012e-13,3.2663631e-06,1.414723e-18,1.0
2022-03-04,0.9999999,2.8717617e-08,0.9999995,0.002207603
2023-03-26,1.0,2.7102883e-06,1.3089793e-10,0.9391619
2021-05-01,1.0,0.9999999,9.815407e-10,6.347719e-10
2024-06-28,4.682119e-15,8.6188305e-12,2.3395958e-25,0.99998915
2024-08-22,1.393502e-14,1.2544206e-10,7.187305e-16,1.0
2020-05-02,1.0,0.9999999,1.6584476e-08,2.9041514e-11
2021-03-07,1.0,1.7735508e-06,0.9990551,1.1600397e-06
2022-05-23,0.9999753,0.00013505947,1.661821e-18,4.1106796e-07
2020-02-16,1.0,0.9957995,0.28620744,2.1497253e-09
2022-06-25,2.2513407e-14,5.00125e-11,5.014782e-20,1.0
2024-11-07,2.6683151e-06,4.8324046e-11,4.3755044e-13,1.0
2020-12-28,1.0,0.80348295,1.0,1.6596657e-12
2022-09-19,2.3500569e-21,4.9805923e-15,2.9728565e-15,1.0
2022-12-13,0.99904937,0.0074036308,1.0,4.0434973e-15
2019-08-17,9.21313e-13,8.4195735e-09,2.570523e-18,0.99999976
2023-07-16,6.433792e-16,3.2620747e-07,2.8828243e-20,1.0
2024-10-29,1.0067404e-15,1.4959564e-14,1.334095e-16,1.0
2021-03-23,1.0,1.5231221e-09,6.9877575e-09,0.98359126
2021-05-18,1.0,0.9998374,0.0015705454,6.759574e-10
2019-04-18,1.0,0.99999905,7.422067e-11,7.784961e-09
2021-11-25,0.026055869,0.02280183,0.75256366,4.1301746e-15
2020-01-23,1.0,1.0,0.9981463,9.191266e-12
2019-05-22,0.9999999,0.053756457,4.1459555e-07,1.0276412e-05
2022-01-09,1.0,1.0,0.9999999,2.5422156e-13
2020-09-13,2.0675735e-11,2.6911862e-16,1.6690975e-23,1.0
2021-06-12,0.003923118,1.3991358e-09,1.479418e-12,0.0010449572
2023-11-23,6.0643816e-12,1.4770886e-06,2.7369683e-08,1.2986438e-06
2023-06-22,8.948531e-09,1.3799475e-09,6.389332e-22,1.0
2021-10-08,1.0586867e-16,4.195771e-17,1.2614676e-17,0.9962173
2020-03-22,1.0,0.9999144,0.99676466,5.81573e-12
2019-10-25,7.069767e-19,6.409143e-14,1.2752401e-13,0.018255081
2020-03-05,1.0,7.509839e-08,0.63799894,4.0170296e-08
2022-01-14,1.0,1.0,1.0,1.5145643e-13
2024-08-09,1.0016323e-07,1.0787427e-07,1.4440527e-17,1.0
2020-05-21,0.99973315,0.99033606,5.865858e-17,4.801743e-07
2020-03-27,1.0,0.9996772,3.7932827e-07,0.0016840461
2024-11-23,1.773996e-11,0.99997306,0.9952691,3.3166342e-10
2022-01-16,0.999997,1.0,1.0,1.661787e-13
2024-05-27,2.3064153e-05,7.561898e-07,3.257356e-15,2.9256971e-06
2019-10-20,2.0618598e-18,6.31952e-11,3.5542604e-14,0.8752521
2020-08-24,4.0810293e-11,0.004204581,1.4901506e-13,1.0
2019-12-20,0.9999999,1.0,0.99989283,3.53847e-12
2019-04-10,1.0,0.30561274,3.678928e-12,0.9999795
2023-09-08,1.8777663e-19,3.0983758e-06,5.6889796e-19,1.0
2022-07-31,3.9125756e-13,0.23370023,1.3371687e-14,1.0
2019-07-07,1.0431287e-12,0.05068389,6.3200404e-18,0.9999949
2023-09-26,2.3152496e-19,9.640409e-17,1.5885395e-21,1.0
2024-01-20,0.9999882,0.9999956,1.0,7.0294946e-12
2021-11-12,1.9917137e-11,4.084131e-10,8.522686e-06,2.2144784e-12
2024-03-21,1.0,0.068414,1.2962925e-11,8.371297e-05
2024-03-20,1.0,0.053586822,4.711905e-12,6.2971014e-07
2020-03-25,1.0,0.9998976,0.0080559375,2.5515734e-08
2023-10-24,1.0391043e-18,9.9674805e-15,3.2479557e-12,0.99999547
2024-11-01,2.2359957e-13,3.7005226e-14,1.6489766e-18,1.0
2024-10-20,2.9264431e-15,2.798187e-17,2.796515e-22,1.0
2020-11-01,5.497635e-17,3.27162e-08,5.7380394e-12,0.800866
2019-06-16,2.1515072e-07,7.211953e-09,5.223724e-21,0.996781
2020-11-26,8.9163684e-08,7.133168e-06,0.99999976,4.2650597e-12
2022-08-03,2.073077e-16,1.3384252e-05,4.264856e-16,1.0
2021-01-13,1.0,5.555919e-05,0.9999999,5.3851822e-11
2019-11-01,1.431826e-17,1.5381624e-10,2.671525e-10,2.1466207e-05
2019-08-21,2.40086e-13,2.1039098e-11,6.835579e-24,1.0
2019-08-30,5.810095e-13,7.4040946e-15,1.633291e-22,1.0
2020-03-14,1.0,0.99854434,0.00048456612,2.7710271e-12
2022-08-08,1.4558678e-16,1.1116809e-11,3.8684508e-18,1.0
2022-07-10,2.7412182e-14,3.6182685e-11,6.619511e-24,1.0
2021-04-05,0.99998784,0.002530803,5.683379e-13,1.0
2021-08-19,3.205212e-14,0.00044304866,1.3940523e-14,2.4354877e-05
2024-01-30,1.0,0.99942136,1.0,1.7115673e-10
2023-05-20,1.0,0.99943036,3.0071128e-12,1.0013224e-08
2021-03-15,1.0,1.9096808e-08,0.999356,0.0013957197
2024-01-01,0.9999802,0.99999917,1.0,2.3165033e-12
2024-01-04,0.9997243,0.95438164,1.0,1.8441635e-12
2020-08-10,4.6655027e-11,2.2311453e-07,1.55188e-10,1.0
2021-03-29,1.0,4.714117e-08,6.3843486e-11,1.0
2024-11-30,0.033724617,0.99995935,0.9999994,2.3690565e-11
2020-03-09,1.0,9.2246506e-07,0.00094542175,4.456822e-08
2024-06-01,0.012369889,0.5236768,3.3317217e-19,1.6816301e-08
2022-12-03,3.6668833e-05,2.2789802e-05,0.9999554,1.7591016e-13
2020-05-11,1.0,0.99997497,1.06037895e-11,1.6606776e-10
2023-07-12,1.2294683e-10,0.0015595017,3.4605624e-17,1.0
2024-09-26,1.6627432e-11,1.3909593e-16,4.1822642e-19,1.0
2022-04-25,1.0,1.0,7.0204266e-11,6.094929e-11
2019-05-18,1.0,0.96226627,5.0428247e-07,0.00024806234
2021-07-25,1.1315578e-13,1.6313944e-19,9.600331e-25,1.0
2024-07-13,1.5991479e-15,1.2440679e-17,3.6770152e-22,1.0
2021-07-31,1.1065784e-11,1.4375992e-18,4.567803e-21,1.0
2020-10-04,6.335737e-16,6.7098244e-10,1.29235145e-20,1.0
2024-05-28,0.9999924,2.2935576e-05,3.8992347e-12,2.952076e-10
2024-04-08,1.0,1.0,5.742786e-07,5.027914e-12
2024-11-22,5.4495736e-08,0.9943955,0.953178,7.1398087e-09
2023-12-25,0.90570116,0.99981576,0.99999297,1.0039398e-13
2020-08-27,1.5417956e-14,1.267435e-12,3.3092653e-18,1.0
2020-04-24,1.0,1.0,4.6267805e-06,1.164659e-10
2021-04-26,0.9999999,0.99984527,1.364428e-12,1.6256112e-06
2020-05-30,0.9954033,0.003747405,5.3927748e-12,2.228767e-08
2020-09-19,1.196145e-15,4.221891e-18,2.5214438e-22,1.0
2023-04-05,1.0,0.16690256,2.073445e-12,0.998862
2022-06-03,0.9999182,0.6324385,5.1415366e-15,2.3964004e-12
2024-09-06,1.6944368e-13,6.9859785e-11,3.1366747e-12,1.0
2023-06-11,0.0043011964,0.9804059,1.0710098e-18,0.9999361
2022-09-26,5.1365222e-21,1.9492212e-17,1.7766769e-16,1.0
2024-08-31,1.0275599e-12,2.2408643e-05,6.754859e-17,1.0
2021-08-01,4.1455965e-15,4.3076718e-19,3.1005195e-21,1.0
2019-09-21,9.747798e-17,4.9709835e-13,3.7631096e-21,1.0
2020-09-23,1.0932648e-15,9.049563e-12,5.1636334e-21,1.0
2022-12-19,0.99999,2.9472989e-05,0.9999994,7.419115e-13
2021-06-03,0.84606206,1.578515e-05,1.1409321e-11,6.540809e-12
2022-11-04,5.274579e-15,5.503729e-10,5.3263444e-14,8.986108e-09
2024-03-16,1.0,2.7641129e-06,3.924708e-12,0.017502503
2021-10-16,2.7198216e-19,4.65741e-12,4.3670956e-15,0.99999833
2022-08-10,5.1901516e-15,7.9718586e-07,9.518032e-17,1.0
2022-02-13,1.0,0.9999691,1.0,3.1503544e-10
2022-05-09,1.0,0.9296539,4.963016e-13,6.281112e-08
2023-11-07,8.53529e-18,2.7796566e-15,1.1742979e-09,1.0
2020-07-25,2.0550092e-06,8.3618186e-05,1.968694e-18,1.0
2024-10-12,6.3289527e-15,9.268655e-16,3.9745178e-12,1.0
2023-11-06,3.745814e-18,7.3530046e-16,6.537136e-14,0.9999988
2022-11-24,2.3634865e-07,9.5532684e-08,0.99945563,5.698475e-14
2023-10-02,2.6651382e-21,7.326403e-13,2.2698463e-18,1.0
2023-02-22,0.99999964,0.019791264,0.000510636,3.394287e-11
2024-12-07,0.00015349564,0.9997702,1.0,4.3844268e-13
2019-04-19,1.0,0.99999964,5.90366e-10,1.3961002e-08
2021-08-13,1.04348336e-11,2.3976367e-14,1.2756467e-24,1.0
2020-07-17,1.3062126e-15,1.828273e-09,8.199647e-16,1.0
2020-01-31,1.0,0.99997616,0.7148052,5.9455552e-12
2023-03-08,1.0,3.0261635e-06,0.15762615,2.7286339e-08
2023-08-21,2.87112e-16,4.1515543e-07,1.4679854e-17,1.0
2022-06-22,7.1596154e-15,2.2842691e-11,2.0968932e-20,1.0
2021-05-03,1.0,1.0,1.0533207e-05,5.192724e-12
2024-12-03,0.00014428188,0.99966514,1.0,8.59347e-12
2024-01-14,0.999998,0.99999917,1.0,2.5388188e-13
2023-04-24,1.0,0.9999969,1.7710186e-10,3.7419065e-07
2022-09-10,3.275301e-21,2.1347917e-12,3.4365594e-14,1.0
2021-11-24,0.00030414492,0.0006745456,0.99990916,2.8057233e-16
2021-02-25,1.0,2.5736274e-06,0.99999034,1.4175615e-11
2023-05-01,1.0,0.99999857,1.6853219e-09,1.5216411e-09
2023-03-27,1.0,3.163811e-07,4.7043227e-06,0.09479515
2021-03-20,1.0,6.2919295e-11,0.8472091,0.00022320684
2021-12-27,0.9999994,1.0,0.9999999,2.0067195e-14
2021-11-11,1.0513987e-15,1.6201656e-12,2.2224278e-13,1.5754205e-07
2022-12-20,0.7645704,8.2032975e-06,1.0,4.686716e-13
2023-03-03,1.0,2.578581e-05,0.0035057385,3.2488405e-09
2021-06-04,0.99862146,9.309921e-08,3.653919e-13,1.1532466e-09
2023-09-03,1.1821232e-16,4.079946e-08,6.0014594e-17,1.0
2021-06-15,0.16918927,1.1402611e-09,8.3867337e-16,0.62717956
2024-11-25,1.8821989e-07,0.99363214,0.9999224,3.3414868e-10
2020-04-18,1.0,1.0,7.8869085e-08,3.112023e-11
2023-12-06,0.0005256545,0.99988735,1.0,7.449251e-12
2024-06-10,4.8915667e-06,9.855159e-10,6.05094e-21,2.3511911e-05
2022-12-01,4.055542e-05,3.0645754e-08,0.99999976,1.4218845e-13
2024-03-22,0.9999999,0.999721,1.0974786e-12,1.2894384e-07
2021-03-17,1.0,6.622475e-10,0.99612844,9.3762086e-05
2024-04-15,1.0,0.9999988,1.7829053e-07,3.685156e-13
2019-09-08,3.091715e-17,3.4186548e-13,1.9332838e-18,1.0
2022-04-24,1.0,0.99999964,1.4903185e-09,1.3853842e-11
2022-07-29,1.4459435e-13,0.018438276,5.247644e-16,1.0
2021-11-03,4.4115458e-17,1.0627422e-14,2.398091e-13,0.00021805779
2021-08-27,8.099734e-15,2.948923e-15,1.6852354e-20,1.0
2021-02-26,1.0,0.0006471746,0.99998486,1.2378432e-09
2024-12-08,0.0098004285,0.99998987,1.0,6.0819275e-13
2022-12-28,0.9999995,6.7572216e-08,0.99999857,1.592317e-09
2024-01-28,0.9999999,0.9999021,1.0,2.485299e-11
2020-08-18,1.0000311e-10,1.6633106e-05,3.5145446e-12,1.0
2019-07-28,2.3164703e-14,0.015501646,1.3000888e-14,0.9999919
2023-03-11,1.0,2.1575124e-05,0.019889705,8.6718444e-08
2023-11-04,5.5420824e-18,2.3828487e-13,3.8126238e-08,0.99999976
2021-07-19,7.7418625e-15,3.4174937e-17,2.8004953e-23,1.0
2020-05-06,1.0,0.9999999,6.8600855e-08,1.18860356e-11
2024-03-30,1.0,0.9986511,3.0884898e-06,8.262525e-08
2024-02-02,1.0,0.02658785,0.8805891,0.0014066563
2021-10-20,1.9605972e-21,4.420209e-15,5.6673036e-17,0.99999976
2021-10-19,3.9810413e-20,2.0888195e-15,1.5042612e-16,0.99819857
2023-02-08,0.9999995,0.00024469988,0.9956927,1.7901773e-13
2024-08-07,5.2762963e-09,8.543493e-08,3.3295285e-16,1.0
2022-02-02,1.0,0.9999951,1.0,4.109477e-11
2024-05-10,0.99999976,0.25225884,3.1414663e-11,6.047309e-16
2024-09-10,1.3674073e-10,0.000102980666,2.5164258e-16,1.0
2023-03-10,1.0,3.641694e-06,0.012366394,1.3678942e-07
2023-07-09,6.610105e-11,3.3179774e-06,1.4344432e-19,1.0
2023-09-21,1.682419e-16,1.7528095e-08,1.3240478e-14,1.0
2021-04-02,0.99999833,0.0049646003,1.5180707e-19,1.0
2019-08-16,2.9449305e-16,1.7543748e-08,8.506337e-16,1.0
2021-10-01,1.771827e-20,1.482566e-18,9.2350024e-20,1.0
2022-04-04,1.0,0.00025273382,0.00028721394,0.17634751
2022-07-13,1.6936105e-12,3.1324788e-07,1.5492695e-20,1.0
2024-09-16,1.4799967e-12,5.4950493e-07,2.4032192e-13,1.0
2020-10-02,5.5297347e-12,1.1697399e-09,7.15785e-20,1.0
2022-06-09,1.1300875e-06,1.3418862e-05,2.509844e-20,4.3873789e-07
2023-02-06,0.99999976,0.00014432975,0.9999654,3.016817e-15
2021-02-06,1.0,2.7288825e-09,0.9999964,2.7345639e-06
2023-08-25,1.3281028e-13,5.179002e-05,3.5956132e-19,1.0
2023-06-17,2.3944427e-10,6.294334e-10,1.9788634e-21,0.9999901
2023-01-24,1.0,1.1231831e-06,4.4586668e-05,1.255722e-15
2020-11-08,5.177834e-10,1.364511e-06,0.0059445957,7.6736346e-11
2021-06-07,0.99703443,4.5893603e-06,7.037517e-08,3.4991285e-15
2020-06-29,9.884996e-14,3.534861e-08,1.7483765e-18,0.6177581
2022-03-11,0.9983902,4.3952977e-07,0.99610907,0.99555594
2023-01-04,0.9997212,3.8362613e-10,0.99999917,8.9146e-12
2024-06-03,0.5518334,4.1135558e-05,3.1697426e-11,4.602941e-11
2020-08-02,1.3319342e-12,4.8758265e-11,1.5458957e-16,1.0
2020-08-22,1.387276e-13,1.8509671e-06,2.2769794e-14,1.0
2024-01-05,0.9997931,0.9999814,1.0,9.58089e-13
2022-11-03,2.7632565e-13,9.4086614e-11,3.496837e-13,2.74118e-07
2019-10-26,5.529641e-19,3.771611e-13,1.0277309e-11,4.4757537e-05
2021-05-25,1.0,0.00083968794,0.00020410522,6.2237915e-10
2021-10-13,1.6227383e-16,7.186118e-18,5.492003e-22,0.9999999
2020-08-31,5.404766e-14,7.808657e-11,9.777544e-19,1.0
2024-12-14,0.0033138301,0.9999573,1.0,1.7651295e-11
2022-09-16,4.7671918e-20,2.7063315e-15,1.9391792e-17,1.0
2024-04-22,1.0,0.99999166,7.379691e-06,2.0102392e-11
2021-06-24,1.25167635e-05,2.6591952e-06,2.7834086e-18,0.0047228495
2020-03-03,1.0,1.9686236e-06,0.9965663,7.930201e-08
2023-09-04,6.499133e-17,1.3464907e-09,1.06369835e-16,1.0
2022-08-28,6.6362943e-18,4.9534465e-09,5.255709e-19,1.0
2023-09-23,2.1783656e-17,1.3191671e-11,2.7250719e-15,1.0
2021-03-28,0.9999999,1.5168301e-10,0.00032655685,0.98549473
2021-07-16,5.5335273e-14,6.419984e-14,1.0743272e-20,0.9981499
2020-11-10,6.888836e-09,3.9871378e-07,0.06926998,7.1520956e-11
2022-08-06,7.74738e-13,1.4516502e-06,1.079308e-16,1.0
2022-08-21,1.2874428e-17,1.9320359e-09,1.0980158e-17,1.0
2021-05-26,1.0,0.018763578,0.07680536,2.6961651e-12
2019-03-26,0.9999999,2.263435e-06,4.8442494e-09,0.99998057
2022-11-20,9.1683335e-11,5.785118e-08,0.002562067,2.253337e-15
2022-01-20,0.9999994,0.9999999,1.0,8.0312195e-14
2022-09-08,2.6266257e-19,4.9538024e-10,3.4223e-14,1.0
2024-02-10,1.0,0.80471516,0.49841693,0.0014158302
2023-11-17,1.19762946e-14,4.3598555e-11,4.0410747e-08,0.0069669588
2023-02-13,0.99999964,0.00029731175,0.15284559,3.4020696e-12
2023-11-21,1.881304e-16,0.000931826,6.596295e-05,1.3425183e-07
2020-04-28,1.0,0.9999999,8.1977336e-10,7.395779e-12
2019-08-14,2.9693163e-14,2.252228e-05,2.3196279e-17,0.9999988
2023-05-30,0.9999442,0.9998938,0.00034124395,9.895957e-10
2019-12-06,0.95768857,0.9997695,0.9998555,5.6522803e-12
2022-11-06,1.5557867e-13,8.33807e-09,1.518168e-13,4.1932147e-08
2021-11-07,3.332475e-17,1.411015e-14,9.181839e-16,1.1295044e-05
2020-01-27,1.0,0.9999999,0.9977836,4.240907e-10
2024-12-02,9.15515e-06,0.9933697,1.0,9.568185e-12
2023-12-24,0.6120803,0.9999269,0.9999999,6.9694283e-13
2024-07-05,7.743771e-14,6.724752e-17,1.8222912e-21,0.9999999
2023-09-15,1.1156906e-16,2.9240432e-06,5.0917777e-25,1.0
2024-03-01,0.94446653,6.1234765e-15,5.6401753e-16,0.99999976
2023-01-20,0.9999964,7.1771518e-09,0.83617765,5.7289975e-15
2020-06-18,2.4142568e-05,4.521391e-11,7.0875486e-23,0.0001672059
2020-01-29,1.0,1.0,0.99999845,1.3298793e-10
2021-07-14,1.3889822e-15,6.5378004e-13,5.4516217e-19,0.1839398
2019-04-24,1.0,1.0,0.011861764,2.3954067e-10
2021-10-22,2.0199665e-19,1.008505e-14,1.3999671e-15,0.9984919
2023-11-26,1.8820877e-11,0.49929956,0.95439595,1.887212e-09
2024-11-27,3.9107535e-06,0.99988234,0.99999833,1.159265e-13
2021-05-15,1.0,0.9999982,6.9817315e-07,3.3171636e-11
2023-10-11,3.8298992e-22,4.0917827e-16,2.1578791e-17,1.0
2024-07-01,4.969185e-12,6.831202e-16,3.5292745e-24,1.0
2019-03-29,0.99996614,3.677371e-08,5.6108115e-11,1.0
2019-09-17,6.4179847e-15,3.2311178e-16,1.6882197e-14,1.0
2021-10-23,1.9986148e-17,1.6517163e-13,3.4250913e-16,0.8461417
2020-06-04,0.9981723,0.041846853,7.64814e-14,5.6406952e-05
2020-03-13,1.0,1.44341e-05,0.0091576595,3.380045e-09
2021-06-02,0.99999535,5.148786e-05,1.3714636e-10,4.471657e-11
2022-06-11,2.1419375e-12,8.261915e-11,6.1026336e-21,1.1518685e-05
2024-08-30,5.216631e-11,4.0072482e-05,4.986445e-16,1.0
2024-07-17,5.0624622e-15,1.8139159e-18,9.501388e-23,1.0
2020-06-22,3.3957774e-14,3.3947803e-14,1.2571637e-24,0.981468
2024-05-26,0.999995,1.8213323e-06,7.880398e-12,2.2704498e-09
2024-01-22,0.9999995,0.9999949,1.0,8.4695323e-10
2023-02-15,1.0,0.000109703404,0.02554472,6.0509098e-12
2019-12-21,1.0,0.9999981,0.99993956,2.4710698e-12
2023-07-20,2.1632356e-14,0.0022404215,9.7241394e-17,1.0
2023-04-11,1.0,7.2582785e-05,9.6352397e-14,0.9999902
2020-05-15,1.0,0.99682343,9.251863e-11,2.1858805e-11
2024-04-12,1.0,1.0,2.9531309e-09,9.506099e-12
2021-02-24,1.0,2.6802098e-07,0.99994993,2.377087e-10
2024-11-14,2.1513944e-13,6.9559514e-06,9.340501e-07,0.034647215
2020-09-26,5.219793e-16,7.533623e-09,2.9243978e-17,1.0
2019-06-04,0.9452548,1.8426053e-09,6.2350333e-17,0.99602294
2022-03-26,0.9999988,1.7537699e-11,2.459471e-11,1.0
2023-07-08,3.4000638e-09,9.2700176e-08,1.7011706e-19,1.0
2020-01-03,1.0,0.99999976,0.9999846,1.2164297e-13
2021-04-12,0.9991019,0.0013275385,1.3133595e-12,0.99990916
2019-08-24,5.9321485e-14,7.0718553e-16,5.800332e-23,1.0
2024-11-29,4.9523314e-09,0.9999716,0.9999994,3.230035e-11
2023-11-24,4.3482106e-12,0.0014875982,0.99265116,9.607511e-10
2024-02-08,1.0,0.00050502724,0.9999944,0.016911266
2021-01-29,0.99999976,6.7050332e-06,1.0,3.7052958e-11
2019-09-09,1.0309099e-14,9.584354e-11,2.2656483e-20,1.0
2023-03-24,1.0,0.00084415637,7.142744e-11,0.98117286
2022-04-20,1.0,0.99999976,2.0753145e-10,2.1359074e-06
2024-04-01,1.0,0.9999969,2.0606112e-09,2.6724869e-11
2023-12-01,4.4267063e-06,0.99220043,0.99997675,1.3647775e-11
2024-02-11,1.0,4.8200265e-05,0.96018046,0.97337466
2021-11-06,6.456538e-15,2.294905e-13,5.202982e-13,2.4359062e-07
2021-05-29,0.9999999,2.7753708e-07,1.3328535e-07,5.332515e-07
2019-09-20,1.7641674e-18,3.1252836e-14,8.535597e-22,0.9999999
2022-04-21,1.0,0.99999905,1.1828756e-10,7.137324e-11
2024-06-09,9.504006e-10,6.5587618e-12,7.179813e-19,6.4800554e-07
2019-04-02,1.0,0.15005508,2.6027779e-11,0.9999989
2020-11-13,6.116091e-14,2.2549488e-08,0.0076846867,3.808394e-08
2021-11-09,1.1405029e-16,2.5372396e-10,1.5860626e-14,1.7861151e-07
2022-02-10,1.0,0.99999774,1.0,2.5685865e-11
2021-03-24,1.0,3.7958696e-08,3.43915e-10,0.9978841
2024-07-12,4.6488133e-14,1.829394e-15,6.917105e-24,1.0
2022-01-23,1.0,0.9999999,0.99999976,3.7142307e-12
2024-02-01,1.0,0.09874933,1.0,3.246877e-05
2024-08-02,1.5858822e-09,3.6904122e-08,9.37572e-18,1.0
2020-08-06,1.4147934e-14,1.6703864e-09,2.4029093e-19,1.0
2024-11-13,3.7743197e-07,8.843317e-07,0.00088569097,0.8390312
2020-06-06,0.9999654,0.124710366,3.2906195e-12,4.4719445e-12
2023-06-30,1.4867335e-08,2.7730496e-10,3.206171e-22,1.0
2019-10-06,6.5515273e-18,3.7578244e-13,2.2919917e-09,0.99900997
2020-05-20,1.0,0.9981833,3.3990794e-12,1.3880867e-08
2020-03-26,1.0,0.99660254,2.0242474e-06,9.197777e-06
2024-06-20,1.5347636e-09,7.6277706e-11,1.6379501e-24,0.792832
2021-03-05,1.0,9.72316e-07,0.9423151,9.954489e-06
2023-11-12,6.450004e-18,1.305882e-14,7.1067246e-13,0.9999635
2020-03-01,1.0,1.0495636e-05,0.03229777,2.2605116e-09
2024-04-05,1.0,1.0,6.28861e-10,2.4665237e-10
2024-11-03,7.467576e-15,3.8684976e-13,3.5648753e-16,1.0
2022-07-18,2.4991372e-14,2.5332647e-10,7.500049e-19,1.0
2020-07-29,9.230386e-09,0.00035989634,1.9817203e-12,1.0
2020-10-10,6.1371073e-16,9.44725e-15,3.7877786e-22,1.0
2023-01-28,0.99999976,7.739166e-06,0.11528542,1.0576858e-12
2020-11-15,9.437021e-15,2.608244e-07,0.9269879,7.852682e-09
2020-12-17,0.9980882,0.74932873,0.9999995,3.8054127e-10
2022-05-05,1.0,1.0,6.110425e-10,3.776474e-11
2021-12-28,0.99998915,1.0,1.0,2.1271858e-13
2023-12-08,0.008944571,0.99947375,0.99999547,7.8165333e-13
2021-01-02,1.0,0.5495863,1.0,7.89341e-12
2024-06-13,5.8869337e-12,1.8732341e-15,1.3495675e-18,1.011591e-07
2023-05-07,1.0,1.0,8.632872e-10,1.17251304e-07
2024-01-02,0.999997,0.99999654,1.0,1.8660275e-11
2022-09-07,6.434129e-18,1.6077114e-11,4.4266863e-16,1.0
2022-02-08,1.0,0.9999994,0.9999999,1.03158575e-08
2019-10-16,7.7388175e-16,1.7223083e-14,4.5021747e-11,0.9996275
2020-05-10,1.0,0.9999988,5.015534e-10,4.294957e-11
2019-05-31,0.05459145,5.993536e-08,1.1496309e-18,0.009622322
2022-08-26,1.7163348e-16,1.0543599e-09,3.6883335e-17,1.0
2024-09-01,1.725557e-14,2.0066656e-05,1.95835e-18,1.0
2024-10-28,6.4404476e-12,3.4480048e-17,2.2544684e-18,1.0
2024-09-20,1.596562e-13,1.834619e-14,1.0100855e-18,1.0
2020-09-21,1.383847e-11,2.3478676e-16,5.120399e-22,1.0
2021-11-10,7.261739e-13,1.6300232e-11,6.948947e-09,6.230003e-10
2023-11-09,3.9572913e-17,9.062932e-16,1.2112061e-14,0.99999964
2023-10-31,1.8153338e-19,1.4184255e-13,1.2395654e-13,1.0
2024-06-16,9.578469e-11,2.7265797e-11,6.614663e-17,4.7963154e-06
2020-09-09,3.117049e-11,9.621263e-18,5.400109e-25,1.0
2023-04-27,1.0,0.99805224,7.217466e-10,4.8141154e-11
2023-07-25,6.4555737e-16,0.39877725,1.29963e-18,1.0
2021-09-02,6.092061e-14,8.6628905e-18,5.154769e-24,1.0
2021-11-28,0.45532396,0.027253095,0.99980766,7.0510794e-18
2024-08-06,4.0666837e-08,2.0418367e-08,1.3851395e-17,1.0
2021-10-05,9.0460575e-20,5.652862e-16,7.2124793e-19,0.99999046
2023-02-07,1.0,5.2618598e-05,0.9644007,2.6528121e-15
2023-09-24,1.7764988e-18,9.9554974e-14,9.732537e-15,1.0
2022-04-17,1.0,1.0,1.7668492e-09,3.6962868e-12
2021-02-07,1.0,3.285365e-08,0.9999728,1.9452825e-07
2023-04-19,1.0,0.99999547,3.2845782e-10,6.7077444e-08
2022-02-04,1.0,0.9999988,1.0,3.2608423e-12
2020-05-26,0.9999999,0.9381713,3.2819088e-11,2.1661444e-12
2024-01-15,0.999992,0.99999857,1.0,1.5184924e-13
2022-05-21,0.9995833,4.2578755e-08,2.3287532e-15,0.00032453358
2022-11-10,1.1827277e-12,1.7798492e-07,2.579364e-10,3.2820087e-11
2020-10-05,1.0696997e-17,4.1769296e-12,1.01853694e-16,1.0
2023-01-26,1.0,7.949114e-07,0.0032801942,1.4763682e-12
2022-11-07,2.2205763e-13,1.4882647e-09,8.077561e-12,1.3079442e-09
2024-09-04,3.7665665e-12,2.056609e-06,1.1271522e-14,1.0
2021-04-15,1.0,0.89577407,7.0176086e-13,0.9998325
2021-01-25,1.0,5.2526644e-05,1.0,2.4939271e-11
2021-04-09,0.9994894,0.99674463,2.4134064e-14,0.98601913
2021-02-16,0.9999815,4.258614e-12,0.9999999,2.7837066e-10
2021-12-15,0.99995315,0.99898916,0.9999424,4.4970212e-13
2024-09-19,3.7154776e-12,7.191008e-12,8.235186e-18,1.0
2023-05-31,0.98211986,0.9999993,0.23416115,1.0457173e-10
2023-04-13,1.0,0.93983245,5.1249703e-15,0.011567578
2023-04-21,1.0,0.99999905,3.2818978e-10,4.6539043e-11
2020-10-12,3.642168e-16,7.544079e-12,2.1056214e-21,0.99999785
2023-09-17,1.5148963e-17,5.5218798e-06,4.835785e-20,1.0
2021-09-16,2.8627646e-16,5.2469185e-14,9.272432e-25,1.0
2020-03-02,1.0,1.7266608e-06,0.0017587066,1.7438248e-05
2022-01-26,0.9999999,0.99996614,1.0,7.350029e-13
2021-07-10,2.634286e-16,4.8937126e-12,1.5530447e-20,0.99999857
2021-06-21,5.8585837e-08,1.1414714e-06,2.134895e-18,0.2436811
2021-10-18,2.0209069e-19,2.263382e-15,1.5079284e-21,0.9999944
2022-02-14,1.0,0.9976693,1.0,5.0425673e-09
2022-09-21,1.3510443e-20,3.0384458e-17,9.9492075e-15,1.0
2023-05-21,1.0,0.9999964,5.6356486e-12,8.364579e-08
2022-05-30,0.99218327,0.041235983,1.1237943e-15,7.177633e-07
2023-12-14,0.0025062845,0.99879336,1.0,6.15075e-15
2020-09-27,7.079621e-18,6.5887638e-09,8.023005e-16,1.0
2021-02-05,0.99808985,5.649918e-09,0.98006094,3.3912966e-07
2019-09-30,1.885757e-18,2.6584223e-13,6.298762e-11,0.9995828
2019-10-13,6.0076635e-18,2.220281e-12,7.520425e-10,0.9996855
2022-08-19,1.2780637e-11,5.032721e-07,1.3211088e-18,1.0
2021-07-28,1.6099491e-14,1.1023356e-15,2.0672867e-25,1.0
2022-08-25,1.1839063e-15,8.193595e-09,3.6161633e-19,1.0
2021-11-14,1.179836e-10,1.7906359e-08,2.8937805e-07,6.6670204e-11
2022-02-15,1.0,0.99993706,1.0,1.315618e-09
2024-03-29,1.0,0.9999882,2.2331324e-06,7.798887e-09
2023-05-14,1.0,0.99999094,1.3712865e-09,7.5200945e-10
2023-01-14,0.99999774,1.6765162e-07,0.99859565,6.365286e-14
2023-01-10,0.9999994,3.8259893e-09,0.99999976,2.144975e-12
2021-03-21,1.0,1.2359683e-08,0.009127749,0.039915454
2021-02-27,0.99999917,7.8328566e-10,0.9999994,2.5779448e-12
2019-10-17,1.2190139e-18,1.2825813e-15,1.5447099e-10,0.9998801
2019-08-18,4.6377856e-11,8.976918e-11,9.528567e-17,0.9999993
2022-06-02,0.996739,0.6797341,7.1437885e-16,5.7414993e-12
2021-03-10,1.0,2.0691764e-06,0.9942344,2.1173585e-06
2024-02-14,1.0,3.8002868e-09,0.0004886711,0.99977916
2020-04-30,1.0,0.9999995,1.5868587e-10,2.3725137e-09
2020-10-22,2.9490547e-17,8.296655e-11,4.254028e-19,0.9996012
2020-11-09,4.1699263e-15,4.398117e-06,4.747996e-05,1.6328065e-07
2024-08-25,1.3506762e-12,4.5843727e-08,1.6954415e-14,1.0
2023-08-27,1.3628387e-16,0.00021278627,1.3083193e-19,1.0
2024-04-17,1.0,0.9999999,1.3724075e-05,3.1813384e-13
2019-07-13,3.549051e-14,0.003369521,1.240804e-22,0.9999974
2021-09-25,1.3874981e-17,4.374158e-18,3.4869405e-20,1.0
2020-09-05,1.2633954e-11,2.8408548e-16,4.0424628e-23,1.0
2022-08-15,9.528467e-15,1.3454125e-05,1.1232268e-18,1.0
2019-05-15,1.0,0.9694875,9.416943e-10,7.0456015e-05
2021-11-15,2.3135762e-08,2.7243163e-09,0.10748175,3.5697341e-12
2024-05-15,0.9999994,0.00022765377,2.7270595e-14,6.6409963e-13
2022-03-03,0.9999999,4.374505e-05,0.9999417,0.026883448
2021-06-16,0.00061215484,7.379321e-08,9.557585e-16,0.0080274865
2023-09-05,1.6105683e-19,9.044071e-13,2.1532053e-20,1.0
2024-11-16,1.0234622e-06,2.1260976e-06,0.009729467,0.00014300943
2023-06-18,3.8412563e-05,3.555838e-07,2.4860802e-19,0.99999976
2024-10-08,3.6127374e-15,8.582547e-15,1.9594525e-14,1.0
2023-05-29,0.9999628,0.999803,3.9983015e-06,1.0169798e-09
2021-08-12,5.2236385e-07,7.261486e-14,2.5453877e-25,1.0
2021-12-10,0.99999213,0.71553665,1.0,6.251568e-15
2021-01-08,1.0,6.246397e-06,0.9999999,8.694874e-10
2024-10-04,1.9804826e-14,5.8239245e-15,7.257421e-16,1.0
2023-07-04,4.077711e-13,2.4772578e-07,2.908251e-20,1.0
2019-06-10,3.6898004e-07,4.324465e-08,9.380545e-19,0.100611135
2020-11-25,1.5058774e-05,4.526144e-05,0.9999956,9.595151e-10
2020-11-20,6.172908e-05,1.960795e-05,0.99931574,1.198583e-09
2020-05-16,0.9999683,0.9988518,1.4029337e-08,9.581013e-14
2019-12-15,1.0,0.9999994,0.99999154,2.2909175e-12
2023-04-10,1.0,0.30825,1.6123184e-14,0.9992254
2019-09-29,1.932133e-19,2.3215303e-14,5.3895755e-09,0.99979573
2023-04-26,1.0,1.0,6.3604046e-11,3.915742e-09
2022-06-16,1.8297243e-09,9.286453e-13,8.244241e-25,0.99999976
2022-09-15,3.2883058e-15,9.531449e-15,1.4097629e-16,1.0
2021-09-19,3.7008875e-19,1.5049319e-17,4.509364e-24,1.0
2020-11-19,9.934271e-10,2.706987e-07,0.9594943,8.2648165e-07
2024-09-03,6.7314513e-13,5.5068185e-06,4.942474e-15,1.0
2024-01-06,0.999997,0.99953425,1.0,9.95704e-13
2019-10-29,7.9309865e-16,4.855921e-14,6.93271e-11,0.013998216
2021-09-20,2.6260986e-16,4.260707e-17,5.6954447e-21,1.0
2019-10-21,4.544574e-17,2.8336918e-11,4.568867e-13,0.000125852
2023-06-24,1.36613645e-08,5.5723927e-08,2.27997e-21,1.0
2023-07-28,2.2659987e-16,1.0156525e-06,1.1770585e-20,1.0
2024-04-27,1.0,0.9999901,1.5966992e-07,1.0243501e-13
2023-07-19,0.0001016978,0.9625538,7.057277e-08,1.0
2024-08-04,9.107944e-14,3.7735867e-11,3.6263996e-19,1.0
2019-09-12,1.7242302e-15,3.83191e-14,8.33582e-18,1.0
2019-11-11,6.4496064e-08,0.00012945208,0.19665213,5.314129e-13
2019-09-19,1.0625815e-19,8.250283e-17,5.180124e-22,1.0
2023-10-07,3.2442385e-21,9.1682535e-17,4.5424077e-17,1.0
2024-07-20,6.8639882e-15,8.3322644e-17,4.000548e-25,1.0
2023-03-19,1.0,8.976345e-06,1.8940274e-09,0.08030209
2021-12-19,1.0,0.9999999,0.99999714,5.1077636e-12
2019-11-19,5.091375e-07,4.1241925e-05,0.9243221,1.3597363e-08
2020-03-11,1.0,5.6280005e-08,1.9147542e-06,7.373289e-06
2024-11-04,3.9801867e-11,8.8513667e-16,2.252366e-15,1.0
2019-05-07,1.0,1.0,2.4402793e-08,5.9965406e-09
2021-08-14,2.5275355e-14,2.9076778e-14,1.1062324e-22,1.0
2019-12-28,1.0,1.0,0.99994254,1.2312511e-11
2021-04-07,0.9999999,0.00061602,1.4520865e-14,0.9999964
2019-05-02,1.0,1.0,1.2648546e-06,2.683675e-10
2022-08-20,7.425237e-19,3.3943954e-05,1.2417737e-16,1.0
2024-10-31,4.4598035e-17,3.951576e-16,1.9758332e-19,1.0
2022-07-05,4.6696635e-17,5.525607e-10,2.6843361e-17,1.0
2021-11-20,4.112898e-06,1.09350914e-07,0.99939334,9.278484e-17
2020-05-17,1.0,0.91074765,3.909081e-11,1.3125995e-10
2022-07-24,1.8885359e-14,0.00068457995,5.799662e-18,1.0
2023-09-14,4.7484193e-15,0.00050650147,4.3645276e-24,1.0
2019-11-21,1.0165566e-05,0.020567095,0.99833965,1.0553347e-11
2020-09-01,2.290165e-13,4.0449903e-13,9.828803e-21,1.0
2024-06-12,2.0456802e-08,1.9620043e-09,5.53746e-16,4.5489265e-10
2023-08-15,5.6340655e-17,1.3890361e-10,2.2034757e-21,1.0
2024-12-01,0.052760992,0.9999621,0.9999999,1.8174912e-13
2021-12-01,0.99682045,0.28889772,0.99999607,2.4403064e-16
2021-07-08,3.267004e-09,8.5420915e-08,7.256816e-15,0.00261616
2022-01-13,0.99999976,0.9999982,0.9999993,1.1935191e-12
2020-03-18,1.0,0.99999976,1.3361837e-08,2.4633113e-11
2019-06-15,6.1518335e-10,3.2231528e-06,1.3952864e-22,0.986852
2023-08-14,2.5460098e-17,1.2310082e-09,1.995238e-19,1.0
2021-09-23,1.6152279e-13,1.847633e-18,1.299866e-21,1.0
2020-12-30,1.0,0.000100299774,1.0,1.3647306e-11
2024-02-25,0.8663134,2.0332659e-17,2.6254517e-13,0.9999999
2024-01-10,0.9999995,0.9985378,1.0,2.5045975e-13
2022-02-12,1.0,0.99975425,1.0,4.791525e-11
2024-08-05,1.2996074e-11,9.478874e-11,2.5191018e-19,1.0
2024-07-14,1.1613299e-13,1.719578e-17,2.3876192e-22,1.0
2024-07-21,1.4860169e-11,5.1315587e-13,8.3724994e-26,1.0
2021-10-07,6.0413804e-17,3.371823e-16,1.9381586e-17,0.99994504
2021-04-25,1.0,0.9999944,6.9523835e-12,6.9722605e-09
2023-02-05,0.9999999,0.8204756,0.99710673,1.9525348e-15
2024-01-08,0.9999987,0.99918276,1.0,1.814886e-13
2024-07-04,1.7857956e-16,3.3172693e-16,5.640233e-26,0.9999999
2024-10-26,8.088426e-13,7.47071e-15,2.6422716e-20,1.0
2021-03-16,1.0,9.449892e-09,0.99849784,0.0011787259
2023-09-12,1.5552867e-19,1.489427e-05,3.4753825e-15,1.0
2022-11-09,6.197816e-09,5.1468234e-08,1.0504793e-10,5.5982746e-10
2019-12-05,0.9999753,0.9997545,0.9999993,5.0097352e-12
2024-04-02,1.0,0.9999788,1.2924818e-09,5.047588e-10
2022-05-28,0.9999999,2.3535644e-05,5.0487994e-18,0.002654021
2024-07-19,6.3419734e-13,2.440965e-18,3.849569e-23,1.0
2024-08-21,3.3760044e-13,1.8388207e-09,6.9955507e-15,1.0
2021-07-03,1.1629136e-11,4.4771681e-07,2.2611421e-19,0.0001344391
2021-06-05,0.9961468,5.8770216e-10,7.111974e-09,9.180083e-13
2022-05-13,0.9999995,0.97899467,2.2504884e-12,1.1706337e-11
2024-10-13,2.9688333e-15,8.985947e-18,6.480303e-14,1.0
2019-12-30,1.0,1.0,0.9999927,4.8199265e-13
2022-04-19,1.0,1.0,2.1734015e-10,1.0042923e-09
2022-03-14,0.9999486,2.0324085e-06,1.4216816e-05,1.0
2019-06-08,0.4144942,2.0213595e-10,3.039241e-20,0.22651285
2019-04-22,1.0,0.9999999,7.477523e-08,7.827649e-09
2023-08-02,1.5142198e-14,0.0067827133,1.8892768e-19,1.0
2019-12-10,0.9998299,0.9999999,0.9999994,1.3704732e-13
2021-09-28,1.0148375e-15,2.7023554e-18,1.0901944e-17,1.0
2021-07-13,2.8578209e-13,2.7775223e-14,2.5436566e-20,0.9281475
2022-09-30,1.0384975e-19,3.704887e-18,9.654007e-13,0.9999989
2023-06-26,1.5116706e-08,8.803825e-11,4.1795986e-20,1.0
2019-08-23,1.7977168e-11,1.01667865e-14,4.639215e-24,1.0
2019-10-19,4.7461845e-18,8.585416e-14,2.5127474e-12,0.942565
2024-10-11,5.9450473e-15,2.6882515e-16,5.637736e-19,1.0
2019-11-29,0.0369855,0.99993455,0.9999522,5.814042e-13
2023-09-29,5.895589e-22,3.574731e-14,9.228128e-14,1.0
2024-01-21,0.99753284,0.9995115,1.0,1.9574664e-13
2020-02-24,1.0,0.0005498611,0.99899954,2.449119e-09
2019-05-12,1.0,0.9997341,4.1678467e-07,3.0320544e-07
2021-02-12,0.9999999,3.0883678e-13,0.9947524,2.5784785e-10
2024-12-05,0.5858314,0.9999646,1.0,1.8924933e-12
2020-12-07,0.99997425,0.007655566,1.0,4.31358e-13
2020-03-08,1.0,1.1278415e-06,0.123301595,8.1337166e-11
2020-10-11,9.063613e-18,2.7106088e-15,1.176166e-19,1.0
2023-06-03,0.056616757,4.0477667e-06,7.678005e-24,0.99663156
2019-09-04,3.2336794e-14,2.3116329e-14,1.1128855e-23,1.0
2024-12-26,0.95488364,0.9999187,1.0,7.959811e-12
2023-12-07,0.0037946326,0.99456125,1.0,2.0256309e-11
2023-02-21,1.0,2.0335512e-05,8.7264556e-07,2.2993405e-08
2022-01-22,1.0,1.0,1.0,1.220225e-12
2021-05-06,1.0,1.0,4.77348e-08,4.3758348e-11
2024-03-12,0.77766955,4.294174e-13,7.645973e-16,0.99999976
2023-10-06,4.9470454e-20,2.7420585e-15,5.7488453e-18,1.0
2022-09-18,6.957741e-20,1.3238401e-15,9.248382e-16,1.0
2021-12-11,0.99999833,0.6493737,0.9999999,2.390883e-14
2022-02-19,1.0,0.98792297,1.0,8.3277135e-11
2023-10-25,4.5751535e-17,6.744814e-14,6.851797e-15,0.9999982
2019-04-23,1.0,1.0,5.9598096e-07,1.5136375e-09
2022-09-11,1.3070989e-24,1.0142687e-11,6.3050925e-16,0.9999995
2019-10-02,3.2811817e-19,5.3041027e-10,4.4514357e-12,0.99993694
2022-01-19,1.0,0.99999976,1.0,8.487725e-14
2022-11-23,1.988022e-06,2.4383824e-06,0.99984026,8.562697e-15
2023-12-28,0.99772733,0.9999335,1.0,8.219319e-15
2021-05-31,0.9672056,7.536604e-11,2.6992126e-11,4.361763e-10
2021-10-29,1.043286e-19,5.4604504e-14,1.2593522e-17,0.1416604
2024-04-09,1.0,0.9999999,3.536083e-06,2.5381904e-12
2021-12-14,0.9990639,0.6201158,0.9999963,2.9762112e-14
2023-10-22,3.491205e-17,7.4976297e-16,2.0577097e-12,0.9999995
2021-02-19,0.9999999,1.431528e-10,0.9999887,1.4757826e-08
2022-05-11,1.0,0.9966744,1.2337595e-11,8.074022e-11
2019-09-22,1.5612598e-20,1.9992936e-13,8.6622864e-20,1.0
2021-07-27,3.2598162e-12,1.1673709e-16,7.907387e-25,1.0
2023-03-25,1.0,4.295332e-07,4.619536e-05,0.000510616
2022-04-12,1.0,0.9999999,2.6775351e-06,2.597162e-09
2020-04-21,1.0,1.0,6.6524404e-07,2.974485e-11
2019-11-02,1.954092e-15,3.3463163e-09,1.052413e-09,4.1551798e-09
2023-03-13,1.0,1.2688312e-05,0.0030145554,6.8737984e-07
2020-09-22,2.0834697e-13,4.8311436e-14,8.603335e-21,1.0
2023-09-01,2.4134603e-15,1.5104112e-08,7.6896075e-18,1.0
2021-02-28,0.99999964,1.4989707e-09,0.99999976,9.476718e-12
2022-06-05,0.058694728,0.014457279,6.2715035e-18,2.0163325e-06
2023-06-05,0.80554307,2.3310244e-07,6.561258e-25,0.9998877
2020-03-17,1.0,0.99977535,5.6607187e-06,3.6279313e-10
2023-04-06,1.0,0.93113375,7.186775e-11,0.9721182
2023-02-18,1.0,0.028218737,0.00047663532,3.4211028e-12
2019-07-14,3.2840937e-15,7.962121e-05,4.9480003e-23,0.9999981
2023-12-15,0.93802047,0.9999839,1.0,5.1516496e-14
2024-07-22,1.431446e-10,2.2286201e-14,3.4879793e-27,1.0
2021-03-30,0.9999999,1.34246475e-05,1.1452217e-13,1.0
2023-04-17,1.0,0.9999598,2.8857188e-12,2.3207943e-11
2020-03-07,0.9903206,4.6978343e-08,0.11320864,6.5610795e-11
2024-03-06,0.0025106417,8.127803e-16,1.7337467e-16,0.9999994
2020-10-30,1.4855113e-16,0.0005486518,6.5480607e-16,0.0046109636
2020-09-16,3.4555929e-15,9.493596e-16,2.9246945e-20,1.0
2023-01-03,0.99744093,1.1453162e-12,0.9999213,6.164014e-10
2023-07-22,3.5111087e-15,0.0014537637,9.496717e-22,1.0
2024-08-29,3.1051203e-12,1.3979088e-06,1.0378858e-15,1.0
2022-12-24,0.9993469,3.0079834e-09,1.0,2.5113907e-09
2020-02-25,0.99999976,0.00035797324,0.9999999,2.630023e-09
2021-09-22,1.648803e-15,8.626446e-19,1.2350547e-18,1.0
2022-09-29,3.420759e-22,1.22898975e-14,5.4223302e-14,1.0
2023-01-01,0.99999416,1.852579e-08,0.9999782,3.2643596e-11
2019-04-30,1.0,1.0,1.4043259e-08,7.595646e-10
2022-08-12,3.7019086e-13,7.6632165e-07,7.711121e-15,1.0
2020-03-28,1.0,0.9999925,8.6021974e-11,1.4416438e-06
2021-08-17,2.937413e-16,3.0319092e-10,1.1362106e-19,0.9999757
2019-04-07,1.0,0.5111676,6.9736666e-10,0.9975413
2021-11-27,0.029489614,1.6686043e-05,0.999877,9.7775114e-18
2022-07-04,1.1521571e-15,3.7848062e-09,1.4236712e-19,1.0
2019-07-03,2.5038335e-13,0.0047041667,1.6363876e-18,0.9999987
2021-08-25,1.743795e-13,4.6545515e-15,7.9778846e-19,0.9999318
2022-06-23,1.5901011e-13,7.092094e-11,7.305684e-20,1.0
2024-12-12,0.48916006,0.99998915,1.0,9.107635e-13
2022-07-21,8.961789e-12,6.4735866e-09,1.407056e-22,1.0
2022-07-02,1.4014578e-15,9.481943e-12,4.8949906e-20,1.0
2021-08-29,1.9636034e-16,3.344547e-14,2.947431e-20,1.0
2023-09-02,8.45648e-16,1.0440504e-06,9.685685e-15,1.0
2021-01-14,1.0,0.0010930538,0.9999999,2.7285568e-11
2019-12-01,0.985188,0.98570204,0.99999845,3.9108503e-10
2022-11-19,4.767693e-08,1.1141408e-08,0.0031426193,5.1425174e-15
2021-07-17,1.7752951e-12,7.1123827e-16,2.7944218e-24,1.0
2021-02-15,1.0,1.3126371e-10,0.9999999,1.330857e-09
2019-09-06,3.6851168e-15,3.4186957e-12,4.224515e-19,1.0
2021-07-12,5.443565e-13,9.441414e-15,1.3313477e-19,0.9990446
2022-01-25,1.0,0.9999999,0.9999995,1.0854416e-12
2024-02-12,1.0,0.0025563682,1.0,0.002541984
2019-07-18,3.5658562e-15,0.0007100925,9.269013e-15,0.99999976
2020-07-01,1.9486767e-07,4.602615e-06,2.9440628e-18,0.9771767
2019-09-13,3.7935764e-15,5.787043e-14,1.2115304e-20,1.0
2024-06-30,7.2337353e-12,1.12395334e-14,5.3218083e-24,1.0
2019-04-21,1.0,0.99999976,1.6684757e-07,1.0036393e-09
2023-08-04,6.828805e-16,1.4678158e-08,2.0622412e-22,1.0
2024-09-18,1.622269e-11,6.9196184e-11,1.08608726e-13,1.0
2021-01-07,0.9999994,0.0010479181,1.0,9.814134e-10
2020-06-23,5.644637e-10,2.5651747e-14,5.616688e-23,0.65116596
2023-12-12,0.2757618,0.98909956,1.0,6.859881e-14
2020-07-07,8.679409e-15,1.9185727e-10,7.0589773e-22,1.0
2019-11-23,4.0258124e-07,6.740365e-05,0.9557578,3.062396e-08
2022-01-11,0.9999999,0.9999994,0.99999964,1.08317035e-13
2020-06-21,2.5399245e-08,2.0513428e-11,3.0436719e-21,1.1194701e-05
2022-03-09,0.9999795,7.328954e-11,0.99996626,0.1733661
2024-01-23,0.99998176,0.9998461,1.0,2.3980234e-12
2024-03-27,1.0,0.99867094,8.953384e-08,2.8676325e-07
2020-07-11,9.272118e-13,4.6163825e-07,7.7617814e-18,1.0
2021-10-02,8.003948e-19,9.695836e-18,1.3748241e-21,1.0
2023-04-29,1.0,0.99999964,9.5723506e-11,9.890536e-11
2024-06-21,9.907392e-12,1.7602193e-09,1.9353674e-23,0.9829473
2020-02-06,1.0,0.99896765,0.9999423,6.7237366e-10
2024-03-23,1.0,0.88872147,2.590626e-07,0.0021547198
2023-01-16,1.0,1.1340935e-07,0.9997528,3.8604137e-12
2022-08-27,1.763139e-17,3.6438222e-12,3.1404623e-17,1.0
2023-10-09,3.6070648e-22,7.228353e-13,1.0500158e-15,1.0
2024-06-06,0.00025057062,4.05275e-10,2.2271712e-14,1.355335e-07
2019-10-22,1.7044526e-17,4.5515345e-12,2.5634258e-16,0.0137366345
2024-02-27,0.00027124744,2.2240774e-13,4.2665774e-10,0.99998295
2023-05-12,1.0,0.99999154,3.4952315e-08,1.18268515e-08
2021-01-12,1.0,0.0011385146,0.99999976,1.3423455e-11
2020-06-26,3.3534656e-17,3.444778e-09,8.583433e-22,0.7675381
2022-01-03,0.99999976,1.0,1.0,1.1855871e-12
2021-06-25,0.00017106433,2.5873696e-05,5.68885e-19,0.024905581
2021-09-07,8.9738214e-14,1.3662007e-13,2.4857707e-24,1.0
2022-02-17,1.0,0.9998965,1.0,5.1350594e-11
2023-02-19,0.9999999,0.010868344,0.000130496,3.244925e-10
2024-05-22,0.9999933,1.5059781e-05,4.8741577e-13,2.528629e-06
2022-11-14,5.7141164e-10,1.0882656e-07,1.2226431e-05,3.6415725e-15
2022-12-30,0.9999615,0.090146326,1.0,1.314148e-13
2021-11-23,2.912313e-05,0.0005172882,0.9236616,6.554155e-17
2022-03-08,0.9999976,7.330223e-08,0.99999666,4.9243023e-05
2022-11-02,7.724248e-12,3.196246e-09,5.527486e-13,6.752648e-08
2024-11-12,3.392447e-08,4.8776567e-08,1.2459844e-13,0.9999999
2022-07-09,8.754025e-15,8.151988e-13,8.2469276e-22,1.0
2022-02-28,1.0,0.07747484,0.99999905,4.6562386e-06
2021-08-21,7.377076e-14,4.977175e-11,1.1411988e-09,0.007490065
2020-04-22,1.0,1.0,1.1766565e-07,1.8233217e-12
2019-11-25,0.9979533,0.92824215,0.9970427,2.635029e-09
2019-07-01,2.6706831e-11,0.5322053,7.406397e-19,0.99987364
2021-03-26,1.0,2.2658952e-12,2.43978e-13,0.9999337
2022-01-02,1.0,1.0,0.99992764,6.814425e-13
2024-02-03,1.0,0.21148264,0.2632889,0.0006959152
2021-03-04,1.0,2.9098477e-05,0.000108640816,0.00063131686
2020-07-27,7.016726e-09,3.2506705e-08,8.167141e-18,1.0
2019-07-08,7.336898e-15,0.32431355,3.487024e-18,0.99999666
2022-08-14,2.2505268e-16,3.0010855e-07,3.30301e-18,1.0
2020-09-02,2.0107435e-13,5.858814e-13,1.7688472e-22,1.0
2021-08-26,3.9568598e-10,2.4743992e-16,4.7092214e-22,1.0
2022-09-20,5.239133e-20,1.6414589e-17,1.432921e-14,1.0
2020-03-12,1.0,0.16389894,2.6024177e-06,1.7603369e-09
2019-05-29,0.9907075,5.8187543e-06,9.585243e-20,0.00034197248
2023-05-28,0.9998808,0.999853,2.8523958e-10,1.4234023e-08
2020-02-07,1.0,0.9998448,0.99995995,3.8712252e-11
2021-12-13,0.99976736,0.80310017,0.9999982,2.0023237e-13
2024-11-10,1.11566166e-07,4.3084416e-09,4.2235473e-12,0.99999964
2023-10-03,3.5568092e-22,2.7523605e-11,6.3119175e-19,1.0
2022-07-03,7.345099e-16,2.0926728e-10,2.1307526e-19,1.0
2024-04-03,1.0,0.9999993,4.7551787e-08,1.2215326e-10
2020-07-12,7.21135e-08,1.0335848e-06,3.556447e-20,1.0
2020-05-07,1.0,0.999985,6.201585e-10,2.0712008e-11
2020-02-23,1.0,0.84219986,0.9407125,3.3560899e-09
2021-08-03,1.6540706e-10,4.0198403e-13,6.607735e-22,1.0
2023-11-18,1.325239e-16,3.7941142e-10,3.3546618e-07,0.2533108
2024-01-19,0.9999999,0.9999882,1.0,3.990901e-13
2022-07-15,7.79228e-14,6.172799e-11,4.5468613e-18,1.0
2024-10-30,2.0627746e-12,5.1881323e-15,8.534875e-16,1.0
2019-09-11,1.2436516e-15,9.74542e-13,2.2523784e-19,1.0
2021-09-18,2.4413481e-17,3.1800396e-17,1.3069898e-23,1.0
2019-04-26,1.0,0.99999344,2.0381195e-07,2.0777873e-09
2023-01-02,0.9997991,7.25214e-11,0.9999651,1.4336089e-08
2021-12-07,0.9999751,0.00030772664,1.0,5.4958214e-13
2023-10-20,3.5267267e-19,1.2818848e-14,3.2519413e-16,1.0
2020-11-21,1.982829e-11,1.5939423e-06,0.9739716,1.5078858e-06
2021-05-08,1.0,0.99999964,3.9391045e-07,6.368268e-12
2019-10-04,3.728328e-15,9.279194e-13,9.365658e-14,0.9999819
2020-01-25,1.0,0.99999976,0.9998888,7.449223e-12
2021-06-20,1.2496104e-05,1.6496917e-06,1.2953325e-20,0.9908963
2020-12-26,1.0,0.24578337,0.99999976,8.895878e-13
2020-12-27,0.99996567,0.78940815,1.0,9.1070894e-11
2021-04-01,0.9999995,2.5711699e-05,1.3304113e-15,1.0
2021-06-01,0.9995833,4.5586672e-05,4.246698e-12,3.0901343e-10
2023-03-30,1.0,0.0009569738,9.838838e-10,0.010008543
2023-04-25,1.0,0.99995565,1.2585121e-09,5.0327516e-11
2020-08-26,6.476074e-15,3.3003383e-07,1.496207e-11,1.0
2022-01-04,0.99999845,1.0,1.0,1.0257564e-12
2022-11-18,1.3616807e-07,6.9127505e-05,0.03207408,5.05704e-14
2021-04-21,0.9999999,0.9999987,2.8672104e-10,5.2915246e-09
2021-09-13,4.8119806e-17,6.7379057e-15,2.0441019e-22,1.0
2024-11-28,4.200822e-06,0.99719775,0.9999999,7.7394937e-13
2022-12-27,0.99999845,1.4005675e-08,1.0,9.618985e-11
2019-07-24,6.484488e-07,0.057672136,1.1298646e-21,0.9999974
2021-11-05,2.3678635e-15,4.252121e-12,2.9911237e-16,6.352427e-06
2020-09-20,6.013006e-14,1.1640142e-15,4.4661834e-19,1.0
2023-09-22,3.405379e-13,8.982959e-08,5.2617212e-14,1.0
2024-07-10,6.290288e-14,3.0105702e-14,1.5225333e-23,1.0
2021-08-02,4.7947406e-16,7.0961456e-17,1.3006087e-23,1.0
2022-03-12,0.99471563,4.2187287e-10,0.980339,0.057565976
2019-08-29,6.1199944e-07,2.6742102e-11,2.0629954e-23,1.0
2021-08-24,1.5905925e-13,1.0239101e-14,3.0837656e-16,0.99134237
2019-06-14,2.4948831e-11,2.435643e-08,9.851236e-24,0.99301827
2021-10-31,1.1198122e-19,3.087226e-16,2.628885e-16,0.044157233
2020-12-20,0.99368334,0.18480027,1.0,3.0782716e-12
2024-06-08,0.0062240465,2.1805747e-08,3.9252523e-17,8.3845606e-08
2021-11-04,3.8219678e-18,4.095045e-13,1.1740167e-15,9.828761e-07
2024-03-17,1.0,1.6862199e-08,1.1215299e-13,9.4427494e-05
2019-10-27,8.29082e-18,1.3607602e-13,7.668765e-14,2.1901109e-05
2019-07-04,8.988966e-14,0.0034718171,7.999506e-23,0.9997032
2021-01-03,1.0,5.5820483e-06,1.0,3.2018946e-10
2023-11-16,1.3255309e-18,5.2982405e-09,1.940615e-07,0.123238005
2021-06-10,0.99086297,8.83735e-06,8.597154e-09,1.4273387e-12
2020-04-04,1.0,0.99950993,1.9867947e-09,0.017016165
2023-08-17,6.2254763e-18,1.0577283e-08,3.139351e-23,1.0
2021-02-21,0.9999962,6.4563164e-06,0.99995995,1.16531345e-08
2023-11-02,1.6667649e-20,5.2951007e-12,4.8066062e-09,0.9999999
2022-08-02,6.3352244e-14,0.0021617603,6.311046e-13,1.0
2021-02-20,0.9999763,6.6350495e-08,0.99853694,1.2851325e-08
2024-10-15,2.4346703e-17,5.305935e-17,6.3895075e-13,1.0
2024-08-26,3.701176e-08,4.900522e-06,1.5151398e-16,1.0
2020-02-27,1.0,0.28016496,0.9990606,1.8237847e-08
2024-07-24,8.449281e-14,1.0539193e-17,2.9316043e-23,1.0
2022-05-26,0.9999285,0.038264025,1.6770733e-18,3.033121e-08
2023-07-06,1.5695159e-08,1.2311455e-07,9.244981e-19,1.0
2024-07-08,3.712971e-15,8.652501e-15,2.2973487e-24,1.0
2021-08-10,3.875889e-10,5.2167042e-17,4.3134113e-26,1.0
2021-10-21,1.3767784e-18,5.5021905e-16,7.2543766e-16,0.99967456
2023-01-11,0.9982002,5.985331e-09,0.99304116,1.798859e-11
2024-04-21,1.0,0.99999905,0.0031976786,6.98324e-13
2021-01-11,1.0,4.7374988e-07,0.9999999,6.2583876e-09
2021-05-19,1.0,0.99999833,3.7526493e-06,2.084741e-10
