date,h0,h1,h2,h3
2022-07-20,0.5898965,0.51987296,0.40299055,0.46991917
2024-11-17,0.5904374,0.5207521,0.40346092,0.47098097
2023-03-01,0.5901237,0.52041435,0.40325314,0.47006327
2022-12-04,0.589569,0.5198497,0.40285477,0.469571
2019-09-18,0.5884283,0.518708,0.4022229,0.46857974
2024-09-09,0.5899358,0.5200273,0.40312776,0.4699474
2022-02-25,0.59040195,0.5205439,0.4037726,0.4703695
2019-10-09,0.5901966,0.5203245,0.40332663,0.47023386
2021-09-08,0.5901162,0.52061284,0.40337393,0.47015864
2019-06-21,0.5895609,0.5196127,0.40287045,0.46982512
2020-10-27,0.59074575,0.5209125,0.40368164,0.4706842
2024-05-30,0.59056175,0.52088916,0.40351993,0.47049722
2022-01-07,0.5911199,0.5212636,0.4040683,0.4709592
2023-12-19,0.5910174,0.52121097,0.40398508,0.47087124
2021-01-28,0.59062356,0.52077514,0.40384755,0.47053617
2021-04-11,0.5900348,0.5203236,0.4030887,0.46992084
2020-01-30,0.59096855,0.5210992,0.40393576,0.470823
2024-06-05,0.5904983,0.5208313,0.4034877,0.47036684
2021-09-21,0.59040886,0.5206207,0.403415,0.47027755
2024-10-02,0.590369,0.5204752,0.40351495,0.47028416
2022-09-04,0.5891105,0.5191446,0.40235698,0.46936077
2023-01-31,0.5892234,0.5194821,0.4025294,0.46923596
2019-05-25,0.5906171,0.52073425,0.40350527,0.4704682
2021-07-15,0.5901749,0.52019304,0.40342283,0.4700169
2022-09-14,0.5880864,0.5180821,0.40142474,0.4688327
2021-05-05,0.5908652,0.52104086,0.40378153,0.4706749
2023-01-08,0.5892712,0.51952094,0.40264052,0.46928492
2019-11-09,0.5909154,0.52107257,0.40387383,0.47082847
2019-12-29,0.59108555,0.5212464,0.40403372,0.47092077
2019-11-04,0.5908728,0.52102304,0.40381643,0.47082934
2021-10-26,0.5877766,0.51847845,0.4013432,0.46849483
2022-06-20,0.5901884,0.5202678,0.40309733,0.46994224
2023-06-25,0.59010226,0.52025414,0.40313473,0.4699855
2022-01-18,0.59109265,0.5212403,0.40404168,0.47093654
2019-04-25,0.59081477,0.5209873,0.40369096,0.47066218
2024-05-01,0.5907242,0.52084523,0.4035746,0.47057626
2020-03-31,0.59077114,0.52100354,0.40375456,0.47044614
2024-05-14,0.5906357,0.52075255,0.40338078,0.4703992
2022-11-11,0.5905539,0.52072483,0.40358594,0.47049305
2021-01-16,0.5909222,0.52109754,0.40396994,0.4707936
2023-03-15,0.5900262,0.5203122,0.40322942,0.46999964
2020-02-09,0.5908499,0.5208966,0.40380025,0.4707227
2019-08-19,0.5896038,0.5196341,0.40273595,0.46983296
2020-03-10,0.5905342,0.52071947,0.40371704,0.47045648
2019-12-17,0.5910501,0.5212414,0.4040211,0.47088325
2023-10-13,0.5885404,0.51838815,0.40237725,0.4686631
2023-11-05,0.59024227,0.52046233,0.40342218,0.47035518
2019-04-16,0.590203,0.52049446,0.40310466,0.4700582
2019-10-01,0.5898206,0.5199567,0.4030969,0.46987307
2019-06-27,0.58959967,0.51957995,0.40290895,0.46979365
2019-09-01,0.58851135,0.51865524,0.4018342,0.46941087
2020-02-04,0.59099036,0.5211084,0.40396118,0.47083494
2019-04-15,0.5903868,0.52062744,0.4033277,0.47021493
2022-03-06,0.5901597,0.52033824,0.4036609,0.4701617
2020-12-04,0.5910574,0.5212272,0.40402275,0.4709
2022-05-27,0.58964866,0.51976305,0.4027253,0.4696615
2024-05-31,0.59054166,0.52086234,0.40349245,0.47047022
2021-09-05,0.5901219,0.52039075,0.4032165,0.4700707
2022-04-30,0.5903015,0.52051175,0.40329698,0.47016215
2022-03-21,0.5905521,0.52084136,0.40355492,0.47033194
2023-09-06,0.5861595,0.51680714,0.40036163,0.46663594
2020-03-24,0.5909746,0.52119577,0.40391794,0.47070184
2023-12-05,0.59095937,0.52116615,0.40393388,0.47082305
2024-04-24,0.5908702,0.52104294,0.40382266,0.47074023
2024-10-23,0.59026396,0.5204267,0.40311217,0.4708148
2019-06-19,0.58959824,0.5196105,0.40289146,0.46974635
2020-07-31,0.5906569,0.52080697,0.40370205,0.47052255
2020-02-12,0.5908718,0.5209374,0.4038418,0.4707415
2024-12-13,0.59092,0.5211393,0.4039209,0.47097895
2021-05-23,0.59088045,0.5209864,0.40386543,0.47079074
2023-05-24,0.5906473,0.5209415,0.40369928,0.4705043
2019-04-05,0.5901348,0.5203885,0.40320194,0.46994886
2024-09-15,0.59021145,0.5202515,0.4033914,0.47017908
2019-04-01,0.5899619,0.5201993,0.40307236,0.46976334
2021-10-28,0.5878842,0.51853216,0.4013797,0.468608
2021-09-10,0.59004396,0.52063197,0.40333366,0.47008783
2022-09-27,0.5878363,0.5175859,0.4011916,0.4685814
2023-06-14,0.5904686,0.5206168,0.40341386,0.47022706
2024-11-02,0.5900518,0.5204109,0.403128,0.47079518
2023-12-09,0.5909176,0.5211468,0.40390888,0.47086295
2022-03-29,0.590355,0.5206695,0.40340894,0.46991706
2020-10-01,0.59054494,0.5207849,0.40356562,0.4705324
2024-08-27,0.5900025,0.52016854,0.40313503,0.46998194
2024-08-13,0.5905125,0.520673,0.40356663,0.47039115
2021-08-16,0.59063256,0.52082473,0.40362027,0.47051322
2024-01-07,0.59105164,0.52122724,0.40403688,0.4708937
2021-04-20,0.59071267,0.5209779,0.40366724,0.47050688
2021-01-30,0.59047943,0.52063423,0.40376955,0.47042584
2020-01-06,0.5910881,0.52124363,0.4040408,0.4709221
2021-10-25,0.5887495,0.51921284,0.40209287,0.46915385
2022-09-12,0.5886099,0.5185333,0.40189373,0.46907976
2023-10-21,0.5896873,0.5198616,0.4030574,0.46972403
2019-07-02,0.59046406,0.52054876,0.40346497,0.47034508
2019-10-14,0.59019995,0.5202921,0.40335408,0.47029713
2021-01-26,0.59069395,0.5208489,0.40387988,0.47061422
2020-06-30,0.59045714,0.5206368,0.40349206,0.47044998
2024-07-30,0.5904466,0.520652,0.40348026,0.47031063
2019-12-09,0.59102714,0.52120954,0.40401092,0.4708519
2019-05-19,0.590783,0.5208946,0.40365842,0.470616
2024-04-25,0.5908685,0.52103364,0.40381858,0.47073707
2023-09-27,0.58795977,0.5178034,0.40207684,0.4682118
2021-04-04,0.58984613,0.52012646,0.40304396,0.46971714
2021-09-12,0.59004706,0.52062076,0.40332127,0.47008586
2024-10-19,0.5900624,0.5202406,0.40299746,0.47072366
2019-04-28,0.5907278,0.5209242,0.40362823,0.47057587
2023-12-29,0.59103084,0.52121913,0.40400952,0.47088546
2023-03-17,0.58954525,0.52013284,0.40295517,0.46957195
2023-06-27,0.5900896,0.520326,0.40312698,0.47004452
2021-09-29,0.59023106,0.520346,0.40327677,0.47010827
2022-11-22,0.5900393,0.52027947,0.40321925,0.46997663
2022-09-01,0.58861023,0.5186629,0.4019903,0.46918032
2022-06-04,0.5901655,0.5202702,0.40282306,0.46997377
2022-04-10,0.5905286,0.5208393,0.40348792,0.47041366
2022-03-27,0.5903166,0.52062905,0.4033554,0.4699121
2021-04-14,0.5904663,0.5207844,0.40344042,0.47033906
2024-01-24,0.59092,0.5210858,0.40398002,0.47079635
2024-10-14,0.59010226,0.5203307,0.40318325,0.4706645
2024-04-26,0.5907951,0.5209716,0.40373403,0.47066402
2024-08-28,0.58994377,0.5201066,0.40303874,0.46992233
2024-08-18,0.59031,0.5204165,0.40338302,0.47024387
2021-05-21,0.5909105,0.5210357,0.40381804,0.47078368
2024-03-24,0.59071314,0.5209578,0.4037575,0.47061104
2021-08-23,0.59056574,0.5208985,0.40294597,0.47074425
2020-09-12,0.5893828,0.5197259,0.40257013,0.46961054
2020-05-05,0.59082454,0.520992,0.40376747,0.47068667
2020-08-04,0.5907583,0.520917,0.40378565,0.47061563
2022-06-14,0.5900127,0.52015465,0.40290385,0.4697264
2024-03-03,0.5900624,0.520622,0.40352008,0.47007015
2019-09-07,0.5895536,0.5197966,0.40278724,0.46971792
2024-12-27,0.5908898,0.5211258,0.40391,0.47103247
2023-02-03,0.58914876,0.51944274,0.4024943,0.46916762
2020-10-23,0.590528,0.52074873,0.4034898,0.47049907
2020-09-30,0.5905268,0.52076995,0.4035802,0.4705156
2024-02-13,0.59009826,0.5202013,0.40337592,0.47007158
2023-08-05,0.5901353,0.5200819,0.4032383,0.4700223
2021-08-22,0.59065336,0.5208547,0.40318874,0.47072482
2020-06-02,0.58955944,0.519747,0.40261263,0.46955776
2022-03-01,0.5902896,0.52042794,0.40368113,0.4702725
2021-10-09,0.5895449,0.51962245,0.40277717,0.46978363
2023-02-04,0.5892845,0.5195453,0.40258852,0.46930256
2023-10-16,0.5890329,0.51906776,0.40266526,0.46913365
2023-09-30,0.5878628,0.51798606,0.401806,0.46811783
2022-03-25,0.59025186,0.5205751,0.40331042,0.46984205
2020-02-14,0.5908526,0.52089876,0.40383673,0.47071582
2020-04-20,0.5906121,0.5208372,0.403583,0.47049734
2022-08-07,0.5903152,0.52041006,0.40340576,0.4702702
2022-05-20,0.5905681,0.5206432,0.40343788,0.47035694
2023-05-03,0.5908549,0.52111435,0.40382,0.47070527
2022-08-16,0.5882281,0.51836973,0.401721,0.46906027
2024-11-11,0.59023505,0.52057695,0.40331614,0.47094956
2024-01-11,0.59103364,0.52121425,0.40402827,0.47088632
2020-10-17,0.5905763,0.5207955,0.40361482,0.47044194
2023-02-01,0.589277,0.5195708,0.40259138,0.4692741
2024-05-12,0.5904491,0.5205374,0.4031727,0.47029334
2024-07-27,0.5896148,0.51985973,0.40274155,0.46953326
2024-12-24,0.59087485,0.5211237,0.4039093,0.47100052
2024-03-26,0.59056705,0.52083033,0.40357035,0.47055644
2022-06-01,0.5907351,0.5207544,0.40361127,0.47060123
2020-02-29,0.5901845,0.5203284,0.40361464,0.4701888
2022-09-22,0.58786017,0.51759815,0.401258,0.46855804
2023-05-06,0.5908457,0.5211319,0.40385902,0.47075704
2021-09-01,0.59052694,0.52083135,0.40351635,0.47045797
2022-07-27,0.5903973,0.52048075,0.40335935,0.47029883
2022-05-15,0.5907891,0.5210356,0.4036913,0.47058564
2023-02-02,0.589153,0.5194571,0.40248922,0.46917275
2021-02-17,0.5906389,0.5207761,0.40384063,0.47048056
2024-06-17,0.58970785,0.51984686,0.40267655,0.46960884
2021-03-12,0.59075093,0.52100456,0.4037509,0.47048098
2021-12-12,0.59092355,0.5211141,0.40392247,0.47077024
2019-05-05,0.5909008,0.5210717,0.40381256,0.47073898
2023-05-13,0.59081113,0.5211518,0.40393093,0.4706955
2020-09-18,0.590084,0.5204244,0.40321568,0.47023284
2021-06-09,0.59037054,0.52062804,0.4034457,0.47041723
2019-12-14,0.59104925,0.52122307,0.40401623,0.47088873
2021-05-07,0.5908565,0.5210066,0.40375906,0.47067812
2020-12-02,0.59104323,0.52120477,0.4040074,0.4709175
2021-12-23,0.59107107,0.52123874,0.40403575,0.4709107
2023-01-15,0.5891129,0.51939785,0.40249795,0.4691588
2023-12-16,0.591034,0.5212307,0.40399218,0.470886
2021-11-16,0.5905443,0.5207565,0.4035907,0.47049496
2022-08-11,0.5897842,0.51992524,0.40294504,0.46987
2020-12-15,0.59104663,0.521212,0.40401924,0.4708935
2019-10-28,0.5906591,0.52079594,0.4036861,0.47074816
2021-02-18,0.59069777,0.5208817,0.40383515,0.4705727
2023-06-04,0.5894634,0.5198353,0.4027423,0.46949202
2019-11-22,0.59091413,0.5210774,0.40389413,0.4707955
2024-07-09,0.58930564,0.5190695,0.40283737,0.46924892
2023-11-08,0.59017086,0.52034295,0.40339023,0.4703934
2020-11-02,0.5908656,0.5209975,0.40381068,0.4708098
2021-10-06,0.58957654,0.5197026,0.40274385,0.46968257
2021-03-13,0.5906368,0.5208879,0.40367785,0.47038543
2020-05-18,0.59084743,0.5209828,0.4037267,0.4706628
2019-04-12,0.5903412,0.5205767,0.4033267,0.47013894
2024-11-19,0.5905814,0.5208659,0.40359542,0.471007
2022-02-06,0.59094757,0.52108705,0.40394914,0.47081771
2024-06-27,0.5896691,0.51984113,0.40281585,0.46960792
2021-12-21,0.5910489,0.52121526,0.40402532,0.47091538
2023-11-11,0.590228,0.52038765,0.40340307,0.47054675
2022-01-31,0.59100705,0.5211433,0.4039873,0.47085783
2023-05-22,0.59085965,0.5210948,0.40388492,0.47071013
2022-12-14,0.5895094,0.5197961,0.40281105,0.4695113
2022-11-12,0.59054315,0.5207329,0.40359855,0.4704794
2020-07-08,0.5900096,0.52010286,0.40312868,0.47017688
2024-06-04,0.5905614,0.52091295,0.40356886,0.47042683
2022-05-06,0.5905582,0.5207482,0.40349108,0.47034758
2020-10-03,0.59057873,0.52079016,0.40359682,0.4705329
2019-12-24,0.5910736,0.5212446,0.40404913,0.47089842
2021-04-13,0.5904487,0.5207561,0.40343696,0.47029096
2023-04-07,0.58985114,0.52018476,0.40289596,0.46981233
2023-01-06,0.5898869,0.5201127,0.40312946,0.46983895
2024-03-28,0.59065455,0.5209364,0.40363923,0.47060978
2019-11-13,0.59094566,0.5210973,0.4038883,0.47079286
2020-10-20,0.59051335,0.5207441,0.40350467,0.47042957
2022-03-07,0.5902034,0.5203801,0.40367505,0.47018194
2021-01-05,0.59101826,0.5211763,0.40403044,0.47085893
2020-11-30,0.5910426,0.52118576,0.40400112,0.47089362
2024-02-09,0.5903273,0.52045727,0.40352622,0.47026658
2020-11-17,0.5908615,0.5209915,0.40383643,0.4708234
2019-05-08,0.5908687,0.5210091,0.40376368,0.47070208
2023-08-30,0.5888116,0.519163,0.40224257,0.46888015
2024-10-21,0.5901059,0.52026045,0.40294218,0.47075963
2023-08-18,0.5895498,0.51971537,0.4027824,0.46950793
2024-10-22,0.59016937,0.5203106,0.402962,0.47085407
2023-03-21,0.58998984,0.5203217,0.40311438,0.46989927
2021-10-27,0.5886765,0.51915115,0.40204117,0.4692149
2024-10-25,0.58966696,0.5200435,0.40269437,0.4709954
2019-10-05,0.5900334,0.5201822,0.4031883,0.47008353
2020-09-06,0.5901859,0.52044344,0.40322572,0.47028643
2023-11-10,0.59018904,0.5203494,0.40341026,0.4705066
2024-05-08,0.5908063,0.52110577,0.40365422,0.47060314
2024-01-13,0.5910302,0.5212202,0.4040206,0.4708832
2021-12-03,0.5906763,0.52090055,0.40371856,0.47063997
2022-07-11,0.58978,0.5196922,0.40292582,0.46970314
2020-07-14,0.58996856,0.5201023,0.40313837,0.46992317
2020-09-10,0.58945405,0.5197962,0.4026249,0.46972004
2024-03-05,0.5900321,0.52067167,0.4034524,0.470089
2022-02-26,0.5903535,0.520502,0.4037624,0.4703405
2023-07-24,0.59041655,0.5204879,0.4034691,0.47030866
2023-03-09,0.5901867,0.5205044,0.403357,0.47015104
2020-10-29,0.5908433,0.5210112,0.40377718,0.47077534
2019-09-24,0.5892242,0.5194335,0.4027089,0.46926063
2022-07-16,0.58979356,0.51971257,0.40287864,0.4697527
2021-11-21,0.5904463,0.52066195,0.40350005,0.47041032
2020-02-26,0.59045196,0.52057415,0.40376404,0.47041458
2023-11-15,0.590437,0.5206412,0.4035304,0.47054896
2022-08-31,0.5885473,0.51859665,0.4019637,0.4691611
2023-03-18,0.5893939,0.51989335,0.40273517,0.46941072
2019-05-27,0.59037995,0.5204421,0.4033016,0.47023076
2021-04-03,0.59016985,0.5204173,0.40337208,0.4698544
2023-08-06,0.5901052,0.52014166,0.40319923,0.47000554
2021-04-16,0.59072036,0.5209369,0.40369043,0.47049892
2021-03-31,0.5877563,0.51810294,0.40144214,0.46785134
2021-01-17,0.590918,0.5210873,0.4039785,0.47079286
2021-08-06,0.590418,0.51976645,0.40181947,0.47068805
2021-03-11,0.59024006,0.52051497,0.40332994,0.4700205
2021-12-29,0.59109896,0.5212504,0.40403983,0.47093692
2023-09-18,0.5875605,0.5174636,0.40154356,0.46790546
2021-01-20,0.59082127,0.5210085,0.40390548,0.47071224
2019-12-11,0.591029,0.52121896,0.40400735,0.4708629
2024-12-17,0.5908633,0.5210928,0.4039022,0.4709969
2019-05-10,0.5908017,0.5209488,0.4036658,0.4706461
2022-05-04,0.5905584,0.5207635,0.40355387,0.4704532
2019-06-07,0.5900711,0.52024835,0.40324554,0.47004366
2022-02-09,0.5907824,0.52093184,0.40380663,0.47066882
2022-07-30,0.5907036,0.52082586,0.40363178,0.47055402
2021-12-16,0.5909614,0.52114123,0.40395924,0.47083104
2019-11-28,0.5909357,0.52110595,0.40390852,0.47077975
2022-05-18,0.5908711,0.5210567,0.40380082,0.47069216
2024-12-25,0.59088445,0.5211171,0.4039086,0.47100776
2023-12-04,0.5909459,0.5211634,0.4039208,0.47082067
2021-08-05,0.5904115,0.52006143,0.40235388,0.470546
2019-03-31,0.58915025,0.51937425,0.40240368,0.4690803
2019-05-30,0.59013635,0.5199618,0.40338278,0.47030014
2022-06-21,0.59034467,0.5205258,0.4032668,0.47012755
2021-09-30,0.589943,0.5201133,0.40305078,0.46988916
2022-02-18,0.5907662,0.52090704,0.40389,0.47065967
2022-09-02,0.588766,0.51880354,0.40213314,0.46918038
2019-07-11,0.59044653,0.5205863,0.40347505,0.47032756
2021-09-11,0.58996755,0.5205585,0.40325227,0.47004366
2022-04-08,0.59080404,0.5210829,0.40377936,0.47053397
2021-03-09,0.59076554,0.5210378,0.40376645,0.47047576
2020-02-28,0.59027445,0.52040386,0.40368623,0.47027323
2020-07-28,0.5906942,0.5208407,0.4037352,0.47056216
2022-09-17,0.5883376,0.5182478,0.40164238,0.46890965
2022-02-11,0.59077364,0.5209142,0.40382406,0.47066057
2019-09-27,0.58966607,0.51983136,0.40295774,0.4697049
2022-07-08,0.5897457,0.51955175,0.4029317,0.46963966
2023-10-12,0.588478,0.5184105,0.40231025,0.46864188
2022-01-24,0.5910114,0.52116525,0.4039743,0.470867
2020-09-29,0.5906216,0.52081704,0.4036689,0.4705599
2022-09-24,0.5873483,0.51696485,0.40077963,0.46825603
2020-04-26,0.5907683,0.52095205,0.40371707,0.4706368
2020-12-13,0.5910727,0.5212373,0.40404555,0.47090578
2019-04-17,0.59026825,0.52052456,0.40322006,0.47014904
2023-08-29,0.5889209,0.5192603,0.40232888,0.46896857
2022-04-03,0.5906976,0.5210171,0.40369043,0.4703925
2019-05-26,0.5904291,0.52052975,0.40336806,0.47028556
2024-02-24,0.58937174,0.5188779,0.40277067,0.46957538
2020-11-22,0.5908838,0.52101976,0.4038726,0.4708469
2022-12-25,0.5890785,0.51938444,0.40251133,0.46913344
2023-01-17,0.5891186,0.51937866,0.40246102,0.46915156
2024-12-31,0.59091485,0.52116084,0.40393072,0.47101757
2019-03-27,0.59017885,0.52039963,0.40326846,0.4700208
2021-04-28,0.59084725,0.5210454,0.40376598,0.47068256
2019-08-27,0.58823836,0.518292,0.40165678,0.46917012
2023-10-26,0.58986855,0.52004904,0.40311405,0.46991822
2022-03-10,0.5905771,0.5207925,0.4037627,0.4704835
2023-10-01,0.5880166,0.51819056,0.40180853,0.46824437
2020-09-08,0.5895105,0.5197583,0.4026371,0.46968532
2019-06-29,0.5901483,0.5201517,0.40317777,0.47003314
2023-09-10,0.58590186,0.51630956,0.399991,0.4662243
2023-02-24,0.5892134,0.5196737,0.40254617,0.4693226
2023-07-01,0.58840626,0.51862067,0.40173885,0.46853304
2021-07-11,0.5904171,0.5205102,0.40354013,0.47024605
2020-07-09,0.589855,0.51988256,0.40312225,0.46998236
2022-01-12,0.59110075,0.5212506,0.40404728,0.47094226
2024-05-29,0.5905392,0.52086604,0.40344858,0.47046587
2019-09-05,0.58867794,0.5189811,0.4019882,0.46933487
2020-11-27,0.5909682,0.5211334,0.40393546,0.47087607
2020-11-14,0.5908871,0.5210299,0.4038515,0.47084212
2019-05-20,0.5907438,0.5208477,0.4036031,0.47058555
2023-01-27,0.5892467,0.5195201,0.40257367,0.46926692
2021-08-20,0.59082544,0.52099156,0.40354946,0.47079435
2022-12-08,0.58964485,0.5199168,0.40289783,0.4696098
2022-09-06,0.5891254,0.5191501,0.40233865,0.46940342
2020-08-28,0.5900262,0.52020174,0.40314007,0.47006547
2021-06-11,0.5900986,0.5202953,0.4032296,0.47014168
2023-06-23,0.590199,0.52035165,0.40317285,0.47004136
2020-03-19,0.59074914,0.5210831,0.40365052,0.4705799
2019-05-24,0.59061235,0.5207396,0.4035058,0.47046998
2024-08-20,0.59034795,0.52048206,0.40340963,0.4702787
2021-08-11,0.58978397,0.5203396,0.40272513,0.46982306
2022-08-05,0.5905542,0.52067363,0.4035781,0.47043538
2024-06-29,0.5897359,0.5199197,0.402918,0.46965167
2021-04-17,0.5907983,0.5210331,0.4037458,0.47056183
2019-10-12,0.590211,0.5203249,0.4033485,0.47030365
2023-02-11,0.58936626,0.5195286,0.40258265,0.46933073
2020-04-15,0.5904753,0.520763,0.40337405,0.4703137
2022-03-28,0.59011286,0.52043706,0.40320775,0.4697632
2023-03-12,0.5899421,0.5202486,0.40314853,0.469906
2020-08-08,0.5906797,0.5208337,0.40370658,0.47054943
2020-02-01,0.5908285,0.5209014,0.40377584,0.47069475
2023-01-25,0.5892087,0.51949215,0.40250638,0.46922785
2024-06-14,0.58881533,0.5195829,0.4028982,0.46872106
2019-11-12,0.59090865,0.5210506,0.40385866,0.47078323
2020-10-31,0.5908713,0.5210299,0.4038102,0.47080097
2023-01-13,0.5891165,0.51937836,0.40249965,0.4691675
2020-12-08,0.5910599,0.5212336,0.40403113,0.47090155
2022-06-27,0.5903458,0.5202847,0.40345377,0.47021684
2023-11-13,0.590357,0.5205216,0.40351635,0.4705479
2020-11-29,0.5910035,0.5211718,0.40396395,0.47090435
2023-04-14,0.5898767,0.52021754,0.40284878,0.46977964
2020-06-13,0.58993787,0.5199581,0.40265113,0.469677
2020-12-11,0.5910745,0.5212286,0.40404308,0.4709043
2020-02-03,0.5909752,0.52109075,0.4039576,0.4708277
2022-03-17,0.590722,0.5210203,0.4037215,0.47045785
2020-03-20,0.5907202,0.52102107,0.4036213,0.47048935
2024-07-16,0.5898708,0.51980406,0.40307662,0.46981126
2024-09-22,0.58826184,0.5180204,0.40223762,0.4682442
2024-09-21,0.5894392,0.5193867,0.40293017,0.4695524
2020-12-22,0.5910143,0.5211676,0.40399703,0.4708677
2024-07-06,0.58913165,0.5189618,0.40265375,0.46902704
2020-11-23,0.59089935,0.52104425,0.4038807,0.4708499
2023-01-12,0.5891265,0.5193909,0.4025077,0.4691519
2020-02-21,0.59069955,0.520826,0.40380508,0.4706059
2019-12-07,0.5909917,0.5211838,0.40397015,0.47082123
2022-03-16,0.59038514,0.5206863,0.40341523,0.47019038
2021-11-02,0.5891201,0.51948845,0.40223536,0.46953273
2023-04-28,0.5907227,0.5210711,0.4035844,0.47052214
2021-07-22,0.58906835,0.5194156,0.40252027,0.4692949
2021-06-13,0.5895567,0.5197626,0.40278736,0.46969336
2023-04-20,0.5906277,0.5209944,0.40351847,0.47044984
2019-03-30,0.5893497,0.5195832,0.4025328,0.46929613
2019-11-26,0.5908991,0.52106005,0.40386203,0.47075787
2024-11-21,0.59074473,0.5210047,0.40372205,0.47092992
2019-12-13,0.59104097,0.5212311,0.4040186,0.47087437
2020-10-21,0.5905997,0.52081245,0.40356264,0.47050187
2024-04-11,0.59070784,0.5209218,0.4036555,0.4706384
2023-05-23,0.59073895,0.52086884,0.40373948,0.47060153
2020-12-19,0.59105545,0.5212166,0.40402707,0.4708946
2021-12-09,0.5907828,0.52099836,0.4038162,0.47074056
2021-01-09,0.59096456,0.5211307,0.4039857,0.4708202
2024-07-02,0.5899439,0.5199394,0.40319493,0.46978495
2023-06-06,0.59004503,0.52035093,0.4031441,0.46999106
2021-01-10,0.59096646,0.5211324,0.4039885,0.4708121
2023-08-28,0.5888382,0.51928574,0.40227613,0.4689647
2023-07-02,0.5884835,0.518708,0.40179953,0.46860686
2020-02-18,0.59072626,0.5207871,0.4037467,0.4706312
2020-07-18,0.5906031,0.52078515,0.4036769,0.4704816
2019-04-29,0.59067106,0.5208851,0.4035871,0.47053862
2021-09-17,0.59031403,0.52062196,0.40337804,0.47038612
2020-10-07,0.59050286,0.5207582,0.4035035,0.4705007
2021-03-25,0.587265,0.51758754,0.40085953,0.46739796
2021-03-14,0.590469,0.52071846,0.40352193,0.47023058
2023-08-09,0.5899629,0.52002144,0.403065,0.4698981
2022-02-20,0.5906624,0.5207982,0.40386114,0.47057435
2021-05-10,0.59090084,0.521037,0.40378845,0.4707283
2023-08-01,0.59034497,0.52042896,0.40339404,0.47024372
2020-05-25,0.5908576,0.5209763,0.40380964,0.4706657
2022-05-22,0.59021604,0.52030176,0.40320495,0.47012874
2024-05-23,0.5900117,0.5201384,0.4028693,0.46999636
2023-12-22,0.5910255,0.52119464,0.40398395,0.47087806
2024-04-04,0.59065264,0.5209078,0.4035948,0.4706188
2022-04-09,0.59085554,0.52110225,0.40382344,0.4705931
2022-09-03,0.58905995,0.51913154,0.40234953,0.46934232
2020-12-21,0.5910569,0.52123046,0.40403882,0.470906
2023-09-16,0.5874441,0.517382,0.40150836,0.4677446
2021-03-02,0.59062666,0.52094984,0.4036575,0.47044182
2019-07-06,0.5903852,0.52053815,0.40339005,0.47029823
2024-03-10,0.59020424,0.5205866,0.40345868,0.47021863
2023-04-09,0.5895554,0.51992863,0.40258047,0.46952474
2023-07-17,0.5905983,0.52067846,0.40366432,0.47044194
2023-08-11,0.58940095,0.5193773,0.40258628,0.46934706
2019-10-30,0.5908281,0.52092165,0.40381068,0.47074616
2023-11-28,0.5908506,0.52106047,0.40383306,0.4707694
2021-06-18,0.5881014,0.51839,0.40159678,0.46844617
2021-07-26,0.58997345,0.5203961,0.4033825,0.47002986
2022-08-24,0.58550507,0.5151814,0.39965582,0.46833935
2020-08-30,0.5904091,0.5205676,0.40343156,0.4704073
2023-09-20,0.5877349,0.51770204,0.40164816,0.46791324
2023-06-02,0.59010524,0.52039367,0.40329373,0.47005773
2022-11-15,0.59053946,0.52070385,0.40359277,0.4704147
2023-03-22,0.58931565,0.51971173,0.40255636,0.4693439
2023-09-11,0.586705,0.5171272,0.400644,0.4669591
2020-10-15,0.5905942,0.5208619,0.40358323,0.47050086
2023-03-31,0.5900182,0.5203656,0.40306827,0.4699774
2024-10-18,0.5899392,0.52018076,0.40295625,0.47074088
2023-12-31,0.59100145,0.5211927,0.40400368,0.47085017
2022-07-14,0.5897723,0.51972777,0.40288842,0.46972892
2024-09-27,0.5897559,0.51961863,0.40320465,0.46960643
2024-10-05,0.5903481,0.52053523,0.40350276,0.47044033
2020-03-23,0.5909514,0.52116716,0.40389383,0.4706944
2022-06-13,0.5902059,0.52030325,0.40304795,0.4699158
2022-03-05,0.590176,0.5203458,0.4036653,0.4701674
2019-10-24,0.5907351,0.5209054,0.40372664,0.47077322
2020-08-14,0.59062064,0.5207165,0.40362728,0.47050563
2023-06-08,0.5901916,0.52042186,0.4032103,0.47009808
2022-03-22,0.59049916,0.5208087,0.40353033,0.47020912
2023-11-29,0.59087193,0.52108216,0.40383837,0.4707564
2019-06-02,0.5884161,0.51743907,0.40334997,0.4701011
2020-02-20,0.59078264,0.5209017,0.4038565,0.47067615
2023-12-17,0.5910084,0.5212054,0.40397537,0.47085696
2019-12-22,0.59105647,0.5212328,0.40403572,0.4708805
2022-03-24,0.59055173,0.5209254,0.40352994,0.4702068
2021-06-30,0.5904925,0.52060723,0.40359354,0.47049797
2023-12-30,0.59099394,0.5211744,0.40398797,0.47085163
2023-05-19,0.5907723,0.52104664,0.40384153,0.47060683
2023-03-29,0.58979636,0.5201884,0.4029012,0.46977717
2021-08-28,0.59052694,0.5207176,0.40348965,0.470393
2024-03-25,0.59053856,0.5208201,0.40357724,0.4705061
2023-08-20,0.5894384,0.5196307,0.40265042,0.4694479
2021-02-03,0.5903752,0.52051765,0.40370247,0.4703532
2023-01-23,0.58935684,0.51961946,0.4026121,0.46936822
2021-09-27,0.5898545,0.52000666,0.4030001,0.46968105
2021-06-27,0.5905414,0.52065444,0.4036084,0.47050577
2020-09-24,0.59037817,0.5206829,0.403504,0.47038272
2022-06-07,0.59028876,0.52042514,0.40300283,0.46991628
2023-07-15,0.5904361,0.5204771,0.40346694,0.47027683
2020-07-02,0.5902063,0.52023983,0.40343425,0.47024992
2020-12-29,0.59100586,0.52117187,0.4040007,0.47086394
2022-03-30,0.5904337,0.52077955,0.40347534,0.47000754
2020-07-03,0.5900351,0.52005786,0.4032383,0.4701188
2019-11-14,0.5909538,0.52109164,0.40390676,0.47080398
2020-02-10,0.59091026,0.5209952,0.4038587,0.47077358
2023-05-15,0.5907836,0.5210646,0.4038611,0.47063115
2021-07-02,0.5898545,0.51991194,0.40311027,0.47009984
2021-05-12,0.5908784,0.52103037,0.40375495,0.47071603
2022-04-22,0.5904867,0.5208197,0.4032574,0.47031072
2023-01-29,0.5895935,0.5198442,0.40282267,0.46957922
2024-12-09,0.5908571,0.5210931,0.40386707,0.47101903
2024-07-03,0.5900275,0.5200468,0.4032141,0.4698281
2020-03-29,0.5902304,0.5205344,0.40322882,0.46994072
2021-02-08,0.59030974,0.52039003,0.40368786,0.47025362
2021-07-24,0.5892521,0.5196069,0.40273818,0.46937415
2020-09-25,0.59042746,0.52071273,0.40350643,0.47043067
2022-01-08,0.59111214,0.521255,0.4040595,0.4709491
2020-06-12,0.5901976,0.5202595,0.40299067,0.46996918
2023-10-27,0.5900277,0.5202491,0.4032276,0.47002575
2024-07-28,0.5900736,0.5203947,0.40317053,0.4700126
2020-07-05,0.5900061,0.51997423,0.40323076,0.47006628
2022-09-13,0.5881259,0.5180492,0.40146548,0.46876103
2024-05-03,0.59069145,0.52087444,0.403535,0.47055298
2022-12-07,0.5896387,0.51989925,0.40288004,0.4696116
2021-06-29,0.5906372,0.52077454,0.40366006,0.47053882
2020-08-17,0.59063995,0.5207383,0.40363842,0.47052526
2020-09-15,0.5895573,0.5199723,0.40272528,0.46976224
2024-01-09,0.59102744,0.52119786,0.40401617,0.47087917
2021-07-23,0.5887715,0.5192197,0.40226194,0.4690157
2020-11-12,0.5909247,0.5210567,0.40389195,0.4708879
2024-07-26,0.5889521,0.5191037,0.40216509,0.46890724
2024-08-03,0.5905094,0.5207872,0.40345713,0.47037798
2021-12-17,0.5910019,0.5211946,0.40399894,0.4708476
2023-09-07,0.58625335,0.51687866,0.40036312,0.4667051
2021-05-24,0.5907586,0.5208362,0.40376326,0.4707288
2022-04-02,0.59086406,0.5211673,0.40382668,0.47050357
2019-09-16,0.58857083,0.51883006,0.40225,0.4687454
2019-11-24,0.5909124,0.52106684,0.40388364,0.47077194
2022-12-26,0.58905613,0.5193522,0.40250838,0.46911398
2019-11-20,0.59098816,0.52111316,0.40394136,0.4708091
2023-02-14,0.5894302,0.5196579,0.4026488,0.46938434
2021-03-08,0.5906468,0.520915,0.4036801,0.47040695
2023-04-08,0.58964753,0.51999664,0.40270773,0.46961412
2020-04-07,0.5894552,0.5198685,0.40253505,0.4691899
2023-11-25,0.59082884,0.5210613,0.40381336,0.4707723
2019-09-25,0.58943623,0.5196521,0.40279484,0.46946973
2024-11-26,0.59053606,0.5208455,0.40355092,0.4710913
2021-08-04,0.5903429,0.5202555,0.40276387,0.47042674
2022-03-15,0.5904888,0.5207622,0.40355647,0.47030866
2020-11-28,0.59098566,0.5211244,0.4039549,0.47086978
2020-04-05,0.58975154,0.5201225,0.4028122,0.4693492
2023-03-07,0.59004766,0.5204367,0.40327325,0.47001708
2021-06-19,0.5887418,0.5189568,0.40211746,0.46916446
2019-10-23,0.59069353,0.5208556,0.40373737,0.470716
2023-06-09,0.5902908,0.52050817,0.40328294,0.4702026
2023-08-03,0.590271,0.5203089,0.4033689,0.4701699
2019-04-20,0.5907194,0.5209725,0.4035626,0.47051337
2019-05-17,0.59070027,0.52083045,0.40361518,0.47056913
2021-08-15,0.59050333,0.5207433,0.40349695,0.47036105
2020-10-09,0.59044635,0.52069026,0.40342483,0.47047728
2021-11-17,0.5905932,0.52079964,0.40363923,0.4704966
2024-06-23,0.5903363,0.5204744,0.4033743,0.47027835
2020-09-14,0.5894114,0.51980025,0.40257254,0.4696622
2024-10-17,0.59000176,0.52022207,0.40299854,0.47080556
2020-04-16,0.59068215,0.52092224,0.4036212,0.47054252
2019-11-06,0.5908792,0.52103347,0.40381953,0.47080877
2023-01-09,0.5890864,0.5193692,0.4025035,0.469127
2024-04-13,0.5907527,0.5209438,0.40370542,0.4706663
2024-03-19,0.59024477,0.52056795,0.40326023,0.47039846
2023-05-26,0.5907541,0.52101827,0.4037482,0.4705879
2024-08-16,0.5902043,0.520374,0.40330398,0.47013003
2023-07-14,0.59037024,0.52041674,0.40343955,0.4701991
2021-06-22,0.58959377,0.5197318,0.40277997,0.4700971
2024-10-07,0.5903336,0.5205429,0.40347043,0.47051165
2019-12-03,0.5910221,0.5212031,0.40399987,0.4708396
2021-01-24,0.5907084,0.5208716,0.40386733,0.47061595
2024-12-16,0.59083,0.5210739,0.4038627,0.47103962
2021-01-27,0.59067726,0.52081937,0.4038743,0.47057852
2024-11-09,0.5901372,0.5205346,0.40322664,0.47092137
2023-03-16,0.58976185,0.52017,0.40305865,0.4697498
2021-08-07,0.5904173,0.5201932,0.4024303,0.4706085
2019-08-20,0.5897795,0.5197712,0.4028818,0.46997824
2021-02-23,0.590897,0.52116203,0.4038847,0.4707275
2022-07-28,0.5904795,0.52056515,0.40343344,0.47035867
2019-03-28,0.59052265,0.5207364,0.40353802,0.4703169
2023-09-28,0.58785486,0.5177362,0.40202573,0.46812344
2024-03-13,0.5902222,0.5205489,0.4033929,0.4702733
2021-01-31,0.59040344,0.52055424,0.4037276,0.47036374
2020-10-24,0.5905203,0.520735,0.40342796,0.47055086
2021-09-15,0.5901401,0.52071613,0.40335467,0.47014725
2020-06-25,0.5892411,0.51962143,0.40247926,0.4695197
2019-12-04,0.5910172,0.5211923,0.40399262,0.4708269
2020-12-01,0.5910736,0.5212232,0.40402624,0.47091168
2022-01-29,0.5909691,0.52111506,0.40393108,0.47083774
2024-04-28,0.59085566,0.5210121,0.40377685,0.47071984
2023-08-23,0.5893664,0.5196083,0.4026469,0.46937743
2024-06-19,0.59002453,0.520034,0.40294558,0.4699652
2021-01-15,0.59095323,0.52112234,0.4040016,0.47080714
2021-12-18,0.5910313,0.52120185,0.40400243,0.47087902
2022-12-31,0.58961624,0.51985025,0.40290943,0.46963057
2024-04-23,0.5908362,0.5210157,0.4037994,0.47070166
2019-07-16,0.5905623,0.52067995,0.4036362,0.4704647
2021-02-02,0.59036404,0.52051455,0.40369588,0.47030202
2019-10-31,0.5909037,0.5210239,0.40389097,0.47081882
2024-05-06,0.5907048,0.5208313,0.40342835,0.47053754
2022-09-25,0.5871187,0.5167553,0.40054992,0.46815285
2022-01-21,0.5910839,0.5212373,0.40404946,0.47092617
2020-11-24,0.5909292,0.5210823,0.40389812,0.47085318
2019-06-13,0.5900842,0.5201596,0.40329614,0.47002935
2024-08-01,0.59045917,0.5207284,0.4034114,0.470342
2022-05-24,0.59022206,0.5203286,0.40328082,0.47017694
2020-10-25,0.59061986,0.5208287,0.4035257,0.4705968
2022-02-21,0.5906396,0.5207748,0.4038543,0.47054908
2023-08-31,0.58865684,0.5189512,0.40210837,0.46870446
2020-09-28,0.59056854,0.52081585,0.40360263,0.47053772
2019-06-09,0.59017015,0.52028674,0.40324557,0.4700831
2024-10-03,0.5903719,0.5204833,0.40349168,0.4702935
2024-09-02,0.5894973,0.5196641,0.40273213,0.4695005
2019-12-26,0.59107536,0.5212485,0.40403956,0.47090313
2023-02-28,0.59006405,0.52035683,0.4032114,0.4700243
2022-08-22,0.58659184,0.5164715,0.4005565,0.46868727
2020-09-04,0.58898616,0.5192934,0.4022229,0.4692526
2023-12-11,0.5909588,0.52116513,0.40393654,0.47085333
2021-04-29,0.59084034,0.52102387,0.40374678,0.4706608
2024-01-12,0.59102815,0.52120686,0.40401894,0.47088218
2023-01-07,0.59035414,0.52054775,0.40348506,0.47026944
2020-06-03,0.58995205,0.5201083,0.40293512,0.4699084
2021-01-19,0.59089386,0.52106225,0.40395877,0.4707674
2024-12-23,0.59086186,0.5211036,0.40389475,0.47100234
2022-06-08,0.5904059,0.52052224,0.40317866,0.47007322
2019-12-18,0.591028,0.52122813,0.40400684,0.47088134
2022-08-30,0.5857767,0.5155837,0.39984807,0.46824718
2019-12-12,0.59103596,0.5212315,0.4040212,0.4708691
2022-02-23,0.5905153,0.52066106,0.4037994,0.470464
2023-02-27,0.5900359,0.5203758,0.4032034,0.4700228
2020-06-20,0.58860743,0.51908934,0.402,0.46894404
2022-06-10,0.5902554,0.5203459,0.40299416,0.46990758
2024-09-12,0.59015375,0.52018815,0.40337995,0.47013915
2020-03-16,0.5907359,0.5210339,0.40365577,0.47058487
2020-06-17,0.59006387,0.52013034,0.40313816,0.4700702
2022-12-22,0.589806,0.5200505,0.40307552,0.46978897
2023-09-25,0.588017,0.5177729,0.4021712,0.4682744
2022-07-22,0.5899928,0.52005315,0.40305904,0.47001022
2021-07-18,0.5891372,0.519406,0.40250197,0.46932226
2021-04-10,0.5900575,0.5203581,0.40311164,0.47001848
2024-09-07,0.5897439,0.5198549,0.40297663,0.46976274
2022-11-01,0.5903727,0.520531,0.40345088,0.4705018
2024-08-10,0.59053093,0.5206828,0.40358981,0.4704058
2020-12-25,0.5910309,0.5211837,0.4040233,0.47087798
2023-02-26,0.59019035,0.52050984,0.40332824,0.47013608
2024-05-13,0.58976084,0.5199149,0.402705,0.46967763
2021-01-04,0.59102386,0.5211758,0.4040369,0.47086358
2020-06-14,0.5900617,0.5201598,0.40296575,0.46990538
2021-01-01,0.5909861,0.5211486,0.40398556,0.47083145
2019-05-13,0.59072477,0.5208807,0.4036563,0.47059584
2022-05-01,0.5905278,0.5207323,0.4034948,0.4703707
2023-12-02,0.5909205,0.52114195,0.40390268,0.47080132
2021-04-27,0.59090555,0.52110636,0.40382442,0.47073227
2023-07-31,0.5903886,0.52047104,0.40340218,0.4702665
2020-12-18,0.5910133,0.5211675,0.4040068,0.47086373
2024-07-15,0.5895397,0.5194232,0.40286344,0.4696124
2021-05-02,0.5908733,0.521056,0.40379024,0.4706684
2022-05-29,0.5906092,0.5206485,0.40347072,0.47051543
2021-05-27,0.59033453,0.5202156,0.40382102,0.47067684
2021-01-06,0.5910084,0.5211587,0.4040266,0.4708497
2019-10-10,0.59029704,0.5204311,0.4034056,0.4703246
2020-12-09,0.5910572,0.5212288,0.40402445,0.47090906
2020-03-30,0.5909673,0.52117854,0.40393147,0.4706362
2023-02-25,0.58998156,0.52044815,0.40323064,0.47000337
2023-07-11,0.5901562,0.52012724,0.40323186,0.4700068
2021-02-14,0.5903482,0.5204432,0.4037827,0.47028822
2023-04-30,0.5908047,0.5211142,0.40372178,0.47061253
2023-08-13,0.58869773,0.5187759,0.402055,0.46877632
2021-12-30,0.59109527,0.5212459,0.4040347,0.4709248
2019-06-06,0.5902347,0.5204342,0.40336698,0.470191
2022-02-07,0.59095246,0.5210994,0.40396687,0.47081465
2024-02-06,0.59056574,0.5207245,0.4037421,0.47049004
2021-06-17,0.5879983,0.5183249,0.40150982,0.46824798
2020-08-23,0.59053236,0.5207452,0.40366736,0.47049823
2021-11-26,0.5906537,0.5208859,0.40368196,0.47058728
2023-12-03,0.5909263,0.5211504,0.40390456,0.47081
2019-09-23,0.58914715,0.51935214,0.40262726,0.46918872
2023-05-05,0.59086955,0.5211774,0.40388447,0.4707623
2022-05-25,0.589215,0.5193903,0.4024065,0.46932805
2021-09-26,0.590248,0.5203263,0.40334973,0.47006965
2022-03-18,0.59088933,0.5211671,0.40388855,0.47056168
2024-12-10,0.5908677,0.52111435,0.40387166,0.4710074
2022-08-18,0.58705425,0.5169916,0.40090668,0.46877015
2024-09-24,0.58828145,0.51794267,0.40232515,0.46811417
2023-01-30,0.58923656,0.51951313,0.4025549,0.46924183
2020-02-08,0.5908813,0.5209571,0.40384015,0.47075203
2019-04-11,0.59030664,0.5205458,0.4033194,0.47007447
2021-08-09,0.589772,0.5201584,0.40260282,0.4698601
2021-12-25,0.5910924,0.5212523,0.4040493,0.47092307
2020-02-22,0.5905972,0.5207032,0.4037,0.47052774
2019-08-28,0.58808804,0.51819056,0.40154868,0.46909928
2021-01-22,0.59071964,0.52089113,0.4038298,0.4706249
2020-01-22,0.5910231,0.52116096,0.4039773,0.47087166
2022-06-12,0.59010273,0.52022284,0.4029153,0.4697766
2020-05-01,0.5908399,0.5210159,0.4037592,0.4707078
2024-12-21,0.59080964,0.5210638,0.40387157,0.47103408
2019-05-28,0.5902775,0.52031726,0.40323922,0.4701592
2022-12-16,0.58949167,0.5197834,0.4028026,0.46949562
2020-08-13,0.5906097,0.5207294,0.40360582,0.47048947
2020-09-07,0.58978504,0.5200174,0.40286034,0.46992865
2024-09-23,0.5874205,0.51700115,0.4017399,0.46727902
2021-07-21,0.58987546,0.5201968,0.4029863,0.4699476
2019-10-08,0.59015924,0.52032834,0.4032994,0.47021145
2023-01-21,0.589193,0.51945955,0.40250924,0.46922955
2023-08-08,0.5900091,0.52006996,0.40311706,0.46996298
2019-04-27,0.59079117,0.5209727,0.40367994,0.47063968
2019-05-06,0.59086126,0.5210039,0.40375283,0.47071
2023-06-07,0.5900743,0.52038026,0.40312287,0.47002417
2020-08-25,0.5905392,0.52064055,0.4035667,0.47048086
2024-08-23,0.5901885,0.52023923,0.40327045,0.47011742
2024-03-14,0.58999765,0.5203359,0.40309486,0.47014958
2024-07-07,0.5894532,0.51928556,0.40289813,0.46929926
2024-03-04,0.58995575,0.5205327,0.40337038,0.4699816
2024-01-18,0.5909873,0.5211666,0.4039946,0.4708483
2022-12-05,0.5896129,0.5198964,0.402882,0.46956837
2024-01-16,0.59100336,0.52118456,0.40401116,0.47086146
2023-02-12,0.589452,0.51963866,0.4026644,0.4694061
2020-12-06,0.5910568,0.52120906,0.4040187,0.470901
2024-02-07,0.5904947,0.52063787,0.40368906,0.47041744
2022-11-16,0.5904222,0.5206236,0.4034941,0.47033983
2024-04-29,0.5907952,0.5209687,0.40370908,0.47064707
2022-01-17,0.5910858,0.521239,0.40402952,0.47092676
2024-07-18,0.58984596,0.51988053,0.4029941,0.46967608
2023-05-11,0.59083265,0.5211169,0.4039232,0.470713
2024-08-11,0.59049994,0.5206598,0.40353873,0.47037846
2021-10-17,0.58893824,0.5191195,0.40247643,0.46961907
2023-04-18,0.5903197,0.52068204,0.40321496,0.4701386
2023-05-25,0.5906943,0.5209196,0.4037265,0.47055718
2021-12-06,0.5907795,0.5209827,0.40380406,0.4706777
2021-10-24,0.5892309,0.5196142,0.40251994,0.469624
2020-12-31,0.59097797,0.52113247,0.4039791,0.47083756
2024-06-11,0.58991694,0.5203993,0.4033452,0.4697749
2023-03-05,0.58999217,0.52041477,0.40325242,0.46996078
2020-11-05,0.5909789,0.5211181,0.4039559,0.47088447
2021-02-01,0.5903879,0.52054447,0.40369463,0.4703436
2021-12-31,0.59106314,0.5212191,0.40400034,0.47090402
2024-09-11,0.59025806,0.5203697,0.4033931,0.47023743
2020-09-03,0.5895774,0.5198216,0.40271923,0.46974182
2022-07-12,0.58982366,0.519759,0.40293846,0.4697498
2021-11-18,0.5905305,0.52074933,0.40358394,0.47048202
2023-03-23,0.58916,0.519495,0.40244907,0.46921465
2024-07-11,0.589756,0.51968586,0.40302858,0.4697122
2024-04-16,0.59092796,0.5211181,0.4038917,0.47079122
2022-11-21,0.59008014,0.5203073,0.40326217,0.4700238
2019-05-11,0.5907654,0.5209017,0.40366358,0.47062552
2023-04-22,0.5904765,0.5208687,0.40331197,0.47023648
2019-06-17,0.59000486,0.520106,0.4030867,0.46997142
2022-08-29,0.5847039,0.5143556,0.39905939,0.4679907
2023-04-16,0.5899419,0.5202735,0.40285277,0.4698184
2020-01-28,0.5909756,0.52108747,0.4039348,0.47082636
2022-05-08,0.59034085,0.5205544,0.40326318,0.470063
2024-12-22,0.59078765,0.5210459,0.40385064,0.47104883
2024-04-30,0.5907677,0.5209099,0.4036259,0.4706165
2021-12-20,0.5910619,0.5212244,0.40402305,0.47092375
2019-11-08,0.5909612,0.521089,0.40389463,0.47081077
2023-11-01,0.5900184,0.5202393,0.40325713,0.47011015
2021-04-30,0.5908299,0.5210021,0.40374762,0.47062737
2020-04-02,0.5903303,0.5206017,0.4033367,0.46987668
2019-04-04,0.5904788,0.52072996,0.40353772,0.47020543
2024-08-19,0.59032094,0.52045196,0.40338236,0.4702357
2024-06-15,0.5889916,0.5194996,0.40261757,0.46891373
2021-12-08,0.59079075,0.5210041,0.40383145,0.47067395
2022-02-24,0.5904557,0.5205852,0.40377086,0.47041503
2023-03-14,0.5897463,0.52001566,0.40295875,0.46972656
2021-07-09,0.5905861,0.5206287,0.40370637,0.47035676
2023-01-05,0.5890389,0.5193088,0.40247244,0.46909562
2022-05-31,0.5906493,0.52064836,0.40349942,0.4705309
2023-09-13,0.5873485,0.51738286,0.40108556,0.46772978
2022-04-01,0.590668,0.5209583,0.40364394,0.47025657
2023-06-10,0.5904243,0.5205984,0.40340498,0.4703264
2023-07-29,0.5903492,0.52041745,0.40338418,0.4702297
2022-07-06,0.5898925,0.51972055,0.4030586,0.46976924
2020-09-17,0.5898803,0.520236,0.40304005,0.47002333
2023-06-20,0.59030294,0.52043355,0.40324602,0.47001985
2022-03-13,0.5906393,0.520922,0.40370944,0.47048035
2020-10-06,0.59051484,0.52074766,0.403488,0.47048518
2023-12-10,0.59097326,0.521192,0.40394905,0.47083542
2019-11-17,0.5909489,0.52108777,0.40390754,0.47077766
2023-10-04,0.5881035,0.51833224,0.4018621,0.46830234
2022-01-27,0.5909836,0.5211252,0.40394676,0.4708455
2021-04-19,0.59075254,0.5210063,0.40370318,0.47054157
2024-09-25,0.58854115,0.51821107,0.40249625,0.4683537
2022-09-05,0.5890289,0.519041,0.40226918,0.46934432
2024-11-15,0.5904651,0.52077615,0.40350178,0.4709506
2023-08-19,0.5894885,0.5196496,0.402691,0.46946737
2020-01-24,0.59100986,0.52114916,0.40397146,0.47085845
2024-05-05,0.59073675,0.52083695,0.40340587,0.47057176
2020-07-30,0.5906902,0.52082026,0.4037261,0.47055435
2024-03-11,0.5900896,0.5204722,0.40331405,0.470154
2021-12-22,0.5910717,0.52124107,0.40403536,0.47092825
2022-03-19,0.5908349,0.5211129,0.40382034,0.47052392
2022-02-05,0.5909101,0.521054,0.4039175,0.4707751
2023-11-20,0.59067947,0.520902,0.40370363,0.47073987
2022-06-19,0.5902887,0.52038896,0.40315658,0.47002417
2020-10-19,0.59049,0.5207485,0.4035013,0.4704301
2024-06-24,0.5900661,0.5202622,0.4030703,0.4700337
2024-10-01,0.5903444,0.52038133,0.40348554,0.470181
2022-07-26,0.59031314,0.5203755,0.40328303,0.47024482
2024-01-29,0.59082526,0.5210033,0.40392166,0.4706983
2022-01-15,0.5910873,0.5212366,0.404034,0.47092924
2020-03-06,0.5900431,0.52016294,0.40357938,0.47007123
2020-10-13,0.59059906,0.5208403,0.40359813,0.47053355
2022-04-11,0.59026206,0.5205703,0.4032439,0.4702351
2022-03-20,0.59083486,0.52114373,0.40382537,0.47055253
2021-09-09,0.5901631,0.52053547,0.403308,0.47014692
2021-11-30,0.59060496,0.5208269,0.40364328,0.47050393
2023-08-22,0.58932555,0.5195564,0.40261155,0.46934095
2022-12-23,0.58916146,0.5194735,0.40257615,0.46921378
2023-12-21,0.59103954,0.5212166,0.40399837,0.47088352
2024-05-24,0.58996934,0.52016497,0.4028551,0.4700681
2022-02-03,0.5909814,0.52112186,0.4039622,0.47083145
2024-10-06,0.59037,0.52056164,0.40348145,0.4705064
2021-10-03,0.5896681,0.51986396,0.40280572,0.46970478
2024-08-24,0.5901282,0.52020484,0.40320352,0.47005558
2020-08-29,0.59021664,0.5203635,0.4032957,0.47024032
2023-12-13,0.5909685,0.5211704,0.40393937,0.470823
2024-02-29,0.5900017,0.52045125,0.4034134,0.4699765
2021-04-23,0.5907658,0.5209799,0.4037042,0.47056183
2024-09-17,0.5901796,0.5201796,0.40338326,0.47017702
2023-10-30,0.58997196,0.52021784,0.4032242,0.47004226
2019-10-15,0.5903569,0.5204569,0.40347227,0.47038764
2022-12-29,0.5890766,0.5193723,0.40250823,0.46913412
2023-07-05,0.5879241,0.5181245,0.40127096,0.46796584
2024-09-28,0.5898806,0.5198128,0.40328172,0.46979222
2024-12-20,0.5908618,0.5210989,0.40391833,0.47097763
2021-04-08,0.59025246,0.52053356,0.40333915,0.4700584
2023-07-30,0.5903303,0.5204074,0.40335873,0.47022295
2021-05-11,0.5908503,0.5209927,0.40372708,0.47067007
2022-11-13,0.59058464,0.5207724,0.4036386,0.47047412
2024-10-24,0.58985305,0.5201246,0.40280804,0.47091407
2019-11-16,0.5909713,0.5211077,0.4039084,0.4708031
2021-07-30,0.59004855,0.5204036,0.4032605,0.47017092
2020-10-16,0.5906174,0.5208575,0.40364024,0.47049078
2024-05-16,0.5879911,0.5182612,0.4012993,0.46809256
2021-06-26,0.5905125,0.5206679,0.4035731,0.47046235
2021-01-21,0.59077054,0.52094936,0.40385473,0.47066316
2023-06-15,0.59041035,0.5205282,0.4032814,0.47009498
2019-05-21,0.5907233,0.52083045,0.40360174,0.4705792
2024-07-29,0.5902575,0.5205393,0.4033169,0.47014135
2021-10-14,0.58875895,0.518721,0.4025824,0.46960822
2021-04-06,0.5903197,0.5205957,0.40340915,0.47014672
2021-06-28,0.59066504,0.5208056,0.40367776,0.47058597
2019-08-22,0.589225,0.5192331,0.402371,0.46957606
2024-06-26,0.5898241,0.5200336,0.402803,0.46974277
2022-02-16,0.590769,0.520898,0.4038747,0.47065657
2024-11-05,0.5900688,0.52045834,0.40312144,0.4708325
2022-04-07,0.59063894,0.5209328,0.40360263,0.47043252
2022-05-19,0.59074324,0.5208715,0.40363964,0.47055876
2021-10-15,0.5881825,0.5182028,0.40208763,0.46913224
2019-05-16,0.5907688,0.5208724,0.40366167,0.47060993
2024-01-17,0.59099406,0.5211784,0.404006,0.4708588
2020-01-26,0.5909372,0.5210697,0.4038987,0.4707934
2023-03-04,0.58931535,0.51980066,0.4027001,0.46938214
2020-03-21,0.5907496,0.5210244,0.40369543,0.47054294
2022-02-01,0.59103334,0.52117765,0.40401638,0.47088313
2021-02-04,0.5903486,0.5204772,0.4036637,0.4702878
2021-09-04,0.5902226,0.52039653,0.4032199,0.47013375
2022-08-01,0.59074336,0.5208436,0.40369114,0.47058222
2020-02-19,0.59075767,0.5208574,0.403821,0.4706509
2021-10-11,0.5890139,0.5190668,0.40250158,0.4694971
2020-04-03,0.59039724,0.5206933,0.4034062,0.4699737
2023-12-27,0.5910315,0.5212152,0.40400398,0.47088304
2020-03-04,0.5899348,0.5200658,0.40350568,0.4699963
2023-05-10,0.59089446,0.5211557,0.40394127,0.4707737
2020-12-23,0.59097177,0.52113944,0.40397146,0.47083378
2024-11-24,0.59078366,0.5210355,0.40376163,0.47098476
2020-08-05,0.5906992,0.52087533,0.4037276,0.4705627
2023-09-19,0.58774424,0.5177966,0.4016783,0.46799025
2020-05-14,0.59077233,0.52092457,0.40374672,0.47060356
2020-10-08,0.5905283,0.52079463,0.40350667,0.47050914
2020-06-15,0.5899382,0.5200594,0.4029624,0.46985146
2021-10-04,0.5897189,0.51984906,0.40283382,0.46976307
2023-10-08,0.5879907,0.5179769,0.4018947,0.46820897
2020-04-17,0.59074944,0.5209447,0.40368685,0.47061712
2023-10-17,0.58909506,0.5191306,0.40271762,0.4692099
2024-06-25,0.5897966,0.51998115,0.40285036,0.4697997
2022-12-02,0.58966815,0.51992935,0.40292227,0.4696395
2023-05-08,0.5908972,0.5211171,0.40389305,0.47076264
2019-06-12,0.5902882,0.5203734,0.40340963,0.4701971
2022-12-15,0.58952004,0.51980966,0.40283033,0.46954745
2020-11-11,0.5909458,0.52107376,0.40393668,0.4708808
2019-04-06,0.5901898,0.5204542,0.40322033,0.47002023
2021-05-20,0.59090465,0.5210381,0.4038439,0.47076464
2023-10-19,0.5894445,0.51953423,0.40295973,0.46951276
2020-11-16,0.5909055,0.521033,0.4039004,0.470875
2023-11-03,0.5901729,0.52039933,0.4033841,0.47027808
2024-03-31,0.59066993,0.5209118,0.40359572,0.47062108
2019-06-30,0.5903994,0.5203824,0.40337533,0.47024867
2022-08-04,0.5906231,0.52072513,0.4036111,0.47048002
2024-05-20,0.5879728,0.5181152,0.4011053,0.46806017
2022-06-18,0.5902161,0.5203445,0.40304887,0.46988058
2019-06-05,0.5902037,0.5203412,0.403409,0.47024763
2022-06-28,0.59035987,0.520312,0.40344945,0.47023484
2023-04-23,0.59061235,0.52097857,0.40345293,0.47034812
2024-09-30,0.5900073,0.51996416,0.4033914,0.46994635
2020-08-19,0.59058815,0.52069026,0.40363628,0.47047818
2023-07-27,0.59038967,0.52045476,0.40342104,0.47027028
2024-03-09,0.5900462,0.52057165,0.40339088,0.47009993
2023-07-26,0.5905953,0.52068764,0.40360597,0.47046557
2019-11-27,0.5909495,0.5211022,0.40392137,0.47078928
2020-04-29,0.5908517,0.5210403,0.40378678,0.47072253
2021-09-24,0.59027207,0.5203413,0.403362,0.4700824
2020-10-28,0.59078896,0.5209759,0.4037042,0.47073182
2023-03-06,0.58990806,0.52029985,0.40317073,0.46990737
2024-03-08,0.5899513,0.5204874,0.40330863,0.47004345
2022-11-05,0.59061414,0.5207735,0.4036588,0.47058326
2020-12-10,0.5910615,0.5212354,0.40403,0.47089693
2024-10-16,0.5904062,0.5205594,0.40340397,0.47069788
2021-04-18,0.59075654,0.52100414,0.40369475,0.47053513
2020-08-21,0.59053594,0.5206237,0.40356815,0.47045183
2024-06-18,0.5903296,0.5203874,0.4031735,0.4701419
2024-06-02,0.59018886,0.52062845,0.40321666,0.4701428
2022-01-05,0.5911219,0.5212711,0.40407398,0.47095895
2022-04-13,0.5904849,0.52076614,0.40344596,0.4704284
2023-11-30,0.59090185,0.52112496,0.40388542,0.47080386
2023-12-20,0.5910343,0.5212238,0.40400448,0.47087786
2021-10-30,0.5891184,0.5195491,0.40241465,0.46945822
2023-05-02,0.5907611,0.52107126,0.40371218,0.47060946
2021-12-04,0.5907401,0.5209608,0.403783,0.4706838
2021-02-11,0.5902983,0.5203621,0.40375003,0.47027218
2021-07-01,0.5901925,0.52033216,0.4033492,0.47039112
2021-10-12,0.5891546,0.5191908,0.4026942,0.4696488
2024-02-26,0.58932626,0.5189996,0.40277633,0.46959645
2023-07-03,0.5881433,0.5184084,0.4014769,0.46828958
2020-10-14,0.5906117,0.5208685,0.40360785,0.4705499
2023-12-26,0.5910322,0.5212225,0.4040083,0.47088188
2019-09-14,0.589119,0.5193881,0.40270904,0.46929792
2019-04-13,0.59047335,0.5207076,0.4034295,0.4702887
2020-09-11,0.58956647,0.5199423,0.40267935,0.46983406
2024-12-06,0.59070563,0.5209651,0.40373635,0.47111714
2024-09-14,0.5901298,0.5201426,0.40334508,0.4700962
2020-10-18,0.59056056,0.52078146,0.4035701,0.47044307
2022-01-30,0.5909858,0.52112406,0.40395895,0.4708413
2024-12-28,0.59089243,0.521137,0.4039089,0.4710289
2021-07-06,0.5906817,0.5207573,0.40371054,0.47050208
2021-11-08,0.5897547,0.52006084,0.40286592,0.46996066
2024-08-17,0.5901734,0.5203099,0.4032638,0.47009635
2022-11-29,0.58951116,0.519772,0.4028174,0.46948922
2021-05-28,0.5897471,0.51936907,0.40372345,0.47060105
2024-02-23,0.5889395,0.5183111,0.40240386,0.46929726
2023-02-23,0.5893848,0.5198454,0.40269634,0.46947998
2021-06-08,0.59056103,0.52080053,0.4035959,0.47053567
2019-08-15,0.5900177,0.5201082,0.40314287,0.4701522
2023-06-16,0.59029,0.52040267,0.40316302,0.46994314
2019-06-01,0.58891135,0.5182226,0.40321386,0.47002319
2021-08-31,0.59051746,0.52077836,0.40356112,0.47042567
2024-12-29,0.590927,0.5211499,0.40393314,0.47101265
2023-08-24,0.58910877,0.5193394,0.4024342,0.46911544
2019-06-25,0.5889756,0.51893884,0.40252796,0.469523
2024-11-20,0.59061253,0.5208902,0.40362105,0.47098264
2020-07-15,0.59034944,0.5204691,0.4034271,0.47024688
2019-10-18,0.5905064,0.52058685,0.40354866,0.47053397
2023-04-04,0.5904208,0.52073044,0.40343094,0.47029975
2022-09-09,0.5889233,0.5189214,0.40217447,0.4692971
2023-05-04,0.5908943,0.5211667,0.40387115,0.47077903
2023-06-28,0.5900936,0.52026606,0.40317607,0.47003582
2022-01-01,0.5910491,0.5212159,0.40397653,0.47089604
2024-05-07,0.5907973,0.5209549,0.4035238,0.47065404
2020-05-29,0.59045774,0.52058744,0.40340564,0.4703034
2019-11-07,0.5909321,0.5210504,0.40388644,0.47080898
2023-11-27,0.5908154,0.5210432,0.40380034,0.4707882
2020-06-24,0.5876904,0.5183951,0.4011525,0.46833268
2019-08-31,0.588343,0.5184816,0.40177146,0.46922398
2023-07-21,0.5902357,0.5202745,0.40333414,0.47014442
2024-07-31,0.5905136,0.5207655,0.40350837,0.4703838
2020-02-02,0.5909498,0.52106273,0.40391877,0.47080174
2020-11-18,0.5908506,0.5209738,0.40383196,0.47081876
2024-12-15,0.5909136,0.5211341,0.40391582,0.4709833
2020-04-01,0.59057,0.5208255,0.40355992,0.47021598
2022-03-23,0.59047544,0.5208442,0.4034773,0.4701541
2021-06-23,0.59042317,0.52062005,0.40340978,0.470525
2023-08-07,0.59009504,0.52015805,0.40316513,0.47001427
2020-07-20,0.59044254,0.5206307,0.403549,0.47035173
2021-03-18,0.59010273,0.5203609,0.40322605,0.4698814
2021-05-30,0.58935076,0.5188965,0.40361226,0.4704479
2024-06-07,0.5904142,0.5207368,0.40354815,0.4702551
2021-08-08,0.5901138,0.5201311,0.40259755,0.47022802
2020-06-08,0.5908826,0.52100784,0.40369758,0.4707439
2022-06-15,0.5901299,0.5202941,0.40295896,0.4698139
2020-02-13,0.590853,0.5209189,0.40382513,0.47072163
2023-01-19,0.5891303,0.5193803,0.40245053,0.4691759
2020-06-10,0.59086674,0.520985,0.40374708,0.47068888
2024-06-22,0.5902484,0.52030766,0.40322033,0.47014874
2024-05-25,0.59006715,0.52027905,0.40292257,0.47010985
2021-11-01,0.58884025,0.51931584,0.4020524,0.4694121
2021-08-30,0.5905102,0.5207143,0.40352008,0.47037786
2024-08-14,0.59046626,0.52064186,0.40351892,0.47036427
2024-03-07,0.58991325,0.520461,0.40322903,0.47001332
2024-04-10,0.5907616,0.520948,0.4037072,0.4706758
2022-08-17,0.58828074,0.51837385,0.40181422,0.46911025
2021-03-27,0.5875644,0.51786995,0.40109935,0.46773946
2024-10-10,0.5902047,0.5203803,0.40332115,0.47050938
2021-11-13,0.5904101,0.52061045,0.40347132,0.4704033
2021-08-18,0.5907858,0.5209857,0.40361565,0.4706836
2023-08-12,0.5891442,0.51916105,0.4023997,0.4691163
2024-09-05,0.589626,0.51979005,0.40288958,0.46968585
2019-04-14,0.59051764,0.52075213,0.40347102,0.47029153
2019-05-23,0.59061533,0.52072906,0.4034927,0.47047743
2023-10-10,0.58825994,0.5181907,0.40210792,0.46846804
2020-11-04,0.5909751,0.5211199,0.4039454,0.47088176
2023-03-28,0.59032637,0.5206691,0.40343943,0.47022706
2021-02-22,0.59090644,0.5211469,0.40390402,0.47075668
2024-09-29,0.58993894,0.51988155,0.40333617,0.46989954
2024-05-18,0.5871463,0.51744324,0.40057448,0.4673266
2020-05-31,0.58979815,0.5199426,0.4028246,0.46972278
2023-05-27,0.59074455,0.520991,0.40370193,0.4705576
2024-12-04,0.5908137,0.5210699,0.40381977,0.47104946
2024-07-23,0.58852345,0.5187196,0.40185317,0.46864045
2021-12-05,0.59076387,0.52098566,0.4037869,0.47068307
2022-08-23,0.58612186,0.5159024,0.4001594,0.46856108
2020-01-04,0.59108543,0.5212443,0.40402946,0.47092232
2019-07-17,0.59045917,0.5205592,0.40354726,0.47042155
2024-05-11,0.5907454,0.5208654,0.40341583,0.4705853
2023-08-10,0.58980525,0.51986533,0.4029642,0.46972686
2024-05-09,0.5908416,0.52124214,0.40378618,0.47066376
2019-11-18,0.5909879,0.521127,0.4039466,0.47081712
2022-05-12,0.59061205,0.520827,0.40353593,0.47037166
2019-11-05,0.5908844,0.5210192,0.40382406,0.47082722
2024-05-21,0.5885046,0.51863354,0.40161008,0.46859586
2024-11-08,0.59008867,0.5204899,0.4031683,0.4709668
2021-03-06,0.59078413,0.5210447,0.40379086,0.47053787
2019-09-28,0.5897129,0.5198751,0.402998,0.46973944
2024-11-18,0.59059334,0.52087283,0.40360814,0.4709837
2023-11-22,0.59074646,0.5209697,0.4037275,0.47074044
2021-05-17,0.59094715,0.5210862,0.40388638,0.47079444
2022-01-10,0.59111387,0.52125424,0.404057,0.4709484
2020-12-16,0.5910535,0.5212165,0.4040198,0.4708877
2021-03-03,0.59061605,0.5209517,0.4036282,0.47041765
2021-05-22,0.5909121,0.5210235,0.40384007,0.47079402
2022-03-02,0.5904312,0.5205877,0.4036867,0.47041416
2019-10-07,0.59005034,0.5201852,0.40323177,0.47009066
2019-06-28,0.5896576,0.51960975,0.4028989,0.46977413
2020-10-26,0.5906682,0.52087235,0.40360823,0.4706351
2020-07-26,0.5906224,0.5207533,0.40366483,0.4704974
2020-02-17,0.59074116,0.5208055,0.40374103,0.47063142
2021-02-10,0.5903484,0.5204039,0.40375933,0.4702819
2021-12-24,0.5910722,0.5212426,0.40402994,0.47092015
2023-06-13,0.5902187,0.5204109,0.40311024,0.47001502
2020-07-10,0.5897465,0.5198033,0.403001,0.46992043
2023-05-09,0.59089917,0.5211566,0.40394178,0.47075656
2024-05-02,0.590748,0.52091235,0.40362424,0.4706156
2023-04-15,0.5897773,0.5201238,0.4027361,0.46971247
2019-09-15,0.58869183,0.51898384,0.4024208,0.46892193
2020-02-15,0.5907988,0.5208351,0.40379232,0.470674
2022-09-28,0.5878953,0.5175797,0.40122187,0.46864396
2024-01-27,0.5908196,0.5210078,0.40388992,0.4707039
2022-08-13,0.588833,0.5189743,0.40219644,0.46940157
2023-10-15,0.5889233,0.5188898,0.40261278,0.46902728
2019-07-05,0.5903585,0.52051055,0.40339226,0.47027183
2022-07-17,0.58976614,0.5197246,0.40289533,0.46973607
2019-05-09,0.59083664,0.5209833,0.4037202,0.47068304
2024-10-09,0.5902054,0.520383,0.40332642,0.470489
2024-07-25,0.5887726,0.5189765,0.40201896,0.4688116
2021-05-09,0.5907902,0.520931,0.40366077,0.47063407
2021-01-23,0.59075415,0.5209243,0.40388587,0.47065467
2021-03-22,0.58913714,0.519423,0.40240473,0.4690168
2023-10-23,0.58974844,0.519952,0.4030448,0.4698357
2023-10-14,0.5887738,0.5187183,0.40253404,0.468893
2022-01-28,0.590996,0.52113,0.4039622,0.47084567
2020-03-15,0.5907025,0.52097744,0.40365297,0.47054315
2020-02-11,0.5908738,0.52096003,0.40385377,0.47074616
2024-01-25,0.5908862,0.5210543,0.40395495,0.4707617
2024-12-18,0.5908548,0.52108943,0.40389538,0.4709911
2020-06-05,0.59064955,0.5207554,0.40346473,0.470525
2021-03-01,0.59080803,0.5211007,0.40382895,0.4706122
2024-02-28,0.5900293,0.52030504,0.40337983,0.4699715
2020-01-05,0.59109306,0.5212545,0.4040576,0.4709273
2023-06-19,0.5903111,0.5204343,0.4032583,0.47003025
2023-06-12,0.59051406,0.5206785,0.40342063,0.47035468
2019-09-02,0.5884304,0.51860714,0.40174723,0.46937984
2023-01-22,0.58928907,0.5195434,0.40255195,0.4692934
2022-07-23,0.5899924,0.5200169,0.40301093,0.46999362
2021-07-29,0.5899441,0.520359,0.40327078,0.47008148
2022-11-17,0.5903931,0.5205762,0.403452,0.4703327
2020-06-27,0.5904498,0.5206081,0.40349066,0.47039533
2023-11-14,0.5905039,0.5206778,0.40358981,0.4705592
2023-05-18,0.5908208,0.5210967,0.40386993,0.47064796
2021-07-07,0.5906458,0.52077466,0.40369415,0.47047094
2020-08-11,0.59066623,0.52079064,0.40368006,0.47054547
2024-01-31,0.5907417,0.52093464,0.40384606,0.47064415
2024-02-04,0.5904406,0.5205818,0.40357214,0.4703688
2021-11-22,0.59044385,0.52067155,0.40350068,0.4704221
2024-05-04,0.5907351,0.52077144,0.4033912,0.47056395
2020-07-06,0.5899979,0.52001345,0.40321136,0.47013682
2024-12-11,0.5909203,0.5211394,0.4039162,0.47099227
2020-12-24,0.5909858,0.5211372,0.40397233,0.47084063
2024-03-15,0.5900066,0.52036977,0.403066,0.4701913
2023-10-18,0.58940583,0.519453,0.40293342,0.4694754
2023-06-21,0.5902142,0.5203225,0.40314752,0.46997857
2019-11-10,0.5909265,0.5210753,0.4038735,0.47080195
2021-05-16,0.5909167,0.52106017,0.40380183,0.47076136
2022-08-09,0.59005964,0.52018905,0.4031824,0.4700766
2020-04-06,0.58920234,0.51960367,0.40233147,0.46892098
2024-08-08,0.59055376,0.5207106,0.40359336,0.4704318
2023-03-02,0.589958,0.5203181,0.40315872,0.46996298
2021-11-29,0.59053993,0.5207722,0.40359354,0.47055942
2021-04-22,0.5908831,0.5211055,0.40379867,0.47070992
2020-12-14,0.5910541,0.5212172,0.40402743,0.4708933
2020-02-05,0.5909513,0.5210384,0.4039098,0.4708008
2022-06-17,0.59006923,0.5201349,0.40293434,0.46975288
2021-04-24,0.5909133,0.5211157,0.40385163,0.47074267
2023-10-05,0.58805066,0.5181712,0.40185794,0.46825445
2019-12-25,0.59107614,0.5212458,0.4040435,0.47089964
2021-12-26,0.59106445,0.52122563,0.4040161,0.4709441
2024-10-27,0.5898449,0.5201389,0.40291044,0.4707589
2023-03-20,0.5883709,0.51870555,0.40172985,0.46853048
2020-07-04,0.5900002,0.5199513,0.40324566,0.4700385
2021-11-19,0.5904993,0.5207153,0.40355733,0.47043216
2021-09-03,0.5903598,0.5205324,0.40328023,0.47029173
2019-07-29,0.5901984,0.52029055,0.40334806,0.47045454
2024-09-08,0.5898223,0.51989555,0.40302092,0.46984532
2023-10-28,0.5899261,0.52016324,0.40313798,0.4700085
2022-12-09,0.5896258,0.5198972,0.40287352,0.4695956
2023-04-12,0.58988124,0.5202791,0.40283635,0.46983042
2021-12-02,0.59064275,0.52086395,0.4036838,0.47060043
2024-11-06,0.5900419,0.5204506,0.40312025,0.4709121
2021-01-18,0.59087163,0.5210522,0.40394166,0.4707509
2024-03-02,0.5899216,0.52047336,0.40337455,0.46996963
2022-12-17,0.5894641,0.5197782,0.4028047,0.4694786
2021-09-14,0.5900168,0.52056,0.40326884,0.47003597
2020-12-05,0.5910478,0.52121854,0.40401,0.47090238
2021-03-19,0.5897671,0.5200983,0.4029328,0.46957138
2020-11-06,0.5909855,0.521152,0.4039401,0.47090006
2019-10-11,0.5903031,0.5204261,0.40343174,0.47033113
2021-09-06,0.5900666,0.5204975,0.4032592,0.47007307
2024-01-26,0.59082955,0.5209976,0.40388983,0.47071546
2023-09-09,0.58606917,0.51648563,0.40012082,0.46643096
2020-06-19,0.5896418,0.5198749,0.40286094,0.46973923
2019-12-23,0.5910766,0.5212477,0.4040398,0.47090557
2022-01-06,0.5911137,0.52125823,0.40406573,0.47094616
2020-08-20,0.5905281,0.5206309,0.40358096,0.4704223
2021-07-20,0.5894901,0.5198306,0.4026325,0.4697103
2019-06-26,0.58874017,0.51864314,0.40230662,0.46941182
2020-11-03,0.5909201,0.5210699,0.40386823,0.47086227
2024-09-13,0.59010154,0.5201389,0.40333325,0.47007707
2023-12-18,0.59101456,0.5211944,0.40397054,0.47086254
2021-10-10,0.5893567,0.5194166,0.4026521,0.46967292
2023-10-29,0.5899033,0.5201396,0.40314543,0.4700502
2024-12-19,0.59079957,0.52104455,0.40385547,0.47100583
2024-02-05,0.59056777,0.5207557,0.40372586,0.47049
2023-11-19,0.59067136,0.5208749,0.40369114,0.47063786
2023-05-16,0.5907732,0.5211035,0.40389684,0.47061056
2022-05-16,0.5908912,0.5211384,0.40379,0.47065556
2020-08-16,0.5905575,0.52056044,0.40352336,0.4704293
2021-02-13,0.59033525,0.5204216,0.40377462,0.4702983
2024-03-18,0.59020793,0.52052623,0.4032424,0.4703495
2023-05-17,0.5908202,0.521128,0.40392467,0.470661
2019-09-10,0.5897395,0.51996624,0.40300587,0.46982425
2023-06-29,0.58958083,0.519826,0.40270668,0.4695957
2024-01-03,0.59103763,0.521213,0.40403134,0.47087702
2022-09-23,0.5876852,0.5173542,0.40112728,0.46844345
2020-08-01,0.59067994,0.5208251,0.40370855,0.47055572
2019-10-03,0.58984166,0.5199921,0.40307668,0.4698999
2020-05-24,0.5908422,0.5209568,0.40378794,0.47064748
2023-08-16,0.5893462,0.5195225,0.4026152,0.46934286
2020-07-19,0.59054095,0.5207306,0.40360886,0.47041506
2019-06-03,0.5891591,0.5186307,0.4034042,0.47018716
2023-01-18,0.5891242,0.5193608,0.402464,0.46914825
2019-11-30,0.59096295,0.5211499,0.40394837,0.47078568
2020-11-07,0.5909522,0.5211306,0.40391654,0.47088218
2020-06-01,0.5896803,0.5198313,0.40272984,0.46962878
2019-07-15,0.59061354,0.52073747,0.40364465,0.47048563
2022-06-24,0.59046453,0.52055955,0.4034999,0.47031832
2022-02-22,0.59058684,0.5207085,0.4038358,0.4705179
2019-09-26,0.5895532,0.5197539,0.40288776,0.46958193
2022-12-06,0.5895341,0.51979816,0.4027996,0.46954462
2022-12-18,0.58941287,0.5197027,0.40274894,0.46944812
2022-11-08,0.59061635,0.5207506,0.40365073,0.47053286
2020-01-02,0.59109724,0.521263,0.40404898,0.4709332
2019-12-16,0.59103143,0.52122456,0.40400228,0.47087848
2024-05-19,0.58762455,0.51783645,0.40093726,0.46775052
2020-05-23,0.59083134,0.52095073,0.40377003,0.4706418
2019-09-03,0.58834714,0.5185447,0.40167108,0.46924415
2021-02-09,0.5903175,0.5204213,0.4037161,0.47027397
2024-12-30,0.59091616,0.521154,0.4039273,0.47100118
2020-05-04,0.5908781,0.5210375,0.4038056,0.47074574
2022-07-25,0.5902887,0.5203375,0.4032479,0.47023943
2024-05-17,0.5874162,0.5177394,0.40081778,0.4675918
2019-11-15,0.5909098,0.5210661,0.4038722,0.4707841
2019-12-31,0.5910853,0.5212533,0.4040457,0.47092143
2019-11-03,0.590918,0.52103794,0.40387323,0.47080502
2023-12-23,0.5910481,0.52121866,0.4040033,0.47089362
2020-07-13,0.5894891,0.5196521,0.40272188,0.46960035
2022-03-04,0.59021467,0.5203765,0.40368375,0.47022262
2023-03-26,0.5897521,0.5201185,0.40284744,0.46973866
2021-05-01,0.59080607,0.52100843,0.40371987,0.4706072
2024-06-28,0.58984375,0.5199915,0.40300643,0.4697463
2024-08-22,0.590273,0.52035433,0.4033388,0.47020343
2020-05-02,0.5908653,0.5210387,0.4037881,0.4707279
2021-03-07,0.59083295,0.52108043,0.40381896,0.47055656
2022-05-23,0.58996785,0.5200601,0.40301806,0.46993098
2020-02-16,0.5907468,0.52078176,0.40371305,0.47063902
2022-06-25,0.59039956,0.52041024,0.40354034,0.47026664
2024-11-07,0.5901251,0.52051157,0.40319696,0.4709181
2020-12-28,0.5910169,0.5211809,0.4040089,0.47087422
2022-09-19,0.5882376,0.51800126,0.40156955,0.468813
2022-12-13,0.59008634,0.5203374,0.40326962,0.4700332
2019-08-17,0.5897424,0.51981324,0.40289333,0.4699349
2023-07-16,0.5904495,0.52047527,0.4034964,0.47026142
2024-10-29,0.5898319,0.5201905,0.4029074,0.47074658
2021-03-23,0.58886874,0.5191746,0.40219125,0.46878412
2021-05-18,0.5909116,0.5210512,0.40386292,0.47076285
2019-04-18,0.5904195,0.5206803,0.40331793,0.4702494
2021-11-25,0.5905972,0.52081823,0.4036323,0.47052905
2020-01-23,0.59102285,0.5211592,0.40397745,0.4708676
2019-05-22,0.5907369,0.52084297,0.40361312,0.4705764
2022-01-09,0.59111583,0.52125984,0.4040607,0.47095168
2020-09-13,0.5894847,0.5197926,0.40259582,0.4697031
2021-06-12,0.5899898,0.52016985,0.40311912,0.47003365
2023-11-23,0.5906559,0.520911,0.403665,0.4707988
2023-06-22,0.5902001,0.52036685,0.4031665,0.47001538
2021-10-08,0.5897469,0.519887,0.40290868,0.4698871
2020-03-22,0.5910514,0.52126616,0.40399277,0.47080734
2019-10-25,0.59070396,0.5208734,0.4037115,0.4707385
2020-03-05,0.5901002,0.5202465,0.40353188,0.47012258
2022-01-14,0.5910986,0.52124465,0.4040468,0.4709392
2024-08-09,0.59051555,0.52067566,0.40354556,0.47040012
2020-05-21,0.5907646,0.52090263,0.40366346,0.47058707
2020-03-27,0.590707,0.5209332,0.4036606,0.47039667
2024-11-23,0.59077233,0.52101636,0.40376127,0.47096986
2022-01-16,0.59108555,0.5212303,0.40403473,0.47093177
2024-05-27,0.5904559,0.520678,0.4032389,0.47035873
2019-10-20,0.5906212,0.52070767,0.4036717,0.47060493
2020-08-24,0.5905603,0.5208167,0.4037082,0.47054726
2019-12-20,0.5910578,0.5212273,0.40402743,0.47089076
2019-04-10,0.5900316,0.52029616,0.40306693,0.46986884
2023-09-08,0.58625615,0.5167872,0.40032527,0.46665132
2022-07-31,0.59075284,0.52087027,0.40367803,0.47059938
2019-07-07,0.5904114,0.5205505,0.40343502,0.47031996
2023-09-26,0.58794105,0.51771605,0.40208378,0.46817687
2024-01-20,0.5909706,0.52114725,0.40400213,0.4708415
2021-11-12,0.5903815,0.52056944,0.40342996,0.47038272
2024-03-21,0.59019876,0.52053416,0.4031878,0.47046483
2024-03-20,0.59028286,0.52062804,0.40328884,0.4704206
2020-03-25,0.59093463,0.5211501,0.40387508,0.47062826
2023-10-24,0.5898722,0.5200898,0.403147,0.46991748
2024-11-01,0.5899397,0.52032304,0.40298873,0.4707541
2024-10-20,0.59007263,0.52027416,0.4029731,0.47078758
2020-11-01,0.59089637,0.521009,0.40384805,0.4708557
2019-06-16,0.590094,0.5202031,0.4031976,0.47004905
2020-11-26,0.59097403,0.5210666,0.40394843,0.4708789
2022-08-03,0.59063005,0.5207273,0.40361378,0.47048256
2021-01-13,0.5909418,0.52111715,0.4039776,0.47081098
2019-11-01,0.59088147,0.5209978,0.4038536,0.47080797
2019-08-21,0.5894457,0.5194183,0.40256497,0.46974277
2019-08-30,0.58845824,0.51852876,0.40184957,0.46923423
2020-03-14,0.59075826,0.5210198,0.4037164,0.47058508
2022-08-08,0.5902018,0.52031255,0.4033118,0.47018915
2022-07-10,0.589722,0.51958364,0.40288767,0.46963394
2021-04-05,0.5896861,0.5199788,0.4028598,0.46963882
2021-08-19,0.59084,0.5210261,0.40366036,0.4707396
2024-01-30,0.59080994,0.521012,0.40391487,0.47070068
2023-05-20,0.5907363,0.5210164,0.4038076,0.47058073
2021-03-15,0.5904871,0.5207345,0.4035454,0.470259
2024-01-01,0.591033,0.5212022,0.40402058,0.47087848
2024-01-04,0.5910357,0.5212088,0.40402415,0.47088146
2020-08-10,0.59076434,0.5209022,0.4037399,0.47065103
2021-03-29,0.5869807,0.51733047,0.4006892,0.46720427
2024-11-30,0.5907574,0.52101034,0.4037697,0.47102523
2020-03-09,0.5904163,0.52058655,0.40368238,0.47035456
2024-06-01,0.5904369,0.52082324,0.40344676,0.4703767
2022-12-03,0.5895821,0.51984197,0.40286174,0.46955764
2020-05-11,0.59080607,0.52095014,0.40374398,0.47065645
2023-07-12,0.5902911,0.52029437,0.40337014,0.47011027
2024-09-26,0.5891586,0.5189498,0.4028809,0.46894157
2022-04-25,0.5904715,0.5207653,0.40331447,0.47032925
2019-05-18,0.59068924,0.5208133,0.40359518,0.47054854
2021-07-25,0.58979803,0.52018785,0.4032627,0.46984822
2024-07-13,0.5896832,0.51962215,0.40286368,0.46970066
2021-07-31,0.59017634,0.5203661,0.40337527,0.4702189
2020-10-04,0.59045076,0.5206932,0.40344903,0.4704396
2024-05-28,0.5904999,0.5207939,0.4033721,0.47048846
2024-04-08,0.59077793,0.52099556,0.40371484,0.47073624
2024-11-22,0.5907611,0.52101725,0.40373763,0.47094226
2023-12-25,0.5910231,0.5212063,0.4039815,0.47087896
2020-08-27,0.59037995,0.5205599,0.40345514,0.4703686
2020-04-24,0.5908032,0.5209648,0.40375078,0.47066766
2021-04-26,0.5908018,0.52103114,0.403733,0.47061452
2020-05-30,0.59008515,0.5202553,0.40312186,0.47000217
2020-09-19,0.5900435,0.5204465,0.4032959,0.47017446
2023-04-05,0.59007114,0.5204042,0.40309846,0.4700186
2022-06-03,0.5903736,0.52048725,0.40312213,0.47021177
2024-09-06,0.58966315,0.519858,0.40294892,0.4697203
2023-06-11,0.59063333,0.52082556,0.40360633,0.47056088
2022-09-26,0.58740675,0.51705515,0.400807,0.46827233
2024-08-31,0.58936197,0.51948714,0.4025937,0.46937877
2021-08-01,0.59048754,0.52069163,0.40348664,0.4704929
2019-09-21,0.58874786,0.5189394,0.40239617,0.46891427
2020-09-23,0.5904489,0.52072847,0.40349403,0.47040957
2022-12-19,0.58949554,0.5197627,0.40280506,0.46950436
2021-06-03,0.5902471,0.5204019,0.40334943,0.4702473
2022-11-04,0.59061676,0.52074087,0.40361044,0.47057113
2024-03-16,0.5902775,0.5205658,0.40336022,0.47033262
2021-10-16,0.5886058,0.5187011,0.40235,0.46938074
2022-08-10,0.5900076,0.52014136,0.40315184,0.4700285
2022-02-13,0.59069073,0.5208275,0.40377277,0.47058487
2022-05-09,0.5901694,0.520406,0.40313187,0.46988475
2023-11-07,0.5902737,0.5204686,0.40346026,0.47046894
2020-07-25,0.5905507,0.52067226,0.4035844,0.47041976
2024-10-12,0.59013206,0.52034914,0.40324706,0.47055644
2023-11-06,0.5901598,0.5203664,0.40337315,0.47036156
2022-11-24,0.5899198,0.52014107,0.40313745,0.46986565
2023-10-02,0.5878753,0.51810783,0.40166292,0.46811062
2023-02-22,0.5894092,0.51990515,0.40275776,0.4694912
2024-12-07,0.5907878,0.521043,0.40380523,0.47105852
2019-04-19,0.59065086,0.5209398,0.4034433,0.47043347
2021-08-13,0.5902892,0.5205687,0.4032672,0.47016537
2020-07-17,0.5906807,0.5208195,0.40372252,0.47054484
2020-01-31,0.59083724,0.52093774,0.40377897,0.47070903
2023-03-08,0.59024364,0.5205712,0.40339434,0.47019163
2023-08-21,0.58939517,0.5195632,0.4026428,0.46941188
2022-06-22,0.59058684,0.5207299,0.40357327,0.4703934
2021-05-03,0.59083045,0.5209788,0.4037411,0.47064367
2024-12-03,0.59072584,0.52098924,0.40374583,0.47107667
2024-01-14,0.5910149,0.521206,0.40401167,0.4708698
2023-04-24,0.5908627,0.5211545,0.4037411,0.47067034
2022-09-10,0.5889702,0.5189761,0.40223068,0.46933013
2021-11-24,0.5906225,0.5208601,0.40365228,0.47054747
2021-02-25,0.5909497,0.52120745,0.40392599,0.4707562
2023-05-01,0.5907185,0.5210581,0.4036403,0.47052768
2023-03-27,0.5902593,0.5206342,0.4033457,0.4701777
2021-03-20,0.59026664,0.5205169,0.40335461,0.47005272
2021-12-27,0.59105355,0.52122533,0.40400657,0.470903
2021-11-11,0.5903943,0.520577,0.40343234,0.47037175
2022-12-20,0.58927256,0.5195863,0.4026538,0.46938428
2023-03-03,0.5899181,0.52026993,0.4031274,0.4698963
2021-06-04,0.5902218,0.5204277,0.40331802,0.47022346
2023-09-03,0.58647573,0.5170116,0.40038574,0.4667825
2021-06-15,0.5890571,0.519315,0.40237048,0.4691988
2024-11-25,0.59064394,0.5209222,0.40365252,0.47105867
2020-04-18,0.59075755,0.52094865,0.40372905,0.47063136
2023-12-06,0.5909461,0.5211605,0.40393078,0.470849
2024-06-10,0.5899807,0.52039206,0.40330914,0.46980464
2022-12-01,0.58955604,0.5198153,0.40282986,0.46956134
2024-03-22,0.59031594,0.52056223,0.40332612,0.47040477
2021-03-17,0.59023446,0.5205083,0.40333593,0.4699987
2024-04-15,0.5907093,0.5208901,0.40368375,0.47063
2019-09-08,0.58975244,0.51998866,0.40294647,0.469834
2022-04-24,0.5905801,0.5208987,0.40337247,0.470409
2022-07-29,0.5906304,0.5207067,0.40356684,0.4704875
2021-11-03,0.58870816,0.51917094,0.40190402,0.46923777
2021-08-27,0.5906572,0.52078265,0.40360814,0.47049975
2021-02-26,0.5909549,0.521212,0.40393975,0.47079456
2024-12-08,0.5908076,0.521059,0.40381134,0.47104913
2022-12-28,0.5890133,0.51930195,0.40246007,0.4690611
2024-01-28,0.5908249,0.5209993,0.40391016,0.4707061
2020-08-18,0.5906597,0.5207684,0.40367442,0.47055498
2019-07-28,0.5901815,0.5203025,0.40331578,0.47044626
2023-03-11,0.5899062,0.5201943,0.4030941,0.46988517
2023-11-04,0.590205,0.5204052,0.40342027,0.47036427
2021-07-19,0.58864176,0.5191563,0.40193373,0.4690785
2020-05-06,0.5908179,0.52098835,0.40376008,0.47067073
2024-03-30,0.59078777,0.5210091,0.40372065,0.47071984
2024-02-02,0.5905867,0.52072144,0.40369105,0.47049913
2021-10-20,0.5896085,0.51983434,0.40280288,0.4699694
2021-10-19,0.5892218,0.51942563,0.4025301,0.46965554
2023-02-08,0.5891962,0.5194622,0.40249634,0.46918827
2024-08-07,0.59057486,0.5207567,0.4035989,0.47045997
2022-02-02,0.5910081,0.5211517,0.4039936,0.47087374
2024-05-10,0.5908685,0.5211337,0.40367636,0.47069502
2024-09-10,0.59006256,0.5201827,0.40323153,0.47007474
2023-03-10,0.5900932,0.52039546,0.40327066,0.47006053
2023-07-09,0.58945674,0.51943517,0.4025814,0.46930757
2023-09-21,0.5880183,0.5179553,0.40185186,0.46815974
2021-04-02,0.5894719,0.51973295,0.40283826,0.46933913
2019-08-16,0.5901437,0.52019316,0.4032284,0.47020808
2021-10-01,0.5899559,0.5201742,0.40305004,0.4699585
2022-04-04,0.5907077,0.521021,0.40370023,0.47044435
2022-07-13,0.5897653,0.5197786,0.40285897,0.4697153
2024-09-16,0.59016854,0.5201792,0.4033744,0.4701476
2020-10-02,0.5905612,0.5207565,0.4035875,0.47053692
2022-06-09,0.5904023,0.52051973,0.4031928,0.47008297
2023-02-06,0.5897217,0.5199817,0.40294388,0.46970648
2021-02-06,0.5903255,0.5203804,0.40365788,0.47028178
2023-08-25,0.5888979,0.5192156,0.40226126,0.46895966
2023-06-17,0.5903419,0.5204997,0.4032643,0.4700582
2023-01-24,0.5893383,0.5195935,0.4025871,0.46933487
2020-11-08,0.59098196,0.5211421,0.40394473,0.47090462
2021-06-07,0.59039956,0.5206745,0.403466,0.47037053
2020-06-29,0.59030807,0.5204609,0.40335703,0.47034612
2022-03-11,0.590664,0.5209035,0.40378308,0.47052056
2023-01-04,0.5890217,0.5193012,0.4024614,0.46911073
2024-06-03,0.59061605,0.52094936,0.4035858,0.47048584
2020-08-02,0.5906639,0.520837,0.40369493,0.4705384
2020-08-22,0.59053457,0.5206309,0.40359867,0.4704844
2024-01-05,0.59104806,0.5212193,0.40404284,0.47088546
2022-11-03,0.5906333,0.5207389,0.4036291,0.47054157
2019-10-26,0.5906909,0.52084094,0.40371755,0.47077987
2021-05-25,0.59077704,0.5208362,0.40383524,0.47076476
2021-10-13,0.58895564,0.5188988,0.40266928,0.46961516
2020-08-31,0.59048134,0.5206599,0.40350282,0.4704551
2024-12-14,0.5909099,0.5211284,0.403918,0.47099137
2022-09-16,0.5880045,0.51785487,0.40134385,0.46870708
2024-04-22,0.59068304,0.5208683,0.4036658,0.4705602
2021-06-24,0.59044474,0.5206522,0.40337798,0.47047824
2020-03-03,0.589969,0.5201062,0.40359402,0.47003376
2023-09-04,0.5867198,0.51726764,0.40067387,0.46705362
2022-08-28,0.585072,0.51480275,0.3993743,0.46816486
2023-09-23,0.588081,0.5179915,0.4020178,0.46827012
2021-03-28,0.58928597,0.51954836,0.40257287,0.4691781
2021-07-16,0.5895365,0.5196217,0.4028804,0.4695297
2020-11-10,0.590977,0.52110237,0.40392113,0.4709136
2022-08-06,0.5904948,0.5205902,0.40351644,0.4703822
2022-08-21,0.58734614,0.517273,0.40110028,0.46891773
2021-05-26,0.59064686,0.52063423,0.40386745,0.47076148
2019-03-26,0.59040165,0.5205988,0.40344876,0.47020176
2022-11-20,0.59018856,0.52039367,0.40332422,0.4701369
2022-01-20,0.5910765,0.5212222,0.40402776,0.4709192
2022-09-08,0.58900374,0.51901954,0.4022391,0.4693585
2024-02-10,0.59014726,0.52025115,0.40337083,0.470105
2023-11-17,0.59061825,0.5208236,0.403635,0.47069734
2023-02-13,0.5894264,0.5196083,0.40263265,0.4693314
2023-11-21,0.59063894,0.5208747,0.4036557,0.47076756
2020-04-28,0.59084666,0.52101606,0.403789,0.47070748
2019-08-14,0.5903237,0.5204173,0.40339124,0.47035635
2023-05-30,0.59087545,0.52105856,0.40388113,0.470731
2019-12-06,0.59099597,0.52119386,0.40397474,0.47083968
2022-11-06,0.590641,0.5207847,0.4036982,0.47056058
2021-11-07,0.5891047,0.5195158,0.40228122,0.46952516
2020-01-27,0.59091675,0.52103317,0.40387297,0.47077507
2024-12-02,0.590787,0.52104855,0.40379858,0.4710216
2023-12-24,0.59103143,0.52121264,0.40399587,0.4708844
2024-07-05,0.58901715,0.51874155,0.4027682,0.46895936
2023-09-15,0.5874804,0.51758736,0.4014966,0.46779883
2024-03-01,0.5897539,0.52035207,0.40325293,0.46984494
2023-01-20,0.5891536,0.5194264,0.40246344,0.4692179
2020-06-18,0.58946717,0.51970184,0.4027232,0.4696535
2020-01-29,0.59103405,0.52116185,0.40400445,0.47087353
2021-07-14,0.5902634,0.52018845,0.40354696,0.4700341
2019-04-24,0.59096056,0.5210934,0.4038689,0.47080433
2021-10-22,0.59012336,0.52030635,0.4032435,0.47030994
2023-11-26,0.5908207,0.521077,0.40380663,0.4707342
2024-11-27,0.59059167,0.5208988,0.40361083,0.4711003
2021-05-15,0.59094024,0.5210893,0.40385386,0.47077394
2023-10-11,0.58831525,0.5181531,0.4021701,0.46845633
2024-07-01,0.5899,0.51993454,0.40312222,0.46976623
2019-03-29,0.5903805,0.52056706,0.40341142,0.47017097
2019-09-17,0.58839273,0.51871467,0.40216988,0.46854362
2021-10-23,0.58984035,0.52006966,0.4029614,0.47009608
2020-06-04,0.59047174,0.5205836,0.403336,0.4703627
2020-03-13,0.5907172,0.5209159,0.40383306,0.47059783
2021-06-02,0.5902537,0.52035683,0.4034521,0.47036627
2022-06-11,0.5901711,0.52031493,0.40294585,0.46983042
2024-08-30,0.58953524,0.5196579,0.4027112,0.4695239
2024-07-17,0.589972,0.51997524,0.40318775,0.46984294
2020-06-22,0.58608586,0.51720196,0.39981812,0.46703625
2024-05-26,0.59034866,0.52054274,0.40313673,0.47024414
2024-01-22,0.59093523,0.52111775,0.40397874,0.47080502
2023-02-15,0.5895044,0.51973933,0.40272436,0.46943352
2019-12-21,0.5910583,0.52122957,0.4040286,0.4708896
2023-07-20,0.590583,0.5206526,0.40363818,0.47045204
2023-04-11,0.58999425,0.52030593,0.40302315,0.4698891
2020-05-15,0.5907731,0.5209332,0.4037082,0.4706289
2024-04-12,0.59076536,0.52095884,0.40371218,0.47068012
2021-02-24,0.5909023,0.52119225,0.40389803,0.4707616
2024-11-14,0.5905743,0.5208374,0.4035812,0.4708694
2020-09-26,0.5905451,0.52076423,0.40357748,0.47050768
2019-06-04,0.5901066,0.5201046,0.40343413,0.47029722
2022-03-26,0.5905609,0.5208903,0.40355244,0.47013533
2023-07-08,0.5890203,0.5190442,0.40219322,0.46883836
2020-01-03,0.591095,0.5212548,0.4040496,0.47092998
2021-04-12,0.5907424,0.5209813,0.4037101,0.4704825
2019-08-24,0.58796024,0.5179586,0.40141353,0.4688116
2024-11-29,0.5906934,0.5209571,0.4037053,0.47104654
2023-11-24,0.5907622,0.5209783,0.40374058,0.47080883
2024-02-08,0.5904485,0.5205807,0.40364397,0.4703836
2021-01-29,0.5905612,0.5207107,0.4038185,0.47048947
2019-09-09,0.58972067,0.51996344,0.4029668,0.46981537
2023-03-24,0.5899928,0.5202564,0.40318835,0.46988317
2022-04-20,0.59060526,0.5208382,0.40353027,0.4704701
2024-04-01,0.59065187,0.5208953,0.40358508,0.4705892
2023-12-01,0.5908674,0.52109736,0.40384156,0.47082314
2024-02-11,0.59018767,0.5202846,0.40342668,0.4701421
2021-11-06,0.5888877,0.51933724,0.40208185,0.46938455
2021-05-29,0.5892303,0.51865363,0.40367892,0.4704953
2019-09-20,0.5887919,0.5190185,0.4024285,0.46891958
2022-04-21,0.5906046,0.5208919,0.40345836,0.47045872
2024-06-09,0.59025407,0.5205759,0.40346405,0.47007212
2019-04-02,0.5897908,0.5200528,0.40292838,0.4696115
2020-11-13,0.5909403,0.521064,0.40388814,0.47086194
2021-11-09,0.5901232,0.52038854,0.4031749,0.47029644
2022-02-10,0.59079236,0.5209266,0.4038264,0.4706789
2021-03-24,0.58774054,0.51817185,0.40124032,0.46786353
2024-07-12,0.58959615,0.51949775,0.4028874,0.469561
2022-01-23,0.59103614,0.5211876,0.40399548,0.47088906
2024-02-01,0.59069574,0.5208662,0.4038068,0.4705896
2024-08-02,0.59051675,0.5208042,0.40345767,0.47038954
2020-08-06,0.590627,0.5208038,0.4036647,0.47050473
2024-11-13,0.59056264,0.52082944,0.40358257,0.47084665
2020-06-06,0.5907256,0.5208465,0.40355727,0.47059974
2023-06-30,0.58867985,0.51889753,0.40198094,0.46879342
2019-10-06,0.5900855,0.52022034,0.40324745,0.47011033
2020-05-20,0.5907784,0.5209123,0.403688,0.47060513
2020-03-26,0.5908696,0.5211001,0.40382013,0.47057956
2024-06-20,0.59014136,0.52007663,0.4030411,0.47003883
2021-03-05,0.5906064,0.520895,0.40363508,0.47039902
2023-11-12,0.59020823,0.52040076,0.40342906,0.47057715
2020-03-01,0.59011036,0.5202393,0.40355018,0.4701335
2024-04-05,0.59052867,0.52079374,0.40346956,0.47051507
2024-11-03,0.59015524,0.5205085,0.4032056,0.4707398
2022-07-18,0.58977145,0.51976067,0.4029009,0.46976206
2020-07-29,0.5907524,0.520882,0.4037849,0.47060412
2020-10-10,0.5905146,0.52077067,0.40351945,0.4704764
2023-01-28,0.5893731,0.5196712,0.40268946,0.46938035
2020-11-15,0.59089893,0.52103156,0.40388206,0.47086078
2020-12-17,0.59103847,0.5211962,0.4040214,0.47087812
2022-05-05,0.59055674,0.52074677,0.40351397,0.47039402
2021-12-28,0.591086,0.5212473,0.40403804,0.4709203
2023-12-08,0.59097993,0.5211611,0.40391847,0.47084805
2021-01-02,0.59101194,0.5211725,0.40402222,0.47085893
2024-06-13,0.5890619,0.5199263,0.40324518,0.46910515
2023-05-07,0.59085006,0.5211066,0.4038561,0.47074303
2024-01-02,0.5910242,0.52120864,0.4040275,0.47086337
2022-09-07,0.5890688,0.51911217,0.4023125,0.46939674
2022-02-08,0.59088004,0.5210255,0.40389615,0.47074926
2019-10-16,0.5903724,0.5204686,0.4034954,0.47043073
2020-05-10,0.590863,0.5209919,0.4037849,0.47070506
2019-05-31,0.58983314,0.5195811,0.4033021,0.47018448
2022-08-26,0.5863595,0.516153,0.4002682,0.46845704
2024-09-01,0.58939743,0.5195126,0.40262657,0.46942657
2024-10-28,0.5897815,0.5200859,0.40284672,0.47076318
2024-09-20,0.5898353,0.5199185,0.40318382,0.4699472
2020-09-21,0.5900179,0.52036273,0.40321478,0.47011405
2021-11-10,0.5903284,0.5205696,0.40340412,0.4703862
2023-11-09,0.59014994,0.5203174,0.40338078,0.47040722
2023-10-31,0.59003645,0.52029306,0.40328768,0.47012785
2024-06-16,0.58962077,0.5198365,0.4026447,0.4694974
2020-09-09,0.5893924,0.51966375,0.40257755,0.46960843
2023-04-27,0.5906235,0.5211086,0.40342245,0.47036085
2023-07-25,0.5905223,0.52061045,0.40355593,0.4704051
2021-09-02,0.5904285,0.5206396,0.4033653,0.47031632
2021-11-28,0.5905722,0.5207848,0.40360123,0.47048852
2024-08-06,0.59058833,0.52078557,0.40361902,0.47045833
2021-10-05,0.589422,0.5196061,0.4026069,0.4695577
2023-02-07,0.5892426,0.51952875,0.40253714,0.46923637
2023-09-24,0.5880512,0.5179265,0.40205738,0.4682654
2022-04-17,0.5906023,0.5208216,0.40353438,0.4705205
2021-02-07,0.5902993,0.52039135,0.4036899,0.4702239
2023-04-19,0.5905287,0.5208526,0.4034208,0.4703321
2022-02-04,0.5908879,0.52103025,0.4038837,0.47075483
2020-05-26,0.5908276,0.52097154,0.40374702,0.47062582
2024-01-15,0.5910118,0.5211872,0.40401676,0.47087026
2022-05-21,0.59042835,0.5205008,0.40337816,0.4702626
2022-11-10,0.59058684,0.5207459,0.4036182,0.47048858
2020-10-05,0.59059143,0.5208056,0.4035798,0.47055075
2023-01-26,0.5892599,0.51954746,0.4025798,0.46928188
2022-11-07,0.5906449,0.52079344,0.4036916,0.47056362
2024-09-04,0.58959126,0.5197845,0.40283844,0.46962532
2021-04-15,0.5906403,0.52086467,0.40362516,0.4704323
2021-01-25,0.5907113,0.5208878,0.40388408,0.47062024
2021-04-09,0.5900349,0.52036273,0.40308785,0.46999952
2021-02-16,0.590542,0.5206946,0.40381262,0.47045386
2021-12-15,0.5909399,0.52111584,0.40393758,0.47079372
2024-09-19,0.59003717,0.52000463,0.4033081,0.47004157
2023-05-31,0.59100866,0.5211613,0.40399465,0.4708637
2023-04-13,0.5902438,0.52057457,0.4032013,0.47010103
2023-04-21,0.590509,0.5208834,0.40336937,0.470265
2020-10-12,0.5905574,0.5208183,0.40355238,0.4704785
2023-09-17,0.5874593,0.517596,0.4015435,0.4677863
2021-09-16,0.59028465,0.5207202,0.40342197,0.47028166
2020-03-02,0.5899974,0.5201414,0.4035055,0.47003275
2022-01-26,0.5909586,0.5211083,0.4039237,0.47082743
2021-07-10,0.5904264,0.5205089,0.4036117,0.47026595
2021-06-21,0.5893113,0.5195105,0.4025566,0.4696695
2021-10-18,0.58892745,0.51911455,0.4023667,0.46952632
2022-02-14,0.5907963,0.5209229,0.40386054,0.47067326
2022-09-21,0.5880578,0.5177986,0.40141162,0.46869805
2023-05-21,0.5907498,0.5210882,0.4038685,0.47062996
2022-05-30,0.5906616,0.5206429,0.40352002,0.4705207
2023-12-14,0.59095675,0.5211699,0.40390456,0.47081754
2020-09-27,0.59058666,0.52081156,0.40361774,0.47054473
2021-02-05,0.5902853,0.52039415,0.40359303,0.47022706
2019-09-30,0.5898299,0.5199728,0.40310374,0.46985558
2019-10-13,0.5902646,0.5203573,0.4033779,0.47033456
2022-08-19,0.5883939,0.51844394,0.401899,0.46926692
2021-07-28,0.5901015,0.5206016,0.4034701,0.47023454
2022-08-25,0.58427787,0.5138796,0.39876065,0.46796167
2021-11-14,0.5903773,0.5205764,0.40343928,0.47047037
2022-02-15,0.59078646,0.52091575,0.40386888,0.47066787
2024-03-29,0.59066916,0.5209468,0.40364856,0.4706288
2023-05-14,0.5908202,0.52114904,0.40393272,0.47070464
2023-01-14,0.5891237,0.5193872,0.402496,0.46914873
2023-01-10,0.5891075,0.5193918,0.40252757,0.4691566
2021-03-21,0.5897226,0.51999414,0.4029058,0.46952674
2021-02-27,0.5908263,0.52102524,0.4039139,0.4706531
2019-10-17,0.59042794,0.52052665,0.40354604,0.4704833
2019-08-18,0.5897598,0.5198013,0.40288,0.46992728
2022-06-02,0.5905929,0.52070665,0.40344176,0.4704462
2021-03-10,0.59071016,0.52098507,0.40372136,0.47043806
2024-02-14,0.5899735,0.52004486,0.403299,0.46996146
2020-04-30,0.59084904,0.5210176,0.40376696,0.47072905
2020-10-22,0.5905134,0.5207444,0.40347886,0.47046927
2020-11-09,0.5909237,0.5210596,0.4038787,0.47088113
2024-08-25,0.5901361,0.52025855,0.40324622,0.47010309
2023-08-27,0.58899474,0.51931685,0.40236798,0.46903157
2024-04-17,0.5907981,0.520978,0.4037725,0.4706719
2019-07-13,0.59051275,0.5206719,0.40355518,0.47040355
2021-09-25,0.59015757,0.5202095,0.40322682,0.4699487
2020-09-05,0.5894968,0.51974696,0.40262106,0.46965575
2022-08-15,0.5876182,0.51766366,0.4012805,0.46896365
2019-05-15,0.59077847,0.5209012,0.40368244,0.47061834
2021-11-15,0.59047717,0.5206871,0.40352404,0.47048837
2024-05-15,0.5897505,0.5199093,0.4026947,0.46961474
2022-03-03,0.5905867,0.52075875,0.40374038,0.4705194
2021-06-16,0.58861095,0.51887,0.40202728,0.46888602
2023-09-05,0.5862023,0.51677215,0.40032306,0.46661896
2024-11-16,0.590384,0.52072275,0.40342656,0.47104052
2023-06-18,0.5902786,0.5203856,0.40322557,0.4699417
2024-10-08,0.5903901,0.5205814,0.40352488,0.470523
2023-05-29,0.5907676,0.5209692,0.40377104,0.47063196
2021-08-12,0.58993345,0.52042025,0.4028581,0.46991023
2021-12-10,0.5908584,0.52106893,0.40388665,0.47072136
2021-01-08,0.59099877,0.5211535,0.4040154,0.47083482
2024-10-04,0.59037113,0.520522,0.40350345,0.47036427
2023-07-04,0.5881165,0.5183932,0.40145662,0.46820876
2019-06-10,0.59027475,0.5204149,0.40334585,0.47018448
2020-11-25,0.5909548,0.5210682,0.40393287,0.4708752
2020-11-20,0.5908947,0.5210136,0.40386373,0.47085416
2020-05-16,0.59078854,0.52091813,0.40370473,0.47061712
2019-12-15,0.5910217,0.5212117,0.40399092,0.47087103
2023-04-10,0.58949745,0.5198588,0.40251628,0.4694475
2019-09-29,0.58978,0.51994276,0.40303758,0.46981728
2023-04-26,0.5906586,0.5211004,0.40347242,0.47040278
2022-06-16,0.5901455,0.5202406,0.40301898,0.4698711
2022-09-15,0.58793145,0.5178793,0.40128973,0.46866503
2021-09-19,0.5901836,0.5204656,0.4032459,0.47010368
2020-11-19,0.59087306,0.5209991,0.40384653,0.47085
2024-09-03,0.5895885,0.5197453,0.40280682,0.46960235
2024-01-06,0.5910317,0.52120584,0.40402415,0.4708787
2019-10-29,0.5908131,0.5209332,0.40381607,0.47077474
2021-09-20,0.5903448,0.52060074,0.4034027,0.4702319
2019-10-21,0.5906683,0.5207994,0.403684,0.47065172
2023-06-24,0.5902304,0.52038187,0.40323457,0.4700945
2023-07-28,0.5902823,0.520308,0.4033405,0.47017467
2024-04-27,0.5907913,0.5209528,0.40371135,0.47067383
2023-07-19,0.5909155,0.5210336,0.4039067,0.4707729
2024-08-04,0.59051055,0.5207418,0.4034957,0.47038326
2019-09-12,0.5894447,0.5196706,0.40292302,0.46953464
2019-11-11,0.5909351,0.5210861,0.4038991,0.4708245
2019-09-19,0.588575,0.5188582,0.4023033,0.468719
2023-10-07,0.58806217,0.5181128,0.40195882,0.46832624
2024-07-20,0.58971554,0.51983,0.40286663,0.4695647
2023-03-19,0.58934015,0.5197943,0.40264425,0.46936634
2021-12-19,0.59105814,0.5212246,0.40401936,0.47089547
2019-11-19,0.5909568,0.5211003,0.4039215,0.470788
2020-03-11,0.5905073,0.5207193,0.40367964,0.47041312
2024-11-04,0.5901498,0.52048594,0.4032034,0.4707201
2019-05-07,0.59084433,0.52098733,0.4037455,0.47069597
2021-08-14,0.59041137,0.5206044,0.4034031,0.47027028
2019-12-28,0.5910671,0.5212363,0.40402457,0.47090065
2021-04-07,0.59018743,0.5204714,0.40327853,0.4700375
2019-05-02,0.59084606,0.5210166,0.40374172,0.47070906
2022-08-20,0.5884862,0.51855534,0.40196532,0.46929196
2024-10-31,0.5901111,0.5204052,0.4031785,0.47067374
2022-07-05,0.5900294,0.51986945,0.40315065,0.46989527
2021-11-20,0.59054893,0.5207422,0.40355694,0.47052002
2020-05-17,0.5908015,0.52095157,0.40369284,0.47063416
2022-07-24,0.5902053,0.5202264,0.4031909,0.47014993
2023-09-14,0.58641493,0.5167487,0.40058503,0.4668596
2019-11-21,0.5909529,0.5211118,0.4039271,0.47080112
2020-09-01,0.59027547,0.520438,0.40331414,0.47030392
2024-06-12,0.58950907,0.5201239,0.40320468,0.4694103
2023-08-15,0.5892922,0.5194545,0.40255788,0.4692902
2024-12-01,0.59078753,0.52103734,0.40380508,0.47102427
2021-12-01,0.5906269,0.5208507,0.40367177,0.47057134
2021-07-08,0.5906744,0.52076054,0.4037941,0.47047326
2022-01-13,0.5911028,0.52124846,0.40404844,0.47095355
2020-03-18,0.5908205,0.5211267,0.40374842,0.4706759
2019-06-15,0.590133,0.52021617,0.40322015,0.47006768
2023-08-14,0.58901286,0.5191412,0.40231743,0.46905124
2021-09-23,0.5903889,0.52044547,0.40341678,0.47015032
2020-12-30,0.59100103,0.52116615,0.4039986,0.47085428
2024-02-25,0.58927685,0.5187732,0.40269482,0.4695411
2024-01-10,0.59101605,0.52119,0.4040091,0.4708659
2022-02-12,0.5907355,0.5208799,0.40379924,0.470629
2024-08-05,0.5905447,0.52074426,0.40356264,0.47041506
2024-07-14,0.5895479,0.51936954,0.40279865,0.4696342
2024-07-21,0.58965385,0.5197749,0.40278956,0.46949857
2021-10-07,0.5895431,0.5197013,0.40275413,0.46974614
2021-04-25,0.5909074,0.5211199,0.40383226,0.47072998
2023-02-05,0.59045404,0.52063423,0.40353274,0.47034255
2024-01-08,0.5910419,0.52121,0.40403208,0.47088864
2024-07-04,0.5897028,0.51963615,0.40304184,0.46953252
2024-10-26,0.5899178,0.5202157,0.40295753,0.47079018
2021-03-16,0.59037393,0.5206298,0.40345138,0.47014916
2023-09-12,0.587373,0.5177407,0.40112785,0.4675819
2022-11-09,0.5905945,0.52075005,0.40362063,0.4704966
2019-12-05,0.59099644,0.52119213,0.40397838,0.470821
2024-04-02,0.5907217,0.52097887,0.40364677,0.4706412
2022-05-28,0.5903828,0.5204026,0.40332505,0.47030318
2024-07-19,0.58964384,0.51974505,0.4028219,0.46947688
2024-08-21,0.5903687,0.52047557,0.40340015,0.470259
2021-07-03,0.5904559,0.5205111,0.40358415,0.47044352
2021-06-05,0.5903049,0.5205237,0.40335783,0.47029102
2022-05-13,0.5906588,0.5208924,0.4035932,0.4704241
2024-10-13,0.5901355,0.52031636,0.4032546,0.4705687
2019-12-30,0.5910798,0.5212434,0.404038,0.470912
2022-04-19,0.59031385,0.520552,0.40323618,0.47026163
2022-03-14,0.5905389,0.52081364,0.4036058,0.4703937
2019-06-08,0.5902316,0.52036107,0.40336424,0.47019088
2019-04-22,0.59076387,0.52094376,0.40366456,0.4706046
2023-08-02,0.59030616,0.52037966,0.4033848,0.47019595
2019-12-10,0.5910234,0.52121454,0.4039973,0.47084805
2021-09-28,0.59008265,0.5202511,0.40315542,0.46997383
2021-07-13,0.5904612,0.5204757,0.40362647,0.47024086
2022-09-30,0.5881637,0.51789427,0.4015604,0.4688038
2023-06-26,0.5900491,0.5201788,0.4030697,0.46992645
2019-08-23,0.58879715,0.51878095,0.40204602,0.4693228
2019-10-19,0.5905048,0.52061814,0.40357414,0.4705603
2024-10-11,0.5902231,0.5204111,0.40332538,0.47056732
2019-11-29,0.5909631,0.521143,0.40393507,0.47081813
2023-09-29,0.58764887,0.51766086,0.4016817,0.46792972
2024-01-21,0.59095556,0.5211288,0.40399146,0.47081822
2020-02-24,0.59057295,0.52073294,0.40379697,0.47052
2019-05-12,0.5908077,0.5209561,0.4037053,0.4706554
2021-02-12,0.5902917,0.5203792,0.4037644,0.47027177
2024-12-05,0.590741,0.5209993,0.4037617,0.47109184
2020-12-07,0.59106195,0.5212335,0.40403357,0.47090417
2020-03-08,0.5901011,0.5202457,0.40359926,0.47011912
2020-10-11,0.5904906,0.520765,0.40349144,0.47046387
2023-06-03,0.58952075,0.5200482,0.40290192,0.46955597
2019-09-04,0.5880145,0.51834357,0.40147772,0.46900928
2024-12-26,0.5908695,0.521123,0.40390074,0.47102147
2023-12-07,0.5909542,0.52116776,0.40392408,0.4708202
2023-02-21,0.5893464,0.5198737,0.4027067,0.46943778
2022-01-22,0.5910533,0.5212023,0.4040127,0.47089827
2021-05-06,0.59083617,0.5210033,0.40375713,0.4706589
2024-03-12,0.5900657,0.5204316,0.40325224,0.47018373
2023-10-06,0.5880368,0.5181748,0.40190816,0.46827662
2022-09-18,0.58824503,0.51808035,0.40158084,0.46884486
2021-12-11,0.5908703,0.5210703,0.4038959,0.4708014
2022-02-19,0.59073246,0.5208729,0.40389398,0.47063366
2023-10-25,0.58989197,0.5201189,0.40312278,0.46993393
2019-04-23,0.59084666,0.52101725,0.40375534,0.4706849
2022-09-11,0.58888525,0.51883364,0.40210795,0.4692706
2019-10-02,0.58988243,0.5200165,0.40311566,0.46996588
2022-01-19,0.5910742,0.5212221,0.40402412,0.47091973
2022-11-23,0.59005296,0.52027774,0.40322945,0.4699719
2023-12-28,0.591029,0.52121186,0.4040051,0.47087765
2021-05-31,0.5895938,0.5192919,0.40353733,0.47038242
2021-10-29,0.58867127,0.5191512,0.40200627,0.46920258
2024-04-09,0.5908343,0.52103794,0.4037789,0.47073907
2021-12-14,0.59093,0.5211054,0.4039222,0.47081104
2023-10-22,0.5898145,0.51997894,0.40317076,0.46985322
2021-02-19,0.5907686,0.5209768,0.40386418,0.47064433
2022-05-11,0.5906632,0.52089435,0.40359914,0.47046462
2019-09-22,0.5887307,0.51891863,0.40244326,0.4688542
2021-07-27,0.5899638,0.5204581,0.40338773,0.47009662
2023-03-25,0.5902774,0.5205835,0.40339544,0.4701745
2022-04-12,0.59030193,0.52060497,0.4032748,0.4702589
2020-04-21,0.5906659,0.5208801,0.4036427,0.47055602
2019-11-02,0.59080744,0.52095115,0.40376943,0.47076628
2023-03-13,0.5899226,0.5202521,0.4031404,0.469884
2020-09-22,0.59029454,0.5205981,0.40339848,0.4702972
2023-09-01,0.58824366,0.51851696,0.40175417,0.4683289
2021-02-28,0.5908881,0.5211173,0.40392664,0.4706928
2022-06-05,0.5902804,0.5203609,0.4029479,0.46996582
2023-06-05,0.58972657,0.52011085,0.40294304,0.4697333
2020-03-17,0.5908197,0.5210871,0.40374437,0.47063276
2023-04-06,0.5898712,0.52017635,0.40293792,0.46983984
2023-02-18,0.589675,0.5200729,0.40292633,0.46968532
2019-07-14,0.5905334,0.52067494,0.40358123,0.470432
2023-12-15,0.59100085,0.52119577,0.4039373,0.47086394
2024-07-22,0.58853686,0.518676,0.40181926,0.46863312
2021-03-30,0.5876264,0.51791286,0.40127695,0.46772352
2023-04-17,0.5900431,0.52044386,0.40291253,0.4698597
2020-03-07,0.59005487,0.52019274,0.40360537,0.47007906
2024-03-06,0.59001476,0.52061313,0.40335223,0.47006765
2020-10-30,0.5908574,0.5210074,0.40379182,0.4708038
2020-09-16,0.58973676,0.52009106,0.40284735,0.46992803
2023-01-03,0.58895874,0.5191969,0.40238157,0.4690589
2023-07-22,0.5902454,0.52027196,0.40333787,0.47013873
2024-08-29,0.58977085,0.5199081,0.40290028,0.46975365
2022-12-24,0.589074,0.5193826,0.40251797,0.4691589
2020-02-25,0.5905671,0.5207167,0.40382093,0.47049892
2021-09-22,0.59043074,0.5205248,0.40342492,0.4702006
2022-09-29,0.58794814,0.5176739,0.40134707,0.4686303
2023-01-01,0.5889805,0.519268,0.40243888,0.46910077
2019-04-30,0.5907329,0.5209136,0.4036205,0.4705742
2022-08-12,0.5893161,0.51946676,0.40256447,0.4696283
2020-03-28,0.590119,0.5204191,0.40310946,0.4698476
2021-08-17,0.5907724,0.5209489,0.4036813,0.47064358
2019-04-07,0.59032404,0.5205469,0.40333244,0.47011712
2021-11-27,0.5905752,0.52079976,0.40360022,0.4705703
2022-07-04,0.58990204,0.51968503,0.40307125,0.46978453
2019-07-03,0.59049517,0.52060276,0.40349144,0.4703675
2021-08-25,0.590689,0.5208098,0.40356386,0.47055313
2022-06-23,0.59051144,0.5205758,0.40357053,0.47035244
2024-12-12,0.5909626,0.5211738,0.40395692,0.47096905
2022-07-21,0.5900207,0.52005357,0.40306818,0.4700225
2022-07-02,0.58976424,0.5195052,0.40307376,0.46969172
2021-08-29,0.59053797,0.52071977,0.4035433,0.47041902
2023-09-02,0.587242,0.51761067,0.40096018,0.46746644
2021-01-14,0.59093964,0.5210946,0.40398228,0.47079518
2019-12-01,0.59099233,0.5211615,0.4039745,0.47081357
2022-11-19,0.5903031,0.5205272,0.4034215,0.47021797
2021-07-17,0.589137,0.5193274,0.4024593,0.4692783
2021-02-15,0.5905325,0.52066046,0.40383884,0.4704358
2019-09-06,0.5892979,0.5195406,0.40252465,0.46960506
2021-07-12,0.59030575,0.5203437,0.4035086,0.47012827
2022-01-25,0.5910028,0.52115333,0.4039738,0.4708595
2024-02-12,0.590448,0.5205894,0.40369293,0.47037217
2019-07-18,0.59038925,0.5204951,0.40350872,0.4704528
2020-07-01,0.59060985,0.52076757,0.40361142,0.47053218
2019-09-13,0.5892106,0.51944894,0.40274087,0.46936417
2024-06-30,0.58997375,0.52009344,0.40313837,0.46985206
2019-04-21,0.59076416,0.5209791,0.403619,0.470553
2023-08-04,0.5901536,0.5202289,0.40323874,0.47005737
2024-09-18,0.5903154,0.52034557,0.40346435,0.4702913
2021-01-07,0.5910093,0.521161,0.40402624,0.47085038
2020-06-23,0.58633476,0.5173111,0.40001878,0.46725905
2023-12-12,0.59096926,0.5211771,0.40394112,0.47085553
2020-07-07,0.5898955,0.5199469,0.40308246,0.47013292
2019-11-23,0.5909452,0.5210914,0.40391743,0.4708102
2022-01-11,0.5911131,0.5212552,0.40406057,0.47095177
2020-06-21,0.5869017,0.517802,0.40050587,0.46765602
2022-03-09,0.5903898,0.5205973,0.40370208,0.47031885
2024-01-23,0.5909227,0.52109003,0.40397558,0.47079995
2024-03-27,0.5905583,0.52082026,0.40356275,0.4705313
2020-07-11,0.58951664,0.519615,0.40278506,0.46976334
2021-10-02,0.589721,0.5198894,0.4028655,0.46973592
2023-04-29,0.5907809,0.5210615,0.4036849,0.47058147
2024-06-21,0.59036976,0.5204159,0.40326697,0.47023463
2020-02-06,0.5909085,0.5209821,0.4038719,0.47076887
2024-03-23,0.59065557,0.52089524,0.40368274,0.47062162
2023-01-16,0.58910453,0.51938874,0.4024704,0.46914652
2022-08-27,0.5875789,0.5175168,0.40125522,0.46891972
2023-10-09,0.5879671,0.5179715,0.40187863,0.468251
2024-06-06,0.59041125,0.5207883,0.40347078,0.4702876
2019-10-22,0.5906841,0.5208122,0.40372244,0.47069502
2024-02-27,0.59006405,0.5202115,0.40337148,0.4700247
2023-05-12,0.59078383,0.52106977,0.40386093,0.47065288
2021-01-12,0.59096134,0.5211195,0.40398726,0.47082415
2020-06-26,0.58996654,0.52023995,0.40304106,0.47005683
2022-01-03,0.59109,0.52123845,0.40403396,0.47092718
2021-06-25,0.59043586,0.52063525,0.4033695,0.470421
2021-09-07,0.5901205,0.5205482,0.40334138,0.47012764
2022-02-17,0.5907822,0.5209039,0.40388435,0.47066164
2023-02-19,0.58966786,0.5200278,0.40290764,0.46966755
2024-05-22,0.5894687,0.51952136,0.40242398,0.46948743
2022-11-14,0.5905975,0.52077067,0.4036441,0.4704762
2022-12-30,0.5900678,0.52026767,0.4032623,0.47001344
2021-11-23,0.59044224,0.5206637,0.4034923,0.4703992
2022-03-08,0.59029394,0.5204761,0.40369728,0.47024804
2022-11-02,0.59049827,0.5206457,0.40356988,0.47051474
2024-11-12,0.5904051,0.5207239,0.40345326,0.47090504
2022-07-09,0.58971447,0.5195686,0.40286422,0.46963832
2022-02-28,0.5902771,0.5204327,0.40368855,0.47026294
2021-08-21,0.59072655,0.520906,0.40336445,0.4707526
2020-04-22,0.5906856,0.5208787,0.4036593,0.4705666
2019-11-25,0.59091735,0.52106893,0.4038914,0.4707716
2019-07-01,0.5905768,0.5206307,0.40354532,0.4704425
2021-03-26,0.58731186,0.51762927,0.4008965,0.4674337
2022-01-02,0.59104824,0.5212109,0.40399173,0.47089338
2024-02-03,0.5904494,0.52061176,0.40357208,0.47038633
2021-03-04,0.59057903,0.52086157,0.40360162,0.47036827
2020-07-27,0.5906401,0.5207876,0.40367535,0.4705241
2019-07-08,0.59041435,0.5205627,0.40345228,0.4703249
2022-08-14,0.5878615,0.5179377,0.40146655,0.46904966
2020-09-02,0.5902637,0.52045983,0.40329117,0.4702826
2021-08-26,0.590605,0.52072746,0.40350968,0.47045827
2022-09-20,0.5880558,0.51775444,0.4014173,0.46868193
2020-03-12,0.5906422,0.5208755,0.40369487,0.47051474
2019-05-29,0.5903205,0.5202664,0.4033442,0.47030056
2023-05-28,0.59070367,0.52096957,0.40368336,0.47058
2020-02-07,0.59091175,0.520979,0.40386668,0.47077876
2021-12-13,0.590903,0.5210895,0.40390766,0.47077185
2024-11-10,0.59021497,0.5205738,0.40330234,0.47098297
2023-10-03,0.5879095,0.5181527,0.40165326,0.46815902
2022-07-03,0.5897472,0.519453,0.4030522,0.46964198
2024-04-03,0.5907013,0.52095705,0.40365034,0.4706388
2020-07-12,0.5891432,0.51927257,0.4024703,0.4693439
2020-05-07,0.59084755,0.5210066,0.4037851,0.47069734
2020-02-23,0.59050643,0.52061313,0.40363806,0.47044915
2021-08-03,0.5903307,0.5204,0.40304524,0.4703723
2023-11-18,0.59067184,0.5208651,0.403672,0.47070876
2024-01-19,0.59098977,0.5211679,0.40400267,0.47084883
2022-07-15,0.589816,0.51974934,0.40290734,0.46977186
2024-10-30,0.59006333,0.5203959,0.40310907,0.4706845
2019-09-11,0.58957744,0.5198036,0.40293837,0.46968085
2021-09-18,0.5901899,0.5204874,0.40328926,0.4701714
2019-04-26,0.5907993,0.520969,0.40368593,0.47064495
2023-01-02,0.58902276,0.5192976,0.40245572,0.4691337
2021-12-07,0.59077334,0.52098984,0.403813,0.4707191
2023-10-20,0.5895889,0.51973456,0.4029967,0.46963724
2020-11-21,0.59087694,0.52100086,0.40384242,0.4708362
2021-05-08,0.59079504,0.5209318,0.40368453,0.47062626
2019-10-04,0.5899663,0.5201085,0.40313706,0.47001806
2020-01-25,0.59101975,0.5211596,0.40397897,0.4708649
2021-06-20,0.58625066,0.5162457,0.40021396,0.46837974
2020-12-26,0.59101456,0.5211681,0.4040173,0.47087744
2020-12-27,0.5910068,0.52116734,0.40400493,0.4708694
2021-04-01,0.58837,0.518682,0.40195283,0.4683854
2021-06-01,0.5898721,0.5197501,0.40347618,0.47037297
2023-03-30,0.58984727,0.5202162,0.40290532,0.46983832
2023-04-25,0.5907585,0.5211143,0.40361467,0.47055164
2020-08-26,0.5905569,0.5207241,0.4036195,0.470523
2022-01-04,0.5910887,0.5212441,0.40403965,0.4709282
2022-11-18,0.59042215,0.5205967,0.40349948,0.47029838
2021-04-21,0.5908295,0.5210762,0.40376046,0.47066915
2021-09-13,0.58986145,0.52051526,0.40316355,0.46992564
2024-11-28,0.59062374,0.52090245,0.40364483,0.471096
2022-12-27,0.58905166,0.5193598,0.40248474,0.4691333
2019-07-24,0.5887733,0.51895136,0.40217608,0.46915585
2021-11-05,0.5887993,0.5192952,0.4020407,0.46929187
2020-09-20,0.5899654,0.5203927,0.40324685,0.47006473
2023-09-22,0.5884624,0.51853794,0.40214148,0.4686103
2024-07-10,0.58996326,0.5199235,0.40313148,0.46983606
2021-08-02,0.5901711,0.5203624,0.4029756,0.4702157
2022-03-12,0.5906872,0.5209454,0.40378246,0.4705439
2019-08-29,0.58839023,0.5184836,0.4017561,0.46908775
2021-08-24,0.5906115,0.5208572,0.40321875,0.4706784
2019-06-14,0.5899651,0.5200482,0.40316755,0.46995223
2021-10-31,0.58800966,0.5186741,0.40146384,0.46867785
2020-12-20,0.59105706,0.5212171,0.40403488,0.47089624
2024-06-08,0.5903193,0.52059966,0.40358078,0.47015136
2021-11-04,0.5891802,0.5195688,0.4022631,0.4697175
2024-03-17,0.5901695,0.5204707,0.40325442,0.47020498
2019-10-27,0.5906862,0.5207894,0.4036668,0.47075805
2019-07-04,0.5903584,0.5204654,0.40339163,0.4702573
2021-01-03,0.59102327,0.52117896,0.4040273,0.47086254
2023-11-16,0.5906022,0.5207859,0.40365493,0.47058207
2021-06-10,0.59035194,0.52056533,0.40342835,0.47035572
2020-04-04,0.5904859,0.52075577,0.40349007,0.47006527
2023-08-17,0.5896518,0.51979965,0.40286377,0.46960455
2021-02-21,0.5908816,0.5211404,0.40388665,0.47072777
2023-11-02,0.59017724,0.52044225,0.40338767,0.47025284
2022-08-02,0.590678,0.5207612,0.40363714,0.4705269
2021-02-20,0.5908305,0.5210947,0.40385544,0.47071087
2024-10-15,0.5901146,0.52026904,0.4032037,0.47065383
2024-08-26,0.59008956,0.5201966,0.40322194,0.4700486
2020-02-27,0.5904705,0.5206183,0.40376854,0.4704328
2024-07-24,0.58927673,0.51951385,0.40249845,0.46928
2022-05-26,0.5891339,0.51930314,0.4023189,0.46925452
2023-07-06,0.58820915,0.51834303,0.40149513,0.46814337
2024-07-08,0.5891149,0.51881,0.40283683,0.46906707
2021-08-10,0.5897479,0.5202882,0.40271538,0.46984464
2021-10-21,0.5897971,0.5199943,0.40293947,0.47005215
2023-01-11,0.5890982,0.5193793,0.40250662,0.4691484
2024-04-21,0.5905892,0.5207763,0.40358564,0.47048995
2021-01-11,0.5909662,0.5211232,0.4039949,0.47081518
2021-05-19,0.5909098,0.5210291,0.40384808,0.4707658
