date,h0,h1,h2,h3,h4,h5,h6
2021-08-15,2.7754212e-13,1.1617182e-12,7.0850047e-06,3.1531248e-18,1.0,2.4132956e-14,4.5300954e-21
2022-01-14,0.9999919,0.9994843,1.0,0.9999988,1.5896865e-12,0.98922825,0.99999535
2024-10-10,1.4478213e-15,4.528337e-07,3.389931e-12,2.4051874e-16,0.9999999,3.151467e-17,1.24887506e-17
2023-09-29,3.968166e-14,3.3144744e-08,3.2841768e-14,5.0530496e-10,1.0,6.5235707e-18,2.2522065e-19
2020-07-27,2.1782765e-07,8.6938863e-16,4.416232e-06,6.327915e-11,1.0,3.741688e-10,1.0494713e-15
2020-12-08,0.9996861,0.99999976,0.9999796,2.5740503e-05,8.044332e-13,1.2694153e-06,0.99999976
2024-05-29,0.9999999,0.00013838532,1.0,4.0354234e-11,0.001013955,8.710316e-09,1.761027e-11
2024-04-30,0.9999999,0.040575996,1.0,0.047246817,1.6127446e-08,0.9999893,2.9507067e-11
2023-03-31,1.2499083e-11,1.0212542e-09,1.0,0.00015882707,9.57784e-09,0.99947983,2.701975e-10
2021-07-14,0.0002771063,0.0014348569,0.9983815,2.2278413e-15,1.0,3.1163829e-15,5.5540016e-24
2024-10-02,8.329012e-12,1.3466168e-06,9.877962e-11,1.20746e-14,1.0,3.3405587e-16,1.6706768e-16
2021-06-21,0.99813205,2.6767054e-07,0.9999995,3.8283774e-16,1.0,1.966804e-09,2.1588742e-18
2020-06-03,0.97072077,6.0818217e-10,1.0,8.492485e-14,1.0,1.3234712e-08,7.0674633e-15
2024-10-25,2.6180221e-12,1.3579395e-09,6.073289e-10,3.3670003e-14,1.0,1.6686888e-17,5.416372e-23
2024-07-22,1.3504013e-11,6.85681e-17,0.008091161,1.829196e-18,1.0,3.8738216e-13,3.706404e-23
2019-12-26,0.9999958,0.99985397,1.0,0.9935735,5.401257e-12,0.9997284,0.9984862
2022-12-25,4.5827273e-05,0.9999523,1.0,0.99820054,4.928669e-13,6.081867e-10,0.63064045
2024-03-14,1.834768e-08,1.267153e-07,1.0,0.0002411245,2.654891e-05,0.00036487204,2.0607002e-14
2020-10-30,0.44608462,0.99988914,1.3213066e-06,7.478112e-18,0.9999994,7.9401405e-05,5.967207e-20
2021-08-10,5.8643877e-15,2.1873924e-13,0.3987905,8.497749e-22,1.0,6.181429e-13,6.667638e-24
2022-07-28,0.00013953174,1.2122965e-11,9.703225e-09,3.8602742e-08,1.0,1.1968782e-06,2.228401e-16
2023-10-20,8.093318e-13,5.6553996e-05,3.5064478e-09,3.2457464e-11,1.0,1.4437566e-15,2.2938898e-24
2019-06-30,0.029451318,4.0263424e-07,0.23497532,3.8112086e-18,1.0,1.9580901e-07,2.0552238e-26
2022-02-14,0.014543545,0.8991982,0.9999989,0.9998518,5.296656e-16,0.93772674,0.9999999
2023-01-17,1.5901582e-05,0.9979557,1.0,0.9999999,4.603101e-10,2.1675415e-08,3.3854857e-08
2022-03-29,3.0767133e-10,1.5535228e-07,0.9999453,1.2335147e-07,7.307479e-09,0.95186657,2.3199364e-06
2020-05-04,1.0,0.0001445471,1.0,0.9440611,2.1442759e-08,0.99999666,9.005549e-07
2020-06-21,0.8121092,0.00081887137,1.0,5.7610735e-18,1.0,3.6002765e-13,3.3177904e-22
2022-03-21,7.741752e-13,1.7875414e-07,0.99998164,2.8211664e-13,1.277182e-06,0.047062583,1.6142348e-11
2022-01-10,0.9971204,0.9999598,1.0,0.99998975,1.4023496e-13,0.68971944,0.9999752
2023-01-10,1.4722125e-05,0.999998,1.0,0.99999607,2.5819222e-11,8.2081847e-10,0.00036155316
2023-01-12,2.558871e-05,0.99997175,1.0,0.99999726,1.6967916e-09,2.8933618e-09,1.10967e-06
2021-01-12,0.7440324,0.9998597,0.99999833,1.5118284e-06,4.5572326e-16,2.8275708e-05,0.9999987
2024-06-30,3.060534e-11,6.995565e-11,0.9999535,6.0374346e-19,1.0,2.0966198e-14,6.799871e-24
2020-10-06,1.997937e-09,7.429512e-05,1.0853911e-10,1.6412263e-18,1.0,2.4674236e-09,1.7256577e-23
2022-08-02,0.0014934544,2.9291197e-10,4.8338126e-08,3.6579447e-08,1.0,4.0125492e-08,4.7700233e-15
2022-08-23,1.5432748e-07,3.5708643e-12,3.4285838e-11,1.1078566e-10,1.0,1.6130766e-12,1.1856265e-18
2023-01-01,0.00018708699,0.9999709,1.0,0.9982982,2.9952707e-11,2.7378233e-09,0.0007452097
2022-11-03,0.20669258,0.9999964,0.9996871,8.6455317e-13,1.0,1.1441694e-13,9.095112e-22
2021-10-07,2.5622438e-08,0.022494044,3.8429418e-05,1.4064049e-17,1.0,3.0235798e-15,3.040338e-23
2020-02-28,2.2480606e-05,0.7136242,1.0,0.05274272,4.4357286e-13,0.41299087,0.99996054
2023-12-26,0.99995995,0.999997,0.99999905,0.99999297,2.0174942e-12,0.029846653,0.9990243
2020-09-03,1.94022e-12,6.5506225e-12,4.1405674e-09,1.6760346e-21,1.0,5.012447e-13,3.39265e-22
2024-11-21,0.039861325,0.99999535,0.6537357,0.20603274,8.054546e-08,8.983976e-06,2.986274e-07
2022-09-21,4.3317687e-09,5.147784e-06,1.3644645e-08,3.6363667e-15,1.0,7.375407e-20,1.8938145e-20
2024-05-30,0.9999964,2.8171522e-07,1.0,4.756846e-09,0.0029824164,2.539637e-07,1.3924056e-09
2020-08-21,2.192006e-05,2.2213686e-09,1.4254412e-10,4.00612e-11,1.0,5.4248385e-12,5.563257e-13
2020-06-13,0.98571384,9.164287e-09,1.0,6.9727687e-12,0.9999906,4.274399e-09,9.491191e-19
2020-06-18,0.5749193,6.137365e-07,1.0,6.295215e-16,1.0,9.003371e-12,6.979483e-21
2023-04-10,4.484319e-09,4.6202794e-10,0.99999964,1.6634142e-09,8.091431e-05,0.99999666,8.114711e-13
2024-08-20,8.6322915e-15,2.016968e-11,1.8980353e-08,6.7021116e-10,1.0,1.7527309e-10,6.41773e-18
2022-06-11,0.9385341,0.00024011004,0.99999917,6.7889644e-15,1.0,3.4057878e-13,3.956477e-24
2020-05-21,0.99999976,5.928659e-08,1.0,2.1401518e-09,0.061433718,0.013979418,3.5512572e-11
2024-10-06,3.5937023e-14,1.2837844e-09,6.399995e-10,1.0807263e-14,1.0,2.5627794e-17,1.5312923e-17
2022-06-05,0.99999094,5.919942e-10,1.0,1.2933626e-06,1.0,9.821073e-08,5.350121e-17
2020-01-22,0.999992,0.95282763,1.0,0.9993679,2.5147707e-12,0.9999652,0.9999969
2023-05-11,0.9610968,8.30519e-05,1.0,0.05972897,2.6031925e-13,0.99999726,0.9901624
2021-07-07,4.0993014e-05,1.6123859e-05,0.99993646,1.2148367e-13,1.0,3.2575847e-12,2.8416539e-18
2022-02-24,0.0066883126,0.0024964013,0.9999943,0.99991465,9.318256e-15,0.00020202425,0.9999945
2019-09-25,3.3434924e-07,0.004288161,1.3626212e-07,2.0146889e-14,1.0,2.068237e-14,4.6485352e-23
2019-05-17,0.08515088,1.15815565e-05,1.0,2.6544576e-11,7.5038747e-07,0.99968874,2.2907611e-07
2022-07-17,3.5814063e-10,4.8434706e-14,2.9110993e-08,1.5634488e-18,1.0,7.1305396e-13,2.4662775e-15
2024-12-08,0.9999505,0.9999963,0.9770683,0.99852127,1.0319108e-11,1.6634707e-05,0.99998367
2020-01-06,0.99998116,0.9998517,0.9999994,0.9993961,2.8415432e-12,0.9999604,0.99865425
2023-08-18,1.8794652e-11,4.6014414e-14,1.2410553e-10,3.8421886e-16,1.0,3.3324182e-13,8.1277696e-24
2024-12-14,0.9999993,0.99946314,0.5922807,0.99997556,6.5657524e-10,4.2006076e-07,0.999548
2019-09-28,2.0821922e-07,0.007900565,5.2573725e-08,7.2986715e-14,1.0,1.7227699e-16,6.386606e-21
2021-08-18,0.001522436,0.00020827753,0.06686282,2.5243065e-11,1.0,1.3490015e-10,2.3919676e-22
2022-01-19,0.99996674,0.9996687,0.9999999,0.999998,2.1376711e-13,0.9730609,0.99999416
2021-08-28,1.4457113e-10,7.938782e-08,9.2254006e-05,1.29381456e-23,1.0,1.8495699e-13,2.4112179e-20
2020-02-18,0.01233861,0.18144295,1.0,0.40984526,8.759939e-15,0.9999993,0.99975306
2022-03-05,3.4149288e-08,0.82044506,0.99997723,0.055908024,9.195001e-12,1.7752884e-08,0.99999905
2021-03-17,1.0714888e-09,8.7228045e-06,1.0,0.0031471027,3.8889015e-13,1.8888983e-06,0.9650743
2020-10-10,1.4185108e-11,0.00059351104,5.184538e-06,1.7054778e-20,1.0,3.4238706e-12,2.3708522e-25
2023-09-02,5.9541573e-12,3.7902693e-12,1.9496238e-12,2.1876108e-08,1.0,3.4757779e-09,2.1232264e-16
2022-09-01,4.02003e-06,2.097051e-11,1.955527e-08,2.627429e-14,1.0,1.9343743e-12,2.6961502e-23
2020-11-26,0.9801421,1.0,0.024277588,1.7613594e-07,1.19502275e-08,7.875413e-11,0.15649198
2019-11-02,0.24662761,1.0,0.08510766,6.6939125e-13,0.99999297,1.5474405e-10,1.978737e-19
2024-06-20,0.00023711563,1.4367186e-08,1.0,1.3245624e-15,1.0,8.499474e-13,1.2055466e-27
2024-07-17,4.955179e-15,2.3806613e-11,1.552911e-05,7.582659e-22,1.0,2.0627665e-16,3.6290946e-21
2024-08-03,1.6744262e-11,2.635902e-14,5.3130886e-08,2.0404448e-14,1.0,1.2042615e-09,2.5495988e-15
2024-12-06,0.9999622,0.9999994,0.9887826,0.9779413,1.8430006e-11,5.4743115e-05,0.999524
2024-05-22,0.99895525,7.787913e-06,1.0,3.2642088e-12,0.0023170742,8.4187576e-08,2.6648355e-08
2020-07-15,6.245151e-09,1.0813817e-11,3.428169e-06,1.3722596e-13,1.0,3.945519e-05,9.633057e-17
2024-11-13,3.628978e-09,0.018838188,0.003366774,3.6462288e-07,0.0040967665,4.6291582e-08,3.157986e-08
2023-08-16,1.2302963e-10,1.2530812e-14,2.2608981e-10,8.4239576e-13,1.0,2.6888082e-14,1.6281908e-21
2024-02-06,3.9110223e-06,0.02611911,0.9999943,0.7339617,6.091096e-14,0.001736648,0.9999989
2023-04-22,0.9999089,5.965951e-06,1.0,2.1996995e-05,1.6492278e-06,0.9999999,8.1139495e-10
2021-05-11,0.9999546,0.0041374187,1.0,0.00013096984,1.2530484e-13,0.9999994,0.4082081
2023-06-27,3.878141e-12,3.6335073e-13,0.9505525,6.3387107e-16,1.0,1.0295758e-10,1.4432306e-19
2019-09-06,2.2920368e-08,1.0610543e-08,6.6529543e-07,9.853145e-14,1.0,1.852692e-12,4.01598e-23
2023-09-08,1.302579e-09,3.9726515e-13,2.322035e-14,1.8111184e-11,1.0,8.4357514e-11,3.2816698e-19
2021-01-10,0.0009994241,0.99958676,1.0,1.0285687e-05,1.0670995e-17,8.6289197e-07,0.99999726
2021-12-07,0.28643698,0.99999857,0.9999999,0.9998847,3.954668e-12,2.112259e-07,0.058908485
2020-01-02,0.99999523,0.9892006,1.0,0.998719,2.654426e-12,0.999995,0.9996923
2022-02-08,0.9639316,0.68731666,0.9999982,0.9993513,3.964852e-14,0.9996147,0.9999999
2019-12-21,0.99984777,0.9986563,1.0,0.9972102,1.6509203e-12,0.9999777,0.99457246
2020-05-07,0.99999905,9.50234e-06,1.0,0.33855906,7.343178e-09,0.99982554,1.9667607e-07
2023-11-22,0.9904185,0.9999733,0.015688106,0.0012323679,0.5894519,1.6081577e-09,1.0847984e-15
2020-03-26,0.0077056745,0.0006443942,1.0,3.772837e-05,4.2836422e-11,0.9999993,0.053691924
2023-09-14,3.7299486e-08,1.0739198e-16,1.1718639e-12,2.0056626e-11,1.0,3.3846159e-06,1.4201767e-21
2019-05-24,0.00014004543,1.6462931e-10,0.9999411,6.448135e-14,0.0025733393,0.53994966,2.14948e-12
2023-05-21,0.9999846,2.0131246e-07,1.0,4.3893982e-05,2.9068553e-07,0.99957615,6.7852335e-07
2021-09-18,2.7358356e-12,3.8325682e-10,2.638013e-07,2.891648e-19,1.0,2.503968e-16,1.8549134e-26
2020-04-21,0.9999999,0.00046915334,1.0,0.99617887,4.335511e-10,1.0,1.3510626e-06
2021-02-19,1.0389118e-07,0.9999306,0.9999814,6.136382e-07,1.413423e-14,3.8607457e-08,0.99564785
2024-04-27,0.9999716,0.40357208,1.0,0.8953082,7.11449e-11,0.99999905,2.0065294e-09
2019-06-06,2.2447233e-07,7.91939e-09,1.0,8.229515e-15,1.0,1.9854236e-09,1.3441493e-22
2021-08-08,4.7155327e-14,7.265196e-11,1.1963351e-05,4.1505862e-20,1.0,5.716265e-17,2.3412755e-24
2019-10-10,5.2880976e-05,0.9999647,3.6232997e-09,4.954586e-14,1.0,1.2878697e-10,4.7217713e-17
2024-02-25,1.2425711e-14,1.6894238e-11,0.99999523,4.6955627e-14,0.98733795,1.7211623e-14,1.5798385e-12
2022-09-02,1.6965789e-08,1.5588247e-10,3.7258374e-09,2.2427345e-14,1.0,8.1536524e-13,1.6789043e-25
2019-03-30,3.3575587e-11,1.3503376e-10,0.9853498,1.1035596e-08,2.2413858e-05,0.99999976,3.4931454e-12
2024-10-07,3.699284e-16,1.2038481e-09,1.03492356e-13,2.0703327e-14,0.9999999,3.843066e-17,6.1699435e-17
2020-05-05,0.99999976,0.0072166617,1.0,0.8553256,3.290187e-08,0.9999988,1.4575275e-07
2021-09-10,3.2093585e-11,6.286587e-09,9.921345e-07,1.4544653e-21,1.0,4.908658e-13,5.156458e-25
2021-12-16,0.99998105,0.9999944,1.0,0.999964,2.642692e-11,0.08736799,0.8571163
2022-06-07,0.9999888,3.1900216e-09,1.0,5.606444e-07,0.9999939,0.000114716684,1.817895e-15
2024-02-07,0.0010197471,0.00012224475,1.0,0.60240847,6.683458e-11,0.009841513,0.99974376
2022-08-28,5.746331e-07,1.5350717e-12,1.3203105e-10,4.5530562e-11,1.0,1.2405352e-13,2.8867104e-19
2020-01-05,0.9999995,0.99985445,0.99999964,0.9990429,1.6576388e-11,0.99928916,0.9999808
2020-06-23,2.0224228e-05,6.765514e-06,1.0,4.297301e-18,1.0,5.3325447e-14,6.356788e-27
2022-06-04,0.9999968,8.836676e-08,1.0,3.7105674e-06,0.9999995,8.312301e-08,2.797461e-17
2024-12-15,0.9999969,0.99999523,0.9836553,0.9987031,5.32948e-12,7.1060655e-05,0.9999976
2023-06-12,2.4093026e-07,1.5604519e-14,0.9999547,3.0381565e-13,1.0,1.4330532e-05,1.652639e-21
2023-11-03,4.772251e-12,0.9789298,1.046353e-08,1.8681302e-13,1.0,1.4792868e-14,4.5400357e-24
2024-05-09,0.99999356,0.9539394,1.0,0.0009081621,4.1709518e-07,0.20472111,5.7870664e-10
2020-11-12,0.23066853,1.0,2.5396168e-05,1.0375166e-13,0.00020426916,2.8991422e-05,3.98009e-06
2021-01-27,3.790426e-06,0.9960109,1.0,5.095592e-05,7.250811e-15,7.996125e-07,1.0
2019-08-28,8.105411e-10,1.0748357e-12,1.1958561e-05,3.5254139e-16,1.0,1.1701503e-13,7.580432e-22
2023-08-19,1.0653293e-11,1.4573343e-13,3.2471508e-08,4.0308984e-12,1.0,4.5901922e-15,3.6755328e-20
2022-03-13,2.139754e-11,0.023807453,0.9984927,2.3460975e-10,5.3708394e-08,0.0006151968,4.6535397e-06
2020-02-13,0.030025199,0.07149254,0.9999999,0.9793967,6.9041596e-17,0.9999932,0.99999166
2024-07-28,1.691839e-11,2.7222318e-14,1.5440919e-05,2.6488643e-18,1.0,3.8538202e-13,2.9385394e-20
2024-10-04,2.9233428e-14,9.018169e-12,1.6255584e-11,9.416344e-15,0.9999999,1.6180716e-16,3.4783504e-17
2021-07-06,0.024627427,0.00018227013,0.9999993,2.6908567e-13,1.0,9.90291e-13,8.955282e-19
2020-12-24,0.9998865,0.9996487,0.9999888,1.4565686e-05,1.3074546e-14,0.0006454099,0.9999995
2019-08-31,6.9633986e-12,8.933599e-15,0.0012473929,2.9419326e-16,1.0,1.3678304e-13,3.6265466e-22
2024-09-08,4.857573e-09,9.536719e-12,2.4350157e-12,9.688794e-10,1.0,7.091999e-11,1.2510383e-12
2022-12-13,0.9950407,0.99999976,1.0,0.9999845,2.9816322e-10,2.347313e-08,0.23278433
2023-06-17,1.3592872e-06,7.3593236e-11,0.99999774,5.448144e-10,1.0,1.6645924e-12,1.4640264e-24
2022-07-03,9.490267e-08,3.8501632e-12,7.325911e-05,7.4063793e-16,1.0,4.7374057e-13,1.6715302e-17
2022-12-28,0.00011491913,0.9905337,0.9999995,0.9999964,1.5981045e-12,3.3790182e-10,0.011394826
2020-02-20,0.02919718,0.99279565,1.0,0.801368,3.2326101e-12,0.9946455,0.99999547
2024-07-30,1.6254368e-12,2.9171651e-18,1.941133e-05,4.998096e-14,1.0,1.3023174e-06,8.6461285e-16
2023-12-11,0.99970883,0.9885638,0.68216306,0.99999976,2.1047198e-08,8.4653484e-10,0.99576277
2023-09-25,5.6471832e-12,1.08883305e-10,2.4117108e-12,4.4777338e-11,1.0,6.61784e-18,3.0916449e-24
2020-12-29,0.9555761,0.99941754,1.0,0.049606666,8.4580284e-16,0.030004568,1.0
2019-09-26,3.6584372e-06,0.55065656,2.1364383e-07,8.3688736e-15,1.0,1.5567447e-14,5.773555e-23
2024-09-27,1.8706237e-12,2.6376435e-13,8.0681374e-08,2.9605282e-14,1.0,1.68049e-14,3.1562986e-20
2021-05-10,0.99999654,0.01010666,1.0,0.35642478,8.5762224e-13,0.99990845,0.00093041715
2023-12-08,0.9998518,0.9999647,0.9680493,0.99999774,8.241949e-09,9.707476e-05,0.123111196
2021-02-21,1.8236044e-05,0.9999572,0.99997294,1.9770248e-07,1.1958678e-13,0.0005933992,0.9947708
2019-06-09,0.62485254,2.2641108e-05,1.0,1.208412e-17,1.0,1.926777e-09,2.0320707e-18
2020-09-17,1.21839995e-11,2.5161876e-11,4.0287186e-06,1.5119972e-18,1.0,5.4981048e-14,2.0711802e-23
2023-02-04,0.002237818,0.999969,1.0,0.99999976,2.498923e-10,4.901277e-09,2.9095215e-09
2019-09-02,3.1564235e-10,6.977485e-10,1.2048065e-06,1.3307096e-13,1.0,2.6314375e-13,1.391466e-20
2024-08-18,3.1483663e-10,3.298918e-14,6.637531e-08,1.3342206e-11,1.0,2.5894014e-05,1.2061622e-21
2019-06-29,0.016607407,1.1987961e-06,0.8598075,5.1310514e-16,1.0,5.8521614e-08,3.6359027e-26
2020-11-05,0.94707984,0.99998593,2.0148043e-06,9.809119e-10,0.96609056,7.433234e-10,1.2510963e-11
2020-06-05,1.0,2.907193e-06,1.0,2.9240511e-05,0.5829103,3.723834e-05,5.811179e-10
2019-10-29,5.4373217e-08,1.0,0.00010858542,4.666278e-18,0.99999213,7.409023e-12,4.0485207e-19
2020-03-09,5.001467e-06,0.6632748,1.0,3.7647612e-06,3.7170922e-09,0.0014320593,0.018234156
2020-09-19,8.4805925e-13,9.5900954e-11,2.7421365e-08,3.7349968e-19,1.0,7.846007e-16,3.375376e-23
2019-07-13,0.1651498,7.3126e-08,0.00330999,1.9227162e-17,1.0,0.00010379749,8.710026e-22
2022-12-14,0.9993698,1.0,1.0,0.9999262,2.048006e-09,8.7528415e-11,0.0009201115
2020-02-25,0.0008773946,0.9999187,0.9999999,0.27337667,6.31145e-11,3.2765984e-05,0.9999975
2019-08-24,5.496181e-12,7.8199147e-10,7.505867e-06,5.0683283e-18,1.0,6.291404e-14,4.30306e-25
2019-12-28,0.99999964,0.996046,0.9999999,0.99333405,3.9786782e-10,0.9999949,0.99985564
2024-10-09,2.380752e-15,3.6944037e-09,3.5637983e-14,1.5421728e-13,0.9999999,6.5886197e-18,1.421866e-16
2023-04-13,1.23672835e-05,2.3144603e-06,1.0,8.257507e-10,4.462909e-07,0.999998,3.7378e-14
2019-09-20,2.5523203e-10,7.455459e-05,7.337129e-06,4.9542883e-16,1.0,4.3673815e-14,6.1164816e-27
2022-01-20,0.99999535,0.9999083,0.99999976,0.9999982,2.5272438e-12,0.9624037,0.9999937
2020-06-01,0.66551673,4.299268e-11,1.0,5.699562e-14,0.99999976,1.2767874e-06,1.2953321e-13
2023-11-01,4.8476756e-14,0.00038277253,1.756315e-10,1.8614019e-12,0.9999999,5.294797e-16,6.979616e-21
2021-03-08,4.386586e-05,0.0013487841,1.0,0.054796495,2.6859468e-15,0.0001306793,0.9921698
2020-08-13,3.27961e-06,1.4835395e-10,2.5410923e-08,9.582937e-09,0.99999976,3.8198884e-08,2.9768783e-12
2020-03-01,4.156564e-06,0.66935027,1.0,0.00018515087,1.1541544e-11,0.0012779314,0.07529033
2020-07-09,7.710379e-09,1.0274752e-09,0.0019712397,1.0942908e-16,1.0,2.3935443e-09,1.7173641e-15
2019-10-07,8.95116e-07,0.999998,8.273233e-08,2.3195928e-13,1.0,3.8624406e-15,2.315687e-15
2021-06-30,0.9995733,6.243385e-10,1.0,9.474603e-12,1.0,0.00010616167,2.033735e-21
2024-12-30,0.9999945,0.99803704,0.99974436,0.9998673,4.048981e-13,0.07992923,0.99999964
2023-05-25,0.99996734,1.2906671e-05,1.0,0.004581941,1.39529e-07,0.0016990588,6.207275e-05
2022-03-17,1.09996275e-14,1.4438615e-05,0.94264805,1.3303506e-11,1.9988219e-08,0.0006128828,0.0001595423
2019-10-14,4.705069e-09,0.9998448,5.018649e-07,2.2078061e-16,0.9999999,3.4986133e-12,4.1331585e-20
2024-05-26,0.99998665,7.362155e-07,1.0,1.0406392e-11,0.0001818027,1.0335305e-10,9.300888e-08
2024-09-21,2.0757556e-12,4.4468467e-11,5.727972e-11,4.2642868e-16,1.0,9.881503e-15,2.0319504e-22
2024-01-04,0.9215568,0.9999993,0.99960154,0.99999905,3.862929e-14,0.00028167907,0.989099
2023-03-07,6.2781885e-07,5.272255e-07,0.99997926,1.0,7.763082e-11,5.32618e-06,4.3470163e-08
2022-05-30,0.999998,8.411295e-08,1.0,1.199419e-07,0.98175335,6.9689854e-06,3.5420826e-12
2020-06-04,0.9999994,8.5146085e-10,1.0,1.8274203e-07,0.9984578,5.573798e-06,6.7591094e-10
2021-02-01,0.00018678718,0.8265354,0.9999995,5.3763637e-07,7.4006785e-15,5.177005e-07,0.99999964
2021-03-12,1.3032464e-07,0.6546264,0.99999344,0.0073087877,2.1538106e-15,1.4907556e-05,0.7570674
2019-03-28,1.5278005e-13,1.6576386e-07,0.9999838,1.3075973e-13,3.7598775e-07,0.9913515,1.8333394e-06
2024-01-06,0.99886703,0.9999335,0.99997866,0.99912506,5.5130135e-15,0.007422894,0.9999999
2024-12-18,0.99999404,0.99999714,0.9989303,0.99990296,1.1721227e-13,0.00017471384,0.9999976
2024-11-24,0.99974936,0.99999964,0.015600738,0.96895266,1.0599953e-10,0.00011593625,0.22427869
2020-06-30,0.94100606,6.0961567e-05,0.99950254,3.9324915e-13,1.0,3.115949e-11,7.0624773e-15
2022-11-02,0.6961331,0.9999887,0.99954444,3.1681788e-10,0.9999875,9.903886e-14,9.428068e-21
2024-04-24,0.999938,0.8685948,1.0,0.40598094,1.7208972e-13,0.99999964,0.009810448
2019-05-08,0.9999788,0.00011067468,0.9999999,1.0192582e-06,4.470806e-10,0.9999999,0.0027999682
2022-03-26,2.2834585e-15,3.721267e-11,0.9999757,3.233746e-15,0.0005663359,4.4515295e-05,7.407705e-09
2022-09-25,1.801435e-10,7.457337e-09,3.0711742e-09,1.6143915e-15,1.0,6.407942e-19,1.3043607e-22
2020-03-15,0.55481017,0.8048444,1.0,1.914901e-07,1.7244147e-11,1.0,5.7888105e-06
2023-09-17,7.0033385e-10,4.5970617e-15,4.0487877e-13,1.0654611e-08,1.0,2.15909e-09,1.7411664e-20
2024-12-16,0.99999106,0.99912435,0.8587523,0.9999989,5.649435e-12,6.341765e-07,0.99987733
2023-06-05,7.8730807e-07,4.5799712e-14,1.0,1.3133054e-14,1.0,0.00055904314,8.17445e-22
2019-06-10,0.21427977,2.9620347e-07,1.0,4.1953993e-19,1.0,5.8322763e-10,7.3510896e-18
2021-06-27,0.9941221,3.7542028e-05,0.99999976,7.664634e-16,1.0,2.0647815e-09,3.6270996e-22
2020-01-27,0.999466,0.16742083,1.0,0.9941103,7.4850486e-14,0.9999989,0.9999739
2024-04-09,0.99999416,0.320525,0.9999999,0.99538666,2.1550024e-11,0.9999999,1.1037491e-08
2021-04-26,0.44740984,0.014944678,0.9999999,1.034746e-09,2.5036822e-08,0.9999999,2.1777669e-10
2019-03-29,3.3847894e-15,1.7237289e-09,0.991927,2.0030484e-14,0.042409096,0.9797109,3.557296e-08
2021-05-30,0.9953063,0.9775333,1.0,8.665099e-08,1.3727313e-06,2.5763044e-11,1.7572166e-06
2022-11-17,0.9998609,1.0,0.9999976,3.1292586e-06,0.005402424,8.2472296e-10,4.794474e-13
2021-05-03,0.99999976,0.006204955,1.0,0.041303396,2.7383313e-12,0.99999964,0.015074738
2022-06-19,1.2092758e-07,6.2158724e-12,0.9546636,2.0701044e-17,1.0,6.398655e-13,1.4659056e-22
2023-08-14,1.0944277e-10,1.5333393e-12,1.985624e-09,6.1948758e-12,1.0,9.639728e-13,4.3013295e-21
2022-09-14,2.0513644e-09,2.2301637e-10,1.8709984e-12,3.7279724e-15,1.0,1.3046861e-19,4.3970444e-18
2023-01-18,0.00023751025,0.9999385,1.0,0.9999999,1.8154782e-09,2.7176e-07,7.022805e-09
2020-11-22,0.09798774,0.9999999,0.005273704,1.1326144e-08,2.5145889e-08,3.70421e-07,5.208973e-07
2023-07-06,1.0597052e-08,9.021381e-13,0.8348122,9.022671e-13,1.0,1.1505267e-09,8.212701e-16
2024-05-07,1.0,1.1675708e-05,1.0,0.00040567064,3.582367e-07,0.25355297,1.2327425e-12
2023-04-11,1.0115571e-13,1.6216571e-10,0.9999896,5.2991096e-09,4.3698233e-07,0.9999763,5.0474812e-14
2024-07-25,1.10832156e-10,2.8157114e-12,3.0632953e-06,3.1166584e-21,1.0,2.953598e-13,2.1508071e-21
2023-06-15,5.292153e-07,4.312021e-15,0.9999999,5.907373e-11,0.9999995,0.00020285734,2.1213239e-16
2021-05-29,0.99754214,7.105318e-07,1.0,1.62886e-08,6.5667496e-06,6.606837e-12,0.048111606
2023-01-28,0.03341984,0.9892685,1.0,0.9996494,1.2039032e-09,1.5088179e-07,1.8621022e-07
2020-06-22,4.3928987e-05,2.352738e-06,0.99999094,2.2660124e-19,1.0,5.303469e-16,3.8196036e-27
2019-07-02,0.30940464,7.0816824e-08,0.005055916,1.4046512e-14,1.0,0.01665737,1.7815217e-17
2019-06-19,0.00302106,1.4494657e-07,0.99966776,4.6322013e-21,1.0,2.2715543e-09,6.101667e-25
2023-05-16,0.99989986,0.0012285414,1.0,3.7540238e-05,3.95774e-07,0.8622917,2.0229862e-05
2020-06-25,1.589666e-07,1.0411018e-07,0.9997751,3.282462e-17,1.0,2.560435e-09,1.3782635e-21
2021-10-05,6.842e-08,0.02344896,2.7526542e-07,5.1579542e-17,1.0,5.0169926e-16,9.064268e-26
2022-08-09,2.5377895e-07,2.341545e-15,4.6028115e-10,1.9474609e-12,1.0,5.942931e-10,2.1854653e-17
2021-10-30,1.6491674e-08,0.9999654,0.19405216,3.0620436e-13,1.0,1.9976126e-13,4.818941e-25
2021-01-08,0.058667228,0.9970349,0.9999999,2.2141416e-05,5.636976e-14,1.3009479e-07,0.9999995
2022-01-26,0.99668425,0.9999902,0.99998903,0.99995327,2.4417417e-15,0.8908432,0.9999963
2021-07-26,1.3040482e-13,3.020815e-10,0.014224812,3.3186894e-22,1.0,1.941246e-15,8.029639e-26
2021-09-11,6.111751e-11,1.236928e-12,1.1278825e-06,1.3538517e-19,1.0,2.995639e-13,1.3867895e-24
2023-03-05,5.3399282e-05,0.0024824077,1.0,0.9999999,2.709569e-12,7.105035e-08,2.0644753e-05
2023-12-04,0.9999566,0.9989196,0.0047470015,0.9999753,2.816453e-08,1.488804e-07,0.015613163
2020-10-23,2.1002343e-10,0.9975668,6.7582787e-06,1.523064e-20,1.0,9.362872e-14,1.8162248e-22
2023-10-08,6.711823e-13,6.0181042e-09,8.909729e-14,1.4425547e-10,1.0,2.998581e-18,7.561984e-20
2023-12-14,0.9999399,1.0,0.9982292,0.9999968,2.1690831e-09,2.29286e-05,0.828055
2019-04-02,4.502246e-10,9.8711254e-11,0.99083143,4.444733e-08,4.699306e-05,0.9999999,4.88392e-09
2023-09-30,4.3313284e-14,4.2874416e-07,5.6165155e-12,2.2128875e-11,1.0,3.050175e-17,2.9187494e-23
2022-01-09,0.999998,0.9989203,0.99999964,0.9999989,1.4609362e-12,0.9979759,0.99997497
2022-09-30,1.2080614e-10,0.30102748,7.5044255e-07,7.704053e-14,1.0,3.1581187e-19,6.1591336e-22
2024-08-24,6.202907e-11,1.7954927e-11,2.3163851e-11,7.293422e-11,0.99999976,9.643643e-10,4.3170616e-13
2021-09-06,7.229604e-14,7.1765254e-12,2.79436e-07,1.080603e-21,1.0,1.06997934e-13,1.02064685e-20
2021-11-29,0.9999746,1.0,1.0,0.9999989,2.9929537e-10,6.742229e-07,4.3848042e-05
2023-08-17,3.6067958e-11,5.6287216e-15,5.7515746e-11,5.325217e-14,1.0,2.7449527e-11,4.018252e-21
2024-01-13,0.99999475,0.9997156,0.99999976,0.9999647,4.328225e-13,0.14508058,0.99999964
2023-04-17,0.9999008,5.226872e-05,1.0,0.0052746874,1.0134261e-10,0.9999993,1.0101666e-10
2023-09-22,4.443684e-11,5.2048314e-12,2.0493628e-12,3.1646603e-06,0.9999999,6.045532e-09,3.606799e-17
2023-01-06,0.9286675,0.99999726,1.0,1.0,3.1999958e-10,1.6496933e-06,0.08803771
2021-03-18,6.330969e-11,4.72355e-06,1.0,0.018602414,2.6291686e-14,1.4538961e-06,0.84741056
2022-07-29,0.001093979,3.3389795e-12,1.4023819e-09,1.389755e-09,1.0,1.246911e-06,5.764311e-16
2022-08-05,9.392567e-06,2.989517e-15,1.674693e-06,3.8973557e-11,1.0,1.40266875e-05,1.3920078e-12
2019-12-09,0.99873203,0.9998041,0.99999285,0.93407965,2.2208889e-10,0.89804196,0.8390582
2023-01-19,0.07955965,0.99974734,1.0,0.9999999,4.716109e-10,1.3638237e-07,1.26127135e-08
2024-07-06,4.4554347e-09,3.429529e-09,0.99999285,4.46835e-18,1.0,4.7938237e-17,4.036562e-30
2022-02-20,0.66451395,0.99965227,0.9999933,0.99979526,2.152446e-16,0.9532616,0.9999989
2020-07-06,4.358624e-07,4.1640355e-08,0.21148486,4.275295e-17,1.0,1.5524484e-10,1.29320456e-20
2022-02-28,0.0020874199,0.09306686,0.99999285,0.4905271,1.9727125e-14,0.0019710201,0.99999905
2021-03-04,1.1258927e-07,1.000869e-05,0.9999999,4.6180197e-08,9.11019e-13,0.9371536,0.0049740695
2020-09-24,2.7172106e-10,6.4281195e-14,4.2770947e-11,2.797261e-15,1.0,3.0196554e-11,1.6075247e-18
2024-03-08,2.1177663e-16,4.805387e-13,0.9999999,3.024823e-13,0.9996816,3.1798292e-12,1.1318345e-16
2024-10-15,6.6783085e-15,2.5485635e-06,4.468611e-12,9.977295e-15,0.99999976,2.790106e-18,1.7231109e-17
2023-03-18,9.503621e-11,5.432848e-10,0.99999964,0.058571473,4.655713e-08,0.9999497,5.9136673e-10
2019-06-02,2.920991e-05,1.3522758e-10,0.9999988,1.0752339e-19,1.0,2.7126598e-07,1.7527427e-19
2020-09-28,2.181701e-09,3.6660444e-06,2.9426416e-11,1.8494956e-17,1.0,3.7929637e-10,1.5886556e-20
2019-07-01,0.050498553,7.971235e-07,0.014902878,2.6174594e-11,1.0,0.61599106,4.0536757e-22
2024-03-28,0.27767724,0.0001607891,1.0,0.38812488,2.3316026e-11,0.99999964,4.8059188e-09
2020-12-30,0.040269334,0.9999931,0.99999976,0.00027379685,2.1504773e-15,2.2934984e-05,0.99999964
2023-04-30,0.9999362,0.00019307063,1.0,0.00050204975,1.294729e-10,0.9999827,4.348916e-05
2020-05-24,1.0,1.1703876e-06,1.0,0.0016273127,0.00012516804,0.0056172125,4.0390313e-09
2019-11-19,0.01867777,1.0,0.0040878425,2.4408054e-08,6.61157e-07,1.0622261e-05,1.52522125e-05
2020-01-29,0.999527,0.8256969,1.0,0.9998926,1.0369098e-12,0.99998534,0.99999976
2023-05-05,0.9998672,8.813442e-05,1.0,0.207883,3.3890067e-12,0.9999999,0.007983205
2019-10-26,1.7119404e-05,1.0,1.7270135e-05,4.8335656e-15,0.9999999,7.3327363e-13,3.320169e-23
2023-05-24,0.997468,8.054665e-09,1.0,0.2380271,4.0307047e-09,0.80166584,5.0522194e-05
2023-06-07,7.893161e-05,2.9468522e-16,0.9999999,5.2023997e-12,0.99992263,0.030484121,3.4103124e-13
2022-04-02,7.625687e-12,1.83515e-05,1.0,4.985885e-08,1.0881942e-09,0.99671847,7.921392e-05
2023-01-23,5.4866155e-06,0.9990134,1.0,0.99999464,1.0460955e-08,2.2541091e-09,2.0081267e-12
2019-06-27,1.2420153e-06,2.7613039e-08,0.8933553,7.097167e-19,1.0,2.88656e-09,9.224788e-28
2022-07-31,0.4274985,6.4691885e-10,6.9605846e-08,1.2286923e-10,1.0,1.2895562e-05,2.1309604e-15
2022-03-16,1.9403956e-14,1.3506924e-07,0.9996959,4.660948e-15,2.957484e-06,0.69354856,1.4430392e-10
2020-12-11,0.958056,0.9999999,0.9997656,4.4119926e-05,1.6183897e-12,1.433e-06,0.9996636
2024-04-01,0.99829334,0.005999912,1.0,0.7113005,2.3494278e-11,0.9999993,3.0539815e-10
2021-08-04,1.3237707e-13,2.3201658e-11,9.480489e-06,1.7260874e-21,1.0,1.0969302e-12,2.9081292e-20
2020-12-06,0.9341944,1.0,0.8987959,0.00010283544,3.1115987e-13,4.3690772e-08,0.99996555
2020-12-21,0.9994205,0.9999995,0.99999654,7.392452e-05,1.8527995e-14,8.3167055e-05,0.999998
2020-11-13,0.0022453514,1.0,7.808021e-06,4.120621e-12,0.0048328945,5.390148e-10,2.0311071e-13
2021-08-25,1.3228704e-08,1.9924324e-05,0.0016831611,2.451682e-15,1.0,1.02525905e-13,2.278481e-23
2023-02-08,0.25205237,0.99771774,1.0,0.99999976,5.631689e-10,4.837609e-07,2.9828132e-05
2022-11-23,0.7686186,1.0,0.9999492,0.022215465,9.605282e-07,7.98852e-10,1.164233e-09
2023-12-10,0.98149407,0.9999993,0.99722713,0.9999999,2.6050802e-09,4.060964e-05,0.99546534
2023-01-21,0.014507478,0.9967918,1.0,0.9999994,3.2723797e-09,2.1069822e-05,1.3623336e-10
2024-12-10,0.9999039,0.9998908,0.9997346,0.99999714,9.84845e-10,0.00022713929,0.998828
2023-04-18,0.99558157,0.030911714,1.0,3.9866045e-05,2.787754e-11,0.99999774,1.958516e-09
2023-12-29,0.9994796,0.9999988,0.9999949,0.99998677,2.7548526e-13,0.00044736764,0.9999423
2023-12-27,0.9999628,0.9999933,0.99999976,0.9999987,3.937134e-11,6.379449e-06,0.7938943
2020-10-21,8.9385643e-10,0.9997181,4.1188063e-08,1.0879215e-18,0.9999999,1.4897469e-13,8.410249e-24
2020-11-03,0.009677407,0.99999785,5.7003945e-07,5.814219e-13,0.9291638,4.569558e-08,1.6320948e-15
2022-11-08,0.046134353,1.0,0.99999607,9.019153e-11,0.99997795,1.5269572e-11,3.2724036e-21
2021-04-14,1.3903013e-06,5.1671125e-09,0.9999994,1.2778402e-10,0.0024939978,1.0,4.803661e-14
2021-08-31,1.1199315e-12,7.844854e-07,9.0984905e-08,3.1872578e-22,1.0,6.2461023e-17,9.4377115e-21
2021-10-09,2.8726722e-11,0.00539227,4.424132e-06,5.715692e-19,1.0,1.1115468e-12,1.5532184e-25
2024-07-10,3.636388e-11,1.4816068e-08,0.044548105,1.7775903e-18,1.0,6.0488875e-13,1.6429681e-25
2023-12-21,0.9998487,0.99999595,0.99910873,0.9999901,3.744356e-11,8.480817e-06,0.99451005
2023-04-16,0.9993273,0.00043595812,1.0,0.01605119,2.2869852e-11,0.9999999,2.6939024e-09
2020-04-06,9.409545e-10,3.3374959e-12,0.99999225,1.4301661e-10,0.00014566201,0.9999964,6.341529e-12
2023-09-05,6.8504903e-15,7.504565e-13,6.505289e-12,4.9926317e-12,1.0,3.398711e-15,5.1767264e-22
2020-07-29,7.969343e-06,2.8710931e-12,8.2014154e-08,5.160536e-12,0.9999999,1.006921e-07,1.7987561e-07
2020-07-30,1.9409345e-08,6.168764e-14,1.8708485e-08,1.476383e-11,1.0,2.5152397e-07,5.686595e-11
2023-08-21,4.544833e-10,7.312606e-14,3.4039795e-11,8.0942676e-11,1.0,7.655565e-11,3.031569e-17
2023-05-27,0.9999994,0.0008549279,0.9999958,0.80854094,0.00058016635,1.8165072e-05,7.00723e-09
2022-02-16,0.06292707,0.9456298,0.99999213,0.99988496,1.5210527e-16,0.99798405,1.0
2019-10-09,2.1891725e-07,0.9999995,1.3268331e-07,8.859636e-14,1.0,5.475795e-13,2.0787263e-13
2023-10-24,7.575703e-11,0.54416007,3.3862185e-10,1.0857555e-10,1.0,6.4816565e-16,1.933294e-23
2023-09-10,5.1417093e-09,1.498178e-14,7.152426e-14,2.2158103e-11,1.0,1.5053161e-10,6.3520383e-19
2020-09-27,3.1572388e-06,4.590653e-05,1.6913002e-11,5.935094e-17,1.0,3.2695662e-09,6.599685e-19
2021-12-05,0.99996734,0.9999999,1.0,0.9999999,2.684545e-10,2.9728528e-06,1.2415213e-05
2024-09-24,5.4713446e-14,8.643974e-11,1.1863246e-08,4.5649925e-16,1.0,5.591954e-15,7.25258e-23
2024-01-26,0.99624014,0.99668914,1.0,0.9996892,1.4181949e-14,0.30436444,0.99999964
2019-09-24,1.8254819e-09,0.06637701,1.8441431e-05,4.2255026e-17,1.0,8.9590683e-13,1.1522078e-26
2020-10-01,2.44781e-10,2.1646999e-07,2.2741821e-12,3.4000417e-18,1.0,4.4350645e-11,7.00966e-21
2021-09-02,5.3631687e-13,9.1099955e-10,4.1343286e-05,3.2725484e-24,1.0,1.3551882e-14,2.4924102e-22
2024-04-08,0.99999917,0.0044532325,1.0,0.99952877,3.5301415e-10,1.0,5.3712694e-07
2022-09-07,6.662244e-10,7.213857e-11,1.3297524e-10,5.0733175e-11,1.0,1.1972967e-13,7.025619e-20
2020-08-29,2.3605992e-11,1.3212715e-12,2.5297797e-09,2.0169186e-18,1.0,6.6696115e-12,5.6761283e-18
2019-04-12,1.5211623e-06,9.984193e-10,0.9998282,4.278178e-08,1.5025869e-08,1.0,7.3349047e-06
2022-07-16,1.6280446e-10,1.3668212e-13,2.7479478e-08,1.3969463e-17,1.0,3.342425e-13,4.195099e-17
2020-09-20,7.178692e-11,2.6810745e-11,1.4880582e-08,2.2846162e-16,1.0,7.508248e-16,2.9208924e-20
2023-10-14,1.5239887e-12,8.672374e-08,2.0263129e-13,1.1641342e-11,1.0,2.2073323e-18,2.0157197e-17
2023-05-17,0.9999995,0.0056237336,1.0,0.12519102,1.6236433e-07,0.9815337,2.9282067e-08
2023-08-05,1.4557557e-10,9.439816e-14,1.9123152e-09,1.3292257e-09,1.0,6.8917864e-11,1.0376257e-20
2022-01-22,0.9999286,0.99873024,0.9999994,0.99999857,2.775023e-14,0.9991621,0.9999958
2020-12-23,0.9972541,0.99999976,0.9999584,0.00019214064,5.0536633e-15,8.067738e-05,0.9999962
2019-11-26,0.09114277,0.99984837,0.05239605,0.038847588,2.1571896e-08,0.46605098,0.00014299087
2022-02-11,0.9998228,0.8901305,0.9999989,0.9997478,2.926577e-15,0.93945795,0.9999999
2021-08-03,7.399423e-11,4.884982e-09,0.0061371876,3.7129617e-20,1.0,1.0835733e-09,1.650812e-21
2022-06-24,1.4429463e-09,9.73044e-11,0.00020096086,3.296543e-16,1.0,3.3548393e-14,6.4163195e-15
2020-05-10,1.0,9.530184e-06,1.0,0.040953174,2.769596e-07,0.9999621,7.8752123e-07
2021-11-26,0.99999714,1.0,0.9999999,0.9989385,7.551033e-08,2.5838656e-09,1.785999e-06
2021-01-15,0.33533597,0.99991214,1.0,3.5630892e-05,1.4721832e-13,3.080371e-06,0.9999999
2020-11-16,0.0003583454,1.0,0.004281352,3.8271114e-10,1.7233577e-05,5.259642e-11,1.4426227e-07
2024-04-29,0.9999981,0.017232057,1.0,0.6904972,3.1869653e-11,0.9999938,9.895377e-09
2023-01-16,5.0680624e-06,0.9998939,1.0,0.9999931,5.6175546e-12,1.4785331e-06,0.00016641761
2024-05-16,0.99510795,0.007918009,1.0,2.6053124e-10,8.949438e-06,8.9988134e-10,9.140684e-13
2023-10-13,1.8424795e-12,1.2956069e-06,5.5925065e-12,6.643739e-11,1.0,8.228803e-20,2.9474854e-21
2020-03-08,0.0007325874,0.998901,1.0,5.1647408e-08,2.0591212e-10,0.00012585212,0.05618681
2024-09-06,1.7694173e-11,7.98052e-11,2.1319524e-11,2.6992849e-11,1.0,4.823884e-12,2.8445678e-13
2023-08-08,6.712342e-11,2.0095453e-11,1.0404422e-08,6.2473256e-11,1.0,1.5362226e-12,2.689677e-24
2020-02-09,0.52289456,0.85918564,1.0,0.100144416,2.2984114e-15,0.99999917,0.9999502
2020-11-19,7.960921e-05,1.0,7.824739e-05,1.1985962e-10,3.5967144e-06,3.1480813e-08,1.767585e-08
2024-03-24,8.021014e-09,1.3530453e-05,0.9999994,0.019914828,5.2653254e-10,0.99919885,0.00072295684
2021-03-07,7.873854e-06,0.0021861743,0.9999999,0.0024953969,2.8025657e-14,3.7149898e-06,0.99900323
2023-09-18,1.5742582e-09,7.083107e-14,9.2684485e-11,6.586558e-11,1.0,6.648436e-09,4.606377e-25
2024-08-01,1.2279045e-11,1.2898085e-15,1.5523661e-05,9.974974e-15,1.0,2.4928523e-11,3.19287e-13
2020-03-22,0.989773,0.9984282,1.0,0.0027108067,1.8768304e-13,0.99958986,0.99327385
2021-10-23,7.775905e-06,0.893493,0.045956276,1.07655e-14,1.0,6.3399226e-15,6.591509e-26
2023-04-09,3.1984376e-07,9.58952e-09,0.99999976,2.310239e-11,7.3604606e-05,1.0,9.086311e-13
2024-04-15,0.9999912,0.032289427,1.0,0.77276605,1.7523488e-11,0.9999999,6.881314e-07
2024-09-01,1.0068364e-07,2.3516134e-13,6.8127773e-12,4.703548e-11,1.0,1.5574108e-07,1.706703e-18
2024-09-23,9.5540234e-14,4.627858e-13,3.374996e-08,1.7702643e-15,1.0,3.4583212e-16,2.66805e-19
2021-11-07,1.5348896e-05,0.99999905,0.89323133,2.0869706e-12,1.0,5.243239e-17,6.608472e-28
2021-01-09,0.00027537704,0.8688849,0.9999999,0.0008481333,2.7026045e-17,0.0003005238,1.0
2022-01-08,0.9999963,0.9997751,0.9999938,0.9999796,1.0491326e-12,0.99593806,0.9999912
2021-12-28,0.99999976,0.99995494,0.9999907,0.99999857,3.1180003e-11,0.9981078,0.99992347
2022-06-17,9.230899e-07,4.2054007e-10,0.99978954,2.4762855e-18,1.0,1.9137145e-11,8.420714e-24
2020-11-14,0.00066081044,1.0,0.00026596236,6.4420452e-12,0.00041064373,1.102718e-08,9.31884e-12
2023-10-02,1.284306e-13,2.0599329e-07,5.010146e-12,1.043358e-11,1.0,1.5847925e-14,3.0363613e-24
2020-04-15,0.9999994,4.3235752e-05,1.0,0.16711186,3.972506e-10,1.0,2.1494067e-08
2021-02-02,8.287308e-06,0.9953538,0.9999999,1.1264979e-06,2.834717e-16,5.90581e-07,0.99999976
2024-08-16,4.624229e-10,4.1918656e-18,3.4826794e-06,7.784979e-12,1.0,2.804405e-10,2.727124e-20
2024-11-19,0.0012393467,0.9999988,0.00013966324,0.17197192,0.0010828133,5.873853e-09,3.5230146e-12
2023-01-05,3.261451e-06,0.9999994,0.99999976,0.99988353,5.991147e-08,1.6118948e-13,2.5325669e-08
2019-08-23,3.718987e-12,3.0808106e-11,0.055999335,1.0366398e-14,1.0,4.4782264e-12,1.7350819e-25
2022-09-29,2.7755962e-09,0.00014603806,3.185677e-11,3.9008193e-12,1.0,1.2121649e-18,1.1436466e-19
2024-09-02,2.0657337e-10,2.0051136e-13,2.5678137e-10,7.497573e-12,1.0,1.3317356e-09,1.1526539e-15
2020-02-22,0.0007254387,0.96224254,1.0,0.0028108119,4.573745e-15,0.7407662,0.99999845
2019-11-07,0.9630432,1.0,0.31476182,3.5477318e-10,0.99983156,1.1045704e-08,1.4138274e-18
2021-07-09,1.3162333e-05,9.5047224e-05,0.99993634,4.6812212e-17,1.0,4.9074975e-13,2.2034926e-21
2024-02-11,1.4899206e-09,6.091235e-06,0.998988,0.0014817513,2.4164408e-11,0.008621969,0.98394436
2023-12-06,0.99999225,0.99988437,0.34726077,0.99999964,3.4936305e-09,2.6276157e-06,0.9013839
2024-03-31,0.99719125,0.00017103758,1.0,0.65161335,3.310666e-11,0.99998915,1.3299123e-10
2021-12-30,0.99999976,0.9991974,1.0,0.9999889,9.417167e-12,0.9996879,0.9990381
2019-05-11,0.9999888,4.5183634e-07,0.99999666,0.0030700164,8.5610833e-07,0.9999988,1.1988443e-08
2022-01-11,0.99999356,0.9996593,1.0,0.99999774,1.7599927e-11,0.97059476,0.99987733
2022-02-12,0.5985111,0.9970536,0.99999917,0.99981016,1.2207649e-16,0.9736984,0.9999999
2022-02-15,0.8113487,0.78721195,0.9999999,0.9999622,5.9172204e-14,0.91458553,1.0
2024-06-22,0.0025104745,4.1869956e-05,1.0,1.7668496e-16,1.0,1.7402677e-15,6.2380864e-22
2023-06-29,7.0233006e-09,1.6237657e-13,0.99926,9.426327e-13,1.0,1.6827909e-09,5.5491473e-18
2021-05-26,0.99994373,0.44173333,1.0,7.053009e-06,7.59079e-11,1.4880449e-06,0.77710617
2023-01-25,2.2428069e-06,0.7417535,1.0,0.99999046,1.9085258e-09,1.3065861e-08,3.8438363e-13
2019-06-13,0.030530099,2.9633167e-08,1.0,6.403631e-22,1.0,9.9359305e-08,2.188425e-19
2023-08-23,1.7861289e-09,1.202499e-16,2.8474656e-10,0.0024110717,1.0,3.6462e-08,1.5908088e-12
2023-11-29,0.99184906,0.9997079,4.3446153e-06,0.99986684,0.0003783925,1.2523643e-06,9.585827e-07
2021-04-07,7.963289e-12,4.7497832e-09,0.9999645,8.584074e-14,5.7068464e-06,0.99838674,4.385951e-12
2020-10-18,3.7485705e-12,0.7342721,6.4999526e-09,3.1651245e-20,1.0,2.6277875e-12,3.3751732e-21
2024-06-19,5.192247e-06,4.8934813e-05,1.0,9.693357e-18,1.0,1.4796755e-15,9.72857e-29
2024-05-18,0.99998677,0.003213089,1.0,1.0211997e-09,3.6845922e-05,1.6605587e-12,4.7726246e-08
2023-12-13,0.9999733,0.99999714,0.99994755,0.99999976,1.0835929e-11,0.0001048008,0.5627327
2024-04-22,0.9998141,0.0049666385,1.0,0.76397103,1.8699216e-11,0.9999989,1.3334998e-05
2021-04-24,0.9437701,0.0046356134,0.9999999,1.1423683e-09,1.1625938e-08,1.0,2.4228215e-09
2023-08-03,3.040451e-10,6.708198e-14,3.2573066e-11,7.307849e-11,1.0,6.5135546e-09,1.5102592e-22
2020-09-30,1.8390004e-08,2.8220992e-08,1.7884895e-11,2.9111623e-18,1.0,6.1890126e-10,2.8990453e-21
2023-09-01,1.6873448e-13,3.4323821e-13,1.9303774e-10,1.9028e-10,1.0,5.341575e-10,3.706242e-19
2023-08-12,1.2964444e-13,4.1548584e-11,4.485472e-10,1.535035e-14,1.0,8.735741e-16,4.6120583e-24
2023-05-15,0.99997973,2.4802267e-07,1.0,0.04014841,3.3484188e-08,0.9979966,4.713893e-05
2021-12-13,0.9994273,0.99997365,0.9999999,0.99999833,5.530405e-10,3.9522976e-05,0.013169
2022-11-05,0.94384444,0.9999988,0.9999211,3.79745e-11,0.99976856,3.8026084e-12,1.1552751e-19
2020-10-12,5.1745492e-09,0.019280277,3.3492795e-06,4.734936e-18,1.0,8.272851e-09,3.9950255e-26
2023-07-12,7.307477e-10,7.397852e-16,4.751895e-09,2.6622025e-09,0.9999999,3.4188827e-07,5.8180206e-14
2020-10-07,8.210318e-09,0.008720163,2.4474984e-09,4.244594e-19,1.0,9.633831e-09,3.3822186e-24
2021-11-04,0.010372717,1.0,0.904084,2.1456727e-14,1.0,2.3062016e-15,3.4755078e-27
2022-06-14,0.0010786692,3.6558762e-10,0.9999641,3.4519134e-17,1.0,9.488158e-10,9.477492e-24
2020-10-14,4.255547e-06,0.99817157,1.0522716e-05,1.4685063e-17,1.0,2.9872689e-09,2.0606693e-21
2024-12-12,0.99999225,0.99997723,0.9982139,0.99997365,3.889914e-11,9.069396e-05,0.99990416
2020-12-15,0.99995995,0.99998,0.9999933,5.0538633e-06,5.535275e-12,6.3178305e-08,0.99999595
2023-07-30,8.419044e-09,7.4759745e-14,1.00607675e-10,1.02716904e-10,1.0,1.8487554e-09,2.5886646e-21
2020-07-08,1.5921648e-06,1.18886625e-08,0.02599949,2.0185891e-14,1.0,8.430741e-09,6.2050474e-15
2022-02-17,0.78373384,0.9990219,0.99999225,0.9998758,6.946776e-16,0.9399777,0.9999999
2021-06-17,0.7416565,4.9041784e-08,0.9999547,1.4131487e-17,1.0,1.8115394e-08,9.834696e-20
2024-02-28,5.5894403e-14,1.877519e-08,0.9998097,1.9307276e-17,0.99997175,1.6374516e-15,8.259495e-13
2021-12-22,0.9999919,0.9999994,0.9999999,0.9999881,8.168588e-11,0.20881334,0.95615065
2021-10-10,3.555587e-07,0.00024394189,0.0060358364,1.0089307e-17,1.0,5.569555e-16,1.4397526e-23
2024-09-04,2.5587263e-09,6.1331287e-12,5.6467234e-11,1.2923197e-12,1.0,6.9843685e-07,5.1638068e-15
2021-12-11,0.9959616,0.9999999,1.0,0.9998387,1.4224142e-12,0.0027894725,0.23058291
2022-05-08,1.0,7.0255123e-06,1.0,2.5550915e-05,2.1222881e-07,0.9997602,6.843657e-07
2019-07-06,0.048031133,1.6168233e-05,0.10244019,4.2870685e-14,1.0,0.0017657056,1.343406e-22
2022-04-20,0.9874455,2.9106052e-06,1.0,9.680234e-05,5.073591e-10,1.0,1.3432768e-06
2024-04-25,0.9999727,0.89615303,1.0,0.7756046,7.543658e-13,0.99999976,0.00017524791
2024-10-14,3.2933915e-14,2.648151e-06,2.4135632e-10,3.5131403e-14,1.0,2.2302123e-16,2.3508405e-18
2020-03-05,2.9485065e-07,0.99807906,1.0,1.6060059e-06,4.2894636e-11,7.048188e-05,0.043358162
2020-03-28,0.66947395,0.0048234393,1.0,1.4288703e-07,1.8927309e-09,1.0,1.5183131e-09
2020-03-07,0.002377549,0.99999857,1.0,8.7083755e-08,4.695242e-07,1.03556e-08,0.000947634
2023-02-22,0.6727996,0.0045343945,0.9999994,1.0,1.8979103e-10,0.00018483424,7.281514e-10
2022-07-20,1.6407971e-07,6.8155266e-14,1.2449768e-10,2.8707563e-14,1.0,7.0701704e-12,2.0796205e-15
2019-09-29,2.4658804e-09,0.9992237,1.2564648e-07,2.6502624e-12,1.0,1.0968287e-14,1.1898848e-19
2022-12-03,0.99153805,1.0,0.99999607,0.37739983,0.00010933006,2.2537125e-10,3.1209095e-07
2019-12-25,0.9999981,0.99786323,0.99999976,0.9320409,8.342495e-12,0.99979514,0.99878365
2023-06-21,7.032553e-08,3.8966456e-13,0.99998593,6.3731226e-10,1.0,2.1234121e-09,2.1437474e-20
2024-09-30,3.7004593e-14,2.7364359e-12,4.690404e-07,4.6118133e-16,1.0,1.2341058e-14,4.4599626e-22
2023-02-13,0.38393855,0.30816704,1.0,0.99999857,2.1217745e-11,1.1933547e-07,1.0033896e-07
2020-05-06,1.0,0.00014036015,1.0,0.424557,1.8704883e-08,0.9999833,1.3551398e-05
2024-09-03,2.0557904e-09,9.303042e-14,1.3459596e-12,6.655718e-13,1.0,3.361201e-07,7.0342224e-14
2023-09-04,8.366517e-14,8.18938e-12,1.8562903e-11,1.2721873e-08,1.0,2.8248898e-11,3.0643287e-20
2024-02-01,2.3716022e-06,0.054963138,0.9999702,0.9988695,4.7290817e-13,0.013153157,0.999997
2022-05-19,0.9999516,4.890219e-10,1.0,3.3516378e-06,0.06691824,2.349395e-06,1.16386e-09
2024-09-22,1.3356502e-13,7.952561e-11,3.7869277e-10,5.295782e-14,1.0,6.825036e-14,9.256437e-22
2022-09-09,1.5410902e-10,1.3476482e-07,3.8338148e-12,3.989274e-12,1.0,1.749787e-15,3.4506855e-19
2023-11-18,1.8348807e-07,0.9999937,3.6141973e-08,6.802079e-07,0.99981767,5.7152736e-13,1.1941515e-17
2019-11-03,0.9880653,1.0,0.18892093,1.134887e-12,0.99999917,2.676684e-12,2.3681577e-18
2022-03-14,1.9623624e-14,1.7157658e-08,0.82859826,1.6330923e-10,3.0565077e-06,0.09590313,2.3896238e-05
2023-10-04,7.4850065e-14,3.087227e-08,5.5333583e-14,5.0091803e-06,1.0,1.5459092e-14,1.692141e-20
2020-06-15,0.9969988,4.4967754e-07,1.0,1.3441928e-11,0.9999993,1.460818e-10,4.1083985e-21
2022-01-17,0.99999166,0.99965763,0.99999976,0.99989915,3.2873934e-13,0.9965444,0.9999999
2021-04-11,8.20491e-06,6.1090316e-07,1.0,1.9840312e-12,1.2551248e-05,1.0,8.2124e-13
2023-12-09,0.99998283,0.9999999,0.98781663,0.9999999,1.1612326e-09,1.21662515e-05,0.9205845
2024-03-16,3.2408194e-09,1.40527705e-08,1.0,0.001711093,4.152966e-06,0.5729568,1.0194291e-12
2019-11-21,0.9966691,1.0,0.9845168,0.00024287158,2.1124668e-05,1.5328724e-05,5.852285e-05
2022-02-06,0.9973133,0.9997944,0.9999999,0.99996364,1.0383694e-14,0.9809003,0.9999993
2021-09-03,1.5220133e-12,1.4284997e-07,0.000572944,2.8100868e-21,1.0,1.8626997e-18,1.7570706e-23
2019-11-05,0.3402565,1.0,0.026393408,2.5037979e-11,0.99998844,5.0164145e-10,2.421691e-19
2020-10-26,3.475436e-07,0.9936405,8.134922e-07,1.0369626e-17,1.0,3.9907495e-09,4.6270576e-23
2024-08-22,2.4618085e-11,2.8589234e-12,1.2420825e-11,4.5937956e-10,1.0,2.6904336e-11,5.739442e-19
2020-08-01,3.3437056e-10,2.293253e-15,7.463285e-09,9.304503e-13,1.0,3.7810746e-10,1.209369e-13
2024-09-13,3.4860182e-07,1.29466915e-11,3.7934282e-13,1.8308156e-14,1.0,7.0919532e-09,2.3639151e-11
2019-05-30,0.05943739,1.3052181e-06,0.99999976,2.7325668e-15,0.99961436,7.53941e-07,1.8495929e-11
2021-01-23,0.00012872732,0.99940515,0.9999995,2.84805e-06,3.9545487e-15,6.489989e-07,0.99999976
2022-12-06,0.2939089,1.0,0.9979838,0.58556515,1.3312795e-07,4.2474435e-12,2.4440575e-07
2020-09-13,2.7988679e-11,4.5885015e-12,5.6343124e-06,1.3463323e-19,1.0,1.8583323e-13,3.3183728e-22
2024-09-17,4.170085e-07,1.0375009e-09,7.712349e-13,9.4505885e-14,0.99999523,3.093639e-09,1.6840213e-12
2024-01-21,0.99634784,0.9999995,0.999997,0.9998915,1.4477028e-11,0.0062727407,0.99997675
2024-11-04,2.006509e-14,7.528512e-08,6.0052804e-05,2.991059e-10,0.9999989,1.3642125e-15,3.9005112e-21
2023-05-01,0.9998029,4.7984257e-05,1.0,0.00069639983,2.7393199e-11,0.9999999,4.9896684e-05
2021-09-15,1.7891138e-11,1.1641198e-09,9.174627e-08,2.8183987e-19,1.0,1.096415e-13,2.6597843e-22
2024-06-09,0.49945545,3.099024e-05,1.0,1.3290039e-11,1.0,4.7616037e-16,2.230912e-22
2021-02-20,2.3200968e-05,0.99997604,0.9999951,2.1825865e-10,3.4791486e-12,1.806539e-05,0.8598901
2020-10-19,2.6358105e-11,0.0013239647,1.0196666e-08,4.4030465e-21,1.0,1.765393e-10,1.2854814e-22
2023-12-05,0.99999845,0.99997354,0.98440415,0.99999976,7.111505e-11,0.0007716854,0.9993311
2020-07-10,1.564637e-06,8.598502e-12,0.0031543795,2.512329e-17,1.0,7.0508456e-08,3.368582e-17
2023-07-22,1.5540616e-08,2.398308e-15,2.0380437e-11,6.859172e-11,1.0,7.3258934e-06,8.08817e-19
2021-05-16,0.9999869,0.0025444527,1.0,3.526607e-05,2.3426823e-13,0.99999964,0.054798197
2024-12-27,0.999818,0.9996805,0.08912532,0.9999987,8.7643184e-11,6.546402e-05,0.99999964
2024-02-05,6.330165e-05,0.020765621,0.99999857,0.997593,3.437658e-12,3.3586315e-05,0.99997795
2019-05-02,0.99999964,0.011969943,0.9999989,0.011650288,1.2529433e-09,1.0,0.00027160405
2021-01-20,0.07564931,0.9989843,1.0,5.156973e-06,3.49133e-14,1.0616606e-06,0.99999917
2020-10-04,3.6390578e-08,7.163643e-08,6.599321e-11,8.93304e-18,1.0,5.8193006e-09,4.655585e-21
2024-11-08,1.3598222e-15,8.032522e-10,7.658462e-06,4.719629e-13,0.9438624,1.3604646e-09,2.2702654e-15
2021-09-23,9.832434e-15,1.5027523e-09,1.9867446e-06,9.187956e-19,1.0,3.466948e-15,4.4049027e-25
2023-04-23,0.9999776,0.0008549115,1.0,0.00011100254,1.4182424e-08,1.0,1.0513121e-06
2022-09-16,1.8949524e-09,1.8353974e-09,1.947787e-09,3.849217e-15,1.0,6.7842386e-19,5.9222836e-20
2021-10-15,7.3662015e-08,0.37430808,7.218685e-05,1.4599946e-16,1.0,1.578684e-17,4.590854e-24
2021-07-10,7.912282e-08,6.018303e-08,0.04888229,1.2136435e-14,1.0,1.1857877e-13,6.9141765e-24
2024-04-23,0.99594975,0.9621796,1.0,0.7171705,8.639527e-14,1.0,0.007131145
2024-04-03,0.9999552,0.049373075,1.0,0.6914777,9.2189634e-10,0.9999982,1.1608228e-09
2022-01-24,0.9998435,0.9906537,0.9999994,0.9999511,9.4316585e-15,0.9897858,1.0
2019-06-07,0.08302043,5.150418e-07,1.0,1.2548043e-20,1.0,3.416858e-08,1.0448314e-19
2021-02-03,3.330862e-06,0.99963474,0.9999999,3.244586e-09,2.3448504e-13,3.7953103e-09,0.99996006
2021-03-26,1.00519e-15,1.3564012e-10,1.0,1.3272976e-13,2.9601124e-05,0.0005559272,1.7089028e-13
2020-03-29,1.5430027e-06,7.86988e-09,0.99997115,3.0825535e-09,1.2079423e-09,1.0,1.5493373e-06
2019-07-29,0.0019518601,1.2921539e-09,6.5311724e-07,1.4892776e-14,1.0,2.0426953e-10,1.2580001e-14
2020-09-08,8.6740856e-14,4.8308305e-14,0.00032144817,3.9493487e-22,1.0,3.0793388e-13,1.2001308e-22
2023-10-18,1.848689e-12,6.116564e-07,1.0984319e-11,6.6205747e-12,1.0,1.5081609e-18,2.718451e-20
2021-01-22,0.05005466,0.9995185,0.9999999,2.2499182e-05,8.140653e-15,1.5659938e-05,0.99999917
2019-11-16,0.9773736,1.0,0.009334802,0.016931485,3.6386112e-07,2.0926288e-10,2.1330018e-07
2022-08-12,4.9082963e-08,1.6368506e-13,3.5810272e-12,1.0199514e-10,1.0,5.904271e-09,1.8718983e-15
2022-08-26,2.1691132e-08,3.939761e-12,3.262044e-11,7.6500667e-10,1.0,5.177777e-13,2.0425625e-18
2022-05-29,0.9999999,7.4322306e-06,1.0,6.9989237e-06,0.029772984,2.112237e-05,1.6872097e-13
2021-10-11,3.0543446e-09,0.005079663,0.0014458968,1.105776e-16,1.0,7.9297763e-16,3.4717744e-25
2022-12-18,0.021273606,1.0,0.99999714,0.9999404,1.449004e-11,5.713271e-12,0.03149525
2021-07-12,7.366229e-08,6.0531613e-07,0.9998311,1.7970987e-16,1.0,2.5365024e-15,8.2474896e-23
2021-04-13,4.340275e-06,3.0531269e-09,0.9999994,6.0468454e-13,0.00018801134,0.99999464,2.3803662e-11
2020-07-11,7.221185e-10,2.511066e-08,2.2191769e-05,1.4761956e-13,1.0,2.0759617e-06,3.3621354e-18
2024-05-04,1.0,0.0009923143,1.0,0.000120195386,2.002155e-06,0.9947967,7.524369e-14
2022-04-07,0.0016050457,0.00051474996,1.0,0.0016710239,1.9807171e-10,0.99997437,3.9158476e-08
2024-09-14,5.7140454e-08,3.1773926e-08,9.005723e-16,4.3592354e-13,0.9999995,3.9273482e-10,4.0796966e-12
2021-02-07,3.718623e-06,0.5120544,0.99993646,1.150832e-05,9.349126e-15,1.0417698e-06,0.99999774
2020-02-15,0.5695076,0.9709227,1.0,0.051792257,1.31405464e-14,0.99988556,0.9989134
2022-12-04,0.03447037,1.0,0.9998117,0.9868903,4.0929495e-05,5.5321687e-13,5.4805103e-08
2020-09-29,2.498537e-10,1.1597683e-07,3.3235917e-11,3.2905095e-14,0.9999999,1.229919e-07,5.059806e-19
2024-05-10,0.9999989,0.95336425,1.0,6.53338e-06,3.6964747e-07,0.010086753,5.9860177e-12
2024-03-29,0.64481854,0.00012252016,1.0,0.9741014,4.8268937e-12,0.99999976,6.9114626e-06
2024-03-04,1.662742e-16,2.3466773e-08,0.9999982,5.41424e-17,0.9998523,3.7980765e-09,8.8453635e-15
2021-03-03,1.8045869e-08,0.00012750372,0.9999999,0.00027770243,6.8993222e-15,0.0029172364,0.9936999
2020-02-23,0.008004978,0.99331045,1.0,0.00012757523,1.4531472e-11,0.9974045,0.9908127
2022-01-01,0.9999989,0.9981462,0.9999999,1.0,3.397754e-10,0.9974268,0.0018896826
2021-01-04,0.013061316,0.99772924,0.99999297,9.218172e-05,1.6453081e-13,3.941209e-05,0.9999994
2022-08-21,1.51532e-07,6.613204e-12,5.630244e-12,5.2470167e-11,1.0,2.701538e-13,2.095558e-20
2019-05-18,0.041284047,4.9596316e-08,0.9999969,1.0754845e-07,1.7543697e-10,0.9985594,0.0035262238
2022-02-19,0.043291796,0.99990857,0.99999976,0.9995901,3.1014413e-14,0.27896637,0.9999999
2020-02-08,0.47131068,0.83157766,0.9999999,0.98784536,2.013376e-13,0.99983084,0.99999917
2022-09-19,7.766203e-08,1.4895861e-05,4.8813864e-09,1.3771482e-15,1.0,1.2504142e-18,2.1336066e-20
2021-08-12,6.8190245e-14,2.1913436e-16,0.0604585,3.34388e-20,1.0,1.13972776e-10,4.235423e-19
2023-12-01,0.9975541,0.9999975,0.012329641,0.9984366,1.6461003e-08,0.00010510905,0.0020530713
2021-02-27,0.0012631774,0.99999,1.0,1.1193464e-05,3.8417544e-13,1.3120889e-10,0.998662
2023-03-22,7.5789055e-13,1.4694438e-11,0.9998884,4.477614e-06,4.7201632e-07,0.014213917,9.9797906e-11
2019-11-10,0.33259866,1.0,0.0005727245,5.9736203e-07,0.5323691,2.5079222e-05,1.8200755e-13
2020-08-06,4.163996e-08,2.336787e-13,7.349592e-10,1.6564809e-16,1.0,5.0601715e-12,1.0534622e-15
2020-04-05,3.0437835e-05,5.1278435e-12,0.99999976,6.1664883e-07,5.3955745e-08,0.99999595,1.483434e-07
2024-12-28,0.9999945,0.99973077,0.99941623,0.99716586,1.0595328e-13,0.0003535813,0.99999976
2024-12-23,0.99975187,0.9999299,0.9997807,0.9991208,1.1005138e-12,7.46449e-07,0.99999857
2020-09-01,5.148419e-10,5.9138645e-12,1.0841966e-07,5.8933245e-20,1.0,7.249575e-13,5.5630514e-18
2022-04-03,9.894041e-12,3.8481087e-07,0.9999932,2.9197963e-08,2.3111348e-10,0.99938595,1.830651e-05
2022-01-15,0.9999863,0.9995602,0.9999999,0.999997,4.2657495e-13,0.9985784,0.9999988
2019-11-14,0.0008429185,1.0,0.00015248556,2.8053872e-08,0.00021708194,2.1283439e-08,1.2116022e-06
2024-02-23,6.89216e-17,7.46897e-12,0.99457955,2.4335473e-13,0.99867827,1.839215e-11,5.806267e-15
2024-11-17,7.051221e-07,0.99905115,0.017456645,4.7214236e-08,2.991145e-05,8.88625e-08,2.4009792e-09
2021-05-25,0.9994399,0.00019074131,1.0,2.393309e-07,7.5098566e-11,8.243872e-08,0.6124437
2023-01-15,5.440122e-07,0.99999774,1.0,0.99999,7.3603e-09,7.5900515e-11,1.3982006e-07
2020-04-01,1.5844527e-08,1.6427244e-06,1.0,2.6468924e-05,6.3532784e-14,0.9999989,0.0001707661
2022-09-08,3.4158408e-08,5.557817e-09,1.732961e-11,1.0481215e-10,1.0,2.0699192e-13,6.295689e-18
2019-04-16,0.9999765,0.0020757527,0.99997807,0.00031259374,5.3960916e-11,1.0,2.310883e-06
2021-10-21,3.879062e-10,0.95011413,0.011433027,2.3136176e-14,1.0,5.3962445e-15,1.3387888e-26
2023-12-22,0.99997723,0.99995697,0.9999852,0.99999976,4.2478693e-10,1.6537242e-05,0.25124833
2019-04-15,1.8759294e-05,9.2707575e-09,0.99996185,0.00059621996,1.838334e-08,1.0,0.00020177418
2024-12-05,0.99994504,0.99998415,0.9951197,0.9997552,4.2288837e-12,3.867792e-05,0.9999324
2021-11-01,0.0025638836,0.999956,0.007082519,6.690793e-14,1.0,6.5721125e-15,6.2181675e-25
2024-06-13,0.00090688356,0.032875385,1.0,7.3988975e-12,1.0,7.52576e-18,3.7643187e-27
2023-03-23,1.0323652e-08,3.2138348e-12,1.0,0.9639954,1.4497298e-09,0.9449738,1.8943456e-09
2021-10-13,7.910758e-12,3.1415275e-05,0.022427782,4.965576e-19,1.0,8.996486e-16,1.6558144e-27
2020-11-15,0.07580832,1.0,3.9140713e-07,7.4956363e-10,0.002425754,1.2475274e-10,7.61108e-09
2024-01-25,0.99829715,0.9997849,0.9999945,0.9999865,2.6423265e-13,0.033541463,1.0
2023-10-11,2.0530122e-13,6.013626e-10,6.926002e-13,4.4120202e-12,1.0,3.2150662e-20,2.3351066e-21
2023-07-03,3.1404884e-08,3.019691e-14,0.22778507,3.5260965e-14,1.0,8.1929456e-11,1.2738382e-23
2021-04-04,4.1689946e-12,4.32188e-10,0.99797946,5.432094e-13,0.041706286,0.14782852,3.9860338e-16
2022-06-01,1.0,1.0609413e-05,1.0,0.0012682786,0.13817307,0.0003477207,6.356646e-11
2020-08-24,2.3066837e-05,3.283549e-11,2.2086995e-08,9.135931e-12,1.0,3.1911222e-07,1.8087826e-10
2024-01-22,0.9759779,0.9980769,0.99999845,0.9999342,7.477779e-12,0.88867974,1.0
2023-03-06,1.9689426e-06,0.017232098,0.99999094,0.9999993,6.3150227e-12,4.6669655e-07,1.00491405e-07
2021-09-08,1.9502248e-10,4.3520556e-14,1.4404028e-06,2.7265546e-18,1.0,6.73647e-14,2.7417364e-21
2020-06-24,0.005378945,7.7921846e-05,0.99999917,1.2699758e-16,1.0,1.3301285e-13,1.2962134e-26
2023-07-27,8.323149e-09,9.504145e-15,1.8463115e-11,1.1032582e-09,1.0,6.773749e-09,4.9136987e-20
2023-05-18,0.9999944,0.008836786,1.0,0.8261993,8.605427e-08,0.99720484,5.490555e-08
2021-07-16,1.5388174e-06,5.474636e-06,0.9993338,2.5854217e-18,1.0,1.5455545e-15,9.5956914e-23
2023-04-21,0.9998574,0.030103857,1.0,0.00019119981,9.5709274e-11,1.0,2.813359e-09
2021-01-16,0.00912876,0.99101347,1.0,4.7285255e-05,3.5090047e-16,4.8402208e-06,0.9999999
2020-12-25,0.9998042,0.9999995,0.9995828,0.0017896439,5.795162e-10,2.394672e-07,0.99999774
2023-01-13,1.3264234e-07,0.9999993,1.0,0.9997677,5.741811e-10,2.8270246e-11,3.5502482e-05
2024-12-29,0.99999976,0.99969375,0.9992446,0.9888903,1.7570538e-12,0.001592816,0.99999976
2024-03-25,6.3378167e-07,0.00016977638,1.0,0.0005211403,1.3485231e-10,0.93786955,6.584849e-11
2021-03-20,6.464687e-10,2.2807042e-06,1.0,0.0004171863,1.103998e-11,7.319284e-08,0.5421378
2020-08-30,5.922472e-10,4.0483166e-13,6.766143e-09,1.404878e-15,1.0,9.2680065e-11,6.1366436e-22
2022-08-19,3.7765663e-08,7.6598105e-16,4.8617693e-10,1.4483515e-08,1.0,7.0298367e-10,1.800941e-17
2020-03-04,1.9807776e-06,0.99135756,1.0,1.13583965e-05,1.1981602e-09,0.00023149012,0.21411811
2020-05-29,0.9998629,4.750067e-07,1.0,6.851834e-08,0.94375545,0.0010991174,1.6724911e-12
2020-03-25,0.39503524,0.0017749318,1.0,0.008174866,3.2213476e-15,0.99999976,0.9894252
2020-06-02,0.9841415,2.2274294e-11,1.0,3.757624e-13,1.0,1.6669913e-08,1.6143345e-17
2024-11-03,3.6727143e-13,8.004296e-07,4.9103375e-07,1.726614e-10,1.0,1.8896275e-14,3.2565634e-21
2020-08-20,7.9051006e-07,2.044932e-11,2.6269948e-09,2.0207174e-12,1.0,3.0159386e-10,1.7484466e-14
2023-10-26,4.1161354e-12,0.00031540415,4.372829e-08,1.2601609e-11,1.0,1.1534185e-16,1.9256098e-23
2024-06-25,8.194972e-05,4.2127112e-07,0.9999999,1.0669454e-16,1.0,8.4859637e-13,5.3733696e-27
2021-09-25,4.8422473e-12,2.4825915e-09,1.188691e-09,7.785501e-19,1.0,1.3092037e-18,1.2329386e-22
2020-11-23,0.0024178652,1.0,8.497829e-05,4.8945743e-11,9.859323e-08,2.9053228e-07,3.6059325e-06
2019-08-21,1.2334324e-07,2.2614428e-09,1.3484647e-05,6.0352695e-19,1.0,4.7262375e-11,4.5678502e-23
2021-02-22,0.0004790965,0.9993926,1.0,2.009309e-06,3.9271415e-16,4.046497e-06,0.9999821
2021-01-28,3.1182277e-05,0.99908507,1.0,4.366436e-05,7.585344e-16,5.5466995e-08,0.9999993
2024-11-02,9.990282e-15,7.8447394e-11,1.5767853e-06,3.5061281e-12,0.99999785,3.1405764e-13,2.17959e-22
2021-12-12,0.9967315,0.99996054,1.0,0.9999052,1.5909228e-10,0.0014429628,0.0913039
2020-01-30,0.96764326,0.25586146,1.0,0.9997571,1.0629935e-14,0.99999106,0.99999964
2024-11-16,1.7292761e-07,0.9998252,0.21508303,1.6650313e-07,1.2514805e-05,1.5283166e-07,2.8308817e-08
2023-08-02,1.7319763e-07,1.9857129e-15,1.2891156e-10,4.532465e-09,1.0,6.090719e-08,1.7974405e-17
2019-10-13,3.350961e-08,0.9996418,2.690009e-10,3.0935113e-15,0.9999974,3.535289e-14,4.3308445e-16
2023-11-21,0.9592649,0.99999607,3.0140782e-06,0.6051523,0.99557734,3.172039e-12,2.5898293e-14
2023-03-20,1.1675136e-06,1.1857727e-08,1.0,0.8802691,1.3727127e-09,0.9999125,2.1103788e-09
2022-07-15,3.351921e-07,1.0515251e-11,1.0611458e-07,4.3472887e-20,1.0,7.8141475e-13,2.2960388e-13
2024-05-28,0.9997985,0.000106700274,1.0,9.743149e-10,4.425148e-05,3.1843634e-08,1.0550092e-10
2022-03-20,1.5107178e-10,0.18394424,0.9999933,4.3998454e-11,7.950941e-06,5.9623937e-09,1.9580631e-05
2021-11-17,0.99863833,1.0,0.9993586,0.028135343,0.012854862,1.3270098e-08,5.6207675e-13
2023-12-15,0.99996555,0.99999964,0.99870574,0.9999988,7.7714345e-12,0.048274692,0.9487304
2022-06-02,1.0,1.225467e-05,1.0,5.315561e-05,0.9984762,1.2376145e-05,4.8653684e-14
2023-11-15,5.5118704e-10,0.99883,3.8018334e-07,7.599877e-10,0.9999995,6.009578e-14,2.2679623e-23
2021-12-09,0.9999448,0.9999995,1.0,0.99961543,1.987917e-09,8.287207e-05,0.025747398
2019-05-12,0.99248886,8.323062e-06,1.0,1.856014e-07,2.1592426e-09,0.9999505,0.009423194
2020-02-06,0.63887227,0.15373419,1.0,0.9978194,2.7022387e-13,0.99880993,0.9999957
2019-12-05,0.999843,0.9999975,0.9998872,0.9941012,1.5331236e-11,0.9242609,0.97858113
2023-04-05,5.973728e-10,5.3836414e-11,0.9999943,5.5558347e-05,1.14161246e-07,0.9999951,5.722482e-10
2024-10-24,4.824428e-15,1.6479212e-06,9.64788e-07,1.2610402e-16,0.9999988,3.946959e-12,5.3050914e-22
2023-06-04,5.1138966e-07,1.5874517e-14,1.0,8.347031e-12,1.0,5.421924e-06,7.187334e-23
2021-04-25,0.99949074,0.0029190164,1.0,1.8473364e-07,2.6727447e-09,1.0,5.3093685e-09
2019-12-31,0.9999975,0.97679967,1.0,0.9993538,9.15061e-13,0.9999831,0.99998665
2024-01-09,0.99949,0.99999976,1.0,0.99987507,5.69574e-13,0.008342631,0.99999726
2024-05-17,0.99725014,0.0008247344,1.0,6.1104075e-08,5.29596e-07,1.6030113e-11,1.9313064e-09
2021-07-21,4.3370717e-11,1.07608365e-07,0.0014066965,4.517265e-17,1.0,2.5445365e-15,8.066139e-19
2024-05-24,0.074817955,1.5373711e-06,1.0,9.938992e-10,1.8462706e-05,2.1285538e-09,6.112566e-11
2021-12-10,0.99974674,0.9999999,1.0,0.99977297,2.1715605e-11,0.0003377923,0.7232579
2019-04-19,0.9998816,0.0001933477,1.0,0.00033775248,1.21785e-10,1.0,4.3545936e-07
2024-06-03,0.9999896,0.3163626,1.0,5.5794893e-11,0.23144215,9.828371e-10,4.7401913e-12
2024-11-29,0.9996001,0.9999999,0.00010599124,0.99996436,3.7015695e-09,2.3040545e-06,0.004209223
2023-01-11,9.847809e-06,0.99995303,0.99999964,0.99999774,3.6055823e-09,7.637514e-10,3.8616587e-08
2020-11-21,0.012041271,1.0,1.7348957e-07,2.286405e-11,8.44313e-06,4.8881326e-09,1.7543755e-07
2024-03-23,7.025928e-06,8.7868415e-07,0.9999994,0.30229905,9.934386e-10,0.9999839,3.1811348e-07
2024-10-08,2.7873562e-14,3.6528671e-09,3.232083e-10,1.7467859e-15,1.0,2.2315655e-16,2.237174e-16
2023-02-26,0.00028620282,4.957662e-05,1.0,0.9999999,7.2217315e-11,1.05410955e-07,1.6029944e-06
2024-01-01,0.999954,0.99992895,0.9999957,0.9999931,3.655085e-12,0.2337472,0.9999988
2020-11-09,0.9284986,1.0,7.6213187e-06,1.5475296e-13,0.957203,3.662535e-10,4.3590449e-13
2021-04-05,3.2254752e-10,2.9194674e-12,0.9916471,3.2049863e-10,0.006968041,0.9964858,7.1235834e-12
2019-06-12,0.2888758,4.48056e-08,0.9999989,2.316547e-20,1.0,5.2358823e-10,2.368055e-21
2020-06-20,0.984411,0.017517162,1.0,5.5115174e-16,1.0,2.4661003e-14,3.7360172e-22
2022-12-16,0.9715827,0.9999981,0.99999714,0.99993277,8.942354e-09,1.3246013e-10,0.008224763
2024-06-27,9.899278e-06,2.984632e-09,0.9898621,6.0520514e-20,1.0,4.1013488e-15,1.9428482e-28
2021-05-08,0.9999242,0.0018074535,1.0,8.717518e-05,4.741272e-14,1.0,0.08357686
2019-04-18,0.9999646,0.00021439555,1.0,2.490692e-05,4.939907e-09,1.0,8.6005855e-08
2024-06-24,0.0044518104,2.0256796e-09,1.0,2.2011859e-14,1.0,2.3711549e-14,4.089845e-25
2021-03-05,1.291265e-06,0.00024951354,0.9999517,0.004854097,4.5654626e-16,0.0007680627,0.9321707
2022-07-10,2.7037275e-10,2.1595685e-12,0.0024421434,1.2886789e-20,1.0,3.6364575e-11,3.6178172e-20
2023-09-21,3.4067124e-12,1.0451068e-11,3.8204722e-15,6.375825e-09,0.9999999,3.0960573e-10,3.50257e-17
2024-04-26,0.9999974,0.7270719,1.0,0.9825965,3.0652822e-12,0.9999875,5.888837e-06
2022-07-05,3.622313e-08,5.7968505e-11,2.8126152e-07,4.3930563e-17,1.0,1.2467838e-12,8.607859e-15
2024-01-12,0.99983037,0.9998561,0.99999917,0.9999995,3.0666155e-12,0.15527913,0.9999982
2021-11-08,9.6641124e-05,1.0,0.99967,1.2098722e-09,1.0,3.6576386e-15,1.6892675e-24
2019-09-11,1.8300898e-10,1.2134756e-06,1.1883332e-06,2.3844862e-16,1.0,8.472641e-12,1.4214706e-23
2023-09-15,1.6134974e-09,2.4252552e-15,2.7111677e-11,8.01644e-09,1.0,7.958958e-09,5.293016e-25
2020-07-31,1.126665e-09,2.4789438e-16,5.0471595e-08,7.8668365e-12,1.0,8.3565894e-08,1.5211427e-12
2022-08-03,1.8870936e-05,1.3740881e-09,3.258461e-08,3.7258955e-12,1.0,2.2923428e-08,7.7331177e-17
2023-11-20,0.031755008,0.9995272,0.026403558,0.00020914437,0.9998988,3.650493e-12,1.00148074e-16
2021-01-31,3.1192572e-05,0.99958557,1.0,7.6304866e-07,2.6742609e-15,3.4648886e-07,0.9999995
2021-04-27,0.9998889,0.010727544,1.0,2.2124832e-06,5.573097e-11,0.9999999,0.00014772601
2022-12-22,0.9520817,1.0,0.9999993,0.9999838,1.7722036e-11,7.2268885e-10,0.020892564
2020-09-25,2.2723394e-12,2.361186e-10,1.2127643e-10,3.4180402e-14,1.0,1.1030413e-09,4.7609217e-20
2021-05-23,0.9999807,0.0034800775,1.0,0.000117111485,1.9128432e-10,5.041189e-06,0.42567798
2024-07-14,3.7636974e-14,1.0722514e-09,0.0045928517,1.0233876e-20,1.0,2.0375462e-15,3.646715e-23
2020-11-30,0.9978994,1.0,0.99974614,3.936948e-06,9.9734526e-11,1.3238557e-06,0.9955663
2019-10-30,7.1527447e-06,1.0,0.13809997,1.8013043e-14,0.99997735,1.6163967e-12,2.7294955e-21
2023-07-14,3.2595003e-11,2.6402191e-14,6.8605267e-13,1.6521157e-10,1.0,2.2812639e-08,5.6471196e-19
2022-07-04,2.0583109e-07,2.8438532e-12,1.1033597e-05,1.2688288e-15,1.0,6.7359885e-12,2.1144463e-18
2024-07-08,1.2789161e-09,5.784683e-10,0.94833916,9.097625e-19,1.0,8.743909e-16,1.5510751e-25
2020-04-02,0.20535594,2.1367123e-06,1.0,0.00020836173,1.0465762e-12,0.9999999,0.00025408977
2020-05-17,0.9999504,5.712431e-05,1.0,3.573097e-06,8.751432e-09,0.9735565,4.6709676e-08
2019-08-14,0.0028895754,9.364007e-08,1.3160484e-07,1.05271e-13,1.0,5.682957e-09,3.8804966e-18
2024-01-17,0.9999857,0.99975556,0.99999976,0.9999982,7.5404353e-13,0.29345194,0.99999905
2024-12-22,0.9986909,0.99997723,0.97642046,0.999863,5.1246408e-14,1.6686969e-06,0.9999976
2019-05-19,0.939624,6.832803e-09,0.99995637,9.757753e-07,3.4999147e-08,0.99921453,0.005146462
2021-05-31,0.996689,0.1273073,1.0,7.970871e-12,0.00046049283,4.3047424e-14,1.4580726e-11
2020-11-07,0.14657019,1.0,0.24326846,3.4242185e-11,0.006025295,7.563498e-09,1.4969255e-12
2019-10-24,0.00018612476,1.0,0.0015128662,4.378248e-18,1.0,1.2108515e-12,5.3002196e-21
2021-07-13,1.2644651e-06,1.3287621e-05,0.9998085,1.0977955e-14,1.0,1.6411849e-15,1.4771809e-25
2024-02-24,1.8429204e-14,3.2387535e-14,0.9999958,1.2950772e-14,0.99989986,6.4941e-10,5.995976e-14
2022-04-17,0.9999993,0.0034088986,1.0,0.91480947,2.7848073e-09,1.0,4.3557122e-09
2023-05-28,0.9999999,3.047502e-06,0.999998,0.00081766205,4.259122e-05,0.20176408,1.714046e-07
2024-10-03,2.2632052e-11,7.558695e-09,1.8232713e-10,5.5545787e-11,1.0,4.7029014e-15,4.913809e-21
2021-01-25,0.039982755,0.999448,1.0,2.1574879e-05,1.1825884e-15,2.2917759e-05,1.0
2024-09-19,6.233697e-11,2.3247254e-10,9.082483e-09,2.1746211e-17,1.0,5.5592954e-11,2.1152956e-16
2024-07-13,1.9552499e-13,3.093798e-09,0.0039884616,2.0537486e-20,1.0,1.1631259e-16,1.5324155e-23
2023-07-29,1.4261409e-06,1.4687461e-11,2.1343185e-09,3.055329e-09,1.0,1.3125508e-08,7.230102e-21
2020-08-04,2.1154715e-06,2.3419964e-11,1.1783507e-08,8.358501e-12,1.0,1.5608976e-11,8.8703864e-11
2020-02-29,6.857168e-06,0.36452365,1.0,2.3034389e-05,1.0604639e-11,0.0033101437,0.99647224
2020-03-06,1.551632e-05,0.13366665,1.0,4.954015e-06,1.2182448e-10,0.00074340455,0.009408917
2024-08-05,1.7465304e-10,5.3684444e-15,2.9544056e-08,3.966796e-14,1.0,6.6529955e-11,9.756167e-17
2024-03-12,4.588002e-16,2.178015e-11,0.9999825,2.8378674e-11,0.9743198,1.05325746e-07,2.6378646e-17
2021-07-23,7.1692936e-14,1.7972428e-12,0.97475356,8.1579825e-19,1.0,7.71847e-17,8.6647724e-26
2023-06-19,7.800586e-08,2.2462632e-13,0.99999917,9.378213e-09,1.0,1.0851376e-08,5.2538028e-20
2023-04-06,1.729751e-07,1.9458302e-09,0.9999944,0.0008763014,2.0891362e-07,0.9999989,5.675523e-10
2022-09-17,1.5600481e-09,2.6822454e-07,3.62804e-11,1.6854946e-14,1.0,2.9895352e-18,2.7645927e-19
2019-09-12,3.742332e-09,1.5139304e-07,2.7488923e-06,3.0686765e-15,1.0,8.48589e-15,1.0463265e-20
2020-04-03,0.0011990578,2.7751165e-07,1.0,9.5517324e-05,2.2128213e-10,0.9999995,5.0628852e-08
2021-04-28,0.99949,0.00032204817,1.0,2.755459e-06,1.6845707e-12,1.0,3.4860008e-05
2020-02-01,0.56706727,0.008411673,1.0,0.885111,1.5532502e-15,1.0,0.97876394
2022-06-18,3.0077608e-08,5.650106e-11,0.9973955,1.6843438e-18,1.0,4.6513307e-11,5.319112e-23
2024-03-19,0.008411212,1.3421524e-05,1.0,0.045627806,2.6439066e-06,0.99890757,4.1615857e-14
2023-11-09,6.820283e-11,0.0023365372,7.267699e-09,2.8719515e-13,1.0,3.1429912e-17,8.3106165e-24
2021-08-17,5.834858e-06,5.276421e-05,0.00401301,9.226288e-16,1.0,1.9024895e-12,1.2580099e-21
2023-02-25,0.0073022693,0.00046326462,0.9999982,0.99999917,1.9828443e-11,0.00026829756,5.7152174e-06
2021-02-24,0.00095749187,0.96789,1.0,4.8020997e-08,7.765517e-17,4.5264946e-06,0.999985
2019-09-10,5.336835e-07,9.667299e-08,1.6806906e-08,5.390769e-16,1.0,3.4081307e-11,1.8493577e-21
2021-04-06,1.8115693e-13,1.84829e-09,0.99999964,3.6782702e-11,0.00011654355,0.21020432,1.7434715e-14
2020-12-07,0.99548584,0.99999774,0.9999993,1.2189374e-05,3.4776523e-14,1.4544091e-06,0.9999999
2019-10-22,0.00048305944,0.9999969,0.00047970336,5.5955915e-19,1.0,1.2949581e-11,5.408072e-23
2022-11-20,0.99897826,1.0,0.999982,5.771947e-07,0.11245648,4.4790617e-13,1.4806693e-15
2020-12-27,0.9975121,0.99996066,0.98901945,0.006689254,2.2118126e-14,0.0010879968,1.0
2024-10-21,2.4697232e-15,1.2001765e-07,2.6428975e-08,2.982257e-18,1.0,3.720812e-15,7.770319e-24
2024-04-28,0.9999968,0.10939338,1.0,0.22586578,3.2560506e-12,0.99998796,9.823898e-07
2019-12-01,0.99140656,0.99999595,0.9995198,0.9758631,5.964942e-09,0.055873122,0.9002107
2023-09-27,1.14069774e-10,6.6360806e-10,1.4412344e-14,8.869985e-10,1.0,7.4886785e-17,1.2968047e-22
2022-11-13,0.9995221,1.0,0.9999995,1.6640628e-07,0.884872,3.5833177e-11,1.503848e-16
2024-02-10,1.9072477e-06,0.00033548073,0.99999976,0.08300202,1.0548396e-11,0.99917847,0.5181145
2021-10-28,5.844682e-06,0.99959415,0.0002503032,6.2168945e-15,1.0,1.0932816e-15,1.126328e-27
2019-11-22,0.2342523,0.9999999,0.43341443,0.0017569888,8.873273e-09,1.1130861e-06,0.009596618
2021-05-05,0.9999716,0.00012446048,1.0,2.6788997e-05,4.234033e-12,0.9999999,0.00038189322
2020-07-01,0.11007405,2.185972e-07,0.9999807,2.313911e-16,1.0,1.6614111e-08,1.5631649e-15
2021-04-20,5.351349e-07,1.5956163e-08,0.9998617,1.2728577e-11,5.2962936e-05,1.0,1.6107901e-11
2022-11-18,0.99595684,1.0,0.9999994,7.3597024e-05,0.022951435,6.423984e-08,7.3562663e-14
2024-08-31,2.4873748e-08,1.0124831e-14,8.9704516e-10,9.663311e-13,1.0,1.408516e-08,4.9593775e-15
2020-10-15,3.002979e-09,0.00011536753,6.108729e-07,2.0881288e-20,1.0,6.846445e-06,2.241089e-21
2020-09-04,4.4210398e-13,1.2332419e-11,9.611824e-09,3.6140674e-19,1.0,1.817354e-15,5.9828604e-22
2021-04-15,7.926871e-09,2.0593515e-07,0.9999827,1.37831795e-11,3.8576363e-05,1.0,3.349448e-11
2024-03-11,1.6065042e-14,2.9257278e-12,0.9999144,3.3007324e-13,0.99998343,1.0135906e-06,4.477493e-19
2022-08-04,2.3092014e-05,2.2905648e-11,2.1726732e-09,4.1887056e-08,1.0,1.6333641e-09,1.1946357e-15
2021-09-19,7.886257e-13,4.9577564e-09,1.7722374e-07,5.917138e-19,1.0,1.1523411e-16,1.0282128e-27
2021-07-17,9.0111064e-11,3.5039545e-09,0.9480812,7.8191636e-19,1.0,1.1160876e-14,1.1325728e-24
2019-06-08,0.0022938356,8.089538e-09,1.0,5.0278235e-21,0.9999995,6.116354e-08,3.779417e-17
2024-06-23,0.8903979,1.1336865e-08,1.0,3.5059778e-14,1.0,1.4700724e-14,1.4846924e-20
2024-11-09,8.3442374e-14,1.9061261e-07,5.1599827e-09,1.1419827e-09,0.9714093,2.824466e-05,6.152373e-14
2020-08-22,1.0336616e-08,9.628645e-10,4.8336815e-09,7.44865e-13,1.0,2.3935732e-08,8.970524e-13
2023-06-22,3.6415142e-09,1.7867146e-13,0.99645185,3.5509862e-11,1.0,2.0029188e-10,7.1583334e-22
2023-05-13,0.9999994,0.0054304367,1.0,0.03954229,1.2302507e-08,0.99586415,0.00017823101
2024-01-28,0.99791807,0.981751,0.9999999,0.99983907,9.917572e-14,0.01451532,0.9999999
2020-04-24,0.9999999,3.9768005e-05,0.9999999,0.9985172,1.3176238e-10,0.9999999,5.1615578e-05
2023-01-04,4.564725e-06,0.9999988,0.9999999,0.999995,5.409023e-11,4.1446718e-11,3.8189887e-06
2021-01-05,0.004177183,0.99998,0.99999833,3.5398018e-05,8.794358e-15,3.2062328e-06,0.9999987
2019-04-13,1.5674086e-05,1.3665556e-06,0.9999988,1.5760723e-05,8.8099315e-09,1.0,1.3156887e-05
2019-10-11,8.798059e-05,0.99989057,7.250664e-10,1.9134958e-18,0.9999974,6.1130673e-15,1.2735734e-12
2021-08-23,2.419978e-05,1.3303369e-05,0.8905518,1.7363951e-15,1.0,1.8455012e-15,3.0260846e-22
2023-02-19,0.1903175,0.0006826974,0.99999976,1.0,3.2300987e-10,0.0009860552,8.0434645e-11
2022-08-24,2.5175095e-05,1.13581765e-13,2.1747668e-09,1.7136709e-10,1.0,1.735761e-13,4.5851804e-18
2024-10-29,7.315828e-14,9.2785134e-11,8.270901e-11,8.4827194e-11,0.9999999,2.99167e-17,2.3927915e-20
2023-10-28,1.5923379e-13,0.00089274143,3.1292711e-12,2.411929e-14,1.0,2.2598015e-15,1.35806e-22
2023-09-16,4.2366084e-09,3.4789496e-12,5.02042e-12,3.4328568e-11,1.0,1.7280669e-10,6.5131686e-28
2022-03-30,1.8741072e-14,4.0745918e-10,0.9969806,6.1312726e-11,7.129476e-07,0.9959335,8.2598545e-10
2022-01-05,0.9999995,0.9996712,0.99999654,0.99999654,1.2240742e-11,0.8633881,0.99993515
2021-06-12,0.41689542,0.0011207088,1.0,4.5320927e-13,0.9999974,7.519392e-10,2.5445268e-15
2023-02-24,0.9848744,0.010848627,1.0,1.0,1.9249515e-09,0.053410076,3.064847e-10
2024-01-02,0.9995919,0.9997112,0.99997544,0.9999974,4.467916e-14,0.058373455,0.9999999
2022-11-14,0.9875873,1.0,0.9999995,0.00017062969,0.8508204,1.8706948e-12,9.639847e-19
2019-07-24,0.019068802,6.8100243e-12,0.034797512,6.600451e-12,1.0,0.0006229557,1.0393897e-18
2020-04-29,0.9999999,5.066082e-07,1.0,0.9981298,3.02871e-08,0.9995579,2.018651e-06
2021-09-14,4.112124e-09,1.0924386e-09,8.024221e-06,1.247863e-21,1.0,1.3230999e-12,7.887902e-23
2024-09-29,5.7489978e-11,5.9924524e-11,4.828883e-08,2.9264517e-13,1.0,1.6153549e-12,1.5279101e-22
2021-02-16,3.6660896e-07,0.99999607,0.99999964,5.7965444e-06,6.874896e-13,1.0467027e-11,0.9995302
2024-05-14,0.9999987,0.0024299591,1.0,3.6881234e-09,1.1756104e-06,8.720656e-09,1.0580753e-12
2024-11-25,0.9967102,0.99999917,0.0155183645,0.0019413058,5.3267662e-08,3.6696506e-06,0.008791914
2023-10-25,1.2676074e-11,0.20975035,8.160589e-10,3.693362e-12,1.0,5.805919e-13,1.4900911e-24
2023-05-12,0.99999535,9.627825e-07,1.0,0.03415772,7.9240134e-09,0.98102826,0.0005098534
2023-05-02,0.99972194,5.7323272e-05,1.0,0.00051051937,1.983863e-10,1.0,0.009747117
2021-07-03,0.9655386,0.035680734,0.9999988,2.6161298e-16,1.0,3.7960447e-11,1.7243434e-21
2024-01-23,0.9991787,0.999881,0.99999964,0.99997795,2.9810945e-12,0.0021669567,0.99999964
2021-10-26,6.1750848e-06,0.99937147,0.124248385,9.3419255e-15,1.0,1.032336e-11,3.0851048e-25
2023-04-04,1.8492985e-09,1.0131334e-08,0.9999974,7.298269e-05,1.2758097e-09,0.9986266,1.2861923e-07
2021-01-01,0.04932031,0.9999924,0.99999774,0.002015206,6.176375e-16,5.242691e-05,0.9999993
2022-04-11,0.9999479,0.0025755565,1.0,0.31858793,3.690433e-12,1.0,6.765338e-05
2021-10-12,2.1732616e-09,0.70836174,8.417187e-06,1.5209241e-17,1.0,2.09806e-14,7.17582e-25
2024-12-03,0.9994722,0.9999968,0.007309159,0.9959798,5.385803e-13,1.8842674e-06,0.99977845
2019-11-04,0.7219328,1.0,0.00018118885,1.10372215e-11,0.99999833,2.2088152e-10,1.4012913e-16
2020-06-27,0.9641342,0.00021477978,0.9994411,8.698098e-16,1.0,1.36962264e-11,5.0289386e-20
2023-06-06,0.0036637327,1.0615986e-16,0.999946,5.744355e-13,1.0,2.6710655e-05,1.5704031e-22
2023-05-29,1.0,0.00010302644,0.99999166,0.027922658,8.350262e-07,0.014899266,0.0006230702
2024-11-27,0.9999269,1.0,0.25241968,0.99957937,6.264001e-09,0.0002438268,0.0003951252
2021-05-19,0.9999912,2.0542982e-05,1.0,4.0700404e-05,1.9997521e-12,0.9999678,0.9302448
2024-07-05,6.5014556e-12,1.5915622e-07,0.9924154,3.090039e-18,1.0,2.6483112e-16,1.1756336e-24
2022-02-07,0.9971596,0.9969805,0.99999917,0.99994755,9.028081e-16,0.9916626,1.0
2019-10-25,1.6839089e-05,0.99999976,5.2473177e-05,1.0120728e-16,1.0,2.3148316e-14,1.2463971e-22
2022-01-23,0.99988556,0.9608431,1.0,0.99998856,1.1984246e-14,0.99904794,0.9999987
2023-09-03,1.4369121e-13,6.2231535e-13,2.0084752e-12,5.8804446e-09,1.0,4.650286e-10,4.1653233e-19
2020-05-01,0.9999999,5.033777e-07,1.0,0.974078,1.8472335e-08,0.9999964,1.2167139e-07
2020-10-29,0.05951934,0.9997843,5.737773e-06,2.577931e-15,0.9999666,5.7682273e-06,6.7366514e-21
2023-02-23,0.543364,0.001684204,1.0,1.0,6.0172006e-08,0.0012569329,1.1091585e-11
2024-07-16,5.249551e-14,6.838862e-10,0.00025108096,7.590679e-21,1.0,8.32346e-18,6.7808136e-22
2021-06-13,0.9832306,3.1374613e-05,1.0,2.4559504e-15,0.99994874,2.3087711e-08,1.8358057e-14
2023-12-24,0.9999931,0.9999789,0.9996166,0.99999535,5.318356e-10,0.00014982112,0.9727122
2021-02-14,6.996311e-05,0.998833,0.9999999,2.3928112e-07,2.7665e-13,3.349466e-08,0.9998568
2021-07-22,5.1287476e-14,3.835131e-08,0.121644884,2.5842677e-18,1.0,1.7267662e-13,1.0047398e-18
2020-10-11,3.6826067e-12,0.0025389495,1.5063359e-10,3.3754472e-19,1.0,4.129517e-13,1.8031891e-24
2024-04-12,0.99999845,0.0013628106,1.0,0.7755893,2.8195637e-09,1.0,4.8992304e-09
2023-12-31,0.99992824,0.9999894,0.99975747,1.0,4.522883e-11,0.0054195616,0.99052095
2024-06-01,0.9999976,5.6249273e-06,1.0,1.2526441e-10,0.99676204,3.0457202e-05,1.916374e-18
2022-05-01,0.99999845,3.099532e-05,1.0,0.03741058,3.186209e-09,1.0,3.8876138e-07
2020-04-18,0.9999994,0.0007480839,1.0,0.8631005,1.4685732e-10,1.0,3.145789e-07
2024-12-09,0.9998864,0.99998903,0.99492836,0.99947375,5.818665e-10,3.8895046e-06,0.9995517
2021-12-02,0.99998856,1.0,1.0,0.99999857,5.8663745e-09,4.1510987e-07,1.4491754e-05
2024-10-28,2.009088e-16,3.218445e-10,3.4254327e-07,2.7730035e-13,0.9999995,3.0125275e-15,3.7023782e-22
2024-11-18,0.013410073,0.9999994,0.13067515,0.066674896,1.342223e-06,6.109061e-07,1.4214142e-07
2023-03-01,0.072008386,0.00028854315,0.9999999,0.9999995,6.363605e-12,1.7176248e-07,2.86019e-07
2023-11-19,4.2439237e-06,0.9999988,5.2853916e-06,0.0012803149,0.9981523,3.8229853e-12,5.3115444e-17
2022-01-03,0.999998,0.99963677,0.9999962,0.9999939,3.1471022e-12,0.9988562,0.9999968
2021-08-29,6.764523e-11,4.820488e-09,7.012408e-08,2.3691121e-21,1.0,4.4903334e-14,5.1453524e-19
2022-12-19,0.32459447,0.9999306,1.0,0.99999213,1.2677162e-11,1.3823263e-09,0.032775618
2020-10-02,9.180916e-11,7.021891e-10,3.7155928e-11,1.8837097e-16,1.0,1.130703e-06,1.3784069e-19
2021-09-05,1.8147579e-13,4.7505035e-11,2.219199e-06,1.4754162e-20,1.0,5.755418e-14,6.9163437e-23
2020-01-31,0.99722385,0.11110706,1.0,0.99928635,4.9721067e-15,0.99942786,0.59300244
2023-12-12,0.9995204,0.99999857,0.9997825,1.0,4.3292966e-10,1.4456859e-06,0.10479075
2019-06-01,0.0007662855,2.135264e-12,0.9999987,8.271723e-22,1.0,4.998764e-07,1.1094618e-21
2019-11-23,0.0400322,0.9999999,0.054029148,9.582915e-06,4.3621698e-05,4.092712e-06,4.0968007e-06
2023-04-26,0.9999682,8.0709935e-05,1.0,0.0022156476,3.4472758e-09,1.0,3.8593842e-07
2023-10-22,1.0955173e-11,0.020477945,7.237849e-08,3.9796574e-10,1.0,1.8012992e-16,5.045706e-23
2021-08-26,3.0064048e-10,1.0556377e-09,0.0051906435,3.2169201e-19,1.0,6.2458534e-13,1.9811886e-22
2020-07-28,9.577734e-08,8.309732e-16,2.6730063e-07,7.4205486e-12,1.0,1.4896925e-10,1.410534e-13
2021-09-17,5.3769406e-11,6.466445e-08,6.818628e-07,3.8783045e-19,1.0,2.121925e-14,1.14024474e-26
2023-08-31,5.9924184e-11,1.3626315e-07,1.4029977e-12,1.5105882e-10,1.0,1.4424502e-10,4.1574792e-20
2021-09-29,9.1927604e-11,5.6495404e-09,9.240172e-11,1.4804201e-16,1.0,5.782314e-20,5.317083e-23
2021-11-06,0.001123982,0.9999999,0.9994186,2.0009329e-14,1.0,3.584254e-15,1.7143275e-22
2023-06-23,2.5765206e-11,6.685742e-14,0.72397435,1.2542412e-10,1.0,8.004957e-11,9.029332e-21
2019-04-26,0.9997677,0.00052686414,1.0,0.011634321,1.4800229e-11,0.99999964,4.6733035e-06
2021-04-03,1.5672683e-13,8.181524e-09,1.0,4.518229e-14,5.656106e-05,0.0003370826,1.05671236e-11
2021-07-30,4.0874036e-14,2.2203425e-10,0.38646874,3.3758153e-22,1.0,8.066921e-16,2.6539726e-25
2022-02-04,0.99763536,0.9994548,0.9999995,0.99994314,2.0080163e-15,0.997326,0.99999976
2021-02-05,4.2779275e-06,0.99052995,0.9999827,4.8893024e-05,5.789019e-10,4.2107825e-08,0.0009598429
2021-11-11,0.005948429,0.9999994,0.99976593,5.36748e-12,1.0,4.5203855e-17,6.061604e-24
2019-05-07,0.9999957,0.0024780734,0.9999999,4.8078465e-07,5.6716004e-08,1.0,0.00014220332
2022-09-23,4.255147e-12,1.0980985e-05,1.4669642e-06,3.0748007e-14,1.0,1.7604192e-22,2.195973e-22
2020-09-23,3.992805e-09,1.9631833e-13,3.159536e-11,9.518727e-16,1.0,1.332145e-12,1.2108888e-19
2021-11-02,9.1682205e-06,0.9999901,0.10815758,7.349108e-12,1.0,1.815581e-14,6.4584905e-28
2024-08-26,1.0329797e-08,3.1091782e-13,5.121129e-08,3.3551154e-10,1.0,8.199114e-06,1.4514483e-16
2019-09-09,5.22328e-07,1.17086145e-07,2.4665414e-06,1.0561863e-15,1.0,5.094631e-11,1.5141531e-22
2023-04-19,0.9890224,0.00012121931,1.0,5.11899e-05,1.5644872e-10,1.0,7.539043e-07
2020-05-25,1.0,3.4551554e-06,1.0,4.7198037e-06,8.1273276e-05,0.020349551,1.1389401e-08
2024-11-22,0.86279595,0.99999726,0.00049400225,0.037276562,7.407087e-08,0.00011745203,3.2970223e-07
2023-12-17,0.99944836,0.9999995,0.99968266,1.0,1.4201052e-11,0.00017644894,0.990373
2021-06-10,0.9999939,0.5177166,1.0,5.34592e-09,0.00031176786,9.71201e-11,1.3188011e-09
2023-10-01,2.7184742e-11,4.830115e-09,3.9170988e-14,7.350538e-12,1.0,2.743322e-17,8.498623e-22
2019-08-30,4.9725533e-11,1.1837878e-13,3.3171273e-05,3.0731215e-19,1.0,6.0510276e-15,1.8058648e-19
2019-08-16,9.34445e-05,1.5822474e-09,9.235018e-09,1.3602265e-12,1.0,8.439155e-13,1.167224e-16
2024-10-05,3.928468e-12,2.2114438e-08,7.802399e-09,3.18521e-14,1.0,2.6034947e-17,1.37216e-17
2020-07-03,2.0247153e-07,6.549311e-08,0.93984866,8.86146e-18,1.0,1.465675e-09,1.8576543e-18
2020-12-18,0.99322414,0.9985902,0.99992335,3.6386537e-05,3.0296298e-15,0.0005032421,0.9999995
2021-07-15,5.228756e-05,7.491922e-06,0.99998605,1.356945e-17,1.0,5.706641e-15,5.299345e-23
2021-01-02,0.22950922,0.99995565,0.99999976,0.26503873,1.3423914e-15,0.0012895382,1.0
2024-03-30,0.1138772,0.0017252654,1.0,0.48649713,1.3215771e-11,0.9999864,5.1929596e-06
2020-05-31,0.9735068,1.5463909e-09,1.0,1.8414079e-12,0.9999999,6.454882e-06,1.323139e-14
2020-03-14,0.81732,0.961951,1.0,0.026313303,2.9365117e-12,0.999997,5.625729e-05
2023-03-15,2.5203468e-07,1.8702814e-05,1.0,0.9999962,9.875484e-13,0.00069165655,1.06154e-06
2022-12-20,0.17680648,1.0,0.9985713,0.99999297,1.1332632e-11,1.0116556e-09,0.0029081823
2022-08-31,1.2574094e-07,9.340335e-12,1.3222574e-08,1.6278699e-11,1.0,6.329411e-15,9.677234e-21
2023-03-13,4.6294153e-06,3.685587e-07,1.0,0.9999988,1.2909574e-12,0.00019988668,0.00010106631
2019-07-08,0.020886049,1.1935379e-07,0.0005166979,1.1707611e-11,1.0,0.007901047,7.04067e-20
2021-11-03,2.4491432e-05,0.99999964,0.2784447,4.4339325e-14,1.0,4.703973e-17,1.2974416e-24
2019-04-21,0.9999862,0.00036819946,1.0,0.0011964822,2.4028537e-12,0.9999999,0.00082518364
2021-02-11,8.675068e-07,0.9912883,0.99999976,2.0767084e-06,1.05539194e-13,8.2089047e-10,0.9999976
2020-03-31,6.758052e-05,1.2665005e-05,0.9999999,1.1869529e-05,1.3062171e-12,0.9999932,0.00022433893
2019-11-25,0.9971034,0.97453976,0.98664284,0.3593383,3.8005075e-11,0.070143566,0.022062328
2023-04-25,0.9961662,0.049645398,1.0,0.00085396145,3.726345e-11,0.9999999,1.8737796e-09
2019-07-07,0.046538662,1.14530586e-07,0.0013540037,9.6391645e-12,1.0,0.0008272344,4.3697506e-20
2023-04-29,0.99998856,9.661938e-05,1.0,0.022256149,3.641672e-10,0.9999999,2.4756936e-08
2020-12-05,0.99785244,1.0,0.9968431,4.699592e-06,3.275036e-11,6.0592242e-06,0.9988674
2023-04-12,0.51602674,0.00027626904,1.0,0.00040215827,9.998415e-07,0.9999901,8.497265e-14
2021-09-12,5.472942e-10,1.2650895e-09,4.3239065e-06,8.633628e-18,1.0,1.2505975e-15,4.2730093e-26
2024-05-08,0.99999905,0.38597202,1.0,0.010524462,2.859491e-08,0.46363845,2.292748e-13
2024-07-04,1.8491363e-09,7.48207e-09,0.9866485,2.9955367e-20,1.0,9.916688e-17,5.1771645e-28
2021-05-17,0.99996746,0.004975299,0.99999976,0.00072791055,5.301232e-13,0.9881292,0.98060006
2024-12-31,0.99998105,0.99988365,0.9912305,0.93534833,6.7622748e-12,2.5062105e-05,0.99999964
2023-07-24,1.1021188e-05,9.324514e-15,2.7471134e-09,9.592958e-09,1.0,1.6078028e-08,2.2682608e-19
2023-01-31,5.876131e-05,0.99859506,1.0,0.9998987,1.141974e-09,5.413743e-10,1.19711e-12
2023-09-09,8.287918e-09,4.729517e-12,1.0516198e-14,6.1159834e-11,1.0,3.108768e-10,3.614343e-19
2022-06-09,0.9998733,5.9668787e-07,1.0,1.2629328e-11,1.0,7.60574e-09,2.3778596e-20
2023-07-02,3.0967573e-08,2.1727341e-10,0.7049443,2.913255e-15,1.0,1.3153105e-11,4.235202e-24
2024-05-20,0.9974855,0.0003887387,1.0,5.2096727e-10,0.00027680874,7.0957733e-15,4.2176104e-10
2023-08-15,1.320152e-10,1.25709346e-14,1.7544934e-10,5.2175443e-12,1.0,7.781517e-13,1.7580646e-21
2022-09-04,5.899633e-09,2.6420735e-10,7.9000756e-10,1.5834427e-13,1.0,1.0783867e-15,3.5453258e-20
2023-02-02,0.10219738,0.99814844,1.0,0.9999826,1.8617293e-11,6.620799e-09,3.8401606e-07
2022-05-18,1.0,0.0002877838,1.0,0.0003702738,0.0003913383,3.6651602e-06,2.7121447e-07
2022-12-29,0.0070020813,1.0,0.99999976,0.99963987,6.524826e-11,4.306098e-10,0.00011902245
2021-02-18,1.568995e-08,0.9902203,0.9999808,9.170442e-05,1.1628654e-14,1.970034e-08,0.99646
2024-09-15,2.6232148e-09,6.974388e-13,1.9420387e-11,1.926041e-14,0.9999999,2.5893716e-09,8.1892315e-10
2023-06-20,9.2814556e-10,5.2593075e-16,0.99984944,4.819187e-11,1.0,3.775558e-08,1.1186946e-17
2022-07-30,0.0057051983,1.35820235e-11,1.495573e-08,1.2311978e-10,1.0,8.463153e-10,1.9826907e-17
2019-12-17,0.99983644,0.9959144,0.99999964,0.9997167,1.6520165e-12,0.9999784,0.99974424
2023-06-30,1.1272545e-08,9.450882e-13,0.99976677,3.286146e-13,1.0,3.317518e-11,9.520549e-22
2019-12-06,0.9999927,0.9999714,0.99991,0.9973354,5.7268306e-09,0.14537701,0.007048224
2022-09-27,1.068583e-08,4.885918e-05,2.0184672e-09,2.221383e-15,1.0,3.2375534e-19,8.401428e-17
2021-01-24,0.008222632,0.99954695,1.0,1.7426742e-05,5.849083e-15,2.9652597e-07,0.9999999
2022-03-27,3.3699142e-12,4.22555e-10,0.99999905,8.022153e-11,3.9632293e-09,0.60468894,5.410813e-06
2024-03-27,0.006746459,0.0006067051,1.0,0.012689695,5.6531033e-11,0.9999995,2.9105536e-09
2019-11-24,0.118032,0.999997,0.9265913,1.0457223e-06,1.2478424e-06,0.0021646835,2.718961e-07
2019-06-21,0.0004837958,1.3216365e-09,0.99999905,7.331878e-18,1.0,4.8134687e-09,7.8397776e-25
2023-07-25,7.5883195e-06,6.1528923e-13,6.9674183e-10,7.391885e-07,1.0,2.7887506e-07,4.9697863e-18
2019-03-26,5.450058e-13,3.502132e-08,0.9999858,1.2322156e-09,0.0009361222,0.9994998,2.0959984e-08
2020-07-12,3.8046288e-10,1.8896168e-14,0.0008543167,1.1264042e-14,1.0,4.3306194e-05,2.6089245e-16
2022-02-23,0.00362903,0.99802244,0.99999964,0.67717457,6.400278e-13,0.0002364314,0.9999995
2020-09-11,2.090909e-14,9.070261e-09,1.7698469e-05,4.354668e-23,1.0,3.3362324e-14,4.9735913e-28
2019-06-03,0.59755516,1.1297195e-07,1.0,2.9408552e-16,0.99999976,1.0738242e-11,1.936447e-14
2019-10-27,1.9301498e-05,1.0,4.925702e-05,4.616073e-16,0.99999595,2.124534e-13,4.109474e-24
2023-09-28,9.1378904e-14,3.0777064e-05,2.734556e-13,1.6718488e-10,1.0,1.3306694e-16,4.0460328e-20
2022-02-03,0.99975616,0.9918093,0.9999956,0.99999046,9.4053946e-15,0.9997094,0.99999845
2020-05-18,1.0,0.00039164792,1.0,0.0020929049,0.00014590374,0.99838114,3.7927717e-12
2024-01-10,0.9995136,0.9999584,0.9999999,0.9675505,3.9254976e-14,0.011110339,0.99999595
2024-10-16,1.565917e-14,9.760467e-05,9.0215846e-10,1.313216e-13,0.9999999,2.2553335e-14,2.453691e-17
2021-01-03,0.0006340206,0.9999443,0.9999976,0.0015485407,2.984845e-15,2.476689e-06,0.9999926
2020-02-02,0.91942114,0.30082622,1.0,0.9924056,1.1642285e-13,0.99991655,0.9999994
2020-03-18,0.9998461,0.09992813,1.0,0.00039067573,1.9338009e-10,1.0,1.5774111e-06
2020-12-28,0.9956458,0.99975616,0.9999999,0.008290253,1.5771565e-15,0.016365793,0.9999999
2020-12-26,0.99245256,0.9999124,1.0,0.023766095,1.0458135e-13,0.0010405385,0.9999924
2020-02-27,0.000114084956,0.75928336,1.0,0.9151929,4.9105685e-13,0.719307,0.9996841
2022-03-02,1.7745036e-07,0.4510631,0.9974354,0.00039824971,6.8973554e-13,3.4600118e-05,0.9999924
2023-07-04,5.951557e-07,3.0975323e-11,0.10720659,4.7190665e-11,1.0,6.76393e-11,2.0600573e-20
2020-04-20,0.9999975,0.00037627903,1.0,0.9780813,2.0831073e-10,0.9999999,9.160599e-09
2024-02-03,1.3763649e-06,0.0006837933,0.9999999,0.056462694,2.488056e-10,0.93727493,0.005651933
2021-10-20,1.4755717e-08,0.13307878,2.996961e-06,1.7265124e-17,1.0,2.388082e-16,9.183127e-25
2023-12-18,0.9998927,0.9999999,0.99754107,0.99999094,2.1373463e-12,1.2691786e-05,0.99700683
2022-09-06,5.815176e-08,2.0451211e-13,1.1055488e-11,3.9090665e-11,1.0,7.3244324e-13,5.606146e-19
2020-11-01,0.0010976724,0.96809274,4.4846526e-09,3.5696655e-16,0.99999166,8.4981855e-11,1.2672996e-16
2023-03-16,9.3858435e-11,1.0254005e-06,0.99999964,0.99938023,9.731118e-13,0.00038841515,2.0609422e-08
2021-09-26,6.319981e-14,6.760395e-11,8.753051e-09,3.1586835e-20,1.0,1.7255173e-18,4.2884426e-25
2021-03-01,4.54992e-05,0.33670995,0.9999993,0.0013347276,1.2826931e-16,6.810549e-07,0.9996244
2022-09-20,1.8231714e-09,3.4458102e-05,8.1399214e-08,1.5621373e-14,1.0,2.1141378e-20,3.2605786e-21
2023-09-26,4.7999243e-14,2.1519106e-10,1.826578e-10,2.2270481e-10,1.0,2.6060772e-18,2.2061185e-27
2023-06-08,0.00096683117,7.819209e-15,1.0,4.3298476e-11,1.0,0.00064085575,1.4785109e-18
2020-07-19,4.2913415e-09,2.0093202e-10,9.1603596e-08,1.7609964e-15,1.0,7.840701e-11,7.764784e-15
2024-09-18,1.0265996e-09,6.1189614e-10,1.3434423e-10,7.7330037e-16,0.9999999,5.3979026e-11,1.434306e-12
2024-01-27,0.65887374,0.9906955,1.0,0.998563,3.633582e-14,0.22365628,0.9999995
2024-07-18,9.4056105e-15,9.539242e-13,0.03534034,6.309335e-21,1.0,5.8508854e-17,3.786361e-23
2021-09-04,9.262908e-13,5.1413682e-08,4.886095e-05,4.4445986e-19,1.0,1.4014449e-18,2.0287175e-25
2023-12-30,0.99998546,0.99998844,0.9963731,0.9999999,5.935655e-11,0.00023836302,0.99906164
2024-03-22,0.9317283,0.00016453367,0.9999999,0.00021297343,3.5986996e-08,0.9999943,9.660454e-13
2022-05-24,1.0,7.357817e-07,1.0,0.00013746103,0.6101586,1.3719185e-06,8.1654346e-09
2023-02-01,0.02453194,0.9991748,1.0,0.99999964,2.9816505e-09,1.8870669e-10,1.3162887e-12
2024-07-24,1.2520123e-12,1.888325e-12,0.0001528667,1.7576297e-20,1.0,7.094738e-17,3.2512384e-21
2023-11-05,2.4902929e-13,0.073731855,3.137827e-10,7.080845e-12,1.0,1.191205e-14,5.33826e-23
2019-12-15,0.9999957,0.9997023,1.0,0.9123407,1.3109725e-11,0.999951,0.99984205
2024-06-06,0.3961266,4.7055484e-05,1.0,8.237678e-12,0.9982765,5.873794e-14,4.553687e-16
2023-12-03,0.9999809,0.9997814,0.9658545,0.9999993,4.1187512e-08,9.537298e-09,4.2660813e-05
2024-05-02,0.99999964,0.015292589,1.0,0.23797043,2.1365932e-11,0.99990296,3.9998254e-09
2022-11-12,0.99982256,1.0,1.0,1.6512818e-09,0.5418005,1.7429355e-11,9.396864e-14
2023-04-28,0.9999949,0.014168949,1.0,0.027481573,3.4975492e-10,1.0,1.4361409e-07
2021-06-05,0.99979824,0.82353014,1.0,2.2690719e-10,0.0007094784,2.0236979e-13,1.3881707e-09
2021-04-21,0.9987251,0.6479263,1.0,2.6916496e-07,2.245068e-07,1.0,4.2121762e-10
2020-03-16,0.97720295,0.06015493,1.0,9.23074e-07,3.5826203e-11,1.0,3.1559082e-06
2024-06-18,0.0005629288,4.028181e-06,1.0,8.911271e-15,1.0,2.709441e-15,5.8941187e-25
2023-11-25,0.35481766,1.0,7.4006624e-05,0.9608684,4.807929e-06,3.166238e-11,1.4394729e-07
2019-04-07,1.4543085e-08,4.11311e-10,0.9999981,2.2019624e-06,3.8831487e-07,1.0,8.751519e-08
2021-04-02,3.4925896e-10,4.2076623e-14,0.99995553,1.1360311e-15,0.1911256,0.9999727,6.125228e-15
2019-04-01,6.7211204e-14,1.8338781e-13,0.9995832,6.6290625e-13,0.009806002,0.9999825,9.874057e-12
2024-09-25,6.250785e-14,2.181602e-12,7.682858e-08,1.2278364e-15,1.0,1.9542924e-16,5.2800967e-22
2020-03-30,0.011585627,0.20118213,1.0,0.34479702,3.5553975e-15,0.99994016,0.9999819
2022-08-06,8.404898e-06,3.2802452e-14,1.7653828e-10,9.564284e-11,1.0,3.093413e-10,1.10126314e-16
2023-07-16,2.3362348e-09,7.6232504e-14,6.831252e-09,2.0588135e-11,1.0,3.9401746e-12,1.6101507e-19
2024-12-07,0.99998486,1.0,0.05304636,0.9996935,3.3491033e-11,3.927569e-06,0.9994831
2020-03-02,1.5001247e-07,0.055977732,1.0,1.7088701e-06,7.644105e-09,0.09655312,0.034557123
2023-07-31,2.8057126e-09,2.0885068e-13,9.16711e-11,5.2662656e-08,1.0,1.3023457e-09,4.5136416e-20
2022-12-24,0.0005682398,0.99996793,0.99815756,0.6276459,2.8463316e-13,2.8230156e-11,0.86381555
2022-02-09,0.960998,0.99927264,0.99999917,0.99980694,1.9528542e-16,0.91329247,0.9999994
2023-09-07,1.2774916e-10,5.694819e-12,3.6322618e-12,1.13758426e-10,1.0,1.3757237e-10,3.979586e-19
2024-07-15,5.3627594e-13,7.9556105e-11,0.08146237,7.0530557e-22,1.0,9.3298065e-17,1.0670474e-23
2021-09-30,1.0934386e-10,5.426744e-08,6.4056036e-09,8.588756e-18,1.0,4.0748472e-18,1.3370913e-23
2022-01-16,0.99999654,0.9999616,0.99999654,0.9999994,1.9868788e-12,0.9854849,0.99999714
2021-03-11,2.1857178e-07,0.009859325,1.0,0.18795274,5.117627e-14,0.00054691365,0.9273744
2019-10-01,1.4727655e-08,0.1959966,1.7301042e-07,9.631743e-15,1.0,9.999171e-14,9.255381e-21
2020-07-26,5.796815e-08,1.4573898e-13,3.382244e-09,7.6864155e-13,1.0,2.235761e-07,1.5416186e-11
2022-05-15,0.9999999,9.689903e-06,1.0,4.8754694e-09,0.0008695314,0.0034134,4.758967e-10
2024-08-07,1.1625794e-10,1.3296586e-14,5.077066e-10,6.348775e-13,1.0,1.1503856e-06,7.124582e-14
2024-09-11,0.00016460336,2.910676e-09,6.1435085e-10,1.0670849e-10,0.9999999,1.642293e-08,5.792881e-08
2020-04-28,1.0,1.7563956e-05,1.0,0.7502265,9.226501e-08,0.9999951,2.095001e-06
2021-06-25,0.99780816,4.5333812e-09,1.0,8.531328e-12,1.0,1.654491e-07,1.2638796e-19
2020-10-28,0.0033645795,0.99915814,1.8600817e-08,4.925309e-15,0.9999962,1.3911728e-06,1.6367481e-20
2021-01-29,0.062120564,0.9999814,1.0,2.9068193e-05,5.465267e-13,2.7145435e-07,0.99999964
2022-06-25,9.4558644e-08,3.3164793e-12,0.00032876318,9.9080667e-17,1.0,4.3142136e-13,1.2137844e-18
2022-08-13,1.0546565e-07,8.495932e-15,3.200293e-11,1.1674639e-13,1.0,1.8081701e-08,8.011112e-15
2020-12-04,0.99996746,0.9999893,0.9999027,0.0008259778,5.433804e-13,9.3350536e-05,0.999997
2023-05-03,0.9999416,4.3688764e-05,1.0,0.046223212,4.3334893e-12,0.9999994,0.06277221
2024-11-30,0.99972016,0.9999893,0.9737505,0.97200555,3.9976494e-10,0.00087546394,0.9821852
2020-02-21,2.03969e-06,0.24824104,1.0,0.00025246793,1.06113855e-13,0.09771599,0.9999547
2023-09-11,9.242555e-10,5.8512315e-13,1.9668499e-12,1.4222075e-09,1.0,2.6523433e-10,7.621512e-16
2024-08-23,9.863781e-12,5.2695126e-11,1.7317037e-13,2.156843e-09,0.9999995,7.323853e-11,2.906739e-15
2023-10-05,1.3134954e-11,4.313762e-09,2.0203244e-12,6.532372e-11,1.0,5.46059e-20,1.4273132e-21
2022-04-04,9.264936e-10,1.856279e-05,1.0,7.427699e-07,3.7377965e-12,0.99677664,1.6608188e-05
2023-03-09,9.225902e-08,0.000352485,0.99999976,1.0,2.5078973e-12,1.4434349e-06,5.9444516e-05
2021-10-02,3.900782e-12,6.2976534e-07,9.806461e-06,3.9296678e-19,1.0,1.0157855e-17,2.1855577e-24
2023-09-20,1.0039848e-11,3.141279e-12,1.9351215e-14,1.931028e-07,1.0,1.2622677e-08,9.948353e-19
2019-07-03,0.00478489,8.7212385e-07,0.00027087788,2.2024471e-13,1.0,0.019270848,3.4477069e-22
2019-10-17,2.2765945e-09,0.9992435,1.4740202e-10,5.570445e-17,0.99999964,1.0095862e-15,5.6500565e-17
2023-12-20,0.99999976,0.9931378,0.9999993,0.9998776,7.316063e-11,4.277523e-06,0.9999832
2022-06-16,6.2120324e-07,1.2409836e-11,0.9999753,3.7127213e-20,1.0,2.598641e-11,1.6940761e-23
2024-04-02,0.99323,0.001669456,1.0,0.7915147,3.3694696e-09,0.99999654,1.4803567e-10
2022-11-10,0.92005944,1.0,0.9999945,8.167958e-09,0.9999887,1.6117243e-11,1.864652e-21
2023-08-10,4.4552066e-12,3.0366172e-12,1.369688e-11,1.08465015e-10,1.0,2.9043767e-16,9.101573e-21
2021-01-07,0.05044078,0.9999193,0.999846,3.073155e-05,1.3237018e-14,0.00017314167,0.99999976
2024-08-25,6.017875e-09,7.521019e-12,8.1940826e-12,4.0936943e-09,1.0,1.25671855e-08,3.8686446e-17
2019-11-15,0.9974535,1.0,0.9644902,3.4096363e-06,0.061095636,2.433803e-06,3.43258e-12
2021-11-16,0.0070804134,1.0,0.9995721,0.02171362,0.0010862754,3.119327e-11,1.072288e-13
2021-08-02,4.652799e-13,1.1030692e-08,0.00012676713,2.1889747e-20,1.0,9.7476585e-15,1.5416907e-24
2023-03-25,4.4055792e-08,3.658461e-08,0.99999917,0.91060925,2.0695561e-13,0.00014571633,7.95019e-07
2020-04-26,1.0,0.0003088117,1.0,0.9980982,1.3905134e-09,0.9999995,1.09492385e-05
2020-05-20,0.99999964,3.7665387e-07,1.0,5.2616037e-06,5.6056224e-06,0.8058042,2.3884064e-07
2019-08-20,1.6757267e-07,2.891515e-12,0.028307633,1.7971264e-12,1.0,5.5786186e-14,1.02437036e-23
2019-10-08,4.076392e-07,0.7658412,2.495811e-07,1.0961296e-15,1.0,1.9421442e-13,3.646625e-19
2023-10-17,1.8651938e-12,6.7158617e-06,6.605684e-10,1.0316137e-11,1.0,1.042075e-15,7.838119e-21
2020-12-13,0.99628925,0.9999831,1.0,0.0041607697,6.623138e-12,7.0458776e-07,0.9999976
2023-11-27,0.9699066,0.99999964,0.0003518781,0.99939835,0.00087943365,2.2327476e-05,1.3403079e-09
2021-04-29,0.99999976,0.00024167872,1.0,0.047856513,1.8124767e-11,0.9999999,1.1728719e-05
2021-06-09,0.9999813,0.9991289,1.0,3.1435896e-10,0.0038774936,2.6017952e-11,5.2436495e-13
2021-11-28,0.99999106,1.0,1.0,0.9983437,8.305597e-08,2.0054462e-07,1.0628711e-06
2020-06-29,0.17168766,0.007978195,0.98234355,1.2269988e-14,1.0,1.03634545e-10,4.321639e-22
2022-08-16,5.762223e-07,2.19228e-12,8.0959274e-13,1.52747e-11,1.0,3.8000148e-11,3.75113e-20
2024-07-11,3.347749e-11,5.2247884e-10,0.8223536,1.0997298e-18,1.0,1.2717176e-14,2.4708322e-25
2022-08-29,2.2514648e-06,1.8822868e-13,2.2948998e-10,1.4072069e-10,1.0,2.4109217e-14,1.9932112e-22
2020-10-22,8.123899e-08,0.9326294,3.6064002e-06,2.3891433e-20,1.0,1.1951355e-10,5.964285e-23
2022-03-22,1.5349433e-15,4.1147366e-09,0.9999565,9.284926e-14,7.122835e-06,0.26327002,4.798868e-07
2021-02-17,1.3312643e-07,0.97860855,0.99999845,2.1781927e-08,3.714861e-12,1.11098845e-10,0.9930184
2022-07-23,1.121837e-07,1.1988486e-16,6.4492765e-11,6.373165e-12,1.0,9.834406e-07,6.040479e-18
2024-03-13,4.302364e-13,3.190809e-07,0.9999733,2.0499028e-05,0.00010065428,1.0478124e-05,2.241363e-13
2023-03-30,6.0109917e-09,2.3035068e-07,1.0,1.8629224e-05,4.1430775e-10,0.9999461,6.950269e-10
2024-07-02,1.3384671e-11,1.362166e-08,0.9991032,6.892262e-18,1.0,1.51167e-16,1.6463583e-30
2021-06-26,0.9978726,9.005769e-05,1.0,2.759045e-12,1.0,2.2826732e-09,2.9626536e-17
2020-10-13,1.5114673e-10,0.872034,3.436551e-07,5.2075813e-16,1.0,1.7885349e-10,1.08309616e-20
2019-04-14,8.916876e-07,2.922971e-09,0.999998,3.5966868e-06,4.420317e-08,1.0,7.454692e-09
2024-10-01,6.569613e-13,5.8470153e-09,6.702095e-11,2.2765268e-15,1.0,5.7357465e-18,1.2758678e-13
2019-06-17,0.0027423487,9.899195e-08,0.9999485,8.4022846e-19,1.0,1.3302224e-07,5.274601e-22
2019-09-17,6.653421e-13,1.4773347e-05,3.2648697e-07,5.4177088e-14,1.0,1.0430654e-15,7.0471193e-20
2019-03-27,1.2813899e-12,1.07934016e-10,0.99999964,1.832845e-11,3.876407e-05,0.9999925,2.0811386e-09
2024-08-10,1.5894872e-11,3.962012e-13,2.2457784e-10,2.8583985e-13,1.0,3.8942035e-06,1.6620137e-15
2020-09-09,7.487005e-14,3.5960714e-12,8.955653e-06,5.208362e-21,1.0,9.810446e-14,8.579856e-24
2024-06-21,0.00043550975,8.5837675e-09,1.0,1.2586756e-16,1.0,9.361341e-13,3.1062325e-24
2020-04-16,0.99999976,0.00030353718,0.9999752,0.9927676,6.9383925e-09,0.9999994,8.7435275e-08
2023-03-04,3.0726226e-06,7.0344017e-06,0.99980444,0.9999993,7.29193e-12,3.930871e-07,3.2744552e-07
2022-01-25,0.9999565,0.9675404,1.0,0.99997926,3.6949014e-14,0.99919313,0.99999833
2023-01-07,0.9988606,0.9999902,1.0,1.0,1.7932146e-10,0.0027844422,0.28073207
2020-11-29,0.8674222,1.0,0.0579664,2.088272e-09,7.207685e-10,1.5044744e-06,0.98342335
2024-08-13,9.6411465e-09,1.692694e-15,1.6612604e-10,1.0254655e-11,1.0,6.7521806e-09,1.03495554e-16
2021-06-03,0.99999774,0.62127835,1.0,2.3007351e-12,0.40032434,1.7198924e-10,1.3488376e-09
2021-01-19,0.10509818,0.99830556,1.0,7.893101e-06,3.1763847e-13,4.166829e-07,0.99999666
2022-12-27,0.000115826086,0.9999262,0.9999988,0.9997911,1.3465136e-13,3.892269e-10,0.27628306
2020-07-02,0.00047893578,5.2806083e-08,0.9998888,6.4866317e-15,1.0,1.40272505e-08,4.153602e-17
2024-11-23,0.99977785,0.9999999,1.3049347e-05,0.97379273,2.7141139e-06,3.9738014e-05,4.332606e-07
2022-03-18,2.2840978e-12,0.42496386,0.99793327,3.0143315e-08,8.211118e-07,1.3312842e-08,0.024406735
2022-09-10,5.8929495e-06,6.4882524e-06,3.3679062e-10,3.3820098e-14,1.0,2.9123746e-17,9.050722e-19
2024-06-07,0.86806065,4.5532033e-06,1.0,5.449406e-12,0.9935382,1.9714086e-09,4.148901e-16
2020-08-17,0.00018809007,6.9950543e-12,1.7372095e-08,1.2733749e-07,1.0,1.1592718e-09,1.480766e-14
2022-12-01,0.7186075,1.0,0.9995165,0.86385506,3.56103e-08,1.0999299e-13,3.5048993e-07
2023-10-19,2.099487e-12,7.553654e-08,5.4361267e-09,3.348867e-11,1.0,1.8002687e-16,2.9549028e-22
2022-04-19,0.9999975,4.299285e-05,1.0,0.3917473,5.9874056e-10,1.0,1.735321e-09
2024-07-26,1.864214e-10,5.247266e-15,1.2001506e-06,3.9173332e-20,1.0,2.7400434e-13,5.411852e-22
2024-06-08,0.96011144,2.230691e-06,1.0,1.0198036e-10,0.9999969,1.1060446e-11,2.5863293e-18
2020-12-02,0.99994946,0.99999857,0.94471806,0.003971089,6.6813034e-11,1.2974637e-07,0.9984536
2021-06-23,0.99853706,1.4510382e-09,1.0,6.389203e-13,1.0,4.281611e-07,1.5798414e-16
2024-12-04,0.99999714,0.99999845,0.26593202,0.99925107,1.1999979e-11,2.4203366e-06,0.99999726
2022-07-25,4.3810764e-05,6.637165e-15,8.0247736e-10,1.8822627e-08,1.0,1.0669243e-06,3.7857674e-16
2021-11-25,0.9970841,1.0,0.9999999,0.9815243,3.9878405e-06,2.9905008e-05,6.98895e-11
2022-12-30,0.9064704,0.99999845,1.0,0.9999999,7.763082e-11,1.7903458e-06,0.9187272
2024-08-09,4.2051598e-10,1.859692e-15,7.719665e-09,8.0252624e-14,0.99999964,1.7807487e-06,1.9546822e-14
2024-01-20,0.9999895,0.98930013,0.9999999,0.99995756,6.798632e-11,0.004258483,0.99999976
2024-11-14,1.6033551e-06,0.9985399,2.580834e-06,3.7866718e-07,0.22516426,4.536694e-09,3.1555982e-14
2019-11-01,0.0003842113,1.0,7.3612326e-05,3.5521287e-16,0.99999964,1.0978948e-09,1.9499544e-20
2024-05-27,0.9999802,2.5441159e-05,1.0,1.5208365e-14,0.9999076,1.3602905e-13,7.37651e-11
2023-10-16,2.7454553e-11,1.01026245e-07,2.7952376e-09,9.0536666e-13,1.0,1.8500531e-17,6.9323696e-25
2021-11-18,0.99257094,1.0,0.99999833,0.00015218808,7.850749e-05,6.6821154e-12,2.1442386e-12
2024-10-20,4.2575735e-16,5.4596132e-08,1.6611406e-06,2.5158955e-18,1.0,3.0431715e-14,1.8013603e-24
2024-12-21,0.9999807,0.9946812,0.99987864,0.9994535,6.478329e-13,2.1185583e-06,0.99999964
2020-05-23,1.0,3.3737354e-07,1.0,1.5874642e-05,1.4344807e-05,0.5420348,2.015231e-06
2019-05-22,0.000876925,0.00046654,0.9999995,2.779754e-10,6.907942e-09,0.99802184,3.5392713e-06
2022-07-21,5.5165432e-09,2.8049717e-18,2.5659497e-09,5.747226e-13,1.0,1.7656153e-10,2.5735642e-18
2022-03-04,8.14161e-09,0.020759832,0.9999461,0.7383051,7.469653e-12,1.1998372e-08,0.9999969
2020-02-12,0.8145863,0.2852508,1.0,0.93774676,1.0911864e-14,0.99795234,0.9999796
2019-09-03,3.0523497e-11,1.21564685e-11,6.782051e-06,4.0654518e-19,1.0,2.8521738e-13,6.487903e-27
2023-07-28,2.3218594e-09,2.144309e-15,2.7650426e-10,2.9801352e-11,1.0,2.6994507e-10,2.185338e-19
2024-06-17,0.6503224,5.4626245e-05,1.0,4.067149e-12,1.0,1.1616821e-13,3.918207e-24
2019-12-13,0.99986315,0.99966466,0.99999964,0.9916611,1.1392208e-11,0.99973315,0.9990694
2020-02-17,0.10088122,0.95451486,0.99999964,0.51234126,4.9255724e-15,0.99998033,0.9999865
2021-10-29,9.061149e-06,0.9997973,0.00017921702,5.4640003e-15,1.0,5.3534545e-15,2.0781157e-28
2020-03-11,2.7424664e-07,0.043119617,1.0,2.7967062e-07,9.2237556e-08,0.0007903038,3.836307e-05
2021-05-27,0.99725467,0.00040961299,1.0,8.899043e-11,2.3474524e-11,1.8181708e-09,0.97970027
2021-06-01,0.9999963,6.483251e-05,1.0,1.0561881e-08,0.0008407535,1.0741319e-10,3.6035612e-09
2024-07-12,9.260334e-12,2.8679464e-08,0.43895808,7.392512e-18,1.0,9.132594e-14,5.4394063e-27
2021-06-22,0.999984,1.3295491e-11,1.0,1.2580873e-09,1.0,4.18243e-06,4.5226176e-14
2023-10-23,1.0176768e-12,0.0037219827,1.2742575e-10,6.8853624e-11,1.0,1.1213618e-15,2.0924166e-22
2019-06-16,0.0018223174,4.0590982e-07,0.99999833,2.9578735e-19,1.0,3.0509665e-07,2.2256682e-21
2021-01-26,0.021098662,0.999858,1.0,5.276109e-05,2.023396e-14,2.355847e-07,0.99999976
2021-08-20,0.9674039,0.20548788,0.018061185,3.13941e-06,0.99998534,6.896987e-13,4.584278e-15
2024-08-21,1.4234599e-11,1.6877481e-12,2.0142752e-09,1.5000949e-06,1.0,5.599351e-11,3.6441934e-18
2024-01-31,0.09572871,0.38943735,0.9999999,0.986888,2.3221306e-12,0.0018425182,0.999998
2020-04-07,1.9570367e-05,2.023158e-09,0.99997306,3.8460716e-06,1.5098472e-06,0.9999999,4.0948692e-11
2022-02-26,0.0014793652,0.05131105,0.99929523,0.52013946,2.8754264e-13,7.284412e-05,0.9999999
2021-04-16,4.553184e-05,5.5533896e-08,0.9998166,1.0396185e-09,0.0030162209,0.99999976,6.0773794e-14
2024-06-14,0.40212473,2.443014e-06,1.0,4.7920286e-11,1.0,6.814515e-17,1.1249666e-20
2022-08-22,2.450046e-07,2.9742026e-10,2.162521e-11,6.372888e-11,1.0,1.8714086e-12,9.158512e-22
2022-12-09,0.1957781,1.0,0.9973822,0.99946624,2.1469921e-09,1.0277315e-10,0.0011675045
2022-02-18,0.24490227,0.9997559,0.9999385,0.99998343,3.3989573e-15,0.7688933,0.9999995
2024-05-05,1.0,0.00025010994,1.0,0.00073303265,4.3128325e-06,0.99613935,5.403021e-15
2021-12-26,0.99999964,0.9999975,1.0,0.9999418,3.0561245e-11,0.9710589,0.9846335
2020-11-24,0.04381587,1.0,0.00013532734,2.9483076e-09,5.138312e-11,1.4586664e-07,0.059248198
2020-09-12,1.7844235e-12,5.1280947e-13,0.0009818526,1.0859052e-20,1.0,1.296479e-13,1.047558e-25
2021-03-14,3.607957e-08,4.396993e-06,1.0,0.0016826702,2.6231242e-13,4.841185e-05,0.9973871
2022-03-19,3.7468675e-13,0.0005533208,0.99612516,2.0217054e-11,1.3249218e-06,0.0008025068,0.011702567
2022-12-02,0.89674413,1.0,0.99994385,0.9671359,4.5875043e-07,4.9142786e-13,2.49754e-06
2019-11-27,0.99485743,1.0,0.9969779,0.5439495,1.1729862e-09,0.00014621767,0.0005658045
2022-12-31,0.78213966,0.9999995,1.0,0.999987,1.4162677e-10,4.46379e-08,6.112654e-05
2019-05-28,0.00020958114,3.1564532e-10,1.0,6.5161587e-18,0.9979596,0.14914599,2.1282236e-14
2020-11-11,0.018328171,1.0,0.0022863485,1.0712639e-09,1.9261577e-05,6.323424e-08,5.4542316e-08
2023-10-12,5.387632e-13,4.1720353e-11,6.4142866e-12,1.7253135e-10,1.0,1.602754e-19,3.985494e-20
2024-02-04,6.581433e-06,0.0030056816,0.9999845,0.9941148,5.078814e-12,0.78317195,0.9877681
2020-08-28,8.9718044e-10,5.970701e-13,2.9368263e-07,2.0373885e-17,1.0,4.2237383e-13,9.22531e-22
2021-07-19,1.1451755e-10,7.0751045e-09,0.10659829,7.702285e-19,1.0,2.5712205e-17,5.9892935e-24
2023-11-10,3.559179e-10,0.20823316,1.2980182e-09,9.0846185e-12,1.0,4.6749596e-16,9.370226e-23
2021-02-10,1.46075845e-05,0.9999645,0.9999826,7.4612763e-06,4.254883e-14,1.1138619e-09,0.9999989
2020-01-03,0.9999989,0.999678,1.0,0.9638596,4.812436e-11,0.99965703,0.9999596
2023-08-20,2.8114868e-09,7.4064005e-14,3.7315977e-09,2.3435662e-10,1.0,3.6086262e-11,2.226112e-19
2019-10-28,2.0358291e-05,1.0,0.00022597778,2.3587465e-17,0.9999989,5.171125e-13,1.0247912e-18
2022-05-27,0.99999845,5.1519396e-06,1.0,1.5975568e-11,0.99254614,6.262205e-05,2.0186438e-17
2022-11-01,0.00040398206,0.98746544,0.9985474,2.6263272e-10,1.0,6.896792e-16,2.3585403e-24
2024-08-27,8.2134155e-10,5.120176e-14,6.307469e-10,2.2479348e-13,1.0,4.2507097e-08,8.839343e-19
2019-10-05,2.953501e-10,0.998609,8.2605156e-10,8.650645e-13,1.0,3.7904826e-14,2.9130398e-18
2024-05-15,0.99999475,0.00082128914,1.0,4.2895927e-08,6.0480415e-06,3.3962255e-07,4.1134023e-13
2024-07-01,1.4078799e-11,8.055194e-11,0.99869674,5.928228e-20,1.0,2.4018053e-15,3.62433e-24
2023-02-18,0.5800956,0.10264394,1.0,1.0,5.5175375e-11,0.0016375032,1.0135788e-10
2021-11-14,0.44619402,1.0,0.999956,1.9808417e-06,0.99757653,9.259591e-12,2.1262139e-19
2024-02-26,6.277012e-17,1.5587632e-09,0.999308,5.6672446e-15,0.9997178,6.8951724e-13,1.9068334e-13
2024-06-29,9.6319596e-08,4.379012e-09,0.9915139,3.0065528e-18,1.0,3.2356447e-16,6.7709257e-26
2023-05-07,0.99999213,7.325205e-08,1.0,0.00055480533,4.4270715e-10,1.0,0.043368965
2022-09-11,0.00049096224,1.627156e-05,3.052076e-11,8.0458616e-14,1.0,1.9244986e-18,3.792812e-21
2021-12-08,0.999905,0.9999949,0.9999999,0.9999628,2.1193891e-10,1.0309895e-05,0.0012422565
2024-06-04,0.9998753,0.010002195,1.0,6.443857e-14,0.009407878,1.810319e-07,9.590366e-12
2024-04-11,0.99994016,0.18759632,1.0,0.95346373,3.0794933e-12,1.0,1.4113012e-09
2020-02-14,0.049810898,0.3721924,1.0,0.20779192,1.5224916e-13,0.9980533,0.9999801
2020-03-12,0.011882081,0.9690768,1.0,2.8125772e-08,2.7188087e-09,0.99917907,2.4422968e-06
2024-03-21,0.0009622933,7.6114304e-07,1.0,3.9964602e-06,1.0517443e-06,0.9996959,2.1420487e-11
2024-07-19,7.343089e-14,1.0243571e-11,0.03751445,2.9232318e-21,1.0,8.190327e-17,4.609003e-22
2019-04-20,0.9999807,0.0064422064,0.99999976,0.028359475,1.3709659e-11,1.0,0.00020331141
2023-08-09,2.8841118e-12,1.0894454e-11,1.2342237e-10,8.134398e-11,1.0,1.6520165e-12,9.498701e-24
2021-12-06,0.99911577,0.9999995,1.0,1.0,1.2498191e-09,3.276518e-06,1.360361e-06
2020-05-14,1.0,4.7907383e-07,1.0,0.0028116114,4.2728752e-06,0.9988906,5.9052783e-11
2022-09-22,1.5483742e-09,0.00017126442,1.0063119e-06,3.5139443e-14,1.0,1.9680165e-20,4.0154461e-22
2019-12-22,0.9999845,0.9995011,0.99996567,0.85101086,3.325001e-10,0.72013897,0.9974648
2019-08-19,9.951289e-09,1.0472668e-13,0.015085205,4.4637057e-15,1.0,6.5385644e-12,2.4003179e-18
2024-03-03,1.4371299e-15,6.474333e-11,0.9998697,1.921022e-14,0.99672157,5.2195644e-12,3.946944e-12
2021-11-12,0.8375844,1.0,0.99983525,2.5555823e-07,0.9674944,2.4043276e-14,2.5060403e-17
2021-02-13,5.7537452e-08,0.9992755,0.99979943,5.064671e-06,9.547388e-15,5.5553713e-12,0.99998355
2024-12-11,0.99999845,0.9998709,0.9999478,0.999918,9.129498e-13,0.0047165826,0.9999895
2019-04-28,0.99674547,6.7098053e-06,1.0,0.00037660377,2.395087e-10,1.0,4.35959e-06
2019-04-06,1.5798394e-11,3.433106e-11,0.99729747,1.1756571e-11,4.905647e-06,0.9999914,9.64401e-10
2020-09-10,1.0515085e-12,1.04668356e-13,1.3521578e-05,3.089177e-19,1.0,4.1110314e-14,6.4664136e-25
2022-03-07,8.6594633e-07,0.09462394,0.9999994,0.0034896252,6.666995e-11,3.207657e-11,0.9999652
2021-06-16,0.9991098,3.8655207e-07,1.0,1.0290775e-13,1.0,6.95523e-10,4.0436514e-15
2022-11-21,0.9998648,1.0,0.99999857,1.5151425e-06,0.51581997,4.7835694e-12,1.7499879e-14
2022-11-24,0.9989936,1.0,0.998934,0.004180709,8.482888e-06,4.415762e-14,7.116991e-10
2021-05-01,0.99998546,0.0008326053,1.0,1.7935535e-06,9.139578e-11,0.99999976,2.2581033e-05
2021-11-21,0.9987889,1.0,0.9999981,0.1151374,0.0001190624,4.395289e-08,9.588531e-13
2021-10-31,1.1226675e-07,0.99999654,0.0010356549,2.0429084e-15,1.0,6.131113e-17,4.4912436e-28
2019-09-08,1.4326253e-07,8.076503e-06,1.5083447e-07,1.1314675e-16,1.0,1.405748e-13,1.00560057e-22
2020-02-07,0.69865483,0.72280693,1.0,0.99575007,1.9553074e-15,0.99975246,0.9999933
2023-11-06,8.823241e-11,0.006366659,4.2861856e-10,8.27051e-14,1.0,6.6199384e-17,1.6523421e-22
2022-11-07,0.22583885,0.9999999,0.99995875,3.070339e-07,0.9999995,1.3609504e-12,1.3394358e-21
2022-05-21,0.6714844,1.4045166e-07,0.9999999,8.711632e-06,0.44106072,5.4786295e-08,5.4954153e-16
2022-06-22,8.402872e-09,8.749713e-09,0.10637842,3.4390722e-17,1.0,1.36547e-11,1.0549389e-21
2019-11-20,0.99927574,1.0,0.021768617,1.7921892e-06,3.1110523e-07,7.60322e-06,0.26004466
2021-03-21,5.5802845e-12,1.24203525e-05,0.9999999,4.6525003e-07,1.3965307e-13,0.010133146,0.00023424345
2020-08-10,4.918642e-06,9.656955e-09,4.6517907e-06,3.1695104e-09,1.0,9.3567085e-11,3.00887e-11
2024-01-18,0.9998336,0.999423,0.9999994,0.9999989,2.1271554e-11,0.014689403,0.9999982
2024-02-14,9.7727585e-14,1.2098965e-07,0.99997497,1.8938952e-07,1.0731639e-09,0.0009214363,0.0003677436
2024-03-18,2.6067773e-06,1.2839986e-07,1.0,0.00045545265,1.0385235e-07,0.9966536,1.0890988e-14
2021-10-25,6.9230186e-09,0.89054805,0.01731586,3.035388e-13,1.0,1.5413742e-15,8.123715e-30
2021-04-01,5.714778e-11,2.4344017e-13,0.9999267,1.1420096e-15,0.022401264,0.9981263,6.8706004e-12
2021-03-24,9.809927e-13,1.19493615e-08,1.0,2.1666756e-10,3.4038482e-08,0.95799714,2.57606e-10
2020-08-14,5.190545e-08,9.903768e-15,1.8354541e-08,7.036172e-09,1.0,1.4027083e-09,1.4091095e-12
2019-04-11,1.0225538e-10,1.0049135e-12,0.99998856,1.5450907e-09,4.6909943e-07,1.0,2.3640903e-08
2020-10-25,7.3669025e-07,0.9999317,5.68251e-10,5.4427336e-17,1.0,3.6537396e-12,5.5217884e-23
2024-10-22,9.338932e-15,4.7650737e-09,1.3958452e-11,3.7519067e-14,0.9999989,1.4451295e-14,6.573074e-20
2022-06-21,6.1542194e-09,2.6329139e-09,0.9988794,2.0791582e-17,1.0,9.2803135e-12,3.3236085e-20
2020-10-17,4.644122e-08,0.9959513,2.6431886e-09,2.9080448e-17,1.0,1.2723995e-10,6.7729773e-23
2021-04-18,0.00018796779,4.8111673e-07,0.9999058,2.8425168e-10,4.1719493e-05,1.0,2.0299085e-11
2022-09-18,2.2814207e-08,1.6815858e-07,6.97713e-09,5.0710793e-16,1.0,7.380477e-19,1.02237365e-19
2020-12-19,0.99954873,0.999997,0.99999857,1.9201989e-05,4.6487957e-14,7.751183e-06,0.99999905
2022-03-03,1.5063809e-07,0.014966158,0.99979836,0.00015809305,3.987046e-12,0.00019502536,0.9999852
2023-10-31,7.8915624e-11,5.096331e-05,6.272061e-12,2.481784e-11,1.0,1.9230474e-16,1.4916518e-21
2021-02-23,0.00061672495,0.99840075,0.99999905,3.8006508e-08,4.452615e-16,3.1389907e-05,0.99979097
2019-10-16,1.5765119e-09,0.9984522,1.5006727e-09,6.419643e-17,0.99999845,1.2833027e-12,2.7052758e-17
2022-09-12,1.2017747e-08,1.3607772e-07,1.2549792e-12,2.6743285e-14,1.0,1.4193934e-18,7.341527e-20
2020-10-24,0.00065260165,0.99723107,5.5794976e-07,5.3244215e-19,0.9999999,6.183142e-08,4.556625e-23
2019-09-13,4.6902826e-10,1.004986e-09,1.2158503e-06,4.2083728e-16,1.0,1.8568221e-14,8.5948636e-23
2024-06-12,0.999166,0.00092241087,1.0,1.8950685e-05,1.0,3.9107736e-15,3.308299e-22
2022-06-27,5.7370944e-06,2.6174232e-12,0.0016133809,6.4171454e-17,1.0,1.0810867e-11,1.1707029e-15
2024-03-15,1.9181856e-05,1.1651001e-08,1.0,0.0012929714,0.0011845711,0.9406466,3.001669e-12
2023-01-02,4.9139352e-08,0.9998566,0.99996924,0.99999523,3.1820957e-10,1.1138145e-10,6.23453e-06
2023-08-28,1.8069766e-09,5.912133e-14,1.7351448e-10,5.6677944e-08,1.0,0.00013729872,3.4878834e-21
2024-11-07,3.043195e-14,3.342668e-09,0.00015554836,4.9538164e-12,0.88591635,4.1861004e-09,8.5108484e-16
2019-06-14,0.010368998,7.596622e-07,0.999926,1.0993596e-20,1.0,3.390203e-08,6.297832e-24
2020-11-25,0.08949749,1.0,0.004931473,4.7775957e-09,6.040353e-10,2.5584282e-07,0.031032257
2019-04-10,6.9537207e-09,5.5797953e-12,0.99992025,6.0304195e-10,1.3636096e-06,0.99999905,1.5782756e-08
2023-02-28,7.014814e-06,7.810619e-05,0.999074,1.0,1.0461438e-11,5.056342e-08,1.2775901e-06
2023-11-08,1.8077589e-13,0.0010881486,4.6199336e-11,1.0799672e-12,0.9999999,3.0917935e-12,3.4001107e-23
2019-11-30,0.9999597,0.99732995,1.0,0.27666792,9.503585e-11,0.9979626,0.76047856
2020-03-24,0.0013172765,0.04758703,1.0,1.4623614e-05,2.8963943e-12,0.999052,0.994752
2021-03-13,2.7323563e-09,4.982339e-06,1.0,0.003973998,6.8421793e-13,0.006627964,0.9994597
2024-01-15,0.99986506,0.99997437,0.9999981,0.9999995,8.991057e-14,0.1122193,0.99999905
2023-05-22,0.9999975,0.016302874,1.0,0.998885,8.678096e-09,0.011216054,0.0027284513
2021-01-17,0.0068513234,0.699648,1.0,0.0020517693,3.3502355e-14,3.1470583e-07,0.99999964
2021-05-28,0.9989328,0.03804591,1.0,1.4110468e-07,4.0858997e-10,1.8527583e-09,0.24514377
2022-05-04,0.9999987,0.024824362,1.0,0.29858872,3.8553477e-10,1.0,6.206754e-05
2020-05-16,1.0,0.07881261,1.0,0.0011144053,7.562521e-06,0.4488094,1.8178804e-08
2023-10-06,2.6697264e-14,6.72585e-11,9.160454e-14,2.0412963e-11,1.0,2.9403252e-18,2.8750585e-21
2024-09-09,4.9141174e-10,6.200478e-16,2.648019e-12,5.229756e-13,1.0,8.505576e-12,6.496104e-11
2024-04-16,0.99999464,0.73177534,1.0,0.9994223,2.860811e-12,0.99999833,0.011745652
2024-06-10,0.32979,8.5358005e-09,1.0,1.1689341e-10,1.0,1.0809495e-13,6.851978e-23
2021-09-27,1.9903116e-12,7.090867e-10,2.1654012e-08,9.291134e-16,1.0,2.8870092e-18,6.047057e-23
2019-05-13,0.9775733,1.5143572e-08,0.99999964,1.6233415e-06,4.650242e-10,0.99999785,0.0065346626
2021-12-03,0.9999782,0.99999857,1.0,0.9999976,4.3626364e-10,1.8230475e-06,0.00027278272
2023-07-15,2.3202125e-09,6.425006e-14,3.1257907e-10,5.706138e-07,1.0,1.673329e-10,1.9794052e-15
2021-07-11,9.996136e-06,1.9886498e-08,0.99998045,5.4409127e-15,1.0,6.462325e-16,1.2544172e-19
2020-08-26,1.9955161e-07,3.3880312e-08,1.0126924e-09,1.4833401e-08,1.0,6.0378248e-12,2.9184971e-13
2024-12-01,0.99997425,0.9999995,0.99311185,0.72452736,1.5557469e-11,0.000680567,0.9906901
2023-01-24,0.15413363,0.99521565,1.0,0.99977726,9.641404e-09,8.435668e-08,1.111462e-12
2021-12-04,0.9999927,1.0,0.9999981,0.99999917,1.7815152e-09,1.1821335e-06,0.0021546665
2021-02-06,1.4736142e-08,0.7562713,0.99999094,0.004659414,6.35552e-14,1.0762217e-06,0.99996734
2019-04-24,0.9999993,0.010695231,0.9999995,0.9136701,3.946658e-12,1.0,0.75326
2021-05-15,0.9999913,0.00035272937,1.0,3.149194e-05,3.6762065e-12,0.99999774,0.3191962
2019-09-18,4.105895e-12,2.6382747e-06,2.1463181e-07,7.3872205e-16,1.0,3.1476632e-14,4.196291e-21
2019-12-03,0.9999505,0.9997707,0.9999982,0.13192372,3.675404e-10,0.043301754,0.8038786
2023-07-26,0.00031419762,4.6832116e-10,9.079558e-07,1.4591075e-07,1.0,0.0015629492,5.5701284e-16
2019-05-27,0.0002416603,8.6590274e-10,1.0,1.1113703e-13,0.00010563063,0.9471935,2.9815496e-08
2020-10-05,1.1910076e-10,0.0012347532,2.2766225e-11,1.5798301e-15,1.0,5.862006e-11,2.3152724e-22
2024-05-23,0.9999989,8.940037e-06,1.0,5.4348043e-11,3.266384e-05,4.8549637e-08,3.221918e-08
2019-12-10,0.9999994,0.9999976,0.9999994,0.9992574,1.8801916e-09,0.9965449,0.99929357
2022-12-05,0.99956495,1.0,0.9999981,0.9983779,1.5796512e-06,7.1100365e-12,1.4014541e-06
2022-06-28,1.8492839e-06,4.5814924e-10,0.0013715507,1.4650758e-14,1.0,1.6016221e-13,1.2914092e-14
2020-07-25,6.1863744e-08,3.2692908e-17,4.6855752e-07,1.5590068e-13,0.9999999,3.9311042e-05,2.2071622e-12
2023-05-19,0.9999932,7.0392074e-05,1.0,0.15354216,1.12303574e-07,0.9998373,1.05604954e-07
2024-01-05,0.99993527,0.9998246,0.9999893,0.9999937,5.709935e-13,0.0016256318,0.9999962
2023-12-25,0.99999344,0.99950874,0.9999559,1.0,1.9326764e-10,1.3007141e-05,0.05075391
2023-03-08,2.2800323e-05,0.0001650494,1.0,1.0,7.0248196e-11,1.9897614e-06,2.1210267e-06
2024-08-02,8.674467e-10,1.1342069e-13,1.4442446e-05,3.2146698e-15,1.0,1.5685643e-08,3.870112e-14
2019-10-31,0.0011173291,1.0,0.003772554,2.6654717e-15,1.0,4.066693e-11,1.933752e-22
2022-12-26,0.0011355013,0.9992055,0.99980384,0.9999918,5.2883354e-13,2.3940386e-08,0.7079247
2021-07-18,4.31557e-10,1.0779651e-05,0.07147649,4.762167e-16,1.0,4.6054296e-17,3.0286104e-24
2020-11-18,0.000118498574,1.0,8.822506e-05,3.5674842e-14,0.032291543,1.2199255e-11,5.7682626e-11
2022-11-11,0.9993574,1.0,0.9999274,2.868191e-09,0.9996948,1.1598799e-13,2.9504711e-18
2020-03-21,0.99862385,0.16743293,1.0,0.00019434468,1.2527016e-10,1.0,8.603635e-07
2024-11-12,1.0948156e-11,1.9345038e-08,0.00015165296,7.264506e-10,0.99450713,2.4554845e-07,7.672595e-15
2022-04-09,1.1155292e-06,0.00014620024,1.0,0.002628813,6.519014e-12,0.99997246,0.0019267421
2023-01-08,0.00098728,0.9999995,1.0,0.99996865,3.6309238e-09,3.034679e-11,2.4171695e-06
2019-06-25,0.062406436,1.1756482e-07,0.99998903,1.3617674e-17,1.0,6.270306e-11,8.7569115e-27
2022-04-01,1.923111e-11,6.518778e-08,0.99995494,2.9076922e-08,3.9225965e-09,0.99787414,7.64319e-08
2023-06-10,0.01424083,3.3333367e-11,1.0,9.27402e-11,0.9999999,0.01232264,2.3445112e-16
2021-07-02,1.2226998e-07,5.2194757e-08,0.9999291,6.6873706e-19,1.0,1.1745386e-11,1.7091892e-21
2019-12-23,0.9999913,0.9995702,1.0,0.9920419,1.4560931e-12,0.9999113,0.99874264
2021-10-04,7.267726e-09,5.628423e-05,1.5227546e-07,2.4919246e-15,1.0,1.5155438e-17,9.040726e-24
2022-03-24,4.3609718e-14,8.9463805e-09,0.9999999,8.094348e-14,8.33908e-07,0.031708915,1.188589e-09
2023-07-11,3.1168765e-11,2.4995102e-17,2.0243654e-06,6.762207e-13,1.0,8.3476603e-10,7.21453e-15
2019-04-27,0.99995005,2.9608269e-05,1.0,0.0002529267,3.1113274e-12,1.0,3.6947255e-05
2021-01-13,0.15384465,0.99856466,1.0,1.6054291e-05,6.4123777e-16,1.0489496e-06,0.9999989
2019-12-20,0.9999999,0.9944898,0.999997,0.9037372,9.901592e-12,0.9999155,0.9996673
2023-08-29,1.4423077e-09,1.1671005e-14,5.1217437e-12,2.314266e-06,1.0,3.397401e-08,6.42567e-17
2023-01-22,0.00015783429,0.90702134,1.0,0.99999666,1.8993744e-09,9.9567984e-08,1.7027635e-09
2020-09-16,1.380887e-10,9.364806e-09,8.376103e-07,1.5067758e-17,1.0,2.2210708e-14,2.7261122e-22
2019-04-30,0.99998,0.00077261665,1.0,7.352771e-05,4.4717077e-11,1.0,0.0018381262
2023-08-13,6.044277e-12,1.1941818e-12,3.578836e-07,6.555787e-15,1.0,4.3005447e-12,1.7642311e-22
2022-03-01,1.0351098e-06,0.00015525466,0.99998116,0.034210492,7.9045543e-13,3.7419253e-05,1.0
2021-12-18,0.99999905,0.99995184,0.9999999,0.9999987,6.616071e-11,0.729221,0.9961272
2021-04-30,0.995344,6.1925646e-05,0.9999914,2.2540893e-07,5.3682254e-09,0.99999547,1.1420692e-10
2024-10-27,2.2643652e-16,8.279749e-09,1.7478857e-07,3.866214e-15,1.0,4.3199665e-18,8.431715e-22
2023-12-23,0.9999994,0.99999666,0.9991054,0.99999845,7.18253e-10,0.022968102,0.92842144
2022-02-21,0.1311165,0.9979075,0.9999995,0.999997,9.12719e-15,0.98279667,0.99999964
2024-05-01,1.0,0.0011808212,1.0,0.049811687,2.3253073e-09,0.9999887,3.2421642e-11
2019-10-04,8.431955e-11,0.6330638,4.6738205e-06,6.003824e-15,1.0,1.4282516e-11,1.02374735e-19
2022-02-22,1.2895696e-05,0.99536264,0.99870646,0.9992262,5.8730067e-15,0.0060051093,0.9999999
2019-12-16,0.9999976,0.9996445,0.99999774,0.8335992,1.7254617e-10,0.99985135,0.992892
2022-05-20,0.99903286,5.3900835e-11,1.0,6.7106853e-09,0.9987564,9.727139e-07,5.419393e-14
2021-06-07,0.9999995,0.99906594,1.0,1.6723324e-07,0.0040612253,1.4237429e-10,3.58975e-10
2023-11-02,5.2577363e-11,0.79681766,1.842208e-13,5.6197516e-12,1.0,5.6921393e-15,9.209682e-18
2024-03-20,0.0010926083,1.1315044e-06,1.0,0.000729398,1.2094361e-09,0.9988343,1.1023955e-13
2021-11-09,0.020189276,0.9999989,0.8932419,1.5058151e-11,0.9999999,1.941335e-15,6.9144336e-26
2022-07-02,4.352476e-07,3.0901268e-11,9.202487e-05,8.762007e-16,1.0,1.5060318e-13,1.8791063e-19
2021-10-19,1.6878449e-08,0.8731631,0.001113506,2.123354e-14,1.0,3.1128522e-16,9.285413e-27
2023-02-12,0.40196472,0.9978223,1.0,1.0,2.3904192e-09,4.0844523e-09,1.3425927e-09
2023-05-31,1.0,0.016434351,0.9999745,0.99734336,2.0559386e-05,0.0012322066,0.5527092
2019-08-27,1.1006775e-12,5.529743e-09,3.101028e-05,4.4819774e-16,1.0,2.5438753e-16,5.448264e-23
2019-05-20,0.01825891,6.194453e-11,0.9999943,8.2560625e-09,2.9546197e-06,0.9998776,0.000562874
2020-03-10,0.0024785248,0.939523,1.0,2.9761011e-08,2.664195e-08,0.30836695,0.00017545425
2022-08-08,5.4631e-09,3.1368963e-12,7.352868e-11,1.8823299e-13,1.0,1.8334829e-13,4.197206e-20
2022-05-12,0.99999785,2.1545831e-07,1.0,4.8662576e-05,1.0089864e-06,0.5445396,1.7144335e-09
2019-11-28,0.99981457,0.9999521,0.9999889,0.979564,3.7336898e-07,0.0007255403,0.003418624
2022-09-24,2.705533e-10,4.279282e-06,1.2619428e-08,3.0818486e-16,1.0,3.075618e-20,1.873629e-21
2022-03-09,3.7322367e-10,0.016778197,0.9994435,0.00029353594,6.092154e-10,1.3753669e-10,0.99989486
2022-07-27,0.007840333,4.7770985e-11,4.1681764e-07,1.0981042e-09,1.0,8.440297e-06,1.2169157e-15
2023-02-15,0.054686718,0.3977479,1.0,0.9999989,1.2644376e-10,9.066137e-06,1.106101e-08
2022-12-15,0.92057145,1.0,1.0,0.99980766,7.5315065e-10,6.623347e-10,0.0034597619
2021-03-25,5.7008676e-10,6.776671e-07,1.0,5.905042e-11,3.4737897e-09,0.93382317,1.8454225e-09
2021-08-22,0.00012660405,0.05671678,0.005497452,4.002198e-13,1.0,8.614383e-18,2.9927727e-20
2021-12-14,0.9998319,0.9999888,0.99999905,0.9999925,1.6988567e-10,7.195951e-06,0.012231547
2021-12-24,0.9998939,0.9999106,1.0,0.99990344,3.3090845e-13,0.93421906,0.9818225
2021-10-18,6.4278016e-10,0.043636885,0.0006842291,1.8423063e-17,1.0,7.88084e-14,3.638936e-29
2023-02-11,0.14948942,0.99993646,1.0,0.9999999,4.2781734e-10,1.3398859e-07,9.12899e-10
2021-05-18,0.99990976,1.0919143e-05,1.0,0.005175029,3.5484252e-12,0.99465525,0.9989435
2024-10-19,5.907049e-14,1.9359707e-10,9.613383e-07,1.1087332e-15,0.9999999,9.0647075e-13,4.7816348e-20
2023-03-26,1.5441038e-09,1.1695983e-11,0.9999999,0.020714507,1.6900601e-07,0.14717185,9.435631e-12
2021-03-10,1.1050465e-06,0.0006502539,0.9999989,0.06415484,2.489077e-13,6.546052e-05,0.36969277
2023-02-05,0.9997521,0.9975327,1.0,1.0,2.023404e-10,0.00034370902,0.0009466467
2021-05-20,0.999997,5.042266e-05,1.0,4.9349175e-05,3.8290662e-11,0.94704884,0.9586699
2021-11-24,0.99981004,1.0,0.99998546,0.8312555,4.4874184e-08,9.973824e-09,1.5758248e-07
2022-12-07,0.92332,1.0,0.96733946,0.84935784,1.2205845e-06,1.372958e-14,1.5954216e-08
2021-05-06,0.9999956,0.013003527,1.0,0.000913093,3.6015167e-11,1.0,6.0723155e-06
2021-07-27,3.932634e-13,1.4139202e-09,0.90674555,2.4424145e-21,1.0,2.8150212e-14,2.0988498e-24
2022-04-10,0.88252246,0.22568823,1.0,0.17567055,4.0149286e-13,0.99999535,8.3783567e-07
2023-06-11,0.21034434,6.754949e-13,0.9999994,1.0258533e-10,1.0,0.047991205,3.7703076e-14
2020-08-08,7.890667e-09,1.493042e-12,2.5385734e-08,5.2481592e-14,1.0,8.705751e-12,1.2795465e-15
2021-03-22,1.5809555e-10,3.37071e-06,0.9999999,1.5796887e-07,3.4086896e-11,0.00036790033,1.3178687e-05
2023-12-28,0.9996878,0.99999976,0.9999814,0.99999976,1.6126758e-13,0.0012239342,0.9999262
2024-01-16,0.9996885,0.9999987,0.99999833,0.9999969,3.957752e-13,0.00019098062,0.99997365
2021-04-08,4.123508e-11,1.446883e-07,0.99874544,6.960298e-14,2.620201e-05,0.9996995,6.204649e-14
2019-09-22,7.231742e-10,0.00052433816,5.0792124e-08,1.2593082e-18,1.0,1.8018986e-14,3.833566e-23
2023-08-07,2.37113e-12,5.0164764e-12,1.6146205e-10,3.4058305e-11,1.0,2.0788382e-12,2.6010436e-24
2022-01-07,0.9999927,0.99962926,0.99999917,0.999997,1.3786563e-12,0.99414706,0.999992
2019-10-18,5.126201e-08,0.5968305,4.694476e-08,4.931737e-16,1.0,1.8690649e-16,7.367502e-21
2024-04-04,0.9999962,0.006370847,1.0,0.9990671,1.7571224e-10,0.9999993,1.0238775e-09
2021-09-28,6.864096e-14,2.8170555e-07,1.8623751e-08,2.3973726e-17,1.0,5.276788e-17,2.3279013e-22
2019-12-07,0.9999995,0.9999893,0.9999988,0.9897339,4.2476747e-10,0.98533255,0.918502
2023-06-24,4.1017056e-09,7.4498974e-14,0.995159,5.66934e-12,1.0,1.0535941e-09,8.6416257e-20
2023-05-04,0.9175749,3.0072682e-05,1.0,0.018948931,6.5356683e-13,0.99999976,0.44251862
2019-09-14,1.648139e-12,1.6888487e-09,1.867569e-07,1.0476257e-18,1.0,1.1602587e-16,1.1195152e-23
2020-04-04,9.644668e-05,1.5269501e-06,0.9999993,3.5907942e-05,4.340711e-12,1.0,3.5719731e-06
2019-09-21,9.9097544e-12,5.039223e-06,1.7642355e-06,1.0252854e-15,1.0,3.5235134e-11,1.2884495e-25
2024-08-30,3.5082824e-08,2.393349e-12,1.5714801e-09,2.5864533e-10,1.0,1.404189e-05,2.1666059e-17
2020-08-19,1.5207401e-07,1.7789371e-10,4.4582927e-12,4.898609e-11,1.0,7.02986e-11,5.4018373e-11
2022-05-22,0.999813,1.7497271e-11,1.0,5.4483804e-05,0.0820888,1.834942e-05,1.3788227e-11
2019-05-09,0.99997425,0.005163347,0.9999999,8.117407e-07,1.3621418e-09,0.9999999,4.326438e-05
2023-03-14,5.5902245e-07,1.7022961e-05,0.99998784,0.9999976,6.9969656e-15,0.001098189,5.064414e-05
2019-05-25,5.2813648e-05,4.7491696e-08,0.9999999,1.3936049e-15,0.0011052766,0.7277975,4.1865295e-10
2021-06-11,0.9998919,0.017312186,1.0,2.6433423e-11,0.7807428,2.4411612e-10,1.319432e-10
2019-09-19,6.922483e-11,7.8566954e-05,2.8922605e-07,9.5924116e-20,1.0,5.886776e-16,8.6080695e-27
2024-07-03,6.864813e-11,1.12555725e-08,0.9983779,2.5379407e-18,1.0,8.720709e-12,1.0374049e-26
2022-08-30,1.6811426e-05,1.0250998e-11,1.8784797e-11,1.1962905e-12,1.0,4.559706e-14,1.870352e-20
2021-09-09,6.8397725e-11,3.1547014e-14,2.0467749e-06,4.028897e-17,1.0,2.1765938e-12,5.463814e-22
2019-05-06,0.9999994,0.01009925,1.0,1.4050397e-05,3.090301e-09,1.0,0.00030917465
2019-04-23,0.9999957,0.0005326919,1.0,0.035927787,4.7022004e-12,1.0,0.005394723
2021-04-19,3.9628992e-07,1.5060895e-06,0.99999666,2.4016843e-13,0.0014174505,0.9999956,2.8200894e-10
2020-09-21,1.2217091e-11,4.085281e-15,3.004441e-08,3.4468982e-18,1.0,4.3992994e-15,9.5284066e-20
2021-01-30,0.00021592759,0.99995506,1.0,3.8302373e-06,1.3519861e-15,2.1592061e-06,0.9999987
2023-02-14,0.13596715,0.87973166,1.0,1.0,9.161504e-10,3.4541143e-09,1.2162083e-11
2022-07-14,3.229308e-07,8.231331e-16,1.43068955e-05,3.0597046e-19,1.0,1.5367526e-09,2.830461e-15
2024-02-27,8.3187875e-12,7.9955225e-07,0.9919551,2.3023066e-12,0.9977919,4.762628e-13,1.4197946e-10
2023-02-27,1.4576348e-06,0.00020511914,0.99996054,0.9999999,1.1738517e-10,7.2239936e-07,3.8342184e-11
2020-03-23,0.009054288,0.009032282,1.0,9.9595454e-05,1.4675776e-12,0.9999999,0.0682274
2024-08-19,3.7026392e-11,9.1498024e-14,1.3641803e-09,1.887831e-09,1.0,2.0579382e-11,1.6833491e-17
2023-03-11,8.729662e-06,3.7012007e-05,0.9999999,0.9999995,9.974032e-13,1.5675625e-05,8.098067e-06
2024-11-01,1.005333e-13,1.9011577e-09,3.57672e-08,1.3438459e-12,1.0,1.5455207e-13,3.4553152e-23
2023-09-23,1.0632623e-12,6.41177e-11,1.076471e-12,1.2564761e-06,1.0,2.948116e-13,1.0044743e-20
2022-06-15,6.112277e-06,4.850055e-13,0.9999988,7.681e-15,1.0,9.590192e-10,2.7313376e-22
2023-10-29,6.2971906e-14,6.8477448e-06,1.1573519e-09,2.9860153e-13,1.0,9.071539e-17,6.1254835e-23
2021-08-24,2.1165635e-08,0.0011134407,0.03783774,2.366498e-13,1.0,1.2224998e-14,3.7357037e-22
2024-03-06,5.3191162e-14,1.1780982e-09,0.9999862,2.9833083e-15,0.99999654,1.3272958e-12,5.051406e-16
2020-01-25,0.9999052,0.77452654,1.0,0.99774086,5.583793e-14,0.99999285,0.99999356
2019-08-15,2.2012698e-06,3.7258124e-11,3.06454e-06,1.994755e-15,1.0,2.9874485e-11,3.132065e-16
2020-02-26,0.0011361375,0.99892956,0.99999833,0.90074223,2.50401e-13,0.006835592,0.9999871
2020-07-18,1.4091762e-09,2.597516e-11,2.7054588e-08,2.7168512e-15,1.0,9.790535e-11,7.2753354e-14
2019-08-22,2.3333044e-09,3.99378e-09,1.1293332e-05,1.2128854e-20,1.0,8.0169335e-12,6.684784e-22
2021-02-09,1.8404551e-06,0.9997696,0.9998233,5.9771583e-06,5.2174215e-13,6.979481e-07,0.99999964
2019-10-12,4.91341e-08,0.9999851,1.8782416e-09,6.996401e-16,0.9999999,2.211511e-12,7.465294e-16
2022-03-06,1.6141961e-06,0.9425115,0.9999975,0.16860299,2.2857466e-11,3.7591813e-12,0.9999957
2021-07-25,1.3965221e-14,8.003638e-09,0.26984653,2.7631241e-21,1.0,9.813393e-16,2.6217326e-25
2023-12-02,0.99988055,0.99992347,0.024519805,0.99999964,3.01027e-07,2.8175472e-07,0.011572605
2023-07-21,2.3563216e-06,5.681869e-18,2.170927e-11,1.9663068e-07,1.0,1.1290442e-09,2.350706e-18
2022-09-13,5.2865836e-08,2.9424667e-08,3.5842695e-10,1.9425053e-15,1.0,1.3130398e-18,2.1759632e-19
2021-04-22,0.9999783,0.05816672,1.0,3.5461675e-05,7.433355e-08,1.0,1.9397779e-10
2023-09-19,1.3090435e-11,1.4250578e-10,1.119751e-14,8.056241e-06,1.0,5.855946e-12,2.1740997e-16
2020-05-15,1.0,1.7688648e-05,1.0,0.0010366988,3.2500438e-06,0.3327994,1.0489181e-09
2020-04-30,0.9999999,6.005105e-08,1.0,0.9097615,1.7995261e-06,0.9998981,3.861807e-07
2023-03-27,1.04713446e-10,4.0068102e-10,1.0,0.80508965,1.381054e-12,0.07263478,4.7227486e-06
2019-09-16,3.5595966e-12,1.9485963e-06,1.7018039e-07,3.08126e-13,1.0,1.2094331e-14,1.7878484e-22
2021-03-30,2.6306474e-11,1.7647281e-12,0.99995863,3.326252e-13,0.0010438558,0.97960407,1.0652278e-11
2023-05-06,0.9999529,2.8104378e-05,1.0,0.993262,8.299928e-12,0.9999374,0.007199559
2019-10-20,0.00012547766,0.9999504,8.921741e-09,4.120948e-17,1.0,2.7626006e-11,5.253742e-20
2024-08-29,3.0416012e-09,1.009466e-13,9.666713e-11,3.314109e-11,1.0,1.4391777e-07,3.7199162e-16
2022-01-21,0.9999764,0.999752,0.99999976,0.999938,1.2340289e-13,0.99272925,0.9999995
2021-11-15,0.026536264,1.0,0.9996846,0.0018760873,0.0024876383,1.088191e-11,1.3670987e-15
2022-11-29,0.89532566,0.9999999,0.9999893,0.00010310743,4.4352193e-05,6.9649093e-13,1.7835449e-09
2022-05-11,0.99999464,2.532632e-05,1.0,4.040194e-05,3.1066592e-09,0.9436973,1.1369845e-08
2024-11-10,3.578176e-14,3.2726923e-06,4.8750924e-05,1.7997675e-12,0.5369475,8.608584e-07,1.19271455e-14
2019-04-22,0.9999913,0.0005726374,0.99999964,0.0026859385,3.0666934e-11,1.0,0.00013429587
2021-09-22,2.0875937e-14,8.927071e-06,3.7915245e-06,6.7059454e-18,1.0,2.1438417e-16,2.0165507e-24
2024-08-08,3.5731912e-10,3.4005529e-15,1.0294629e-06,1.2539559e-11,0.99996316,0.00029432142,1.0690533e-13
2020-09-15,5.7018405e-12,1.1750406e-11,2.6050773e-06,1.6410321e-18,1.0,2.1176391e-14,1.05567096e-22
2019-10-03,2.8387945e-10,0.8641421,2.8650493e-07,7.8630214e-17,1.0,1.7183142e-15,3.0446355e-21
2024-03-26,0.01025193,4.867706e-05,0.9999999,0.023480626,6.447392e-08,0.99999976,8.834793e-11
2019-07-14,0.029174484,2.030446e-08,0.0040296176,2.987522e-15,1.0,1.1342779e-06,4.1083454e-24
2024-05-25,0.99999666,1.0775824e-06,1.0,2.1504089e-10,0.0007784427,1.9279671e-10,3.4575925e-10
2019-12-11,0.99951506,0.9990145,0.99999416,0.98413646,2.8440035e-13,0.9999851,0.99928963
2020-07-05,1.653678e-08,3.4726702e-09,0.16631265,2.4744229e-20,1.0,1.5069774e-09,8.60302e-18
2022-06-10,0.97964543,5.6667126e-08,1.0,1.7059368e-12,1.0,9.785611e-10,3.4154913e-22
2021-08-27,2.4270544e-12,5.6405716e-09,3.1361793e-07,1.6222198e-22,1.0,8.513752e-13,2.7225326e-18
2021-12-25,0.999998,0.9994479,1.0,0.99999917,5.1829274e-12,0.9968726,0.9999316
2024-10-17,3.4602133e-13,2.3356404e-06,6.9873045e-09,3.0860123e-13,1.0,6.4863344e-15,1.0739083e-22
2021-11-19,0.98783755,1.0,0.9999931,0.048417136,6.5968848e-06,7.3894696e-10,7.7654143e-13
2020-03-13,0.0011859789,0.94252604,1.0,8.092531e-09,7.199067e-11,0.0015907321,0.30561253
2021-06-18,0.99654514,7.532512e-10,0.99999714,3.0066677e-18,1.0,5.0526927e-07,5.865785e-19
2022-12-23,0.65224403,0.9999993,0.99998975,0.99990535,8.282919e-14,4.548974e-12,0.002103585
2019-07-28,0.15136535,1.1977775e-07,1.055137e-06,9.161347e-10,1.0,1.7030051e-06,2.4846523e-16
2022-06-12,0.58227164,3.069037e-09,1.0,3.1755318e-16,1.0,3.4433146e-08,7.874588e-22
2024-04-21,0.9999434,0.5050487,1.0,0.30364236,1.985336e-13,0.99999905,0.007499201
2021-08-30,1.7248184e-12,2.1952808e-08,1.4133422e-05,2.455726e-22,1.0,6.8492363e-15,5.426084e-18
2023-11-14,1.1164707e-07,0.99999857,5.6788963e-07,8.5088985e-09,0.99999714,5.386434e-15,3.5554395e-22
2020-10-31,0.0056847213,0.9999343,1.9156182e-06,2.1179045e-15,0.9993055,6.9656103e-06,9.236535e-16
2023-03-12,2.1372502e-06,0.00012836866,0.9999982,1.0,4.27615e-14,0.00016590189,7.643233e-07
2021-06-04,0.9999629,0.00016687873,1.0,1.3890707e-10,0.05324898,1.7401983e-11,7.5891293e-10
2023-07-01,1.27757085e-08,7.293137e-13,0.18936762,6.0697913e-14,1.0,4.5171242e-11,2.3351935e-23
2024-02-09,2.5370153e-07,0.0032396398,1.0,0.10853306,1.0393656e-11,0.16247787,0.019926827
2021-07-28,1.6248424e-11,7.426333e-10,0.08014946,1.4612564e-20,1.0,3.9094928e-14,9.5697585e-26
2022-02-25,0.013975146,0.8277025,0.9999871,0.9982147,5.9273333e-13,0.0051649613,1.0
2023-11-26,0.9685615,0.9999902,2.4668097e-06,0.99998164,0.0002761379,6.314072e-08,2.4304106e-10
2022-04-25,0.9999994,0.00025973757,1.0,0.22126712,1.5303119e-09,1.0,1.3960809e-09
2020-01-23,0.9999901,0.8829529,1.0,0.99726665,3.274643e-11,0.99998116,0.99993265
2019-10-21,0.00025066765,0.9999999,0.00011410105,5.8273914e-15,0.99999964,1.42269425e-11,3.070937e-22
2019-06-15,0.42295942,4.69316e-07,0.99998903,4.2824915e-18,1.0,5.4371058e-06,2.0284962e-22
2021-01-11,0.00013086473,0.9023218,1.0,5.6301333e-06,5.93068e-17,2.7321835e-06,1.0
2024-04-10,0.9999963,0.011326743,1.0,0.9790567,2.0366644e-11,1.0,7.223395e-08
2024-11-26,0.99992824,0.9999999,0.14525513,0.9738864,1.6363147e-08,0.001244688,3.912186e-06
2024-11-05,3.6130837e-14,7.8133624e-08,8.27997e-09,2.781807e-17,0.99999976,3.094779e-12,1.737716e-20
2019-09-01,3.2946642e-12,5.229028e-13,6.506469e-06,5.473054e-15,1.0,4.1947712e-13,7.724059e-19
2022-09-15,4.179221e-10,1.2535015e-11,9.938598e-09,1.350624e-13,1.0,8.3552766e-17,1.9398514e-18
2020-12-01,0.9993285,1.0,0.6174486,5.8236707e-05,6.2677497e-10,9.968005e-09,0.9679482
2021-06-19,0.99670994,1.6240966e-10,1.0,1.10035584e-13,1.0,6.9232854e-08,1.9868896e-20
2022-03-28,1.6058662e-15,1.3708602e-09,0.78306806,1.2734696e-11,6.487321e-07,0.97983015,1.3792476e-09
2019-03-31,8.046338e-14,4.303628e-13,0.7915675,8.6169925e-11,0.00010271548,0.999995,1.4167802e-11
2020-02-04,0.9928711,0.94969743,1.0,0.9984302,1.0250792e-13,0.99930036,0.99999774
2022-11-15,0.9999372,1.0,0.9999988,5.4036973e-06,0.86493826,4.9751882e-12,1.01542945e-16
2022-08-01,0.02036022,2.6254187e-07,1.2397074e-09,4.1690345e-08,1.0,1.2190862e-06,3.5645234e-15
2022-05-31,1.0,5.771408e-07,1.0,0.0017200992,0.14421521,0.24308594,1.1689559e-11
2023-07-08,7.790086e-09,5.923985e-14,0.00011935887,7.465683e-11,1.0,2.2163885e-08,5.3521825e-17
2020-07-07,2.4604202e-10,2.7577587e-10,0.0014292226,9.5442684e-20,1.0,1.3505572e-09,2.4035692e-19
2023-07-20,2.0580754e-07,1.4697576e-15,1.1093473e-10,0.0027132183,1.0,3.683273e-09,1.3038771e-16
2022-08-10,4.827612e-07,1.5345791e-13,2.0202099e-11,1.7866534e-13,1.0,5.0698573e-10,2.3169138e-16
2020-11-27,0.33092332,1.0,0.9879738,1.5130457e-06,8.945343e-12,4.0459476e-09,0.65016365
2019-05-26,0.0027764007,1.770266e-06,0.9999999,1.8212606e-12,0.04485264,0.0951546,6.844907e-13
2020-10-09,8.9958135e-13,8.743577e-05,7.401431e-10,7.1520393e-19,1.0,5.159055e-10,4.9330383e-22
2020-02-16,0.1793876,0.06731756,1.0,0.0034081987,2.808895e-15,0.99978906,0.99667156
2022-05-26,0.99999964,9.638352e-09,1.0,4.3801162e-08,0.93816626,9.950897e-05,4.5908406e-15
2021-02-04,3.4894747e-06,0.99694246,0.9999887,6.555936e-06,2.142111e-14,5.505787e-07,0.9998995
2021-08-13,1.739932e-12,9.218764e-15,0.000119661774,2.6015551e-20,1.0,3.8864916e-13,3.7959678e-21
2020-12-20,0.9985291,0.9999987,0.9997656,0.00017213868,3.7852105e-13,2.9002838e-06,0.9999995
2024-09-12,3.9614005e-09,2.9555566e-11,7.232272e-12,1.7177949e-13,0.9999989,2.4738793e-07,2.5236652e-08
2019-05-31,0.8650912,6.060965e-10,1.0,1.3824367e-17,0.99999857,2.1368032e-09,2.801607e-15
2024-02-13,3.00149e-09,0.00030410432,0.9999994,0.00013989382,1.0573106e-12,0.05665319,0.80155015
2019-10-19,4.093973e-06,0.99996376,2.215614e-09,3.5150855e-17,0.9999981,8.041056e-15,3.6730394e-19
2024-10-12,1.1738515e-14,1.8066952e-07,1.0141681e-11,6.354829e-14,0.99999905,1.5608402e-16,1.496774e-16
2021-10-01,8.0159275e-11,2.8767377e-05,4.4194914e-07,1.470962e-17,1.0,3.8993845e-19,1.713037e-25
2020-05-02,0.9999975,0.0023327123,1.0,0.9502619,9.136868e-09,0.9999999,2.1374158e-08
2020-01-28,0.9985196,0.16507985,0.99999964,0.9976157,1.6502961e-13,0.9999819,0.9999999
2020-06-26,0.12271898,0.00042871715,0.9996031,7.059507e-17,1.0,1.0229819e-12,1.00288676e-25
2023-11-11,4.1527652e-08,0.9262397,1.4853282e-07,2.498749e-12,1.0,2.7314814e-16,1.0512328e-25
2020-11-10,0.8985492,1.0,0.08747747,2.575557e-07,0.00045491094,3.2034049e-09,1.4274238e-11
2023-11-16,2.829516e-06,0.99998736,1.4629999e-08,1.9217743e-05,0.9999739,5.309993e-14,2.3021371e-18
2023-11-24,0.81136006,1.0,4.898543e-05,0.99683964,0.0003420279,1.2003494e-09,1.6693824e-10
2021-03-29,8.386387e-15,4.475759e-12,0.9999268,3.2275672e-14,8.542749e-07,0.20119546,3.66221e-08
2021-03-09,2.2862638e-05,0.019751035,0.9999989,0.14351498,8.5509416e-16,4.7445296e-06,0.99314415
2024-06-16,0.01888515,0.007307248,1.0,3.3569186e-11,1.0,1.6414236e-14,1.0044964e-22
2023-05-14,0.9999863,6.941975e-05,1.0,0.035790592,2.5383875e-07,0.9990056,2.442702e-06
2023-10-03,1.2890541e-10,2.6358796e-12,6.4321514e-15,1.1816444e-10,1.0,5.544771e-17,5.2790525e-21
2021-01-18,0.012582247,0.9999887,1.0,2.3078437e-06,3.6449357e-15,1.026136e-05,0.99999833
2019-12-30,0.9999995,0.9998877,1.0,0.9945176,3.3892472e-11,0.9999882,0.9997743
2021-03-19,3.261279e-11,4.9819205e-06,0.9999999,0.0018285842,3.1499833e-13,8.997472e-06,0.08522669
2023-01-09,2.9244117e-07,0.99999976,1.0,0.99965453,3.287058e-11,1.5153469e-10,0.00021062965
2020-09-02,6.2558514e-11,6.0848174e-13,1.0160206e-08,1.2166864e-18,1.0,5.9891926e-12,1.27372365e-20
2022-04-22,0.99999917,8.361867e-05,1.0,0.3646992,1.3245892e-09,1.0,1.14462665e-07
2024-06-05,0.99737835,0.040049043,1.0,7.4385735e-16,0.99997723,6.85568e-11,6.689776e-17
2019-11-13,0.9649976,1.0,0.0018536063,1.59025e-09,4.9334543e-05,1.0108441e-05,2.8042161e-06
2023-10-21,7.939345e-15,3.423674e-05,2.2667848e-09,1.3875447e-11,1.0,5.418484e-14,8.851872e-24
2022-11-22,0.9999548,1.0,0.999962,3.7358102e-05,0.44744802,4.6031684e-15,7.991647e-13
2020-09-07,5.4733724e-13,3.2864423e-12,8.032173e-05,1.3333781e-23,1.0,4.404238e-14,5.933055e-25
2021-10-22,3.2335362e-07,0.90117955,0.0016903688,6.457071e-14,1.0,8.0732627e-16,1.1798106e-26
2024-01-11,0.99945825,0.99814296,1.0,0.9999958,2.3008446e-12,0.81502295,1.0
2023-03-21,2.7634466e-09,1.4378416e-09,0.99998486,0.9899649,2.5062775e-11,0.6064045,3.9250398e-11
2024-05-06,1.0,0.00082380674,1.0,0.0029722066,5.7002207e-08,0.99154145,9.01625e-14
2022-12-08,0.9859574,1.0,0.9999933,0.9993717,1.3267113e-08,7.472777e-11,0.003938921
2022-05-05,0.99999976,0.00012996711,1.0,0.0040665534,7.7313205e-09,0.9999999,1.3138504e-06
2019-11-06,0.5772738,1.0,0.52185905,1.0534703e-11,0.49732208,1.1788856e-08,3.3089834e-13
2021-05-22,0.9999981,0.0011907666,1.0,1.3461031e-05,1.3784356e-08,0.018437259,0.0003494371
2021-03-31,1.382083e-10,1.3278021e-12,0.9999999,3.4845679e-12,0.01895887,0.99453956,1.3214175e-16
2021-01-21,0.04458742,0.99990225,0.99999774,6.898332e-07,7.818792e-15,2.555381e-05,0.99999905
2022-01-27,0.9996082,0.9976949,0.9999981,0.9999925,6.081156e-15,0.9992022,0.99999845
2023-08-04,4.4799033e-11,1.9278739e-15,1.4444462e-10,3.5697837e-11,1.0,2.8290743e-11,2.1186254e-21
2022-11-16,0.99917823,1.0,0.9999925,3.7276372e-08,0.87118787,2.206574e-11,6.131301e-17
2024-06-15,0.0010545941,0.00017802414,1.0,3.0268065e-14,1.0,4.0395134e-18,1.4791947e-24
2023-02-06,0.3551399,0.9996511,1.0,1.0,5.9973744e-13,5.5424913e-08,0.00017210847
2020-12-16,0.99918455,0.99989986,0.99999905,0.00036732893,5.705996e-12,3.2452706e-05,0.9999913
2023-02-03,0.045214046,0.9983903,1.0,0.9999995,5.1502826e-11,5.5161825e-10,2.7263487e-09
2023-08-11,8.162736e-14,1.6842791e-11,8.935573e-08,6.276967e-16,1.0,4.423072e-17,3.5634178e-25
2024-12-25,0.99997866,0.99952126,0.99514425,0.804988,5.5687373e-12,6.620012e-07,0.99999976
2023-12-19,0.9999167,0.9998747,0.99993455,0.9999995,9.390057e-10,1.6230875e-07,0.9969177
2021-07-20,5.2481003e-10,6.038107e-10,0.0016760454,9.116624e-20,1.0,5.33734e-17,2.7239758e-26
2019-11-18,0.99963236,1.0,0.044836506,0.0023967503,1.1037397e-05,1.21775e-06,2.9042092e-05
2024-12-20,0.9999958,0.99842405,0.99711007,0.99865496,3.0527105e-11,1.3442802e-06,0.9999957
2020-11-06,0.04680522,1.0,2.7658164e-06,4.4837827e-07,0.00064681325,1.393277e-07,2.6434646e-10
2021-02-12,2.535861e-05,0.9897718,1.0,8.708871e-09,3.268596e-11,3.896066e-13,0.9942159
2022-01-30,0.9995284,0.9970445,0.9999994,0.9999628,6.1583806e-15,0.99720037,0.9999999
2022-06-03,1.0,7.501216e-06,1.0,0.00047121546,0.82844925,2.8572085e-05,1.8184713e-14
2022-03-15,7.400121e-13,2.392729e-07,0.9999583,5.472127e-14,9.880904e-06,0.003096903,1.7960751e-11
2020-07-04,0.00012668158,3.6258285e-10,0.8786746,1.01013655e-16,1.0,1.552165e-09,5.8956147e-21
2019-04-25,0.99994123,0.00088678155,0.99999726,0.006019783,3.398368e-11,0.99999976,4.063536e-08
2023-04-14,0.012911865,0.00013394008,1.0,0.00037663177,6.0097277e-10,0.9999999,4.4218494e-13
2020-07-20,1.0191008e-08,7.4060094e-13,3.6546285e-10,8.837877e-15,1.0,2.5125488e-10,7.121647e-14
2023-02-21,0.0004954991,0.00012939064,0.99999917,0.99999845,2.0914318e-10,7.0685695e-05,4.4014215e-12
2020-04-17,1.0,0.000312679,0.9999999,0.9872519,4.6112585e-09,1.0,7.1450025e-08
2019-09-30,3.2778854e-07,0.9596139,1.1286185e-06,1.201357e-13,1.0,2.6255804e-14,1.4426094e-18
2021-09-13,4.4536118e-11,9.323299e-09,2.3777068e-07,1.3055119e-20,1.0,3.5276388e-13,1.1415607e-23
2021-03-16,3.68818e-09,1.6558688e-05,0.9999995,0.0033879618,3.4765664e-13,3.4161644e-07,0.9599014
2020-01-04,0.99999905,0.98688185,1.0,0.9996183,6.860203e-12,0.99999785,0.99999106
2022-04-21,0.99995947,3.813808e-05,1.0,0.080387525,6.185764e-11,0.9999999,3.4123884e-09
2022-01-04,0.99999857,0.99967444,0.99992,0.99999976,8.2636236e-13,0.9991098,0.9999622
2021-12-20,0.99998534,0.99996984,0.9999987,0.99999523,5.7056916e-12,0.67385703,0.991482
2023-10-10,3.0420258e-12,9.054255e-09,4.8455424e-13,3.4306794e-10,1.0,4.103375e-19,7.705011e-21
2024-05-03,0.9999796,0.0053588613,1.0,3.7045565e-06,3.1098e-10,0.99455667,1.4864174e-10
2023-06-14,4.211163e-06,4.8915306e-15,0.99890375,7.7053294e-11,1.0,0.0003444228,2.1344564e-17
2019-08-18,3.272513e-07,1.1525478e-06,0.00019617591,3.1216373e-14,1.0,6.2692795e-10,1.34734065e-17
2020-05-30,0.9999939,6.0043523e-05,1.0,1.5346348e-09,0.9962088,3.2263417e-06,6.4333694e-10
2021-04-12,5.1689096e-08,4.324432e-08,0.99917597,3.2848548e-13,0.014948574,0.99337137,4.002223e-12
2020-07-13,1.948325e-06,5.6630742e-11,0.0001301241,1.2749276e-15,1.0,1.57433e-07,4.618028e-16
2022-04-12,0.9998055,0.0030763422,1.0,0.9207405,5.2762208e-11,1.0,6.5915185e-07
2023-10-09,9.816151e-11,1.538607e-08,2.234248e-13,4.1003584e-10,1.0,1.9454549e-17,4.424936e-21
2022-08-25,4.8331398e-08,3.5066914e-15,2.2929209e-11,2.3197112e-10,1.0,6.9525126e-13,2.1543907e-18
2023-03-24,9.326714e-09,6.573455e-11,0.9999989,3.5921985e-05,3.3182999e-09,0.9869921,1.0850831e-09
2021-01-06,0.36440155,0.9999964,0.9999989,0.0013293333,4.0145892e-14,0.00032815035,0.9999968
2024-09-10,1.0025474e-06,6.73947e-16,4.7139664e-11,4.7829947e-12,1.0,3.472669e-07,2.8861481e-12
2019-10-23,1.1816199e-05,1.0,2.6866026e-06,1.2670191e-16,0.99999833,1.5325309e-10,5.197035e-19
2023-03-19,2.4041308e-10,2.8902676e-09,1.0,0.7565666,5.80797e-08,0.890337,3.2630434e-09
2024-01-08,0.995031,0.9999988,1.0,0.99997103,2.0463815e-13,0.007914957,0.999998
2023-03-17,9.485832e-12,6.6996093e-09,1.0,0.87892914,1.0388579e-08,0.8004677,4.4888182e-10
2020-03-27,0.00010408303,0.0008593594,0.9999981,2.2464933e-06,4.842016e-12,1.0,0.0012551179
2020-08-18,1.1669676e-05,1.0387221e-10,1.8826583e-07,2.8283932e-08,1.0,1.3443839e-09,1.0141811e-12
2024-11-15,2.6675449e-09,0.9168155,0.0006162831,5.3311476e-07,5.9043286e-05,2.0967753e-05,1.9975337e-08
2024-03-10,1.492392e-13,9.043791e-10,0.9999999,1.07490704e-13,0.99152935,1.4786924e-07,2.2029564e-12
2020-08-31,6.6017226e-12,5.5824145e-08,5.200988e-09,1.4377425e-17,1.0,1.3213775e-08,5.5509025e-19
2019-11-08,0.30787802,1.0,0.0005009806,2.1592865e-10,0.98970246,3.6470225e-05,9.328642e-15
2022-04-13,0.9999993,0.0012520619,1.0,0.46052736,2.8232392e-09,1.0,5.9372947e-08
2022-01-02,0.9999995,0.9911472,1.0,0.99997556,1.1890752e-11,0.9999862,0.9986904
2020-02-19,0.0011778953,0.6093675,1.0,0.0027961086,1.2412398e-14,0.999577,0.9998197
2021-11-22,0.9988908,1.0,1.0,0.13398524,2.662593e-06,1.854398e-10,6.062196e-12
2021-03-23,2.116956e-11,1.9581881e-08,1.0,1.8775521e-11,2.8887706e-07,0.020749465,9.231391e-09
2022-02-13,0.7350919,0.9960077,0.999995,0.9999603,3.4330218e-14,0.9808849,0.99999976
2019-10-15,3.5541438e-11,0.022550585,2.7501036e-07,4.041255e-18,1.0,8.7728224e-13,3.3437794e-19
2020-08-16,6.428813e-07,2.2325438e-13,2.4289878e-10,2.793845e-10,1.0,4.328838e-12,1.7132784e-18
2024-05-12,0.9999989,0.007981358,1.0,2.6906417e-09,3.963402e-05,2.8752278e-10,1.8720576e-13
2019-07-15,9.037031e-05,1.7988535e-06,9.137548e-06,7.998798e-17,1.0,1.4269734e-09,1.2016636e-25
2019-07-18,0.111614555,9.4593275e-08,4.062129e-06,7.1159654e-12,1.0,1.3667171e-09,3.2708303e-14
2022-05-23,0.99999857,1.8553513e-08,1.0,1.3581519e-09,0.84236413,1.6138899e-06,3.9944227e-15
2021-12-01,0.9999734,0.99999976,1.0,0.99999857,3.6374603e-09,1.4444787e-06,0.0001567825
2021-10-03,5.838055e-13,0.00024815224,7.707323e-07,1.1030827e-18,1.0,3.81205e-19,5.2709954e-24
2021-10-08,1.2476195e-07,0.062274795,0.10960754,2.9953927e-17,1.0,7.523755e-17,6.0371634e-25
2019-11-29,0.99999666,0.999998,0.9965959,0.9999809,5.4644772e-08,0.14901206,0.00021912654
2022-03-10,8.186174e-09,0.02098302,0.9999416,3.1291036e-06,3.526758e-09,3.4955224e-07,0.9997584
2021-05-21,0.9999548,0.05119866,1.0,0.0015112343,3.9625407e-13,0.99842864,0.98428875
2021-11-27,0.9978132,1.0,1.0,0.9482998,4.3608267e-08,3.804762e-09,3.5566107e-08
2020-01-26,0.9899955,0.02687447,1.0,0.99683374,6.5728647e-15,0.99998546,0.99999523
2019-12-24,0.999997,0.9837704,1.0,0.9418477,2.3877646e-11,0.99944824,0.9723113
2023-03-29,4.0565277e-12,5.7809874e-10,0.99988794,0.0011592689,3.938375e-10,0.9985343,7.8670475e-08
2021-12-31,0.9999924,0.99992883,0.9999995,0.99999857,1.6874101e-12,0.9981148,0.9991197
2023-07-19,9.6446136e-05,7.598478e-12,6.02844e-06,0.017792694,0.99915147,0.0216759,9.7895e-07
2019-04-04,1.1635853e-12,2.280981e-12,0.97762966,1.7000252e-12,5.0475724e-06,0.99978,4.3874496e-07
2021-12-21,0.99996746,0.99989235,0.9999995,0.99999976,4.0231633e-12,0.0037576947,0.9780764
2024-08-14,1.43720085e-08,5.795285e-17,2.471399e-09,1.4532603e-12,1.0,7.140275e-08,1.06594855e-16
2024-07-27,1.8780973e-10,1.7651729e-15,8.3082097e-07,4.4602246e-19,1.0,2.4267038e-11,1.7329565e-20
2024-09-20,3.3862006e-13,5.548634e-09,1.1785978e-08,1.05015555e-16,1.0,2.2643096e-12,3.7711427e-21
2021-11-20,0.99717915,1.0,0.9999949,0.062150933,9.4590087e-07,1.6234352e-12,1.574792e-10
2023-08-24,6.3419745e-09,2.2216778e-13,4.6805814e-12,3.2609162e-06,1.0,9.518922e-13,7.3057015e-15
2024-03-17,1.3531421e-07,2.6062355e-06,1.0,5.9224075e-09,1.1580927e-07,0.0293305,2.3973396e-14
2021-09-07,2.1091693e-11,1.933964e-13,3.997405e-06,7.490904e-18,1.0,7.754078e-13,2.4137372e-22
2022-05-13,0.9999999,2.8514187e-05,1.0,5.7274312e-05,1.7716402e-05,0.06731491,1.968294e-09
2019-11-11,0.9396959,1.0,0.96831244,9.355896e-06,0.000460535,4.368989e-05,1.976248e-11
2023-06-09,2.3369468e-05,6.4985448e-15,0.9999999,7.472358e-09,1.0,4.003819e-06,1.5336643e-19
2023-05-10,0.9998957,2.357261e-06,1.0,0.033038434,3.289917e-12,0.9999956,0.99344325
2020-02-10,0.8973655,0.61753786,0.99999964,0.9997031,1.5854063e-14,0.9999881,0.99998605
2019-09-27,4.1220204e-07,0.2843204,1.116421e-06,6.703516e-14,1.0,2.293929e-13,1.4795348e-22
2021-10-14,2.6996286e-08,0.044130128,0.043596245,2.9710058e-17,1.0,4.4463418e-13,1.6414021e-25
2021-06-02,0.9999981,0.00084331346,1.0,5.521004e-10,2.4200752e-05,1.7135729e-10,3.0301833e-06
2023-04-20,0.99452835,3.6876852e-05,1.0,2.0484997e-05,2.19085e-09,1.0,5.3795306e-09
2022-01-13,0.99999106,0.9996997,0.99999595,0.9998841,3.1672573e-12,0.98605853,0.9999145
2024-08-04,1.7583284e-11,1.0279358e-13,1.2774247e-08,8.268819e-15,1.0,1.6387728e-12,3.0262423e-17
2022-01-31,0.9995183,0.99759465,0.99999976,0.9999974,1.1380008e-14,0.99704117,0.9999939
2022-05-28,0.98532957,1.2915442e-11,1.0,7.8987195e-10,0.6995047,5.6968347e-05,2.1306954e-12
2024-06-26,3.6908556e-08,4.1557758e-08,0.99993,3.95631e-17,1.0,1.1745093e-15,4.570366e-28
2021-12-15,0.99999106,0.9949732,0.99999964,0.99998176,3.875926e-10,0.0041591832,0.14727758
2021-02-15,9.401873e-07,0.99997663,1.0,4.6971722e-06,2.3701614e-13,3.2162495e-09,0.9999603
2020-12-14,0.9999871,0.99957746,0.99977046,0.0020552874,6.7232812e-12,1.6724967e-07,0.99999964
2021-12-19,0.9999733,0.9948643,1.0,0.9999982,4.2125413e-12,0.99864775,0.9989642
2024-11-11,3.1278195e-13,0.00016929173,0.00037087064,2.4199141e-11,0.87400126,9.998538e-07,6.0029966e-16
2023-10-30,2.5841858e-13,0.010630607,1.3678031e-11,1.5512583e-14,1.0,5.038476e-15,3.2787043e-19
2022-09-28,3.104857e-10,3.5317833e-05,2.5461208e-10,1.04673547e-13,1.0,1.4474864e-20,6.1362985e-20
2023-09-13,5.058483e-08,2.755542e-16,7.1281917e-12,1.2867838e-07,1.0,8.733815e-07,7.937827e-16
2019-05-29,0.19930556,2.8870295e-08,1.0,1.695103e-13,0.99995446,6.0360595e-05,6.649095e-17
2022-06-20,5.974122e-08,6.93157e-12,0.9993254,1.0724874e-15,1.0,1.4060007e-12,1.8524572e-21
2023-03-02,1.8255183e-07,0.0002874794,0.9999913,0.9999993,5.232307e-14,6.263244e-07,1.4059988e-07
2023-10-07,1.00824785e-13,4.8587405e-09,5.7449275e-12,2.43094e-13,1.0,1.9235423e-20,2.3565023e-21
2020-03-03,6.7030383e-06,0.50205773,1.0,0.00022694509,5.4285855e-12,7.491014e-05,0.9999026
2022-01-28,0.98059607,0.97899026,0.99999845,0.9999738,1.9263818e-15,0.9991974,0.9999999
2020-06-14,0.9899199,4.3171484e-11,1.0,2.1597632e-11,1.0,7.0771996e-08,5.9370123e-19
2020-01-24,0.99995923,0.9549987,1.0,0.99685955,8.105198e-13,0.9999862,0.9999925
2019-07-11,0.0001750435,1.1270744e-11,0.00014192185,4.379318e-14,1.0,3.1632694e-06,9.614103e-19
2023-01-29,0.9999192,0.99941444,1.0,0.99996924,5.241578e-07,0.00038446597,5.965781e-10
2020-05-11,1.0,2.79605e-06,1.0,0.00040217323,2.72128e-07,0.9998907,1.17601815e-07
2022-04-30,0.9998056,0.0006079038,1.0,0.22605276,5.3904846e-11,1.0,0.0029656247
2023-05-08,0.9953896,4.3730204e-05,1.0,0.00093511713,3.759805e-12,1.0,0.97534287
2022-02-10,0.9771204,0.99677676,1.0,0.9999876,1.3778689e-14,0.9995079,0.99999905
2022-08-17,1.0718004e-07,6.877188e-14,1.3703158e-10,2.0223208e-09,1.0,3.1285266e-11,2.936839e-18
2019-11-12,0.9680912,1.0,0.010614395,8.3029645e-09,7.2893876e-05,2.3029597e-07,1.0718735e-06
2019-05-10,0.999944,0.0025713805,1.0,3.4615537e-06,1.4258286e-08,0.99998426,2.6311833e-05
2023-11-30,0.9993875,0.9999995,3.7655657e-06,0.99619967,0.00017566215,9.79285e-11,3.4422519e-07
2022-03-11,7.991115e-09,0.0003240173,0.49682146,7.577665e-07,1.7496264e-08,2.5482106e-07,0.9963392
2023-12-07,0.99509525,0.99999964,0.7411396,0.9999993,1.837314e-08,0.00024991855,0.43581566
2021-03-27,7.723173e-12,5.7363164e-10,0.99998903,6.371087e-08,1.29067175e-08,0.008253815,4.381825e-10
2021-08-11,4.0542667e-13,1.0956521e-13,0.0002121631,5.570615e-17,1.0,2.1810795e-14,5.6769744e-25
2023-12-16,0.99931693,0.99998,0.88548195,0.9999976,1.7947406e-10,3.907641e-06,0.9664139
2021-06-29,0.99922585,8.6300145e-07,1.0,2.2307986e-13,1.0,9.499494e-05,1.686722e-19
2022-09-05,1.0906778e-06,3.9721573e-10,9.93024e-13,5.488413e-14,1.0,2.652517e-16,6.118954e-20
2019-06-04,0.0005214526,1.6322796e-10,0.9999999,7.5787816e-15,0.99999714,5.3270306e-08,3.337749e-13
2019-12-29,0.99999964,0.99455345,1.0,0.9872162,2.8947334e-11,0.99994755,0.9999261
2021-05-09,0.9999999,0.00014846172,1.0,0.00028917106,2.303605e-10,0.9999993,0.00012962946
2019-08-17,0.0010922899,2.7299404e-08,1.5556472e-05,1.1498032e-16,1.0,4.308279e-12,2.3373226e-16
2023-06-18,1.7363755e-07,3.0961015e-12,0.99999917,3.499197e-10,1.0,7.096773e-08,4.0064377e-20
2021-07-31,1.9876767e-14,5.7591467e-07,0.8089509,6.0450075e-22,1.0,4.3295085e-15,3.1010738e-22
2021-12-27,0.99999857,0.999982,1.0,0.99999976,1.5756896e-11,0.99789065,0.9979778
2020-02-03,0.9990044,0.28550744,1.0,0.9981559,1.1155058e-12,0.9964276,0.9999987
2023-08-30,9.4938e-11,2.2692136e-11,1.3290115e-11,2.2083024e-09,1.0,1.2908861e-08,4.910827e-22
2020-08-25,6.456068e-08,1.0104658e-09,5.070607e-08,5.981989e-12,1.0,2.7161832e-11,6.8071655e-16
2021-08-21,0.000184002,0.18123865,0.00043981613,1.1722792e-05,0.99999845,7.171947e-14,1.4763081e-17
2023-01-27,2.6177531e-05,0.9994605,1.0,0.99999857,7.3836257e-09,2.2706013e-09,1.6303487e-12
2021-11-13,0.5671979,1.0,0.99999523,2.4318076e-09,0.9999938,3.7649197e-13,9.909818e-22
2023-08-25,1.8214683e-09,2.0236545e-14,2.2121744e-11,9.902698e-10,1.0,4.6876178e-07,1.3914515e-18
2022-01-18,0.9999521,0.9997731,0.99999845,0.99997866,9.362622e-14,0.9907753,0.9999995
2019-06-26,0.0033430494,7.3178703e-09,0.9995167,4.0808632e-20,1.0,2.0023982e-11,3.8094632e-26
2022-03-25,2.3180316e-13,8.43718e-08,0.99702543,6.7087354e-14,1.2855303e-07,0.9994567,1.6138237e-09
2022-08-14,3.9948787e-08,9.687236e-15,2.3923574e-13,1.8822949e-12,1.0,5.49998e-11,3.3829526e-17
2020-11-08,0.55741525,1.0,0.05492776,2.6728122e-08,0.0020060271,1.3470694e-08,1.037622e-12
2024-10-13,3.7306757e-15,6.4146167e-07,1.9943656e-09,4.931718e-16,1.0,2.7279606e-17,1.1691039e-17
2024-02-29,1.458637e-15,3.186734e-07,0.9998945,2.2577747e-13,0.9997172,7.694288e-14,8.920803e-13
2023-07-05,1.1586711e-08,3.4519962e-15,0.0010116594,1.6774929e-10,1.0,3.9830023e-12,3.5528552e-19
2019-07-04,0.021618962,2.0007426e-06,0.6819765,5.2514514e-15,1.0,0.0031557565,9.611214e-25
2019-06-05,0.9687433,5.317671e-07,1.0,7.818571e-18,0.99999964,4.9293487e-08,9.710133e-16
2023-04-07,1.0254846e-06,7.621159e-06,1.0,3.7901902e-08,2.2068348e-07,1.0,5.2487185e-11
2021-02-26,0.0030550691,0.99920684,0.9999993,1.3609875e-07,2.48785e-15,0.007823021,0.9998976
2020-02-24,0.00029268587,0.45704284,1.0,0.0035766757,6.0162014e-12,0.00060485955,0.99997365
2024-12-17,0.999846,0.9999994,0.90853506,0.9997032,3.3220293e-13,0.0001929512,0.99999404
2024-06-02,0.9998592,0.00027182527,1.0,2.3683833e-11,0.94847566,9.567541e-09,9.490347e-14
2024-09-16,2.0662183e-06,3.1576577e-10,9.981212e-12,2.0932782e-15,0.9999995,5.0185225e-09,4.658414e-12
2019-10-06,2.6646983e-08,0.99897146,1.0448531e-08,4.0674085e-14,1.0,3.445198e-13,5.660628e-17
2021-03-06,1.2008481e-05,0.1178376,1.0,0.0072023715,2.4884574e-15,6.104094e-08,0.57265836
2024-05-21,0.9546649,5.486605e-06,1.0,4.0908124e-10,0.9364343,4.5966173e-10,2.798801e-13
2020-08-11,1.7990745e-08,6.916414e-14,2.4354747e-09,1.3678515e-09,0.99999976,9.2279856e-07,1.01922026e-10
2021-10-16,1.6878321e-08,0.074096344,8.604768e-07,4.989902e-11,1.0,3.0218303e-13,2.0685351e-23
2022-01-06,0.9999746,0.99441034,0.9999951,0.99998915,4.5597434e-13,0.9886331,0.9999994
2020-11-28,0.02788519,1.0,0.75205636,9.808417e-08,6.7774475e-12,3.6273586e-09,0.9926408
2019-05-16,0.28810218,2.387568e-08,0.99998224,1.3963332e-10,0.00042625112,0.99960846,6.801629e-11
2024-04-13,0.9999976,0.11893888,1.0,0.9123836,9.5395976e-11,1.0,8.657252e-06
2020-07-14,3.6538148e-09,5.4576547e-12,0.016596196,1.8563661e-13,1.0,2.7763748e-05,1.2256021e-11
2019-12-14,0.99999714,0.99998546,0.99999976,0.98937714,1.0279589e-10,0.9992524,0.984822
2019-09-23,2.4732582e-08,0.027940836,0.001363567,1.3557769e-15,1.0,1.2837042e-12,8.3173956e-26
2023-06-26,2.7687013e-09,1.7488654e-12,0.99992526,3.8589197e-12,1.0,4.441733e-12,6.853554e-21
2020-06-06,1.0,5.199598e-05,1.0,0.00013945166,0.41754514,1.3887205e-06,5.1570676e-10
2021-06-28,0.99763286,2.2546578e-06,1.0,3.114706e-12,1.0,3.8589977e-07,1.0982349e-15
2022-11-04,0.9641884,0.99999964,0.9953252,1.714821e-11,0.9999999,5.8157545e-15,5.5246807e-21
2020-02-11,0.86656576,0.5546535,1.0,0.99863064,4.0439598e-15,0.9999808,0.9999937
2023-04-15,0.99984443,3.9605825e-06,0.99997425,0.0016686996,2.005788e-06,1.0,2.6111018e-11
2021-12-23,0.9999813,0.99946433,1.0,0.9999982,8.3400176e-11,0.20860764,0.966304
2022-08-11,3.1740436e-07,5.130108e-14,1.6175656e-12,1.0333328e-11,1.0,1.1963854e-10,2.6216057e-15
2019-11-17,0.7591818,1.0,0.10985583,3.7708196e-06,2.2291331e-05,4.716716e-08,2.7977713e-09
2019-08-29,5.8046207e-10,2.336779e-16,0.009439124,6.639257e-14,1.0,7.678848e-11,5.758848e-20
2022-07-13,5.6722795e-09,3.5145782e-12,8.439999e-06,4.4189904e-17,1.0,4.4566144e-07,3.374588e-17
2022-07-11,1.4420589e-11,1.9295187e-11,0.00016628944,1.4343619e-18,1.0,1.1950488e-10,6.172029e-20
2021-06-24,0.99084175,8.27642e-08,1.0,3.9587886e-12,1.0,9.7648496e-08,3.0352785e-20
2023-08-01,1.24797115e-08,4.780315e-15,7.401893e-11,2.3834094e-08,1.0,1.0338676e-06,4.0752203e-18
2024-10-26,1.7618718e-13,2.741689e-10,3.3061158e-07,8.205597e-11,1.0,5.5433624e-14,2.5698078e-25
2023-01-03,0.0002416741,0.9995617,0.99999297,0.9867361,2.4306981e-10,2.7147688e-15,1.2847014e-05
2024-05-31,0.9999691,2.5913947e-05,1.0,1.4288547e-10,0.999858,1.1265533e-09,8.82659e-15
2020-06-08,1.0,0.00010929577,1.0,0.022355394,0.101051405,1.7075295e-06,1.15043735e-08
2022-06-23,2.8645461e-08,1.0340702e-11,0.0001796564,9.852876e-19,1.0,7.573129e-12,1.5351819e-17
2022-05-09,0.99997675,3.3326477e-09,1.0,1.2881065e-06,1.3351832e-05,0.7704006,3.2880922e-07
2023-06-16,3.031918e-08,1.2711584e-16,0.99999964,4.11181e-09,1.0,1.8009376e-07,3.562066e-21
2024-07-20,3.779138e-12,7.1637076e-13,0.0018700741,9.716852e-21,1.0,1.4849165e-16,5.5174695e-24
2022-04-08,8.448342e-06,7.01697e-05,1.0,0.00016460523,2.0472553e-10,0.9987043,3.7888756e-07
2022-01-29,0.9878302,0.9989649,0.99999905,0.9999372,1.5360789e-16,0.9790396,0.99998295
2021-08-01,2.5734533e-13,2.9233126e-06,0.025561176,2.727081e-21,1.0,4.9085546e-17,4.63149e-23
2020-08-23,1.2057698e-08,2.927331e-11,6.7067694e-09,3.876741e-13,1.0,1.5651395e-08,1.7510584e-12
2019-10-02,1.9003905e-07,0.93786305,1.1471599e-07,1.8962672e-14,1.0,5.4602785e-12,4.2940425e-17
2019-04-05,1.1142947e-10,4.8847376e-10,0.99976,1.0648764e-11,7.113053e-06,0.99999917,6.739227e-12
2022-07-06,8.114357e-07,4.469719e-12,1.0834977e-05,1.111633e-17,1.0,1.245136e-10,1.5122734e-19
2022-08-27,3.410698e-08,2.3599643e-11,1.4785649e-10,2.8023401e-11,1.0,1.4007575e-15,2.2852578e-19
2024-09-26,1.6531566e-13,1.6008044e-12,2.8516263e-08,1.1289546e-15,1.0,1.2478192e-15,1.6495726e-20
2020-12-17,0.9996662,0.9997826,0.9997794,1.281336e-06,2.6726194e-11,0.00010834226,0.99999964
2020-12-31,0.026951043,0.9999713,0.99999976,0.00041143273,1.8413093e-16,5.06285e-06,0.9999902
2024-01-29,0.9858175,0.9554366,0.9999999,0.9999807,1.6553527e-13,0.77261907,1.0
2020-03-19,0.9975303,0.0066536977,1.0,1.1030271e-06,1.9160202e-06,1.0,8.961771e-12
2022-03-12,1.849885e-08,0.4073829,0.9994066,2.6239738e-10,5.8755138e-08,4.7986917e-09,0.11177267
2023-04-27,0.9908562,0.01031931,1.0,0.0005850348,1.0238423e-09,0.9999635,2.2637487e-08
2023-09-06,4.543925e-13,3.9308587e-12,4.0520056e-11,2.6171686e-12,1.0,4.8888844e-14,1.3413393e-19
2023-05-20,0.9999821,4.7670753e-07,1.0,4.375523e-05,7.483171e-07,0.9121706,5.2362875e-08
2023-09-12,7.434855e-09,6.2913954e-13,5.2824325e-15,2.0290551e-09,1.0,3.2347888e-11,8.532661e-16
2024-05-19,0.99963486,0.00035829228,1.0,3.7900514e-09,2.053677e-06,2.727156e-12,4.9530495e-09
2019-09-05,2.6511104e-09,1.938524e-10,4.409267e-05,3.3736886e-16,1.0,5.7264035e-13,4.7409655e-21
2024-07-23,2.5037904e-13,4.7874804e-14,2.526153e-05,2.2654322e-20,1.0,1.9091343e-12,8.0356613e-22
2023-06-25,8.137911e-10,6.3601435e-13,0.06013342,1.5783305e-11,1.0,5.101891e-09,2.092812e-18
2023-07-09,1.2861673e-08,4.0257554e-13,0.0014239271,3.5769487e-10,1.0,6.013862e-08,2.5900329e-17
2023-06-13,1.180114e-08,5.011942e-16,0.99971145,2.0636269e-10,1.0,5.735009e-08,5.9377275e-22
2022-11-06,0.989665,0.9999832,0.9996265,3.1182203e-11,0.9999999,5.269112e-14,5.472494e-21
2024-07-31,7.4390245e-09,2.3016752e-15,1.4997521e-08,3.42445e-13,1.0,4.2142855e-08,5.0008846e-16
2021-06-15,0.8870554,3.1583098e-09,0.9999995,6.621255e-16,0.99999845,3.0149048e-09,1.7776693e-13
2024-07-07,7.495226e-09,3.285338e-09,0.9908057,6.916783e-18,1.0,3.5875584e-18,4.4120137e-26
2021-08-16,4.3857192e-11,1.15279744e-10,1.514036e-09,1.1791314e-18,1.0,7.360909e-11,5.0818e-19
2024-05-13,0.9999987,0.0017343243,1.0,1.3686789e-06,5.589105e-07,4.1605242e-13,3.8639877e-07
2023-07-17,2.5813217e-05,3.165166e-13,7.682764e-06,2.1000435e-05,1.0,1.0592419e-05,1.0477848e-12
2019-07-05,3.2973836e-05,1.6123263e-08,0.023692228,2.967575e-16,1.0,7.379542e-05,5.175026e-23
2024-09-28,1.11470546e-13,1.6759543e-14,9.880163e-08,1.256206e-15,1.0,2.542898e-14,1.1859373e-20
2024-04-05,0.9999025,0.0073599676,1.0,0.33341694,3.77691e-09,1.0,5.285994e-10
2022-05-25,0.9999548,5.2395237e-08,1.0,6.934595e-09,0.9548634,3.5769465e-06,6.5904402e-15
2019-07-17,0.027638286,5.4464626e-06,1.5490299e-06,1.8492778e-16,1.0,6.55099e-14,7.823635e-20
2024-12-02,0.9999032,0.999995,0.18007202,0.99989796,4.1016195e-09,8.013429e-09,0.3565333
2020-05-26,1.0,0.00014970788,1.0,5.039175e-06,0.00022851626,0.00056227506,3.852816e-07
2020-11-20,0.017039184,1.0,0.36909565,4.7732325e-09,3.0960532e-09,2.0256752e-07,7.621991e-05
2019-12-04,0.99996746,0.99999857,0.9984218,0.15967697,1.1423399e-09,0.9696741,0.9945338
2021-06-08,1.0,0.980942,1.0,1.4172586e-07,5.759725e-05,7.0418876e-10,0.00010682958
2021-07-24,3.7928422e-13,8.1217255e-09,0.071407914,1.784715e-21,1.0,6.4707304e-18,2.9012896e-22
2022-06-08,0.9998486,4.22074e-06,1.0,5.420234e-09,1.0,1.4666004e-07,1.0480689e-19
2023-11-12,1.9709544e-12,0.9925241,6.1361223e-09,5.4895254e-13,1.0,1.5398009e-13,3.1400439e-24
2024-11-28,0.99991274,1.0,0.60744214,0.99888176,2.2100565e-08,1.273713e-06,0.021067016
2022-02-02,0.9947826,0.99234277,0.99999,0.9999268,1.8488845e-14,0.97937036,0.99999917
2023-08-27,2.1523974e-08,1.4596034e-14,6.432986e-11,8.5831414e-10,1.0,2.829714e-09,1.9071841e-19
2024-10-11,5.7772824e-14,6.145506e-12,7.071857e-08,3.811127e-15,1.0,6.583244e-18,8.2558125e-20
2024-12-19,0.99998546,0.9999949,0.9635461,0.94503766,6.634451e-13,1.479752e-06,0.9999995
2024-07-29,3.3856728e-12,1.0010753e-17,3.787522e-09,7.3835266e-17,1.0,1.7357704e-10,5.817743e-18
2020-10-20,7.1931966e-10,0.9998449,4.109952e-09,9.441462e-20,0.9999999,1.3346832e-12,1.2290746e-21
2024-03-07,6.0871273e-13,7.7028794e-10,0.9818757,1.875501e-15,0.9985379,1.355801e-10,1.9606854e-15
2020-11-02,0.2802538,0.9999783,1.1076384e-07,6.2922114e-17,0.9989785,1.977571e-06,1.7332549e-19
2021-10-27,2.1699757e-06,0.19338447,0.00075523864,1.4476779e-15,1.0,4.2065974e-13,1.157672e-24
2022-07-08,3.624217e-10,2.0872634e-10,0.00015830938,1.1987416e-19,1.0,3.1903482e-14,1.1512107e-18
2020-06-17,0.9129303,1.5902247e-05,1.0,4.6121993e-13,0.9999981,6.8086634e-11,5.031474e-19
2020-03-17,0.93125045,0.6459436,1.0,1.7460878e-06,4.065714e-12,0.99999917,7.902681e-05
2019-05-21,0.0022413724,8.718018e-05,0.9999989,6.106021e-10,4.992613e-08,0.9751737,9.107968e-09
2023-11-17,1.0035069e-05,0.9994795,2.0749521e-05,0.00011736258,0.99995434,8.049097e-15,3.7438145e-18
2019-12-18,0.9999987,0.9885936,1.0,0.93875366,5.207207e-11,0.99397594,0.9998186
2023-02-07,0.28043738,0.9990727,1.0,0.999997,1.2915564e-11,1.3551812e-07,2.1678286e-06
2024-11-06,5.599962e-14,1.1841916e-10,1.403598e-07,6.4686857e-13,0.9999641,1.6951635e-14,1.0185403e-17
2021-11-05,0.021664396,0.99750704,0.98198056,2.0000496e-12,1.0,4.635802e-16,1.4433851e-26
2023-09-24,7.296733e-15,7.766381e-08,4.692414e-13,4.0534648e-08,1.0,5.0910102e-14,3.8066527e-22
2021-04-09,4.056176e-05,3.0433327e-07,0.99988365,8.227558e-10,0.017192913,0.9999994,2.8596008e-15
2023-01-20,0.002247583,0.9997273,1.0,0.9999993,2.7190006e-09,7.796019e-12,1.5627581e-09
2021-01-14,0.19671707,0.99935657,1.0,2.6767138e-05,8.114516e-15,6.995664e-05,0.9999999
2021-03-15,1.2980504e-09,0.00016247609,0.9999995,3.70763e-05,6.360204e-13,4.7606725e-05,0.99819833
2024-12-24,0.99992025,0.9999565,0.9901169,0.99549234,1.7008254e-13,5.661161e-06,0.9999994
2022-07-26,1.954612e-05,2.0172182e-11,3.681419e-09,5.8949333e-08,1.0,1.2293499e-08,2.3712248e-16
2021-09-20,1.0628851e-12,5.327544e-10,9.674345e-08,1.9706457e-20,1.0,2.8255725e-16,6.198281e-23
2021-02-25,0.0023932264,0.99954444,1.0,3.74563e-06,4.073093e-17,0.00018822982,0.99975485
2023-03-10,3.518406e-06,9.053954e-05,0.9999999,0.9999994,9.973671e-13,2.2068456e-05,2.635393e-06
2020-09-14,1.5207273e-09,1.2652458e-10,4.9649487e-05,2.1529365e-18,1.0,1.2285739e-12,2.823763e-23
2024-08-28,5.6487868e-09,1.2130834e-14,6.8860745e-10,6.278949e-14,1.0,4.4597778e-07,4.6573685e-18
2024-02-12,7.905734e-07,0.00045571235,0.99925834,0.49712604,1.5932515e-14,0.0001338317,1.0
2022-05-16,0.9999995,3.5567748e-05,1.0,1.6048913e-06,1.0313673e-06,0.00046006686,2.1440762e-11
2020-12-22,0.99993014,0.99361044,0.99998236,0.0009896085,4.664063e-14,0.00077168836,1.0
2021-08-14,3.7421677e-13,1.3041452e-13,5.0240226e-07,1.1120493e-16,1.0,6.7675845e-14,1.4497181e-21
2021-08-09,7.2078214e-14,1.5714495e-10,0.032071445,3.8706737e-21,1.0,9.061554e-15,7.28548e-27
2021-11-23,0.9974469,1.0,0.9999995,0.9827004,1.4783775e-05,9.048079e-08,1.2472976e-12
2021-05-24,0.99989414,0.009794013,1.0,5.280656e-09,3.0581566e-09,1.3615327e-05,0.048955724
2019-11-09,0.0013909002,1.0,0.00821294,4.9292083e-07,0.5836952,0.0007313381,1.7076377e-14
2020-08-05,1.264859e-05,2.5322546e-14,7.637638e-08,2.2949947e-11,1.0,1.9390899e-10,1.6531044e-15
2022-04-24,0.99998367,0.0009545366,1.0,0.9940678,3.5012668e-10,0.9999999,7.2721035e-10
2022-11-19,0.999432,1.0,0.99999976,1.3417798e-07,0.01822581,1.1536052e-13,7.03806e-14
2021-07-29,8.1635496e-13,1.3818372e-07,0.00070184295,7.3627213e-22,1.0,2.6963975e-15,9.104536e-26
2022-06-13,0.040299125,3.8358007e-06,0.9999987,6.1987927e-18,1.0,1.9403257e-10,4.5202318e-24
2020-10-03,3.1636094e-09,2.3715935e-05,1.8673423e-10,1.0260987e-16,1.0,8.639894e-09,1.5562531e-20
2021-05-02,0.9999738,0.00039427765,1.0,0.000111730624,7.203644e-14,0.9999987,0.040593334
2021-04-17,0.00012394955,2.2802e-10,0.9999987,9.115004e-13,0.3898863,0.9999999,1.9717958e-13
2021-09-01,8.245958e-13,5.1662257e-05,0.00048906304,1.5451719e-22,1.0,6.123783e-14,2.4635212e-16
2022-07-22,2.8188445e-08,5.9962675e-16,2.9731435e-09,3.556819e-13,1.0,5.3820497e-11,2.3606717e-18
2021-06-20,0.75143266,1.1159458e-09,0.9999999,3.05707e-14,1.0,7.8108e-08,1.149086e-20
2023-06-03,0.012843297,1.6433385e-13,1.0,1.152099e-13,1.0,1.7354616e-05,5.288183e-21
2020-08-27,2.6898412e-09,2.2671642e-10,1.8340184e-09,5.0631882e-14,1.0,1.2424579e-13,3.5946544e-18
2024-07-21,2.2450006e-12,7.21409e-15,2.6827449e-05,5.1173914e-22,1.0,2.6182745e-10,4.6558693e-21
2023-11-07,2.2091141e-14,0.07576386,6.664694e-11,2.160546e-11,0.9999999,2.0015379e-16,4.667985e-19
2019-05-15,0.526987,4.7507637e-08,0.99999964,4.5419085e-08,1.5641298e-07,0.9972785,2.8177917e-07
2021-04-23,0.798963,0.0047391434,0.9999999,8.5274926e-11,3.351166e-08,1.0,7.228315e-12
2021-03-28,9.54165e-12,5.2800417e-09,0.9999858,4.6390844e-07,1.6414906e-09,8.020619e-08,2.287485e-05
2020-12-10,0.9935213,1.0,0.99851376,1.588894e-05,6.879484e-14,1.8270993e-06,0.99999344
2024-08-06,3.2166894e-10,1.5390045e-14,3.1419685e-08,9.685892e-14,0.9999999,4.2582533e-07,3.0216772e-15
2022-03-23,5.334516e-15,5.955643e-09,0.99999547,2.154772e-15,5.549125e-06,0.46710387,9.312017e-12
2023-11-13,1.4493731e-09,0.9994295,1.6037744e-09,1.082889e-10,1.0,1.7622146e-13,3.5542033e-23
2019-12-12,0.99999917,0.99999523,0.9999988,0.99840456,1.0349429e-10,0.985887,0.998909
2024-08-11,8.220751e-10,5.29455e-14,3.555946e-08,3.3467052e-13,1.0,7.1160446e-09,3.605105e-18
2021-10-06,7.2343673e-09,3.8480244e-05,9.590435e-07,2.0939879e-16,1.0,1.04840063e-19,8.084373e-27
2024-12-26,0.9999143,0.9999652,0.9893205,0.9999989,4.0323878e-13,1.4774967e-05,0.999995
2024-10-23,1.0749096e-12,7.864878e-06,3.7311993e-09,5.945291e-13,0.9999999,9.549141e-14,2.1871395e-19
2021-11-10,0.06111556,1.0,0.9879134,3.7071533e-08,0.9970186,1.4720967e-16,6.031216e-20
2023-11-04,6.74566e-11,0.8262554,4.29747e-12,6.8723396e-13,0.99999976,7.5740416e-15,1.0024056e-16
2021-03-02,1.525943e-05,0.004363542,0.99999845,0.0029976962,4.515319e-17,0.0004132505,0.99701226
2020-10-27,0.3512954,0.99894637,8.704178e-05,7.66554e-16,0.99999976,7.269826e-05,1.4872873e-22
2022-09-26,3.6683536e-09,6.858738e-06,1.1661187e-07,6.9123094e-15,1.0,7.4611756e-21,1.9243918e-22
2022-05-06,0.9999999,0.055689186,1.0,0.005078873,5.147901e-09,0.9999995,6.261112e-07
2024-11-20,0.24422076,0.9999933,0.4383581,2.439837e-05,8.0031505e-06,1.5869873e-05,5.7994628e-05
2022-07-24,1.4520351e-06,2.8576571e-13,9.384497e-12,8.429471e-09,1.0,5.8459864e-07,1.5549854e-17
2019-06-28,7.8509464e-07,9.5493925e-11,0.9393419,2.1026627e-18,1.0,7.4729245e-10,3.3073067e-27
2024-06-11,0.025470356,0.06394217,1.0,1.1412841e-06,0.9999714,4.794302e-16,1.784783e-21
2020-04-22,0.99999964,0.0045878296,1.0,0.962096,3.6393268e-09,0.9999999,5.3719564e-08
2023-08-06,9.380935e-12,5.4956874e-16,3.458493e-08,6.162376e-11,1.0,1.08342814e-10,1.0427558e-21
2023-10-27,2.1786785e-12,0.56070316,5.0230997e-09,1.373203e-12,1.0,7.115785e-13,2.1409349e-21
2022-07-18,1.4157929e-09,2.5845936e-14,4.4982892e-10,1.0282857e-15,1.0,1.6946221e-12,9.6458894e-17
2019-04-17,0.3559743,7.3448723e-06,0.99995744,0.00021860152,3.7315512e-11,1.0,1.367327e-05
2020-09-26,2.447103e-08,1.4536263e-08,1.2340871e-10,1.2584255e-13,1.0,5.9464713e-09,2.9091955e-19
2022-08-18,5.5899645e-06,7.334866e-12,5.8680746e-13,2.37728e-08,1.0,8.608668e-10,1.4078911e-18
2021-10-24,1.0777865e-07,0.009485359,0.000385214,1.1910947e-16,1.0,8.273961e-15,2.533488e-28
2021-08-05,2.57218e-11,2.372727e-12,0.00018975162,4.4320044e-18,1.0,9.727961e-17,2.4340885e-22
2024-05-11,0.9999969,0.92171466,1.0,2.0343226e-08,5.339418e-06,2.3302584e-06,6.8082594e-15
2023-05-23,0.999998,4.9479524e-08,1.0,0.00019759627,1.6774245e-06,0.05862906,2.1818535e-06
2019-05-05,0.9873592,0.00024585234,1.0,2.3510049e-08,3.534458e-11,0.99999535,1.6051321e-05
2021-09-24,4.8380853e-15,1.7936728e-10,1.9014704e-08,1.6858545e-18,1.0,1.831035e-15,3.2302634e-26
2022-11-09,0.28687304,0.9999999,0.9999995,1.1342444e-08,0.99860114,1.157583e-10,1.143188e-20
2024-09-07,6.756992e-11,1.0581882e-12,6.5683453e-10,4.5820536e-13,1.0,5.274027e-11,2.1641735e-13
2024-03-05,3.93814e-15,1.2153131e-11,0.9999907,3.030969e-16,0.99999917,2.4924516e-12,4.1448512e-16
2021-12-29,0.99999905,0.9999937,0.9999999,0.99998724,5.0352864e-11,0.99782467,0.9991928
2023-11-28,0.25950077,0.99999547,0.0007007335,0.99914205,1.4028034e-06,0.005730203,2.3187721e-07
2024-01-07,0.9984794,0.99993753,0.99999785,0.9999988,4.8910696e-13,0.4401219,0.9999999
2021-09-16,1.8539613e-08,4.7492943e-09,3.044614e-05,3.4781042e-21,1.0,7.6269915e-13,1.6435323e-25
2024-01-24,0.9997409,0.9999765,0.9999994,0.99997437,3.3052322e-12,0.24541016,0.9999994
2019-07-16,0.005801393,1.105433e-07,0.0001703712,2.0685664e-16,1.0,5.7848638e-08,3.2189317e-20
2022-08-15,2.1683113e-07,9.454353e-15,8.619849e-12,3.3224656e-10,1.0,6.5287047e-09,1.538693e-18
2020-09-18,9.3286254e-11,1.815287e-10,8.955107e-06,8.4031505e-19,1.0,1.4287105e-17,1.1832372e-24
2020-10-16,8.303012e-09,0.06252157,2.719452e-09,4.820519e-19,1.0,1.0014069e-11,2.0846246e-22
2024-09-05,9.90383e-10,4.5421834e-13,5.019802e-14,5.204231e-10,0.9999999,7.46799e-11,9.807271e-13
2020-06-19,0.7988024,2.8320746e-05,1.0,1.8858316e-15,1.0,1.4464436e-12,4.3329982e-21
2024-06-28,4.8676688e-05,1.7962244e-09,0.99943584,3.740089e-18,1.0,3.769414e-15,3.9948425e-26
2024-03-02,9.528785e-17,3.453783e-10,0.9999783,1.465553e-15,0.9930742,6.606692e-10,2.867861e-14
2024-10-30,1.4831645e-12,1.01975415e-08,5.682451e-08,1.0855602e-11,0.9999981,2.0502862e-15,1.7093986e-20
2021-08-07,5.4475017e-13,2.9551439e-08,0.0021270693,1.0976211e-19,1.0,1.9486442e-14,4.956723e-25
2022-01-12,0.9995732,0.9999931,1.0,0.9999814,2.71414e-13,0.5423177,0.99991167
2023-08-22,9.306344e-10,2.130738e-14,7.632428e-11,3.3774953e-07,1.0,6.1709717e-12,1.1984578e-12
2021-08-06,2.042631e-12,1.2384931e-12,7.252979e-05,1.3223616e-22,1.0,1.6043921e-13,2.5496857e-23
2020-07-17,9.589314e-10,1.5214271e-12,1.835132e-08,3.7228247e-13,1.0,3.651759e-13,9.912273e-15
2024-10-31,4.199751e-13,5.293094e-11,5.0236915e-10,5.32195e-13,1.0,1.7790274e-19,9.576022e-22
2024-08-17,6.117115e-11,3.8144814e-14,1.1024258e-05,2.5021507e-11,1.0,4.6142304e-06,7.557222e-21
2023-04-08,4.3503134e-10,7.2833655e-09,0.99999535,2.9182287e-10,0.0002175778,0.9999999,9.0057015e-13
2020-11-17,3.5956466e-05,1.0,1.3184217e-06,3.6669378e-14,0.00603547,1.7461782e-09,1.9916937e-12
2023-11-23,0.6799508,0.968888,0.0031165592,0.0026258193,0.9847141,2.0064115e-12,1.5539732e-15
2020-09-06,1.3358431e-14,1.3163584e-09,1.8750375e-06,3.0936346e-19,1.0,2.8054858e-10,1.7086251e-25
2021-04-10,0.00022461674,5.8966543e-07,0.99999964,1.112285e-08,0.00085159315,1.0,3.35479e-13
2022-02-05,0.99820566,0.9983645,0.9999999,0.9999926,1.8505773e-15,0.85817504,0.9999982
2024-10-18,2.367087e-15,6.61057e-06,1.1289521e-08,2.9037201e-18,1.0,1.9552468e-16,6.439304e-20
2024-01-30,0.9563796,0.85650885,1.0,0.9961843,4.1008055e-13,0.31927246,0.9999999
2023-01-26,0.00018944933,0.96600026,1.0,0.999941,8.8669067e-10,2.48596e-06,3.4570076e-09
2023-05-26,0.99997187,3.4445364e-08,1.0,0.043609466,7.1564435e-05,0.011127443,1.9592512e-06
2024-12-13,0.99999785,0.99998975,0.9982022,0.99965346,4.8640003e-12,0.00076735165,0.9999957
2019-09-15,3.126263e-09,1.6919372e-06,1.0945228e-08,4.31452e-16,1.0,6.374446e-18,1.1930966e-22
2022-07-12,6.04233e-08,5.86361e-13,0.00010713747,4.0654473e-21,1.0,4.332399e-08,1.2744984e-17
2022-03-08,9.00445e-07,0.46956837,0.9999367,0.011886184,2.06513e-11,6.89555e-10,0.9999871
2023-03-03,0.0006009423,0.0002487677,0.99999523,0.9999999,5.32714e-13,2.9211305e-06,6.163996e-08
2024-02-02,2.4138108e-06,8.434888e-05,0.9999994,0.44821197,7.6330386e-11,0.2357927,0.28143856
2024-03-09,1.08715924e-16,4.4732412e-12,0.9999999,8.5636325e-14,0.99760157,8.891735e-10,5.886602e-14
2020-09-22,1.8589813e-09,6.461087e-14,6.420367e-09,6.609294e-16,1.0,5.052085e-14,4.8396418e-20
2019-04-29,0.99967694,0.00044925205,1.0,9.144646e-05,2.854759e-13,1.0,9.5015144e-05
2019-09-04,2.823911e-10,9.853913e-11,6.35187e-06,1.422424e-17,1.0,2.925217e-14,3.072819e-25
2023-01-30,0.0077700955,0.9994179,1.0,0.9997867,3.077343e-09,9.773491e-09,3.4976407e-11
2023-06-28,3.0304033e-08,9.0229804e-13,0.9718313,1.7024045e-11,1.0,1.1729593e-07,4.8851723e-15
2023-10-15,8.795408e-13,2.242619e-06,2.2023244e-10,4.8022645e-12,1.0,2.0438295e-14,2.0381094e-19
2023-05-09,0.9711048,0.12442019,1.0,0.036715817,1.0300413e-10,0.9999993,0.4729438
2024-07-09,4.255606e-10,2.1376052e-10,0.9321635,1.9726946e-17,1.0,4.18818e-15,2.0587951e-25
2022-08-20,0.00014997563,2.1473464e-11,8.452034e-11,4.760129e-10,1.0,8.542123e-12,3.2726832e-18
2023-06-02,0.27557614,1.0207039e-15,1.0,1.0187169e-10,0.999998,0.0026918985,3.8873027e-15
2023-05-30,1.0,0.00025492936,0.99999976,0.19113421,1.4607905e-05,0.0010370787,0.048898745
2020-02-05,0.953782,0.34632716,1.0,0.99402434,6.389818e-15,0.9945608,0.99999964
2021-12-17,0.99999917,0.9995098,1.0,0.9999957,2.472006e-10,0.07004803,0.9912578
2024-02-08,1.731117e-08,0.00020404083,0.9999932,0.2875304,3.4647038e-13,0.09456291,0.9999747
2024-01-14,0.9999844,0.999814,1.0,0.9999113,8.488364e-12,0.5341308,0.9999989
2024-01-19,0.9999722,0.9664767,1.0,0.9999968,1.2490832e-12,0.0050724987,0.9999831
2020-06-10,0.99999976,6.6237085e-06,1.0,4.8712236e-06,0.8387672,3.6223315e-07,4.011203e-08
2019-05-23,0.0024395892,1.9785311e-06,0.9999877,6.258622e-14,0.013979142,0.75067604,2.181191e-11
2021-11-30,0.99980336,1.0,1.0,0.99991333,3.2291192e-10,1.6702312e-08,1.857795e-05
2022-02-01,0.99978715,0.9821181,0.9999989,0.9991885,2.0483084e-15,0.9996381,1.0
2021-08-19,0.99726886,0.6331091,0.024245486,7.4769366e-07,0.9999999,1.6719005e-09,3.577978e-18
2022-09-03,2.1132725e-07,1.7581615e-10,3.6114306e-10,2.4427923e-13,1.0,1.1757563e-14,1.3358398e-19
2023-01-14,0.001311393,0.9999629,1.0,0.99999535,1.0458276e-09,3.2799596e-09,3.2099072e-06
2021-05-12,0.9999795,0.08476843,1.0,1.5084929e-06,2.0970578e-12,0.9999987,0.6606558
2021-09-21,7.455203e-13,1.45467804e-11,2.719101e-07,5.4911706e-20,1.0,6.9080586e-17,7.579499e-24
2024-04-17,0.99998856,0.20009309,1.0,0.99798584,1.1401033e-11,0.9999999,1.1592965e-06
2019-09-07,3.8175713e-08,8.7893546e-05,3.686919e-05,1.9491264e-15,1.0,9.42022e-16,5.214443e-22
2020-08-02,1.8792941e-10,8.506784e-14,6.198951e-09,5.5964727e-13,1.0,3.432305e-12,3.3321224e-15
2021-07-08,0.019732295,0.00037618147,0.9994337,9.893027e-11,0.9999995,2.8412632e-11,1.8890832e-18
2023-04-24,0.95944685,0.00012454501,1.0,5.286504e-05,2.261279e-09,1.0,1.08635575e-07
2021-10-17,2.5112865e-08,0.60452676,0.0026375228,7.892901e-15,1.0,1.3399869e-15,8.830173e-27
2022-07-09,2.1890456e-09,1.9714227e-10,0.01483195,4.774692e-19,1.0,1.3066276e-13,1.20876985e-20
2021-07-01,0.5401631,2.0743746e-08,1.0,2.587241e-15,1.0,3.7936695e-06,1.3555408e-20
2021-02-08,1.4940298e-09,0.9896973,0.9998171,1.0024948e-05,9.40314e-14,9.250462e-09,0.99141043
2021-02-28,0.00015494411,0.9999702,0.99999976,8.151018e-06,3.0010115e-15,5.892275e-10,0.9998105
2020-09-05,1.7903085e-11,1.3095784e-14,8.713543e-08,3.9401603e-19,1.0,3.4200406e-15,4.1701545e-20
2021-05-07,0.99999166,0.0020565083,1.0,0.011172957,1.28730655e-11,0.9999993,6.897053e-05
2023-03-28,2.1339266e-10,2.075075e-08,1.0,0.043545157,5.858247e-12,0.15792853,0.00019863974
2020-06-12,0.9115144,3.1512664e-11,1.0,4.512495e-13,0.99999845,1.3138977e-09,1.9502464e-18
2022-08-07,5.1728908e-05,2.7409177e-12,1.0361823e-08,2.2009415e-11,1.0,8.246362e-07,5.1490934e-15
2020-10-08,7.48385e-10,0.0033905772,1.4244411e-10,7.411399e-19,1.0,5.1287437e-08,8.329379e-23
2020-03-20,0.9999764,1.7342887e-05,1.0,1.6707952e-05,1.0847154e-08,1.0,3.2291467e-08
2024-01-03,0.9998241,0.9979079,0.9999981,0.99999154,4.2643806e-14,0.5681301,0.9999999
2024-03-01,1.8574446e-15,4.9809185e-10,0.99999654,2.1097926e-15,0.994689,2.2264888e-09,1.3380827e-13
2020-11-04,0.9978441,0.9999356,1.3253232e-07,2.130683e-12,0.9948376,1.4144433e-07,1.1850146e-09
2020-12-09,0.940493,1.0,0.9704494,0.0013467072,9.387697e-13,4.8952606e-09,0.9997675
2022-12-17,0.60994494,1.0,1.0,0.99522203,1.8892135e-10,1.2191526e-12,0.004978725
