date,h0,h1,h2,h3,h4,h5,h6
2021-08-15,0.503904,0.5173682,0.47722808,0.5068954,0.45360953,0.49183005,0.5424616
2022-01-14,0.5043975,0.51796764,0.47791475,0.50728625,0.45401633,0.49234086,0.5431349
2024-10-10,0.50374764,0.5174468,0.47708377,0.5067211,0.4535475,0.49149382,0.54231197
2023-09-29,0.5017856,0.5147754,0.47480866,0.50396895,0.45152348,0.48873064,0.5400074
2020-07-27,0.5039248,0.51755196,0.4774661,0.506855,0.45356125,0.49188748,0.5426384
2020-12-08,0.504376,0.5179753,0.4778842,0.5072767,0.45397717,0.49230492,0.54310524
2024-05-29,0.50397474,0.5175536,0.47744015,0.5068629,0.45334524,0.49181557,0.542633
2024-04-30,0.50414777,0.51765734,0.47766176,0.5070294,0.4537479,0.4921164,0.5428407
2023-03-31,0.5035863,0.5169928,0.4770757,0.5063712,0.4531416,0.49151766,0.5422261
2021-07-14,0.5037521,0.5174314,0.477247,0.5062339,0.4531882,0.49172914,0.54226804
2024-10-02,0.50371635,0.5173672,0.4771285,0.50667113,0.45358488,0.4916006,0.542396
2021-06-21,0.50263596,0.51626265,0.47605807,0.50542104,0.45218456,0.4905901,0.5413767
2020-06-03,0.50314796,0.51675487,0.4767157,0.50600684,0.45273337,0.49114332,0.5418133
2024-10-25,0.50349194,0.5174387,0.47651088,0.5066277,0.45376733,0.49097222,0.5418166
2024-07-22,0.5017454,0.51543486,0.475225,0.5045669,0.45158798,0.48980808,0.54051524
2019-12-26,0.504403,0.51796025,0.4779154,0.50729716,0.45398447,0.4923404,0.5431261
2022-12-25,0.5037013,0.51727206,0.47721514,0.5065567,0.453219,0.4914574,0.54228085
2024-03-14,0.5037733,0.51708066,0.47697222,0.5063893,0.45303994,0.49153155,0.542241
2020-10-30,0.50427645,0.51783425,0.4777148,0.5070829,0.4538368,0.49208573,0.5428921
2021-08-10,0.50328016,0.5166453,0.47668037,0.5062101,0.45323876,0.49104866,0.54131144
2022-07-28,0.5037529,0.51734054,0.47727683,0.5066558,0.45334134,0.49166632,0.5424052
2023-10-20,0.50321394,0.5166536,0.4765665,0.5059144,0.45293558,0.49088362,0.54174423
2019-06-30,0.5037351,0.51730245,0.477138,0.50654596,0.45325696,0.4915695,0.54228306
2022-02-14,0.5041463,0.5177497,0.47763795,0.5069945,0.45378217,0.4920863,0.54286784
2023-01-17,0.5038421,0.51737,0.4772752,0.5066238,0.45324853,0.49139673,0.5422661
2022-03-29,0.50382,0.5169717,0.47710127,0.50671273,0.45349744,0.49145553,0.5424152
2020-05-04,0.50425625,0.5178004,0.4777474,0.50710183,0.45382223,0.49215785,0.54294014
2020-06-21,0.4996725,0.5162648,0.47593048,0.5036201,0.45132965,0.49031344,0.53928655
2022-03-21,0.5039627,0.51737446,0.47737244,0.5069096,0.4535627,0.4917295,0.5425816
2022-01-10,0.5044059,0.5179805,0.4779226,0.50730515,0.45402363,0.49234825,0.5431361
2023-01-10,0.50375754,0.51734006,0.47725946,0.5066024,0.4532591,0.49145746,0.54231024
2023-01-12,0.5037877,0.5173273,0.47727352,0.5066243,0.45326176,0.49144602,0.5422812
2021-01-12,0.5042574,0.5178899,0.4777583,0.50718915,0.4539021,0.49220797,0.5430059
2024-06-30,0.5034853,0.51702076,0.47700176,0.50617427,0.45302966,0.49137095,0.5419855
2020-10-06,0.5039291,0.51748693,0.47739744,0.5068624,0.45358136,0.49186328,0.54258335
2022-08-02,0.50396264,0.5175364,0.47748536,0.5068793,0.45356548,0.4918871,0.54263926
2022-08-23,0.49920624,0.51408637,0.47187752,0.50172216,0.4497672,0.48760068,0.5393991
2023-01-01,0.50365186,0.51723677,0.47715172,0.50654054,0.453208,0.4914042,0.54221094
2022-11-03,0.504071,0.51761204,0.47750264,0.5068808,0.453629,0.49188203,0.5427032
2021-10-07,0.50284153,0.51671237,0.47669604,0.5059023,0.45259008,0.4909151,0.541674
2020-02-28,0.503744,0.5174772,0.47716394,0.50643575,0.453417,0.49169096,0.54255486
2023-12-26,0.50436646,0.5179594,0.4778543,0.5072931,0.4539808,0.49225143,0.5430737
2020-09-03,0.5029141,0.51665896,0.47653663,0.5058826,0.45279902,0.49096844,0.54164296
2024-11-21,0.50418127,0.51790655,0.47763696,0.50720346,0.45387763,0.4920351,0.542909
2022-09-21,0.50098646,0.51552427,0.47491005,0.5046224,0.45206723,0.48922187,0.54003066
2024-05-30,0.503972,0.51758826,0.47751516,0.5068555,0.45341817,0.4919183,0.5426996
2020-08-21,0.50378096,0.51745,0.47733033,0.5067517,0.4535453,0.49175426,0.5425194
2020-06-13,0.50321084,0.5167021,0.47696552,0.50585437,0.45203254,0.49111342,0.54130423
2020-06-18,0.5027713,0.51717514,0.47711742,0.5057585,0.45275888,0.49142855,0.54155535
2023-04-10,0.5031872,0.51636475,0.47656274,0.50584143,0.4525997,0.49105027,0.5416263
2024-08-20,0.5036502,0.51725084,0.47719988,0.5066123,0.45340973,0.49163634,0.54235184
2022-06-11,0.503658,0.5171023,0.47705308,0.5063306,0.45290712,0.491458,0.5421119
2020-05-21,0.50410765,0.5177274,0.4776455,0.50696343,0.45361963,0.492106,0.5428503
2024-10-06,0.5038286,0.51750726,0.4772147,0.5068102,0.4535891,0.4916647,0.5424562
2022-06-05,0.5037831,0.5172942,0.47720918,0.5065548,0.45295623,0.4916133,0.5422405
2020-01-22,0.50434077,0.5179086,0.47786105,0.50722814,0.4539563,0.49228135,0.54306966
2023-05-11,0.5042847,0.51781565,0.47761407,0.50718796,0.45383054,0.4922469,0.5428961
2021-07-07,0.50412333,0.51765907,0.47753602,0.5068587,0.4536208,0.49192747,0.5426783
2022-02-24,0.5038868,0.51759815,0.47730088,0.5066202,0.45355988,0.49181932,0.5426735
2019-09-25,0.5028196,0.5164879,0.47641215,0.50597084,0.45270962,0.49109402,0.5412941
2019-05-17,0.50404423,0.5175388,0.4775506,0.506887,0.45364964,0.4920044,0.5427414
2022-07-17,0.50284576,0.51664543,0.4765439,0.505885,0.45262307,0.49083248,0.54146266
2024-12-08,0.5042151,0.51799583,0.47769094,0.5072962,0.45396122,0.49208647,0.5429808
2020-01-06,0.5043932,0.51795745,0.47791344,0.50729614,0.4540024,0.49233755,0.5431265
2023-08-18,0.50296783,0.51653725,0.4764116,0.50591093,0.45271832,0.49089217,0.54159045
2024-12-14,0.5042882,0.51800245,0.4777584,0.5073039,0.45396802,0.49215537,0.5430422
2019-09-28,0.50312924,0.516773,0.4766795,0.5061152,0.45288453,0.49127576,0.5416003
2021-08-18,0.504228,0.51772547,0.4777092,0.5070939,0.45377117,0.4920736,0.5427756
2022-01-19,0.50437677,0.5179506,0.47789422,0.5072714,0.4539889,0.4923126,0.5431013
2021-08-28,0.5040444,0.51749116,0.47735658,0.50683933,0.4533097,0.49166694,0.5426179
2020-02-18,0.5040734,0.51769805,0.47760314,0.50689703,0.45374373,0.49205577,0.542874
2022-03-05,0.5036806,0.5174211,0.4770164,0.5063394,0.4533484,0.49157977,0.54247963
2021-03-17,0.50369155,0.5170425,0.47713718,0.50659555,0.45333672,0.49149427,0.542258
2020-10-10,0.5039498,0.517521,0.47742274,0.50692564,0.4535688,0.4918804,0.5425466
2023-09-02,0.5009506,0.51432604,0.47430122,0.5037353,0.45075208,0.48859906,0.5392019
2022-09-01,0.5017708,0.51591414,0.4753458,0.50495887,0.45215786,0.4900134,0.54076385
2020-11-26,0.5043289,0.5179462,0.4778272,0.50722814,0.45394993,0.49221334,0.54298735
2019-11-02,0.5042507,0.5178098,0.47768494,0.5070557,0.45374045,0.49203828,0.5428831
2024-06-20,0.5034617,0.5170659,0.47759807,0.50651604,0.4522624,0.49127305,0.54211974
2024-07-17,0.5032927,0.5168771,0.4768484,0.5062098,0.4530311,0.4912082,0.5418141
2024-08-03,0.50392056,0.51747805,0.47745678,0.5067562,0.45347005,0.49181527,0.5425501
2024-12-06,0.50412667,0.5180069,0.47762042,0.5072951,0.4539531,0.49199584,0.5429238
2024-05-22,0.50271666,0.5162708,0.47622174,0.5056541,0.45220077,0.490576,0.54114825
2020-07-15,0.50361365,0.5172149,0.47710565,0.50647646,0.453274,0.49157733,0.542306
2024-11-13,0.5040138,0.5178158,0.47745904,0.5070699,0.45378423,0.49187568,0.54273885
2023-08-16,0.50272554,0.5163298,0.4762281,0.5056574,0.45247686,0.4906077,0.5413057
2024-02-06,0.5039507,0.5176116,0.47743863,0.5068161,0.45364985,0.49185047,0.5426584
2023-04-22,0.50433147,0.5172768,0.47731116,0.50685525,0.4532988,0.49185404,0.54249054
2021-05-11,0.50418186,0.5176863,0.47767505,0.5070221,0.4538076,0.49214578,0.54290664
2023-06-27,0.50348896,0.51710767,0.4769566,0.506361,0.4530253,0.4913932,0.54215753
2019-09-06,0.5024938,0.5164922,0.47624815,0.50585717,0.452885,0.49078712,0.54143083
2023-09-08,0.50004756,0.51356494,0.47346306,0.5029829,0.45003706,0.4877353,0.5382564
2021-01-10,0.50429195,0.5178888,0.47777745,0.5071776,0.45390695,0.49220946,0.5430163
2021-12-07,0.50427073,0.5178936,0.47778484,0.5071875,0.4538977,0.4921932,0.542995
2020-01-02,0.5044049,0.51797664,0.47792727,0.50730956,0.4540034,0.49234885,0.54313326
2022-02-08,0.5042216,0.51780033,0.47772983,0.507099,0.4538364,0.49215546,0.54293853
2019-12-21,0.50438184,0.5179427,0.47790515,0.50728494,0.45396584,0.49232608,0.54311156
2020-05-07,0.5042158,0.5177703,0.4777195,0.50706905,0.45378846,0.49215335,0.54291886
2023-11-22,0.5042486,0.5178424,0.4776561,0.5071225,0.45379964,0.49200588,0.54287845
2020-03-26,0.50425583,0.5176142,0.47763234,0.50714624,0.45381722,0.49204493,0.5428796
2023-09-14,0.5003469,0.51369065,0.47365183,0.50300586,0.4503084,0.4877799,0.5385048
2019-05-24,0.50394213,0.5174096,0.4774232,0.5067442,0.453544,0.4918943,0.5426483
2023-05-21,0.5042175,0.51792836,0.4775217,0.5072514,0.45369598,0.49220267,0.54280335
2021-09-18,0.503753,0.517248,0.47706923,0.50654316,0.45318615,0.49144706,0.5423516
2020-04-21,0.5040953,0.51759577,0.477588,0.50694305,0.45365614,0.49200636,0.54278475
2021-02-19,0.5041695,0.5177154,0.47759825,0.5070589,0.4538026,0.49202436,0.5429122
2024-04-27,0.50418496,0.5177149,0.47770005,0.50706416,0.45376283,0.49211845,0.5428599
2019-06-06,0.5036233,0.51711124,0.47725782,0.50654316,0.4531077,0.4914926,0.5423261
2021-08-08,0.5045225,0.5163749,0.47594044,0.50517356,0.45443803,0.49037695,0.5404473
2019-10-10,0.5037616,0.51731443,0.47720015,0.50653416,0.45335373,0.4916465,0.54228145
2024-02-25,0.5029665,0.51672584,0.47649297,0.50612265,0.45301485,0.49060225,0.540945
2022-09-02,0.50193775,0.516045,0.47555137,0.50516,0.45226657,0.49013698,0.5408423
2019-03-30,0.50292736,0.51636887,0.47642606,0.5057638,0.4526148,0.49085248,0.5415152
2024-10-07,0.50383425,0.51751006,0.47719082,0.5067854,0.45360023,0.49162424,0.54240644
2020-05-05,0.504214,0.5177456,0.47770593,0.507056,0.45378512,0.49213672,0.542915
2021-09-10,0.50367576,0.5172474,0.47709104,0.5066036,0.4530622,0.49139604,0.54237163
2021-12-16,0.50433654,0.51794404,0.4778677,0.50725263,0.4539612,0.49229348,0.54308325
2022-06-07,0.50377333,0.5172583,0.47721964,0.50652266,0.4529534,0.491593,0.54225886
2024-02-07,0.50390416,0.5175452,0.4773857,0.5067638,0.45358998,0.49180478,0.54257935
2022-08-28,0.49808204,0.513344,0.47060132,0.5005647,0.4490113,0.486672,0.53874046
2020-01-05,0.5043986,0.51797515,0.47791463,0.50729924,0.45400625,0.49233937,0.543136
2020-06-23,0.4991279,0.5159614,0.4755693,0.50316995,0.45097607,0.49000823,0.53880453
2022-06-04,0.5037667,0.51724184,0.4771462,0.5064825,0.45294487,0.4916104,0.54222834
2024-12-15,0.5043018,0.51799387,0.477761,0.5072785,0.45397645,0.49218285,0.5430479
2023-06-12,0.5039055,0.5174501,0.47741547,0.5066974,0.4532655,0.49179268,0.54251605
2023-11-03,0.5036133,0.5172829,0.47720483,0.50665236,0.4532991,0.4915268,0.5423208
2024-05-09,0.5042768,0.5176361,0.47802073,0.50734043,0.45366275,0.49228314,0.542926
2020-11-12,0.5042965,0.5179092,0.47777602,0.5071879,0.45392725,0.49215266,0.54296756
2021-01-27,0.5040428,0.5177095,0.47750238,0.50685644,0.45367643,0.4919631,0.5428254
2019-08-28,0.5009499,0.51569474,0.47484136,0.5046275,0.4523284,0.48955166,0.5406355
2023-08-19,0.50296456,0.5165191,0.47633478,0.50587475,0.45263493,0.49074382,0.5415532
2022-03-13,0.5040364,0.5176182,0.47750363,0.50694865,0.4537025,0.49186927,0.5427193
2020-02-13,0.50415987,0.5177784,0.47770435,0.5070055,0.45383805,0.4921434,0.5429622
2024-07-28,0.50338787,0.5170335,0.47696507,0.5063636,0.45306525,0.49136126,0.5421108
2024-10-04,0.5037294,0.5174354,0.47717205,0.5067287,0.45359704,0.49165738,0.54244417
2021-07-06,0.5041718,0.5177008,0.4775829,0.50685924,0.45367393,0.49190122,0.54269606
2020-12-24,0.50429404,0.51787627,0.4778224,0.5072144,0.45390326,0.4922222,0.54302716
2019-08-31,0.50116867,0.5159658,0.47526538,0.5050179,0.4528019,0.48981723,0.5408627
2024-09-08,0.50306994,0.51682115,0.4766775,0.50613797,0.45299926,0.4910703,0.5417949
2022-12-13,0.50407946,0.5176512,0.47758046,0.5069812,0.45362055,0.49188766,0.54270256
2023-06-17,0.5037989,0.5172662,0.4772086,0.5065248,0.45319673,0.49163133,0.5423352
2022-07-03,0.5031494,0.5166008,0.47646827,0.5056486,0.45270112,0.49058965,0.5415645
2022-12-28,0.50369555,0.5172464,0.47718787,0.50652516,0.45320064,0.49143633,0.5422512
2020-02-20,0.50412893,0.5177573,0.47764686,0.5069709,0.45378962,0.49209103,0.5429073
2024-07-30,0.5037322,0.51739776,0.4772928,0.50665313,0.45343092,0.491698,0.5424679
2023-12-11,0.5043705,0.5179383,0.47780466,0.5072647,0.4539231,0.4921672,0.543033
2023-09-25,0.502328,0.51511204,0.475132,0.5041834,0.45197114,0.48886234,0.5404103
2020-12-29,0.5043269,0.5179037,0.4778446,0.5072232,0.45392507,0.49224922,0.54305047
2019-09-26,0.5029311,0.5165942,0.47652403,0.50605017,0.45277658,0.49120796,0.54139906
2024-09-27,0.50309634,0.5168022,0.47654125,0.5059096,0.45285645,0.4912038,0.5417525
2021-05-10,0.50422037,0.5177486,0.4777189,0.5070877,0.45384875,0.49218315,0.542946
2023-12-08,0.50440514,0.5179452,0.47780764,0.507265,0.4539184,0.49216303,0.5430546
2021-02-21,0.50428915,0.51778185,0.47773206,0.5071651,0.4538674,0.4921433,0.54297894
2019-06-09,0.50362086,0.5171304,0.47703683,0.50634235,0.45311233,0.49136335,0.54225206
2020-09-17,0.5032328,0.5169956,0.47691333,0.5062934,0.45316535,0.49113044,0.54192555
2023-02-04,0.503896,0.5174698,0.47731963,0.50667375,0.45333937,0.49146572,0.54232824
2019-09-02,0.50118023,0.5161223,0.47546256,0.5051853,0.45304546,0.489917,0.540988
2024-08-18,0.5035855,0.51722974,0.47714597,0.50658077,0.45337528,0.49158928,0.54231375
2019-06-29,0.5036309,0.51710415,0.47693482,0.50627553,0.45307386,0.49132764,0.5421555
2020-11-05,0.50432354,0.51793104,0.47780856,0.5072056,0.4539462,0.49220705,0.54302937
2020-06-05,0.5040098,0.5175874,0.47746846,0.5068488,0.45348415,0.49196377,0.54266304
2019-10-29,0.50424594,0.5178042,0.47767514,0.50700855,0.4537406,0.49200976,0.5428617
2020-03-09,0.5039149,0.51750857,0.4772866,0.5066241,0.45349064,0.49181846,0.54262674
2020-09-19,0.5034474,0.5171306,0.4770128,0.5065792,0.45325682,0.49127632,0.5421089
2019-07-13,0.5038196,0.51737,0.47731528,0.5067201,0.4534669,0.49176875,0.5425175
2022-12-14,0.5038948,0.51746035,0.47739068,0.50677246,0.45340303,0.49164027,0.54247546
2020-02-25,0.50398237,0.51764655,0.47745025,0.50676197,0.45361868,0.4919134,0.5427725
2019-08-24,0.50102675,0.5152084,0.47445333,0.5038859,0.45140153,0.48926854,0.5402981
2019-12-28,0.5043945,0.5179582,0.47791278,0.50729525,0.45397508,0.49232665,0.54311734
2024-10-09,0.50374234,0.5174599,0.47710103,0.50673914,0.45351604,0.4914908,0.5423175
2023-04-13,0.5038489,0.51711446,0.47718245,0.5065576,0.4532737,0.49166164,0.5423655
2019-09-20,0.5021002,0.515877,0.4760286,0.50569534,0.452003,0.49057966,0.54076153
2022-01-20,0.50437534,0.5179502,0.4778941,0.50727665,0.4539922,0.49231526,0.54310423
2020-06-01,0.50283885,0.5164449,0.47639257,0.50573254,0.45247823,0.4908379,0.5414983
2023-11-01,0.50349176,0.51712954,0.47704858,0.5065032,0.45317528,0.49138463,0.5421656
2021-03-08,0.5040482,0.5174395,0.4775037,0.50697196,0.45365614,0.49185705,0.54267883
2020-08-13,0.5039012,0.5174984,0.47740966,0.506817,0.45352545,0.49182716,0.5425659
2020-03-01,0.5036465,0.5173557,0.47702473,0.50629437,0.45328405,0.49155924,0.54241914
2020-07-09,0.5032911,0.51681453,0.47657952,0.5058498,0.45291153,0.49100244,0.54205424
2019-10-07,0.5035273,0.51709837,0.47698087,0.5063277,0.45315343,0.49145558,0.54201895
2021-06-30,0.50389266,0.51755446,0.4772843,0.5066513,0.45345554,0.49172753,0.5426536
2024-12-30,0.50430715,0.51799077,0.47776243,0.50733364,0.45395476,0.49214727,0.5430412
2023-05-25,0.50409895,0.51792306,0.47756103,0.5071233,0.45359194,0.4920272,0.542727
2022-03-17,0.5040952,0.51751834,0.4775294,0.5070812,0.4537156,0.49186927,0.5427073
2019-10-14,0.50371444,0.5172846,0.47713584,0.5064167,0.45325938,0.49153063,0.5422227
2024-05-26,0.50372463,0.51728296,0.47713685,0.50666445,0.45306495,0.49148622,0.5422285
2024-09-21,0.5029088,0.5166024,0.47635868,0.5057014,0.45269707,0.49089098,0.54164296
2024-01-04,0.50436324,0.51795053,0.47786373,0.50725687,0.45397604,0.49228746,0.5430886
2023-03-07,0.5036834,0.5174521,0.47726738,0.50662696,0.4534164,0.49152353,0.54227775
2022-05-30,0.5040887,0.51771665,0.47754374,0.50696665,0.4536001,0.49193907,0.54261625
2020-06-04,0.5037835,0.5173931,0.47728997,0.50661695,0.45326328,0.49174297,0.54244643
2021-02-01,0.5038345,0.5174907,0.47723055,0.50658345,0.45347485,0.4917178,0.54259926
2021-03-12,0.50412756,0.51753336,0.477557,0.5070617,0.45374364,0.4918942,0.542755
2019-03-28,0.5039073,0.5173908,0.47736412,0.5067583,0.45356086,0.49178776,0.54258496
2024-01-06,0.504354,0.5179397,0.47785908,0.5072695,0.45396566,0.49227273,0.5430719
2024-12-18,0.5042601,0.518021,0.4777164,0.5072657,0.4539797,0.49214837,0.54303473
2024-11-24,0.5042052,0.51794004,0.4776696,0.50724494,0.45391673,0.49207157,0.5429453
2020-06-30,0.50387776,0.5175326,0.47729486,0.50663185,0.4534468,0.49171552,0.542695
2022-11-02,0.503929,0.5175358,0.4774222,0.50678563,0.45355526,0.4918184,0.5425983
2024-04-24,0.5042367,0.51777273,0.47774532,0.5071301,0.45383486,0.4921773,0.54293084
2019-05-08,0.50419265,0.5177004,0.4776994,0.5070516,0.4537794,0.49214283,0.5429156
2022-03-26,0.503968,0.51717836,0.47726357,0.5069462,0.4536235,0.49160787,0.54251796
2022-09-25,0.49974585,0.5149333,0.4740582,0.5039589,0.45178032,0.4883155,0.53922266
2020-03-15,0.50423825,0.5175989,0.47756866,0.50697404,0.45366603,0.49206984,0.54282343
2023-09-17,0.5015004,0.5146511,0.47461236,0.5039068,0.4512873,0.4886053,0.53968644
2024-12-16,0.504234,0.5180184,0.4777017,0.5072928,0.45398235,0.49209663,0.54300696
2023-06-05,0.50317264,0.51681745,0.476565,0.506064,0.4526469,0.49113962,0.54172254
2019-06-10,0.50370675,0.51723605,0.4771449,0.5064656,0.45322308,0.49152502,0.5423714
2021-06-27,0.50395465,0.5175314,0.47739005,0.5067354,0.45341602,0.4917258,0.54264843
2020-01-27,0.50422484,0.5178096,0.47776818,0.50710326,0.45387262,0.4922022,0.54298276
2024-04-09,0.50427735,0.51776797,0.47772956,0.50713557,0.45378187,0.49215546,0.54292417
2021-04-26,0.5042539,0.5176283,0.47763118,0.5070156,0.45376676,0.49208623,0.5428513
2019-03-29,0.50376785,0.5172231,0.4772205,0.50663865,0.45344546,0.49164534,0.5424193
2021-05-30,0.50200814,0.516347,0.47890303,0.50673974,0.45009258,0.49013674,0.54351157
2022-11-17,0.504089,0.51770544,0.47759232,0.5069787,0.45368326,0.4919244,0.5427746
2021-05-03,0.5041889,0.51767534,0.4776686,0.5070193,0.4537755,0.49211374,0.5428814
2022-06-19,0.5037054,0.5172238,0.47714034,0.5064247,0.45312995,0.49140698,0.54224974
2023-08-14,0.50242203,0.5159661,0.475872,0.5053646,0.45215386,0.490285,0.54089004
2022-09-14,0.50091845,0.51563966,0.47500774,0.5047065,0.4523399,0.48945284,0.5402502
2023-01-18,0.5038413,0.51737213,0.47726113,0.5066222,0.4532565,0.491363,0.5422547
2020-11-22,0.50427985,0.5179028,0.47776842,0.50719345,0.4538957,0.49214813,0.5429139
2023-07-06,0.5014444,0.51504356,0.47496432,0.50411844,0.45121303,0.48942629,0.54016006
2024-05-07,0.50413203,0.51763237,0.47775245,0.50713307,0.4537269,0.49219117,0.5428796
2023-04-11,0.50354564,0.51687425,0.47696525,0.5062881,0.4531018,0.49142528,0.5421202
2024-07-25,0.50203484,0.51566833,0.475547,0.5047984,0.45175463,0.49002382,0.54078853
2023-06-15,0.50386006,0.5173119,0.47728488,0.50656575,0.45311144,0.49168164,0.5423036
2021-05-29,0.501776,0.51623684,0.47917423,0.50682145,0.44960067,0.48990798,0.5436753
2023-01-28,0.5039047,0.5174701,0.47738287,0.5066713,0.4533638,0.49162227,0.5424021
2020-06-22,0.49874383,0.5159446,0.475526,0.50299734,0.45086312,0.48994175,0.5385786
2019-07-02,0.50371885,0.51731515,0.47721145,0.50661963,0.45330527,0.49165928,0.5423555
2019-06-19,0.5030844,0.51663244,0.47641632,0.50569856,0.4526831,0.49078822,0.54176277
2023-05-16,0.50428766,0.51787055,0.47750863,0.5072061,0.4537803,0.49223033,0.54287356
2020-06-25,0.502518,0.5169755,0.47677845,0.5055499,0.45263547,0.49114114,0.54154366
2021-10-05,0.5028137,0.5164721,0.47640824,0.50575304,0.45237702,0.49066368,0.541462
2022-08-09,0.50340796,0.51704603,0.47689164,0.5063091,0.4530899,0.49139735,0.5420894
2021-10-30,0.50235647,0.51719904,0.4768924,0.50571865,0.45288482,0.49131832,0.54137975
2021-01-08,0.50429666,0.517915,0.47779498,0.5072129,0.45393175,0.49224043,0.54304147
2022-01-26,0.50428224,0.5178501,0.47780368,0.5071707,0.45389423,0.49222225,0.54299474
2021-07-26,0.5035646,0.51716465,0.47704542,0.5063363,0.4533215,0.49156582,0.54213744
2021-09-11,0.503581,0.517173,0.4770105,0.5064989,0.4529718,0.49128783,0.5422909
2023-03-05,0.5036294,0.5174937,0.4772337,0.5066042,0.45341855,0.49144378,0.5422336
2023-12-04,0.5043833,0.51792353,0.477799,0.5072515,0.4539021,0.49216026,0.54303396
2020-10-23,0.5039899,0.5175509,0.47744048,0.506913,0.45361495,0.4918669,0.54257
2023-10-08,0.502039,0.51507944,0.4750556,0.5042765,0.4517319,0.4890193,0.54021364
2023-12-14,0.5043855,0.51790416,0.4777998,0.5072609,0.453895,0.49215162,0.5430081
2019-04-02,0.5033293,0.51671153,0.47673652,0.50614464,0.45304844,0.49119094,0.5419493
2023-09-30,0.5018749,0.515004,0.4749944,0.50426453,0.45160365,0.48905006,0.54011613
2022-01-09,0.5044103,0.51798344,0.4779289,0.50731075,0.45402566,0.49235266,0.54314315
2022-09-30,0.5010086,0.51565236,0.47512493,0.5048163,0.45208055,0.48934487,0.5402064
2024-08-24,0.5034069,0.51702803,0.47698456,0.5063891,0.45320582,0.49137795,0.54208493
2021-09-06,0.5036152,0.51718175,0.47707194,0.50657517,0.45302603,0.49132985,0.5422989
2021-11-29,0.50418437,0.51780766,0.47770578,0.50712895,0.4538028,0.49207157,0.5428832
2023-08-17,0.5030289,0.5166121,0.4764888,0.505935,0.45280072,0.49092016,0.541655
2024-01-13,0.5043535,0.51794124,0.47786376,0.5072651,0.4539635,0.4922685,0.5430813
2023-04-17,0.5039245,0.51695305,0.4770204,0.50645345,0.45294455,0.49150774,0.5421688
2023-09-22,0.50228894,0.5155022,0.47548,0.5047348,0.4519967,0.48960775,0.5406251
2023-01-06,0.5040092,0.51758325,0.4775345,0.50691104,0.4535592,0.49183294,0.5426311
2021-03-18,0.5035754,0.51693755,0.4770363,0.50646704,0.45322004,0.49138615,0.54213566
2022-07-29,0.5039065,0.5174925,0.47741818,0.50681645,0.4534976,0.49182037,0.54257864
2022-08-05,0.5038713,0.51746595,0.47739846,0.5067751,0.45350376,0.49183223,0.5425424
2019-12-09,0.5043565,0.51791245,0.47790313,0.50728744,0.45393047,0.4922855,0.5430767
2023-01-19,0.5038456,0.5173808,0.47727054,0.50663173,0.45325747,0.49136966,0.5422425
2024-07-06,0.503065,0.51651293,0.47641587,0.5052668,0.45273268,0.490457,0.541408
2022-02-20,0.5040513,0.51771927,0.4775051,0.50682527,0.45369205,0.49198645,0.54282427
2020-07-06,0.50355995,0.51705235,0.476753,0.5060433,0.45308912,0.49114537,0.542297
2022-02-28,0.50375015,0.5174951,0.47713923,0.50643754,0.45342916,0.49169168,0.54255235
2021-03-04,0.5040137,0.5173745,0.47744986,0.50688034,0.45361707,0.49184725,0.54265237
2020-09-24,0.5037596,0.5174144,0.47729442,0.50678766,0.45348603,0.4916454,0.54245126
2024-03-08,0.503535,0.5170923,0.47706315,0.50646806,0.453095,0.49139142,0.54216015
2024-10-15,0.50369036,0.51746684,0.4769933,0.50672054,0.4535782,0.49135897,0.54218495
2023-03-18,0.50298375,0.5167069,0.4765777,0.50589,0.45298058,0.49090314,0.5417029
2019-06-02,0.50054204,0.5152376,0.4793967,0.50651807,0.44759,0.48868337,0.5435902
2020-09-28,0.503952,0.5175446,0.47744972,0.5069153,0.45363072,0.4918734,0.54266244
2019-07-01,0.50387716,0.51746905,0.47733653,0.50674707,0.45342904,0.49174136,0.5424755
2024-03-28,0.50415367,0.51759225,0.4775682,0.5069734,0.45363575,0.49203452,0.54279107
2020-12-30,0.504311,0.51789737,0.47782278,0.5072303,0.4539243,0.49224022,0.54304415
2023-04-30,0.504374,0.51761955,0.47763342,0.5071076,0.4537369,0.4921675,0.5428303
2020-05-24,0.5041856,0.517774,0.47770214,0.50703824,0.45371506,0.49216014,0.5428694
2019-11-19,0.5043014,0.5178936,0.4778028,0.50718415,0.45386437,0.49219966,0.5430236
2020-01-29,0.5043308,0.51792276,0.47785398,0.507217,0.45397794,0.492292,0.54308414
2023-05-05,0.5043562,0.5177518,0.47772008,0.50718004,0.4538622,0.49227414,0.54294235
2019-10-26,0.50419647,0.517789,0.4775816,0.5069603,0.45369363,0.49189314,0.54278415
2023-05-24,0.5040798,0.51794106,0.47750574,0.50709915,0.4535324,0.4920047,0.5426828
2023-06-07,0.50348634,0.5170992,0.47697663,0.5063229,0.4529439,0.49140814,0.5421306
2022-04-02,0.5042452,0.51757014,0.47757626,0.5072329,0.45385242,0.49195412,0.5428523
2023-01-23,0.50392294,0.5174456,0.47734484,0.5066889,0.45333338,0.49148616,0.5423362
2019-06-27,0.5031722,0.51671416,0.47641313,0.5056095,0.4527545,0.49085867,0.5418685
2022-07-31,0.50406545,0.51761574,0.47757006,0.50695795,0.4536346,0.49197033,0.5427496
2022-03-16,0.5038396,0.51724017,0.4772499,0.5067395,0.45346808,0.4916127,0.5424499
2020-12-11,0.5043753,0.51797855,0.47789273,0.5072806,0.453986,0.49231094,0.5431157
2024-04-01,0.5041435,0.5175932,0.47757155,0.50696933,0.45361882,0.4920224,0.5427489
2021-08-04,0.5048716,0.51659435,0.47600102,0.5050487,0.45469332,0.49059296,0.54062814
2020-12-06,0.5043696,0.5179747,0.47788033,0.50726634,0.45397577,0.4922926,0.5430936
2020-12-21,0.50436306,0.5179533,0.47788322,0.5072801,0.45396438,0.49229208,0.5431026
2020-11-13,0.5043174,0.51789755,0.4777857,0.5071725,0.45390856,0.49217448,0.54296875
2021-08-25,0.50412387,0.5176235,0.4775556,0.506988,0.45354182,0.49188116,0.5427041
2023-02-08,0.50389165,0.51746905,0.4773154,0.5065938,0.45326313,0.4913882,0.5422353
2022-11-23,0.50399184,0.5176085,0.4775133,0.50688505,0.453579,0.49181435,0.54264605
2023-12-10,0.50438917,0.51792824,0.47781488,0.5072657,0.45392025,0.49217793,0.543044
2023-01-21,0.50384945,0.5173918,0.47729677,0.5066419,0.453275,0.4914292,0.5422834
2024-12-10,0.5042724,0.517994,0.4777362,0.50729704,0.4539578,0.49213266,0.5430231
2023-04-18,0.50405055,0.51721674,0.47725174,0.50667197,0.45325324,0.49173203,0.5424392
2023-12-29,0.5043724,0.5179475,0.4778666,0.5072875,0.45397255,0.4922648,0.54307634
2023-12-27,0.50436735,0.51794964,0.4778575,0.50728697,0.45397857,0.49225846,0.54306895
2020-10-21,0.5040203,0.5175363,0.47746187,0.50700897,0.45364395,0.49195674,0.5426002
2020-11-03,0.5042992,0.5178905,0.47776785,0.5071518,0.4539069,0.49214768,0.5429566
2022-11-08,0.5041201,0.51766646,0.4775884,0.5069486,0.45369264,0.4919856,0.54276127
2021-04-14,0.5040357,0.5174065,0.47738796,0.50682604,0.453463,0.49178702,0.5425914
2021-08-31,0.50414896,0.5175003,0.47736603,0.50695467,0.4532746,0.49158496,0.54266256
2021-10-09,0.5028108,0.51679754,0.4768616,0.50591475,0.4525327,0.490932,0.54175246
2024-07-10,0.503394,0.51706076,0.4769204,0.50614184,0.45313248,0.49118668,0.54197764
2023-12-21,0.5043894,0.5179446,0.4778586,0.5072785,0.4539753,0.49225777,0.54307944
2023-04-16,0.5037181,0.51684713,0.47695234,0.5063139,0.45288497,0.49143612,0.5420762
2020-04-06,0.5030479,0.51598567,0.4762436,0.5055749,0.4524046,0.49070823,0.54138523
2023-09-05,0.50005585,0.5135135,0.47343263,0.50290406,0.4499501,0.48765364,0.538249
2020-07-29,0.50402164,0.5176687,0.47756353,0.50693554,0.45369342,0.49197814,0.54277575
2020-07-30,0.503966,0.5176149,0.47751004,0.506887,0.45364183,0.49192852,0.5427154
2023-08-21,0.50279886,0.5164127,0.47626224,0.5057718,0.45256603,0.49071306,0.54145974
2023-05-27,0.5040486,0.5180043,0.47762206,0.50714415,0.45351592,0.49197876,0.54281306
2022-02-16,0.504128,0.5177504,0.47760856,0.5069533,0.45376745,0.49206793,0.5428731
2019-10-09,0.5036673,0.51722425,0.477102,0.50643265,0.45326358,0.49158332,0.5421854
2023-10-24,0.5033926,0.5169622,0.47683504,0.50625366,0.4530854,0.4912258,0.54198015
2023-09-10,0.49972823,0.5131982,0.47301197,0.5025518,0.4497089,0.4872261,0.5378543
2020-09-27,0.5039613,0.51755834,0.47745037,0.50692856,0.45367125,0.49188802,0.5426831
2021-12-05,0.5042839,0.5178599,0.477805,0.5071977,0.45386922,0.49219608,0.54299015
2024-09-24,0.501781,0.51555717,0.47520646,0.504098,0.45124128,0.49026576,0.5404848
2024-01-26,0.50418013,0.51780605,0.47769096,0.5070832,0.45382732,0.49209294,0.5428889
2019-09-24,0.5026147,0.51629615,0.47624296,0.50580263,0.4524859,0.49101126,0.54105586
2020-10-01,0.5039345,0.5175491,0.47742155,0.50690484,0.45363048,0.49185675,0.54262996
2021-09-02,0.50409275,0.51744926,0.47723827,0.5068627,0.453123,0.49142593,0.54262793
2024-04-08,0.5042252,0.5176924,0.47770044,0.5070641,0.45373356,0.4921583,0.54288775
2022-09-07,0.50218046,0.5163177,0.47590998,0.5055045,0.45263678,0.49041006,0.54109144
2020-08-29,0.50349534,0.51718724,0.47705948,0.5064609,0.45334315,0.49149093,0.542278
2019-04-12,0.5038031,0.5171907,0.47723457,0.5065959,0.45344424,0.49167755,0.54248804
2022-07-16,0.502877,0.51667583,0.4765585,0.5058985,0.45261025,0.49087235,0.541461
2020-09-20,0.50335497,0.51706976,0.47693643,0.50652343,0.45317534,0.49119657,0.54201996
2023-10-14,0.5027477,0.515884,0.47582692,0.5050278,0.45240375,0.48983875,0.54103595
2023-05-17,0.50427884,0.5179018,0.4775657,0.5072287,0.45380145,0.49224478,0.5429117
2023-08-05,0.5034333,0.5170348,0.47688407,0.50643605,0.45320907,0.49136212,0.54209214
2022-01-22,0.5043545,0.51793015,0.47787684,0.5072545,0.45397437,0.4923063,0.5430861
2020-12-23,0.5042856,0.51788056,0.47782567,0.5072125,0.45388332,0.49220514,0.543034
2019-11-26,0.50428236,0.5178319,0.47777766,0.5071715,0.45381507,0.49217424,0.5429761
2022-02-11,0.5041181,0.51772076,0.47763717,0.5069884,0.45375046,0.49206397,0.5428425
2021-08-03,0.5045125,0.5168585,0.47644743,0.5055341,0.45425928,0.4909882,0.5412449
2022-06-24,0.50386226,0.51742315,0.4773292,0.50660205,0.45339748,0.49160418,0.5424638
2020-05-10,0.50423026,0.5177797,0.47772652,0.507065,0.45378575,0.49215028,0.5429311
2021-11-26,0.5042382,0.51782143,0.47774875,0.5071465,0.45381215,0.49213162,0.54293096
2021-01-15,0.50427806,0.5178841,0.47775698,0.5071674,0.4538987,0.49219844,0.54302007
2020-11-16,0.504263,0.5179005,0.47776416,0.5071951,0.45391467,0.4921512,0.54293966
2024-04-29,0.50418,0.51768535,0.47771138,0.50706106,0.4537627,0.49212158,0.5428641
2023-01-16,0.50380236,0.51732874,0.47726932,0.5066106,0.4532565,0.49144474,0.5422847
2024-05-16,0.50104415,0.51452684,0.47465396,0.5038865,0.45072636,0.48903903,0.53956443
2023-10-13,0.50258666,0.5156106,0.47560582,0.5047406,0.4522381,0.48954773,0.540806
2020-03-08,0.5036481,0.5173374,0.47698405,0.5062714,0.4532653,0.49157193,0.5424228
2024-09-06,0.5030131,0.5167058,0.47656414,0.5060308,0.45285308,0.4909151,0.5417028
2023-08-08,0.5033558,0.5169169,0.47681758,0.5062993,0.4530821,0.49127707,0.5419733
2020-02-09,0.5041403,0.5177696,0.47771367,0.5070034,0.4538226,0.49214226,0.54295343
2020-11-19,0.5042795,0.5178942,0.4777475,0.5071854,0.45389944,0.49213013,0.5428964
2024-03-24,0.504148,0.5176406,0.47755146,0.50697637,0.45370853,0.49202472,0.5428199
2021-03-07,0.504215,0.5176029,0.47763118,0.5071427,0.45380425,0.49197668,0.5428563
2023-09-18,0.5016106,0.51480126,0.4747346,0.5040617,0.45144105,0.4887427,0.5396064
2024-08-01,0.5038684,0.5174373,0.47740108,0.50671357,0.45343336,0.49178842,0.5425353
2020-03-22,0.5043723,0.51784873,0.4778027,0.5073087,0.453975,0.49223095,0.5430626
2021-10-23,0.50324535,0.5174326,0.4771583,0.50632435,0.4532271,0.49152446,0.54206127
2023-04-09,0.50325024,0.5164914,0.4766559,0.50593185,0.4526614,0.491124,0.5417524
2024-04-15,0.50413233,0.51766306,0.4776261,0.50701195,0.45369723,0.4920604,0.54280597
2024-09-01,0.5027061,0.51639754,0.4762678,0.50570524,0.45258912,0.49066567,0.5413085
2024-09-23,0.5009831,0.5147741,0.4743314,0.5031015,0.4503408,0.4895715,0.53968173
2021-11-07,0.5025604,0.51733005,0.47696513,0.505796,0.45282146,0.49127465,0.5415967
2021-01-09,0.5042874,0.5178836,0.47777778,0.50719017,0.45391044,0.49222195,0.54301304
2022-01-08,0.5044054,0.5179824,0.47791648,0.5073071,0.4540284,0.4923408,0.5431337
2021-12-28,0.5044006,0.517969,0.47791365,0.5072996,0.45400205,0.49233693,0.54313177
2022-06-17,0.5034518,0.5169079,0.4768474,0.5061657,0.452863,0.49126193,0.5419347
2020-11-14,0.50426894,0.5178757,0.47775066,0.50715935,0.4538852,0.49212766,0.5429266
2023-10-02,0.5017327,0.5149652,0.4749607,0.50430524,0.45148998,0.48912984,0.5400208
2020-04-15,0.50402105,0.51737267,0.47734803,0.50688964,0.45351112,0.49184838,0.54252815
2021-02-02,0.50380784,0.5174751,0.47720206,0.5065364,0.45345348,0.49169478,0.5425834
2024-08-16,0.50352967,0.51714617,0.47707465,0.50648904,0.45326284,0.4914868,0.54221356
2024-11-19,0.50403655,0.5178996,0.4775021,0.5071783,0.4538587,0.49188727,0.54280674
2023-01-05,0.50372505,0.51727194,0.47721595,0.50657284,0.45322612,0.49144614,0.5422631
2019-08-23,0.50191176,0.5159308,0.47541282,0.50483304,0.452155,0.49007055,0.54097354
2022-09-29,0.5008064,0.51548,0.4748869,0.5045994,0.4520073,0.48913178,0.53998
2024-09-02,0.5028438,0.5165116,0.4763872,0.5057935,0.45268998,0.49080008,0.5414636
2020-02-22,0.50399566,0.51761097,0.47749254,0.50681186,0.45365307,0.49196163,0.5427451
2019-11-07,0.5043185,0.5178833,0.47779334,0.5071513,0.45382398,0.49214804,0.54298246
2021-07-09,0.50410163,0.51758134,0.47745243,0.50669765,0.45357066,0.49183968,0.54262424
2024-02-11,0.5036261,0.51727194,0.47713768,0.5065091,0.45335102,0.49151024,0.5422486
2023-12-06,0.5043744,0.51794267,0.47779724,0.5072591,0.45392627,0.49216282,0.54303473
2024-03-31,0.5041626,0.5176277,0.47760057,0.5069985,0.45363337,0.49204105,0.5427505
2021-12-30,0.50440484,0.51796746,0.47791255,0.50730354,0.45400515,0.49233606,0.54313153
2019-05-11,0.50410634,0.5176131,0.4776017,0.5069607,0.45370406,0.4920505,0.5428208
2022-01-11,0.5044059,0.5179838,0.4779282,0.5073009,0.4540246,0.49235174,0.54313976
2022-02-12,0.5041059,0.5176902,0.47760096,0.50695574,0.45372066,0.49203256,0.54280823
2022-02-15,0.5041375,0.5177533,0.47762984,0.5069815,0.45377618,0.4920717,0.5428818
2024-06-22,0.5036416,0.5172712,0.47746998,0.5066059,0.45279345,0.49146944,0.5422613
2023-06-29,0.50289893,0.51647997,0.47639483,0.5057431,0.4525382,0.49087593,0.54161495
2021-05-26,0.50382787,0.517566,0.4780556,0.5070629,0.4531176,0.49178702,0.5431529
2023-01-25,0.5038633,0.5173852,0.47730264,0.5066339,0.4532749,0.49147567,0.54229355
2019-06-13,0.50356007,0.51707834,0.4769424,0.50622684,0.45310292,0.4912281,0.5422661
2023-08-23,0.5027758,0.51640993,0.4762887,0.505718,0.4525456,0.49066827,0.54137665
2023-11-29,0.50434613,0.5178681,0.47775072,0.5071785,0.45385313,0.49210286,0.542961
2021-04-07,0.5037271,0.51709837,0.4771141,0.5065515,0.45330352,0.49150378,0.54229844
2020-10-18,0.5039544,0.51749027,0.47741655,0.5070032,0.4536107,0.49193722,0.54254127
2024-06-19,0.5034694,0.5170745,0.47766426,0.5065188,0.4522382,0.49129915,0.5421571
2024-05-18,0.50007457,0.5135455,0.4737239,0.50293565,0.4498105,0.4881082,0.53857493
2023-12-13,0.5043738,0.51791316,0.47781152,0.5072605,0.45391294,0.49217078,0.5430267
2024-04-22,0.5040939,0.51760435,0.4775976,0.5069674,0.4536789,0.49201766,0.5427532
2021-04-24,0.5043101,0.5177667,0.47773957,0.50713015,0.4538562,0.4921874,0.542948
2023-08-03,0.5035695,0.5171748,0.47704852,0.50655836,0.45333868,0.49152145,0.54227364
2020-09-30,0.5039201,0.5175252,0.4774141,0.5068963,0.4536179,0.49184066,0.54264027
2023-09-01,0.5018346,0.515248,0.47517836,0.504571,0.45154977,0.4894937,0.54021585
2023-08-12,0.5025282,0.51606417,0.47592402,0.505487,0.45221314,0.49033734,0.54098
2023-05-15,0.50425136,0.51782066,0.47757658,0.50713104,0.45378402,0.49219626,0.54287595
2021-12-13,0.5043228,0.51791483,0.47783393,0.50722134,0.45392272,0.49225992,0.543049
2022-11-05,0.5040856,0.5176611,0.47755235,0.5069241,0.4536807,0.4919528,0.5427491
2020-10-12,0.503989,0.5175257,0.477456,0.5069564,0.45357174,0.491936,0.5426043
2023-07-12,0.50358665,0.51728433,0.47706187,0.5064803,0.4533236,0.49154794,0.5422427
2020-10-07,0.50391114,0.51749027,0.47739157,0.5068638,0.45358238,0.49184653,0.54257727
2021-11-04,0.50259036,0.51744586,0.4769457,0.5058459,0.45286596,0.49124986,0.54164976
2022-06-14,0.5034505,0.5169386,0.47684416,0.50618786,0.4528681,0.49120262,0.54197484
2020-10-14,0.5040174,0.51757437,0.47750074,0.5070121,0.4536456,0.4919775,0.54264534
2024-12-12,0.5043323,0.5179881,0.4778052,0.5072978,0.4539808,0.4922167,0.5430681
2020-12-15,0.50435096,0.51795244,0.47787762,0.5072676,0.45396134,0.49229133,0.543089
2023-07-30,0.5036349,0.5172185,0.4770864,0.5066284,0.45335662,0.4915504,0.5422846
2020-07-08,0.5033632,0.51701015,0.47667465,0.5060611,0.4530106,0.4912393,0.54222506
2022-02-17,0.504143,0.5177672,0.4776137,0.506963,0.4537772,0.49206495,0.54289067
2021-06-17,0.50113714,0.5146146,0.474736,0.50394166,0.45083997,0.48912954,0.53975517
2024-02-28,0.50342,0.5171806,0.47707728,0.50655156,0.45324433,0.4912375,0.54210746
2021-12-22,0.5043936,0.5179803,0.4779217,0.5073048,0.45400545,0.4923405,0.5431304
2021-10-10,0.5025858,0.5167327,0.47684568,0.5058097,0.4523264,0.49082354,0.54162747
2024-09-04,0.5029515,0.51662016,0.47649047,0.5059559,0.4528101,0.49089545,0.5415922
2021-12-11,0.5043112,0.517934,0.47783655,0.50723314,0.45393333,0.49224505,0.5430426
2022-05-08,0.50389725,0.51727325,0.47727108,0.50662386,0.45333162,0.49174672,0.54241836
2019-07-06,0.5036949,0.51725656,0.4771804,0.5065869,0.45327577,0.49157894,0.54233253
2022-04-20,0.50402933,0.51745135,0.4774645,0.50691354,0.45360178,0.49197474,0.5426391
2024-04-25,0.50423425,0.51777714,0.47774407,0.50712276,0.45383638,0.4921709,0.54292166
2024-10-14,0.5037032,0.5174642,0.47699013,0.5067045,0.45359686,0.49137336,0.54219836
2020-03-05,0.50367796,0.51734823,0.47701368,0.50629485,0.45326617,0.49156362,0.54242355
2020-03-28,0.5037197,0.5168597,0.47701335,0.50649345,0.4531333,0.49141675,0.5421671
2020-03-07,0.5035883,0.51734126,0.47693753,0.50619096,0.4532227,0.49152884,0.5424089
2023-02-22,0.50327086,0.5169939,0.47685444,0.50621706,0.45295525,0.4911233,0.54180866
2022-07-20,0.5029418,0.51679593,0.47666976,0.50604224,0.45284864,0.4910635,0.5418017
2019-09-29,0.5032187,0.51685524,0.47675624,0.5061527,0.4529493,0.49132398,0.54170716
2022-12-03,0.50391704,0.5174835,0.47739395,0.50678223,0.45344347,0.49164832,0.54249454
2019-12-25,0.5044017,0.51796937,0.47791758,0.50729275,0.4539852,0.49233463,0.54313046
2023-06-21,0.50374126,0.51723135,0.47713155,0.5064448,0.45318067,0.49153304,0.5422269
2024-09-30,0.5033842,0.5170983,0.47683153,0.50622225,0.45313329,0.4914258,0.54201555
2023-02-13,0.50404227,0.5176009,0.47728536,0.5067092,0.4533325,0.4911237,0.5421591
2020-05-06,0.5042018,0.5177382,0.47769496,0.5070496,0.45377088,0.49213243,0.54289854
2024-09-03,0.5029159,0.5165923,0.47645998,0.5058908,0.452762,0.49087235,0.5415384
2023-09-04,0.50054204,0.5139403,0.47390357,0.5033387,0.45033163,0.48814216,0.5387655
2024-02-01,0.5040654,0.5176809,0.4775593,0.50694835,0.4537318,0.49196428,0.5427609
2022-05-19,0.5040215,0.5176824,0.47752202,0.50697166,0.4535717,0.49197808,0.5426465
2024-09-22,0.5018012,0.5155094,0.4751881,0.5041748,0.4513537,0.49005845,0.54051465
2022-09-09,0.50201946,0.51622474,0.4757774,0.5053949,0.45258242,0.49024364,0.54091775
2023-11-18,0.50416285,0.51778954,0.4776007,0.5070428,0.4537454,0.4919441,0.5428152
2019-11-03,0.5043127,0.51788545,0.4777787,0.5071332,0.4538131,0.4921252,0.5429746
2022-03-14,0.5039434,0.5174827,0.47740546,0.5068487,0.45360652,0.49177894,0.5426051
2023-10-04,0.501954,0.5152067,0.47517726,0.50451404,0.45168543,0.4893597,0.540252
2020-06-15,0.5032243,0.51698947,0.47697458,0.5060308,0.452726,0.49131984,0.5418018
2022-01-17,0.5043892,0.5179588,0.4779021,0.50728816,0.4539973,0.49232122,0.54311824
2021-04-11,0.50361985,0.51692224,0.47701898,0.5064086,0.45311546,0.49141073,0.5421504
2023-12-09,0.50434196,0.51792955,0.4777718,0.50727504,0.45391968,0.49213248,0.5430112
2024-03-16,0.50391096,0.51732975,0.47722077,0.5066246,0.45330203,0.49172994,0.5424818
2019-11-21,0.5043119,0.51789886,0.47781923,0.507191,0.45386496,0.49221173,0.54302615
2022-02-06,0.504276,0.5178629,0.47778124,0.5071486,0.45389256,0.4922081,0.5430016
2021-09-03,0.5040101,0.51745576,0.4772147,0.5068071,0.4530527,0.4913387,0.54259026
2019-11-05,0.5042972,0.5178735,0.47774282,0.5071391,0.45379493,0.49209815,0.54293233
2020-10-26,0.50413775,0.51767325,0.47756577,0.50698066,0.45370376,0.49196064,0.5427348
2024-08-22,0.50360113,0.51719177,0.47714287,0.5065499,0.45335755,0.49153435,0.5422659
2020-08-01,0.5039744,0.5176071,0.47752038,0.50689536,0.45364136,0.4919175,0.5426919
2024-09-13,0.50341105,0.5170475,0.47692406,0.50639105,0.4532749,0.49130315,0.54214144
2019-05-30,0.50315225,0.51690036,0.47766057,0.5065777,0.4522969,0.49113515,0.5426763
2021-01-23,0.5041195,0.51774675,0.47759497,0.50696903,0.45374075,0.492041,0.54286605
2022-12-06,0.5039406,0.5174904,0.47735846,0.5067966,0.45338455,0.49151513,0.54242617
2020-09-13,0.50271267,0.516812,0.47672328,0.5058631,0.45289755,0.49102774,0.5415466
2024-09-17,0.50348884,0.5171735,0.47702134,0.5065154,0.45343828,0.49141687,0.54220873
2024-01-21,0.5042865,0.5178919,0.4777944,0.50718397,0.45392114,0.4922141,0.5430153
2024-11-04,0.50370425,0.5175622,0.477061,0.5068705,0.45362845,0.49152416,0.5423507
2023-05-01,0.5043881,0.51753193,0.47754967,0.5070263,0.45363232,0.4921045,0.5427603
2021-09-15,0.503799,0.51731086,0.4771241,0.50667244,0.45314863,0.49147698,0.5424729
2024-06-09,0.5037982,0.517349,0.4773985,0.50669897,0.45340514,0.49178392,0.54232097
2021-02-20,0.50426215,0.51776177,0.4776982,0.5071054,0.45382684,0.49212348,0.5429647
2020-10-19,0.50391424,0.51744765,0.47738668,0.50697225,0.45359018,0.49189764,0.54249275
2023-12-05,0.5043859,0.5179335,0.47780955,0.507251,0.45391524,0.49216282,0.5430389
2020-07-10,0.50312936,0.5166851,0.47645354,0.50573796,0.45276445,0.49090785,0.54188854
2023-07-22,0.503499,0.51717323,0.47702017,0.5065139,0.453287,0.49148574,0.5422082
2021-05-16,0.5042464,0.5177822,0.47773945,0.5070902,0.45386735,0.49220464,0.5429757
2024-12-27,0.5042783,0.51801145,0.47774556,0.5073332,0.45397854,0.49213138,0.5430314
2024-02-05,0.5039662,0.5176149,0.4774633,0.50685143,0.4536528,0.4918604,0.54265183
2019-05-02,0.5042177,0.517678,0.47769663,0.5070291,0.45376542,0.49214768,0.542916
2021-01-20,0.50418335,0.5177883,0.47765946,0.5070435,0.45378703,0.4921001,0.54292196
2020-10-04,0.50387573,0.5174401,0.4773388,0.506813,0.4535174,0.49179682,0.5425165
2024-11-08,0.50366175,0.51772565,0.47705826,0.5069793,0.45371687,0.49147135,0.54239726
2021-09-23,0.50387037,0.5173151,0.47712904,0.5066124,0.4534031,0.49159196,0.5423382
2023-04-23,0.50438803,0.5173865,0.477416,0.5069608,0.45343935,0.49196053,0.54261714
2022-09-16,0.50082666,0.5155641,0.47487995,0.5046255,0.4521887,0.48926437,0.5400497
2021-10-15,0.5010279,0.51627123,0.47712156,0.50516516,0.45096374,0.49012998,0.5412638
2021-07-10,0.5039728,0.51748216,0.4773519,0.50660646,0.45350876,0.49170953,0.54249793
2024-04-23,0.5042116,0.5177442,0.4777117,0.507098,0.45380417,0.49213925,0.54289603
2024-04-03,0.5041613,0.51762575,0.47762477,0.50700974,0.4536732,0.49208695,0.5428103
2022-01-24,0.50433326,0.5179001,0.47784662,0.50722694,0.45393774,0.49226946,0.5430513
2019-06-07,0.50352836,0.5169799,0.47704256,0.5063148,0.4530391,0.49132565,0.54217654
2021-02-03,0.5038089,0.51750094,0.4772109,0.50656694,0.45348787,0.49171987,0.5425952
2021-03-26,0.50122243,0.51440024,0.47481194,0.503884,0.4509442,0.4891281,0.53954077
2020-03-29,0.50380886,0.5169452,0.47709176,0.5065629,0.45324895,0.49153593,0.542303
2019-07-29,0.50346917,0.5172167,0.47687322,0.5062949,0.4532208,0.49146506,0.5423704
2020-09-08,0.5029076,0.5166036,0.47651428,0.50585115,0.4528019,0.49094796,0.5416554
2023-10-18,0.5030962,0.5164779,0.476401,0.5057003,0.45282415,0.4906286,0.5415928
2021-01-22,0.5040882,0.5176875,0.47756094,0.5069511,0.4537093,0.49201393,0.54281414
2019-11-16,0.5043257,0.5179014,0.47782734,0.5071979,0.45385483,0.49218297,0.54302245
2022-08-12,0.50263304,0.5163887,0.47604123,0.5055241,0.45245245,0.49072945,0.54145354
2022-08-26,0.4994386,0.51426184,0.47234803,0.5021567,0.4501601,0.48787433,0.5394356
2022-05-29,0.50404024,0.5177136,0.4775293,0.5069227,0.4535222,0.49189547,0.5425811
2021-10-11,0.5021364,0.51662606,0.47688764,0.50559694,0.45198634,0.49065697,0.54147756
2022-12-18,0.5038471,0.51743585,0.4773412,0.50673515,0.45337337,0.49158534,0.5424278
2021-07-12,0.5037916,0.5174344,0.4772884,0.50640935,0.45343623,0.49173075,0.5423082
2021-04-13,0.5039948,0.5173421,0.477352,0.50679314,0.4534573,0.49175555,0.54256225
2020-07-11,0.50284535,0.5164763,0.47618687,0.5055265,0.45250624,0.49071705,0.54163533
2024-05-04,0.5040369,0.51756686,0.47765943,0.50698185,0.45369932,0.4921329,0.5428494
2022-04-07,0.50414276,0.51750994,0.47750705,0.50699097,0.45364562,0.49194923,0.54275244
2024-09-14,0.50345194,0.517099,0.476945,0.50643647,0.4533231,0.4913211,0.5421498
2021-02-07,0.50374264,0.51745003,0.4771114,0.50646466,0.45345485,0.49163368,0.5425558
2020-02-15,0.504109,0.51774734,0.4776738,0.5069412,0.45379865,0.4921038,0.5429263
2022-12-04,0.5039114,0.51749736,0.47738206,0.50679964,0.45342326,0.49160707,0.54247457
2020-09-29,0.5039511,0.5175738,0.47747412,0.50694627,0.45369112,0.4919134,0.542721
2024-05-10,0.50422037,0.5176673,0.47791636,0.5072531,0.45370406,0.49224973,0.54293346
2024-03-29,0.50416154,0.5176014,0.47759128,0.5069907,0.45365524,0.49205807,0.5428
2024-03-04,0.5034639,0.5171522,0.47708824,0.5065208,0.45312417,0.49130496,0.5421517
2021-03-03,0.50408465,0.51740944,0.4774897,0.5069494,0.45365024,0.4918845,0.5427067
2020-02-23,0.50393695,0.51754546,0.4774158,0.5067092,0.45357847,0.4918816,0.54268706
2022-01-01,0.50439095,0.5179377,0.47787982,0.5072734,0.45396417,0.492296,0.54310524
2021-01-04,0.5043242,0.5179281,0.4778309,0.5072361,0.45395717,0.49226043,0.54307246
2022-08-21,0.5005391,0.5149703,0.47348058,0.5032101,0.4507963,0.48878247,0.5401581
2019-05-18,0.5040095,0.51751816,0.47753266,0.5068723,0.45362785,0.49199748,0.54273045
2022-02-19,0.5041056,0.5177633,0.47757125,0.5069028,0.45375252,0.4920429,0.54286736
2020-02-08,0.5041858,0.5177955,0.47773498,0.5070441,0.45385838,0.49216652,0.5429802
2022-09-19,0.5012115,0.51569307,0.47509006,0.50476193,0.4521527,0.4894545,0.54017603
2021-08-12,0.5033865,0.51667273,0.47661504,0.5064132,0.45330665,0.49132857,0.541609
2023-12-01,0.5043351,0.5178946,0.47774708,0.50722873,0.45386133,0.49209532,0.54297656
2021-02-27,0.50421995,0.51774913,0.47763175,0.50708085,0.45380387,0.49204352,0.5429459
2023-03-22,0.5029484,0.51636153,0.47648317,0.50564426,0.45273837,0.4909474,0.5416194
2019-11-10,0.5043088,0.51787484,0.47779334,0.5071641,0.4538188,0.49216396,0.54298234
2020-08-06,0.5039784,0.5175727,0.47752064,0.5068523,0.45355344,0.4919006,0.54267764
2020-04-05,0.5034872,0.51646423,0.476652,0.5061254,0.452893,0.49108535,0.5418956
2024-12-28,0.5042794,0.5180018,0.47774658,0.5073395,0.45397127,0.49213222,0.5430325
2024-12-23,0.5042626,0.51801485,0.47772464,0.50728834,0.45396468,0.49212274,0.54302377
2020-09-01,0.50354236,0.51726794,0.47715196,0.5065319,0.4533917,0.49155912,0.5423212
2022-04-03,0.5041426,0.51747316,0.47747263,0.507085,0.45372605,0.4918858,0.5427426
2022-01-15,0.50439274,0.51796526,0.47790504,0.5072877,0.45400193,0.492327,0.54311734
2019-11-14,0.5043059,0.517895,0.47779658,0.50718945,0.45385376,0.49216962,0.5430058
2024-02-23,0.502717,0.5164474,0.4762099,0.505766,0.45286047,0.49036726,0.54060495
2024-11-17,0.50393903,0.51785135,0.47738683,0.5071337,0.4537969,0.49177712,0.5426984
2021-05-25,0.50404376,0.51769274,0.4778906,0.50707006,0.45349964,0.49198875,0.54305947
2023-01-15,0.5038024,0.5173302,0.47728172,0.50663143,0.45324942,0.49145752,0.54229647
2020-04-01,0.50404066,0.51729214,0.47734743,0.5068713,0.45357934,0.49174973,0.5425898
2022-09-08,0.50208175,0.51627326,0.47585425,0.50548106,0.45264885,0.4903394,0.54101306
2019-04-16,0.50373447,0.51702356,0.47711885,0.5065193,0.453255,0.49165258,0.54229814
2021-10-21,0.5031763,0.51735806,0.477127,0.506288,0.4531749,0.49142656,0.5419808
2023-12-22,0.50437045,0.5179484,0.47785327,0.5072654,0.45395878,0.49224898,0.5430755
2019-04-15,0.5038548,0.5172176,0.47727698,0.50666195,0.4534322,0.49175617,0.5424942
2024-12-05,0.50415623,0.5180038,0.47764316,0.50729823,0.4539566,0.49203187,0.5429409
2021-11-01,0.5021198,0.5172673,0.47676197,0.50555456,0.45270783,0.49113145,0.54127353
2024-06-13,0.5032819,0.5170399,0.47714716,0.50651246,0.4532403,0.49142495,0.5415666
2023-03-23,0.5027744,0.5162333,0.47636822,0.5054866,0.4526178,0.49082434,0.5414542
2021-10-13,0.50197923,0.51655644,0.47728398,0.5057183,0.4515601,0.49053836,0.54177094
2020-11-15,0.50427353,0.5178889,0.4777631,0.50716376,0.45390713,0.49214607,0.54293925
2024-01-25,0.50422,0.5178426,0.4777252,0.50710845,0.45385966,0.49215668,0.54296565
2023-10-11,0.50239754,0.5154314,0.47537172,0.50457543,0.4520833,0.4893017,0.54056036
2023-07-03,0.50137055,0.5148816,0.474896,0.5040535,0.45104688,0.48936543,0.54007924
2021-04-04,0.50344586,0.51681376,0.4768319,0.50620127,0.45306182,0.49123502,0.54200834
2022-06-01,0.5041608,0.5177593,0.47759965,0.5070339,0.4536951,0.49203947,0.542721
2020-08-24,0.5039062,0.51756525,0.47747895,0.50689906,0.453599,0.4918553,0.5426671
2024-01-22,0.50427884,0.5178866,0.4777868,0.5071786,0.45389983,0.49218926,0.5430073
2023-03-06,0.5035116,0.5173027,0.47714,0.50647545,0.453303,0.49140242,0.54214317
2021-09-08,0.5037028,0.5172191,0.4771159,0.50664085,0.45314565,0.49144554,0.5423529
2020-06-24,0.50072145,0.5164306,0.47608444,0.5042382,0.45173672,0.49045333,0.54012966
2023-07-27,0.5036808,0.51729,0.47715232,0.50668156,0.45338848,0.49159634,0.5423502
2023-05-18,0.5042434,0.51792794,0.47761345,0.5071917,0.4537485,0.49218777,0.5429205
2021-07-16,0.5028354,0.51716226,0.4768922,0.50562614,0.45291504,0.4913523,0.5415374
2023-04-21,0.5042977,0.5173074,0.4773529,0.50684875,0.45337543,0.49187607,0.5425392
2021-01-16,0.5042572,0.5178624,0.47774372,0.5071288,0.45387232,0.49217933,0.5429912
2020-12-25,0.50433636,0.5179243,0.47786248,0.50725955,0.4539409,0.4922624,0.5430763
2023-01-13,0.5037922,0.51733786,0.4772594,0.5066116,0.4532514,0.49143347,0.5422887
2024-12-29,0.50430185,0.5179963,0.4777757,0.5073338,0.4539766,0.49216178,0.5430449
2024-03-25,0.50405234,0.5175231,0.47745612,0.5068548,0.453543,0.49191207,0.5426808
2021-03-20,0.50371224,0.51709694,0.47716692,0.50660056,0.4533681,0.4915323,0.5422993
2020-08-30,0.5037169,0.5173654,0.47726473,0.50667113,0.45352456,0.4917084,0.5424943
2022-08-19,0.5016441,0.5157413,0.47486806,0.5045092,0.45173228,0.48983657,0.54079527
2020-03-04,0.5035369,0.5172474,0.47686675,0.50611377,0.4531531,0.49144176,0.5423018
2020-05-29,0.5037685,0.51736253,0.47726983,0.50660527,0.45331153,0.49173537,0.5424266
2020-03-25,0.5042944,0.5176662,0.4776833,0.50719327,0.45387265,0.49209052,0.5429396
2020-06-02,0.5027346,0.5163432,0.47630584,0.50559926,0.45233712,0.4907336,0.54138666
2024-11-03,0.503737,0.5176135,0.47709018,0.5068984,0.45361888,0.49152225,0.5423954
2020-08-20,0.50378007,0.51741827,0.47731724,0.5066874,0.45350593,0.49175426,0.54250795
2023-10-26,0.5033771,0.51697266,0.47682843,0.50626045,0.4530604,0.49123576,0.5419518
2024-06-25,0.5031755,0.51705927,0.47720668,0.50615436,0.45261753,0.49127713,0.54186624
2021-09-25,0.5036153,0.51712066,0.47691107,0.50640476,0.4531481,0.4913363,0.5421019
2020-11-23,0.50429696,0.5179225,0.47777548,0.50720805,0.45390266,0.4921613,0.54293954
2019-08-21,0.5025837,0.5164997,0.47609985,0.50554097,0.4526729,0.49069336,0.5415217
2021-02-22,0.50428486,0.5177987,0.47774273,0.5071835,0.45388165,0.4921533,0.54298985
2021-01-28,0.5040076,0.51767385,0.47744787,0.50681376,0.4536406,0.4919279,0.54278076
2024-11-02,0.5036535,0.5176225,0.47700056,0.50688547,0.4536595,0.49141148,0.54230547
2021-12-12,0.5043213,0.51790076,0.47785458,0.5072241,0.45392075,0.49227384,0.54304945
2020-01-30,0.50428396,0.51786053,0.47781298,0.50716025,0.45392558,0.49224657,0.543031
2024-11-16,0.5038907,0.5178628,0.4773406,0.50714785,0.45380503,0.4917326,0.5426721
2023-08-02,0.5036119,0.51721334,0.4771034,0.50657064,0.45333624,0.49153954,0.54229903
2019-10-13,0.5037584,0.5173171,0.47716963,0.5064662,0.45329112,0.4915567,0.54229856
2023-11-21,0.50415075,0.5178337,0.477568,0.50709414,0.45378485,0.49190652,0.5428105
2023-03-20,0.5021097,0.51546806,0.47576454,0.5048392,0.45186475,0.49016905,0.5406736
2022-07-15,0.502886,0.51671416,0.4765883,0.50593007,0.4526557,0.4909121,0.54149514
2024-05-28,0.50391793,0.51750505,0.47738907,0.506834,0.4532677,0.49180987,0.54257596
2022-03-20,0.504187,0.5176217,0.47764665,0.5071923,0.453783,0.49194035,0.5428282
2021-11-17,0.50419366,0.5177705,0.47768778,0.5070658,0.45377186,0.49208727,0.54288185
2023-12-15,0.5044007,0.51795113,0.47782752,0.50728506,0.4539293,0.49219087,0.54305005
2022-06-02,0.50407547,0.51761353,0.47749907,0.5068894,0.45351937,0.49193597,0.5426455
2023-11-15,0.50395036,0.5175971,0.477476,0.5068945,0.45352146,0.49172977,0.54265356
2021-12-09,0.50428826,0.517922,0.47780302,0.5072043,0.45388573,0.49220243,0.54302
2019-05-12,0.5041321,0.5176404,0.4776286,0.507,0.45373592,0.49208814,0.54284424
2020-02-06,0.504201,0.517821,0.47776437,0.5070618,0.45387703,0.49219307,0.54299134
2019-12-05,0.5043444,0.5178923,0.47788414,0.5072725,0.45389196,0.49226597,0.54305434
2023-04-05,0.5036225,0.51697075,0.4770891,0.506377,0.45315835,0.4915478,0.54221827
2024-10-24,0.5037147,0.51740295,0.47657856,0.50654745,0.45385787,0.49103764,0.5418098
2023-06-04,0.50287455,0.5165209,0.47627065,0.5057799,0.4523696,0.49082077,0.5414203
2021-04-25,0.5042965,0.51774764,0.47773287,0.507127,0.4538512,0.492191,0.5429446
2019-12-31,0.5044031,0.5179689,0.4779217,0.50730336,0.454,0.49234504,0.54312843
2024-01-09,0.5043531,0.51793724,0.47786465,0.50725317,0.453963,0.49227348,0.54307884
2024-05-17,0.50040007,0.5138979,0.4740762,0.50322664,0.45009145,0.48840797,0.5389143
2021-07-21,0.5030937,0.5173023,0.4772461,0.5062601,0.45318738,0.49165082,0.5419127
2024-05-24,0.50341815,0.5169864,0.47687688,0.50635076,0.45271656,0.49122775,0.54188037
2021-12-10,0.50432837,0.5178997,0.4778531,0.5072179,0.45390484,0.4922635,0.5430453
2019-04-19,0.50409615,0.5174042,0.4774057,0.50703436,0.4536682,0.49204007,0.54262125
2024-06-03,0.504009,0.5176041,0.47758627,0.50682145,0.45355576,0.49201697,0.54275167
2024-11-29,0.5041469,0.5179766,0.47759768,0.50728,0.45390484,0.49195534,0.542892
2023-01-11,0.5037523,0.5173221,0.4772635,0.5066147,0.45325938,0.49146438,0.54229945
2020-11-21,0.5042837,0.5179042,0.47775605,0.50719106,0.4538737,0.49212933,0.5429191
2024-03-23,0.50412595,0.5176276,0.47753903,0.5069495,0.45363688,0.49201283,0.54276896
2024-10-08,0.5038602,0.51753855,0.47724152,0.50682336,0.4536305,0.49168614,0.54246795
2023-02-26,0.5040061,0.5176514,0.47748634,0.506836,0.45356703,0.49172077,0.5425095
2024-01-01,0.5043607,0.5179468,0.47786692,0.50725746,0.45397666,0.49228036,0.5430887
2020-11-09,0.50431246,0.51790893,0.47778365,0.50718564,0.45391884,0.49216616,0.5429734
2021-04-05,0.5033186,0.51670414,0.47674593,0.5060976,0.45285332,0.49114102,0.5418417
2019-06-12,0.5037402,0.5172421,0.4771172,0.50644165,0.45326725,0.49148124,0.54242533
2020-06-20,0.5017314,0.5168398,0.47671816,0.50501555,0.45225614,0.4911129,0.5407943
2022-12-16,0.5038818,0.5174418,0.47737113,0.5067649,0.45339018,0.4916398,0.5424611
2024-06-27,0.503032,0.51688385,0.4768465,0.50590575,0.45273602,0.49116397,0.5416529
2021-05-08,0.5041321,0.5176431,0.47764578,0.5069634,0.45375025,0.49210623,0.54286
2019-04-18,0.5039065,0.51722974,0.47729447,0.50671536,0.4534474,0.49182555,0.54250044
2024-06-24,0.5034378,0.5172109,0.47739244,0.50645465,0.45278347,0.49146208,0.5421422
2021-03-05,0.50403184,0.5174121,0.47747198,0.5069452,0.45363042,0.4918464,0.54267675
2022-07-10,0.5028822,0.51670104,0.47649702,0.50576943,0.45261565,0.49085364,0.54143745
2023-09-21,0.5019139,0.51503646,0.47503343,0.5042184,0.45166004,0.48907268,0.5401762
2024-04-26,0.50418526,0.51770264,0.47770005,0.5070644,0.4537777,0.49211967,0.54286313
2022-07-05,0.503271,0.5169065,0.47674704,0.50605947,0.45283836,0.49104217,0.5417634
2024-01-12,0.5043494,0.5179345,0.47786486,0.50726664,0.4539629,0.49227372,0.5430748
2021-11-08,0.5033087,0.51749074,0.4772437,0.50635207,0.4532301,0.4915991,0.54212534
2019-09-11,0.50295144,0.5166045,0.47673726,0.5062705,0.45260197,0.49103522,0.54163194
2023-09-15,0.50148135,0.51471764,0.47465715,0.50401527,0.4512746,0.48871163,0.5396058
2020-07-31,0.50395113,0.5175991,0.4774998,0.50686264,0.45362422,0.49190363,0.5427035
2022-08-03,0.503936,0.51753163,0.4774584,0.50685054,0.45353103,0.49185756,0.5426041
2023-11-20,0.50417626,0.5178239,0.4776114,0.5070701,0.45378137,0.49194485,0.5428284
2021-01-31,0.50384927,0.517529,0.47725424,0.50658756,0.45348495,0.49175104,0.54261947
2021-04-27,0.5042855,0.51774406,0.47772858,0.5071177,0.4538559,0.49219263,0.5429513
2022-12-22,0.5039694,0.51755583,0.47748488,0.5068472,0.45352545,0.4917921,0.5426113
2020-09-25,0.5037986,0.5174323,0.47731698,0.5068199,0.4535308,0.4917228,0.54248977
2021-05-23,0.5041755,0.5177798,0.47782305,0.50709856,0.45374268,0.49212766,0.54299736
2024-07-14,0.50287986,0.51662564,0.47663656,0.50572485,0.45268852,0.49061742,0.5415414
2020-11-30,0.5043739,0.51796544,0.47788355,0.5072661,0.4539629,0.49228314,0.54306895
2019-10-30,0.5042429,0.517803,0.47767878,0.50699717,0.45372817,0.492044,0.542881
2023-07-14,0.5036703,0.5173572,0.47714207,0.506555,0.4533573,0.4916127,0.5423103
2022-07-04,0.50319767,0.5167765,0.47661364,0.50590384,0.45273662,0.49085552,0.5416329
2024-07-08,0.50312144,0.516398,0.4763469,0.50513905,0.45282704,0.4902272,0.5414215
2020-04-02,0.5038677,0.51697665,0.477098,0.5066554,0.45337427,0.49149382,0.5423486
2020-05-17,0.50417495,0.5177465,0.4776748,0.50701076,0.45369312,0.49212644,0.5428861
2019-08-14,0.5036201,0.51728594,0.47709766,0.50649124,0.45339033,0.49156016,0.5423736
2024-01-17,0.50432265,0.5179181,0.47783524,0.5072298,0.4539412,0.4922483,0.5430571
2024-12-22,0.50420964,0.5180418,0.4776632,0.50729007,0.45397547,0.49207434,0.54299307
2019-05-19,0.50410146,0.51759064,0.47757927,0.50695264,0.4536942,0.4920549,0.54278713
2021-05-31,0.5024182,0.5165831,0.47846133,0.50665915,0.45092022,0.490527,0.5432233
2020-11-07,0.50431716,0.51791865,0.47780052,0.50720346,0.45392507,0.49220636,0.54300654
2019-10-24,0.5042293,0.51776564,0.4776166,0.5069752,0.45368698,0.4919641,0.5428104
2021-07-13,0.50394124,0.51751405,0.47738644,0.506542,0.45341262,0.49183062,0.54244876
2024-02-24,0.5030232,0.51676035,0.47650558,0.50610256,0.453127,0.49072155,0.54104185
2022-04-17,0.5040719,0.5175191,0.47752634,0.50691473,0.4535683,0.49196768,0.5426834
2023-05-28,0.5041033,0.5178976,0.4775779,0.50713223,0.453558,0.49200526,0.5427533
2024-10-03,0.50372684,0.51739424,0.47714218,0.5066886,0.45356655,0.49160936,0.54241455
2021-01-25,0.50409096,0.51772875,0.4775465,0.5069149,0.45370904,0.49200496,0.5428441
2024-09-19,0.50333774,0.5169826,0.47685528,0.506355,0.45334095,0.49124837,0.5420994
2024-07-13,0.5029875,0.51669514,0.4766924,0.5058191,0.45272586,0.49073723,0.54169756
2023-07-29,0.50364953,0.5172441,0.4771011,0.5066253,0.45333898,0.4915528,0.542309
2020-08-04,0.5040846,0.51768714,0.47759786,0.5069887,0.45368645,0.49202472,0.54277885
2020-02-29,0.50370663,0.51740974,0.47709247,0.50636923,0.45333654,0.49161196,0.54247886
2020-03-06,0.50359064,0.5173216,0.47692406,0.5061976,0.4532411,0.4915199,0.5423941
2024-08-05,0.50390196,0.51749873,0.47744405,0.50681615,0.45354855,0.49185368,0.54253995
2024-03-12,0.5037033,0.5171528,0.477047,0.5064422,0.45313233,0.4915368,0.54230005
2021-07-23,0.50195885,0.5166332,0.47652203,0.50530076,0.45253173,0.49087247,0.5408891
2023-06-19,0.5037926,0.5173061,0.47720438,0.506523,0.45324042,0.49164832,0.5423263
2023-04-06,0.50341606,0.51679796,0.47693172,0.5062067,0.45294562,0.49136347,0.541997
2022-09-17,0.5012956,0.515769,0.47520083,0.50489056,0.45230824,0.48961598,0.5403375
2019-09-12,0.50277555,0.51648945,0.47664344,0.50620717,0.4524691,0.49093723,0.5415033
2020-04-03,0.5039365,0.51706606,0.47717074,0.5067368,0.45344415,0.49157423,0.5424356
2021-04-28,0.5042223,0.517694,0.47769973,0.507048,0.45379493,0.49215907,0.5429171
2020-02-01,0.50414747,0.5177271,0.47769222,0.50700134,0.45380083,0.49212682,0.54291606
2022-06-18,0.5036674,0.51718634,0.4770613,0.50633496,0.4530623,0.49133077,0.5422163
2024-03-19,0.503956,0.51730657,0.4772513,0.50663155,0.4532314,0.49181354,0.542497
2023-11-09,0.50361156,0.5173393,0.47738156,0.50672346,0.45313337,0.4914208,0.5424954
2021-08-17,0.50417656,0.51769376,0.4776067,0.50707716,0.45373583,0.49201548,0.5428035
2023-02-25,0.5037402,0.5175008,0.47727486,0.50669223,0.4534568,0.49150798,0.54229295
2021-02-24,0.50431687,0.5177823,0.47776237,0.50718886,0.45386052,0.4921716,0.54299337
2019-09-10,0.50310045,0.5167392,0.4767894,0.50631857,0.45280454,0.49118394,0.54176563
2021-04-06,0.50384533,0.517247,0.47722822,0.50666016,0.45340964,0.49160314,0.5424273
2020-12-07,0.5043726,0.5179723,0.47789112,0.5072824,0.45398197,0.49231088,0.5431033
2019-10-22,0.5041487,0.517682,0.47757474,0.5068712,0.4536525,0.49193168,0.54272676
2022-11-20,0.5040283,0.51764745,0.4775331,0.50690633,0.45362532,0.49185514,0.5426937
2020-12-27,0.50431824,0.51791453,0.47785017,0.50723714,0.4539208,0.49225107,0.5430629
2024-10-21,0.50400627,0.51729965,0.47666445,0.50641495,0.4539685,0.49113712,0.54179
2024-04-28,0.50423104,0.5177658,0.47772983,0.5071167,0.45381477,0.492156,0.5429116
2019-12-01,0.5043314,0.5179019,0.47787493,0.5072466,0.4538893,0.49225354,0.54306
2023-09-27,0.5022435,0.51505715,0.4750868,0.50418997,0.451895,0.48887345,0.54037625
2022-11-13,0.50416285,0.5177238,0.47766414,0.50703716,0.45372674,0.49203405,0.54283714
2024-02-10,0.50359863,0.51720786,0.47710332,0.506493,0.4533352,0.49147457,0.54218507
2021-10-28,0.500936,0.51679504,0.47632104,0.5047228,0.45218486,0.4907552,0.5403043
2019-11-22,0.50428295,0.5178804,0.4777944,0.5071716,0.45384094,0.49216974,0.5430019
2021-05-05,0.5042307,0.5177176,0.47769675,0.507074,0.4538103,0.4921456,0.54291636
2020-07-01,0.50397754,0.51760894,0.47741112,0.50677496,0.45357102,0.49187976,0.54276377
2021-04-20,0.5042144,0.517537,0.4775494,0.50695693,0.45367575,0.49196574,0.54278547
2022-11-18,0.50411546,0.51769304,0.47760367,0.50697815,0.45369887,0.491964,0.5427722
2024-08-31,0.5026802,0.51635164,0.476251,0.5056853,0.45254815,0.4906498,0.54128283
2020-10-15,0.5040074,0.5175346,0.47747692,0.5070259,0.45360953,0.49197912,0.54261833
2020-09-04,0.5022772,0.51608324,0.4759941,0.50524765,0.45227677,0.49040014,0.5410802
2021-04-15,0.50411534,0.51747936,0.47747868,0.5069044,0.45363262,0.49187058,0.5426835
2024-03-11,0.5036565,0.5171723,0.47704113,0.50648445,0.45320216,0.4914863,0.542278
2022-08-04,0.5039206,0.51750344,0.47745264,0.50683796,0.45351976,0.49186078,0.5425923
2021-09-19,0.503756,0.51720154,0.4770482,0.5065439,0.45313886,0.49143034,0.54227144
2021-07-17,0.50252485,0.51700306,0.47672242,0.505344,0.45271143,0.491034,0.54123116
2019-06-08,0.5036414,0.5171398,0.4770979,0.50641817,0.45318228,0.49144447,0.5423194
2024-06-23,0.50366056,0.51738024,0.47758976,0.50668836,0.45296827,0.49162978,0.54243344
2024-11-09,0.5036942,0.51774096,0.4771057,0.50699556,0.4537039,0.49151605,0.5424587
2020-08-22,0.50380033,0.51750153,0.47736874,0.5067904,0.45358852,0.49176905,0.5425539
2023-06-22,0.5036905,0.51724946,0.47714132,0.5064667,0.45314434,0.49149162,0.54227525
2023-05-13,0.50432026,0.5178377,0.4775405,0.5072551,0.4538296,0.49227706,0.5428826
2024-01-28,0.5041729,0.51780236,0.47768232,0.5070731,0.45383057,0.49209237,0.54288787
2020-04-24,0.50419676,0.5177071,0.47768635,0.5070346,0.45376328,0.49207914,0.5428836
2023-01-04,0.50369185,0.51726115,0.47720286,0.5065902,0.45321682,0.49143013,0.5422433
2021-01-05,0.50431854,0.51793164,0.4778272,0.5072261,0.45394218,0.4922565,0.5430657
2019-04-13,0.50391656,0.5172956,0.47733322,0.5067069,0.4535232,0.49179164,0.542578
2019-10-11,0.503749,0.5173349,0.4771951,0.5065248,0.45332965,0.49165058,0.5423023
2021-08-23,0.50421923,0.5175556,0.47787607,0.5070944,0.45369694,0.4920216,0.5422814
2023-02-19,0.5037835,0.51737434,0.4772271,0.50659674,0.45329645,0.49141032,0.5421764
2022-08-24,0.49854442,0.5136974,0.47107702,0.5010128,0.44937736,0.48701113,0.5390415
2024-10-29,0.50350326,0.5175121,0.47679245,0.50678843,0.45355222,0.49120647,0.5421301
2023-10-28,0.50343883,0.5170221,0.47691295,0.5063642,0.45312524,0.49129945,0.54203796
2023-09-16,0.5015359,0.51467204,0.47459945,0.5039282,0.4513015,0.4885757,0.53958493
2022-03-30,0.5038834,0.5170882,0.47716507,0.5068121,0.45358852,0.49154213,0.5424759
2022-01-05,0.5044189,0.5179995,0.47793338,0.50731665,0.45403442,0.4923576,0.54315364
2021-06-12,0.5031762,0.516949,0.4767893,0.50609356,0.4529077,0.49126884,0.5420304
2023-02-24,0.5029228,0.5165428,0.47655115,0.5058342,0.45264837,0.4908773,0.54149425
2024-01-02,0.5043574,0.51794934,0.4778506,0.5072572,0.45397422,0.4922714,0.5430889
2022-11-14,0.50416964,0.5177333,0.47765148,0.50702924,0.45375144,0.49202597,0.5428277
2019-07-24,0.5019103,0.5156175,0.47541574,0.50473315,0.45174065,0.4899596,0.540786
2020-04-29,0.50423443,0.51776296,0.4777338,0.5070826,0.45379758,0.4921523,0.5429385
2021-09-14,0.50362074,0.51719755,0.47699854,0.506525,0.4530068,0.49131083,0.54231703
2024-09-29,0.5033139,0.517046,0.47678322,0.50617385,0.45303318,0.49136934,0.54198664
2021-02-16,0.50397176,0.5176097,0.4773658,0.50674325,0.45362845,0.4918448,0.54274684
2024-05-14,0.50385344,0.51739246,0.4774471,0.50679874,0.45341337,0.49183115,0.54253644
2024-11-25,0.5040978,0.5179596,0.47756603,0.5072486,0.45390227,0.4919533,0.5428718
2023-10-25,0.50341326,0.5169564,0.47685885,0.50625443,0.45308653,0.4912372,0.5419825
2023-05-12,0.5042593,0.51775867,0.47757497,0.5071352,0.4537884,0.49219072,0.542861
2023-05-02,0.5043518,0.5176,0.4776239,0.50705975,0.4536945,0.49214977,0.5428286
2021-07-03,0.5039451,0.5175077,0.47725987,0.5065733,0.45345357,0.4916738,0.5426205
2024-01-23,0.50425535,0.51787436,0.47775975,0.50714856,0.45389286,0.49218428,0.54298496
2021-10-26,0.50082886,0.516696,0.4762621,0.5046431,0.45212787,0.49069753,0.54017663
2023-04-04,0.50390655,0.5173422,0.4773581,0.50671595,0.45348936,0.4918094,0.54254407
2021-01-01,0.50429523,0.51788515,0.4777979,0.50720686,0.45390946,0.49221155,0.54301786
2022-04-11,0.503842,0.5171999,0.47728857,0.50661504,0.45326617,0.49173883,0.54242563
2021-10-12,0.5022489,0.51670134,0.47713664,0.5058029,0.45197016,0.49075782,0.54173934
2024-12-03,0.50414723,0.51799124,0.47762728,0.50729036,0.45394498,0.49201605,0.54293156
2019-11-04,0.5043203,0.51786333,0.47775072,0.50713056,0.45378414,0.4921129,0.5429464
2020-06-27,0.5038599,0.5175539,0.47739038,0.5066121,0.45341662,0.49175093,0.54261243
2023-06-06,0.5034778,0.5171436,0.4769012,0.50635046,0.4529297,0.4913932,0.5420697
2023-05-29,0.504118,0.5178935,0.47762194,0.50714314,0.4536377,0.49205196,0.5428224
2024-11-27,0.5040656,0.517978,0.47754163,0.5072708,0.45389023,0.49191415,0.5428544
2021-05-19,0.5042261,0.51779085,0.47775415,0.50708705,0.4538506,0.49218395,0.5429625
2024-07-05,0.5031817,0.5163988,0.47633684,0.5051302,0.45281032,0.49021235,0.54141283
2022-02-07,0.5042776,0.51787525,0.47778627,0.5071597,0.45390168,0.49221802,0.5430049
2019-10-25,0.5042049,0.5177481,0.47757584,0.50696033,0.45367566,0.49191454,0.54278743
2022-01-23,0.50434965,0.5179203,0.4778653,0.5072465,0.45396486,0.49228805,0.5430714
2023-09-03,0.50023437,0.51361185,0.47357658,0.50303406,0.45007464,0.48785296,0.5384751
2020-05-01,0.5042502,0.5177748,0.4777222,0.5070861,0.453784,0.49212193,0.54291934
2020-10-29,0.50424564,0.5178062,0.47769272,0.5070786,0.4538248,0.4920833,0.542892
2023-02-23,0.5031147,0.516788,0.47673738,0.50606143,0.45283142,0.4910252,0.54168123
2024-07-16,0.50319535,0.5168338,0.47681725,0.50603265,0.4529109,0.49100286,0.541803
2021-06-13,0.5027367,0.5164476,0.47628176,0.50559694,0.45244583,0.49078745,0.54159284
2023-12-24,0.50437385,0.5179565,0.47785756,0.5072876,0.4539771,0.4922468,0.5430776
2021-02-14,0.5037744,0.5175277,0.47717714,0.5064925,0.4534445,0.49171525,0.5426254
2021-07-22,0.5022784,0.5169147,0.47682768,0.50549823,0.45269525,0.4911461,0.54122823
2020-10-11,0.5039311,0.51750237,0.47741243,0.5069181,0.45355606,0.4918793,0.54254794
2024-04-12,0.5042117,0.5177168,0.4776769,0.5070734,0.45371535,0.49209908,0.54284984
2023-12-31,0.5043404,0.5179437,0.47783557,0.5072597,0.45396045,0.49223468,0.543052
2024-06-01,0.50390226,0.5175155,0.47748673,0.5067137,0.45337152,0.49191335,0.54265803
2022-05-01,0.5040064,0.517453,0.47746015,0.506786,0.45351043,0.49191853,0.5426233
2020-04-18,0.5041721,0.51768094,0.47764772,0.5070452,0.45373642,0.49206355,0.5428272
2024-12-09,0.5042491,0.51799595,0.4777222,0.50729203,0.45396248,0.4921244,0.54301244
2021-12-02,0.504238,0.5178374,0.47775784,0.5071491,0.45383877,0.49214178,0.54294145
2024-10-28,0.50346845,0.5175008,0.47670877,0.50673825,0.45359954,0.4911427,0.54204476
2024-11-18,0.5040496,0.5178846,0.47751766,0.50716484,0.453857,0.49191496,0.54281455
2023-03-01,0.50385815,0.5175056,0.47738603,0.506705,0.45345265,0.49164313,0.54238087
2023-11-19,0.50418335,0.51775515,0.47759438,0.5070293,0.45373788,0.49194005,0.5427899
2022-01-03,0.5043947,0.51796025,0.47790286,0.50729346,0.45400733,0.49233115,0.5431248
2021-08-29,0.50404686,0.5174858,0.47738624,0.50688255,0.45334318,0.49165985,0.5426224
2022-12-19,0.50389284,0.5174518,0.4773659,0.5067429,0.45339748,0.49160886,0.5424649
2020-10-02,0.50392675,0.5175463,0.47743797,0.50688773,0.45364136,0.49186546,0.54263306
2021-09-05,0.50364023,0.51722836,0.47707874,0.5065578,0.45296004,0.4912594,0.54234594
2020-01-31,0.50416785,0.5177268,0.47769555,0.50702566,0.45381257,0.49213722,0.54291326
2023-12-12,0.50437284,0.5179224,0.47781265,0.5072823,0.45392752,0.49218217,0.5430386
2019-06-01,0.5013902,0.5157148,0.47857162,0.5063751,0.44921717,0.4894183,0.5430671
2019-11-23,0.50429714,0.51789385,0.4778054,0.50718147,0.4538853,0.4922059,0.54302114
2023-04-26,0.504509,0.51738834,0.47742727,0.50705606,0.4534824,0.492024,0.5426245
2023-10-22,0.5033668,0.51686895,0.4767802,0.5061549,0.45309246,0.49112248,0.5419505
2021-08-26,0.5040179,0.51749474,0.47743803,0.50690544,0.45342734,0.49179983,0.5426227
2020-07-28,0.50398785,0.51761097,0.47752672,0.50691426,0.4536481,0.49194923,0.54270595
2021-09-17,0.5039512,0.5174347,0.47724825,0.5067297,0.45331523,0.49160397,0.54257613
2023-08-31,0.50221986,0.51568705,0.4755781,0.50497955,0.45191193,0.4899549,0.54069644
2021-09-29,0.5036442,0.5171922,0.47702366,0.5065246,0.4532314,0.49139604,0.5421876
2021-11-06,0.5022486,0.5172723,0.47684708,0.50558484,0.45269644,0.49117598,0.5413881
2023-06-23,0.5037049,0.5172569,0.47713155,0.50646275,0.4531416,0.49147505,0.54225457
2019-04-26,0.5042014,0.51764774,0.47765067,0.5069927,0.45373896,0.4920978,0.5428734
2021-04-03,0.5036473,0.5170603,0.47703582,0.5064352,0.4533961,0.4913958,0.54226065
2021-07-30,0.50365716,0.51726377,0.47710115,0.5061895,0.4534267,0.49161693,0.5420206
2022-02-04,0.5042202,0.51779294,0.4777361,0.5070981,0.45383793,0.4921544,0.5429326
2021-02-05,0.503766,0.5174103,0.477149,0.50649273,0.45343047,0.4916361,0.54250485
2021-11-11,0.504085,0.5177144,0.4775455,0.50689983,0.45361698,0.49190283,0.5427029
2019-05-07,0.504189,0.51768816,0.47768494,0.5070362,0.45375913,0.4921247,0.5428916
2022-09-23,0.50054854,0.5152378,0.47459537,0.50432676,0.45180863,0.48887056,0.539699
2020-09-23,0.50386333,0.5174417,0.477371,0.5068225,0.45347205,0.49172857,0.5424997
2021-11-02,0.5024467,0.51733667,0.47690845,0.505718,0.45281795,0.49124795,0.5415071
2024-08-26,0.50341624,0.5170571,0.476949,0.5064024,0.4532036,0.4913757,0.54208153
2019-09-09,0.5031134,0.5167303,0.47673354,0.5062769,0.45282233,0.4911983,0.5417098
2023-04-19,0.504188,0.5173969,0.47741297,0.5068539,0.4534307,0.49189165,0.5426035
2020-05-25,0.5041856,0.5177814,0.4777067,0.50703347,0.45372522,0.4921911,0.5429031
2024-11-22,0.50418633,0.517918,0.4776472,0.5072191,0.45388824,0.49205288,0.5429144
2023-12-17,0.50438064,0.5179377,0.47783655,0.507285,0.4539525,0.49221405,0.54305434
2021-06-10,0.5036318,0.51739585,0.477274,0.5065627,0.45334446,0.49174285,0.5424458
2023-10-01,0.5018565,0.5151099,0.47508198,0.5044183,0.45164642,0.4892097,0.5401705
2019-08-30,0.5013885,0.515994,0.4753723,0.5050183,0.4526597,0.48994878,0.5408728
2019-08-16,0.50338537,0.5170952,0.47689706,0.5062973,0.4532269,0.49136367,0.54215616
2024-10-05,0.5037697,0.51747096,0.47718203,0.5067707,0.45357567,0.49165645,0.54243064
2020-07-03,0.50355965,0.51710784,0.47681803,0.5060496,0.452998,0.4912929,0.54230654
2020-12-18,0.5043121,0.51792157,0.47784945,0.50723565,0.4539285,0.4922553,0.54306215
2021-07-15,0.5036315,0.517428,0.47723913,0.50619954,0.45317572,0.49165812,0.5422121
2021-01-02,0.5043063,0.5179122,0.47781804,0.5072272,0.4539468,0.49224645,0.543055
2024-03-30,0.504257,0.51772463,0.47768092,0.50709265,0.45374182,0.4921164,0.54286474
2020-05-31,0.5030014,0.5165793,0.47652104,0.50585014,0.4526175,0.49099278,0.5416466
2020-03-14,0.5042807,0.5176369,0.4776067,0.50701797,0.45369714,0.4920993,0.5428505
2023-03-15,0.50359505,0.5173167,0.4771751,0.5064983,0.4534227,0.49149323,0.54224205
2022-12-20,0.5037663,0.5173855,0.47727096,0.50667924,0.45332795,0.49151513,0.5423676
2022-08-31,0.5016586,0.5158856,0.47523862,0.50487,0.45213348,0.48995537,0.5407269
2023-03-13,0.50350934,0.51717854,0.47709844,0.50641125,0.45326793,0.49142045,0.54212904
2019-07-08,0.5036936,0.5172368,0.47720516,0.5065869,0.4533177,0.49160257,0.5423518
2021-11-03,0.5019885,0.5172109,0.47673365,0.50539696,0.45259053,0.49107787,0.5411706
2019-04-21,0.5041933,0.5175467,0.4775632,0.50701666,0.45371628,0.49207798,0.5427855
2021-02-11,0.50372607,0.51751685,0.477111,0.5064168,0.45341906,0.4916511,0.54257774
2020-03-31,0.50418496,0.51753825,0.4775444,0.5070554,0.45375866,0.4919483,0.54280514
2019-11-25,0.5042824,0.51787233,0.47779313,0.50716025,0.45383763,0.49218822,0.542993
2023-04-25,0.50439155,0.5175764,0.47756878,0.50712246,0.45365003,0.4921069,0.542776
2019-07-07,0.5036847,0.5172425,0.47719428,0.5065823,0.4533021,0.49159187,0.5423515
2023-04-29,0.5043614,0.51760495,0.47760177,0.5070858,0.4536724,0.4921166,0.5427969
2020-12-05,0.5043814,0.5179599,0.47788388,0.50726736,0.4539753,0.4923033,0.5430878
2023-04-12,0.50356334,0.5168479,0.47694662,0.5062845,0.45290864,0.49140847,0.54209244
2021-09-12,0.5036836,0.517238,0.47703862,0.5065568,0.4530619,0.49139437,0.5423804
2024-05-08,0.5042278,0.5176136,0.4778713,0.5072233,0.4536525,0.4921964,0.5428696
2024-07-04,0.5034988,0.5168619,0.47677028,0.50586194,0.4530691,0.4909643,0.5418972
2021-05-17,0.5042748,0.5178257,0.47776514,0.5071319,0.45389333,0.49221843,0.54299766
2024-12-31,0.5043077,0.5179951,0.47775388,0.50735164,0.4539627,0.49213833,0.54303825
2023-07-24,0.50369173,0.5173219,0.4771836,0.50664157,0.45340142,0.4916338,0.5423617
2023-01-31,0.50388,0.51749164,0.47730854,0.50660765,0.4532769,0.49142694,0.5422962
2023-09-09,0.49988428,0.5133671,0.47325534,0.5027315,0.4498601,0.48746568,0.53799933
2022-06-09,0.50387055,0.5173082,0.47727725,0.5065758,0.45317537,0.49168915,0.5423498
2023-07-02,0.5017046,0.51525646,0.47522402,0.5044277,0.45139927,0.48969924,0.54041487
2024-05-20,0.500947,0.51449716,0.47448847,0.50385565,0.45057738,0.48895335,0.53940713
2023-08-15,0.5026932,0.5162656,0.47615525,0.50561965,0.45240182,0.49055418,0.54122907
2022-09-04,0.50223774,0.5163123,0.4759414,0.50554436,0.45261145,0.49044544,0.54105467
2023-02-02,0.5038511,0.51743364,0.47730866,0.5065874,0.45328528,0.49148005,0.5422915
2022-05-18,0.50417733,0.51783955,0.47771508,0.50714034,0.45371005,0.4921456,0.54285604
2022-12-29,0.50371534,0.5172748,0.47721633,0.5065782,0.45323572,0.49147654,0.5422853
2021-02-18,0.50411713,0.5176853,0.47754222,0.5069321,0.4537428,0.49199355,0.54285645
2024-09-15,0.5035249,0.5171736,0.47703728,0.50649315,0.45337936,0.4914166,0.54221845
2023-06-20,0.5037675,0.5173095,0.4772241,0.5064946,0.4532177,0.49161422,0.54232466
2022-07-30,0.5040189,0.5175914,0.47752374,0.5069155,0.45357105,0.49191254,0.54269224
2019-12-17,0.5043851,0.5179321,0.47791332,0.50730044,0.453958,0.492324,0.5431079
2023-06-30,0.50191456,0.5154895,0.4754446,0.50465596,0.45163652,0.489932,0.54064703
2019-12-06,0.5043542,0.5179001,0.47790068,0.5072807,0.4538958,0.49227685,0.54305834
2022-09-27,0.50060683,0.51543176,0.47472784,0.5045396,0.45207146,0.4890573,0.5398401
2021-01-24,0.50408864,0.5177162,0.47754452,0.5069087,0.45370555,0.49199292,0.54282945
2022-03-27,0.5037751,0.5169343,0.47706056,0.50669765,0.453443,0.4914125,0.54234797
2024-03-27,0.50405824,0.51752436,0.477488,0.50687486,0.45355538,0.49195132,0.5427053
2019-11-24,0.5042791,0.51786387,0.4777888,0.5071681,0.4538383,0.49218518,0.5429813
2019-06-21,0.50300807,0.5166095,0.47630107,0.5056345,0.45262378,0.4908179,0.5417707
2023-07-25,0.50380147,0.5174247,0.47729626,0.5067605,0.45349297,0.49172586,0.5424938
2019-03-26,0.50380814,0.5172758,0.47726938,0.5066878,0.4534412,0.49167225,0.54245156
2020-07-12,0.50238675,0.5160025,0.47580847,0.50512487,0.4521021,0.49031454,0.5411318
2022-02-23,0.5039385,0.5176338,0.47737038,0.50668895,0.45359597,0.49188074,0.5427274
2020-09-11,0.5028639,0.5169554,0.476841,0.50605005,0.45303872,0.4912953,0.5417281
2019-06-03,0.5017511,0.516022,0.47862142,0.50657403,0.44972822,0.4898,0.54316705
2019-10-27,0.50418204,0.5177677,0.47756627,0.5069455,0.4536463,0.49186742,0.5427843
2023-09-28,0.50214386,0.5149501,0.47500134,0.50407284,0.45182493,0.48878545,0.5402875
2022-02-03,0.5043002,0.517883,0.47781357,0.5071785,0.45392424,0.49223652,0.5430286
2020-05-18,0.5042154,0.517762,0.47769472,0.50703365,0.45375672,0.49215242,0.5429226
2024-01-10,0.5043441,0.5179233,0.4778543,0.5072425,0.4539524,0.49226922,0.54306144
2024-10-16,0.5039462,0.5175286,0.47718453,0.5067827,0.45374966,0.49159867,0.54235625
2021-01-03,0.50432116,0.5179176,0.47782567,0.5072373,0.45395327,0.4922486,0.5430566
2020-02-02,0.5042611,0.51784813,0.47779182,0.507127,0.45390743,0.49222252,0.5430152
2020-03-18,0.5042977,0.517673,0.47767472,0.5071152,0.45377716,0.4921642,0.5429191
2020-12-28,0.50432956,0.51791036,0.47784615,0.50723815,0.45393682,0.49225464,0.5430602
2020-12-26,0.5043219,0.51791006,0.47785735,0.5072396,0.45393226,0.49225432,0.54306394
2020-02-27,0.50390375,0.5175918,0.47734836,0.5066432,0.45355055,0.4918478,0.5426933
2022-03-02,0.5038982,0.51757145,0.47730485,0.5066243,0.45355174,0.4918169,0.54265696
2023-07-04,0.50131756,0.5148349,0.47488657,0.5039947,0.45104674,0.4893266,0.5400747
2020-04-20,0.5040718,0.5175614,0.47754148,0.5069132,0.45360976,0.49194726,0.5427271
2024-02-03,0.503869,0.51748616,0.47736558,0.5067813,0.45354733,0.49175832,0.54249513
2021-10-20,0.502982,0.5172772,0.477028,0.50615263,0.45304325,0.49130577,0.5418595
2023-12-18,0.50439835,0.5179527,0.47783798,0.50728524,0.45394984,0.49219632,0.5430572
2022-09-06,0.5022488,0.5163748,0.47596246,0.5055688,0.45270485,0.49041858,0.54115945
2020-11-01,0.504286,0.51785815,0.4777387,0.5070988,0.45389953,0.49212053,0.5429319
2023-03-16,0.50336426,0.5172276,0.47697735,0.50632256,0.45329586,0.4912265,0.542037
2021-09-26,0.5036732,0.51720977,0.47704905,0.50655985,0.453265,0.49147838,0.5421944
2021-03-01,0.5042259,0.5176453,0.4776543,0.5071225,0.4538028,0.49203914,0.5428884
2022-09-20,0.5009515,0.51551324,0.4749008,0.50458586,0.45200738,0.48923042,0.5399994
2023-09-26,0.5022551,0.51504636,0.47505164,0.504165,0.45193973,0.48884058,0.54036224
2023-06-08,0.50360024,0.51718456,0.47707722,0.506406,0.45307168,0.4915005,0.5422385
2020-07-19,0.50390667,0.5174785,0.47738552,0.50676805,0.45341414,0.49179336,0.5425789
2024-09-18,0.50359905,0.5172894,0.47713718,0.50663465,0.45350724,0.49155286,0.54231066
2024-01-27,0.5041745,0.5177954,0.47768277,0.5070831,0.45381752,0.49208233,0.54288465
2024-07-18,0.503136,0.516695,0.47667173,0.50606155,0.45288992,0.4910523,0.5416916
2021-09-04,0.5037419,0.5173021,0.47711483,0.50662035,0.4529798,0.49130037,0.5424686
2023-12-30,0.5043413,0.5179353,0.47782546,0.5072652,0.45395067,0.49222156,0.5430373
2024-03-22,0.5039121,0.51734245,0.47731104,0.50668526,0.45331326,0.49181274,0.54251045
2022-05-24,0.50350463,0.5171362,0.4770586,0.5064302,0.45313796,0.49146166,0.5421053
2023-02-01,0.50388134,0.51746607,0.4773443,0.506631,0.45331532,0.49153522,0.5423428
2024-07-24,0.5025083,0.5161806,0.47604162,0.505496,0.45225048,0.49055028,0.54126567
2023-11-05,0.5037018,0.5173508,0.4772841,0.50669867,0.45334035,0.49158257,0.54239947
2019-12-15,0.5043766,0.5179155,0.47789556,0.50729156,0.45393312,0.49230295,0.5430794
2024-06-06,0.503842,0.51749665,0.47746786,0.5067123,0.45345798,0.49189648,0.5425655
2023-12-03,0.5043603,0.51789767,0.47778827,0.5072308,0.453901,0.4921626,0.5430099
2024-05-02,0.5041456,0.5176473,0.47767156,0.5070617,0.4537208,0.49208054,0.542816
2022-11-12,0.5041291,0.517675,0.4776116,0.5069909,0.45369115,0.49201217,0.5427862
2023-04-28,0.5043947,0.5175288,0.47752842,0.50708354,0.45359617,0.49208543,0.54273915
2021-06-05,0.5036016,0.5172508,0.47718692,0.50647235,0.45327216,0.49162972,0.5423667
2021-04-21,0.50427854,0.5177202,0.47768614,0.5070893,0.4537638,0.49211177,0.5429059
2020-03-16,0.50428414,0.5175873,0.47759247,0.50701314,0.45367652,0.49210736,0.5428334
2024-06-18,0.50384724,0.5173554,0.47763485,0.50672925,0.4528936,0.49166977,0.542354
2023-11-25,0.5042973,0.51787263,0.4777179,0.5071826,0.4538521,0.49207795,0.5429382
2019-04-07,0.5037759,0.51715827,0.47719276,0.5065566,0.4534173,0.4916525,0.5424468
2021-04-02,0.5031092,0.5165359,0.47652626,0.5057273,0.4528865,0.4909581,0.5416975
2019-04-01,0.5034404,0.5168578,0.47687083,0.5062576,0.45319393,0.49129716,0.54210126
2024-09-25,0.5019828,0.5157538,0.47541612,0.5043765,0.45151544,0.4904085,0.54065377
2020-03-30,0.5043172,0.51770484,0.4777018,0.5072243,0.45392025,0.49209595,0.5429693
2022-08-06,0.5038179,0.51742715,0.47733837,0.50672984,0.45345396,0.491768,0.54249585
2023-07-16,0.503738,0.51741433,0.47724056,0.5066382,0.45335928,0.4916641,0.54238445
2024-12-07,0.5041991,0.51799333,0.47767454,0.5073009,0.4539519,0.49206305,0.5429732
2020-03-02,0.50357395,0.517293,0.47690055,0.50618553,0.45318264,0.49145868,0.5423365
2023-07-31,0.503717,0.51728433,0.47717464,0.50665534,0.45336524,0.4915717,0.5423295
2022-12-24,0.50370824,0.5173115,0.47721562,0.5065913,0.45324168,0.49146968,0.5422947
2022-02-09,0.504152,0.51771885,0.47764832,0.5070058,0.4537526,0.4920706,0.54284614
2023-09-07,0.5001339,0.5135905,0.47349748,0.5030405,0.4500268,0.48773172,0.53832334
2024-07-15,0.5029149,0.5166215,0.47664854,0.50575286,0.45267302,0.4906971,0.54154265
2021-09-30,0.50340027,0.51697737,0.4767997,0.5062663,0.45296556,0.49110606,0.5419133
2022-01-16,0.5043856,0.5179586,0.47790745,0.5072824,0.45400408,0.49232998,0.5431196
2021-03-11,0.5036842,0.51703584,0.47715303,0.5066004,0.45331123,0.49147135,0.542281
2019-10-01,0.50327516,0.5168925,0.47679552,0.50615746,0.45295015,0.49136984,0.54173106
2020-07-26,0.503889,0.51751554,0.47743037,0.5068387,0.45356283,0.49186742,0.5425861
2022-05-15,0.50416,0.51773506,0.47773865,0.5070754,0.4536415,0.49212852,0.54280853
2024-08-07,0.5039487,0.51755923,0.4774696,0.5068903,0.45358667,0.49190837,0.542593
2024-09-11,0.5034928,0.51719975,0.47708026,0.5065545,0.45338318,0.4915013,0.5422578
2020-04-28,0.504199,0.5177288,0.47771376,0.50705427,0.45379335,0.49214906,0.5429239
2021-06-25,0.50393146,0.5173749,0.47735375,0.5067159,0.4531411,0.4917115,0.5424115
2020-10-28,0.50423753,0.5177615,0.47766268,0.50703174,0.4537787,0.49205506,0.54285336
2021-01-29,0.50397503,0.517632,0.4773945,0.50674343,0.45360106,0.49186957,0.54274696
2022-06-25,0.5038712,0.51735616,0.47727478,0.506498,0.45341906,0.49146605,0.54244715
2022-08-13,0.50216156,0.5160217,0.47549075,0.5049982,0.45206165,0.49029213,0.54110074
2020-12-04,0.5043725,0.5179717,0.4778849,0.5072715,0.4539799,0.49230838,0.543097
2023-05-03,0.5043363,0.5177133,0.47770122,0.5071239,0.45382366,0.4922164,0.5429152
2024-11-30,0.504183,0.5179666,0.47764707,0.50726974,0.4539346,0.49203846,0.54293436
2020-02-21,0.50407684,0.5176911,0.47756833,0.5068952,0.45372963,0.4920299,0.5428408
2023-09-11,0.50033677,0.5138885,0.47378507,0.5032707,0.45036668,0.4881167,0.5386492
2024-08-23,0.50348276,0.51709026,0.4770386,0.5064454,0.4532849,0.49145028,0.54216737
2023-10-05,0.5019359,0.5151284,0.4751065,0.5044091,0.45169643,0.4892355,0.54019326
2022-04-04,0.50415903,0.51754194,0.47750613,0.5070866,0.45373318,0.49193352,0.54274505
2023-03-09,0.50378704,0.5174915,0.4773676,0.5066791,0.4534934,0.49167034,0.54239935
2021-10-02,0.5031461,0.51679057,0.47661635,0.5060532,0.45274413,0.4908696,0.54168767
2023-09-20,0.5017094,0.51482975,0.47480252,0.50398815,0.45149776,0.48881721,0.53994006
2019-07-03,0.50379294,0.51738024,0.47726065,0.5066781,0.45336357,0.49167773,0.5424337
2019-10-17,0.50391084,0.5174824,0.47733614,0.5066177,0.45341223,0.49173748,0.54248244
2023-12-20,0.5043811,0.51795286,0.47786236,0.5072847,0.45396796,0.4922536,0.54307336
2022-06-16,0.5035311,0.51703715,0.4769552,0.5062725,0.45299435,0.49133244,0.54208654
2024-04-02,0.5042045,0.51764756,0.47763366,0.5070299,0.45368698,0.4920761,0.5428144
2022-11-10,0.50413287,0.5176661,0.47761607,0.5069491,0.4536935,0.4920068,0.5427904
2023-08-10,0.50314337,0.51668537,0.4765778,0.5060598,0.45282865,0.49099773,0.54173046
2021-01-07,0.504299,0.51792085,0.4778113,0.50721556,0.453951,0.49224958,0.5430604
2024-08-25,0.5034458,0.51707065,0.47702017,0.50646186,0.45324555,0.49139443,0.5421292
2019-11-15,0.50429094,0.51787055,0.47778022,0.5071585,0.4538148,0.492159,0.54298234
2021-11-16,0.5041806,0.5177765,0.47766632,0.50705886,0.45375556,0.49205855,0.5428504
2021-08-02,0.5042894,0.5168183,0.47645825,0.50559574,0.4540011,0.4910558,0.54132605
2023-03-25,0.50376165,0.5174157,0.4772746,0.50665015,0.4535544,0.49169362,0.5424612
2020-04-26,0.5041492,0.51764834,0.47765556,0.5069694,0.4537396,0.49208462,0.54287225
2020-05-20,0.50411826,0.5177251,0.47765264,0.5069725,0.4536683,0.49210727,0.54286015
2019-08-20,0.50293756,0.51682055,0.47650796,0.50593597,0.45297453,0.49102923,0.54180247
2019-10-08,0.5036533,0.51720566,0.47708616,0.50643575,0.4532638,0.49155298,0.54216546
2023-10-17,0.50291646,0.5161669,0.47614357,0.50537926,0.45262858,0.49031103,0.54133266
2020-12-13,0.5043777,0.51797277,0.4778943,0.50728965,0.45398477,0.49231404,0.5431116
2023-11-27,0.50428057,0.51787025,0.47770986,0.50718695,0.4538608,0.4920602,0.54291475
2021-04-29,0.504221,0.51770866,0.47769234,0.50705016,0.45377815,0.49213505,0.54291654
2021-06-09,0.50368005,0.51742786,0.47731724,0.50661933,0.45336014,0.491768,0.5425112
2021-11-28,0.5042399,0.5177885,0.47774044,0.50710595,0.45377052,0.4921045,0.54290926
2020-06-29,0.5038096,0.51741576,0.47716016,0.50644714,0.4533071,0.4915172,0.54259235
2022-08-16,0.50157434,0.51556647,0.4748165,0.5043912,0.45156643,0.48975256,0.5406196
2024-07-11,0.5032351,0.5168513,0.4767414,0.5059065,0.4529807,0.49091074,0.5417789
2022-08-29,0.49770024,0.5130592,0.47013766,0.50012296,0.4486692,0.4863004,0.53846663
2020-10-22,0.5039692,0.51750284,0.47743526,0.5069472,0.45360804,0.4918879,0.5425452
2022-03-22,0.5039159,0.51724106,0.47729287,0.50686795,0.45352897,0.49163485,0.54252046
2021-02-17,0.50403714,0.51765144,0.47744188,0.5068401,0.45369166,0.49190873,0.5427975
2022-07-23,0.50315136,0.5168786,0.4767824,0.506162,0.45296362,0.49118635,0.54191434
2024-03-13,0.5038031,0.517268,0.47715402,0.50658625,0.45329732,0.4916352,0.54243356
2023-03-30,0.5034485,0.51682985,0.47693676,0.5062156,0.4529978,0.49138078,0.54206735
2024-07-02,0.50359243,0.51696944,0.47694892,0.5060855,0.45310664,0.4912505,0.54200006
2021-06-26,0.5039804,0.51748383,0.4774216,0.50674075,0.4533771,0.49172792,0.5425836
2020-10-13,0.50400674,0.5175679,0.4774857,0.5069796,0.45363125,0.49194774,0.54263866
2019-04-14,0.50395554,0.51731473,0.47735167,0.5067663,0.45357028,0.49181262,0.5426027
2024-10-01,0.50366044,0.51731265,0.47706148,0.5066153,0.45357478,0.49154922,0.54230785
2019-06-17,0.5033718,0.516949,0.47672328,0.50619745,0.4529173,0.49120635,0.54205275
2019-09-17,0.5016855,0.51549673,0.4756624,0.5054854,0.45166823,0.4902493,0.54035974
2019-03-27,0.5036271,0.51708335,0.47709382,0.50647235,0.45327833,0.49151963,0.54227567
2024-08-10,0.50389785,0.5174853,0.4774119,0.5068067,0.4535487,0.4917994,0.5425313
2020-09-09,0.5027087,0.516558,0.4764882,0.5057297,0.45270088,0.49091038,0.54150856
2024-06-21,0.50372463,0.5173028,0.47754955,0.5066825,0.45278817,0.4915431,0.542313
2020-04-16,0.5041076,0.51758164,0.47754282,0.5070293,0.45369455,0.49202275,0.5427415
2023-03-04,0.5030439,0.5168933,0.47670174,0.5060625,0.4528691,0.4908734,0.5415895
2022-01-25,0.5043146,0.51789135,0.47784147,0.50721073,0.45392948,0.4922587,0.5430363
2023-01-07,0.50418127,0.5177375,0.47770354,0.50707287,0.45374343,0.49205,0.5428323
2020-11-29,0.50435144,0.51796114,0.47784582,0.50727135,0.4539634,0.49224597,0.54303163
2024-08-13,0.50384474,0.5174431,0.4773757,0.50678205,0.45350882,0.4917899,0.54253626
2021-06-03,0.5034972,0.5172227,0.47716293,0.506433,0.45314807,0.49153787,0.54236543
2021-01-19,0.5042364,0.51783967,0.47771704,0.50710607,0.45384648,0.4921634,0.5429682
2022-12-27,0.5036963,0.51727873,0.47719625,0.5065796,0.4532262,0.49145398,0.54227245
2020-07-02,0.5037569,0.5172726,0.4770318,0.50626504,0.45328107,0.4914048,0.54250026
2024-11-23,0.50419015,0.51793426,0.4776585,0.5072425,0.45390886,0.49205512,0.54292625
2022-03-18,0.5042317,0.5176332,0.47763684,0.50722635,0.45385423,0.49197358,0.5428699
2022-09-10,0.5020681,0.5162646,0.4758126,0.50544816,0.45262033,0.49027872,0.5409565
2024-06-07,0.5038432,0.51743203,0.47747922,0.5067019,0.4534478,0.49187768,0.5424909
2020-08-17,0.50392336,0.5175309,0.47744384,0.50683165,0.45357057,0.4918455,0.54261965
2022-12-01,0.5039024,0.5174985,0.477379,0.5067789,0.45341885,0.49163312,0.5424975
2023-10-19,0.50314057,0.51653296,0.4764444,0.505745,0.452842,0.49071765,0.5416287
2022-04-19,0.5037888,0.5172142,0.47723392,0.50671834,0.45333752,0.49177548,0.54234254
2024-07-26,0.50215584,0.5158326,0.47572935,0.50501955,0.4519168,0.4901775,0.5409297
2024-06-08,0.5037776,0.5173314,0.47745547,0.50664407,0.4533674,0.49182802,0.54230005
2020-12-02,0.50436115,0.51798373,0.47787356,0.5072715,0.45397893,0.49228647,0.54308987
2021-06-23,0.5037974,0.51740265,0.47727737,0.5066903,0.45323077,0.4917453,0.5424701
2024-12-04,0.50422376,0.51799345,0.47769293,0.5073069,0.4539622,0.49208346,0.54298943
2022-07-25,0.5034862,0.5171748,0.4770804,0.5064574,0.45326427,0.49147666,0.5422464
2021-11-25,0.50420856,0.5177809,0.47773167,0.50709915,0.4537818,0.4921082,0.54289
2022-12-30,0.50407016,0.51764584,0.4775879,0.5069704,0.45363444,0.49192908,0.54270834
2024-08-09,0.5038764,0.5174625,0.4774121,0.5068168,0.45352942,0.49182254,0.5425201
2024-01-20,0.50430083,0.5179053,0.47781816,0.5072018,0.45392558,0.4922364,0.54303455
2024-11-14,0.50402355,0.517806,0.47747275,0.50708914,0.45379066,0.4918954,0.5427485
2019-11-01,0.5042825,0.51786584,0.47774142,0.50708735,0.4537912,0.49208412,0.5429401
2024-05-27,0.50384015,0.51736516,0.47724822,0.5067449,0.4531659,0.4916359,0.54238856
2023-10-16,0.50291955,0.5160794,0.47607288,0.50529,0.45257276,0.49019447,0.541276
2021-11-18,0.50417626,0.5177666,0.47767624,0.5070679,0.4537498,0.49205732,0.5428553
2024-10-20,0.5039007,0.5173708,0.47676453,0.50653464,0.45384178,0.4912166,0.5419103
2024-12-21,0.5042312,0.5180499,0.47767916,0.50728697,0.45398304,0.49209225,0.5430147
2020-05-23,0.5041703,0.5177483,0.4776748,0.5070303,0.45372748,0.49216697,0.5428817
2019-05-22,0.5040409,0.5175463,0.47753614,0.5068846,0.45366806,0.49201554,0.5427738
2022-07-21,0.50314313,0.5169173,0.47681293,0.5061803,0.45296568,0.49121332,0.54193246
2022-03-04,0.503699,0.51746947,0.47707552,0.50637394,0.45336583,0.49161905,0.54250956
2020-02-12,0.5041793,0.5177979,0.47772443,0.50702876,0.45385346,0.49215934,0.54297113
2019-09-03,0.5011067,0.51595855,0.47539365,0.50511414,0.45289573,0.48983005,0.5409126
2023-07-28,0.5035676,0.5171916,0.47703168,0.5065834,0.45332897,0.49148235,0.5422217
2024-06-17,0.5037819,0.51729643,0.47738427,0.50655884,0.4530049,0.4914497,0.5422263
2019-12-13,0.50437576,0.5179279,0.47791186,0.50729185,0.45395243,0.49231556,0.5430952
2020-02-17,0.5040808,0.51768625,0.47761646,0.5069005,0.45374882,0.49205923,0.54288846
2021-10-29,0.50188345,0.51708347,0.47668266,0.50533134,0.45260596,0.49108455,0.5410358
2020-03-11,0.50403297,0.51753885,0.47736123,0.50674206,0.45355204,0.49189195,0.5426915
2021-05-27,0.5033902,0.5172669,0.4782548,0.5070138,0.45237526,0.4913901,0.5432248
2021-06-01,0.50284696,0.5168514,0.47805592,0.50661844,0.45177633,0.4909598,0.54296297
2024-07-12,0.50308394,0.5166721,0.47663873,0.50567573,0.4527594,0.49061695,0.54167277
2021-06-22,0.5029414,0.5167085,0.47627345,0.50572205,0.45251447,0.4909181,0.54181224
2023-10-23,0.5033111,0.5168379,0.4767291,0.5061088,0.4530147,0.4910989,0.54187113
2019-06-16,0.50349087,0.51705796,0.47686768,0.50630164,0.45301357,0.49128586,0.5421463
2021-01-26,0.5040755,0.5177255,0.4775316,0.50688165,0.45368904,0.4919858,0.54283464
2021-08-20,0.50428915,0.5177661,0.4778311,0.50714785,0.45384184,0.49214578,0.5427366
2024-08-21,0.503661,0.5172688,0.4772024,0.5066158,0.4534097,0.491636,0.54236525
2024-01-31,0.5040928,0.5177604,0.47761098,0.50701785,0.45378068,0.49199665,0.54280454
2020-04-07,0.50334644,0.5163185,0.47647947,0.5058769,0.4526172,0.49097267,0.5416728
2022-02-26,0.50380707,0.5175668,0.47720212,0.5064832,0.45347738,0.49175406,0.54262084
2021-04-16,0.5041681,0.51754916,0.47753906,0.5069838,0.45369253,0.49192107,0.54274106
2024-06-14,0.50322866,0.5168232,0.47711676,0.50635433,0.45270777,0.49123237,0.5411563
2022-08-22,0.49973616,0.5144133,0.47250414,0.50230104,0.45018077,0.48809293,0.53971946
2022-12-09,0.50396,0.51750565,0.47740123,0.5068236,0.4534022,0.49160022,0.54250216
2022-02-18,0.50413895,0.5177716,0.4776005,0.50694406,0.45376968,0.49206626,0.5428916
2024-05-05,0.5040791,0.51756316,0.47769997,0.50704175,0.45368516,0.4921411,0.54283684
2021-12-26,0.5043876,0.5179718,0.4779028,0.5073013,0.45400324,0.4923264,0.5431232
2020-11-24,0.50432146,0.5179191,0.47779235,0.50722945,0.4539183,0.49218613,0.5429702
2020-09-12,0.5026046,0.5167002,0.47661787,0.505744,0.45280895,0.4909643,0.5415001
2021-03-14,0.50389117,0.51727027,0.47733516,0.50679994,0.4535212,0.49168378,0.54249656
2022-03-19,0.50417745,0.517569,0.4775988,0.50717634,0.45381826,0.491931,0.5428053
2022-12-02,0.50393856,0.5175223,0.4774298,0.50681114,0.45346493,0.4917018,0.5425476
2019-11-27,0.5043064,0.51788884,0.47782797,0.5071967,0.45385027,0.49221548,0.5430277
2022-12-31,0.50388265,0.51746005,0.47738147,0.50676954,0.4534422,0.49167818,0.542485
2019-05-28,0.50350654,0.5170351,0.47715443,0.5064524,0.45303342,0.4914585,0.54230326
2020-11-11,0.50431716,0.5179111,0.47779506,0.5071938,0.4539374,0.4921842,0.5429764
2023-10-12,0.50255805,0.51556164,0.4755394,0.50471765,0.45218486,0.4894886,0.54073954
2024-02-04,0.50384295,0.5174528,0.47735533,0.50674725,0.45352203,0.49175063,0.54248554
2020-08-28,0.5033149,0.51699966,0.47688374,0.50623727,0.45315608,0.4913048,0.5420893
2021-07-19,0.5019531,0.5168657,0.47679394,0.5051969,0.452504,0.49100268,0.54074895
2023-11-10,0.50365674,0.5174037,0.47743607,0.5067738,0.45317852,0.49145466,0.5425479
2021-02-10,0.503767,0.51750433,0.47715402,0.50646544,0.45345494,0.49166837,0.5425936
2020-01-03,0.50440276,0.51797295,0.4779239,0.5072988,0.4540096,0.49234515,0.54313624
2023-08-20,0.50289327,0.5164718,0.47630286,0.5058467,0.45256802,0.49075806,0.5415124
2019-10-28,0.5041385,0.51775753,0.477548,0.50693053,0.4536633,0.4918737,0.5427453
2022-05-27,0.5029876,0.5165366,0.47649062,0.5058313,0.45254517,0.49086007,0.54149354
2022-11-01,0.5038292,0.51750344,0.47729895,0.50671697,0.45349014,0.49167323,0.54250574
2024-08-27,0.5033879,0.5169706,0.47690862,0.5063289,0.4531125,0.49130112,0.54202354
2019-10-05,0.5034956,0.51708865,0.4769622,0.5063135,0.4531458,0.49146077,0.5419854
2024-05-15,0.5029102,0.51645005,0.4764928,0.5057757,0.45251393,0.4908744,0.54154605
2024-07-01,0.50347525,0.51694745,0.4769187,0.5060888,0.45306608,0.49124524,0.5419207
2023-02-18,0.5038192,0.5174436,0.47727248,0.5066677,0.45337552,0.4914574,0.54224676
2021-11-14,0.5040834,0.5177334,0.47753772,0.5069875,0.45366967,0.49190527,0.54274297
2024-02-26,0.5029871,0.51673996,0.4765922,0.5061309,0.4529541,0.49068123,0.5411369
2024-06-29,0.5031628,0.5169495,0.47691128,0.50598925,0.45287642,0.49127465,0.541733
2023-05-07,0.5042717,0.517749,0.47770342,0.50713444,0.45382994,0.49222693,0.5429255
2022-09-11,0.501979,0.51618356,0.47571716,0.50536704,0.45255098,0.49015042,0.5408534
2021-12-08,0.50428915,0.51787764,0.47780967,0.5071693,0.45388174,0.49222034,0.54301107
2024-06-04,0.5039376,0.51759374,0.47757506,0.50682676,0.45354486,0.49202597,0.5426951
2024-04-11,0.5041676,0.51765585,0.4776326,0.50702506,0.45368075,0.49207667,0.5428135
2020-02-14,0.50414884,0.51778674,0.47770953,0.5069973,0.45384005,0.49214178,0.5429709
2020-03-12,0.50415117,0.51760954,0.47750324,0.5069128,0.45363504,0.49199817,0.54278255
2024-03-21,0.50393534,0.51729465,0.47724864,0.5066542,0.45316827,0.49182945,0.54248667
2024-07-19,0.5028674,0.51654077,0.47646236,0.5058795,0.45268476,0.4908251,0.54149294
2019-04-20,0.50414085,0.51748055,0.47750112,0.50702864,0.4537181,0.49206847,0.54273355
2023-08-09,0.5033141,0.51689637,0.47675267,0.50626504,0.45300555,0.49117783,0.541907
2021-12-06,0.5042872,0.51786184,0.47780493,0.50717473,0.4538762,0.49220127,0.54299307
2020-05-14,0.5041636,0.5177397,0.47766906,0.5070002,0.4536947,0.49211806,0.5428734
2022-09-22,0.5007863,0.5153608,0.47476238,0.504469,0.4519159,0.48905724,0.5398676
2019-12-22,0.50438017,0.5179533,0.47790843,0.5072837,0.4539637,0.4923248,0.54311967
2019-08-19,0.502753,0.5165944,0.47629282,0.5057156,0.45279145,0.49084306,0.54163086
2024-03-03,0.50344735,0.5172353,0.4772475,0.5066589,0.4531656,0.49135107,0.5422535
2021-11-12,0.5040833,0.517687,0.47754136,0.50693333,0.4536287,0.4919019,0.5427108
2021-02-13,0.50376654,0.5175494,0.47714826,0.50648206,0.45344976,0.49169168,0.5426082
2024-12-11,0.50429785,0.5179993,0.47777516,0.5073023,0.4539778,0.49218372,0.5430484
2019-04-28,0.504135,0.5175788,0.47759944,0.50692964,0.45368057,0.4920492,0.5428171
2019-04-06,0.5036781,0.5170667,0.4770928,0.5064752,0.45334357,0.49157026,0.542345
2020-09-10,0.5027581,0.5167409,0.4766313,0.50586516,0.4528815,0.4910228,0.54157066
2022-03-07,0.50368154,0.51743305,0.4770431,0.5063622,0.4533554,0.4915975,0.542492
2021-06-16,0.50177896,0.5153819,0.47530723,0.50456583,0.45148775,0.48978132,0.54054266
2022-11-21,0.5039882,0.5176266,0.47750336,0.5068933,0.4535946,0.4918144,0.5426483
2022-11-24,0.5039415,0.51757604,0.47745964,0.50683695,0.4535389,0.49174887,0.5425812
2021-05-01,0.50421715,0.51765764,0.4776475,0.5070247,0.45375133,0.49209994,0.5428759
2021-11-21,0.5041533,0.51772827,0.47765383,0.5070539,0.45372975,0.49202898,0.54282326
2021-10-31,0.5011327,0.51685894,0.47641167,0.5048455,0.45224172,0.49081284,0.5404817
2019-09-08,0.50314456,0.51677877,0.47670367,0.5062501,0.45289597,0.49122587,0.5417436
2020-02-07,0.5042039,0.51782733,0.4777637,0.5070659,0.45388612,0.49219456,0.5429994
2023-11-06,0.5036233,0.5173372,0.4772687,0.5067016,0.45325541,0.4914661,0.5424025
2022-11-07,0.50414085,0.5176864,0.47761205,0.5069692,0.4537095,0.49199966,0.54279375
2022-05-21,0.5037023,0.5173338,0.47718886,0.5066286,0.4532692,0.49166378,0.5422888
2022-06-22,0.5039472,0.5175747,0.4774321,0.5067721,0.45353016,0.49181712,0.542595
2019-11-20,0.5043275,0.5179161,0.47782752,0.5072012,0.4538847,0.49221513,0.54303974
2021-03-21,0.5032514,0.5165863,0.47671506,0.5061363,0.45293128,0.49106374,0.5417667
2020-08-10,0.5040727,0.51764697,0.47757882,0.50697845,0.45368174,0.491952,0.5427343
2024-01-18,0.504324,0.517911,0.47782698,0.5072327,0.4539341,0.492229,0.5430401
2024-02-14,0.5034365,0.5171341,0.4769617,0.5063395,0.4532415,0.4913066,0.5420112
2024-03-18,0.50390905,0.5172659,0.47721383,0.5065792,0.45320404,0.49175924,0.54244417
2021-10-25,0.50196,0.51700646,0.476686,0.50537246,0.45262218,0.49110287,0.54102737
2021-04-01,0.50225484,0.51561487,0.47567207,0.50470996,0.4519618,0.49016446,0.54075843
2021-03-24,0.5016322,0.5148436,0.47517487,0.5044618,0.45128024,0.48949802,0.53996766
2020-08-14,0.5039071,0.517517,0.47742668,0.50682116,0.45355162,0.4918469,0.5425804
2019-04-11,0.5037779,0.5171626,0.47718006,0.50656885,0.45343965,0.49162725,0.54244614
2020-10-25,0.50409555,0.5176144,0.47751787,0.5069672,0.45367527,0.49192223,0.5426622
2024-10-22,0.5041114,0.5173659,0.4766744,0.5064534,0.45408773,0.4911696,0.54179215
2022-06-21,0.50376487,0.51736253,0.47725576,0.50652987,0.45324972,0.49151507,0.5423785
2020-10-17,0.5039654,0.51749146,0.47742242,0.5069981,0.45360705,0.49195343,0.5425676
2021-04-18,0.5042225,0.51756585,0.47755885,0.5070244,0.45370662,0.491966,0.5427788
2022-09-18,0.5011933,0.5157184,0.47511917,0.5048041,0.4522339,0.4895002,0.54022586
2020-12-19,0.50435704,0.5179524,0.47787,0.50727123,0.45396894,0.49228922,0.54309094
2022-03-03,0.5040355,0.51766735,0.47746602,0.5068126,0.45367542,0.49192736,0.54276806
2023-10-31,0.5035223,0.517148,0.47704747,0.5065149,0.4532457,0.4914209,0.5421462
2021-02-23,0.50429255,0.5177616,0.47773314,0.50717175,0.45386595,0.4921403,0.54297894
2019-10-16,0.5038563,0.5174294,0.47728106,0.5065508,0.45338014,0.4916612,0.5424107
2022-09-12,0.5016352,0.5159635,0.47544655,0.50512,0.4524186,0.48987547,0.54061747
2020-10-24,0.5040227,0.51755077,0.47746807,0.50689226,0.45363685,0.49186626,0.542579
2019-09-13,0.5024999,0.5162647,0.47650096,0.5060681,0.4521988,0.49072373,0.5413142
2024-06-12,0.5035226,0.5171355,0.47724447,0.5065239,0.45324668,0.49154186,0.54188013
2022-06-27,0.50380963,0.51725566,0.47718912,0.5063941,0.4532852,0.49134025,0.54231703
2024-03-15,0.5038331,0.51711637,0.4770318,0.5064289,0.45300403,0.49159542,0.5422871
2023-01-02,0.50366604,0.51726484,0.47717246,0.50659263,0.45321593,0.49142274,0.5422305
2023-08-28,0.5024351,0.51597035,0.47585866,0.50534874,0.45209658,0.49027586,0.5409585
2024-11-07,0.503671,0.51770425,0.4770713,0.50699276,0.45370844,0.4915018,0.54239035
2019-06-14,0.50339735,0.51696384,0.47674367,0.50611484,0.4529368,0.4910961,0.54208356
2020-11-25,0.5043303,0.5179387,0.47781804,0.5072247,0.45393938,0.49220464,0.5429702
2019-04-10,0.5035657,0.51691043,0.47698677,0.50627273,0.45320925,0.49146146,0.5422568
2023-02-28,0.50380003,0.51744556,0.4773445,0.50665635,0.45341328,0.49162805,0.54235774
2023-11-08,0.50362813,0.5173234,0.47737417,0.50672245,0.4531515,0.49143952,0.5424909
2019-11-30,0.50431603,0.51787025,0.47786415,0.5072328,0.45385537,0.49224404,0.5430414
2020-03-24,0.5043271,0.5177401,0.47772902,0.5072398,0.4539126,0.49214664,0.54299027
2021-03-13,0.50403,0.51742685,0.47747937,0.50695574,0.45365965,0.4918403,0.54265636
2024-01-15,0.5043293,0.5179299,0.47784808,0.507243,0.45395115,0.49225914,0.54306567
2023-05-22,0.50422704,0.51800525,0.47767764,0.5072392,0.45373333,0.4921865,0.5428962
2021-01-17,0.50424904,0.5178634,0.47773325,0.50712556,0.4538792,0.49218082,0.54298717
2021-05-28,0.5025242,0.51672417,0.4787646,0.50691354,0.45088145,0.49058458,0.54346186
2022-05-04,0.5040099,0.5175025,0.47750482,0.50685716,0.4535526,0.49195048,0.5426481
2020-05-16,0.5041652,0.5177348,0.47766498,0.5069833,0.45371178,0.49211234,0.54287446
2023-10-06,0.50199026,0.5151231,0.47513482,0.50440437,0.45172644,0.48921427,0.5402656
2024-09-09,0.5031889,0.51690066,0.476775,0.5062498,0.45307508,0.49118635,0.5419132
2024-04-16,0.50430816,0.5178182,0.4777917,0.5071939,0.45387203,0.492214,0.5429834
2024-06-10,0.5036771,0.51720744,0.47732928,0.5065831,0.45330575,0.49168763,0.5421544
2021-09-27,0.50332004,0.516815,0.4766469,0.50614685,0.4528549,0.49106395,0.54178447
2019-05-13,0.50407094,0.51757544,0.4775755,0.50693166,0.45367005,0.49202523,0.5427735
2021-12-03,0.5042537,0.51787394,0.4777647,0.5071733,0.4538518,0.49215305,0.5429699
2023-07-15,0.5037257,0.5173774,0.47722664,0.50661033,0.4533597,0.4916673,0.54236126
2021-07-11,0.50387615,0.5174871,0.47733918,0.50659186,0.45347524,0.49171928,0.5424047
2020-08-26,0.5038423,0.5175184,0.47740677,0.50679004,0.45362943,0.49182186,0.542604
2024-12-01,0.50420004,0.51798403,0.47767448,0.5072724,0.45394462,0.49206322,0.54296756
2023-01-24,0.5039268,0.517449,0.47733787,0.5066803,0.4533218,0.4914763,0.5423385
2021-12-04,0.5042693,0.5178776,0.4777882,0.5071906,0.45387822,0.49218002,0.54298514
2021-02-06,0.5038,0.5174903,0.47714597,0.5065086,0.45347503,0.49162441,0.54258186
2019-04-24,0.50429714,0.5178174,0.47779453,0.5071469,0.45388937,0.49221906,0.5430121
2021-05-15,0.50425833,0.5177992,0.47775277,0.50713307,0.45388913,0.4922252,0.5429881
2019-09-18,0.5016893,0.5155178,0.4757451,0.50556666,0.45165226,0.4902758,0.54040426
2019-12-03,0.5043591,0.5179278,0.4779032,0.50727546,0.45390636,0.49227205,0.54308474
2023-07-26,0.50387514,0.5174828,0.47736973,0.5068372,0.45356783,0.49181077,0.54256773
2019-05-27,0.50361514,0.51712245,0.47719342,0.50649697,0.4531987,0.49156886,0.5423746
2020-10-05,0.5039593,0.51755375,0.47746047,0.5069195,0.4536632,0.49190554,0.54267913
2024-05-23,0.5033335,0.5168694,0.47679418,0.50627816,0.45272684,0.4911971,0.54183006
2019-12-10,0.50436836,0.5179003,0.47789964,0.50729,0.45392334,0.4922825,0.54307306
2022-12-05,0.5039397,0.5175067,0.47741067,0.5068107,0.45342395,0.4916451,0.5425192
2022-06-28,0.5037654,0.51726663,0.47718093,0.5064455,0.4532639,0.4914126,0.5422659
2020-07-25,0.50380045,0.51743793,0.47735906,0.50675106,0.4534745,0.49180156,0.5424968
2023-05-19,0.50421214,0.51792395,0.477578,0.50718963,0.45369637,0.4921352,0.54285383
2024-01-05,0.50436586,0.5179547,0.47787446,0.5072726,0.45398158,0.4923029,0.5430939
2023-12-25,0.5043684,0.51796055,0.4778494,0.5072912,0.45397946,0.49223107,0.54306096
2023-03-08,0.5038528,0.5175576,0.4774123,0.50674766,0.45354334,0.49171087,0.5424456
2024-08-02,0.50391495,0.5175016,0.47747567,0.506735,0.45349506,0.491817,0.54257673
2019-10-31,0.50430524,0.51788336,0.47776145,0.50708675,0.45380867,0.49211708,0.54295367
2022-12-26,0.50370014,0.5172777,0.47721103,0.50655377,0.45322332,0.49146673,0.5422841
2021-07-18,0.50239366,0.5170698,0.47677553,0.5054133,0.4528368,0.49115574,0.54124457
2020-11-18,0.5042515,0.5178713,0.47772646,0.5071701,0.45387232,0.49210373,0.5428773
2022-11-11,0.50413394,0.5176716,0.47761634,0.50697684,0.4536705,0.49200484,0.5427881
2020-03-21,0.5042442,0.51757485,0.47757927,0.50704914,0.4536994,0.49203384,0.5428218
2024-11-12,0.50389785,0.51780367,0.47734082,0.5070522,0.4537758,0.49174803,0.5426479
2022-04-09,0.5042576,0.5176831,0.47764185,0.5071805,0.45381576,0.4920635,0.54288256
2023-01-08,0.5038139,0.5173568,0.47732168,0.50667375,0.45330665,0.4915267,0.54234344
2019-06-25,0.5025409,0.51620746,0.47571376,0.504871,0.45225608,0.4902611,0.5414948
2022-04-01,0.50408655,0.5173635,0.47736108,0.5070619,0.45374668,0.4918109,0.542637
2023-06-10,0.5037898,0.51740587,0.47729287,0.5066325,0.45326298,0.49172044,0.5424601
2021-07-02,0.503313,0.51708305,0.47655353,0.5059219,0.45294136,0.4911477,0.5422007
2019-12-23,0.50439805,0.5179568,0.4779153,0.50729996,0.45399016,0.4923381,0.5431224
2021-10-04,0.50310683,0.5166984,0.476618,0.50598913,0.45266253,0.4908975,0.5417022
2022-03-24,0.50400513,0.51720494,0.47732452,0.5069284,0.45358166,0.49167126,0.5425665
2023-07-11,0.5033883,0.51712275,0.47693667,0.50631094,0.45315853,0.49137473,0.5420425
2019-04-27,0.5041851,0.5176338,0.4776464,0.5069854,0.45373198,0.4921039,0.5428737
2021-01-13,0.50427777,0.51787275,0.47776595,0.5071665,0.45389226,0.49220115,0.5429983
2019-12-20,0.50437856,0.5179474,0.47790122,0.5072815,0.45396963,0.4923101,0.54310393
2023-08-29,0.5024819,0.51602006,0.47589648,0.5053336,0.45219314,0.49030066,0.54101366
2023-01-22,0.5039086,0.51742166,0.4773193,0.5066585,0.45331442,0.4914497,0.542302
2020-09-16,0.5030652,0.516983,0.47685233,0.506166,0.45312577,0.4910778,0.5418163
2019-04-30,0.50414324,0.51755875,0.47759813,0.5069203,0.45365515,0.4920516,0.54281086
2023-08-13,0.50208795,0.5156473,0.475537,0.5050631,0.45185038,0.4899399,0.54052174
2022-03-01,0.5037769,0.5174903,0.47715172,0.5064531,0.45343876,0.49169397,0.54256064
2021-12-18,0.504386,0.51795506,0.47790462,0.5072744,0.45397493,0.49232167,0.5431099
2021-04-30,0.50423634,0.5176629,0.4776541,0.5070134,0.4537793,0.4920934,0.5428794
2024-10-27,0.5034862,0.5174759,0.47675672,0.50668585,0.4535974,0.4911636,0.542076
2023-12-23,0.50438994,0.51795727,0.47787237,0.5072849,0.4539806,0.49227268,0.5430901
2022-02-21,0.5040289,0.5177062,0.4774721,0.5067953,0.45369107,0.49196982,0.54280406
2024-05-01,0.50410247,0.5176255,0.47762358,0.5069733,0.45370695,0.49206397,0.5428113
2019-10-04,0.50340265,0.51702166,0.47690096,0.5062775,0.45310116,0.49141222,0.54190326
2022-02-22,0.50398946,0.517681,0.47742426,0.506739,0.4536538,0.49193135,0.54277724
2019-12-16,0.5043822,0.51792526,0.47790048,0.5072932,0.45394385,0.49231187,0.5430878
2022-05-20,0.5037954,0.5174289,0.4773055,0.50673825,0.45338008,0.4917568,0.542409
2021-06-07,0.503722,0.5173355,0.47736743,0.50662935,0.45335352,0.49177092,0.5424773
2023-11-02,0.5036144,0.51727515,0.47717822,0.5066813,0.45332596,0.49155188,0.5423082
2024-03-20,0.5039719,0.5173305,0.47729355,0.50666493,0.45329115,0.491838,0.5425143
2021-11-09,0.50378966,0.51766443,0.4773906,0.5067393,0.45346558,0.4917305,0.542495
2022-07-02,0.50322276,0.5166327,0.4765549,0.50569683,0.45276466,0.49061006,0.5416276
2021-10-19,0.5024978,0.5170552,0.4768832,0.5057647,0.452732,0.49110454,0.5415027
2023-02-12,0.50405,0.51763076,0.47729996,0.50674653,0.45337072,0.49114665,0.54218936
2023-05-31,0.50433856,0.517956,0.47780663,0.507299,0.4539228,0.49227673,0.54302245
2019-08-27,0.50114757,0.5157199,0.47488177,0.50459146,0.4522124,0.48969233,0.54071933
2019-05-20,0.5040694,0.5175533,0.47755146,0.5069017,0.4536784,0.49203002,0.5427728
2020-03-10,0.5040325,0.5175799,0.4774007,0.5067601,0.45357803,0.49191958,0.542719
2022-08-08,0.5035534,0.517197,0.4770386,0.5064662,0.45323643,0.49151373,0.54223573
2022-05-12,0.5040454,0.51751286,0.47754353,0.50688565,0.45353848,0.49197912,0.5426534
2019-11-28,0.5043005,0.5178592,0.47782904,0.5072088,0.45383686,0.49221689,0.54301053
2022-09-24,0.50004,0.51504236,0.4742662,0.5041062,0.45178548,0.48850513,0.53943336
2022-03-09,0.50383675,0.51752794,0.47724792,0.5066106,0.4535079,0.4917357,0.54259294
2022-07-27,0.5036436,0.5172576,0.47718614,0.5065697,0.4532693,0.49156776,0.54231554
2023-02-15,0.50402826,0.51763654,0.47729963,0.5067469,0.45339084,0.49115723,0.54219544
2022-12-15,0.5038946,0.5174792,0.4773978,0.50678015,0.45342946,0.4916527,0.5424899
2021-03-25,0.50111705,0.5143161,0.47475052,0.5039397,0.4508805,0.48905283,0.5394191
2021-08-22,0.50421876,0.51759505,0.47781935,0.50708455,0.45371786,0.49207494,0.54241997
2021-12-14,0.50433004,0.5179453,0.47783455,0.5072287,0.45394355,0.4922651,0.54306656
2021-12-24,0.50439495,0.51797336,0.47791523,0.5073056,0.45400023,0.4923315,0.5431208
2021-10-18,0.50214505,0.516884,0.4768128,0.50552213,0.45246202,0.49089947,0.54130346
2023-02-11,0.50404924,0.51761025,0.4772666,0.5067347,0.45332995,0.49108937,0.54215014
2021-05-18,0.5042362,0.5177994,0.47775224,0.5071035,0.4538493,0.49219066,0.5429612
2024-10-19,0.50387496,0.51735425,0.47677964,0.50652057,0.45379865,0.4912143,0.5419127
2023-03-26,0.5033659,0.51679593,0.47685808,0.50614023,0.45297584,0.49129853,0.5420087
2021-03-10,0.50410604,0.5174872,0.47754017,0.5070304,0.45371002,0.49188998,0.5427316
2023-02-05,0.5042418,0.5178242,0.47773063,0.5071131,0.45379704,0.49205253,0.5428565
2021-05-20,0.50421953,0.5177946,0.47776303,0.5070901,0.4538291,0.4921869,0.542976
2021-11-24,0.50423,0.51779234,0.47772998,0.5071222,0.45378703,0.49210542,0.5429047
2022-12-07,0.5039822,0.51753247,0.47739932,0.50683177,0.45341587,0.49157175,0.542488
2021-05-06,0.5041989,0.5176995,0.47768885,0.5070341,0.45378345,0.49212435,0.5429007
2021-07-27,0.5035903,0.5172278,0.4771349,0.5062927,0.45333418,0.4916912,0.5422123
2022-04-10,0.50407815,0.5174508,0.4774649,0.50690573,0.45352203,0.49191964,0.542666
2023-06-11,0.50397563,0.51757544,0.4774843,0.50685644,0.4535024,0.49194357,0.5426914
2020-08-08,0.5039701,0.517596,0.4775145,0.5068694,0.45360044,0.49190146,0.5427203
2021-03-22,0.502747,0.51605237,0.4762447,0.50563544,0.45243454,0.49058816,0.5412015
2023-12-28,0.5043695,0.51795185,0.47786257,0.5072848,0.45396864,0.49225372,0.5430673
2024-01-16,0.5043286,0.5179285,0.47783893,0.50723535,0.45394737,0.4922478,0.54305506
2021-04-08,0.50377,0.51710355,0.4771513,0.5065974,0.45335928,0.4915468,0.5423495
2019-09-22,0.50197583,0.5158333,0.4760058,0.5056247,0.451967,0.49064106,0.540635
2023-08-07,0.5034313,0.51699257,0.47688374,0.50639343,0.4531512,0.49134338,0.5420641
2022-01-07,0.504414,0.5179891,0.4779309,0.5073111,0.45403343,0.49235415,0.54314333
2019-10-18,0.50396705,0.51753,0.4773745,0.5066909,0.453487,0.49173802,0.5425348
2024-04-04,0.5041396,0.51759446,0.4776001,0.50697047,0.4536261,0.49205726,0.5427841
2021-09-28,0.5035677,0.517096,0.47692418,0.5064394,0.45307136,0.49130222,0.54206127
2019-12-07,0.5043291,0.5178792,0.47789535,0.50727123,0.4538781,0.49226192,0.543047
2023-06-24,0.5036548,0.51731265,0.4771426,0.5064913,0.45315835,0.49148092,0.54227287
2023-05-04,0.5043462,0.5177513,0.47774893,0.5071585,0.4538718,0.49225938,0.54295564
2019-09-14,0.50244904,0.51620436,0.4764418,0.50605494,0.45213893,0.49068815,0.5412438
2020-04-04,0.5039924,0.51718485,0.4772398,0.50679874,0.4535234,0.4916738,0.5425221
2019-09-21,0.5020836,0.51588774,0.47602728,0.50557977,0.45196122,0.49059275,0.54071045
2024-08-30,0.50288886,0.5165465,0.47641346,0.5058469,0.45272282,0.49080354,0.541474
2020-08-19,0.5038433,0.51749414,0.4773797,0.50677687,0.4535796,0.49181864,0.5425867
2022-05-22,0.50353426,0.51716924,0.477005,0.5064516,0.4530985,0.491466,0.54204756
2019-05-09,0.50417477,0.51766115,0.47767645,0.5070125,0.4537526,0.4921097,0.54288775
2023-03-14,0.50331086,0.51692015,0.47690564,0.5061918,0.45306563,0.4912674,0.5419369
2019-05-25,0.5039279,0.5173966,0.47741526,0.50676656,0.45351663,0.4918884,0.5426315
2021-06-11,0.50331736,0.5171206,0.47697246,0.5062495,0.45306313,0.49144825,0.54216564
2019-09-19,0.5018528,0.5156598,0.47583896,0.5056273,0.45184153,0.49040487,0.5405432
2024-07-03,0.5036191,0.51710206,0.47699416,0.5062049,0.45321473,0.4913608,0.54210204
2022-08-30,0.49879044,0.513827,0.4716193,0.50152385,0.44967005,0.4873172,0.539049
2021-09-09,0.50363183,0.51720893,0.47709924,0.5064833,0.45313308,0.49144176,0.5423045
2019-05-06,0.50420743,0.51770616,0.4777017,0.50705445,0.45377362,0.49214244,0.54291844
2019-04-23,0.50422895,0.51769763,0.47769332,0.5070602,0.45377594,0.4921374,0.5428979
2021-04-19,0.5042319,0.51755875,0.4775643,0.5070054,0.4537205,0.4919696,0.5427928
2020-09-21,0.5033771,0.5170743,0.47696367,0.50653064,0.4531655,0.49124813,0.5420136
2021-01-30,0.503904,0.517574,0.47731626,0.5066583,0.45354226,0.49180835,0.54267627
2023-02-14,0.5040115,0.51757574,0.4773255,0.5067053,0.45333594,0.49122316,0.54220307
2022-07-14,0.5028698,0.51670253,0.47654197,0.5058763,0.4526941,0.49091458,0.5414813
2024-02-27,0.50343573,0.5171703,0.47704872,0.5065168,0.45326844,0.49130175,0.5421128
2023-02-27,0.5037838,0.51745814,0.4773469,0.50665563,0.45342827,0.49162126,0.5423563
2020-03-23,0.5043225,0.5177322,0.47772247,0.5072134,0.45389274,0.49215174,0.5429807
2024-08-19,0.5036296,0.51722383,0.47717702,0.50659484,0.4533876,0.49159566,0.54231524
2023-03-11,0.50351256,0.5171471,0.47709796,0.50638306,0.45324248,0.49143714,0.5421162
2024-11-01,0.50360334,0.51754314,0.47692135,0.506808,0.45359123,0.49131706,0.542231
2023-09-23,0.5021011,0.51516736,0.47514302,0.50432426,0.4518306,0.48910952,0.54031384
2022-06-15,0.5035241,0.5170841,0.47696042,0.50625855,0.45295662,0.4912738,0.5421191
2023-10-29,0.5034171,0.517067,0.47691062,0.5063688,0.45313346,0.49128214,0.54203117
2021-08-24,0.504174,0.51758206,0.47777718,0.5070471,0.45362905,0.49200237,0.5424693
2024-03-06,0.5035354,0.51716465,0.47717094,0.5065862,0.45310694,0.49138343,0.54221225
2020-01-25,0.5043255,0.5178996,0.4778506,0.5072124,0.45395172,0.49228048,0.5430638
2019-08-15,0.50328314,0.5170152,0.47676373,0.5061599,0.4531227,0.4912854,0.542103
2020-02-26,0.5038754,0.51759213,0.47732246,0.50661606,0.45354408,0.4918147,0.54267806
2020-07-18,0.5039757,0.5175571,0.4774519,0.5068287,0.45349866,0.49184528,0.5426483
2019-08-22,0.502361,0.5163177,0.47589737,0.5053453,0.45253423,0.4904999,0.54133505
2021-02-09,0.5037681,0.517498,0.47714815,0.50646144,0.45342445,0.49166238,0.5425893
2019-10-12,0.503712,0.51728773,0.47713327,0.5064214,0.45326373,0.49154714,0.5422309
2022-03-06,0.50366217,0.51741475,0.4770128,0.506318,0.45332596,0.4915744,0.5424677
2021-07-25,0.50329196,0.51707244,0.4769904,0.50618136,0.45316824,0.49144614,0.54188347
2023-12-02,0.5043633,0.5179007,0.47778723,0.5072368,0.45389286,0.49215102,0.5430046
2023-07-21,0.5035125,0.5171986,0.47704405,0.5064968,0.4532528,0.49147964,0.5422161
2022-09-13,0.5010142,0.5155722,0.47499353,0.50471383,0.45222086,0.48943213,0.5402028
2021-04-22,0.5043053,0.51774305,0.4777251,0.5071106,0.45380825,0.4921621,0.5429298
2023-09-19,0.5016766,0.5148683,0.4748236,0.5040764,0.4515097,0.488866,0.53990936
2020-05-15,0.5041686,0.5177384,0.47766757,0.5070124,0.45369765,0.49211282,0.54286695
2020-04-30,0.504227,0.517775,0.4777328,0.5070771,0.45378742,0.4921452,0.5429304
2023-03-27,0.50377226,0.5173728,0.47728086,0.50666344,0.45349416,0.49167454,0.54245967
2019-09-16,0.50184554,0.5156802,0.4758102,0.5055192,0.45181495,0.49031729,0.540539
2021-03-30,0.5015214,0.51484287,0.47507456,0.50413424,0.45129713,0.48945943,0.53992707
2023-05-06,0.50430435,0.51774585,0.47770473,0.507151,0.45383194,0.49223813,0.5429226
2019-10-20,0.50407606,0.5176042,0.4774837,0.5067983,0.45357046,0.49187475,0.5426306
2024-08-29,0.5031035,0.5166989,0.47664386,0.50607514,0.45290238,0.4910286,0.54172033
2022-01-21,0.504384,0.5179631,0.47790438,0.5072829,0.45400324,0.49232885,0.5431149
2021-11-15,0.5041625,0.51777613,0.47762233,0.5070353,0.45373985,0.49199966,0.5428238
2022-11-29,0.5038426,0.5174436,0.47735506,0.5067358,0.45339268,0.49159738,0.5424306
2022-05-11,0.5040986,0.5175763,0.4776019,0.50696355,0.45358872,0.4920298,0.5427094
2024-11-10,0.50373846,0.51778585,0.47717714,0.50703216,0.45375875,0.4915762,0.542501
2019-04-22,0.5041665,0.5175937,0.47761032,0.5069749,0.45371875,0.4920822,0.54282445
2021-09-22,0.5039304,0.5173525,0.4771882,0.506658,0.45340014,0.49163738,0.5424178
2024-08-08,0.50392485,0.51753867,0.477442,0.5068676,0.45357788,0.49187925,0.5425592
2020-09-15,0.50285894,0.5168872,0.47679266,0.50599295,0.452935,0.49101982,0.54161394
2019-10-03,0.5033122,0.51691115,0.47681504,0.50616306,0.4529988,0.49134228,0.54176956
2024-03-26,0.50407654,0.5175481,0.47750655,0.50688803,0.4535613,0.4919731,0.5427139
2019-07-14,0.5038312,0.5174091,0.47732392,0.5067368,0.4534877,0.49177572,0.5425371
2024-05-25,0.5035165,0.5170776,0.476968,0.50645125,0.45282272,0.49132374,0.5419706
2019-12-11,0.5043635,0.51792043,0.47789514,0.507285,0.453941,0.49230364,0.54309005
2020-07-05,0.5036124,0.51701677,0.47679126,0.50602055,0.45309284,0.4910973,0.54229754
2022-06-10,0.5037257,0.5171447,0.4771381,0.50638956,0.45302072,0.4915386,0.5421745
2021-08-27,0.5041125,0.51758724,0.47748417,0.5069446,0.45347807,0.49181697,0.5427023
2021-12-25,0.5044034,0.5179821,0.47792616,0.50730705,0.45400703,0.4923472,0.54313815
2024-10-17,0.50371,0.5174572,0.47684166,0.5066526,0.4536895,0.49121338,0.5420618
2021-11-19,0.5041676,0.5177502,0.47767243,0.50705963,0.45374244,0.49205196,0.5428468
2020-03-13,0.504136,0.5176847,0.47754896,0.5069397,0.4537259,0.4920522,0.54285437
2021-06-18,0.5012465,0.51479715,0.47479206,0.50404066,0.45098278,0.48925787,0.53997135
2022-12-23,0.5037319,0.5173213,0.47723702,0.5066133,0.4532744,0.49150187,0.5423272
2019-07-28,0.5034718,0.5172168,0.4768576,0.50632805,0.45319408,0.49144232,0.5423128
2022-06-12,0.5035178,0.5169967,0.47693786,0.5062279,0.45284745,0.49136713,0.54203093
2024-04-21,0.50401247,0.5175329,0.47752824,0.5068838,0.45361605,0.49195674,0.5426829
2021-08-30,0.5040603,0.517484,0.47734517,0.50691396,0.45327264,0.49158794,0.5426213
2023-11-14,0.50400454,0.5176107,0.47754908,0.5069078,0.4535171,0.4917674,0.5426816
2020-10-31,0.5042771,0.51783204,0.47772112,0.5071024,0.4538474,0.49210426,0.54291725
2023-03-12,0.5035209,0.5172113,0.47711253,0.5064283,0.45328245,0.49143273,0.5421436
2021-06-04,0.5034727,0.51719123,0.47712612,0.50639987,0.4531799,0.49155545,0.5422814
2023-07-01,0.5016239,0.5151979,0.47514302,0.5043363,0.45136926,0.4896331,0.5403544
2024-02-09,0.5037642,0.5173803,0.47724125,0.5066315,0.4534576,0.49163467,0.5423916
2021-07-28,0.50371736,0.51732737,0.47725648,0.5063879,0.45338833,0.49184418,0.5423379
2022-02-25,0.5038425,0.5175814,0.47724336,0.50654453,0.45351353,0.49178448,0.5426442
2023-11-26,0.5043024,0.5178552,0.4777152,0.5071838,0.45383638,0.4920725,0.542928
2022-04-25,0.5039782,0.51729697,0.47730508,0.5069201,0.45350778,0.49194196,0.542471
2020-01-23,0.5043337,0.51791203,0.47785497,0.50721526,0.45395407,0.49228263,0.54306924
2019-10-21,0.50413215,0.51764566,0.47754294,0.5068562,0.4536205,0.49193093,0.5427158
2019-06-15,0.50353473,0.5170917,0.47690937,0.5063195,0.45300725,0.49126533,0.54218477
2021-01-11,0.5042802,0.51788723,0.47777298,0.5071712,0.45391092,0.49221697,0.54301316
2024-04-10,0.50420696,0.51770246,0.47766665,0.5070665,0.45372468,0.49209595,0.5428504
2024-11-26,0.5040244,0.5179512,0.47749406,0.50724006,0.45386603,0.4918636,0.54281306
2024-11-05,0.5036461,0.51762164,0.47701135,0.5069055,0.45364964,0.49145466,0.54232925
2019-09-01,0.50124973,0.5161671,0.4754952,0.5051817,0.45313576,0.48997054,0.54108274
2022-09-15,0.5007548,0.515495,0.47483617,0.5045737,0.45222917,0.48926517,0.5400559
2020-12-01,0.50439173,0.5179874,0.47789687,0.50728434,0.4539886,0.4923125,0.5431051
2021-06-19,0.5020049,0.51562715,0.47543222,0.5047589,0.4516747,0.48997533,0.5407966
2022-03-28,0.50362086,0.5167886,0.4769367,0.50649196,0.4533135,0.49130902,0.5422162
2019-03-31,0.5027646,0.5161756,0.4762411,0.5055532,0.45252725,0.49069583,0.5413674
2020-02-04,0.5042993,0.51788765,0.47782388,0.5071745,0.453946,0.49225992,0.5430572
2022-11-15,0.5041341,0.51770616,0.47761998,0.50699645,0.45371932,0.4920007,0.54280204
2022-08-01,0.50403625,0.51759416,0.47755203,0.50692844,0.4536255,0.491948,0.54272634
2022-05-31,0.5041166,0.5177149,0.47754538,0.50695604,0.45361146,0.49197647,0.5426176
2023-07-08,0.5022864,0.5159845,0.47582838,0.5050701,0.45204586,0.49026445,0.54096425
2020-07-07,0.50335383,0.5169663,0.4765591,0.50591403,0.45296708,0.4911094,0.54221827
2023-07-20,0.5038397,0.51750433,0.47739005,0.5068118,0.45352742,0.4918028,0.5425661
2022-08-10,0.50333667,0.5169875,0.47683132,0.50625795,0.45306692,0.49135804,0.542032
2020-11-27,0.5043375,0.51795065,0.47782436,0.5072421,0.45393062,0.49221918,0.54300994
2019-05-26,0.5037171,0.5172294,0.47724485,0.5065969,0.45333487,0.4916865,0.54241425
2020-10-09,0.5039158,0.51745653,0.477382,0.5068461,0.4535281,0.49180514,0.5424915
2020-02-16,0.5040714,0.5176969,0.4776234,0.50688833,0.4537533,0.49207193,0.54289883
2022-05-26,0.50241774,0.51601887,0.47599941,0.5052919,0.45200968,0.49036333,0.5409296
2021-02-04,0.50381035,0.51746523,0.47718257,0.5065381,0.45345318,0.49168545,0.54257244
2021-08-13,0.5036598,0.5170675,0.47695,0.50666976,0.4534662,0.49161986,0.54214036
2020-12-20,0.50435215,0.5179524,0.47787586,0.5072766,0.45396173,0.4922824,0.5430985
2024-09-12,0.50343806,0.51710385,0.4769832,0.5064464,0.45335382,0.49135914,0.5421975
2019-05-31,0.5027236,0.5166019,0.477772,0.50648236,0.45161006,0.4907275,0.542683
2024-02-13,0.5035268,0.517233,0.47705653,0.5064487,0.4533272,0.49140653,0.54214835
2019-10-19,0.5039995,0.51754254,0.47741535,0.5067147,0.4535046,0.49175444,0.542545
2024-10-12,0.50368077,0.51742816,0.47702712,0.50669783,0.45352834,0.4914357,0.5422421
2021-10-01,0.5034081,0.51706254,0.47686237,0.50633335,0.4529887,0.49114883,0.5419763
2020-05-02,0.5042531,0.51778436,0.47773793,0.5071037,0.45380783,0.49214283,0.5429387
2020-01-28,0.5042804,0.5178704,0.47781646,0.5071653,0.4539184,0.49224496,0.54303676
2020-06-26,0.503358,0.51729745,0.47710076,0.50621855,0.45309362,0.4914519,0.54220563
2023-11-11,0.50371754,0.5174762,0.47743487,0.50681895,0.4532252,0.4914737,0.5425883
2020-11-10,0.50432247,0.5179305,0.47781566,0.5072152,0.45395872,0.49221224,0.5430192
2023-11-16,0.5040891,0.5176684,0.4775884,0.50697076,0.4536259,0.49187145,0.5427518
2023-11-24,0.5042714,0.51788723,0.47766525,0.50716066,0.4538344,0.49198702,0.5428942
2021-03-29,0.50100416,0.514247,0.47459504,0.50364965,0.45070356,0.48894635,0.5392932
2021-03-09,0.5041618,0.51753026,0.477581,0.507084,0.45374796,0.4919075,0.5427896
2024-06-16,0.50371397,0.51721823,0.47733462,0.5065051,0.45288923,0.49141154,0.5420922
2023-05-14,0.5043267,0.51785374,0.47756332,0.507255,0.4538347,0.49227163,0.5428988
2023-10-03,0.5017199,0.51500905,0.4749599,0.504338,0.45151147,0.48914325,0.5400317
2021-01-18,0.50422746,0.51782113,0.47770032,0.50708586,0.45383275,0.4921426,0.54295725
2019-12-30,0.5043983,0.517961,0.47791627,0.50729364,0.4539914,0.49233723,0.54311985
2021-03-19,0.5033147,0.5166011,0.47675776,0.5062156,0.45295668,0.49111375,0.541817
2023-01-09,0.5037499,0.5172999,0.4772446,0.50660896,0.45324677,0.4914603,0.54228604
2020-09-02,0.50354916,0.5172528,0.47715673,0.50653434,0.45337465,0.4915738,0.5423144
2022-04-22,0.5039387,0.51723653,0.4772399,0.5069757,0.45355934,0.49194276,0.54240584
2024-06-05,0.50386953,0.51755965,0.47752604,0.5067335,0.45348057,0.49196106,0.54266655
2019-11-13,0.50431395,0.51789296,0.47780427,0.50718206,0.45383313,0.49217483,0.5430144
2023-10-21,0.50329363,0.5167459,0.4766716,0.5060114,0.45296744,0.4910028,0.54182345
2022-11-22,0.5039952,0.5176309,0.47750476,0.50687605,0.4535686,0.4918213,0.54266614
2020-09-07,0.5031868,0.5168405,0.4767246,0.5061146,0.4529891,0.49114406,0.5419045
2021-10-22,0.5035075,0.5175087,0.47729623,0.50657207,0.45339954,0.49167356,0.542278
2024-01-11,0.5043564,0.51794016,0.47787407,0.5072669,0.45396835,0.49228147,0.54308677
2023-03-21,0.5035563,0.5169997,0.47700456,0.50628495,0.4533031,0.4915055,0.5422125
2024-05-06,0.50405097,0.51753145,0.4776661,0.5070181,0.45365956,0.49211338,0.5428089
2022-12-08,0.5039696,0.51752,0.4774168,0.5068334,0.45343208,0.49162045,0.5424924
2022-05-05,0.50402546,0.5174858,0.47747195,0.5068297,0.45353612,0.49193618,0.54263216
2019-11-06,0.5042954,0.51785237,0.4777527,0.5071451,0.4537987,0.49211922,0.5429471
2021-05-22,0.50423396,0.5178065,0.47779322,0.5070839,0.4538294,0.49217102,0.5430152
2021-03-31,0.5017217,0.51504195,0.4751977,0.5041437,0.45144877,0.4896653,0.54015964
2021-01-21,0.5041381,0.5177231,0.47761527,0.50699884,0.4537413,0.49205658,0.5428614
2022-01-27,0.50430816,0.5178765,0.4778237,0.50719875,0.4539155,0.49224102,0.5430232
2023-08-04,0.50348526,0.51705605,0.4769566,0.50641376,0.45318785,0.4914052,0.5421349
2022-11-16,0.50410676,0.5176706,0.4776009,0.5069596,0.45368758,0.49194,0.5427634
2024-06-15,0.50343597,0.5169632,0.4771295,0.5063501,0.45277864,0.49119484,0.5414938
2023-02-06,0.5040259,0.5176053,0.47748813,0.50682503,0.45351171,0.49172765,0.5425444
2020-12-16,0.5043607,0.517948,0.47787204,0.50727105,0.45395827,0.49228638,0.54308987
2023-02-03,0.5038622,0.51741797,0.4773028,0.50658214,0.45329705,0.49149254,0.5422947
2023-08-11,0.50278515,0.5163089,0.47618067,0.5057092,0.45244828,0.49055865,0.54125327
2024-12-25,0.50427055,0.5180089,0.47773635,0.507297,0.45397204,0.49214432,0.5430299
2023-12-19,0.5044018,0.51795834,0.4778505,0.50729096,0.45395184,0.4922164,0.5430767
2021-07-20,0.50280625,0.5171673,0.47713828,0.5058971,0.45298004,0.49142593,0.54152566
2019-11-18,0.5043325,0.51793087,0.4778422,0.5072074,0.45388263,0.49220994,0.54305357
2024-12-20,0.50427973,0.5180431,0.4777116,0.50726044,0.4539866,0.49214572,0.54304975
2020-11-06,0.5043498,0.5179272,0.47781435,0.5072128,0.4539503,0.49222785,0.54303473
2021-02-12,0.50374013,0.5175249,0.47712982,0.50642157,0.45341715,0.49167305,0.542579
2022-01-30,0.5043018,0.5178727,0.4778164,0.50719064,0.45392123,0.49223912,0.543024
2022-06-03,0.5039315,0.5174192,0.47731006,0.50668234,0.45325628,0.49175486,0.54244465
2022-03-15,0.503915,0.5173967,0.47735924,0.5068186,0.4535475,0.49169952,0.5425581
2020-07-04,0.5036288,0.51702577,0.4768089,0.50599456,0.45305702,0.4911331,0.5422881
2019-04-25,0.5042253,0.51767004,0.47766012,0.5070231,0.4537536,0.49209675,0.5428923
2023-04-14,0.5035715,0.51679116,0.47691035,0.50624496,0.45290175,0.4913775,0.5420084
2020-07-20,0.50374615,0.51734555,0.47726163,0.5066504,0.4533185,0.491676,0.54245824
2023-02-21,0.5033247,0.5170611,0.4768885,0.5062802,0.4530215,0.491138,0.5418493
2020-04-17,0.50416297,0.51767224,0.47762993,0.50704646,0.45373031,0.49205282,0.5428222
2019-09-30,0.5032656,0.5169178,0.47679552,0.50617725,0.45296532,0.49137047,0.5417292
2021-09-13,0.5035007,0.51708525,0.4768844,0.5063844,0.4528643,0.4911451,0.54221416
2021-03-16,0.5038191,0.51719874,0.47726837,0.5067169,0.45343783,0.4916233,0.54241884
2020-01-04,0.5043987,0.5179569,0.47791603,0.5072998,0.4539956,0.49233562,0.5431176
2022-04-21,0.5040388,0.5174231,0.4774207,0.5070085,0.45363906,0.49202332,0.54259616
2022-01-04,0.5043964,0.51796436,0.47791004,0.50729424,0.4540027,0.49233484,0.54313046
2021-12-20,0.5043807,0.51797324,0.47790536,0.5073011,0.454006,0.49232906,0.54312086
2023-10-10,0.5023668,0.5153319,0.47532535,0.5045388,0.45201713,0.48926032,0.54052776
2024-05-03,0.50406116,0.517559,0.47766796,0.5070297,0.45365426,0.49210334,0.54279244
2023-06-14,0.5038816,0.5174439,0.47734222,0.50664026,0.4532584,0.49175566,0.54243326
2019-08-18,0.5029209,0.5167082,0.4764352,0.50588083,0.45289034,0.49099773,0.54178387
2020-05-30,0.50334185,0.5169471,0.47688589,0.50618666,0.45291984,0.49132156,0.5419994
2021-04-12,0.50418043,0.51752543,0.47752145,0.50701326,0.45373523,0.49192777,0.54274374
2020-07-13,0.50275457,0.5163322,0.47621137,0.5055579,0.4524062,0.49067935,0.54143065
2022-04-12,0.5038544,0.517226,0.4773121,0.50664467,0.45329264,0.49176812,0.5424578
2023-10-09,0.5020834,0.51508754,0.47507504,0.5042916,0.4517525,0.48902604,0.5402125
2022-08-25,0.49724478,0.51275724,0.4694981,0.49951106,0.44825935,0.48587868,0.53831226
2023-03-24,0.50351536,0.5170646,0.47698146,0.50624365,0.45333132,0.49150452,0.5421936
2021-01-06,0.50431186,0.517924,0.4778177,0.5072147,0.45394483,0.49225223,0.54305285
2024-09-10,0.5033084,0.5170386,0.47691154,0.5063634,0.45319253,0.4913091,0.5420764
2019-10-23,0.5041808,0.5177014,0.477586,0.50691044,0.4536617,0.49192816,0.54276085
2023-03-19,0.5029713,0.5165346,0.47653568,0.50578445,0.45285088,0.4909134,0.54163086
2024-01-08,0.5043663,0.51794904,0.47787258,0.5072654,0.45397636,0.4922936,0.54309094
2023-03-17,0.5030969,0.5170926,0.47676492,0.50615555,0.45322964,0.49096876,0.5418402
2020-03-27,0.50412613,0.51742756,0.47748002,0.50697446,0.4536737,0.49190307,0.5427327
2020-08-18,0.5039179,0.5175537,0.4774583,0.50686216,0.45360354,0.4918676,0.5426256
2024-11-15,0.5039455,0.5178253,0.47740048,0.5070987,0.45380303,0.49180987,0.5426991
2024-03-10,0.50368786,0.5172812,0.47715786,0.50659156,0.45333573,0.49155948,0.5423581
2020-08-31,0.5037947,0.5174486,0.47735962,0.50674933,0.45356435,0.49178594,0.5425579
2019-11-08,0.50433356,0.51790065,0.47781608,0.507176,0.45382887,0.49216938,0.54300356
2022-04-13,0.5039729,0.51740277,0.47745448,0.5067914,0.45345464,0.49190584,0.5426111
2022-01-02,0.504376,0.5179238,0.4778783,0.50726867,0.4539697,0.49230596,0.54309916
2020-02-19,0.50411314,0.5177397,0.47762358,0.5069458,0.4537683,0.49207228,0.5428958
2021-11-22,0.5041448,0.5177428,0.47765306,0.5070636,0.4537306,0.49202216,0.5428197
2021-03-23,0.50252086,0.51580197,0.47603366,0.5053996,0.4522168,0.49037427,0.54095906
2022-02-13,0.50406015,0.51765496,0.4775604,0.5069124,0.45368165,0.49199164,0.54276353
2019-10-15,0.50383425,0.51740485,0.47726136,0.5065383,0.4533768,0.4916689,0.5423722
2020-08-16,0.5038209,0.51747346,0.47732776,0.5067574,0.4535702,0.49175104,0.5425254
2024-05-12,0.50365174,0.51722205,0.47724304,0.5065673,0.45329812,0.49168625,0.5423706
2019-07-15,0.50391656,0.5175061,0.47740385,0.5068453,0.4535598,0.49186385,0.5426084
2019-07-18,0.50364935,0.5173341,0.47710764,0.5065558,0.45336014,0.49162653,0.54248047
2022-05-23,0.5032855,0.5169165,0.47679552,0.50619084,0.45286545,0.4912119,0.54178965
2021-12-01,0.5042388,0.5178155,0.47775954,0.50714475,0.4538185,0.49213636,0.5429297
2021-10-03,0.5030825,0.5166732,0.4765787,0.5059914,0.4526424,0.49086338,0.54164314
2021-10-08,0.5030499,0.5168928,0.4769135,0.5061061,0.4527427,0.49111992,0.5418859
2019-11-29,0.5043358,0.51789385,0.4778594,0.5072307,0.4538675,0.49224657,0.5430432
2022-03-10,0.50399554,0.51764756,0.47744057,0.50682867,0.45365113,0.49188316,0.5427107
2021-05-21,0.50423306,0.5177942,0.47776482,0.5070716,0.4538461,0.4921865,0.5429937
2021-11-27,0.5042188,0.5178124,0.47771916,0.50712484,0.45378363,0.4920808,0.54290515
2020-01-26,0.5042566,0.5178271,0.47778562,0.5071331,0.45388967,0.49221224,0.5429936
2019-12-24,0.50439614,0.5179642,0.47791964,0.5072962,0.4539863,0.4923441,0.5431291
2023-03-29,0.5033974,0.51682454,0.47689012,0.5062114,0.45298705,0.49131337,0.54202294
2021-12-31,0.5043824,0.51793987,0.47788772,0.5072772,0.453979,0.49230978,0.5431089
2023-07-19,0.50420296,0.5178041,0.47771382,0.5071274,0.45384672,0.49213082,0.5429129
2019-04-04,0.5038601,0.51730454,0.47727823,0.50674474,0.45361227,0.49169353,0.5425707
2021-12-21,0.5043703,0.5179841,0.47789916,0.50729984,0.45400015,0.49232227,0.5431219
2024-08-14,0.50378895,0.5174085,0.47733158,0.5067336,0.4534662,0.49174044,0.54249233
2024-07-27,0.5028688,0.51653224,0.47646552,0.505823,0.45255956,0.49083117,0.54159635
2024-09-20,0.50327295,0.51688915,0.47671604,0.506249,0.45319727,0.49110118,0.5420023
2021-11-20,0.50421333,0.51779217,0.47768885,0.5070815,0.45377293,0.49206424,0.5428851
2023-08-24,0.5026008,0.5161887,0.47603387,0.5055234,0.45232034,0.49036252,0.5411308
2024-03-17,0.5038629,0.51722,0.47712693,0.5065165,0.45319438,0.49163607,0.5423688
2021-09-07,0.5036349,0.5172087,0.47711885,0.5065904,0.4531336,0.49140438,0.5423424
2022-05-13,0.5040934,0.51757604,0.47761434,0.50696343,0.45356852,0.49203047,0.5426966
2019-11-11,0.5043225,0.51790094,0.47780946,0.50716984,0.45383564,0.49216646,0.543003
2023-06-09,0.5036695,0.51728994,0.4771958,0.5064869,0.45312834,0.49158517,0.54232955
2023-05-10,0.5043205,0.51783955,0.47767705,0.5072219,0.45386985,0.49226812,0.5429503
2020-02-10,0.5042176,0.5178142,0.4777511,0.5070793,0.45388037,0.49219376,0.54299855
2019-09-27,0.50307524,0.5167151,0.47662774,0.50609475,0.45287505,0.49127403,0.54155415
2021-10-14,0.5017144,0.5164814,0.47736636,0.50571626,0.45129937,0.49038815,0.5417829
2021-06-02,0.503461,0.51723135,0.47747612,0.5065977,0.4529384,0.49151674,0.54259974
2023-04-20,0.50428635,0.51750976,0.47751096,0.50697863,0.45354074,0.49200106,0.5427238
2022-01-13,0.5044024,0.5179806,0.47791758,0.5073011,0.45402208,0.4923426,0.5431325
2024-08-04,0.5039091,0.51745206,0.47742763,0.5067671,0.45348993,0.4917981,0.5425307
2022-01-31,0.50431633,0.5178989,0.47783595,0.5072137,0.45393834,0.4922632,0.5430445
2022-05-28,0.5037559,0.517442,0.47728693,0.5066628,0.45328268,0.4916567,0.5423068
2024-06-26,0.5032639,0.51697654,0.47704786,0.50611156,0.45265052,0.49126843,0.5417407
2021-12-15,0.50433034,0.51792234,0.47786018,0.50722903,0.45393804,0.49227297,0.54306746
2021-02-15,0.503952,0.5176148,0.47736368,0.5067076,0.45359942,0.49185485,0.5427458
2020-12-14,0.50435853,0.51795924,0.47787565,0.50727177,0.4539682,0.492287,0.5430998
2021-12-19,0.5043928,0.5179553,0.4779056,0.5072886,0.45398915,0.4923293,0.5431179
2024-11-11,0.50375175,0.51777875,0.47719875,0.50701934,0.4537392,0.49159393,0.54252756
2023-10-30,0.5034541,0.5170882,0.47697094,0.50643957,0.45318335,0.49136564,0.5420733
2022-09-28,0.50066644,0.5155205,0.4747864,0.5045771,0.4520948,0.48906207,0.539908
2023-09-13,0.5010456,0.51462144,0.4745111,0.5040109,0.45109123,0.48881835,0.53907186
2019-05-29,0.5034635,0.5171039,0.47739965,0.5065741,0.45292082,0.49147147,0.542545
2022-06-20,0.50362176,0.5171467,0.4770581,0.5063099,0.45303857,0.4912589,0.5421385
2023-03-02,0.503703,0.5174001,0.47725576,0.5065887,0.45335785,0.4915309,0.54226094
2023-10-07,0.5020842,0.51519245,0.47515112,0.504407,0.4517921,0.48916772,0.5402761
2020-03-03,0.50351113,0.51731926,0.47687364,0.5060923,0.45317328,0.49144787,0.5423549
2022-01-28,0.5043053,0.51788306,0.47782937,0.5072034,0.45392695,0.4922476,0.5430285
2020-06-14,0.5033473,0.516936,0.47702834,0.50609636,0.45262104,0.4912723,0.5417692
2020-01-24,0.50432813,0.517893,0.47784978,0.50720745,0.45394522,0.49227342,0.54306024
2019-07-11,0.5037481,0.5173038,0.477236,0.5066478,0.4533634,0.49166423,0.5424088
2023-01-29,0.5039984,0.5175544,0.4774796,0.50677955,0.45342505,0.49168095,0.54248726
2020-05-11,0.5041955,0.51773643,0.4776831,0.50702643,0.45374465,0.49212584,0.5428867
2022-04-30,0.5038138,0.51723635,0.47727868,0.5065813,0.45329812,0.4917368,0.54240406
2023-05-08,0.5042829,0.5177972,0.47773683,0.50716543,0.4538564,0.49222335,0.5429518
2022-02-10,0.5041377,0.5177233,0.47765425,0.5070055,0.45376882,0.4920874,0.5428541
2022-08-17,0.5015628,0.5156031,0.4748191,0.50444555,0.45164245,0.48976323,0.54065233
2019-11-12,0.5042812,0.5178555,0.47776553,0.5071542,0.4538078,0.49213415,0.5429746
2019-05-10,0.50414133,0.5176239,0.47762775,0.5069855,0.4537293,0.49208647,0.5428472
2023-11-30,0.50434685,0.5178967,0.47778136,0.50721586,0.4538943,0.49215174,0.5429894
2022-03-11,0.50404954,0.51767415,0.47750938,0.5069334,0.45371974,0.49192488,0.54276884
2023-12-07,0.5043904,0.51792574,0.47780073,0.5072601,0.45390484,0.49214745,0.5430384
2021-03-27,0.501369,0.5146593,0.4750485,0.50415766,0.45108008,0.4893513,0.53970385
2021-08-11,0.5032692,0.5166161,0.4765941,0.5063161,0.45319957,0.49117163,0.541387
2023-12-16,0.5044094,0.5179603,0.4778542,0.5073032,0.4539668,0.49222645,0.54308444
2021-06-29,0.5040437,0.5176877,0.47749525,0.5068717,0.45352867,0.49182877,0.5427349
2022-09-05,0.5021248,0.51630104,0.47586143,0.50548154,0.45262042,0.49031746,0.54102814
2019-06-04,0.5032526,0.51698726,0.47765544,0.50666434,0.4523915,0.49120614,0.5426129
2019-12-29,0.50440514,0.5179698,0.47792128,0.5073023,0.45399004,0.4923389,0.5431274
2021-05-09,0.5041448,0.5176422,0.47763577,0.5069588,0.45375216,0.49210674,0.5428689
2019-08-17,0.50294155,0.5167188,0.4764573,0.50584906,0.45287728,0.4909812,0.5418034
2023-06-18,0.50373095,0.51721793,0.47712937,0.50642526,0.45318532,0.49154836,0.5422802
2021-07-31,0.5040338,0.51718235,0.47695336,0.5060717,0.4536945,0.49128473,0.54191893
2021-12-27,0.5043836,0.51795,0.47788882,0.50728154,0.45398006,0.4923125,0.54310876
2020-02-03,0.50428987,0.5178789,0.47781554,0.5071588,0.45392653,0.49224234,0.54303914
2023-08-30,0.50238454,0.5158944,0.4757921,0.5052141,0.45207813,0.49017054,0.5408979
2020-08-25,0.5038564,0.5176244,0.47742993,0.50686336,0.45370072,0.49176684,0.5426175
2021-08-21,0.50425345,0.5177102,0.4778198,0.5070981,0.4537371,0.49209225,0.5425628
2023-01-27,0.5038756,0.517418,0.47731778,0.50662076,0.45329773,0.49150926,0.542318
2021-11-13,0.50410473,0.51768327,0.4775667,0.5069476,0.4536424,0.4919509,0.54273814
2023-08-25,0.5023975,0.51597315,0.47586763,0.50531363,0.4521292,0.49027345,0.54096967
2022-01-18,0.50438756,0.51796675,0.47790983,0.50729007,0.45400703,0.49233255,0.5431231
2019-06-26,0.50233024,0.5160322,0.47539988,0.5045563,0.45204285,0.49003065,0.5413485
2022-03-25,0.5037172,0.5168728,0.4769962,0.5066218,0.45338476,0.49135852,0.5422775
2022-08-14,0.50115734,0.51533246,0.4742678,0.5038628,0.4512161,0.4893887,0.5405069
2020-11-08,0.5043497,0.51794666,0.47783595,0.5072174,0.45394766,0.49222732,0.54304385
2024-10-13,0.503686,0.5174448,0.4770253,0.50669265,0.45355487,0.49141756,0.5422135
2024-02-29,0.5033569,0.51721257,0.47711927,0.5065846,0.45320186,0.49121445,0.54214424
2023-07-05,0.5011325,0.5146806,0.47467014,0.50377804,0.4509216,0.48913458,0.53987813
2019-07-04,0.5037523,0.51722926,0.47716108,0.5065144,0.45330527,0.49154243,0.54238003
2019-06-05,0.50350744,0.5170679,0.47739068,0.50656605,0.45286864,0.4913905,0.5424355
2023-04-07,0.5034543,0.5167758,0.47690487,0.50620544,0.45293486,0.4913448,0.5419883
2021-02-26,0.5043325,0.5178167,0.47780162,0.5072247,0.45390174,0.49219203,0.5430323
2020-02-24,0.5039855,0.51764536,0.47746405,0.50677013,0.45363718,0.4919392,0.5427686
2024-12-17,0.50426805,0.51802516,0.4777228,0.5072727,0.45397955,0.49214715,0.5430369
2024-06-02,0.5036839,0.5173663,0.47735983,0.50649655,0.4531563,0.49178812,0.54246634
2024-09-16,0.50348246,0.51714885,0.47700024,0.5064717,0.4533866,0.49139822,0.5421696
2019-10-06,0.5035442,0.51711905,0.47699523,0.5063631,0.45318896,0.49149013,0.54204196
2021-03-06,0.50415945,0.51757973,0.4776021,0.50710213,0.45376685,0.4919651,0.54281163
2024-05-21,0.50166243,0.51516676,0.4752198,0.5045952,0.45118973,0.48957506,0.54005325
2020-08-11,0.5039719,0.5175493,0.47748357,0.5068818,0.45361286,0.4918932,0.54265606
2021-10-16,0.50159013,0.51651996,0.47713187,0.5054807,0.45152205,0.49046975,0.54150015
2022-01-06,0.50441384,0.51798296,0.4779204,0.5073132,0.4540258,0.4923441,0.54313856
2020-11-28,0.5043422,0.5179322,0.4778413,0.5072533,0.45394188,0.49223658,0.543003
2019-05-16,0.50409067,0.5176032,0.4776015,0.50694513,0.4536932,0.49204007,0.5428035
2024-04-13,0.50420535,0.5176907,0.4776646,0.507044,0.45371658,0.49209502,0.5428405
2020-07-14,0.5032121,0.51681286,0.47671428,0.5060604,0.45290574,0.4911708,0.5419022
2019-12-14,0.50438595,0.51794,0.47790107,0.5072979,0.45395613,0.4923218,0.5430981
2019-09-23,0.5024972,0.5161833,0.47616822,0.5058452,0.4524493,0.49096683,0.5409735
2023-06-26,0.5034101,0.51701075,0.47687745,0.5062238,0.45297796,0.49130964,0.54206866
2020-06-06,0.5040813,0.51767504,0.47757125,0.50692344,0.45355996,0.49201673,0.54275143
2021-06-28,0.50406337,0.51769185,0.47753516,0.50690573,0.45353565,0.49186695,0.5427666
2022-11-04,0.50407773,0.51764536,0.47751373,0.5068876,0.45362702,0.4919099,0.5427249
2020-02-11,0.5041867,0.51779807,0.47773498,0.50704163,0.4538514,0.49216524,0.5429725
2023-04-15,0.5035238,0.5167775,0.47686702,0.5062315,0.4527737,0.49126837,0.54192615
2021-12-23,0.5044008,0.5179712,0.47792095,0.5072933,0.4539978,0.4923376,0.54312646
2022-08-11,0.5030987,0.51677364,0.476589,0.5060546,0.45285872,0.4911542,0.5418253
2019-11-17,0.5043059,0.51788443,0.47779346,0.50718594,0.45385247,0.4921743,0.54300356
2019-08-29,0.5013687,0.51584023,0.47520044,0.5047586,0.45242065,0.48982403,0.54080445
2022-07-13,0.5029033,0.5167453,0.47660705,0.5059079,0.4526461,0.49097916,0.5414869
2022-07-11,0.50292856,0.51673913,0.47657433,0.505872,0.45267475,0.49094567,0.5414952
2021-06-24,0.50389344,0.5174006,0.47736418,0.50674045,0.45316607,0.49174863,0.5424336
2023-08-01,0.50365436,0.5172634,0.47712937,0.5065992,0.4533561,0.49156892,0.54233474
2024-10-26,0.5035819,0.51746804,0.47678268,0.5067322,0.4536734,0.49124104,0.5420529
2023-01-03,0.50367314,0.5172306,0.47714773,0.50655264,0.45318112,0.49138498,0.54218477
2024-05-31,0.5039448,0.5175578,0.4775083,0.50680727,0.45342132,0.49193734,0.5426851
2020-06-08,0.5041829,0.5177832,0.477709,0.5070456,0.453686,0.49212655,0.5428584
2022-06-23,0.50388443,0.5174468,0.47734123,0.50664574,0.45350102,0.4916756,0.54251605
2022-05-09,0.50377965,0.51712257,0.477149,0.5064794,0.45319104,0.4916383,0.5422664
2023-06-16,0.50378007,0.51721025,0.4771767,0.50643396,0.45303667,0.491537,0.5422004
2024-07-20,0.50291353,0.5165437,0.47647873,0.505978,0.452771,0.4909206,0.5415917
2022-04-08,0.50423443,0.51762676,0.47760814,0.5071474,0.4537887,0.49202356,0.5428432
2022-01-29,0.5042893,0.5178606,0.4778077,0.50717926,0.4539081,0.49223745,0.54300666
2021-08-01,0.50440896,0.517205,0.47693568,0.5062188,0.4540724,0.49144965,0.5419211
2020-08-23,0.50383383,0.51749474,0.47741067,0.50681764,0.45356116,0.49180928,0.542602
2019-10-02,0.5033499,0.51695824,0.47684714,0.5061917,0.45302013,0.49136978,0.5417994
2019-04-05,0.50363153,0.5170274,0.4770427,0.50643,0.4533329,0.49149877,0.5423111
2022-07-06,0.50316215,0.51675165,0.47659037,0.50592595,0.4527556,0.49089366,0.5416394
2022-08-27,0.5007015,0.51515895,0.47390357,0.50363195,0.45117125,0.4890289,0.5401633
2024-09-26,0.50257385,0.5162696,0.47599164,0.5051735,0.4521445,0.49076933,0.5411821
2020-12-17,0.50433797,0.51793134,0.4778642,0.50725836,0.45394757,0.49227268,0.5430776
2020-12-31,0.50427926,0.51788116,0.47780508,0.5071886,0.45390573,0.4922186,0.54302293
2024-01-29,0.5041693,0.5178118,0.47766915,0.5070703,0.45383236,0.49208462,0.5428987
2020-03-19,0.50429565,0.5176013,0.47758648,0.5070773,0.45370123,0.4920952,0.5428508
2022-03-12,0.5040741,0.5176829,0.47754538,0.5069725,0.453731,0.4919356,0.54276556
2023-04-27,0.5044994,0.51730675,0.47737923,0.50702757,0.45346838,0.49201572,0.54258466
2023-09-06,0.5000728,0.51351756,0.47343594,0.5029453,0.44994587,0.4875856,0.5382494
2023-05-20,0.5041618,0.5179061,0.47755626,0.50714785,0.45365474,0.4921156,0.54281807
2023-09-12,0.50094086,0.5145,0.4744142,0.503855,0.45089543,0.4887639,0.53933114
2024-05-19,0.5005847,0.51413304,0.47419327,0.5034872,0.45029786,0.48861018,0.5390727
2019-09-05,0.50164837,0.5160776,0.4757102,0.5053667,0.45279187,0.49018842,0.54108715
2024-07-23,0.5017628,0.51543033,0.47524524,0.5046397,0.45157358,0.4898134,0.54051846
2023-06-25,0.50350034,0.5171127,0.4769724,0.5063084,0.4530577,0.49136862,0.54215175
2023-07-09,0.50266695,0.5164214,0.47626728,0.5055317,0.45251894,0.49067402,0.5413836
2023-06-13,0.503667,0.517236,0.47716922,0.5064141,0.45287627,0.4914984,0.5421857
2022-11-06,0.50410795,0.5176691,0.4775825,0.5069522,0.4536834,0.49198142,0.5427681
2024-07-31,0.50388014,0.51746464,0.47740385,0.5067722,0.45349395,0.49181944,0.542582
2021-06-15,0.5022284,0.51583844,0.4757966,0.50509214,0.45191145,0.49023303,0.54095083
2024-07-07,0.5032933,0.5167153,0.47659394,0.50555617,0.4529116,0.49065495,0.54168355
2021-08-16,0.50403374,0.51759094,0.4774571,0.5069755,0.45363602,0.4919146,0.54271984
2024-05-13,0.5029153,0.51643944,0.47647104,0.50578946,0.45255655,0.49089316,0.5415577
2023-07-17,0.5038734,0.5175329,0.47738168,0.5068049,0.45354074,0.49183038,0.54259044
2019-07-05,0.5037138,0.51723564,0.47717246,0.5065469,0.45328876,0.49156362,0.5423554
2024-09-28,0.50322765,0.51695776,0.47671348,0.5060737,0.45297295,0.49131718,0.54192454
2024-04-05,0.5040564,0.5174934,0.47751147,0.50687337,0.45351523,0.49198258,0.5426787
2022-05-25,0.502496,0.5161236,0.4760798,0.50536954,0.4521175,0.49046642,0.5410441
2019-07-17,0.50373733,0.5173598,0.47721872,0.5066361,0.4534271,0.49169454,0.5424957
2024-12-02,0.50420284,0.51798284,0.477671,0.50727665,0.4539387,0.4920649,0.5429746
2020-05-26,0.50415874,0.5177313,0.47770157,0.50704294,0.45367557,0.49214998,0.54284304
2020-11-20,0.5042873,0.517898,0.47776276,0.50719565,0.4539118,0.49215692,0.54292464
2019-12-04,0.50434655,0.5179094,0.4778883,0.5072753,0.45391122,0.49227223,0.54306996
2021-06-08,0.5038634,0.51756585,0.4774979,0.5067961,0.45352438,0.4919379,0.54264534
2021-07-24,0.5025689,0.51675385,0.47673333,0.505714,0.45280337,0.49105707,0.5413279
2022-06-08,0.5038672,0.5173589,0.4773018,0.50660175,0.4531557,0.4916904,0.54237527
2023-11-12,0.5036942,0.51747656,0.47745162,0.50683796,0.45322394,0.4914672,0.54259896
2024-11-28,0.5040666,0.5179768,0.4775496,0.507275,0.45390013,0.4919165,0.54285663
2022-02-02,0.5043231,0.51790893,0.4778358,0.5072189,0.4539506,0.49226263,0.5430543
2023-08-27,0.5025,0.5160805,0.47596613,0.5054131,0.4522261,0.49036136,0.5410574
2024-10-11,0.50372547,0.51746845,0.47710797,0.5067442,0.45357567,0.49152076,0.5423213
2024-12-19,0.50422496,0.5180245,0.47766948,0.5072591,0.45396075,0.49208856,0.5430092
2024-07-29,0.5035704,0.51719874,0.47713295,0.5065181,0.45320407,0.49151063,0.5422717
2020-10-20,0.5039511,0.5174653,0.47739613,0.50696445,0.4536056,0.49189195,0.5425179
2024-03-07,0.5035198,0.5170188,0.4770581,0.5064479,0.45301816,0.49137682,0.54214543
2020-11-02,0.50425345,0.5178249,0.47770625,0.5071145,0.45386657,0.49210587,0.5428895
2021-10-27,0.50188136,0.51706094,0.4766516,0.5053598,0.45260054,0.49106637,0.5410226
2022-07-08,0.5029817,0.5166913,0.4765066,0.50574106,0.4526499,0.49081743,0.5414878
2020-06-17,0.50343394,0.5173962,0.47730115,0.5063353,0.45312098,0.49168244,0.54202425
2020-03-17,0.50431967,0.517672,0.4776424,0.50709933,0.45375496,0.49214074,0.5428957
2019-05-21,0.50405824,0.5175536,0.47754115,0.50689214,0.45367673,0.49201265,0.5427733
2023-11-17,0.5041351,0.5177727,0.4775641,0.50704163,0.45371336,0.4918758,0.5427833
2019-12-18,0.5043729,0.51792675,0.47790146,0.5072791,0.45394513,0.49231163,0.5430915
2023-02-07,0.50389254,0.5174693,0.47734332,0.5066138,0.45330116,0.49146417,0.54229176
2024-11-06,0.5036181,0.5176718,0.47701168,0.5069375,0.45367005,0.491421,0.54234356
2021-11-05,0.5021052,0.5172192,0.47681677,0.5055118,0.45265123,0.4911602,0.5412592
2023-09-24,0.502176,0.51514584,0.47512394,0.5042773,0.4519058,0.4890432,0.5403523
2021-04-09,0.50365907,0.51702416,0.4770622,0.50644195,0.4531199,0.49146894,0.54220104
2023-01-20,0.50383323,0.51738715,0.47728428,0.50662607,0.45327148,0.49139896,0.5422583
2021-01-14,0.5042552,0.51787156,0.47774708,0.5071374,0.45388648,0.4921828,0.5429996
2021-03-15,0.50390416,0.51731336,0.4773576,0.5068095,0.45353976,0.49171636,0.5425175
2024-12-24,0.5042741,0.5180142,0.47772807,0.50730985,0.45396528,0.4921278,0.54303235
2022-07-26,0.5035498,0.51718974,0.47709513,0.5064766,0.45322984,0.49149302,0.5422331
2021-09-20,0.50385594,0.51734805,0.47721502,0.5066721,0.4532881,0.49161547,0.54240113
2021-02-25,0.50432354,0.5177842,0.47777286,0.50721973,0.4539066,0.49219066,0.5430123
2023-03-10,0.5037072,0.51735073,0.47727966,0.5065842,0.45340088,0.4916127,0.5423073
2020-09-14,0.50264144,0.516848,0.47673765,0.50585765,0.45290557,0.49105096,0.54148775
2024-08-28,0.5032954,0.5168838,0.4768359,0.50624084,0.453052,0.49122274,0.541945
2024-02-12,0.5038367,0.5175177,0.47731614,0.5066988,0.45356253,0.49174315,0.54253644
2022-05-16,0.50422,0.5178108,0.47784352,0.50720304,0.45368272,0.49220046,0.54287684
2020-12-22,0.5043149,0.5179138,0.4778517,0.5072358,0.453925,0.4922476,0.54305685
2021-08-14,0.5037424,0.5172351,0.4770891,0.5067613,0.4535269,0.4917146,0.5423102
2021-08-09,0.5035454,0.51651555,0.47645962,0.50587064,0.45341882,0.49077022,0.5410339
2021-11-23,0.50418574,0.51775503,0.4776818,0.50705963,0.4537315,0.49202406,0.54284906
2021-05-24,0.5040504,0.51765996,0.47780836,0.5070018,0.45355314,0.49199077,0.54298145
2019-11-09,0.5043254,0.5178789,0.47779432,0.507164,0.45382243,0.49215797,0.5429741
2020-08-05,0.5040552,0.5176367,0.4775554,0.5069527,0.45365652,0.49197668,0.5427387
2022-04-24,0.5040261,0.5173504,0.47734082,0.5070554,0.45364308,0.49204242,0.5425282
2022-11-19,0.504067,0.51768374,0.47757062,0.5069493,0.45366693,0.49191183,0.542735
2021-07-29,0.50355595,0.51724327,0.47710675,0.50619936,0.4533634,0.49157497,0.54206514
2022-06-13,0.5035801,0.5170718,0.4769859,0.5063324,0.45295045,0.4913597,0.54207706
2020-10-03,0.503949,0.5175526,0.47745112,0.5069045,0.45364904,0.49190515,0.54266375
2021-05-02,0.5042475,0.51771826,0.47769687,0.50708055,0.4538131,0.49216086,0.54292667
2021-04-17,0.5042376,0.517573,0.47758615,0.5070575,0.45375398,0.49197647,0.5427926
2021-09-01,0.504252,0.51756245,0.47735935,0.5070043,0.45325634,0.49151272,0.54272467
2022-07-22,0.5031097,0.5168869,0.47679114,0.5061741,0.45298454,0.4911827,0.54192746
2021-06-20,0.49935538,0.5137802,0.47212055,0.50169086,0.4494704,0.48758957,0.5393262
2023-06-03,0.5030994,0.51675224,0.47627804,0.50605655,0.45246798,0.49105868,0.54152673
2020-08-27,0.5036744,0.5173652,0.47727096,0.5066364,0.45345595,0.4916767,0.54244906
2024-07-21,0.5028449,0.5164831,0.47639516,0.5059459,0.45267084,0.49090096,0.5414906
2023-11-07,0.5037261,0.51743305,0.4773787,0.5067473,0.45333132,0.49154922,0.5425176
2019-05-15,0.5041012,0.5176212,0.47761053,0.5069659,0.4537048,0.49205208,0.54281306
2021-04-23,0.50423574,0.5175799,0.47759095,0.5069595,0.45372778,0.49201006,0.5427921
2021-03-28,0.5028973,0.51621884,0.47637427,0.5057107,0.45259258,0.4907305,0.54137486
2020-12-10,0.5043777,0.51796925,0.47788745,0.50727135,0.45398104,0.49230826,0.5431093
2024-08-06,0.50395215,0.51757497,0.47747388,0.50689685,0.45359567,0.49191263,0.5425983
2022-03-23,0.5039432,0.51717037,0.47727096,0.5068631,0.4535269,0.4916051,0.5425104
2023-11-13,0.5038495,0.5175329,0.47749573,0.50685054,0.45337152,0.49162078,0.5426247
2019-12-12,0.5043749,0.5179321,0.47790396,0.5072894,0.45394766,0.4923195,0.5430954
2024-08-11,0.50384915,0.51744527,0.47738668,0.5067932,0.45348504,0.49174955,0.5424945
2021-10-06,0.502914,0.5166389,0.47659284,0.5058769,0.45257264,0.49084744,0.54161274
2024-12-26,0.5042758,0.51800925,0.47772628,0.507327,0.4539632,0.49211326,0.54302686
2024-10-23,0.5040719,0.5173918,0.47682235,0.50656897,0.45403004,0.49133664,0.5419542
2021-11-10,0.5039783,0.51772606,0.4774971,0.50689703,0.4536204,0.4918702,0.5426438
2023-11-04,0.5036203,0.51734453,0.4772473,0.50671935,0.4533523,0.4915506,0.5423868
2021-03-02,0.5040884,0.51744676,0.47750318,0.50697833,0.45365798,0.49187112,0.54273236
2020-10-27,0.50418466,0.5177181,0.47761098,0.5069992,0.4537529,0.49200946,0.5427961
2022-09-26,0.50011086,0.5150891,0.4742839,0.5041472,0.45185012,0.48856896,0.53941613
2022-05-06,0.50404173,0.51748985,0.47746074,0.5068105,0.4535282,0.49192268,0.54262424
2024-11-20,0.50406265,0.5178918,0.47753745,0.50717944,0.45385072,0.49192593,0.54282933
2022-07-24,0.503377,0.5170651,0.47698417,0.50636303,0.45314658,0.49137577,0.54212284
2019-06-28,0.50324696,0.51672333,0.47641897,0.50564045,0.45274794,0.49088246,0.54190135
2024-06-11,0.50369465,0.5172599,0.4773545,0.5066562,0.453384,0.49173123,0.54220307
2020-04-22,0.5041111,0.51759684,0.4775991,0.50693834,0.45367634,0.49200958,0.54279435
2023-08-06,0.5034268,0.51699865,0.47688255,0.5064007,0.4531653,0.49135092,0.5420773
2023-10-27,0.50350827,0.5170612,0.47697252,0.50640553,0.45318645,0.4913867,0.5421042
2022-07-18,0.50287676,0.5166733,0.47657114,0.50588894,0.45266214,0.49090683,0.54156095
2019-04-17,0.50376153,0.51711446,0.47720492,0.5065556,0.45331344,0.49169806,0.542391
2020-09-26,0.503906,0.5174983,0.47741553,0.5068919,0.45363924,0.49184826,0.54263294
2022-08-18,0.50024503,0.51473653,0.47314522,0.5029362,0.45056605,0.48858234,0.5399622
2021-10-24,0.5024966,0.5172084,0.47689462,0.5058278,0.45291793,0.49131027,0.5414935
2021-08-05,0.50562656,0.5162295,0.47535065,0.5042609,0.45557782,0.49003997,0.53964263
2024-05-11,0.5040326,0.5175438,0.47776568,0.50699055,0.45359117,0.49211568,0.54283285
2023-05-23,0.5040775,0.5179617,0.47762945,0.5071078,0.4536154,0.49202576,0.54275143
2019-05-05,0.5042365,0.5177471,0.47773838,0.50710374,0.45381615,0.4921754,0.5429575
2021-09-24,0.5037141,0.51722646,0.47702578,0.50652766,0.4532961,0.49146876,0.5422201
2022-11-09,0.50413114,0.51767206,0.47761086,0.50694597,0.45367947,0.49199423,0.54278654
2024-09-07,0.5030473,0.51672816,0.47661355,0.50603735,0.45293358,0.49099728,0.5417418
2024-03-05,0.5035043,0.5172062,0.47725433,0.5066545,0.45313823,0.4913893,0.542227
2021-12-29,0.50441957,0.5179833,0.47791767,0.5073016,0.45401195,0.4923397,0.5431442
2023-11-28,0.5043067,0.5178513,0.477727,0.50718284,0.45386103,0.49209347,0.5429302
2024-01-07,0.5043747,0.5179572,0.47788382,0.5072781,0.45398274,0.49229398,0.543103
2021-09-16,0.5038738,0.5174075,0.47724673,0.50672144,0.45325065,0.49161795,0.5425386
2024-01-24,0.50425863,0.51787454,0.47775394,0.5071436,0.45388696,0.4921842,0.5430006
2019-07-16,0.5038553,0.5174547,0.47733968,0.5067406,0.45352328,0.491802,0.542596
2022-08-15,0.5008951,0.5151333,0.47394112,0.5035729,0.4510301,0.48915014,0.5403357
2020-09-18,0.5034688,0.5171402,0.4770501,0.50653976,0.4532693,0.49134433,0.5421386
2020-10-16,0.50399315,0.5175339,0.47746363,0.5070722,0.45364544,0.49198303,0.54261714
2024-09-05,0.5029967,0.5166985,0.47654098,0.5060096,0.45285103,0.4909035,0.541655
2020-06-19,0.5029456,0.5172901,0.47718027,0.5058865,0.45278645,0.49157164,0.541711
2024-06-28,0.50321424,0.5170524,0.4769973,0.50606376,0.45292944,0.49134976,0.5418161
2024-03-02,0.50333464,0.51711386,0.47710288,0.50656176,0.45308894,0.49121115,0.54211324
2024-10-30,0.50368494,0.51753706,0.47698,0.50682837,0.4536101,0.4914126,0.542272
2021-08-07,0.50559884,0.51622826,0.47544926,0.50447214,0.45548514,0.49004814,0.53973705
2022-01-12,0.5043979,0.5179723,0.47791627,0.5072913,0.45401725,0.49234426,0.5431279
2023-08-22,0.50273824,0.516361,0.47624177,0.505688,0.4525414,0.49063554,0.5413667
2021-08-06,0.5065472,0.51564384,0.47439632,0.50309277,0.45658243,0.48917422,0.53828543
2020-07-17,0.5040138,0.517605,0.47750515,0.50686336,0.45356953,0.49190202,0.54269785
2024-10-31,0.5036701,0.5175382,0.4770043,0.50681007,0.4536145,0.49144894,0.5422942
2024-08-17,0.5034743,0.51709175,0.47703767,0.50645906,0.45323604,0.4914553,0.54217374
2023-04-08,0.5032936,0.51658,0.47673783,0.50602704,0.45275518,0.49116817,0.5418015
2020-11-17,0.50426316,0.5178732,0.47773847,0.50714934,0.45386603,0.49212095,0.5428912
2023-11-23,0.50418407,0.51786697,0.47758397,0.507141,0.4537959,0.4919104,0.54282016
2020-09-06,0.50360274,0.51721126,0.4771119,0.5065621,0.45334247,0.49155936,0.5422916
2021-04-10,0.50366217,0.5170233,0.47708032,0.5064439,0.45312274,0.49148035,0.54220897
2022-02-05,0.50423473,0.51781917,0.47775513,0.507119,0.45385975,0.4921775,0.54295063
2024-10-18,0.50370437,0.5173822,0.47674084,0.5066081,0.45369098,0.49116713,0.5419139
2024-01-30,0.5041693,0.517818,0.47766352,0.5070773,0.4538194,0.49206534,0.5428841
2023-01-26,0.50387627,0.51742464,0.47732788,0.50664055,0.4533018,0.49151093,0.54232514
2023-05-26,0.5040994,0.5179615,0.4776102,0.5071587,0.45358214,0.492054,0.54281217
2024-12-13,0.5043005,0.5179872,0.47776717,0.50729805,0.45397234,0.49216777,0.5430434
2019-09-15,0.50200075,0.5158185,0.4760916,0.50572646,0.45178857,0.4903925,0.5408181
2022-07-12,0.50293165,0.51678425,0.47661647,0.50592476,0.45269987,0.49099544,0.541531
2022-03-08,0.5037602,0.51748025,0.47713208,0.5064867,0.45342955,0.49164817,0.5425535
2023-03-03,0.5036895,0.51739264,0.47724393,0.5065663,0.45333683,0.49147505,0.54222614
2024-02-02,0.503982,0.5175919,0.4774708,0.5068766,0.45364803,0.49186972,0.54263026
2024-03-09,0.50357085,0.5171792,0.4771032,0.5065172,0.45318663,0.4914284,0.5422469
2020-09-22,0.5036736,0.51730883,0.47722262,0.50670195,0.45338407,0.49153343,0.54231155
2019-04-29,0.5040989,0.51752245,0.477563,0.50688225,0.45361912,0.49201345,0.54276514
2019-09-04,0.5008019,0.5156469,0.47513503,0.504855,0.45264152,0.4895427,0.54068184
2023-01-30,0.5038888,0.51744306,0.47733316,0.50661093,0.45329043,0.49150488,0.5423203
2023-06-28,0.5033824,0.5170277,0.47690347,0.50626045,0.45306718,0.49134412,0.5421252
2023-10-15,0.50282705,0.5159802,0.47595894,0.50519055,0.45249873,0.49004135,0.54114115
2023-05-09,0.5043105,0.5178281,0.47769347,0.5072132,0.45387763,0.49226123,0.54295427
2024-07-09,0.5030773,0.51658696,0.4764694,0.5054155,0.45291016,0.4904826,0.54148567
2022-08-20,0.50174177,0.5157851,0.4749924,0.50460243,0.4517948,0.48992354,0.540855
2023-06-02,0.5034641,0.51707673,0.47688773,0.5064183,0.4530215,0.49144682,0.5420769
2023-05-30,0.5042067,0.5179136,0.4776974,0.5072145,0.45376846,0.4921553,0.5429231
2020-02-05,0.50424814,0.51785153,0.47778866,0.5071163,0.45391735,0.49222484,0.543024
2021-12-17,0.5043746,0.5179464,0.4779053,0.50727284,0.45396528,0.49232098,0.5431009
2024-02-08,0.50385433,0.51750374,0.47734147,0.50671935,0.45354438,0.4917455,0.54252535
2024-01-14,0.5043432,0.5179345,0.47785497,0.5072603,0.45395142,0.49225667,0.54306614
2024-01-19,0.5043209,0.5179056,0.47782013,0.50721806,0.45393342,0.49223813,0.5430434
2020-06-10,0.5041419,0.5177463,0.4776717,0.5070343,0.45371693,0.49208832,0.5428426
2019-05-23,0.50394344,0.5174186,0.47744352,0.5067628,0.45354462,0.49192384,0.54266584
2021-11-30,0.50424045,0.5177976,0.47774807,0.50711477,0.45380765,0.4921217,0.54291743
2022-02-01,0.5043408,0.51792717,0.4778578,0.50722843,0.45396203,0.49228653,0.5430803
2021-08-19,0.50426894,0.5177669,0.4777778,0.50711894,0.45381972,0.49214676,0.5428212
2022-09-03,0.5022168,0.51628345,0.4759225,0.5054965,0.4525893,0.49040368,0.5410385
2023-01-14,0.50381184,0.5173292,0.47727644,0.50660646,0.45325667,0.49143094,0.5422802
2021-05-12,0.50422007,0.51772875,0.47770354,0.50705785,0.45384657,0.49218777,0.5429517
2021-09-21,0.5039294,0.5173855,0.4772536,0.506719,0.45335612,0.49166676,0.54247767
2024-04-17,0.50417835,0.51770693,0.47768238,0.5070688,0.4537742,0.49210495,0.5428653
2019-09-07,0.5028786,0.5166371,0.47652566,0.5060645,0.45281842,0.49101046,0.5416037
2020-08-02,0.5040028,0.5176255,0.4775275,0.50689864,0.4536018,0.4918987,0.5427091
2021-07-08,0.5041686,0.51768917,0.47756708,0.506833,0.4536079,0.49195892,0.542711
2023-04-24,0.50440663,0.5177149,0.47768134,0.5071805,0.4537589,0.49217102,0.5429036
2021-10-17,0.50208855,0.516861,0.47694588,0.5056549,0.45232594,0.49081618,0.5414751
2022-07-09,0.5029004,0.5166884,0.4765075,0.50577086,0.45258862,0.49083915,0.54142505
2021-07-01,0.50360286,0.5173321,0.47691485,0.506331,0.4531984,0.4914626,0.542486
2021-02-08,0.503753,0.51746625,0.47712085,0.5064443,0.45344347,0.49164134,0.5425597
2021-02-28,0.50426,0.5177682,0.47769505,0.5071779,0.45386666,0.49209335,0.54296505
2020-09-05,0.5028227,0.51648813,0.47641885,0.5057548,0.45272976,0.49080962,0.541537
2021-05-07,0.5042066,0.5177095,0.47769517,0.5070368,0.45380637,0.49213684,0.54291004
2023-03-28,0.5038079,0.5174105,0.47732523,0.5067086,0.45354733,0.49170458,0.54248416
2020-06-12,0.503493,0.5170668,0.4772092,0.5061547,0.45249513,0.49145442,0.5417853
2022-08-07,0.5036637,0.5173142,0.47715527,0.50656074,0.4533418,0.49163276,0.54234946
2020-10-08,0.5039582,0.5175064,0.4774158,0.5068859,0.4535888,0.49187514,0.54260033
2020-03-20,0.50426835,0.5175085,0.47754157,0.50700533,0.45365936,0.4920238,0.5427912
2024-01-03,0.50437045,0.5179467,0.4778642,0.50726366,0.4539799,0.4922752,0.5430968
2024-03-01,0.5031767,0.517075,0.4769873,0.5064563,0.4530311,0.4910598,0.54194134
2020-11-04,0.50434214,0.51793474,0.47780725,0.5071933,0.45392385,0.49220094,0.54301566
2020-12-09,0.50437534,0.51797765,0.47787887,0.50728005,0.45398635,0.49230635,0.5430984
2022-12-17,0.50385576,0.5174378,0.47735107,0.50673425,0.4533777,0.4916243,0.5424618
