date,h0,h1,h2,h3,h4,h5
2021-08-15,0.4828959,0.48558477,0.52009386,0.41615683,0.52714616,0.4687317
2022-01-14,0.4833519,0.48603442,0.5206844,0.41660738,0.52775586,0.46938235
2024-10-10,0.48262602,0.48534074,0.51998603,0.41603872,0.5270299,0.46877915
2023-09-29,0.4800602,0.48277736,0.5179327,0.41384736,0.52441525,0.4664234
2020-07-27,0.48293534,0.48562136,0.5202902,0.41619548,0.5273024,0.46896863
2020-12-08,0.48332193,0.48603037,0.5206424,0.41656518,0.5277453,0.46935672
2024-05-29,0.48302132,0.48566195,0.5200499,0.41601005,0.52732533,0.46896785
2024-04-30,0.48300886,0.48585275,0.5203385,0.41633305,0.5273903,0.46901286
2023-03-31,0.48260292,0.48520565,0.51979774,0.41589677,0.526613,0.46858662
2021-07-14,0.48261926,0.48551625,0.5198466,0.4158045,0.52684987,0.46867073
2024-10-02,0.4826948,0.48537567,0.5200734,0.41608107,0.52706933,0.46860445
2021-06-21,0.4818146,0.48440546,0.518686,0.41494823,0.52588344,0.46773216
2020-06-03,0.4822088,0.48488525,0.51939106,0.41549706,0.526484,0.4682369
2024-10-25,0.4821278,0.48499212,0.5196202,0.41601336,0.5268335,0.4686946
2024-07-22,0.48083186,0.48369545,0.51801515,0.41404483,0.52498376,0.4668835
2019-12-26,0.48334455,0.48603007,0.52067107,0.41658843,0.52776134,0.4693665
2022-12-25,0.4826673,0.48532748,0.5199892,0.41592485,0.5270749,0.46876627
2024-03-14,0.48251566,0.48510936,0.51986414,0.41578662,0.5267588,0.46851766
2020-10-30,0.48319304,0.48580405,0.52054346,0.41642854,0.5274933,0.46916214
2021-08-10,0.482271,0.48485303,0.5193589,0.41590685,0.5266162,0.46821356
2022-07-28,0.4826958,0.4854177,0.5201567,0.41610944,0.52708775,0.46874237
2023-10-20,0.48195943,0.48468605,0.5194739,0.4153847,0.52626,0.4680993
2019-06-30,0.48251703,0.4852789,0.5200906,0.41596004,0.526949,0.46858487
2022-02-14,0.48302865,0.48575658,0.52044165,0.4163512,0.5275291,0.46913245
2023-01-17,0.48269892,0.4854003,0.5199778,0.41602844,0.5269871,0.46889108
2022-03-29,0.48298827,0.48499963,0.51989746,0.41595277,0.52721107,0.4688599
2020-05-04,0.48318592,0.48587564,0.520488,0.41646218,0.527493,0.46923447
2020-06-21,0.4806216,0.48331988,0.516694,0.41465318,0.52501607,0.46604854
2022-03-21,0.4829597,0.48545274,0.52018255,0.41607568,0.5273172,0.468952
2022-01-10,0.48335776,0.48604685,0.5206951,0.41661686,0.52776635,0.46938688
2023-01-10,0.4826826,0.4853765,0.5200252,0.41599342,0.52706826,0.46883187
2023-01-12,0.4826919,0.4853919,0.52001643,0.41600275,0.52704084,0.46884486
2021-01-12,0.48319304,0.48590425,0.52060646,0.41645974,0.52767164,0.46924216
2024-06-30,0.48242924,0.48514858,0.5196506,0.41571704,0.52668124,0.46837538
2020-10-06,0.48289597,0.4855764,0.5202717,0.41616145,0.5271639,0.46884423
2022-08-02,0.48293412,0.48563606,0.5203049,0.41625363,0.5273018,0.46894288
2022-08-23,0.47891566,0.48181835,0.5142882,0.41149262,0.52285844,0.46538886
2023-01-01,0.48264724,0.485298,0.5199334,0.4158816,0.52703404,0.46871817
2022-11-03,0.48299167,0.48569477,0.5202541,0.41619664,0.527269,0.46903938
2021-10-07,0.4819089,0.48480263,0.51922405,0.41539288,0.52624774,0.4680587
2020-02-28,0.48241553,0.4852446,0.5201231,0.4159057,0.5272726,0.46870404
2023-12-26,0.48332334,0.48601753,0.52063894,0.41654655,0.5277086,0.46934444
2020-09-03,0.48197532,0.48474258,0.5193053,0.41534966,0.5263442,0.46796188
2024-11-21,0.48308828,0.48580834,0.52048254,0.41646945,0.52755594,0.4692332
2022-09-21,0.48021698,0.48330975,0.5183185,0.41444454,0.5246585,0.46610174
2024-05-30,0.48302767,0.4856525,0.5201314,0.41609916,0.52739143,0.4690015
2020-08-21,0.48281002,0.4855087,0.5202111,0.4161744,0.5272371,0.46882358
2020-06-13,0.4821232,0.4847595,0.51924056,0.41534978,0.52634925,0.46802476
2020-06-18,0.4824858,0.48503992,0.51902723,0.4155989,0.5265311,0.46806225
2023-04-10,0.4820249,0.48475614,0.5192096,0.41545698,0.52592695,0.46795467
2024-08-20,0.4826438,0.48538652,0.52004665,0.415949,0.52701265,0.46871325
2022-06-11,0.4824303,0.48534822,0.5196508,0.4156487,0.52655596,0.46848312
2020-05-21,0.48308122,0.4858224,0.52029544,0.41627353,0.52743953,0.46911713
2024-10-06,0.48275235,0.48546213,0.5201027,0.41613337,0.5271376,0.46882206
2022-06-05,0.48260537,0.4854386,0.519729,0.41578826,0.5267631,0.46853843
2020-01-22,0.48328903,0.4859798,0.5206196,0.4165642,0.52767986,0.4693147
2023-05-11,0.48327765,0.48581514,0.5205182,0.4164658,0.52750725,0.46919355
2021-07-07,0.48303422,0.48574853,0.5202793,0.4161826,0.52728266,0.46904454
2022-02-24,0.48261583,0.4854233,0.5202281,0.4160607,0.52737653,0.46886808
2019-09-25,0.48170206,0.48486507,0.51916385,0.41503862,0.5259652,0.4679229
2019-05-17,0.48296013,0.48567444,0.520326,0.4163078,0.5273095,0.4689836
2022-07-17,0.48186973,0.48449945,0.5195329,0.41550887,0.5265562,0.46800408
2024-12-08,0.4831346,0.48586777,0.5205457,0.41652507,0.52769065,0.4692749
2020-01-06,0.48334688,0.48602867,0.52068615,0.41661483,0.5277445,0.46936354
2023-08-18,0.4820033,0.4847343,0.51912266,0.4152833,0.5261401,0.4680326
2024-12-14,0.4832126,0.4859432,0.5205742,0.41653115,0.52772784,0.46931523
2019-09-28,0.48199704,0.48502576,0.51939994,0.41537127,0.526287,0.46815163
2021-08-18,0.48312613,0.48581222,0.5204683,0.41638774,0.5274346,0.46914703
2022-01-19,0.48331708,0.48601335,0.5206663,0.41658235,0.5277333,0.46935782
2021-08-28,0.48291498,0.48574015,0.52006304,0.41576833,0.5271486,0.4688517
2020-02-18,0.48292977,0.4856987,0.5203529,0.41630602,0.52742916,0.46905166
2022-03-05,0.4822813,0.48511547,0.520054,0.41579792,0.527243,0.4686654
2021-03-17,0.48270163,0.48508444,0.5198717,0.41591266,0.5270674,0.46866566
2020-10-10,0.48289064,0.4856027,0.5202867,0.41608062,0.52717364,0.46889293
2023-09-02,0.47976315,0.4824925,0.5171187,0.41331866,0.5238395,0.4658321
2022-09-01,0.4809783,0.483922,0.5182938,0.4144872,0.52530164,0.46706715
2020-11-26,0.48331866,0.485958,0.5205709,0.416516,0.52766633,0.46925825
2019-11-02,0.48310333,0.48578796,0.5205115,0.416379,0.5274671,0.4690887
2024-06-20,0.48211548,0.4853603,0.51965714,0.4156199,0.5266191,0.46876094
2024-07-17,0.48217353,0.4849407,0.51979226,0.41557345,0.52661926,0.4681908
2024-08-03,0.48285922,0.48556972,0.52025396,0.4160948,0.5271512,0.46895075
2024-12-06,0.48304603,0.4857744,0.5205238,0.4165217,0.5276704,0.4692283
2024-05-22,0.48193496,0.48450467,0.5187304,0.41495466,0.5260189,0.467709
2020-07-15,0.48259926,0.48531574,0.5198953,0.41587955,0.52695656,0.46863553
2024-11-13,0.48292243,0.48564672,0.52034044,0.4163535,0.52742374,0.46909583
2023-08-16,0.48174587,0.48448983,0.5189312,0.41509038,0.5259208,0.4677934
2024-02-06,0.48286295,0.4855691,0.5202711,0.41615412,0.5273508,0.46893775
2023-04-22,0.48289618,0.48564538,0.51999617,0.41621372,0.52681607,0.46873504
2021-05-11,0.48311946,0.48583862,0.52040654,0.41642782,0.5274053,0.46910957
2023-06-27,0.4825555,0.48520005,0.51971805,0.41567814,0.5266684,0.4685592
2019-09-06,0.48168942,0.48466584,0.5192123,0.41518423,0.52594995,0.46769294
2023-09-08,0.4790442,0.48162925,0.5162998,0.41255364,0.5228652,0.46504742
2021-01-10,0.48321185,0.48590654,0.5205846,0.41646078,0.5276835,0.46927342
2021-12-07,0.48322478,0.4859164,0.5205409,0.4164773,0.5276731,0.4692914
2020-01-02,0.4833573,0.48604405,0.52069277,0.41661334,0.52776474,0.46937677
2022-02-08,0.48313358,0.48584834,0.5205016,0.4164339,0.5275714,0.46919727
2019-12-21,0.48333278,0.4860157,0.52065426,0.41656667,0.52775484,0.4693439
2020-05-07,0.48314583,0.48587406,0.5204519,0.4164106,0.5274762,0.4691726
2023-11-22,0.48314282,0.4858375,0.52043563,0.4163543,0.5275054,0.46915558
2020-03-26,0.4832228,0.48567975,0.5204236,0.41640976,0.52755255,0.46917632
2023-09-14,0.47910646,0.4816736,0.5165748,0.41276035,0.52305025,0.46523982
2019-05-24,0.48282325,0.4855476,0.52023095,0.41619968,0.52716416,0.4688953
2023-05-21,0.48330137,0.48573598,0.52042955,0.41642356,0.5275403,0.46920383
2021-09-18,0.4826318,0.48525462,0.5199847,0.4156974,0.526818,0.46859866
2020-04-21,0.48306862,0.48573813,0.52033406,0.41636425,0.52727693,0.46906987
2021-02-19,0.4831303,0.48571405,0.52045214,0.41627297,0.52758163,0.46915093
2024-04-27,0.48308456,0.48584718,0.5204146,0.4163836,0.52745265,0.4690997
2019-06-06,0.48250768,0.48530582,0.5198817,0.41577926,0.5269994,0.46865532
2021-08-08,0.4820749,0.4847222,0.5185375,0.41598085,0.52615523,0.46925217
2019-10-10,0.48261538,0.48538837,0.5199411,0.41598776,0.5269325,0.46864977
2024-02-25,0.48273686,0.4846365,0.5189031,0.41497597,0.5261988,0.46760336
2022-09-02,0.4811377,0.48405045,0.51850593,0.41465136,0.52546734,0.46720147
2019-03-30,0.48192045,0.4845823,0.5191443,0.41529867,0.52611077,0.46794748
2024-10-07,0.48273885,0.4854377,0.5200674,0.4161324,0.5271312,0.4688487
2020-05-05,0.48314556,0.48585245,0.5204532,0.41641992,0.52745223,0.4691757
2021-09-10,0.4826417,0.48518652,0.5200892,0.41556942,0.52675533,0.4686879
2021-12-16,0.4832927,0.48600087,0.5206047,0.4165344,0.52774906,0.46933192
2022-06-07,0.48261905,0.48542613,0.5197441,0.41582504,0.5267025,0.4685707
2024-02-07,0.4828415,0.48550862,0.52018416,0.41610104,0.5272976,0.46885902
2022-08-28,0.47798795,0.48097798,0.513017,0.41045073,0.5219311,0.46457085
2020-01-05,0.48335224,0.4860396,0.5206928,0.4166098,0.52775615,0.46937323
2020-06-23,0.4801291,0.48280627,0.51628256,0.4144366,0.5245908,0.46563798
2022-06-04,0.48261464,0.4854217,0.5196838,0.4157421,0.5266811,0.46848148
2024-12-15,0.48320317,0.48594138,0.5205723,0.4165369,0.52772546,0.4693215
2023-06-12,0.48286194,0.48551446,0.52009696,0.4161402,0.5270985,0.46881914
2023-11-03,0.48251656,0.48533356,0.52001166,0.41583723,0.52690333,0.46866596
2024-05-09,0.48317778,0.48603532,0.52042776,0.41613638,0.5278668,0.4689943
2020-11-12,0.48324063,0.48588386,0.5205847,0.41650337,0.5276223,0.46924162
2021-01-27,0.48285127,0.48562124,0.520404,0.4162263,0.5275003,0.46902573
2019-08-28,0.48066357,0.48356265,0.51809454,0.41412896,0.5248378,0.46643543
2023-08-19,0.48192045,0.4846757,0.51901746,0.4152549,0.52604145,0.46804047
2022-03-13,0.48298344,0.48561507,0.52030534,0.4161725,0.5274214,0.46907935
2020-02-13,0.48305136,0.4858053,0.5204425,0.41640183,0.5275343,0.46915206
2024-07-28,0.4824014,0.48509932,0.5199352,0.4156106,0.52672523,0.46847883
2024-10-04,0.48272756,0.48542157,0.520097,0.41610762,0.52711105,0.4686858
2021-07-06,0.48306865,0.48574942,0.52030754,0.4162156,0.5273223,0.46907002
2020-12-24,0.48322544,0.48594016,0.5205944,0.41650257,0.52766,0.46928358
2019-08-31,0.48099023,0.48380065,0.5186571,0.41455662,0.525185,0.46655342
2024-09-08,0.48216087,0.4848377,0.5195556,0.41555083,0.5264841,0.46810824
2022-12-13,0.48304102,0.48573098,0.52034336,0.4162662,0.52741617,0.46909583
2023-06-17,0.48266214,0.48541927,0.5198944,0.41590676,0.5268389,0.46863732
2022-07-03,0.48187864,0.48453707,0.51962703,0.41547707,0.5264176,0.46798664
2022-12-28,0.48264852,0.48532164,0.5199472,0.41590255,0.5270392,0.4687658
2020-02-20,0.48299617,0.48573878,0.5204366,0.41632056,0.52754766,0.46911147
2024-07-30,0.48273963,0.48545325,0.5201316,0.41598627,0.5270999,0.4688153
2023-12-11,0.48330367,0.4859959,0.5205758,0.4164621,0.5276698,0.46930408
2023-09-25,0.48032504,0.48296386,0.5183263,0.4142435,0.52479863,0.46672994
2020-12-29,0.4832527,0.4859531,0.52061397,0.41651687,0.5276979,0.4693063
2019-09-26,0.48181948,0.48494276,0.51925635,0.41512412,0.52609444,0.4680165
2024-09-27,0.4820368,0.48497164,0.5193539,0.41526973,0.5263696,0.4679659
2021-05-10,0.48316494,0.48588455,0.5204579,0.41647413,0.5274628,0.46916047
2023-12-08,0.48331007,0.486021,0.52057225,0.41643462,0.5276558,0.4693151
2021-02-21,0.48325372,0.48581925,0.5205393,0.4163838,0.5276322,0.4692368
2019-06-09,0.4824738,0.48522228,0.5197813,0.4157613,0.52685153,0.46855545
2020-09-17,0.4823108,0.48488167,0.5198032,0.41578442,0.5266329,0.4683265
2023-02-04,0.48278147,0.48546198,0.520043,0.41613123,0.52702373,0.46896744
2019-09-02,0.48109102,0.4838589,0.51897687,0.41478285,0.52536505,0.46653795
2024-08-18,0.48263314,0.48534635,0.52000046,0.4159317,0.5269587,0.46864992
2019-06-29,0.48235217,0.48512068,0.5197903,0.4157508,0.52666265,0.46845683
2020-11-05,0.48326364,0.48593813,0.5206213,0.41653392,0.5276473,0.46926725
2020-06-05,0.48295158,0.48569268,0.52016944,0.41616508,0.5272402,0.4689611
2019-10-29,0.48312685,0.48575804,0.520508,0.41634876,0.52748555,0.46906793
2020-03-09,0.48264563,0.48541045,0.52018696,0.41604117,0.5272862,0.46880907
2020-09-19,0.48251277,0.48500547,0.5200251,0.4158656,0.52679014,0.4684827
2019-07-13,0.48277274,0.4855141,0.52018195,0.41606832,0.5271386,0.4688376
2022-12-14,0.4828686,0.4855367,0.520155,0.41608268,0.5272223,0.46895212
2020-02-25,0.48277196,0.4855221,0.52032876,0.41612834,0.5274807,0.46894458
2019-08-24,0.4803892,0.48322532,0.51720876,0.41361603,0.52453,0.46640903
2019-12-28,0.48333675,0.4860324,0.52066374,0.41658503,0.52774173,0.4693607
2024-10-09,0.48264992,0.48534793,0.520005,0.4160098,0.5270276,0.46876025
2023-04-13,0.4827015,0.48536804,0.5199184,0.41600305,0.5267547,0.46866748
2019-09-20,0.48082325,0.48456672,0.51862544,0.41424856,0.52525085,0.46759325
2022-01-20,0.4833252,0.48601177,0.52066684,0.4165868,0.52773374,0.46935597
2020-06-01,0.48191458,0.48461425,0.5190688,0.41523233,0.5261682,0.4679595
2023-11-01,0.48238492,0.4852326,0.51984084,0.41569775,0.5267153,0.4685401
2021-03-08,0.48305258,0.48547614,0.520253,0.41623,0.5274427,0.46902323
2020-08-13,0.48285645,0.48556718,0.5202399,0.41618246,0.527254,0.46889368
2020-03-01,0.48227632,0.4851226,0.5199855,0.41578215,0.5271021,0.46858516
2020-07-09,0.48215258,0.4848552,0.51933825,0.41538274,0.52647626,0.46830013
2019-10-07,0.48236698,0.48521912,0.5197009,0.4157988,0.52667665,0.468465
2021-06-30,0.48284715,0.48555553,0.52001387,0.4160419,0.5271744,0.4689397
2024-12-30,0.48322266,0.48595282,0.52058923,0.41650248,0.52774817,0.46930867
2023-05-25,0.48325717,0.4857233,0.5202751,0.41638473,0.5275014,0.46918157
2022-03-17,0.48308995,0.48556778,0.5203126,0.4161523,0.52755344,0.46907893
2019-10-14,0.48259282,0.48527807,0.51989174,0.41584077,0.526896,0.46851692
2024-05-26,0.48281908,0.48547983,0.5196943,0.4157111,0.5270633,0.46867108
2024-09-21,0.4818282,0.48474163,0.51925004,0.41502893,0.52610075,0.46786207
2024-01-04,0.48330855,0.48600486,0.52062875,0.41654196,0.5277352,0.46934313
2023-03-07,0.48272336,0.48540577,0.52007604,0.41599998,0.5269705,0.46881488
2022-05-30,0.48315296,0.48576468,0.52013844,0.41623795,0.52726233,0.4689474
2020-06-04,0.4827579,0.48547962,0.5199539,0.41599178,0.5270547,0.4687846
2021-02-01,0.4825654,0.48532563,0.5201847,0.41599908,0.52730244,0.46880692
2021-03-12,0.48312724,0.48552355,0.52034,0.41627842,0.5275337,0.4691036
2019-03-28,0.48288667,0.48544973,0.5201591,0.41609332,0.52726233,0.4689102
2024-01-06,0.48330694,0.48600304,0.5206379,0.4165325,0.52772874,0.46931753
2024-12-18,0.48316765,0.4859182,0.52052844,0.41652274,0.52772665,0.4693126
2024-11-24,0.48311624,0.48584452,0.5205137,0.41649842,0.5276111,0.46925548
2020-06-30,0.4828186,0.48557532,0.5199624,0.41601178,0.52714366,0.4689454
2022-11-02,0.4828952,0.48559585,0.5201554,0.4161577,0.5272164,0.46895045
2024-04-24,0.48317343,0.4858797,0.52050024,0.41644698,0.5275378,0.46917778
2019-05-08,0.4831224,0.48582545,0.52051055,0.41643545,0.5274762,0.46914977
2022-03-26,0.48308417,0.485178,0.52009517,0.41599858,0.5274244,0.4689783
2022-09-25,0.47932455,0.48250088,0.5177639,0.4137699,0.5237697,0.46499115
2020-03-15,0.4830527,0.48575118,0.5203501,0.41631222,0.5273012,0.46906787
2023-09-17,0.48003975,0.48258,0.5176332,0.4136712,0.5241339,0.4662131
2024-12-16,0.48314705,0.48589107,0.52053744,0.41652715,0.52771837,0.4692976
2023-06-05,0.48221132,0.4847741,0.51942664,0.41544834,0.5263957,0.46819586
2019-06-10,0.48259225,0.48534092,0.5199052,0.41586784,0.5269738,0.46866298
2021-06-27,0.48290524,0.48553616,0.5201199,0.41616467,0.5271894,0.4689431
2020-01-27,0.4831691,0.48588476,0.5205075,0.41648552,0.5275532,0.46921432
2024-04-09,0.48319715,0.4858767,0.5204945,0.41647038,0.52746886,0.46921894
2021-04-26,0.4831401,0.48579088,0.5204059,0.4164248,0.52736175,0.46909115
2019-03-29,0.48274574,0.48532245,0.5200116,0.4159856,0.5270978,0.468745
2021-05-30,0.47975168,0.48578086,0.51921254,0.41436586,0.525904,0.47029528
2022-11-17,0.48302794,0.48574427,0.5203843,0.41627517,0.527383,0.46911052
2021-05-03,0.48310882,0.48583248,0.5203907,0.41642472,0.5273727,0.4690939
2022-06-19,0.48254496,0.48536348,0.5197385,0.41581637,0.5267714,0.4686106
2023-08-14,0.48148274,0.48419195,0.5185744,0.41479576,0.52552205,0.46740982
2022-09-14,0.48049387,0.48346317,0.51840794,0.41450968,0.52485526,0.46618167
2023-01-18,0.48268035,0.48538545,0.5199655,0.41606548,0.5269479,0.46889675
2020-11-22,0.48328367,0.4858935,0.5205116,0.4164693,0.527612,0.46920362
2023-07-06,0.4804634,0.4834064,0.5175638,0.41380852,0.52457523,0.46654308
2024-05-07,0.48301175,0.48597732,0.5202481,0.41627905,0.5274771,0.46891537
2023-04-11,0.48248723,0.48512393,0.51968646,0.41581076,0.526531,0.46845058
2024-07-25,0.48100975,0.4838894,0.51834893,0.41430348,0.52528405,0.4671154
2023-06-15,0.48269624,0.48541027,0.5199344,0.41596574,0.52691954,0.46864077
2021-05-29,0.47929218,0.48587203,0.5191231,0.41412923,0.5257716,0.47054356
2023-01-28,0.48282883,0.48551497,0.52010405,0.4160934,0.5271268,0.46897683
2020-06-22,0.4800335,0.48273513,0.51597685,0.41436988,0.5245295,0.4654306
2019-07-02,0.48264125,0.48536882,0.52013457,0.4160207,0.5270782,0.46868855
2019-06-19,0.48194847,0.48460984,0.51923186,0.4153348,0.52632153,0.46804398
2023-05-16,0.48327282,0.48579085,0.5204334,0.41643456,0.52749234,0.4692108
2020-06-25,0.4820068,0.48470774,0.51891106,0.415494,0.5263971,0.4679295
2021-10-05,0.48179123,0.48464668,0.5190264,0.4151074,0.5260235,0.4678553
2022-08-09,0.4824678,0.48516035,0.51962703,0.41572917,0.52669257,0.46847844
2021-10-30,0.4820827,0.48476365,0.5189341,0.4157035,0.5264494,0.4678986
2021-01-08,0.48324114,0.4859434,0.52061415,0.41648874,0.52769625,0.46928263
2022-01-26,0.48321685,0.48591235,0.52056384,0.41650024,0.52762496,0.4692623
2021-07-26,0.48245454,0.4853424,0.51970065,0.41547105,0.5268308,0.46874976
2021-09-11,0.48255408,0.48510757,0.51997614,0.41548118,0.5266868,0.46861053
2023-03-05,0.48272258,0.48539522,0.52007955,0.4159451,0.5269468,0.4688235
2023-12-04,0.4832918,0.48600075,0.52055573,0.41644925,0.5276614,0.46930394
2020-10-23,0.4829094,0.48560467,0.52030325,0.41607088,0.5271852,0.46890503
2023-10-08,0.4803036,0.48304278,0.5181603,0.4140759,0.5247193,0.46665972
2023-12-14,0.48329064,0.48598778,0.52054965,0.4164641,0.5276265,0.46930668
2019-04-02,0.4823868,0.48487663,0.5195127,0.415613,0.52653986,0.46834156
2023-09-30,0.48028964,0.48301142,0.5180176,0.413963,0.52459437,0.46659887
2022-01-09,0.48336643,0.48604682,0.5206982,0.41662022,0.5277707,0.46939218
2022-09-30,0.48016256,0.48341602,0.5185101,0.41439524,0.52475613,0.4662298
2024-08-24,0.48237658,0.48514095,0.5198375,0.4157339,0.526741,0.46847677
2021-09-06,0.48261327,0.4852007,0.5200763,0.41553748,0.52672195,0.46862978
2021-11-29,0.48314428,0.48582116,0.52048284,0.41641936,0.5275693,0.46921977
2023-08-17,0.48206905,0.4847925,0.5191963,0.41532874,0.52622557,0.46811187
2024-01-13,0.48329547,0.48599476,0.5206433,0.4165254,0.52773994,0.46932772
2023-04-17,0.48252958,0.48531783,0.51964,0.41587806,0.52636504,0.46848375
2023-09-22,0.4808,0.4834991,0.51844716,0.41448727,0.52510077,0.46703312
2023-01-06,0.4829688,0.48566398,0.52030575,0.41622657,0.527375,0.46902922
2021-03-18,0.48258066,0.48497742,0.5197354,0.41580492,0.5269417,0.46855178
2022-07-29,0.48284933,0.48555735,0.5202937,0.4162309,0.52723664,0.46887904
2022-08-05,0.48287022,0.48555386,0.52017367,0.41616896,0.5271837,0.46887386
2019-12-09,0.48330906,0.4859958,0.52064264,0.41651955,0.5277603,0.46930945
2023-01-19,0.48268312,0.4853968,0.51995796,0.41605973,0.5269557,0.46890545
2024-07-06,0.48156357,0.48435208,0.5191427,0.415265,0.525943,0.46769476
2022-02-20,0.48283848,0.48561552,0.5203772,0.41623363,0.52749777,0.4690354
2020-07-06,0.48234454,0.48508424,0.51951766,0.41551808,0.52661836,0.4685054
2022-02-28,0.48240745,0.48525843,0.52010894,0.4158986,0.5272649,0.4687499
2021-03-04,0.48301625,0.48544252,0.52022535,0.41620663,0.52732426,0.4689625
2020-09-24,0.4827739,0.48539308,0.52016556,0.41605204,0.5270842,0.4687756
2024-03-08,0.4824231,0.48506004,0.51989496,0.41552752,0.52707165,0.4684693
2024-10-15,0.4824939,0.4852848,0.51988715,0.41602778,0.52702254,0.46877545
2023-03-18,0.4822732,0.48471692,0.5195276,0.41544566,0.52615446,0.46827242
2019-06-02,0.47742307,0.4856856,0.518243,0.4129082,0.52476007,0.47070596
2020-09-28,0.4829399,0.48559022,0.52033764,0.41621968,0.5272071,0.46889433
2019-07-01,0.48274913,0.4854594,0.5202514,0.41615874,0.52713734,0.46881536
2024-03-28,0.48309827,0.4856542,0.5203729,0.41632426,0.5273473,0.46908417
2020-12-30,0.48324826,0.48595288,0.52062273,0.416498,0.5276932,0.4692893
2023-04-30,0.4831287,0.48582634,0.5204194,0.41644186,0.5273378,0.46905628
2020-05-24,0.48311067,0.48588702,0.52037656,0.41632587,0.52750176,0.46915165
2019-11-19,0.4832261,0.48592237,0.52060455,0.4165086,0.527642,0.46924493
2020-01-29,0.48327905,0.4859825,0.52062696,0.41656244,0.52769345,0.46931356
2023-05-05,0.48323807,0.48584542,0.5205915,0.4165096,0.5275041,0.46920082
2019-10-26,0.4830533,0.48569876,0.5203903,0.41623652,0.5274247,0.4689969
2023-05-24,0.48325306,0.48567063,0.5202517,0.41636693,0.5274774,0.4691868
2023-06-07,0.48249522,0.48513675,0.51974314,0.4157763,0.5266969,0.46850488
2022-04-02,0.48332188,0.48559016,0.5204241,0.41628632,0.52765536,0.46924707
2023-01-23,0.48278204,0.48547196,0.52004325,0.41610324,0.5270213,0.4689745
2019-06-27,0.4819926,0.48470622,0.51915115,0.41526726,0.5262456,0.46808487
2022-07-31,0.48299527,0.48571157,0.5204059,0.41634142,0.5273759,0.46903393
2022-03-16,0.48281226,0.4853093,0.52004355,0.415948,0.5271773,0.46884397
2020-12-11,0.48331964,0.486031,0.5206595,0.4165732,0.5277499,0.46936458
2024-04-01,0.48307717,0.48571336,0.5203263,0.41633222,0.5272721,0.46907035
2021-08-04,0.48221925,0.48493353,0.5185462,0.4159725,0.5262185,0.46958384
2020-12-06,0.48331052,0.4860208,0.5206421,0.4165569,0.52773637,0.46934143
2020-12-21,0.48329046,0.48601058,0.52066493,0.41655737,0.5277403,0.46934664
2020-11-13,0.4832712,0.4859087,0.5205796,0.41648236,0.52760875,0.46923605
2021-08-25,0.48299763,0.48575628,0.52027166,0.41614798,0.527286,0.4690227
2023-02-08,0.48275635,0.48544163,0.5199854,0.4160956,0.5269588,0.4689633
2022-11-23,0.4829774,0.48565352,0.520295,0.41620323,0.52733064,0.46904802
2023-12-10,0.4833073,0.48600897,0.52058244,0.41646433,0.52767545,0.46932107
2023-01-21,0.48271835,0.48541993,0.5199978,0.4160575,0.5269949,0.46891117
2024-12-10,0.48318514,0.4859165,0.52056354,0.41651863,0.5277124,0.46930924
2023-04-18,0.48276952,0.48548985,0.5199403,0.4160831,0.52671283,0.46872887
2023-12-29,0.48331586,0.48601437,0.5206354,0.41654193,0.5277236,0.46934074
2023-12-27,0.48331875,0.48601252,0.5206489,0.41654596,0.5277144,0.46934032
2020-10-21,0.48290536,0.4856793,0.5203532,0.41604868,0.5272188,0.46894163
2020-11-03,0.48325,0.485877,0.5205917,0.41649783,0.5275759,0.4692184
2022-11-08,0.48305458,0.48575836,0.52034485,0.41631338,0.52735895,0.4691103
2021-04-14,0.4829189,0.48549682,0.5201698,0.41616356,0.527091,0.46895882
2021-08-31,0.48302934,0.48587096,0.5200638,0.41552493,0.5271481,0.46887678
2021-10-09,0.48185068,0.48487288,0.5192666,0.41542348,0.5262733,0.46814328
2024-07-10,0.48216555,0.48498774,0.51976174,0.41576415,0.52662504,0.4682718
2023-12-21,0.48332044,0.4860093,0.5206279,0.41653854,0.527718,0.4693448
2023-04-16,0.4824322,0.48520565,0.5195573,0.41581506,0.5263127,0.4683611
2020-04-06,0.48189953,0.48432234,0.5188236,0.41520855,0.5257639,0.46776602
2023-09-05,0.47899032,0.4815462,0.5162583,0.41248393,0.52281576,0.46504498
2020-07-29,0.48303756,0.48573375,0.52034,0.41628462,0.52742916,0.46909264
2020-07-30,0.4829974,0.4856663,0.5202987,0.41623282,0.52735794,0.46904096
2023-08-21,0.48183745,0.48456767,0.5189616,0.41518313,0.52600336,0.4679163
2023-05-27,0.48325872,0.48573825,0.5202549,0.41645896,0.5275234,0.4692756
2022-02-16,0.48298237,0.48572677,0.52043617,0.4163339,0.5275291,0.4691121
2019-10-09,0.48251832,0.48532474,0.5198414,0.41589,0.5268337,0.46857524
2023-10-24,0.48224926,0.48498982,0.5197037,0.41559097,0.5265397,0.46833852
2023-09-10,0.47850096,0.4812468,0.51580507,0.41228038,0.52240855,0.46475405
2020-09-27,0.48295462,0.48562473,0.5203089,0.4162445,0.52720976,0.46892056
2021-12-05,0.48324537,0.48591256,0.52055997,0.41646335,0.52766144,0.46929255
2024-09-24,0.48064563,0.48405963,0.5177485,0.41346696,0.5247901,0.46660808
2024-01-26,0.48311502,0.48582387,0.52048826,0.4163816,0.52756023,0.4691544
2019-09-24,0.4814898,0.48474705,0.51898116,0.41467983,0.5257126,0.4677546
2020-10-01,0.48293433,0.48559695,0.52030516,0.41619235,0.5271905,0.46888375
2021-09-02,0.4828514,0.48580045,0.5199911,0.41534105,0.52699244,0.4687712
2024-04-08,0.4831724,0.48582038,0.5204694,0.41644052,0.5274253,0.4691471
2022-09-07,0.48138875,0.48429984,0.5189986,0.41511688,0.525762,0.46732506
2020-08-29,0.4825391,0.48522958,0.5199067,0.41586798,0.52690107,0.46853742
2019-04-12,0.48283148,0.48535153,0.520007,0.41603842,0.52697194,0.4687803
2022-07-16,0.48186198,0.48452565,0.51957947,0.41552398,0.52656156,0.46800157
2020-09-20,0.48241198,0.48493212,0.5199597,0.4157909,0.52673686,0.4683816
2023-10-14,0.4810918,0.48377615,0.5189498,0.41474083,0.52551913,0.46739432
2023-05-17,0.48328346,0.48583364,0.5204506,0.4164626,0.5275482,0.4692315
2023-08-05,0.48248956,0.48516592,0.51969296,0.4157776,0.5267015,0.4684334
2022-01-22,0.48330206,0.48600182,0.5206463,0.4165722,0.5277113,0.4693334
2020-12-23,0.4832124,0.48594803,0.5205818,0.41648033,0.52765733,0.46929118
2019-11-26,0.48321325,0.48589388,0.52055943,0.41645342,0.5276063,0.46921653
2022-02-11,0.48302165,0.48574612,0.5204124,0.4163419,0.52748775,0.46910694
2021-08-03,0.48242065,0.48508984,0.51903456,0.41594243,0.5265104,0.4693605
2022-06-24,0.48281658,0.4854309,0.52011037,0.41605756,0.5270804,0.46885934
2020-05-10,0.48314813,0.4858734,0.5204589,0.4164183,0.52747357,0.4691924
2021-11-26,0.4831965,0.4858744,0.5205135,0.41642618,0.5275986,0.4692439
2021-01-15,0.48318952,0.4858927,0.5205943,0.41645476,0.5276862,0.4692494
2020-11-16,0.4832447,0.48588702,0.5205587,0.41649312,0.527635,0.46920675
2024-04-29,0.48306626,0.48583704,0.5204045,0.41636264,0.52746654,0.46907914
2023-01-16,0.4826968,0.48538488,0.5200088,0.41601503,0.52702576,0.46886566
2024-05-16,0.4801795,0.4829146,0.5171703,0.4135993,0.524339,0.46623948
2023-10-13,0.48077515,0.48349693,0.5187811,0.41458306,0.5253146,0.46717086
2020-03-08,0.48225358,0.4850885,0.519986,0.41576272,0.52715176,0.4685558
2024-09-06,0.48201472,0.48469087,0.51949924,0.41541877,0.52634174,0.46804962
2023-08-08,0.48238668,0.48506895,0.5196094,0.4156811,0.52661,0.4683246
2020-02-09,0.48304206,0.48581645,0.52041966,0.4164211,0.52749294,0.46913382
2020-11-19,0.48328078,0.48588026,0.5205078,0.41646174,0.5275902,0.46920013
2024-03-24,0.48306152,0.48561952,0.5204103,0.4163167,0.52745044,0.4690943
2021-03-07,0.48320672,0.48561686,0.52042,0.41633582,0.52761424,0.4691771
2023-09-18,0.48033318,0.48272857,0.5175805,0.41378057,0.5242362,0.4662326
2024-08-01,0.48283783,0.4855076,0.5201871,0.41607922,0.5270709,0.4689091
2020-03-22,0.4833536,0.48591393,0.52063316,0.41653264,0.52772635,0.46932542
2021-10-23,0.4824828,0.48521137,0.51961976,0.41591096,0.52684635,0.4684224
2023-04-09,0.48214436,0.48485595,0.5193084,0.41553122,0.52601284,0.46809092
2024-04-15,0.48307198,0.48577863,0.5203821,0.4163671,0.527382,0.46907973
2024-09-01,0.4816933,0.48444808,0.5191157,0.41516766,0.5259963,0.46775106
2024-09-23,0.47976765,0.48343453,0.5167707,0.41244417,0.5238358,0.46575153
2021-11-07,0.48213118,0.48487663,0.5190519,0.41558152,0.5264612,0.46804377
2021-01-09,0.48322305,0.48591864,0.5205866,0.41647056,0.5276669,0.46926105
2022-01-08,0.4833581,0.4860474,0.5206901,0.41661394,0.52776545,0.46938723
2021-12-28,0.48335397,0.48603633,0.52067524,0.41660374,0.52774674,0.4693835
2022-06-17,0.48227596,0.4851409,0.5194902,0.41554224,0.52649575,0.46829686
2020-11-14,0.48322108,0.48586854,0.5205394,0.41646278,0.5275904,0.46920687
2023-10-02,0.48029074,0.48303923,0.5179676,0.4139269,0.5245628,0.4665334
2020-04-15,0.48291743,0.48568583,0.5200811,0.41622877,0.5269973,0.46880317
2021-02-02,0.4825221,0.48529312,0.52016526,0.41596773,0.52728826,0.4687787
2024-08-16,0.4825452,0.48528323,0.51992154,0.41582215,0.5268654,0.46860617
2024-11-19,0.48294663,0.48568133,0.52040404,0.4164162,0.52752024,0.4691486
2023-01-05,0.4826649,0.48534837,0.5199777,0.41593984,0.52704537,0.4687886
2019-08-23,0.4811509,0.48394623,0.5182342,0.4144804,0.5253688,0.46710777
2022-09-29,0.48000365,0.48320383,0.51832795,0.41427287,0.52453595,0.4659584
2024-09-02,0.48178294,0.48455676,0.51921225,0.4152611,0.5261379,0.46791115
2020-02-22,0.48283488,0.48560113,0.5202677,0.41619366,0.5273591,0.4689535
2019-11-07,0.48319492,0.48587796,0.52061754,0.41649383,0.5275695,0.46919596
2021-07-09,0.48291743,0.4856929,0.5202152,0.4161084,0.52717227,0.4689579
2024-02-11,0.48260438,0.48523316,0.5198845,0.41585863,0.52700514,0.4685792
2023-12-06,0.48329076,0.48599285,0.52057093,0.4164669,0.5276657,0.46930283
2024-03-31,0.4830775,0.48573485,0.52035254,0.41634792,0.5272944,0.4690928
2021-12-30,0.4833547,0.4860316,0.52067935,0.41660574,0.5277483,0.46938682
2019-05-11,0.48303685,0.48573554,0.52039874,0.41635767,0.5273515,0.46908057
2022-01-11,0.48336014,0.48604956,0.52069706,0.41661766,0.5277704,0.46938825
2022-02-12,0.48297703,0.48572227,0.52038825,0.41631073,0.5274558,0.46908265
2022-02-15,0.4830151,0.4857398,0.5204486,0.4163433,0.52753466,0.4691295
2024-06-22,0.48249823,0.48544538,0.519781,0.41579676,0.5267796,0.46876773
2023-06-29,0.48202485,0.48466328,0.51914704,0.41522378,0.526072,0.46802193
2021-05-26,0.48245376,0.48590818,0.5202743,0.41603804,0.5272783,0.46957278
2023-01-25,0.48274317,0.48543116,0.520014,0.41605204,0.52699214,0.46892518
2019-06-13,0.48241442,0.48511946,0.51977456,0.41575435,0.5268312,0.46850508
2023-08-23,0.4817283,0.484508,0.5189947,0.41518393,0.5259763,0.4678794
2023-11-29,0.48325783,0.48593363,0.5205124,0.41640368,0.5275763,0.469239
2021-04-07,0.48269033,0.48516396,0.5198743,0.4159042,0.5269364,0.46870205
2020-10-18,0.48285928,0.4856586,0.52032787,0.4159556,0.5271672,0.46890253
2024-06-19,0.48209283,0.48538983,0.5197093,0.41560286,0.52665275,0.46883115
2024-05-18,0.479303,0.48203763,0.5162094,0.41277915,0.52338684,0.465359
2023-12-13,0.48329115,0.4860003,0.52056885,0.41647717,0.5276473,0.46931997
2024-04-22,0.4830203,0.48572204,0.52034193,0.41632536,0.5273691,0.46903047
2021-04-24,0.4832045,0.48588905,0.5205169,0.4164948,0.5275088,0.46919563
2023-08-03,0.4826187,0.48529813,0.51987296,0.4159112,0.52688664,0.46859533
2020-09-30,0.48292378,0.4855696,0.5203014,0.4161822,0.5271933,0.46888092
2023-09-01,0.48060068,0.48336598,0.51798695,0.4141388,0.5248299,0.46675238
2023-08-12,0.48152852,0.4842595,0.51865494,0.41490024,0.52563244,0.46747756
2023-05-15,0.48322684,0.4857991,0.520419,0.4164312,0.5274747,0.46919087
2021-12-13,0.48327377,0.485971,0.52057225,0.41650224,0.52770394,0.46931964
2022-11-05,0.48303267,0.48572135,0.52029514,0.41625828,0.5273419,0.46908712
2020-10-12,0.48290354,0.48565003,0.5203146,0.41609308,0.52718383,0.4689276
2023-07-12,0.48258466,0.48530468,0.5198915,0.41583592,0.5269082,0.46861857
2020-10-07,0.4828833,0.4855629,0.5202781,0.4161613,0.52716297,0.46884775
2021-11-04,0.48212397,0.48490936,0.51907897,0.41552407,0.52647734,0.4680308
2022-06-14,0.48227832,0.48515907,0.51949644,0.41557124,0.5264526,0.46835232
2020-10-14,0.48295456,0.48568985,0.52035326,0.41615188,0.52724713,0.46897814
2024-12-12,0.48325172,0.48597473,0.5206063,0.41654482,0.52773595,0.46933454
2020-12-15,0.48329604,0.48600367,0.5206426,0.41655684,0.5277287,0.46934232
2023-07-30,0.48266056,0.48534793,0.5199348,0.41595706,0.52693224,0.46861503
2020-07-08,0.48231468,0.4850887,0.5193751,0.4154583,0.5265953,0.46843925
2022-02-17,0.48299706,0.4857228,0.5204511,0.4163343,0.52754956,0.46913078
2021-06-17,0.48028907,0.48294368,0.51738024,0.41377616,0.5243921,0.46630916
2024-02-28,0.4825214,0.48512945,0.5198503,0.41547894,0.52699065,0.4685234
2021-12-22,0.48334917,0.48604006,0.52067703,0.41659,0.52778107,0.46937868
2021-10-10,0.48165756,0.4847879,0.5191021,0.41533223,0.52614367,0.46810126
2024-09-04,0.48191696,0.48464888,0.51937354,0.41535017,0.52624303,0.46800074
2021-12-11,0.4832679,0.4859627,0.52058697,0.41651902,0.5277243,0.4693151
2022-05-08,0.48262426,0.485541,0.51991785,0.4158991,0.5269594,0.46861774
2019-07-06,0.48263347,0.4853758,0.5200626,0.4160075,0.5269717,0.4687293
2022-04-20,0.48297438,0.48569402,0.52021044,0.41626278,0.52719563,0.4688695
2024-04-25,0.48315865,0.48587462,0.52049613,0.41644776,0.52753675,0.469177
2024-10-14,0.48252866,0.4852893,0.51990813,0.41605493,0.5270037,0.46881264
2020-03-05,0.48230338,0.48512226,0.51998234,0.41576844,0.52707046,0.46859607
2020-03-28,0.48260438,0.4850761,0.5197065,0.41588077,0.5267301,0.4685147
2020-03-07,0.48215854,0.48504272,0.5199605,0.4156985,0.5271497,0.46852675
2023-02-22,0.48230836,0.48502538,0.5196757,0.41562575,0.52643985,0.46841824
2022-07-20,0.48208845,0.4847233,0.51965874,0.41559866,0.52666354,0.46816528
2019-09-29,0.48207608,0.48508468,0.519467,0.41547018,0.5263565,0.46823698
2022-12-03,0.48287868,0.48554784,0.5201571,0.4161221,0.52721035,0.46897766
2019-12-25,0.4833388,0.48603374,0.5206697,0.41657883,0.52775604,0.46936712
2023-06-21,0.48268318,0.4854104,0.5197293,0.4157802,0.52673906,0.46853292
2024-09-30,0.48230737,0.48518524,0.5196761,0.4156023,0.52670324,0.4682647
2023-02-13,0.4827217,0.48545703,0.5199184,0.41625544,0.52669764,0.46908346
2020-05-06,0.48313048,0.48585078,0.52044016,0.4163984,0.52745,0.4691495
2024-09-03,0.48185998,0.48463055,0.51931393,0.41532332,0.52622956,0.46795362
2023-09-04,0.4793958,0.4820248,0.5167111,0.41288692,0.52332133,0.46549624
2024-02-01,0.48299807,0.48569706,0.5203501,0.41625768,0.52744323,0.46903262
2022-05-19,0.4830803,0.48571742,0.52022326,0.41623926,0.5273818,0.46902758
2024-09-22,0.48064142,0.48393938,0.5178461,0.41357338,0.52477485,0.46664456
2022-09-09,0.48123646,0.4841548,0.5189335,0.41506064,0.52562803,0.46712697
2023-11-18,0.48306337,0.48575848,0.52039486,0.41628334,0.52744293,0.46907333
2019-11-03,0.48317906,0.48585695,0.5206008,0.41647518,0.52755946,0.46919248
2022-03-14,0.4828947,0.4855149,0.52020425,0.41606918,0.5273248,0.46898368
2023-10-04,0.480503,0.48324192,0.5181643,0.41412562,0.52480906,0.46677122
2020-06-15,0.48237804,0.485044,0.51939243,0.415571,0.526585,0.468298
2022-01-17,0.4833392,0.4860243,0.5206743,0.4165919,0.52774096,0.4693707
2021-04-11,0.48255828,0.48506576,0.51975185,0.41583797,0.526729,0.46851525
2023-12-09,0.483272,0.4859693,0.52055377,0.416465,0.52765554,0.4693018
2024-03-16,0.48271328,0.48535657,0.5200772,0.41601896,0.5270011,0.46875852
2019-11-21,0.48324224,0.48593408,0.520595,0.41650188,0.527656,0.46925694
2022-02-06,0.48319036,0.4859021,0.5205645,0.41646907,0.52764326,0.4692454
2021-09-03,0.48276424,0.48566097,0.52004755,0.41529498,0.52686816,0.46871817
2019-11-05,0.4831738,0.48584092,0.52058285,0.416444,0.52754414,0.46914232
2020-10-26,0.48305035,0.4856873,0.5203969,0.4162493,0.5273012,0.4690572
2024-08-22,0.48255935,0.48529628,0.51997495,0.4158999,0.52691674,0.46864307
2020-08-01,0.4829837,0.4856594,0.5202982,0.41624036,0.5273557,0.46902192
2024-09-13,0.48242995,0.48508018,0.5198351,0.41580614,0.5267863,0.468373
2019-05-30,0.4816547,0.48549703,0.5196671,0.4154543,0.526571,0.4691657
2021-01-23,0.48297092,0.48571527,0.5204496,0.416299,0.5275386,0.46909094
2022-12-06,0.4828314,0.48552513,0.52008146,0.41607988,0.5271282,0.46896523
2020-09-13,0.4820144,0.48464322,0.5193688,0.41558096,0.5264016,0.46791473
2024-09-17,0.4826001,0.48517984,0.5199281,0.41590363,0.52686507,0.4684334
2024-01-21,0.48322144,0.48592553,0.5205951,0.41648212,0.5276729,0.46925232
2024-11-04,0.48259693,0.48533604,0.520032,0.41616082,0.52712107,0.46880367
2023-05-01,0.48307204,0.4857517,0.5203464,0.4163943,0.5272117,0.46898684
2021-09-15,0.48269013,0.48527786,0.52012116,0.41569668,0.5268092,0.4687492
2024-06-09,0.48284048,0.48552704,0.520053,0.415933,0.52700925,0.46882874
2021-02-20,0.48319504,0.48580346,0.5205204,0.41635257,0.5275883,0.46920687
2020-10-19,0.4828215,0.4856019,0.5202949,0.4159535,0.52713543,0.46885565
2023-12-05,0.48329893,0.4860048,0.5205699,0.4164641,0.5276495,0.46931723
2020-07-10,0.4820473,0.48473933,0.51917833,0.41528025,0.52634627,0.46816748
2023-07-22,0.48265237,0.48525515,0.51984704,0.41585258,0.52686584,0.4685882
2021-05-16,0.4831761,0.4858824,0.52049637,0.41646764,0.52750343,0.46920907
2024-12-27,0.4831971,0.4859343,0.5205807,0.41652235,0.52774966,0.46930915
2024-02-05,0.48291352,0.48559052,0.52027,0.41615683,0.52734387,0.4689483
2019-05-02,0.48314315,0.48580652,0.52049303,0.41644266,0.52743274,0.4691484
2021-01-20,0.4830531,0.4857873,0.5205064,0.41635653,0.52756584,0.46915177
2020-10-04,0.48286295,0.485516,0.5202222,0.41612643,0.52708846,0.46879792
2024-11-08,0.48257995,0.48533136,0.5200836,0.4162322,0.5272156,0.46887463
2021-09-23,0.48276392,0.485386,0.51997745,0.41597027,0.52697724,0.46857804
2023-04-23,0.48300302,0.48573744,0.5201221,0.41630742,0.52698886,0.46883354
2022-09-16,0.48028755,0.48328334,0.5183094,0.4144262,0.5246749,0.46602622
2021-10-15,0.48028094,0.48444661,0.5181517,0.41456732,0.5254065,0.46792227
2021-07-10,0.48280546,0.48557773,0.5201116,0.41603172,0.5270772,0.46885765
2024-04-23,0.48314583,0.48584288,0.520467,0.4164275,0.5275101,0.46915555
2024-04-03,0.4831269,0.48574612,0.52039504,0.416373,0.52734935,0.4690973
2022-01-24,0.4832684,0.4859718,0.5206161,0.41654128,0.52767247,0.46931008
2019-06-07,0.48241308,0.4851198,0.5197468,0.41568822,0.5268238,0.46848917
2021-02-03,0.48254675,0.48531568,0.5201873,0.415997,0.5273068,0.46878135
2021-03-26,0.4802348,0.4826291,0.5172722,0.41378856,0.5243199,0.4662295
2020-03-29,0.48273,0.48514694,0.5198183,0.41595381,0.5268408,0.4686059
2019-07-29,0.4825425,0.48526436,0.51957333,0.4156961,0.5268667,0.4686337
2020-09-08,0.48202524,0.48468488,0.5193365,0.4153395,0.5262782,0.4679618
2023-10-18,0.48177177,0.48447263,0.51934093,0.41524127,0.5261202,0.4679349
2021-01-22,0.48295578,0.4856799,0.5204126,0.4162752,0.5274886,0.46904808
2019-11-16,0.48323113,0.48592338,0.52064407,0.4165137,0.5276316,0.46923795
2022-08-12,0.48172262,0.48453483,0.5187683,0.4150305,0.52593493,0.4678549
2022-08-26,0.47909328,0.48205903,0.51488936,0.4120237,0.52315557,0.46557018
2022-05-29,0.48315006,0.48571742,0.52009976,0.41622052,0.5272622,0.4689582
2021-10-11,0.48131078,0.48469654,0.5188114,0.4151211,0.5259136,0.46802145
2022-12-18,0.48281837,0.4854913,0.52011704,0.4160562,0.5271903,0.46890888
2021-07-12,0.4827098,0.48552635,0.5199886,0.4159664,0.5269329,0.4687535
2021-04-13,0.4829173,0.48543116,0.52012855,0.41615087,0.52709746,0.4689211
2020-07-11,0.48185733,0.48455045,0.51888525,0.41502523,0.5260831,0.4679475
2024-05-04,0.48286474,0.4859199,0.520119,0.4162685,0.527279,0.46883565
2022-04-07,0.4831238,0.48562732,0.5202863,0.41625595,0.52729946,0.46910864
2024-09-14,0.48247036,0.48511013,0.51986754,0.41583872,0.526815,0.4683701
2021-02-07,0.482494,0.48519057,0.52013284,0.41590157,0.52728236,0.46873862
2020-02-15,0.48300195,0.4857488,0.52039397,0.41635627,0.5274998,0.4691008
2022-12-04,0.4828486,0.4855412,0.52014935,0.41610688,0.5272059,0.46897057
2020-09-29,0.48298067,0.48565623,0.52033824,0.4162337,0.527261,0.46893588
2024-05-10,0.483112,0.4860103,0.5203668,0.41622168,0.52772266,0.46901217
2024-03-29,0.48310354,0.4856857,0.52038705,0.41634643,0.52734363,0.46908796
2024-03-04,0.48244566,0.48509616,0.51994765,0.415494,0.527044,0.46853393
2021-03-03,0.4830759,0.48546636,0.52027017,0.41621134,0.527392,0.46901178
2020-02-23,0.48273778,0.4855125,0.52021474,0.41611505,0.5272949,0.46888492
2022-01-01,0.4833318,0.48601303,0.5206416,0.41657147,0.5276793,0.4693793
2021-01-04,0.483272,0.4859629,0.5206389,0.41651314,0.52772087,0.4693106
2022-08-21,0.4799662,0.48285568,0.51600623,0.41281804,0.5240394,0.4663329
2019-05-18,0.4829376,0.48566645,0.52030224,0.41630074,0.52728105,0.4689542
2022-02-19,0.4829326,0.4856812,0.5204321,0.41628045,0.5275472,0.46908936
2020-02-08,0.48309636,0.48584852,0.520459,0.4164441,0.5275383,0.46917638
2022-09-19,0.48042336,0.48346055,0.5184687,0.41457465,0.52485234,0.4662732
2021-08-12,0.48239633,0.4851958,0.51949596,0.41582894,0.5266155,0.46811333
2023-12-01,0.4832498,0.48593876,0.52052873,0.4164125,0.5276135,0.46924168
2021-02-27,0.48311046,0.48571336,0.5204899,0.41631073,0.5276316,0.46917465
2023-03-22,0.4820771,0.48460385,0.5192418,0.41537163,0.5259446,0.46803916
2019-11-10,0.48320946,0.48590142,0.52060384,0.4164865,0.5275852,0.469193
2020-08-06,0.48297322,0.4856712,0.52023834,0.41620052,0.5273343,0.46899098
2020-04-05,0.48240343,0.48467126,0.5193221,0.41557172,0.52638453,0.4682828
2024-12-28,0.483203,0.4859321,0.5205891,0.41651815,0.5277468,0.46930283
2024-12-23,0.48317432,0.48591605,0.5205453,0.41651255,0.5277333,0.46930563
2020-09-01,0.48257166,0.48531115,0.51998353,0.41594353,0.5269785,0.46855783
2022-04-03,0.48320907,0.4855358,0.5203094,0.41621548,0.5274481,0.4691378
2022-01-15,0.48334083,0.48602822,0.5206761,0.4165967,0.5277402,0.46937552
2019-11-14,0.48321837,0.4859199,0.5206022,0.41649693,0.527627,0.46922597
2024-02-23,0.48258683,0.48434258,0.5185649,0.41484517,0.5258211,0.46731937
2024-11-17,0.4828506,0.48559022,0.5203176,0.41634652,0.5274168,0.46906373
2021-05-25,0.4828183,0.4858563,0.5203931,0.41624182,0.5274199,0.46942702
2023-01-15,0.48270178,0.4854028,0.5200057,0.41600445,0.5270483,0.46885806
2020-04-01,0.48300418,0.48535198,0.52009827,0.41615948,0.5272684,0.46894783
2022-09-08,0.4813087,0.48424673,0.51899695,0.41507757,0.5256892,0.4672071
2019-04-16,0.48266518,0.48538285,0.51983064,0.41598088,0.52670187,0.46851662
2021-10-21,0.4823853,0.4851493,0.5195882,0.41588986,0.5267789,0.4683721
2023-12-22,0.48330143,0.4860103,0.5206141,0.41653067,0.5276897,0.4693436
2019-04-15,0.48283416,0.48545456,0.52002746,0.41609746,0.5269626,0.46874028
2024-12-05,0.4830845,0.48582038,0.520521,0.41652137,0.5276725,0.46923926
2021-11-01,0.481889,0.48465273,0.5187342,0.4154432,0.52628195,0.46772438
2024-06-13,0.4826152,0.48508382,0.5198586,0.4155079,0.5264548,0.4688303
2023-03-23,0.48194802,0.48447627,0.51905584,0.41524008,0.5258691,0.46790048
2021-10-13,0.48098052,0.48488516,0.5188127,0.41492397,0.52586657,0.46834198
2020-11-15,0.48322466,0.48586956,0.5205547,0.41648766,0.5276101,0.46919838
2024-01-25,0.48313478,0.48585764,0.5205397,0.41642076,0.52762926,0.46918714
2023-10-11,0.48057997,0.48333701,0.51852393,0.4144041,0.52509105,0.46700484
2023-07-03,0.48052812,0.4832307,0.517567,0.4138936,0.52444756,0.46652445
2021-04-04,0.48240694,0.48485583,0.51957005,0.4156636,0.5266595,0.46843633
2022-06-01,0.48320216,0.48583364,0.520246,0.4162924,0.52734894,0.46902072
2020-08-24,0.48298383,0.48557842,0.52038187,0.41618198,0.52726984,0.4689433
2024-01-22,0.48320684,0.4859187,0.5205779,0.41645446,0.52767414,0.4692517
2023-03-06,0.48259905,0.48526764,0.5199532,0.41587096,0.5268476,0.46867535
2021-09-08,0.48270336,0.48522198,0.5201168,0.4156752,0.5268065,0.46868098
2020-06-24,0.48098117,0.48368108,0.5174562,0.4148721,0.5254242,0.46674353
2023-07-27,0.4827069,0.48539028,0.51999676,0.41599792,0.5269869,0.46869805
2023-05-18,0.48326796,0.48583412,0.5204074,0.41647947,0.5275384,0.46925622
2021-07-16,0.48215246,0.4849626,0.51928824,0.41564944,0.52639425,0.46815294
2023-04-21,0.48288995,0.48561877,0.5200658,0.41620997,0.52690166,0.4687906
2021-01-16,0.4831612,0.48587036,0.52056795,0.4164339,0.5276565,0.46923143
2020-12-25,0.48326775,0.4859838,0.5206341,0.4165286,0.5277183,0.46932054
2023-01-13,0.48269096,0.4853813,0.52000606,0.41599223,0.52703476,0.46884644
2024-12-29,0.48322845,0.4859504,0.52059925,0.41653082,0.527755,0.46931145
2024-03-25,0.48296246,0.4855412,0.52027667,0.41622356,0.5272448,0.46898526
2021-03-20,0.48271784,0.48512855,0.51989937,0.41592252,0.52708226,0.46869522
2020-08-30,0.4827287,0.48543304,0.520121,0.4160613,0.52709216,0.4687136
2022-08-19,0.48084554,0.48374072,0.5175439,0.41399315,0.5250511,0.46710324
2020-03-04,0.48210663,0.48495388,0.5198731,0.4156279,0.5270204,0.4684308
2020-05-29,0.48273236,0.48548198,0.51995957,0.41594577,0.5270374,0.46878293
2020-03-25,0.483279,0.48571563,0.52047974,0.41645584,0.5276236,0.46922922
2020-06-02,0.481827,0.484498,0.5189614,0.41515043,0.5260587,0.46787116
2024-11-03,0.4826187,0.4853394,0.5200781,0.41616815,0.52712095,0.4688649
2020-08-20,0.48279226,0.4855023,0.5201672,0.41612124,0.52721304,0.46880054
2023-10-26,0.48226693,0.48502117,0.5196409,0.41558278,0.5265554,0.46833652
2024-06-25,0.4821892,0.48513213,0.5194573,0.4156557,0.5264879,0.4684352
2021-09-25,0.48252675,0.4851482,0.5197543,0.41573378,0.52674097,0.46838778
2020-11-23,0.48328397,0.48591292,0.52052104,0.41648757,0.5276117,0.46923685
2019-08-21,0.4816962,0.48452395,0.51891184,0.41510516,0.52599835,0.46772048
2021-02-22,0.48324865,0.4858328,0.5205477,0.41642055,0.5276534,0.4692479
2021-01-28,0.48279724,0.4855691,0.52036875,0.41617647,0.52747035,0.46897686
2024-11-02,0.48252597,0.48525563,0.52002037,0.41616708,0.52708274,0.46883157
2021-12-12,0.48328936,0.48597687,0.52058876,0.41650587,0.5277136,0.46930936
2020-01-30,0.48322728,0.48593023,0.5205707,0.41651818,0.5276303,0.46926072
2024-11-16,0.48280635,0.4855507,0.520308,0.41634694,0.52743936,0.46904394
2023-08-02,0.48264712,0.48532996,0.5199155,0.41593617,0.5269115,0.4686492
2019-10-13,0.48261616,0.48533592,0.51992095,0.41587433,0.5269303,0.4685974
2023-11-21,0.48303968,0.48576108,0.5203804,0.41632485,0.52747554,0.46909955
2023-03-20,0.48121995,0.48384017,0.51837146,0.414684,0.5250757,0.4672005
2022-07-15,0.48189896,0.48457065,0.5196087,0.41554803,0.5265945,0.468
2024-05-28,0.48299983,0.48560473,0.5200203,0.41598782,0.5272944,0.4689236
2022-03-20,0.48319393,0.48564938,0.5204361,0.416231,0.52768505,0.4691861
2021-11-17,0.4831532,0.48583782,0.52045125,0.4163967,0.52752066,0.46919385
2023-12-15,0.4833241,0.48601657,0.52059346,0.41647947,0.527648,0.46932983
2022-06-02,0.48304033,0.48573327,0.5201474,0.4161896,0.5271702,0.46892464
2023-11-15,0.48281026,0.48560485,0.5201999,0.41615757,0.5272284,0.46898317
2021-12-09,0.4832378,0.48594257,0.5205471,0.4164584,0.52768797,0.4692893
2019-05-12,0.48306626,0.48576158,0.5204408,0.41638175,0.5274076,0.46909308
2020-02-06,0.48312724,0.48587164,0.5204881,0.41646475,0.52756435,0.4691975
2019-12-05,0.48328078,0.48598087,0.52062565,0.4165013,0.5277318,0.46929255
2023-04-05,0.48256424,0.4851988,0.51980627,0.41591698,0.5266412,0.46853995
2024-10-24,0.4822215,0.48509365,0.5196093,0.41600895,0.52681583,0.46881658
2023-06-04,0.48190615,0.4844906,0.5191178,0.41519088,0.5261008,0.46793056
2021-04-25,0.48323044,0.48589468,0.5205061,0.4164961,0.52748764,0.46918494
2019-12-31,0.4833523,0.48604184,0.5206817,0.4166031,0.5277584,0.4693685
2024-01-09,0.4832961,0.48599133,0.5206371,0.4165313,0.52773714,0.46932516
2024-05-17,0.47961065,0.48231512,0.51656395,0.41305318,0.5237211,0.4656781
2021-07-21,0.48233655,0.48522216,0.51964796,0.4158092,0.5268413,0.46847913
2024-05-24,0.48259437,0.48513696,0.5194103,0.41544265,0.5267387,0.4683428
2021-12-10,0.48328936,0.48598036,0.5205804,0.4164899,0.5277168,0.4693144
2019-04-19,0.48301774,0.4858259,0.52020586,0.41628733,0.52716917,0.46878114
2024-06-03,0.48306394,0.48568127,0.5202098,0.41616002,0.52740926,0.4690161
2024-11-29,0.48304817,0.4857929,0.52047634,0.4164803,0.5275965,0.4692184
2023-01-11,0.48269713,0.48538017,0.5200269,0.41598496,0.5270714,0.46882978
2020-11-21,0.4832907,0.48589838,0.52049994,0.41644004,0.52758104,0.4692141
2024-03-23,0.48303288,0.48564404,0.5203663,0.41630867,0.5273683,0.4690485
2024-10-08,0.48279235,0.48546937,0.5201279,0.41615477,0.5271888,0.46887097
2023-02-26,0.48292488,0.48561546,0.52026725,0.41621843,0.52716345,0.46906707
2024-01-01,0.48331463,0.48599893,0.52062947,0.41653886,0.52772814,0.46934494
2020-11-09,0.4832693,0.48590097,0.52057326,0.4164911,0.5276134,0.46923026
2021-04-05,0.4822275,0.4848153,0.519452,0.41558397,0.5264283,0.4682787
2019-06-12,0.48261327,0.48532844,0.51993567,0.4158997,0.52698,0.46868268
2020-06-20,0.48181155,0.4844649,0.5182783,0.41529724,0.5259945,0.46738264
2022-12-16,0.4828596,0.48552468,0.520143,0.41605908,0.5272262,0.46892402
2024-06-27,0.4821392,0.4849246,0.51930904,0.41556895,0.5264234,0.46813983
2021-05-08,0.48305976,0.4858,0.52035236,0.41639727,0.52733403,0.46905327
2019-04-18,0.4828395,0.4855429,0.5200533,0.41613355,0.52696586,0.46870592
2024-06-24,0.4823636,0.48534608,0.51971775,0.41578794,0.52669746,0.46867654
2021-03-05,0.48304558,0.48546118,0.52025014,0.41619325,0.527393,0.46899408
2022-07-10,0.4818683,0.4845391,0.5195156,0.41545823,0.52649397,0.46794748
2023-09-21,0.48027158,0.48301053,0.51807827,0.41409412,0.5246644,0.46659204
2024-04-26,0.48308995,0.48582748,0.5204343,0.41639242,0.52747166,0.46911004
2022-07-05,0.48213637,0.484817,0.519812,0.41568488,0.5267122,0.4681864
2024-01-12,0.48329726,0.48599157,0.5206419,0.41653085,0.5277351,0.46931687
2021-11-08,0.4825685,0.48526528,0.5196529,0.41595438,0.5268859,0.46856612
2019-09-11,0.48167887,0.48507053,0.5193044,0.41511315,0.5261207,0.46827286
2023-09-15,0.48017097,0.48264524,0.5175782,0.41369852,0.52416986,0.46621764
2020-07-31,0.48297793,0.4856554,0.52026296,0.41621795,0.5273415,0.46903142
2022-08-03,0.48292756,0.48561496,0.52024597,0.416229,0.5272591,0.468927
2023-11-20,0.48308006,0.48576424,0.52039933,0.41634023,0.52746487,0.469108
2021-01-31,0.48256773,0.48535618,0.5202103,0.41601697,0.52732015,0.46880615
2021-04-27,0.48321345,0.48589367,0.5204983,0.41648808,0.52748007,0.46918058
2022-12-22,0.482935,0.48561126,0.5202531,0.41618952,0.52734166,0.46900997
2020-09-25,0.4827962,0.48544437,0.5202261,0.41608334,0.52707976,0.46878627
2021-05-23,0.4830325,0.4858771,0.52047616,0.41639355,0.5275215,0.46931303
2024-07-14,0.48160243,0.48455912,0.5192736,0.41552183,0.526031,0.46789235
2020-11-30,0.48333746,0.48600948,0.52063125,0.41655684,0.52771777,0.46933433
2019-10-30,0.48312047,0.48578236,0.520498,0.41635248,0.52747697,0.46909335
2023-07-14,0.4826383,0.48537332,0.51994914,0.41595024,0.52700263,0.46872342
2022-07-04,0.48200923,0.48466933,0.5197214,0.41558737,0.5265596,0.46807343
2024-07-08,0.48148468,0.4841718,0.5192289,0.4153278,0.52597106,0.46762434
2020-04-02,0.4828149,0.4850555,0.5198186,0.41594917,0.5270325,0.46871808
2020-05-17,0.48310155,0.48584226,0.5203777,0.41633222,0.52743053,0.4691444
2019-08-14,0.4826192,0.48532182,0.51989317,0.415928,0.52695507,0.46865156
2024-01-17,0.48326117,0.48596278,0.5206232,0.41650736,0.5277154,0.46929985
2024-12-22,0.4831219,0.48587322,0.5205071,0.41651186,0.5277257,0.46928552
2019-05-19,0.4830104,0.48572496,0.52039635,0.4163467,0.52737737,0.4690309
2021-05-31,0.4805007,0.4856459,0.51938385,0.41477087,0.5261881,0.46989858
2020-11-07,0.48326796,0.4859244,0.52061033,0.41651845,0.5276264,0.4692816
2019-10-24,0.48308486,0.48572046,0.52042466,0.41624346,0.5274614,0.46901703
2021-07-13,0.48280385,0.48561805,0.5200809,0.41599387,0.52704364,0.46883982
2024-02-24,0.48277268,0.4846675,0.5189936,0.41511026,0.52622736,0.46770734
2022-04-17,0.48298106,0.4856975,0.5202424,0.41629532,0.52717817,0.46896985
2023-05-28,0.48320672,0.48573178,0.5203026,0.41637662,0.5274386,0.46921253
2024-10-03,0.48270845,0.4853852,0.5200768,0.41608736,0.5270545,0.4686393
2021-01-25,0.4829123,0.48567456,0.52042246,0.4162553,0.5275265,0.46905112
2024-09-19,0.4824748,0.48502812,0.5197948,0.41577417,0.52669686,0.46830344
2024-07-13,0.48180485,0.48470706,0.51933753,0.41553706,0.5261821,0.4680117
2023-07-29,0.4826381,0.4853454,0.5199366,0.4159786,0.5269518,0.4686438
2020-08-04,0.48305863,0.48576787,0.5203694,0.41629732,0.52742696,0.46909142
2020-02-29,0.4823534,0.48516548,0.520049,0.41582474,0.5271963,0.46864223
2020-03-06,0.48218843,0.48502925,0.51994985,0.41571352,0.5271007,0.46852174
2024-08-05,0.48290253,0.48557982,0.5202663,0.41610265,0.52718663,0.468941
2024-03-12,0.48252055,0.4851309,0.51994735,0.41578835,0.5269249,0.46855858
2021-07-23,0.48140615,0.48443007,0.5186274,0.41499016,0.52596384,0.46769378
2023-06-19,0.48268774,0.48547265,0.5198524,0.41584858,0.52685297,0.4686227
2023-04-06,0.4823611,0.48504362,0.5195969,0.4157547,0.52644336,0.46833393
2022-09-17,0.4805672,0.48359683,0.5185379,0.4146787,0.5249851,0.4664294
2019-09-12,0.48150384,0.48500288,0.51919645,0.41489953,0.5259991,0.46814156
2020-04-03,0.48291153,0.4851271,0.5199138,0.41602388,0.5270948,0.46881008
2021-04-28,0.48317,0.48584732,0.52044106,0.41645598,0.5274061,0.4691334
2020-02-01,0.4830646,0.48580238,0.5204089,0.4164264,0.5274569,0.4691302
2022-06-18,0.48249888,0.48535264,0.5196003,0.41569504,0.52673024,0.46858177
2024-03-19,0.48278964,0.48539993,0.5200786,0.41603723,0.5269744,0.46874732
2023-11-09,0.48243275,0.4854476,0.5199665,0.4158773,0.5269354,0.4688785
2021-08-17,0.48310122,0.48578966,0.5204002,0.4163538,0.5273794,0.46908805
2023-02-25,0.48278436,0.48543313,0.5201577,0.41605932,0.5269416,0.46888125
2021-02-24,0.48326835,0.485848,0.52055126,0.41642398,0.5276385,0.46924633
2019-09-10,0.4819015,0.48513135,0.5194313,0.41533503,0.5263091,0.46834973
2021-04-06,0.48278204,0.48525786,0.52000695,0.4159884,0.5270729,0.46882632
2020-12-07,0.48332822,0.48602924,0.52064997,0.4165675,0.5277492,0.46935597
2019-10-22,0.48304278,0.48566625,0.520352,0.4162243,0.5273795,0.46896723
2022-11-20,0.48298478,0.48568165,0.5203311,0.41622946,0.5273426,0.46907568
2020-12-27,0.4832477,0.4859683,0.52061874,0.41651478,0.52769446,0.4693104
2024-10-21,0.48235962,0.48523787,0.5195639,0.41602787,0.52675736,0.46898493
2024-04-28,0.48313767,0.4858888,0.5204605,0.4164354,0.52749985,0.46914735
2019-12-01,0.4832747,0.48596486,0.5206271,0.41650748,0.52772343,0.46928498
2023-09-27,0.48029876,0.48296693,0.51829237,0.41414648,0.5247616,0.46670192
2022-11-13,0.48310542,0.48579493,0.5204302,0.41634953,0.5274778,0.46915638
2024-02-10,0.48262736,0.48521233,0.5198409,0.4158294,0.52694154,0.46853933
2021-10-28,0.48123187,0.48392883,0.5178493,0.41517717,0.52571917,0.46691173
2019-11-22,0.48322397,0.48589215,0.5205886,0.4164817,0.5276219,0.4692417
2021-05-05,0.48315918,0.48585865,0.52044076,0.41644165,0.5274354,0.46914378
2020-07-01,0.48290476,0.48568138,0.5201199,0.4161304,0.52726674,0.46899605
2021-04-20,0.4831004,0.485646,0.5203334,0.4163533,0.5273128,0.46908063
2022-11-18,0.48307696,0.4857693,0.52039564,0.41630736,0.52740484,0.4691422
2024-08-31,0.481685,0.48443314,0.5190822,0.41513196,0.5259749,0.46773487
2020-10-15,0.48291343,0.4856759,0.52036434,0.41607535,0.52721864,0.46895212
2020-09-04,0.48140693,0.48419642,0.5187156,0.4148488,0.5257648,0.46741265
2021-04-15,0.48300052,0.48554257,0.5202637,0.4162704,0.5273116,0.4690186
2024-03-11,0.4825241,0.48510733,0.5199572,0.41576082,0.52695596,0.46859545
2022-08-04,0.48290664,0.48559693,0.520251,0.41621265,0.5272473,0.4689185
2021-09-19,0.4826289,0.48523957,0.51995856,0.41573316,0.5267619,0.46855393
2021-07-17,0.48186263,0.48466852,0.51903236,0.41536555,0.52615666,0.46789303
2019-06-08,0.4825425,0.48525107,0.51984674,0.41580358,0.5269471,0.4685879
2024-06-23,0.48256105,0.48555297,0.5199244,0.4159361,0.5269564,0.46890116
2024-11-09,0.48261842,0.48537,0.52012545,0.41622695,0.5272308,0.46889287
2020-08-22,0.48287067,0.48551378,0.520254,0.41617614,0.5272481,0.468862
2023-06-22,0.48270506,0.48539162,0.5197319,0.415783,0.526765,0.46861497
2023-05-13,0.4833043,0.48579586,0.520525,0.41645116,0.52750087,0.4692012
2024-01-28,0.48311067,0.48580238,0.520489,0.41637602,0.5275658,0.46915245
2020-04-24,0.48314905,0.4858209,0.5204166,0.41645914,0.5273731,0.46916983
2023-01-04,0.48265803,0.48533073,0.5199752,0.41591707,0.5270633,0.4687561
2021-01-05,0.48325878,0.48595795,0.5206341,0.416504,0.52771115,0.469301
2019-04-13,0.48290187,0.48546904,0.5200999,0.41614452,0.5270591,0.4688565
2019-10-11,0.48262274,0.48540893,0.51992315,0.41596103,0.5269389,0.46866518
2021-08-23,0.48311305,0.4856559,0.52055645,0.4162596,0.52740693,0.4690954
2023-02-19,0.48266035,0.48538557,0.5200046,0.41602033,0.52678955,0.46885356
2022-08-24,0.47838303,0.48133335,0.5134383,0.41094822,0.5223471,0.46498755
2024-10-29,0.48234618,0.48510385,0.5198649,0.41604307,0.526918,0.46865848
2023-10-28,0.48233244,0.4850917,0.5197276,0.4156821,0.5266135,0.468413
2023-09-16,0.48009655,0.48257172,0.5175504,0.41368416,0.52411467,0.46615747
2022-03-30,0.4830796,0.4850959,0.52001226,0.41598696,0.52724683,0.46894217
2022-01-05,0.48336872,0.48605752,0.52070606,0.41662407,0.52778006,0.4694019
2021-06-12,0.48229823,0.4849962,0.5194093,0.41560483,0.52665687,0.4683516
2023-02-24,0.4819766,0.4846794,0.51932037,0.41539335,0.52608377,0.46800417
2024-01-02,0.48331323,0.48600176,0.520625,0.4165262,0.5277296,0.46934074
2022-11-14,0.48311412,0.4858088,0.5204264,0.41635478,0.52744734,0.46916598
2019-07-24,0.48109406,0.48380446,0.5180771,0.4143498,0.5252914,0.46721208
2020-04-29,0.48320106,0.48586512,0.5204737,0.41646853,0.52744484,0.46921706
2021-09-14,0.48254573,0.48516187,0.5199325,0.4155504,0.5266788,0.46865287
2024-09-29,0.4822335,0.48514673,0.5196113,0.4155118,0.5266153,0.46822977
2021-02-16,0.48278368,0.48547253,0.52029794,0.41610563,0.52745014,0.4689637
2024-05-14,0.48279992,0.48564202,0.51999587,0.41604158,0.5272297,0.46880698
2024-11-25,0.48301688,0.4857488,0.5204555,0.41647857,0.5275901,0.46918535
2023-10-25,0.4822681,0.48500884,0.5196951,0.4156503,0.526552,0.46834826
2023-05-12,0.48321465,0.48576286,0.5204721,0.4164291,0.5274549,0.46916503
2023-05-02,0.4831248,0.48577958,0.5204216,0.4164338,0.5273002,0.46905836
2021-07-03,0.48279414,0.48551747,0.52000064,0.415977,0.52709997,0.4689204
2024-01-23,0.48317778,0.48589477,0.52057004,0.41644815,0.52765185,0.46922445
2021-10-26,0.48115167,0.48383608,0.5177402,0.41520852,0.52563286,0.46686074
2023-04-04,0.48287973,0.48547128,0.52012444,0.4161335,0.52704465,0.46888408
2021-01-01,0.4832246,0.48593947,0.520591,0.41647723,0.52767473,0.4692737
2022-04-11,0.48275948,0.48543826,0.51998436,0.41606882,0.52683103,0.46874386
2021-10-12,0.48133913,0.48488447,0.5189727,0.41518268,0.52604604,0.46826804
2024-12-03,0.48307896,0.48580196,0.52051085,0.41650453,0.52765906,0.46923396
2019-11-04,0.48318145,0.48584604,0.52057225,0.41644913,0.52753156,0.46917123
2020-06-27,0.48280847,0.48556477,0.5199982,0.41604635,0.5271746,0.46890178
2023-06-06,0.4824707,0.48509902,0.51971656,0.4157279,0.52669215,0.4684877
2023-05-29,0.4832146,0.48575735,0.5203513,0.41642243,0.5275004,0.46922344
2024-11-27,0.48298654,0.48572728,0.5204488,0.41646814,0.52757543,0.46918845
2021-05-19,0.48314282,0.48585543,0.52049845,0.4164563,0.5275381,0.46922535
2024-07-05,0.4815293,0.48419228,0.51915294,0.41525552,0.52592415,0.46761233
2022-02-07,0.4831987,0.48591268,0.52057314,0.41648197,0.5276483,0.4692559
2019-10-25,0.4830552,0.4857027,0.5203839,0.4162296,0.52741396,0.46900806
2022-01-23,0.4832956,0.48599,0.520635,0.41655838,0.527696,0.4693293
2023-09-03,0.47902077,0.48173276,0.5164341,0.41266024,0.52305484,0.46517766
2020-05-01,0.483176,0.48586214,0.5204535,0.416453,0.5274233,0.46923336
2020-10-29,0.48316932,0.48580873,0.5205165,0.4164013,0.5274744,0.46915984
2023-02-23,0.4821486,0.4848769,0.51952434,0.41553333,0.5262877,0.46823323
2024-07-16,0.4820042,0.4848403,0.5196803,0.41558993,0.5264728,0.46817747
2021-06-13,0.48188877,0.48454872,0.51891935,0.41516837,0.52616364,0.46793324
2023-12-24,0.48332143,0.4860157,0.5206342,0.41654205,0.5277053,0.46935236
2021-02-14,0.4824907,0.4852934,0.52017874,0.4159405,0.5273326,0.4687541
2021-07-22,0.48169547,0.48466057,0.51892215,0.41528076,0.5262849,0.46794903
2020-10-11,0.48288074,0.4855891,0.5202748,0.4160505,0.52714103,0.46888867
2024-04-12,0.48312935,0.48583478,0.52042514,0.4164134,0.5273949,0.46914274
2023-12-31,0.4832927,0.48599532,0.5206124,0.4165202,0.52769405,0.46932173
2024-06-01,0.4829805,0.48554993,0.5200734,0.41603842,0.5273139,0.46892497
2022-05-01,0.48285615,0.48562378,0.52016973,0.41616747,0.52716,0.4688561
2020-04-18,0.48310733,0.4858089,0.52039945,0.41641796,0.52738464,0.46911833
2024-12-09,0.48316887,0.48589975,0.5205618,0.41652048,0.5277147,0.4692956
2021-12-02,0.48319817,0.48587665,0.52052224,0.4164466,0.52760816,0.4692605
2024-10-28,0.48228619,0.4850709,0.5197694,0.41598314,0.52690125,0.46864286
2024-11-18,0.48297074,0.48568615,0.5204118,0.41642267,0.52750957,0.46914977
2023-03-01,0.4828219,0.485499,0.5201289,0.41611695,0.5270718,0.4689321
2023-11-19,0.48308313,0.48576388,0.5203647,0.41628924,0.527413,0.46907657
2022-01-03,0.48334706,0.48602846,0.5206741,0.4165967,0.5277409,0.46938008
2021-08-29,0.48295224,0.4857833,0.52007395,0.41573736,0.527166,0.468863
2022-12-19,0.48284125,0.4855104,0.52011824,0.41606015,0.5271982,0.4689383
2020-10-02,0.48291653,0.4855765,0.5203165,0.41621572,0.5272311,0.46886697
2021-09-05,0.48252815,0.4852601,0.5200911,0.41537806,0.5266782,0.46859255
2020-01-31,0.48308486,0.48581836,0.5204243,0.41643107,0.52746713,0.46914357
2023-12-12,0.48329827,0.4860041,0.52057725,0.41648757,0.5276702,0.4693176
2019-06-01,0.47883484,0.48546287,0.51859945,0.41372186,0.52523935,0.47001195
2019-11-23,0.48322856,0.48592445,0.52058226,0.4165043,0.52765995,0.4692632
2023-04-26,0.48306265,0.48578358,0.5201783,0.41638142,0.5270014,0.4688391
2023-10-22,0.48217806,0.4849023,0.5196674,0.41555908,0.5265112,0.4682876
2021-08-26,0.4829537,0.48568773,0.5201631,0.41599742,0.5272161,0.46889937
2020-07-28,0.4829885,0.4856854,0.5203266,0.41624686,0.5273709,0.46903786
2021-09-17,0.4828713,0.48545623,0.52014375,0.4157609,0.5269235,0.4687714
2023-08-31,0.4810285,0.48379397,0.51838094,0.41449952,0.52528,0.4671768
2021-09-29,0.48258027,0.485254,0.5198274,0.4158115,0.52679044,0.4685473
2021-11-06,0.48196143,0.4847265,0.5188193,0.41543418,0.526331,0.46781924
2023-06-23,0.48271257,0.48536965,0.51974463,0.41578737,0.5267628,0.46862495
2019-04-26,0.4831178,0.48577502,0.52043647,0.41639662,0.5273769,0.4691397
2021-04-03,0.48269892,0.48497143,0.5197938,0.415787,0.52706814,0.46874407
2021-07-30,0.48261315,0.4852985,0.51958716,0.4157791,0.52695805,0.46878418
2022-02-04,0.48313943,0.48585296,0.520499,0.41643423,0.52756804,0.46920088
2021-02-05,0.48253918,0.48521364,0.52009845,0.41594413,0.52719766,0.468749
2021-11-11,0.48302692,0.48570144,0.520246,0.4162709,0.527304,0.469083
2019-05-07,0.4831119,0.48581252,0.52048314,0.41642416,0.52744365,0.46913183
2022-09-23,0.47981766,0.4829805,0.51809406,0.41414014,0.52429044,0.46572486
2020-09-23,0.4828286,0.48546395,0.5201779,0.416122,0.52712035,0.4688523
2021-11-02,0.4820722,0.48484692,0.5189646,0.41550916,0.52639014,0.46791166
2024-08-26,0.4824201,0.48512328,0.51978576,0.4157468,0.526708,0.46845737
2019-09-09,0.48194277,0.48509517,0.5193895,0.41538554,0.52628034,0.4682923
2023-04-19,0.48291364,0.48563284,0.52012336,0.41622952,0.52696705,0.4688791
2020-05-25,0.4831307,0.48589724,0.5203851,0.416328,0.5275228,0.46916115
2024-11-22,0.48310155,0.48582014,0.52049243,0.41647154,0.5275742,0.46923804
2023-12-17,0.4833133,0.48600912,0.52060515,0.41651016,0.5276835,0.46933812
2021-06-10,0.482717,0.48542342,0.5198915,0.41597885,0.52711326,0.46875376
2023-10-01,0.48035386,0.48314622,0.5180854,0.41405693,0.5246943,0.46666345
2019-08-30,0.48105222,0.48390865,0.5185735,0.41455844,0.52527,0.46671087
2019-08-16,0.48243785,0.485135,0.51970047,0.41576576,0.526736,0.46841615
2024-10-05,0.48272112,0.48541668,0.5200832,0.41611794,0.5271458,0.46876007
2020-07-03,0.48236272,0.4851684,0.5194905,0.4155014,0.5267207,0.46852216
2020-12-18,0.48325396,0.4859779,0.52060485,0.41651824,0.52770317,0.46931764
2021-07-15,0.48257807,0.48541775,0.5198014,0.41581795,0.526832,0.46862715
2021-01-02,0.4832527,0.48595536,0.52063143,0.41650647,0.5277069,0.46929112
2024-03-30,0.48316655,0.4857979,0.5204613,0.416425,0.5274209,0.46918765
2020-05-31,0.48202577,0.4847562,0.51920533,0.41532466,0.526277,0.46809474
2020-03-14,0.48307198,0.4857738,0.5203949,0.41634834,0.5273759,0.46909335
2023-03-15,0.48267514,0.4852711,0.5199985,0.4159223,0.52695066,0.46876094
2022-12-20,0.48275003,0.48540956,0.52005845,0.4160052,0.5271507,0.4688458
2022-08-31,0.4809232,0.4838669,0.51820356,0.41441187,0.5252914,0.4669957
2023-03-13,0.48258317,0.48520017,0.51989335,0.41584665,0.526789,0.46863136
2019-07-08,0.4826438,0.4853732,0.52010465,0.41601628,0.5270323,0.46872583
2021-11-03,0.4818164,0.48457888,0.5186142,0.41533414,0.5261581,0.4676064
2019-04-21,0.48307607,0.4857919,0.52035,0.4163635,0.527315,0.46899343
2021-02-11,0.48239967,0.4852261,0.52013695,0.41589674,0.5273011,0.46871534
2020-03-31,0.48316297,0.4855786,0.52030945,0.41631496,0.52747804,0.46913034
2019-11-25,0.48321587,0.4859168,0.5205598,0.41648236,0.52761453,0.46924183
2023-04-25,0.48313436,0.48585403,0.52033645,0.41641232,0.52722496,0.46901724
2019-07-07,0.48263824,0.48536816,0.5200992,0.41601455,0.52701855,0.46871835
2023-04-29,0.48312262,0.4858214,0.5203581,0.41642416,0.5272893,0.46903875
2020-12-05,0.4833245,0.4860111,0.52064633,0.4165617,0.5277382,0.46934485
2023-04-12,0.4824759,0.48517355,0.5195995,0.4157778,0.52632713,0.4684449
2021-09-12,0.48260072,0.48519358,0.5200057,0.41557395,0.526733,0.4686779
2024-05-08,0.48309442,0.48597282,0.52032804,0.41616765,0.527661,0.4689671
2024-07-04,0.48207322,0.48485646,0.5195292,0.4155518,0.5264235,0.46814358
2021-05-17,0.48320752,0.4858834,0.5205468,0.4164871,0.5275707,0.4692514
2024-12-31,0.48321852,0.48595908,0.5205872,0.41649964,0.52776337,0.46930405
2023-07-24,0.48272184,0.48539814,0.5200332,0.41601187,0.5270251,0.4687186
2023-01-31,0.48276687,0.4854679,0.51998997,0.4160609,0.526979,0.46897194
2023-09-09,0.47879446,0.48142672,0.5159879,0.4124119,0.5226048,0.46486118
2022-06-09,0.48267758,0.48551702,0.51988953,0.415914,0.52684057,0.4686506
2023-07-02,0.48084906,0.48354363,0.5179127,0.41417968,0.5248494,0.46685663
2024-05-20,0.48021263,0.48286334,0.51701,0.41353434,0.52423966,0.46617052
2023-08-15,0.48171312,0.48444158,0.51885706,0.41504964,0.52585346,0.46772438
2022-09-04,0.4813914,0.4843163,0.5190068,0.41508418,0.5257977,0.4673668
2023-02-02,0.48277754,0.48544398,0.52000827,0.4160578,0.5270282,0.46894875
2022-05-18,0.48321286,0.48587158,0.52039474,0.41639307,0.5275843,0.46916765
2022-12-29,0.4826936,0.4853494,0.51999265,0.41593018,0.5270859,0.46876857
2021-02-18,0.4830262,0.48563823,0.5203964,0.41623786,0.5275195,0.46909484
2024-09-15,0.48254386,0.48518983,0.51993364,0.41590372,0.52687985,0.46846077
2023-06-20,0.48265803,0.48548186,0.51983607,0.4158003,0.52686244,0.46861255
2022-07-30,0.48295352,0.48566148,0.5203535,0.41631714,0.52731466,0.4689978
2019-12-17,0.48333707,0.48601577,0.5206549,0.41655326,0.5277626,0.46933928
2023-06-30,0.4810913,0.4837327,0.5181464,0.4143686,0.52506083,0.46708336
2019-12-06,0.48328757,0.4859995,0.52061737,0.4165052,0.5277401,0.46929738
2022-09-27,0.4799533,0.48308796,0.51828337,0.4142535,0.5244689,0.46575546
2021-01-24,0.4829164,0.48567253,0.52040005,0.41625628,0.5275078,0.46905312
2022-03-27,0.48290643,0.4849808,0.51988363,0.41588545,0.5271537,0.4687955
2024-03-27,0.48300225,0.48559415,0.52027434,0.41625264,0.5272584,0.4689947
2019-11-24,0.4832117,0.48590553,0.52055615,0.41647667,0.5276073,0.46922714
2019-06-21,0.48197582,0.48462832,0.5190252,0.41518143,0.5262562,0.46805003
2023-07-25,0.48279935,0.48549837,0.5201416,0.41610736,0.52711993,0.46884015
2019-03-26,0.48276758,0.4853467,0.5200719,0.41603315,0.52716887,0.46878535
2020-07-12,0.48143333,0.48415628,0.5184845,0.4146846,0.52565986,0.4675128
2022-02-23,0.48268628,0.4854795,0.52028024,0.4161113,0.52742016,0.46893576
2020-09-11,0.48224205,0.48484153,0.51949996,0.41568923,0.52649844,0.46805453
2019-06-03,0.47940665,0.48557854,0.5189146,0.41406944,0.5256386,0.46998152
2019-10-27,0.48302448,0.48570347,0.5203969,0.4161916,0.52737105,0.4689958
2023-09-28,0.48020273,0.4828656,0.51820815,0.41409284,0.5246713,0.4665997
2022-02-03,0.4832368,0.48592642,0.5205872,0.41651013,0.527662,0.46928865
2020-05-18,0.48311502,0.4858707,0.5204144,0.4163597,0.52745485,0.46917158
2024-01-10,0.48328245,0.48597574,0.52062654,0.41652563,0.5277211,0.4693109
2024-10-16,0.482721,0.48546758,0.520051,0.4161859,0.52714735,0.46896902
2021-01-03,0.48326775,0.48595604,0.5206307,0.4165124,0.52771264,0.46930546
2020-02-02,0.48319402,0.48590282,0.52053934,0.4164998,0.52761096,0.46924204
2020-03-18,0.48320952,0.48580486,0.52048105,0.41642815,0.5274433,0.46918193
2020-12-28,0.4832546,0.48597434,0.5206248,0.41652283,0.52769995,0.46930805
2020-12-26,0.4832554,0.48596808,0.5206253,0.41652432,0.52770185,0.4693189
2020-02-27,0.48263052,0.48542184,0.5202654,0.41606873,0.5273974,0.46887174
2022-03-02,0.48263347,0.48544163,0.5202074,0.41602433,0.52731407,0.46890604
2023-07-04,0.4805041,0.48322532,0.517512,0.41385564,0.52443004,0.4665068
2020-04-20,0.48302844,0.48570302,0.52028114,0.41633177,0.52720445,0.4690393
2024-02-03,0.4828455,0.4855176,0.52013963,0.4160878,0.52716684,0.46883345
2021-10-20,0.4822059,0.4850081,0.51946014,0.4157989,0.5266835,0.4682501
2023-12-18,0.48332003,0.48601538,0.5205995,0.4165091,0.5276785,0.46934867
2022-09-06,0.4814605,0.48434705,0.5190233,0.41516665,0.525795,0.4673942
2020-11-01,0.4832198,0.4858219,0.52058023,0.41645664,0.52756184,0.46917212
2023-03-16,0.48253274,0.48511216,0.51987743,0.41570452,0.52670085,0.4686282
2021-09-26,0.48266923,0.48523822,0.519883,0.41584516,0.52687395,0.4684942
2021-03-01,0.4831907,0.48567975,0.52045107,0.4163457,0.527593,0.4691738
2022-09-20,0.48020318,0.4832886,0.5183086,0.41443127,0.52464926,0.46608338
2023-09-26,0.48028055,0.48293328,0.51827,0.41416112,0.5247367,0.46672016
2023-06-08,0.4825645,0.48525724,0.519816,0.41586,0.52678865,0.46857825
2020-07-19,0.48288128,0.4855208,0.520247,0.41609278,0.52718616,0.46892953
2024-09-18,0.4826938,0.48530322,0.52003485,0.41598627,0.52697796,0.4685604
2024-01-27,0.48310995,0.48582128,0.5204847,0.41636306,0.52755797,0.4691502
2024-07-18,0.48208672,0.48484468,0.51961464,0.41533092,0.5264468,0.46809235
2021-09-04,0.48255673,0.4854105,0.5200682,0.41530138,0.52672064,0.46862492
2023-12-30,0.48328617,0.4859843,0.52060944,0.41652787,0.5276716,0.46931565
2024-03-22,0.4828397,0.4854495,0.5200868,0.4160985,0.52702254,0.46878648
2022-05-24,0.48260382,0.48522535,0.51970714,0.41582033,0.52685523,0.46850696
2023-02-01,0.48281214,0.4854853,0.5200478,0.41607714,0.52706105,0.4689744
2024-07-24,0.4815106,0.4843302,0.5190312,0.41478842,0.5258196,0.4675865
2023-11-05,0.48260292,0.48540366,0.52004594,0.4159404,0.52698696,0.4687407
2019-12-15,0.48331743,0.48600638,0.52063304,0.4165383,0.52773285,0.46932405
2024-06-06,0.4829444,0.4855534,0.5200641,0.41602167,0.52724576,0.4689174
2023-12-03,0.48327678,0.48598036,0.5205485,0.41646022,0.5276442,0.46929213
2024-05-02,0.4830163,0.48584673,0.52032095,0.41631502,0.52740854,0.46900892
2022-11-12,0.4830922,0.48576033,0.52038366,0.41629586,0.5274288,0.46911696
2023-04-28,0.483117,0.48582566,0.52028453,0.41640592,0.5271611,0.46896917
2021-06-05,0.48264864,0.48531806,0.5198376,0.41585654,0.527017,0.4687165
2021-04-21,0.4831751,0.48583433,0.5204624,0.4164401,0.52740604,0.46918482
2020-03-16,0.48310098,0.48576018,0.52039224,0.416359,0.52730286,0.46907735
2024-06-18,0.48264208,0.48556244,0.5200176,0.4159768,0.52701074,0.4688923
2023-11-25,0.48319694,0.48590097,0.5205078,0.41641402,0.5275705,0.4692287
2019-04-07,0.48279086,0.48531857,0.51994604,0.416025,0.52695847,0.46873719
2021-04-02,0.4820843,0.48456562,0.5191889,0.41534132,0.5263675,0.46817353
2019-04-01,0.48249713,0.48495644,0.5196658,0.41567478,0.52669793,0.4684943
2024-09-25,0.48086902,0.48418456,0.5180138,0.41379207,0.5250872,0.46680433
2020-03-30,0.48330784,0.48571253,0.520503,0.41645244,0.5276919,0.46928373
2022-08-06,0.4828343,0.48551366,0.52010196,0.41611943,0.5271221,0.468824
2023-07-16,0.4826927,0.48543113,0.52001786,0.4160131,0.5270743,0.46878985
2024-12-07,0.48312318,0.48585016,0.52054185,0.41651636,0.52768695,0.46926567
2020-03-02,0.4821361,0.4849984,0.5199232,0.41567743,0.5270331,0.46848467
2023-07-31,0.48265946,0.48539674,0.5199879,0.41602013,0.5269821,0.46869913
2022-12-24,0.48268735,0.48536035,0.51999766,0.41593868,0.5270882,0.46878302
2022-02-09,0.48303983,0.48576513,0.52042353,0.41634834,0.5274799,0.46913067
2023-09-07,0.4790685,0.48162562,0.5163866,0.4125639,0.52289194,0.46510774
2024-07-15,0.4816527,0.4845787,0.51940686,0.41542748,0.52611995,0.46790612
2021-09-30,0.48236728,0.4850388,0.5195658,0.4156121,0.526495,0.46832588
2022-01-16,0.483342,0.48602778,0.5206762,0.41659844,0.527739,0.46937084
2021-03-11,0.4827068,0.48507407,0.5198751,0.4158986,0.5270593,0.4686635
2019-10-01,0.48213282,0.48508945,0.51949275,0.4155173,0.5264347,0.46824557
2020-07-26,0.4829196,0.48558152,0.52027255,0.41614527,0.5272769,0.4689363
2022-05-15,0.48311144,0.48586944,0.52035415,0.41622004,0.5275801,0.469061
2024-08-07,0.48302627,0.48564807,0.52023613,0.416167,0.5272201,0.46897215
2024-09-11,0.48257107,0.48525876,0.51994586,0.415913,0.5269278,0.4685055
2020-04-28,0.4831808,0.48585078,0.5204563,0.41645566,0.5274425,0.46916783
2021-06-25,0.48286384,0.48546243,0.520066,0.41606295,0.52702427,0.46878472
2020-10-28,0.48314238,0.4857666,0.52049476,0.41637123,0.52741843,0.46913296
2021-01-29,0.48273623,0.48550907,0.5203162,0.41613388,0.5274425,0.468933
2022-06-25,0.48274547,0.4853457,0.52009386,0.41604596,0.5270554,0.4687924
2022-08-13,0.48131382,0.4841458,0.51817006,0.41456538,0.52549005,0.46750247
2020-12-04,0.48332432,0.4860253,0.5206448,0.41656494,0.52773577,0.46935356
2023-05-03,0.48318803,0.48582566,0.520516,0.4164721,0.5274585,0.46915874
2024-11-30,0.48309565,0.48582533,0.5205091,0.41649982,0.52764744,0.46924004
2020-02-21,0.48291454,0.48565692,0.5203773,0.41625956,0.52748495,0.46904022
2023-09-11,0.47924036,0.4819596,0.5166094,0.41290864,0.523278,0.4654113
2024-08-23,0.48248547,0.48520207,0.5198689,0.41580483,0.5268262,0.46852267
2023-10-05,0.48042363,0.4831747,0.5180877,0.41410035,0.52475464,0.46668148
2022-04-04,0.4832045,0.48559517,0.5203181,0.41622853,0.52745336,0.46914032
2023-03-09,0.48280543,0.48547602,0.5201637,0.41607466,0.5271025,0.4688827
2021-10-02,0.48212054,0.48485145,0.51939166,0.41538143,0.52628845,0.46810865
2023-09-20,0.4800794,0.4827956,0.51780796,0.41391572,0.5243931,0.46644348
2019-07-03,0.48270047,0.48543903,0.520135,0.41607976,0.52706754,0.4687712
2019-10-17,0.48278758,0.4854769,0.5201028,0.41598406,0.5271317,0.4687257
2023-12-20,0.483326,0.4860159,0.52062047,0.41653952,0.52771914,0.46934736
2022-06-16,0.4824081,0.48523912,0.51958483,0.4156687,0.52660763,0.46844053
2024-04-02,0.48314077,0.48575336,0.5203952,0.4163886,0.52734107,0.46913296
2022-11-10,0.4830717,0.48576018,0.5203679,0.41629523,0.52737486,0.46912247
2023-08-10,0.48210043,0.48486495,0.5193379,0.41546685,0.5263589,0.46811157
2021-01-07,0.4832487,0.4859358,0.52063894,0.41650438,0.5277103,0.4692976
2024-08-25,0.4824517,0.48514494,0.51988894,0.41577387,0.52674705,0.46851933
2019-11-15,0.48320517,0.4858876,0.5205896,0.41648027,0.5275863,0.46921128
2021-11-16,0.48313364,0.48581392,0.52042735,0.41639322,0.5275024,0.4691866
2021-08-02,0.4823915,0.48506078,0.5190294,0.41577613,0.5265294,0.4691466
2023-03-25,0.48286596,0.4854276,0.5201055,0.4160309,0.5270442,0.46891496
2020-04-26,0.48313966,0.4857834,0.5203944,0.41642895,0.52734005,0.46911672
2020-05-20,0.48308653,0.48581862,0.5203264,0.41630924,0.5274389,0.46912515
2019-08-20,0.48203403,0.4848179,0.51933485,0.41543713,0.52636975,0.4680286
2019-10-08,0.4825019,0.4853043,0.51981455,0.41587988,0.5267956,0.46857062
2023-10-17,0.48146716,0.48417407,0.51914495,0.41501433,0.5258349,0.46768743
2020-12-13,0.48331833,0.48603418,0.5206613,0.41657,0.5277578,0.46936208
2023-11-27,0.48320293,0.48588088,0.52050054,0.41643456,0.5275541,0.46920928
2021-04-29,0.48315662,0.48584768,0.5204271,0.41643035,0.5273873,0.46914902
2021-06-09,0.48277035,0.4854591,0.5199084,0.41595954,0.5271898,0.46880078
2021-11-28,0.48318514,0.485861,0.52048296,0.4163838,0.52755994,0.46922776
2020-06-29,0.4826768,0.48543388,0.51981676,0.41587764,0.52701485,0.46884328
2022-08-16,0.48078623,0.4836682,0.51743716,0.41399238,0.5248793,0.46701878
2024-07-11,0.48198318,0.48479894,0.5195665,0.41563383,0.52638805,0.4681034
2022-08-29,0.47767994,0.48066518,0.5124878,0.41007254,0.5215744,0.46429083
2020-10-22,0.4828844,0.48561665,0.52030194,0.41600138,0.5271441,0.46891275
2022-03-22,0.4829489,0.48530772,0.52011085,0.4160316,0.5272977,0.4688928
2021-02-17,0.48291394,0.4855457,0.5203485,0.4161648,0.52748865,0.4690289
2022-07-23,0.4822202,0.48489738,0.51980656,0.4157197,0.5266543,0.468219
2024-03-13,0.48264137,0.48523545,0.520067,0.4159161,0.52702844,0.4687121
2023-03-30,0.4824737,0.4850777,0.5196473,0.4157831,0.52642405,0.46844527
2024-07-02,0.4823443,0.4850905,0.51966804,0.41567618,0.52663136,0.46833402
2021-06-26,0.48290652,0.48552138,0.5201838,0.41615906,0.5271589,0.46891132
2020-10-13,0.4829469,0.48566866,0.52033734,0.41613024,0.5272288,0.4689691
2019-04-14,0.48295423,0.48548445,0.5201373,0.41617104,0.5271284,0.4688828
2024-10-01,0.48263726,0.48533085,0.52002585,0.41606027,0.5270125,0.46849525
2019-06-17,0.48230436,0.48505527,0.5195977,0.41563866,0.5266619,0.46832097
2019-09-17,0.4804244,0.4843528,0.5182174,0.41383895,0.52484745,0.46728355
2019-03-27,0.4825965,0.4852031,0.5198888,0.41586912,0.526929,0.4686035
2024-08-10,0.4828973,0.485571,0.5202101,0.41609547,0.5271837,0.46892768
2020-09-09,0.4819253,0.48458296,0.51922286,0.415286,0.526199,0.46782732
2024-06-21,0.48260394,0.48548883,0.5198778,0.41589686,0.52688104,0.4688179
2020-04-16,0.483074,0.4858095,0.5203034,0.41636354,0.5272861,0.46898955
2023-03-04,0.48214033,0.4848464,0.51952296,0.41549674,0.5262942,0.46825957
2022-01-25,0.48325762,0.48595676,0.52060455,0.41653362,0.5276695,0.4692914
2023-01-07,0.48313427,0.4858269,0.52045846,0.41639438,0.5275272,0.46917695
2020-11-29,0.48332635,0.48598847,0.52061045,0.41654244,0.5276954,0.4693122
2024-08-13,0.48282948,0.48556066,0.5201734,0.41609707,0.5271603,0.46888402
2021-06-03,0.48253697,0.4853031,0.5197519,0.41580078,0.52692705,0.46869826
2021-01-19,0.4831169,0.48583972,0.5205538,0.41642067,0.52762944,0.4691988
2022-12-27,0.48268008,0.4853414,0.5199762,0.4159131,0.5270746,0.46876594
2020-07-02,0.48253652,0.48528898,0.5197609,0.415775,0.5269239,0.46870184
2024-11-23,0.48311624,0.4858387,0.5205002,0.4164921,0.5275956,0.46923733
2022-03-18,0.4832468,0.48563126,0.5204538,0.41628218,0.52772015,0.46922535
2022-09-10,0.48125613,0.48419204,0.5190018,0.41508234,0.5256647,0.46715483
2024-06-07,0.4829363,0.48556578,0.5200795,0.41602945,0.527183,0.46888396
2020-08-17,0.48289508,0.4855927,0.520286,0.41624033,0.52729833,0.4689191
2022-12-01,0.48287272,0.4855493,0.52015823,0.41606414,0.527219,0.46894875
2023-10-19,0.48183486,0.4845552,0.51935196,0.41527948,0.526152,0.4679741
2022-04-19,0.482722,0.4855304,0.5199413,0.41606048,0.5269087,0.46859732
2024-07-26,0.4811593,0.48405817,0.5185062,0.41446224,0.525449,0.46725246
2024-06-08,0.4829821,0.48556098,0.5199839,0.41596657,0.52701426,0.46878335
2020-12-02,0.48331365,0.4860112,0.5206427,0.4165671,0.52773434,0.46935016
2021-06-23,0.48289496,0.48547545,0.5199852,0.41604537,0.5270916,0.4687712
2024-12-04,0.4831504,0.48586944,0.52054805,0.4165124,0.5277016,0.46928483
2022-07-25,0.4825243,0.4852315,0.52002215,0.41596004,0.52689403,0.46855146
2021-11-25,0.48316842,0.48583964,0.52048326,0.4164053,0.5275613,0.46921748
2022-12-30,0.483042,0.48572427,0.52036464,0.41629496,0.52742916,0.46908587
2024-08-09,0.48290926,0.4855647,0.5202019,0.41608632,0.5271599,0.46891436
2024-01-20,0.48323557,0.48593846,0.5206147,0.41649622,0.5276961,0.4692705
2024-11-14,0.48292348,0.48567393,0.5203464,0.41636544,0.5274397,0.46908623
2019-11-01,0.48316276,0.48582357,0.5205632,0.4164358,0.5275313,0.46915013
2024-05-27,0.4828792,0.48555997,0.51987857,0.4158383,0.52715814,0.46878722
2023-10-16,0.48135367,0.4840647,0.51912785,0.41497305,0.5257602,0.46764606
2021-11-18,0.4831414,0.48581284,0.52044624,0.4163834,0.5275139,0.46918827
2024-10-20,0.482402,0.48524788,0.51967126,0.4160281,0.52683276,0.46895483
2024-12-21,0.48314315,0.48589343,0.52051026,0.41651243,0.5277361,0.4693032
2020-05-23,0.48311836,0.48587486,0.52037364,0.4163209,0.52749145,0.46913674
2019-05-22,0.48295578,0.48569083,0.5203337,0.41632095,0.5273013,0.46898085
2022-07-21,0.48224804,0.4848885,0.519793,0.41572413,0.5267556,0.46827996
2022-03-04,0.4823231,0.48518634,0.52008057,0.41584423,0.52724874,0.46868166
2020-02-12,0.48307818,0.48582566,0.52046144,0.41642356,0.5275522,0.46917182
2019-09-03,0.48098978,0.48387253,0.5188264,0.4146785,0.5252051,0.46654284
2023-07-28,0.48259538,0.4852756,0.51988834,0.4159287,0.5268719,0.4685779
2024-06-17,0.4825976,0.4853984,0.51990044,0.4159569,0.5268845,0.46886414
2019-12-13,0.48332372,0.48601156,0.52065253,0.41654298,0.5277609,0.4693312
2020-02-17,0.48293713,0.48569942,0.5203584,0.4163106,0.5274421,0.469061
2021-10-29,0.48177564,0.4844793,0.5185492,0.41543505,0.52615774,0.4675405
2020-03-11,0.48277262,0.48550153,0.5202507,0.4161177,0.52729243,0.4689102
2021-05-27,0.48178864,0.48587683,0.52003455,0.4156284,0.5269558,0.4697282
2021-06-01,0.48127612,0.48557556,0.51957387,0.41520464,0.5264883,0.46949893
2024-07-12,0.4817685,0.4846132,0.5194553,0.41547453,0.52625054,0.46799117
2021-06-22,0.48217273,0.484752,0.5188747,0.41515702,0.5262347,0.46809894
2023-10-23,0.48214582,0.484879,0.5195864,0.41553518,0.5264459,0.4682263
2019-06-16,0.48239657,0.4851272,0.51974046,0.4157189,0.5267955,0.46841928
2021-01-26,0.48287272,0.48566005,0.52040696,0.41624144,0.52751607,0.4690407
2021-08-20,0.48320785,0.48584825,0.5205534,0.416422,0.5275415,0.46919647
2024-08-21,0.48265603,0.4854032,0.5200362,0.41596773,0.52699816,0.46871665
2024-01-31,0.48304802,0.48575646,0.5204222,0.41631293,0.5274733,0.46909505
2020-04-07,0.48215854,0.48465633,0.5191059,0.41542742,0.5260277,0.46804422
2022-02-26,0.48245865,0.48532385,0.5201797,0.41597003,0.5273361,0.46878985
2021-04-16,0.48305792,0.48560822,0.5203274,0.4163213,0.527377,0.46907535
2024-06-14,0.48243186,0.48481575,0.51967794,0.41535512,0.5262196,0.46872592
2022-08-22,0.47933188,0.4822391,0.51496315,0.411991,0.5233339,0.46576947
2022-12-09,0.4828706,0.48557162,0.52014756,0.4160818,0.527203,0.46898243
2022-02-18,0.48297438,0.4857157,0.52044594,0.41632035,0.5275554,0.4691226
2024-05-05,0.48289698,0.48593935,0.5201365,0.41624144,0.52733815,0.46883607
2021-12-26,0.48333102,0.48602226,0.520674,0.41659322,0.5277557,0.46938246
2020-11-24,0.48331207,0.48594797,0.5205314,0.4164837,0.5276356,0.46925563
2020-09-12,0.48194027,0.4845758,0.51923835,0.41548216,0.52631795,0.46783733
2021-03-14,0.48290187,0.48529774,0.52008194,0.41608453,0.527269,0.46886536
2022-03-19,0.48321086,0.48559427,0.52039963,0.416232,0.5276738,0.46917123
2022-12-02,0.4828947,0.48558724,0.52020115,0.41612414,0.52726024,0.4689923
2019-11-27,0.48322576,0.48594117,0.52058935,0.4164945,0.52764904,0.4692685
2022-12-31,0.48285016,0.4855205,0.52016443,0.4161217,0.5272255,0.46892318
2019-05-28,0.48233026,0.48529726,0.5198115,0.41577893,0.5267699,0.4686694
2020-11-11,0.48326993,0.48590687,0.52059394,0.41651404,0.52764595,0.46923706
2023-10-12,0.48075965,0.48347887,0.51869845,0.41451398,0.5252478,0.4671364
2024-02-04,0.48280224,0.48549494,0.5201119,0.41608796,0.52715504,0.46880624
2020-08-28,0.48236483,0.48506212,0.5196926,0.4156933,0.5267075,0.46839684
2021-07-19,0.48161387,0.4844294,0.51873916,0.41524938,0.5260795,0.4676797
2023-11-10,0.48246282,0.48545557,0.5200302,0.4159305,0.52701104,0.46891543
2021-02-10,0.48248413,0.48524687,0.52016,0.41594008,0.5273138,0.4687627
2020-01-03,0.4833533,0.48603678,0.5206938,0.41661543,0.5277591,0.46937573
2023-08-20,0.4818758,0.4846281,0.51902294,0.4152111,0.52603596,0.46798456
2019-10-28,0.48302877,0.4856596,0.5203795,0.41622248,0.52738106,0.46895128
2022-05-27,0.48206478,0.48469666,0.5190747,0.4153042,0.526148,0.46796492
2022-11-01,0.48276946,0.48549467,0.5200676,0.4160864,0.5271099,0.46889508
2024-08-27,0.4823838,0.4850588,0.51973975,0.41569242,0.52660924,0.46842274
2019-10-05,0.4823647,0.4852078,0.5196768,0.41576385,0.5266542,0.46842447
2024-05-15,0.48191535,0.48471075,0.51904833,0.41523537,0.5262473,0.46797952
2024-07-01,0.4823265,0.4850454,0.51960486,0.41567013,0.5266192,0.46828002
2023-02-18,0.48274213,0.48543662,0.52009577,0.41605157,0.5268715,0.46892768
2021-11-14,0.4830241,0.48570594,0.52032864,0.416312,0.5273859,0.46909037
2024-02-26,0.4826004,0.4846929,0.51905084,0.41490635,0.5263062,0.4677038
2024-06-29,0.4822456,0.4849919,0.5194015,0.41562703,0.5265305,0.46815777
2023-05-07,0.4832262,0.48583958,0.52053523,0.4164806,0.5274895,0.46918583
2022-09-11,0.48114312,0.48412845,0.5188862,0.41501698,0.525514,0.46704903
2021-12-08,0.48324892,0.48593226,0.52053,0.4164643,0.52768135,0.46929643
2024-06-04,0.48302165,0.48565307,0.52016187,0.41615295,0.5273905,0.46897352
2024-04-11,0.48309803,0.4857915,0.52039444,0.41637215,0.52735734,0.4691048
2020-02-14,0.4830465,0.48580417,0.52043515,0.41639227,0.52754205,0.46915618
2020-03-12,0.48294446,0.48567444,0.52033675,0.41623998,0.52732426,0.46900722
2024-03-21,0.48287895,0.48538804,0.520071,0.4160517,0.52692926,0.4687525
2024-07-19,0.4819581,0.4846664,0.51939493,0.41508126,0.5262319,0.4679456
2019-04-20,0.48308763,0.48579738,0.52029616,0.4163495,0.5272742,0.46891794
2023-08-09,0.48230782,0.48503205,0.5195345,0.41561395,0.52655345,0.4682839
2021-12-06,0.48324254,0.4859182,0.52054995,0.41647527,0.5276552,0.4692895
2020-05-14,0.48308986,0.48584378,0.52038455,0.41633445,0.5274249,0.4691462
2022-09-22,0.4800215,0.48313338,0.51821977,0.41429436,0.5244921,0.46592155
2019-12-22,0.48332822,0.48602033,0.52064943,0.41656476,0.5277535,0.4693525
2019-08-19,0.48188818,0.48464623,0.51911926,0.41522577,0.52616626,0.4678684
2024-03-03,0.48247004,0.4852127,0.52004457,0.41546628,0.5272271,0.4686129
2021-11-12,0.483023,0.4857018,0.5202809,0.41629475,0.52732223,0.46908197
2021-02-13,0.48248234,0.48529547,0.52015287,0.41590464,0.52732426,0.46875444
2024-12-11,0.4832242,0.4859503,0.52058667,0.41654202,0.5277257,0.46932295
2019-04-28,0.48306915,0.48571736,0.52037156,0.41635165,0.527299,0.46907747
2019-04-06,0.48272058,0.48523822,0.5198622,0.4159278,0.52683467,0.46865815
2020-09-10,0.48204407,0.48465407,0.51934797,0.4154635,0.5263411,0.46795437
2022-03-07,0.48231325,0.4851446,0.5200652,0.41580722,0.5272548,0.4686728
2021-06-16,0.48092812,0.48359612,0.517943,0.4142935,0.5250881,0.46699318
2022-11-21,0.48297238,0.48566693,0.5203027,0.41621658,0.5273193,0.4690484
2022-11-24,0.48292866,0.48560035,0.5202515,0.41616076,0.5272929,0.4689972
2021-05-01,0.48312947,0.48581785,0.5203903,0.4163991,0.5273562,0.46910253
2021-11-21,0.4831149,0.48579034,0.52043086,0.4163604,0.52749395,0.46916088
2021-10-31,0.48135465,0.48406413,0.51798815,0.4152019,0.52578175,0.4670641
2019-09-08,0.4820111,0.48507407,0.51941055,0.41548184,0.52631575,0.4682934
2020-02-07,0.48312715,0.4858672,0.52048904,0.41647297,0.52756923,0.4692032
2023-11-06,0.482493,0.48538926,0.51997447,0.4158952,0.5269163,0.4687693
2022-11-07,0.48307022,0.48576424,0.52034754,0.41631544,0.52738386,0.4691215
2022-05-21,0.48279375,0.48541555,0.5198415,0.4159357,0.5270278,0.46870613
2022-06-22,0.4829638,0.4856203,0.5201528,0.4161118,0.5272099,0.4689725
2019-11-20,0.48325256,0.4859428,0.5206181,0.41651776,0.5276635,0.46926367
2021-03-21,0.4822916,0.4846361,0.51940656,0.41552356,0.5265976,0.4682446
2020-08-10,0.48300695,0.48572585,0.52037495,0.4163104,0.52739805,0.4690785
2024-01-18,0.48325995,0.4859596,0.52061355,0.41648543,0.5277031,0.46929118
2024-02-14,0.4825081,0.48504674,0.5197145,0.4156681,0.5268124,0.4683993
2024-03-18,0.48274267,0.4853504,0.5200395,0.41601428,0.52693415,0.46870667
2021-10-25,0.48179355,0.48449194,0.51856524,0.415511,0.5261635,0.4675673
2021-04-01,0.4811446,0.48376718,0.51814884,0.41463596,0.5253401,0.4672938
2021-03-24,0.4807027,0.48305303,0.5177104,0.4141078,0.52473384,0.46666908
2020-08-14,0.48287407,0.4855691,0.5202699,0.41619503,0.52728766,0.46890163
2019-04-11,0.48281816,0.485293,0.5199779,0.41598642,0.5269533,0.46877444
2020-10-25,0.48300263,0.48566288,0.5203655,0.41617823,0.5272365,0.46901217
2024-10-22,0.48239106,0.48527738,0.51959354,0.41608593,0.52682245,0.4690714
2022-06-21,0.48272258,0.48544973,0.5198703,0.41590104,0.52691877,0.46875674
2020-10-17,0.48285243,0.48566478,0.52032846,0.4159946,0.5271966,0.46889487
2021-04-18,0.48311168,0.48564792,0.52035606,0.4163514,0.52739537,0.46911588
2022-09-18,0.48046234,0.48347887,0.51848936,0.4146109,0.52489334,0.4662952
2020-12-19,0.48329508,0.48600447,0.5206455,0.41654536,0.52774215,0.46934363
2022-03-03,0.4828573,0.48561946,0.5203018,0.41615322,0.5273866,0.46904847
2023-10-31,0.48240778,0.485196,0.5198815,0.41572753,0.5267525,0.46851787
2021-02-23,0.48324972,0.48582172,0.520527,0.41641068,0.5276264,0.4692394
2019-10-16,0.482728,0.48539254,0.52005506,0.41597337,0.52705777,0.46868634
2022-09-12,0.48089328,0.48389316,0.5186831,0.4148191,0.5252705,0.46678838
2020-10-24,0.48294955,0.4855728,0.5203006,0.4161144,0.52717566,0.46893355
2019-09-13,0.48118722,0.48485038,0.51898515,0.41462874,0.5257228,0.4680331
2024-06-12,0.48268446,0.48525488,0.519885,0.41568875,0.52666444,0.46880054
2022-06-27,0.4826055,0.48525545,0.52006596,0.4159838,0.5269777,0.46868822
2024-03-15,0.48258427,0.48519775,0.5198714,0.41586033,0.52670205,0.4685567
2023-01-02,0.48266056,0.48532107,0.5199769,0.41590288,0.5270563,0.4687364
2023-08-28,0.48134875,0.4840471,0.5186505,0.41474035,0.525496,0.4674988
2024-11-07,0.48259538,0.48534825,0.5200983,0.41622853,0.5272174,0.46885625
2019-06-14,0.48232228,0.48501602,0.51958495,0.4156313,0.52667964,0.46837252
2020-11-25,0.48332176,0.48594213,0.5205572,0.41651654,0.5276744,0.4692434
2019-04-10,0.4826111,0.4851172,0.51974463,0.41582477,0.5266479,0.46854833
2023-02-28,0.4827699,0.48546657,0.5200895,0.41605887,0.52703595,0.46887368
2023-11-08,0.48244795,0.48545173,0.5199734,0.4158891,0.52693117,0.46885377
2019-11-30,0.48325437,0.48595282,0.52060485,0.41648158,0.527706,0.469273
2020-03-24,0.4833025,0.48578948,0.520547,0.41648337,0.52765936,0.46927238
2021-03-13,0.4830341,0.48544493,0.52024764,0.4162215,0.5274189,0.46900308
2024-01-15,0.4832643,0.48597,0.5206402,0.41652438,0.52772814,0.4693042
2023-05-22,0.48333412,0.48582914,0.52045536,0.41650426,0.52762544,0.46927932
2021-01-17,0.48314795,0.48586494,0.52057266,0.4164359,0.5276514,0.4692208
2021-05-28,0.48042965,0.48587975,0.5195578,0.41482818,0.52631116,0.4701806
2022-05-04,0.48291704,0.4856582,0.5202319,0.4162181,0.5272558,0.46891132
2020-05-16,0.48307574,0.48583153,0.52037686,0.41632554,0.52742666,0.46913362
2023-10-06,0.4804473,0.48315284,0.5181636,0.41412014,0.5247565,0.46671242
2024-09-09,0.48226687,0.4849404,0.5196723,0.41562897,0.52660084,0.46820134
2024-04-16,0.48323658,0.48591122,0.520569,0.41651335,0.52758497,0.46925253
2024-06-10,0.4827598,0.48540545,0.51996404,0.4158353,0.52684945,0.46877843
2021-09-27,0.48229495,0.4848838,0.5194943,0.41546288,0.52644163,0.46814105
2019-05-13,0.48300174,0.48570094,0.5203675,0.41633368,0.52733463,0.4690313
2021-12-03,0.4832124,0.4858978,0.5205301,0.4164389,0.52763855,0.46926618
2023-07-15,0.4826826,0.48540854,0.52002335,0.41601846,0.5270619,0.46875066
2021-07-11,0.4827996,0.48555824,0.5200489,0.41601822,0.52704614,0.46881336
2020-08-26,0.48289242,0.48555925,0.5202141,0.41615885,0.527232,0.46889487
2024-12-01,0.483121,0.48585594,0.5205204,0.41651404,0.52766806,0.46925727
2023-01-24,0.48277646,0.48546618,0.5200333,0.4160859,0.52700454,0.46897814
2021-12-04,0.4832316,0.48591292,0.52054626,0.4164659,0.52766114,0.46928236
2021-02-06,0.48254207,0.4852344,0.5201592,0.4159229,0.5272705,0.46876767
2019-04-24,0.48323023,0.48589933,0.5205654,0.4165142,0.52756894,0.46927774
2021-05-15,0.4832074,0.4859173,0.5205089,0.4164966,0.527535,0.46920213
2019-09-18,0.48037565,0.48440367,0.5182597,0.41381273,0.52483594,0.4673852
2019-12-03,0.4832934,0.48598766,0.5206499,0.41652918,0.5277499,0.469318
2023-07-26,0.48288006,0.48558038,0.5201961,0.4161747,0.5272082,0.46891123
2019-05-27,0.4824738,0.48533905,0.5199101,0.41589507,0.5268912,0.46870303
2020-10-05,0.48295563,0.48562554,0.5203555,0.41621944,0.52723724,0.46891782
2024-05-23,0.482473,0.4850665,0.5193777,0.41545358,0.5266485,0.46829695
2019-12-10,0.4833095,0.48599455,0.5206288,0.4165191,0.5277588,0.46930495
2022-12-05,0.48287708,0.48557025,0.52017516,0.41611513,0.5272296,0.46899953
2022-06-28,0.4826047,0.48526493,0.52005064,0.4159871,0.52698976,0.46865103
2020-07-25,0.4828573,0.48551592,0.52018595,0.41605297,0.5271872,0.46887296
2023-05-19,0.48325366,0.48578382,0.5203731,0.41644955,0.5274998,0.46923837
2024-01-05,0.48331073,0.48601043,0.5206497,0.41655228,0.5277477,0.46933654
2023-12-25,0.48331112,0.48601234,0.5206288,0.4165473,0.52768576,0.46935162
2023-03-08,0.48285717,0.48554453,0.5202099,0.4161144,0.5271344,0.46893817
2024-08-02,0.48288485,0.48558983,0.5202356,0.41609755,0.52715534,0.46897948
2019-10-31,0.48318982,0.48583964,0.5205749,0.41644007,0.5275581,0.46916455
2022-12-26,0.48268968,0.48534524,0.519965,0.41590497,0.52707714,0.4687671
2021-07-18,0.48195976,0.4847274,0.51902175,0.4155415,0.52620304,0.46793807
2020-11-18,0.4832584,0.48586288,0.5204982,0.41643775,0.52755845,0.4691757
2022-11-11,0.4830778,0.48577413,0.52037656,0.41627705,0.527401,0.4691083
2020-03-21,0.48314694,0.485701,0.52036124,0.41636422,0.5273667,0.46909812
2024-11-12,0.4828235,0.48554677,0.5202762,0.41631502,0.5273678,0.46903393
2022-04-09,0.48325217,0.48574528,0.5204581,0.41635752,0.5275505,0.4692219
2023-01-08,0.4827562,0.48543444,0.52006,0.41602442,0.5271257,0.4688526
2019-06-25,0.48150718,0.4841686,0.51833415,0.41466105,0.5256969,0.46763182
2022-04-01,0.48322365,0.48536578,0.52021295,0.4161169,0.52748394,0.46912006
2023-06-10,0.48276612,0.48545516,0.520034,0.4160481,0.5270685,0.46876332
2021-07-02,0.48230803,0.48503172,0.5192011,0.41537914,0.5265901,0.4684693
2019-12-23,0.48334694,0.48603058,0.52066743,0.41658384,0.52776515,0.46936285
2021-10-04,0.4820745,0.48486206,0.51931894,0.41535133,0.52626383,0.46807167
2022-03-24,0.48305747,0.48528042,0.5201185,0.4160151,0.52739304,0.46895447
2023-07-11,0.4824249,0.48513523,0.5197463,0.41571406,0.5267662,0.4684582
2019-04-27,0.48311344,0.48576882,0.5204228,0.41638628,0.52736807,0.4691272
2021-01-13,0.48318982,0.48589772,0.52058214,0.41645846,0.5276535,0.4692479
2019-12-20,0.48332468,0.48601222,0.5206503,0.41656816,0.52774,0.46934444
2023-08-29,0.48136315,0.48412344,0.51862377,0.41478246,0.5255664,0.46751195
2023-01-22,0.48274457,0.48544297,0.5200171,0.41610026,0.52697605,0.4689604
2020-09-16,0.4822092,0.4847929,0.5196802,0.41576448,0.5265629,0.4682487
2019-04-30,0.48303905,0.4857222,0.5203784,0.41635257,0.52730095,0.46903792
2023-08-13,0.4811816,0.48385763,0.5182398,0.41452852,0.52520066,0.46707463
2022-03-01,0.4824343,0.48527786,0.52011466,0.41590893,0.5272591,0.46876287
2021-12-18,0.48333392,0.486029,0.5206422,0.41656485,0.52774423,0.46936697
2021-04-30,0.48313352,0.48580745,0.52040344,0.416428,0.5273759,0.46910906
2024-10-27,0.48232612,0.48509723,0.5198064,0.41598034,0.52690834,0.4686503
2023-12-23,0.48332378,0.48602045,0.5206388,0.41655368,0.5277115,0.4693638
2022-02-21,0.48281053,0.48558742,0.5203613,0.41621315,0.527483,0.46901682
2024-05-01,0.48296815,0.48581,0.52028936,0.41629854,0.52732825,0.46899423
2019-10-04,0.48229507,0.48516896,0.51962215,0.41569495,0.52658695,0.46836802
2022-02-22,0.48275313,0.48554322,0.52033484,0.41616863,0.52744776,0.46898106
2019-12-16,0.48332956,0.48600835,0.520644,0.416546,0.52773553,0.4693348
2022-05-20,0.48284945,0.48553547,0.5199678,0.41603643,0.52715206,0.46879897
2021-06-07,0.48275918,0.48544106,0.5199652,0.41592962,0.5272106,0.46877956
2023-11-02,0.4825344,0.48534614,0.5200222,0.41583005,0.52689177,0.46865407
2024-03-20,0.48282805,0.48539826,0.520134,0.41607037,0.5270228,0.46879593
2021-11-09,0.4828208,0.48552963,0.5200262,0.41611266,0.5271295,0.4688839
2022-07-02,0.48197615,0.48460633,0.5196006,0.41549614,0.5264472,0.46806535
2021-10-19,0.48193872,0.48479748,0.5190651,0.41555312,0.5263578,0.4679286
2023-02-12,0.48273745,0.48547423,0.5199382,0.4162889,0.5267402,0.46909595
2023-05-31,0.48331457,0.48596233,0.5206076,0.41655615,0.527677,0.46932042
2019-08-27,0.4807557,0.483668,0.5179751,0.41411135,0.5249536,0.46661314
2019-05-20,0.48298088,0.48568946,0.52036625,0.41631553,0.52733606,0.4690144
2020-03-10,0.48279136,0.48552975,0.520284,0.41615087,0.52733725,0.4689203
2022-08-08,0.48261103,0.48528606,0.51978624,0.4158574,0.5268373,0.46860728
2022-05-12,0.4828833,0.48573598,0.5201896,0.41608217,0.5273208,0.46886006
2019-11-28,0.48323402,0.48593566,0.52059144,0.41647732,0.52765083,0.46925825
2022-09-24,0.47949985,0.48271868,0.51786995,0.41390088,0.5239557,0.4652887
2022-03-09,0.48260126,0.48534927,0.52017164,0.41596615,0.52733487,0.46884653
2022-07-27,0.4826253,0.48532215,0.5201119,0.4160538,0.52701116,0.4686538
2023-02-15,0.4827569,0.48548356,0.5199864,0.4162687,0.5267282,0.46910107
2022-12-15,0.48286906,0.4855407,0.52016824,0.41610372,0.5272397,0.46895516
2021-03-25,0.48021242,0.48257405,0.5171973,0.41372865,0.52428526,0.46612886
2021-08-22,0.48315096,0.48570785,0.5205058,0.4162891,0.52742946,0.4690848
2021-12-14,0.48327392,0.48598114,0.5205845,0.4165123,0.5277107,0.46932846
2021-12-24,0.4833485,0.48603716,0.5206724,0.41658556,0.52777004,0.46937615
2021-10-18,0.48166952,0.4846207,0.51883453,0.41536218,0.52615756,0.4677544
2023-02-11,0.4827014,0.48544613,0.5199074,0.41628537,0.52669555,0.46907914
2021-05-18,0.4831679,0.48586693,0.5205046,0.41646218,0.52754563,0.46921584
2024-10-19,0.4823933,0.48522827,0.5196773,0.41603518,0.5268408,0.46890017
2023-03-26,0.4824248,0.48502314,0.51959175,0.4157074,0.5263731,0.46843562
2021-03-10,0.48311284,0.48549682,0.5202942,0.41624847,0.5275171,0.4690825
2023-02-05,0.48317,0.48587114,0.5204938,0.4164681,0.5275219,0.46925128
2021-05-20,0.48314083,0.4858662,0.5204987,0.41644326,0.52753985,0.46923307
2021-11-24,0.48319048,0.4858548,0.5204918,0.41640761,0.5275532,0.4692295
2022-12-07,0.48286596,0.48558065,0.5201339,0.4161183,0.5271649,0.46901044
2021-05-06,0.4831249,0.48583716,0.52041864,0.41642094,0.527404,0.4691232
2021-07-27,0.48260233,0.48535904,0.51967466,0.41557273,0.526966,0.4687445
2022-04-10,0.4830185,0.48561776,0.5202211,0.41621456,0.527147,0.46901372
2023-06-11,0.48299474,0.48565003,0.5202603,0.41624117,0.527276,0.46895894
2020-08-08,0.48298472,0.48570213,0.5202453,0.4162124,0.52738917,0.46901888
2021-03-22,0.4818156,0.48414868,0.5188933,0.41508362,0.5260408,0.46774802
2023-12-28,0.48332143,0.48601222,0.5206333,0.4165354,0.5277157,0.46933895
2024-01-16,0.48327243,0.48596942,0.52062935,0.4165166,0.5277141,0.46930015
2021-04-08,0.4827458,0.48515514,0.5199278,0.41594175,0.5270324,0.46874085
2019-09-22,0.48081148,0.48454764,0.5185692,0.41408783,0.52519274,0.46748883
2023-08-07,0.4824497,0.4851445,0.5196875,0.4157557,0.5266815,0.468404
2022-01-07,0.4833661,0.48605347,0.5207026,0.41662285,0.527772,0.46939412
2019-10-18,0.48283815,0.48550096,0.52017343,0.41602895,0.52718556,0.46877348
2024-04-04,0.48309243,0.4857267,0.5203606,0.41635,0.527289,0.46906823
2021-09-28,0.48250383,0.4851484,0.5197229,0.41572067,0.5266245,0.46846542
2019-12-07,0.48327044,0.48598093,0.5206214,0.4164914,0.52774,0.46927217
2023-06-24,0.4827338,0.48537207,0.5197529,0.41581237,0.5268629,0.4686708
2023-05-04,0.48322523,0.48585987,0.52058643,0.41651952,0.5275097,0.46920177
2019-09-14,0.48113024,0.48485324,0.518896,0.41451672,0.5256205,0.4680303
2020-04-04,0.48296648,0.48523277,0.51999927,0.41608846,0.5271915,0.46889085
2019-09-21,0.48088726,0.4845355,0.518548,0.41422516,0.52522755,0.46755785
2024-08-30,0.4818466,0.48461545,0.5192312,0.41529998,0.5261329,0.46797618
2020-08-19,0.48287985,0.4855796,0.5202099,0.41618514,0.5272835,0.4688915
2022-05-22,0.48266995,0.48522475,0.5196646,0.41579035,0.52680075,0.4685233
2019-05-09,0.48309153,0.48578537,0.52047926,0.41641325,0.527439,0.46913493
2023-03-14,0.48235968,0.48500827,0.5196565,0.41568843,0.5265544,0.4684105
2019-05-25,0.48282313,0.4855644,0.5202047,0.4161807,0.52716964,0.46889675
2021-06-11,0.4824491,0.48515043,0.51957166,0.41572866,0.5268263,0.46847904
2019-09-19,0.48056862,0.48445508,0.5184202,0.41399094,0.5250141,0.46746245
2024-07-03,0.4823635,0.4851484,0.51972044,0.4157705,0.52672964,0.4683994
2022-08-30,0.47854954,0.48157716,0.5142023,0.41136074,0.5226097,0.46500906
2021-09-09,0.48258427,0.48523024,0.51995057,0.4156941,0.5268222,0.4686461
2019-05-06,0.4831201,0.4858221,0.52050155,0.416432,0.52746886,0.4691568
2019-04-23,0.48313728,0.48583412,0.520461,0.41643125,0.5274429,0.4691406
2021-04-19,0.48311734,0.48564392,0.5203685,0.41636422,0.52739,0.46911252
2020-09-21,0.4824167,0.48499033,0.5199254,0.4158124,0.526736,0.46838686
2021-01-30,0.48264757,0.48543343,0.5202605,0.4160576,0.52737784,0.46886447
2023-02-14,0.48275012,0.48547095,0.51997936,0.41622517,0.5267885,0.46906132
2022-07-14,0.48190194,0.484617,0.51955456,0.4154946,0.526539,0.4679861
2024-02-27,0.48253363,0.4851311,0.5198434,0.41548026,0.5269748,0.46849295
2023-02-27,0.48278546,0.4854673,0.5201119,0.41606188,0.527049,0.4688888
2020-03-23,0.48328868,0.48579893,0.5205353,0.41647857,0.5276106,0.46925825
2024-08-19,0.48261437,0.4853723,0.5200167,0.41593084,0.52696306,0.46869177
2023-03-11,0.4825485,0.48519567,0.5198577,0.41583934,0.5267981,0.46861157
2024-11-01,0.48246735,0.48518556,0.5199401,0.41608062,0.5269761,0.46877456
2023-09-23,0.48039535,0.4830694,0.5182398,0.41422403,0.52479535,0.466705
2022-06-15,0.48240545,0.48527992,0.5195053,0.41561797,0.52664405,0.46848825
2023-10-29,0.4823193,0.48507345,0.5197371,0.4156852,0.5266456,0.4684086
2021-08-24,0.48303857,0.4857128,0.5204705,0.4162051,0.52737755,0.46909073
2024-03-06,0.48249313,0.48514065,0.5199885,0.41546306,0.5271731,0.46853033
2020-01-25,0.48327467,0.4859701,0.5206121,0.41656286,0.52767533,0.46929875
2019-08-15,0.48236504,0.4850564,0.5195344,0.4156365,0.52663755,0.46837136
2020-02-26,0.4826177,0.48540106,0.520243,0.41603333,0.5273892,0.4688456
2020-07-18,0.4829207,0.48557436,0.5203076,0.4161473,0.52725923,0.46898514
2019-08-22,0.48152718,0.48434615,0.51872736,0.41491652,0.5257953,0.4675034
2021-02-09,0.48246187,0.4852503,0.52015823,0.41591334,0.52728206,0.4687495
2019-10-12,0.4825573,0.48529002,0.51986957,0.41588053,0.5268791,0.46856067
2022-03-06,0.48225966,0.48510396,0.52004236,0.4157822,0.5272413,0.4686477
2021-07-25,0.4822306,0.48520368,0.5195768,0.41534835,0.52666366,0.46858895
2023-12-02,0.48328245,0.48597696,0.5205512,0.41645896,0.5276367,0.46928298
2023-07-21,0.48261583,0.48524898,0.51986295,0.4158802,0.5268682,0.4686084
2022-09-13,0.48044077,0.4835121,0.5183658,0.4144583,0.5248266,0.46624473
2021-04-22,0.48319614,0.48587486,0.5204875,0.4164719,0.52745825,0.46919307
2023-09-19,0.48015085,0.48282632,0.5178164,0.41387638,0.52438194,0.46644258
2020-05-15,0.48309943,0.48582882,0.5203893,0.41633496,0.5274269,0.46915156
2020-04-30,0.48318547,0.48585683,0.52045983,0.41644838,0.52745104,0.46922785
2023-03-27,0.48287016,0.48542702,0.52010953,0.41605932,0.52698725,0.46890283
2019-09-16,0.4806102,0.48438686,0.51837647,0.4140788,0.52502495,0.46738234
2021-03-30,0.48047966,0.48304707,0.5175191,0.41405416,0.5246674,0.4665838
2023-05-06,0.48322818,0.48582786,0.5205605,0.41649866,0.5274798,0.46918875
2019-10-20,0.4829499,0.4856289,0.5202598,0.4161424,0.5272936,0.46888492
2024-08-29,0.48203543,0.48481956,0.51952344,0.41545397,0.52635336,0.46813408
2022-01-21,0.48333558,0.48603043,0.5206745,0.41659555,0.5277514,0.46935686
2021-11-15,0.4830932,0.48577738,0.5204022,0.41636103,0.52745545,0.46917424
2022-11-29,0.48284084,0.48550883,0.5201253,0.41604757,0.5271746,0.46890765
2022-05-11,0.48295963,0.48577738,0.5202687,0.41616133,0.5273957,0.46892905
2024-11-10,0.4826578,0.48541218,0.5201836,0.41628465,0.52730924,0.46892244
2019-04-22,0.48308116,0.48576912,0.5203801,0.4163754,0.5273385,0.46905863
2021-09-22,0.4827886,0.48543152,0.52006143,0.41599634,0.5269916,0.46866444
2024-08-08,0.48301202,0.48562002,0.52021873,0.41612422,0.5272066,0.46895066
2020-09-15,0.4820946,0.48469132,0.5194469,0.41567028,0.52647465,0.46807092
2019-10-03,0.48218554,0.4850959,0.5195175,0.41557625,0.52645,0.46827745
2024-03-26,0.4830053,0.48562115,0.5202988,0.41626406,0.5272452,0.46901977
2019-07-14,0.48280057,0.4855283,0.52018803,0.416074,0.5271545,0.4688604
2024-05-25,0.48267674,0.48524383,0.51949096,0.41553798,0.5268406,0.4684465
2019-12-11,0.48330975,0.48600152,0.520646,0.4165363,0.5277516,0.46932232
2020-07-05,0.48229948,0.48507446,0.5195561,0.41554478,0.5266489,0.46846616
2022-06-10,0.4824994,0.48539808,0.5197244,0.41574475,0.52665955,0.4684859
2021-08-27,0.48298138,0.48577636,0.52021635,0.41597795,0.5272501,0.46894258
2021-12-25,0.48335552,0.48605013,0.52068317,0.4165996,0.5277773,0.46938634
2024-10-17,0.48240677,0.48522922,0.51979434,0.4159928,0.5269213,0.4688257
2021-11-19,0.4831317,0.48581654,0.5204409,0.41638863,0.5274908,0.46917686
2020-03-13,0.48297983,0.4856658,0.52041763,0.41628808,0.5274861,0.46907228
2021-06-18,0.4804261,0.4830973,0.51743,0.41383052,0.5245356,0.46646652
2022-12-23,0.48272368,0.48537612,0.52002245,0.41595104,0.52712625,0.46880797
2019-07-28,0.48252764,0.4852445,0.5195737,0.41568547,0.5268308,0.46862265
2022-06-12,0.4823271,0.4852445,0.5195505,0.4155719,0.52650714,0.46837407
2024-04-21,0.4829417,0.48566332,0.5202734,0.41626623,0.5272811,0.46895552
2021-08-30,0.482945,0.48578954,0.52005166,0.4156023,0.52713364,0.46885377
2023-11-14,0.48285878,0.48563778,0.52024406,0.41617286,0.52724665,0.46900854
2020-10-31,0.4832005,0.48582527,0.52055246,0.41645104,0.52750504,0.46918833
2023-03-12,0.48258916,0.48522967,0.51989233,0.41585988,0.5268176,0.46864775
2021-06-04,0.4825498,0.48525703,0.51974016,0.4158271,0.52692825,0.46860957
2023-07-01,0.48079285,0.48348472,0.5178206,0.4140804,0.52476186,0.4668167
2024-02-09,0.48273367,0.4853612,0.52002174,0.41597843,0.52711076,0.46871346
2021-07-28,0.48275158,0.48546466,0.5197671,0.4157308,0.5271042,0.46881258
2022-02-25,0.48252302,0.4853667,0.5201956,0.41600913,0.5273603,0.46882114
2023-11-26,0.4832162,0.4859218,0.52048016,0.41640082,0.5275526,0.46923292
2022-04-25,0.4828675,0.4857344,0.5200507,0.416176,0.52701813,0.46866748
2020-01-23,0.48327854,0.48597586,0.52061695,0.4165671,0.5276774,0.4693087
2019-10-21,0.48299718,0.4856525,0.52033067,0.41620976,0.5273602,0.46896648
2019-06-15,0.48241088,0.48514986,0.5197711,0.41574982,0.526811,0.4684739
2021-01-11,0.48320773,0.48590925,0.52059114,0.41646641,0.52767986,0.4692572
2024-04-10,0.4831285,0.48582253,0.52042603,0.41641635,0.5273987,0.46914613
2024-11-26,0.4829347,0.4856803,0.52041745,0.41644457,0.5275351,0.46915093
2024-11-05,0.48255652,0.48530766,0.52002263,0.41615337,0.5271154,0.46881554
2019-09-01,0.4811595,0.48397595,0.5189424,0.41484126,0.52540624,0.4666142
2022-09-15,0.48028016,0.48329502,0.5182656,0.41437823,0.52467775,0.46600524
2020-12-01,0.48333836,0.4860343,0.52065945,0.41657552,0.52774674,0.46935913
2021-06-19,0.4811796,0.4838165,0.51804423,0.4144099,0.5252568,0.4671924
2022-03-28,0.48276985,0.48487136,0.519741,0.4157803,0.52695656,0.46866375
2019-03-31,0.48180464,0.48440686,0.51898366,0.41516843,0.5259778,0.46778277
2020-02-04,0.48323786,0.48593622,0.5205819,0.41652325,0.52766514,0.46928373
2022-11-15,0.4830744,0.4857865,0.52040935,0.41632548,0.5274152,0.46915093
2022-08-01,0.48297325,0.48569718,0.52037793,0.41632,0.5273702,0.4690159
2022-05-31,0.48315653,0.48578584,0.5201601,0.4162093,0.5272716,0.46893436
2023-07-08,0.481232,0.48421553,0.5185037,0.4145518,0.52553076,0.4673566
2020-07-07,0.48225152,0.4850077,0.5192727,0.41536522,0.5265049,0.46840882
2023-07-20,0.4828898,0.48555246,0.5201657,0.41616905,0.52722293,0.46891788
2022-08-10,0.48239723,0.48510465,0.51959825,0.4156851,0.52664846,0.46841395
2020-11-27,0.48330718,0.485966,0.52057624,0.41651803,0.5276712,0.46929553
2019-05-26,0.48262936,0.48541746,0.52000004,0.41600263,0.52699906,0.46873102
2020-10-09,0.48285884,0.4855266,0.5202433,0.4161039,0.5271353,0.46881384
2020-02-16,0.4829286,0.48572013,0.52033645,0.41633338,0.52740777,0.46906215
2022-05-26,0.48161677,0.4841822,0.5185484,0.41483107,0.52566576,0.46745744
2021-02-04,0.48253387,0.48527256,0.52015567,0.41596785,0.5272659,0.46878052
2021-08-13,0.48268446,0.48542544,0.5198406,0.41598856,0.5269307,0.46846858
2020-12-20,0.48329103,0.48600847,0.52065724,0.41654453,0.52774036,0.46934348
2024-09-12,0.48248708,0.4851322,0.5198799,0.41584647,0.5268398,0.4684198
2019-05-31,0.48103952,0.48543394,0.51939267,0.4150408,0.5262537,0.4692814
2024-02-13,0.4825874,0.48516473,0.5198352,0.4157736,0.52690417,0.46851146
2019-10-19,0.48286316,0.4855014,0.5201894,0.41608813,0.5272104,0.468796
2024-10-12,0.4825615,0.48529294,0.51993245,0.41604415,0.52700317,0.4687525
2021-10-01,0.48240644,0.48509455,0.5196782,0.41561863,0.5265442,0.46838936
2020-05-02,0.48318958,0.4858748,0.5204836,0.4164663,0.52745336,0.4692307
2020-01-28,0.48322076,0.4859363,0.520562,0.4165248,0.52762187,0.46926168
2020-06-26,0.48248613,0.48522764,0.519545,0.4157989,0.5268415,0.46853712
2023-11-11,0.48251554,0.48549804,0.5200586,0.41595995,0.5270411,0.46895033
2020-11-10,0.4832732,0.48592085,0.52061605,0.41652521,0.5276689,0.4692873
2023-11-16,0.48296893,0.4857157,0.520315,0.4162429,0.52734077,0.46904537
2023-11-24,0.48315063,0.4858417,0.5204684,0.41636693,0.5275407,0.46917054
2021-03-29,0.4799449,0.4825117,0.5169968,0.41360518,0.524041,0.46602875
2021-03-09,0.48317295,0.48552513,0.52033603,0.41626835,0.52758026,0.46913424
2024-06-16,0.48256662,0.4853238,0.51984936,0.4158332,0.5267803,0.46880168
2023-05-14,0.48328948,0.48581487,0.5205286,0.41646507,0.52750534,0.46922135
2023-10-03,0.4803078,0.4830655,0.51790786,0.4139436,0.52454984,0.46658954
2021-01-18,0.4831022,0.48581696,0.520542,0.41640463,0.527614,0.46919206
2019-12-30,0.48334315,0.48603454,0.5206743,0.41659608,0.52775043,0.46936482
2021-03-19,0.4823554,0.48466933,0.51946306,0.41556686,0.5266317,0.46828696
2023-01-09,0.4826999,0.48537225,0.5200186,0.415973,0.52706224,0.46880472
2020-09-02,0.48256895,0.48530596,0.5200008,0.4159482,0.5269887,0.46855062
2022-04-22,0.48288408,0.48578694,0.5199967,0.4161968,0.5269637,0.4685411
2024-06-05,0.48300496,0.48562333,0.5200984,0.4160798,0.5272834,0.4689283
2019-11-13,0.48321152,0.48591548,0.52062637,0.4165029,0.5276183,0.46922314
2023-10-21,0.48206666,0.48478225,0.5195296,0.4154581,0.52635413,0.46818787
2022-11-22,0.48297104,0.48565668,0.52029854,0.4161985,0.5273299,0.46905875
2020-09-07,0.4822302,0.48491114,0.5195886,0.41552562,0.52651715,0.46819454
2021-10-22,0.48263153,0.4853815,0.5198868,0.4160731,0.52704346,0.46862707
2024-01-11,0.48330283,0.48599365,0.5206511,0.41653746,0.5277445,0.46933183
2023-03-21,0.48269314,0.48515418,0.5198252,0.4158185,0.5265881,0.46864644
2024-05-06,0.48288697,0.48589107,0.5201441,0.4162013,0.5273446,0.46882784
2022-12-08,0.4828869,0.4855814,0.5201558,0.41614154,0.5271927,0.46900392
2022-05-05,0.48287266,0.48566478,0.520184,0.41617468,0.5272033,0.46887413
2019-11-06,0.4831754,0.48586068,0.52056307,0.41646224,0.52754915,0.4691675
2021-05-22,0.483118,0.48585916,0.5205126,0.41643292,0.5275426,0.46931025
2021-03-31,0.4805899,0.48322812,0.5175893,0.41417256,0.5247468,0.46676797
2021-01-21,0.4830048,0.48572844,0.5204535,0.41631785,0.52752495,0.46909636
2022-01-27,0.4832438,0.4859442,0.5205863,0.41652265,0.5276425,0.46929002
2023-08-04,0.48248306,0.48519167,0.5197673,0.41580087,0.52677125,0.46849108
2022-11-16,0.48304352,0.4857308,0.52037543,0.41628742,0.52738535,0.46911493
2024-06-15,0.4824468,0.48494598,0.5197045,0.41555822,0.52637416,0.46873924
2023-02-06,0.482944,0.4856262,0.5202477,0.41623005,0.5272338,0.46907222
2020-12-16,0.48329335,0.48600918,0.5206429,0.4165427,0.5277305,0.46934107
2023-02-03,0.4827778,0.48544034,0.5200131,0.41606393,0.52702206,0.46894556
2023-08-11,0.48178005,0.4844872,0.5188821,0.4151442,0.52588755,0.46772513
2024-12-25,0.483184,0.48592597,0.52056706,0.4165169,0.5277375,0.46930408
2023-12-19,0.48332554,0.48603138,0.5206036,0.4165,0.5277024,0.46934974
2021-07-20,0.48215994,0.48497576,0.5193543,0.41565508,0.52659905,0.46826062
2019-11-18,0.4832487,0.48595092,0.5206347,0.41652852,0.52766573,0.46928373
2024-12-20,0.48317635,0.48592865,0.520509,0.41651028,0.52774715,0.469331
2020-11-06,0.48328066,0.48594522,0.52062994,0.41653818,0.52765006,0.46928903
2021-02-12,0.48240605,0.48523384,0.5201385,0.41589767,0.52731025,0.46872708
2022-01-30,0.4832354,0.4859361,0.52059007,0.41651478,0.5276531,0.46928167
2022-06-03,0.48284587,0.4855757,0.51991415,0.41598678,0.52687603,0.46872246
2022-03-15,0.48286268,0.48544386,0.52014583,0.41602778,0.52728945,0.46892276
2020-07-04,0.4822835,0.48508057,0.5195523,0.41553426,0.5266607,0.46846113
2019-04-25,0.483126,0.48579776,0.52043575,0.41640356,0.52738047,0.46915248
2023-04-14,0.48234996,0.48510757,0.5195588,0.41573593,0.52633506,0.4683331
2020-07-20,0.48274568,0.48541737,0.52015364,0.41599742,0.52711403,0.46880555
2023-02-21,0.4823675,0.48507008,0.5197565,0.415667,0.5264754,0.46849447
2020-04-17,0.48311046,0.48582274,0.5203758,0.41640496,0.5273572,0.46910426
2019-09-30,0.4821241,0.48511407,0.5194983,0.4155067,0.52641755,0.46826228
2021-09-13,0.48242196,0.4850068,0.5198416,0.41541272,0.52656394,0.4685682
2021-03-16,0.48281315,0.4852336,0.5200032,0.4160131,0.5271866,0.46878543
2020-01-04,0.48334038,0.48603526,0.52068406,0.41660425,0.52774084,0.46936408
2022-04-21,0.48298305,0.48580372,0.52017736,0.41628608,0.52715,0.46878523
2022-01-04,0.48334995,0.4860316,0.52067614,0.41660598,0.5277395,0.4693791
2021-12-20,0.4833404,0.48603305,0.52066463,0.41658926,0.52776605,0.4693689
2023-10-10,0.48053944,0.48329782,0.51846075,0.41433647,0.52501905,0.46692768
2024-05-03,0.48294467,0.48584884,0.52023065,0.41622064,0.5273998,0.46888041
2023-06-14,0.48279515,0.4854841,0.520029,0.4160685,0.52707434,0.46875915
2019-08-18,0.48202735,0.48476544,0.5192702,0.41534787,0.5263126,0.46804273
2020-05-30,0.48236027,0.48507485,0.5195499,0.41561928,0.52664655,0.4684163
2021-04-12,0.48309886,0.48553076,0.5203395,0.41629094,0.527502,0.46912658
2020-07-13,0.48178902,0.48448086,0.5189281,0.4150517,0.5260129,0.4678339
2022-04-12,0.48277736,0.48545915,0.5200179,0.41608557,0.5268565,0.4687559
2023-10-09,0.4802925,0.48302665,0.51822644,0.41408497,0.5247608,0.46668097
2022-08-25,0.4773574,0.48029524,0.51172185,0.4095465,0.5211772,0.46403894
2023-03-24,0.48261005,0.48512584,0.5197368,0.41574833,0.5267011,0.4686393
2021-01-06,0.48325405,0.48594296,0.5206268,0.4165056,0.52771014,0.46929923
2024-09-10,0.48235807,0.48505628,0.51981163,0.41575113,0.52673733,0.46834856
2019-10-23,0.4830576,0.4856897,0.52037996,0.41623273,0.5274046,0.46898657
2023-03-19,0.4821744,0.48467067,0.5194004,0.41541445,0.5260374,0.46815035
2024-01-08,0.48329988,0.4860024,0.52064973,0.41654238,0.5277468,0.46933654
2023-03-17,0.48243412,0.48492908,0.51980144,0.41558078,0.5264198,0.4684931
2020-03-27,0.48308486,0.48552445,0.520262,0.4162901,0.5273647,0.46901417
2020-08-18,0.48293123,0.4856271,0.5203,0.41623828,0.5273374,0.4689365
2024-11-15,0.48286211,0.48558825,0.5203224,0.4163637,0.52742994,0.46906665
2024-03-10,0.4826091,0.48521295,0.5200769,0.41580713,0.52712166,0.46867964
2020-08-31,0.48280004,0.48550174,0.5202018,0.41613773,0.5271607,0.46878996
2019-11-08,0.48321715,0.48590785,0.5206461,0.4164999,0.52760196,0.46921486
2022-04-13,0.4829261,0.4856058,0.5201645,0.41621768,0.5270523,0.46889046
2022-01-02,0.48332432,0.48600468,0.52064574,0.41657785,0.52768767,0.4693605
2020-02-19,0.48298037,0.48572317,0.5204097,0.41630358,0.527518,0.46909112
2021-11-22,0.48311567,0.48578942,0.52043355,0.41636264,0.52749354,0.46916902
2021-03-23,0.48159197,0.4839275,0.5186646,0.41489616,0.5257887,0.46752524
2022-02-13,0.48293406,0.485683,0.52034336,0.4162761,0.52741885,0.4690377
2019-10-15,0.48270223,0.48538512,0.5200395,0.41597885,0.5270441,0.46866068
2020-08-16,0.48282292,0.48553732,0.52015173,0.41622764,0.52723014,0.46888602
2024-05-12,0.48258793,0.48549056,0.5197782,0.41592795,0.5269733,0.46858937
2019-07-15,0.48286667,0.48561445,0.5202428,0.41612932,0.5272335,0.46892506
2019-07-18,0.48265713,0.48542523,0.51988703,0.41586658,0.52702487,0.46876207
2022-05-23,0.48244622,0.4850081,0.5194025,0.41556734,0.5265516,0.46826977
2021-12-01,0.48319882,0.48586467,0.5205146,0.41642526,0.5276076,0.46924913
2021-10-03,0.48205045,0.48481855,0.51932615,0.41530594,0.52623963,0.4680567
2021-10-08,0.48207808,0.48499122,0.5194399,0.41555065,0.5264479,0.46825445
2019-11-29,0.4832653,0.48596075,0.5206151,0.41650197,0.5276846,0.46928382
2022-03-10,0.4828386,0.48557448,0.52030504,0.4161144,0.5274363,0.46900237
2021-05-21,0.48314467,0.48585358,0.52050346,0.4164387,0.52753174,0.4692752
2021-11-27,0.483167,0.485843,0.520483,0.41639137,0.5275704,0.46922764
2020-01-26,0.4831985,0.4859075,0.52053034,0.41649503,0.5275872,0.46923488
2019-12-24,0.48334578,0.4860289,0.5206655,0.41657594,0.52777547,0.46936744
2023-03-29,0.4824416,0.48503193,0.5196214,0.41573086,0.5264073,0.4684305
2021-12-31,0.4833315,0.48600772,0.52065676,0.41658407,0.5277045,0.46937016
2023-07-19,0.48318046,0.48587143,0.5205063,0.41644713,0.52755344,0.46921232
2019-04-04,0.48294735,0.48533434,0.5201498,0.4160456,0.5272107,0.46892396
2021-12-21,0.4833332,0.48602918,0.52066016,0.4165839,0.5277718,0.46937016
2024-08-14,0.48280135,0.48551968,0.5201337,0.41605964,0.52712184,0.46884623
2024-07-27,0.48184744,0.48467615,0.5193493,0.41512513,0.52620816,0.4679541
2024-09-20,0.48231918,0.48488703,0.51973027,0.41562495,0.5265128,0.4682401
2021-11-20,0.48315,0.48582932,0.52046824,0.41636488,0.5275201,0.46920612
2023-08-24,0.48151258,0.4842794,0.5187251,0.41499016,0.5256688,0.4676816
2024-03-17,0.48260203,0.48527402,0.51996225,0.415948,0.52688825,0.46864265
2021-09-07,0.48267424,0.4852291,0.52006847,0.4156554,0.5267993,0.4686725
2022-05-13,0.48295313,0.4857892,0.52024275,0.41609746,0.52741045,0.46891868
2019-11-11,0.48322454,0.48589432,0.5206231,0.41649887,0.5276046,0.46921474
2023-06-09,0.48264182,0.48535243,0.51990867,0.4159264,0.5269423,0.4686766
2023-05-10,0.48329175,0.48586145,0.52056694,0.4165041,0.5275484,0.46923134
2020-02-10,0.4831296,0.48586777,0.5204896,0.41646284,0.5275624,0.4691995
2019-09-27,0.4819488,0.48499268,0.5193654,0.4152532,0.52621436,0.46814385
2021-10-14,0.48067623,0.4848365,0.5186875,0.41480654,0.5257721,0.46838653
2021-06-02,0.48233888,0.48546556,0.5198393,0.41575196,0.52690774,0.46899942
2023-04-20,0.4830427,0.48572102,0.5202579,0.41630653,0.5271057,0.4690115
2022-01-13,0.48335513,0.48604473,0.5206894,0.4166114,0.5277597,0.46938536
2024-08-04,0.48286283,0.48553362,0.5202629,0.41609582,0.52715683,0.4689124
2022-01-31,0.48324993,0.48595914,0.5206096,0.41653126,0.527681,0.4692956
2022-05-28,0.48293388,0.4854776,0.51982605,0.41600633,0.5270174,0.46869522
2024-06-26,0.4822274,0.4850566,0.5195018,0.4156086,0.5264864,0.46833077
2021-12-15,0.48327884,0.4859861,0.5205823,0.41651514,0.5277277,0.4693228
2021-02-15,0.482755,0.4854777,0.52028686,0.41608515,0.5274432,0.46893698
2020-12-14,0.48330513,0.48601228,0.52063894,0.4165542,0.527736,0.46935463
2021-12-19,0.4833418,0.48603266,0.5206552,0.41657618,0.52775204,0.46936944
2024-11-11,0.48266923,0.48542702,0.5201824,0.41627288,0.52730113,0.46893328
2023-10-30,0.4823656,0.48515895,0.5198143,0.41564447,0.52667934,0.46843666
2022-09-28,0.47995624,0.48311907,0.51834196,0.41430384,0.52447754,0.4657894
2023-09-13,0.4803353,0.48267546,0.51709604,0.4134911,0.52395046,0.46589246
2019-05-29,0.48221344,0.4854695,0.519828,0.41577816,0.5267862,0.46890074
2022-06-20,0.4824636,0.48525736,0.51966196,0.41575143,0.5266845,0.46853346
2023-03-02,0.48271364,0.48538664,0.5200378,0.4159987,0.52694947,0.46880975
2023-10-07,0.480456,0.48314947,0.51818675,0.41414598,0.5247908,0.46674758
2020-03-03,0.4820439,0.48494783,0.5199387,0.41565675,0.527102,0.4684647
2022-01-28,0.48324636,0.4859436,0.52060026,0.4165313,0.52765226,0.4692916
2020-06-14,0.48235738,0.4850182,0.519469,0.41558912,0.5266017,0.46831092
2020-01-24,0.48327047,0.48596126,0.5206168,0.41655406,0.52767164,0.46930167
2019-07-11,0.48269385,0.48543063,0.5201333,0.41601187,0.5270507,0.46877104
2023-01-29,0.4829121,0.48560125,0.5201889,0.4161984,0.52717876,0.46904233
2020-05-11,0.48311162,0.48583502,0.52041954,0.4163834,0.5274284,0.4691484
2022-04-30,0.48265424,0.4854394,0.5199505,0.41599527,0.52692056,0.46864194
2023-05-08,0.4832527,0.4858689,0.5205435,0.4165043,0.5275358,0.46922135
2022-02-10,0.48303634,0.4857693,0.5204339,0.4163628,0.5274936,0.46912315
2022-08-17,0.4807698,0.48367736,0.51745677,0.41396496,0.5249393,0.4670262
2019-11-12,0.48318824,0.48588678,0.5205756,0.41646707,0.52757585,0.46919397
2019-05-10,0.48306566,0.48576063,0.5204412,0.41637677,0.52738434,0.46910244
2023-11-30,0.48327127,0.48595503,0.5205511,0.41645384,0.5276337,0.46926388
2022-03-11,0.48295468,0.48564127,0.52034175,0.41619927,0.527478,0.46907914
2023-12-07,0.48329714,0.48600695,0.5205628,0.41644788,0.52765274,0.46931344
2021-03-27,0.4803426,0.48291743,0.51744884,0.41397178,0.52449894,0.4663782
2021-08-11,0.48229262,0.48502138,0.51935244,0.41584635,0.526559,0.46806675
2023-12-16,0.4833284,0.48602912,0.52061945,0.4165192,0.5277143,0.4693545
2021-06-29,0.4829794,0.4856617,0.5202043,0.4162476,0.5272943,0.4690694
2022-09-05,0.48136145,0.48424283,0.51896673,0.41507575,0.5257187,0.46727404
2019-06-04,0.48187128,0.4854854,0.51972437,0.41548923,0.52674323,0.4690596
2019-12-29,0.48334584,0.48604235,0.52067727,0.41660133,0.52775586,0.4693709
2021-05-09,0.48307005,0.48579073,0.5203599,0.41639897,0.5273134,0.46907553
2019-08-17,0.48204342,0.48474786,0.51927257,0.4153746,0.5263333,0.46805578
2023-06-18,0.48254243,0.48537198,0.5198097,0.41582882,0.5267966,0.4685532
2021-07-31,0.48254707,0.48526967,0.51962554,0.4157577,0.5268139,0.46903497
2021-12-27,0.48333514,0.4860141,0.52064776,0.41657296,0.52772754,0.46937028
2020-02-03,0.48322332,0.48592415,0.5205776,0.41651878,0.5276523,0.46926975
2023-08-30,0.48124123,0.48398086,0.5185582,0.41468465,0.52546924,0.46739244
2020-08-25,0.48292956,0.4855936,0.520204,0.41628876,0.52726513,0.46904388
2021-08-21,0.48317266,0.4857847,0.520501,0.41632056,0.5274819,0.46912852
2023-01-27,0.4827812,0.48545837,0.5200241,0.4160608,0.5270137,0.46893796
2021-11-13,0.4830719,0.4857162,0.52032316,0.41630942,0.52736354,0.46910045
2023-08-25,0.48135188,0.4840967,0.5185608,0.4147857,0.5255105,0.4675083
2022-01-18,0.48334438,0.48602936,0.5206837,0.41660234,0.52774745,0.46936837
2019-06-26,0.4812665,0.48396164,0.5180196,0.41439393,0.52545416,0.46743914
2022-03-25,0.48285395,0.48493022,0.51980984,0.41581142,0.5271011,0.46872175
2022-08-14,0.4805078,0.48334593,0.51681095,0.41353023,0.5245603,0.46679363
2020-11-08,0.4832897,0.4859442,0.5206319,0.41653427,0.5276607,0.46930546
2024-10-13,0.48255557,0.48527253,0.51992166,0.41605586,0.52701616,0.46876255
2024-02-29,0.48244056,0.48516086,0.51992255,0.4154047,0.527046,0.46855628
2023-07-05,0.4802462,0.48307326,0.51730907,0.4135996,0.524236,0.4662725
2019-07-04,0.48261172,0.48533255,0.5200308,0.41596994,0.52693254,0.46870488
2019-06-05,0.48231298,0.48536018,0.51983106,0.41569966,0.5269171,0.4687891
2023-04-07,0.48236412,0.4850363,0.51958436,0.41573668,0.52641094,0.4683492
2021-02-26,0.48329714,0.48587778,0.5205846,0.41645482,0.52768636,0.46928403
2020-02-24,0.48278925,0.4855406,0.5203221,0.41613445,0.52746695,0.4689624
2024-12-17,0.48317155,0.48591787,0.5205324,0.4165237,0.52773285,0.46932006
2024-06-02,0.48282865,0.48540297,0.51982665,0.41580746,0.5271701,0.46871027
2024-09-16,0.48255062,0.48516613,0.5198847,0.4158726,0.52685285,0.46841082
2019-10-06,0.48240587,0.48525247,0.51972276,0.41582182,0.52669793,0.46848395
2021-03-06,0.48316374,0.4856093,0.520398,0.4163196,0.5275576,0.46913853
2024-05-21,0.4809224,0.48351866,0.5176705,0.41402555,0.5249672,0.46673885
2020-08-11,0.4829266,0.48564228,0.52029234,0.41624463,0.52732474,0.46896967
2021-10-16,0.4807951,0.48464003,0.518551,0.41492116,0.52575284,0.46809798
2022-01-06,0.48336077,0.4860458,0.5206938,0.4166184,0.52776885,0.46938893
2020-11-28,0.4833266,0.4859719,0.52058816,0.41651884,0.5276799,0.46928132
2019-05-16,0.48299217,0.48572755,0.52037984,0.41635215,0.52736384,0.46904546
2024-04-13,0.48310888,0.48581335,0.5204172,0.41640455,0.52738976,0.46911377
2020-07-14,0.48223683,0.48494467,0.5194583,0.4155139,0.52655,0.46826982
2019-12-14,0.48333102,0.48602334,0.52065486,0.4165637,0.5277455,0.46933672
2019-09-23,0.4813658,0.48473474,0.51891184,0.41454768,0.5256145,0.46772102
2023-06-26,0.48244673,0.4851262,0.5196297,0.41561002,0.52658105,0.4684399
2020-06-06,0.48304456,0.48574966,0.5202659,0.41625404,0.5273383,0.46904978
2021-06-28,0.4830181,0.4856631,0.5202567,0.41628453,0.52733326,0.4690932
2022-11-04,0.48300117,0.48572856,0.5202619,0.4161986,0.5272638,0.4690603
2020-02-11,0.4830902,0.4858349,0.5204721,0.41643107,0.52755195,0.46917424
2023-04-15,0.48229817,0.48509702,0.51945037,0.41569957,0.5261729,0.46834213
2021-12-23,0.48335195,0.4860395,0.52066576,0.41658148,0.52777433,0.46938205
2022-08-11,0.48218876,0.48493704,0.51932377,0.41548848,0.526399,0.46821603
2019-11-17,0.48322186,0.48592845,0.52058953,0.4164966,0.52761364,0.4692346
2019-08-29,0.48091775,0.48380512,0.5182726,0.41439852,0.5251112,0.46669275
2022-07-13,0.48192322,0.48463738,0.51954234,0.41554728,0.52655166,0.46800584
2022-07-11,0.48191392,0.48460168,0.51956695,0.4155187,0.52654433,0.4680043
2021-06-24,0.48290098,0.48546872,0.52006567,0.4160861,0.5270764,0.46878105
2023-08-01,0.48265257,0.4853664,0.5199383,0.41596198,0.5269676,0.46867964
2024-10-26,0.4823503,0.48515373,0.51981974,0.416042,0.5269517,0.46871892
2023-01-03,0.48263198,0.48529774,0.5199081,0.41588283,0.5269877,0.4687295
2024-05-31,0.48303565,0.485619,0.52011335,0.4161048,0.5273669,0.46898448
2020-06-08,0.48316938,0.48584053,0.52040666,0.41639534,0.527495,0.46918583
2022-06-23,0.48286438,0.48547927,0.52013487,0.4160736,0.52712923,0.46887872
2022-05-09,0.48247313,0.48542112,0.5197647,0.41575867,0.52683026,0.46846324
2023-06-16,0.48258105,0.4853311,0.5198041,0.41586334,0.5267528,0.4685433
2024-07-20,0.4819484,0.4847617,0.5194542,0.415143,0.5262701,0.46796125
2022-04-08,0.48326156,0.48568717,0.5204005,0.4163166,0.5275225,0.46919736
2022-01-29,0.4832172,0.48592305,0.5205766,0.41650885,0.5276319,0.46927616
2021-08-01,0.48278534,0.4854569,0.51965874,0.41597015,0.5269017,0.46928325
2020-08-23,0.4829107,0.48553964,0.5203072,0.41613725,0.5272233,0.46886566
2019-10-02,0.48219913,0.48510477,0.51955456,0.4155695,0.5264939,0.46826962
2019-04-05,0.4826928,0.485162,0.5198363,0.41586998,0.52683914,0.4686562
2022-07-06,0.4820115,0.4847009,0.51970834,0.4155748,0.5265513,0.46806064
2022-08-27,0.48012492,0.48305202,0.5166396,0.4132627,0.5243018,0.4663637
2024-09-26,0.48145908,0.48453707,0.5187224,0.41454014,0.5257264,0.46740463
2020-12-17,0.48327532,0.48599353,0.5206325,0.41653946,0.5277205,0.46932614
2020-12-31,0.48321408,0.48592338,0.5205923,0.4164851,0.52767336,0.46927506
2024-01-29,0.4831022,0.4858045,0.5204921,0.416369,0.52758026,0.46915558
2020-03-19,0.48317885,0.48573598,0.52040094,0.41637376,0.52732974,0.46913654
2022-03-12,0.48299724,0.48566478,0.52036947,0.4162196,0.527479,0.46910155
2023-04-27,0.48305786,0.48576197,0.5201381,0.41637924,0.52694917,0.4687662
2023-09-06,0.4790031,0.48150828,0.51634556,0.4124773,0.52279615,0.46505752
2023-05-20,0.48324174,0.4857368,0.52034754,0.4164087,0.527507,0.46920675
2023-09-12,0.47984785,0.48258227,0.5172151,0.41346624,0.52395415,0.46601555
2024-05-19,0.47984105,0.4825299,0.51670545,0.41324487,0.5238814,0.46583828
2019-09-05,0.48124474,0.48414734,0.51894516,0.41480237,0.5254511,0.4670329
2024-07-23,0.48077896,0.48366532,0.5181483,0.4140248,0.5250049,0.4668834
2023-06-25,0.48255652,0.48522037,0.51965815,0.415678,0.52667165,0.46851116
2023-07-09,0.48173353,0.48455244,0.5189891,0.41498524,0.52601844,0.46777567
2023-06-13,0.4826037,0.48524922,0.519794,0.4158768,0.52678126,0.46857512
2022-11-06,0.4830774,0.48575613,0.52032,0.416271,0.527367,0.46909845
2024-07-31,0.48282704,0.48555723,0.5202296,0.41608903,0.5271512,0.46892497
2021-06-15,0.48136166,0.48402175,0.51846045,0.41473132,0.525573,0.46738988
2024-07-07,0.48177713,0.48456907,0.5193884,0.41541994,0.52621156,0.46790025
2021-08-16,0.48301387,0.4856724,0.5202556,0.4162506,0.5272549,0.4690128
2024-05-13,0.48196232,0.48472595,0.5190624,0.41525087,0.5262213,0.46795166
2023-07-17,0.4828767,0.4855748,0.5201884,0.41617566,0.52724725,0.4689298
2019-07-05,0.4826226,0.48535332,0.52003217,0.41598487,0.5269176,0.4687246
2024-09-28,0.48218277,0.48507962,0.5195325,0.41544494,0.5265295,0.4681483
2024-04-05,0.48299778,0.48566523,0.52026033,0.41625798,0.5271638,0.46897534
2022-05-25,0.48170602,0.4842673,0.51864266,0.41490594,0.5257971,0.46754906
2019-07-17,0.48271284,0.485474,0.5200389,0.41596532,0.5270984,0.4687884
2024-12-02,0.48312068,0.48585302,0.52052456,0.41650444,0.52767545,0.46926844
2020-05-26,0.48310766,0.4858843,0.52035266,0.41624063,0.5275199,0.4691079
2020-11-20,0.48328957,0.48589635,0.52051896,0.41648275,0.52760774,0.46921074
2019-12-04,0.48328868,0.48598817,0.5206312,0.416516,0.52774256,0.46930146
2021-06-08,0.4829212,0.4855982,0.52012277,0.41612512,0.52735347,0.4689497
2021-07-24,0.48162213,0.48478225,0.51908875,0.41507685,0.52622914,0.46812734
2022-06-08,0.48269013,0.48552153,0.51987714,0.4159193,0.5268649,0.4686741
2023-11-12,0.48249212,0.48549983,0.5200693,0.41595748,0.527071,0.46897185
2024-11-28,0.48299122,0.48573768,0.5204636,0.41647047,0.5276006,0.46918198
2022-02-02,0.48325673,0.48595917,0.5206174,0.41652998,0.52769053,0.4693105
2023-08-27,0.48144814,0.48418692,0.51866037,0.4148365,0.52561915,0.4675919
2024-10-11,0.4826318,0.4853527,0.5200037,0.4160788,0.527066,0.46880692
2024-12-19,0.4831257,0.48587924,0.52048904,0.41649675,0.52771735,0.46928918
2024-07-29,0.48254764,0.48524696,0.52006954,0.4157891,0.52688396,0.46864644
2020-10-20,0.482844,0.4856289,0.5202921,0.4159745,0.52712464,0.46887988
2024-03-07,0.48241508,0.4850371,0.51986575,0.41547075,0.52705795,0.46842274
2020-11-02,0.48322365,0.48583817,0.5205422,0.4164344,0.5275178,0.46915123
2021-10-27,0.48175266,0.48446038,0.51853937,0.4154744,0.5261566,0.46754545
2022-07-08,0.48187727,0.48454216,0.519578,0.41547343,0.52650917,0.46795762
2020-06-17,0.48282394,0.4853758,0.5195727,0.4158553,0.5268798,0.46849442
2020-03-17,0.4831769,0.48581102,0.5204355,0.4164053,0.52740484,0.46915177
2019-05-21,0.4829645,0.48567095,0.5203392,0.41631827,0.5273088,0.4690121
2023-11-17,0.4830113,0.4857363,0.52034193,0.41626546,0.52738255,0.469072
2019-12-18,0.4833213,0.48600549,0.52064246,0.41653937,0.52774304,0.46932703
2023-02-07,0.4827899,0.48546106,0.5200335,0.41609898,0.52702665,0.4689729
2024-11-06,0.48253807,0.4852892,0.52003807,0.4161684,0.527152,0.46882883
2021-11-05,0.48189807,0.48464411,0.5187244,0.41544455,0.5262894,0.4677256
2023-09-24,0.48038408,0.48304617,0.5182651,0.41423693,0.524807,0.46672723
2021-04-09,0.48255956,0.48517153,0.51981086,0.4158713,0.52669686,0.46859503
2023-01-20,0.48269546,0.4853958,0.5199836,0.4160548,0.5269873,0.4689102
2021-01-14,0.48316208,0.48587543,0.52057916,0.41644433,0.5276683,0.46923307
2021-03-15,0.4829033,0.4853377,0.5201131,0.4160978,0.5272793,0.4688781
2024-12-24,0.48318914,0.48592895,0.5205585,0.41650417,0.5277394,0.46930945
2022-07-26,0.48253757,0.48523304,0.52005935,0.415973,0.52694875,0.46855804
2021-09-20,0.48277047,0.48537198,0.5200743,0.41590858,0.5269581,0.4687013
2021-02-25,0.48330995,0.48584682,0.5205601,0.4164536,0.5276745,0.46926704
2023-03-10,0.48271975,0.48537162,0.52005506,0.4160005,0.5270071,0.4687777
2020-09-14,0.481994,0.484618,0.51932913,0.41562292,0.52641624,0.46789122
2024-08-28,0.48226127,0.4849916,0.5196875,0.415625,0.52653277,0.46833825
2024-02-12,0.48276913,0.4854387,0.52015156,0.41602698,0.5272887,0.46880817
2022-05-16,0.48322055,0.48594692,0.5204118,0.41627446,0.5277368,0.46914005
2020-12-22,0.48324892,0.48597214,0.5206153,0.4165206,0.5276933,0.4693106
2021-08-14,0.48278275,0.4855014,0.5199647,0.41604227,0.5270394,0.46859157
2021-08-09,0.48213783,0.4847261,0.51909953,0.41587418,0.5264519,0.46842703
2021-11-23,0.48313454,0.48580664,0.52044684,0.41636407,0.5274878,0.4691931
2021-05-24,0.4828435,0.48581177,0.5203662,0.41625446,0.52737844,0.46934327
2019-11-09,0.48322216,0.4858781,0.5206088,0.4164948,0.527589,0.46917123
2020-08-05,0.4830173,0.48573104,0.5203088,0.41627467,0.5273733,0.46905124
2022-04-24,0.48296565,0.48585358,0.5201127,0.41626418,0.5270967,0.46865994
2022-11-19,0.48304218,0.48572934,0.5203589,0.41627914,0.52737963,0.46911722
2021-07-29,0.4826327,0.48527926,0.5195929,0.41569418,0.526926,0.46870682
2022-06-13,0.48239672,0.48526245,0.5196403,0.41570666,0.52661824,0.46847904
2020-10-03,0.48295045,0.48562598,0.5203204,0.4162151,0.5272228,0.46888632
2021-05-02,0.4831702,0.4858699,0.52044445,0.41644615,0.527433,0.46914044
2021-04-17,0.4831267,0.48563772,0.5203878,0.41636246,0.5274695,0.46913517
2021-09-01,0.4830033,0.4859335,0.5200722,0.41543582,0.5271374,0.46891102
2022-07-22,0.48224682,0.48489255,0.5197639,0.41571465,0.5267019,0.46824723
2021-06-20,0.4790454,0.48172402,0.5144271,0.411604,0.5228671,0.46534392
2023-06-03,0.4821664,0.48458275,0.5192839,0.41531643,0.52626264,0.46813342
2020-08-27,0.48273352,0.48540083,0.5200788,0.41603035,0.52708846,0.4687373
2024-07-21,0.48185766,0.48465642,0.5194605,0.41510385,0.5261822,0.46784183
2023-11-07,0.4826017,0.48545903,0.5200731,0.41597167,0.52702963,0.4688331
2019-05-15,0.48301697,0.48574284,0.520394,0.41635922,0.5273757,0.46906132
2021-04-23,0.48307794,0.48571855,0.52036154,0.41639727,0.52733356,0.46906424
2021-03-28,0.4818705,0.4843003,0.5190237,0.41521743,0.52619445,0.46788087
2020-12-10,0.48332143,0.4860235,0.52064764,0.41656518,0.52774423,0.4693668
2024-08-06,0.48300028,0.4856549,0.5202711,0.4161414,0.5272439,0.46900195
2022-03-23,0.48299885,0.4852358,0.5200741,0.41599956,0.52729917,0.46890157
2023-11-13,0.48267224,0.48555964,0.52014595,0.41606495,0.5271544,0.46896967
2019-12-12,0.48332173,0.4860205,0.5206444,0.41654333,0.5277596,0.46932262
2024-08-11,0.48285735,0.48553604,0.52016544,0.41608986,0.5271497,0.46889085
2021-10-06,0.48189244,0.48475754,0.51920253,0.4153354,0.52619416,0.4679956
2024-12-26,0.48318592,0.48592967,0.5205615,0.41650048,0.5277405,0.4693052
2024-10-23,0.482484,0.48534557,0.5197394,0.4161535,0.5269381,0.46904233
2021-11-10,0.48295602,0.4856464,0.5202001,0.41629478,0.5272871,0.4690454
2023-11-04,0.48254496,0.4853852,0.52002805,0.41590905,0.52696806,0.46872458
2021-03-02,0.4830864,0.48547444,0.520291,0.41621295,0.52743256,0.46903813
2020-10-27,0.4830922,0.48573846,0.52044326,0.41633305,0.52736413,0.4690821
2022-09-26,0.47951233,0.48269564,0.51794076,0.4139361,0.523985,0.46526837
2022-05-06,0.48285416,0.4856705,0.5201575,0.41614866,0.52719563,0.4688715
2024-11-20,0.48298198,0.4857036,0.52042645,0.4164291,0.52752787,0.46916252
2022-07-24,0.4824049,0.48511496,0.51998204,0.41586065,0.52683944,0.4684307
2019-06-28,0.4819843,0.4847317,0.51919687,0.41528222,0.5262414,0.46810973
2024-06-11,0.48280963,0.48543948,0.5200294,0.41586766,0.52691376,0.46883374
2020-04-22,0.483076,0.4857396,0.52034265,0.4163869,0.5272779,0.4690741
2023-08-06,0.48245504,0.4851536,0.519688,0.41575488,0.5266954,0.46842185
2023-10-27,0.48240045,0.4851484,0.5197966,0.41571805,0.5266969,0.46846375
2022-07-18,0.4819198,0.4845525,0.51952606,0.4155367,0.52657926,0.4680399
2019-04-17,0.48273307,0.48539668,0.5199314,0.4160399,0.52682084,0.46862188
2020-09-26,0.48292962,0.48555347,0.5202967,0.41619733,0.52716446,0.46887848
2022-08-18,0.47971395,0.48265114,0.51564956,0.412509,0.5237643,0.46613073
2021-10-24,0.48209056,0.48479682,0.51906383,0.41571647,0.5265214,0.46794936
2021-08-05,0.4819784,0.48484132,0.51778084,0.41603518,0.52569485,0.47010314
2024-05-11,0.4828715,0.48588252,0.5201327,0.41613337,0.52744615,0.46886918
2023-05-23,0.48331276,0.48573878,0.5202418,0.41643795,0.52754253,0.46918392
2019-05-05,0.48317468,0.48585683,0.52054757,0.416465,0.5275122,0.4692052
2021-09-24,0.48265612,0.4852792,0.5198788,0.41584903,0.5268875,0.46848813
2022-11-09,0.48307326,0.48576793,0.52034384,0.416295,0.527347,0.46911597
2024-09-07,0.4820792,0.48476112,0.5195108,0.4154824,0.526408,0.46805128
2024-03-05,0.48249888,0.48517832,0.5200307,0.4154648,0.5272885,0.46857223
2021-12-29,0.4833561,0.4860459,0.52068466,0.4165993,0.5277499,0.46939874
2023-11-28,0.48323056,0.48590484,0.5205098,0.4164186,0.5275808,0.46920916
2024-01-07,0.48332366,0.4860119,0.52065223,0.4165473,0.5277512,0.46935052
2021-09-16,0.48280588,0.48540422,0.5201244,0.41582277,0.5269377,0.46881002
2024-01-24,0.48317176,0.48589215,0.5205657,0.41643962,0.52766144,0.46922928
2019-07-16,0.48281237,0.48556954,0.5201478,0.41607547,0.52719456,0.46889782
2022-08-15,0.48027423,0.48314282,0.51646906,0.4132519,0.5242951,0.46658394
2020-09-18,0.482509,0.48506942,0.5200418,0.41586062,0.5267881,0.46844685
2020-10-16,0.48289487,0.48570088,0.5203754,0.41602522,0.5272222,0.46893802
2024-09-05,0.48200142,0.4846814,0.51944095,0.41539475,0.52628565,0.46803588
2020-06-19,0.48250487,0.4851712,0.51918507,0.4156391,0.52661914,0.468238
2024-06-28,0.48233533,0.485072,0.5194583,0.41571152,0.5266328,0.468221
2024-03-02,0.4823682,0.48508596,0.5199095,0.41535777,0.52707875,0.46849844
2024-10-30,0.4825326,0.48525515,0.519981,0.41612333,0.5270211,0.46880546
2021-08-07,0.48202467,0.48476467,0.5179887,0.41609374,0.5258231,0.4700713
2022-01-12,0.4833525,0.4860369,0.5206887,0.41660768,0.5277538,0.46938187
2023-08-22,0.4817471,0.48448825,0.51893556,0.41513702,0.525938,0.46786755
2021-08-06,0.4815592,0.48444483,0.51671594,0.4160066,0.52502555,0.470764
2020-07-17,0.4829519,0.48562884,0.52032757,0.4162048,0.5273447,0.46902606
2024-10-31,0.48254442,0.48526192,0.5199949,0.41611898,0.52706134,0.4687901
2024-08-17,0.4825246,0.48523632,0.51989114,0.415804,0.52681893,0.4685435
2023-04-08,0.48219663,0.48487857,0.5193845,0.41559064,0.5261744,0.4681682
2020-11-17,0.48324832,0.48586652,0.5204979,0.41643077,0.5275712,0.46916866
2023-11-23,0.48306945,0.48577332,0.52040076,0.4163385,0.5274937,0.46911806
2020-09-06,0.48260805,0.4852855,0.52001905,0.41588247,0.52693886,0.46853483
2021-04-10,0.48257074,0.48517573,0.51981944,0.41589355,0.5267136,0.46857616
2022-02-05,0.4831584,0.48586607,0.520528,0.41645446,0.5276032,0.46921024
2024-10-18,0.48230016,0.4851868,0.5196897,0.41597843,0.52685136,0.46881306
2024-01-30,0.48309988,0.4858162,0.5204901,0.41635072,0.5275602,0.46914935
2023-01-26,0.48277658,0.4854596,0.52003545,0.41607237,0.52702504,0.4689361
2023-05-26,0.48325396,0.48575044,0.5203181,0.4164485,0.5275471,0.46924666
2024-12-13,0.4832192,0.4859442,0.52058077,0.41653764,0.5277165,0.46931723
2019-09-15,0.48068726,0.48456472,0.51852137,0.41410837,0.5251975,0.46764725
2022-07-12,0.4819297,0.48465666,0.5195916,0.41557655,0.52659416,0.46802038
2022-03-08,0.4824468,0.4852463,0.520113,0.4158689,0.52730227,0.46875045
2023-03-03,0.48268214,0.48537433,0.52000576,0.41598904,0.52690256,0.46879897
2024-02-02,0.48293212,0.48561135,0.5202465,0.41618383,0.5273146,0.4689432
2024-03-09,0.48251054,0.48509493,0.519995,0.41560385,0.52711064,0.46857437
2020-09-22,0.4826727,0.48531142,0.52005357,0.41599676,0.5269968,0.4686833
2019-04-29,0.48302466,0.48568603,0.52032393,0.41633454,0.5272313,0.469013
2019-09-04,0.480734,0.48365572,0.51856744,0.41442186,0.5249046,0.4663171
2023-01-30,0.48278752,0.48546737,0.5200261,0.41606766,0.52701795,0.46897304
2023-06-28,0.48247635,0.48513442,0.51968145,0.415652,0.5266712,0.4684985
2023-10-15,0.4812161,0.4839333,0.5190331,0.41486967,0.52565944,0.46750444
2023-05-09,0.4832916,0.48586833,0.5205604,0.41649842,0.52756035,0.46923313
2024-07-09,0.4816557,0.48439717,0.51927394,0.4154754,0.52611387,0.4677498
2022-08-20,0.48091576,0.48381126,0.5176849,0.4140844,0.525145,0.46717164
2023-06-02,0.4824905,0.48509005,0.51973104,0.41576838,0.52675897,0.46848488
2023-05-30,0.48324147,0.4858447,0.52046615,0.41648617,0.52757925,0.46926856
2020-02-05,0.48317856,0.4859066,0.52052253,0.4164966,0.5276095,0.4692393
2021-12-17,0.48333013,0.48602203,0.5206344,0.4165442,0.5277691,0.4693483
2024-02-08,0.4827872,0.48546714,0.52014804,0.41606066,0.52723604,0.46881342
2024-01-14,0.48328865,0.48598677,0.52063334,0.41651306,0.5277304,0.46931532
2024-01-19,0.48324704,0.48594883,0.52061266,0.41649693,0.52770835,0.46928692
2020-06-10,0.48313436,0.48581335,0.5203944,0.41637844,0.5274768,0.4691557
2019-05-23,0.48283327,0.4855864,0.520221,0.4162288,0.52717304,0.4688593
2021-11-30,0.48319572,0.4858654,0.5204911,0.41641158,0.52758133,0.46925443
2022-02-01,0.48327917,0.48597956,0.52063185,0.41655174,0.5277115,0.46931976
2021-08-19,0.48317984,0.48586854,0.5205134,0.4164264,0.5275077,0.46919122
2022-09-03,0.48137107,0.4842854,0.5189506,0.41501242,0.52574944,0.46737328
2023-01-14,0.48269218,0.4853892,0.51999706,0.41601124,0.5270175,0.46886846
2021-05-12,0.4831582,0.48587543,0.52044606,0.4164467,0.5274405,0.46915203
2021-09-21,0.48281515,0.48542815,0.5201373,0.41597703,0.5269916,0.46874458
2024-04-17,0.48312125,0.48580524,0.52044046,0.4164098,0.52747446,0.46913671
2019-09-07,0.4818544,0.48489222,0.5193044,0.41532326,0.5261447,0.4680535
2020-08-02,0.4829826,0.48567435,0.52027225,0.4162318,0.52735037,0.46903986
2021-07-08,0.48301375,0.4857856,0.52028805,0.4161745,0.52730596,0.46904337
2023-04-24,0.4832105,0.4859021,0.5204505,0.41647378,0.5273778,0.46917045
2021-10-17,0.4814624,0.48466417,0.51889026,0.41536275,0.52615577,0.46798643
2022-07-09,0.48185351,0.4845134,0.5195395,0.41545224,0.5264849,0.46792883
2021-07-01,0.4826145,0.48531878,0.51961076,0.41572037,0.5268783,0.46874946
2021-02-08,0.4824761,0.48520476,0.5201392,0.41590932,0.5272629,0.46874332
2021-02-28,0.48322043,0.48575175,0.5205234,0.41639373,0.52768314,0.4692286
2020-09-05,0.48186564,0.48460525,0.5192538,0.41525415,0.52622247,0.4678637
2021-05-07,0.48312593,0.4858482,0.52042717,0.41644138,0.5274128,0.4691288
2023-03-28,0.48287752,0.48545274,0.52015626,0.4160878,0.5270724,0.46890295
2020-06-12,0.4824238,0.4851088,0.5195843,0.41562295,0.526723,0.46839657
2022-08-07,0.48273468,0.4853906,0.5198837,0.41596264,0.5269594,0.46870393
2020-10-08,0.4829295,0.48559743,0.52029413,0.41617212,0.5271758,0.4688856
2020-03-20,0.4831117,0.48568705,0.5203099,0.4163465,0.5272779,0.46904346
2024-01-03,0.48331663,0.48599994,0.5206388,0.41654143,0.5277377,0.4693479
2024-03-01,0.48233902,0.48502702,0.51981336,0.41522112,0.5268821,0.46839437
2020-11-04,0.48327845,0.48592073,0.5206259,0.4165237,0.5276244,0.469258
2020-12-09,0.48331675,0.48602,0.52064186,0.41656154,0.52774817,0.4693623
2022-12-17,0.48283422,0.48550534,0.52014506,0.416041,0.5272121,0.46891809
