date,h0,h1,h2,h3,h4
2024-01-15,0.6369847,0.4653111,0.54254574,0.50163025,0.5291456
2023-10-18,0.63513434,0.46384168,0.54112977,0.49996203,0.5273984
2024-02-13,0.6360482,0.46463254,0.5419776,0.50084996,0.5284511
2022-02-26,0.6364292,0.46485186,0.54201484,0.5009329,0.5289639
2021-08-06,0.63375366,0.46129647,0.54118276,0.49811894,0.5287564
2022-04-21,0.63660544,0.46504518,0.5421612,0.50128025,0.5288716
2024-06-09,0.6365842,0.46489123,0.5420089,0.50136745,0.5287519
2022-03-21,0.6363686,0.4649207,0.5421191,0.5011965,0.52878463
2023-09-21,0.6333273,0.4623353,0.5396386,0.49849293,0.52573806
2019-08-24,0.63334584,0.46265694,0.53968763,0.49870566,0.52679324
2023-09-24,0.633438,0.46247178,0.5399416,0.49865478,0.5257749
2020-04-02,0.63601154,0.4647766,0.54196495,0.5009942,0.5287558
2021-03-10,0.6365847,0.46509,0.54232514,0.50132483,0.5289779
2023-11-17,0.6367116,0.46517286,0.54228944,0.5013161,0.5288758
2024-06-21,0.6361638,0.46476012,0.54201263,0.5008909,0.5283413
2021-11-16,0.63705355,0.4653605,0.5426633,0.50168353,0.5292455
2021-05-01,0.63673043,0.46513277,0.5423253,0.5014489,0.5289503
2019-04-29,0.63665843,0.46504784,0.5422334,0.50135016,0.52882373
2024-11-15,0.63664234,0.46534383,0.54199296,0.5011846,0.5286526
2024-07-25,0.6342432,0.46334442,0.54037654,0.4994348,0.5269468
2023-12-26,0.6369991,0.46532142,0.5425837,0.50166863,0.529156
2021-02-14,0.63647914,0.46482491,0.54203415,0.5009309,0.5289371
2024-12-20,0.63689196,0.4654186,0.54241484,0.50152194,0.52907157
2020-02-14,0.6367868,0.46519488,0.5423228,0.50150365,0.5291163
2019-07-02,0.6361068,0.46468216,0.5417951,0.50084037,0.5283894
2021-11-12,0.63687325,0.4652461,0.5425916,0.50155747,0.529137
2022-03-25,0.6358565,0.46468455,0.5417836,0.5008449,0.5286292
2023-10-30,0.635971,0.4644991,0.5416301,0.5005474,0.5281626
2020-04-20,0.63664705,0.46501344,0.5422299,0.5013139,0.52884233
2024-09-09,0.6355815,0.4642339,0.5414247,0.5004342,0.5278377
2021-04-18,0.63658464,0.46507215,0.5422437,0.5013267,0.5289506
2019-09-23,0.6351268,0.46349394,0.5409131,0.49943796,0.52734464
2023-01-07,0.63741195,0.46556243,0.5429465,0.5019849,0.5295346
2022-07-04,0.6352518,0.4641407,0.54127777,0.50008607,0.5275232
2019-08-15,0.6357657,0.46442625,0.5416093,0.50063336,0.5283322
2021-07-07,0.6365671,0.46494275,0.5422831,0.5012414,0.52876663
2023-05-28,0.63673174,0.4650878,0.5424047,0.50129086,0.5290349
2022-09-21,0.63259476,0.46298635,0.53989786,0.49827826,0.5257504
2023-01-04,0.63777435,0.4658106,0.5433323,0.50228083,0.5299647
2021-10-28,0.6345592,0.46308935,0.54081315,0.49999583,0.5254578
2021-05-24,0.6367683,0.46494544,0.54241693,0.50141037,0.5289854
2023-12-13,0.63697624,0.46527424,0.5425627,0.5016013,0.5291302
2023-05-19,0.63675517,0.4651879,0.54246753,0.5014495,0.5291264
2024-04-17,0.6367814,0.46516156,0.54237735,0.5014815,0.5289543
2021-11-18,0.63709074,0.4653828,0.5426885,0.50172424,0.5292644
2024-10-24,0.6359661,0.46496353,0.541295,0.5003335,0.52810186
2023-04-22,0.6362885,0.4650423,0.54212683,0.5011833,0.5288565
2023-07-14,0.635981,0.46464208,0.54181033,0.50085384,0.5284491
2020-07-05,0.63571846,0.46435642,0.54170567,0.50065726,0.52828646
2020-09-28,0.63642055,0.46501267,0.542138,0.5011727,0.52866924
2024-08-31,0.6349123,0.46362597,0.54073375,0.49980742,0.52726376
2024-08-03,0.6363844,0.464858,0.54206973,0.5010818,0.52856576
2021-07-15,0.63616484,0.46451312,0.5419848,0.5008224,0.52811223
2024-01-06,0.636999,0.46531945,0.5425704,0.50165445,0.52914435
2021-05-27,0.6365848,0.46428287,0.54248554,0.50118244,0.52852434
2020-10-06,0.636372,0.46494818,0.5421019,0.50109166,0.5286461
2020-08-11,0.63649607,0.46493188,0.54213333,0.50122046,0.52873445
2021-11-14,0.6369172,0.46534187,0.5425669,0.5015553,0.52912956
2019-09-29,0.63573724,0.46417397,0.5415077,0.5003779,0.5279071
2023-11-27,0.6369172,0.46527022,0.54246914,0.50150245,0.52903783
2024-06-13,0.6372731,0.46486533,0.5416796,0.5019039,0.52914274
2024-09-12,0.6358645,0.46443596,0.5417471,0.50071955,0.5280638
2024-12-23,0.6369366,0.46543214,0.5423952,0.5015161,0.5290177
2023-09-17,0.6326357,0.46200988,0.53921586,0.49799848,0.52521896
2020-05-04,0.6368471,0.46517846,0.5424466,0.5014978,0.52905226
2020-02-13,0.6367895,0.46520582,0.5423297,0.50150436,0.52909887
2023-08-28,0.63434106,0.46327808,0.54028857,0.49945074,0.5268946
2022-12-26,0.63777536,0.46577108,0.5433176,0.50225496,0.52994674
2024-01-12,0.6369927,0.46531636,0.5425574,0.50165355,0.52915007
2023-01-23,0.6376013,0.46564728,0.5433058,0.50215083,0.529957
2024-04-23,0.6368061,0.4651956,0.54239625,0.5015143,0.5289744
2019-06-30,0.63600504,0.46464399,0.54178333,0.50079125,0.52835286
2023-03-16,0.6361579,0.4647413,0.54212296,0.50127834,0.5285177
2019-06-28,0.63514817,0.4639724,0.54129606,0.50025314,0.52793294
2024-09-16,0.6358648,0.4645321,0.5418044,0.500729,0.5281316
2023-11-13,0.63652647,0.4649002,0.54215115,0.5010755,0.52861
2024-08-02,0.63637215,0.46485156,0.5420653,0.5010972,0.5285398
2024-12-28,0.6369932,0.4654485,0.5424055,0.50153774,0.52900285
2019-10-07,0.6359919,0.46445417,0.5417546,0.5007385,0.52819395
2020-05-06,0.63677186,0.46514824,0.5423867,0.5014757,0.5289602
2019-11-02,0.6368142,0.46520185,0.5424239,0.5013537,0.52891624
2021-11-11,0.636812,0.46518672,0.54259384,0.5015331,0.5291304
2020-03-05,0.6361879,0.46465757,0.5418251,0.5007107,0.52882737
2023-12-15,0.63698626,0.4652947,0.54256135,0.50160235,0.52916735
2022-11-08,0.6367525,0.46512854,0.5424562,0.5014557,0.52897286
2024-11-22,0.63684666,0.46534392,0.5422865,0.5014146,0.5289413
2020-03-09,0.6364313,0.46489725,0.54206556,0.5010417,0.52890396
2021-10-31,0.6347242,0.46321455,0.54095495,0.5001363,0.52572435
2019-06-12,0.6360697,0.4646414,0.54194266,0.5008394,0.5283846
2022-07-20,0.63523364,0.46423903,0.54116577,0.50005984,0.5276964
2021-12-02,0.63714325,0.4654264,0.54270196,0.50177693,0.5293068
2024-06-27,0.63547236,0.4640954,0.5414551,0.50045615,0.5276043
2021-12-15,0.63700974,0.4653616,0.54261446,0.50172484,0.5292272
2022-03-12,0.6366041,0.46505406,0.5423307,0.5013808,0.52893823
2019-10-19,0.6365828,0.46491575,0.5421418,0.501123,0.5286544
2023-10-15,0.63454276,0.4633688,0.54069835,0.49946174,0.52679414
2020-02-15,0.6367298,0.4651767,0.54228175,0.50146466,0.52908766
2019-06-02,0.63531387,0.46134892,0.54225874,0.49975693,0.5264342
2024-11-01,0.6361039,0.46516845,0.5414802,0.500686,0.5282405
2020-12-04,0.6370188,0.46532616,0.54259366,0.50165373,0.5291653
2019-06-10,0.6360897,0.46464172,0.5418876,0.5008936,0.52843875
2021-06-11,0.63608354,0.4645316,0.541791,0.5008909,0.52832395
2019-06-06,0.6360337,0.4646067,0.54188097,0.50093985,0.52840054
2022-02-14,0.6368142,0.465145,0.54237366,0.5014346,0.5290232
2019-10-21,0.636691,0.46503797,0.5422593,0.50123876,0.5287888
2021-08-17,0.6366253,0.46507645,0.5423276,0.5014181,0.52888274
2023-12-14,0.63695574,0.4652598,0.5425517,0.5015752,0.5291257
2022-09-02,0.63398814,0.4633728,0.5403506,0.4992163,0.52697533
2023-10-28,0.63587594,0.46443978,0.5415708,0.50055116,0.5281017
2019-04-25,0.6367458,0.4651238,0.5423395,0.5014223,0.5290045
2023-09-25,0.6333984,0.4624785,0.5400729,0.49865454,0.52568513
2021-04-10,0.6360844,0.4646065,0.54179,0.50087684,0.52838403
2021-02-27,0.63681173,0.46517712,0.542423,0.50142175,0.5291294
2022-08-29,0.6293781,0.4592288,0.5360084,0.49554193,0.52578753
2024-05-31,0.63647074,0.46500927,0.5422575,0.50117743,0.5287615
2023-09-01,0.63343626,0.4624759,0.5395201,0.4986026,0.5261072
2019-10-23,0.636731,0.46508315,0.5423144,0.50125974,0.528799
2023-09-03,0.6313316,0.460817,0.5376296,0.49676758,0.5242201
2019-03-29,0.6361534,0.46477237,0.54192245,0.5010044,0.5286102
2020-03-24,0.63682675,0.46526557,0.54246396,0.5015454,0.52915
2021-03-01,0.6367434,0.46520343,0.5424161,0.5014463,0.52904445
2023-10-27,0.6359369,0.4644422,0.5416224,0.50059,0.5281645
2024-09-27,0.6354843,0.46408823,0.5412202,0.50026286,0.5278047
2024-09-14,0.6358067,0.46444908,0.54175264,0.50067455,0.5280399
2020-03-21,0.6366486,0.46513185,0.54230857,0.5013987,0.5289989
2020-04-29,0.63684475,0.46517098,0.54240507,0.50149274,0.5290147
2024-11-03,0.63625747,0.46519363,0.5416744,0.5008694,0.5284125
2022-08-24,0.6303634,0.45994043,0.5368258,0.49627995,0.5262127
2024-07-07,0.63514894,0.4639495,0.54158205,0.50022,0.52725744
2021-03-03,0.63652897,0.46506178,0.54224426,0.5012882,0.5288854
2023-02-25,0.63661987,0.46498945,0.5424758,0.50155544,0.52885026
2022-03-09,0.63639504,0.46485347,0.5420649,0.50103956,0.52890456
2022-04-17,0.63662153,0.46503097,0.5422448,0.50132185,0.52883023
2020-02-19,0.6367178,0.46514162,0.5422908,0.5013978,0.52907467
2019-04-14,0.63636136,0.46491024,0.5420329,0.5011556,0.5287702
2024-01-05,0.63701296,0.465332,0.5425713,0.5016605,0.5291756
2024-04-12,0.63676065,0.46514648,0.54238087,0.5014564,0.52895314
2020-11-10,0.63695353,0.465289,0.54252106,0.5015325,0.52909803
2023-08-03,0.63601154,0.4644269,0.54176486,0.5008556,0.52825356
2022-09-16,0.63253915,0.46302953,0.5398456,0.49819952,0.52576864
2023-11-16,0.6366883,0.46505415,0.54232526,0.50130624,0.5288497
2021-02-24,0.6368801,0.46528608,0.54248554,0.5015376,0.5290597
2023-03-01,0.63675517,0.46504405,0.54250383,0.5014872,0.5289538
2022-09-08,0.6341388,0.46371624,0.5406944,0.4993974,0.5269191
2021-08-07,0.6346007,0.4626278,0.5414134,0.49911526,0.52865905
2021-01-29,0.63661695,0.46498364,0.5421936,0.50114244,0.5289823
2020-08-28,0.635738,0.46450868,0.5416727,0.5007775,0.5282739
2024-03-31,0.636673,0.46510676,0.5422924,0.50138825,0.52887267
2022-09-18,0.6329356,0.46316633,0.54006845,0.49852076,0.5259931
2024-03-27,0.6365363,0.46502456,0.54217666,0.5012773,0.5288333
2021-01-25,0.63675296,0.4651027,0.54232174,0.50131,0.5290179
2021-12-17,0.63702476,0.46537015,0.5426299,0.50174385,0.52923095
2021-12-20,0.63705325,0.46537513,0.5425965,0.50170356,0.52920115
2023-09-06,0.6309953,0.46081764,0.5376064,0.49661994,0.52398247
2020-06-04,0.63630253,0.46485353,0.5420668,0.50107944,0.5286074
2020-09-15,0.6352436,0.46426308,0.54133254,0.5003498,0.5275442
2020-11-11,0.6369268,0.46529123,0.54252404,0.5015032,0.5290401
2024-07-27,0.635169,0.46410403,0.54115766,0.5001703,0.52762854
2021-10-10,0.63541585,0.46384454,0.54141897,0.50026184,0.52737254
2021-10-11,0.6351923,0.46350035,0.54136634,0.5001274,0.52691615
2020-09-26,0.6363432,0.46495265,0.5421073,0.5011435,0.5286411
2019-04-23,0.6368018,0.46516356,0.5423815,0.50148654,0.52899474
2020-06-14,0.63595104,0.4645992,0.5417153,0.5007136,0.5281001
2022-03-15,0.63630617,0.46486378,0.5421314,0.50117,0.52874094
2020-06-27,0.63634396,0.46477002,0.5420993,0.501134,0.52863896
2023-09-28,0.6332361,0.46232527,0.5398799,0.49850008,0.525553
2024-09-05,0.6352069,0.46402836,0.5411276,0.50015146,0.52760404
2022-09-24,0.63150406,0.46252364,0.5393531,0.49737644,0.524987
2019-12-16,0.6369606,0.4653365,0.5425721,0.50166947,0.52916247
2021-10-01,0.6357569,0.46444434,0.54170996,0.50062174,0.5281656
2019-03-30,0.63531595,0.46402845,0.54113907,0.5002468,0.52782655
2024-07-08,0.63483185,0.46366522,0.5415134,0.49995053,0.5267387
2024-11-30,0.63688093,0.46542913,0.5422839,0.5014216,0.5289148
2021-12-19,0.6370378,0.4653521,0.5426047,0.50170255,0.5292073
2019-07-29,0.63597983,0.46448818,0.5416935,0.50083065,0.52864724
2020-11-20,0.63688207,0.46525654,0.54250735,0.50144774,0.5290393
2019-12-24,0.63699996,0.46535182,0.5426018,0.5016997,0.5291883
2021-07-24,0.63523525,0.46366242,0.54151636,0.49995315,0.52701724
2024-09-18,0.6360422,0.46469235,0.5419414,0.5008972,0.5283148
2022-01-28,0.6369936,0.4652762,0.54253805,0.501617,0.52911776
2019-11-26,0.63686574,0.4652601,0.542512,0.50150675,0.5290385
2021-01-18,0.6368864,0.46521562,0.5424428,0.5014753,0.529075
2021-12-04,0.63707584,0.46541306,0.5426647,0.5017571,0.5292614
2019-09-30,0.635832,0.46420974,0.54153913,0.50039923,0.5279667
2021-12-30,0.63705724,0.46534982,0.54260105,0.50168735,0.5292094
2023-12-06,0.6369804,0.46530902,0.54254496,0.5015973,0.5291399
2021-12-28,0.6370566,0.46535146,0.54260206,0.50169134,0.52920884
2022-06-18,0.63580745,0.46462834,0.5417962,0.50085264,0.5283264
2019-09-27,0.6356212,0.46401367,0.54136103,0.5001462,0.5278332
2019-07-03,0.6361671,0.46471632,0.541882,0.50089896,0.5285116
2019-06-15,0.63586485,0.4644745,0.5417302,0.500569,0.52818596
2021-04-11,0.6359614,0.464588,0.54175097,0.5008322,0.52835655
2024-07-31,0.6363062,0.4648703,0.54203916,0.5010782,0.5286015
2024-05-20,0.6340952,0.46284458,0.5400882,0.4989084,0.52639264
2023-02-26,0.63689476,0.46517217,0.54266995,0.5016399,0.5291626
2022-03-18,0.6366235,0.46517032,0.5424166,0.5014752,0.529113
2019-04-26,0.6367422,0.46511275,0.5423242,0.5014201,0.5289613
2019-12-15,0.63694596,0.465332,0.54257053,0.501663,0.52915615
2022-09-09,0.63401634,0.4636765,0.5406196,0.49933428,0.5268329
2024-04-13,0.636727,0.46514598,0.54237044,0.5014488,0.52892244
2022-12-19,0.6376318,0.4656757,0.5431978,0.5021401,0.52982515
2021-10-15,0.6346943,0.46264517,0.5412084,0.49981755,0.52581394
2020-03-14,0.6366674,0.46514684,0.54231775,0.5014136,0.52900076
2020-04-16,0.6366919,0.46508315,0.54225355,0.5013525,0.5289185
2022-11-05,0.63667685,0.46507537,0.5423231,0.50138766,0.52893
2022-08-10,0.6357291,0.46435153,0.5414901,0.5005956,0.5281133
2021-06-15,0.6350818,0.46373367,0.540859,0.49996614,0.5275063
2022-01-13,0.63707465,0.4653541,0.54260486,0.50169027,0.52918833
2019-11-15,0.6369093,0.4652662,0.5425326,0.50146556,0.5290274
2022-08-18,0.6323056,0.46144608,0.5384333,0.49772835,0.5267777
2022-02-05,0.6369191,0.46522683,0.54247284,0.5015476,0.5290589
2023-04-24,0.63677853,0.46522748,0.5424036,0.501492,0.52912366
2020-07-02,0.6360104,0.46454996,0.54190797,0.50088555,0.5285146
2021-09-27,0.6354641,0.46437302,0.5414056,0.50037056,0.5279828
2022-09-12,0.6335351,0.46341106,0.5403622,0.4989339,0.5264508
2021-09-06,0.63573515,0.46481097,0.5417944,0.50069696,0.52819115
2024-11-02,0.63618916,0.4652353,0.54156774,0.5007727,0.52827656
2021-07-30,0.63570035,0.46433422,0.54206234,0.5006714,0.5280987
2019-11-21,0.6369242,0.46528447,0.5425546,0.50153583,0.52907825
2021-03-02,0.6365421,0.4650901,0.5422683,0.5012927,0.5289046
2024-08-08,0.6364542,0.46492168,0.5421329,0.50113654,0.52864045
2022-03-01,0.63634944,0.46478486,0.541971,0.5008924,0.5289108
2022-02-19,0.63674456,0.465111,0.5423214,0.50133157,0.52906984
2023-04-06,0.6359922,0.46449655,0.5416416,0.5007948,0.52814287
2023-11-08,0.63629097,0.4647067,0.54198945,0.5009278,0.52841556
2021-08-02,0.6352423,0.46380728,0.5417167,0.4999746,0.52839655
2021-07-28,0.635842,0.46457604,0.5421996,0.50080484,0.5283808
2021-12-29,0.6370614,0.46535385,0.54260725,0.501689,0.5292191
2024-01-13,0.6369964,0.46531507,0.5425591,0.50165635,0.5291578
2023-04-27,0.63641435,0.46520242,0.5422011,0.5012687,0.5290067
2021-02-23,0.6368645,0.4652572,0.5424713,0.5015249,0.52906626
2022-04-20,0.6365748,0.46503237,0.5421903,0.50130093,0.5288062
2020-03-08,0.6362001,0.46466565,0.54180545,0.50069976,0.52880174
2024-09-10,0.63574123,0.46441245,0.5415499,0.50057954,0.5280044
2022-07-02,0.635168,0.46401316,0.5413573,0.50002986,0.5273314
2022-12-22,0.63756204,0.46564844,0.54309213,0.5020844,0.52971333
2019-12-04,0.6369285,0.46532318,0.5425771,0.5016359,0.52912706
2019-10-10,0.6362634,0.4646728,0.54195726,0.5009638,0.5284454
2024-05-03,0.63649255,0.46513906,0.5421428,0.50152004,0.52891356
2019-12-01,0.6369259,0.4653079,0.5425739,0.5016116,0.5291024
2022-01-27,0.63698524,0.4652765,0.542527,0.5016113,0.52910984
2020-08-19,0.63632524,0.46483976,0.54205835,0.5011157,0.52863777
2022-11-02,0.63654524,0.4649421,0.542186,0.50124204,0.52877617
2024-01-23,0.63690615,0.4652382,0.5424797,0.50154454,0.5290914
2024-06-06,0.6364575,0.46490812,0.542141,0.5011659,0.52868974
2021-01-14,0.6369262,0.46525836,0.5424914,0.5015305,0.5291157
2022-05-11,0.63648665,0.465054,0.5422901,0.5014253,0.5287752
2023-06-06,0.6358776,0.46448344,0.5416196,0.50065786,0.5282559
2021-07-21,0.63599473,0.4642804,0.5417962,0.500762,0.52771014
2024-05-07,0.6365318,0.46522337,0.5421525,0.50159687,0.52906847
2023-02-19,0.6369191,0.46510667,0.5427073,0.50163764,0.5291952
2024-11-20,0.636761,0.46537563,0.54213965,0.5012903,0.5288027
2020-06-13,0.6356887,0.4646587,0.5414766,0.5004926,0.5277762
2023-05-29,0.63676924,0.46513638,0.5424292,0.50133765,0.52905154
2020-10-20,0.6364863,0.46488813,0.5421173,0.50098395,0.5286545
2023-12-22,0.63698864,0.4653049,0.5425633,0.50163275,0.5291641
2024-04-05,0.6365599,0.4650126,0.5421782,0.50131464,0.52874327
2024-12-02,0.6369038,0.46542308,0.5423137,0.5014474,0.5289482
2021-05-28,0.63629687,0.4633911,0.54250276,0.5008461,0.527931
2023-07-30,0.6360394,0.46450356,0.5417568,0.5008405,0.5283384
2021-10-06,0.63544315,0.46408442,0.54136264,0.5003057,0.5277602
2021-11-08,0.63624775,0.4646727,0.542124,0.50114566,0.5282282
2019-11-03,0.6369114,0.46526352,0.5425291,0.5014322,0.52900255
2024-05-25,0.63605577,0.46463153,0.54203886,0.5007201,0.52821076
2023-09-30,0.6332557,0.46233734,0.5396285,0.49847385,0.52567977
2023-03-05,0.63650143,0.46490118,0.5424329,0.5014843,0.52874494
2023-07-21,0.6358967,0.46448565,0.54170555,0.50071275,0.52825785
2023-02-06,0.6376299,0.4656676,0.5432251,0.5021538,0.52982605
2020-03-18,0.63677,0.4651929,0.54235375,0.50149095,0.5290268
2021-01-30,0.6365534,0.46493435,0.5421302,0.5010664,0.5289365
2021-01-01,0.636968,0.4652751,0.54252476,0.5015798,0.5291014
2019-11-19,0.6369433,0.4652849,0.54255193,0.50152045,0.52907085
2023-04-30,0.63671076,0.46522933,0.5423674,0.5014745,0.52900606
2022-07-21,0.63545316,0.46437195,0.54131395,0.5002532,0.5278629
2019-05-18,0.63666576,0.46501055,0.54219556,0.5013332,0.52881444
2020-10-29,0.63678163,0.46515793,0.54238254,0.50138336,0.52898383
2023-11-20,0.636791,0.46522552,0.54233956,0.50138545,0.5289155
2020-10-17,0.6365258,0.46494025,0.54217285,0.50102395,0.52867216
2020-04-07,0.6352797,0.46423072,0.54128265,0.50041974,0.5280408
2021-10-04,0.63553065,0.4641851,0.5414618,0.5003895,0.52794135
2020-07-18,0.63635707,0.46495652,0.54210097,0.5011385,0.5286814
2023-05-21,0.6367851,0.46521583,0.54245424,0.5014873,0.52908134
2021-09-17,0.6360129,0.46497017,0.5419864,0.50094384,0.52852577
2024-03-11,0.63592166,0.46463495,0.5417288,0.5008494,0.5285039
2024-01-17,0.63696986,0.46529478,0.5425341,0.5016205,0.5291353
2024-06-23,0.63626105,0.46466076,0.5420827,0.50104076,0.5283568
2021-10-29,0.63514745,0.46366507,0.5412669,0.50037706,0.5264901
2023-01-15,0.6377855,0.4657867,0.54339105,0.50230455,0.5300505
2024-09-24,0.634306,0.46270564,0.53984696,0.49888727,0.5266856
2023-09-19,0.6330531,0.46215996,0.5394027,0.49825835,0.5255634
2024-04-03,0.636708,0.4651342,0.54229695,0.5014205,0.52888066
2019-10-28,0.63672835,0.4651177,0.5422834,0.50119627,0.5287803
2024-03-02,0.6355199,0.46454033,0.54175305,0.5010342,0.52823925
2022-09-01,0.6338078,0.46322095,0.54018104,0.49907136,0.5269351
2023-10-03,0.6332339,0.46230534,0.53942287,0.49842575,0.52581877
2023-01-14,0.637761,0.46576342,0.5433993,0.502279,0.53007174
2022-01-07,0.6370851,0.46536654,0.5426177,0.5017045,0.52920187
2022-07-31,0.63658494,0.46500373,0.5422121,0.5012491,0.52880794
2024-09-07,0.63532674,0.46408173,0.5412303,0.500215,0.52768517
2019-09-20,0.63477063,0.4631894,0.54071957,0.49917957,0.5269383
2019-03-31,0.6350583,0.46389326,0.5409516,0.5000879,0.5276559
2020-11-03,0.6368927,0.4652553,0.5424681,0.5014604,0.52901477
2022-08-30,0.63057023,0.46037182,0.5371758,0.4964725,0.5259646
2019-05-22,0.636655,0.46502808,0.5421819,0.50133115,0.52884907
2022-04-07,0.63657147,0.46506035,0.54222107,0.5013205,0.5289202
2023-04-16,0.6359208,0.4645909,0.54172516,0.5008433,0.52832013
2022-06-02,0.63638526,0.46498775,0.5422708,0.50122434,0.52874047
2021-06-08,0.6365139,0.46492577,0.54217637,0.50131387,0.5287584
2020-11-15,0.6369048,0.46525836,0.5424864,0.5014642,0.5290212
2020-02-16,0.6366951,0.46513617,0.54221386,0.50142246,0.5290659
2023-10-20,0.6353689,0.46400648,0.5412419,0.50013286,0.52764976
2023-01-05,0.63780063,0.46578723,0.54336,0.5022775,0.5300071
2021-01-20,0.63685197,0.46517578,0.5424115,0.5014357,0.52903706
2023-05-02,0.63669187,0.4652153,0.54234165,0.50147116,0.52895385
2020-11-04,0.636949,0.4652851,0.5425058,0.50151503,0.5290871
2023-01-12,0.6377771,0.4657802,0.54338133,0.50229067,0.5300468
2019-05-08,0.6368243,0.4651533,0.54236895,0.50146127,0.52897155
2020-03-10,0.63653225,0.46497262,0.5421615,0.5011534,0.52895504
2022-05-31,0.6364155,0.46501648,0.5424371,0.5012039,0.5287581
2024-01-31,0.6367253,0.46510348,0.5423863,0.50142974,0.52894586
2019-06-27,0.63518447,0.46392676,0.5413091,0.50026375,0.52788335
2023-12-01,0.6369514,0.46529666,0.54248506,0.50152844,0.5290631
2023-06-23,0.6358837,0.46463346,0.5417954,0.5008244,0.5284231
2024-08-21,0.6361288,0.46457028,0.5418071,0.50087225,0.5283465
2020-05-15,0.63674766,0.46509558,0.54235625,0.50142103,0.5289724
2019-12-10,0.6369279,0.46533173,0.54257137,0.50166464,0.529142
2024-09-17,0.63588977,0.46454528,0.5418607,0.50076336,0.52814156
2020-08-25,0.6363392,0.46491355,0.5422066,0.50118095,0.52863663
2024-10-31,0.63614947,0.46513978,0.5415958,0.5007832,0.52833444
2022-08-02,0.6364744,0.46492365,0.54213256,0.5011501,0.52869904
2023-09-20,0.6330532,0.46208787,0.53941226,0.49823362,0.52551436
2024-07-29,0.63590294,0.46468145,0.5417605,0.50076187,0.52823555
2020-08-23,0.6362558,0.46496084,0.54210377,0.5011747,0.5285968
2023-03-08,0.636698,0.46503767,0.5424545,0.50153273,0.52889097
2020-07-29,0.6365854,0.4650288,0.5422202,0.50131583,0.528833
2021-05-20,0.63688314,0.4651792,0.5424404,0.5015348,0.52905977
2023-08-09,0.6356704,0.46419835,0.5414654,0.5004984,0.527972
2019-07-04,0.6360314,0.46457377,0.54181075,0.5007878,0.5283744
2024-07-02,0.63561493,0.46431693,0.5417861,0.500601,0.5279931
2023-06-18,0.6358956,0.46465313,0.541772,0.50089544,0.52836174
2022-07-27,0.63604,0.46465045,0.5417332,0.5007676,0.52836484
2020-01-31,0.6368238,0.46517748,0.5423557,0.5015022,0.5290235
2020-12-16,0.6370179,0.46532193,0.5425886,0.50164646,0.52915853
2023-10-21,0.635508,0.4640913,0.54133004,0.50024086,0.5277752
2019-10-01,0.6358092,0.46421477,0.54151744,0.5004386,0.52793294
2020-09-29,0.63647336,0.46500096,0.54219395,0.5012179,0.52869546
2020-08-10,0.63659775,0.46501994,0.54221743,0.5012926,0.5288536
2024-06-20,0.6359586,0.46457136,0.5419612,0.5007556,0.5280659
2020-04-15,0.6364558,0.4649385,0.5421013,0.5011622,0.5288325
2023-11-10,0.6363619,0.46478042,0.54202837,0.50094795,0.52843285
2024-09-23,0.63344556,0.46197858,0.5389992,0.49813747,0.5260072
2023-06-02,0.636141,0.4646244,0.5417671,0.50089014,0.5284181
2021-02-02,0.63644516,0.46484444,0.54203475,0.50094783,0.5288834
2024-08-25,0.63585424,0.46438238,0.54155564,0.5006978,0.5280451
2020-11-01,0.6368605,0.4652243,0.54245216,0.5014131,0.5289956
2021-03-25,0.63354385,0.462672,0.53979754,0.49884576,0.52606374
2023-01-08,0.63771033,0.4657534,0.54330575,0.50224656,0.5299418
2021-05-02,0.63679975,0.46518537,0.54237896,0.5015092,0.5289877
2022-08-31,0.63368446,0.46318126,0.54010916,0.49898472,0.52689403
2024-11-09,0.6363886,0.46531844,0.54167837,0.5009317,0.52837646
2019-05-05,0.63686836,0.46518382,0.54241365,0.5015018,0.5290202
2023-01-29,0.6376938,0.46568644,0.54328895,0.5021879,0.529891
2022-03-08,0.6363179,0.4647867,0.5419691,0.5009022,0.52890205
2020-06-26,0.63588315,0.46441975,0.5417661,0.50085497,0.52813077
2019-09-07,0.63517797,0.46407673,0.54128665,0.50016665,0.5276348
2024-01-19,0.6369631,0.46528736,0.5425196,0.50160015,0.5291378
2022-08-25,0.62896866,0.45875874,0.53552526,0.49518007,0.5258079
2024-07-01,0.63560545,0.46429288,0.5416869,0.50056,0.5279117
2021-07-18,0.6352945,0.46369183,0.5414792,0.5005224,0.526717
2024-03-24,0.6366248,0.46511522,0.5422738,0.5013356,0.5289745
2022-06-17,0.63571244,0.46444362,0.5416164,0.5006552,0.52809024
2024-12-27,0.6369873,0.46544173,0.54241246,0.5015341,0.5290002
2019-05-11,0.6367066,0.4650538,0.5422838,0.50136125,0.5289219
2019-10-06,0.63602287,0.4644638,0.5417881,0.50075984,0.52821124
2023-03-20,0.6347309,0.4634862,0.5405374,0.49977896,0.5269062
2024-04-16,0.63690245,0.46525803,0.5424827,0.5015737,0.5290556
2024-08-07,0.63648975,0.4649192,0.5421595,0.50114787,0.5286802
2022-02-12,0.63677734,0.46509975,0.54235196,0.5013985,0.5289611
2022-06-15,0.63579315,0.46452886,0.5417063,0.5007619,0.52825165
2020-06-24,0.6340907,0.46268883,0.54049927,0.49971864,0.5252335
2022-07-28,0.63616323,0.4647243,0.54185826,0.50089264,0.52846444
2023-12-24,0.63700163,0.46531284,0.54258746,0.5016536,0.5291637
2021-01-09,0.6369564,0.4652758,0.54251206,0.50157416,0.5291082
2019-05-20,0.63666993,0.46501818,0.54221064,0.5013252,0.5288664
2022-12-01,0.63762796,0.46567965,0.5431906,0.5021071,0.5297788
2024-06-30,0.6356915,0.46435893,0.5416891,0.50065315,0.5280425
2022-11-15,0.63695276,0.46527094,0.54263335,0.50162476,0.52914184
2019-08-28,0.63288337,0.4631897,0.54007053,0.4985321,0.52649015
2021-12-01,0.63713187,0.4654253,0.5427159,0.50178504,0.5293214
2024-01-08,0.6370032,0.46532214,0.5425722,0.501657,0.5291724
2023-11-18,0.63676494,0.4652028,0.5423194,0.50136834,0.5289084
2020-11-16,0.63690996,0.46527678,0.5424914,0.5014761,0.52899855
2020-06-05,0.63647693,0.46500272,0.5422392,0.5012496,0.52877074
2019-12-23,0.63701063,0.46535158,0.5425949,0.50169265,0.5291903
2021-02-17,0.6366432,0.46505365,0.5422797,0.50124735,0.5290361
2019-06-14,0.6356664,0.46433422,0.54161704,0.5004289,0.528037
2020-03-11,0.6364892,0.4649591,0.5421246,0.5011297,0.5289511
2022-04-12,0.63638985,0.46483162,0.5420012,0.50113803,0.5285488
2024-05-29,0.6365096,0.464991,0.5422812,0.50117123,0.5287068
2019-10-22,0.6367187,0.46504623,0.54229176,0.501231,0.52879846
2020-01-02,0.6370605,0.4653671,0.5426068,0.5016988,0.5291836
2024-05-02,0.63660634,0.4651406,0.54226923,0.5014766,0.52896196
2023-10-06,0.6334693,0.4625067,0.53974277,0.49864274,0.5258579
2020-01-28,0.6369508,0.46528032,0.542483,0.5016098,0.52911526
2023-05-03,0.6367992,0.46525195,0.5424191,0.50153685,0.5290083
2019-10-03,0.6358062,0.4642454,0.54156655,0.50049406,0.52798057
2020-08-06,0.6365029,0.46498045,0.5421497,0.501273,0.52873385
2022-02-01,0.6370169,0.46531093,0.5425554,0.50163704,0.52915615
2022-01-04,0.6370613,0.4653468,0.5425959,0.501685,0.52919227
2020-10-14,0.6365782,0.4649926,0.54217964,0.50116736,0.5287444
2023-10-17,0.6348332,0.46355245,0.54085445,0.4996649,0.527022
2020-04-22,0.63670164,0.46507046,0.5422759,0.5013686,0.5288583
2019-07-24,0.6346457,0.4633564,0.5404415,0.4996481,0.52738863
2020-05-30,0.63606596,0.46451262,0.54173297,0.5007894,0.52833647
2023-08-30,0.63426274,0.46315283,0.540207,0.49932694,0.52683216
2022-01-19,0.6370539,0.46533072,0.54258394,0.5016663,0.52916473
2022-12-29,0.63779193,0.4657826,0.54332095,0.50226843,0.5299574
2022-11-22,0.6373103,0.4654745,0.5429193,0.501882,0.52947515
2019-11-10,0.6369217,0.46526352,0.54254353,0.5014704,0.5290228
2024-05-30,0.6365173,0.46502525,0.54227126,0.50121415,0.5287634
2020-08-13,0.63639116,0.46488345,0.5420448,0.5011251,0.52868
2024-08-30,0.6351079,0.4637737,0.54092824,0.49998093,0.527502
2019-10-13,0.63628346,0.46467847,0.5419288,0.5009161,0.52845514
2019-04-28,0.6366893,0.46506897,0.54227,0.5013813,0.52889115
2023-10-25,0.6357845,0.46433672,0.5414859,0.50048417,0.5280246
2020-10-13,0.6365366,0.464974,0.5421731,0.5011588,0.5287516
2019-09-04,0.63258636,0.46332943,0.54018056,0.49834716,0.52598464
2024-05-08,0.63644147,0.4652244,0.5422898,0.5016735,0.52901024
2024-10-14,0.6361577,0.4649555,0.5416488,0.5007215,0.528251
2020-02-18,0.63668853,0.465114,0.54223734,0.5013791,0.5290552
2023-03-28,0.63642764,0.46491355,0.54218173,0.5013082,0.5287219
2021-07-23,0.6348907,0.4633515,0.54117316,0.49982268,0.5263911
2021-07-22,0.63532466,0.46357477,0.5413718,0.5001867,0.526748
2019-11-30,0.6368928,0.46530128,0.5425548,0.50159585,0.52909064
2021-11-10,0.63675267,0.46515706,0.5425,0.5014719,0.52899253
2019-08-23,0.6342771,0.46342102,0.54049754,0.4994389,0.52730244
2022-06-14,0.6357191,0.4643523,0.5415948,0.50060266,0.5281265
2023-04-18,0.6362393,0.46484455,0.54200155,0.50110775,0.5286819
2021-05-03,0.63676584,0.4651541,0.5423415,0.50147307,0.52894884
2021-01-06,0.63697654,0.46530417,0.5425376,0.50160843,0.5291508
2024-11-21,0.6368227,0.46532798,0.54227877,0.5013992,0.52893835
2019-09-17,0.634364,0.46283427,0.5404116,0.49879563,0.52645683
2021-12-10,0.63705957,0.4653931,0.54267657,0.50178057,0.52928233
2020-02-21,0.63667274,0.46510723,0.54225075,0.5013331,0.5290421
2022-01-17,0.63706374,0.46533877,0.5425907,0.50167614,0.5291816
2020-07-13,0.63535947,0.4639914,0.54116195,0.50023764,0.527891
2019-12-28,0.6370113,0.46535045,0.5425933,0.50168204,0.52917594
2022-08-09,0.63578534,0.4644099,0.5415581,0.50062704,0.52820736
2020-01-05,0.6370572,0.46536103,0.5426061,0.50169706,0.5291761
2023-03-26,0.6358988,0.46442738,0.5415515,0.50072545,0.5281796
2021-06-25,0.636325,0.4649713,0.5420734,0.5010466,0.52861226
2023-08-18,0.6352087,0.4637821,0.54106385,0.5002016,0.5276417
2023-10-11,0.6337887,0.4627635,0.54016894,0.49882913,0.5260842
2019-11-16,0.63697755,0.46529624,0.5425703,0.50149614,0.5290738
2024-12-21,0.63689744,0.46546313,0.5423565,0.501481,0.52900183
2024-10-20,0.63605535,0.46477404,0.54149896,0.5004549,0.5283004
2022-03-14,0.6364,0.46490696,0.54217243,0.50123686,0.5288012
2020-11-26,0.6369487,0.46529222,0.5425826,0.5015203,0.5290673
2020-03-25,0.6367562,0.46522966,0.5424184,0.5014949,0.529127
2021-11-29,0.6371307,0.46544892,0.54268396,0.5017607,0.5292805
2021-03-24,0.63399535,0.46302187,0.5401473,0.4991984,0.52658516
2021-05-21,0.63686997,0.4651565,0.5424424,0.501518,0.5291057
2023-07-08,0.6345115,0.46347073,0.5406294,0.49977538,0.5271894
2024-07-18,0.6354076,0.46416906,0.54132277,0.50012803,0.5276981
2023-04-13,0.63617295,0.46474457,0.5418759,0.50102377,0.5285178
2024-08-14,0.6363006,0.46476528,0.5419626,0.5009998,0.52854156
2020-09-30,0.63637555,0.46498024,0.54213077,0.5011477,0.52864385
2023-09-18,0.6327841,0.4620912,0.53946847,0.49799228,0.52537453
2019-10-15,0.63640255,0.4647701,0.54199636,0.50098234,0.52851146
2024-01-22,0.63690877,0.4652516,0.5425024,0.50157756,0.52910674
2020-05-29,0.6363914,0.46479586,0.5420528,0.5010925,0.5286453
2019-09-14,0.6351348,0.46345225,0.54109097,0.49961954,0.5272212
2023-09-10,0.63068795,0.46024936,0.5371791,0.4961387,0.52371377
2024-02-14,0.63592076,0.464538,0.541895,0.5007282,0.5283725
2021-10-27,0.63513625,0.46367994,0.5412385,0.5003458,0.5264737
2022-09-22,0.63237,0.46284473,0.53974783,0.49806324,0.52551824
2019-09-09,0.6355755,0.46413094,0.54142797,0.50039715,0.52782154
2024-04-08,0.63677496,0.4651863,0.5423676,0.5014904,0.5289269
2021-03-16,0.636318,0.4648678,0.5420927,0.50111747,0.528702
2024-12-10,0.6369493,0.46541137,0.5423954,0.501511,0.5290154
2019-05-30,0.63613683,0.46402857,0.5419663,0.5007039,0.5281454
2020-11-09,0.63691247,0.46526974,0.54249686,0.5014688,0.5290524
2022-03-13,0.6365244,0.46500188,0.54229814,0.50135434,0.52889866
2024-05-11,0.63639814,0.46515092,0.54208875,0.5015875,0.528999
2022-12-13,0.6374665,0.4655706,0.5430057,0.50200397,0.52957386
2020-04-28,0.63683116,0.4651726,0.54238236,0.5014942,0.5289635
2024-03-23,0.6366074,0.46510026,0.54225874,0.5013091,0.52891916
2021-09-16,0.63595176,0.46497488,0.5420101,0.5009622,0.5285188
2022-12-03,0.6376263,0.46565711,0.5432036,0.5021315,0.52980256
2020-07-01,0.6364211,0.46490458,0.5421478,0.5012579,0.528863
2024-10-10,0.6361618,0.46492317,0.5417768,0.50083977,0.528336
2023-12-30,0.63696414,0.46529457,0.54256314,0.5016223,0.52914375
2023-10-13,0.6340666,0.46300384,0.5403962,0.49907878,0.52631927
2024-11-24,0.63687867,0.46537223,0.54231036,0.50143343,0.52895296
2022-12-05,0.63762224,0.4656598,0.543202,0.5021161,0.52979875
2022-05-29,0.63643163,0.4649903,0.5424082,0.5011396,0.52877176
2021-10-07,0.635484,0.46407858,0.54138005,0.50035983,0.5276696
2022-01-05,0.6370867,0.46536902,0.5426207,0.5017102,0.5292146
2019-11-20,0.6369699,0.4652882,0.5425682,0.5015382,0.5290991
2019-05-31,0.63592833,0.46357948,0.54191685,0.50044197,0.52778983
2020-01-25,0.6369931,0.46530852,0.5425235,0.5016358,0.5291275
2020-04-18,0.6367739,0.46511823,0.54235655,0.50142443,0.52894956
2022-03-07,0.6362673,0.46473223,0.5418869,0.50078285,0.5288889
2021-06-21,0.635201,0.4639183,0.5410562,0.50011057,0.52786636
2024-01-27,0.6368039,0.46516532,0.54242855,0.5014928,0.5290052
2021-05-11,0.63677996,0.46514678,0.5423315,0.5014699,0.5289948
2024-03-01,0.63531154,0.4644352,0.5417123,0.5009892,0.5280938
2019-08-19,0.63523835,0.46408302,0.541255,0.5001875,0.527893
2020-08-30,0.6361783,0.46481925,0.54201084,0.5010931,0.5285723
2019-12-03,0.6369396,0.46533737,0.54259104,0.5016438,0.529129
2022-05-21,0.63637406,0.46480894,0.5421055,0.50100046,0.52860934
2021-08-08,0.63484055,0.46321303,0.5412051,0.49948663,0.52834404
2023-10-10,0.6337009,0.46269533,0.5400942,0.4988365,0.5260475
2021-09-22,0.63607,0.46483988,0.54187524,0.5009013,0.5284653
2024-04-09,0.6368201,0.46520075,0.5424274,0.5014965,0.5290182
2021-02-11,0.6364127,0.46479246,0.541961,0.50085515,0.52891684
2019-04-01,0.6356918,0.46448663,0.54159355,0.50068253,0.52838624
2021-11-24,0.6370807,0.46537358,0.5426796,0.5017347,0.52927166
2024-04-24,0.6368243,0.46521506,0.5424188,0.5015431,0.5290014
2023-08-24,0.6346473,0.4633592,0.54057574,0.49960384,0.52719414
2023-02-02,0.63781846,0.46576032,0.54346573,0.50230664,0.53007066
2023-02-28,0.6367338,0.46502694,0.54245996,0.50147194,0.52890986
2023-11-24,0.6368856,0.46528426,0.5424154,0.5014465,0.52899516
2021-02-07,0.63638467,0.46482605,0.5419958,0.5009323,0.52891594
2022-12-30,0.6375351,0.46562156,0.5430394,0.50205445,0.52963036
2023-10-01,0.63339186,0.46242797,0.53959453,0.4985707,0.52581906
2023-05-06,0.63686216,0.46525463,0.5424127,0.5015578,0.5289949
2019-12-31,0.6370453,0.4653585,0.5426007,0.5016965,0.5291769
2024-04-22,0.6366731,0.46508515,0.542285,0.50140804,0.5288551
2021-02-21,0.63685966,0.46527848,0.5425,0.5015211,0.52909535
2020-05-20,0.6366967,0.4650879,0.5423423,0.50139844,0.5289417
2021-06-24,0.63633895,0.46499014,0.54207635,0.50106335,0.5286233
2024-10-03,0.63599455,0.46484038,0.54185003,0.5008705,0.5283611
2021-04-22,0.6368164,0.4651932,0.54240084,0.5015019,0.5290075
2024-07-16,0.63542753,0.46423706,0.54147357,0.5003163,0.5276642
2023-04-07,0.63594484,0.46447036,0.54161835,0.5007576,0.5281773
2021-03-07,0.6367121,0.46517888,0.5424037,0.5014297,0.5290771
2023-03-07,0.6365434,0.46493596,0.54239404,0.5014523,0.52875286
2020-03-22,0.63693947,0.46532467,0.5425362,0.50162303,0.5291814
2024-10-12,0.6361441,0.46492776,0.5416834,0.5007775,0.52826184
2023-12-21,0.63700086,0.46531478,0.54258436,0.50164914,0.529171
2022-09-29,0.63246536,0.46288887,0.53983575,0.49807233,0.52562207
2022-05-28,0.63620573,0.46482667,0.5422116,0.50095636,0.5285683
2020-06-06,0.6365677,0.4650672,0.5423145,0.5013207,0.5288394
2022-06-04,0.63568515,0.46471745,0.5418724,0.5008759,0.5282842
2020-12-11,0.6370317,0.46533504,0.54260886,0.50166863,0.5291808
2020-12-19,0.63702387,0.46532446,0.5425769,0.5016493,0.5291568
2024-02-25,0.6348078,0.4640462,0.54179776,0.49982077,0.52761793
2022-11-01,0.6364264,0.46491,0.542057,0.5011233,0.5286583
2023-08-31,0.63395214,0.4629262,0.53999144,0.49908495,0.5266252
2022-11-07,0.63673055,0.4651193,0.5424521,0.50146675,0.52899927
2023-08-02,0.6360518,0.46449968,0.541784,0.5008607,0.5283183
2019-03-27,0.6360073,0.4646488,0.54178315,0.50087917,0.52844346
2020-05-07,0.6368013,0.46515825,0.5424057,0.5014958,0.5289826
2023-08-22,0.63493806,0.4635454,0.5407803,0.49989536,0.5273988
2023-09-08,0.6311341,0.46076468,0.5376343,0.4966664,0.5240933
2021-01-17,0.63691884,0.46524328,0.5424734,0.50151646,0.5291039
2024-01-25,0.63687557,0.4652124,0.54244006,0.50150585,0.52907234
2024-06-18,0.6365353,0.46504813,0.54229623,0.50126374,0.52866685
2023-04-14,0.63589996,0.46449336,0.5416659,0.5007906,0.52822524
2019-11-09,0.63692707,0.4652734,0.54253095,0.50146747,0.52900994
2021-10-17,0.63523066,0.46368352,0.5413924,0.50024843,0.52669996
2019-12-26,0.6370168,0.46535507,0.5426005,0.50169146,0.529181
2021-02-18,0.63669103,0.4651209,0.5423522,0.5013282,0.52902794
2023-02-18,0.6370276,0.46520242,0.54281366,0.50179005,0.5292974
2020-01-29,0.6369939,0.46532017,0.54253405,0.50164336,0.5291542
2021-10-02,0.63547057,0.46420503,0.5415041,0.50042933,0.52790326
2024-04-01,0.6366319,0.46508557,0.5422807,0.5013675,0.5288585
2022-09-13,0.63281775,0.463082,0.53994244,0.49835497,0.5259039
2022-05-30,0.6364502,0.46501827,0.5424329,0.5011842,0.5287899
2021-03-26,0.6335673,0.46272713,0.5398487,0.49894103,0.52618206
2021-03-09,0.63661295,0.46512854,0.5423653,0.5013673,0.52904224
2024-05-13,0.63570267,0.4642489,0.5414314,0.50052106,0.52804077
2019-11-08,0.636961,0.46527508,0.54256964,0.5014731,0.5290288
2021-06-13,0.6355141,0.46407783,0.54124755,0.50035846,0.5279703
2023-06-19,0.63600075,0.46468237,0.5418807,0.500936,0.52842337
2021-01-31,0.63648784,0.46488246,0.5420731,0.5009943,0.5289108
2022-04-08,0.6366492,0.46518683,0.5423459,0.5014264,0.52900815
2022-07-08,0.6350472,0.46394715,0.5411239,0.4999832,0.5273412
2020-02-02,0.6369113,0.4652629,0.5424577,0.5015848,0.52910817
2021-05-08,0.6367434,0.46512878,0.5422882,0.5014595,0.5289207
2020-04-06,0.63501936,0.46403056,0.5410935,0.50022656,0.5277802
2021-10-09,0.63551956,0.46401983,0.54152614,0.50037664,0.52761865
2021-03-28,0.6353097,0.46410096,0.5413023,0.50033444,0.52782065
2019-09-06,0.63467246,0.46399626,0.54109937,0.49979827,0.52735686
2021-03-08,0.6365598,0.46504727,0.5422812,0.50130653,0.52890164
2021-09-03,0.6360786,0.4648247,0.54202557,0.50079143,0.5283921
2023-07-25,0.6362496,0.46473148,0.54195595,0.5010261,0.52855134
2022-12-17,0.6376808,0.46569455,0.5432006,0.50217515,0.52981406
2020-11-28,0.6369627,0.4652925,0.5425803,0.5015651,0.5290999
2022-03-16,0.6361873,0.46478042,0.5420091,0.5010685,0.52868396
2020-01-24,0.63698244,0.465299,0.5425308,0.5016264,0.52912295
2024-08-11,0.6363813,0.46480483,0.5420339,0.5010395,0.5285596
2020-09-20,0.6354895,0.46468908,0.5415395,0.5005559,0.52800965
2024-05-18,0.63331604,0.46220827,0.5393233,0.49837926,0.52575624
2023-03-21,0.6359631,0.4646795,0.54173297,0.5009427,0.5283228
2022-11-18,0.6370987,0.46533376,0.5427405,0.50171036,0.5292625
2023-01-26,0.637714,0.46571776,0.5433514,0.50223213,0.53000134
2021-04-04,0.6357008,0.46446028,0.5416405,0.50068635,0.5283142
2020-10-19,0.6364834,0.46490034,0.5420943,0.5009858,0.5286257
2020-02-12,0.6368216,0.46521515,0.54235,0.5015181,0.52910256
2019-05-29,0.63619274,0.46439266,0.5418463,0.50083953,0.528377
2020-09-01,0.6360746,0.46474436,0.5418994,0.50098336,0.52839905
2020-01-30,0.6369393,0.46528107,0.54247767,0.50160503,0.5291107
2023-06-15,0.6360477,0.46487576,0.5418412,0.5009513,0.5284181
2019-04-17,0.636254,0.46477538,0.5418778,0.50104654,0.52850217
2023-05-05,0.63687027,0.46529096,0.5424299,0.5015901,0.5290165
2021-03-13,0.6365435,0.46504086,0.5422715,0.5013081,0.5288884
2024-02-24,0.6349606,0.46411473,0.5418042,0.4998968,0.5277437
2024-05-23,0.6359599,0.4645302,0.541876,0.50062644,0.52817947
2020-10-27,0.6366765,0.46508408,0.54231536,0.5012844,0.5288927
2020-07-31,0.636477,0.46498024,0.5421414,0.50123477,0.52877563
2022-05-20,0.63647646,0.4648896,0.54220116,0.5011149,0.52866834
2020-06-02,0.6354907,0.46409324,0.54125655,0.50030386,0.52781266
2024-11-06,0.63629544,0.46529013,0.54155517,0.5008201,0.5282818
2024-01-21,0.63692814,0.4652665,0.5425077,0.5015821,0.5291111
2024-09-15,0.6359137,0.46454012,0.5418148,0.5007554,0.5281572
2022-04-30,0.6362606,0.46479562,0.54202294,0.50114477,0.52848524
2019-05-23,0.63653773,0.46492973,0.5420785,0.5012382,0.5287288
2024-05-09,0.6364436,0.46530014,0.5423415,0.50180537,0.52899975
2022-01-02,0.63702697,0.465314,0.5425629,0.5016518,0.5291742
2021-01-22,0.63676256,0.46510658,0.54233235,0.50135696,0.5289779
2021-12-21,0.6370417,0.46537977,0.54260427,0.5017077,0.5292054
2021-04-29,0.63678676,0.46515557,0.54235786,0.50148517,0.5289842
2021-09-12,0.6356471,0.46489462,0.5418529,0.5008364,0.52833945
2021-11-26,0.6371003,0.46540114,0.54267704,0.5017414,0.5292751
2022-01-10,0.6370818,0.4653586,0.542612,0.50169927,0.5292003
2023-10-24,0.63576466,0.46431354,0.5414682,0.5004246,0.5279983
2023-05-15,0.6367464,0.46519014,0.54241765,0.50151575,0.5290803
2019-05-13,0.6366862,0.46503696,0.5422545,0.5013499,0.5288647
2024-03-22,0.636306,0.46491304,0.54202676,0.50111675,0.5286253
2024-07-20,0.63525087,0.46413156,0.5411526,0.49998677,0.52764606
2021-06-16,0.6346204,0.46335065,0.5404414,0.49957168,0.52719283
2023-01-11,0.6378176,0.4658181,0.5433832,0.50232327,0.5300383
2023-07-16,0.63607144,0.46466762,0.54186136,0.50091493,0.5284735
2024-02-09,0.6363091,0.46478975,0.5420685,0.50101274,0.5286328
2022-06-27,0.63600177,0.46462277,0.54194903,0.5007592,0.52821636
2019-12-22,0.63698256,0.46534023,0.5425867,0.5016845,0.5291747
2021-12-06,0.63706917,0.4653838,0.5426646,0.5017493,0.5292692
2021-06-07,0.63629764,0.46481586,0.542043,0.5012085,0.52863
2021-06-19,0.6346645,0.463427,0.54052234,0.49967048,0.52740896
2021-12-27,0.6370236,0.4653339,0.5425808,0.5016697,0.52919245
2019-10-05,0.6359662,0.4644181,0.5417324,0.50069493,0.5281916
2020-06-01,0.6356362,0.46418703,0.5413567,0.50041,0.52792794
2024-07-22,0.63405734,0.46313763,0.5401297,0.49920157,0.5268638
2024-03-08,0.6356705,0.46461412,0.54162866,0.5009034,0.5283605
2022-09-05,0.6341449,0.46372864,0.54069185,0.4993769,0.52698606
2019-09-02,0.63301647,0.46378914,0.5405918,0.49872345,0.5264465
2022-12-27,0.63779604,0.46578577,0.5433069,0.5022544,0.5299396
2021-10-24,0.6355473,0.46408504,0.5415138,0.5005917,0.5271134
2024-08-24,0.6358442,0.46433052,0.54149586,0.50060314,0.52803487
2024-04-15,0.63671297,0.46511224,0.54232055,0.50142324,0.52888495
2022-09-17,0.6330722,0.46324816,0.5401418,0.4986575,0.5261124
2020-12-25,0.63700277,0.4653065,0.5425701,0.50162566,0.52914333
2023-01-01,0.6377476,0.46577355,0.54328024,0.50223184,0.52990776
2019-11-23,0.6369072,0.4652822,0.5425339,0.501543,0.52907634
2023-05-12,0.63677084,0.46520302,0.5423996,0.50152934,0.52901876
2019-06-05,0.6360945,0.46451768,0.5419665,0.50093985,0.5283542
2023-12-20,0.6370088,0.4653207,0.5425834,0.5016516,0.52916694
2019-10-31,0.6369035,0.46523792,0.54249936,0.5014094,0.52899456
2023-07-01,0.6341414,0.46304703,0.54003865,0.49931288,0.5268439
2022-09-03,0.634257,0.46369573,0.5406749,0.49947295,0.52706754
2021-08-15,0.6361886,0.46485165,0.5419928,0.50101835,0.52856684
2022-06-16,0.63583887,0.46453694,0.54173076,0.50076586,0.5282189
2021-02-13,0.6364584,0.46482527,0.54201275,0.5009255,0.52893424
2023-10-09,0.63336676,0.46248314,0.53976345,0.49854216,0.5257413
2020-05-14,0.6367683,0.4650961,0.5423469,0.50141364,0.52897257
2024-05-06,0.63641304,0.46513596,0.5420643,0.50152415,0.5289953
2020-06-12,0.63606924,0.46476096,0.5417167,0.5007478,0.5281393
2023-05-08,0.63687915,0.46524623,0.54241645,0.5015548,0.5290316
2021-12-09,0.63703173,0.4654218,0.54262704,0.50173074,0.5292518
2023-06-05,0.6356403,0.46427026,0.54136527,0.50047237,0.5280256
2021-02-08,0.63638526,0.46480587,0.54197055,0.5008979,0.52892464
2024-12-12,0.6369863,0.46537903,0.542487,0.50158423,0.5290929
2023-04-17,0.63595974,0.46466076,0.54180616,0.50089484,0.52850485
2022-11-14,0.6369604,0.46526536,0.5426097,0.5016171,0.5291358
2022-06-05,0.6358062,0.4647555,0.54189533,0.5008764,0.5283509
2019-07-17,0.636237,0.46471244,0.54192895,0.500915,0.5285675
2020-03-04,0.63604724,0.46456122,0.54170376,0.5005454,0.5287519
2021-05-10,0.6368476,0.46519437,0.5423886,0.5015149,0.5290414
2021-09-21,0.6361103,0.46490598,0.5419237,0.5009732,0.52850586
2023-11-28,0.63692,0.4652506,0.54248786,0.5015222,0.5290651
2022-08-23,0.63106465,0.4605487,0.53741246,0.49683276,0.5264689
2023-12-07,0.6369697,0.46528858,0.5425664,0.501609,0.5291439
2021-08-03,0.63531095,0.46375346,0.54176694,0.5000545,0.52848065
2020-09-14,0.63514197,0.4641252,0.5413031,0.5003118,0.5273256
2024-11-17,0.63665265,0.46536613,0.5419758,0.50115645,0.52865356
2019-10-16,0.63642746,0.46479928,0.5420121,0.5009992,0.52854574
2022-03-26,0.63616705,0.46492726,0.542067,0.50112724,0.5288886
2020-08-27,0.6361619,0.46481976,0.5419928,0.5010679,0.5284956
2024-12-26,0.6369697,0.46543905,0.5423972,0.5015211,0.5290019
2024-11-18,0.6367441,0.46536726,0.5421221,0.50128514,0.52878916
2023-01-02,0.63777024,0.46580878,0.54330146,0.5022507,0.5299136
2023-01-13,0.6377847,0.46580252,0.5433744,0.5022785,0.53005546
2023-03-31,0.6361288,0.46461412,0.54173434,0.50091577,0.5283562
2019-09-15,0.6347169,0.46307647,0.54072493,0.499156,0.52675986
2022-02-22,0.6366151,0.4650009,0.5422066,0.5011832,0.529029
2021-02-05,0.63639164,0.4648,0.54203254,0.50093776,0.5288792
2022-12-18,0.6377078,0.46572334,0.54323304,0.50218374,0.52982265
2019-09-26,0.6354996,0.4639227,0.54126513,0.50002706,0.52770805
2022-06-19,0.63595754,0.46466416,0.54188085,0.50089794,0.52836215
2021-10-26,0.63446456,0.46299314,0.540771,0.49990764,0.5253415
2024-09-22,0.6341955,0.46283767,0.53990865,0.49896562,0.5265862
2024-07-13,0.6352949,0.46407077,0.5414114,0.500365,0.5275499
2023-07-02,0.63424546,0.46315286,0.5400984,0.499377,0.5268641
2021-07-29,0.63567364,0.46431613,0.54209703,0.50072056,0.52808976
2020-07-04,0.63572925,0.46436793,0.5417046,0.5006496,0.5282811
2024-06-05,0.63648516,0.46494767,0.5421748,0.5012005,0.5286933
2020-04-04,0.6362,0.46489498,0.5420811,0.5011324,0.52889454
2024-05-04,0.6364643,0.46513978,0.54202706,0.5015354,0.5290544
2020-06-10,0.6367963,0.46514505,0.5423904,0.5014269,0.5289594
2023-05-24,0.63664836,0.46508238,0.5424442,0.50129104,0.5289781
2022-04-03,0.6365027,0.4651008,0.54223776,0.5013379,0.52897877
2021-09-07,0.6358003,0.46483713,0.54185885,0.5008132,0.5282663
2022-07-06,0.6352367,0.46409827,0.5412424,0.50008017,0.52753353
2021-03-05,0.63652146,0.46503967,0.54224414,0.50128144,0.52886695
2024-12-19,0.63687885,0.4654308,0.5423512,0.5014649,0.52900004
2024-05-17,0.6335673,0.4624328,0.539575,0.49863502,0.5259691
2023-12-29,0.6369991,0.46532416,0.5425745,0.50165564,0.5291574
2021-05-22,0.636865,0.4651441,0.5424583,0.5015187,0.5291191
2019-04-02,0.6355995,0.464367,0.5414536,0.5005566,0.5282589
2024-10-21,0.63594806,0.46468124,0.5414988,0.5003962,0.52833825
2021-07-08,0.63664424,0.46495354,0.542303,0.5012364,0.5287818
2024-09-11,0.6359682,0.46455202,0.54174924,0.5007804,0.52820563
2021-11-05,0.6354258,0.46386597,0.54145354,0.50059474,0.5268263
2022-08-28,0.62981844,0.4596112,0.5363908,0.49590382,0.5259696
2020-01-04,0.6370503,0.46535432,0.5425968,0.5016863,0.52916896
2019-06-25,0.63464046,0.46341127,0.54082257,0.49980548,0.52759147
2023-05-09,0.636886,0.46526888,0.54244524,0.50159,0.52905893
2022-05-27,0.63554984,0.46422032,0.541525,0.50041217,0.52800673
2019-08-30,0.6333475,0.46351,0.54050314,0.4989299,0.5266652
2020-04-21,0.63669974,0.46506,0.5422605,0.50136614,0.5288551
2022-11-03,0.6366156,0.46500373,0.54228824,0.5013063,0.52888495
2020-09-11,0.6353973,0.464233,0.54150075,0.500553,0.52753824
2020-12-31,0.6369601,0.46527022,0.54251903,0.50157773,0.52909964
2019-10-26,0.63676745,0.46512926,0.5423098,0.5012353,0.52882224
2024-10-02,0.635966,0.4648479,0.54183626,0.5008747,0.5283039
2023-07-29,0.6360409,0.4645108,0.541773,0.50085014,0.52835083
2024-06-04,0.6365023,0.46500343,0.5422819,0.50125235,0.5287544
2022-06-10,0.63589245,0.46461675,0.54176533,0.50087065,0.5282867
2024-04-21,0.6366089,0.46502158,0.5422154,0.50134826,0.52877283
2022-09-27,0.63223225,0.4628971,0.53969514,0.49790606,0.5254938
2023-06-16,0.63586724,0.46474633,0.54174113,0.5008439,0.52831876
2020-08-17,0.6364048,0.4648956,0.5421038,0.5011449,0.52869374
2022-05-24,0.6362152,0.46468443,0.54196334,0.5009051,0.5284367
2021-12-16,0.6370208,0.46537945,0.5426126,0.5017323,0.529228
2019-10-17,0.63651913,0.46483812,0.54204977,0.5010405,0.5286117
2023-02-05,0.6373884,0.4655366,0.5429622,0.50195736,0.52954686
2023-01-25,0.63771707,0.46571895,0.54334474,0.5022483,0.5300236
2022-03-27,0.635984,0.46473047,0.5418661,0.5009193,0.52872455
2021-11-25,0.6370791,0.46537533,0.54268116,0.50174695,0.52926666
2023-02-22,0.6362827,0.464645,0.542117,0.50121796,0.5284205
2024-03-04,0.6356419,0.4645955,0.5417458,0.50101906,0.5283528
2020-07-10,0.635514,0.46415856,0.54140645,0.50043863,0.5281485
2024-08-28,0.63561773,0.4641968,0.54132485,0.500462,0.5278851
2019-09-05,0.6336289,0.46368685,0.54064274,0.49906245,0.52668256
2019-07-15,0.6364152,0.46485737,0.5420698,0.5010507,0.5286841
2023-05-16,0.6367338,0.46521485,0.542443,0.5015434,0.52914184
2019-05-17,0.6366636,0.46502376,0.54222494,0.50134295,0.5288357
2021-12-23,0.63704413,0.46535507,0.5426175,0.50171214,0.52921474
2022-04-01,0.6363555,0.46507785,0.5421641,0.5012617,0.5289971
2021-12-18,0.63703376,0.46535116,0.542612,0.50170785,0.5292173
2020-07-06,0.63572425,0.4643394,0.5416642,0.50066364,0.52837664
2023-07-19,0.6367851,0.46514317,0.54239583,0.50145614,0.5289643
2021-08-10,0.6353172,0.46416172,0.5411035,0.5001597,0.5278771
2019-11-12,0.6369044,0.46525773,0.5425147,0.50145966,0.52901477
2024-12-15,0.63694644,0.4653936,0.54243714,0.5015466,0.5290612
2021-07-03,0.6363229,0.46474385,0.54210246,0.5010593,0.52874136
2022-11-17,0.6370718,0.46533948,0.5426843,0.50169116,0.5292247
2021-11-01,0.6353574,0.46387976,0.5413429,0.5004934,0.52679634
2019-05-09,0.6367811,0.46511286,0.54234684,0.5014191,0.5289703
2022-01-24,0.63701224,0.46529344,0.54254466,0.5016298,0.52913266
2023-06-03,0.635619,0.46423158,0.5413646,0.5004741,0.52807766
2020-02-05,0.6368973,0.4652633,0.5424383,0.5015877,0.52912664
2019-07-08,0.63609064,0.46460938,0.54175305,0.500782,0.5283693
2021-07-01,0.63606006,0.46450108,0.5417614,0.50083643,0.5287191
2021-06-01,0.63618255,0.463867,0.5421736,0.5008757,0.5280521
2024-11-04,0.63624954,0.46516624,0.5416396,0.5008661,0.5283586
2022-07-26,0.6359067,0.46457914,0.54166937,0.5006683,0.52827746
2022-01-08,0.6370792,0.46536365,0.542606,0.5016955,0.52919203
2024-12-07,0.6369257,0.4654533,0.54231435,0.5014512,0.5289318
2023-06-07,0.6358765,0.46448147,0.5415616,0.5006269,0.52822644
2024-06-11,0.63679844,0.46494693,0.54203236,0.501588,0.5289093
2020-06-23,0.63308346,0.4616631,0.53983426,0.49908757,0.52336913
2024-08-27,0.63571924,0.4642894,0.5414547,0.50057703,0.5279822
2021-12-24,0.63704735,0.46536666,0.54261136,0.5017042,0.5291997
2021-02-06,0.63643146,0.46485665,0.5420215,0.5009735,0.5289261
2024-07-14,0.63508445,0.4638984,0.54134744,0.5002638,0.5273033
2021-01-04,0.6369902,0.4653136,0.54254794,0.50161827,0.52915365
2021-02-12,0.6364403,0.46479562,0.54197955,0.50087273,0.5289169
2021-03-19,0.635767,0.46445596,0.54164016,0.5006739,0.5281868
2023-10-19,0.6352134,0.46387777,0.541167,0.5000094,0.5274838
2022-01-09,0.6370829,0.4653585,0.5426173,0.5017015,0.5292019
2021-09-08,0.63578564,0.4649088,0.5418876,0.50089264,0.5282503
2020-08-26,0.6363497,0.46493292,0.5421365,0.50119793,0.528697
2020-05-25,0.6368062,0.46513158,0.5423856,0.5014549,0.5290094
2021-09-20,0.63603264,0.46489787,0.54190964,0.50092125,0.52845967
2020-08-24,0.6363006,0.4650419,0.5421788,0.50124776,0.52864015
2022-02-16,0.6367872,0.46512517,0.5423484,0.5013904,0.5290393
2024-09-19,0.6357442,0.4643885,0.54174554,0.50069314,0.52796656
2023-08-15,0.63499624,0.46364427,0.54084164,0.49985936,0.52743393
2022-08-15,0.6329799,0.4620735,0.53903174,0.49840343,0.52693427
2022-11-04,0.6366459,0.46502984,0.5422912,0.5013184,0.5289035
2021-12-13,0.6370106,0.4653589,0.54261714,0.5017199,0.5292359
2023-09-27,0.6333544,0.46242645,0.5399619,0.4985834,0.52565044
2020-03-17,0.6367215,0.465184,0.54236215,0.5014718,0.5290403
2022-05-01,0.63646,0.46495348,0.5421867,0.5013014,0.5286883
2019-08-29,0.6333982,0.46337605,0.54035443,0.4989408,0.5267769
2024-10-27,0.6359869,0.46513307,0.54133517,0.5005237,0.528084
2024-03-15,0.6359068,0.46470615,0.5417546,0.500804,0.5284997
2020-10-10,0.6364633,0.46492982,0.54209393,0.50110304,0.52869225
2021-05-23,0.63687855,0.46510178,0.54246,0.50151694,0.52904534
2020-02-29,0.6362637,0.46474415,0.54188454,0.50078434,0.528881
2020-09-22,0.6359536,0.46483678,0.541825,0.5008686,0.5284213
2020-12-22,0.636993,0.46529034,0.54255354,0.501614,0.52911854
2023-07-27,0.63611203,0.46455494,0.5418262,0.50090414,0.5283995
2024-07-06,0.63486016,0.46367112,0.54147065,0.49999738,0.52689314
2022-07-05,0.6354439,0.46425608,0.54138136,0.5002402,0.5276704
2020-11-25,0.6369309,0.4652894,0.54256797,0.5015167,0.5290603
2020-10-24,0.6364952,0.4649258,0.5421137,0.5011033,0.5287345
2021-01-26,0.6367442,0.46507958,0.5422962,0.5012785,0.52900994
2022-09-07,0.6342425,0.46374577,0.5407268,0.49948993,0.5270192
2022-08-05,0.636365,0.46484873,0.5420424,0.501096,0.5286181
2022-07-09,0.63500446,0.46395516,0.5410324,0.4999559,0.5273337
2022-09-28,0.6322578,0.46293923,0.5397878,0.49796697,0.52556026
2020-07-11,0.6353186,0.46397293,0.54116225,0.5002463,0.52804214
2021-07-25,0.6356839,0.46422237,0.5418696,0.50033766,0.5278142
2019-11-24,0.63688767,0.46526846,0.5425223,0.5015063,0.52905566
2020-11-13,0.6369193,0.46525308,0.54250777,0.5014825,0.52905077
2023-11-22,0.63684416,0.465236,0.54240334,0.5014421,0.5289905
2020-12-10,0.63701344,0.46533424,0.5425982,0.5016643,0.5291786
2023-10-08,0.63336146,0.46243113,0.53971606,0.4985252,0.5257334
2023-01-30,0.6377455,0.46570334,0.54339916,0.5022455,0.5300471
2019-08-21,0.6350003,0.46393323,0.54104805,0.5000324,0.5277687
2019-09-25,0.63536066,0.46382546,0.54116535,0.49990717,0.52757746
2021-08-30,0.6363677,0.46477774,0.5421502,0.50108755,0.5285045
2022-02-11,0.636803,0.46512657,0.54237604,0.5014323,0.528984
2020-07-30,0.6365061,0.46498218,0.5421598,0.50125617,0.52877104
2019-10-11,0.63630587,0.46469155,0.54195195,0.50096506,0.5284723
2021-08-21,0.6367907,0.46500054,0.5421825,0.5015889,0.5288694
2020-09-17,0.6354158,0.4644862,0.54150844,0.500453,0.52789986
2024-06-07,0.63648766,0.46488035,0.54212373,0.5012561,0.5286975
2021-01-23,0.6367923,0.4651373,0.5423527,0.5013748,0.5290161
2024-01-04,0.63698643,0.46531564,0.5425723,0.5016564,0.5291763
2024-12-05,0.6369091,0.46547675,0.5422672,0.5014119,0.52888143
2022-08-27,0.6327213,0.46211794,0.5390448,0.4981735,0.52672154
2019-12-07,0.6369105,0.4653175,0.5425533,0.50164044,0.5290915
2021-08-25,0.6365803,0.46500477,0.5422229,0.5012791,0.5287917
2021-11-06,0.63550633,0.46397054,0.54150957,0.5006447,0.52700806
2021-12-11,0.6370459,0.4654084,0.54262596,0.50173014,0.52922696
2024-08-26,0.6358112,0.4643737,0.5415435,0.50066113,0.5280618
2022-01-21,0.6370597,0.465349,0.54259276,0.5016846,0.5291713
2020-05-01,0.6368207,0.46514577,0.5424192,0.50146216,0.5290519
2024-02-06,0.636532,0.46497178,0.54221976,0.50122213,0.5288608
2023-07-05,0.6334916,0.462675,0.53958696,0.49892515,0.52629465
2023-08-13,0.63434756,0.4631004,0.54037094,0.49925372,0.5268404
2022-08-19,0.6338187,0.46278125,0.53981054,0.49896765,0.52727
2020-08-31,0.6362757,0.4649062,0.5420582,0.5011631,0.5285868
2021-10-19,0.63541514,0.46395057,0.541476,0.5004225,0.5270653
2021-06-18,0.6340894,0.46294874,0.5399814,0.49915972,0.5267105
2021-12-22,0.63705575,0.46537605,0.54261214,0.5017129,0.5292058
2024-04-30,0.63664365,0.46513683,0.5422664,0.50149375,0.52894545
2024-10-13,0.63614464,0.4649435,0.5416847,0.5007579,0.528254
2022-01-15,0.6370587,0.46534187,0.5425961,0.50167954,0.5291849
2023-06-26,0.6356937,0.46446118,0.54152185,0.50068384,0.5281836
2021-03-30,0.63379335,0.4629209,0.5401465,0.4991765,0.52655804
2024-09-04,0.635161,0.46395156,0.54104775,0.50013477,0.527579
2024-12-14,0.6369634,0.46541178,0.54243755,0.50154203,0.529037
2022-09-30,0.6327965,0.46303862,0.5400202,0.49830168,0.5258378
2021-02-16,0.6365904,0.46498394,0.5421959,0.50114906,0.52899545
2020-01-03,0.63705856,0.4653602,0.5426045,0.5016953,0.52918077
2020-09-19,0.63559103,0.4647425,0.5416404,0.5006572,0.5280944
2022-08-13,0.6343704,0.46324095,0.5402873,0.49950945,0.527408
2023-06-13,0.6358909,0.46473736,0.54168284,0.5007314,0.52829623
2019-12-09,0.6369395,0.46533594,0.54258096,0.50165707,0.52913314
2020-11-27,0.63696396,0.4652934,0.5425517,0.5015497,0.5290946
2021-01-15,0.6369395,0.4652717,0.54250306,0.5015553,0.52912545
2023-08-11,0.635009,0.46366954,0.5410178,0.49987546,0.52746993
2021-08-05,0.6345819,0.46243265,0.5414689,0.4990402,0.5286512
2020-02-22,0.6366074,0.46502566,0.542174,0.501275,0.5289717
2022-05-08,0.63610464,0.46477383,0.5420392,0.501151,0.52852666
2021-03-31,0.633786,0.4629928,0.5402837,0.49929753,0.5267583
2024-08-17,0.635921,0.4644749,0.5416298,0.5006924,0.5281841
2019-09-22,0.6348049,0.46308535,0.54063976,0.4990345,0.52683073
2023-11-05,0.6362849,0.46476713,0.54193497,0.5008962,0.52843094
2021-11-04,0.63566494,0.4642009,0.54156655,0.5006873,0.5273202
2023-10-26,0.6357689,0.46433482,0.54149586,0.5004251,0.52802783
2023-05-26,0.6367551,0.46514738,0.54244304,0.5013225,0.52905244
2022-11-21,0.6372581,0.4654437,0.54287744,0.50184494,0.5293943
2023-09-26,0.63334763,0.46239004,0.53999656,0.49858293,0.5256289
2021-08-28,0.63635087,0.46483707,0.5420865,0.50108886,0.5285815
2024-09-30,0.6357928,0.46444765,0.54142964,0.5004973,0.5280095
2023-01-28,0.6377335,0.46571025,0.5433157,0.50225073,0.5299492
2021-05-07,0.6367937,0.46516362,0.54236335,0.50149095,0.52897525
2021-10-05,0.6352849,0.46394387,0.54121375,0.5001555,0.5276576
2021-09-15,0.6357634,0.46496272,0.54188794,0.5009026,0.52842665
2021-04-08,0.63608134,0.4647312,0.5419213,0.5009822,0.528597
2020-09-03,0.6353486,0.46420655,0.54132277,0.5004382,0.5278181
2024-04-25,0.636828,0.46520686,0.5424184,0.501545,0.5290034
2023-03-02,0.6366287,0.4649645,0.5423883,0.5014263,0.5287945
2022-11-16,0.63699484,0.46528032,0.5426602,0.50167567,0.5291942
2021-07-27,0.6357211,0.4644069,0.54210055,0.50068957,0.52821195
2022-07-24,0.63573563,0.4644709,0.54151046,0.50053334,0.5281157
2023-10-14,0.6343274,0.4632324,0.54060125,0.4993136,0.526656
2022-08-20,0.63391966,0.46285254,0.53988934,0.49904564,0.52728736
2022-09-19,0.63286567,0.4631332,0.5400331,0.49848387,0.525951
2024-02-02,0.63656974,0.46498224,0.54226077,0.5012648,0.52882
2023-02-15,0.6372334,0.46540064,0.54335576,0.5018913,0.52985924
2024-07-09,0.63501656,0.46376985,0.5415243,0.50005895,0.5269757
2022-07-10,0.6349851,0.4639526,0.5410328,0.49994683,0.52738136
2021-05-17,0.63690746,0.46522126,0.5424569,0.5015535,0.52911246
2021-07-11,0.6363233,0.46477157,0.5421273,0.50109017,0.528424
2021-03-04,0.63648516,0.46500066,0.5421942,0.50125563,0.52880245
2023-10-04,0.6335147,0.46254832,0.5396873,0.49866617,0.52601063
2023-08-25,0.63443244,0.46318418,0.5402756,0.49942678,0.52697027
2021-12-08,0.6370246,0.46537945,0.5426605,0.50175214,0.52928734
2023-12-08,0.63697577,0.46529478,0.5425656,0.50159454,0.5291644
2023-12-28,0.6369963,0.4653196,0.54257935,0.50165224,0.5291515
2021-06-26,0.6364543,0.46494034,0.54219407,0.5011287,0.5286398
2019-09-11,0.6354955,0.46392632,0.54138964,0.50017047,0.52765465
2021-12-14,0.6370116,0.4653702,0.54260284,0.5017047,0.52923334
2019-04-04,0.6361707,0.46491283,0.54202133,0.501102,0.52878755
2020-04-01,0.6363398,0.46495456,0.5421612,0.5012041,0.5289062
2023-12-18,0.6369817,0.4653019,0.5425889,0.50162345,0.5291708
2022-12-09,0.6375778,0.46563065,0.5431613,0.5020615,0.52975917
2024-06-29,0.6355343,0.46417007,0.5415375,0.50053203,0.52769625
2024-11-10,0.6364681,0.46536365,0.54174566,0.5009774,0.5283993
2020-12-08,0.6370173,0.46533248,0.5425955,0.50166136,0.52917427
2023-06-04,0.635427,0.4640758,0.54119533,0.50028104,0.52786124
2020-11-17,0.63685966,0.46522853,0.54246676,0.50142187,0.5290122
2019-11-28,0.6368892,0.46528202,0.54254955,0.5015504,0.5290657
2021-12-26,0.6370472,0.46536624,0.54258233,0.50167775,0.52918714
2024-09-26,0.63496745,0.46355018,0.5406596,0.4997138,0.52731216
2019-08-17,0.6354627,0.46420985,0.5413651,0.5003655,0.5280552
2021-06-22,0.635434,0.46410382,0.54126227,0.50031644,0.5282739
2024-05-01,0.6365948,0.46508417,0.54222304,0.5014449,0.5289259
2022-03-20,0.6365795,0.46514112,0.54238254,0.50147516,0.5290309
2022-02-20,0.6366811,0.4650597,0.5422633,0.5012653,0.52904785
2019-11-25,0.6368881,0.46526432,0.5425301,0.5015214,0.5290698
2022-01-25,0.6370018,0.46528476,0.5425398,0.5016216,0.5291109
2019-05-26,0.6363243,0.46467578,0.541913,0.50096524,0.5284605
2023-09-23,0.6334502,0.4624954,0.53986585,0.49865845,0.52583647
2020-10-30,0.63683146,0.46518415,0.542403,0.5013819,0.5289905
2020-12-23,0.63696533,0.4652626,0.542541,0.5015859,0.529088
2023-08-12,0.63471526,0.4634218,0.54073244,0.49963143,0.527192
2021-08-13,0.6358858,0.4645739,0.54167217,0.50075185,0.5283306
2023-03-25,0.6363718,0.46490592,0.54214215,0.50126106,0.5287476
2021-05-12,0.6368083,0.46517804,0.54235065,0.5014981,0.52904683
2019-11-11,0.63695544,0.46528262,0.5425434,0.5014744,0.5290332
2019-08-20,0.63539714,0.46426222,0.5413937,0.5003407,0.52801836
2020-12-20,0.6370214,0.46532902,0.54258454,0.5016454,0.5291514
2022-04-24,0.6365501,0.46504155,0.54211104,0.50123745,0.52889675
2022-05-04,0.6365541,0.4650049,0.54222107,0.501324,0.52873605
2020-12-02,0.63701785,0.46533516,0.54258054,0.5016312,0.5291402
2024-04-27,0.6367263,0.46516278,0.5423455,0.501505,0.52894384
2021-01-02,0.6369875,0.46530345,0.54253316,0.5016088,0.5291345
2019-04-20,0.636643,0.46508667,0.5422127,0.5013276,0.52895105
2022-07-13,0.6351384,0.46402794,0.54103506,0.5000328,0.52749085
2020-06-30,0.63629913,0.46477672,0.5420416,0.50113624,0.52879417
2021-07-14,0.6362682,0.46455264,0.5419949,0.5008145,0.5282482
2024-05-16,0.6340854,0.46288604,0.54003346,0.49911204,0.5265209
2021-02-15,0.63659143,0.46496952,0.5421944,0.5011418,0.52900374
2024-06-02,0.63605535,0.464821,0.5421054,0.5009448,0.52847713
2019-11-27,0.6369159,0.46528164,0.5425497,0.5015499,0.52908844
2019-07-13,0.63628256,0.4647553,0.5419225,0.5009266,0.5285559
2021-09-23,0.63601625,0.46481273,0.54184926,0.50085163,0.5284211
2019-12-18,0.6369473,0.46534178,0.5425715,0.50167745,0.52915
2023-11-07,0.6363498,0.4648124,0.5419979,0.5009695,0.52848065
2023-05-31,0.63699406,0.46530378,0.5425552,0.5016066,0.5291673
2024-03-07,0.6355576,0.46458375,0.5416204,0.5008961,0.5283159
2024-05-24,0.63594604,0.4645886,0.54193115,0.50065136,0.5281533
2023-08-17,0.6353226,0.4638846,0.5411619,0.50024873,0.5277678
2022-02-25,0.63646966,0.4648683,0.54205304,0.5009821,0.5289687
2020-09-12,0.6351302,0.46410912,0.54121757,0.5003195,0.5273365
2024-06-16,0.63693434,0.46521112,0.54256535,0.5015592,0.52916
2021-02-09,0.63643384,0.4648135,0.54198855,0.5008943,0.52892584
2020-09-18,0.6356422,0.46473572,0.54171497,0.5006447,0.52812207
2024-02-08,0.6364139,0.4648826,0.54214877,0.5011094,0.5287465
2024-01-03,0.6369927,0.4653181,0.54257923,0.5016619,0.5291754
2022-11-10,0.63679785,0.46514988,0.5425084,0.50152314,0.52904665
2019-07-11,0.63614535,0.46466303,0.5418381,0.5008141,0.5284582
2021-01-19,0.636906,0.46522522,0.54245573,0.50148875,0.5290882
2024-12-29,0.63700384,0.4654251,0.54244226,0.50155467,0.5290349
2022-01-29,0.6369768,0.46526185,0.5425122,0.5015933,0.5291027
2020-02-20,0.63674605,0.46515474,0.5423142,0.5014072,0.52908534
2023-05-20,0.63671935,0.4651598,0.5424267,0.5014079,0.52907187
2024-01-30,0.63680387,0.46516827,0.5424237,0.5014695,0.52901816
2023-05-30,0.6368714,0.4652147,0.5424623,0.5014621,0.52912277
2019-06-17,0.63567984,0.464348,0.5415453,0.50043255,0.5281596
2023-01-19,0.6376996,0.46571586,0.54339033,0.5022041,0.53006035
2021-08-24,0.63671416,0.46488345,0.54207546,0.50156313,0.528748
2023-11-29,0.6369262,0.46522987,0.54251605,0.5015383,0.52910435
2021-04-16,0.63654065,0.46504778,0.5422502,0.5013003,0.5289207
2023-09-07,0.63113135,0.46087646,0.5376739,0.4967105,0.5241035
2024-12-09,0.6369449,0.4654218,0.54237735,0.50150037,0.5290021
2023-10-29,0.6358906,0.46448126,0.5415566,0.5005273,0.5280866
2021-06-12,0.6359482,0.46442583,0.54164106,0.5007398,0.5282644
2024-08-06,0.6364972,0.46495035,0.5421448,0.5011439,0.52868617
2021-01-12,0.63695985,0.46528798,0.5425058,0.5015696,0.5291037
2023-01-09,0.637798,0.4658073,0.5433786,0.5023162,0.5300237
2022-08-17,0.6337096,0.46269682,0.5397352,0.49890336,0.5271048
2022-01-31,0.63700163,0.4652918,0.5425432,0.50161964,0.52912945
2024-12-17,0.6369167,0.4654225,0.5424066,0.5015243,0.52904224
2023-08-07,0.6358032,0.46428105,0.54158205,0.5006526,0.5280611
2023-01-03,0.63776964,0.46578234,0.5433212,0.50221497,0.52993846
2022-02-18,0.63677514,0.46512616,0.54234743,0.5013749,0.5290752
2021-11-21,0.63715357,0.46541384,0.5427313,0.50177157,0.5293085
2020-01-27,0.63689965,0.46523574,0.54243237,0.50156486,0.5290647
2022-09-10,0.6340684,0.46371314,0.54067594,0.49938658,0.5268733
2023-04-28,0.6366056,0.46518692,0.542299,0.50137746,0.5290243
2020-10-11,0.6364639,0.4649119,0.54208297,0.5010624,0.5286769
2021-11-09,0.6365949,0.46502095,0.5423224,0.5013351,0.52876043
2022-03-22,0.6362552,0.46487665,0.5420658,0.5011419,0.52875906
2024-12-06,0.63689226,0.46550035,0.54222536,0.50138104,0.5288532
2024-07-12,0.635234,0.46401808,0.54146236,0.5001596,0.52736425
2021-09-25,0.6357403,0.46461046,0.5416856,0.50063217,0.5282149
2023-08-29,0.6344189,0.46326017,0.54035664,0.49946436,0.526997
2019-09-13,0.63518476,0.4635457,0.5411092,0.49971145,0.5272485
2022-03-17,0.63646185,0.46504328,0.54227537,0.50136137,0.5289395
2021-11-02,0.6355442,0.46401942,0.54154766,0.50067264,0.52715737
2024-02-03,0.63646156,0.4648831,0.5421807,0.50116956,0.52871794
2021-08-29,0.6363819,0.4647986,0.5421682,0.50111437,0.5285454
2024-05-28,0.6364576,0.4649895,0.54223824,0.5011478,0.52866906
2022-02-07,0.6369531,0.46526092,0.54249984,0.50156957,0.52910835
2019-04-22,0.63671106,0.46510336,0.5422959,0.5014064,0.5289258
2021-02-04,0.63643193,0.4648411,0.5420333,0.5009436,0.5289176
2020-07-15,0.63614887,0.46466658,0.5418817,0.5009412,0.5285038
2020-05-18,0.6367383,0.46511915,0.5424029,0.5014543,0.52900463
2020-08-05,0.63657874,0.46502623,0.54223543,0.5013284,0.52883667
2019-10-08,0.63610995,0.46455967,0.5418506,0.5008522,0.5283327
2024-09-20,0.63556147,0.4643338,0.54155916,0.5005749,0.52782327
2022-07-30,0.63652104,0.4649588,0.5421552,0.50118774,0.52878004
2023-06-27,0.635817,0.46452588,0.5415879,0.50075614,0.5283032
2022-05-13,0.63643026,0.46504143,0.5422928,0.50143576,0.5287489
2024-11-27,0.63682956,0.4654721,0.542132,0.5012999,0.5287794
2021-03-22,0.635208,0.46400437,0.54115874,0.50020117,0.52766055
2024-12-18,0.6369064,0.46541765,0.54239583,0.5015141,0.52904296
2023-08-06,0.6358197,0.46426585,0.54158115,0.5006653,0.5280509
2021-12-05,0.6370704,0.46540105,0.5426609,0.5017562,0.52927023
2023-02-04,0.6377262,0.46574047,0.5433913,0.50221425,0.53002137
2019-11-01,0.63688445,0.46522394,0.54248834,0.50138605,0.52897006
2022-02-10,0.6368221,0.46513587,0.542388,0.5014564,0.528989
2019-04-06,0.63601667,0.4646895,0.5417756,0.50090957,0.52856153
2020-06-03,0.6358578,0.46440718,0.5415774,0.5006283,0.52812
2019-06-08,0.63603014,0.46461588,0.5418729,0.50088394,0.5283776
2022-12-25,0.6377699,0.4657598,0.54328907,0.5022373,0.5299324
2019-09-28,0.6356749,0.4640987,0.5414304,0.50026685,0.527833
2024-11-11,0.6364713,0.46534023,0.5417788,0.50099623,0.52844214
2020-08-18,0.6364401,0.4649284,0.5421191,0.5011704,0.52869946
2020-07-17,0.63645184,0.46499228,0.5421651,0.5011997,0.5287547
2020-12-05,0.63700944,0.4653273,0.54259336,0.5016499,0.52915686
2024-10-26,0.6360575,0.4651042,0.54139185,0.50052804,0.52813035
2023-08-16,0.63500035,0.46367174,0.54086107,0.49991405,0.52745396
2020-09-09,0.6351213,0.4641222,0.54118925,0.50028694,0.52753526
2022-09-25,0.6311416,0.46241355,0.539167,0.49710563,0.52477485
2019-05-27,0.6361981,0.46452942,0.54181474,0.50082135,0.52835995
2019-09-21,0.63478357,0.46314254,0.54067594,0.49915367,0.5269163
2023-12-25,0.6369866,0.46530223,0.5425845,0.50165504,0.52916807
2019-11-17,0.6369356,0.4652725,0.542554,0.50150245,0.5290713
2023-04-25,0.6366582,0.4651908,0.5423223,0.5014031,0.52906555
2022-06-22,0.63633287,0.464926,0.5421143,0.50115,0.52867174
2020-09-21,0.6355538,0.464691,0.541559,0.5006163,0.528057
2020-12-29,0.63698214,0.4652959,0.54254836,0.5016036,0.52912486
2022-03-24,0.6361942,0.46492106,0.5420474,0.5011343,0.5288452
2023-12-09,0.63695353,0.46530873,0.5425181,0.5015737,0.5290921
2022-03-05,0.63625,0.4647174,0.54187095,0.50075245,0.5288949
2022-08-03,0.6364226,0.46490076,0.5421169,0.50110453,0.5286866
2023-03-11,0.63633835,0.46477485,0.54209054,0.5011971,0.5285107
2019-10-27,0.63674575,0.46512142,0.5422904,0.50122064,0.52881694
2020-02-04,0.63693774,0.46528977,0.5424977,0.50161153,0.5291519
2020-07-09,0.63561225,0.46423888,0.54152954,0.5005463,0.52822274
2024-09-02,0.6350466,0.46377754,0.5408715,0.4999889,0.52747816
2024-05-19,0.6337791,0.4625999,0.5397705,0.49870607,0.5261376
2021-06-17,0.6340666,0.46291643,0.5399414,0.49909928,0.52654314
2021-10-23,0.63600254,0.46451542,0.541839,0.5008415,0.5278847
2024-09-21,0.6353367,0.46394807,0.541079,0.50012994,0.5275459
2024-10-18,0.6360069,0.4648763,0.5414165,0.5004347,0.5281487
2019-07-06,0.6360629,0.46458304,0.5417599,0.50076777,0.5283867
2023-02-27,0.6367347,0.4650318,0.542471,0.5015222,0.52890533
2022-09-04,0.6343107,0.46373817,0.54070336,0.49948782,0.52705294
2024-08-09,0.63641214,0.4648601,0.5420548,0.5010783,0.5285678
2019-03-26,0.63625765,0.46480334,0.541989,0.50105834,0.52864
2023-05-11,0.6368399,0.46524575,0.5424293,0.5015822,0.52903956
2021-10-08,0.6356921,0.46420148,0.5415602,0.5005106,0.52784437
2021-03-06,0.6366932,0.4651562,0.542374,0.5014266,0.5290065
2022-05-22,0.63621116,0.46466333,0.5420037,0.50084317,0.52843434
2022-08-12,0.6349135,0.46370474,0.54075027,0.49993503,0.5276566
2019-05-10,0.6367435,0.4650799,0.5423082,0.50139016,0.52895075
2023-01-18,0.63772863,0.46573582,0.543422,0.50221586,0.5300773
2022-04-25,0.6364639,0.46496543,0.54208565,0.50118357,0.5287805
2022-02-06,0.6369429,0.465254,0.5424954,0.5015634,0.5291035
2021-04-27,0.63685006,0.46521705,0.5424086,0.5015216,0.5290243
2020-09-24,0.6360874,0.46491107,0.5419333,0.5009914,0.52851754
2021-08-27,0.63650966,0.46496868,0.54219717,0.5012173,0.52870816
2019-10-30,0.6368051,0.46515262,0.54244816,0.50133085,0.5289213
2019-09-19,0.63453037,0.4629852,0.5405671,0.4989436,0.5267144
2020-05-10,0.6368058,0.4651627,0.5424313,0.50147843,0.5290073
2019-09-01,0.6331462,0.4637716,0.5406659,0.49882776,0.5265694
2024-12-03,0.6368901,0.46547303,0.5422517,0.5014046,0.52887684
2024-08-10,0.636412,0.46487576,0.5420785,0.5010883,0.52858305
2023-12-12,0.6369824,0.465299,0.5425554,0.50161296,0.52912956
2020-05-31,0.6357578,0.46426502,0.5414618,0.5005139,0.5280656
2021-03-17,0.6361737,0.4647623,0.5419794,0.5010084,0.5285757
2019-11-14,0.63694805,0.46528777,0.5425436,0.5014923,0.5290522
2024-10-29,0.6360293,0.46520355,0.54132867,0.5005637,0.52810144
2023-03-29,0.63593596,0.46445885,0.54161054,0.5007909,0.52819884
2019-09-18,0.63442487,0.46281296,0.5404826,0.49879342,0.52653944
2020-10-02,0.6364323,0.4649926,0.542144,0.50116014,0.5286674
2019-05-12,0.6367497,0.46509275,0.5423084,0.5013971,0.52893424
2021-06-29,0.63652843,0.46496466,0.5422684,0.5012001,0.52886474
2021-06-02,0.63632476,0.46453103,0.5420662,0.5010702,0.52848876
2021-03-29,0.63336456,0.4624914,0.53969926,0.49874532,0.5259967
2020-06-08,0.63678634,0.46517944,0.5424158,0.50144035,0.5289648
2024-11-25,0.63682425,0.4654504,0.5421779,0.5013315,0.5288231
2021-01-10,0.6369518,0.4652792,0.54251176,0.50156724,0.52912295
2021-09-29,0.6359143,0.46460554,0.5418017,0.50072855,0.52837133
2021-03-11,0.6361446,0.46474457,0.5419512,0.5009798,0.5285617
2020-10-07,0.6363572,0.46495417,0.54208344,0.5011012,0.5286395
2024-05-15,0.63569224,0.46424067,0.54147196,0.50051826,0.5280162
2024-01-28,0.6368139,0.46517238,0.5424167,0.50147283,0.5290346
2023-04-19,0.63643855,0.46498868,0.54215854,0.50125116,0.52883345
2019-06-26,0.63427484,0.46312422,0.5405157,0.49954373,0.52745366
2024-04-26,0.6367414,0.46516186,0.54234433,0.5015095,0.52894354
2020-11-02,0.6368286,0.46521217,0.5424307,0.501405,0.52896565
2024-07-17,0.63557315,0.46435076,0.5414981,0.5003087,0.5278159
2020-12-09,0.63701785,0.46533462,0.5425877,0.5016509,0.52917725
2024-06-22,0.6360582,0.46460703,0.541986,0.50084496,0.5283104
2023-02-01,0.6377573,0.46571875,0.5433979,0.50226456,0.53001684
2023-03-23,0.6352733,0.46403462,0.5411069,0.50031936,0.52760744
2023-07-22,0.6358832,0.46447793,0.5416985,0.5007115,0.5282436
2024-10-09,0.63615936,0.46492374,0.54177725,0.5008617,0.5283364
2024-02-10,0.636113,0.46466276,0.5419746,0.5008925,0.5284693
2020-10-21,0.6365585,0.46496198,0.54216903,0.5010834,0.52872974
2024-04-29,0.63669866,0.46516082,0.54232967,0.5015224,0.5289404
2023-02-14,0.6373806,0.46547437,0.54336685,0.5019416,0.52990425
2019-08-14,0.6361084,0.46467543,0.54188335,0.5009136,0.5285495
2021-04-25,0.6368494,0.46522203,0.5424119,0.5015171,0.5290022
2021-07-20,0.6357473,0.46393883,0.54156786,0.5007554,0.5273352
2023-09-04,0.63169736,0.46115944,0.5380568,0.49713805,0.5245726
2023-09-22,0.63389486,0.46282533,0.54007316,0.49900064,0.52628434
2019-05-25,0.6365092,0.46486187,0.5420818,0.5011644,0.5286858
2022-03-23,0.63615465,0.46484965,0.5420122,0.5010845,0.5287942
2023-01-16,0.63780993,0.46579427,0.5434113,0.50231254,0.5300684
2023-05-01,0.63659143,0.46520287,0.54231006,0.50142395,0.5289542
2019-06-09,0.6359234,0.46453878,0.5418481,0.50078213,0.52831495
2024-03-18,0.6361548,0.4648582,0.54190785,0.50099295,0.52859265
2021-06-23,0.63633025,0.46491024,0.54205954,0.50106037,0.5286612
2022-08-08,0.63597083,0.46454063,0.54173857,0.50075585,0.5283605
2021-07-02,0.6355787,0.46422032,0.5414914,0.50053495,0.5284635
2020-05-05,0.6367912,0.46514896,0.54239017,0.5014776,0.528986
2023-01-20,0.63769233,0.4657267,0.5433587,0.50221163,0.5300154
2021-09-02,0.6362302,0.46475574,0.54208356,0.500903,0.5284627
2021-08-31,0.63635665,0.4648051,0.5422102,0.5010958,0.52854264
2022-02-17,0.63678795,0.46513173,0.5423602,0.5013831,0.5290777
2022-09-14,0.63270634,0.46315962,0.539978,0.49835357,0.52591175
2023-08-10,0.63547844,0.46404478,0.5413252,0.50031716,0.5278217
2021-04-20,0.6365572,0.46506253,0.5422216,0.50131726,0.52890015
2019-09-10,0.6356103,0.46410352,0.54146487,0.5003779,0.52782536
2023-07-11,0.6357081,0.46442994,0.54159296,0.50062734,0.52815527
2024-07-05,0.63474077,0.46363145,0.5415326,0.4999293,0.5267516
2023-08-08,0.63571215,0.4642234,0.5415166,0.50057423,0.5279778
2023-07-03,0.6339017,0.4628973,0.5397494,0.4990928,0.5265504
2020-10-01,0.636422,0.46498483,0.54212946,0.5011509,0.528677
2022-08-14,0.63328135,0.46231928,0.539286,0.49863592,0.5270477
2022-02-13,0.6367395,0.46506768,0.5423143,0.5013746,0.52892375
2022-07-17,0.6350007,0.4640285,0.54090893,0.49983293,0.52750915
2021-08-16,0.6364425,0.46492055,0.5422333,0.5012674,0.5287647
2019-06-16,0.63582563,0.4644575,0.5416607,0.5005765,0.52820253
2022-09-06,0.63429886,0.46377513,0.5407873,0.4994821,0.5271409
2023-07-17,0.6363,0.46481615,0.5420437,0.5011079,0.52862155
2020-10-03,0.6364464,0.46500126,0.54216874,0.50115824,0.5286995
2023-05-27,0.6367318,0.46512628,0.542444,0.501242,0.5290734
2021-04-01,0.6343203,0.4634149,0.54069316,0.49971834,0.52724016
2024-03-09,0.63577706,0.46464232,0.5417306,0.5009804,0.5284593
2024-12-16,0.6369243,0.46544892,0.5423598,0.501487,0.528983
2020-11-29,0.63699317,0.4653236,0.54256487,0.50158274,0.52911025
2024-02-05,0.6365315,0.4649823,0.5422457,0.501261,0.52884585
2024-02-01,0.6366603,0.46505922,0.5423203,0.5013567,0.5289182
2022-01-23,0.6370267,0.4653138,0.54256415,0.5016498,0.5291452
2019-12-25,0.63700897,0.46535373,0.5426035,0.50168854,0.5291906
2020-08-14,0.6364082,0.4648973,0.54207164,0.501149,0.52868074
2021-01-07,0.63698024,0.46531487,0.5425333,0.50160694,0.52914983
2020-12-26,0.6369939,0.46529448,0.5425567,0.5016194,0.5291259
2024-05-21,0.63453686,0.46332118,0.5406318,0.49937904,0.5268774
2023-12-27,0.63699996,0.4653205,0.54258114,0.5016599,0.5291508
2024-02-07,0.63645375,0.46492684,0.54218507,0.50115955,0.5288083
2023-11-06,0.63623804,0.4647297,0.5419179,0.5008518,0.5283952
2021-04-06,0.63617444,0.4648136,0.5420029,0.5010476,0.52868146
2023-06-29,0.6353519,0.46405864,0.541113,0.50033605,0.52785474
2023-12-11,0.63697815,0.46530315,0.54254603,0.50160176,0.5291248
2022-02-21,0.63665867,0.46503386,0.54224426,0.5012301,0.52904904
2021-04-26,0.63670707,0.4651433,0.54231524,0.5014199,0.52891654
2023-05-10,0.63689214,0.46527207,0.5424579,0.5016017,0.5290675
2023-03-24,0.63584906,0.46463326,0.54173714,0.50088096,0.5284302
2021-08-18,0.63672686,0.4650748,0.5423195,0.5014846,0.5289293
2023-10-02,0.633215,0.4623217,0.5394471,0.4984273,0.5257265
2024-05-10,0.63654196,0.4652784,0.542297,0.5017153,0.52904576
2020-02-11,0.6368261,0.46521935,0.5423722,0.50151736,0.52909607
2020-03-15,0.63661915,0.4651046,0.5422735,0.50138116,0.5289559
2021-06-27,0.63643706,0.46491793,0.5421783,0.50111824,0.52872837
2023-11-14,0.63661736,0.46497455,0.54224974,0.50120175,0.5287723
2023-04-10,0.63551784,0.46420375,0.54128486,0.5004596,0.52780294
2023-02-08,0.6377112,0.4656766,0.54346573,0.50220656,0.5300235
2019-10-12,0.6362486,0.4646486,0.54189134,0.50088114,0.5283885
2021-04-12,0.63651854,0.46510005,0.54225355,0.5013375,0.5289493
2024-01-24,0.63690275,0.46523976,0.5424748,0.5015312,0.5291029
2021-05-29,0.63600785,0.46263257,0.5424957,0.50056434,0.5274234
2022-01-03,0.6370552,0.46534073,0.5425946,0.501681,0.529197
2024-11-07,0.63635784,0.4653181,0.5416322,0.50088966,0.5283309
2021-11-23,0.63719785,0.46544102,0.5427728,0.5018105,0.5293805
2024-03-10,0.6360155,0.46471938,0.5418509,0.5010176,0.52856624
2019-04-12,0.63618153,0.4647769,0.54189026,0.50102615,0.52863365
2022-03-11,0.6365828,0.46502286,0.54230607,0.5013479,0.5289708
2023-03-04,0.6359852,0.46446466,0.542004,0.5010646,0.5281535
2020-10-04,0.63633466,0.46490714,0.5420403,0.5010733,0.52860194
2024-03-12,0.6359014,0.46468103,0.5417251,0.5008209,0.5284795
2023-04-23,0.636424,0.465128,0.5422103,0.50127906,0.5289458
2021-03-12,0.63662714,0.46512812,0.54233724,0.50136775,0.52898526
2023-10-12,0.63397616,0.46293595,0.54032236,0.4990159,0.5262821
2023-07-15,0.63606805,0.4647109,0.5418674,0.5009237,0.5284713
2021-11-28,0.63714194,0.46541673,0.5427471,0.5018019,0.52936256
2020-10-08,0.6364276,0.4649457,0.54209745,0.50113076,0.52867347
2021-07-31,0.63562155,0.4641934,0.54217625,0.50056255,0.52830875
2023-09-02,0.632321,0.46156973,0.5385301,0.49759194,0.5250618
2022-02-04,0.6368987,0.46520323,0.5424621,0.50153506,0.5290467
2021-12-07,0.63704485,0.46539629,0.54262483,0.50173247,0.5292445
2020-03-12,0.6366022,0.46504664,0.5422353,0.5012884,0.5289528
2019-12-29,0.63703585,0.46535885,0.5426029,0.5016942,0.529184
2021-07-19,0.63509387,0.46327922,0.54110694,0.5004488,0.5263268
2023-03-03,0.6366183,0.46494684,0.5424335,0.5014454,0.5288315
2024-01-16,0.6369866,0.46530342,0.5425449,0.50162166,0.5291383
2023-08-19,0.6350779,0.4637036,0.54098827,0.50004166,0.5276161
2019-05-21,0.6366552,0.46500942,0.5422073,0.5013317,0.5288845
2021-09-01,0.63637686,0.46486118,0.54219025,0.50106496,0.5286048
2022-07-22,0.63542694,0.46432778,0.54129684,0.50024414,0.52785885
2023-12-05,0.6369726,0.4652825,0.54257,0.5016074,0.5291474
2020-12-17,0.6370079,0.46531054,0.54257673,0.5016382,0.5291315
2021-03-21,0.6357205,0.4644208,0.5416099,0.5006491,0.5281589
2022-01-22,0.6370375,0.4653234,0.542571,0.5016593,0.52915
2024-01-26,0.63681406,0.46517166,0.5424383,0.5014854,0.5290254
2020-12-07,0.63702494,0.46533325,0.54259485,0.5016667,0.52916765
2022-07-18,0.63503087,0.4641168,0.5409621,0.49991804,0.52756774
2020-07-28,0.63653886,0.46499023,0.54218364,0.5012468,0.52877426
2023-07-04,0.6338437,0.4628702,0.539729,0.49910206,0.5264911
2024-02-28,0.63563,0.46454042,0.5419008,0.5008952,0.5283536
2023-03-12,0.63633275,0.4647906,0.5421288,0.50123906,0.5285245
2023-06-24,0.63594913,0.46468744,0.541805,0.500852,0.52840555
2022-06-24,0.6362257,0.46478885,0.5420066,0.50096774,0.52848554
2021-02-10,0.63643044,0.4648295,0.5419979,0.5009197,0.5289333
2021-05-06,0.63678026,0.4651537,0.5423542,0.50148326,0.5289603
2023-06-10,0.63618016,0.4647947,0.5419194,0.5009521,0.52848524
2019-08-18,0.6354796,0.46419206,0.54135615,0.50032866,0.52804065
2021-10-21,0.63590354,0.46445093,0.5418016,0.50077564,0.5277991
2020-02-01,0.63680935,0.46518403,0.54233664,0.5015092,0.529025
2023-11-02,0.63620687,0.46470755,0.5418424,0.5007677,0.528348
2023-06-08,0.63595504,0.46458015,0.5417004,0.50074,0.528322
2020-07-14,0.6357787,0.46436757,0.5415714,0.50065017,0.5281957
2023-02-03,0.63783,0.46575728,0.5434528,0.5023229,0.5301021
2021-09-10,0.6356409,0.46492237,0.5418616,0.50083846,0.52822435
2019-05-28,0.6360726,0.46441555,0.5417223,0.5007218,0.52825254
2021-04-30,0.6367335,0.46514288,0.5423416,0.50144434,0.52893764
2021-05-16,0.6368604,0.46518818,0.5424083,0.50152427,0.52907974
2021-09-19,0.6358233,0.46479505,0.5417454,0.5007677,0.52833146
2022-12-31,0.6375707,0.46565256,0.54310185,0.5020822,0.52971447
2022-07-15,0.63509876,0.46405196,0.5409921,0.4999522,0.52747864
2023-08-20,0.6350297,0.463683,0.54089755,0.500009,0.52753484
2024-08-18,0.63607424,0.4645514,0.54177475,0.5008222,0.5282862
2020-05-24,0.636793,0.46512514,0.542394,0.50144196,0.5289998
2024-03-30,0.636738,0.46518135,0.54238313,0.50146204,0.5289933
2019-10-04,0.63588566,0.4643628,0.54164904,0.50062823,0.52810824
2024-03-16,0.6362099,0.4648418,0.54195434,0.5009889,0.52869254
2021-10-13,0.63524324,0.46328208,0.5415486,0.5001642,0.52682436
2023-02-23,0.63599,0.46442896,0.54181874,0.50095975,0.52810526
2020-12-06,0.6370177,0.46532947,0.5425924,0.5016456,0.5291556
2023-03-06,0.6363837,0.4648136,0.54224163,0.5013357,0.52856654
2019-04-19,0.6365728,0.46504995,0.5421488,0.50126034,0.5289382
2020-08-04,0.63663834,0.46506333,0.5422585,0.50136805,0.52886957
2020-02-07,0.63686687,0.46524337,0.5423913,0.50156534,0.5291006
2021-06-04,0.63622135,0.46465418,0.5418836,0.5010164,0.528449
2020-07-12,0.6349615,0.4636915,0.5408537,0.4999445,0.5276567
2019-11-07,0.63693494,0.46526763,0.5425512,0.5014603,0.5290079
2019-05-15,0.6367253,0.4650718,0.5422853,0.50137436,0.52891064
2020-10-15,0.6365683,0.4649624,0.5421617,0.50108624,0.52872145
2021-11-07,0.63573825,0.4641744,0.54171777,0.5008071,0.52739245
2023-07-28,0.6359547,0.46442965,0.54172754,0.500806,0.5282877
2020-05-16,0.63672274,0.46508232,0.54235935,0.5014198,0.5289648
2022-11-13,0.6369458,0.46528003,0.54261625,0.5016328,0.52914405
2023-06-21,0.6358508,0.46461278,0.54185396,0.5008466,0.52834594
2023-09-09,0.63093966,0.46042842,0.5373931,0.4963331,0.52391213
2022-06-03,0.6360516,0.4648145,0.5420833,0.50101143,0.5285293
2024-10-07,0.6362621,0.4649578,0.54188734,0.50097686,0.52843547
2022-02-23,0.6365539,0.4649542,0.5421495,0.5011343,0.5289941
2023-08-04,0.63586223,0.46436998,0.54160583,0.5007085,0.52812964
2024-07-03,0.6357007,0.4644048,0.5417849,0.50068825,0.5281005
2020-04-05,0.63546824,0.46439543,0.5415014,0.50058806,0.5283063
2020-04-30,0.6368395,0.46516174,0.5424113,0.50148267,0.52903664
2020-11-23,0.63689905,0.46526608,0.54252386,0.50147057,0.52903384
2024-12-04,0.6369316,0.4654378,0.5423387,0.5014641,0.52895766
2020-05-23,0.63676226,0.46512622,0.54237485,0.50144523,0.52897346
2021-10-18,0.6351606,0.4637134,0.5413408,0.5002408,0.52668834
2021-05-18,0.6368895,0.46519858,0.542444,0.5015397,0.5290665
2022-04-10,0.63654065,0.46499354,0.5421672,0.50126714,0.52879864
2024-10-23,0.6361218,0.46481237,0.54164076,0.5005551,0.5284411
2024-08-29,0.6353929,0.4640226,0.5411161,0.5002457,0.5276776
2021-08-19,0.6368163,0.46510923,0.5423473,0.50156534,0.5289741
2019-06-07,0.63589495,0.4645113,0.54176754,0.5008099,0.5282515
2023-12-19,0.63698024,0.46531016,0.5425861,0.5016411,0.5291704
2022-01-26,0.636961,0.46525916,0.54250616,0.501589,0.5290909
2024-10-15,0.6361431,0.4649694,0.54166025,0.5007101,0.52822
2024-06-15,0.637196,0.46516845,0.54221034,0.5017558,0.5293853
2021-04-05,0.635698,0.46433112,0.5415384,0.5005983,0.5281349
2024-05-14,0.6364695,0.46495476,0.54217136,0.5012767,0.5287872
2021-09-24,0.63591224,0.4647282,0.5417895,0.5007762,0.52830464
2023-04-20,0.63654435,0.46507335,0.5422231,0.5013301,0.52895516
2021-04-07,0.63606435,0.46467668,0.5418957,0.50094175,0.52856046
2020-08-20,0.63621396,0.46478918,0.5419697,0.50102633,0.52857345
2024-03-13,0.63610786,0.46476102,0.54185575,0.50093365,0.52863634
2023-06-28,0.63583255,0.46447772,0.541581,0.5007485,0.5282704
2022-09-15,0.6324873,0.46301138,0.5398029,0.49817243,0.5257374
2020-12-24,0.6369689,0.46527064,0.54253703,0.50158733,0.52910364
2024-10-01,0.63587356,0.4648008,0.5417945,0.500805,0.52825654
2024-08-20,0.636126,0.464569,0.541787,0.50085413,0.52832633
2024-06-24,0.63601017,0.46447203,0.5418588,0.5008547,0.52807885
2023-04-08,0.63575137,0.46431765,0.5414523,0.50061256,0.5280024
2020-04-03,0.6361068,0.46483868,0.5420068,0.5010594,0.5288212
2020-03-27,0.63651294,0.46507242,0.54222465,0.5013117,0.52893865
2022-02-03,0.6369665,0.46527007,0.54252106,0.50160056,0.529128
2023-04-21,0.63632834,0.46503776,0.5421478,0.50122195,0.5288486
2019-09-12,0.63541895,0.46379334,0.54128414,0.49997663,0.5274578
2020-07-20,0.636117,0.4647817,0.5418639,0.50092787,0.52843094
2024-07-10,0.63570774,0.46430904,0.54172474,0.5005004,0.5278433
2020-04-26,0.6367511,0.4651143,0.54231405,0.50143564,0.52889305
2019-11-13,0.636951,0.46528703,0.5425595,0.50146556,0.529042
2021-06-28,0.6365761,0.4650123,0.5422839,0.5012265,0.5288699
2022-11-20,0.6371893,0.46539783,0.54280216,0.5017815,0.5293446
2023-08-14,0.634676,0.46335855,0.5406124,0.49957883,0.5271436
2022-06-28,0.6360096,0.46461803,0.5419074,0.5007578,0.5282368
2023-05-13,0.63682705,0.46525082,0.54243636,0.5015976,0.52910626
2022-03-29,0.6359981,0.46477073,0.541887,0.50092536,0.5287844
2022-01-14,0.637067,0.46534482,0.54259884,0.5016917,0.5291882
2020-11-06,0.63696426,0.4652951,0.5425082,0.50155264,0.5290917
2023-04-09,0.6356376,0.46424118,0.54134005,0.5005308,0.52790314
2022-05-25,0.63521975,0.46391517,0.54116523,0.50009763,0.5276004
2021-11-22,0.63714725,0.46542066,0.5427271,0.5017591,0.52930254
2020-07-08,0.6357274,0.46433473,0.5415468,0.5006865,0.5284832
2023-07-06,0.63372445,0.46283937,0.539876,0.4991594,0.5265369
2021-04-14,0.63639635,0.46487057,0.54206836,0.50114864,0.5287994
2024-01-01,0.6369911,0.46531162,0.5425736,0.50165474,0.5291736
2020-07-26,0.6363872,0.4649216,0.5420595,0.5011296,0.5286422
2022-02-09,0.6368173,0.46513525,0.5423865,0.50145227,0.5289892
2024-02-12,0.6363767,0.46489036,0.54212964,0.50110257,0.5287882
2024-11-19,0.636747,0.46539298,0.5421044,0.5012646,0.5287584
2021-06-30,0.63636017,0.46479186,0.5421005,0.5010944,0.5287804
2020-12-15,0.63701344,0.4653238,0.54258573,0.5016476,0.5291494
2021-08-09,0.6350904,0.46385705,0.541016,0.49988815,0.52796423
2019-10-14,0.63626367,0.46466312,0.5418857,0.5008461,0.5283936
2023-05-17,0.6367922,0.46523657,0.5424664,0.5015575,0.52915704
2024-11-16,0.6366398,0.46541348,0.5419019,0.50112396,0.5285807
2022-08-11,0.63547754,0.46413916,0.5412588,0.5004021,0.52791536
2022-01-30,0.6369832,0.46527085,0.54252434,0.50160736,0.5291121
2022-06-01,0.6365437,0.46507767,0.5424526,0.50128525,0.52886295
2022-07-11,0.6351238,0.46401566,0.54106903,0.50004,0.5274724
2023-03-15,0.636387,0.46489623,0.542186,0.50130934,0.52865916
2024-02-23,0.6345864,0.4638646,0.5415796,0.499472,0.5273881
2019-04-18,0.6363637,0.4648698,0.541988,0.5011393,0.5286532
2021-01-21,0.6368037,0.46514276,0.5423711,0.5013936,0.5289974
2022-11-06,0.63671523,0.46510255,0.5423984,0.50142854,0.5289592
2021-04-15,0.63647115,0.4649888,0.5421923,0.50124776,0.5288529
2021-05-31,0.63608116,0.46337873,0.5422784,0.50073487,0.52780175
2020-10-23,0.6365068,0.4649496,0.54212195,0.5010805,0.5287012
2019-05-02,0.6368002,0.46515545,0.5423599,0.5014784,0.5289696
2022-09-11,0.6339422,0.46361884,0.54061216,0.49923465,0.52675384
2022-06-12,0.6357918,0.46445048,0.54164386,0.50069517,0.52817506
2019-05-19,0.6367284,0.46505493,0.54227126,0.5013727,0.52888554
2022-12-24,0.637809,0.4658072,0.5433196,0.50226784,0.5299471
2019-04-27,0.63674194,0.46510604,0.5423088,0.5014296,0.5289557
2022-04-13,0.6365544,0.4649563,0.54212976,0.5012648,0.52868783
2022-11-24,0.6373338,0.46548957,0.542971,0.501922,0.5294938
2023-07-12,0.63583755,0.4645822,0.5417789,0.50080055,0.52836096
2023-08-21,0.63497645,0.46358544,0.54085416,0.499982,0.52744913
2024-03-03,0.6356661,0.46463552,0.54188323,0.5011697,0.52837676
2022-12-07,0.6375348,0.46560293,0.5431835,0.5020227,0.5297713
2023-03-09,0.6366338,0.46500736,0.54239345,0.5014733,0.5288176
2020-11-21,0.63686585,0.4652347,0.54249674,0.501444,0.5290366
2022-12-04,0.6376072,0.46566528,0.5431751,0.5020907,0.52976245
2020-12-13,0.63703054,0.46534362,0.5426019,0.50166804,0.52917695
2022-01-16,0.63706017,0.46534073,0.54259235,0.5016825,0.52917415
2020-11-12,0.63692087,0.46527702,0.54248863,0.50147736,0.5290511
2020-09-04,0.6347496,0.46374792,0.5408309,0.4999292,0.5272625
2020-02-03,0.63693863,0.46528143,0.54249066,0.5015965,0.5291227
2024-10-17,0.6360864,0.46497157,0.5414899,0.5005544,0.528196
2024-06-28,0.6356264,0.4642579,0.5416554,0.50063056,0.5277662
2024-07-04,0.63537866,0.4641364,0.54171073,0.5004421,0.5276896
2023-12-03,0.63697016,0.4652756,0.5425382,0.5015963,0.5291219
2021-08-26,0.6364695,0.46491802,0.54213756,0.50118554,0.5286201
2020-06-19,0.63580394,0.4641295,0.5417695,0.5006693,0.5276137
2022-07-14,0.635083,0.46401316,0.54100716,0.4999978,0.52750015
2022-07-16,0.63503665,0.46405876,0.5409392,0.49988434,0.5274809
2021-05-15,0.6368895,0.46522203,0.5424206,0.5015492,0.52909076
2023-11-21,0.6367753,0.46526414,0.5422979,0.50136924,0.5288768
2021-09-28,0.6357791,0.4645178,0.54170865,0.500598,0.5282768
2021-07-13,0.63641435,0.46475905,0.54212964,0.50103855,0.5285138
2022-06-11,0.63588595,0.46452278,0.5417241,0.5007658,0.52829
2020-03-19,0.63666177,0.46513772,0.542295,0.50141126,0.52904224
2021-01-08,0.6369739,0.46529737,0.5425333,0.5015961,0.52913857
2021-01-27,0.63672304,0.4650682,0.5422885,0.50126225,0.52900994
2019-04-16,0.6361674,0.46471786,0.54181916,0.5009746,0.5284779
2021-01-24,0.6367507,0.46508598,0.54231685,0.50131226,0.52900195
2023-03-19,0.6355135,0.46428436,0.5414272,0.50069743,0.5278026
2019-12-20,0.6369834,0.46533397,0.5425806,0.50167274,0.5291669
2021-02-20,0.6368307,0.46524018,0.54245627,0.5014748,0.5290742
2020-08-22,0.6362289,0.46486408,0.54208034,0.50109017,0.5285533
2023-10-07,0.6334374,0.46253204,0.53982246,0.49865028,0.5259068
2023-04-15,0.63589823,0.4644072,0.54164207,0.50070626,0.5282492
2023-02-12,0.6373155,0.46545717,0.54339314,0.50188327,0.52993715
2023-12-23,0.637013,0.4653169,0.54258746,0.5016534,0.52918154
2019-12-12,0.63695985,0.46534327,0.54258215,0.5016824,0.5291531
2020-03-28,0.63600963,0.46465817,0.54182315,0.50088924,0.52848023
2019-10-09,0.6361524,0.46458176,0.5418651,0.5008713,0.52835095
2019-10-24,0.63677907,0.4651352,0.5423213,0.50129145,0.5288641
2023-11-09,0.63630605,0.4647111,0.5419915,0.5009207,0.52840436
2021-06-10,0.6363552,0.46475354,0.5420249,0.501112,0.5285667
2020-03-07,0.6361706,0.46462637,0.5417697,0.50063246,0.52883226
2022-07-29,0.63637775,0.46486932,0.5420366,0.50107765,0.5286391
2020-09-25,0.63615066,0.46494266,0.5419911,0.5010215,0.52854556
2024-10-22,0.6360044,0.4647171,0.54153746,0.50038683,0.5284083
2019-06-13,0.6358562,0.46445572,0.5418003,0.5006244,0.5281159
2019-06-29,0.6357007,0.46442774,0.5416609,0.50061065,0.5282379
2024-09-25,0.63449425,0.46297628,0.54006934,0.49911574,0.5268522
2023-09-29,0.63302374,0.46213704,0.53950846,0.49828643,0.52542394
2024-10-05,0.636157,0.46494126,0.5418635,0.50093716,0.5283928
2019-04-13,0.6363362,0.46487305,0.54200083,0.5011344,0.5287188
2024-07-24,0.63478667,0.46383443,0.54077697,0.49979547,0.5273453
2020-12-18,0.6369818,0.46529052,0.54255825,0.5016277,0.5291167
2023-09-15,0.6326973,0.46207163,0.5392657,0.49799356,0.52530694
2022-01-12,0.6370735,0.4653492,0.54260486,0.5016918,0.5291833
2020-09-23,0.63622713,0.46492302,0.54198015,0.5010615,0.5286126
2024-10-04,0.636053,0.46488902,0.54188126,0.50091183,0.52839255
2020-08-02,0.6364953,0.46500033,0.5421711,0.5012635,0.52879274
2024-07-30,0.6361241,0.46478826,0.5419461,0.5009665,0.5284868
2024-10-28,0.6359708,0.46517697,0.5412677,0.50046813,0.52804554
2021-07-17,0.6352157,0.4636494,0.5414002,0.50040054,0.5267615
2020-06-17,0.63610184,0.46452746,0.54203266,0.5008363,0.5281044
2019-08-16,0.6359053,0.46453345,0.54173523,0.5007138,0.52833796
2023-04-05,0.63613385,0.46464175,0.5417704,0.5009416,0.52834255
2024-08-05,0.63641405,0.46490055,0.542096,0.501111,0.5285788
2024-01-11,0.6369989,0.46531987,0.5425635,0.50165474,0.5291592
2021-04-23,0.6366181,0.4650915,0.54226744,0.50135756,0.52888244
2020-01-22,0.6370001,0.46530935,0.54253775,0.50163406,0.5291405
2020-09-02,0.63603413,0.46475282,0.5418797,0.50098044,0.52835935
2021-09-30,0.6356686,0.46441904,0.54165345,0.50055826,0.5281576
2024-10-06,0.6362502,0.46497467,0.54188,0.5010108,0.5284431
2023-01-22,0.6376232,0.46566063,0.54333514,0.50216496,0.53000194
2021-03-23,0.6349519,0.4638171,0.5409548,0.50000364,0.52743137
2019-07-16,0.636356,0.46480638,0.5420255,0.50103974,0.52866274
2020-10-09,0.63640743,0.46491498,0.5420374,0.50109446,0.5285991
2023-10-31,0.6360409,0.4645669,0.5417015,0.5006226,0.52821064
2022-12-15,0.63770145,0.46571606,0.5432169,0.5021947,0.5298268
2019-07-01,0.636269,0.46480533,0.5419589,0.50098383,0.5285511
2021-06-05,0.6362545,0.46471158,0.5419466,0.50106335,0.5285874
2019-04-05,0.63593036,0.46464717,0.5417384,0.5008519,0.52853775
2021-02-25,0.636896,0.46529025,0.54252005,0.50156456,0.5291066
2021-12-03,0.63711107,0.46544355,0.54268384,0.50177515,0.52930063
2023-05-22,0.63685256,0.46524364,0.5425484,0.5014767,0.52908915
2021-08-20,0.6368538,0.46507016,0.5423031,0.5016259,0.5289478
2023-07-09,0.634932,0.46382126,0.5409806,0.50012016,0.5275042
2022-11-09,0.63677675,0.46512318,0.5424936,0.50148886,0.5290376
2020-02-26,0.6364916,0.4649231,0.54208714,0.50103056,0.52896905
2023-08-05,0.635838,0.4642489,0.5416343,0.50069046,0.5280603
2023-06-25,0.635767,0.46454707,0.54162455,0.50074667,0.5282488
2019-07-05,0.6360337,0.46457788,0.5417738,0.5007734,0.52838373
2019-07-07,0.6360725,0.46460867,0.54175556,0.5007771,0.52837706
2021-08-12,0.6354407,0.4643431,0.5412298,0.50025713,0.5280407
2020-03-01,0.63621104,0.46467486,0.541831,0.5007283,0.5288195
2022-04-19,0.6363737,0.46485078,0.5420171,0.5011145,0.52858645
2021-04-13,0.63634896,0.46486697,0.5420439,0.50111914,0.52876765
2024-01-18,0.6369578,0.4652837,0.5425401,0.5016175,0.5291318
2024-08-23,0.63590664,0.46437833,0.5416166,0.5006814,0.52810097
2023-10-22,0.63563573,0.46424747,0.5414518,0.50038695,0.5278792
2023-01-21,0.6376863,0.46571082,0.54335755,0.5022104,0.53001165
2023-08-23,0.6349775,0.4636338,0.540799,0.4998789,0.52743006
2023-06-17,0.63603836,0.46473566,0.54179454,0.50094056,0.52843016
2022-03-28,0.6358191,0.46459842,0.5417074,0.5007684,0.52855945
2020-06-18,0.63560534,0.46404338,0.54172474,0.50063854,0.5273651
2019-04-21,0.6366729,0.46511048,0.5422826,0.501379,0.5289635
2023-06-22,0.6358849,0.4646418,0.54180866,0.500853,0.52840275
2021-05-09,0.6367322,0.46511713,0.5422866,0.5014487,0.5289487
2022-04-04,0.63654804,0.46512178,0.5422773,0.5013633,0.5289597
2022-12-14,0.6376981,0.4656965,0.5432241,0.5021786,0.52981704
2023-06-11,0.6364489,0.4649753,0.542108,0.5011814,0.52868325
2020-03-31,0.6365666,0.46510848,0.5423186,0.5013704,0.5290538
2022-06-23,0.636251,0.4648232,0.54204977,0.5010197,0.5285406
2021-04-02,0.63522977,0.4642063,0.5414118,0.50043595,0.5280707
2023-06-30,0.63441694,0.46332046,0.5402497,0.49955413,0.52705497
2023-07-31,0.6361209,0.46459684,0.5418244,0.5008782,0.5284174
2020-01-06,0.63705456,0.4653569,0.54259306,0.50168645,0.529173
2021-04-28,0.6368051,0.46517724,0.54235256,0.50149816,0.52896273
2023-05-25,0.6366945,0.46510455,0.54245603,0.50129026,0.5290126
2024-11-12,0.6365706,0.46530417,0.54193753,0.5011205,0.5286223
2023-03-27,0.6363914,0.464864,0.54210234,0.5012664,0.52870154
2019-07-18,0.63619715,0.4646512,0.5418506,0.5008834,0.5286337
2019-10-20,0.6366639,0.46497595,0.542227,0.50118655,0.5287269
2020-11-07,0.636939,0.46528065,0.5424983,0.50152147,0.5290738
2020-02-25,0.636563,0.46501514,0.5421845,0.5011856,0.5290103
2022-08-21,0.632568,0.46172476,0.53869134,0.49797282,0.5269174
2021-06-20,0.6317842,0.46092933,0.5378699,0.49735475,0.526633
2024-02-11,0.6361622,0.4647026,0.54199594,0.500913,0.528532
2020-05-02,0.6368423,0.46516827,0.5424312,0.5014932,0.5290483
2019-12-13,0.6369574,0.46535054,0.54258406,0.50168115,0.5291586
2020-09-05,0.635167,0.46414918,0.5411835,0.50024194,0.5277193
2024-10-08,0.63626635,0.46499857,0.5419288,0.5010356,0.5284833
2024-03-17,0.63610464,0.46478185,0.54187137,0.5009083,0.52860284
2020-10-28,0.6367277,0.4651207,0.5423578,0.501338,0.52895886
2020-12-14,0.6370114,0.46532267,0.5425891,0.50165194,0.5291649
2024-04-11,0.636712,0.46511656,0.542318,0.50143045,0.52888733
2020-02-10,0.6368586,0.46523198,0.5423914,0.5015483,0.52912515
2021-09-26,0.63584715,0.46470708,0.5418118,0.5006951,0.5282676
2020-03-26,0.636697,0.46518797,0.5423749,0.5014466,0.52907795
2024-02-26,0.6347812,0.4640875,0.54174954,0.49996102,0.5276614
2019-11-18,0.6369781,0.46530098,0.54258966,0.5015294,0.529095
2022-11-11,0.6368279,0.46521452,0.5425357,0.5015548,0.52904373
2022-09-23,0.6320618,0.46270028,0.5396086,0.49782553,0.52529734
2020-11-05,0.6369421,0.46530265,0.5425127,0.5015401,0.52906024
2019-08-22,0.6347545,0.4637958,0.54088724,0.49983048,0.5276151
2022-08-16,0.63367236,0.46269906,0.53972185,0.4989485,0.5270339
2024-01-02,0.63697565,0.46530914,0.5425742,0.5016545,0.52917445
2020-11-24,0.6369068,0.4652711,0.5425385,0.5015024,0.5290741
2021-05-26,0.6367313,0.46470848,0.5424989,0.5013557,0.5288381
2023-11-12,0.63643074,0.46486625,0.5420356,0.5009806,0.5284495
2020-06-22,0.6329325,0.4615264,0.53970706,0.49904007,0.52302915
2021-09-09,0.6358725,0.46474987,0.54182774,0.50085413,0.5283163
2022-08-06,0.6363013,0.4647972,0.5420142,0.5010098,0.52858794
2024-06-25,0.63573354,0.46425104,0.541676,0.50064576,0.5277645
2022-01-20,0.6370526,0.4653335,0.5425854,0.50166804,0.52917135
2020-02-23,0.6365048,0.46496055,0.5421146,0.50117385,0.52893597
2020-07-25,0.6362973,0.464865,0.54195917,0.50103045,0.5285765
2022-11-29,0.63756347,0.46563122,0.5431937,0.5020945,0.5297143
2024-12-31,0.6370076,0.46542856,0.542434,0.5015446,0.5290099
2023-01-10,0.6377884,0.4658124,0.5433688,0.5022845,0.53003156
2021-09-13,0.63546896,0.46480474,0.54167753,0.50071657,0.52817845
2023-04-11,0.63594097,0.46455058,0.54166186,0.5008155,0.5282777
2023-01-06,0.6375609,0.46566156,0.5431175,0.5021129,0.52971816
2022-07-12,0.63520986,0.46405026,0.541091,0.50007546,0.52751726
2022-06-25,0.6361544,0.46470523,0.54203385,0.50089973,0.5283623
2022-02-24,0.63650495,0.4649125,0.54209924,0.50105274,0.5289676
2020-08-21,0.6362578,0.4648114,0.5420136,0.5010394,0.52853626
2023-10-05,0.63339484,0.46247238,0.53970057,0.4986115,0.525894
2023-01-27,0.63772297,0.46570516,0.5433642,0.50221837,0.5300267
2020-06-29,0.63610995,0.46464893,0.5419479,0.50099295,0.5286918
2020-10-05,0.6364624,0.46499777,0.5421611,0.50116736,0.5287063
2020-10-12,0.6364968,0.46493787,0.5421466,0.50111127,0.5287052
2023-12-17,0.6369875,0.46530223,0.54257876,0.50163126,0.52915704
2022-08-07,0.63609564,0.46464118,0.5418633,0.50087404,0.5284716
2023-03-13,0.6363009,0.46478382,0.54210675,0.50123215,0.52851593
2021-01-11,0.6369489,0.46527413,0.54251516,0.501569,0.5291161
2020-03-23,0.63680947,0.46526584,0.542453,0.50154275,0.52912194
2021-02-03,0.63646835,0.4648783,0.5420439,0.5009752,0.5288768
2023-03-10,0.63654697,0.46493858,0.54228175,0.5013758,0.52871007
2024-11-14,0.6366735,0.4652791,0.5421005,0.5012519,0.5287585
2021-09-14,0.6356539,0.46484923,0.5418006,0.5007779,0.5283209
2019-04-07,0.6361454,0.4647662,0.5418928,0.50101435,0.52863437
2024-11-28,0.6368387,0.46547592,0.54215795,0.5013159,0.52877504
2023-11-15,0.63655525,0.4649958,0.5421703,0.50116986,0.5287105
2023-10-23,0.6356022,0.46422505,0.54137766,0.50034314,0.5278518
2020-12-21,0.63703614,0.46533504,0.5425812,0.5016531,0.5291524
2021-03-20,0.63620675,0.4647935,0.54199505,0.5010376,0.5286033
2020-03-02,0.63610816,0.46460393,0.54173905,0.50059134,0.5287907
2023-03-18,0.6355485,0.46435055,0.54153824,0.500815,0.52795404
2022-03-19,0.6365403,0.46512163,0.5423461,0.5014192,0.5290628
2024-12-13,0.63695985,0.46539524,0.5424471,0.50155014,0.5290585
2023-10-16,0.6347066,0.46347293,0.5407892,0.49959442,0.526934
2019-12-17,0.6369642,0.46534956,0.54257846,0.5016919,0.5291706
2021-05-05,0.636803,0.4651752,0.54237676,0.5014947,0.52899885
2023-02-07,0.63775855,0.4657086,0.54345006,0.50225466,0.5300173
2022-03-02,0.63646203,0.46487254,0.5420861,0.50106657,0.52894366
2023-09-16,0.6326032,0.46198875,0.5393135,0.4979212,0.52524847
2023-07-20,0.6363491,0.46482873,0.5420439,0.5010746,0.5286029
2022-09-26,0.63154405,0.46254668,0.5393253,0.497418,0.52501214
2022-08-01,0.6365599,0.4649756,0.5422004,0.50123614,0.5287782
2024-12-11,0.63697296,0.46540043,0.5424419,0.50155115,0.52906704
2022-03-30,0.6360788,0.4648701,0.54195076,0.5010231,0.52885324
2021-02-01,0.6364653,0.46487525,0.5420531,0.50098956,0.52888817
2022-06-08,0.6360733,0.46478125,0.5419719,0.50096893,0.52848244
2019-06-21,0.63532114,0.46401373,0.541261,0.50025564,0.5280561
2020-12-30,0.63698214,0.46530014,0.54253966,0.5016049,0.52911913
2024-12-25,0.6369634,0.46542913,0.54240817,0.50153005,0.529026
2021-07-26,0.6357506,0.46440274,0.5419972,0.5005345,0.5281838
2024-11-08,0.6363677,0.4653234,0.5416239,0.50088,0.5283132
2021-10-12,0.6353676,0.46356058,0.5415333,0.50025666,0.52706486
2019-09-08,0.635515,0.46418276,0.5414352,0.500416,0.5278803
2023-02-21,0.63645566,0.464779,0.5422943,0.50139976,0.5286311
2021-08-04,0.63498956,0.46323302,0.5415616,0.49961066,0.5285149
2022-07-03,0.63505775,0.46397948,0.54123986,0.49993032,0.5272785
2023-12-16,0.63701594,0.46532038,0.54258513,0.50164634,0.52917784
2021-01-28,0.6366704,0.46503803,0.54223543,0.50120384,0.5289997
2024-01-20,0.63694906,0.4652791,0.54251987,0.5015964,0.52911955
2021-03-14,0.6363809,0.46491113,0.54213935,0.5011716,0.5287568
2021-08-14,0.63603586,0.46470955,0.54183626,0.5008907,0.52843845
2023-07-26,0.6363569,0.46478108,0.54203314,0.50110435,0.5286302
2023-01-24,0.63761765,0.46564904,0.5433134,0.5021566,0.52999955
2024-12-01,0.63689536,0.46543136,0.54232,0.50144625,0.52894336
2024-12-22,0.6369001,0.46547237,0.5423337,0.5014654,0.5289559
2022-05-23,0.6359337,0.46446812,0.5418262,0.5006575,0.52823204
2024-06-26,0.6356572,0.46430963,0.5415131,0.5005811,0.52783734
2021-09-18,0.635855,0.46484017,0.5417985,0.5008039,0.5283461
2021-10-30,0.6355188,0.46396202,0.54158354,0.5006482,0.52703977
2023-11-23,0.6368118,0.46528953,0.5423151,0.5013669,0.5289003
2024-03-06,0.63564277,0.4646619,0.54173476,0.5010675,0.5283912
2024-11-05,0.63626516,0.4652368,0.541576,0.5008248,0.52829194
2024-11-26,0.6367835,0.46546546,0.5420781,0.50125235,0.528727
2024-03-29,0.6366335,0.46511844,0.54227203,0.5013844,0.5288945
2020-02-09,0.63680613,0.46520108,0.542322,0.5015142,0.52907056
2020-03-03,0.6361176,0.46459848,0.5417095,0.5005375,0.52880955
2021-03-27,0.6339307,0.46285275,0.54010427,0.49915087,0.52631825
2024-09-08,0.63542116,0.46415734,0.5413089,0.50026965,0.5277573
2020-10-16,0.6365777,0.46497157,0.5421896,0.50107306,0.52871925
2020-09-27,0.636401,0.46498096,0.54217255,0.5011942,0.52869743
2020-04-17,0.63675785,0.4651081,0.54233015,0.50140387,0.528974
2020-09-06,0.63590634,0.46477216,0.5418617,0.50087196,0.5283342
2024-10-19,0.63603485,0.46479315,0.5415076,0.5004744,0.5282635
2020-03-20,0.63657457,0.46512008,0.54225194,0.50137365,0.52898103
2020-09-08,0.6352117,0.4642002,0.5412555,0.50033057,0.5277897
2024-07-11,0.6354864,0.46414593,0.54160243,0.50033295,0.52763397
2020-09-10,0.63516253,0.46419504,0.5412719,0.5003681,0.5275109
2020-04-24,0.63679487,0.46513328,0.5423753,0.50144494,0.5289728
2020-08-01,0.6364994,0.465003,0.5421639,0.501255,0.5287829
2023-03-30,0.63599104,0.46447644,0.54159653,0.5007927,0.5282059
2021-01-16,0.63692296,0.46525124,0.54248357,0.50153553,0.5290976
2024-03-19,0.6361942,0.46489477,0.5419598,0.50104153,0.5286344
2020-03-13,0.6366971,0.46509454,0.54229,0.50134504,0.5290102
2020-02-28,0.6363494,0.46479434,0.5419498,0.5008707,0.5288998
2021-04-17,0.636595,0.4651075,0.542284,0.5013525,0.5289586
2024-04-28,0.63679355,0.4651984,0.5423968,0.50152844,0.5290033
2021-07-10,0.63636744,0.4647695,0.542151,0.501074,0.5284656
2021-01-05,0.63699186,0.465311,0.5425426,0.50161505,0.5291478
2019-07-14,0.63629866,0.46477428,0.54196,0.5009545,0.52858806
2024-09-13,0.6358085,0.4643793,0.5416948,0.5006631,0.5279927
2023-02-24,0.6357124,0.46423492,0.5415449,0.50072294,0.52778983
2020-01-26,0.63691676,0.46525133,0.5424607,0.5015796,0.52907276
2022-02-08,0.6368899,0.46520054,0.5424527,0.5015207,0.52905554
2022-12-16,0.6376857,0.46570602,0.54321086,0.5021739,0.5298131
2023-12-02,0.6369703,0.46527982,0.54254353,0.5015881,0.5291197
2023-06-09,0.63604605,0.46466693,0.5418172,0.5008321,0.52835816
2021-08-22,0.63676447,0.46482885,0.54208696,0.5016772,0.5287293
2020-08-29,0.63595474,0.4646755,0.5418433,0.50092214,0.5284123
2024-01-10,0.63697135,0.46530148,0.54255134,0.50163686,0.52914417
2022-12-08,0.6375777,0.4656235,0.54318976,0.50206757,0.5297758
2019-10-02,0.6358712,0.46425846,0.5415827,0.50050133,0.5280085
2019-12-21,0.6369871,0.4653398,0.5425815,0.5016791,0.5291658
2021-11-20,0.63712376,0.46540064,0.54269785,0.50174004,0.5293159
2022-03-03,0.63656545,0.4649706,0.5422483,0.5012496,0.52898794
2022-08-26,0.6313683,0.46084344,0.537801,0.4970754,0.52625936
2023-02-11,0.63736904,0.46550667,0.54345286,0.50188625,0.5300009
2024-03-14,0.63583404,0.46465972,0.54172003,0.5007576,0.5284677
2021-12-25,0.63706,0.46536893,0.5426189,0.50171363,0.52920896
2021-06-03,0.63622874,0.46464974,0.54191625,0.50101584,0.5285008
2023-11-03,0.63618153,0.46471068,0.5418597,0.5007929,0.52833295
2024-12-08,0.63693196,0.4654466,0.5423297,0.501463,0.528956
2021-02-22,0.6368729,0.46527666,0.54248536,0.50153375,0.5290869
2023-04-04,0.6364036,0.4648888,0.54206145,0.50119454,0.5287035
2022-06-21,0.63602763,0.46472317,0.5419066,0.5009373,0.52845985
2019-12-11,0.6369466,0.46534348,0.542572,0.5016703,0.5291426
2022-08-04,0.6364253,0.46489418,0.5420959,0.5011206,0.52865595
2021-10-03,0.635466,0.46414974,0.5414197,0.5003448,0.5278799
2019-12-14,0.63698417,0.465346,0.5425907,0.5016743,0.5291614
2019-12-06,0.6369105,0.4653215,0.5425638,0.5016531,0.5291182
2024-08-13,0.6363686,0.4647966,0.5420211,0.5010544,0.52857345
2022-01-01,0.63702494,0.4653112,0.5425623,0.5016412,0.5291888
2020-07-19,0.63625234,0.46489364,0.5420156,0.501079,0.52860844
2024-04-10,0.6367551,0.46514773,0.54237294,0.50144565,0.52894455
2020-06-20,0.63492775,0.46336034,0.5412255,0.50026155,0.52623194
2022-01-18,0.63706905,0.4653495,0.5425946,0.501685,0.52918243
2019-04-10,0.6358626,0.46456358,0.5416278,0.5008042,0.5283797
2024-08-01,0.6362756,0.4648314,0.5419914,0.5010525,0.52854896
2023-06-20,0.63596773,0.46466765,0.54189306,0.500951,0.52839756
2023-01-17,0.63775015,0.46577218,0.54341775,0.50225425,0.5300928
2019-12-30,0.63703054,0.4653556,0.54259825,0.50168866,0.52917325
2021-05-30,0.6360184,0.46290797,0.54239845,0.5006279,0.5275591
2023-09-11,0.63171595,0.46105126,0.5379238,0.49706146,0.52448964
2022-07-23,0.63544816,0.4643182,0.54129416,0.5002989,0.527869
2024-09-01,0.6349014,0.4636811,0.5407843,0.4998358,0.52730894
2024-03-25,0.6365068,0.4650121,0.54215634,0.501238,0.52883846
2024-05-27,0.63642997,0.46487388,0.54221994,0.50101274,0.52853084
2023-05-04,0.63688415,0.46527642,0.54244,0.5015806,0.5290154
2019-06-04,0.636114,0.4642423,0.5420677,0.50086975,0.52823377
2021-07-12,0.63629305,0.4646057,0.54203695,0.5010128,0.5282808
2022-05-15,0.6365939,0.46514633,0.5424051,0.5015045,0.5288478
2022-02-28,0.6363511,0.46477228,0.5419619,0.50089115,0.52891725
2021-02-28,0.6368558,0.46524736,0.5424699,0.50150377,0.52911705
2019-04-11,0.63611233,0.46475914,0.54187274,0.50099504,0.5286404
2021-10-25,0.6351412,0.46363258,0.5413009,0.5003631,0.5265545
2020-09-07,0.6354759,0.4644245,0.5414774,0.5005427,0.5280325
2019-04-15,0.63629735,0.46483508,0.5419491,0.5010961,0.52863324
2021-08-11,0.6353142,0.46422413,0.54109585,0.50014794,0.52793956
2023-11-19,0.6367344,0.46514937,0.5423575,0.50137156,0.5289349
2020-05-26,0.636722,0.4651179,0.54236805,0.5014632,0.52894056
2019-11-29,0.6369181,0.465299,0.54256266,0.5015842,0.52910155
2022-08-22,0.63168484,0.46098,0.53790396,0.4972799,0.526654
2023-05-14,0.6368344,0.465252,0.542459,0.5015979,0.5291314
2020-05-17,0.636721,0.46510667,0.5423652,0.5014223,0.5289589
2023-08-01,0.6360582,0.46455902,0.5417881,0.5008816,0.5283705
2020-05-21,0.6366724,0.46506965,0.54234034,0.50137967,0.52893317
2023-11-01,0.63603264,0.46454686,0.5417165,0.50064665,0.52821416
2024-06-14,0.6372714,0.465052,0.54175067,0.50185233,0.52927244
2024-07-23,0.634054,0.46315858,0.5401392,0.49918458,0.52678144
2021-01-03,0.63699037,0.46530423,0.54254675,0.5016138,0.52914286
2021-02-19,0.6367604,0.46517187,0.5424141,0.50140613,0.5290478
2019-04-30,0.63668025,0.46508083,0.542277,0.5013856,0.5288714
2020-06-25,0.63529676,0.4638904,0.5413565,0.50050426,0.52715105
2021-04-19,0.6365721,0.46507975,0.542243,0.5013254,0.52893484
2024-06-01,0.6363326,0.46496388,0.54223,0.50111145,0.52872455
2019-10-25,0.63675934,0.46511894,0.5423125,0.50125355,0.52884
2022-07-25,0.6358653,0.46455392,0.54161865,0.5006627,0.52827185
2024-08-04,0.636353,0.46485984,0.5420687,0.50105375,0.52852905
2020-08-08,0.636505,0.46496585,0.54215455,0.50126404,0.5287556
2022-06-13,0.63593006,0.46452665,0.541766,0.5007251,0.5282963
2024-09-28,0.635655,0.46425506,0.5413688,0.5004022,0.527932
2019-11-22,0.6369045,0.46527877,0.542525,0.50150096,0.5290459
2023-04-29,0.63668543,0.46521232,0.5423507,0.501439,0.52901024
2021-11-15,0.6370279,0.46536604,0.54265064,0.50166196,0.5292531
2024-02-29,0.6355876,0.4645464,0.54187715,0.501032,0.5282985
2024-08-22,0.63602227,0.4645034,0.5417257,0.50077146,0.5282163
2023-12-10,0.6369903,0.4652857,0.5425704,0.5016148,0.5291386
2022-11-12,0.63686585,0.46524885,0.54255486,0.5015806,0.5290733
2024-07-26,0.6344148,0.4634951,0.5405337,0.4995633,0.5270814
2024-10-25,0.63592833,0.46512565,0.54111975,0.5002543,0.52790403
2023-06-14,0.63617563,0.46489632,0.5419383,0.5010061,0.52852696
2024-11-23,0.6368661,0.46536323,0.5423054,0.5014274,0.52893853
2020-10-31,0.6368292,0.46519744,0.54242635,0.5014003,0.5289913
2024-09-03,0.635133,0.46389553,0.5409821,0.50006455,0.5275628
2019-12-05,0.63691705,0.4653146,0.54256153,0.50163865,0.5291127
2019-09-16,0.6344882,0.46300057,0.5405229,0.49899125,0.526616
2019-06-01,0.6354266,0.46216595,0.5420099,0.49989632,0.5269148
2021-05-25,0.63679117,0.46493015,0.5424645,0.5014288,0.52899855
2019-04-24,0.6369189,0.46522388,0.5424739,0.5015565,0.5291058
2019-07-28,0.635972,0.46449897,0.541667,0.500815,0.52866155
2023-12-31,0.63696724,0.46529993,0.5425668,0.5016436,0.5291495
2024-03-05,0.6356437,0.46469268,0.5418151,0.50116026,0.52837306
2022-03-10,0.63654804,0.46498293,0.54222226,0.50125116,0.5289391
2024-12-30,0.63699824,0.46542016,0.5424346,0.50154597,0.5290254
2021-08-23,0.63674206,0.46482328,0.54195464,0.50172675,0.5287256
2021-09-04,0.63589436,0.46474603,0.5418597,0.5006545,0.5282961
2020-12-01,0.63704365,0.46532783,0.5426131,0.50165385,0.52917117
2020-06-15,0.635946,0.46443442,0.54169726,0.50065905,0.5280347
2020-03-30,0.63675386,0.46524024,0.54246163,0.501511,0.52918947
2021-09-11,0.63559246,0.46483657,0.54178625,0.50076735,0.52818143
2021-10-14,0.63517123,0.4631314,0.54149455,0.5000894,0.52656436
2024-03-21,0.636188,0.46491396,0.54196817,0.5010333,0.52859586
2023-03-17,0.6358266,0.4645555,0.54195285,0.50121593,0.5282258
2020-12-27,0.6369883,0.46529666,0.5425483,0.5016117,0.52912354
2022-02-02,0.63699883,0.46529958,0.5425335,0.5016166,0.52913797
2023-11-11,0.6363988,0.4648406,0.54204357,0.5009675,0.52849025
2020-09-13,0.6351854,0.4641751,0.54129916,0.5003253,0.5274208
2021-04-09,0.636059,0.46457073,0.54176044,0.5008527,0.528413
2022-04-11,0.6363596,0.46481514,0.54198754,0.5011068,0.52851266
2020-10-18,0.63654256,0.4649048,0.5421372,0.5009993,0.5286896
2022-06-09,0.63609266,0.46476611,0.5419444,0.50097847,0.52845436
2019-06-03,0.6356639,0.46262383,0.5421531,0.50023955,0.52723217
2022-11-19,0.63714075,0.46537295,0.54278034,0.50176966,0.5293057
2020-10-25,0.636561,0.46498457,0.54219395,0.5011776,0.5288204
2024-07-28,0.6356775,0.4645358,0.5416058,0.5005475,0.5280689
2022-05-19,0.63668615,0.4650578,0.542379,0.5013192,0.5288469
2023-03-22,0.63537174,0.46415317,0.54123473,0.50046575,0.52771634
2019-05-24,0.63649094,0.4648767,0.5420693,0.5011824,0.5286898
2020-01-23,0.63699394,0.4653081,0.5425336,0.5016383,0.5291294
2022-12-23,0.6377703,0.46577016,0.54328156,0.5022499,0.5299171
2019-05-06,0.636812,0.4651524,0.5423788,0.50146556,0.5289939
2022-12-28,0.6377884,0.4657679,0.54333913,0.50226647,0.5299862
2024-06-10,0.63664275,0.46485162,0.5419752,0.5014524,0.52878886
2021-07-16,0.6356005,0.4639991,0.54163945,0.5005407,0.5271469
2019-09-03,0.6329905,0.46359885,0.5404936,0.49863416,0.5263251
2024-10-11,0.63620996,0.4649553,0.5417617,0.50086135,0.5283393
2023-04-12,0.6359642,0.4644683,0.5416126,0.5007753,0.52826804
2022-05-09,0.6359118,0.46466503,0.5419263,0.5010561,0.5283921
2019-05-16,0.6367187,0.4650583,0.5422854,0.50136524,0.5289018
2023-05-07,0.636854,0.46523708,0.54239506,0.5015512,0.5289787
2021-10-22,0.636207,0.46473294,0.54198897,0.50098795,0.5281762
2019-06-19,0.63533765,0.4640383,0.54133624,0.50021577,0.52783704
2024-07-21,0.63513386,0.46409464,0.54108405,0.4998881,0.5275648
2020-06-21,0.6335754,0.46212614,0.54020834,0.49947402,0.5240012
2021-12-31,0.63703233,0.4653234,0.5425737,0.50166404,0.5291915
2023-01-31,0.6377174,0.4656997,0.5434104,0.5021978,0.5300452
2020-02-17,0.63668853,0.46512362,0.54223716,0.50140876,0.52906114
2023-05-18,0.63677824,0.46521768,0.54246557,0.5014878,0.5291606
2021-07-06,0.6365322,0.46494457,0.54237646,0.5012581,0.52874947
2020-09-16,0.6353324,0.4643738,0.5414763,0.50039256,0.5277793
2020-11-14,0.6368856,0.46523607,0.5424745,0.50145555,0.5290184
2023-11-25,0.6369146,0.46527454,0.5424773,0.50153,0.5290566
2022-06-20,0.63581777,0.46455988,0.54179937,0.50077134,0.52822304
2022-05-26,0.63511354,0.46384916,0.5410997,0.50002545,0.5275289
2024-06-19,0.63617927,0.46467054,0.5421007,0.5009511,0.528236
2022-12-06,0.6375299,0.46561456,0.54319394,0.5020367,0.529787
2020-03-06,0.6361454,0.46460146,0.5417698,0.50062263,0.52881646
2020-03-16,0.6366512,0.46514663,0.5422853,0.50142217,0.5289381
2024-04-02,0.6366959,0.4651373,0.5423262,0.5014195,0.52892286
2021-03-18,0.6360508,0.46465623,0.5418916,0.5009088,0.5284681
2020-02-27,0.6365149,0.46494368,0.54209787,0.501067,0.5289802
2024-09-29,0.6357362,0.46434587,0.5414061,0.50044787,0.5279677
2024-03-20,0.63625973,0.46490613,0.5419621,0.50106937,0.52867913
2020-10-26,0.63662857,0.4650324,0.542259,0.5012269,0.5288549
2023-11-26,0.63690436,0.46524638,0.5424899,0.5015332,0.5290633
2019-11-04,0.6368626,0.46526062,0.5425043,0.5014144,0.5289835
2022-03-06,0.6362275,0.4647314,0.5418402,0.5007399,0.5288864
2024-11-13,0.6366472,0.46526423,0.54208153,0.50123745,0.52877086
2021-05-19,0.6368837,0.46518034,0.54244125,0.5015351,0.52907455
2024-08-16,0.6359579,0.46450266,0.5416683,0.5007009,0.52824104
2024-11-29,0.6368558,0.4654342,0.542245,0.5013629,0.52886295
2019-05-07,0.6368013,0.46513504,0.5423622,0.5014471,0.5289687
2022-12-02,0.63761914,0.46565017,0.54316556,0.5021009,0.5297549
2019-03-28,0.63630676,0.46488777,0.54206806,0.5011386,0.52876467
2021-08-01,0.63581085,0.46431756,0.5422149,0.5006047,0.5286668
2020-11-19,0.63686544,0.46523875,0.5424938,0.5014221,0.5290204
2020-11-08,0.63697106,0.46529984,0.5425283,0.50154996,0.52911043
2020-03-29,0.636056,0.46474895,0.5418696,0.5009772,0.52853715
2023-04-26,0.6364658,0.4652164,0.54224956,0.5013064,0.52904266
2024-01-29,0.63680345,0.46516165,0.5424249,0.50147367,0.5290383
2023-09-05,0.63106734,0.4607207,0.5375885,0.49661782,0.5240366
2023-09-12,0.63254917,0.46169537,0.5386034,0.49775085,0.525194
2019-09-24,0.63526094,0.46359962,0.540956,0.49955136,0.5274148
2023-02-13,0.63730806,0.4654312,0.5434238,0.50188005,0.52996284
2021-11-19,0.6371371,0.46540418,0.5427211,0.5017584,0.52929854
2019-11-05,0.6368921,0.4652684,0.5424972,0.5014275,0.5289824
2024-10-30,0.6361274,0.4651474,0.541582,0.5007411,0.5283306
2022-04-22,0.6364626,0.46497172,0.5420371,0.5011407,0.5288277
2022-01-06,0.63707876,0.4653602,0.542615,0.5016951,0.5292031
2024-06-03,0.6365147,0.46504116,0.54229677,0.5012612,0.5287805
2021-11-03,0.6352655,0.4637509,0.5413492,0.5004978,0.5266854
2020-11-22,0.6368831,0.46525836,0.5425107,0.50145763,0.5290165
2021-07-09,0.63646835,0.46486938,0.54225874,0.50115377,0.5286349
2024-03-28,0.6366128,0.46509954,0.5422525,0.5013587,0.52891225
2022-04-02,0.63659644,0.46519798,0.54235715,0.5014475,0.52911234
2024-08-19,0.63610137,0.4645574,0.54178184,0.5008325,0.5283259
2021-12-12,0.6370221,0.46536005,0.5426214,0.50173235,0.5292213
2019-08-31,0.6330024,0.46354198,0.5404136,0.49870184,0.52648586
2022-05-18,0.6367924,0.4652083,0.54248554,0.50148404,0.528986
2019-08-27,0.63323,0.46314728,0.54010284,0.49868986,0.5267373
2020-12-28,0.63700604,0.4652982,0.54254943,0.50161636,0.5291229
2024-06-17,0.63700193,0.4652889,0.5427167,0.5015989,0.5292497
2024-09-06,0.6352568,0.46408343,0.54116344,0.5001981,0.5276125
2019-10-18,0.63653314,0.4648963,0.54211265,0.50107527,0.52866846
2019-11-06,0.63687605,0.46525434,0.5424943,0.5014329,0.52899224
2024-06-08,0.63652736,0.46482563,0.54210293,0.5013237,0.5286727
2023-07-24,0.63607955,0.46464366,0.5418405,0.5008861,0.52841806
2020-02-24,0.63657266,0.46501678,0.54217553,0.5012015,0.5290145
2022-04-09,0.6367256,0.46520978,0.5423918,0.5014789,0.52903855
2021-06-09,0.63631624,0.4647691,0.54201615,0.501165,0.52863586
2022-05-16,0.6366702,0.46523756,0.5424834,0.5015934,0.52894557
2024-02-04,0.63645065,0.4648765,0.5421478,0.5011539,0.5286957
2024-01-09,0.6369916,0.46531337,0.542558,0.501645,0.5291563
2023-11-30,0.6369673,0.46528244,0.5425302,0.50157595,0.5291148
2024-07-19,0.6351246,0.4640535,0.5411072,0.49991596,0.52753824
2020-07-07,0.63559026,0.4642232,0.541478,0.5005756,0.5284168
2023-08-27,0.6345411,0.4633059,0.5404113,0.49953628,0.5270865
2021-01-13,0.63694185,0.46526584,0.54249704,0.50155574,0.52910393
2021-11-17,0.6370489,0.46535045,0.5426756,0.501713,0.52925444
2022-06-07,0.63589805,0.46473223,0.5418284,0.5008549,0.52836496
2024-10-16,0.6363209,0.46495488,0.54188657,0.5009102,0.5285014
2019-10-29,0.6368199,0.4651663,0.5424194,0.50132114,0.52889895
2023-06-12,0.636252,0.4649438,0.54197496,0.5010565,0.528528
2020-07-03,0.6358084,0.46438974,0.54163444,0.5006805,0.5284434
2024-01-14,0.63698477,0.4653107,0.54255396,0.50163996,0.52914834
2022-12-20,0.6376998,0.46575144,0.5431961,0.50217557,0.52981114
2022-05-05,0.63648087,0.46497673,0.5422106,0.5013096,0.5287265
2020-11-30,0.637014,0.4653109,0.5426038,0.5016154,0.5291404
2021-10-16,0.63503134,0.4631073,0.5413555,0.5000753,0.5263543
2020-11-18,0.6368611,0.4652251,0.5424821,0.5013995,0.5290005
2022-11-23,0.6373025,0.46545228,0.54292536,0.50188136,0.5294446
2024-04-04,0.6366584,0.46509933,0.5422697,0.5013978,0.5288513
2020-08-16,0.6362969,0.4647347,0.54204977,0.50104314,0.52857834
2024-03-26,0.63656986,0.46502343,0.5421841,0.5012887,0.5288546
2021-03-15,0.6364164,0.46493942,0.5421658,0.5012026,0.5287652
2021-11-27,0.6371111,0.4654312,0.54267377,0.5017409,0.5292871
2024-02-27,0.6356742,0.46456262,0.5418654,0.50080186,0.52836955
2021-11-13,0.6368858,0.46526733,0.54262334,0.50158024,0.5291578
2021-04-03,0.6358486,0.46471882,0.5419113,0.500931,0.5286516
2023-05-23,0.63668495,0.46513978,0.54250556,0.5012544,0.528991
2020-02-08,0.6368397,0.46521685,0.5423676,0.5015334,0.52908677
2021-10-20,0.63577497,0.46435088,0.54165316,0.50064427,0.5275662
2021-04-24,0.63684255,0.46522206,0.5424278,0.5015217,0.5290195
2023-11-04,0.6362463,0.46477497,0.5419013,0.50085384,0.5283524
2020-05-11,0.6367579,0.4651342,0.54238534,0.5014411,0.5289643
2024-01-07,0.6370116,0.46532813,0.54258287,0.50167125,0.5291757
2023-12-04,0.63698286,0.4652921,0.54255164,0.50159466,0.52913445
2020-07-27,0.6364428,0.4649452,0.54210246,0.5011788,0.5286723
2023-09-14,0.6314185,0.46094778,0.53795516,0.49688444,0.52416337
2021-02-26,0.6369172,0.46530417,0.54252434,0.5015744,0.52910036
2024-05-22,0.6354466,0.46407914,0.5414535,0.50014186,0.5276889
2020-10-22,0.6364902,0.46491247,0.54210466,0.5010339,0.5286805
2023-09-13,0.63253117,0.4617872,0.5389654,0.49762064,0.5252551
2022-09-20,0.6325973,0.46294937,0.53986967,0.4982671,0.52569556
2022-01-11,0.63708204,0.46535555,0.54261434,0.5016996,0.52919453
2024-05-12,0.63627476,0.4648317,0.54192287,0.50113654,0.52866507
2024-06-12,0.63691884,0.46487412,0.54193264,0.5016792,0.52900994
2022-05-06,0.6364366,0.46494746,0.5422116,0.5012924,0.52873176
2021-11-30,0.6371437,0.4653984,0.54274976,0.5018026,0.52935505
2024-07-15,0.6351095,0.46389616,0.5413425,0.5001032,0.52726483
2021-04-21,0.6367663,0.4651467,0.5423524,0.5014487,0.52900076
2022-05-12,0.6363937,0.46498612,0.54224646,0.50137585,0.5287064
2021-09-05,0.6357271,0.4647853,0.5418029,0.50062543,0.52819914
2020-02-06,0.6368631,0.46523875,0.54239804,0.5015563,0.5290945
2022-03-04,0.6362947,0.46475786,0.5419065,0.50080323,0.52888185
2022-02-15,0.63679916,0.465138,0.5423676,0.501416,0.52904254
2024-05-05,0.63641983,0.46516052,0.54205936,0.50155795,0.5290581
2023-03-14,0.6360754,0.46458942,0.5418458,0.50099266,0.5282731
2024-05-26,0.6363275,0.46476442,0.5421797,0.50087446,0.52840954
2024-12-24,0.63694906,0.46543574,0.54240835,0.501524,0.5290217
