date,h0,h1,h2,h3
2023-01-04,0.99899095,0.9999981,0.9959722,1.0733034e-12
2019-09-20,1.23797e-25,1.4904155e-16,1.4330135e-22,2.5710826e-25
2020-03-06,1.0,3.3176755e-07,0.010868068,0.0011701777
2023-07-05,2.2707693e-21,2.2904965e-17,3.6179459e-25,1.237573e-18
2024-07-01,1.1867597e-22,1.3311535e-21,2.4912574e-24,1.2781565e-22
2024-03-14,0.9996295,1.6290068e-07,2.0054062e-15,1.0339434e-12
2023-06-29,4.5205066e-17,2.6589592e-17,3.041001e-22,5.2936055e-16
2021-03-18,1.0,1.4251849e-07,0.00038767158,1.4680347e-11
2024-10-13,1.4352894e-22,1.5271599e-20,3.4586378e-16,3.5840503e-29
2024-12-02,0.049391724,0.99999976,0.99999964,1.9769296e-08
2024-09-06,2.576871e-21,5.6969095e-18,6.63926e-17,1.152372e-23
2024-03-30,1.0,0.1468348,1.8583926e-07,0.34449837
2024-01-01,1.0,0.99998426,1.0,0.91714317
2023-01-01,0.99994385,0.9994615,0.998395,2.8379403e-09
2024-01-25,1.0,0.99988735,1.0,0.2134984
2024-09-29,5.088094e-23,1.721744e-17,2.9341873e-24,8.053417e-25
2020-09-07,3.5078795e-24,5.316809e-27,2.0998326e-26,2.489709e-24
2021-02-13,0.9999913,9.777616e-08,1.0,4.2381532e-12
2021-04-15,1.0,3.9997294e-15,9.04929e-15,8.304248e-09
2020-07-10,5.112107e-21,2.840329e-20,1.274773e-21,7.580282e-16
2024-05-13,1.5235146e-05,0.005352389,0.000251606,0.9924069
2020-08-27,1.1051394e-23,5.7681506e-19,5.5504094e-21,2.0784244e-21
2022-02-13,1.0,0.9940316,1.0,0.29435897
2022-01-30,1.0,0.99960476,1.0,0.99873763
2021-05-03,1.0,0.69930375,0.00070094387,1.0
2023-10-09,3.75551e-28,2.538033e-14,7.3974665e-21,3.635551e-29
2022-05-25,4.293278e-06,3.898403e-07,2.9396793e-15,0.9999764
2022-07-17,5.0625373e-23,7.828719e-25,2.290598e-20,1.1335476e-20
2022-02-04,1.0,0.99947697,1.0,0.99686134
2019-05-19,0.9999999,1.3794435e-11,1.8617005e-06,0.8531303
2021-05-07,1.0,0.5756184,1.2070341e-06,0.99999833
2019-08-23,1.5059617e-22,3.4586076e-18,4.5640268e-27,2.5391655e-22
2021-10-11,4.0342016e-25,3.0703258e-16,2.6337708e-18,5.6986527e-24
2023-01-25,0.99999917,0.9999993,1.4930499e-09,5.229355e-10
2021-12-20,1.0,0.99999964,0.9999995,0.9416051
2020-08-17,1.9504147e-21,1.9529103e-12,7.3840785e-20,1.5867509e-16
2020-04-24,1.0,0.98872244,4.650616e-06,1.0
2020-06-19,1.1880595e-15,2.3062136e-12,2.5030607e-16,1.5038525e-05
2021-01-25,1.0,1.0498719e-05,1.0,0.016646812
2023-03-22,0.99999464,3.140085e-13,7.239725e-16,7.591567e-16
2021-05-12,1.0,3.389589e-05,0.29311493,0.9999993
2019-05-20,0.99999976,9.607963e-15,1.1083263e-09,0.022961853
2023-12-25,0.999838,1.0,0.99972194,0.0009885139
2023-11-26,4.061041e-08,0.99999976,0.03324147,2.56852e-13
2022-01-10,1.0,0.99999094,1.0,0.95084053
2019-08-20,2.1200785e-23,1.7010387e-14,8.4251707e-26,5.7068033e-19
2024-11-12,4.3048498e-10,5.9586044e-14,2.7771206e-17,3.6741654e-24
2021-02-17,0.9999689,8.58103e-10,0.99990046,5.0505128e-11
2020-11-21,1.8000416e-09,7.0634814e-09,0.99999726,3.999363e-15
2022-02-20,1.0,0.99428314,1.0,0.20867912
2021-04-17,0.9996271,9.399078e-16,4.692303e-18,6.699415e-06
2021-08-19,9.335151e-16,0.0014028751,6.869758e-13,4.002437e-12
2022-03-27,1.0,1.7340899e-17,6.724567e-11,2.6366526e-13
2022-08-02,1.4541832e-20,2.2948754e-12,4.9504698e-17,2.667455e-15
2023-10-14,2.3180339e-26,1.395918e-17,1.3899408e-16,1.6285312e-30
2024-02-27,9.101649e-12,1.1304969e-16,4.9652344e-12,7.2016474e-19
2020-06-25,3.0102453e-20,1.2914016e-18,4.804872e-21,6.8028826e-16
2024-01-07,1.0,0.99999213,1.0,0.36395437
2022-05-20,4.772006e-08,4.4151416e-09,7.714437e-17,0.99939585
2019-11-12,6.442413e-07,0.0016889442,0.9999186,7.681836e-11
2023-05-14,1.0,0.14769107,1.0858498e-08,0.9999906
2021-03-25,1.0,6.656134e-14,1.1932352e-11,1.1684928e-10
2023-10-24,8.1141345e-25,1.293342e-10,3.9130098e-16,1.4748209e-26
2023-10-10,7.756947e-28,2.0222914e-15,1.5113558e-20,1.9665494e-31
2023-02-25,1.0,0.9999212,1.6495156e-07,1.1566362e-06
2024-02-23,1.05445395e-10,8.487192e-21,6.7652957e-19,8.811617e-23
2023-09-08,2.662257e-25,5.8536052e-18,1.2011836e-23,5.5336096e-26
2019-09-03,5.280935e-25,4.740131e-22,6.3674418e-27,1.0026735e-23
2023-06-20,3.945011e-15,1.6260528e-17,4.7037946e-24,2.760816e-14
2024-08-29,4.552586e-19,8.25686e-18,4.561169e-21,2.5420936e-21
2019-07-04,6.34921e-17,2.8631716e-14,1.03275164e-22,6.1969816e-15
2020-03-03,1.0,1.4122396e-07,0.9998629,4.964177e-05
2020-09-04,3.703957e-24,7.915238e-24,5.1952404e-23,3.5140655e-25
2021-09-18,4.294676e-27,5.658565e-21,3.1569153e-26,2.7328316e-27
2020-10-20,2.6319664e-23,8.076216e-17,3.689919e-12,1.7939759e-23
2019-11-03,4.325057e-20,0.00010008233,4.4092253e-06,6.457585e-11
2023-07-12,2.5515433e-16,2.6356919e-17,5.405538e-22,3.2943256e-19
2021-02-10,0.99999726,5.555763e-07,1.0,1.1799294e-08
2022-06-11,2.6593306e-20,4.9750773e-11,6.2452897e-18,2.7322924e-10
2023-09-06,9.773412e-25,1.5182916e-18,3.1058552e-23,2.0828847e-29
2024-04-27,1.0,0.9997565,1.2387336e-07,0.9999927
2021-12-12,0.9999999,0.9999968,0.99995625,0.06898738
2021-12-16,1.0,0.9999993,0.9999988,0.97174174
2020-07-13,1.3446578e-21,8.709442e-19,3.2380967e-19,5.8647423e-16
2019-05-28,4.643869e-05,1.39238e-19,9.6523315e-17,4.953726e-05
2019-10-14,6.181849e-22,3.8062618e-14,1.5296157e-11,4.802508e-21
2023-03-23,1.0,4.0360947e-06,2.2202563e-15,3.8284638e-09
2021-01-10,1.0,6.7179753e-06,1.0,0.00033578294
2024-08-20,3.8683686e-15,1.9439414e-17,7.6573337e-22,8.358701e-29
2021-08-16,1.7402019e-22,3.805301e-23,3.2752742e-22,2.3306457e-23
2021-08-15,4.450969e-23,6.72858e-23,2.5398008e-25,5.441985e-25
2023-03-12,1.0,0.9999528,6.235368e-09,1.6779192e-09
2024-02-03,1.0,2.2232662e-06,0.0044918163,6.06573e-07
2024-01-04,1.0,0.99999976,1.0,2.6480415e-05
2019-12-17,1.0,0.99917334,0.9999838,0.99940753
2024-06-07,1.5858064e-06,1.0750856e-09,1.9507192e-14,0.060514696
2019-08-14,9.7324334e-21,1.6563624e-14,2.9037315e-18,7.283666e-14
2020-12-07,0.9999999,0.0010486266,1.0,0.024548355
2019-11-16,1.0567583e-06,0.9998827,0.99996114,9.919091e-13
2022-09-02,4.8369827e-28,1.263597e-16,3.378643e-26,2.5591082e-23
2023-10-30,2.4173112e-23,9.877763e-17,6.943176e-15,3.645788e-28
2024-07-24,6.6673794e-25,1.797969e-24,3.412349e-24,9.778522e-25
2021-09-07,8.603252e-25,1.1700155e-22,5.114237e-27,9.8444035e-23
2023-07-28,1.7491792e-23,2.609559e-18,5.222358e-25,3.6427527e-23
2024-11-04,1.4064525e-18,1.6735882e-13,2.9913006e-20,3.570517e-27
2024-04-15,1.0,0.99753416,3.6626682e-07,0.9999995
2020-12-14,0.99955434,0.07266674,1.0,0.08169279
2023-04-11,1.0,4.33359e-15,2.348797e-18,1.9642123e-14
2022-07-16,1.0879975e-23,2.8633988e-23,4.8561697e-22,8.470272e-22
2020-06-29,3.7698054e-21,2.763307e-11,9.2602744e-17,2.7148765e-12
2024-12-05,0.9999728,0.999997,1.0,0.0003143034
2021-04-03,0.999711,3.4389784e-18,1.7247707e-14,3.4684408e-16
2020-03-13,1.0,1.3246834e-08,0.91732734,0.0007479695
2020-02-25,0.9999999,0.0022678443,1.0,2.1153817e-05
2023-09-20,8.027584e-19,2.985437e-15,1.1675193e-21,1.9115225e-29
2024-07-09,1.6112964e-23,1.2997639e-18,3.196555e-25,2.4153583e-22
2020-05-26,0.46286568,0.004482182,2.2162442e-06,1.0
2024-04-16,1.0,0.99997616,0.015824806,0.9999962
2024-10-11,2.451306e-24,2.7018667e-21,6.019212e-22,1.5010941e-27
2024-06-17,1.2027055e-16,4.6873446e-08,7.93951e-19,9.19494e-10
2022-09-06,2.3340333e-25,1.5558763e-16,4.282448e-23,2.2098723e-22
2023-01-08,0.99844724,0.99999976,0.9985549,2.2504234e-09
2022-08-10,2.9498444e-23,2.4156016e-19,3.6102485e-20,4.5470994e-20
2022-09-05,1.24800554e-29,9.914682e-17,2.698828e-21,3.553578e-24
2021-03-24,1.0,8.005308e-15,1.09745295e-13,7.7656475e-14
2020-05-31,1.175503e-10,6.330018e-14,6.421634e-15,0.07768907
2022-09-30,1.6354315e-27,1.2763449e-13,1.8185677e-15,5.575066e-29
2023-03-14,1.0,0.9356607,2.5981822e-07,5.341843e-09
2023-08-10,3.705197e-26,1.1589757e-16,2.0642222e-24,3.3309187e-28
2022-06-03,0.0002760942,0.8672922,2.357682e-12,1.0
2022-09-20,1.5369714e-29,1.8062749e-15,2.7015426e-17,7.2022187e-28
2023-10-25,3.680411e-22,8.10141e-13,2.0772625e-18,3.8997126e-26
2021-03-12,1.0,0.0005527189,0.86335886,7.1310916e-11
2023-08-27,9.580731e-23,1.0205637e-15,4.450625e-25,1.0943167e-22
2019-06-17,4.060029e-18,7.749119e-18,6.957419e-21,5.94342e-13
2024-12-17,0.9999919,0.9999844,1.0,0.00020002166
2024-10-06,2.4326855e-23,5.3907987e-20,2.4509302e-18,4.458654e-29
2021-10-19,7.874868e-27,5.6521836e-12,1.5558577e-17,1.405305e-25
2022-03-23,0.99998856,3.1457434e-21,1.2066128e-14,3.9970102e-17
2021-05-08,1.0,0.00039826834,0.00047082012,1.0
2019-11-08,3.3076996e-11,8.540984e-05,0.0004065485,1.40669675e-14
2020-03-30,1.0,0.0020457522,0.9968399,0.8294382
2023-07-27,1.675925e-22,3.849744e-16,4.890741e-25,2.585535e-22
2022-01-14,1.0,0.99999917,1.0,0.9996995
2020-06-21,1.074124e-17,4.0641132e-14,8.912184e-16,4.823365e-07
2022-06-08,8.3293897e-13,5.0285473e-07,1.5789918e-16,0.009903066
2020-02-17,1.0,0.0053156205,0.99999225,0.9783467
2024-11-15,0.00013229858,5.2501473e-08,8.812043e-06,6.624501e-20
2022-04-24,1.0,0.999923,1.09954976e-10,0.9999491
2020-06-20,1.8960285e-18,2.2088742e-10,1.0373276e-15,7.78748e-07
2022-07-08,5.188007e-25,2.3079962e-23,8.4779696e-21,3.0577065e-21
2022-09-01,7.8006865e-28,4.0614894e-16,1.3065697e-25,6.6048163e-21
2023-12-31,0.9999943,1.0,0.9999995,0.0020814547
2019-05-08,1.0,1.2714067e-07,3.726847e-05,0.9999963
2021-08-26,1.8033786e-20,4.6237805e-21,3.791463e-23,1.291795e-19
2020-05-17,0.9999999,1.8007717e-05,1.17769844e-07,0.99999964
2024-01-13,1.0,0.99998605,1.0,0.99258983
2020-02-08,1.0,0.09217932,0.99997234,0.91358155
2021-06-19,1.876925e-15,5.344458e-14,2.2041672e-19,0.0054353555
2022-11-03,5.3907815e-19,4.3342596e-05,1.5783162e-10,1.8624769e-13
2023-12-16,0.9806503,0.9999987,0.99999976,1.3752275e-06
2022-08-16,9.226563e-25,4.771022e-16,3.8948423e-23,3.7288125e-22
2023-03-13,1.0,0.9789544,4.5849564e-09,3.537448e-07
2022-04-25,1.0,0.7960065,3.582937e-10,1.0
2021-12-05,0.9999615,1.0,0.99980885,0.002273547
2024-06-20,1.0811572e-18,6.978629e-14,2.418547e-23,3.49453e-13
2023-01-03,0.14217326,0.99048865,0.99481636,1.867992e-12
2019-04-04,0.9999989,4.4829065e-21,2.7755031e-15,1.6479056e-13
2022-01-12,1.0,0.9999956,1.0,0.97876143
2020-03-22,1.0,0.08127969,0.9997744,0.9627912
2020-03-25,1.0,0.000111617315,0.023496998,0.99989533
2024-10-02,1.0131353e-23,6.6848237e-18,5.7100783e-16,4.818364e-28
2022-03-13,0.99906737,5.081309e-14,0.00038708074,1.1992192e-16
2023-06-24,1.9853462e-18,2.8384054e-17,2.2534299e-24,1.4237766e-16
2024-07-25,3.109815e-23,9.342697e-25,4.165915e-25,3.411194e-22
2024-09-11,2.058072e-18,1.1789804e-15,1.15401626e-10,1.7312033e-15
2023-07-16,1.0893479e-22,1.4956897e-16,6.1061147e-25,1.4960275e-22
2020-03-23,1.0,3.9798547e-06,7.785522e-05,0.974732
2023-06-08,5.099167e-09,1.1794752e-15,3.2029056e-23,0.00026095958
2019-06-01,3.8577856e-16,2.34437e-22,1.0632645e-23,5.631896e-09
2020-05-02,1.0,0.99112356,3.6722195e-08,1.0
2024-06-09,6.5848006e-18,2.110871e-08,4.622273e-17,2.527748e-10
2019-11-14,1.1322192e-08,0.0006106616,0.99999607,4.3578908e-16
2020-09-13,1.038429e-21,1.1278697e-23,9.682716e-25,5.137637e-22
2023-02-11,0.9999999,1.0,0.001311177,7.6971645e-07
2024-12-10,0.9998963,0.9999999,0.99999976,0.00013922645
2023-01-16,1.0,0.9999932,0.442038,3.4183292e-09
2024-12-25,0.9998878,0.9885076,1.0,0.0024816368
2020-12-29,1.0,0.072559685,1.0,0.5466363
2024-12-24,0.99999726,0.9997634,1.0,0.0013829317
2023-05-26,0.57297385,0.010132874,6.697435e-10,0.999987
2023-11-15,1.2989786e-21,4.5428965e-08,1.279167e-13,4.913124e-25
2019-09-09,4.0331902e-23,1.1919441e-17,2.1706467e-21,5.3280348e-20
2022-09-22,8.3766675e-30,9.1390705e-15,8.0910126e-18,5.439009e-28
2022-06-07,9.455175e-07,2.7569257e-07,2.1109035e-15,0.99980813
2021-08-04,2.2362638e-21,3.3084962e-25,1.834383e-23,9.789867e-25
2022-02-14,1.0,0.69996864,0.9999999,0.07982508
2019-07-18,3.993007e-22,5.4044873e-14,2.0053516e-16,3.1579118e-13
2021-08-14,1.0392127e-23,1.0537564e-21,2.4431817e-26,9.3050254e-26
2024-02-05,1.0,0.01173781,0.99996805,6.4150456e-08
2024-08-21,1.7150839e-17,3.5077098e-14,1.8884524e-22,3.4484608e-27
2023-06-23,3.3576844e-20,2.2362183e-16,3.901024e-25,1.5423886e-19
2021-12-27,1.0,1.0,0.9999995,0.99965847
2019-10-11,4.4806798e-23,3.8241735e-16,1.7314578e-05,5.227778e-18
2020-09-19,1.9883936e-25,2.6465343e-23,6.5248453e-24,6.078177e-26
2021-05-28,0.9114639,7.390966e-06,0.9113041,0.99872726
2021-04-22,1.0,0.14338303,1.5186518e-09,0.9998155
2023-10-03,6.5147806e-29,8.3663436e-17,1.0793083e-23,2.9187294e-29
2024-07-05,4.3258592e-23,4.6174747e-19,2.248778e-22,9.013453e-24
2022-12-27,0.9999943,0.9982153,0.99999714,1.1510974e-09
2023-02-14,0.99994206,1.0,7.736036e-07,5.005008e-08
2020-04-18,1.0,0.9723566,1.7226508e-07,1.0
2022-04-21,1.0,0.7144485,1.9158627e-10,0.9999989
2022-02-03,1.0,0.99988854,0.9999999,0.999584
2021-08-25,2.9604766e-22,2.9463368e-15,3.63697e-19,4.2382977e-20
2021-10-13,1.1826048e-25,9.910135e-19,4.178651e-23,8.533888e-26
2019-10-30,2.7051403e-18,2.877234e-07,1.45039705e-08,9.264753e-19
2023-09-13,4.9823282e-20,1.8341596e-15,1.6191215e-23,3.487471e-21
2023-08-20,8.2447526e-23,6.8243486e-17,1.1229833e-24,7.8725975e-24
2021-05-05,1.0,9.319142e-05,3.8302423e-05,1.0
2019-11-24,0.024713246,0.000104584266,0.74880606,6.9264257e-09
2019-06-29,1.4993174e-23,1.6233591e-14,3.1123784e-23,1.0846748e-14
2021-03-15,1.0,7.710067e-10,0.2043574,6.3890025e-11
2023-11-13,2.4955759e-24,3.506943e-09,7.152985e-14,5.3629313e-25
2023-11-09,3.3715907e-24,9.023993e-14,1.5269466e-17,9.613404e-27
2021-06-13,1.2801118e-09,3.398144e-13,9.618278e-13,0.003458174
2020-07-06,4.2080062e-22,4.1447837e-18,8.454656e-20,1.5864293e-17
2022-01-19,1.0,0.9999987,1.0,0.9987226
2024-03-11,4.035774e-09,9.302185e-19,2.2334384e-24,2.1863387e-19
2022-07-02,1.6494174e-25,6.4742325e-19,1.3981802e-21,1.5778695e-19
2019-12-26,1.0,0.999498,0.9999964,0.9999273
2024-03-16,0.99999905,9.986545e-08,1.7966462e-16,5.4261866e-11
2023-12-17,0.9999833,1.0,1.0,4.2394804e-05
2021-04-02,0.99840826,4.335826e-21,6.985739e-22,7.1165487e-12
2023-05-12,1.0,0.082328096,9.992108e-08,0.9999536
2022-12-30,0.9999989,0.9999999,0.9999999,0.00015552597
2024-08-11,1.7830293e-19,3.585409e-19,7.859785e-24,8.8078663e-20
2024-08-25,2.8999644e-20,4.8019547e-15,4.8156643e-20,1.6642481e-21
2020-08-01,1.2330063e-19,5.555345e-21,1.9051687e-20,6.3842746e-19
2024-04-23,1.0,0.96532005,0.038272064,0.9999883
2022-01-16,1.0,0.99999976,1.0,0.9983144
2023-09-21,2.5030585e-18,5.2038247e-17,1.18329374e-20,2.3103576e-30
2022-09-29,4.864255e-29,2.6282562e-14,6.478267e-17,6.0427525e-28
2021-12-10,0.9999999,0.9999981,1.0,0.13804674
2019-09-16,7.75545e-25,9.2861334e-17,1.3963853e-19,1.3733634e-26
2024-01-31,1.0,0.034120552,0.99999976,0.00051390164
2024-05-19,0.00013842914,1.1011166e-05,2.1426727e-06,0.9967872
2019-12-22,0.99999976,0.9592054,0.99999344,0.9429883
2024-07-12,2.5667633e-23,7.7872825e-19,4.0564984e-26,5.347225e-24
2023-09-07,9.1114594e-24,5.925276e-17,7.467603e-23,1.4910969e-25
2023-07-02,3.0040347e-23,6.404893e-17,8.1117206e-25,2.4897071e-18
2020-01-22,1.0,0.9971673,0.99999785,0.9999995
2019-07-08,2.3761769e-17,1.6590889e-13,8.627858e-20,9.902102e-16
2023-12-21,0.99969125,0.99999976,1.0,2.6885049e-05
2021-11-14,3.5248795e-14,0.9999269,3.7749248e-06,9.94937e-13
2020-07-09,7.5937745e-22,3.1058952e-20,6.510246e-18,1.689421e-18
2021-02-23,1.0,7.825264e-08,0.9999994,8.927215e-06
2019-04-07,1.0,4.5604915e-13,1.5258727e-13,1.8209019e-07
2023-10-07,9.794777e-29,2.3396218e-18,7.9463194e-21,7.312553e-32
2019-05-25,0.99736136,1.0736032e-18,1.1396793e-11,9.0817304e-07
2022-05-04,1.0,0.8877078,3.4649845e-05,1.0
2023-02-06,1.0,1.0,0.55881256,1.2875477e-06
2020-09-25,1.5746519e-20,6.4777134e-20,3.2847445e-23,1.1253856e-23
2023-07-31,3.9849724e-22,4.7455398e-15,2.9532775e-24,7.4161634e-23
2024-03-29,1.0,0.75370103,4.1002057e-08,0.9881628
2019-08-19,6.6245983e-21,1.888332e-20,1.0082313e-23,1.0424e-17
2023-10-16,5.0917895e-28,1.4952967e-15,1.321353e-22,7.6157115e-28
2019-06-06,3.1244446e-13,1.03301995e-14,5.4569634e-21,8.1642966e-13
2023-02-04,0.99999857,1.0,0.00070050714,2.3600792e-09
2022-08-26,2.9314224e-25,7.318532e-15,2.3410723e-22,3.425486e-22
2019-10-20,2.1121998e-23,2.9802856e-13,3.3458344e-11,1.5237173e-17
2024-11-19,6.141227e-09,0.999308,0.0013251448,6.4072087e-19
2020-03-18,1.0,0.0059114974,7.775037e-06,0.99999976
2023-10-05,1.01077355e-29,6.966254e-16,1.9515905e-21,4.8855986e-31
2020-02-14,1.0,0.00015427187,0.9999845,0.9592238
2021-04-12,0.944493,2.9759187e-16,4.636903e-14,4.5736475e-12
2023-07-19,3.6905604e-07,1.6368719e-10,1.9160717e-13,4.6780353e-13
2023-02-08,0.9999999,1.0,0.02719417,1.3870475e-06
2021-06-30,2.8762031e-11,2.8841204e-10,3.7578884e-21,0.49522346
2020-02-18,1.0,0.00045191118,0.9928559,0.990386
2021-11-06,2.5139836e-20,5.583905e-07,4.125855e-10,1.0019966e-16
2019-03-29,0.97501284,1.4246042e-21,1.33733195e-14,3.6848018e-18
2023-05-01,1.0,0.001207034,2.7318708e-07,0.9999999
2021-08-08,6.0494504e-25,1.1891247e-23,6.293314e-25,1.6503157e-27
2023-12-05,0.9998006,1.0,1.0,0.04120632
2020-08-31,2.2069247e-21,2.574621e-21,6.6897622e-21,1.1783196e-22
2020-08-21,4.4703675e-23,2.2813428e-15,6.847848e-16,1.4863666e-17
2022-02-22,1.0,0.09425768,1.0,1.809028e-07
2020-01-29,1.0,0.9922714,0.9999981,0.9999882
2020-12-30,1.0,0.0003596286,1.0,0.0019916545
2023-03-27,1.0,3.1680375e-07,2.8616581e-11,1.884809e-09
2020-08-24,6.773718e-18,1.1149503e-16,1.6945087e-16,2.2454955e-14
2020-03-02,0.99999976,2.6349273e-10,0.07339028,2.931138e-07
2020-09-06,9.8878836e-21,6.9859483e-23,8.1503334e-26,1.1048474e-25
2024-07-17,1.6661885e-25,7.6014396e-26,9.713465e-24,6.993454e-27
2023-10-18,2.919103e-25,9.86376e-16,2.510402e-18,6.420605e-30
2024-04-28,1.0,0.99726605,1.2098737e-06,0.99999344
2022-04-02,1.0,1.2693584e-12,1.5868774e-07,1.1254911e-11
2022-03-08,0.9998785,1.2264338e-06,0.9999939,2.9886336e-11
2023-06-14,5.9804943e-12,5.778511e-16,1.058691e-23,1.7429554e-11
2024-11-16,0.0002109798,6.734769e-06,0.004513172,2.6632823e-18
2020-09-14,5.83335e-23,2.0379208e-21,1.476359e-24,5.2526975e-21
2024-12-08,0.99992967,0.99993265,1.0,0.00010769828
2022-08-01,1.578284e-20,6.626957e-11,1.1830576e-15,1.1101546e-16
2021-02-28,1.0,3.5127647e-05,1.0,1.7597536e-08
2023-12-10,0.99704844,0.9999999,1.0,2.3146383e-07
2020-05-10,1.0,0.35629386,5.402813e-08,1.0
2019-09-23,1.2779163e-24,1.4940374e-14,2.3413526e-19,8.235857e-23
2022-01-29,1.0,0.9997181,0.99999976,0.98095006
2021-03-13,1.0,3.0760403e-09,0.033436544,4.214348e-09
2020-12-18,1.0,8.912341e-05,1.0,0.16736308
2021-09-20,3.0166503e-26,5.827056e-23,7.1356464e-23,3.4723007e-27
2022-11-14,2.101843e-12,0.99999964,0.0062442706,1.1355015e-09
2022-06-20,1.829619e-21,4.0309992e-19,6.967612e-23,3.7354976e-18
2022-04-03,1.0,9.0819754e-14,4.6025503e-09,3.279867e-12
2024-08-18,7.69293e-16,1.11074284e-17,8.820915e-27,1.7006489e-22
2022-11-04,2.0191181e-20,0.012216847,1.7665518e-10,2.3489563e-12
2023-09-12,8.532915e-25,1.07010443e-16,2.9185423e-20,2.7684467e-25
2021-01-31,1.0,6.93157e-08,1.0,6.352421e-06
2021-09-26,2.7443127e-27,3.760566e-23,6.9795223e-25,4.0386128e-29
2021-01-15,1.0,3.979934e-05,1.0,0.015278996
2022-11-12,3.0818566e-11,0.9867265,0.53883135,1.352786e-05
2023-01-14,0.9999896,1.0,0.43958384,1.1496675e-08
2024-07-16,1.0846315e-25,2.7857597e-23,4.4815343e-23,2.9777302e-27
2019-03-26,0.99998784,4.3594533e-16,4.721367e-13,4.0064633e-15
2024-03-24,1.0,8.626741e-08,5.8516866e-07,1.8646917e-09
2024-06-13,1.9997032e-19,1.1858862e-07,1.5618816e-17,2.3401966e-15
2020-12-19,0.9999999,0.002971099,1.0,0.18014145
2021-09-29,1.292547e-30,2.829473e-19,1.2726205e-21,1.8125015e-29
2019-08-29,7.1348717e-19,4.9281725e-20,1.2508385e-26,2.5684952e-17
2022-02-15,1.0,0.96469635,0.9999999,0.9410425
2023-09-18,2.8314782e-21,1.0250072e-16,6.5406815e-28,7.5135106e-26
2024-01-24,1.0,0.99995303,1.0,0.83330923
2019-11-23,1.9349709e-05,0.00427632,0.98813975,7.3684033e-13
2023-04-06,1.0,3.4112038e-09,1.3895977e-14,1.7766231e-08
2019-04-28,1.0,4.07376e-05,1.8710983e-08,0.99993074
2021-07-23,2.243507e-23,4.863514e-21,5.3851043e-28,5.1216025e-25
2024-05-28,0.0008556006,9.348103e-07,5.3305076e-08,0.99995255
2020-08-18,4.6711936e-18,2.4034485e-13,4.7399626e-17,1.1884901e-15
2024-11-08,2.297339e-10,4.8603654e-19,5.707329e-18,2.7620306e-27
2021-05-18,1.0,0.00011882831,0.098134175,0.99999666
2021-10-14,1.04587005e-23,6.036408e-16,3.3124733e-18,1.4688395e-21
2021-03-16,1.0,1.1810398e-07,0.008190829,4.2902873e-12
2021-11-27,0.49645716,1.0,0.9999918,1.1203957e-07
2020-03-14,1.0,0.16020873,0.011498335,0.9998543
2020-03-26,1.0,1.6168553e-06,3.821696e-06,0.81356627
2023-07-22,4.79149e-22,8.0633396e-19,1.4278548e-25,3.8376104e-20
2019-09-29,1.604016e-24,5.6183903e-12,1.2236173e-10,1.4794027e-25
2020-05-01,1.0,0.7473372,2.7060403e-09,1.0
2020-06-13,7.401576e-09,4.137352e-10,1.7424715e-17,0.76419115
2023-04-26,1.0,0.0063569653,2.3697955e-09,0.9999999
2021-04-16,0.9999064,8.033802e-12,1.4984252e-16,5.7758463e-08
2021-03-05,1.0,1.1757462e-06,0.013923163,6.0431134e-08
2024-11-21,0.09035571,0.9982017,0.37987363,1.074221e-12
2021-12-18,1.0,1.0,0.99999976,0.99464816
2024-11-10,8.887708e-08,4.581511e-17,3.2178595e-15,8.997847e-26
2021-06-02,0.004017617,1.8441659e-06,2.0564641e-05,0.99999714
2023-01-13,0.9994765,0.999931,0.9878606,2.6128613e-14
2023-12-29,1.0,0.99999964,1.0,0.004905531
2019-05-10,1.0,1.0893101e-05,2.2478229e-05,0.9994954
2021-03-01,1.0,0.00012408412,0.99940705,8.314838e-08
2023-11-23,1.5478675e-15,0.8349177,1.1343065e-09,1.8478572e-12
2021-07-02,5.874473e-19,4.4252105e-19,7.86865e-20,1.820525e-15
2019-06-27,5.537926e-23,2.2487654e-18,8.0211854e-27,3.062417e-17
2021-03-29,0.9999974,1.0403243e-21,6.4608497e-15,1.7270402e-16
2020-07-29,2.1804453e-16,4.068898e-18,6.1382098e-15,4.4273686e-13
2019-07-29,6.9055874e-23,9.7886377e-17,8.729202e-18,7.325739e-15
2022-03-19,0.9960258,3.011157e-17,0.0010977341,1.2867855e-16
2023-01-26,1.0,0.99999714,8.2213603e-07,1.72235e-06
2022-02-18,1.0,0.9988023,1.0,0.0043574786
2019-12-23,1.0,0.99872655,0.99999285,0.99999297
2020-12-20,0.9999938,0.009856034,1.0,0.001851055
2021-10-06,1.1722138e-29,4.7411955e-16,7.846375e-21,1.9109496e-26
2021-08-21,2.441461e-16,1.1930494e-05,4.3539118e-12,6.4135145e-20
2021-07-26,1.275744e-24,3.0472454e-24,5.731283e-26,8.269056e-26
2023-03-03,1.0,0.9999931,6.5582584e-09,1.5232477e-08
2024-06-06,2.0079974e-11,1.3414229e-09,2.1122923e-12,8.707794e-08
2022-05-29,0.00076370046,0.007593354,7.7406345e-12,0.99999964
2024-09-05,1.9344772e-20,8.141666e-18,2.4098149e-17,1.03741835e-23
2024-12-29,0.9999987,0.9996426,1.0,0.9041199
2023-09-10,3.7806847e-25,5.526544e-18,8.810969e-25,3.4592418e-25
2019-12-29,1.0,0.9972953,0.9999975,0.9999999
2021-11-29,0.99998665,1.0,0.999984,0.0045616315
2020-08-05,5.2939582e-20,1.1322664e-16,3.7570118e-22,2.6423677e-16
2020-05-07,1.0,0.56399214,9.501999e-09,1.0
2023-04-15,0.99999917,0.0016826255,7.786e-13,0.9995252
2023-10-04,6.466149e-23,1.8764554e-12,5.7699725e-21,7.350172e-31
2020-10-28,1.0789159e-18,8.34555e-12,9.0666455e-13,4.0216666e-16
2022-07-31,5.314539e-19,6.4177186e-14,4.382428e-17,4.707321e-13
2023-06-04,2.6173829e-12,1.4445665e-15,6.319288e-27,7.999558e-10
2024-10-18,4.254817e-22,5.389601e-22,1.2511837e-16,2.7376703e-29
2020-03-04,0.9999999,8.9107897e-07,0.9777605,1.3646369e-05
2020-03-24,1.0,1.6730695e-07,0.33393326,0.16283233
2021-01-13,1.0,2.8222446e-05,1.0,0.0063226935
2021-03-07,1.0,1.390176e-05,0.51819164,4.7298876e-08
2022-09-21,5.2411844e-30,4.094812e-16,2.9012526e-17,2.450629e-27
2021-10-09,6.285923e-25,1.916227e-19,4.6324334e-20,7.3415074e-25
2019-05-11,0.9999995,0.00021037116,3.2533531e-10,0.99983823
2024-07-14,9.716059e-24,2.1196014e-23,9.1150756e-24,2.0173115e-25
2019-05-30,1.3855632e-08,3.556712e-16,8.1152446e-11,0.00014999778
2022-07-11,1.7684695e-22,1.7278784e-22,6.2182926e-23,8.858974e-22
2023-07-06,1.6931573e-17,4.741657e-19,1.409723e-19,3.1962422e-15
2021-09-15,2.917376e-26,1.4767943e-22,1.7183072e-23,3.829691e-24
2020-02-05,1.0,0.33558697,0.9999982,0.9997236
2023-02-28,0.99999917,0.9999504,6.8449206e-09,2.366359e-12
2023-02-01,0.99993324,1.0,4.4124054e-06,4.964503e-09
2022-06-10,2.4360202e-15,3.026494e-11,7.975386e-20,8.9853465e-06
2021-06-04,1.9520063e-07,1.8812548e-07,1.2113685e-07,0.99987733
2021-02-19,0.99999964,3.302831e-08,0.9999994,9.882578e-11
2024-06-14,4.5154765e-16,7.22863e-09,5.454837e-15,2.204086e-09
2021-03-06,1.0,0.0008107523,0.4658711,2.0070893e-08
2021-04-23,1.0,9.803232e-09,7.015715e-11,0.8388242
2020-11-23,1.9487565e-05,7.3213926e-08,0.9999999,1.0923817e-14
2024-05-11,0.012104581,0.13660821,5.13622e-09,0.9999943
2020-10-06,1.9244423e-23,3.0550846e-20,2.0240922e-20,8.7296465e-23
2023-09-27,2.3826158e-29,4.9057514e-15,1.3459555e-22,2.782289e-29
2019-09-02,1.2258752e-23,1.099051e-17,1.7372966e-22,4.7849848e-23
2024-12-18,0.99999917,0.99999845,1.0,0.04873335
2024-01-21,0.9999995,0.9999814,1.0,0.004673994
2021-11-13,1.1238536e-16,0.6980767,1.300216e-09,6.4919637e-12
2023-02-13,0.99999964,0.99999976,7.624412e-05,1.08647255e-05
2022-12-31,0.999944,0.9999999,0.9999455,1.7458431e-05
2023-03-01,0.9999999,0.99999607,8.530807e-08,3.6041138e-06
2022-12-05,0.0010311519,1.0,0.99999416,1.7465076e-07
2019-10-22,2.8391887e-22,1.0955418e-12,1.7371862e-12,1.5048227e-17
2020-06-02,8.1134725e-13,1.255661e-13,1.207605e-18,0.0341283
2024-03-21,1.0,5.2361965e-08,3.2629558e-13,0.00066424214
2020-10-04,1.5157365e-22,7.582691e-21,6.974772e-21,8.995125e-21
2023-01-22,0.9999999,0.9999999,7.741261e-07,1.6499918e-08
2021-01-07,1.0,2.6048538e-05,1.0,0.00016313569
2021-08-18,1.6398164e-20,1.5820513e-09,1.4360529e-19,1.480336e-15
2020-02-20,1.0,0.016174363,0.9999995,0.6643281
2021-05-01,1.0,4.4590874e-05,4.092345e-06,0.9999993
2021-09-24,1.2176287e-26,6.804497e-22,1.6984217e-26,4.1555733e-29
2024-05-25,3.3046574e-06,2.437526e-07,8.41503e-09,0.9999862
2024-02-25,2.8975466e-10,4.812432e-20,6.007601e-16,4.2794354e-19
2023-08-30,2.2542597e-20,2.9926206e-15,1.5409322e-24,6.4808997e-28
2023-03-06,0.9999999,0.9999248,6.141792e-08,8.802796e-12
2024-07-21,5.5004734e-22,7.3118185e-27,1.5155138e-26,9.337117e-22
2024-12-19,0.99988484,0.99837035,1.0,0.0026896158
2021-01-24,1.0,7.756307e-06,1.0,0.000952376
2019-11-30,1.0,0.92145205,0.99946076,0.99967945
2020-03-09,1.0,3.5795668e-07,0.046963885,0.0002727138
2019-08-16,1.2464862e-24,1.2613294e-15,3.1369168e-18,4.9950455e-18
2020-01-02,1.0,0.9987571,0.9999114,0.99999976
2021-10-20,3.9496658e-29,1.4371236e-16,2.2589978e-17,5.853224e-26
2020-08-08,2.5089502e-23,4.1216652e-20,4.6650252e-21,6.454305e-20
2024-01-15,1.0,0.99999964,1.0,0.5057192
2019-04-20,1.0,0.035907343,2.898429e-05,0.9999987
2019-11-26,0.84032446,0.09058874,0.4169348,2.7639647e-08
2023-08-03,4.284292e-24,1.0440556e-17,1.6650758e-26,7.2684745e-24
2021-07-07,8.002216e-17,7.2843646e-13,1.51694e-14,1.4946204e-12
2022-03-15,0.9965904,4.61864e-18,2.3460459e-12,1.0841892e-17
2022-04-22,1.0,0.92044073,2.0403914e-09,1.0
2024-07-07,5.0115367e-25,9.2297284e-18,2.2692258e-23,4.3141937e-22
2023-10-01,1.7256919e-29,1.8062808e-16,1.8970166e-21,4.211378e-30
2023-08-17,1.2824132e-25,1.18112e-20,5.4342e-27,2.8468627e-25
2023-12-28,0.9999999,1.0,1.0,0.011844886
2024-01-28,1.0,0.9972832,1.0,0.72456944
2020-10-22,1.266938e-22,2.413346e-18,1.9183005e-15,2.5306295e-20
2024-05-09,0.9975205,0.99814475,1.3265122e-06,0.99999964
2022-12-20,0.97884333,0.9999999,0.99999917,5.9267435e-10
2019-04-17,1.0,2.1160486e-06,8.234061e-09,0.869658
2021-01-05,1.0,3.9731538e-05,1.0,2.7022825e-05
2023-11-03,1.7778773e-23,7.584603e-13,6.9436765e-16,2.255783e-27
2024-07-20,1.4226464e-25,1.7015501e-23,9.5812226e-27,5.234824e-25
2022-01-18,1.0,0.9999752,1.0,0.99911195
2023-11-14,4.2082955e-22,0.00026104445,1.1850933e-10,3.3143104e-23
2019-06-28,5.796262e-23,6.6303443e-19,6.0446197e-28,8.629874e-18
2022-06-23,3.6147768e-23,3.7665956e-23,1.4861893e-19,2.0993035e-19
2024-11-27,0.5691264,1.0,0.9999938,8.7176986e-08
2019-05-23,0.9120167,1.8059717e-15,1.1887419e-11,7.800408e-08
2020-02-09,1.0,0.004185699,0.9997851,0.99987626
2020-11-18,1.4449035e-14,2.0867965e-11,0.99868757,4.5832834e-14
2021-01-29,1.0,3.5517718e-05,1.0,0.00018706433
2020-07-25,4.308864e-15,3.8170059e-22,2.268423e-21,9.668528e-13
2023-03-10,1.0,0.9991315,2.0757914e-08,2.5913973e-09
2020-12-09,0.9960169,0.38913354,1.0,1.4229916e-07
2023-06-05,1.3959557e-09,5.3478534e-18,2.0469468e-25,5.0878416e-08
2023-12-24,0.9992435,0.9999999,0.9999999,0.011223998
2022-12-02,0.00025506306,0.99999976,0.99999964,1.031651e-11
2024-05-23,0.001991122,7.489827e-08,6.3084923e-07,0.9999995
2023-06-21,1.7986145e-16,2.1107516e-14,3.068276e-24,2.127542e-14
2020-12-17,0.99998736,3.3007123e-05,1.0,0.027262626
2019-05-21,0.99999964,3.107782e-11,2.515582e-08,4.2473293e-06
2019-07-14,1.1826925e-22,1.7133723e-15,9.680843e-23,2.5103032e-13
2024-07-23,1.5853372e-21,2.773584e-25,5.1582432e-27,2.1441285e-23
2021-01-08,1.0,6.4480955e-06,1.0,0.0007331329
2020-03-20,1.0,9.149234e-05,3.6569783e-10,1.0
2023-02-02,1.0,0.9999999,0.020172248,7.404688e-06
2022-12-14,0.9190892,1.0,1.0,1.5829515e-05
2023-11-24,5.0059983e-09,0.9999988,0.60421854,2.2291586e-15
2021-07-08,9.86297e-16,3.9380403e-08,6.491337e-14,6.196832e-10
2022-03-06,0.99984837,0.00027045413,0.99999976,5.465113e-12
2022-09-07,1.24854735e-23,4.2122115e-16,4.02382e-21,8.541891e-28
2023-09-26,2.507816e-27,3.642934e-15,3.13506e-27,1.2538068e-31
2020-09-18,3.0706046e-25,2.1803564e-21,1.0157779e-24,3.7645234e-25
2023-02-07,1.0,1.0,0.021182477,2.1072754e-05
2024-09-04,2.7596718e-19,1.8265463e-18,2.2369669e-18,3.5043827e-20
2022-03-21,0.9997044,3.306073e-18,2.855256e-12,1.2432051e-16
2021-03-21,1.0,7.793689e-11,3.1549735e-07,6.516275e-13
2022-04-11,1.0,0.57918835,9.373802e-06,0.99999917
2024-03-20,1.0,6.88948e-05,3.8296667e-14,0.000108317254
2023-03-26,0.9999999,1.8081087e-07,7.954373e-17,3.4169274e-13
2021-10-07,1.2794968e-24,1.2642143e-16,3.3914164e-17,4.8233234e-23
2021-09-28,2.3648015e-24,2.6564508e-20,1.3605762e-20,7.743698e-29
2021-11-25,0.6893101,1.0,0.5342917,1.7676612e-07
2023-09-03,8.693774e-19,5.8773035e-17,1.22595e-23,1.8794112e-30
2021-02-06,1.0,3.123713e-06,0.9996793,4.4198113e-12
2023-04-17,1.0,0.22767463,2.3982488e-11,0.9999995
2024-05-05,0.9944857,0.99665654,6.973041e-14,1.0
2022-02-06,1.0,0.9997527,1.0,0.9883928
2023-05-19,1.0,0.37389493,5.952466e-08,0.9999994
2023-05-05,1.0,0.08201816,1.0631523e-05,0.9999993
2024-02-02,1.0,5.092277e-06,0.04890766,8.717267e-08
2022-01-20,1.0,0.9999994,1.0,0.9988945
2024-06-08,1.8894431e-11,1.3190559e-08,8.7322465e-15,0.0007621279
2022-03-12,0.85100263,5.233758e-13,0.98907393,3.663685e-15
2020-03-07,0.021674706,1.3007029e-05,0.998166,9.4697025e-05
2023-12-18,0.9998952,0.99999976,1.0,0.0006771729
2019-04-14,1.0,1.32871995e-11,2.3964267e-13,1.2728076e-05
2022-11-10,4.287645e-16,0.98074234,5.081465e-07,4.4234397e-11
2023-09-30,7.710132e-27,1.0075164e-15,3.1284748e-21,5.9306123e-32
2021-04-05,0.995928,2.0376927e-16,9.167864e-18,8.8868e-14
2024-07-26,1.9552612e-24,1.0227182e-24,1.0954834e-27,3.8461803e-22
2021-09-05,2.3399271e-24,5.057478e-24,5.709903e-24,9.80298e-26
2021-06-08,0.001402037,0.008547769,0.9772145,0.9999999
2019-09-18,1.0197535e-24,2.7560634e-19,2.600268e-18,4.1616106e-25
2021-08-11,5.119266e-22,2.2120746e-21,6.527371e-28,4.060929e-25
2024-09-26,1.0876832e-21,1.0190363e-20,3.5573792e-22,7.842615e-26
2024-01-09,1.0,0.99997854,1.0,0.69294477
2019-12-04,0.9999908,0.93015546,0.99999964,0.33937013
2022-08-17,1.1709526e-23,7.7302906e-16,1.8166334e-22,7.6515855e-21
2021-01-23,1.0,1.9426389e-07,1.0,1.6265836e-05
2022-03-22,0.9999651,1.0892444e-21,4.3596977e-11,5.501933e-18
2019-07-05,9.994156e-18,4.849034e-18,2.4120989e-22,2.0993296e-17
2023-11-18,1.9616314e-19,0.0010649591,8.862781e-10,8.593491e-22
2020-03-19,1.0,0.00018184204,6.753024e-11,0.99979013
2024-10-31,1.338842e-23,8.3223485e-18,2.825994e-23,8.919532e-31
2023-08-15,1.047482e-25,8.563954e-19,3.652125e-26,4.750605e-25
2022-03-05,0.9999908,1.5192227e-06,0.9999994,1.6993032e-11
2023-03-04,0.99999976,0.99451077,1.675674e-09,2.0820774e-11
2021-09-17,2.1393611e-27,2.422595e-20,2.578144e-25,3.643261e-26
2019-05-17,1.0,3.276089e-13,4.54794e-09,0.0035234801
2023-08-05,6.271272e-23,1.0949338e-16,1.7801498e-24,6.1754083e-24
2021-09-06,1.3594749e-22,5.0884745e-26,1.2326275e-23,5.041084e-25
2024-04-25,1.0,0.99892116,0.001287457,0.9999964
2021-09-02,1.9672315e-24,1.8058308e-26,1.2283186e-23,7.7635307e-25
2020-12-10,0.99998903,0.013292405,1.0,0.00031997656
2024-04-03,1.0,0.9977768,1.9327704e-08,0.9991227
2021-01-12,1.0,1.7161317e-05,1.0,0.03851006
2020-10-23,1.366061e-23,1.0969143e-18,2.959303e-14,4.367828e-23
2024-08-24,2.4689308e-16,7.432893e-18,2.6838763e-16,3.3829262e-25
2022-02-16,1.0,0.86406124,1.0,0.5348555
2024-03-07,8.204045e-12,1.1811921e-20,4.546846e-17,3.3735306e-18
2019-08-22,1.7147394e-22,2.5056037e-22,1.3207181e-22,2.2731463e-19
2024-03-23,1.0,2.490545e-05,1.4879823e-11,1.4969123e-06
2021-06-24,3.947286e-14,2.8498981e-11,2.5362774e-17,0.00017540825
2024-08-03,1.7681424e-18,7.2182207e-22,2.802303e-22,4.1579053e-21
2024-06-15,6.8491136e-20,3.5047597e-11,2.704253e-18,3.992671e-15
2021-12-29,1.0,0.99999905,0.9999999,0.99986625
2019-06-03,2.2304284e-13,1.1841864e-15,9.708074e-13,1.21624225e-05
2021-02-08,0.999997,2.4722441e-08,0.9999542,5.870881e-14
2020-05-04,1.0,0.99209774,9.20323e-08,1.0
2019-03-27,1.0,3.9148706e-19,7.358677e-15,1.9118903e-11
2024-01-19,1.0,0.99999726,0.9999999,0.9607959
2019-09-25,5.2224325e-27,5.4784878e-14,7.914416e-18,2.3555115e-23
2021-06-05,1.7490378e-06,8.210185e-06,0.002172664,0.9954495
2024-10-14,1.5972402e-22,2.9282475e-18,4.4184365e-16,6.967511e-29
2021-12-13,0.99999523,1.0,0.9997842,0.00050249044
2022-07-28,1.6890453e-20,2.721636e-13,2.5567017e-20,1.8328518e-15
2021-10-02,9.39945e-28,3.1817074e-21,7.9779334e-22,2.0932416e-27
2019-11-20,0.00049897423,0.00080455,1.0,7.7583326e-07
2020-10-02,1.0424552e-18,1.2701859e-21,5.9424637e-22,2.6303229e-21
2019-10-12,2.9821484e-22,4.3260775e-14,1.289136e-07,1.6347755e-21
2024-12-23,0.99998987,0.99991655,1.0,0.00033685195
2023-07-15,1.3204682e-19,1.7395783e-14,2.3422528e-21,2.278066e-21
2024-04-13,1.0,0.9981263,6.0877674e-06,1.0
2023-12-02,0.002336267,1.0,0.99981815,1.1601306e-08
2019-06-30,8.492259e-25,2.4120693e-16,4.073467e-24,1.0077744e-14
2024-11-13,2.1281546e-06,1.4013551e-09,3.0356757e-06,2.2978094e-20
2023-07-09,9.879334e-19,7.268251e-17,1.6298679e-22,9.505768e-17
2023-09-23,4.1381104e-21,3.4214124e-14,1.7754662e-21,4.788252e-31
2024-01-22,1.0,0.989659,1.0,0.42210189
2020-08-30,5.335532e-23,6.525481e-20,1.3690436e-25,9.30931e-21
2020-03-10,0.9999999,1.222606e-08,0.14678219,0.025835555
2020-12-11,0.99996316,0.00870198,1.0,4.178017e-05
2021-04-06,0.9998927,7.810113e-16,1.3973033e-17,8.4859555e-15
2021-09-09,3.5511524e-24,4.2047816e-22,1.4340388e-26,8.3417525e-22
2023-02-18,1.0,1.0,2.0830177e-08,8.332106e-05
2020-07-30,9.7263655e-17,4.0070818e-19,8.0670665e-18,3.0973827e-16
2019-10-07,3.4469552e-23,3.0546617e-11,5.312281e-06,3.9416146e-21
2023-07-21,1.4314885e-23,2.4378328e-15,5.5857365e-27,6.015064e-20
2024-12-20,0.99957925,0.9998472,1.0,0.006194898
2020-03-16,1.0,1.3858528e-05,2.2097729e-05,0.9999695
2022-02-24,1.0,0.5304269,0.9999367,0.00040544235
2021-02-20,0.99999344,5.624414e-09,0.9999945,9.747577e-09
2021-07-15,7.417606e-23,2.6287247e-16,4.0690043e-19,6.9905063e-16
2021-10-26,3.1435242e-21,3.7726677e-10,9.037798e-16,2.0232993e-18
2024-08-13,4.919626e-20,6.3080664e-19,1.1248833e-23,2.846338e-20
2022-09-12,2.6292564e-31,1.1761497e-16,8.606922e-19,4.3505248e-27
2023-01-21,0.9999999,1.0,2.168327e-06,4.01041e-05
2021-09-23,3.2104654e-23,1.0233793e-21,1.9327473e-24,1.7137803e-27
2021-01-27,1.0,3.5038428e-07,1.0,3.4919947e-06
2023-11-11,1.7109852e-26,1.9973795e-10,3.5761684e-15,4.0267314e-24
2020-04-04,1.0,8.203591e-08,1.0666922e-10,0.081499115
2021-12-06,0.9998503,1.0,0.9968778,4.7168473e-05
2024-10-05,2.671273e-23,9.377289e-19,2.852855e-16,9.0364024e-27
2020-08-29,6.406312e-24,6.661587e-24,4.2095e-22,7.967958e-22
2023-05-16,0.9999999,0.0009150534,1.1825304e-06,0.99985254
2022-03-18,0.884993,2.6191197e-13,0.8951879,2.4954883e-18
2024-03-09,4.417949e-07,3.503739e-21,1.1290434e-18,7.986959e-19
2021-02-14,0.9999999,8.023879e-08,0.9999995,4.4480626e-07
2021-07-14,2.0539728e-23,1.1702044e-12,1.8077205e-17,2.5936625e-16
2020-11-01,4.7339382e-20,4.5391777e-13,5.8583427e-10,7.582389e-17
2020-12-02,0.9218211,0.42128882,1.0,0.00097098807
2021-03-27,0.9999995,1.0706654e-13,4.1705991e-13,2.8978725e-14
2020-11-02,2.7144453e-17,2.7278115e-12,9.38388e-10,1.7672982e-12
2020-08-25,9.395494e-23,3.7679742e-16,3.0317754e-18,1.4213812e-19
2021-06-07,0.0001422695,0.38289055,0.005805691,0.9999318
2021-04-26,1.0,8.974209e-08,4.5776494e-10,0.06225656
2022-01-13,1.0,0.99997425,0.9999988,0.999483
2020-09-15,3.5310134e-23,6.6597354e-23,1.0997097e-24,4.363631e-23
2023-12-12,0.9966822,1.0,0.9999976,4.932231e-06
2024-12-28,0.9999999,0.99985373,1.0,0.24321546
2019-05-26,0.94592506,8.2415825e-14,8.1675373e-13,3.5812843e-07
2024-09-21,2.9068227e-26,1.02226785e-20,7.041112e-24,4.2183143e-27
2024-10-24,3.8384928e-18,2.850695e-20,6.7998066e-20,2.9580885e-26
2022-01-25,1.0,0.99991333,0.9999993,0.99997306
2022-07-20,2.1404173e-24,7.1383764e-21,4.8479545e-21,2.47483e-19
2023-03-17,1.0,5.759048e-07,3.898264e-14,2.3580148e-12
2020-08-10,4.435167e-18,4.0116344e-14,8.8513046e-15,2.177619e-16
2019-04-10,1.0,2.631544e-16,4.3575936e-15,5.0353015e-09
2021-12-19,1.0,0.9999982,0.99996555,0.99926215
2020-08-02,6.2756064e-22,6.6509864e-20,3.9532246e-21,4.9211037e-22
2021-11-01,6.995599e-24,1.2705e-07,1.2478252e-13,6.928293e-19
2019-06-15,3.429939e-18,1.3556109e-16,1.718395e-20,9.143772e-09
2019-11-17,6.163596e-07,0.069712035,0.998481,3.2634444e-11
2020-07-28,1.4921719e-18,4.4055735e-18,1.1850819e-21,6.7789165e-17
2020-03-29,1.0,3.2748127e-14,1.5806885e-12,0.0008504076
2024-11-07,4.695494e-09,6.634147e-17,2.9869833e-17,2.563941e-26
2024-09-30,3.5001457e-21,1.5208522e-20,1.169635e-24,5.9441944e-27
2021-08-10,3.2596833e-21,2.5462604e-26,3.8952804e-27,5.5734853e-24
2024-07-19,4.1255418e-24,1.0186843e-24,1.184656e-23,2.3003645e-25
2021-05-15,1.0,0.00017769854,0.0024755911,1.0
2019-12-09,0.9999994,0.98762333,0.9999722,0.42400363
2021-12-24,1.0,0.99998796,0.9999981,0.99929667
2019-10-16,5.622052e-21,7.17993e-17,3.698096e-10,2.270716e-22
2021-10-10,9.397452e-26,1.0174141e-17,2.4409756e-17,1.4669197e-20
2024-04-22,1.0,0.986328,7.3724755e-07,0.99994075
2021-01-11,1.0,6.549361e-08,1.0,0.00030979514
2022-03-04,0.99999523,6.413042e-06,0.9998827,1.8450326e-12
2024-06-23,7.790823e-18,1.0468499e-12,9.39215e-18,3.3296054e-08
2020-12-21,1.0,0.022703724,1.0,0.2863448
2021-06-10,7.081557e-05,0.0023253374,7.579771e-05,0.9864797
2021-12-02,0.99863154,1.0,0.9998178,0.00023807274
2023-10-20,7.0470165e-26,1.1671056e-13,5.0760023e-21,1.2703363e-28
2020-03-01,1.0,1.9316703e-06,0.8765427,9.4663075e-05
2024-10-22,8.126294e-21,1.0609329e-19,1.258361e-20,8.682991e-29
2020-11-07,2.6171186e-08,4.0317705e-06,0.805319,1.2009795e-12
2020-04-01,1.0,5.4191798e-09,3.538185e-09,0.00013465196
2019-09-14,1.0744152e-24,4.4148175e-22,1.4728056e-22,9.2147e-27
2020-02-01,1.0,0.025793428,0.08600396,0.9999895
2024-03-19,1.0,0.018873112,2.3597762e-14,0.00017231917
2020-11-05,1.6280838e-15,2.9620016e-05,0.0033693253,7.785321e-12
2024-10-08,7.589083e-22,1.4943635e-20,1.7768251e-17,1.0838357e-28
2024-06-04,0.00029394144,4.1161555e-10,1.9698609e-08,0.9997105
2022-04-12,1.0,0.9485229,1.9593939e-07,0.9999275
2021-04-09,0.9995857,4.229741e-11,1.436055e-16,9.197821e-09
2021-07-28,9.536819e-25,5.543086e-22,1.3530937e-25,9.7393264e-24
2021-10-25,6.234362e-26,3.8062187e-10,5.798151e-20,5.738305e-26
2021-02-05,0.996801,5.1136423e-05,0.96037287,1.5940709e-12
2023-01-24,0.9999999,0.9999999,4.1343867e-07,0.00015071119
2021-10-01,3.0641043e-29,1.1491973e-17,4.7135732e-21,4.8533406e-28
2024-10-10,3.018278e-23,1.9986029e-21,2.6806533e-16,4.1685884e-31
2020-06-10,1.03149405e-05,8.5534215e-05,5.148321e-07,0.9999999
2023-07-14,1.5060192e-22,2.5456589e-18,9.572465e-25,3.2753834e-24
2022-01-06,1.0,0.9999479,1.0,0.9988285
2021-11-18,9.592113e-06,0.99999857,0.999305,6.011602e-12
2023-11-16,3.017304e-20,0.0011050369,3.763664e-09,6.7246063e-22
2020-01-05,1.0,0.99970055,0.9999999,0.99998796
2020-05-30,2.5886084e-06,7.601422e-08,5.9857555e-08,0.99997497
2024-02-09,1.0,3.04206e-05,0.008802733,1.7726627e-08
2022-07-26,5.0650757e-20,1.4524032e-13,2.9743234e-20,2.79245e-17
2021-11-21,0.00011855623,1.0,0.9854307,1.0791636e-09
2021-06-01,9.481321e-06,4.527344e-05,2.9681453e-07,0.9999349
2023-03-28,1.0,1.0580273e-07,2.24283e-09,8.2658425e-10
2021-04-21,1.0,0.00043222855,7.9405844e-08,0.9941147
2022-11-29,3.909861e-09,0.9965904,0.99201936,2.0996357e-08
2023-10-26,1.7243933e-24,1.2856246e-13,7.268188e-19,4.5669346e-27
2021-01-22,1.0,3.1882173e-05,1.0,0.0018068313
2022-07-22,2.6077722e-22,1.5078723e-19,1.3857733e-25,1.5952271e-19
2022-12-25,0.99999833,0.99204797,0.9999969,1.3685483e-09
2021-04-11,1.0,9.255238e-14,2.9905677e-14,1.8145854e-05
2021-01-09,1.0,3.9307056e-06,1.0,0.0006903605
2024-03-04,2.1437758e-09,3.3977398e-22,4.1086104e-17,2.0497022e-20
2023-12-30,0.99987054,1.0,1.0,0.0022577622
2019-04-25,1.0,0.035987988,2.4840373e-08,0.99968016
2020-08-28,2.8357654e-24,4.2306064e-21,3.04095e-25,5.6659735e-21
2024-01-06,1.0,0.99882716,1.0,0.09940677
2022-05-31,0.07624659,0.16950473,8.582036e-12,1.0
2021-03-31,0.99981004,5.1309507e-17,4.993266e-21,2.282234e-12
2021-06-12,6.6973254e-12,4.015951e-11,3.0694555e-11,3.1797424e-07
2020-10-29,7.479886e-17,2.3995849e-11,1.4617873e-11,3.112596e-13
2021-11-09,7.730771e-21,0.0019845974,2.9396936e-13,8.04114e-17
2024-04-11,1.0,0.99929404,3.858875e-08,0.999997
2022-05-23,2.138188e-06,3.2137132e-07,7.885437e-15,0.99999905
2023-10-17,2.288385e-23,6.511001e-15,3.2291677e-18,1.1320916e-27
2020-11-06,5.3788947e-09,0.0011453257,0.96634096,6.5530115e-15
2021-02-18,0.9999999,6.79518e-07,0.9999827,4.109907e-12
2022-04-13,1.0,0.9224464,1.6780033e-08,1.0
2021-12-23,1.0,0.99999976,0.99998367,0.98708457
2019-07-07,8.627348e-16,1.9668302e-13,2.283123e-19,3.8226876e-15
2019-05-22,1.0,7.672138e-12,4.5849993e-06,1.3614263e-05
2020-02-12,1.0,0.092802174,0.9999248,0.9998441
2021-06-17,9.6703105e-18,7.53171e-17,1.0100783e-17,1.6094157e-07
2024-05-12,4.3665887e-06,0.0012293068,9.890282e-09,0.9990387
2022-06-14,2.3545908e-19,3.604653e-17,6.020151e-23,5.874805e-13
2019-10-01,3.534768e-26,8.177317e-15,1.1083314e-15,4.887573e-24
2023-06-11,5.0436805e-10,1.7088685e-15,6.532383e-19,0.00014154437
2020-07-14,1.0762457e-15,8.114217e-20,1.7215528e-18,1.3262669e-14
2024-06-29,5.587405e-25,3.093837e-18,4.4871106e-23,1.4910095e-20
2019-06-25,1.2973786e-22,1.3926006e-15,1.9426605e-23,2.090002e-12
2023-05-27,6.3842046e-05,0.9827238,1.3870659e-06,0.99994445
2023-11-04,1.0235663e-22,7.056233e-14,2.9357967e-11,1.6315816e-26
2022-12-19,0.9999919,0.9999989,0.999956,5.72127e-07
2019-05-06,1.0,4.366486e-05,0.00025763843,1.0
2023-08-25,3.0370058e-19,1.8742839e-16,1.7652518e-25,1.5203635e-22
2024-04-05,1.0,0.9760567,3.8692488e-10,0.9999864
2021-11-12,5.9107204e-15,0.9998192,0.0008005317,5.114156e-13
2021-10-17,1.720753e-24,4.5854392e-12,1.629984e-17,6.744844e-24
2020-04-21,1.0,0.99848443,9.776094e-07,1.0
2022-06-16,2.3822084e-20,2.6471418e-22,2.3380458e-23,1.9883503e-15
2019-04-01,0.9999497,1.914727e-21,3.38517e-19,4.628577e-15
2022-12-06,0.00050005695,0.9999845,0.9999845,1.4620152e-12
2024-11-11,1.522603e-08,2.1364892e-13,1.6881802e-15,1.5098825e-25
2022-07-05,2.5761863e-26,6.419553e-22,4.602775e-18,7.322783e-21
2020-09-24,2.3763505e-23,5.763985e-22,1.7194875e-23,4.5838943e-22
2022-03-20,0.44623825,3.112262e-14,0.04994861,8.577269e-17
2024-04-09,1.0,0.99994564,9.008788e-07,0.99995506
2019-12-10,1.0,0.99998605,0.9999999,0.99693835
2022-03-02,0.9999982,6.450886e-08,0.9999896,1.07224465e-10
2020-07-20,1.0750596e-23,2.7067155e-21,1.5515415e-19,3.5171322e-20
2022-11-05,4.1395436e-15,0.030829605,9.219461e-09,1.4390159e-09
2024-09-03,4.8646482e-20,7.2409536e-20,1.5274695e-19,5.167732e-21
2020-11-14,5.506829e-09,1.5788808e-08,0.9980247,7.645973e-16
2021-07-11,6.1477556e-20,1.9226386e-14,6.7898864e-18,7.212164e-15
2020-07-07,1.9284988e-23,1.599483e-23,1.8756169e-21,2.0508129e-20
2021-07-01,2.7902101e-12,5.210646e-14,3.2802682e-19,8.9569774e-05
2020-03-31,1.0,1.2057865e-07,6.681237e-08,0.006148605
2021-02-15,0.99999964,1.0475829e-06,1.0,1.2448901e-08
2024-11-22,0.0026150504,0.9985267,0.80852765,3.4653667e-12
2020-12-01,0.07255837,0.025641382,1.0,2.6677221e-06
2022-01-21,1.0,0.9999497,1.0,0.9996278
2022-05-30,4.7251265e-07,2.346616e-06,1.5039141e-12,0.9999678
2022-08-31,2.3156376e-27,2.5495503e-15,1.4563737e-23,1.0256807e-22
2021-10-05,1.8256113e-27,5.081226e-16,6.605755e-19,1.2655022e-24
2024-10-16,1.0621837e-20,2.8651324e-18,9.495737e-15,6.647916e-28
2019-11-27,0.981427,0.9994312,0.99999213,3.4418917e-06
2024-09-02,8.5978936e-20,1.8622164e-18,6.594372e-20,1.0321693e-21
2023-03-07,0.9999999,0.9995925,1.4856172e-11,3.4706452e-12
2021-08-06,1.697996e-24,2.425584e-26,1.3454452e-25,6.7858265e-24
2023-08-13,2.3138661e-24,1.9559141e-20,1.2289547e-25,1.9812837e-25
2024-09-27,1.6710225e-22,1.3370226e-19,2.5897582e-23,2.811164e-25
2023-05-23,0.95566887,0.00017152689,1.6830928e-09,0.99999976
2024-01-14,1.0,0.9999144,1.0,0.9970421
2023-12-27,0.9999918,1.0,0.9999999,0.0093731815
2021-04-25,1.0,4.692866e-05,2.708922e-09,0.99996924
2021-05-11,1.0,0.001080693,0.0056310417,1.0
2023-03-30,1.0,1.5087547e-09,1.21502565e-11,4.3349823e-07
2021-01-26,1.0,3.715041e-05,1.0,0.00058742653
2023-06-26,1.1443361e-19,1.0538401e-15,2.7612457e-23,2.4316354e-17
2021-03-22,1.0,2.184372e-11,1.3244097e-07,1.15546e-12
2020-04-05,1.0,6.162667e-12,9.166515e-15,0.005746826
2021-07-20,6.2987553e-28,2.2440413e-20,6.101105e-26,8.498449e-25
2024-07-04,1.3465176e-26,1.4320431e-19,4.423153e-26,7.584333e-23
2024-05-04,0.98381966,0.9643203,7.202383e-13,1.0
2023-09-14,7.403617e-22,1.5202157e-18,1.752454e-28,2.38834e-21
2023-09-24,3.881527e-21,5.002909e-15,8.104345e-21,3.054352e-34
2023-08-09,2.8395228e-23,4.939211e-16,4.093183e-26,2.157251e-27
2022-08-23,4.8199525e-25,2.470118e-16,1.3024173e-21,1.2680315e-21
2023-03-11,1.0,0.99974114,1.73259e-08,4.2873163e-09
2024-04-24,1.0,0.9834262,0.032419216,0.99999475
2020-02-06,1.0,0.36725712,0.99990237,0.9977424
2022-09-08,4.4069217e-24,6.2330897e-15,1.4073864e-18,2.7809974e-27
2022-11-20,3.7535768e-13,0.99998844,0.91924006,1.4045187e-08
2023-11-05,4.91701e-23,1.1601011e-13,4.4031228e-17,3.5581944e-29
2019-11-10,5.4124627e-10,0.60562277,0.31485626,3.6908847e-15
2019-11-11,2.2569193e-05,0.9933776,0.966203,1.0233772e-10
2021-11-07,1.292212e-22,0.00015393976,8.1156615e-15,9.091927e-21
2021-04-24,1.0,2.1096801e-07,1.6870322e-10,0.7147311
2020-01-23,1.0,0.9811034,0.99987376,0.9999981
2024-05-31,1.807196e-10,7.963852e-08,1.07982555e-11,0.98513305
2023-11-21,3.0923165e-17,0.9997985,1.4537751e-05,4.7430447e-14
2021-05-23,0.9999361,0.0303925,0.30272895,0.99999964
2020-11-09,2.0933492e-16,1.459477e-08,0.9016343,1.3931878e-11
2019-05-12,1.0,5.6269682e-09,4.4405904e-05,0.99425757
2020-09-20,1.03272817e-22,1.24007185e-20,5.5100927e-22,5.0025622e-24
2019-07-24,5.254139e-14,3.55897e-13,2.3316507e-23,7.26828e-09
2022-12-01,0.00017187822,0.9999994,0.99999964,1.0648541e-11
2023-04-22,1.0,0.000600127,1.6909542e-12,0.99998593
2024-05-30,5.402675e-05,5.7746668e-08,3.4450869e-09,0.9999974
2021-02-03,0.9999989,1.907372e-09,1.0,4.6651607e-09
2021-12-15,0.9999981,0.9999988,0.9994646,0.28400454
2020-10-26,4.2191155e-21,5.688883e-15,7.6735315e-15,7.2874834e-19
2021-06-26,4.127623e-15,2.350294e-10,7.837946e-12,0.00010923169
2024-10-01,1.1860307e-23,3.0836298e-20,2.7580162e-14,9.738785e-28
2023-12-19,0.9963037,1.0,0.9999999,8.5928674e-05
2020-01-31,1.0,0.9979995,0.43651506,0.999703
2020-09-08,2.1252467e-21,3.6496164e-27,4.0244392e-26,1.2250249e-22
2019-06-19,7.6078654e-22,1.0736969e-19,6.48559e-23,9.994524e-13
2023-10-06,4.4465813e-27,3.720835e-18,4.1871405e-23,9.243581e-32
2022-03-30,0.9999981,1.9998883e-17,3.9336827e-14,5.583188e-17
2021-06-25,1.7969163e-13,1.0704622e-11,4.2878367e-18,0.0023951693
2020-11-27,0.85070205,0.0042522824,1.0,1.3997417e-09
2022-04-17,1.0,0.9985928,4.6417816e-09,1.0
2023-01-28,0.9999976,0.99999094,0.00068126136,3.1648628e-06
2021-05-20,1.0,3.941536e-05,0.013926777,0.9999956
2021-11-16,2.6148894e-06,0.9999949,0.6395239,3.729505e-17
2022-08-05,5.667634e-15,3.66498e-18,1.1000402e-18,1.3159723e-12
2020-09-11,1.3430878e-23,1.344748e-24,4.1623065e-26,1.1159999e-26
2020-08-22,1.08083846e-20,3.0876237e-18,2.9118634e-17,3.0005816e-19
2021-11-23,0.010640136,1.0,0.71799487,1.2574995e-09
2023-05-17,0.9999999,0.9768027,2.1305804e-07,0.9999958
2021-08-24,4.5839668e-21,2.5380728e-13,2.7150457e-17,2.6470032e-20
2020-11-13,1.7662545e-11,2.4987159e-08,0.9924338,1.692092e-17
2022-08-08,2.6864646e-26,3.737564e-18,3.1415087e-22,2.7062583e-23
2024-11-18,0.0003199232,0.9971455,0.9391725,5.208659e-14
2022-08-13,1.8584313e-21,9.766761e-21,1.2281939e-20,2.3378465e-18
2022-12-23,0.9994549,0.9999994,0.9999993,7.560556e-09
2019-11-22,0.2011835,0.28403142,0.9999863,6.129378e-11
2020-05-29,4.5307563e-05,2.315935e-06,8.7256954e-13,0.99996865
2022-12-22,0.99926645,1.0,1.0,6.1009223e-07
2022-07-25,1.1237233e-19,1.3028144e-14,1.1207378e-22,1.0662333e-16
2021-03-28,0.999992,5.936784e-12,1.8566497e-09,1.5284036e-17
2022-03-26,0.124269046,6.174566e-22,1.9930218e-14,4.019811e-16
2023-05-06,1.0,0.9965209,7.82801e-06,0.99992204
2020-04-15,1.0,0.7830775,6.803293e-10,1.0
2022-04-20,1.0,4.1237836e-05,8.8417096e-10,0.9999794
2021-12-25,1.0,0.9999995,0.99999976,0.9999602
2021-02-02,1.0,5.3797073e-08,1.0,1.019829e-06
2020-06-04,1.611844e-07,2.2710536e-07,9.51468e-12,0.99998724
2022-11-24,4.197035e-10,0.9999974,0.9999893,1.1226846e-07
2022-06-21,8.732487e-21,1.4743592e-19,1.4640805e-19,3.5507567e-18
2020-11-04,5.5674946e-16,1.7560511e-09,0.22208333,1.0535182e-08
2022-09-18,2.9261987e-29,1.9225036e-17,5.0119945e-18,7.5838296e-26
2021-06-29,3.8116957e-14,7.867996e-11,3.1395024e-18,0.050814588
2019-11-02,3.0631631e-18,1.0530486e-05,3.7455766e-06,1.660318e-12
2020-01-25,1.0,0.96565205,0.99998,0.99999964
2024-04-21,1.0,0.96804774,0.013855684,0.9999951
2020-02-24,1.0,4.757774e-06,0.9999827,0.0227596
2024-01-10,1.0,0.99381906,1.0,0.70080143
2021-01-28,1.0,2.252049e-06,1.0,1.0012327e-05
2024-10-15,3.4280462e-23,1.1533068e-19,1.7612585e-15,3.810602e-31
2020-07-17,1.7566875e-24,2.177981e-19,3.509441e-19,4.354338e-22
2023-06-16,1.9770238e-12,3.3014674e-14,1.0890963e-26,8.072012e-13
2019-12-14,1.0,0.9994475,0.99999857,0.99956375
2019-12-30,1.0,0.9992861,0.9999995,0.9999988
2019-05-05,1.0,2.8379403e-09,4.2087177e-06,0.9982603
2019-07-02,1.1721327e-15,1.8843214e-15,7.22741e-18,9.963955e-13
2021-07-24,4.9886266e-26,1.3781675e-23,1.5222901e-22,6.871835e-26
2019-10-09,8.705774e-22,2.4782867e-12,0.00018114205,1.9002043e-20
2023-01-15,0.99981314,0.99999976,0.047586836,1.560658e-13
2022-12-24,0.99840635,0.29999754,0.99999976,1.1820547e-10
2023-06-17,2.6306554e-20,1.9354456e-11,1.707766e-24,3.6224092e-16
2023-05-30,0.26095223,0.22433272,0.0480532,1.0
2021-12-31,1.0,0.9999995,0.9999994,0.998917
2020-06-15,1.0853553e-11,4.0249134e-08,5.1265854e-18,0.19325724
2024-04-04,1.0,0.9999652,1.2278829e-08,0.9999802
2022-05-21,2.7245105e-07,1.8803607e-05,1.7809935e-15,0.052666463
2022-11-09,3.330461e-13,0.745915,2.9299722e-08,1.0313767e-09
2020-07-04,4.7494575e-20,5.5032578e-17,3.2569859e-21,4.1642698e-14
2024-07-10,9.381926e-22,3.6608695e-19,4.8078326e-25,6.110944e-23
2023-03-08,1.0,0.99999523,4.5729237e-08,1.0578669e-09
2020-11-20,0.020276845,1.2127289e-07,0.9999999,2.1058008e-11
2019-06-08,9.30453e-11,2.1174953e-20,1.9244783e-16,1.5983544e-05
2024-06-05,7.392221e-13,1.0151924e-10,4.0518124e-11,0.004627403
2022-09-26,2.237414e-30,1.1715338e-15,8.743329e-19,1.0754715e-27
2022-07-09,3.7135898e-25,5.9775214e-22,6.2482797e-22,9.188191e-21
2022-08-25,5.1950573e-25,9.24559e-17,1.4352332e-24,5.6325683e-22
2024-05-20,5.991464e-09,1.056029e-06,4.0831654e-07,0.15904602
2022-04-01,1.0,2.3978072e-13,8.331336e-11,2.4468353e-13
2020-10-13,1.15073974e-20,1.9837887e-16,2.0438927e-13,2.3076616e-23
2022-07-29,3.061945e-20,3.989841e-14,2.6438849e-20,1.2868301e-15
2020-07-18,3.5597006e-22,5.259354e-21,2.7581262e-18,1.0200825e-20
2024-02-24,1.0909228e-09,4.8321106e-22,4.9728535e-20,2.1443397e-17
2024-07-11,7.145589e-23,4.215514e-20,4.5266826e-25,4.9825483e-23
2022-05-19,0.00032611788,1.2589854e-06,3.0036505e-12,0.9999988
2023-01-19,1.0,1.0,0.001355698,9.746577e-06
2020-05-25,0.39745548,0.003254217,2.256363e-09,1.0
2019-06-16,1.5410677e-16,5.4892706e-18,7.1785256e-19,2.851787e-10
2020-04-30,1.0,0.42877766,1.0725479e-09,1.0
2023-11-25,2.2031631e-07,0.9999919,0.9353615,5.757191e-16
2022-06-05,2.1473186e-10,1.3246374e-06,2.6780048e-17,0.9773408
2023-05-25,0.993038,0.007976746,4.9499395e-06,0.99999964
2023-09-02,1.0340631e-17,1.6754763e-16,1.3782853e-20,9.164671e-28
2019-09-17,2.5530444e-22,9.643198e-18,4.341793e-17,5.7842132e-27
2019-08-15,4.556873e-21,4.7104865e-19,2.7276976e-19,3.2247886e-16
2019-04-05,0.99999976,8.978683e-18,1.0981588e-16,1.7378895e-11
2023-03-09,1.0,0.9999119,3.3246025e-07,8.823136e-12
2020-12-26,1.0,0.23207746,1.0,0.7058379
2024-12-13,0.9999958,0.999997,1.0,0.04185439
2019-04-06,0.99999964,3.005485e-19,8.935026e-16,1.9273548e-12
2024-11-24,0.96721834,0.9998971,0.9999995,1.04682854e-07
2021-04-01,0.9989011,1.928795e-21,9.632977e-18,2.9101371e-13
2022-01-07,1.0,0.99999726,1.0,0.9992268
2021-10-12,1.3147694e-25,2.0992748e-16,7.875268e-17,1.1308718e-24
2021-08-13,1.2675181e-22,1.8793371e-25,2.996442e-26,3.2487927e-23
2024-07-03,3.8302645e-22,7.7479585e-20,4.9278213e-25,1.1069469e-20
2023-01-29,0.9999994,1.0,0.00013401636,0.97796065
2019-06-05,9.6399236e-11,3.0832245e-16,1.4841485e-13,0.053962458
2020-03-05,1.0,1.4591826e-07,0.993602,1.016607e-06
2024-06-12,1.9098152e-16,0.068908736,6.353069e-15,4.8622707e-07
2024-08-07,1.5092557e-16,1.1191198e-20,6.2030407e-21,3.492998e-20
2021-03-09,1.0,0.008590979,0.8328927,1.3144449e-08
2022-01-15,1.0,0.99999607,1.0,0.99986887
2020-06-23,9.932384e-20,1.090857e-15,1.2733392e-21,1.25270845e-14
2023-12-11,0.05215556,0.9999974,0.99999845,2.4289005e-07
2022-02-11,1.0,0.993255,1.0,0.99948394
2023-12-09,0.9795935,1.0,1.0,2.7062331e-05
2019-09-08,1.0898242e-25,3.478163e-18,4.1774487e-19,1.2248194e-22
2024-07-28,1.7308668e-22,1.7400284e-23,1.2328051e-25,2.3741048e-22
2020-08-06,5.388221e-23,1.8612479e-21,1.0605878e-21,1.1722554e-19
2021-05-17,1.0,0.00083167996,0.70877683,0.9999695
2023-05-31,0.028317183,0.99950635,0.7164102,1.0
2022-11-19,1.7050562e-11,0.99966383,0.95851964,7.796144e-07
2024-02-08,1.0,8.888098e-08,0.98487306,6.1140653e-09
2024-03-06,1.2308536e-12,8.810886e-21,1.4412625e-17,2.6406203e-19
2023-11-07,1.5180742e-22,3.8845775e-14,1.7418428e-14,6.1434814e-30
2022-04-08,1.0,1.4202558e-06,2.3016922e-08,2.969924e-05
2020-12-24,1.0,0.00038097452,1.0,0.891458
2019-09-22,3.8190644e-27,3.020922e-19,9.319766e-19,1.6641624e-25
2022-07-21,5.412843e-22,8.410486e-21,1.6499191e-27,1.6359748e-19
2020-02-10,1.0,0.88807505,0.99974734,0.9992223
2020-10-15,2.2925036e-20,5.532017e-22,4.1250176e-19,5.4250263e-19
2019-10-18,5.7457557e-25,2.3164115e-15,2.6719593e-13,1.4192012e-22
2021-10-31,3.4301102e-25,3.8069174e-09,1.1962498e-15,1.6461874e-24
2019-12-21,1.0,0.9990771,0.99981445,0.99991524
2022-11-23,0.0002268153,0.9999974,0.99999416,4.10621e-11
2023-10-31,1.3139327e-24,4.1936655e-14,1.24966146e-17,5.5982344e-28
2021-05-27,0.99909353,1.496237e-09,0.97028714,0.9999895
2019-11-13,4.8000123e-07,0.0054428848,0.99999976,2.0449243e-11
2021-11-15,3.0026834e-07,0.99998856,0.00490704,3.4524798e-17
2020-03-27,1.0,1.3436078e-08,2.320261e-07,0.11378148
2022-05-06,1.0,0.59771967,1.1822387e-05,1.0
2023-09-19,6.536845e-19,1.2691496e-13,4.489416e-18,4.2610344e-31
2024-05-02,1.0,0.999747,3.2560134e-08,0.99999964
2020-10-24,6.2635796e-21,1.8892743e-14,2.5597353e-14,4.063413e-15
2023-12-07,0.7724787,0.99999976,0.9999994,1.8381402e-07
2022-08-22,2.7174058e-26,1.2748067e-14,9.054501e-23,1.6141272e-22
2024-05-21,7.74546e-09,6.347299e-09,2.3937519e-11,0.39515626
2023-06-27,7.421237e-21,6.2921707e-22,5.5121892e-24,1.5517664e-19
2024-09-13,1.6204207e-21,3.129264e-20,3.2322642e-16,7.434076e-20
2022-12-03,7.9381185e-05,0.99999654,0.9999988,1.1876242e-08
2023-08-23,7.872968e-14,1.1921329e-13,1.4532452e-21,7.5574405e-24
2020-04-17,1.0,0.9973659,5.5066007e-08,1.0
2024-12-07,0.9568467,0.99999976,1.0,2.401158e-06
2024-03-26,1.0,0.001776313,2.3640864e-11,0.0034257048
2021-08-01,1.8540734e-24,8.0749933e-22,1.756228e-21,2.3249326e-26
2019-04-15,1.0,3.9681364e-10,1.4523942e-10,0.000691667
2022-03-28,0.9999751,2.2214223e-18,2.370903e-13,2.1202043e-19
2020-09-02,1.4323904e-22,7.689382e-23,5.9187006e-25,4.4359534e-22
2024-11-17,1.7978271e-05,2.409726e-06,0.0006531635,2.329283e-18
2024-02-26,2.1873905e-11,2.4296e-21,6.595488e-17,9.5155697e-23
2024-05-16,0.00025763083,1.694764e-05,1.923443e-09,0.84660655
2024-04-10,1.0,0.9995241,1.05515554e-07,0.9999993
2023-05-13,1.0,0.70692426,8.3116785e-05,0.9999981
2019-11-29,0.99348503,1.0,0.9985607,0.0006047869
2020-01-03,1.0,0.99642193,0.99999964,0.99999726
2023-01-05,0.092659235,0.9999951,0.9519395,6.823965e-15
2021-09-01,2.1110742e-21,9.729146e-25,4.9297826e-15,2.0033258e-23
2022-08-11,1.9529142e-23,1.7661942e-18,3.5843268e-20,4.4073488e-21
2023-02-15,1.0,0.99999976,1.1118193e-06,4.2970264e-06
2020-05-23,0.9781407,0.0007345228,1.3992673e-08,1.0
2022-02-25,1.0,0.15728325,1.0,0.00013816974
2022-07-18,1.0541695e-23,1.8504868e-21,8.4894825e-23,6.3431177e-22
2024-12-14,0.93449414,0.99999964,0.9999999,7.317177e-05
2022-08-12,1.9958297e-21,1.9995528e-17,1.7511056e-19,3.913196e-20
2023-04-05,1.0,4.205862e-12,4.7951065e-16,4.352156e-10
2020-05-16,0.9975291,0.82395554,1.9396137e-05,0.9999999
2022-03-29,1.0,3.656387e-13,2.599665e-09,5.344543e-13
2020-09-29,1.3328323e-18,2.4914647e-18,8.7268304e-20,8.311477e-23
2019-10-28,6.036415e-21,4.966108e-11,2.246447e-05,3.3118544e-18
2021-01-01,1.0,0.009424365,1.0,5.7367623e-05
2024-03-01,4.4082686e-08,1.0551642e-21,2.6060782e-17,1.7815276e-18
2020-03-21,1.0,0.0014676941,5.1685874e-06,0.9999956
2022-08-24,3.5115327e-25,2.2145056e-14,1.0736175e-22,1.242421e-19
2020-10-01,3.182469e-23,4.180585e-21,3.0423147e-20,6.421283e-25
2022-02-05,1.0,0.99997985,1.0,0.97538406
2019-10-13,2.5167253e-22,2.0047876e-14,7.893918e-09,9.010093e-22
2022-05-11,0.99999976,0.002819714,1.7753078e-09,0.99999833
2024-03-27,1.0,0.00027449208,4.89541e-09,0.023333095
2022-07-23,2.3112774e-20,7.80096e-19,5.4905255e-26,1.0956643e-17
2020-10-16,2.7582534e-25,6.586154e-19,6.4458506e-17,6.0333016e-23
2022-05-01,1.0,0.13724385,3.1043965e-09,1.0
2019-11-09,3.0847076e-08,0.051082805,0.0013032487,1.5192266e-15
2022-06-22,1.1119308e-23,1.4466921e-19,1.0266722e-20,9.265309e-21
2020-10-05,6.720962e-23,1.3708789e-16,3.038547e-19,1.5139544e-25
2019-03-31,0.9999851,3.1869812e-20,2.9520473e-18,2.9332493e-15
2021-10-27,2.0715675e-23,1.4385032e-12,1.34531216e-17,9.144069e-20
2023-02-21,0.99999976,0.99991786,1.00341055e-11,2.8993297e-08
2020-04-26,1.0,0.9987709,1.381524e-06,1.0
2023-12-22,0.9998511,1.0,0.99995923,0.012110799
2022-09-23,1.3135586e-29,3.8213592e-16,5.8939793e-19,2.5147669e-30
2019-09-19,5.4224567e-28,4.1623987e-20,2.1631413e-21,6.6159447e-26
2023-07-26,1.1206344e-16,1.4032099e-11,1.6055086e-18,1.3654798e-12
2024-08-23,4.7420064e-17,1.750013e-16,1.9829165e-18,1.2586974e-27
2021-12-17,1.0,0.9999999,0.99999607,0.9953922
2019-05-31,3.712809e-11,3.9982913e-17,5.6638514e-15,0.0002740875
2019-04-11,1.0,4.3984727e-17,1.03463586e-16,1.3371876e-09
2024-12-21,0.99999785,0.99987566,1.0,0.033981603
2021-05-29,0.004960701,2.830849e-08,0.0008035321,0.9986003
2020-07-11,4.4894824e-19,1.094103e-16,5.993945e-20,8.547858e-20
2020-12-05,0.99174607,0.0154435,1.0,9.330213e-05
2022-09-24,1.0472796e-30,1.1675975e-17,2.245551e-18,2.1166952e-28
2023-02-26,1.0,0.99998784,3.1855055e-08,1.23035395e-08
2019-04-24,1.0,0.65173644,0.112329274,0.9999999
2023-05-21,0.9999999,3.512028e-05,8.895908e-10,0.99999833
2021-02-24,1.0,2.0203247e-08,0.99999976,0.0001896899
2021-10-28,4.2648644e-27,4.904716e-10,1.4480914e-16,9.4392874e-23
2020-04-20,1.0,0.99026966,3.759748e-08,0.9999999
2022-09-15,1.1620871e-25,1.2033383e-17,7.743286e-21,8.579034e-25
2024-05-14,0.013107991,0.0023500368,3.8287413e-09,0.9999914
2024-07-27,1.9086088e-21,7.1070924e-24,1.2098266e-27,3.8301936e-21
2022-04-30,1.0,0.060251106,7.977455e-06,0.9999999
2024-09-12,4.643673e-18,4.141774e-21,1.4744489e-12,1.3868995e-18
2023-11-10,5.23157e-25,6.9110277e-12,3.2393886e-15,3.5314123e-26
2024-11-03,2.086036e-19,7.47365e-14,9.958101e-21,1.1781992e-28
2021-01-06,1.0,0.0043362407,1.0,0.0045282533
2021-10-16,8.043991e-25,2.1530007e-12,2.437133e-17,8.599347e-25
2020-09-27,1.890376e-23,3.0842333e-18,3.3996544e-17,1.02435616e-20
2020-03-28,1.0,1.2319182e-07,1.8448242e-09,0.9995065
2019-06-14,1.3339302e-19,2.9191911e-18,5.3819198e-21,1.6405122e-11
2020-02-07,1.0,0.39927912,0.9999596,0.9991105
2023-03-24,1.0,1.7619249e-10,2.8557326e-14,8.940167e-10
2019-03-28,0.99999976,6.340463e-20,2.2555789e-10,5.0949737e-14
2023-10-12,1.825703e-26,7.576403e-17,3.8386043e-21,8.462515e-31
2024-11-30,0.99788445,0.99993515,0.9999994,4.308696e-05
2023-08-04,1.2230725e-23,9.156151e-19,2.4096095e-27,2.5309044e-24
2024-03-31,1.0,0.96829134,1.5663683e-10,0.98059374
2022-01-23,1.0,0.99992657,0.9999994,0.9998834
2024-01-23,1.0,0.9999465,1.0,0.09760295
2020-10-21,3.3550286e-23,7.8078235e-15,1.16882026e-14,2.1899475e-24
2023-05-11,1.0,0.0003972483,0.007891036,0.9997315
2022-01-03,1.0,0.9999949,0.9999999,0.9999347
2019-08-31,5.966609e-22,6.3995037e-22,2.6943877e-26,1.7853763e-20
2022-11-18,1.827481e-06,0.9999839,0.914289,2.111498e-09
2024-01-27,1.0,0.95157504,1.0,0.20491138
2022-05-22,0.0021297631,1.4937164e-06,1.22538046e-14,0.9999989
2020-10-08,1.5228584e-23,5.572094e-20,9.593326e-20,3.3307364e-23
2023-09-28,4.3345247e-26,3.782623e-15,3.00173e-17,1.802062e-31
2022-11-13,1.9396355e-12,0.99988246,0.10309575,3.3860385e-07
2020-09-17,4.7820993e-24,1.3896398e-22,8.745337e-25,1.5074207e-23
2022-05-28,0.00044693844,2.2507142e-10,3.1605584e-16,0.99967766
2021-08-23,3.9379028e-21,1.4509793e-14,4.043308e-17,8.7347414e-16
2021-02-25,1.0,8.405172e-06,0.99999964,0.00021777583
2021-01-20,1.0,7.790928e-06,1.0,0.007867329
2023-04-04,1.0,3.0974765e-09,1.4099262e-13,3.108009e-10
2024-10-19,2.7146403e-18,6.038212e-21,1.3332879e-21,2.4595768e-24
2019-07-01,9.522368e-14,2.5608706e-12,4.0432708e-20,1.9357314e-13
2023-12-23,0.99978954,1.0,0.99999976,0.123825
2022-08-20,4.492739e-26,2.482514e-14,1.2842083e-20,1.2608169e-19
2021-08-02,3.684815e-26,1.9497441e-22,2.4130995e-24,1.2867051e-26
2023-04-20,1.0,5.5218497e-05,3.2185782e-11,0.99999726
2019-10-04,6.825975e-21,1.0123938e-15,1.2738205e-13,2.1157493e-22
2023-09-25,7.0435116e-29,2.0762505e-16,1.9473264e-24,2.8730282e-30
2024-03-22,1.0,0.0094559705,6.135876e-13,0.69470173
2020-07-12,5.5883654e-17,1.1197988e-20,6.809895e-23,6.5094303e-17
2021-07-09,3.52315e-19,5.7849542e-15,5.0964845e-16,6.8092504e-14
2019-10-25,1.0604049e-23,1.1326392e-10,2.5330071e-11,2.8151738e-20
2022-09-09,3.5657314e-24,4.7534367e-16,2.961025e-18,3.7647868e-30
2020-12-13,0.99999964,0.09646858,1.0,0.013979444
2022-11-06,2.8061474e-19,0.0059488774,4.484334e-10,2.6557145e-10
2021-08-12,6.525213e-18,2.3746436e-26,3.7353234e-27,1.2704135e-21
2021-07-13,1.7177249e-22,4.1002735e-13,1.1625697e-19,1.1086137e-17
2023-09-05,5.619186e-26,5.8761313e-19,2.4251226e-25,4.5051526e-31
2023-04-23,1.0,0.0012256101,3.042171e-08,1.0
2024-04-30,1.0,0.9991229,1.7482977e-09,0.99999964
2020-06-27,4.0874043e-21,5.4277546e-13,1.1293983e-15,1.704901e-10
2024-08-28,5.4326886e-19,4.4301577e-20,1.9216104e-23,9.997385e-20
2021-06-15,5.5193133e-12,3.787239e-17,2.117495e-13,0.0006900317
2022-01-31,1.0,0.99998283,0.99999976,0.99847573
2024-06-18,8.5144116e-18,6.9854543e-12,1.0470938e-19,1.5215132e-13
2022-07-12,2.1100598e-21,5.2632573e-25,1.0045774e-21,7.7162326e-17
2023-06-06,4.738903e-14,1.1380299e-16,9.04543e-29,1.239318e-08
2021-05-02,1.0,0.0005259434,0.00028856765,1.0
2019-04-30,1.0,7.6079625e-05,3.719407e-06,0.99999976
2020-01-04,1.0,0.99951625,0.9999913,0.99999964
2019-09-10,4.2654547e-25,3.5940787e-18,1.999481e-20,4.066037e-21
2020-06-03,3.5100276e-13,1.0041289e-14,5.710623e-16,0.0016621106
2019-10-17,7.0022205e-24,4.6232805e-16,1.0624085e-09,5.8430134e-24
2024-10-17,4.931023e-23,6.806672e-16,9.3708474e-20,7.373859e-28
2020-11-03,2.3127294e-15,1.232265e-09,3.6160134e-05,1.4592006e-13
2020-10-14,2.925431e-20,8.4757e-15,1.0463229e-12,5.6102776e-18
2024-06-19,1.159769e-21,4.9578858e-14,2.1262432e-22,6.7812668e-18
2023-04-14,1.0,0.0009247481,1.5837478e-13,0.03687293
2023-07-04,1.0498445e-21,3.801254e-15,1.6753307e-22,3.1459062e-17
2023-01-20,0.9999417,1.0,0.00051960046,2.0367286e-09
2019-07-06,1.5046111e-16,3.8176043e-14,3.9836566e-19,7.416165e-15
2023-01-23,0.9999951,0.9999999,6.291537e-07,1.4409818e-10
2019-07-17,5.0480014e-29,4.1666964e-16,3.835655e-17,2.620962e-18
2022-07-03,1.253892e-25,2.9026317e-20,4.381884e-21,1.3633879e-19
2022-05-15,0.089659266,1.1475463e-05,8.3846444e-11,1.0
2023-07-24,6.000567e-24,1.0863353e-14,8.6465787e-26,1.2985993e-18
2020-09-21,1.3256344e-22,4.5222323e-24,6.1443873e-25,7.1814685e-23
2021-01-02,1.0,0.16564326,1.0,0.007064347
2023-10-28,1.154695e-24,7.147492e-17,5.101592e-19,5.867232e-29
2019-12-12,1.0,0.99997294,1.0,0.998072
2019-10-31,8.2399185e-21,2.6892636e-07,1.9608644e-08,3.575033e-17
2020-09-05,2.740761e-23,5.780513e-25,4.891882e-24,4.3775545e-22
2021-01-19,1.0,1.0625614e-05,1.0,0.003566404
2024-11-28,0.19492753,0.9999999,0.99999964,5.8081927e-08
2021-07-19,8.0608854e-25,4.3465756e-20,8.7463746e-24,2.02385e-23
2023-01-10,0.999998,0.9999994,0.99833614,1.6850382e-10
2020-10-25,6.4295004e-23,9.1129314e-14,4.2194685e-14,1.748227e-21
2023-08-07,8.835405e-25,3.3090527e-17,5.2099756e-27,3.5116763e-27
2023-11-02,2.5772029e-23,4.9050055e-14,2.426352e-11,1.713629e-28
2020-09-09,5.4884433e-22,3.481615e-25,6.9703386e-26,1.2213374e-24
2021-08-27,1.1161975e-23,7.9328216e-26,2.194225e-20,6.036314e-24
2020-12-31,1.0,0.0018809565,1.0,0.00019032546
2021-11-08,3.3958016e-19,0.09241925,5.5059835e-11,1.0609376e-18
2022-07-24,8.074408e-22,3.0126194e-15,2.4705615e-23,1.7721197e-18
2024-06-03,5.305858e-07,3.246729e-06,4.778705e-07,0.9811746
2021-08-29,2.4800014e-25,3.02801e-24,1.1488318e-20,5.8104725e-24
2024-09-20,3.602733e-22,1.846405e-20,3.67319e-21,1.7276584e-25
2024-01-18,1.0,0.9999933,1.0,0.5038673
2023-04-30,1.0,0.005860244,4.774669e-07,0.99999774
2022-04-19,1.0,0.7634386,6.154944e-10,0.9999999
2023-01-06,0.9999956,1.0,0.9999887,9.1246904e-05
2023-06-22,4.0750006e-19,3.3763167e-15,1.0766015e-25,2.841439e-17
2021-05-06,1.0,0.059617076,9.552321e-06,1.0
2024-10-04,1.0198445e-21,2.060803e-21,5.1784502e-20,7.463593e-29
2021-05-21,1.0,0.019453146,0.9482073,0.99998415
2023-03-15,1.0,0.99556124,2.3091578e-09,3.6624528e-09
2024-03-08,6.245342e-09,1.6121597e-20,5.1583375e-21,1.0042144e-19
2021-10-03,6.35121e-28,4.152851e-20,1.250175e-19,1.052844e-29
2021-07-30,3.3411955e-24,8.695575e-24,4.4395304e-27,3.5456395e-26
2019-09-04,2.0221047e-24,9.62804e-21,8.0429477e-25,2.7288784e-23
2021-06-03,3.6274164e-07,3.2563853e-06,6.513324e-05,0.99986696
2021-12-01,0.99989235,1.0,0.9999145,0.0024017822
2024-09-14,6.6114925e-22,9.9470686e-18,5.954514e-14,1.7958595e-22
2022-06-02,7.488436e-06,0.20098914,2.2060596e-12,1.0
2024-09-10,5.2645383e-19,2.1311105e-19,1.628409e-20,6.3512205e-17
2021-01-30,1.0,1.5554635e-06,1.0,4.46298e-05
2021-11-10,1.8231648e-16,0.85718924,1.1659159e-08,4.7753007e-16
2023-04-28,1.0,0.8106363,1.6583579e-07,1.0
2019-05-09,1.0,1.9216566e-06,9.255499e-06,0.99997604
2019-04-29,1.0,3.7510465e-05,5.3232247e-06,0.99999785
2023-05-08,1.0,1.8677076e-05,0.00248082,0.9999852
2019-08-18,1.7959857e-19,5.7736635e-16,3.007197e-17,9.6594764e-17
2019-04-21,1.0,0.0050852816,1.1617387e-05,0.99999905
2021-06-16,4.9183083e-14,1.0958469e-12,4.4549496e-13,0.0030448239
2019-06-10,2.683714e-15,4.1453865e-17,9.782483e-16,8.526351e-08
2024-06-10,7.754336e-15,1.2933399e-09,3.9770498e-20,4.956558e-08
2022-08-27,8.796989e-27,5.276753e-15,5.0265934e-22,2.3170473e-23
2024-05-10,0.992376,0.95891297,9.4559e-08,0.9999999
2022-09-04,5.8425577e-27,2.2789845e-16,7.890705e-22,3.2034908e-24
2023-08-06,1.4662245e-22,4.8312145e-19,1.1438863e-27,6.2806056e-24
2022-08-06,3.5579785e-21,1.708079e-16,1.0405148e-21,7.00104e-18
2024-06-28,4.1327067e-25,3.70027e-17,2.071922e-24,2.9653217e-17
2024-09-24,1.8645788e-23,2.4145869e-20,1.1650179e-23,9.214941e-28
2022-09-25,3.102447e-29,2.9932893e-18,3.6888047e-21,1.8210278e-27
2020-02-15,1.0,0.0051461277,0.999949,0.9997441
2023-02-05,1.0,1.0,0.4815524,0.38238624
2022-05-05,1.0,0.1039847,7.8468155e-08,1.0
2022-09-11,1.7857341e-31,3.002446e-13,3.3849393e-18,4.3729435e-24
2022-06-28,3.5941793e-23,1.4994584e-18,4.8288454e-16,2.8095657e-18
2020-11-15,2.3985312e-12,2.1770686e-05,0.9999969,1.05714106e-16
2020-02-26,1.0,0.009410416,0.9999999,0.0012518765
2021-09-25,5.178866e-27,5.002319e-22,8.408589e-22,5.2739613e-28
2020-05-15,0.9999409,0.0908663,3.2899234e-08,1.0
2023-08-24,8.196209e-23,1.8669297e-13,1.89022e-20,4.6666176e-25
2022-02-08,1.0,0.6909997,0.9999993,0.9839624
2023-09-11,7.013745e-23,1.5867267e-16,1.5546509e-20,1.840719e-24
2019-11-07,7.7364845e-16,0.055831708,1.4660035e-06,6.111963e-10
2021-09-14,1.8725378e-26,1.1553741e-23,1.3216195e-23,3.7435517e-21
2022-01-24,1.0,0.999553,1.0,0.9988181
2021-07-22,2.7283042e-17,8.226347e-22,2.1239522e-19,4.1109884e-27
2022-03-14,0.998323,1.4893228e-18,3.3418837e-09,4.8366016e-18
2024-06-26,2.220712e-24,6.1615734e-16,2.1133586e-25,7.374785e-21
2019-06-02,3.6428507e-15,8.987476e-21,3.230914e-20,3.7447028e-09
2021-09-13,7.5342865e-27,7.805885e-23,3.5494613e-23,3.8893174e-24
2023-03-31,1.0,2.936011e-10,4.077481e-15,2.8582109e-11
2023-12-04,0.0030262636,0.99999416,0.9998447,1.7256943e-06
2024-06-21,1.6332242e-20,8.252397e-16,8.887679e-22,3.6746482e-13
2024-03-25,1.0,8.8435045e-06,4.7589824e-11,2.419939e-07
2019-11-15,8.783024e-08,0.94247586,0.2998765,4.4930154e-10
2021-04-08,0.9998431,4.386643e-17,5.8436607e-16,9.083015e-14
2019-05-02,1.0,0.036732852,0.00041029704,0.9999999
2023-08-18,1.6285779e-26,9.951526e-22,8.513037e-28,2.5625723e-26
2021-09-16,4.2027363e-26,1.1387305e-21,3.7609205e-25,1.5881155e-21
2019-05-29,4.2565784e-06,6.999237e-14,3.4076916e-17,0.0060607926
2022-02-01,1.0,0.98006815,1.0,0.999951
2023-03-20,1.0,2.4797711e-05,7.0690074e-13,2.668847e-06
2020-06-08,0.003790172,0.9689835,5.457546e-07,1.0
2022-07-06,8.095673e-26,2.0853894e-21,1.3659053e-22,1.0406791e-18
2023-11-12,8.2539776e-22,2.1850874e-12,1.6044273e-15,7.535317e-28
2019-06-09,6.2260147e-13,4.081667e-15,2.7073136e-14,5.8990445e-05
2020-03-12,1.0,4.2504993e-08,0.011969385,0.12836105
2019-05-18,1.0,2.1936396e-12,4.322169e-07,0.007636846
2022-01-17,1.0,0.9998392,1.0,0.9999275
2020-02-27,1.0,0.006846936,0.9981426,0.0043238625
2024-07-30,1.1191873e-14,1.8097927e-22,3.354331e-27,2.1848619e-20
2019-12-18,1.0,0.9911786,0.99999416,0.99993575
2021-11-19,0.00012400842,1.0,0.9441544,3.8811027e-11
2020-07-05,1.4306772e-20,4.981161e-23,7.0988997e-19,2.4818191e-17
2023-07-01,1.0528809e-20,1.32167894e-17,1.538581e-26,1.0787554e-18
2020-06-17,3.2749175e-11,8.047531e-11,5.0249247e-15,0.0031342711
2024-10-03,1.8618209e-23,2.876987e-15,4.3956293e-21,2.1166721e-27
2022-05-16,0.8678455,0.004567796,1.2879975e-10,1.0
2021-08-20,1.2417886e-15,0.0075084167,6.5398645e-11,1.6152247e-13
2023-03-05,1.0,0.9999927,3.5108146e-06,2.362034e-09
2019-06-07,5.0543574e-15,2.2148561e-18,1.8048413e-16,1.2862125e-06
2022-12-29,0.9975866,0.9999924,0.999998,1.3409779e-09
2022-06-18,4.41029e-22,1.2252926e-20,7.533005e-24,5.3245054e-18
2021-11-22,0.0011321661,1.0,0.99844736,3.5281573e-09
2019-04-26,1.0,0.010249081,1.7027162e-06,0.9999404
2020-03-15,1.0,2.4266856e-06,0.0003746563,0.9972095
2019-08-27,1.1765123e-25,3.629472e-19,8.8691146e-23,8.9910526e-26
2020-01-26,1.0,0.44768655,0.99930906,0.9999497
2022-05-13,0.99958354,0.012966059,2.2463749e-09,0.99999976
2022-12-07,2.2039784e-07,1.0,1.0,5.2392284e-14
2022-03-16,0.9998517,2.1125726e-21,1.08192014e-11,5.896796e-17
2020-08-13,2.6095018e-16,9.858874e-15,1.2782586e-15,5.5297127e-16
2023-10-19,2.92121e-24,2.5182804e-15,1.12353414e-20,5.383605e-28
2024-09-15,2.947972e-19,1.4039897e-21,1.482721e-15,4.831507e-20
2019-08-30,2.0250227e-24,4.645289e-24,1.0979623e-23,6.8362087e-23
2024-08-16,5.4590665e-21,2.8095215e-19,3.594897e-28,6.128509e-20
2023-12-06,0.5483055,1.0,0.99999774,9.9158215e-06
2020-01-28,1.0,0.5475696,0.9999888,0.99996877
2021-04-27,1.0,0.00036678408,1.7004224e-05,0.9999889
2024-09-23,2.325985e-21,3.9682273e-21,1.1844222e-21,9.540306e-26
2023-08-12,1.9439187e-25,3.863523e-19,1.3310086e-25,1.0472043e-29
2019-07-11,1.9206451e-21,3.5949035e-17,7.8455335e-22,9.0762215e-15
2019-08-28,1.7282919e-24,1.6592285e-20,2.5712887e-25,1.5224766e-21
2020-02-04,1.0,0.9311243,0.99999917,0.99994934
2020-09-01,1.7068557e-22,1.7919922e-23,5.131447e-22,4.8755697e-21
2021-02-09,0.99999833,1.3516717e-07,1.0,2.6689595e-09
2024-12-15,0.9999505,0.9999901,1.0,0.0043065627
2024-02-28,4.6824784e-14,1.3277809e-21,7.362134e-14,4.010641e-21
2019-09-01,6.505615e-22,2.789144e-21,1.5516152e-23,5.0421874e-22
2019-09-15,3.3787167e-28,1.155311e-18,3.5631844e-19,1.9332688e-26
2023-06-18,2.568205e-14,1.3748296e-13,4.0001552e-23,3.7165317e-13
2024-08-31,4.5842136e-20,1.1669417e-19,2.1713187e-20,4.3299768e-20
2020-01-27,1.0,0.593841,0.99941266,0.99999917
2023-02-12,0.99997497,1.0,0.0005199522,5.3880772e-08
2021-08-22,2.4066748e-23,1.5013928e-11,2.7991425e-13,4.66843e-19
2021-01-04,1.0,2.040276e-05,1.0,8.199388e-05
2022-08-21,1.3056829e-25,1.8959518e-15,1.193001e-22,8.7219245e-23
2023-01-11,0.9965341,0.99999964,0.0045569744,7.720518e-13
2023-04-09,1.0,1.1075247e-14,3.1708353e-16,5.721549e-06
2024-12-03,0.9976674,0.9999174,1.0,7.216235e-08
2023-07-11,1.2279376e-18,7.51364e-22,1.5410093e-23,9.794706e-21
2023-04-10,0.99999976,2.7869842e-14,3.2113448e-17,1.1338789e-08
2021-04-13,0.9999969,1.0944291e-15,1.7643998e-14,1.6462263e-06
2022-11-17,1.2838726e-09,0.9999478,0.9663636,2.567321e-05
2022-09-19,6.869148e-30,3.6263635e-16,2.237497e-17,2.3110324e-26
2023-09-29,5.0973696e-27,2.7681738e-16,2.8858956e-19,9.8636745e-33
2024-10-20,2.4701278e-23,5.439005e-22,9.787109e-24,3.888699e-29
2020-12-16,0.9999988,0.019476334,1.0,0.012665874
2021-11-17,4.816814e-07,0.99999976,0.3074049,2.0117091e-10
2024-12-16,0.999765,0.9999999,1.0,2.3549721e-05
2023-06-10,9.298081e-09,1.3693906e-14,2.8420873e-18,0.000102286096
2021-12-22,0.99999976,0.9999999,0.9999999,0.89650077
2023-04-27,1.0,0.012533213,2.4497648e-08,0.99989927
2024-10-28,1.8498816e-19,6.096337e-18,4.4713905e-23,7.668996e-30
2021-05-09,1.0,0.021785956,8.206649e-07,1.0
2019-04-12,1.0,3.0282332e-14,2.3587614e-12,8.984882e-05
2020-11-11,2.0109344e-06,2.2260538e-06,0.9999938,1.0010392e-13
2023-12-26,1.0,0.99999905,1.0,0.5266421
2022-08-14,6.947221e-25,3.1300178e-19,2.6451228e-22,2.963358e-22
2024-08-01,2.1850747e-16,7.013963e-22,8.787322e-21,3.7162188e-21
2023-06-12,2.9931912e-15,1.5681862e-17,6.937839e-27,3.5203928e-13
2021-02-21,0.9999999,3.913713e-07,0.9999993,1.5648766e-08
2021-11-30,0.9998808,1.0,0.9999932,0.00014229624
2020-02-23,1.0,3.664031e-05,0.99972206,0.15913457
2021-05-19,1.0,6.670323e-05,0.0028439385,0.9999999
2023-08-16,4.1824888e-26,4.71894e-19,1.2159113e-26,3.2502875e-26
2022-09-10,1.1202043e-28,3.293478e-15,1.7165575e-16,2.9507662e-24
2020-06-24,1.0880152e-21,3.11319e-13,1.4563037e-20,1.7930201e-13
2020-02-21,1.0,2.9236756e-07,0.9998342,0.00024355634
2021-02-26,1.0,3.106999e-07,0.99999917,0.00014767826
2023-02-22,0.9999999,0.99999976,1.678682e-08,1.9314259e-05
2019-12-07,0.99999964,0.9999398,0.9999989,0.9997595
2023-08-19,2.879468e-23,2.122301e-18,1.17604685e-23,1.880333e-26
2020-05-21,0.000185153,5.8357084e-08,1.8085044e-12,1.0
2021-10-24,1.7872926e-26,1.6017803e-14,2.8878862e-21,2.877195e-23
2019-09-30,1.1289451e-24,1.0517733e-12,9.41327e-12,3.1799225e-22
2022-05-12,0.9999964,0.0020640257,6.381327e-12,0.9999989
2024-01-08,1.0,0.9999833,1.0,0.1196907
2020-08-14,4.028526e-18,1.4092789e-16,1.6179632e-20,2.5137862e-17
2023-01-18,0.99999213,1.0,0.00079173903,1.0944116e-09
2021-08-30,1.85187e-22,6.329065e-25,7.035546e-19,2.095195e-23
2020-05-18,0.99997973,0.5778048,1.14088045e-10,1.0
2022-02-10,1.0,0.99933964,0.9999999,0.9974597
2021-07-25,7.245107e-25,1.2434852e-23,4.695743e-25,4.7398322e-26
2019-10-26,4.646162e-22,1.227298e-07,2.7076204e-09,2.454614e-20
2020-07-01,1.806206e-15,2.305102e-15,1.6783622e-15,5.2239574e-08
2021-07-16,4.4536862e-23,9.362424e-18,2.7943344e-18,3.5833067e-17
2024-10-27,3.2501577e-22,4.9176394e-19,4.189012e-22,1.4531325e-31
2019-05-24,0.91993886,6.9642314e-17,1.8456e-15,3.4034585e-08
2019-04-16,1.0,0.0012261133,5.4488504e-07,0.99997425
2019-12-15,1.0,0.982872,0.9999995,0.9999969
2023-05-18,0.99999964,0.9910279,1.5712e-06,0.9999682
2023-09-04,2.0894604e-19,2.0271255e-16,3.6840196e-23,2.313205e-31
2024-10-12,1.9304144e-21,7.8833466e-19,6.7086386e-16,1.2885157e-29
2022-09-17,5.522108e-29,9.5979904e-17,2.0904171e-19,1.6370787e-28
2019-07-15,9.75162e-26,1.3187134e-16,1.8930902e-22,1.8201413e-17
2020-02-11,1.0,0.79247946,0.9998697,0.999969
2023-11-28,0.0068686586,0.9999573,0.09007321,7.7302175e-12
2023-12-01,0.08971797,0.99995446,0.99968445,8.595089e-09
2019-11-01,2.5409218e-20,7.714851e-09,9.830898e-07,1.1128216e-16
2022-09-03,5.16884e-27,3.5834983e-17,8.760647e-21,2.5323556e-22
2021-06-22,2.0836834e-10,8.418163e-12,5.238886e-15,0.9910801
2024-09-16,1.678538e-19,3.8227676e-19,5.7157694e-15,1.1645949e-17
2019-11-06,8.0673337e-13,0.0032726773,0.21961524,3.026784e-10
2020-10-09,1.4027044e-22,1.368759e-21,2.2737263e-20,1.1579634e-24
2021-12-28,1.0,0.9999995,1.0,0.99993587
2019-06-13,1.8460946e-13,2.5882215e-20,1.5376376e-17,7.405596e-07
2022-11-16,4.8821965e-13,0.9936027,0.02192458,7.835151e-08
2023-06-30,2.2065232e-19,1.7556363e-16,8.882446e-25,1.2373856e-16
2020-05-24,0.7478001,0.7184566,8.960585e-10,1.0
2023-01-02,0.99353963,0.9997509,0.63386965,1.0469446e-14
2019-04-27,1.0,7.736181e-05,1.4663699e-06,0.9999999
2021-09-12,5.8654254e-27,1.6894201e-19,4.3197865e-25,3.663389e-24
2022-06-27,5.933626e-23,1.295668e-21,1.1870927e-18,2.983523e-16
2019-10-10,3.327955e-23,1.9012208e-11,1.6626845e-09,2.5862304e-18
2022-01-26,1.0,0.99993455,1.0,0.7887019
2021-04-20,0.9999999,4.537719e-15,8.581462e-16,1.3954046e-07
2024-11-14,9.276173e-12,2.711242e-05,8.319439e-08,6.582028e-21
2020-07-19,3.643767e-23,1.308204e-20,1.8855564e-17,5.973493e-20
2022-07-14,1.0564249e-21,1.0301183e-24,7.4490526e-23,1.08652066e-16
2022-03-24,0.9999976,4.6045283e-19,1.2279225e-12,1.6342871e-16
2023-11-19,1.655122e-17,0.83791095,2.6695412e-08,3.5711993e-19
2024-02-12,1.0,3.851053e-07,0.9999701,3.429889e-09
2020-07-31,5.048475e-17,3.0645274e-20,2.5496883e-21,4.8854468e-17
2022-03-25,0.99999964,1.2606926e-18,3.4697828e-13,2.2056607e-15
2021-05-10,1.0,0.9849148,0.0003820072,0.9999989
2023-04-21,1.0,0.029782502,4.3615334e-08,0.9999995
2023-02-19,1.0,0.9999999,5.5936106e-10,2.5730262e-06
2021-10-08,5.3574714e-25,2.0767901e-15,5.3885874e-17,2.8448803e-22
2022-02-26,0.9999999,8.7374094e-05,0.99999714,9.179009e-07
2021-10-21,2.5220554e-25,1.9069362e-12,1.8370709e-17,5.3702785e-26
2022-05-26,3.958759e-05,4.7686217e-06,9.15173e-16,0.9999999
2024-01-20,0.9999999,0.9997744,1.0,0.9623769
2022-02-02,1.0,0.9964708,1.0,0.92748874
2022-06-17,2.4031442e-22,4.896298e-20,3.8485557e-23,1.9743214e-16
2022-08-09,1.8143284e-21,1.0212945e-18,2.5684592e-22,1.1255688e-18
2021-05-26,0.9988871,0.0035165574,0.9936119,0.99998784
2024-01-12,1.0,0.99999905,1.0,0.3967712
2020-05-06,1.0,0.9411466,7.657131e-07,1.0
2021-11-28,0.9815886,1.0,0.9999542,0.0003569914
2021-09-21,2.4577267e-26,7.4363336e-23,4.7353166e-25,3.0661421e-27
2019-04-02,0.9999994,8.4942746e-16,4.7690407e-15,9.392864e-11
2020-11-28,0.59018236,2.8040398e-05,1.0,8.0090816e-11
2019-11-19,0.00018781298,5.0562292e-05,0.99856097,1.5011859e-12
2020-03-17,1.0,5.0552557e-05,0.0017794075,0.99906415
2023-07-25,1.4771557e-21,1.8500366e-12,3.689814e-23,6.4395068e-18
2024-06-02,8.931854e-09,1.7124865e-08,3.120828e-10,0.95235074
2024-02-11,0.9999999,1.024213e-10,0.014373801,1.1197484e-11
2019-09-05,3.5737418e-22,1.8743659e-20,2.4199524e-21,6.12528e-21
2020-07-02,8.28918e-17,1.1241329e-15,1.6433204e-16,1.3294305e-10
2022-06-25,5.2893045e-24,6.4013387e-21,4.4655143e-21,3.3059204e-19
2024-05-01,1.0,0.993634,1.1853646e-10,1.0
2023-07-30,4.8887473e-24,4.029758e-17,1.5473224e-25,1.4769746e-22
2019-10-15,1.7000272e-21,7.3975863e-19,6.3696433e-15,1.5568146e-23
2022-12-08,0.2555606,0.9999999,1.0,4.4421313e-08
2022-07-30,2.3828784e-22,3.5661984e-14,2.6797484e-20,1.83283e-16
2019-09-07,2.9627781e-24,6.778403e-16,3.5336097e-18,6.699894e-23
2021-01-03,1.0,0.00081631134,1.0,1.7676123e-06
2019-03-30,0.9999993,4.3770507e-16,8.7118424e-17,1.0913622e-12
2022-01-09,1.0,0.99999905,0.99999964,0.99993086
2022-02-21,1.0,0.999348,1.0,0.24100846
2024-03-15,0.9999933,7.1454247e-07,8.99707e-16,1.01470995e-07
2024-02-07,1.0,7.21841e-05,0.9960814,9.041901e-05
2021-03-04,1.0,1.9180959e-11,1.5854118e-06,3.608216e-07
2020-03-08,0.99999976,1.6216008e-07,0.99816376,0.00038199555
2022-02-19,1.0,0.96240526,1.0,0.009127388
2024-12-22,0.99999714,0.9999845,1.0,1.2571517e-05
2024-11-25,0.0018917703,0.82902527,0.999997,1.0481466e-08
2023-12-13,0.9999379,1.0,0.9999999,0.047234472
2022-01-02,1.0,0.99997866,0.99992573,0.9999994
2020-11-17,3.410875e-11,1.374506e-11,0.79423445,3.183485e-18
2020-06-05,8.054263e-05,0.018347854,1.2767127e-09,1.0
2023-05-24,1.0,0.0013743613,4.2798325e-09,0.99923384
2020-06-01,8.699387e-10,4.3210091e-16,2.0762198e-15,0.41056722
2021-10-30,1.1163824e-20,7.093779e-09,2.3097421e-14,6.139222e-21
2022-11-01,2.493107e-20,3.2768137e-05,8.6518693e-16,5.2158266e-18
2021-10-22,2.5806911e-26,7.157786e-11,6.73027e-17,2.1224888e-24
2022-02-09,1.0,0.998324,1.0,0.8253068
2021-04-29,1.0,0.26186082,2.170164e-06,1.0
2021-12-11,1.0,0.99999857,0.99999964,0.024183542
2023-03-25,1.0,0.00010424753,2.0685815e-09,2.9097877e-09
2024-02-01,1.0,0.0015704235,0.9999839,2.6475545e-08
2020-05-05,1.0,0.9953158,2.1636245e-07,1.0
2019-10-06,4.6632234e-23,4.3697976e-14,1.1857857e-09,4.6886257e-22
2021-09-03,1.6748534e-27,4.5850136e-22,4.9982187e-22,4.1357462e-27
2020-11-12,1.347769e-07,6.628613e-11,0.99999785,2.7032208e-11
2021-06-27,4.462454e-19,4.7059925e-13,6.022329e-17,1.3468853e-06
2020-06-26,1.0888979e-24,2.461308e-13,2.9458235e-20,1.5883633e-14
2021-02-11,0.9999999,3.1950957e-08,0.9999999,2.4164248e-09
2020-04-02,1.0,8.35401e-06,1.2398239e-08,0.99981505
2019-05-13,1.0,6.950482e-10,1.4834863e-07,0.99565214
2023-10-08,1.761498e-25,4.0941713e-16,9.475667e-20,7.282631e-31
2021-04-07,0.9999976,3.914514e-18,1.7700473e-16,2.9563144e-13
2024-03-10,3.7220009e-06,4.276302e-19,2.3164104e-16,2.415247e-15
2022-03-07,0.9998851,8.5004973e-07,0.99996185,2.2632831e-11
2024-04-29,1.0,0.99973494,1.7301662e-08,0.99999785
2020-12-04,0.99999535,0.081735484,1.0,0.48969078
2023-12-15,0.9999851,1.0,1.0,0.061435316
2021-08-09,3.1538025e-23,6.482524e-23,1.2958271e-27,3.0569288e-26
2024-03-03,2.0866993e-09,3.0537915e-20,5.3550422e-17,1.5727187e-20
2024-08-04,9.639868e-22,1.1350144e-20,4.597236e-23,1.538706e-24
2023-09-17,1.5775016e-20,1.3328132e-16,7.6041366e-26,3.5488175e-27
2021-06-09,4.1924945e-08,0.0012739992,0.00045549803,0.7941414
2024-01-29,1.0,0.9946278,1.0,0.90514785
2024-06-11,6.3863433e-12,0.021432191,2.476243e-14,5.0746946e-10
2024-10-23,2.8878436e-20,2.896398e-17,1.2709833e-17,8.500033e-26
2022-02-07,1.0,0.99912816,1.0,0.9903626
2019-10-21,1.444122e-20,2.9298995e-08,3.89445e-11,9.584922e-18
2024-04-26,1.0,0.9999801,0.0001319686,0.9999783
2020-06-12,2.129699e-09,3.683785e-13,3.280556e-19,0.58881915
2022-05-08,0.9999999,0.0013004843,5.1602207e-08,1.0
2024-12-09,0.9975764,0.9999958,1.0,5.840152e-06
2021-07-21,9.191411e-22,1.2780366e-19,8.702998e-19,7.8800225e-23
2020-02-22,1.0,1.4765768e-05,0.99999976,0.09708224
2020-11-30,0.9940884,0.010042556,1.0,4.6163128e-05
2021-09-30,3.8009094e-28,1.2631704e-20,1.1005255e-21,1.347997e-27
2021-10-04,7.461145e-29,7.519656e-16,1.0066615e-19,1.5886143e-26
2023-07-29,8.761975e-23,5.8385866e-14,3.851229e-23,1.34389e-19
2021-07-12,2.9949626e-22,4.0484189e-16,5.263655e-19,2.2684266e-18
2024-09-07,1.8301294e-20,6.5527956e-20,1.102498e-18,5.1095695e-22
2024-05-03,0.9999764,0.099528365,1.1602893e-09,0.99999976
2023-10-13,1.1758382e-27,3.264073e-15,4.29858e-18,2.7766876e-31
2024-12-11,0.9999999,0.9999989,1.0,0.6709686
2022-08-29,1.1893259e-28,8.175415e-15,9.850323e-26,1.4279877e-22
2019-09-11,9.646523e-23,5.2311895e-18,6.404709e-21,1.9790566e-24
2022-04-04,1.0,1.2056697e-10,8.318461e-07,2.4233573e-09
2024-06-01,4.0968113e-09,2.3116094e-07,1.3912944e-15,0.99960893
2020-12-27,0.9999999,0.025112996,1.0,0.012008901
2020-07-03,7.08862e-18,2.7153757e-18,1.621258e-18,1.8258176e-15
2019-11-25,0.99979895,0.72858346,0.9882934,0.0040033283
2020-05-20,0.99989486,2.8987857e-05,5.039125e-09,0.99999976
2024-03-18,0.99999976,7.031291e-07,4.2621724e-16,8.3354806e-08
2024-08-17,4.492145e-16,2.8655151e-18,4.021002e-26,3.9333365e-22
2020-11-29,0.0924041,8.423736e-07,1.0,6.5083225e-07
2024-05-24,0.00014129747,2.4423002e-08,1.0848302e-10,0.06878173
2020-10-30,9.837405e-19,1.823015e-13,1.8960722e-10,3.194786e-11
2023-03-02,1.0,0.9991184,6.533164e-09,2.7259821e-11
2024-12-01,0.99968433,0.9999479,1.0,0.0031073967
2023-08-21,1.7471462e-22,6.8920254e-18,5.894956e-23,1.9336395e-24
2022-01-11,1.0,0.99999905,0.9999993,0.999826
2019-12-28,1.0,0.99813336,0.9999895,0.99999833
2021-09-10,6.9183644e-26,1.0933981e-23,3.7354863e-24,4.0848105e-24
2024-09-01,1.3110358e-21,7.295167e-17,2.4534868e-23,3.713937e-21
2022-08-30,1.1577321e-27,2.7196614e-15,1.9012237e-23,3.2986733e-21
2020-11-25,0.0062393197,2.2951574e-06,1.0,1.1009432e-10
2024-12-12,0.99996674,0.99999976,1.0,0.0008039166
2020-11-22,0.00077653566,4.6465675e-07,0.9999851,5.193172e-11
2019-08-24,5.112509e-24,2.9031951e-21,4.2828864e-24,8.833079e-25
2024-10-09,1.4482409e-23,1.5132883e-20,2.1644168e-17,1.131554e-31
2019-12-11,1.0,0.974624,0.99996245,0.9982058
2023-07-08,5.3929203e-19,9.841725e-18,1.05345836e-22,3.6043523e-16
2020-11-10,1.6289905e-08,0.050282177,0.9903328,2.513142e-11
2024-11-23,3.913655e-05,0.9999988,0.9957176,6.3646003e-12
2022-01-28,1.0,0.99826247,0.9999999,0.99353325
2019-12-20,1.0,0.9882582,0.99999666,0.999998
2022-06-04,1.668683e-09,0.00040234733,1.8879611e-16,0.9639937
2022-12-17,0.9727841,0.99999416,0.9999999,1.79401e-08
2024-03-17,0.999998,3.91394e-10,1.1702211e-14,2.1811517e-09
2023-04-29,1.0,0.22718751,7.296867e-09,0.9999999
2024-08-10,1.25811326e-17,1.8971478e-20,1.0330398e-21,1.2998065e-21
2024-05-29,4.633629e-06,3.641826e-06,1.3617755e-07,0.99999917
2020-07-26,1.1087997e-17,1.1522295e-19,4.7723094e-18,6.590886e-17
2020-12-23,1.0,0.054484326,1.0,0.013333362
2020-04-29,1.0,0.935147,6.453901e-08,1.0
2021-09-11,2.1618345e-24,9.274104e-23,4.2876042e-27,2.845085e-23
2021-11-03,2.0170377e-22,1.1627068e-06,7.869163e-12,2.3087296e-21
2024-05-18,2.7113974e-05,4.0281734e-06,0.00015341882,0.99986434
2024-10-26,1.7157283e-21,4.487882e-15,2.719492e-25,5.9633174e-27
2023-11-17,2.0601684e-19,0.07806254,5.2645e-11,1.6832574e-19
2019-07-13,7.062778e-21,1.29370485e-17,6.9456724e-21,4.839498e-11
2019-12-06,0.99934834,0.99999714,0.9992034,0.18360576
2021-08-17,2.0453253e-23,4.6881237e-15,3.544961e-20,1.851774e-19
2020-05-11,1.0,0.01462469,2.0062385e-09,1.0
2023-09-16,6.959469e-27,4.1687175e-15,1.8609279e-29,2.0271393e-25
2021-09-19,1.2481347e-28,1.7930822e-20,1.2255133e-26,1.0186901e-28
2019-12-05,0.9999999,0.99945754,0.9999999,0.4850849
2021-03-11,1.0,0.00013879949,0.2535423,1.4849735e-08
2022-09-16,1.2990082e-29,6.8549495e-18,1.2569552e-20,5.3024684e-27
2022-12-04,7.394012e-06,0.99999785,0.9998578,1.4528512e-14
2022-11-15,2.860804e-13,0.9999987,0.40769973,2.9447267e-07
2022-09-13,1.6785551e-29,1.3533315e-17,3.3424277e-19,3.6631496e-25
2019-05-07,1.0,4.6876403e-07,0.00022659074,0.99999964
2019-08-17,1.3897571e-21,1.0572051e-17,1.3968288e-17,3.1225605e-14
2020-06-14,3.5830852e-11,2.6420822e-11,4.2658725e-20,0.24753223
2021-11-05,1.6549543e-21,1.6793192e-05,3.2332772e-15,1.0182034e-15
2021-08-03,3.3893415e-20,4.901058e-22,1.4583814e-22,1.8847334e-20
2021-08-05,3.1275276e-24,7.3521973e-22,3.772202e-24,1.3153419e-24
2020-06-18,1.8480235e-15,6.125956e-14,8.600489e-19,5.725545e-06
2021-11-11,1.0473049e-20,0.0014885538,5.2429723e-12,6.1332394e-18
2023-10-02,9.873531e-27,8.2726945e-16,8.362777e-23,9.248348e-31
2024-02-14,0.99999917,7.0094416e-15,2.8874237e-07,4.5856225e-16
2024-12-27,0.99950254,0.9999908,1.0,3.6257015e-06
2021-01-17,1.0,6.066708e-05,0.9999981,0.00039782494
2023-06-28,9.506348e-17,3.6667715e-17,4.9827273e-20,1.8353225e-14
2020-01-30,1.0,0.8899398,0.9999604,0.99996555
2020-10-18,7.910472e-23,2.1442872e-20,3.5651354e-15,1.0307158e-24
2023-10-11,2.1754956e-29,6.3977594e-18,1.0116225e-21,2.1922288e-32
2023-08-28,1.8377236e-16,1.6831324e-15,4.0270807e-26,3.2796845e-24
2024-09-25,1.9161059e-23,9.6052956e-21,1.3689405e-23,3.1992237e-27
2022-12-13,0.99989414,0.9999999,1.0,0.00012539477
2021-08-28,4.148393e-24,6.251465e-25,4.1131814e-21,1.4013299e-22
2020-09-26,4.6642753e-22,6.5830176e-18,2.0509383e-20,2.5300298e-21
2024-06-30,1.6258873e-22,4.0583355e-21,1.7262493e-24,2.1420133e-21
2022-12-26,0.9999653,0.99908686,0.9999958,1.4921737e-08
2022-08-15,8.3150603e-23,1.840895e-16,3.8176572e-24,1.5500853e-20
2019-12-25,1.0,0.98320997,0.99999046,0.9999763
2023-05-02,1.0,0.00017069609,2.5103946e-06,1.0
2021-04-14,0.9999974,3.5972565e-13,5.0602943e-17,5.102657e-07
2019-06-12,4.211032e-19,4.0283725e-18,2.7397215e-19,4.075907e-09
2021-03-03,1.0,2.3855458e-09,0.059294987,1.4594993e-08
2022-11-21,1.0023503e-12,0.9999449,0.94726646,1.037081e-06
2024-10-21,3.2525853e-24,2.9285445e-21,1.2871693e-22,1.3418187e-29
2024-08-22,9.590441e-19,5.1989866e-16,3.4346454e-22,9.6640295e-28
2024-11-09,5.2058913e-09,1.4829918e-16,2.4243568e-16,1.647875e-27
2020-08-11,1.797319e-15,3.5781573e-17,5.9998274e-19,1.0135868e-17
2024-08-02,5.907829e-17,2.4077424e-21,6.6552464e-21,7.2753725e-19
2022-09-28,1.9374962e-29,1.0916188e-15,3.7210944e-16,6.630209e-29
2020-05-14,0.9999981,0.06735224,7.299003e-11,1.0
2022-05-18,0.05487921,0.212881,1.1801841e-05,1.0
2019-05-15,0.9999999,4.849165e-10,5.8997873e-10,0.0070664077
2020-12-22,1.0,0.0038577688,1.0,0.96517545
2021-02-22,1.0,1.0715873e-06,1.0,4.282422e-05
2023-05-15,0.9999999,0.016173027,8.693884e-09,0.999959
2022-03-01,1.0,2.1512808e-08,0.9999685,3.455908e-08
2024-06-16,3.982944e-18,9.223822e-09,1.9597058e-15,1.8224523e-12
2023-09-01,2.4663207e-18,4.6846307e-18,1.3461345e-23,6.420948e-30
2019-10-24,4.433737e-22,3.645094e-12,1.8450071e-09,3.8921508e-17
2020-08-20,3.074184e-22,4.6591656e-17,7.573477e-19,9.508949e-19
2021-10-23,1.2115233e-24,7.452082e-11,3.8774376e-16,8.735785e-21
2024-09-09,1.6212052e-22,8.1382016e-22,9.0078004e-20,5.7180824e-22
2024-11-05,9.788137e-20,2.1937815e-20,4.5322385e-21,3.4986376e-28
2021-09-22,7.692546e-24,1.8206534e-19,4.671864e-21,7.345863e-29
2021-12-07,0.99999845,0.99999726,0.9999976,2.6555938e-07
2023-10-21,7.3752027e-22,4.2144154e-15,4.302084e-21,2.1842268e-29
2024-08-26,6.828076e-16,1.0407476e-16,1.4829711e-21,2.0086807e-17
2021-03-30,0.9998872,5.97801e-19,1.3810187e-17,1.7316014e-13
2020-08-26,5.856187e-21,1.2309054e-12,4.0300827e-16,6.693569e-20
2021-07-03,7.715931e-19,1.2889657e-10,5.459812e-15,3.8042234e-07
2022-03-03,0.9999988,2.9589042e-09,0.9998504,7.516496e-10
2023-05-22,0.99999857,0.9996853,0.064234555,0.9992524
2020-06-30,3.1446548e-19,3.3590065e-11,3.2733048e-12,6.792356e-08
2020-12-06,0.99717903,0.017425062,1.0,3.5695135e-07
2024-08-27,8.242874e-21,1.0434453e-19,5.6570024e-24,2.3230588e-21
2020-09-10,1.1441728e-22,5.0695913e-23,3.7340255e-28,1.0445503e-23
2024-04-01,1.0,0.99547124,9.784864e-10,0.99940276
2019-10-03,1.4132561e-25,1.6725707e-16,2.7951946e-13,6.547981e-25
2024-12-31,0.99997354,0.99514294,1.0,0.0073601725
2024-07-06,1.1454081e-23,7.5256204e-17,3.5865846e-27,1.3467471e-21
2022-03-17,0.9995227,8.377357e-18,2.5439522e-06,9.687069e-19
2022-02-17,1.0,0.9870962,1.0,0.6588069
2024-07-22,2.554272e-22,1.5243871e-23,7.458153e-30,1.5970945e-21
2023-08-31,3.9517e-22,3.0710535e-15,3.1585408e-19,2.7737358e-30
2019-09-26,4.945669e-27,1.9952669e-13,4.2997836e-15,1.6009306e-22
2021-06-23,1.0432655e-13,4.3701977e-14,3.5164435e-15,0.0066111768
2020-12-08,0.99997807,0.0034917155,1.0,0.048471585
2024-08-19,3.479676e-18,2.424189e-17,1.8940654e-22,2.9902417e-26
2021-02-04,0.9999999,1.4189031e-07,0.99999917,8.961821e-09
2022-03-11,0.9226087,5.7636816e-13,0.89058346,1.9008978e-15
2021-01-18,1.0,1.1644086e-05,1.0,0.00037906299
2023-01-27,0.99998975,1.0,6.7315773e-07,7.784878e-11
2020-09-12,6.925901e-23,1.4237654e-24,1.2303326e-27,1.6860117e-22
2022-11-02,9.92456e-17,0.014706466,5.334384e-11,4.086519e-12
2023-08-01,3.541475e-19,3.60482e-16,1.2683198e-24,6.979669e-21
2019-10-27,2.3360867e-21,3.6052383e-09,2.6752064e-10,1.2581024e-19
2024-01-02,1.0,0.9999882,1.0,0.18509857
2023-04-07,1.0,7.336674e-11,1.3866497e-12,4.971522e-06
2023-08-29,2.512874e-18,7.7756625e-15,1.3845707e-22,3.4147545e-26
2024-03-02,1.2449661e-08,4.2165253e-21,3.6715843e-18,7.885624e-21
2019-09-06,1.2081134e-23,1.9637084e-16,9.788052e-22,3.9623113e-22
2019-09-21,8.988765e-24,1.6216795e-17,4.280292e-23,4.169937e-25
2021-12-04,0.9973386,1.0,0.9999995,0.00037192256
2022-07-13,1.6423636e-21,3.4019812e-22,1.4197163e-21,2.3283943e-18
2021-07-10,1.2052267e-24,8.7709695e-16,3.473954e-21,1.6197242e-19
2021-03-17,1.0,3.3685648e-08,0.008777325,2.3030602e-10
2023-04-12,1.0,0.0003715914,4.3950935e-13,0.5496791
2021-08-31,1.3167514e-26,9.745867e-24,1.1592616e-19,3.0921945e-27
2024-11-29,0.043628942,1.0,0.9999863,6.829839e-11
2023-06-19,1.0195259e-13,2.8351862e-13,2.076536e-23,2.1593162e-13
2023-03-21,1.0,0.00030165163,1.28735625e-14,1.516653e-11
2019-11-04,1.2787924e-19,0.000111469264,2.5878951e-05,5.6248853e-13
2021-03-10,1.0,7.093493e-05,0.005322995,4.8289364e-09
2023-05-07,1.0,2.8679122e-05,5.2404836e-08,1.0
2021-05-25,0.98938155,4.8972797e-06,0.4371572,0.9999589
2024-05-06,0.99976116,0.9975587,1.257723e-12,1.0
2020-01-06,1.0,0.9998512,0.99999344,0.999848
2023-02-23,0.99999976,0.99999976,6.536423e-11,3.5145775e-05
2023-06-03,1.8684564e-11,2.9283957e-16,7.399543e-24,4.444437e-05
2020-09-30,4.153587e-24,2.3156889e-21,1.8639122e-21,1.5914441e-22
2021-05-16,1.0,0.0011113288,0.00057269563,1.0
2020-10-07,2.4573298e-21,5.8426936e-19,6.6397827e-20,1.0583084e-21
2022-12-09,0.062622406,0.99999917,0.9999999,1.4820116e-11
2022-12-16,0.770289,0.9999987,0.999998,1.6114706e-07
2019-09-28,1.496366e-27,1.6558888e-14,2.98946e-15,1.8570251e-24
2019-11-28,0.98858404,0.999757,0.99935466,0.0002109635
2023-11-30,8.688542e-10,0.9999888,0.9976465,6.998414e-13
2023-01-07,1.0,1.0,0.99995804,0.25275582
2024-04-12,1.0,0.98755777,7.879447e-09,1.0
2020-04-22,1.0,0.99661404,3.846916e-07,0.9999999
2021-04-19,0.99999416,1.975204e-15,1.8195063e-13,4.2206225e-09
2024-07-18,8.413133e-25,5.4966896e-25,1.9011347e-25,4.575604e-26
2021-06-20,6.7430964e-16,1.8431022e-15,3.9239008e-19,5.475153e-06
2024-08-05,6.189925e-20,1.4473704e-20,2.5766329e-23,1.5319029e-21
2024-09-22,1.2622437e-23,4.2208744e-19,2.0282319e-23,1.0742579e-27
2024-02-13,1.0,1.1405004e-09,0.13010365,3.9317873e-09
2019-06-26,2.2144425e-25,8.5985213e-19,1.1583833e-24,2.2424308e-14
2024-07-13,3.177662e-25,9.3369356e-23,1.323264e-23,7.7609504e-26
2024-06-27,1.1629919e-25,6.135459e-19,2.535851e-25,3.681486e-18
2021-05-22,0.9997025,0.0031816184,0.00019704255,1.0
2019-10-19,1.28351085e-23,3.0660817e-13,1.1642486e-09,3.0949787e-20
2019-12-24,1.0,0.9907472,0.99964,0.99999905
2024-11-01,7.2966555e-21,1.3600602e-16,5.0537197e-23,5.361126e-27
2024-08-06,6.086375e-16,2.4348063e-20,4.275252e-22,2.2214295e-19
2021-07-18,1.3126259e-23,8.8241944e-16,8.006444e-21,5.082022e-23
2019-07-28,3.464824e-20,2.4402338e-11,1.2095472e-16,4.835952e-12
2020-03-11,0.99999917,1.3219215e-09,0.00013811469,2.7445046e-07
2020-09-16,4.677956e-24,1.224008e-20,4.5191844e-22,1.1435963e-23
2021-12-03,0.99999034,1.0,0.99947125,0.007883647
2023-09-22,4.096062e-16,8.16784e-15,1.3603531e-20,9.0778615e-27
2022-07-15,1.03823e-23,2.5789817e-24,1.795104e-17,1.9540593e-18
2021-07-17,8.583134e-23,1.5457629e-20,9.4553554e-24,8.612825e-21
2020-07-15,2.3170784e-19,6.783928e-19,4.6963793e-21,5.139041e-17
2019-07-03,2.7366753e-16,4.4074482e-14,8.523405e-20,1.4772777e-16
2024-12-30,1.0,0.99996316,1.0,0.8914281
2021-04-28,1.0,1.4446604e-05,1.3335747e-06,0.99999976
2023-03-16,1.0,0.03992567,2.2774086e-11,1.4844826e-13
2023-11-29,4.46253e-07,0.99992704,0.06872268,7.367283e-12
2024-06-22,1.6187048e-19,1.1454008e-13,2.2806195e-16,7.009685e-14
2020-10-17,2.5503167e-24,3.0445154e-16,5.215837e-14,3.1343504e-22
2023-04-08,0.99999976,1.7050016e-14,1.2403155e-16,4.1604015e-11
2019-05-16,0.9996859,3.2633683e-12,3.0586173e-13,3.8809972e-05
2021-09-04,1.2999159e-28,2.1391401e-20,3.962067e-23,9.4028883e-29
2022-04-10,1.0,0.63768834,7.93928e-06,0.817892
2022-09-14,7.334991e-31,7.4749143e-19,5.972263e-20,1.0619449e-27
2019-04-22,1.0,0.005816669,5.6785725e-06,0.9999982
2023-01-30,0.9999665,0.9999995,9.04404e-05,1.2894999e-07
2024-04-08,1.0,0.9999882,4.2860268e-08,0.9999989
2021-10-18,5.511655e-27,3.0692601e-16,1.3251345e-21,1.934133e-25
2022-12-18,0.9906618,0.99999917,1.0,3.198873e-10
2021-02-12,0.9743001,1.172763e-08,0.9999876,4.8015703e-05
2024-12-04,0.9969216,0.9999591,1.0,0.00011036748
2022-03-09,0.9943929,3.628035e-10,0.9991159,2.4620006e-15
2024-03-13,0.90720373,3.7806847e-10,6.9584756e-15,1.1957781e-18
2023-12-20,0.9999784,0.99999154,1.0,0.87784207
2022-06-19,6.315707e-24,3.236416e-20,3.4956052e-23,3.300944e-18
2024-03-28,1.0,0.22490525,1.9916123e-10,0.9257348
2019-08-21,8.600701e-23,9.9823336e-20,8.828772e-24,1.7891962e-18
2022-11-07,1.5839139e-17,0.93321633,5.589686e-10,2.8093156e-13
2023-06-07,5.1548774e-05,6.0857616e-19,1.7166785e-20,6.831705e-05
2019-12-16,1.0,0.97877306,0.99999166,0.99995303
2022-06-15,4.533374e-16,1.7282001e-16,3.737624e-24,3.6736532e-13
2023-04-24,1.0,6.0217506e-05,2.0740256e-09,0.99957126
2021-06-28,2.1918653e-13,2.360041e-11,6.6771946e-13,0.0043809926
2019-05-27,0.99998057,1.7101253e-17,2.8572733e-11,0.00018555364
2024-12-06,0.9993704,0.99990964,1.0,0.00023488776
2020-02-03,1.0,0.7950651,0.99998546,0.9999746
2024-09-28,3.809909e-21,1.0746956e-21,2.9770178e-25,1.1602224e-25
2022-07-10,4.1126257e-24,9.357999e-25,1.363021e-23,6.96029e-20
2024-03-12,0.00021315827,1.6097716e-17,1.1534508e-21,2.499655e-23
2023-10-29,6.647041e-24,8.730378e-16,1.0515488e-19,1.9192823e-29
2021-04-04,0.32903537,1.2068319e-17,3.1070584e-19,5.4218457e-17
2020-12-28,1.0,0.0361599,1.0,0.82342255
2020-10-19,1.0650796e-22,1.0403719e-21,1.5417012e-18,2.5923863e-24
2022-02-12,1.0,0.9881479,1.0,0.6754143
2024-01-16,0.9999999,0.99999964,1.0,0.036139347
2021-10-29,1.4695427e-25,4.752819e-09,1.4863162e-16,1.1444178e-21
2019-06-04,1.7552265e-10,2.2074933e-17,2.1477473e-15,2.8779773e-06
2020-08-16,4.3522393e-25,3.6512938e-16,4.166523e-23,5.3141508e-20
2020-07-08,8.2407445e-19,3.0590195e-17,5.1561248e-17,2.0106531e-15
2024-09-17,5.012164e-19,1.08816685e-17,2.5164944e-15,2.2054121e-19
2022-03-10,0.99923825,7.176857e-11,0.99963534,9.122605e-13
2023-05-29,0.5789913,0.07146911,0.0004750931,1.0
2021-12-09,0.99998903,0.9999995,0.99999225,0.058892578
2020-09-23,1.2240755e-24,2.106063e-21,3.3430056e-24,1.6879425e-22
2024-05-26,6.0901493e-05,1.99767e-09,1.9929937e-06,0.9999869
2023-02-27,0.9999974,0.99986196,3.406246e-11,4.1551497e-12
2021-04-18,0.99999964,2.2198617e-12,1.5565317e-13,2.9824236e-05
2024-01-26,1.0,0.9982774,1.0,0.9485535
2023-10-23,2.6364368e-24,1.5914695e-13,2.4860261e-17,7.8031814e-29
2023-09-15,1.6337514e-23,2.321126e-15,4.4737295e-30,8.326483e-24
2023-10-22,2.6017881e-24,2.5220492e-11,8.814871e-17,2.8398748e-27
2023-05-10,1.0,0.00083428336,0.0010499696,0.9999962
2020-06-22,4.240748e-24,2.9367734e-17,2.8161267e-22,1.1582245e-16
2021-05-24,0.99504447,1.0157397e-06,0.18738626,0.9999999
2019-12-13,1.0,0.9976018,0.9999943,0.9915451
2024-08-30,1.1699069e-17,2.9502393e-15,4.8237514e-21,6.94454e-19
2023-05-03,1.0,0.01250367,5.6698984e-05,0.9999995
2019-04-19,1.0,0.00063953694,4.9836885e-08,0.9999975
2021-08-07,3.435546e-24,6.956756e-21,2.0624749e-24,9.46429e-27
2021-11-24,0.090995625,1.0,0.99995816,8.661348e-08
2020-08-23,1.2756158e-19,9.213823e-19,8.203081e-18,2.092764e-18
2023-06-02,2.117627e-06,9.228999e-16,1.3091973e-20,0.21719465
2019-11-21,0.000934837,0.6832202,0.99999475,6.83527e-08
2020-09-22,1.7879431e-23,2.2550844e-21,5.412382e-24,1.2127367e-21
2022-11-08,9.044355e-15,0.08136234,2.9890017e-09,2.8044667e-12
2022-05-09,0.9999912,1.374657e-06,8.32584e-11,0.9999994
2024-01-05,1.0,0.99999666,1.0,0.11489768
2022-01-05,1.0,0.9999995,0.9999999,0.9983719
2021-05-31,8.772408e-08,1.0964826e-06,4.784469e-06,0.081978425
2024-05-08,0.99923503,0.9996276,1.0913764e-09,1.0
2021-09-27,1.1145662e-26,7.278565e-19,8.837368e-23,4.5850345e-28
2024-04-17,1.0,0.99997437,3.7411783e-06,0.9999975
2023-01-31,0.99999833,0.99999964,9.751194e-07,3.3718865e-09
2024-11-26,0.2899647,0.99999905,0.9984824,2.0863818e-06
2022-01-04,1.0,0.99999964,0.9999999,0.9996364
2023-11-27,1.7760187e-06,0.99999726,0.06238596,5.3840415e-11
2022-06-12,5.8323284e-15,2.0114127e-15,3.5105374e-20,2.177918e-06
2020-11-16,1.0442321e-07,7.1664135e-06,0.9999987,1.7242745e-17
2024-07-02,2.7611586e-25,7.331654e-18,2.9120486e-27,2.476278e-24
2023-02-24,1.0,1.0,3.8168126e-09,0.008980733
2020-08-04,1.401963e-19,5.576249e-17,1.0765002e-15,1.3933704e-16
2024-02-06,1.0,8.315317e-06,0.9999976,5.1482226e-07
2020-04-07,1.0,1.2104769e-09,4.552698e-16,5.2692358e-05
2019-11-05,3.1628589e-18,0.004964824,4.259628e-06,7.961037e-13
2022-08-28,4.3344066e-27,1.784843e-15,1.8164871e-23,3.981584e-22
2024-08-14,1.0929541e-19,1.0323594e-19,1.8061838e-24,1.8590934e-18
2024-06-24,9.530157e-19,4.6836244e-13,1.7788483e-22,3.540031e-11
2021-03-02,1.0,1.4256774e-05,0.6527822,1.0873388e-06
2021-03-19,1.0,6.674753e-08,4.143879e-06,1.11758794e-13
2020-10-27,7.6495835e-18,1.7062535e-11,1.7125574e-13,4.0038896e-11
2020-02-28,1.0,4.5426623e-05,0.9998566,0.02494408
2021-03-23,0.9999988,9.415513e-16,1.6044612e-11,6.1958766e-13
2019-04-18,1.0,0.00029916907,8.57449e-09,0.9999974
2019-10-23,4.693498e-20,1.0852275e-10,6.811849e-07,2.8691794e-18
2023-08-22,6.6144985e-21,4.9668535e-16,1.4799661e-19,1.0618662e-23
2021-12-26,1.0,0.9999994,0.9999999,0.9998124
2022-06-01,3.6173828e-05,0.34296384,9.234385e-09,0.99999976
2024-02-04,1.0,0.0026482882,0.89548385,2.3488563e-07
2019-10-29,3.3569432e-19,2.520918e-12,6.245464e-08,4.019371e-21
2020-04-28,1.0,0.9379031,9.1152174e-08,1.0
2021-06-11,1.6611138e-07,2.7486982e-07,1.6089001e-07,0.97472703
2023-01-17,1.0,1.0,0.00015840011,2.0773512e-09
2020-10-12,1.3914699e-22,2.7765579e-18,2.4405158e-20,1.8013906e-21
2024-07-31,5.8593887e-19,9.3945416e-20,5.4182493e-24,5.015164e-20
2024-06-25,9.934392e-20,1.6751457e-14,2.3965056e-23,3.2877807e-14
2020-02-16,1.0,3.8895672e-05,0.984481,0.9994892
2021-03-08,1.0,0.0006169716,0.16621019,2.8559502e-05
2023-11-22,2.721667e-13,0.99736977,8.7743564e-07,2.0273414e-09
2019-09-13,2.7998638e-24,1.9234844e-19,1.2882304e-22,1.4239889e-23
2021-11-20,0.00015451653,1.0,0.9998467,6.808014e-11
2024-10-25,1.2024162e-24,1.4970752e-18,3.4038354e-23,1.1589245e-28
2023-06-15,1.9154408e-08,4.358772e-16,6.5623196e-22,5.4032236e-09
2024-08-09,1.3143147e-15,3.179766e-21,9.174283e-22,2.4036899e-18
2020-10-31,1.3946367e-15,2.523352e-12,3.0315286e-07,2.5807774e-13
2024-02-10,1.0,1.5394779e-06,0.011235796,8.3663435e-06
2021-02-27,0.99999964,0.00030984567,1.0,8.589652e-08
2023-01-12,0.9999188,0.9999995,0.29517972,1.8138402e-10
2022-11-11,1.5077942e-16,0.97062206,6.1564184e-05,8.569777e-10
2020-08-19,1.1143608e-21,3.6788206e-17,1.2184812e-15,2.1096916e-19
2024-05-22,4.8740694e-05,2.5628719e-10,4.9009806e-08,0.99986637
2023-11-06,1.2519281e-24,7.7914885e-15,2.6450705e-16,2.469634e-26
2024-07-15,1.7255573e-25,2.5662336e-24,1.0776662e-24,5.2334664e-25
2019-10-05,1.6287731e-23,2.5909673e-13,6.5632605e-10,1.2575468e-25
2021-12-14,0.999984,1.0,0.99988556,0.0013879349
2021-11-04,8.067072e-24,5.484973e-06,1.7276633e-12,1.7817527e-17
2020-02-29,1.0,7.907636e-08,0.9912743,0.0005325063
2022-05-27,6.505041e-08,4.8717435e-08,9.791742e-16,0.9999857
2020-02-19,1.0,6.344823e-06,0.9997615,0.7227524
2019-07-16,1.1226749e-24,1.0989551e-16,3.6136794e-20,3.16366e-15
2019-12-03,0.9999958,0.89882296,0.9999745,0.70870167
2023-12-08,0.91625506,0.9999993,0.99998844,0.0001631049
2021-01-21,1.0,1.6007152e-06,1.0,0.001349052
2024-11-02,1.6005377e-17,1.2147306e-16,4.475038e-25,3.7486986e-27
2021-11-26,0.31621087,1.0,0.9999993,1.6381908e-05
2024-01-17,1.0,0.9999981,1.0,0.97961766
2024-01-11,1.0,0.99993145,1.0,0.96403074
2020-12-15,0.9997719,0.00223797,1.0,0.07587924
2024-10-30,7.458902e-20,3.1324373e-15,1.875632e-20,1.8144483e-26
2023-06-09,1.0466428e-11,1.08749266e-13,1.1762392e-24,9.97188e-10
2022-08-07,3.0803618e-20,1.109473e-16,8.971079e-19,1.0665024e-15
2021-06-18,1.917546e-16,9.748797e-18,8.505963e-20,0.00025962887
2019-06-21,1.7505378e-19,9.263768e-18,5.2958457e-24,3.551325e-11
2020-02-13,1.0,0.013882155,0.99534166,0.995275
2024-12-26,0.9999949,0.99999976,1.0,0.0005326891
2019-10-02,1.4482517e-23,2.3966994e-14,1.08502e-11,6.4657574e-22
2024-10-29,1.6910367e-21,1.5013831e-16,5.917445e-22,6.9269855e-30
2023-12-14,0.97197163,1.0,1.0,2.729805e-05
2024-11-06,6.2557605e-17,6.100498e-19,1.0948271e-20,1.7325404e-27
2020-10-11,2.9590285e-24,5.502137e-20,6.627307e-20,2.2840207e-26
2021-01-16,1.0,1.21189705e-05,1.0,0.0013280533
2020-10-03,3.2883836e-21,4.6974946e-19,6.786879e-19,8.8958494e-23
2023-03-18,1.0,5.110764e-09,9.150095e-15,2.2371638e-10
2021-12-21,1.0,1.0,0.99999785,0.66657966
2023-07-20,5.3213906e-21,2.5123414e-11,4.048433e-24,1.2067523e-19
2023-05-28,0.22471136,0.001676276,2.005895e-08,0.9999999
2021-05-30,0.020623075,0.0009053205,0.12969956,0.977804
2022-11-22,6.972057e-14,0.999985,0.99869186,8.0114454e-08
2024-07-29,1.7033915e-19,6.3408585e-25,2.923513e-27,9.899308e-23
2022-01-22,1.0,0.99999535,0.9999999,0.9996413
2023-05-09,1.0,0.015375105,0.034605708,0.9943498
2023-01-09,0.9999896,0.99996054,0.9975915,2.6987982e-13
2021-02-07,1.0,3.2534246e-08,0.99998,5.720588e-08
2023-06-25,4.508756e-19,3.3920632e-17,3.834429e-23,7.545193e-18
2020-01-24,1.0,0.9885988,0.9999887,0.99999917
2022-08-19,4.1307787e-20,8.744109e-16,8.556383e-25,2.4477895e-19
2021-07-29,8.211841e-27,7.424882e-23,6.479553e-24,7.83508e-26
2024-05-17,0.16924223,3.9192946e-05,3.3095446e-07,0.99955994
2024-10-07,6.209095e-23,8.3293513e-22,2.1355142e-18,4.3219468e-32
2024-09-19,4.4174478e-21,8.542829e-22,3.6485037e-19,1.7640032e-21
2023-09-09,2.9029344e-25,1.466145e-16,6.934176e-23,2.4575404e-25
2023-04-25,1.0,0.06994383,1.3068818e-07,0.99993026
2021-04-10,0.99999964,2.885419e-10,4.95293e-15,1.2599121e-05
2022-12-15,0.9890694,0.99999976,1.0,4.361605e-07
2021-02-16,0.99995553,4.165111e-06,1.0,4.046638e-11
2020-04-03,1.0,8.7036244e-07,9.699861e-12,0.34333766
2022-01-27,1.0,0.9999527,0.9999999,0.9991678
2019-10-08,4.563474e-25,1.6357161e-15,5.0849594e-12,5.789949e-21
2023-07-03,4.6290172e-23,1.4064049e-17,3.6646253e-28,2.9894783e-18
2023-08-02,1.092295e-20,3.129438e-16,6.952501e-24,2.199892e-19
2023-04-16,1.0,0.2578407,5.7853444e-10,0.99999523
2022-09-27,1.3910616e-29,1.9650112e-17,6.7653646e-14,9.576258e-26
2022-04-07,1.0,5.6362216e-05,7.52815e-09,0.0032318747
2024-07-08,2.0556102e-24,3.9862255e-19,1.4311813e-25,7.074748e-22
2024-09-18,9.380754e-20,1.2959899e-20,1.6387888e-15,1.2525995e-20
2022-06-09,3.8630764e-14,1.6993664e-09,2.5211712e-17,0.0245696
2024-04-02,1.0,0.9895834,1.6759034e-10,0.9487405
2024-05-27,3.9826635e-14,6.366373e-12,3.4687844e-09,0.07686192
2023-04-19,1.0,0.00013000034,2.5017142e-09,0.99999034
2023-11-01,1.9014061e-22,4.5115702e-15,6.502952e-17,1.5680817e-28
2024-08-08,7.473373e-12,2.4461654e-19,6.6554508e-21,1.3846548e-15
2023-07-17,1.0515522e-13,5.208744e-12,3.2253883e-18,2.2301358e-16
2019-04-23,1.0,0.026830446,3.4905817e-05,0.9999999
2019-11-18,2.0465783e-05,0.99401677,0.99998105,2.8986313e-09
2022-07-27,1.7151934e-19,1.7233304e-14,8.923397e-19,2.5868402e-12
2019-04-13,1.0,6.531516e-10,3.323131e-10,0.0005598419
2023-10-27,6.445441e-22,3.7627785e-14,2.8762958e-15,4.8749435e-26
2023-05-04,1.0,0.00028604243,0.00010946276,0.9999951
2021-12-08,0.9999809,0.9999999,0.99983096,0.00588379
2021-03-14,1.0,4.764712e-08,0.026404023,7.6149425e-09
2023-06-13,1.0800539e-15,2.4987402e-15,1.3765412e-27,5.339603e-16
2022-06-13,3.1795388e-19,1.1592904e-15,3.7727294e-19,4.933835e-12
2024-03-05,5.3139063e-13,9.351946e-22,3.8423564e-20,8.254485e-21
2022-07-04,2.1919188e-25,7.1279045e-20,2.4038238e-21,1.125375e-19
2020-11-08,1.1665521e-08,0.008081481,0.9102628,4.3771427e-12
2021-09-08,2.1361897e-26,2.1966756e-23,8.977311e-26,5.810985e-23
2022-02-28,1.0,4.678264e-05,0.9999987,8.929959e-05
2020-11-26,3.7031776e-05,0.00064950756,1.0,4.6703214e-10
2024-11-20,0.0017017751,0.03619335,0.9905848,2.8657222e-11
2024-01-30,1.0,0.63139814,1.0,0.7582829
2023-10-15,1.4824265e-23,2.1383938e-16,1.5639325e-17,4.7855958e-27
2023-08-08,1.4394895e-22,1.4705765e-15,1.6584776e-25,1.7415481e-24
2022-08-03,1.7134766e-23,7.3171854e-17,2.4946888e-18,9.9498016e-18
2020-12-25,0.99304247,0.20580976,1.0,0.0004276353
2020-09-28,2.1505494e-24,3.371559e-20,6.31572e-20,3.8928203e-24
2021-03-26,0.9999722,8.43012e-19,3.123044e-17,2.7451e-18
2020-09-03,5.688144e-23,1.5196247e-25,4.9779107e-24,6.6015086e-23
2021-03-20,1.0,5.947787e-09,0.00015180532,5.665892e-12
2024-05-15,0.03838444,0.0027780056,2.865013e-10,0.9999995
2021-07-06,1.0872494e-18,1.7635622e-10,1.0089361e-14,1.603373e-10
2023-03-29,1.0,4.7046245e-11,6.428745e-14,1.2419563e-12
2019-12-01,0.99970263,0.99928635,0.9999943,0.00040917838
2020-04-06,0.99999905,5.5171555e-16,5.0246843e-19,7.478089e-09
2020-11-24,0.0085652,1.0815359e-06,1.0,2.7457472e-12
2023-05-20,0.9998779,0.0003829182,7.8322154e-10,1.0
2024-01-03,1.0,0.99996054,1.0,0.91704756
2021-10-15,1.6323168e-25,4.4759144e-15,2.2749814e-15,1.832278e-23
2020-04-16,1.0,0.99689364,4.9812943e-08,0.99999464
2022-05-24,0.00024098062,0.006043064,2.1687314e-09,1.0
2023-08-14,2.184099e-24,3.8079842e-17,2.3572181e-24,5.6329864e-26
2019-09-24,1.6051791e-24,8.520529e-16,3.6942423e-20,4.6368613e-24
2022-08-18,2.6493326e-23,4.753244e-13,1.7543867e-21,5.5769183e-21
2023-11-08,1.5074742e-21,5.5757867e-15,1.6128123e-19,7.5663678e-28
2023-12-03,0.038838204,1.0,0.9983444,1.6878164e-06
2021-07-31,1.4267469e-21,1.1006755e-23,5.2656775e-21,1.6656938e-24
2022-04-09,1.0,9.958447e-07,1.028252e-05,8.317086e-05
2023-02-03,0.9999999,1.0,0.00019968436,3.0594163e-07
2021-02-01,1.0,3.760994e-09,0.9999999,1.586016e-05
2021-01-14,1.0,3.4125e-05,1.0,0.015336958
2020-07-27,3.0294404e-18,4.718692e-17,4.6324263e-23,9.453297e-17
2021-04-30,0.9999999,3.95149e-06,1.4824808e-11,0.7558805
2023-11-20,2.6699668e-17,0.49824297,3.4300837e-10,5.7021857e-13
2020-02-02,1.0,0.31905496,0.9999536,0.99904233
2022-01-01,1.0,1.0,0.9363192,0.9981585
2020-10-10,3.1171072e-23,3.471437e-21,5.385329e-21,3.5397662e-23
2022-01-08,1.0,0.99998677,1.0,0.9997185
2020-06-06,5.441682e-05,0.06631037,3.8748947e-08,1.0
2023-03-19,1.0,8.3592175e-07,1.7518383e-14,7.1733575e-10
2023-04-13,1.0,1.0782106e-10,1.6502439e-15,4.2043084e-05
2022-12-28,0.999984,0.99995184,0.99592364,1.0912308e-09
2023-04-18,1.0,0.013519316,1.0857255e-08,0.99938107
2023-08-11,5.674089e-27,1.9870339e-20,7.9254717e-26,3.4754245e-29
2020-11-19,4.484886e-07,1.0593884e-07,0.99995387,1.3119699e-16
2021-07-27,1.1584728e-22,4.9410593e-23,1.0058605e-24,7.013826e-23
2024-02-29,6.3245693e-12,7.137271e-18,3.3718135e-14,3.3294295e-22
2019-09-12,2.2777497e-24,1.8307327e-17,6.5536195e-20,1.012328e-23
2019-09-27,1.403414e-25,3.709167e-13,1.1972314e-15,7.192984e-23
2022-02-23,1.0,0.01332795,1.0,2.2084792e-05
2021-11-02,1.1702432e-22,3.1213876e-05,1.2373862e-15,2.1437883e-20
2024-05-07,0.9953395,0.8877876,1.1630617e-12,1.0
2021-06-21,4.9750993e-17,2.1547474e-15,2.4059319e-15,1.9900495e-05
2021-12-30,1.0,0.9999981,0.99999595,0.99999845
2024-09-08,2.7367105e-21,2.4022807e-16,1.5452648e-16,1.4710712e-21
2022-08-04,7.5699426e-22,1.0292443e-13,6.074211e-19,3.533704e-18
2019-12-31,1.0,0.9984763,0.99999034,0.99999905
2022-06-24,3.0810032e-23,1.15508e-21,8.950031e-17,7.067357e-22
