date,h0,h1,h2,h3,h4,h5,h6
2021-08-15,0.012662308,0.011549828,0.011406348,0.01387234,0.011517445,0.011428332,0.0114035895
2022-01-14,0.012662481,0.011549976,0.011406492,0.013872537,0.011517592,0.011428478,0.011403734
2024-10-10,0.01266241,0.011549915,0.011406434,0.013872465,0.011517532,0.011428419,0.011403675
2023-09-29,0.012662999,0.0115504,0.011406901,0.013873176,0.011518015,0.011428893,0.011404144
2020-07-27,0.012662379,0.011549888,0.011406407,0.013872431,0.011517504,0.0114283925,0.011403649
2020-12-08,0.01266247,0.011549969,0.011406488,0.013872529,0.011517585,0.011428473,0.011403729
2024-05-29,0.01266244,0.011549943,0.01140646,0.013872497,0.011517558,0.0114284465,0.011403702
2024-04-30,0.012662499,0.011549997,0.011406509,0.013872563,0.011517613,0.0114285,0.01140375
2023-03-31,0.012662494,0.011549986,0.011406504,0.013872563,0.011517603,0.011428489,0.011403746
2021-07-14,0.012662487,0.01154998,0.011406492,0.01387255,0.011517596,0.011428484,0.011403734
2024-10-02,0.0126623735,0.011549882,0.011406401,0.0138724195,0.011517499,0.011428387,0.011403643
2021-06-21,0.012662421,0.011549915,0.011406428,0.013872491,0.011517526,0.011428414,0.011403671
2020-06-03,0.01266244,0.011549931,0.011406444,0.013872511,0.011517548,0.011428435,0.011403686
2024-10-25,0.0126623195,0.011549844,0.011406364,0.013872353,0.011517461,0.01142835,0.011403606
2024-07-22,0.012662308,0.011549812,0.011406327,0.013872368,0.011517422,0.0114283115,0.011403567
2019-12-26,0.012662487,0.011549986,0.011406504,0.01387255,0.011517603,0.011428489,0.011403746
2022-12-25,0.012660842,0.011548669,0.011405218,0.013870501,0.011516288,0.011427201,0.011402461
2024-03-14,0.012662171,0.01154972,0.01140624,0.013872171,0.011517337,0.01142823,0.011403482
2020-10-30,0.01266244,0.011549943,0.011406455,0.013872491,0.011517558,0.0114284465,0.011403702
2021-08-10,0.012662207,0.011549736,0.011406257,0.0138722295,0.0115173515,0.011428242,0.011403498
2022-07-28,0.012662315,0.011549834,0.011406348,0.013872361,0.01151745,0.0114283385,0.0114035895
2023-10-20,0.012662702,0.011550161,0.01140667,0.013872817,0.011517776,0.011428656,0.011403913
2019-06-30,0.012662369,0.011549878,0.0114063965,0.0138724195,0.011517493,0.011428381,0.011403638
2022-02-14,0.012662379,0.011549899,0.011406418,0.0138724195,0.0115175145,0.011428403,0.011403658
2023-01-17,0.012660825,0.011548648,0.011405203,0.013870476,0.011516272,0.0114271855,0.011402445
2022-03-29,0.012662511,0.011549997,0.011406509,0.013872594,0.011517613,0.0114285,0.01140375
2020-05-04,0.012662499,0.011549997,0.011406509,0.013872569,0.011517613,0.0114285,0.01140375
2020-06-21,0.012662619,0.011550089,0.011406606,0.013872707,0.011517704,0.011428592,0.0114038475
2022-03-21,0.01266241,0.011549915,0.011406434,0.013872465,0.011517532,0.011428419,0.011403675
2022-01-10,0.012662481,0.01154998,0.011406492,0.013872537,0.011517596,0.011428484,0.011403734
2023-01-10,0.012660812,0.011548641,0.011405197,0.013870461,0.0115162665,0.011427175,0.011402438
2023-01-12,0.012660817,0.011548641,0.011405197,0.013870461,0.0115162665,0.01142718,0.011402438
2021-01-12,0.012662404,0.011549915,0.011406434,0.013872446,0.011517532,0.011428419,0.011403675
2024-06-30,0.012662421,0.011549921,0.011406434,0.013872478,0.011517537,0.011428424,0.011403675
2020-10-06,0.012662445,0.011549943,0.01140646,0.013872504,0.011517558,0.0114284465,0.011403702
2022-08-02,0.012662386,0.011549893,0.011406412,0.013872438,0.01151751,0.011428398,0.011403655
2022-08-23,0.012662135,0.011549687,0.011406208,0.013872145,0.011517303,0.011428193,0.01140345
2023-01-01,0.012660784,0.011548614,0.01140517,0.013870423,0.0115162395,0.011427154,0.011402411
2022-11-03,0.012662421,0.011549931,0.01140645,0.013872471,0.011517548,0.011428435,0.011403691
2021-10-07,0.012662433,0.011549927,0.011406444,0.013872497,0.011517542,0.01142843,0.011403686
2020-02-28,0.01266198,0.011549568,0.01140609,0.013871942,0.011517184,0.01142808,0.0114033315
2023-12-26,0.012662464,0.011549965,0.011406482,0.013872524,0.011517581,0.011428468,0.011403725
2020-09-03,0.012662445,0.011549937,0.01140645,0.013872516,0.011517553,0.011428441,0.011403691
2024-11-21,0.012662445,0.011549948,0.011406466,0.013872497,0.011517564,0.011428451,0.011403708
2022-09-21,0.012662219,0.011549741,0.0114062615,0.013872249,0.011517358,0.011428246,0.011403504
2024-05-30,0.01266247,0.011549969,0.011406482,0.013872537,0.011517585,0.011428473,0.011403725
2020-08-21,0.0126623735,0.011549878,0.0114063965,0.013872425,0.011517493,0.011428381,0.011403638
2020-06-13,0.01266235,0.01154986,0.011406375,0.013872399,0.011517477,0.0114283655,0.0114036165
2020-06-18,0.012662452,0.011549954,0.011406471,0.013872511,0.011517569,0.011428457,0.011403713
2023-04-10,0.0126624275,0.011549937,0.011406455,0.013872478,0.011517553,0.011428441,0.011403698
2024-08-20,0.0126624275,0.011549927,0.011406444,0.013872491,0.011517542,0.01142843,0.011403686
2022-06-11,0.0126624275,0.011549931,0.01140645,0.013872484,0.011517548,0.011428435,0.011403691
2020-05-21,0.012662499,0.011549992,0.011406509,0.013872563,0.011517607,0.011428494,0.01140375
2024-10-06,0.012662404,0.01154991,0.011406428,0.013872451,0.011517532,0.011428419,0.011403671
2022-06-05,0.0126624275,0.011549937,0.01140645,0.013872471,0.011517553,0.011428441,0.011403691
2020-01-22,0.012662481,0.01154998,0.011406498,0.013872542,0.011517596,0.011428484,0.01140374
2023-05-11,0.01266244,0.011549943,0.01140646,0.013872491,0.011517558,0.0114284465,0.011403702
2021-07-07,0.01266247,0.011549965,0.011406482,0.013872529,0.011517581,0.011428468,0.011403725
2022-02-24,0.012662117,0.011549676,0.011406202,0.013872107,0.011517293,0.011428188,0.011403444
2019-09-25,0.012662475,0.011549969,0.011406488,0.013872542,0.011517585,0.011428473,0.011403729
2019-05-17,0.012662464,0.011549965,0.011406482,0.013872524,0.011517581,0.011428468,0.011403725
2022-07-17,0.012662088,0.011549621,0.011406142,0.013872107,0.011517238,0.011428128,0.011403385
2024-12-08,0.012662445,0.011549948,0.01140646,0.013872497,0.011517564,0.011428451,0.011403702
2020-01-06,0.012662487,0.011549986,0.011406498,0.01387255,0.011517603,0.011428489,0.01140374
2023-08-18,0.012662595,0.011550068,0.011406579,0.013872687,0.011517684,0.011428565,0.0114038205
2024-12-14,0.012662445,0.011549948,0.011406466,0.013872497,0.011517564,0.011428451,0.011403708
2019-09-28,0.012662499,0.011549992,0.011406504,0.013872563,0.011517607,0.011428494,0.011403746
2021-08-18,0.01266247,0.011549965,0.011406482,0.013872524,0.011517581,0.011428468,0.011403725
2022-01-19,0.012662475,0.011549976,0.011406488,0.013872529,0.011517592,0.011428478,0.011403729
2021-08-28,0.012662393,0.011549899,0.011406412,0.013872446,0.0115175145,0.011428403,0.011403655
2020-02-18,0.012662308,0.011549834,0.011406353,0.013872334,0.01151745,0.011428344,0.011403595
2022-03-05,0.012661909,0.011549503,0.0114060305,0.013871851,0.011517124,0.011428015,0.011403273
2021-03-17,0.012662547,0.011550034,0.011406546,0.013872622,0.011517651,0.011428538,0.011403789
2020-10-10,0.012662457,0.011549958,0.011406471,0.013872524,0.011517575,0.011428463,0.011403713
2023-09-02,0.012662976,0.011550379,0.01140688,0.013873149,0.011517992,0.011428871,0.011404122
2022-09-01,0.0126623195,0.011549834,0.011406348,0.013872368,0.01151745,0.0114283385,0.0114035895
2020-11-26,0.012662433,0.011549943,0.011406455,0.013872491,0.011517558,0.0114284465,0.011403698
2019-11-02,0.012662475,0.011549976,0.011406488,0.013872537,0.011517592,0.011428478,0.011403729
2024-06-20,0.012662326,0.011549844,0.011406364,0.013872361,0.011517466,0.011428354,0.011403606
2024-07-17,0.012662225,0.011549752,0.011406267,0.013872249,0.011517368,0.011428257,0.0114035085
2024-08-03,0.012662404,0.01154991,0.011406428,0.013872458,0.011517526,0.011428414,0.011403671
2024-12-06,0.0126624275,0.011549937,0.01140645,0.013872478,0.011517553,0.011428441,0.011403691
2024-05-22,0.012662398,0.011549893,0.011406407,0.013872465,0.011517504,0.0114283925,0.011403649
2020-07-15,0.012662404,0.011549904,0.011406418,0.013872465,0.011517521,0.011428408,0.011403658
2024-11-13,0.012662404,0.011549915,0.011406434,0.013872451,0.011517532,0.011428419,0.011403675
2023-08-16,0.012662601,0.011550068,0.011406579,0.013872692,0.011517684,0.011428565,0.0114038205
2024-02-06,0.012662254,0.011549796,0.0114063155,0.013872275,0.011517412,0.0114283,0.011403558
2023-04-22,0.012662452,0.011549958,0.011406471,0.013872504,0.011517575,0.011428463,0.011403713
2021-05-11,0.012662445,0.011549948,0.011406466,0.013872497,0.011517564,0.011428451,0.011403708
2023-06-27,0.012662308,0.011549823,0.0114063425,0.013872348,0.011517439,0.011428328,0.011403584
2019-09-06,0.012662273,0.011549796,0.0114063155,0.013872295,0.011517412,0.011428305,0.011403558
2023-09-08,0.012663275,0.011550623,0.011407122,0.013873507,0.011518237,0.011429113,0.011404363
2021-01-10,0.01266241,0.011549915,0.011406434,0.013872451,0.011517537,0.011428424,0.011403675
2021-12-07,0.012662296,0.011549828,0.011406348,0.01387231,0.011517445,0.0114283385,0.0114035895
2020-01-02,0.012662487,0.011549986,0.011406498,0.01387255,0.011517603,0.011428489,0.01140374
2022-02-08,0.012662433,0.011549943,0.011406455,0.013872484,0.011517558,0.0114284465,0.011403698
2019-12-21,0.012662481,0.011549976,0.011406492,0.013872537,0.011517592,0.011428478,0.011403734
2020-05-07,0.012662511,0.011550002,0.011406519,0.013872575,0.011517619,0.011428511,0.011403762
2023-11-22,0.012662433,0.011549943,0.011406455,0.013872484,0.011517558,0.0114284465,0.011403698
2020-03-26,0.01266247,0.011549969,0.011406482,0.013872529,0.011517585,0.011428473,0.011403725
2023-09-14,0.012663256,0.011550613,0.011407112,0.013873489,0.01151822,0.011429098,0.011404353
2019-05-24,0.012662369,0.011549882,0.0114063965,0.013872406,0.011517499,0.011428387,0.011403638
2023-05-21,0.0126624275,0.011549931,0.01140645,0.013872478,0.011517548,0.011428435,0.011403691
2021-09-18,0.012662404,0.01154991,0.011406423,0.013872458,0.011517526,0.011428414,0.011403665
2020-04-21,0.012662541,0.011550024,0.011406541,0.013872614,0.01151764,0.011428527,0.011403782
2021-02-19,0.012662315,0.01154984,0.011406358,0.01387234,0.011517456,0.011428344,0.0114036
2024-04-27,0.012662523,0.011550013,0.011406531,0.013872594,0.011517629,0.011428516,0.011403772
2019-06-06,0.012662475,0.011549965,0.011406482,0.013872542,0.011517581,0.011428468,0.011403725
2021-08-08,0.0126621835,0.01154972,0.01140624,0.013872203,0.011517337,0.011428226,0.011403482
2019-10-10,0.012662511,0.011550007,0.011406519,0.013872575,0.011517624,0.011428511,0.011403762
2024-02-25,0.012661695,0.011549322,0.011405853,0.013871603,0.01151694,0.011427837,0.011403094
2022-09-02,0.012662333,0.01154984,0.011406358,0.013872387,0.011517456,0.011428344,0.0114036
2019-03-30,0.012662625,0.011550089,0.0114066005,0.013872726,0.011517704,0.011428592,0.011403842
2024-10-07,0.012662416,0.011549921,0.011406439,0.013872471,0.011517537,0.011428424,0.011403681
2020-05-05,0.012662535,0.0115500195,0.011406535,0.013872601,0.011517634,0.011428522,0.011403778
2021-09-10,0.012662362,0.011549871,0.011406384,0.013872406,0.0115174875,0.011428375,0.011403628
2021-12-16,0.012662393,0.01154991,0.011406428,0.013872431,0.011517526,0.011428414,0.011403671
2022-06-07,0.012662393,0.011549904,0.011406423,0.013872431,0.011517521,0.011428408,0.011403665
2024-02-07,0.012662261,0.011549796,0.0114063155,0.013872275,0.011517412,0.011428305,0.011403558
2022-08-28,0.012662141,0.011549687,0.011406208,0.013872152,0.011517303,0.011428198,0.01140345
2020-01-05,0.012662487,0.011549986,0.011406498,0.01387255,0.011517603,0.011428489,0.01140374
2020-06-23,0.012662601,0.011550073,0.011406589,0.013872687,0.011517689,0.011428575,0.011403832
2022-06-04,0.012662457,0.011549965,0.011406477,0.013872511,0.011517581,0.011428468,0.011403719
2024-12-15,0.012662445,0.011549954,0.011406466,0.013872504,0.011517569,0.011428457,0.011403708
2023-06-12,0.012662315,0.01154984,0.011406358,0.013872348,0.011517456,0.011428344,0.0114036
2023-11-03,0.012662565,0.011550046,0.011406558,0.013872649,0.011517662,0.011428549,0.011403799
2024-05-09,0.012662386,0.011549899,0.011406418,0.013872425,0.0115175145,0.011428403,0.011403658
2020-11-12,0.012662433,0.011549937,0.011406455,0.013872484,0.011517553,0.0114284465,0.011403698
2021-01-27,0.0126622375,0.011549775,0.0114063,0.013872243,0.011517395,0.011428284,0.011403541
2019-08-28,0.012662166,0.011549703,0.011406224,0.013872185,0.011517321,0.01142821,0.011403467
2023-08-19,0.012662565,0.011550041,0.011406552,0.013872652,0.011517656,0.011428542,0.011403794
2022-03-13,0.012662379,0.011549893,0.011406407,0.0138724195,0.01151751,0.011428398,0.011403649
2020-02-13,0.0126623735,0.011549888,0.011406407,0.013872412,0.011517504,0.0114283925,0.011403649
2024-07-28,0.012662249,0.011549768,0.0114062885,0.013872282,0.011517385,0.011428273,0.011403531
2024-10-04,0.012662379,0.011549888,0.011406407,0.013872425,0.011517504,0.0114283925,0.011403649
2021-07-06,0.012662433,0.011549937,0.011406455,0.013872491,0.011517553,0.011428441,0.011403698
2020-12-24,0.012662452,0.011549954,0.011406471,0.013872504,0.011517569,0.011428457,0.011403713
2019-08-31,0.012662101,0.011549644,0.011406165,0.013872112,0.011517259,0.011428155,0.011403407
2024-09-08,0.012662499,0.01154998,0.011406498,0.013872575,0.011517596,0.011428484,0.01140374
2022-12-13,0.012661659,0.011549316,0.011405853,0.013871513,0.01151694,0.011427837,0.011403094
2023-06-17,0.012662356,0.011549871,0.011406391,0.0138723925,0.0115174875,0.011428375,0.011403632
2022-07-03,0.012662219,0.011549736,0.011406251,0.013872255,0.0115173515,0.011428242,0.011403492
2022-12-28,0.012660777,0.011548609,0.011405165,0.01387041,0.011516234,0.011427147,0.011402408
2020-02-20,0.012662303,0.011549828,0.011406348,0.013872328,0.011517445,0.0114283385,0.0114035895
2024-07-30,0.012662315,0.011549834,0.011406348,0.013872353,0.01151745,0.0114283385,0.0114035895
2023-12-11,0.01266244,0.011549948,0.01140646,0.013872497,0.011517564,0.011428451,0.011403702
2023-09-25,0.012662923,0.01155034,0.011406843,0.013873079,0.011517949,0.011428834,0.011404084
2020-12-29,0.012662445,0.011549948,0.011406466,0.013872497,0.011517564,0.011428451,0.011403708
2019-09-26,0.012662481,0.01154998,0.011406492,0.01387255,0.011517596,0.011428484,0.011403734
2024-09-27,0.012662416,0.011549915,0.011406434,0.013872478,0.011517532,0.011428419,0.011403675
2021-05-10,0.012662445,0.011549948,0.011406466,0.013872497,0.011517564,0.011428451,0.011403708
2023-12-08,0.012662445,0.011549948,0.01140646,0.013872497,0.011517564,0.011428451,0.011403702
2021-02-21,0.012662398,0.01154991,0.011406423,0.013872438,0.011517526,0.011428414,0.011403665
2019-06-09,0.012662481,0.011549976,0.011406488,0.013872555,0.011517592,0.011428478,0.011403729
2020-09-17,0.012662279,0.011549802,0.011406321,0.013872313,0.011517418,0.011428305,0.0114035625
2023-02-04,0.012660991,0.011548783,0.011405332,0.013870678,0.011516407,0.011427315,0.011402574
2019-09-02,0.012662047,0.0115495995,0.011406126,0.013872048,0.011517222,0.011428112,0.011403369
2024-08-18,0.01266244,0.011549931,0.01140645,0.013872504,0.011517548,0.011428435,0.011403691
2019-06-29,0.012662362,0.011549871,0.011406391,0.013872412,0.0115174875,0.011428381,0.011403632
2020-11-05,0.012662452,0.011549954,0.011406471,0.013872511,0.011517569,0.011428457,0.011403713
2020-06-05,0.012662481,0.011549976,0.011406492,0.013872542,0.011517592,0.011428478,0.011403734
2019-10-29,0.012662457,0.011549954,0.011406471,0.013872511,0.011517569,0.011428463,0.011403713
2020-03-09,0.012662135,0.011549693,0.011406218,0.013872126,0.011517314,0.011428203,0.01140346
2020-09-19,0.012662279,0.011549802,0.011406321,0.013872313,0.011517418,0.011428305,0.0114035625
2019-07-13,0.01266235,0.011549856,0.011406375,0.013872399,0.011517473,0.011428359,0.0114036165
2022-12-14,0.012661182,0.011548935,0.011405483,0.013870919,0.01151656,0.011427466,0.011402724
2020-02-25,0.012662153,0.011549709,0.01140623,0.013872145,0.011517325,0.011428214,0.011403471
2019-08-24,0.012662333,0.011549834,0.011406348,0.013872387,0.01151745,0.0114283385,0.0114035895
2019-12-28,0.012662487,0.011549986,0.011406498,0.01387255,0.011517603,0.011428489,0.01140374
2024-10-09,0.0126624275,0.011549931,0.01140645,0.013872484,0.011517548,0.011428435,0.011403691
2023-04-13,0.012662452,0.011549954,0.011406466,0.013872504,0.011517569,0.011428457,0.011403708
2019-09-20,0.012662518,0.011550002,0.011406519,0.013872588,0.011517619,0.011428506,0.011403762
2022-01-20,0.012662475,0.011549976,0.011406488,0.013872529,0.011517592,0.011428478,0.011403729
2020-06-01,0.012662481,0.011549958,0.011406471,0.013872555,0.011517575,0.011428463,0.011403713
2023-11-01,0.012662589,0.011550062,0.011406579,0.013872674,0.011517677,0.011428565,0.0114038205
2021-03-08,0.012662518,0.011550007,0.011406519,0.013872582,0.011517624,0.011428511,0.011403762
2020-08-13,0.012662398,0.011549904,0.011406418,0.013872451,0.011517521,0.011428408,0.011403658
2020-03-01,0.012661952,0.01154954,0.011406068,0.0138719035,0.011517156,0.011428053,0.011403309
2020-07-09,0.012662421,0.011549921,0.011406439,0.013872484,0.011517537,0.011428424,0.011403681
2019-10-07,0.012662518,0.011550013,0.011406525,0.013872582,0.011517629,0.011428516,0.011403766
2021-06-30,0.012662464,0.011549958,0.011406477,0.013872524,0.011517575,0.011428463,0.011403719
2024-12-30,0.012662421,0.011549931,0.01140645,0.013872471,0.011517548,0.011428435,0.011403691
2023-05-25,0.012662433,0.011549937,0.011406455,0.013872491,0.011517553,0.011428441,0.011403698
2022-03-17,0.01266235,0.011549866,0.011406384,0.013872387,0.011517483,0.011428371,0.011403628
2019-10-14,0.012662529,0.0115500195,0.011406531,0.013872601,0.011517634,0.011428522,0.011403772
2024-05-26,0.012662369,0.011549878,0.0114063965,0.0138724195,0.011517493,0.011428381,0.011403638
2024-09-21,0.012662494,0.011549976,0.011406488,0.013872569,0.011517592,0.011428478,0.011403729
2024-01-04,0.012662464,0.011549965,0.011406477,0.013872516,0.011517581,0.011428468,0.011403719
2023-03-07,0.012662273,0.0115498165,0.011406337,0.013872282,0.011517433,0.011428323,0.011403579
2022-05-30,0.012662404,0.011549915,0.011406434,0.013872451,0.011517532,0.011428419,0.011403675
2020-06-04,0.012662464,0.011549958,0.011406477,0.013872524,0.011517575,0.011428463,0.011403719
2021-02-01,0.012662112,0.01154967,0.011406197,0.013872092,0.011517293,0.011428183,0.01140344
2021-03-12,0.012662494,0.011549986,0.011406504,0.013872555,0.011517603,0.011428489,0.011403746
2019-03-28,0.0126624275,0.011549931,0.01140645,0.013872484,0.011517548,0.011428435,0.011403691
2024-01-06,0.012662452,0.011549954,0.011406471,0.013872504,0.011517569,0.011428457,0.011403713
2024-12-18,0.012662445,0.011549948,0.011406466,0.013872497,0.011517564,0.011428451,0.011403708
2024-11-24,0.012662452,0.011549954,0.011406471,0.013872511,0.011517569,0.011428463,0.011403713
2020-06-30,0.012662457,0.011549958,0.011406477,0.013872516,0.011517575,0.011428463,0.011403719
2022-11-02,0.012662433,0.011549937,0.011406455,0.013872484,0.011517553,0.011428441,0.011403698
2024-04-24,0.012662529,0.0115500195,0.011406531,0.013872594,0.011517634,0.011428522,0.011403772
2019-05-08,0.01266247,0.011549965,0.011406482,0.013872524,0.011517581,0.011428468,0.011403725
2022-03-26,0.012662416,0.011549921,0.011406434,0.013872471,0.011517537,0.011428424,0.011403675
2022-09-25,0.012662135,0.01154967,0.011406192,0.013872158,0.011517287,0.011428176,0.011403434
2020-03-15,0.0126624275,0.011549937,0.011406455,0.013872478,0.011517553,0.011428441,0.011403698
2023-09-17,0.012662888,0.011550307,0.01140681,0.013873039,0.011517922,0.011428801,0.011404052
2024-12-16,0.01266244,0.011549943,0.01140646,0.013872491,0.011517558,0.0114284465,0.011403702
2023-06-05,0.012662296,0.0115498165,0.011406337,0.013872334,0.011517433,0.011428323,0.011403579
2019-06-10,0.012662506,0.011549992,0.011406504,0.013872575,0.011517607,0.011428494,0.011403746
2021-06-27,0.012662452,0.011549954,0.011406466,0.013872511,0.011517569,0.011428457,0.011403708
2020-01-27,0.012662475,0.011549976,0.011406492,0.013872537,0.011517592,0.011428478,0.011403734
2024-04-09,0.012662511,0.011550002,0.011406519,0.013872582,0.011517619,0.011428506,0.011403762
2021-04-26,0.012662445,0.011549948,0.011406466,0.013872497,0.011517564,0.011428451,0.011403708
2019-03-29,0.012662445,0.011549943,0.01140646,0.013872504,0.011517558,0.0114284465,0.011403702
2021-05-30,0.012662952,0.011550368,0.01140687,0.013873105,0.011517982,0.011428862,0.011404111
2022-11-17,0.012662058,0.011549638,0.011406165,0.013872008,0.011517255,0.01142815,0.011403407
2021-05-03,0.012662457,0.011549958,0.011406477,0.013872511,0.011517575,0.011428463,0.011403719
2022-06-19,0.012662398,0.011549904,0.011406423,0.013872446,0.011517521,0.011428408,0.011403665
2023-08-14,0.012662547,0.0115500195,0.011406531,0.013872634,0.011517634,0.011428516,0.011403772
2022-09-14,0.012662166,0.011549693,0.011406213,0.013872185,0.011517314,0.011428203,0.011403455
2023-01-18,0.012660836,0.011548658,0.011405208,0.013870489,0.011516282,0.011427191,0.011402455
2020-11-22,0.012662421,0.011549927,0.011406444,0.013872471,0.011517542,0.01142843,0.011403686
2023-07-06,0.012662393,0.011549878,0.011406391,0.013872465,0.011517493,0.011428381,0.011403632
2024-05-07,0.012662398,0.01154991,0.011406428,0.013872446,0.011517526,0.011428414,0.011403671
2023-04-11,0.012662421,0.011549927,0.011406444,0.013872471,0.011517542,0.01142843,0.011403686
2024-07-25,0.0126622915,0.011549796,0.0114063155,0.01387234,0.011517412,0.0114283,0.011403558
2023-06-15,0.0126623195,0.011549844,0.011406364,0.013872353,0.011517461,0.01142835,0.011403606
2021-05-29,0.012663018,0.011550422,0.011406929,0.013873183,0.011518036,0.011428915,0.011404165
2023-01-28,0.0126610575,0.011548837,0.011405385,0.013870762,0.011516462,0.011427369,0.011402627
2020-06-22,0.0126626305,0.0115501,0.01140661,0.013872718,0.011517716,0.011428602,0.011403853
2019-07-02,0.012662315,0.011549828,0.0114063425,0.013872361,0.011517445,0.011428332,0.011403584
2019-06-19,0.01266241,0.01154991,0.011406423,0.013872471,0.011517526,0.011428414,0.011403665
2023-05-16,0.012662452,0.011549954,0.011406466,0.013872504,0.011517569,0.011428457,0.011403708
2020-06-25,0.012662506,0.011549997,0.011406509,0.013872575,0.011517613,0.0114285,0.01140375
2021-10-05,0.0126623735,0.011549878,0.011406391,0.013872425,0.011517493,0.011428381,0.011403632
2022-08-09,0.012662379,0.011549888,0.011406407,0.013872431,0.011517504,0.0114283925,0.011403649
2021-10-30,0.012662452,0.011549954,0.011406466,0.013872504,0.011517569,0.011428457,0.011403708
2021-01-08,0.012662421,0.011549927,0.011406444,0.013872465,0.011517542,0.011428435,0.011403686
2022-01-26,0.012662475,0.011549976,0.011406488,0.013872529,0.011517592,0.011428478,0.011403729
2021-07-26,0.012662369,0.011549871,0.011406391,0.0138724195,0.0115174875,0.011428375,0.011403632
2021-09-11,0.012662356,0.011549866,0.011406384,0.013872399,0.011517483,0.011428371,0.011403628
2023-03-05,0.012662267,0.011549807,0.011406331,0.013872275,0.011517429,0.011428316,0.011403574
2023-12-04,0.01266244,0.011549943,0.01140646,0.013872491,0.011517558,0.0114284465,0.011403702
2020-10-23,0.012662452,0.011549954,0.011406471,0.013872511,0.011517569,0.011428457,0.011403713
2023-10-08,0.012662904,0.0115503175,0.011406826,0.013873058,0.011517934,0.0114288125,0.011404068
2023-12-14,0.012662452,0.011549954,0.011406471,0.013872504,0.011517569,0.011428457,0.011403713
2019-04-02,0.012662565,0.011550041,0.011406558,0.013872652,0.011517656,0.011428542,0.011403799
2023-09-30,0.01266303,0.011550427,0.011406929,0.013873207,0.011518036,0.011428921,0.011404171
2022-01-09,0.012662481,0.01154998,0.011406492,0.013872537,0.011517596,0.011428484,0.011403734
2022-09-30,0.012662339,0.011549844,0.011406358,0.0138723925,0.011517461,0.01142835,0.0114036
2024-08-24,0.012662464,0.011549954,0.011406471,0.013872529,0.011517569,0.011428457,0.011403713
2021-09-06,0.01266235,0.011549856,0.011406375,0.0138723925,0.011517473,0.011428359,0.0114036165
2021-11-29,0.012662117,0.011549693,0.011406213,0.013872092,0.01151731,0.011428198,0.011403455
2023-08-17,0.012662494,0.01154998,0.011406492,0.013872563,0.011517596,0.011428484,0.011403734
2024-01-13,0.01266244,0.011549948,0.01140646,0.013872491,0.011517564,0.011428451,0.011403702
2023-04-17,0.01266247,0.011549969,0.011406488,0.013872516,0.011517585,0.011428473,0.011403729
2023-09-22,0.01266281,0.011550248,0.01140675,0.01387294,0.011517858,0.011428743,0.011403993
2023-01-06,0.01266145,0.011549153,0.011405692,0.013871253,0.011516772,0.011427675,0.011402934
2021-03-18,0.012662565,0.011550051,0.011406563,0.013872641,0.011517662,0.011428549,0.011403805
2022-07-29,0.012662369,0.011549878,0.011406391,0.0138724195,0.011517493,0.011428381,0.011403632
2022-08-05,0.01266241,0.011549915,0.011406428,0.013872458,0.011517532,0.011428419,0.011403671
2019-12-09,0.012662494,0.011549986,0.011406504,0.013872555,0.011517603,0.011428489,0.011403746
2023-01-19,0.01266086,0.011548679,0.011405229,0.013870521,0.011516299,0.0114272125,0.011402471
2024-07-06,0.012662452,0.011549948,0.011406466,0.013872511,0.011517564,0.011428451,0.011403708
2022-02-20,0.012662242,0.011549779,0.0114063,0.013872249,0.011517395,0.011428289,0.011403541
2020-07-06,0.012662416,0.011549921,0.011406434,0.013872471,0.011517537,0.011428424,0.011403675
2022-02-28,0.01266201,0.011549589,0.011406117,0.013871974,0.011517205,0.011428101,0.011403359
2021-03-04,0.012662511,0.011550002,0.011406515,0.013872575,0.011517619,0.011428506,0.011403756
2020-09-24,0.012662356,0.011549866,0.011406384,0.013872399,0.011517483,0.011428375,0.011403628
2024-03-08,0.012661945,0.011549534,0.0114060575,0.0138719035,0.011517151,0.011428047,0.0114033
2024-10-15,0.012662398,0.01154991,0.011406423,0.013872451,0.011517526,0.011428414,0.011403665
2023-03-18,0.012662452,0.011549954,0.011406466,0.013872511,0.011517569,0.011428457,0.011403708
2019-06-02,0.012663155,0.011550536,0.011407035,0.013873359,0.011518145,0.011429028,0.011404278
2020-09-28,0.012662416,0.011549921,0.011406439,0.013872471,0.011517537,0.011428424,0.011403681
2019-07-01,0.012662344,0.011549856,0.011406369,0.013872387,0.011517473,0.011428359,0.011403611
2024-03-28,0.012662433,0.011549937,0.011406455,0.013872484,0.011517553,0.011428441,0.011403698
2020-12-30,0.012662433,0.011549943,0.011406455,0.013872484,0.011517558,0.0114284465,0.011403698
2023-04-30,0.01266247,0.011549969,0.011406488,0.013872529,0.011517585,0.011428473,0.011403729
2020-05-24,0.012662511,0.011550002,0.011406515,0.013872575,0.011517619,0.011428506,0.011403756
2019-11-19,0.012662511,0.011550002,0.011406519,0.013872575,0.011517619,0.011428506,0.011403762
2020-01-29,0.01266247,0.011549969,0.011406488,0.013872529,0.011517585,0.011428473,0.011403729
2023-05-05,0.012662452,0.011549954,0.011406471,0.013872511,0.011517569,0.011428457,0.011403713
2019-10-26,0.012662464,0.011549958,0.011406477,0.013872516,0.011517581,0.011428468,0.011403719
2023-05-24,0.01266244,0.011549943,0.01140646,0.013872497,0.011517558,0.0114284465,0.011403702
2023-06-07,0.012662254,0.011549786,0.011406305,0.013872282,0.011517401,0.011428289,0.011403547
2022-04-02,0.01266244,0.011549943,0.011406455,0.013872497,0.011517558,0.0114284465,0.011403698
2023-01-23,0.0126610575,0.011548837,0.011405385,0.013870769,0.011516462,0.011427369,0.011402627
2019-06-27,0.0126623735,0.011549882,0.011406401,0.013872425,0.011517499,0.011428387,0.011403643
2022-07-31,0.012662416,0.011549915,0.011406434,0.013872471,0.011517532,0.011428424,0.011403675
2022-03-16,0.012662379,0.011549893,0.011406407,0.013872425,0.01151751,0.011428398,0.011403649
2020-12-11,0.012662475,0.011549969,0.011406488,0.013872529,0.011517585,0.011428478,0.011403729
2024-04-01,0.012662494,0.011549986,0.011406504,0.013872555,0.011517603,0.011428489,0.011403746
2021-08-04,0.012662219,0.011549752,0.011406273,0.013872243,0.011517368,0.011428262,0.011403514
2020-12-06,0.012662475,0.011549969,0.011406488,0.013872529,0.011517592,0.011428478,0.011403729
2020-12-21,0.012662464,0.011549965,0.011406477,0.013872516,0.011517581,0.011428468,0.011403719
2020-11-13,0.012662433,0.011549937,0.011406455,0.013872484,0.011517553,0.011428441,0.011403698
2021-08-25,0.012662445,0.011549948,0.01140646,0.013872504,0.011517564,0.011428451,0.011403702
2023-02-08,0.012660925,0.011548734,0.011405284,0.013870604,0.011516359,0.0114272665,0.011402526
2022-11-23,0.012661713,0.011549365,0.011405895,0.013871584,0.011516984,0.011427881,0.011403139
2023-12-10,0.012662433,0.011549937,0.011406455,0.013872484,0.011517553,0.011428441,0.011403698
2023-01-21,0.012660913,0.011548723,0.011405273,0.013870586,0.011516348,0.011427255,0.011402514
2024-12-10,0.01266244,0.011549948,0.01140646,0.013872497,0.011517564,0.011428451,0.011403702
2023-04-18,0.012662445,0.011549948,0.011406466,0.013872497,0.011517569,0.011428457,0.011403708
2023-12-29,0.012662464,0.011549965,0.011406477,0.013872516,0.011517581,0.011428468,0.011403719
2023-12-27,0.01266247,0.011549969,0.011406482,0.013872524,0.011517585,0.011428473,0.011403725
2020-10-21,0.012662457,0.011549954,0.011406471,0.013872516,0.011517569,0.011428457,0.011403713
2020-11-03,0.012662445,0.011549948,0.01140646,0.013872497,0.011517564,0.011428451,0.011403702
2022-11-08,0.01266235,0.011549878,0.0114063965,0.013872379,0.011517493,0.011428381,0.011403638
2021-04-14,0.012662452,0.011549954,0.011406466,0.013872511,0.011517569,0.011428457,0.011403708
2021-08-31,0.012662356,0.011549866,0.01140638,0.013872399,0.011517483,0.011428371,0.011403622
2021-10-09,0.012662464,0.011549954,0.011406471,0.013872537,0.011517569,0.011428457,0.011403713
2024-07-10,0.012662339,0.011549851,0.011406369,0.013872379,0.011517466,0.011428354,0.011403611
2023-12-21,0.012662452,0.011549954,0.011406471,0.013872511,0.011517575,0.011428463,0.011403713
2023-04-16,0.012662475,0.011549976,0.011406492,0.013872529,0.011517592,0.011428484,0.011403734
2020-04-06,0.012662565,0.011550046,0.011406558,0.013872641,0.011517662,0.011428549,0.011403799
2023-09-05,0.0126631735,0.011550542,0.011407041,0.013873392,0.011518151,0.011429028,0.011404278
2020-07-29,0.012662416,0.011549915,0.011406434,0.013872471,0.011517532,0.011428419,0.011403675
2020-07-30,0.012662393,0.011549899,0.011406418,0.013872446,0.0115175145,0.011428403,0.011403658
2023-08-21,0.012662636,0.0115501,0.01140661,0.013872738,0.011517716,0.011428602,0.011403853
2023-05-27,0.012662421,0.011549931,0.011406444,0.013872478,0.011517548,0.011428435,0.011403686
2022-02-16,0.012662344,0.011549866,0.011406384,0.013872379,0.011517483,0.011428375,0.011403628
2019-10-09,0.012662529,0.0115500195,0.011406531,0.013872594,0.011517634,0.011428522,0.011403772
2023-10-24,0.012662659,0.011550122,0.011406633,0.013872766,0.011517738,0.011428624,0.0114038745
2023-09-10,0.012663346,0.0115506835,0.011407175,0.0138735995,0.011518291,0.011429168,0.011404417
2020-09-27,0.01266241,0.011549915,0.011406434,0.013872458,0.011517532,0.011428419,0.011403675
2021-12-05,0.012662261,0.011549802,0.011406321,0.01387227,0.011517418,0.0114283115,0.0114035625
2024-09-24,0.012662523,0.011549992,0.011406504,0.013872614,0.011517607,0.011428494,0.011403746
2024-01-26,0.012662393,0.01154991,0.011406423,0.013872438,0.011517526,0.011428414,0.011403665
2019-09-24,0.01266247,0.011549965,0.011406482,0.013872537,0.011517581,0.011428468,0.011403725
2020-10-01,0.012662433,0.011549937,0.011406455,0.013872491,0.011517553,0.011428441,0.011403698
2021-09-02,0.012662362,0.011549871,0.011406391,0.013872412,0.0115174875,0.011428375,0.011403632
2024-04-08,0.012662506,0.011550002,0.011406515,0.013872575,0.011517613,0.011428506,0.011403756
2022-09-07,0.0126622915,0.011549807,0.011406321,0.013872334,0.011517422,0.0114283115,0.0114035625
2020-08-29,0.01266244,0.011549937,0.01140645,0.013872504,0.011517553,0.011428441,0.011403691
2019-04-12,0.012662506,0.011549992,0.011406509,0.013872575,0.011517607,0.011428494,0.01140375
2022-07-16,0.012662101,0.011549633,0.011406154,0.013872126,0.011517248,0.011428139,0.011403397
2020-09-20,0.012662279,0.011549802,0.011406321,0.013872313,0.011517418,0.011428305,0.0114035625
2023-10-14,0.012662821,0.011550253,0.011406762,0.0138729615,0.011517867,0.011428753,0.011404004
2023-05-17,0.012662457,0.011549958,0.011406471,0.013872511,0.011517575,0.011428463,0.011403713
2023-08-05,0.0126624275,0.011549921,0.011406439,0.013872484,0.011517537,0.011428424,0.011403681
2022-01-22,0.012662475,0.011549976,0.011406492,0.013872537,0.011517592,0.011428478,0.011403734
2020-12-23,0.012662452,0.011549958,0.011406471,0.013872504,0.011517575,0.011428463,0.011403713
2019-11-26,0.012662523,0.011550013,0.011406531,0.013872594,0.011517629,0.011428516,0.011403772
2022-02-11,0.012662421,0.011549931,0.01140645,0.013872471,0.011517548,0.011428435,0.011403691
2021-08-03,0.012662242,0.011549775,0.011406293,0.01387227,0.011517392,0.01142828,0.011403536
2022-06-24,0.012662308,0.011549828,0.0114063425,0.01387234,0.011517445,0.011428332,0.011403584
2020-05-10,0.012662511,0.011550002,0.011406515,0.013872575,0.011517619,0.011428506,0.011403756
2021-11-26,0.012662201,0.011549752,0.011406277,0.01387219,0.011517368,0.011428262,0.01140352
2021-01-15,0.012662386,0.011549904,0.011406418,0.013872431,0.011517521,0.011428408,0.011403658
2020-11-16,0.012662421,0.011549927,0.011406444,0.013872471,0.011517548,0.011428435,0.011403686
2024-04-29,0.012662506,0.011549997,0.011406515,0.013872569,0.011517613,0.0114285,0.011403756
2023-01-16,0.0126608005,0.01154863,0.011405186,0.013870442,0.011516255,0.01142717,0.011402428
2024-05-16,0.01266256,0.011550002,0.011406515,0.013872674,0.011517619,0.0114285,0.01140375
2023-10-13,0.012662858,0.011550286,0.011406789,0.013873006,0.0115179,0.01142878,0.01140403
2020-03-08,0.012661898,0.011549496,0.011406025,0.013871838,0.011517113,0.01142801,0.011403267
2024-09-06,0.012662582,0.011550057,0.011406568,0.01387268,0.011517673,0.011428554,0.01140381
2023-08-08,0.012662433,0.011549931,0.01140645,0.013872497,0.011517548,0.011428435,0.011403691
2020-02-09,0.012662404,0.011549915,0.011406428,0.013872446,0.011517532,0.011428419,0.011403671
2020-11-19,0.01266241,0.011549915,0.011406434,0.013872451,0.011517532,0.011428419,0.011403675
2024-03-24,0.012662344,0.011549866,0.011406384,0.013872379,0.011517483,0.011428371,0.011403628
2021-03-07,0.012662487,0.01154998,0.011406498,0.01387255,0.011517596,0.011428484,0.01140374
2023-09-18,0.012662792,0.011550231,0.011406735,0.013872927,0.011517841,0.011428727,0.011403977
2024-08-01,0.012662369,0.011549878,0.0114063965,0.013872412,0.011517493,0.011428381,0.011403638
2020-03-22,0.012662452,0.011549954,0.011406471,0.013872511,0.011517569,0.011428457,0.011403713
2021-10-23,0.012662464,0.011549965,0.011406482,0.013872524,0.011517581,0.011428468,0.011403725
2023-04-09,0.012662475,0.011549976,0.011406492,0.013872537,0.011517592,0.011428478,0.011403734
2024-04-15,0.012662572,0.011550051,0.011406563,0.013872649,0.011517667,0.011428554,0.011403805
2024-09-01,0.012662547,0.011550024,0.011406535,0.013872634,0.01151764,0.011428527,0.011403778
2024-09-23,0.012662565,0.011550024,0.011406535,0.013872674,0.01151764,0.011428527,0.011403778
2021-11-07,0.012662326,0.011549851,0.011406369,0.01387234,0.011517473,0.011428359,0.011403611
2021-01-09,0.012662416,0.011549927,0.011406444,0.013872465,0.011517542,0.01142843,0.011403686
2022-01-08,0.012662475,0.011549976,0.011406492,0.013872537,0.011517592,0.011428478,0.011403734
2021-12-28,0.012662475,0.011549976,0.011406492,0.013872537,0.011517592,0.011428478,0.011403734
2022-06-17,0.012662404,0.011549904,0.011406423,0.013872451,0.011517521,0.011428408,0.011403665
2020-11-14,0.0126624275,0.011549931,0.01140645,0.013872478,0.011517548,0.011428435,0.011403691
2023-10-02,0.012662911,0.011550324,0.011406831,0.013873071,0.011517939,0.011428823,0.011404074
2020-04-15,0.012662547,0.01155003,0.011406541,0.013872622,0.011517645,0.011428532,0.011403782
2021-02-02,0.012662076,0.011549644,0.01140617,0.0138720535,0.011517266,0.011428155,0.011403413
2024-08-16,0.012662393,0.011549893,0.011406412,0.013872451,0.01151751,0.011428398,0.011403655
2024-11-19,0.012662421,0.011549931,0.011406444,0.013872471,0.011517548,0.011428435,0.011403686
2023-01-05,0.012660788,0.011548625,0.011405176,0.01387043,0.011516251,0.0114271585,0.011402418
2019-08-23,0.012662356,0.01154986,0.011406375,0.013872412,0.011517477,0.0114283655,0.0114036165
2022-09-29,0.012662326,0.011549834,0.011406353,0.013872379,0.01151745,0.0114283385,0.011403595
2024-09-02,0.012662612,0.011550078,0.011406589,0.013872712,0.011517695,0.011428582,0.011403832
2020-02-22,0.012662267,0.011549802,0.011406321,0.013872282,0.011517418,0.011428305,0.0114035625
2019-11-07,0.012662494,0.011549986,0.011406504,0.013872555,0.011517603,0.011428489,0.011403746
2021-07-09,0.012662475,0.011549976,0.011406488,0.013872537,0.011517592,0.011428478,0.011403729
2024-02-11,0.012662249,0.011549786,0.011406305,0.013872255,0.011517401,0.011428296,0.011403547
2023-12-06,0.012662445,0.011549948,0.011406466,0.013872497,0.011517564,0.011428451,0.011403708
2024-03-31,0.012662475,0.011549976,0.011406488,0.013872537,0.011517592,0.011428478,0.011403729
2021-12-30,0.012662475,0.011549976,0.011406492,0.013872537,0.011517592,0.011428478,0.011403734
2019-05-11,0.012662452,0.011549954,0.011406471,0.013872511,0.011517569,0.011428457,0.011403713
2022-01-11,0.012662481,0.01154998,0.011406492,0.013872542,0.011517596,0.011428484,0.011403734
2022-02-12,0.012662404,0.011549915,0.011406434,0.013872446,0.011517532,0.011428419,0.011403675
2022-02-15,0.012662369,0.011549888,0.011406401,0.013872406,0.011517504,0.0114283925,0.011403643
2024-06-22,0.012662386,0.011549893,0.011406412,0.013872431,0.01151751,0.011428398,0.011403655
2023-06-29,0.0126623195,0.011549828,0.0114063425,0.013872368,0.011517445,0.011428332,0.011403584
2021-05-26,0.012662565,0.011550046,0.011406563,0.013872641,0.011517662,0.011428549,0.011403805
2023-01-25,0.012660931,0.01154874,0.011405288,0.013870612,0.011516364,0.011427271,0.01140253
2019-06-13,0.012662421,0.011549921,0.011406439,0.013872484,0.011517537,0.011428424,0.011403681
2023-08-23,0.012662744,0.011550188,0.011406697,0.013872863,0.011517803,0.011428688,0.011403939
2023-11-29,0.01266244,0.011549948,0.01140646,0.013872497,0.011517564,0.011428451,0.011403702
2021-04-07,0.012662499,0.011549992,0.011406504,0.013872569,0.011517607,0.011428494,0.011403746
2020-10-18,0.012662464,0.011549958,0.011406477,0.013872524,0.011517575,0.011428463,0.011403719
2024-06-19,0.012662189,0.011549736,0.011406257,0.013872185,0.0115173515,0.011428246,0.011403498
2024-05-18,0.012662582,0.011550013,0.011406519,0.013872718,0.011517624,0.011428511,0.011403762
2023-12-13,0.012662445,0.011549954,0.011406466,0.013872504,0.011517569,0.011428457,0.011403708
2024-04-22,0.012662572,0.011550051,0.011406568,0.013872652,0.011517667,0.011428554,0.01140381
2021-04-24,0.012662457,0.011549958,0.011406471,0.013872511,0.011517575,0.011428463,0.011403713
2023-08-03,0.012662421,0.011549921,0.011406439,0.013872484,0.011517537,0.011428424,0.011403681
2020-09-30,0.0126624275,0.011549931,0.01140645,0.013872484,0.011517548,0.011428435,0.011403691
2023-09-01,0.012662679,0.011550133,0.011406643,0.013872791,0.011517748,0.011428629,0.011403886
2023-08-12,0.012662487,0.011549969,0.011406482,0.013872569,0.011517585,0.011428473,0.011403725
2023-05-15,0.012662452,0.011549954,0.011406466,0.013872504,0.011517569,0.011428457,0.011403708
2021-12-13,0.012662369,0.011549888,0.011406407,0.013872399,0.011517504,0.011428398,0.011403649
2022-11-05,0.012662404,0.011549915,0.011406434,0.013872451,0.011517537,0.011428424,0.011403675
2020-10-12,0.01266247,0.011549969,0.011406482,0.013872537,0.011517585,0.011428473,0.011403725
2023-07-12,0.012662296,0.011549812,0.011406331,0.013872328,0.011517429,0.011428316,0.011403574
2020-10-07,0.0126624275,0.011549931,0.011406444,0.013872484,0.011517548,0.011428435,0.011403686
2021-11-04,0.012662445,0.011549954,0.011406466,0.013872497,0.011517569,0.011428457,0.011403708
2022-06-14,0.012662421,0.011549921,0.011406439,0.013872478,0.011517537,0.011428424,0.011403681
2020-10-14,0.012662452,0.011549954,0.011406466,0.013872511,0.011517569,0.011428457,0.011403708
2024-12-12,0.012662452,0.011549954,0.011406471,0.013872511,0.011517569,0.011428457,0.011403713
2020-12-15,0.01266247,0.011549969,0.011406488,0.013872529,0.011517585,0.011428473,0.011403729
2023-07-30,0.0126623735,0.011549878,0.0114063965,0.013872425,0.011517493,0.011428387,0.011403638
2020-07-08,0.012662404,0.01154991,0.011406428,0.013872458,0.011517526,0.011428414,0.011403671
2022-02-17,0.012662326,0.011549851,0.011406369,0.013872353,0.011517466,0.011428359,0.011403611
2021-06-17,0.012662523,0.011549976,0.011406488,0.013872634,0.011517592,0.011428478,0.011403729
2024-02-28,0.012662006,0.011549578,0.011406106,0.013871969,0.011517195,0.011428091,0.011403348
2021-12-22,0.012662457,0.011549958,0.011406477,0.013872516,0.011517581,0.011428468,0.011403719
2021-10-10,0.012662494,0.011549976,0.011406492,0.013872563,0.011517592,0.011428478,0.011403734
2024-09-04,0.012662595,0.011550062,0.0114065735,0.013872687,0.011517677,0.011428565,0.011403816
2021-12-11,0.012662344,0.011549866,0.011406384,0.013872368,0.011517483,0.011428375,0.011403628
2022-05-08,0.012662595,0.011550073,0.011406589,0.013872674,0.011517689,0.011428575,0.011403832
2019-07-06,0.012662285,0.011549802,0.0114063155,0.013872328,0.011517418,0.011428305,0.011403558
2022-04-20,0.012662494,0.011549986,0.011406504,0.01387255,0.011517603,0.011428489,0.011403746
2024-04-25,0.012662523,0.011550013,0.011406531,0.013872594,0.011517629,0.011428516,0.011403772
2024-10-14,0.012662398,0.011549904,0.011406423,0.013872446,0.011517521,0.011428408,0.011403665
2020-03-05,0.012661952,0.01154954,0.011406068,0.0138719035,0.011517156,0.011428053,0.011403309
2020-03-28,0.012662529,0.0115500195,0.011406531,0.013872601,0.011517634,0.011428522,0.011403772
2020-03-07,0.012661848,0.011549453,0.011405982,0.013871779,0.01151707,0.011427967,0.011403224
2023-02-22,0.012662219,0.011549768,0.011406293,0.013872203,0.011517392,0.01142828,0.011403536
2022-07-20,0.012662135,0.011549666,0.011406186,0.013872158,0.011517282,0.011428171,0.011403428
2019-09-29,0.012662511,0.011550007,0.011406519,0.013872582,0.011517624,0.011428511,0.011403762
2022-12-03,0.012661248,0.011548989,0.011405535,0.013871003,0.011516614,0.011427519,0.011402777
2019-12-25,0.012662487,0.01154998,0.011406498,0.01387255,0.011517596,0.011428484,0.01140374
2023-06-21,0.012662344,0.01154986,0.01140638,0.013872379,0.011517477,0.0114283655,0.011403622
2024-09-30,0.012662404,0.011549904,0.011406423,0.013872458,0.011517521,0.011428408,0.011403665
2023-02-13,0.012661182,0.011548931,0.011405476,0.013870925,0.011516554,0.011427459,0.011402718
2020-05-06,0.012662529,0.0115500195,0.011406535,0.013872601,0.011517634,0.011428522,0.011403778
2024-09-03,0.012662589,0.011550062,0.0114065735,0.013872687,0.011517677,0.011428559,0.011403816
2023-09-04,0.0126631735,0.011550542,0.011407041,0.013873392,0.011518155,0.011429034,0.011404284
2024-02-01,0.012662339,0.01154986,0.01140638,0.013872372,0.011517477,0.0114283655,0.011403622
2022-05-19,0.01266244,0.011549943,0.011406455,0.013872491,0.011517558,0.0114284465,0.011403698
2024-09-22,0.012662499,0.011549976,0.011406488,0.013872582,0.011517592,0.011428473,0.011403729
2022-09-09,0.012662315,0.011549828,0.0114063425,0.013872368,0.011517445,0.011428332,0.011403584
2023-11-18,0.012662457,0.011549958,0.011406477,0.013872516,0.011517575,0.011428463,0.011403719
2019-11-03,0.012662481,0.01154998,0.011406492,0.013872542,0.011517596,0.011428484,0.011403734
2022-03-14,0.012662356,0.011549871,0.011406391,0.0138723925,0.0115174875,0.011428375,0.011403632
2023-10-04,0.012662958,0.011550368,0.01140687,0.0138731245,0.011517977,0.011428862,0.011404111
2020-06-15,0.012662457,0.011549954,0.011406466,0.013872529,0.011517569,0.011428457,0.011403708
2022-01-17,0.012662475,0.011549976,0.011406492,0.013872537,0.011517592,0.011428478,0.011403734
2021-04-11,0.012662523,0.011550013,0.011406531,0.013872601,0.011517629,0.011428516,0.011403772
2023-12-09,0.012662433,0.011549943,0.011406455,0.013872491,0.011517558,0.0114284465,0.011403698
2024-03-16,0.012662267,0.011549796,0.0114063155,0.013872282,0.011517418,0.011428305,0.011403558
2019-11-21,0.012662511,0.011550002,0.011406519,0.013872582,0.011517619,0.011428511,0.011403762
2022-02-06,0.012662433,0.011549943,0.011406455,0.013872484,0.011517558,0.0114284465,0.011403698
2021-09-03,0.012662362,0.011549871,0.011406384,0.013872412,0.0115174875,0.011428375,0.011403628
2019-11-05,0.012662481,0.01154998,0.011406492,0.013872542,0.011517596,0.011428484,0.011403734
2020-10-26,0.012662433,0.011549937,0.01140645,0.013872484,0.011517553,0.011428441,0.011403691
2024-08-22,0.01266244,0.011549931,0.01140645,0.013872497,0.011517548,0.011428435,0.011403691
2020-08-01,0.012662398,0.011549904,0.011406423,0.013872451,0.011517521,0.011428408,0.011403665
2024-09-13,0.012662529,0.011550013,0.011406525,0.013872609,0.011517629,0.011428516,0.011403766
2019-05-30,0.012662481,0.011549969,0.011406488,0.013872542,0.011517585,0.011428473,0.011403729
2021-01-23,0.012662315,0.011549844,0.011406364,0.01387234,0.011517461,0.01142835,0.011403606
2022-12-06,0.012661242,0.011548985,0.011405526,0.013870996,0.011516604,0.011427509,0.011402767
2020-09-13,0.01266235,0.011549856,0.011406375,0.0138723925,0.011517473,0.0114283655,0.0114036165
2024-09-17,0.012662481,0.011549976,0.011406488,0.01387255,0.011517592,0.011428478,0.011403729
2024-01-21,0.01266241,0.011549921,0.011406434,0.013872451,0.011517537,0.011428424,0.011403675
2024-11-04,0.012662369,0.011549882,0.011406401,0.013872412,0.011517499,0.011428387,0.011403643
2023-05-01,0.012662464,0.011549965,0.011406477,0.013872516,0.011517581,0.011428468,0.011403719
2021-09-15,0.012662404,0.01154991,0.011406423,0.013872458,0.011517526,0.011428414,0.011403665
2024-06-09,0.012662249,0.011549789,0.011406309,0.013872255,0.011517406,0.011428296,0.011403551
2021-02-20,0.012662362,0.011549878,0.0114063965,0.013872399,0.011517493,0.011428387,0.011403638
2020-10-19,0.012662464,0.011549958,0.011406477,0.013872524,0.011517575,0.011428463,0.011403719
2023-12-05,0.012662445,0.011549948,0.011406466,0.013872497,0.011517564,0.011428451,0.011403708
2020-07-10,0.012662404,0.011549904,0.011406418,0.013872458,0.011517521,0.011428408,0.011403658
2023-07-22,0.012662303,0.0115498165,0.011406337,0.01387234,0.011517433,0.011428323,0.011403579
2021-05-16,0.012662433,0.011549937,0.011406455,0.013872484,0.011517558,0.0114284465,0.011403698
2024-12-27,0.012662433,0.011549943,0.011406455,0.013872484,0.011517558,0.0114284465,0.011403698
2024-02-05,0.0126622915,0.011549823,0.0114063425,0.013872313,0.011517439,0.011428328,0.011403584
2019-05-02,0.012662457,0.011549958,0.011406477,0.013872516,0.011517575,0.011428468,0.011403719
2021-01-20,0.01266235,0.011549866,0.011406384,0.013872379,0.0115174875,0.011428375,0.011403628
2020-10-04,0.012662433,0.011549937,0.011406455,0.013872491,0.011517553,0.011428441,0.011403698
2024-11-08,0.0126623735,0.011549888,0.011406407,0.013872412,0.011517504,0.0114283925,0.011403649
2021-09-23,0.012662386,0.011549893,0.011406412,0.013872438,0.01151751,0.011428398,0.011403655
2023-04-23,0.01266247,0.011549969,0.011406482,0.013872524,0.011517585,0.011428473,0.011403725
2022-09-16,0.012662201,0.011549724,0.011406246,0.0138722295,0.011517341,0.01142823,0.011403488
2021-10-15,0.01266269,0.011550143,0.011406659,0.013872797,0.011517759,0.011428645,0.011403896
2021-07-10,0.01266247,0.011549965,0.011406482,0.013872529,0.011517581,0.011428468,0.011403725
2024-04-23,0.012662535,0.011550024,0.011406541,0.013872609,0.01151764,0.011428527,0.011403782
2024-04-03,0.012662506,0.011549997,0.011406515,0.013872575,0.011517613,0.0114285,0.011403756
2022-01-24,0.01266247,0.011549969,0.011406488,0.013872529,0.011517585,0.011428478,0.011403729
2019-06-07,0.012662487,0.011549976,0.011406492,0.013872563,0.011517592,0.011428478,0.011403734
2021-02-03,0.012662088,0.011549654,0.011406176,0.0138720665,0.0115172705,0.011428166,0.011403417
2021-03-26,0.012662804,0.011550248,0.011406756,0.0138729215,0.011517858,0.011428743,0.011403993
2020-03-29,0.012662487,0.01154998,0.011406498,0.01387255,0.011517596,0.011428484,0.01140374
2019-07-29,0.012662416,0.011549915,0.011406434,0.013872471,0.011517532,0.011428424,0.011403675
2020-09-08,0.012662398,0.011549899,0.011406412,0.013872465,0.0115175145,0.011428403,0.011403655
2023-10-18,0.01266275,0.011550193,0.011406703,0.013872868,0.011517808,0.011428694,0.011403944
2021-01-22,0.012662333,0.011549856,0.011406375,0.013872361,0.011517473,0.0114283655,0.0114036165
2019-11-16,0.012662499,0.011549992,0.011406509,0.013872563,0.011517607,0.011428494,0.01140375
2022-08-12,0.0126623735,0.011549882,0.011406401,0.013872425,0.011517499,0.011428387,0.011403643
2022-08-26,0.012662207,0.011549741,0.0114062615,0.0138722295,0.011517358,0.011428246,0.011403504
2022-05-29,0.012662398,0.01154991,0.011406428,0.013872446,0.011517526,0.011428414,0.011403671
2021-10-11,0.012662547,0.011550024,0.011406535,0.013872628,0.01151764,0.011428527,0.011403778
2022-12-18,0.012661104,0.011548876,0.011405423,0.013870828,0.011516499,0.011427406,0.011402666
2021-07-12,0.012662499,0.011549992,0.011406509,0.013872563,0.011517607,0.011428494,0.01140375
2021-04-13,0.012662464,0.011549958,0.011406477,0.013872524,0.011517575,0.011428463,0.011403719
2020-07-11,0.012662404,0.011549899,0.011406418,0.013872465,0.0115175145,0.011428403,0.011403658
2024-05-04,0.012662398,0.011549904,0.011406423,0.013872438,0.011517526,0.011428414,0.011403665
2022-04-07,0.01266247,0.011549969,0.011406482,0.013872537,0.011517585,0.011428473,0.011403725
2024-09-14,0.012662511,0.011549997,0.011406509,0.013872582,0.011517613,0.0114285,0.01140375
2021-02-07,0.012661993,0.011549572,0.0114061,0.013871956,0.011517195,0.011428085,0.011403343
2020-02-15,0.012662333,0.011549856,0.011406375,0.013872368,0.011517473,0.0114283655,0.0114036165
2022-12-04,0.012661253,0.011548996,0.011405542,0.01387101,0.0115166195,0.011427525,0.011402784
2020-09-29,0.012662421,0.011549927,0.011406444,0.013872478,0.011517542,0.01142843,0.011403686
2024-05-10,0.0126623735,0.011549888,0.011406407,0.013872412,0.011517504,0.0114283925,0.011403649
2024-03-29,0.01266244,0.011549943,0.01140646,0.013872491,0.011517558,0.0114284465,0.011403702
2024-03-04,0.012661999,0.011549578,0.0114061,0.013871969,0.011517195,0.011428085,0.011403343
2021-03-03,0.012662494,0.011549986,0.011406498,0.013872555,0.011517603,0.011428489,0.01140374
2020-02-23,0.012662232,0.011549775,0.011406293,0.013872243,0.011517392,0.01142828,0.011403536
2022-01-01,0.01266247,0.011549969,0.011406488,0.013872529,0.011517585,0.011428473,0.011403729
2021-01-04,0.012662421,0.011549931,0.01140645,0.013872471,0.011517548,0.011428435,0.011403691
2022-08-21,0.012662279,0.011549802,0.011406321,0.01387231,0.011517418,0.0114283115,0.0114035625
2019-05-18,0.012662452,0.011549954,0.011406471,0.013872504,0.011517569,0.011428457,0.011403713
2022-02-19,0.012662279,0.011549812,0.011406331,0.013872295,0.011517429,0.011428316,0.011403574
2020-02-08,0.012662416,0.011549927,0.011406439,0.013872465,0.011517542,0.01142843,0.011403681
2022-09-19,0.012662261,0.011549779,0.0114063,0.013872302,0.011517395,0.011428284,0.011403541
2021-08-12,0.012662124,0.011549666,0.011406186,0.013872132,0.011517282,0.011428171,0.011403428
2023-12-01,0.012662433,0.011549943,0.011406455,0.013872484,0.011517558,0.0114284465,0.011403698
2021-02-27,0.0126623195,0.011549844,0.011406364,0.013872348,0.011517461,0.01142835,0.011403606
2023-03-22,0.01266247,0.011549965,0.011406482,0.013872537,0.011517581,0.011428468,0.011403725
2019-11-10,0.012662499,0.011549992,0.011406509,0.013872563,0.011517607,0.011428494,0.01140375
2020-08-06,0.012662475,0.011549969,0.011406482,0.013872542,0.011517585,0.011428473,0.011403725
2020-04-05,0.012662547,0.01155003,0.011406546,0.013872622,0.011517645,0.011428532,0.011403789
2024-12-28,0.012662433,0.011549937,0.011406455,0.013872484,0.011517553,0.011428441,0.011403698
2024-12-23,0.01266244,0.011549943,0.01140646,0.013872491,0.011517558,0.0114284465,0.011403702
2020-09-01,0.012662457,0.011549954,0.011406466,0.013872524,0.011517564,0.011428451,0.011403708
2022-04-03,0.012662457,0.011549954,0.011406471,0.013872516,0.011517569,0.011428457,0.011403713
2022-01-15,0.012662475,0.011549976,0.011406492,0.013872537,0.011517592,0.011428478,0.011403734
2019-11-14,0.012662494,0.011549986,0.011406504,0.013872555,0.011517603,0.011428489,0.011403746
2024-02-23,0.012661801,0.011549409,0.011405939,0.013871734,0.011517026,0.011427924,0.011403182
2024-11-17,0.012662416,0.011549921,0.011406439,0.013872465,0.011517537,0.01142843,0.011403681
2021-05-25,0.012662506,0.011549997,0.011406509,0.013872569,0.011517613,0.0114285,0.01140375
2023-01-15,0.012660817,0.011548648,0.011405203,0.013870468,0.011516272,0.01142718,0.011402445
2020-04-01,0.012662494,0.011549986,0.011406504,0.013872555,0.011517603,0.011428489,0.011403746
2022-09-08,0.012662308,0.011549823,0.011406337,0.013872353,0.011517439,0.011428328,0.011403579
2019-04-16,0.012662494,0.011549986,0.011406504,0.01387255,0.011517603,0.011428489,0.011403746
2021-10-21,0.012662452,0.011549954,0.011406471,0.013872511,0.011517569,0.011428457,0.011403713
2023-12-22,0.01266247,0.011549965,0.011406482,0.013872524,0.011517581,0.011428473,0.011403725
2019-04-15,0.012662499,0.011549992,0.011406509,0.013872569,0.011517607,0.011428494,0.01140375
2024-12-05,0.01266244,0.011549943,0.01140646,0.013872491,0.011517558,0.0114284465,0.011403702
2021-11-01,0.012662481,0.01154998,0.011406492,0.013872542,0.011517596,0.011428484,0.011403734
2024-06-13,0.012661444,0.011549142,0.011405681,0.013871258,0.011516766,0.011427665,0.011402924
2023-03-23,0.012662518,0.011550002,0.011406519,0.013872588,0.011517619,0.011428506,0.011403762
2021-10-13,0.012662625,0.011550096,0.011406606,0.013872718,0.011517704,0.011428592,0.0114038475
2020-11-15,0.0126624275,0.011549937,0.01140645,0.013872478,0.011517553,0.011428441,0.011403691
2024-01-25,0.012662369,0.011549888,0.011406407,0.013872406,0.011517504,0.0114283925,0.011403649
2023-10-11,0.012662864,0.011550286,0.011406794,0.013873013,0.0115179,0.01142878,0.011404036
2023-07-03,0.012662339,0.011549828,0.0114063425,0.013872412,0.011517445,0.011428332,0.011403584
2021-04-04,0.012662529,0.011550013,0.011406525,0.013872601,0.011517629,0.011428516,0.011403766
2022-06-01,0.0126624275,0.011549931,0.01140645,0.013872478,0.011517548,0.011428441,0.011403691
2020-08-24,0.012662416,0.011549921,0.011406434,0.013872471,0.011517537,0.011428424,0.011403675
2024-01-22,0.012662404,0.011549915,0.011406434,0.013872446,0.011517532,0.011428419,0.011403675
2023-03-06,0.012662333,0.01154986,0.01140638,0.013872353,0.011517477,0.011428371,0.011403622
2021-09-08,0.0126623735,0.011549882,0.0114063965,0.0138724195,0.011517499,0.011428387,0.011403638
2020-06-24,0.012662547,0.01155003,0.011406546,0.013872628,0.011517645,0.011428532,0.011403789
2023-07-27,0.012662369,0.011549871,0.011406391,0.013872412,0.0115174875,0.011428375,0.011403632
2023-05-18,0.012662445,0.011549948,0.011406466,0.013872504,0.011517569,0.011428457,0.011403708
2021-07-16,0.012662494,0.011549986,0.011406504,0.013872563,0.011517603,0.011428489,0.011403746
2023-04-21,0.012662464,0.011549965,0.011406477,0.013872516,0.011517581,0.011428468,0.011403719
2021-01-16,0.012662393,0.011549904,0.011406423,0.013872431,0.011517521,0.011428408,0.011403665
2020-12-25,0.012662457,0.011549958,0.011406477,0.013872511,0.011517575,0.011428463,0.011403719
2023-01-13,0.012660812,0.011548641,0.011405191,0.013870461,0.0115162665,0.011427175,0.011402435
2024-12-29,0.01266244,0.011549943,0.01140646,0.013872491,0.011517558,0.0114284465,0.011403702
2024-03-25,0.012662362,0.011549878,0.0114063965,0.013872399,0.011517493,0.011428387,0.011403638
2021-03-20,0.012662541,0.011550024,0.011406541,0.013872609,0.01151764,0.011428527,0.011403782
2020-08-30,0.012662457,0.011549954,0.011406471,0.013872524,0.011517569,0.011428457,0.011403713
2022-08-19,0.01266241,0.011549915,0.011406428,0.013872465,0.011517532,0.011428419,0.011403671
2020-03-04,0.012661825,0.0115494365,0.011405966,0.0138717545,0.011517054,0.011427951,0.011403209
2020-05-29,0.012662481,0.011549976,0.011406492,0.01387255,0.011517592,0.011428478,0.011403734
2020-03-25,0.012662464,0.011549965,0.011406477,0.013872524,0.011517581,0.011428468,0.011403719
2020-06-02,0.012662457,0.011549937,0.011406455,0.013872529,0.011517553,0.011428441,0.011403698
2024-11-03,0.01266235,0.011549866,0.011406384,0.013872387,0.011517483,0.011428371,0.011403628
2020-08-20,0.0126623735,0.011549878,0.0114063965,0.013872425,0.011517493,0.011428381,0.011403638
2023-10-26,0.0126626305,0.0115501,0.01140661,0.013872732,0.011517716,0.011428602,0.011403853
2024-06-25,0.012662464,0.011549958,0.011406471,0.013872529,0.011517575,0.011428463,0.011403713
2021-09-25,0.012662333,0.011549844,0.011406364,0.013872372,0.011517461,0.01142835,0.011403606
2020-11-23,0.012662421,0.011549927,0.011406444,0.013872471,0.011517542,0.01142843,0.011403686
2019-08-21,0.012662386,0.011549893,0.011406407,0.013872446,0.01151751,0.011428398,0.011403649
2021-02-22,0.012662404,0.011549915,0.011406434,0.013872451,0.011517532,0.011428419,0.011403675
2021-01-28,0.012662195,0.011549747,0.011406267,0.013872196,0.011517364,0.011428253,0.0114035085
2024-11-02,0.012662326,0.011549844,0.011406364,0.013872361,0.011517461,0.011428354,0.011403606
2021-12-12,0.012662379,0.011549899,0.011406418,0.0138724195,0.0115175145,0.011428403,0.011403658
2020-01-30,0.012662464,0.011549965,0.011406482,0.013872524,0.011517581,0.011428468,0.011403725
2024-11-16,0.012662404,0.011549915,0.011406434,0.013872451,0.011517532,0.011428419,0.011403675
2023-08-02,0.012662416,0.011549915,0.011406434,0.013872471,0.011517532,0.011428419,0.011403675
2019-10-13,0.012662523,0.011550013,0.011406525,0.013872588,0.011517629,0.011428516,0.011403766
2023-11-21,0.012662433,0.011549943,0.011406455,0.013872484,0.011517558,0.0114284465,0.011403698
2023-03-20,0.012662655,0.011550117,0.011406633,0.013872751,0.011517732,0.011428618,0.0114038745
2022-07-15,0.012662135,0.011549666,0.011406181,0.013872165,0.011517282,0.011428171,0.011403423
2024-05-28,0.012662445,0.011549943,0.01140646,0.013872504,0.011517558,0.0114284465,0.011403702
2022-03-20,0.012662379,0.011549888,0.011406407,0.0138724195,0.011517504,0.011428398,0.011403649
2021-11-17,0.0126621835,0.011549736,0.0114062615,0.013872165,0.011517358,0.011428246,0.011403504
2023-12-15,0.012662464,0.011549958,0.011406477,0.013872516,0.011517575,0.011428468,0.011403719
2022-06-02,0.012662457,0.011549958,0.011406477,0.013872511,0.011517575,0.011428463,0.011403719
2023-11-15,0.012662494,0.011549986,0.011406504,0.013872555,0.011517603,0.011428489,0.011403746
2021-12-09,0.012662296,0.011549828,0.011406353,0.013872313,0.01151745,0.0114283385,0.011403595
2019-05-12,0.012662457,0.011549958,0.011406477,0.013872516,0.011517575,0.011428463,0.011403719
2020-02-06,0.0126624275,0.011549937,0.011406455,0.013872478,0.011517553,0.011428441,0.011403698
2019-12-05,0.012662499,0.011549992,0.011406509,0.013872563,0.011517607,0.011428494,0.01140375
2023-04-05,0.012662452,0.011549958,0.011406471,0.013872511,0.011517575,0.011428463,0.011403713
2024-10-24,0.01266235,0.011549866,0.011406384,0.013872387,0.011517483,0.011428375,0.011403628
2023-06-04,0.012662333,0.01154984,0.011406358,0.013872379,0.011517456,0.01142835,0.0114036
2021-04-25,0.012662457,0.011549958,0.011406477,0.013872516,0.011517575,0.011428463,0.011403719
2019-12-31,0.012662487,0.011549986,0.011406504,0.01387255,0.011517603,0.011428489,0.011403746
2024-01-09,0.012662445,0.011549948,0.011406466,0.013872497,0.011517564,0.011428451,0.011403708
2024-05-17,0.012662577,0.011550007,0.011406519,0.013872707,0.011517624,0.011428506,0.011403762
2021-07-21,0.012662464,0.011549958,0.011406477,0.013872529,0.011517575,0.011428463,0.011403719
2024-05-24,0.012662386,0.011549888,0.011406407,0.013872438,0.011517504,0.0114283925,0.011403649
2021-12-10,0.012662308,0.01154984,0.011406358,0.013872328,0.011517461,0.01142835,0.0114036
2019-04-19,0.012662499,0.011549997,0.011406509,0.013872563,0.011517613,0.0114285,0.01140375
2024-06-03,0.012662457,0.011549954,0.011406471,0.013872516,0.011517569,0.011428457,0.011403713
2024-11-29,0.0126624275,0.011549937,0.011406455,0.013872478,0.011517553,0.011428441,0.011403698
2023-01-11,0.0126608005,0.01154863,0.011405186,0.013870442,0.011516255,0.01142717,0.011402428
2020-11-21,0.01266241,0.011549921,0.011406439,0.013872458,0.011517537,0.011428424,0.011403681
2024-03-23,0.012662386,0.011549899,0.011406418,0.013872431,0.0115175145,0.011428403,0.011403658
2024-10-08,0.0126624275,0.011549931,0.01140645,0.013872484,0.011517548,0.011428435,0.011403691
2023-02-26,0.012662088,0.011549666,0.011406186,0.0138720535,0.011517282,0.011428176,0.011403428
2024-01-01,0.012662457,0.011549958,0.011406477,0.013872511,0.011517575,0.011428463,0.011403719
2020-11-09,0.01266244,0.011549943,0.01140646,0.013872491,0.011517558,0.0114284465,0.011403702
2021-04-05,0.012662565,0.011550046,0.011406558,0.013872641,0.011517662,0.011428549,0.011403799
2019-06-12,0.012662457,0.011549954,0.011406471,0.013872524,0.011517569,0.011428457,0.011403713
2020-06-20,0.012662535,0.011550024,0.011406535,0.013872609,0.01151764,0.011428527,0.011403778
2022-12-16,0.012661152,0.011548913,0.011405461,0.013870879,0.011516538,0.0114274435,0.011402702
2024-06-27,0.012662404,0.011549904,0.011406423,0.013872465,0.011517521,0.011428408,0.011403665
2021-05-08,0.012662445,0.011549948,0.011406466,0.013872497,0.011517564,0.011428451,0.011403708
2019-04-18,0.012662523,0.011550013,0.011406525,0.013872594,0.011517629,0.011428516,0.011403766
2024-06-24,0.012662457,0.011549954,0.011406471,0.013872516,0.011517569,0.011428457,0.011403713
2021-03-05,0.012662511,0.011550002,0.011406519,0.013872582,0.011517619,0.011428506,0.011403762
2022-07-10,0.012662171,0.011549693,0.011406208,0.013872203,0.01151731,0.011428198,0.01140345
2023-09-21,0.012662904,0.011550324,0.011406831,0.013873065,0.011517939,0.011428817,0.011404074
2024-04-26,0.012662529,0.0115500195,0.011406535,0.013872601,0.011517634,0.011428522,0.011403778
2022-07-05,0.012662261,0.011549775,0.011406293,0.01387231,0.011517392,0.01142828,0.011403536
2024-01-12,0.01266244,0.011549948,0.01140646,0.013872491,0.011517564,0.011428451,0.011403702
2021-11-08,0.012662261,0.011549802,0.011406321,0.01387227,0.011517418,0.0114283115,0.0114035625
2019-09-11,0.012662464,0.011549965,0.011406477,0.013872524,0.011517581,0.011428468,0.011403719
2023-09-15,0.012662904,0.011550324,0.011406826,0.013873058,0.011517934,0.011428817,0.011404068
2020-07-31,0.012662404,0.01154991,0.011406428,0.013872458,0.011517526,0.011428414,0.011403671
2022-08-03,0.012662379,0.011549888,0.011406407,0.013872431,0.011517504,0.011428398,0.011403649
2023-11-20,0.01266244,0.011549948,0.01140646,0.013872491,0.011517564,0.011428451,0.011403702
2021-01-31,0.012662107,0.011549666,0.011406192,0.013872086,0.011517287,0.011428176,0.011403434
2021-04-27,0.012662457,0.011549958,0.011406477,0.013872511,0.011517575,0.011428463,0.011403719
2022-12-22,0.012661414,0.011549121,0.011405665,0.013871205,0.011516744,0.011427648,0.011402907
2020-09-25,0.012662362,0.011549871,0.011406391,0.013872406,0.011517493,0.011428381,0.011403632
2021-05-23,0.012662475,0.011549976,0.011406488,0.013872529,0.011517592,0.011428478,0.011403729
2024-07-14,0.012662303,0.0115498165,0.011406331,0.013872353,0.011517433,0.011428323,0.011403574
2020-11-30,0.012662457,0.011549958,0.011406477,0.013872516,0.011517575,0.011428463,0.011403719
2019-10-30,0.01266247,0.011549969,0.011406482,0.013872529,0.011517585,0.011428473,0.011403725
2023-07-14,0.012662315,0.011549828,0.011406348,0.013872361,0.011517445,0.011428332,0.0114035895
2022-07-04,0.012662225,0.011549747,0.0114062615,0.01387227,0.011517364,0.011428253,0.011403504
2024-07-08,0.012662445,0.011549943,0.011406455,0.013872504,0.011517558,0.0114284465,0.011403698
2020-04-02,0.012662518,0.011550007,0.011406525,0.013872588,0.011517624,0.011428511,0.011403766
2020-05-17,0.012662499,0.011549997,0.011406509,0.013872563,0.011517613,0.0114285,0.01140375
2019-08-14,0.01266244,0.011549937,0.011406455,0.013872497,0.011517553,0.011428441,0.011403698
2024-01-17,0.0126624275,0.011549937,0.01140645,0.013872478,0.011517553,0.011428441,0.011403691
2024-12-22,0.0126624275,0.011549937,0.01140645,0.013872478,0.011517553,0.011428441,0.011403691
2019-05-19,0.012662445,0.011549948,0.01140646,0.013872497,0.011517564,0.011428451,0.011403702
2021-05-31,0.012662827,0.0115502635,0.011406773,0.0138729615,0.011517879,0.0114287585,0.011404014
2020-11-07,0.012662452,0.011549954,0.011406466,0.013872504,0.011517569,0.011428457,0.011403708
2019-10-24,0.012662464,0.011549965,0.011406482,0.013872524,0.011517581,0.011428468,0.011403725
2021-07-13,0.012662481,0.011549976,0.011406492,0.013872542,0.011517592,0.011428478,0.011403734
2024-02-24,0.012661777,0.011549387,0.011405917,0.013871701,0.011517004,0.011427902,0.01140316
2022-04-17,0.012662487,0.011549986,0.011406504,0.01387255,0.011517603,0.011428489,0.011403746
2023-05-28,0.012662421,0.011549927,0.011406444,0.013872471,0.011517542,0.01142843,0.011403686
2024-10-03,0.012662362,0.011549871,0.011406391,0.013872399,0.0115174875,0.011428375,0.011403632
2021-01-25,0.012662267,0.011549802,0.011406321,0.013872282,0.011517418,0.011428305,0.0114035625
2024-09-19,0.012662464,0.011549958,0.011406471,0.013872537,0.011517575,0.011428463,0.011403713
2024-07-13,0.012662333,0.01154984,0.011406358,0.013872387,0.011517456,0.011428344,0.0114036
2023-07-29,0.0126623735,0.011549878,0.0114063965,0.013872425,0.011517493,0.011428381,0.011403638
2020-08-04,0.012662457,0.011549954,0.011406471,0.013872516,0.011517569,0.011428457,0.011403713
2020-02-29,0.012661956,0.011549545,0.011406073,0.013871911,0.011517162,0.011428058,0.011403316
2020-03-06,0.012661855,0.0115494635,0.011405992,0.013871793,0.011517081,0.011427976,0.011403234
2024-08-05,0.012662404,0.011549904,0.011406423,0.013872458,0.011517521,0.011428414,0.011403665
2024-03-12,0.012662112,0.01154967,0.011406192,0.013872099,0.011517287,0.011428176,0.011403434
2021-07-23,0.012662416,0.011549915,0.011406428,0.013872471,0.011517532,0.011428419,0.011403671
2023-06-19,0.01266241,0.011549915,0.011406434,0.013872458,0.011517532,0.011428424,0.011403675
2023-04-06,0.012662481,0.01154998,0.011406498,0.013872542,0.011517596,0.011428489,0.01140374
2022-09-17,0.012662267,0.011549786,0.0114063,0.013872302,0.011517401,0.011428289,0.011403541
2019-09-12,0.012662475,0.011549969,0.011406482,0.013872537,0.011517585,0.011428473,0.011403725
2020-04-03,0.012662494,0.011549986,0.011406498,0.013872555,0.011517603,0.011428489,0.01140374
2021-04-28,0.012662452,0.011549954,0.011406471,0.013872504,0.011517569,0.011428457,0.011403713
2020-02-01,0.012662452,0.011549954,0.011406471,0.013872504,0.011517569,0.011428463,0.011403713
2022-06-18,0.012662404,0.01154991,0.011406423,0.013872451,0.011517526,0.011428414,0.011403665
2024-03-19,0.012662362,0.011549878,0.0114063965,0.013872399,0.011517493,0.011428387,0.011403638
2023-11-09,0.012662572,0.011550051,0.011406563,0.013872652,0.011517667,0.011428554,0.011403805
2021-08-17,0.01266244,0.011549943,0.011406455,0.013872491,0.011517558,0.0114284465,0.011403698
2023-02-25,0.012662201,0.011549752,0.011406273,0.01387219,0.011517368,0.011428262,0.011403514
2021-02-24,0.0126624275,0.011549937,0.011406455,0.013872478,0.011517553,0.011428441,0.011403691
2019-09-10,0.012662452,0.011549954,0.011406466,0.013872504,0.011517569,0.011428457,0.011403708
2021-04-06,0.012662481,0.011549976,0.011406492,0.013872542,0.011517592,0.011428478,0.011403734
2020-12-07,0.012662475,0.011549976,0.011406488,0.013872529,0.011517592,0.011428478,0.011403729
2019-10-22,0.012662475,0.011549969,0.011406488,0.013872537,0.011517585,0.011428473,0.011403729
2022-11-20,0.012661861,0.011549479,0.011406015,0.013871768,0.011517103,0.0114279995,0.011403256
2020-12-27,0.012662452,0.011549954,0.011406471,0.013872504,0.011517569,0.011428457,0.011403713
2024-10-21,0.012662362,0.011549878,0.0114063965,0.013872406,0.011517493,0.011428387,0.011403638
2024-04-28,0.012662518,0.011550007,0.011406525,0.013872582,0.011517624,0.011428511,0.011403766
2019-12-01,0.012662506,0.011550002,0.011406515,0.013872575,0.011517619,0.011428506,0.011403756
2023-09-27,0.01266297,0.0115503725,0.01140688,0.013873136,0.011517988,0.011428871,0.011404122
2022-11-13,0.012662219,0.011549768,0.0114062885,0.013872216,0.011517385,0.01142828,0.011403531
2024-02-10,0.012662267,0.011549802,0.011406321,0.013872288,0.011517418,0.0114283115,0.0114035625
2021-10-28,0.012662529,0.0115500195,0.011406531,0.013872601,0.011517634,0.011428522,0.011403772
2019-11-22,0.012662518,0.011550007,0.011406519,0.013872582,0.011517624,0.011428511,0.011403762
2021-05-05,0.012662452,0.011549958,0.011406471,0.013872504,0.011517575,0.011428463,0.011403713
2020-07-01,0.012662464,0.011549965,0.011406477,0.013872524,0.011517581,0.011428468,0.011403719
2021-04-20,0.012662421,0.011549927,0.011406444,0.013872471,0.011517542,0.01142843,0.011403686
2022-11-18,0.0126620345,0.011549621,0.011406142,0.013871982,0.011517238,0.011428134,0.011403385
2024-08-31,0.012662577,0.011550051,0.011406563,0.013872674,0.011517667,0.011428549,0.011403805
2020-10-15,0.012662457,0.011549954,0.011406471,0.013872516,0.011517569,0.011428463,0.011403713
2020-09-04,0.01266244,0.011549927,0.011406439,0.013872516,0.011517537,0.011428424,0.011403681
2021-04-15,0.012662452,0.011549954,0.011406466,0.013872511,0.011517569,0.011428457,0.011403708
2024-03-11,0.012662047,0.011549616,0.011406142,0.013872027,0.011517232,0.011428128,0.011403385
2022-08-04,0.012662398,0.011549904,0.011406418,0.013872446,0.011517521,0.011428408,0.011403658
2021-09-19,0.012662369,0.011549878,0.0114063965,0.0138724195,0.011517493,0.011428381,0.011403638
2021-07-17,0.012662506,0.011549992,0.011406509,0.013872575,0.011517607,0.011428494,0.01140375
2019-06-08,0.012662464,0.011549958,0.011406471,0.013872529,0.011517575,0.011428463,0.011403713
2024-06-23,0.012662457,0.011549954,0.011406471,0.013872516,0.011517569,0.011428457,0.011403713
2024-11-09,0.012662369,0.011549882,0.011406401,0.013872406,0.011517499,0.011428387,0.011403643
2020-08-22,0.0126623735,0.011549882,0.0114063965,0.013872425,0.011517499,0.011428387,0.011403638
2023-06-22,0.012662308,0.011549828,0.011406348,0.01387234,0.011517445,0.011428332,0.0114035895
2023-05-13,0.01266244,0.011549948,0.01140646,0.013872491,0.011517564,0.011428451,0.011403702
2024-01-28,0.012662369,0.011549888,0.011406407,0.013872406,0.011517504,0.0114283925,0.011403649
2020-04-24,0.012662494,0.011549986,0.011406504,0.013872555,0.011517603,0.011428489,0.011403746
2023-01-04,0.012660788,0.01154862,0.011405176,0.01387043,0.011516245,0.0114271585,0.011402418
2021-01-05,0.012662421,0.011549931,0.011406444,0.013872471,0.011517548,0.011428435,0.011403686
2019-04-13,0.012662464,0.011549958,0.011406477,0.013872524,0.011517575,0.011428463,0.011403719
2019-10-11,0.012662511,0.011550007,0.011406519,0.013872575,0.011517624,0.011428511,0.011403762
2021-08-23,0.012662457,0.011549954,0.011406471,0.013872511,0.011517569,0.011428463,0.011403713
2023-02-19,0.012661808,0.0115494365,0.011405972,0.013871701,0.011517059,0.011427956,0.011403213
2022-08-24,0.012662117,0.011549666,0.011406186,0.013872119,0.011517282,0.011428176,0.011403428
2024-10-29,0.012662296,0.011549823,0.011406337,0.013872321,0.011517439,0.011428328,0.011403579
2023-10-28,0.012662595,0.011550073,0.011406585,0.013872687,0.011517689,0.011428575,0.011403825
2023-09-16,0.012662834,0.011550259,0.011406767,0.013872973,0.011517873,0.0114287585,0.011404009
2022-03-30,0.012662464,0.011549954,0.011406471,0.013872529,0.011517569,0.011428457,0.011403713
2022-01-05,0.012662481,0.01154998,0.011406492,0.013872542,0.011517596,0.011428484,0.011403734
2021-06-12,0.012662452,0.011549943,0.01140646,0.013872516,0.011517558,0.0114284465,0.011403702
2023-02-24,0.012662565,0.011550051,0.011406568,0.013872641,0.011517667,0.011428554,0.01140381
2024-01-02,0.012662452,0.011549954,0.011406471,0.013872511,0.011517569,0.011428457,0.011403713
2022-11-14,0.012662219,0.011549768,0.0114062885,0.013872211,0.011517385,0.011428273,0.011403531
2019-07-24,0.012662452,0.011549927,0.011406439,0.013872537,0.011517542,0.01142843,0.011403681
2020-04-29,0.012662487,0.01154998,0.011406498,0.013872542,0.011517596,0.011428484,0.01140374
2021-09-14,0.012662404,0.011549904,0.011406418,0.013872458,0.011517521,0.011428408,0.011403658
2024-09-29,0.012662416,0.011549915,0.011406428,0.013872471,0.011517532,0.011428419,0.011403671
2021-02-16,0.012662135,0.011549693,0.011406213,0.013872126,0.01151731,0.011428203,0.011403455
2024-05-14,0.012662416,0.011549921,0.011406434,0.013872471,0.011517537,0.011428424,0.011403675
2024-11-25,0.012662445,0.011549948,0.011406466,0.013872497,0.011517564,0.011428451,0.011403708
2023-10-25,0.012662648,0.011550111,0.011406622,0.013872745,0.011517726,0.011428612,0.011403864
2023-05-12,0.01266244,0.011549943,0.01140646,0.013872491,0.011517558,0.0114284465,0.011403702
2023-05-02,0.012662464,0.011549965,0.011406477,0.013872516,0.011517581,0.011428468,0.011403719
2021-07-03,0.012662457,0.011549958,0.011406471,0.013872516,0.011517575,0.011428463,0.011403713
2024-01-23,0.012662393,0.011549904,0.011406423,0.013872438,0.011517521,0.011428414,0.011403665
2021-10-26,0.012662523,0.011550013,0.011406531,0.013872594,0.011517629,0.011428516,0.011403772
2023-04-04,0.012662452,0.011549954,0.011406466,0.013872504,0.011517569,0.011428457,0.011403708
2021-01-01,0.012662421,0.011549931,0.01140645,0.013872471,0.011517548,0.011428435,0.011403691
2022-04-11,0.012662475,0.011549976,0.011406492,0.013872537,0.011517592,0.011428478,0.011403734
2021-10-12,0.01266256,0.011550034,0.011406546,0.013872641,0.011517651,0.011428538,0.011403789
2024-12-03,0.01266244,0.011549943,0.01140646,0.013872491,0.011517558,0.011428451,0.011403702
2019-11-04,0.012662475,0.011549976,0.011406488,0.013872537,0.011517592,0.011428478,0.011403729
2020-06-27,0.012662464,0.011549965,0.011406482,0.013872524,0.011517581,0.011428468,0.011403725
2023-06-06,0.0126622915,0.011549812,0.011406331,0.013872321,0.011517429,0.011428316,0.011403574
2023-05-29,0.01266244,0.011549943,0.01140646,0.013872491,0.011517558,0.0114284465,0.011403702
2024-11-27,0.012662433,0.011549937,0.011406455,0.013872484,0.011517553,0.011428441,0.011403698
2021-05-19,0.012662457,0.011549958,0.011406477,0.013872511,0.011517575,0.011428468,0.011403719
2024-07-05,0.012662487,0.01154998,0.011406492,0.013872555,0.011517596,0.011428484,0.011403734
2022-02-07,0.0126624275,0.011549937,0.01140645,0.013872478,0.011517553,0.011428441,0.011403691
2019-10-25,0.012662457,0.011549958,0.011406471,0.013872516,0.011517575,0.011428463,0.011403713
2022-01-23,0.012662475,0.011549976,0.011406492,0.013872537,0.011517592,0.011428478,0.011403734
2023-09-03,0.012663143,0.011550514,0.011407014,0.013873359,0.011518128,0.011429007,0.011404256
2020-05-01,0.012662494,0.011549986,0.011406504,0.013872555,0.011517603,0.011428489,0.011403746
2020-10-29,0.01266244,0.011549943,0.01140646,0.013872491,0.011517558,0.0114284465,0.011403702
2023-02-23,0.012662445,0.011549954,0.011406471,0.013872491,0.011517569,0.011428457,0.011403713
2024-07-16,0.012662261,0.011549779,0.0114063,0.013872295,0.011517395,0.011428284,0.011403541
2021-06-13,0.012662452,0.011549943,0.011406455,0.013872524,0.011517558,0.0114284465,0.011403698
2023-12-24,0.012662464,0.011549965,0.011406482,0.013872524,0.011517581,0.011428468,0.011403725
2021-02-14,0.012661993,0.011549572,0.0114061,0.013871956,0.011517195,0.011428085,0.011403343
2021-07-22,0.012662487,0.011549976,0.011406492,0.013872563,0.011517592,0.011428478,0.011403734
2020-10-11,0.01266247,0.011549965,0.011406482,0.013872537,0.011517581,0.011428473,0.011403725
2024-04-12,0.012662529,0.0115500195,0.011406531,0.013872601,0.011517634,0.011428522,0.011403772
2023-12-31,0.012662457,0.011549958,0.011406477,0.013872511,0.011517575,0.011428463,0.011403719
2024-06-01,0.012662499,0.011549992,0.011406509,0.013872569,0.011517607,0.011428494,0.01140375
2022-05-01,0.012662565,0.011550046,0.011406563,0.013872641,0.011517662,0.011428549,0.011403805
2020-04-18,0.012662547,0.01155003,0.011406546,0.013872622,0.011517645,0.011428532,0.011403789
2024-12-09,0.01266244,0.011549943,0.01140646,0.013872491,0.011517558,0.0114284465,0.011403702
2021-12-02,0.012662171,0.011549731,0.011406251,0.013872152,0.011517347,0.011428236,0.011403492
2024-10-28,0.012662308,0.011549834,0.011406353,0.01387234,0.01151745,0.0114283385,0.011403595
2024-11-18,0.0126624275,0.011549931,0.01140645,0.013872471,0.011517548,0.011428435,0.011403691
2023-03-01,0.012662178,0.011549736,0.011406257,0.013872165,0.0115173515,0.011428246,0.011403498
2023-11-19,0.012662445,0.011549948,0.011406466,0.013872497,0.011517564,0.011428451,0.011403708
2022-01-03,0.012662475,0.011549976,0.011406492,0.013872537,0.011517592,0.011428478,0.011403734
2021-08-29,0.012662398,0.011549899,0.011406418,0.013872451,0.0115175145,0.011428403,0.011403658
2022-12-19,0.01266117,0.011548931,0.011405471,0.013870906,0.01151655,0.011427456,0.011402718
2020-10-02,0.012662445,0.011549948,0.01140646,0.013872504,0.011517564,0.011428451,0.011403702
2021-09-05,0.0126623735,0.011549878,0.011406391,0.013872425,0.011517493,0.011428381,0.011403632
2020-01-31,0.012662452,0.011549958,0.011406471,0.013872511,0.011517575,0.011428463,0.011403713
2023-12-12,0.01266244,0.011549943,0.01140646,0.013872491,0.011517558,0.0114284465,0.011403702
2019-06-01,0.012662888,0.011550307,0.011406816,0.013873031,0.011517922,0.011428801,0.011404057
2019-11-23,0.012662511,0.011550002,0.011406519,0.013872575,0.011517619,0.011428506,0.011403762
2023-04-26,0.012662445,0.011549948,0.011406466,0.013872497,0.011517564,0.011428451,0.011403708
2023-10-22,0.012662684,0.011550143,0.0114066545,0.013872791,0.011517759,0.011428645,0.011403896
2021-08-26,0.012662433,0.011549937,0.01140645,0.013872497,0.011517553,0.011428441,0.011403691
2020-07-28,0.012662421,0.011549921,0.011406439,0.013872478,0.011517537,0.011428424,0.011403681
2021-09-17,0.012662393,0.011549899,0.011406418,0.013872446,0.0115175145,0.011428403,0.011403658
2023-08-31,0.012662713,0.011550161,0.01140667,0.013872829,0.011517776,0.011428661,0.011403913
2021-09-29,0.012662296,0.0115498165,0.011406337,0.013872328,0.011517433,0.011428323,0.011403579
2021-11-06,0.012662404,0.011549921,0.011406434,0.013872446,0.011517537,0.011428424,0.011403675
2023-06-23,0.012662308,0.011549828,0.011406348,0.01387234,0.011517445,0.011428332,0.0114035895
2019-04-26,0.012662475,0.011549976,0.011406488,0.013872537,0.011517592,0.011428478,0.011403729
2021-04-03,0.012662506,0.011549997,0.011406509,0.013872575,0.011517613,0.011428494,0.01140375
2021-07-30,0.012662386,0.011549893,0.011406407,0.013872438,0.01151751,0.011428398,0.011403649
2022-02-04,0.012662452,0.011549954,0.011406471,0.013872504,0.011517569,0.011428457,0.011403713
2021-02-05,0.012662064,0.011549633,0.01140616,0.01387204,0.011517255,0.011428144,0.0114034
2021-11-11,0.012662189,0.011549741,0.011406267,0.013872177,0.011517358,0.011428253,0.0114035085
2019-05-07,0.01266247,0.011549965,0.011406482,0.013872524,0.011517581,0.011428473,0.011403725
2022-09-23,0.012662225,0.011549747,0.011406267,0.013872262,0.011517364,0.011428253,0.0114035085
2020-09-23,0.012662379,0.011549893,0.011406407,0.013872431,0.01151751,0.011428398,0.011403649
2021-11-02,0.01266247,0.011549969,0.011406488,0.013872524,0.011517585,0.011428473,0.011403729
2024-08-26,0.012662506,0.011549992,0.011406504,0.013872575,0.011517607,0.011428494,0.011403746
2019-09-09,0.012662452,0.011549954,0.011406471,0.013872504,0.011517569,0.011428457,0.011403713
2023-04-19,0.012662452,0.011549958,0.011406471,0.013872504,0.011517575,0.011428463,0.011403713
2020-05-25,0.012662506,0.011549997,0.011406509,0.013872569,0.011517613,0.0114285,0.01140375
2024-11-22,0.012662445,0.011549948,0.011406466,0.013872497,0.011517564,0.011428451,0.011403708
2023-12-17,0.012662445,0.011549954,0.011406466,0.013872504,0.011517569,0.011428457,0.011403708
2021-06-10,0.012662499,0.011549992,0.011406504,0.013872569,0.011517607,0.011428494,0.011403746
2023-10-01,0.01266297,0.011550379,0.01140688,0.013873143,0.011517988,0.011428871,0.011404122
2019-08-30,0.012662201,0.011549731,0.011406251,0.013872224,0.011517347,0.011428236,0.011403492
2019-08-16,0.012662421,0.011549921,0.011406439,0.013872484,0.011517537,0.011428424,0.011403681
2024-10-05,0.012662386,0.011549899,0.011406412,0.013872438,0.0115175145,0.011428403,0.011403655
2020-07-03,0.012662445,0.011549943,0.01140646,0.013872504,0.011517558,0.0114284465,0.011403702
2020-12-18,0.012662457,0.011549965,0.011406477,0.013872516,0.011517581,0.011428468,0.011403719
2021-07-15,0.01266247,0.011549965,0.011406482,0.013872529,0.011517581,0.011428468,0.011403725
2021-01-02,0.012662421,0.011549927,0.011406444,0.013872465,0.011517542,0.011428435,0.011403686
2024-03-30,0.01266244,0.011549943,0.01140646,0.013872491,0.011517558,0.0114284465,0.011403702
2020-05-31,0.012662487,0.011549965,0.011406482,0.013872563,0.011517581,0.011428468,0.011403725
2020-03-14,0.012662421,0.011549931,0.01140645,0.013872471,0.011517548,0.011428435,0.011403691
2023-03-15,0.012662308,0.011549844,0.011406364,0.013872328,0.011517461,0.01142835,0.011403606
2022-12-20,0.012661027,0.011548815,0.011405364,0.013870729,0.011516435,0.011427347,0.011402606
2022-08-31,0.012662296,0.011549812,0.011406327,0.01387234,0.011517429,0.011428316,0.011403567
2023-03-13,0.012662344,0.011549871,0.011406391,0.013872368,0.0115174875,0.011428375,0.011403632
2019-07-08,0.012662285,0.011549796,0.0114063155,0.013872321,0.011517412,0.0114283,0.011403558
2021-11-03,0.012662464,0.011549965,0.011406477,0.013872516,0.011517581,0.011428468,0.011403719
2019-04-21,0.012662499,0.011549992,0.011406509,0.013872563,0.011517607,0.011428494,0.01140375
2021-02-11,0.012661956,0.011549545,0.011406073,0.013871911,0.011517162,0.011428058,0.011403316
2020-03-31,0.012662481,0.01154998,0.011406492,0.01387255,0.011517596,0.011428484,0.011403734
2019-11-25,0.012662518,0.011550007,0.011406525,0.013872588,0.011517624,0.011428511,0.011403766
2023-04-25,0.012662457,0.011549958,0.011406471,0.013872511,0.011517575,0.011428463,0.011403713
2019-07-07,0.012662273,0.011549789,0.011406309,0.013872313,0.011517406,0.011428296,0.011403551
2023-04-29,0.012662475,0.011549976,0.011406488,0.013872537,0.011517592,0.011428478,0.011403729
2020-12-05,0.01266247,0.011549969,0.011406488,0.013872529,0.011517585,0.011428473,0.011403729
2023-04-12,0.012662452,0.011549954,0.011406471,0.013872511,0.011517569,0.011428463,0.011403713
2021-09-12,0.012662386,0.011549888,0.011406407,0.013872438,0.011517504,0.0114283925,0.011403649
2024-05-08,0.012662393,0.011549904,0.011406423,0.013872438,0.011517521,0.011428408,0.011403665
2024-07-04,0.012662452,0.011549948,0.011406466,0.013872511,0.011517564,0.011428451,0.011403708
2021-05-17,0.01266244,0.011549943,0.01140646,0.013872491,0.011517558,0.0114284465,0.011403702
2024-12-31,0.012662421,0.011549931,0.011406444,0.013872471,0.011517548,0.011428435,0.011403686
2023-07-24,0.012662315,0.011549834,0.011406348,0.013872361,0.01151745,0.0114283385,0.0114035895
2023-01-31,0.0126609495,0.01154875,0.011405299,0.013870631,0.0115163755,0.011427282,0.011402546
2023-09-09,0.012663383,0.011550711,0.011407208,0.0138736395,0.011518325,0.0114292,0.011404451
2022-06-09,0.012662416,0.011549927,0.011406439,0.013872465,0.011517542,0.01142843,0.011403681
2023-07-02,0.01266235,0.01154984,0.011406353,0.0138724195,0.011517456,0.011428344,0.011403595
2024-05-20,0.012662506,0.011549958,0.011406466,0.013872614,0.011517569,0.011428457,0.011403708
2023-08-15,0.012662582,0.011550051,0.011406563,0.013872674,0.011517667,0.011428554,0.011403805
2022-09-04,0.0126623195,0.011549834,0.011406348,0.013872372,0.01151745,0.0114283385,0.0114035895
2023-02-02,0.012660871,0.011548685,0.011405241,0.0138705345,0.011516309,0.011427224,0.011402482
2022-05-18,0.012662457,0.011549958,0.011406477,0.013872516,0.011517575,0.011428463,0.011403719
2022-12-29,0.012660817,0.011548648,0.011405203,0.013870468,0.011516272,0.01142718,0.011402445
2021-02-18,0.012662273,0.011549807,0.011406327,0.013872288,0.011517422,0.0114283115,0.011403567
2024-09-15,0.012662494,0.01154998,0.011406498,0.013872563,0.011517596,0.011428484,0.01140374
2023-06-20,0.012662398,0.01154991,0.011406423,0.013872446,0.011517526,0.011428414,0.011403665
2022-07-30,0.012662404,0.011549904,0.011406423,0.013872451,0.011517521,0.011428408,0.011403665
2019-12-17,0.012662487,0.011549986,0.011406498,0.01387255,0.011517603,0.011428489,0.01140374
2023-06-30,0.012662303,0.011549802,0.011406321,0.013872361,0.011517418,0.011428305,0.0114035625
2019-12-06,0.012662494,0.011549992,0.011406504,0.013872555,0.011517607,0.011428494,0.011403746
2022-09-27,0.012662249,0.011549768,0.011406283,0.013872282,0.011517385,0.011428273,0.011403525
2021-01-24,0.012662279,0.011549812,0.011406331,0.013872295,0.011517429,0.011428316,0.011403574
2022-03-27,0.012662475,0.011549969,0.011406482,0.01387255,0.011517585,0.011428473,0.011403725
2024-03-27,0.012662433,0.011549937,0.011406455,0.013872484,0.011517553,0.011428441,0.011403698
2019-11-24,0.012662511,0.011550002,0.011406515,0.013872575,0.011517619,0.011428506,0.011403756
2019-06-21,0.012662445,0.011549937,0.01140645,0.013872511,0.011517553,0.011428441,0.011403691
2023-07-25,0.0126623735,0.011549882,0.0114063965,0.013872425,0.011517499,0.011428387,0.011403638
2019-03-26,0.012662494,0.01154998,0.011406498,0.013872555,0.011517596,0.011428484,0.01140374
2020-07-12,0.012662416,0.011549904,0.011406423,0.013872491,0.011517521,0.011428408,0.011403665
2022-02-23,0.012662166,0.011549714,0.0114062335,0.013872158,0.01151733,0.011428226,0.011403476
2020-09-11,0.012662398,0.011549904,0.011406418,0.013872451,0.011517521,0.011428408,0.011403658
2019-06-03,0.012662892,0.0115503175,0.011406821,0.013873044,0.011517934,0.0114288125,0.011404063
2019-10-27,0.012662464,0.011549965,0.011406477,0.013872524,0.011517581,0.011428468,0.011403719
2023-09-28,0.01266297,0.011550379,0.01140688,0.013873143,0.011517992,0.011428871,0.011404122
2022-02-03,0.012662452,0.011549958,0.011406471,0.013872504,0.011517575,0.011428463,0.011403713
2020-05-18,0.012662494,0.011549992,0.011406509,0.013872555,0.011517607,0.011428494,0.01140375
2024-01-10,0.01266244,0.011549948,0.01140646,0.013872497,0.011517564,0.011428451,0.011403702
2024-10-16,0.012662379,0.011549893,0.011406412,0.013872425,0.01151751,0.011428398,0.011403655
2021-01-03,0.012662421,0.011549931,0.011406444,0.013872471,0.011517548,0.011428435,0.011403686
2020-02-02,0.012662457,0.011549958,0.011406477,0.013872511,0.011517575,0.011428463,0.011403719
2020-03-18,0.012662464,0.011549965,0.011406477,0.013872524,0.011517581,0.011428468,0.011403719
2020-12-28,0.012662445,0.011549948,0.011406466,0.013872497,0.011517564,0.011428451,0.011403708
2020-12-26,0.012662452,0.011549954,0.011406471,0.013872504,0.011517569,0.011428457,0.011403713
2020-02-27,0.012662093,0.011549654,0.011406181,0.013872073,0.011517276,0.011428166,0.011403423
2022-03-02,0.01266216,0.011549709,0.0114062335,0.013872152,0.011517325,0.011428219,0.011403476
2023-07-04,0.012662344,0.011549828,0.011406348,0.013872412,0.011517445,0.011428332,0.0114035895
2020-04-20,0.012662547,0.01155003,0.011406541,0.013872622,0.011517645,0.011428532,0.011403782
2024-02-03,0.012662339,0.01154986,0.01140638,0.013872372,0.011517477,0.011428371,0.011403622
2021-10-20,0.012662475,0.011549969,0.011406488,0.013872537,0.011517585,0.011428473,0.011403729
2023-12-18,0.012662445,0.011549954,0.011406466,0.013872504,0.011517569,0.011428457,0.011403708
2022-09-06,0.012662285,0.011549802,0.011406321,0.013872328,0.011517418,0.011428305,0.0114035625
2020-11-01,0.01266244,0.011549943,0.01140646,0.013872497,0.011517558,0.0114284465,0.011403702
2023-03-16,0.0126622915,0.011549828,0.011406348,0.01387231,0.011517445,0.011428332,0.0114035895
2021-09-26,0.012662285,0.011549812,0.011406327,0.013872313,0.011517429,0.011428316,0.011403567
2021-03-01,0.012662457,0.011549958,0.011406477,0.013872516,0.011517575,0.011428463,0.011403719
2022-09-20,0.012662219,0.011549741,0.0114062615,0.013872255,0.011517358,0.011428246,0.011403504
2023-09-26,0.012662935,0.011550351,0.011406854,0.0138730975,0.011517965,0.011428845,0.011404095
2023-06-08,0.012662267,0.011549789,0.011406309,0.013872288,0.011517406,0.0114283,0.011403551
2020-07-19,0.0126623195,0.011549834,0.011406353,0.013872361,0.01151745,0.0114283385,0.011403595
2024-09-18,0.012662452,0.011549948,0.011406466,0.013872516,0.011517564,0.011428451,0.011403708
2024-01-27,0.012662379,0.011549899,0.011406412,0.0138724195,0.0115175145,0.011428403,0.011403655
2024-07-18,0.01266216,0.011549698,0.011406213,0.013872177,0.011517314,0.011428203,0.011403455
2021-09-04,0.012662404,0.011549904,0.011406418,0.013872465,0.011517521,0.011428408,0.011403658
2023-12-30,0.012662457,0.011549958,0.011406477,0.013872511,0.011517575,0.011428463,0.011403719
2024-03-22,0.012662481,0.011549976,0.011406492,0.013872542,0.011517592,0.011428478,0.011403734
2022-05-24,0.012662494,0.011549976,0.011406492,0.013872563,0.011517592,0.011428478,0.011403734
2023-02-01,0.012660979,0.0115487715,0.0114053255,0.013870664,0.011516396,0.01142731,0.011402569
2024-07-24,0.012662254,0.011549768,0.0114062885,0.013872295,0.011517385,0.011428273,0.011403531
2023-11-05,0.012662565,0.011550046,0.011406558,0.013872641,0.011517656,0.011428542,0.011403799
2019-12-15,0.012662481,0.01154998,0.011406498,0.013872542,0.011517596,0.011428484,0.011403734
2024-06-06,0.012662416,0.011549927,0.011406439,0.013872465,0.011517542,0.01142843,0.011403681
2023-12-03,0.01266244,0.011549943,0.01140646,0.013872491,0.011517564,0.011428451,0.011403702
2024-05-02,0.012662481,0.01154998,0.011406498,0.013872542,0.011517596,0.011428484,0.01140374
2022-11-12,0.012662225,0.011549775,0.0114063,0.013872224,0.011517395,0.011428284,0.011403541
2023-04-28,0.012662445,0.011549954,0.011406466,0.013872504,0.011517569,0.011428457,0.011403708
2021-06-05,0.012662487,0.011549976,0.011406492,0.013872555,0.011517592,0.011428478,0.011403734
2021-04-21,0.012662445,0.011549948,0.01140646,0.013872497,0.011517564,0.011428451,0.011403702
2020-03-16,0.01266244,0.011549943,0.01140646,0.013872491,0.011517558,0.0114284465,0.011403702
2024-06-18,0.012662141,0.011549703,0.011406224,0.013872126,0.011517321,0.01142821,0.011403467
2023-11-25,0.012662421,0.011549931,0.01140645,0.013872471,0.011517548,0.011428435,0.011403691
2019-04-07,0.01266247,0.011549969,0.011406482,0.013872537,0.011517585,0.011428473,0.011403725
2021-04-02,0.012662565,0.011550046,0.011406558,0.013872652,0.011517662,0.011428549,0.011403799
2019-04-01,0.012662506,0.011549992,0.011406504,0.013872582,0.011517607,0.011428494,0.011403746
2024-09-25,0.012662506,0.01154998,0.011406492,0.013872594,0.011517596,0.011428484,0.011403734
2020-03-30,0.01266247,0.011549969,0.011406482,0.013872529,0.011517585,0.011428473,0.011403725
2022-08-06,0.01266241,0.011549915,0.011406428,0.013872465,0.011517532,0.011428419,0.011403671
2023-07-16,0.0126623195,0.01154984,0.011406353,0.013872368,0.011517456,0.011428344,0.011403595
2024-12-07,0.01266244,0.011549943,0.01140646,0.013872491,0.011517558,0.0114284465,0.011403702
2020-03-02,0.012661874,0.011549475,0.011406003,0.013871806,0.011517092,0.011427988,0.011403246
2023-07-31,0.012662404,0.01154991,0.011406423,0.013872465,0.011517526,0.011428414,0.011403665
2022-12-24,0.012660825,0.011548651,0.011405208,0.013870476,0.011516278,0.0114271855,0.0114024505
2022-02-09,0.012662433,0.011549943,0.011406455,0.013872484,0.011517558,0.0114284465,0.011403698
2023-09-07,0.01266319,0.011550558,0.011407057,0.013873418,0.011518166,0.0114290435,0.011404299
2024-07-15,0.012662249,0.011549768,0.0114062885,0.013872288,0.011517385,0.011428273,0.011403531
2021-09-30,0.012662315,0.011549828,0.011406348,0.013872353,0.011517445,0.0114283385,0.0114035895
2022-01-16,0.012662481,0.01154998,0.011406492,0.013872537,0.011517596,0.011428484,0.011403734
2021-03-11,0.01266256,0.011550041,0.011406552,0.013872634,0.011517656,0.011428542,0.011403794
2019-10-01,0.012662518,0.011550007,0.011406519,0.013872582,0.011517624,0.011428511,0.011403762
2020-07-26,0.01266235,0.01154986,0.01140638,0.013872399,0.011517477,0.0114283655,0.011403622
2022-05-15,0.01266247,0.011549969,0.011406488,0.013872529,0.011517585,0.011428473,0.011403729
2024-08-07,0.012662404,0.01154991,0.011406428,0.013872458,0.011517526,0.011428414,0.011403671
2024-09-11,0.012662511,0.011549997,0.011406509,0.013872582,0.011517613,0.0114285,0.01140375
2020-04-28,0.012662481,0.01154998,0.011406498,0.013872542,0.011517596,0.011428484,0.01140374
2021-06-25,0.01266244,0.011549937,0.011406455,0.013872497,0.011517553,0.011428441,0.011403698
2020-10-28,0.0126624275,0.011549937,0.01140645,0.013872484,0.011517553,0.011428441,0.011403691
2021-01-29,0.012662171,0.01154972,0.011406246,0.013872165,0.011517337,0.01142823,0.011403488
2022-06-25,0.012662339,0.011549851,0.011406369,0.013872379,0.011517466,0.011428354,0.011403611
2022-08-13,0.0126623735,0.011549882,0.011406401,0.013872425,0.011517499,0.0114283925,0.011403643
2020-12-04,0.01266247,0.011549969,0.011406488,0.013872529,0.011517585,0.011428473,0.011403729
2023-05-03,0.01266247,0.011549969,0.011406488,0.013872529,0.011517585,0.011428473,0.011403729
2024-11-30,0.012662445,0.011549948,0.011406466,0.013872504,0.011517564,0.011428451,0.011403708
2020-02-21,0.012662261,0.011549796,0.0114063155,0.013872275,0.011517412,0.011428305,0.011403558
2023-09-11,0.012663298,0.011550651,0.011407143,0.013873541,0.011518259,0.011429136,0.011404385
2024-08-23,0.012662445,0.011549937,0.011406455,0.013872511,0.011517553,0.011428441,0.011403698
2023-10-05,0.012662946,0.011550357,0.011406858,0.01387311,0.011517965,0.01142885,0.0114041
2022-04-04,0.012662457,0.011549958,0.011406471,0.013872516,0.011517575,0.011428463,0.011403713
2023-03-09,0.012662285,0.011549823,0.0114063425,0.013872295,0.011517439,0.011428328,0.011403584
2021-10-02,0.012662326,0.01154984,0.011406353,0.013872368,0.011517456,0.011428344,0.011403595
2023-09-20,0.012662946,0.011550357,0.011406858,0.01387311,0.011517971,0.01142885,0.0114041
2019-07-03,0.0126623195,0.01154984,0.011406353,0.013872368,0.011517456,0.011428344,0.011403595
2019-10-17,0.012662506,0.011549997,0.011406509,0.013872569,0.011517613,0.0114285,0.01140375
2023-12-20,0.012662457,0.011549958,0.011406477,0.013872511,0.011517575,0.011428463,0.011403719
2022-06-16,0.0126624275,0.011549927,0.011406444,0.013872484,0.011517542,0.011428435,0.011403686
2024-04-02,0.012662481,0.011549976,0.011406492,0.013872542,0.011517592,0.011428478,0.011403734
2022-11-10,0.012662296,0.011549834,0.011406353,0.013872313,0.01151745,0.0114283385,0.011403595
2023-08-10,0.012662445,0.011549937,0.01140645,0.013872511,0.011517553,0.011428441,0.011403691
2021-01-07,0.012662421,0.011549931,0.011406444,0.013872471,0.011517548,0.011428435,0.011403686
2024-08-25,0.012662487,0.011549976,0.011406488,0.013872555,0.011517592,0.011428478,0.011403729
2019-11-15,0.012662506,0.011550002,0.011406515,0.013872575,0.011517619,0.011428506,0.011403756
2021-11-16,0.01266216,0.01154972,0.011406246,0.013872145,0.011517341,0.01142823,0.011403488
2021-08-02,0.012662225,0.011549758,0.011406277,0.013872249,0.011517374,0.011428262,0.01140352
2023-03-25,0.012662386,0.011549899,0.011406412,0.013872425,0.0115175145,0.011428403,0.011403655
2020-04-26,0.012662481,0.01154998,0.011406492,0.013872542,0.011517596,0.011428484,0.011403734
2020-05-20,0.012662506,0.011550002,0.011406515,0.013872575,0.011517619,0.011428506,0.011403756
2019-08-20,0.01266241,0.01154991,0.011406428,0.013872465,0.011517526,0.011428414,0.011403671
2019-10-08,0.012662511,0.011550007,0.011406519,0.013872575,0.011517624,0.011428511,0.011403762
2023-10-17,0.012662838,0.011550269,0.011406778,0.01387298,0.011517885,0.011428764,0.01140402
2020-12-13,0.01266247,0.011549969,0.011406488,0.013872529,0.011517585,0.011428473,0.011403729
2023-11-27,0.0126624275,0.011549937,0.01140645,0.013872478,0.011517553,0.011428441,0.011403691
2021-04-29,0.012662452,0.011549958,0.011406471,0.013872511,0.011517575,0.011428463,0.011403713
2021-06-09,0.012662475,0.011549969,0.011406488,0.013872537,0.011517585,0.011428473,0.011403729
2021-11-28,0.012662112,0.011549681,0.011406202,0.0138720805,0.011517298,0.011428193,0.011403444
2020-06-29,0.012662464,0.011549958,0.011406477,0.013872524,0.011517575,0.011428463,0.011403719
2022-08-16,0.012662379,0.011549888,0.011406407,0.013872431,0.011517504,0.0114283925,0.011403649
2024-07-11,0.0126623195,0.011549834,0.011406353,0.013872361,0.01151745,0.0114283385,0.011403595
2022-08-29,0.012662076,0.011549633,0.011406154,0.013872073,0.011517248,0.011428144,0.011403397
2020-10-22,0.01266244,0.011549943,0.011406455,0.013872497,0.011517558,0.0114284465,0.011403698
2022-03-22,0.012662421,0.011549921,0.011406439,0.013872471,0.011517537,0.011428424,0.011403681
2021-02-17,0.012662195,0.011549741,0.0114062615,0.013872196,0.011517358,0.011428253,0.011403504
2022-07-23,0.012662213,0.011549731,0.011406251,0.013872249,0.0115173515,0.011428242,0.011403492
2024-03-13,0.012662135,0.011549693,0.011406213,0.013872132,0.01151731,0.011428198,0.011403455
2023-03-30,0.012662506,0.011549997,0.011406515,0.013872575,0.011517613,0.0114285,0.011403756
2024-07-02,0.0126624275,0.011549927,0.011406444,0.013872484,0.011517542,0.01142843,0.011403686
2021-06-26,0.01266247,0.011549965,0.011406477,0.013872529,0.011517581,0.011428468,0.011403719
2020-10-13,0.012662457,0.011549958,0.011406471,0.013872516,0.011517575,0.011428463,0.011403713
2019-04-14,0.012662475,0.011549969,0.011406482,0.013872537,0.011517585,0.011428473,0.011403725
2024-10-01,0.012662386,0.011549893,0.011406407,0.013872431,0.01151751,0.011428398,0.011403649
2019-06-17,0.012662356,0.011549866,0.01140638,0.013872412,0.011517483,0.011428371,0.011403622
2019-09-17,0.012662475,0.011549969,0.011406488,0.013872537,0.011517585,0.011428473,0.011403729
2019-03-27,0.012662499,0.011549992,0.011406504,0.013872569,0.011517603,0.011428489,0.011403746
2024-08-10,0.01266241,0.011549915,0.011406428,0.013872471,0.011517532,0.011428419,0.011403671
2020-09-09,0.01266241,0.011549904,0.011406423,0.013872471,0.011517521,0.011428408,0.011403665
2024-06-21,0.012662362,0.011549871,0.011406391,0.013872399,0.0115174875,0.011428381,0.011403632
2020-04-16,0.012662552,0.011550034,0.011406546,0.013872628,0.011517651,0.011428538,0.011403789
2023-03-04,0.012662333,0.01154986,0.011406384,0.013872348,0.011517483,0.011428371,0.011403628
2022-01-25,0.01266247,0.011549969,0.011406488,0.013872529,0.011517585,0.011428473,0.011403729
2023-01-07,0.012661838,0.0115494635,0.011405999,0.013871741,0.011517085,0.011427983,0.01140324
2020-11-29,0.012662452,0.011549954,0.011406466,0.013872504,0.011517569,0.011428457,0.011403708
2024-08-13,0.012662421,0.011549921,0.011406439,0.013872478,0.011517537,0.011428424,0.011403681
2021-06-03,0.012662499,0.011549986,0.011406504,0.013872569,0.011517603,0.011428489,0.011403746
2021-01-19,0.012662369,0.011549888,0.011406401,0.013872406,0.011517504,0.0114283925,0.011403643
2022-12-27,0.012660807,0.0115486365,0.011405191,0.013870456,0.011516261,0.011427175,0.011402435
2020-07-02,0.01266247,0.011549965,0.011406482,0.013872529,0.011517581,0.011428468,0.011403725
2024-11-23,0.012662452,0.011549954,0.011406471,0.013872504,0.011517569,0.011428457,0.011403713
2022-03-18,0.012662369,0.011549882,0.0114063965,0.013872406,0.011517499,0.011428387,0.011403638
2022-09-10,0.0126623195,0.011549834,0.011406348,0.013872368,0.01151745,0.0114283385,0.0114035895
2024-06-07,0.012662404,0.011549915,0.011406434,0.013872451,0.011517532,0.011428419,0.011403675
2020-08-17,0.01266241,0.01154991,0.011406428,0.013872471,0.011517526,0.011428414,0.011403671
2022-12-01,0.012661242,0.011548985,0.011405531,0.013870996,0.011516609,0.011427514,0.011402773
2023-10-19,0.01266275,0.011550198,0.011406708,0.013872876,0.011517814,0.011428699,0.011403949
2022-04-19,0.012662547,0.011550034,0.011406546,0.013872614,0.011517651,0.011428538,0.011403789
2024-07-26,0.012662296,0.011549807,0.011406321,0.013872348,0.011517422,0.0114283115,0.0114035625
2024-06-08,0.012662273,0.011549807,0.011406327,0.013872288,0.011517422,0.0114283115,0.011403567
2020-12-02,0.01266247,0.011549969,0.011406482,0.013872524,0.011517585,0.011428473,0.011403725
2021-06-23,0.01266244,0.011549937,0.01140645,0.013872497,0.011517553,0.011428441,0.011403691
2024-12-04,0.01266244,0.011549948,0.01140646,0.013872497,0.011517564,0.011428451,0.011403702
2022-07-25,0.012662261,0.011549779,0.0114063,0.013872302,0.011517395,0.011428289,0.011403541
2021-11-25,0.0126621835,0.011549736,0.0114062615,0.013872165,0.011517358,0.011428246,0.011403504
2022-12-30,0.012661599,0.011549273,0.01140581,0.01387144,0.011516891,0.011427795,0.011403051
2024-08-09,0.012662386,0.011549893,0.011406412,0.013872438,0.01151751,0.011428398,0.011403655
2024-01-20,0.012662416,0.011549927,0.011406444,0.013872465,0.011517542,0.01142843,0.011403686
2024-11-14,0.012662421,0.011549927,0.011406444,0.013872471,0.011517542,0.01142843,0.011403686
2019-11-01,0.01266247,0.011549965,0.011406482,0.013872524,0.011517581,0.011428468,0.011403725
2024-05-27,0.012662404,0.01154991,0.011406423,0.013872458,0.011517526,0.011428414,0.011403665
2023-10-16,0.012662838,0.011550275,0.011406778,0.01387298,0.011517885,0.01142877,0.01140402
2021-11-18,0.012662135,0.011549703,0.011406224,0.013872112,0.011517321,0.011428214,0.011403467
2024-10-20,0.012662379,0.011549893,0.011406407,0.013872425,0.01151751,0.011428398,0.011403649
2024-12-21,0.012662433,0.011549943,0.01140646,0.013872491,0.011517558,0.0114284465,0.011403702
2020-05-23,0.012662511,0.011550002,0.011406515,0.013872575,0.011517619,0.011428506,0.011403756
2019-05-22,0.012662421,0.011549927,0.011406444,0.013872471,0.011517542,0.01142843,0.011403686
2022-07-21,0.012662189,0.011549714,0.01140623,0.013872216,0.01151733,0.011428219,0.011403471
2022-03-04,0.012661945,0.011549534,0.011406063,0.013871897,0.011517151,0.011428047,0.0114033045
2020-02-12,0.012662386,0.011549899,0.011406418,0.013872425,0.0115175145,0.011428403,0.011403658
2019-09-03,0.012662047,0.0115495995,0.011406122,0.013872048,0.011517217,0.0114281075,0.011403364
2023-07-28,0.01266235,0.01154986,0.011406375,0.0138723925,0.011517477,0.0114283655,0.0114036165
2024-06-17,0.012661522,0.011549208,0.011405745,0.013871349,0.011516825,0.011427729,0.011402987
2019-12-13,0.012662487,0.011549986,0.011406504,0.01387255,0.011517603,0.011428489,0.011403746
2020-02-17,0.0126623195,0.011549844,0.011406364,0.013872348,0.011517461,0.01142835,0.011403606
2021-10-29,0.012662506,0.011549997,0.011406509,0.013872569,0.011517613,0.0114285,0.01140375
2020-03-11,0.012662201,0.011549747,0.011406267,0.013872203,0.011517364,0.011428257,0.0114035085
2021-05-27,0.012662659,0.0115501275,0.011406638,0.0138727585,0.011517744,0.011428629,0.01140388
2021-06-01,0.012662702,0.011550155,0.01140667,0.01387281,0.01151777,0.011428656,0.011403913
2024-07-12,0.0126623195,0.011549828,0.011406348,0.013872368,0.011517445,0.011428332,0.0114035895
2021-06-22,0.012662386,0.011549888,0.011406407,0.013872431,0.011517504,0.0114283925,0.011403649
2023-10-23,0.01266269,0.01155015,0.011406659,0.013872797,0.011517765,0.011428645,0.0114039015
2019-06-16,0.012662404,0.011549904,0.011406418,0.013872458,0.011517521,0.011428408,0.011403658
2021-01-26,0.012662249,0.011549789,0.011406309,0.013872262,0.011517406,0.011428296,0.011403551
2021-08-20,0.012662481,0.011549976,0.011406492,0.013872542,0.011517592,0.011428478,0.011403734
2024-08-21,0.012662433,0.011549931,0.01140645,0.013872497,0.011517548,0.011428435,0.011403691
2024-01-31,0.012662362,0.011549878,0.0114063965,0.0138723925,0.011517493,0.011428381,0.011403638
2020-04-07,0.012662625,0.011550096,0.011406606,0.013872726,0.011517711,0.011428596,0.0114038475
2022-02-26,0.012662016,0.011549594,0.011406122,0.013871982,0.011517211,0.0114281075,0.011403364
2021-04-16,0.01266244,0.011549943,0.01140646,0.013872497,0.011517558,0.0114284465,0.011403702
2024-06-14,0.012660985,0.0115487715,0.01140532,0.0138706975,0.011516391,0.011427304,0.011402562
2022-08-22,0.012662219,0.011549752,0.011406273,0.013872243,0.011517374,0.011428262,0.011403514
2022-12-09,0.012661296,0.011549028,0.011405568,0.013871062,0.0115166465,0.011427552,0.011402811
2022-02-18,0.012662308,0.01154984,0.011406358,0.013872334,0.011517456,0.011428344,0.0114036
2024-05-05,0.0126623735,0.011549888,0.011406407,0.013872412,0.011517504,0.0114283925,0.011403649
2021-12-26,0.01266247,0.011549969,0.011406482,0.013872524,0.011517585,0.011428473,0.011403725
2020-11-24,0.012662421,0.011549931,0.01140645,0.013872471,0.011517548,0.011428435,0.011403691
2020-09-12,0.0126623735,0.011549878,0.0114063965,0.013872425,0.011517493,0.011428381,0.011403638
2021-03-14,0.012662523,0.011550013,0.011406531,0.013872594,0.011517629,0.011428516,0.011403772
2022-03-19,0.012662369,0.011549882,0.0114063965,0.013872406,0.011517499,0.011428387,0.011403638
2022-12-02,0.012661325,0.011549051,0.011405595,0.013871095,0.0115166735,0.011427578,0.011402836
2019-11-27,0.012662518,0.011550007,0.011406525,0.013872588,0.011517624,0.011428511,0.011403766
2022-12-31,0.012661296,0.011549028,0.011405574,0.013871062,0.011516652,0.011427557,0.011402816
2019-05-28,0.012662356,0.011549866,0.011406384,0.0138723925,0.011517483,0.011428371,0.011403628
2020-11-11,0.012662433,0.011549937,0.011406455,0.013872484,0.011517553,0.0114284465,0.011403698
2023-10-12,0.012662827,0.011550259,0.011406767,0.013872973,0.011517873,0.0114287585,0.011404009
2024-02-04,0.012662344,0.011549866,0.011406384,0.013872372,0.011517483,0.011428371,0.011403628
2020-08-28,0.012662433,0.011549927,0.011406444,0.013872497,0.011517542,0.01142843,0.011403686
2021-07-19,0.012662535,0.0115500195,0.011406531,0.013872614,0.011517634,0.011428522,0.011403772
2023-11-10,0.012662565,0.011550046,0.011406558,0.013872649,0.011517662,0.011428549,0.011403799
2021-02-10,0.012662006,0.011549583,0.011406111,0.013871969,0.011517201,0.011428095,0.011403353
2020-01-03,0.012662487,0.011549986,0.011406498,0.01387255,0.011517603,0.011428489,0.01140374
2023-08-20,0.012662577,0.011550051,0.011406563,0.013872667,0.011517667,0.011428554,0.011403805
2019-10-28,0.012662452,0.011549954,0.011406471,0.013872511,0.011517569,0.011428457,0.011403713
2022-05-27,0.012662464,0.011549948,0.01140646,0.013872537,0.011517564,0.011428451,0.011403702
2022-11-01,0.012662452,0.011549954,0.011406466,0.013872504,0.011517569,0.011428457,0.011403708
2024-08-27,0.012662487,0.011549976,0.011406492,0.013872555,0.011517592,0.011428478,0.011403734
2019-10-05,0.012662506,0.011549997,0.011406515,0.013872569,0.011517613,0.011428506,0.011403756
2024-05-15,0.012662475,0.011549958,0.011406471,0.013872555,0.011517575,0.011428463,0.011403713
2024-07-01,0.012662421,0.011549921,0.011406439,0.013872478,0.011517537,0.011428424,0.011403681
2023-02-18,0.012661723,0.011549376,0.011405907,0.013871603,0.011516994,0.0114278905,0.011403149
2021-11-14,0.01266216,0.01154972,0.01140624,0.013872139,0.011517337,0.01142823,0.011403482
2024-02-26,0.012661682,0.011549311,0.011405841,0.013871592,0.011516929,0.011427827,0.011403085
2024-06-29,0.01266241,0.01154991,0.011406428,0.013872465,0.011517526,0.011428414,0.011403671
2023-05-07,0.012662464,0.011549965,0.011406477,0.013872516,0.011517581,0.011428468,0.011403719
2022-09-11,0.012662308,0.0115498165,0.011406337,0.013872353,0.011517433,0.011428323,0.011403579
2021-12-08,0.012662285,0.011549823,0.0114063425,0.013872295,0.011517439,0.011428328,0.011403584
2024-06-04,0.012662464,0.011549958,0.011406477,0.013872524,0.011517575,0.011428463,0.011403719
2024-04-11,0.012662541,0.01155003,0.011406541,0.013872614,0.011517645,0.011428532,0.011403782
2020-02-14,0.012662356,0.011549878,0.0114063965,0.0138723925,0.011517493,0.011428381,0.011403638
2020-03-12,0.012662333,0.011549856,0.011406375,0.013872368,0.011517473,0.0114283655,0.0114036165
2024-03-21,0.012662386,0.011549893,0.011406412,0.013872425,0.0115175145,0.011428403,0.011403655
2024-07-19,0.012662117,0.011549654,0.011406176,0.013872126,0.0115172705,0.011428166,0.011403417
2019-04-20,0.012662499,0.011549992,0.011406509,0.013872563,0.011517607,0.011428494,0.01140375
2023-08-09,0.012662464,0.011549954,0.011406466,0.013872529,0.011517569,0.011428457,0.011403708
2021-12-06,0.012662279,0.0115498165,0.011406337,0.013872288,0.011517433,0.011428323,0.011403579
2020-05-14,0.012662547,0.011550034,0.011406546,0.013872622,0.011517651,0.011428538,0.011403789
2022-09-22,0.012662232,0.011549752,0.011406273,0.01387227,0.011517368,0.011428257,0.011403514
2019-12-22,0.012662487,0.01154998,0.011406498,0.01387255,0.011517596,0.011428484,0.01140374
2019-08-19,0.01266241,0.011549904,0.011406423,0.013872471,0.011517521,0.011428408,0.011403665
2024-03-03,0.01266198,0.011549557,0.0114060845,0.013871942,0.011517177,0.011428069,0.011403326
2021-11-12,0.012662166,0.011549724,0.011406246,0.013872145,0.011517341,0.011428236,0.011403488
2021-02-13,0.012661987,0.011549568,0.011406094,0.013871942,0.011517184,0.01142808,0.011403337
2024-12-11,0.012662452,0.011549954,0.011406471,0.013872511,0.011517569,0.011428463,0.011403713
2019-04-28,0.012662481,0.011549976,0.011406492,0.013872537,0.011517592,0.011428478,0.011403734
2019-04-06,0.012662481,0.011549976,0.011406492,0.01387255,0.011517592,0.011428478,0.011403734
2020-09-10,0.012662356,0.01154986,0.01140638,0.013872406,0.011517477,0.0114283655,0.011403622
2022-03-07,0.012661928,0.0115495175,0.011406047,0.013871872,0.011517135,0.011428031,0.011403289
2021-06-16,0.012662494,0.011549958,0.011406471,0.013872588,0.011517575,0.011428463,0.011403713
2022-11-21,0.012661761,0.011549404,0.011405934,0.013871643,0.011517021,0.0114279175,0.011403176
2022-11-24,0.012661616,0.011549285,0.01140582,0.013871459,0.011516907,0.011427805,0.011403063
2021-05-01,0.012662457,0.011549958,0.011406477,0.013872511,0.011517575,0.011428463,0.011403719
2021-11-21,0.012662053,0.011549638,0.01140616,0.013872008,0.011517255,0.01142815,0.0114034
2021-10-31,0.012662499,0.011549992,0.011406509,0.013872555,0.011517607,0.011428494,0.01140375
2019-09-08,0.0126624275,0.011549937,0.011406455,0.013872484,0.011517553,0.011428441,0.011403691
2020-02-07,0.0126624275,0.011549931,0.01140645,0.013872478,0.011517548,0.011428435,0.011403691
2023-11-06,0.01266256,0.011550041,0.011406552,0.013872634,0.011517656,0.011428542,0.011403794
2022-11-07,0.012662369,0.011549888,0.011406407,0.013872399,0.011517504,0.0114283925,0.011403649
2022-05-21,0.012662433,0.011549931,0.01140645,0.013872497,0.011517548,0.011428441,0.011403691
2022-06-22,0.01266235,0.011549866,0.011406384,0.0138723925,0.011517483,0.011428371,0.011403628
2019-11-20,0.012662506,0.011549997,0.011406515,0.013872575,0.011517613,0.011428506,0.011403756
2021-03-21,0.012662595,0.011550073,0.011406589,0.01387268,0.011517689,0.011428575,0.011403832
2020-08-10,0.012662416,0.011549915,0.011406434,0.013872471,0.011517532,0.011428419,0.011403675
2024-01-18,0.012662421,0.011549931,0.011406444,0.013872471,0.011517548,0.011428435,0.011403686
2024-02-14,0.012662147,0.011549703,0.011406224,0.013872139,0.011517321,0.01142821,0.011403467
2024-03-18,0.012662339,0.011549856,0.011406375,0.013872372,0.011517473,0.0114283655,0.0114036165
2021-10-25,0.012662499,0.011549997,0.011406509,0.013872569,0.011517613,0.0114285,0.01140375
2021-04-01,0.01266275,0.011550198,0.011406708,0.013872868,0.011517814,0.011428694,0.011403949
2021-03-24,0.012662804,0.011550248,0.011406756,0.0138729345,0.011517863,0.011428743,0.011403998
2020-08-14,0.012662433,0.011549931,0.011406444,0.013872491,0.011517548,0.011428435,0.011403686
2019-04-11,0.012662511,0.011549997,0.011406509,0.013872582,0.011517613,0.0114285,0.01140375
2020-10-25,0.012662421,0.011549927,0.011406444,0.013872478,0.011517542,0.011428435,0.011403686
2024-10-22,0.0126623735,0.011549888,0.011406401,0.013872412,0.011517504,0.0114283925,0.011403643
2022-06-21,0.012662339,0.011549856,0.011406369,0.013872372,0.011517473,0.011428359,0.011403611
2020-10-17,0.012662475,0.011549969,0.011406488,0.013872542,0.011517585,0.011428473,0.011403729
2021-04-18,0.012662416,0.011549927,0.011406439,0.013872471,0.011517542,0.01142843,0.011403681
2022-09-18,0.012662261,0.011549779,0.0114063,0.013872302,0.011517395,0.011428284,0.011403541
2020-12-19,0.012662457,0.011549958,0.011406477,0.013872516,0.011517581,0.011428468,0.011403719
2022-03-03,0.012662285,0.011549812,0.011406331,0.013872302,0.011517433,0.011428323,0.011403574
2023-10-31,0.012662589,0.011550068,0.011406579,0.01387268,0.011517684,0.011428569,0.0114038205
2021-02-23,0.012662416,0.011549921,0.011406439,0.013872458,0.011517537,0.011428424,0.011403681
2019-10-16,0.012662499,0.011549992,0.011406509,0.013872563,0.011517607,0.011428494,0.01140375
2022-09-12,0.012662267,0.011549779,0.0114063,0.01387231,0.011517395,0.011428284,0.011403541
2020-10-24,0.012662421,0.011549927,0.011406444,0.013872471,0.011517542,0.01142843,0.011403686
2019-09-13,0.012662457,0.011549954,0.011406471,0.013872516,0.011517569,0.011428457,0.011403713
2024-06-12,0.012661742,0.0115493825,0.011405917,0.013871623,0.011517004,0.011427902,0.01140316
2022-06-27,0.012662339,0.011549851,0.011406364,0.013872387,0.011517466,0.011428354,0.011403606
2024-03-15,0.012662232,0.011549768,0.0114062885,0.013872243,0.011517385,0.011428273,0.011403531
2023-01-02,0.012660788,0.01154862,0.011405176,0.01387043,0.011516245,0.0114271585,0.011402418
2023-08-28,0.012662851,0.01155028,0.011406789,0.013872993,0.011517895,0.011428774,0.01140403
2024-11-07,0.012662369,0.011549882,0.011406401,0.013872412,0.011517504,0.0114283925,0.011403643
2019-06-14,0.012662362,0.011549866,0.011406384,0.013872412,0.011517483,0.011428375,0.011403628
2020-11-25,0.012662433,0.011549937,0.011406455,0.013872484,0.011517553,0.0114284465,0.011403698
2019-04-10,0.012662511,0.011549997,0.011406515,0.013872588,0.011517613,0.0114285,0.011403756
2023-02-28,0.012662178,0.011549736,0.0114062615,0.013872165,0.0115173515,0.011428246,0.011403504
2023-11-08,0.012662565,0.011550046,0.011406558,0.013872649,0.011517662,0.011428549,0.011403799
2019-11-30,0.012662518,0.011550007,0.011406519,0.013872582,0.011517624,0.011428511,0.011403762
2020-03-24,0.012662457,0.011549958,0.011406477,0.013872516,0.011517575,0.011428463,0.011403719
2021-03-13,0.012662506,0.011549997,0.011406515,0.013872569,0.011517613,0.0114285,0.011403756
2024-01-15,0.012662433,0.011549937,0.011406455,0.013872484,0.011517553,0.0114284465,0.011403698
2023-05-22,0.0126624275,0.011549937,0.01140645,0.013872484,0.011517553,0.011428441,0.011403691
2021-01-17,0.0126623735,0.011549888,0.011406407,0.013872412,0.011517504,0.011428398,0.011403649
2021-05-28,0.012662851,0.011550286,0.011406794,0.013872986,0.0115179,0.0114287855,0.011404036
2022-05-04,0.012662601,0.011550078,0.011406589,0.013872687,0.011517695,0.011428582,0.011403832
2020-05-16,0.012662535,0.011550024,0.011406535,0.013872601,0.01151764,0.011428527,0.011403778
2023-10-06,0.012662929,0.01155034,0.011406847,0.01387309,0.011517955,0.011428834,0.01140409
2024-09-09,0.012662523,0.011550002,0.011406519,0.013872601,0.011517619,0.011428506,0.011403762
2024-04-16,0.012662511,0.011550002,0.011406519,0.013872582,0.011517619,0.011428506,0.011403762
2024-06-10,0.012662076,0.011549648,0.011406176,0.01387204,0.011517266,0.011428161,0.011403417
2021-09-27,0.012662303,0.0115498165,0.011406337,0.013872348,0.011517433,0.011428328,0.011403579
2019-05-13,0.012662464,0.011549965,0.011406482,0.013872524,0.011517581,0.011428468,0.011403725
2021-12-03,0.012662201,0.011549752,0.011406277,0.01387219,0.011517374,0.011428262,0.01140352
2023-07-15,0.012662326,0.011549844,0.011406358,0.013872372,0.011517461,0.01142835,0.0114036
2021-07-11,0.01266247,0.011549969,0.011406482,0.013872529,0.011517585,0.011428473,0.011403725
2020-08-26,0.012662416,0.011549915,0.011406434,0.013872471,0.011517532,0.011428419,0.011403675
2024-12-01,0.012662445,0.011549948,0.011406466,0.013872504,0.011517564,0.011428457,0.011403708
2023-01-24,0.012661039,0.011548821,0.011405368,0.013870743,0.011516445,0.011427353,0.011402611
2021-12-04,0.012662249,0.011549789,0.011406309,0.013872249,0.011517406,0.0114283,0.011403551
2021-02-06,0.012662022,0.011549594,0.011406122,0.013871982,0.011517217,0.0114281075,0.011403364
2019-04-24,0.012662481,0.01154998,0.011406492,0.013872542,0.011517596,0.011428484,0.011403734
2021-05-15,0.012662433,0.011549943,0.01140646,0.013872484,0.011517558,0.0114284465,0.011403702
2019-09-18,0.012662523,0.011550007,0.011406519,0.013872594,0.011517624,0.011428511,0.011403762
2019-12-03,0.012662499,0.011549992,0.011406509,0.013872563,0.011517607,0.011428494,0.01140375
2023-07-26,0.012662393,0.011549893,0.011406412,0.013872446,0.01151751,0.011428398,0.011403655
2019-05-27,0.012662339,0.011549856,0.011406375,0.013872372,0.011517473,0.011428359,0.0114036165
2020-10-05,0.01266244,0.011549937,0.011406455,0.013872491,0.011517553,0.011428441,0.011403698
2024-05-23,0.012662398,0.011549899,0.011406412,0.013872451,0.0115175145,0.011428403,0.011403655
2019-12-10,0.012662494,0.011549986,0.011406504,0.013872555,0.011517603,0.011428489,0.011403746
2022-12-05,0.012661265,0.011549001,0.011405546,0.013871023,0.011516625,0.01142753,0.011402789
2022-06-28,0.012662326,0.01154984,0.011406353,0.013872368,0.011517456,0.011428344,0.011403595
2020-07-25,0.0126623195,0.01154984,0.011406353,0.013872361,0.011517456,0.011428344,0.011403595
2023-05-19,0.012662445,0.011549948,0.011406466,0.013872504,0.011517564,0.011428457,0.011403708
2024-01-05,0.012662464,0.011549965,0.011406482,0.013872516,0.011517581,0.011428468,0.011403725
2023-12-25,0.012662464,0.011549965,0.011406482,0.013872524,0.011517581,0.011428468,0.011403725
2023-03-08,0.012662267,0.011549807,0.011406327,0.013872275,0.011517422,0.011428316,0.011403567
2024-08-02,0.012662369,0.011549878,0.0114063965,0.013872412,0.011517493,0.011428381,0.011403638
2019-10-31,0.012662475,0.011549969,0.011406488,0.013872529,0.011517585,0.011428473,0.011403729
2022-12-26,0.012660831,0.011548651,0.011405208,0.013870476,0.011516278,0.011427191,0.0114024505
2021-07-18,0.012662518,0.011550007,0.011406519,0.013872588,0.011517624,0.011428511,0.011403762
2020-11-18,0.012662404,0.011549915,0.011406428,0.013872451,0.011517532,0.011428419,0.011403671
2022-11-11,0.012662261,0.011549802,0.011406321,0.013872262,0.011517418,0.0114283115,0.0114035625
2020-03-21,0.012662487,0.01154998,0.011406498,0.01387255,0.011517596,0.011428489,0.01140374
2024-11-12,0.012662398,0.01154991,0.011406428,0.013872446,0.011517526,0.011428414,0.011403671
2022-04-09,0.012662452,0.011549954,0.011406466,0.013872511,0.011517569,0.011428457,0.011403708
2023-01-08,0.012660962,0.011548761,0.01140531,0.013870652,0.011516387,0.011427294,0.011402558
2019-06-25,0.012662393,0.011549899,0.011406412,0.013872446,0.0115175145,0.011428403,0.011403655
2022-04-01,0.012662452,0.011549948,0.011406466,0.013872516,0.011517564,0.011428451,0.011403708
2023-06-10,0.012662303,0.011549823,0.0114063425,0.013872334,0.011517439,0.011428332,0.011403584
2021-07-02,0.0126624275,0.011549931,0.011406444,0.013872484,0.011517548,0.011428435,0.011403686
2019-12-23,0.012662487,0.01154998,0.011406498,0.01387255,0.011517596,0.011428484,0.01140374
2021-10-04,0.012662386,0.011549882,0.011406401,0.013872438,0.011517499,0.011428387,0.011403643
2022-03-24,0.012662379,0.011549888,0.011406407,0.013872425,0.011517504,0.0114283925,0.011403649
2023-07-11,0.012662261,0.011549779,0.0114063,0.013872288,0.011517395,0.011428289,0.011403541
2019-04-27,0.012662475,0.011549969,0.011406488,0.013872529,0.011517585,0.011428478,0.011403729
2021-01-13,0.012662404,0.011549915,0.011406434,0.013872446,0.011517532,0.011428419,0.011403675
2019-12-20,0.012662481,0.011549976,0.011406492,0.013872537,0.011517592,0.011428478,0.011403734
2023-08-29,0.012662821,0.011550259,0.011406767,0.0138729615,0.011517873,0.011428753,0.011404009
2023-01-22,0.012660997,0.011548789,0.011405337,0.01387069,0.011516414,0.01142732,0.011402578
2020-09-16,0.012662296,0.0115498165,0.011406331,0.013872334,0.011517433,0.011428323,0.011403574
2019-04-30,0.012662481,0.01154998,0.011406492,0.013872542,0.011517596,0.011428484,0.011403734
2023-08-13,0.012662529,0.011549997,0.011406509,0.013872622,0.011517613,0.0114285,0.01140375
2022-03-01,0.0126620345,0.011549605,0.011406133,0.013872001,0.011517222,0.011428117,0.011403374
2021-12-18,0.01266244,0.011549943,0.01140646,0.013872491,0.011517558,0.0114284465,0.011403702
2021-04-30,0.012662445,0.011549948,0.011406466,0.013872497,0.011517564,0.011428451,0.011403708
2024-10-27,0.012662315,0.01154984,0.011406358,0.013872348,0.011517456,0.011428344,0.0114036
2023-12-23,0.012662464,0.011549965,0.011406482,0.013872524,0.011517581,0.011428468,0.011403725
2022-02-21,0.012662219,0.011549763,0.011406283,0.013872224,0.011517379,0.011428269,0.011403525
2024-05-01,0.012662499,0.011549992,0.011406509,0.013872563,0.011517607,0.011428494,0.01140375
2019-10-04,0.012662506,0.011549997,0.011406515,0.013872569,0.011517613,0.0114285,0.011403756
2022-02-22,0.0126621835,0.011549731,0.011406257,0.013872185,0.011517347,0.011428242,0.011403498
2019-12-16,0.012662487,0.01154998,0.011406498,0.01387255,0.011517596,0.011428489,0.01140374
2022-05-20,0.01266244,0.011549937,0.011406455,0.013872497,0.011517553,0.011428441,0.011403698
2021-06-07,0.01266247,0.011549965,0.011406482,0.013872537,0.011517581,0.011428468,0.011403725
2023-11-02,0.01266256,0.011550041,0.011406558,0.013872641,0.011517656,0.011428542,0.011403799
2024-03-20,0.012662356,0.011549878,0.011406391,0.0138723925,0.011517493,0.011428381,0.011403632
2021-11-09,0.012662225,0.011549775,0.011406293,0.013872224,0.011517392,0.01142828,0.011403536
2022-07-02,0.012662232,0.011549752,0.011406267,0.013872275,0.011517368,0.011428257,0.0114035085
2021-10-19,0.012662481,0.011549976,0.011406492,0.01387255,0.011517592,0.011428478,0.011403734
2023-02-12,0.012661211,0.011548957,0.011405503,0.013870965,0.011516581,0.011427487,0.011402745
2023-05-31,0.01266247,0.011549969,0.011406482,0.013872524,0.011517585,0.011428473,0.011403725
2019-08-27,0.012662201,0.011549731,0.011406251,0.013872224,0.011517347,0.011428236,0.011403492
2019-05-20,0.012662457,0.011549958,0.011406471,0.013872516,0.011517575,0.011428463,0.011403713
2020-03-10,0.012662201,0.011549747,0.011406273,0.013872211,0.011517364,0.011428257,0.011403514
2022-08-08,0.012662393,0.011549899,0.011406412,0.013872438,0.0115175145,0.011428403,0.011403655
2022-05-12,0.012662523,0.011550013,0.011406531,0.013872588,0.011517629,0.011428516,0.011403772
2019-11-28,0.012662518,0.011550007,0.011406525,0.013872588,0.011517624,0.011428511,0.011403766
2022-09-24,0.01266216,0.011549693,0.011406208,0.01387219,0.01151731,0.011428198,0.01140345
2022-03-09,0.012662093,0.011549654,0.011406181,0.013872073,0.0115172705,0.011428166,0.011403423
2022-07-27,0.0126622915,0.011549807,0.011406327,0.013872334,0.011517422,0.0114283115,0.011403567
2023-02-15,0.012661289,0.011549017,0.011405562,0.013871062,0.011516641,0.011427546,0.011402804
2022-12-15,0.012661176,0.011548931,0.011405476,0.013870913,0.011516554,0.011427459,0.011402718
2021-03-25,0.012662815,0.011550259,0.011406767,0.01387294,0.011517873,0.011428753,0.011404009
2021-08-22,0.012662445,0.011549948,0.01140646,0.013872497,0.011517564,0.011428451,0.011403702
2021-12-14,0.012662393,0.011549904,0.011406423,0.013872425,0.011517521,0.011428408,0.011403665
2021-12-24,0.012662464,0.011549965,0.011406477,0.013872516,0.011517581,0.011428468,0.011403719
2021-10-18,0.012662506,0.011549992,0.011406509,0.013872575,0.011517607,0.011428494,0.01140375
2023-02-11,0.01266111,0.011548876,0.011405423,0.01387084,0.011516499,0.011427406,0.011402666
2021-05-18,0.012662452,0.011549954,0.011406471,0.013872504,0.011517569,0.011428457,0.011403713
2024-10-19,0.012662404,0.01154991,0.011406428,0.013872451,0.011517526,0.011428414,0.011403671
2023-03-26,0.012662518,0.011550002,0.011406519,0.013872588,0.011517619,0.011428506,0.011403762
2021-03-10,0.012662511,0.011550007,0.011406519,0.013872582,0.011517624,0.011428511,0.011403762
2023-02-05,0.012661909,0.011549524,0.011406051,0.013871832,0.01151714,0.011428037,0.011403293
2021-05-20,0.012662457,0.011549958,0.011406477,0.013872511,0.011517575,0.011428463,0.011403719
2021-11-24,0.012662189,0.011549747,0.011406267,0.013872177,0.011517364,0.011428253,0.0114035085
2022-12-07,0.012661307,0.011549033,0.011405578,0.013871076,0.011516658,0.011427562,0.01140282
2021-05-06,0.012662452,0.011549958,0.011406471,0.013872504,0.011517575,0.011428463,0.011403713
2021-07-27,0.0126623735,0.011549878,0.0114063965,0.013872425,0.011517493,0.011428381,0.011403638
2022-04-10,0.012662481,0.01154998,0.011406492,0.013872542,0.011517596,0.011428484,0.011403734
2023-06-11,0.012662339,0.011549856,0.011406375,0.013872372,0.011517473,0.011428359,0.0114036165
2020-08-08,0.012662416,0.011549921,0.011406434,0.013872478,0.011517537,0.011428424,0.011403675
2021-03-22,0.012662659,0.0115501275,0.011406638,0.0138727585,0.011517744,0.011428624,0.01140388
2023-12-28,0.012662457,0.011549958,0.011406477,0.013872516,0.011517575,0.011428463,0.011403719
2024-01-16,0.0126624275,0.011549931,0.01140645,0.013872478,0.011517548,0.011428441,0.011403691
2021-04-08,0.012662506,0.011549997,0.011406509,0.013872575,0.011517613,0.0114285,0.01140375
2019-09-22,0.012662499,0.011549986,0.011406504,0.013872569,0.011517603,0.011428489,0.011403746
2023-08-07,0.012662433,0.011549931,0.01140645,0.013872497,0.011517548,0.011428435,0.011403691
2022-01-07,0.012662481,0.01154998,0.011406492,0.013872537,0.011517596,0.011428484,0.011403734
2019-10-18,0.012662487,0.01154998,0.011406498,0.01387255,0.011517596,0.011428484,0.01140374
2024-04-04,0.012662506,0.011549997,0.011406515,0.013872575,0.011517613,0.0114285,0.011403756
2021-09-28,0.012662267,0.011549796,0.0114063155,0.013872295,0.011517412,0.0114283,0.011403558
2019-12-07,0.012662494,0.011549992,0.011406504,0.013872563,0.011517607,0.011428494,0.011403746
2023-06-24,0.012662315,0.011549834,0.011406353,0.013872353,0.01151745,0.0114283385,0.011403595
2023-05-04,0.012662452,0.011549954,0.011406471,0.013872511,0.011517569,0.011428463,0.011403713
2019-09-14,0.01266244,0.011549943,0.01140646,0.013872497,0.011517558,0.0114284465,0.011403702
2020-04-04,0.012662494,0.011549986,0.011406498,0.013872555,0.011517603,0.011428489,0.01140374
2019-09-21,0.012662487,0.01154998,0.011406492,0.013872555,0.011517596,0.011428484,0.011403734
2024-08-30,0.012662547,0.0115500195,0.011406535,0.013872634,0.011517634,0.011428522,0.011403778
2020-08-19,0.012662386,0.011549893,0.011406407,0.013872446,0.01151751,0.011428398,0.011403649
2022-05-22,0.01266244,0.011549931,0.01140645,0.013872497,0.011517548,0.011428435,0.011403691
2019-05-09,0.012662457,0.011549958,0.011406477,0.013872516,0.011517575,0.011428463,0.011403719
2023-03-14,0.01266244,0.011549948,0.01140646,0.013872484,0.011517564,0.011428451,0.011403702
2019-05-25,0.012662386,0.011549899,0.011406418,0.013872431,0.0115175145,0.011428403,0.011403658
2021-06-11,0.012662475,0.011549965,0.011406482,0.013872542,0.011517581,0.011428468,0.011403725
2019-09-19,0.012662506,0.011549997,0.011406509,0.013872575,0.011517613,0.0114285,0.01140375
2024-07-03,0.012662416,0.011549915,0.011406434,0.013872465,0.011517532,0.011428419,0.011403675
2022-08-30,0.012662141,0.011549681,0.011406202,0.013872152,0.011517298,0.011428193,0.011403444
2021-09-09,0.012662356,0.011549866,0.011406384,0.013872406,0.0115174875,0.011428375,0.011403628
2019-05-06,0.012662481,0.011549976,0.011406492,0.013872537,0.011517592,0.011428478,0.011403734
2019-04-23,0.012662494,0.011549992,0.011406504,0.013872555,0.011517607,0.011428494,0.011403746
2021-04-19,0.01266241,0.011549921,0.011406434,0.013872465,0.011517537,0.011428424,0.011403675
2020-09-21,0.012662267,0.011549789,0.011406309,0.013872302,0.011517406,0.0114283,0.011403551
2021-01-30,0.0126621295,0.011549687,0.011406208,0.013872119,0.011517303,0.011428198,0.01140345
2023-02-14,0.012661194,0.011548947,0.011405487,0.013870944,0.0115165645,0.011427471,0.0114027355
2022-07-14,0.012662153,0.011549681,0.011406197,0.01387219,0.011517298,0.011428188,0.01140344
2024-02-27,0.012661987,0.011549561,0.01140609,0.013871949,0.011517184,0.011428074,0.0114033315
2023-02-27,0.01266216,0.01154972,0.011406246,0.013872139,0.011517337,0.01142823,0.011403488
2020-03-23,0.012662464,0.011549958,0.011406477,0.013872516,0.011517575,0.011428463,0.011403719
2024-08-19,0.012662445,0.011549943,0.011406455,0.013872516,0.011517558,0.0114284465,0.011403698
2023-03-11,0.01266235,0.011549871,0.011406391,0.013872372,0.0115174875,0.011428381,0.011403632
2024-11-01,0.0126623195,0.01154984,0.011406358,0.013872348,0.011517456,0.011428344,0.0114036
2023-09-23,0.012662952,0.011550361,0.011406864,0.013873117,0.011517977,0.011428855,0.011404105
2022-06-15,0.012662433,0.011549931,0.01140645,0.013872491,0.011517548,0.011428435,0.011403691
2023-10-29,0.012662605,0.011550078,0.011406589,0.0138727,0.011517695,0.011428582,0.011403832
2021-08-24,0.01266247,0.011549965,0.011406482,0.013872529,0.011517581,0.011428473,0.011403725
2024-03-06,0.012661968,0.01154955,0.011406078,0.013871936,0.011517167,0.011428063,0.011403321
2020-01-25,0.012662475,0.011549976,0.011406488,0.013872537,0.011517592,0.011428478,0.011403729
2019-08-15,0.012662416,0.011549915,0.011406434,0.013872478,0.011517532,0.011428424,0.011403675
2020-02-26,0.012662076,0.011549644,0.01140617,0.0138720535,0.011517259,0.011428155,0.011403413
2020-07-18,0.01266235,0.01154986,0.01140638,0.013872399,0.011517477,0.011428371,0.011403622
2019-08-22,0.012662386,0.011549888,0.011406401,0.013872446,0.011517504,0.0114283925,0.011403643
2021-02-09,0.012661987,0.011549572,0.011406094,0.013871949,0.011517189,0.01142808,0.011403337
2019-10-12,0.012662523,0.011550013,0.011406525,0.013872588,0.011517629,0.011428516,0.011403766
2022-03-06,0.012661902,0.011549496,0.011406025,0.013871845,0.011517119,0.01142801,0.011403267
2021-07-25,0.0126623735,0.011549878,0.0114063965,0.013872425,0.011517493,0.011428381,0.011403638
2023-12-02,0.01266244,0.011549943,0.01140646,0.013872491,0.011517558,0.0114284465,0.011403702
2023-07-21,0.012662333,0.01154984,0.011406358,0.013872379,0.011517456,0.011428344,0.0114036
2022-09-13,0.012662195,0.01154972,0.01140624,0.0138722295,0.011517337,0.011428226,0.011403482
2021-04-22,0.012662452,0.011549954,0.011406471,0.013872504,0.011517569,0.011428457,0.011403713
2023-09-19,0.012662952,0.011550361,0.01140687,0.013873117,0.011517977,0.011428855,0.011404111
2020-05-15,0.012662541,0.01155003,0.011406546,0.013872614,0.011517645,0.011428532,0.011403789
2020-04-30,0.012662487,0.011549986,0.011406498,0.01387255,0.011517603,0.011428489,0.01140374
2023-03-27,0.01266241,0.011549915,0.011406434,0.013872451,0.011517532,0.011428424,0.011403675
2019-09-16,0.012662433,0.011549937,0.01140645,0.013872491,0.011517553,0.011428441,0.011403691
2021-03-30,0.012662869,0.011550296,0.011406804,0.013873013,0.011517911,0.011428797,0.011404047
2023-05-06,0.012662445,0.011549954,0.011406466,0.013872504,0.011517569,0.011428457,0.011403708
2019-10-20,0.012662487,0.01154998,0.011406498,0.01387255,0.011517596,0.011428484,0.01140374
2024-08-29,0.012662499,0.011549986,0.011406498,0.013872575,0.011517603,0.011428489,0.01140374
2022-01-21,0.012662475,0.011549976,0.011406492,0.013872537,0.011517592,0.011428478,0.011403734
2021-11-15,0.0126621295,0.011549693,0.011406218,0.013872099,0.011517314,0.011428203,0.01140346
2022-11-29,0.012661248,0.011548989,0.011405535,0.013870996,0.011516614,0.011427519,0.011402777
2022-05-11,0.012662529,0.0115500195,0.011406535,0.013872601,0.011517634,0.011428522,0.011403778
2024-11-10,0.012662379,0.011549893,0.011406412,0.0138724195,0.01151751,0.011428398,0.011403655
2019-04-22,0.012662487,0.011549986,0.011406498,0.01387255,0.011517603,0.011428489,0.01140374
2021-09-22,0.012662393,0.011549899,0.011406418,0.013872446,0.0115175145,0.011428403,0.011403658
2024-08-08,0.012662398,0.011549904,0.011406423,0.013872451,0.011517521,0.011428408,0.011403665
2020-09-15,0.0126623195,0.01154984,0.011406353,0.013872361,0.011517456,0.011428344,0.011403595
2019-10-03,0.012662523,0.011550013,0.011406525,0.013872588,0.011517629,0.011428516,0.011403766
2024-03-26,0.01266241,0.011549915,0.011406434,0.013872451,0.011517532,0.011428424,0.011403675
2019-07-14,0.012662356,0.011549866,0.01140638,0.013872406,0.011517483,0.011428371,0.011403622
2024-05-25,0.012662393,0.011549893,0.011406412,0.013872446,0.01151751,0.011428398,0.011403655
2019-12-11,0.012662494,0.011549986,0.011406504,0.013872555,0.011517603,0.011428489,0.011403746
2020-07-05,0.012662445,0.011549943,0.01140646,0.013872504,0.011517558,0.0114284465,0.011403702
2022-06-10,0.0126624275,0.011549937,0.01140645,0.013872484,0.011517553,0.011428441,0.011403691
2021-08-27,0.012662433,0.011549931,0.01140645,0.013872491,0.011517548,0.011428435,0.011403691
2021-12-25,0.01266247,0.011549969,0.011406482,0.013872524,0.011517585,0.011428473,0.011403725
2024-10-17,0.012662369,0.011549882,0.011406401,0.013872412,0.011517499,0.011428387,0.011403643
2021-11-19,0.012662088,0.011549666,0.011406192,0.0138720535,0.011517282,0.011428176,0.011403434
2020-03-13,0.0126622915,0.011549823,0.0114063425,0.013872313,0.011517439,0.011428328,0.011403584
2021-06-18,0.012662499,0.011549958,0.011406471,0.013872601,0.011517575,0.011428463,0.011403713
2022-12-23,0.012660902,0.011548713,0.011405267,0.013870574,0.011516336,0.011427251,0.011402509
2019-07-28,0.012662404,0.01154991,0.011406423,0.013872458,0.011517526,0.011428414,0.011403665
2022-06-12,0.0126624275,0.011549927,0.011406444,0.013872478,0.011517542,0.01142843,0.011403686
2024-04-21,0.012662601,0.011550078,0.011406589,0.013872687,0.011517695,0.011428575,0.011403832
2021-08-30,0.0126623735,0.011549882,0.0114063965,0.013872425,0.011517499,0.011428387,0.011403638
2023-11-14,0.012662494,0.011549986,0.011406504,0.013872555,0.011517603,0.011428489,0.011403746
2020-10-31,0.012662433,0.011549943,0.011406455,0.013872491,0.011517558,0.0114284465,0.011403698
2023-03-12,0.012662356,0.011549878,0.0114063965,0.013872379,0.011517493,0.011428387,0.011403638
2021-06-04,0.012662499,0.011549986,0.011406504,0.013872569,0.011517603,0.011428489,0.011403746
2023-07-01,0.0126623195,0.011549812,0.011406331,0.013872387,0.011517429,0.011428316,0.011403574
2024-02-09,0.012662249,0.011549786,0.011406305,0.013872262,0.011517401,0.011428296,0.011403547
2021-07-28,0.012662379,0.011549888,0.011406401,0.013872431,0.011517504,0.0114283925,0.011403643
2022-02-25,0.012662053,0.011549621,0.011406149,0.013872022,0.011517238,0.011428134,0.011403391
2023-11-26,0.012662416,0.011549927,0.011406444,0.013872465,0.011517542,0.01142843,0.011403686
2022-04-25,0.012662523,0.011550013,0.011406525,0.013872588,0.011517629,0.011428516,0.011403766
2020-01-23,0.012662481,0.011549976,0.011406492,0.013872537,0.011517592,0.011428478,0.011403734
2019-10-21,0.012662481,0.01154998,0.011406492,0.013872542,0.011517596,0.011428484,0.011403734
2019-06-15,0.012662379,0.011549882,0.011406401,0.013872431,0.011517499,0.011428387,0.011403643
2021-01-11,0.01266241,0.011549921,0.011406434,0.013872451,0.011517537,0.011428424,0.011403675
2024-04-10,0.012662541,0.011550024,0.011406541,0.013872614,0.01151764,0.011428527,0.011403782
2024-11-26,0.01266244,0.011549943,0.01140646,0.013872491,0.011517558,0.0114284465,0.011403702
2024-11-05,0.012662356,0.011549871,0.011406391,0.0138723925,0.0115174875,0.011428375,0.011403632
2019-09-01,0.012662076,0.0115496265,0.011406149,0.0138720805,0.011517244,0.011428134,0.011403391
2022-09-15,0.012662178,0.011549709,0.01140623,0.013872211,0.011517325,0.011428214,0.011403471
2020-12-01,0.01266247,0.011549969,0.011406488,0.013872529,0.011517585,0.011428473,0.011403729
2021-06-19,0.012662445,0.011549927,0.011406439,0.013872524,0.011517542,0.011428424,0.011403681
2022-03-28,0.012662523,0.011550002,0.011406519,0.013872601,0.011517619,0.011428506,0.011403762
2019-03-31,0.012662707,0.011550155,0.011406665,0.013872823,0.01151777,0.011428651,0.011403907
2020-02-04,0.012662452,0.011549954,0.011406471,0.013872504,0.011517569,0.011428457,0.011403713
2022-11-15,0.012662171,0.011549731,0.011406257,0.013872158,0.0115173515,0.011428242,0.011403498
2022-08-01,0.012662416,0.011549921,0.011406434,0.013872471,0.011517537,0.011428424,0.011403675
2022-05-31,0.012662416,0.011549927,0.011406439,0.013872465,0.011517542,0.01142843,0.011403681
2023-07-08,0.012662398,0.011549893,0.011406407,0.013872465,0.011517504,0.0114283925,0.011403649
2020-07-07,0.012662398,0.011549904,0.011406423,0.013872446,0.011517521,0.011428408,0.011403665
2023-07-20,0.012662369,0.011549878,0.0114063965,0.0138724195,0.011517493,0.011428381,0.011403638
2022-08-10,0.012662398,0.011549899,0.011406418,0.013872451,0.0115175145,0.011428403,0.011403658
2020-11-27,0.012662445,0.011549948,0.011406466,0.013872497,0.011517564,0.011428451,0.011403708
2019-05-26,0.012662416,0.011549921,0.011406439,0.013872471,0.011517537,0.01142843,0.011403681
2020-10-09,0.012662464,0.011549965,0.011406477,0.013872524,0.011517581,0.011428468,0.011403719
2020-02-16,0.012662333,0.011549856,0.011406375,0.013872361,0.011517473,0.011428359,0.0114036165
2022-05-26,0.012662475,0.011549954,0.011406466,0.013872563,0.011517569,0.011428457,0.011403708
2021-02-04,0.012662064,0.011549633,0.01140616,0.01387204,0.011517255,0.011428144,0.0114034
2021-08-13,0.0126622375,0.011549763,0.011406283,0.013872262,0.011517379,0.011428273,0.011403525
2020-12-20,0.012662457,0.011549958,0.011406477,0.013872516,0.011517575,0.011428463,0.011403719
2024-09-12,0.012662529,0.011550013,0.011406525,0.013872609,0.011517629,0.011428516,0.011403766
2019-05-31,0.012662552,0.011550034,0.011406546,0.013872634,0.011517651,0.011428538,0.011403789
2024-02-13,0.012662195,0.011549741,0.0114062615,0.013872196,0.011517358,0.011428246,0.011403504
2019-10-19,0.012662499,0.011549992,0.011406509,0.013872563,0.011517607,0.011428494,0.01140375
2024-10-12,0.012662404,0.01154991,0.011406428,0.013872451,0.011517526,0.011428414,0.011403671
2021-10-01,0.012662344,0.011549856,0.011406369,0.013872387,0.011517473,0.011428359,0.011403611
2020-05-02,0.012662494,0.011549986,0.011406504,0.013872555,0.011517603,0.011428489,0.011403746
2020-01-28,0.01266247,0.011549969,0.011406488,0.013872529,0.011517585,0.011428473,0.011403729
2020-06-26,0.012662481,0.011549976,0.011406492,0.01387255,0.011517592,0.011428478,0.011403734
2023-11-11,0.012662552,0.011550034,0.011406546,0.013872628,0.011517651,0.011428538,0.011403789
2020-11-10,0.012662445,0.011549948,0.011406466,0.013872497,0.011517564,0.011428451,0.011403708
2023-11-16,0.012662464,0.011549965,0.011406482,0.013872524,0.011517581,0.011428468,0.011403725
2023-11-24,0.012662421,0.011549931,0.011406444,0.013872471,0.011517548,0.011428435,0.011403686
2021-03-29,0.012662935,0.011550351,0.011406858,0.013873084,0.011517965,0.01142885,0.0114041
2021-03-09,0.012662506,0.011549997,0.011406515,0.013872569,0.011517613,0.0114285,0.011403756
2024-06-16,0.01266151,0.0115491925,0.011405729,0.01387133,0.011516815,0.011427714,0.011402972
2023-05-14,0.012662445,0.011549948,0.011406466,0.013872497,0.011517564,0.011428451,0.011403708
2023-10-03,0.012662864,0.011550286,0.011406794,0.013873013,0.0115179,0.01142878,0.011404036
2021-01-18,0.012662362,0.011549882,0.011406401,0.013872399,0.011517499,0.011428387,0.011403643
2019-12-30,0.012662487,0.011549986,0.011406498,0.01387255,0.011517603,0.011428489,0.01140374
2021-03-19,0.012662595,0.011550073,0.011406585,0.01387268,0.011517689,0.011428575,0.011403825
2023-01-09,0.012660794,0.011548625,0.011405181,0.013870436,0.011516251,0.011427163,0.011402423
2020-09-02,0.012662452,0.011549948,0.01140646,0.013872516,0.011517564,0.011428451,0.011403702
2022-04-22,0.012662487,0.011549986,0.011406498,0.013872542,0.011517603,0.011428489,0.01140374
2024-06-05,0.0126624275,0.011549931,0.01140645,0.013872484,0.011517548,0.011428435,0.011403691
2019-11-13,0.012662499,0.011549997,0.011406509,0.013872569,0.011517613,0.0114285,0.01140375
2023-10-21,0.012662697,0.011550155,0.011406665,0.013872804,0.011517765,0.011428651,0.011403907
2022-11-22,0.012661707,0.01154936,0.011405895,0.013871577,0.011516977,0.011427881,0.011403139
2020-09-07,0.012662398,0.011549899,0.011406412,0.013872458,0.0115175145,0.011428403,0.011403655
2021-10-22,0.012662445,0.011549948,0.011406466,0.013872504,0.011517564,0.011428451,0.011403708
2024-01-11,0.012662445,0.011549948,0.011406466,0.013872497,0.011517564,0.011428451,0.011403708
2023-03-21,0.0126623735,0.011549888,0.011406407,0.0138724195,0.011517504,0.0114283925,0.011403649
2024-05-06,0.012662398,0.01154991,0.011406428,0.013872446,0.011517526,0.011428414,0.011403671
2022-12-08,0.012661296,0.011549028,0.011405574,0.013871062,0.011516652,0.011427557,0.011402816
2022-05-05,0.012662577,0.011550057,0.0114065735,0.013872652,0.011517673,0.011428559,0.011403816
2019-11-06,0.012662481,0.01154998,0.011406492,0.013872542,0.011517596,0.011428484,0.011403734
2021-05-22,0.012662452,0.011549954,0.011406471,0.013872504,0.011517569,0.011428463,0.011403713
2021-03-31,0.012662756,0.011550204,0.011406713,0.013872868,0.011517818,0.011428705,0.0114039555
2021-01-21,0.012662356,0.011549878,0.0114063965,0.0138723925,0.011517493,0.011428381,0.011403638
2022-01-27,0.012662475,0.011549976,0.011406488,0.013872529,0.011517592,0.011428478,0.011403729
2023-08-04,0.0126624275,0.011549921,0.011406439,0.013872484,0.011517537,0.011428424,0.011403681
2022-11-16,0.012662101,0.01154967,0.011406197,0.01387206,0.011517293,0.011428183,0.01140344
2024-06-15,0.0126610035,0.011548783,0.011405332,0.013870716,0.011516407,0.011427315,0.011402578
2023-02-06,0.012661336,0.011549061,0.011405606,0.013871116,0.011516684,0.01142759,0.011402848
2020-12-16,0.012662464,0.011549965,0.011406482,0.013872524,0.011517581,0.011428468,0.011403725
2023-02-03,0.012660866,0.011548685,0.011405241,0.013870527,0.011516309,0.011427224,0.011402482
2023-08-11,0.012662416,0.01154991,0.011406428,0.013872484,0.011517526,0.011428414,0.011403671
2024-12-25,0.012662433,0.011549937,0.011406455,0.013872484,0.011517553,0.0114284465,0.011403698
2023-12-19,0.012662445,0.011549954,0.011406466,0.013872504,0.011517569,0.011428457,0.011403708
2021-07-20,0.012662511,0.011549997,0.011406515,0.013872582,0.011517613,0.0114285,0.011403756
2019-11-18,0.012662506,0.011550002,0.011406515,0.013872575,0.011517613,0.011428506,0.011403756
2024-12-20,0.012662445,0.011549948,0.01140646,0.013872497,0.011517564,0.011428451,0.011403702
2020-11-06,0.012662457,0.011549958,0.011406471,0.013872511,0.011517575,0.011428463,0.011403713
2021-02-12,0.012661963,0.011549545,0.011406073,0.013871911,0.011517167,0.011428058,0.011403316
2022-01-30,0.012662464,0.011549965,0.011406482,0.013872516,0.011517581,0.011428468,0.011403725
2022-06-03,0.012662433,0.011549943,0.011406455,0.013872484,0.011517558,0.0114284465,0.011403698
2022-03-15,0.012662356,0.011549871,0.011406391,0.013872399,0.0115174875,0.011428381,0.011403632
2020-07-04,0.012662457,0.011549954,0.011406471,0.013872516,0.011517569,0.011428457,0.011403713
2019-04-25,0.012662475,0.011549969,0.011406488,0.013872529,0.011517585,0.011428478,0.011403729
2023-04-14,0.01266247,0.011549969,0.011406488,0.013872524,0.011517585,0.011428473,0.011403729
2020-07-20,0.012662296,0.0115498165,0.011406331,0.01387234,0.011517433,0.011428323,0.011403574
2023-02-21,0.012662028,0.011549616,0.011406142,0.013871969,0.011517232,0.011428128,0.011403385
2020-04-17,0.012662541,0.01155003,0.011406541,0.013872614,0.011517645,0.011428532,0.011403782
2019-09-30,0.012662511,0.011550002,0.011406519,0.013872575,0.011517619,0.011428506,0.011403762
2021-09-13,0.012662404,0.011549904,0.011406418,0.013872458,0.011517521,0.011428408,0.011403658
2021-03-16,0.012662535,0.011550024,0.011406541,0.013872609,0.01151764,0.011428527,0.011403782
2020-01-04,0.012662487,0.011549986,0.011406498,0.01387255,0.011517603,0.011428489,0.01140374
2022-04-21,0.012662499,0.011549992,0.011406509,0.013872563,0.011517613,0.0114285,0.01140375
2022-01-04,0.012662481,0.01154998,0.011406492,0.013872537,0.011517596,0.011428484,0.011403734
2021-12-20,0.012662457,0.011549958,0.011406477,0.013872511,0.011517575,0.011428463,0.011403719
2023-10-10,0.012662869,0.011550291,0.011406799,0.01387302,0.011517907,0.011428791,0.01140404
2024-05-03,0.012662464,0.011549965,0.011406482,0.013872516,0.011517581,0.011428468,0.011403725
2023-06-14,0.012662326,0.011549844,0.011406364,0.013872361,0.011517461,0.011428354,0.011403606
2019-08-18,0.012662421,0.011549921,0.011406434,0.013872484,0.011517537,0.011428424,0.011403675
2020-05-30,0.012662499,0.01154998,0.011406492,0.013872575,0.011517596,0.011428484,0.011403734
2021-04-12,0.012662457,0.011549954,0.011406471,0.013872516,0.011517569,0.011428457,0.011403713
2020-07-13,0.012662421,0.011549915,0.011406428,0.013872491,0.011517526,0.011428414,0.011403671
2022-04-12,0.01266247,0.011549969,0.011406488,0.013872529,0.011517592,0.011428478,0.011403729
2023-10-09,0.012662892,0.011550313,0.011406816,0.013873044,0.011517922,0.011428807,0.011404057
2022-08-25,0.012662053,0.011549616,0.011406139,0.01387204,0.011517232,0.011428128,0.01140338
2023-03-24,0.012662416,0.011549921,0.011406439,0.013872471,0.011517537,0.011428424,0.011403681
2021-01-06,0.012662421,0.011549931,0.01140645,0.013872471,0.011517548,0.011428435,0.011403691
2024-09-10,0.012662523,0.011550007,0.011406519,0.013872601,0.011517624,0.011428511,0.011403762
2019-10-23,0.01266247,0.011549965,0.011406482,0.013872524,0.011517581,0.011428468,0.011403725
2023-03-19,0.01266244,0.011549943,0.01140646,0.013872497,0.011517558,0.0114284465,0.011403702
2024-01-08,0.012662445,0.011549948,0.011406466,0.013872497,0.011517564,0.011428451,0.011403708
2023-03-17,0.012662339,0.01154986,0.01140638,0.013872368,0.011517477,0.011428371,0.011403622
2020-03-27,0.012662475,0.011549976,0.011406488,0.013872537,0.011517592,0.011428478,0.011403729
2020-08-18,0.01266241,0.01154991,0.011406428,0.013872471,0.011517526,0.011428414,0.011403671
2024-11-15,0.012662416,0.011549927,0.011406439,0.013872465,0.011517542,0.01142843,0.011403681
2024-03-10,0.012662064,0.0115496265,0.011406154,0.01387204,0.011517244,0.011428139,0.011403397
2020-08-31,0.012662457,0.011549954,0.011406471,0.013872524,0.011517569,0.011428457,0.011403713
2019-11-08,0.012662494,0.011549986,0.011406504,0.013872555,0.011517603,0.011428489,0.011403746
2022-04-13,0.012662475,0.011549976,0.011406488,0.013872529,0.011517592,0.011428478,0.011403729
2022-01-02,0.012662475,0.011549976,0.011406488,0.013872529,0.011517592,0.011428478,0.011403729
2020-02-19,0.012662303,0.011549828,0.011406348,0.013872321,0.011517445,0.011428332,0.0114035895
2021-11-22,0.012662053,0.011549638,0.01140616,0.013872008,0.011517255,0.01142815,0.0114034
2021-03-23,0.012662684,0.011550143,0.0114066545,0.013872785,0.011517759,0.011428645,0.011403896
2022-02-13,0.012662398,0.011549915,0.011406428,0.013872438,0.011517532,0.011428419,0.011403671
2019-10-15,0.012662511,0.011550002,0.011406519,0.013872575,0.011517619,0.011428506,0.011403762
2020-08-16,0.0126623735,0.011549878,0.0114063965,0.013872425,0.011517493,0.011428381,0.011403638
2024-05-12,0.012662386,0.011549893,0.011406412,0.013872438,0.01151751,0.011428398,0.011403655
2019-07-15,0.012662398,0.011549904,0.011406418,0.013872451,0.011517521,0.011428408,0.011403658
2019-07-18,0.012662398,0.011549899,0.011406418,0.013872451,0.0115175145,0.011428403,0.011403658
2022-05-23,0.012662445,0.011549937,0.01140645,0.013872511,0.011517553,0.011428441,0.011403691
2021-12-01,0.012662147,0.011549714,0.0114062335,0.013872126,0.01151733,0.011428226,0.011403476
2021-10-03,0.012662326,0.01154984,0.011406358,0.013872372,0.011517456,0.011428344,0.0114036
2021-10-08,0.01266244,0.011549931,0.01140645,0.013872497,0.011517548,0.011428435,0.011403691
2019-11-29,0.012662511,0.011550002,0.011406519,0.013872575,0.011517619,0.011428506,0.011403762
2022-03-10,0.0126622375,0.011549775,0.011406293,0.013872249,0.011517392,0.011428284,0.011403536
2021-05-21,0.012662452,0.011549954,0.011406471,0.013872504,0.011517569,0.011428457,0.011403713
2021-11-27,0.012662147,0.011549714,0.0114062335,0.013872126,0.01151733,0.011428219,0.011403476
2020-01-26,0.012662481,0.011549976,0.011406492,0.013872537,0.011517592,0.011428478,0.011403734
2019-12-24,0.012662487,0.011549986,0.011406498,0.01387255,0.011517603,0.011428489,0.01140374
2023-03-29,0.012662499,0.011549992,0.011406504,0.013872563,0.011517607,0.011428494,0.011403746
2021-12-31,0.01266247,0.011549969,0.011406488,0.013872529,0.011517585,0.011428473,0.011403729
2023-07-19,0.012662421,0.011549927,0.011406444,0.013872478,0.011517542,0.01142843,0.011403686
2019-04-04,0.012662457,0.011549954,0.011406466,0.013872516,0.011517569,0.011428457,0.011403708
2021-12-21,0.012662452,0.011549958,0.011406471,0.013872511,0.011517575,0.011428463,0.011403713
2024-08-14,0.012662421,0.011549921,0.011406439,0.013872484,0.011517537,0.011428424,0.011403681
2024-07-27,0.012662296,0.011549807,0.011406327,0.013872348,0.011517422,0.0114283115,0.011403567
2024-09-20,0.012662457,0.011549954,0.011406466,0.013872524,0.011517564,0.011428451,0.011403708
2021-11-20,0.0126621295,0.011549698,0.011406218,0.013872107,0.011517314,0.01142821,0.01140346
2023-08-24,0.012662767,0.0115502095,0.011406719,0.013872895,0.011517825,0.01142871,0.01140396
2024-03-17,0.012662308,0.011549834,0.011406353,0.013872334,0.01151745,0.0114283385,0.011403595
2021-09-07,0.012662356,0.011549866,0.01140638,0.013872406,0.011517483,0.011428371,0.011403622
2022-05-13,0.012662506,0.011550002,0.011406515,0.013872569,0.011517619,0.011428506,0.011403756
2019-11-11,0.012662499,0.011549992,0.011406509,0.013872563,0.011517607,0.011428494,0.01140375
2023-06-09,0.012662303,0.011549823,0.0114063425,0.013872334,0.011517439,0.011428332,0.011403584
2023-05-10,0.012662445,0.011549948,0.011406466,0.013872497,0.011517564,0.011428451,0.011403708
2020-02-10,0.01266241,0.011549921,0.011406439,0.013872458,0.011517537,0.011428424,0.011403681
2019-09-27,0.01266247,0.011549969,0.011406482,0.013872537,0.011517585,0.011428473,0.011403725
2021-10-14,0.012662666,0.0115501275,0.011406638,0.013872771,0.011517744,0.011428624,0.01140388
2021-06-02,0.012662547,0.01155003,0.011406541,0.013872622,0.011517645,0.011428532,0.011403782
2023-04-20,0.012662445,0.011549954,0.011406466,0.013872497,0.011517569,0.011428457,0.011403708
2022-01-13,0.012662481,0.011549976,0.011406492,0.013872537,0.011517592,0.011428484,0.011403734
2024-08-04,0.012662404,0.011549904,0.011406423,0.013872458,0.011517521,0.011428408,0.011403665
2022-01-31,0.012662457,0.011549958,0.011406477,0.013872511,0.011517575,0.011428468,0.011403719
2022-05-28,0.01266241,0.011549915,0.011406428,0.013872458,0.011517532,0.011428419,0.011403671
2024-06-26,0.0126624275,0.011549921,0.011406439,0.013872484,0.011517537,0.011428424,0.011403681
2021-12-15,0.012662379,0.011549899,0.011406418,0.0138724195,0.0115175145,0.011428403,0.011403658
2021-02-15,0.012662124,0.011549681,0.011406202,0.013872112,0.011517298,0.011428193,0.01140345
2020-12-14,0.01266247,0.011549969,0.011406482,0.013872524,0.011517585,0.011428473,0.011403725
2021-12-19,0.012662457,0.011549958,0.011406477,0.013872511,0.011517575,0.011428463,0.011403719
2024-11-11,0.012662386,0.011549899,0.011406418,0.013872425,0.0115175145,0.011428403,0.011403658
2023-10-30,0.012662601,0.011550073,0.011406589,0.013872692,0.011517689,0.011428575,0.011403832
2022-09-28,0.012662242,0.011549763,0.011406283,0.013872282,0.011517385,0.011428273,0.011403525
2023-09-13,0.012662888,0.011550303,0.01140681,0.013873044,0.011517917,0.011428801,0.011404052
2019-05-29,0.012662398,0.011549904,0.011406423,0.013872451,0.011517521,0.011428408,0.011403665
2022-06-20,0.012662362,0.011549871,0.011406391,0.013872406,0.0115174875,0.011428375,0.011403632
2023-03-02,0.012662219,0.011549775,0.011406293,0.013872216,0.011517392,0.01142828,0.011403536
2023-10-07,0.012662881,0.011550303,0.01140681,0.013873039,0.011517917,0.011428801,0.011404052
2020-03-03,0.012661784,0.011549398,0.011405928,0.013871701,0.011517021,0.0114279175,0.01140317
2022-01-28,0.01266247,0.011549969,0.011406488,0.013872529,0.011517585,0.011428478,0.011403729
2020-06-14,0.0126624275,0.011549927,0.011406439,0.013872491,0.011517542,0.01142843,0.011403681
2020-01-24,0.012662475,0.011549976,0.011406492,0.013872537,0.011517592,0.011428478,0.011403734
2019-07-11,0.012662315,0.011549823,0.0114063425,0.013872361,0.011517439,0.011428328,0.011403584
2023-01-29,0.012661218,0.011548963,0.011405508,0.013870965,0.011516587,0.011427492,0.011402751
2020-05-11,0.012662529,0.0115500195,0.011406531,0.013872594,0.011517634,0.011428522,0.011403772
2022-04-30,0.012662577,0.011550062,0.0114065735,0.013872652,0.011517677,0.011428565,0.011403816
2023-05-08,0.012662452,0.011549954,0.011406471,0.013872504,0.011517569,0.011428457,0.011403713
2022-02-10,0.0126624275,0.011549931,0.01140645,0.013872471,0.011517553,0.011428441,0.011403691
2022-08-17,0.012662386,0.011549893,0.011406412,0.013872438,0.01151751,0.011428398,0.011403655
2019-11-12,0.012662499,0.011549992,0.011406504,0.013872563,0.011517607,0.011428494,0.011403746
2019-05-10,0.012662464,0.011549958,0.011406477,0.013872516,0.011517575,0.011428463,0.011403719
2023-11-30,0.01266244,0.011549943,0.01140646,0.013872491,0.011517558,0.0114284465,0.011403702
2022-03-11,0.012662308,0.011549834,0.011406353,0.013872334,0.01151745,0.0114283385,0.011403595
2023-12-07,0.01266244,0.011549943,0.01140646,0.013872491,0.011517558,0.0114284465,0.011403702
2021-03-27,0.012662761,0.011550214,0.011406724,0.013872868,0.01151783,0.011428715,0.011403966
2021-08-11,0.012662153,0.011549693,0.011406208,0.013872171,0.01151731,0.011428198,0.01140345
2023-12-16,0.012662452,0.011549954,0.011406471,0.013872504,0.011517569,0.011428457,0.011403713
2021-06-29,0.012662464,0.011549958,0.011406477,0.013872524,0.011517575,0.011428463,0.011403719
2022-09-05,0.012662285,0.011549802,0.0114063155,0.013872328,0.011517418,0.011428305,0.011403558
2019-06-04,0.012662552,0.01155003,0.011406546,0.013872628,0.011517645,0.011428532,0.011403789
2019-12-29,0.012662487,0.011549986,0.011406498,0.01387255,0.011517603,0.011428489,0.01140374
2021-05-09,0.012662433,0.011549943,0.01140646,0.013872484,0.011517558,0.0114284465,0.011403702
2019-08-17,0.012662421,0.011549921,0.011406434,0.013872484,0.011517537,0.011428424,0.011403675
2023-06-18,0.012662398,0.011549904,0.011406423,0.013872446,0.011517521,0.011428414,0.011403665
2021-07-31,0.012662379,0.011549888,0.011406401,0.013872431,0.011517504,0.0114283925,0.011403643
2021-12-27,0.01266247,0.011549969,0.011406482,0.013872524,0.011517585,0.011428473,0.011403725
2020-02-03,0.012662452,0.011549954,0.011406466,0.013872504,0.011517569,0.011428457,0.011403708
2023-08-30,0.012662815,0.011550248,0.011406756,0.013872954,0.011517863,0.011428748,0.011403998
2020-08-25,0.012662393,0.011549893,0.011406412,0.013872438,0.01151751,0.011428398,0.011403655
2021-08-21,0.012662457,0.011549958,0.011406471,0.013872516,0.011517575,0.011428463,0.011403713
2023-01-27,0.0126609495,0.01154875,0.011405304,0.013870631,0.0115163755,0.011427282,0.011402546
2021-11-13,0.012662166,0.011549724,0.011406246,0.013872145,0.011517341,0.01142823,0.011403488
2023-08-25,0.01266281,0.011550248,0.01140675,0.013872948,0.011517863,0.011428743,0.011403993
2022-01-18,0.012662475,0.011549976,0.011406492,0.013872537,0.011517592,0.011428478,0.011403734
2019-06-26,0.012662356,0.011549866,0.011406384,0.013872399,0.011517483,0.011428375,0.011403628
2022-03-25,0.012662421,0.011549921,0.011406439,0.013872478,0.011517537,0.011428424,0.011403681
2022-08-14,0.012662333,0.011549851,0.011406369,0.013872379,0.011517466,0.011428354,0.011403611
2020-11-08,0.012662457,0.011549958,0.011406471,0.013872511,0.011517575,0.011428463,0.011403713
2024-10-13,0.012662393,0.011549904,0.011406423,0.013872438,0.011517521,0.011428408,0.011403665
2024-02-29,0.012661987,0.011549568,0.01140609,0.013871949,0.011517184,0.011428074,0.0114033315
2023-07-05,0.012662362,0.011549851,0.011406364,0.013872438,0.011517466,0.01142835,0.011403606
2019-07-04,0.012662308,0.011549823,0.0114063425,0.013872348,0.011517439,0.011428328,0.011403584
2019-06-05,0.012662481,0.011549969,0.011406488,0.01387255,0.011517585,0.011428473,0.011403729
2023-04-07,0.012662494,0.011549992,0.011406504,0.013872555,0.011517607,0.011428494,0.011403746
2021-02-26,0.012662452,0.011549954,0.011406466,0.013872504,0.011517569,0.011428457,0.011403708
2020-02-24,0.012662166,0.01154972,0.01140624,0.013872165,0.011517337,0.011428226,0.011403482
2024-12-17,0.012662445,0.011549948,0.011406466,0.013872497,0.011517564,0.011428451,0.011403708
2024-06-02,0.012662535,0.0115500195,0.011406531,0.013872609,0.011517634,0.011428522,0.011403772
2024-09-16,0.012662475,0.011549969,0.011406482,0.013872542,0.011517585,0.011428473,0.011403725
2019-10-06,0.012662523,0.011550013,0.011406531,0.013872588,0.011517629,0.011428516,0.011403772
2021-03-06,0.012662487,0.011549986,0.011406498,0.01387255,0.011517603,0.011428489,0.01140374
2024-05-21,0.01266244,0.01154991,0.011406423,0.013872524,0.011517526,0.011428414,0.011403665
2020-08-11,0.0126624275,0.011549927,0.011406444,0.013872484,0.011517542,0.01142843,0.011403686
2021-10-16,0.012662636,0.0115501,0.01140661,0.013872732,0.011517716,0.011428602,0.011403853
2022-01-06,0.012662481,0.01154998,0.011406492,0.013872537,0.011517596,0.011428484,0.011403734
2020-11-28,0.01266244,0.011549943,0.01140646,0.013872491,0.011517558,0.011428451,0.011403702
2019-05-16,0.012662464,0.011549965,0.011406477,0.013872524,0.011517581,0.011428468,0.011403719
2024-04-13,0.012662535,0.011550024,0.011406535,0.013872609,0.01151764,0.011428527,0.011403778
2020-07-14,0.012662393,0.011549888,0.011406407,0.013872451,0.011517504,0.0114283925,0.011403649
2019-12-14,0.012662494,0.011549986,0.011406504,0.013872555,0.011517603,0.011428489,0.011403746
2019-09-23,0.012662452,0.011549948,0.011406466,0.013872511,0.011517564,0.011428451,0.011403708
2023-06-26,0.012662303,0.0115498165,0.011406337,0.01387234,0.011517433,0.011428323,0.011403579
2020-06-06,0.012662475,0.011549976,0.011406488,0.013872537,0.011517592,0.011428478,0.011403729
2021-06-28,0.012662457,0.011549954,0.011406471,0.013872516,0.011517569,0.011428457,0.011403713
2022-11-04,0.012662421,0.011549931,0.01140645,0.013872471,0.011517548,0.011428435,0.011403691
2020-02-11,0.012662393,0.011549904,0.011406423,0.013872438,0.011517521,0.011428414,0.011403665
2023-04-15,0.012662464,0.011549965,0.011406482,0.013872511,0.011517581,0.011428468,0.011403725
2021-12-23,0.012662457,0.011549958,0.011406477,0.013872511,0.011517575,0.011428463,0.011403719
2022-08-11,0.012662386,0.011549893,0.011406412,0.013872438,0.01151751,0.011428398,0.011403655
2019-11-17,0.012662506,0.011549997,0.011406515,0.013872569,0.011517613,0.0114285,0.011403756
2019-08-29,0.0126622375,0.011549758,0.011406277,0.01387227,0.011517374,0.011428262,0.01140352
2022-07-13,0.012662166,0.011549693,0.011406208,0.013872203,0.01151731,0.011428198,0.01140345
2022-07-11,0.012662171,0.011549693,0.011406213,0.013872203,0.01151731,0.011428198,0.011403455
2021-06-24,0.0126624275,0.011549927,0.011406444,0.013872484,0.011517542,0.011428435,0.011403686
2023-08-01,0.012662398,0.011549899,0.011406418,0.013872451,0.0115175145,0.011428408,0.011403658
2024-10-26,0.012662344,0.01154986,0.01140638,0.013872379,0.011517477,0.0114283655,0.011403622
2023-01-03,0.012660777,0.011548614,0.01140517,0.013870417,0.0115162395,0.011427154,0.011402411
2024-05-31,0.012662481,0.011549976,0.011406488,0.013872542,0.011517592,0.011428478,0.011403729
2020-06-08,0.012662464,0.011549958,0.011406477,0.013872524,0.011517575,0.011428468,0.011403719
2022-06-23,0.012662315,0.011549834,0.011406353,0.013872353,0.01151745,0.0114283385,0.011403595
2022-05-09,0.012662625,0.0115501,0.01140661,0.013872707,0.011517711,0.011428596,0.011403853
2023-06-16,0.012662315,0.01154984,0.011406358,0.013872348,0.011517456,0.011428344,0.011403595
2024-07-20,0.012662189,0.011549714,0.0114062335,0.013872216,0.01151733,0.011428226,0.011403476
2022-04-08,0.012662457,0.011549954,0.011406471,0.013872516,0.011517569,0.011428457,0.011403713
2022-01-29,0.012662464,0.011549969,0.011406482,0.013872524,0.011517585,0.011428473,0.011403725
2021-08-01,0.012662362,0.011549878,0.011406391,0.013872412,0.011517493,0.011428381,0.011403632
2020-08-23,0.012662398,0.011549904,0.011406418,0.013872451,0.011517521,0.011428408,0.011403658
2019-10-02,0.012662523,0.011550013,0.011406525,0.013872588,0.011517629,0.011428516,0.011403766
2019-04-05,0.012662535,0.0115500195,0.011406531,0.013872614,0.011517634,0.011428522,0.011403772
2022-07-06,0.012662225,0.011549741,0.011406257,0.013872262,0.011517358,0.011428246,0.011403498
2022-08-27,0.0126622915,0.011549812,0.011406331,0.013872328,0.011517429,0.011428316,0.011403574
2024-09-26,0.012662487,0.011549969,0.011406482,0.013872569,0.011517585,0.011428468,0.011403725
2020-12-17,0.012662464,0.011549965,0.011406482,0.013872524,0.011517581,0.011428468,0.011403725
2020-12-31,0.0126624275,0.011549937,0.011406455,0.013872478,0.011517553,0.011428441,0.011403698
2024-01-29,0.012662362,0.011549882,0.011406401,0.013872399,0.011517499,0.011428387,0.011403643
2020-03-19,0.012662464,0.011549965,0.011406477,0.013872524,0.011517581,0.011428468,0.011403719
2022-03-12,0.01266235,0.011549871,0.011406391,0.013872387,0.0115174875,0.011428375,0.011403632
2023-04-27,0.012662433,0.011549943,0.011406455,0.013872484,0.011517558,0.0114284465,0.011403698
2023-09-06,0.012663131,0.011550509,0.011407008,0.013873346,0.011518118,0.011428995,0.011404251
2023-05-20,0.01266244,0.011549943,0.011406455,0.013872491,0.011517558,0.0114284465,0.011403698
2023-09-12,0.012663091,0.011550471,0.011406977,0.013873286,0.011518085,0.011428964,0.011404218
2024-05-19,0.012662547,0.011549986,0.011406498,0.013872667,0.011517603,0.011428489,0.01140374
2019-09-05,0.012662082,0.011549633,0.011406154,0.013872086,0.011517248,0.011428139,0.011403397
2024-07-23,0.012662303,0.011549807,0.011406321,0.013872361,0.011517422,0.0114283115,0.0114035625
2023-06-25,0.012662296,0.0115498165,0.011406337,0.013872334,0.011517433,0.011428323,0.011403579
2023-07-09,0.012662326,0.011549834,0.011406348,0.013872372,0.01151745,0.0114283385,0.0114035895
2023-06-13,0.012662249,0.011549786,0.011406305,0.01387227,0.011517401,0.011428289,0.011403547
2022-11-06,0.012662386,0.011549899,0.011406418,0.0138724195,0.0115175145,0.011428403,0.011403658
2024-07-31,0.012662379,0.011549882,0.011406401,0.013872425,0.011517499,0.011428387,0.011403643
2021-06-15,0.012662499,0.011549969,0.011406482,0.013872594,0.011517585,0.011428473,0.011403725
2024-07-07,0.012662452,0.011549948,0.011406466,0.013872511,0.011517564,0.011428451,0.011403708
2021-08-16,0.012662379,0.011549888,0.011406407,0.013872425,0.011517504,0.0114283925,0.011403649
2024-05-13,0.01266247,0.011549954,0.011406466,0.01387255,0.011517569,0.011428457,0.011403708
2023-07-17,0.012662362,0.011549871,0.011406384,0.013872412,0.0115174875,0.011428375,0.011403628
2019-07-05,0.0126622915,0.011549807,0.011406327,0.013872334,0.011517422,0.0114283115,0.011403567
2024-09-28,0.01266241,0.01154991,0.011406423,0.013872465,0.011517526,0.011428414,0.011403665
2024-04-05,0.012662535,0.011550024,0.011406535,0.013872609,0.01151764,0.011428527,0.011403778
2022-05-25,0.012662499,0.011549976,0.011406488,0.013872582,0.011517585,0.011428473,0.011403729
2019-07-17,0.012662386,0.011549893,0.011406407,0.013872446,0.01151751,0.011428398,0.011403649
2024-12-02,0.012662445,0.011549948,0.01140646,0.013872497,0.011517564,0.011428451,0.011403702
2020-05-26,0.012662481,0.011549976,0.011406492,0.013872542,0.011517592,0.011428484,0.011403734
2020-11-20,0.01266241,0.011549921,0.011406434,0.013872458,0.011517537,0.011428424,0.011403675
2019-12-04,0.012662494,0.011549992,0.011406504,0.013872555,0.011517607,0.011428494,0.011403746
2021-06-08,0.012662464,0.011549965,0.011406477,0.013872524,0.011517581,0.011428468,0.011403719
2021-07-24,0.012662416,0.011549915,0.011406434,0.013872484,0.011517532,0.011428419,0.011403675
2022-06-08,0.012662416,0.011549927,0.011406439,0.013872458,0.011517542,0.01142843,0.011403681
2023-11-12,0.012662541,0.011550024,0.011406541,0.013872614,0.01151764,0.011428527,0.011403782
2024-11-28,0.012662433,0.011549943,0.011406455,0.013872484,0.011517558,0.0114284465,0.011403698
2022-02-02,0.012662457,0.011549958,0.011406477,0.013872511,0.011517575,0.011428463,0.011403719
2023-08-27,0.012662798,0.011550237,0.011406746,0.013872927,0.011517852,0.011428731,0.011403987
2024-10-11,0.012662393,0.011549899,0.011406418,0.013872438,0.011517521,0.011428408,0.011403658
2024-12-19,0.012662433,0.011549937,0.011406455,0.013872484,0.011517553,0.011428441,0.011403698
2024-07-29,0.012662261,0.011549786,0.011406305,0.013872295,0.011517401,0.011428289,0.011403547
2020-10-20,0.012662457,0.011549954,0.011406471,0.013872516,0.011517569,0.011428457,0.011403713
2024-03-07,0.012661975,0.011549557,0.0114060845,0.013871942,0.011517174,0.011428069,0.011403326
2020-11-02,0.012662433,0.011549937,0.011406455,0.013872484,0.011517553,0.011428441,0.011403698
2021-10-27,0.012662511,0.011550007,0.011406519,0.013872582,0.011517624,0.011428511,0.011403762
2022-07-08,0.012662219,0.011549736,0.011406251,0.013872262,0.0115173515,0.011428242,0.011403492
2020-06-17,0.012662421,0.011549927,0.011406444,0.013872478,0.011517542,0.01142843,0.011403686
2020-03-17,0.012662464,0.011549965,0.011406482,0.013872524,0.011517581,0.011428468,0.011403725
2019-05-21,0.012662452,0.011549954,0.011406471,0.013872511,0.011517569,0.011428457,0.011403713
2023-11-17,0.012662452,0.011549954,0.011406471,0.013872511,0.011517569,0.011428463,0.011403713
2019-12-18,0.012662487,0.011549986,0.011406498,0.01387255,0.011517603,0.011428489,0.01140374
2023-02-07,0.012660944,0.0115487445,0.011405299,0.013870626,0.01151637,0.011427282,0.011402542
2024-11-06,0.01266235,0.011549871,0.011406391,0.013872387,0.0115174875,0.011428375,0.011403632
2021-11-05,0.012662421,0.011549931,0.01140645,0.013872465,0.011517548,0.011428435,0.011403691
2023-09-24,0.01266297,0.011550379,0.01140688,0.013873136,0.011517988,0.011428871,0.011404122
2021-04-09,0.012662518,0.011550007,0.011406519,0.013872588,0.011517624,0.011428511,0.011403762
2023-01-20,0.01266089,0.011548702,0.01140525,0.013870553,0.011516325,0.011427234,0.011402499
2021-01-14,0.012662379,0.011549899,0.011406418,0.0138724195,0.0115175145,0.011428403,0.011403658
2021-03-15,0.012662523,0.011550013,0.011406531,0.013872594,0.011517629,0.011428516,0.011403772
2024-12-24,0.012662433,0.011549937,0.011406455,0.013872484,0.011517553,0.0114284465,0.011403698
2022-07-26,0.012662285,0.011549802,0.0114063155,0.013872328,0.011517418,0.011428305,0.011403558
2021-09-20,0.012662369,0.011549878,0.0114063965,0.013872412,0.011517493,0.011428381,0.011403638
2021-02-25,0.012662445,0.011549948,0.011406466,0.013872504,0.011517564,0.011428457,0.011403708
2023-03-10,0.012662308,0.011549844,0.011406364,0.013872321,0.011517461,0.01142835,0.011403606
2020-09-14,0.012662362,0.011549871,0.011406384,0.013872412,0.0115174875,0.011428375,0.011403628
2024-08-28,0.01266247,0.011549965,0.011406477,0.013872542,0.011517581,0.011428468,0.011403719
2024-02-12,0.0126621835,0.011549731,0.011406251,0.013872185,0.011517347,0.011428242,0.011403492
2022-05-16,0.01266244,0.011549948,0.01140646,0.013872497,0.011517564,0.011428451,0.011403702
2020-12-22,0.012662452,0.011549954,0.011406471,0.013872504,0.011517569,0.011428457,0.011403713
2021-08-14,0.012662254,0.011549779,0.0114063,0.013872282,0.011517395,0.011428289,0.011403541
2021-08-09,0.012662178,0.011549709,0.01140623,0.013872196,0.011517325,0.011428214,0.011403471
2021-11-23,0.012662016,0.011549605,0.011406133,0.013871963,0.011517228,0.011428117,0.011403374
2021-05-24,0.012662487,0.011549986,0.011406498,0.01387255,0.011517603,0.011428489,0.01140374
2019-11-09,0.012662494,0.011549992,0.011406504,0.013872555,0.011517607,0.011428494,0.011403746
2020-08-05,0.012662475,0.011549969,0.011406488,0.013872542,0.011517585,0.011428473,0.011403729
2022-04-24,0.012662494,0.011549992,0.011406504,0.013872555,0.011517607,0.011428494,0.011403746
2022-11-19,0.012661945,0.01154955,0.011406078,0.013871877,0.011517167,0.011428063,0.011403321
2021-07-29,0.012662421,0.011549921,0.011406439,0.013872484,0.011517537,0.011428424,0.011403681
2022-06-13,0.01266241,0.01154991,0.011406428,0.013872465,0.011517526,0.011428414,0.011403671
2020-10-03,0.01266244,0.011549943,0.011406455,0.013872497,0.011517558,0.0114284465,0.011403698
2021-05-02,0.012662464,0.011549965,0.011406482,0.013872516,0.011517581,0.011428468,0.011403725
2021-04-17,0.01266241,0.011549921,0.011406434,0.013872458,0.011517537,0.011428424,0.011403675
2021-09-01,0.012662344,0.01154986,0.011406375,0.013872387,0.011517477,0.0114283655,0.0114036165
2022-07-22,0.012662171,0.011549703,0.011406218,0.013872203,0.011517321,0.01142821,0.01140346
2021-06-20,0.012662273,0.011549786,0.0114063,0.013872321,0.011517401,0.011428289,0.011403541
2023-06-03,0.01266235,0.011549856,0.011406369,0.013872399,0.011517473,0.011428359,0.011403611
2020-08-27,0.0126624275,0.011549927,0.011406444,0.013872491,0.011517542,0.01142843,0.011403686
2024-07-21,0.012662189,0.011549714,0.0114062335,0.013872216,0.01151733,0.011428226,0.011403476
2023-11-07,0.012662547,0.01155003,0.011406546,0.013872622,0.011517645,0.011428532,0.011403782
2019-05-15,0.012662464,0.011549965,0.011406482,0.013872524,0.011517581,0.011428468,0.011403725
2021-04-23,0.012662433,0.011549943,0.011406455,0.013872491,0.011517558,0.0114284465,0.011403698
2021-03-28,0.012662636,0.011550106,0.011406622,0.013872726,0.011517722,0.011428609,0.011403864
2020-12-10,0.01266247,0.011549969,0.011406488,0.013872529,0.011517585,0.011428473,0.011403729
2024-08-06,0.01266241,0.01154991,0.011406428,0.013872465,0.011517532,0.011428419,0.011403671
2022-03-23,0.012662404,0.01154991,0.011406428,0.013872458,0.011517526,0.011428414,0.011403671
2023-11-13,0.012662523,0.011550007,0.011406525,0.013872588,0.011517624,0.011428511,0.011403766
2019-12-12,0.012662499,0.011549992,0.011406509,0.013872563,0.011517607,0.011428494,0.01140375
2024-08-11,0.012662404,0.01154991,0.011406423,0.013872458,0.011517526,0.011428414,0.011403665
2021-10-06,0.012662416,0.01154991,0.011406428,0.013872471,0.011517526,0.011428414,0.011403671
2024-12-26,0.0126624275,0.011549937,0.011406455,0.013872478,0.011517553,0.011428441,0.011403691
2024-10-23,0.012662379,0.011549893,0.011406412,0.013872425,0.01151751,0.011428398,0.011403655
2021-11-10,0.012662207,0.011549758,0.011406277,0.013872203,0.011517374,0.011428269,0.01140352
2023-11-04,0.012662552,0.011550034,0.011406552,0.013872634,0.011517651,0.011428538,0.011403794
2021-03-02,0.012662481,0.01154998,0.011406492,0.013872542,0.011517596,0.011428484,0.011403734
2020-10-27,0.012662433,0.011549937,0.011406455,0.013872484,0.011517553,0.011428441,0.011403691
2022-09-26,0.012662232,0.011549752,0.011406267,0.01387227,0.011517368,0.011428257,0.0114035085
2022-05-06,0.012662589,0.011550068,0.011406585,0.013872667,0.011517684,0.011428569,0.011403825
2024-11-20,0.0126624275,0.011549931,0.01140645,0.013872478,0.011517548,0.011428441,0.011403691
2022-07-24,0.012662261,0.011549779,0.011406293,0.01387231,0.011517395,0.011428284,0.011403536
2019-06-28,0.012662369,0.011549878,0.011406391,0.013872412,0.011517493,0.011428381,0.011403632
2024-06-11,0.012661987,0.011549578,0.011406106,0.013871931,0.011517195,0.011428091,0.011403348
2020-04-22,0.012662529,0.0115500195,0.011406531,0.013872601,0.011517634,0.011428516,0.011403772
2023-08-06,0.012662433,0.011549927,0.011406444,0.013872491,0.011517542,0.01142843,0.011403686
2023-10-27,0.012662612,0.011550085,0.0114066005,0.013872707,0.011517699,0.011428586,0.011403842
2022-07-18,0.012662107,0.011549638,0.01140616,0.013872132,0.011517255,0.01142815,0.0114034
2019-04-17,0.012662511,0.011550002,0.011406515,0.013872575,0.011517619,0.011428506,0.011403756
2020-09-26,0.012662398,0.011549904,0.011406423,0.013872446,0.011517521,0.011428408,0.011403665
2022-08-18,0.012662308,0.011549828,0.011406348,0.01387234,0.011517445,0.011428332,0.0114035895
2021-10-24,0.012662481,0.01154998,0.011406492,0.013872542,0.011517596,0.011428484,0.011403734
2021-08-05,0.012662261,0.011549789,0.011406309,0.013872288,0.011517406,0.011428296,0.011403551
2024-05-11,0.012662333,0.011549851,0.011406369,0.013872368,0.011517466,0.011428359,0.011403611
2023-05-23,0.012662386,0.011549899,0.011406412,0.013872425,0.0115175145,0.011428403,0.011403655
2019-05-05,0.01266247,0.011549969,0.011406488,0.013872529,0.011517585,0.011428473,0.011403729
2021-09-24,0.012662369,0.011549878,0.011406391,0.013872412,0.011517493,0.011428381,0.011403632
2022-11-09,0.012662315,0.011549844,0.011406364,0.013872328,0.011517461,0.01142835,0.011403606
2024-09-07,0.012662541,0.0115500195,0.011406531,0.013872628,0.011517634,0.011428522,0.011403772
2024-03-05,0.012661945,0.011549529,0.0114060575,0.0138719035,0.011517147,0.011428042,0.0114033
2021-12-29,0.012662475,0.011549976,0.011406492,0.013872537,0.011517592,0.011428478,0.011403734
2023-11-28,0.012662433,0.011549937,0.011406455,0.013872484,0.011517553,0.011428441,0.011403698
2024-01-07,0.012662457,0.011549958,0.011406471,0.013872511,0.011517575,0.011428463,0.011403713
2021-09-16,0.012662393,0.011549899,0.011406418,0.013872446,0.0115175145,0.011428403,0.011403658
2024-01-24,0.0126623735,0.011549893,0.011406412,0.013872412,0.01151751,0.011428398,0.011403655
2019-07-16,0.012662398,0.011549899,0.011406418,0.013872451,0.0115175145,0.011428403,0.011403658
2022-08-15,0.012662303,0.011549823,0.0114063425,0.013872334,0.011517439,0.011428328,0.011403584
2020-09-18,0.0126622915,0.011549812,0.011406331,0.013872328,0.011517429,0.011428316,0.011403574
2020-10-16,0.01266247,0.011549965,0.011406477,0.013872529,0.011517581,0.011428468,0.011403719
2024-09-05,0.012662582,0.011550051,0.011406563,0.013872674,0.011517667,0.011428554,0.011403805
2020-06-19,0.012662457,0.011549954,0.011406471,0.013872516,0.011517569,0.011428457,0.011403713
2024-06-28,0.01266241,0.01154991,0.011406428,0.013872465,0.011517526,0.011428419,0.011403671
2024-03-02,0.012661975,0.011549557,0.011406078,0.013871936,0.011517174,0.011428063,0.011403321
2024-10-30,0.0126623195,0.01154984,0.011406358,0.013872348,0.011517456,0.011428344,0.0114036
2021-08-07,0.012662225,0.011549758,0.011406277,0.013872243,0.011517374,0.011428262,0.01140352
2022-01-12,0.012662475,0.011549976,0.011406492,0.013872537,0.011517592,0.011428478,0.011403734
2023-08-22,0.012662707,0.011550161,0.01140667,0.013872823,0.011517776,0.011428661,0.011403913
2021-08-06,0.012662213,0.011549747,0.011406267,0.0138722295,0.011517364,0.011428253,0.0114035085
2020-07-17,0.012662369,0.011549878,0.0114063965,0.013872412,0.011517493,0.011428381,0.011403638
2024-10-31,0.0126623195,0.01154984,0.011406358,0.013872353,0.011517456,0.01142835,0.0114036
2024-08-17,0.012662433,0.011549927,0.011406439,0.013872497,0.011517542,0.01142843,0.011403681
2023-04-08,0.012662494,0.011549992,0.011406504,0.013872555,0.011517607,0.011428494,0.011403746
2020-11-17,0.01266241,0.011549921,0.011406439,0.013872458,0.011517537,0.011428424,0.011403681
2023-11-23,0.0126624275,0.011549931,0.01140645,0.013872471,0.011517548,0.011428435,0.011403691
2020-09-06,0.01266241,0.01154991,0.011406428,0.013872465,0.011517526,0.011428414,0.011403671
2021-04-10,0.012662529,0.0115500195,0.011406531,0.013872601,0.011517634,0.011428522,0.011403772
2022-02-05,0.012662445,0.011549948,0.011406466,0.013872497,0.011517564,0.011428451,0.011403708
2024-10-18,0.012662393,0.011549904,0.011406418,0.013872438,0.011517521,0.011428408,0.011403658
2024-01-30,0.012662339,0.01154986,0.01140638,0.013872372,0.011517477,0.011428371,0.011403622
2023-01-26,0.012660973,0.0115487715,0.01140532,0.013870664,0.011516396,0.011427304,0.011402562
2023-05-26,0.01266244,0.011549943,0.01140646,0.013872497,0.011517558,0.0114284465,0.011403702
2024-12-13,0.012662445,0.011549948,0.011406466,0.013872497,0.011517564,0.011428457,0.011403708
2019-09-15,0.012662464,0.011549958,0.011406477,0.013872524,0.011517575,0.011428463,0.011403719
2022-07-12,0.0126621835,0.011549703,0.011406224,0.013872216,0.011517321,0.01142821,0.011403467
2022-03-08,0.012661999,0.011549578,0.0114061,0.013871956,0.011517195,0.011428091,0.011403343
2023-03-03,0.012662178,0.011549736,0.011406257,0.013872158,0.0115173515,0.011428246,0.011403498
2024-02-02,0.01266235,0.011549871,0.011406384,0.013872379,0.0115174875,0.011428375,0.011403628
2024-03-09,0.012661945,0.011549529,0.011406051,0.013871897,0.011517147,0.011428042,0.011403293
2020-09-22,0.012662326,0.011549844,0.011406358,0.013872368,0.011517461,0.01142835,0.0114036
2019-04-29,0.01266247,0.011549969,0.011406488,0.013872529,0.011517585,0.011428473,0.011403729
2019-09-04,0.012661968,0.011549529,0.011406051,0.013871956,0.011517147,0.011428042,0.011403293
2023-01-30,0.0126609495,0.01154875,0.011405299,0.013870631,0.0115163755,0.011427282,0.011402542
2023-06-28,0.012662315,0.011549828,0.011406348,0.013872361,0.011517445,0.011428332,0.0114035895
2023-10-15,0.012662851,0.01155028,0.011406789,0.013872993,0.011517895,0.01142878,0.01140403
2023-05-09,0.012662445,0.011549948,0.011406466,0.013872504,0.011517564,0.011428457,0.011403708
2024-07-09,0.012662379,0.011549888,0.011406401,0.013872431,0.011517504,0.0114283925,0.011403643
2022-08-20,0.012662404,0.01154991,0.011406423,0.013872458,0.011517526,0.011428414,0.011403665
2023-06-02,0.012662433,0.011549927,0.011406444,0.013872491,0.011517542,0.01142843,0.011403686
2023-05-30,0.012662457,0.011549958,0.011406471,0.013872511,0.011517575,0.011428463,0.011403713
2020-02-05,0.01266244,0.011549948,0.01140646,0.013872491,0.011517564,0.011428451,0.011403702
2021-12-17,0.012662416,0.011549927,0.011406444,0.013872465,0.011517542,0.011428435,0.011403686
2024-02-08,0.0126622375,0.011549779,0.0114063,0.013872249,0.011517395,0.011428284,0.011403541
2024-01-14,0.012662433,0.011549943,0.011406455,0.013872484,0.011517558,0.0114284465,0.011403698
2024-01-19,0.012662416,0.011549927,0.011406439,0.013872458,0.011517542,0.01142843,0.011403681
2020-06-10,0.01266247,0.011549969,0.011406482,0.013872529,0.011517585,0.011428473,0.011403725
2019-05-23,0.012662404,0.011549915,0.011406434,0.013872451,0.011517532,0.011428419,0.011403675
2021-11-30,0.012662124,0.011549693,0.011406218,0.013872099,0.01151731,0.011428203,0.01140346
2022-02-01,0.012662457,0.011549958,0.011406477,0.013872511,0.011517575,0.011428463,0.011403719
2021-08-19,0.012662481,0.01154998,0.011406492,0.013872542,0.011517596,0.011428484,0.011403734
2022-09-03,0.012662303,0.011549812,0.011406331,0.013872348,0.011517429,0.011428316,0.011403574
2023-01-14,0.012660817,0.011548641,0.011405197,0.013870461,0.0115162665,0.01142718,0.011402438
2021-05-12,0.01266244,0.011549943,0.01140646,0.013872491,0.011517558,0.0114284465,0.011403702
2021-09-21,0.0126623735,0.011549888,0.011406401,0.013872425,0.011517504,0.0114283925,0.011403643
2024-04-17,0.012662541,0.01155003,0.011406541,0.013872614,0.011517645,0.011428532,0.011403782
2019-09-07,0.012662362,0.011549878,0.0114063965,0.013872406,0.011517493,0.011428381,0.011403638
2020-08-02,0.012662421,0.011549927,0.011406439,0.013872478,0.011517542,0.01142843,0.011403681
2021-07-08,0.012662481,0.011549976,0.011406488,0.013872542,0.011517592,0.011428478,0.011403729
2023-04-24,0.012662457,0.011549958,0.011406477,0.013872511,0.011517575,0.011428463,0.011403719
2021-10-17,0.012662535,0.0115500195,0.011406531,0.013872609,0.011517634,0.011428522,0.011403772
2022-07-09,0.012662166,0.011549687,0.011406208,0.013872196,0.011517303,0.011428193,0.01140345
2021-07-01,0.01266244,0.011549943,0.011406455,0.013872497,0.011517558,0.0114284465,0.011403698
2021-02-08,0.012661999,0.011549578,0.0114061,0.013871956,0.011517195,0.011428091,0.011403343
2021-02-28,0.012662393,0.011549904,0.011406423,0.013872438,0.011517521,0.011428408,0.011403665
2020-09-05,0.012662379,0.011549878,0.0114063965,0.013872438,0.011517493,0.011428381,0.011403638
2021-05-07,0.012662452,0.011549954,0.011406471,0.013872504,0.011517569,0.011428457,0.011403713
2023-03-28,0.012662404,0.011549915,0.011406428,0.013872446,0.011517532,0.011428419,0.011403671
2020-06-12,0.012662404,0.011549904,0.011406418,0.013872458,0.011517521,0.011428408,0.011403658
2022-08-07,0.012662404,0.01154991,0.011406423,0.013872458,0.011517526,0.011428414,0.011403665
2020-10-08,0.012662433,0.011549931,0.01140645,0.013872484,0.011517548,0.011428441,0.011403691
2020-03-20,0.012662475,0.011549969,0.011406488,0.013872529,0.011517585,0.011428473,0.011403729
2024-01-03,0.012662457,0.011549958,0.011406471,0.013872511,0.011517575,0.011428463,0.011403713
2024-03-01,0.012661945,0.011549529,0.011406051,0.0138719035,0.011517147,0.011428037,0.011403293
2020-11-04,0.012662452,0.011549954,0.011406466,0.013872504,0.011517569,0.011428457,0.011403713
2020-12-09,0.01266247,0.011549969,0.011406482,0.013872524,0.011517585,0.011428473,0.011403725
2022-12-17,0.01266114,0.011548903,0.01140545,0.0138708735,0.011516527,0.011427433,0.011402693
