date,h0,h1,h2,h3
2023-01-04,0.6877717,0.41268262,0.5128929,0.4158233
2019-09-20,0.6866903,0.41208977,0.5117755,0.4148368
2020-03-06,0.6883395,0.41313797,0.51375294,0.41644517
2023-07-05,0.68601155,0.4114459,0.5109056,0.41459948
2024-07-01,0.68823683,0.41287696,0.5128352,0.4162998
2024-03-14,0.6884107,0.41295314,0.51335955,0.416443
2023-06-29,0.6877849,0.41261798,0.51261973,0.41588944
2021-03-18,0.68843186,0.41318658,0.51352346,0.41607857
2024-10-13,0.68843704,0.41315597,0.51346475,0.41659224
2024-12-02,0.68906534,0.4137146,0.51411223,0.41701853
2024-09-06,0.6879094,0.4126275,0.5128851,0.41602635
2024-03-30,0.68911153,0.4136229,0.5139676,0.4168401
2024-01-01,0.68930805,0.41378888,0.51415145,0.41704765
2023-01-01,0.68772125,0.4126573,0.5128826,0.41582882
2024-01-25,0.6891705,0.4136943,0.5140746,0.41694948
2024-09-29,0.68820566,0.41290066,0.5127017,0.41622078
2020-09-07,0.6882115,0.41276455,0.5129226,0.41627073
2021-02-13,0.6885676,0.41329432,0.5139137,0.41659355
2021-04-15,0.6888845,0.41350815,0.5137593,0.4166059
2020-07-10,0.68778676,0.41295958,0.51260203,0.41593447
2024-05-13,0.6881817,0.4127997,0.5130235,0.41608575
2020-08-27,0.688671,0.4132421,0.51350415,0.4166279
2022-02-13,0.6889796,0.41355485,0.5139146,0.41679242
2022-01-30,0.6892568,0.4137592,0.5140825,0.41697443
2021-05-03,0.68912077,0.4136374,0.5138374,0.4167989
2023-10-09,0.6864428,0.4117459,0.5112714,0.4147157
2022-05-25,0.6876803,0.41245598,0.5126219,0.4159476
2022-07-17,0.687478,0.4123983,0.5124584,0.41572198
2022-02-04,0.6891628,0.4136845,0.51401544,0.41690654
2019-05-19,0.689084,0.41358757,0.51380426,0.41679227
2021-05-07,0.68915063,0.4136592,0.51387936,0.416811
2019-08-23,0.68672144,0.4121208,0.51156276,0.41513208
2021-10-11,0.6872851,0.41218534,0.51208276,0.41572315
2023-01-25,0.6878755,0.41285333,0.51298887,0.41586667
2021-12-20,0.6893441,0.41380963,0.5141506,0.41704956
2020-08-17,0.688811,0.41339326,0.51365525,0.41667274
2020-04-24,0.689118,0.4136646,0.5139411,0.41683358
2020-06-19,0.6882186,0.4125359,0.5127229,0.41664922
2021-01-25,0.6889957,0.41357306,0.514033,0.4168299
2023-03-22,0.68790305,0.4126561,0.51270896,0.41574654
2021-05-12,0.6892173,0.41365862,0.5139061,0.4168283
2019-05-20,0.6890761,0.4135712,0.5137825,0.41674665
2023-12-25,0.68930864,0.41379905,0.5141353,0.41703346
2023-11-26,0.6890884,0.41368032,0.51406235,0.41697156
2022-01-10,0.68937993,0.4138422,0.51417017,0.41706756
2019-08-20,0.6878813,0.41278115,0.512695,0.4159464
2024-11-12,0.688735,0.41348752,0.5138235,0.41680446
2021-02-17,0.6888692,0.41348368,0.5139998,0.41670233
2020-11-21,0.6891539,0.41363454,0.5140515,0.41702
2022-02-20,0.68893,0.41354188,0.5140248,0.41681755
2021-04-17,0.68899244,0.41359398,0.51387537,0.4166938
2021-08-19,0.68915135,0.41384417,0.5139275,0.4168714
2022-03-27,0.6884936,0.41331124,0.5137416,0.41605225
2022-08-02,0.6888498,0.41341424,0.5136597,0.4166986
2023-10-14,0.6872302,0.41234377,0.51197034,0.4152734
2024-02-27,0.6882948,0.4129001,0.51326114,0.41629767
2020-06-25,0.68776685,0.41233474,0.5123549,0.41629136
2024-01-07,0.6893198,0.41380408,0.51416606,0.41704854
2022-05-20,0.6888553,0.4133657,0.5136254,0.41671902
2019-11-12,0.6892052,0.41365886,0.51405346,0.41698515
2023-05-14,0.68921125,0.41369885,0.51405483,0.41695213
2021-03-25,0.6860625,0.4113091,0.5113727,0.41401666
2023-10-24,0.6882225,0.4130024,0.5131227,0.41616422
2023-10-10,0.68674326,0.4119761,0.5114909,0.41490167
2023-02-25,0.688605,0.41328323,0.513397,0.4163776
2024-02-23,0.68744296,0.4118492,0.5127106,0.4162966
2023-09-08,0.68463933,0.41004983,0.5102005,0.41362885
2019-09-03,0.6865983,0.41132563,0.5111288,0.41471106
2023-06-20,0.68848485,0.41315523,0.5130915,0.41647574
2024-08-29,0.68790543,0.41266915,0.512849,0.4160021
2019-07-04,0.68845105,0.41318813,0.513221,0.41635752
2020-03-03,0.6882645,0.41310266,0.51378137,0.41642216
2020-09-04,0.68742585,0.4122888,0.5122836,0.41577053
2021-09-18,0.6885375,0.41306064,0.5133178,0.4162979
2020-10-20,0.6887278,0.41345727,0.51357096,0.41658232
2019-11-03,0.6891695,0.41369787,0.5140154,0.4169488
2023-07-12,0.68835163,0.41301817,0.5132251,0.416362
2021-02-10,0.6885788,0.41329715,0.5138873,0.4165576
2022-06-11,0.68831927,0.41309258,0.512842,0.4163059
2023-09-06,0.6845636,0.40998155,0.5101516,0.41361123
2024-04-27,0.6891927,0.41367778,0.5139019,0.41684547
2021-12-12,0.68925,0.413708,0.51405436,0.41696423
2021-12-16,0.6892784,0.41373724,0.5140985,0.41699755
2020-07-13,0.6876671,0.4126845,0.51259625,0.41586915
2019-05-28,0.68836975,0.41310307,0.5131826,0.41619152
2019-10-14,0.68844813,0.41326582,0.5134223,0.41637194
2023-03-23,0.6877845,0.4125811,0.51266205,0.41567
2021-01-10,0.68922824,0.41373134,0.5141212,0.41697642
2024-08-20,0.6885265,0.4131699,0.51336294,0.41642362
2021-08-16,0.68891865,0.41341105,0.5137404,0.4166977
2021-08-15,0.68885785,0.41323796,0.5135707,0.41661394
2023-03-12,0.6884581,0.41312912,0.51328534,0.41626048
2024-02-03,0.68878955,0.41336396,0.5137163,0.41668049
2024-01-04,0.68931127,0.41378513,0.5141603,0.41705593
2019-12-17,0.689361,0.41379,0.51413924,0.41703928
2024-06-07,0.68879676,0.4133572,0.51356584,0.41667914
2019-08-14,0.6884783,0.4132456,0.51333886,0.4164368
2020-12-07,0.68933696,0.41378665,0.5141542,0.41707295
2019-11-16,0.6892493,0.41370007,0.514112,0.41702747
2022-09-02,0.68665594,0.41188157,0.5116328,0.41506338
2023-10-30,0.6882929,0.4130781,0.5132589,0.41625404
2024-07-24,0.6872948,0.4122449,0.5119919,0.4155311
2021-09-07,0.68851703,0.41291758,0.51333714,0.4164349
2023-07-28,0.68840545,0.41306388,0.5133052,0.4163349
2024-11-04,0.68851167,0.41325286,0.5135989,0.4166226
2024-04-15,0.68912643,0.41363296,0.5139014,0.41685036
2020-12-14,0.6893149,0.4137786,0.51415104,0.41705576
2023-04-11,0.6883441,0.41303724,0.51311016,0.41617706
2022-07-16,0.6875018,0.41241327,0.5124455,0.41574222
2020-06-29,0.6884506,0.41331503,0.51316077,0.41651005
2024-12-05,0.6890309,0.41371378,0.51409936,0.41701472
2021-04-03,0.6884333,0.413168,0.5136188,0.41614792
2020-03-13,0.68900514,0.413571,0.51397866,0.4168101
2020-02-25,0.68887717,0.41346824,0.51398486,0.416727
2023-09-20,0.68613523,0.4115381,0.5110406,0.41437954
2024-07-09,0.68780446,0.4126011,0.5121657,0.41591507
2020-05-26,0.689123,0.4136133,0.5137798,0.41689774
2024-04-16,0.68925714,0.4137537,0.5140507,0.41694167
2024-10-11,0.68852913,0.4132272,0.5134989,0.4165847
2024-06-17,0.6880195,0.4128337,0.5129084,0.41597173
2022-09-06,0.6872147,0.41209754,0.5121277,0.41532713
2023-01-08,0.6879517,0.41284272,0.51303273,0.41593653
2022-08-10,0.6881379,0.41293722,0.5130598,0.41613775
2022-09-05,0.68709624,0.41198426,0.5119932,0.41524702
2021-03-24,0.68656915,0.41168153,0.5118182,0.41447338
2020-05-31,0.6881356,0.41287184,0.51299775,0.4161566
2022-09-30,0.68604434,0.41109794,0.5108224,0.4143028
2023-03-14,0.68828654,0.4129848,0.5131224,0.41608995
2023-08-10,0.68797916,0.41276178,0.51298344,0.4160413
2022-06-03,0.6886271,0.41319227,0.5132112,0.41662982
2022-09-20,0.68600917,0.4110086,0.51078093,0.4142411
2023-10-25,0.68825895,0.41301525,0.5131592,0.41617945
2021-03-12,0.68895787,0.4136096,0.51400375,0.4165525
2023-08-27,0.68726206,0.4122044,0.51243633,0.41552374
2019-06-17,0.68809617,0.41290623,0.51291496,0.41621226
2024-12-17,0.6891093,0.41372865,0.51417714,0.4170664
2024-10-06,0.68865746,0.41327834,0.5136174,0.41660854
2021-10-19,0.68776244,0.41233397,0.5125605,0.41629702
2022-03-23,0.68867344,0.41337743,0.5137628,0.4162795
2021-05-08,0.68913215,0.41360304,0.51380646,0.41673192
2019-11-08,0.6892178,0.41369838,0.5140823,0.41700605
2020-03-30,0.68913496,0.4137289,0.5141254,0.4167352
2023-07-27,0.68852,0.41317526,0.5134016,0.41642758
2022-01-14,0.689363,0.4138333,0.5141606,0.41705552
2020-06-21,0.68627244,0.41023907,0.5107274,0.4159578
2022-06-08,0.6885593,0.41321605,0.5130804,0.41650182
2020-02-17,0.68917197,0.41357175,0.5139347,0.41670075
2024-11-15,0.6887861,0.41352865,0.5138746,0.4168453
2022-04-24,0.68916714,0.41337922,0.51370806,0.41673914
2020-06-20,0.6875271,0.4116904,0.51196957,0.41637447
2022-07-08,0.6876001,0.41249508,0.51238924,0.41574854
2022-09-01,0.6863952,0.4118135,0.5113888,0.4148692
2023-12-31,0.6892833,0.41377532,0.51413834,0.4170381
2019-05-08,0.68916476,0.4136529,0.5139049,0.41687047
2021-08-26,0.6887877,0.41331398,0.5136535,0.41668394
2020-05-17,0.6890984,0.41361114,0.5137814,0.4168934
2024-01-13,0.6893026,0.41378957,0.5141428,0.4170431
2020-02-08,0.6892865,0.41367593,0.51402074,0.41682258
2021-06-19,0.6869046,0.41220883,0.51194775,0.41535297
2022-11-03,0.68888885,0.41353014,0.51372457,0.41666126
2023-12-16,0.6892716,0.41380203,0.5141849,0.4170622
2022-08-16,0.6857851,0.41182405,0.51093584,0.4144692
2023-03-13,0.68844897,0.41311014,0.51326364,0.4162325
2022-04-25,0.68902045,0.41334164,0.51360774,0.4166807
2021-12-05,0.6891278,0.41363725,0.5139676,0.41688058
2024-06-20,0.68798244,0.41271567,0.5126232,0.41588548
2023-01-03,0.68769157,0.41264606,0.5128439,0.4157832
2019-04-04,0.688797,0.41336918,0.51374465,0.41646028
2022-01-12,0.6893636,0.41383436,0.5141664,0.41705984
2020-03-22,0.68930006,0.4137827,0.5141568,0.41692388
2020-03-25,0.68914557,0.41370603,0.51406235,0.41672596
2024-10-02,0.6886268,0.41317078,0.5134288,0.41642407
2022-03-13,0.6888753,0.41348627,0.5138769,0.41669306
2023-06-24,0.6884664,0.41300353,0.5131642,0.4165191
2024-07-25,0.68676305,0.41196647,0.511467,0.4151489
2024-09-11,0.68848854,0.4130892,0.5133794,0.41644165
2023-07-16,0.6884836,0.41314185,0.5134315,0.416509
2020-03-23,0.689207,0.41371477,0.51406235,0.41681457
2023-06-08,0.6883921,0.4130318,0.51322734,0.41636735
2019-06-01,0.68550944,0.4121428,0.51084137,0.41329968
2020-05-02,0.6891741,0.41370025,0.51396245,0.41689038
2024-06-09,0.68857473,0.41324976,0.5134471,0.41660392
2019-11-14,0.6892286,0.41369182,0.51410294,0.4170201
2020-09-13,0.68796265,0.41237652,0.51256484,0.41621655
2023-02-11,0.6878408,0.4130251,0.5132372,0.41584852
2024-12-10,0.68913114,0.41374767,0.5141465,0.41704696
2023-01-16,0.6878011,0.41276458,0.5129506,0.41581357
2024-12-25,0.6891354,0.4137497,0.5141704,0.41706517
2020-12-29,0.68927705,0.41375932,0.5141127,0.41699713
2024-12-24,0.68912053,0.4137448,0.5141818,0.4170715
2023-05-26,0.6891219,0.41359264,0.5139424,0.41703355
2023-11-15,0.68871737,0.41346726,0.5137344,0.41666913
2019-09-09,0.6878681,0.41280526,0.5128604,0.41573507
2022-09-22,0.6858375,0.41087168,0.5106036,0.41410208
2022-06-07,0.6884233,0.41307825,0.51286685,0.41639248
2021-08-04,0.68787056,0.41204152,0.51243925,0.41735423
2022-02-14,0.6890728,0.41362557,0.5140045,0.41686
2019-07-18,0.68836606,0.41330293,0.51324975,0.41640398
2021-08-14,0.6887491,0.41310012,0.5134152,0.4164951
2024-02-05,0.68887013,0.4134473,0.5138454,0.4167492
2024-08-21,0.6885382,0.41316074,0.5133847,0.41644233
2023-06-23,0.6884192,0.4130079,0.5130819,0.41648254
2021-12-27,0.68932796,0.41380453,0.5141397,0.4170284
2019-10-11,0.68854004,0.41330892,0.5134686,0.41638437
2020-09-19,0.68833464,0.4128025,0.51319426,0.41633362
2021-05-28,0.6869296,0.41293895,0.51211363,0.4146226
2021-04-22,0.6891585,0.41368994,0.5138958,0.41688642
2023-10-03,0.686296,0.41152856,0.5113416,0.41466647
2024-07-05,0.6876808,0.4126537,0.5118047,0.41578463
2022-12-27,0.68777573,0.4126996,0.5129306,0.4158546
2023-02-14,0.6879545,0.41304636,0.5131947,0.4159156
2020-04-18,0.6891454,0.41366556,0.5139453,0.41686153
2022-04-21,0.689109,0.41344318,0.5137337,0.4167377
2022-02-03,0.68925303,0.4137528,0.5140887,0.41697547
2021-08-25,0.688911,0.41348112,0.5137686,0.41675675
2021-10-13,0.687022,0.41213185,0.5118649,0.4154003
2019-10-30,0.68904674,0.41362977,0.5139142,0.41688222
2023-09-13,0.6856556,0.41076854,0.51109064,0.41459563
2023-08-20,0.6876569,0.41245538,0.5127423,0.4157911
2021-05-05,0.6891528,0.41366702,0.5138852,0.41682997
2019-11-24,0.68924177,0.41368014,0.51407486,0.4169956
2019-06-29,0.6881349,0.41306686,0.51284546,0.41618085
2021-03-15,0.68876934,0.4134504,0.51380974,0.4164039
2023-11-13,0.6885881,0.41340947,0.5136475,0.4165621
2023-11-09,0.68840164,0.41326505,0.51344943,0.41635966
2021-06-13,0.6877421,0.4127538,0.5126956,0.41592973
2020-07-06,0.6880555,0.4131807,0.51263934,0.4161529
2022-01-19,0.6893351,0.41381976,0.51414466,0.41704077
2024-03-11,0.68842524,0.4130378,0.5134846,0.41634595
2022-07-02,0.6878,0.41265866,0.51238394,0.4157705
2019-12-26,0.68936235,0.4138124,0.51416266,0.4170592
2024-03-16,0.68866307,0.4132302,0.51361406,0.41658705
2023-12-17,0.6892656,0.41378528,0.51415867,0.41703942
2021-04-02,0.68792635,0.41272202,0.5130542,0.4158395
2023-05-12,0.6891332,0.41365153,0.5139802,0.41685656
2022-12-30,0.68858373,0.41327223,0.51352274,0.41645792
2024-08-11,0.6887388,0.41331556,0.5135499,0.41658637
2024-08-25,0.6883042,0.41297045,0.5132372,0.41631502
2020-08-01,0.688922,0.4134311,0.5137391,0.41673622
2024-04-23,0.6891875,0.41370016,0.51397216,0.41688794
2022-01-16,0.68935597,0.41382456,0.51414967,0.41705248
2023-09-21,0.6863773,0.41171962,0.5112259,0.41457906
2022-09-29,0.6858583,0.41093206,0.51061785,0.41410926
2021-12-10,0.6892004,0.41367257,0.5140307,0.4169493
2019-09-16,0.68641806,0.4118723,0.51165503,0.4146003
2024-01-31,0.6890442,0.4135776,0.51394105,0.4168666
2024-05-19,0.68616647,0.41129288,0.51138425,0.41473642
2019-12-22,0.68934584,0.41378725,0.51415235,0.41705576
2024-07-12,0.6879252,0.41252774,0.5124076,0.41601443
2023-09-07,0.6846642,0.41005346,0.51020664,0.41365698
2023-07-02,0.6866172,0.4118708,0.51155174,0.41504118
2020-01-22,0.6893382,0.4137915,0.51411504,0.4169983
2019-07-08,0.6884464,0.41316143,0.5132921,0.41637266
2023-12-21,0.6892931,0.41379198,0.5141664,0.41704535
2021-11-14,0.6887997,0.4134064,0.5137327,0.4166919
2020-07-09,0.68791234,0.4130632,0.5126601,0.41603664
2021-02-23,0.6891396,0.41370076,0.5140832,0.41683328
2019-04-07,0.6886716,0.4132811,0.5135345,0.41640505
2023-10-07,0.6865272,0.4117653,0.5114348,0.41480455
2019-05-25,0.68887216,0.4134339,0.5136184,0.4165954
2022-05-04,0.6889986,0.41352233,0.51373124,0.41676828
2023-02-06,0.68829757,0.4131382,0.5133147,0.4162035
2020-09-25,0.6887082,0.41319627,0.5135359,0.41655493
2023-07-31,0.688515,0.41319048,0.51345605,0.41645375
2024-03-29,0.68904334,0.41353467,0.51388705,0.4167559
2019-08-19,0.68766654,0.41266337,0.5125312,0.4158284
2023-10-16,0.6874921,0.4125413,0.5122462,0.41547137
2019-06-06,0.68855375,0.4131859,0.5133555,0.41641083
2023-02-04,0.6879168,0.41290677,0.5130773,0.41591632
2022-08-26,0.6827177,0.41067207,0.5081716,0.4125348
2019-10-20,0.6888299,0.41353944,0.5137621,0.41671836
2024-11-19,0.6888714,0.41361636,0.5139647,0.41689682
2020-03-18,0.68917006,0.41366345,0.5139183,0.41684708
2023-10-05,0.68649733,0.41168386,0.51147115,0.4148004
2020-02-14,0.6892556,0.4136388,0.51401055,0.4167931
2021-04-12,0.6889461,0.4135529,0.51392376,0.41661993
2023-07-19,0.6891195,0.41364908,0.5139604,0.41688627
2023-02-08,0.68782854,0.41286755,0.5130023,0.41585746
2021-06-30,0.6886556,0.41347414,0.5133967,0.4166083
2020-02-18,0.6891593,0.4135662,0.5139408,0.41671327
2021-11-06,0.68762183,0.41208175,0.5125488,0.41628936
2019-03-29,0.6887181,0.41329458,0.51358396,0.41643998
2023-05-01,0.68908626,0.4135923,0.5136755,0.4168933
2021-08-08,0.6877713,0.41201285,0.51236683,0.41711384
2023-12-05,0.68920696,0.41376126,0.51414084,0.41702542
2020-08-31,0.6888126,0.41332835,0.5135656,0.41666904
2020-08-21,0.6886882,0.41325668,0.51354116,0.4165862
2022-02-22,0.68885624,0.41349155,0.51400244,0.4167723
2020-01-29,0.68934464,0.41379052,0.51412684,0.4170014
2020-12-30,0.68928295,0.4137533,0.51411086,0.41699424
2023-03-27,0.6887316,0.41333422,0.51353484,0.41646856
2020-08-24,0.68887484,0.41331938,0.51370066,0.41679335
2020-03-02,0.6883047,0.41312373,0.51372594,0.41640654
2020-09-06,0.6885643,0.41306543,0.5133094,0.41654697
2024-07-17,0.68808264,0.4127441,0.5127565,0.41606823
2023-10-18,0.6878295,0.41273883,0.5126354,0.41581646
2024-04-28,0.68922544,0.41370374,0.51395464,0.41688514
2022-04-02,0.6890369,0.4136498,0.5141055,0.41660398
2022-03-08,0.6885342,0.41327778,0.5139014,0.4165706
2023-06-14,0.6886549,0.41316816,0.51337105,0.4165086
2024-11-16,0.68871313,0.41351625,0.51386744,0.41685644
2020-09-14,0.6879155,0.41231337,0.51256,0.41626322
2024-12-08,0.68909097,0.41373375,0.514119,0.4170282
2022-08-01,0.6889259,0.41348705,0.5137339,0.4167366
2021-02-28,0.68912053,0.413697,0.51411945,0.41679302
2023-12-10,0.68921155,0.41376823,0.5141562,0.41704834
2020-05-10,0.6891564,0.4136738,0.51390594,0.41690665
2019-09-23,0.68713176,0.412328,0.51209766,0.41528797
2022-01-29,0.6892455,0.4137506,0.5140683,0.4169601
2021-03-13,0.68889755,0.41354543,0.51391524,0.41649246
2020-12-18,0.68926823,0.41374746,0.51412153,0.41702196
2021-09-20,0.68868434,0.41314244,0.51341796,0.4164309
2022-11-14,0.6889449,0.41353422,0.5137885,0.4167366
2022-06-20,0.6883505,0.41298422,0.5129935,0.41634285
2022-04-03,0.6889482,0.41356122,0.5139523,0.41655278
2024-08-18,0.6884797,0.4131411,0.51333416,0.41638488
2022-11-04,0.6888903,0.4135178,0.51372737,0.4166886
2023-09-12,0.68562627,0.41095632,0.51098233,0.41419262
2021-01-31,0.6886896,0.41337022,0.5139187,0.41662484
2021-09-26,0.6885258,0.41307625,0.5133047,0.41632983
2021-01-15,0.6892348,0.41371933,0.5141323,0.41697982
2022-11-12,0.68892145,0.41347495,0.51373845,0.41669938
2023-01-14,0.68781024,0.41277426,0.5129636,0.4158174
2024-07-16,0.68800867,0.4126516,0.51263714,0.41599303
2019-03-26,0.6887729,0.413355,0.51368004,0.41648948
2024-03-24,0.68898946,0.4135423,0.51397955,0.41673976
2024-06-13,0.6876023,0.41275898,0.5131376,0.41626891
2020-12-19,0.68931055,0.41378954,0.51415753,0.41704273
2021-09-29,0.6884498,0.41310352,0.51332086,0.41633612
2019-08-29,0.6864759,0.41157994,0.5111413,0.41487372
2022-02-15,0.6890659,0.41362345,0.5140135,0.4168627
2023-09-18,0.68599737,0.4112048,0.5110887,0.41460767
2024-01-24,0.68919885,0.41371673,0.5141068,0.41698462
2019-11-23,0.6892519,0.41370595,0.5141089,0.41701958
2023-04-06,0.6882849,0.41298625,0.51307046,0.41611364
2019-04-28,0.68902665,0.41357583,0.5137852,0.41676578
2021-07-23,0.68730855,0.4119563,0.51186895,0.41602573
2024-05-28,0.688867,0.41326916,0.51373863,0.4168982
2020-08-18,0.6888532,0.4133985,0.5136785,0.41671285
2024-11-08,0.6884618,0.41331166,0.51366484,0.41672295
2021-05-18,0.68919384,0.41369402,0.5139958,0.41688937
2021-10-14,0.68674904,0.41201532,0.5116816,0.415186
2021-03-16,0.68867975,0.41337112,0.5137264,0.41630533
2021-11-27,0.6889637,0.41353092,0.5138538,0.41677982
2020-03-14,0.68907595,0.41361392,0.51382506,0.41686544
2020-03-26,0.6890875,0.41366875,0.51400816,0.41670787
2023-07-22,0.6883778,0.41303983,0.51326007,0.41631156
2019-09-29,0.68798655,0.41288972,0.51292723,0.41589913
2020-05-01,0.68915397,0.41368717,0.5139513,0.41687652
2020-06-13,0.68805665,0.41240215,0.51248133,0.41605726
2023-04-26,0.68906903,0.41350397,0.51348925,0.41699398
2021-04-16,0.6889469,0.41355792,0.51381135,0.41666552
2021-03-05,0.68892765,0.41353267,0.51387936,0.41650686
2024-11-21,0.68904644,0.4136729,0.5140133,0.4169447
2021-12-18,0.68932176,0.4137826,0.5141287,0.4170345
2024-11-10,0.68856317,0.41340032,0.5137392,0.4167656
2021-06-02,0.6883705,0.41326454,0.51325905,0.4162504
2023-01-13,0.6877976,0.41276962,0.5129638,0.41582015
2023-12-29,0.6893135,0.41380128,0.5141519,0.4170498
2019-05-10,0.6891031,0.41359204,0.51384234,0.41679883
2021-03-01,0.68909115,0.41367087,0.5140489,0.4167101
2023-11-23,0.68890184,0.41363227,0.51399195,0.4168991
2021-07-02,0.68778735,0.4130796,0.5126199,0.41608408
2019-06-27,0.68755585,0.41280967,0.51220185,0.41582507
2021-03-29,0.685955,0.4111868,0.5112724,0.4140405
2020-07-29,0.6889512,0.4134769,0.51380163,0.41678673
2019-07-29,0.6881523,0.41321498,0.5130394,0.41627973
2022-03-19,0.688981,0.4135843,0.5140171,0.41661826
2023-01-26,0.687915,0.41287473,0.51301914,0.41591105
2022-02-18,0.68903494,0.41361105,0.5140561,0.41687596
2019-12-23,0.6893638,0.41381496,0.5141604,0.41705337
2020-12-20,0.68931895,0.41378024,0.51414746,0.41704315
2021-10-06,0.6878368,0.4126646,0.51269275,0.41600773
2021-08-21,0.68906057,0.4139846,0.5138401,0.41676816
2021-07-26,0.68836874,0.41293064,0.512946,0.41639
2023-03-03,0.6884739,0.4132074,0.5133315,0.4163014
2024-06-06,0.68884605,0.41337276,0.5135671,0.41666234
2022-05-29,0.68890446,0.41333023,0.5136802,0.416942
2024-09-05,0.68786585,0.41259307,0.51284784,0.4160095
2024-12-29,0.689176,0.41377896,0.514178,0.4170736
2023-09-10,0.6841158,0.40985832,0.5098321,0.41310558
2019-12-29,0.6893744,0.41382074,0.5141554,0.41706514
2021-11-29,0.6889429,0.4135261,0.5138416,0.4167671
2020-08-05,0.6890036,0.41349864,0.5138212,0.41681927
2020-05-07,0.68916243,0.41367662,0.5139038,0.41689682
2023-04-15,0.6881854,0.4129447,0.5128762,0.41609606
2023-10-04,0.68653417,0.41171575,0.51156485,0.41483876
2020-10-28,0.6890735,0.413633,0.5138443,0.41681787
2022-07-31,0.688954,0.41351417,0.5137271,0.41675267
2023-06-04,0.68785894,0.41265637,0.51282144,0.41599768
2024-10-18,0.68819225,0.4129965,0.51324713,0.4166555
2020-03-04,0.6882659,0.41306296,0.5136861,0.41641232
2020-03-24,0.6891979,0.4137337,0.5141004,0.4168115
2021-01-13,0.6892244,0.4137226,0.5141084,0.4169736
2021-03-07,0.68905544,0.4136756,0.5140622,0.41662145
2022-09-21,0.68603253,0.41100907,0.51081246,0.4142798
2021-10-09,0.68780464,0.41262478,0.51263225,0.41604152
2019-05-11,0.6890808,0.41356546,0.51383066,0.41677114
2024-07-14,0.68778,0.41236964,0.5123516,0.4158833
2019-05-30,0.68788844,0.41299075,0.5127956,0.41563556
2022-07-11,0.68759346,0.41245422,0.5124858,0.4158096
2023-07-06,0.6862737,0.41165167,0.5111019,0.4148351
2021-09-15,0.6885744,0.4129934,0.5134193,0.41641605
2020-02-05,0.6893219,0.41372126,0.51406264,0.41689476
2023-02-28,0.68857735,0.413286,0.51344043,0.4163796
2023-02-01,0.68793887,0.4128682,0.51301694,0.41593736
2022-06-10,0.6883764,0.41315573,0.5128837,0.4163347
2021-06-04,0.68853086,0.41324463,0.5133713,0.41648343
2021-02-19,0.68903214,0.41358462,0.51402843,0.41677728
2024-06-14,0.6872275,0.41219133,0.512658,0.41589332
2021-03-06,0.689042,0.41363496,0.514016,0.4166414
2021-04-23,0.6890022,0.4135889,0.51374733,0.4167906
2020-11-23,0.6891717,0.41366434,0.5140922,0.41703668
2024-05-11,0.68950105,0.41346315,0.51371753,0.4165129
2020-10-06,0.68883246,0.4133855,0.5136161,0.41659862
2023-09-27,0.68653774,0.41195,0.51119614,0.4146495
2019-09-02,0.6866974,0.4113691,0.5112194,0.4148488
2024-12-18,0.6891064,0.41372293,0.5141711,0.41706556
2024-01-21,0.68924445,0.41374174,0.5141042,0.41699567
2021-11-13,0.68885434,0.41337833,0.51373225,0.41669744
2023-02-13,0.6878978,0.41303977,0.5132332,0.41587302
2022-12-31,0.68821806,0.41301626,0.51325035,0.41617855
2023-03-01,0.6886177,0.41334048,0.5134904,0.41641164
2022-12-05,0.68818325,0.41300738,0.51327837,0.41620317
2019-10-22,0.6888907,0.41357628,0.5138564,0.4167726
2020-06-02,0.6879084,0.41263667,0.5128086,0.41601938
2024-03-21,0.68874556,0.41308463,0.5135493,0.41664422
2020-10-04,0.6887903,0.41332915,0.51357937,0.41656998
2023-01-22,0.68791384,0.4129009,0.5130745,0.4158796
2021-01-07,0.68929034,0.4137538,0.5141305,0.4170004
2021-08-18,0.689086,0.41376734,0.5138879,0.41681877
2020-02-20,0.68913335,0.41361383,0.5140155,0.4168116
2021-05-01,0.68909043,0.41363364,0.513803,0.41680345
2021-09-24,0.6885627,0.41312683,0.51333445,0.41631982
2024-05-25,0.6884331,0.41286787,0.5134703,0.41671497
2024-02-25,0.6876739,0.41203925,0.51284176,0.41641843
2023-08-30,0.6870852,0.41207817,0.5122499,0.4154063
2023-03-06,0.68848825,0.41314366,0.5132808,0.4162895
2024-07-21,0.6876696,0.41242707,0.5122821,0.4157253
2024-12-19,0.6890398,0.413698,0.51417303,0.41706073
2021-01-24,0.68897814,0.4135631,0.51402134,0.41683245
2019-11-30,0.68930304,0.41371712,0.51409954,0.41702086
2020-03-09,0.6887262,0.4133776,0.5138316,0.4166649
2019-08-16,0.68829757,0.41308224,0.51314944,0.41628432
2020-01-02,0.6893846,0.41383564,0.5141686,0.4170623
2021-10-20,0.6880862,0.41272476,0.5129428,0.4164486
2020-08-08,0.68892545,0.4133954,0.51370835,0.41678423
2024-01-15,0.689296,0.41377714,0.51413697,0.41702747
2019-04-20,0.6891257,0.41353962,0.5137947,0.41680852
2019-11-26,0.6892385,0.4136721,0.51406837,0.41698462
2023-08-03,0.6884232,0.41310298,0.5133562,0.41636553
2021-07-07,0.6889606,0.4135609,0.5136371,0.4168144
2022-03-15,0.68872184,0.41334847,0.51372766,0.41653576
2022-04-22,0.6890833,0.413301,0.5136124,0.4166567
2024-07-07,0.68788475,0.41277254,0.51224905,0.41597292
2023-10-01,0.6864362,0.41166636,0.5114365,0.4147315
2023-08-17,0.687883,0.41265,0.51288486,0.41596243
2023-12-28,0.68930507,0.4137935,0.51414675,0.41704884
2024-01-28,0.68911546,0.4136493,0.51402783,0.41690922
2020-10-22,0.6887394,0.41348043,0.51357883,0.41660175
2024-05-09,0.6894041,0.41359743,0.5138374,0.41684413
2022-12-20,0.68793356,0.41284317,0.51308745,0.4160094
2019-04-17,0.68868953,0.413263,0.5133932,0.41645253
2021-01-05,0.68928313,0.4137563,0.5141444,0.41701442
2023-11-03,0.6884689,0.41322017,0.513438,0.4163868
2024-07-20,0.68775207,0.41249105,0.5123916,0.4158126
2022-01-18,0.68935823,0.4138326,0.5141619,0.417055
2023-11-14,0.6887593,0.41349995,0.51376677,0.41666242
2019-06-28,0.6875476,0.4128226,0.51219314,0.41581622
2022-06-23,0.6887204,0.413286,0.5134523,0.41654554
2024-11-27,0.6889072,0.41365927,0.51401675,0.4169639
2019-05-23,0.68896836,0.41344747,0.5136347,0.4165847
2020-02-09,0.6892901,0.41364312,0.51398206,0.4167704
2020-11-18,0.68914187,0.41363284,0.5140321,0.41700053
2021-01-29,0.68883634,0.4134761,0.51399446,0.41673696
2020-07-25,0.68870264,0.4132726,0.5134903,0.4165321
2023-03-10,0.6886073,0.41326165,0.5134334,0.41637677
2020-12-09,0.68931717,0.4137861,0.51416576,0.41707027
2023-06-05,0.68807936,0.4127848,0.51298,0.41615725
2023-12-24,0.689312,0.41379902,0.51414603,0.41705352
2022-12-02,0.68824524,0.41303846,0.5132981,0.41623133
2024-05-23,0.6883573,0.41281748,0.5133316,0.41657612
2023-06-21,0.6883958,0.41304806,0.51301575,0.41647783
2020-12-17,0.6892978,0.4137702,0.5141325,0.4170307
2019-05-21,0.689084,0.41356546,0.51379055,0.41670963
2019-07-14,0.68860847,0.41331238,0.5134489,0.4165311
2024-07-23,0.6864731,0.411821,0.5112199,0.4149279
2021-01-08,0.6892754,0.4137373,0.5141261,0.41700932
2020-03-20,0.68904287,0.4135874,0.5137408,0.41676304
2023-02-02,0.68782985,0.41280863,0.51296747,0.41586593
2022-12-14,0.6881315,0.412969,0.5131979,0.41614133
2023-11-24,0.6889844,0.41367844,0.5140404,0.4169173
2021-07-08,0.68897814,0.41358405,0.5135815,0.41687366
2022-03-06,0.68840915,0.41320148,0.5138815,0.41650978
2022-09-07,0.6871697,0.4120288,0.51205105,0.41530144
2023-09-26,0.68652403,0.411982,0.511151,0.41458523
2020-09-18,0.6883904,0.41281086,0.5131266,0.4163864
2023-02-07,0.6878862,0.41287884,0.5130221,0.41589072
2024-09-04,0.687808,0.41254827,0.51279217,0.41595972
2022-03-21,0.68878615,0.41341168,0.51378506,0.41651636
2021-03-21,0.68810755,0.41294843,0.5132571,0.41578782
2022-04-11,0.6886687,0.41326582,0.5134372,0.416455
2024-03-20,0.68875664,0.4132539,0.5136102,0.41663644
2023-03-26,0.6883222,0.41300878,0.5131267,0.41613105
2021-10-07,0.68783957,0.41263083,0.51269275,0.4160428
2021-09-28,0.68835175,0.41300544,0.5132061,0.41624516
2021-11-25,0.6890038,0.41354328,0.5138439,0.41677728
2023-09-03,0.6846954,0.4102482,0.5101905,0.41360527
2021-02-06,0.68854916,0.41328853,0.51386666,0.4164777
2023-04-17,0.6884263,0.41312537,0.51292306,0.416421
2024-05-05,0.6895157,0.41349444,0.51370096,0.41654995
2022-02-06,0.6892169,0.4137289,0.51408327,0.4169605
2023-05-19,0.6891287,0.41363397,0.51399904,0.41698843
2023-05-05,0.6892587,0.41372496,0.51399666,0.41689554
2024-02-02,0.688886,0.41345334,0.5138212,0.41676039
2022-01-20,0.6893388,0.41382164,0.51414955,0.4170372
2024-06-08,0.68864673,0.41319725,0.51348525,0.41666606
2022-03-12,0.688946,0.41351596,0.5139285,0.41677704
2020-03-07,0.6883425,0.41314197,0.51377547,0.41646758
2023-12-18,0.6892552,0.413783,0.5141682,0.41704723
2019-04-14,0.68884563,0.41343102,0.5136607,0.41653892
2022-11-10,0.68894356,0.4134977,0.5137391,0.41671938
2023-09-30,0.6863688,0.41165397,0.5113103,0.41465342
2021-04-05,0.68816185,0.41290674,0.51310456,0.41600072
2024-07-26,0.68696135,0.41206118,0.51165587,0.41530728
2021-09-05,0.68833387,0.41274485,0.5131918,0.41640604
2021-06-08,0.6888715,0.4134562,0.51365405,0.41674143
2019-09-18,0.68621814,0.4117967,0.5114671,0.41444036
2021-08-11,0.6881917,0.41244197,0.5128486,0.416349
2024-09-26,0.687484,0.41233858,0.5116425,0.41575372
2024-01-09,0.6893065,0.413787,0.51414263,0.41704437
2019-12-04,0.6893248,0.4137542,0.5141239,0.41703516
2022-08-17,0.68573934,0.41186485,0.5109192,0.4144932
2021-01-23,0.68903965,0.41359755,0.5140328,0.41685027
2022-03-22,0.6887094,0.41338482,0.51376164,0.41636
2019-07-05,0.68843704,0.41314474,0.51325434,0.41634163
2023-11-18,0.688932,0.41359967,0.5139318,0.4168336
2020-03-19,0.6890937,0.41361383,0.5138219,0.4167984
2024-10-31,0.6884277,0.4131886,0.51356876,0.41652778
2023-08-15,0.68758017,0.41241723,0.51264143,0.41575438
2022-03-05,0.68842006,0.41321823,0.51389426,0.41651165
2023-03-04,0.68802065,0.41278335,0.512824,0.4158732
2021-09-17,0.6886526,0.4131297,0.5134673,0.4164641
2019-05-17,0.68904257,0.4135498,0.51377654,0.41671646
2023-08-05,0.6882533,0.4129882,0.51320004,0.41622132
2021-09-06,0.6884125,0.41283232,0.5132731,0.416421
2024-04-25,0.68921566,0.4137249,0.5139829,0.41690645
2021-09-02,0.688367,0.41304505,0.5135864,0.41669464
2020-12-10,0.6893281,0.41377997,0.51416916,0.4170683
2024-04-03,0.6890757,0.4135844,0.5138717,0.41679907
2021-01-12,0.6892519,0.41371942,0.51411116,0.41697797
2020-10-23,0.6887739,0.41349053,0.5136245,0.41663635
2024-08-24,0.6882643,0.41296113,0.5131601,0.4162561
2022-02-16,0.6890486,0.413617,0.51402193,0.41685328
2024-03-07,0.6883399,0.41288105,0.5132742,0.4162828
2019-08-22,0.68727237,0.41240907,0.5120685,0.41550204
2024-03-23,0.6889978,0.41350842,0.51392907,0.41678494
2021-06-24,0.68884754,0.41318497,0.5134903,0.4166876
2024-08-03,0.68881065,0.41332436,0.5135378,0.41657677
2024-06-15,0.6873802,0.4123522,0.51266575,0.41576758
2021-12-29,0.68935764,0.41383085,0.51417273,0.41705477
2019-06-03,0.68601716,0.41239673,0.5112961,0.41376138
2021-02-08,0.6885417,0.41328123,0.5138739,0.41650167
2020-05-04,0.68918616,0.41370878,0.51397896,0.41691002
2019-03-27,0.6886231,0.4132061,0.51347077,0.4163763
2024-01-19,0.6892662,0.41376072,0.51412547,0.41701576
2019-09-25,0.68753767,0.41257295,0.5125437,0.41556016
2021-06-05,0.68862593,0.4133027,0.5134612,0.41653565
2024-10-14,0.6884011,0.41315857,0.5134585,0.416629
2021-12-13,0.6892274,0.4136951,0.514063,0.41696882
2022-07-28,0.68855375,0.4132063,0.51337194,0.41644078
2021-10-02,0.6879874,0.41274127,0.51285654,0.41608012
2019-11-20,0.68926525,0.41372734,0.51413023,0.4170289
2020-10-02,0.6888702,0.41340786,0.5136847,0.41665027
2019-10-12,0.6884193,0.4132662,0.5134274,0.41629958
2024-12-23,0.6891061,0.4137339,0.5141724,0.41707084
2023-07-15,0.6885211,0.4131191,0.51340103,0.41645712
2024-04-13,0.689132,0.41363806,0.51390046,0.41686475
2023-12-02,0.6891839,0.41374218,0.51412404,0.41702598
2019-06-30,0.6883843,0.4131737,0.5131338,0.416334
2024-11-13,0.68886524,0.41353956,0.5138862,0.41683263
2023-07-09,0.6875418,0.41243848,0.5122982,0.4157145
2023-09-23,0.68655974,0.41187966,0.511328,0.41470972
2024-01-22,0.6892223,0.41372398,0.5140985,0.41699773
2020-08-30,0.68874586,0.41328493,0.5134951,0.41660938
2020-03-10,0.68885213,0.41345653,0.51386535,0.41673505
2020-12-11,0.68934184,0.41378963,0.51416844,0.41706726
2021-04-06,0.6886398,0.4132996,0.51361334,0.41636413
2021-09-09,0.68852067,0.4130157,0.5133166,0.4163804
2023-02-18,0.6883153,0.41314784,0.5131942,0.4161503
2020-07-30,0.68890584,0.41343582,0.5137305,0.41672617
2019-10-07,0.688297,0.41311342,0.5132616,0.41614223
2023-07-21,0.68837625,0.41305766,0.5132752,0.41633084
2024-12-20,0.6890912,0.41372105,0.5142034,0.4170773
2020-03-16,0.68907356,0.41359243,0.5137683,0.41683784
2022-02-24,0.6887215,0.4134043,0.51395786,0.41670573
2021-02-20,0.68911994,0.4136521,0.5140409,0.416832
2021-07-15,0.6885618,0.4131674,0.51291776,0.416567
2021-10-26,0.68688154,0.41121554,0.511744,0.4161453
2024-08-13,0.68873096,0.41332492,0.51357436,0.4165872
2022-09-12,0.68666524,0.41161057,0.5115382,0.41484708
2023-01-21,0.6878518,0.4128395,0.51300216,0.41584268
2021-09-23,0.6886551,0.41321373,0.5133882,0.41634527
2021-01-27,0.68895453,0.41353536,0.51402086,0.416809
2023-11-11,0.68844944,0.41332927,0.5135421,0.41643816
2020-04-04,0.68865675,0.41340098,0.51372206,0.4162871
2021-12-06,0.68912995,0.41363847,0.51397866,0.41689193
2024-10-05,0.68862677,0.41324553,0.51354194,0.41655877
2020-08-29,0.6885331,0.4131374,0.51334715,0.41647196
2023-05-16,0.68914837,0.41364524,0.514032,0.41696772
2022-03-18,0.689019,0.41362712,0.514099,0.41666186
2024-03-09,0.6884145,0.41297105,0.5134426,0.41632098
2021-02-14,0.6886035,0.41330922,0.51390904,0.4165922
2021-07-14,0.68862385,0.41327786,0.5129012,0.41662973
2020-11-01,0.6891447,0.4137043,0.5139804,0.41689318
2020-12-02,0.6893033,0.41377965,0.5141528,0.41707143
2021-03-27,0.68628216,0.4114508,0.51151633,0.41430593
2020-11-02,0.68915135,0.41366518,0.5139595,0.4169146
2020-08-25,0.6887574,0.41327265,0.51371,0.4166816
2021-06-07,0.6887449,0.4133411,0.5135487,0.41661528
2021-04-26,0.68908316,0.41363075,0.51380205,0.4168158
2022-01-13,0.68936676,0.41383743,0.51416594,0.41707042
2020-09-15,0.6879858,0.41241586,0.5126974,0.4162709
2023-12-12,0.68922675,0.41376606,0.51414984,0.41704848
2024-12-28,0.6891401,0.4137693,0.5141747,0.41706476
2019-05-26,0.68867046,0.41330343,0.5134803,0.4164775
2024-09-21,0.68777424,0.4126389,0.5122362,0.41597128
2024-10-24,0.6880834,0.4129298,0.51324064,0.41671446
2022-01-25,0.689275,0.4137728,0.5140919,0.41699162
2022-07-20,0.68783176,0.41263092,0.5126617,0.41579565
2023-03-17,0.6882446,0.41287777,0.51291734,0.41600287
2020-08-10,0.6889667,0.4135073,0.5137838,0.4167887
2019-04-10,0.6884629,0.41313273,0.51328397,0.41625413
2021-12-19,0.689342,0.41380233,0.5141419,0.4170406
2020-08-02,0.6889153,0.41343105,0.51375115,0.416762
2021-11-01,0.6875807,0.41203463,0.5125394,0.41635358
2019-06-15,0.688248,0.41301847,0.51310897,0.41635174
2019-11-17,0.68923575,0.41368848,0.5141076,0.41702384
2020-07-28,0.68891144,0.41345862,0.513753,0.41673496
2020-03-29,0.68848836,0.41323265,0.51338357,0.4162125
2024-11-07,0.6885004,0.4133136,0.51365346,0.41670665
2024-09-30,0.68828136,0.41295892,0.512793,0.41627306
2021-08-10,0.6881251,0.41254023,0.5128501,0.41638884
2024-07-19,0.68768495,0.41236827,0.51228166,0.41574532
2021-05-15,0.689248,0.4136996,0.5139953,0.41689765
2019-12-09,0.68933755,0.41376993,0.5141323,0.4170394
2021-12-24,0.6893548,0.4138095,0.5141524,0.41705593
2019-10-16,0.6886009,0.4133673,0.51353514,0.41648987
2021-10-10,0.6876145,0.41247866,0.5124302,0.4159263
2024-04-22,0.6890825,0.4136204,0.51386476,0.41678837
2021-01-11,0.6892438,0.41372308,0.5141144,0.41697955
2022-03-04,0.6884776,0.4132461,0.51388735,0.41655728
2024-06-23,0.6884995,0.41312763,0.5131999,0.41641563
2020-12-21,0.68932337,0.41379488,0.51415306,0.41704607
2021-06-10,0.6886693,0.4133231,0.5134768,0.41660994
2021-12-02,0.68902874,0.41357687,0.51390076,0.41682184
2023-10-20,0.6879847,0.4128362,0.5128302,0.4159292
2020-03-01,0.6884385,0.4131914,0.5137481,0.41647756
2024-10-22,0.6882582,0.41294828,0.51323986,0.41688308
2020-11-07,0.6892362,0.41373926,0.5140543,0.41697752
2020-04-01,0.68875414,0.41346285,0.51377684,0.41640761
2019-09-14,0.68696576,0.41233385,0.51218677,0.4151284
2020-02-01,0.6892378,0.41364017,0.51394945,0.41677952
2024-03-19,0.68872815,0.41317844,0.5135456,0.41666368
2020-11-05,0.68923575,0.4137487,0.5140677,0.4169856
2024-10-08,0.68869895,0.4133018,0.5136488,0.4166616
2024-06-04,0.68899596,0.41345444,0.51365334,0.41674924
2022-04-12,0.68869984,0.4132876,0.5134371,0.41646835
2021-04-09,0.68850553,0.41317135,0.5133204,0.41629148
2021-07-28,0.6886551,0.41298306,0.51323926,0.41661102
2021-10-25,0.68756443,0.41194558,0.5124153,0.41636124
2021-02-05,0.68855387,0.4132713,0.5138186,0.4164621
2023-01-24,0.687947,0.41291973,0.5130856,0.41590968
2021-10-01,0.688268,0.41296056,0.5131303,0.41627246
2024-10-10,0.6885214,0.41319814,0.51350355,0.41658112
2020-06-10,0.6891355,0.41361633,0.5138939,0.41690758
2023-07-14,0.688447,0.41309175,0.513364,0.41644317
2022-01-06,0.68937296,0.41384473,0.5141781,0.41706946
2021-11-18,0.6889479,0.4135026,0.5138067,0.41674614
2023-11-16,0.6888712,0.4135493,0.5138354,0.4167425
2020-01-05,0.689374,0.41383,0.5141734,0.41706938
2020-05-30,0.6884314,0.41309258,0.51324695,0.4163961
2024-02-09,0.68862444,0.41325054,0.5136859,0.416591
2022-07-26,0.6883496,0.413039,0.5131683,0.4162817
2021-11-21,0.688882,0.41346315,0.5137569,0.41669124
2021-06-01,0.68752193,0.413003,0.512565,0.41533467
2023-03-28,0.68876076,0.41335398,0.5135665,0.41649264
2021-04-21,0.68911856,0.41365996,0.5138558,0.41684777
2022-11-29,0.6881377,0.4129311,0.5131743,0.41616434
2023-10-26,0.6882311,0.41300154,0.51315045,0.41618663
2021-01-22,0.6890207,0.41357118,0.5139839,0.41680378
2022-07-22,0.6879909,0.41273874,0.51279014,0.4159301
2022-12-25,0.68779075,0.41272113,0.5129388,0.41585347
2021-04-11,0.68843037,0.4131392,0.5132989,0.41618153
2021-01-09,0.68923926,0.41373518,0.5141092,0.41697562
2024-03-04,0.68837214,0.41292846,0.5132947,0.41625008
2023-12-30,0.6892788,0.41377556,0.51413023,0.41702902
2019-04-25,0.6891083,0.4136357,0.513854,0.41684416
2020-08-28,0.68834114,0.41298005,0.5131962,0.4163757
2024-01-06,0.68931085,0.41378742,0.51414925,0.41704917
2022-05-31,0.68891823,0.41335848,0.5136642,0.41694042
2021-03-31,0.686475,0.41155118,0.51185465,0.4146859
2021-06-12,0.6882002,0.41302717,0.51308304,0.41630003
2020-10-29,0.6890956,0.41365376,0.51391435,0.41686136
2021-11-09,0.6885649,0.41317967,0.51353544,0.41659606
2024-04-11,0.6891036,0.41362223,0.51387924,0.4168487
2022-05-23,0.68836135,0.41295007,0.5132369,0.41644922
2023-10-17,0.6875602,0.412589,0.5123396,0.4155595
2020-11-06,0.6892534,0.41376153,0.5140792,0.41698855
2021-02-18,0.6889608,0.4135287,0.51399696,0.41674528
2022-04-13,0.68886304,0.41340575,0.5135972,0.4166165
2021-12-23,0.68935037,0.41381037,0.51415503,0.41705194
2019-07-07,0.688442,0.41314906,0.5132823,0.41637108
2019-05-22,0.6890893,0.41353709,0.5137622,0.41670838
2020-02-12,0.68927264,0.41366714,0.5140181,0.41681498
2021-06-17,0.6864847,0.41166508,0.51162404,0.41491744
2024-05-12,0.68901765,0.4132569,0.5135169,0.41641584
2022-06-14,0.6881795,0.41297087,0.5128683,0.41622105
2019-10-01,0.68803555,0.41292801,0.5129513,0.41593975
2023-06-11,0.6888583,0.4133624,0.51363605,0.416714
2020-07-14,0.6881674,0.41295615,0.5130948,0.41622207
2024-06-29,0.6880825,0.41267267,0.5127282,0.41630518
2019-06-25,0.6868102,0.4125511,0.5114936,0.41532835
2023-05-27,0.6890904,0.41357362,0.51391244,0.41704813
2023-11-04,0.6884951,0.4132578,0.51348424,0.41644308
2022-12-19,0.68809444,0.41294754,0.51320845,0.41610226
2019-05-06,0.6891686,0.413653,0.5139014,0.41687536
2023-08-25,0.68715316,0.41212413,0.512338,0.41541925
2024-04-05,0.68896115,0.413481,0.51371783,0.41672742
2021-11-12,0.6888019,0.41338164,0.51371425,0.4166688
2021-10-17,0.6873779,0.41217318,0.5122216,0.4159327
2020-04-21,0.6890604,0.4136038,0.51385826,0.41679236
2022-06-16,0.68834907,0.4130149,0.51300544,0.41631937
2019-04-01,0.68841213,0.41305196,0.5133204,0.41612038
2022-12-06,0.6880886,0.4129915,0.5132628,0.41613248
2024-11-11,0.68858093,0.41340387,0.5137504,0.4167558
2022-07-05,0.6879258,0.4127412,0.51268417,0.41595048
2020-09-24,0.688664,0.4131521,0.5135171,0.41654128
2022-03-20,0.6890068,0.4135839,0.5140073,0.41667432
2024-04-09,0.6891985,0.41368827,0.5139879,0.4169071
2019-12-10,0.68933386,0.4137724,0.514129,0.41702512
2022-03-02,0.6887168,0.41338283,0.5138954,0.41669223
2020-07-20,0.68855524,0.41314265,0.5133756,0.4164669
2022-11-05,0.68891543,0.41353244,0.51376575,0.41672188
2024-09-03,0.6877588,0.41253293,0.51275533,0.41591394
2020-11-14,0.6891744,0.41368833,0.51404154,0.41696787
2021-07-11,0.6887619,0.4133919,0.5134099,0.41664365
2020-07-07,0.6877933,0.41310403,0.5125065,0.4160283
2021-07-01,0.6882092,0.41333014,0.5129908,0.41632372
2020-03-31,0.6889698,0.4136029,0.51395696,0.41661558
2021-02-15,0.68878835,0.41342857,0.5139562,0.4166852
2024-11-22,0.6890539,0.4136844,0.51403266,0.41696215
2020-12-01,0.6893318,0.41379526,0.5141674,0.41708463
2022-01-21,0.68935204,0.41382605,0.5141598,0.41705868
2022-05-30,0.6889153,0.41338187,0.5136809,0.4169294
2022-08-31,0.6862744,0.4117417,0.51127046,0.41479015
2021-10-05,0.68766093,0.41253942,0.51259434,0.41591954
2024-10-16,0.68862027,0.41325778,0.5135705,0.41675085
2019-11-27,0.68926436,0.41370684,0.5141027,0.41702056
2024-09-02,0.68765634,0.41247675,0.5127058,0.41584796
2023-03-07,0.6885831,0.4132407,0.513399,0.41637942
2021-08-06,0.68703806,0.41081068,0.5111922,0.41848662
2023-08-13,0.6869788,0.4119405,0.5121285,0.41536745
2024-09-27,0.68804085,0.41274464,0.51243263,0.4160625
2023-05-23,0.6890608,0.4134951,0.51393735,0.41710186
2024-01-14,0.6892949,0.41378024,0.51414055,0.41704267
2023-12-27,0.68932503,0.4137964,0.51413476,0.41705212
2021-04-25,0.689195,0.4136983,0.51392967,0.4169011
2021-05-11,0.6891652,0.41363442,0.51387274,0.4167913
2023-03-30,0.6883582,0.41303912,0.51313066,0.41616195
2021-01-26,0.6889591,0.4135641,0.5140268,0.41683233
2023-06-26,0.6882005,0.4128599,0.5129217,0.41623437
2021-03-22,0.6876305,0.41257074,0.51280475,0.4153626
2020-04-05,0.6880166,0.41294184,0.5130334,0.41580656
2021-07-20,0.6880498,0.41285226,0.5126532,0.4164061
2024-07-04,0.688107,0.4129089,0.51253927,0.4161759
2024-05-04,0.68954104,0.41349518,0.51369977,0.41652092
2023-09-14,0.6848546,0.41035396,0.5101672,0.41363993
2023-09-24,0.68656033,0.41192678,0.5113163,0.41468516
2023-08-09,0.6881187,0.41288778,0.51313746,0.41618642
2022-08-23,0.68205655,0.41062513,0.5075284,0.41226977
2023-03-11,0.6884291,0.41312528,0.5132673,0.41622406
2024-04-24,0.68922347,0.41371885,0.5139813,0.41690752
2020-02-06,0.6892946,0.4136884,0.51402354,0.41685557
2022-09-08,0.6871097,0.41196316,0.51196563,0.41522682
2022-11-20,0.6886363,0.4133141,0.5135518,0.41651466
2023-11-05,0.6885444,0.41328633,0.5135162,0.41645798
2019-11-10,0.6892142,0.41367844,0.5140628,0.41699392
2019-11-11,0.68921196,0.41369656,0.51408803,0.41699913
2021-11-07,0.68778735,0.41227156,0.5127236,0.41631353
2021-04-24,0.68919164,0.41370514,0.51393616,0.41691175
2020-01-23,0.6893321,0.41378528,0.5141154,0.41699508
2024-05-31,0.68897754,0.41339973,0.5136851,0.41680014
2023-11-21,0.68889666,0.41361302,0.5139589,0.41687718
2021-05-23,0.68910605,0.41367942,0.51393485,0.41680428
2020-11-09,0.6892051,0.41371828,0.5140522,0.41697875
2019-05-12,0.68911016,0.41359556,0.5138654,0.41680726
2020-09-20,0.68824667,0.41273522,0.5131208,0.41626662
2019-07-24,0.68682486,0.41224688,0.5119042,0.41527665
2022-12-01,0.68814266,0.41296214,0.51323843,0.4161776
2023-04-22,0.6888391,0.41337144,0.51328176,0.41684484
2024-05-30,0.68895036,0.41341162,0.5137344,0.41685027
2021-02-03,0.6886582,0.41335008,0.51389915,0.41658247
2021-12-15,0.68925273,0.4137184,0.51408297,0.41697454
2020-10-26,0.68894327,0.4135613,0.51374733,0.4167425
2021-06-26,0.6889002,0.41340047,0.513563,0.41671443
2024-10-01,0.6885901,0.41312283,0.513343,0.4163568
2023-12-19,0.68926346,0.41378236,0.5141714,0.4170586
2020-01-31,0.6892283,0.41364866,0.51396024,0.41680172
2020-09-08,0.68802726,0.41260168,0.5126992,0.416103
2019-06-19,0.68772566,0.4127987,0.51247233,0.41590732
2023-10-06,0.686541,0.41174805,0.5114496,0.41479063
2022-03-30,0.6886051,0.4133928,0.5138376,0.41614956
2021-06-25,0.68882436,0.4131961,0.5134215,0.41664168
2020-11-27,0.6892358,0.4137166,0.5141288,0.41706207
2022-04-17,0.68899024,0.41349107,0.5137334,0.41669926
2023-01-28,0.6880281,0.41293395,0.51308215,0.41601577
2021-05-20,0.68918484,0.4136871,0.5139779,0.41688076
2021-11-16,0.6889397,0.41350356,0.5138158,0.41676122
2022-08-05,0.68876255,0.41333815,0.5136056,0.4166115
2020-09-11,0.688169,0.41249856,0.5127653,0.41635808
2020-08-22,0.6887182,0.4132373,0.51357925,0.4166371
2021-11-23,0.6888682,0.41345793,0.51375145,0.4166706
2023-05-17,0.6891927,0.4136647,0.51405805,0.4170033
2021-08-24,0.68895215,0.413993,0.513755,0.41664794
2020-11-13,0.689211,0.41371232,0.5140566,0.4169767
2022-08-08,0.68837017,0.413092,0.51327896,0.4163646
2024-11-18,0.68890697,0.41361195,0.51395756,0.41689807
2022-08-13,0.68657935,0.41220465,0.511657,0.41503057
2022-12-23,0.6878546,0.41276467,0.5130015,0.41591775
2019-11-22,0.6892321,0.4136791,0.5140968,0.41701025
2020-05-29,0.68875927,0.4133512,0.5134846,0.41663677
2022-12-22,0.6883648,0.4131234,0.5133911,0.41630268
2022-07-25,0.68836725,0.41300657,0.51313466,0.4162242
2021-03-28,0.68776196,0.41265035,0.5129276,0.41552866
2022-03-26,0.6886598,0.41341692,0.5138982,0.4162112
2023-05-06,0.68921727,0.41369402,0.5139937,0.41688076
2020-04-15,0.6889659,0.4134515,0.51367116,0.41670755
2022-04-20,0.6889958,0.41345742,0.5136977,0.416702
2021-12-25,0.68936944,0.41382366,0.51416284,0.4170649
2021-02-02,0.68861747,0.41334164,0.5139016,0.41655782
2020-06-04,0.68874687,0.41324046,0.51346093,0.41667467
2022-11-24,0.6884429,0.41315052,0.51340646,0.41638872
2022-06-21,0.6885398,0.41310918,0.5132142,0.41648534
2020-11-04,0.6892271,0.41375422,0.5140672,0.41696763
2022-09-18,0.68628,0.411223,0.51107204,0.41449386
2021-06-29,0.68888885,0.4135299,0.5136434,0.41677165
2019-11-02,0.6890661,0.41361848,0.513923,0.41690123
2020-01-25,0.68932974,0.41378284,0.51410747,0.4169866
2024-04-21,0.6890415,0.41358536,0.51381373,0.41674584
2020-02-24,0.68890285,0.41348168,0.51396734,0.41673186
2024-01-10,0.6892937,0.4137732,0.51412904,0.41703022
2021-01-28,0.68889546,0.41351524,0.5140074,0.41676262
2024-10-15,0.6883818,0.4131294,0.5134195,0.4165791
2020-07-17,0.68884426,0.41340274,0.5136487,0.41670614
2023-06-16,0.68840146,0.41299877,0.51301533,0.41629025
2019-12-14,0.68935716,0.4137902,0.5141403,0.41705254
2019-12-30,0.6893662,0.41382,0.514157,0.41705358
2019-05-05,0.6891974,0.41368452,0.5139515,0.4168985
2019-07-02,0.6884881,0.41317812,0.51329154,0.41640025
2021-07-24,0.68760765,0.41229403,0.5121369,0.41612783
2019-10-09,0.68844336,0.4132281,0.51337904,0.41626936
2023-01-15,0.68781275,0.41277522,0.51295346,0.41582778
2022-12-24,0.68779355,0.4127026,0.51294905,0.41589165
2023-06-17,0.6885117,0.41314483,0.5131608,0.41639686
2023-05-30,0.6892041,0.4136912,0.5140176,0.41703093
2021-12-31,0.68933564,0.41381148,0.51413196,0.41701695
2020-06-15,0.68831563,0.41282666,0.5129592,0.41641426
2024-04-04,0.68905145,0.41354775,0.5138245,0.4167784
2022-05-21,0.6887608,0.41328225,0.5135305,0.41669744
2022-11-09,0.688931,0.41349632,0.51373905,0.4167261
2020-07-04,0.68813646,0.41317648,0.51259077,0.41620633
2024-07-10,0.6882412,0.41286913,0.51287365,0.41632062
2023-03-08,0.68873,0.41336885,0.5135303,0.41649726
2020-11-20,0.6891815,0.41365257,0.5140593,0.41702816
2019-06-08,0.68851924,0.4132154,0.51326567,0.41643134
2024-06-05,0.688903,0.41337985,0.513597,0.41668054
2022-09-26,0.68528736,0.41036743,0.51001793,0.4136655
2022-07-09,0.68751603,0.4123977,0.5123462,0.41572487
2022-08-25,0.6791343,0.4096432,0.5048999,0.41043618
2024-05-20,0.68644977,0.41144007,0.51164216,0.41500396
2022-04-01,0.6888574,0.41352975,0.51397574,0.41638133
2020-10-13,0.68886,0.41347936,0.513694,0.4166671
2022-07-29,0.6887527,0.41336003,0.51355046,0.41658768
2020-07-18,0.6887797,0.41332793,0.5135872,0.41664433
2024-02-24,0.68780506,0.41215172,0.5129242,0.41645727
2024-07-11,0.6881147,0.41272306,0.5126888,0.4161698
2022-05-19,0.68904006,0.41350216,0.51379853,0.41687453
2023-01-19,0.6877877,0.41282082,0.5129852,0.41579765
2020-05-25,0.68915737,0.41364878,0.5138372,0.4169491
2019-06-16,0.6882364,0.41300437,0.51307493,0.41633335
2020-04-30,0.6891629,0.41367632,0.5139411,0.41688052
2023-11-25,0.68908614,0.41369045,0.51405585,0.41694906
2022-06-05,0.68843275,0.41302887,0.5128603,0.41646576
2023-05-25,0.6890787,0.41354233,0.5139384,0.41703436
2023-09-02,0.68549466,0.41084078,0.51081324,0.4142254
2019-09-17,0.6862421,0.41175988,0.51151794,0.414491
2019-08-15,0.6881207,0.41301513,0.5130225,0.4161939
2019-04-05,0.6885973,0.41320607,0.5134806,0.41631517
2023-03-09,0.68869317,0.4133255,0.5134898,0.41646367
2020-12-26,0.68928325,0.4137697,0.5141131,0.41700038
2024-12-13,0.68918097,0.4137612,0.51416224,0.4170531
2019-04-06,0.68862295,0.41319942,0.5134665,0.41635156
2024-11-24,0.68908805,0.41370833,0.5140521,0.41698554
2021-04-01,0.6870405,0.41199914,0.5123554,0.41517678
2022-01-07,0.6893843,0.4138479,0.514176,0.4170756
2021-10-12,0.6873412,0.41228637,0.5121644,0.41569456
2021-08-13,0.6886361,0.4129538,0.51329464,0.41644293
2024-07-03,0.6883282,0.41301563,0.512929,0.4163649
2023-01-29,0.688197,0.41306376,0.51319313,0.41612718
2019-06-05,0.68840414,0.4131415,0.51324034,0.41624975
2020-03-05,0.68842995,0.4131777,0.51372135,0.41649088
2024-06-12,0.6879695,0.4129224,0.51314944,0.4163376
2024-08-07,0.688864,0.4134008,0.5136732,0.41670257
2021-03-09,0.68898875,0.41363055,0.5140217,0.4165315
2022-01-15,0.689353,0.4138262,0.5141529,0.4170514
2020-06-23,0.685753,0.4098613,0.5102766,0.41567895
2023-12-11,0.6892046,0.4137581,0.51414406,0.4170495
2022-02-11,0.6890611,0.4136136,0.51396364,0.41684178
2023-12-09,0.68917686,0.41374928,0.51414716,0.4170416
2019-09-08,0.6879306,0.41277993,0.51290476,0.41578934
2024-07-28,0.68827164,0.4128604,0.5129889,0.41617933
2020-08-06,0.6889362,0.4134015,0.51371485,0.4167812
2021-05-17,0.6892247,0.4137175,0.51403046,0.416915
2023-05-31,0.68930846,0.41378257,0.51411307,0.41706032
2022-11-19,0.68873525,0.41336665,0.513622,0.41658917
2024-02-08,0.68874454,0.41333514,0.5137742,0.41668075
2024-03-06,0.68840563,0.41294152,0.5133123,0.4162838
2023-11-07,0.68852377,0.41332236,0.5135642,0.41644686
2022-04-08,0.6890505,0.41364107,0.5139792,0.41667548
2020-12-24,0.68925726,0.41374275,0.5140864,0.41697186
2019-09-22,0.6866057,0.41200593,0.51162386,0.41485453
2022-07-21,0.6880035,0.4127666,0.51281023,0.41596046
2020-02-10,0.68929416,0.41368538,0.5140306,0.41685334
2020-10-15,0.68882275,0.41348067,0.513656,0.41664723
2019-10-18,0.6886973,0.41343877,0.51368177,0.4166052
2021-10-31,0.6870532,0.41136453,0.51191455,0.41617483
2019-12-21,0.68934786,0.4137906,0.51414657,0.41704482
2022-11-23,0.68853813,0.41322383,0.51348835,0.41646832
2023-10-31,0.6883433,0.41313714,0.5133442,0.41629824
2021-05-27,0.6880656,0.4133149,0.51307195,0.41576868
2019-11-13,0.6892379,0.41368043,0.51409,0.41702333
2021-11-15,0.68887424,0.41346616,0.51379436,0.41672167
2020-03-27,0.6889343,0.41355303,0.51383644,0.41655812
2022-05-06,0.6889188,0.41351008,0.5135817,0.41675267
2023-09-19,0.68616194,0.4115191,0.51112217,0.4144932
2024-05-02,0.68921864,0.4136035,0.5138299,0.41676807
2020-10-24,0.6887875,0.41352037,0.51361793,0.416621
2023-12-07,0.6891959,0.41375917,0.5141501,0.41703016
2022-08-22,0.6828456,0.41095048,0.5082663,0.41275963
2024-05-21,0.68696856,0.41177312,0.5121162,0.41550684
2023-06-27,0.6883091,0.41293013,0.51306283,0.41631734
2024-09-13,0.6883559,0.41300482,0.5132508,0.41630462
2022-12-03,0.68817294,0.4129969,0.5132439,0.41616783
2023-08-23,0.6875941,0.41247207,0.5127411,0.41575956
2020-04-17,0.68914956,0.4136482,0.5139326,0.41685084
2024-12-07,0.6890712,0.41373166,0.5141193,0.4170221
2024-03-26,0.68894625,0.4134612,0.51381356,0.41671926
2021-08-01,0.68862927,0.41277456,0.51320505,0.41707212
2019-04-15,0.68877155,0.4133488,0.5135099,0.41650653
2022-03-28,0.68839735,0.41322535,0.51360226,0.41597033
2020-09-02,0.6886117,0.4131492,0.51334697,0.41657305
2024-11-17,0.6887629,0.41353458,0.5138775,0.41684926
2024-02-26,0.68769395,0.4120883,0.5127809,0.4163368
2024-05-16,0.6865445,0.41162613,0.51167727,0.41491213
2024-04-10,0.6891485,0.41365045,0.51393473,0.4168753
2023-05-13,0.68919903,0.4136912,0.5140343,0.4169445
2019-11-29,0.6892997,0.41372737,0.51411,0.41703105
2020-01-03,0.68938035,0.41383642,0.51416665,0.41705677
2023-01-05,0.6877709,0.41270903,0.51290494,0.41582224
2021-09-01,0.6884574,0.41318756,0.51378727,0.41684744
2022-08-11,0.6878728,0.41277832,0.51279306,0.4159085
2023-02-15,0.68800867,0.41308507,0.5132789,0.41594502
2020-05-23,0.68914306,0.41363007,0.5138307,0.4169164
2022-02-25,0.68865293,0.41337487,0.513975,0.4166788
2022-07-18,0.6876077,0.41246185,0.5125186,0.41573003
2024-12-14,0.6891612,0.4137617,0.5141656,0.4170585
2022-08-12,0.6872148,0.41247815,0.51220423,0.41544768
2023-04-05,0.6884759,0.41312912,0.51324725,0.41625106
2020-05-16,0.6890994,0.41363513,0.5138129,0.41688535
2022-03-29,0.68853,0.4133669,0.5138204,0.41608202
2020-09-29,0.6888918,0.41341957,0.51372945,0.41668963
2019-10-28,0.6888606,0.4135751,0.5138537,0.41680056
2021-01-01,0.6892406,0.41373828,0.51410997,0.4169875
2024-03-01,0.68820256,0.41270366,0.5130096,0.41613293
2020-03-21,0.68906605,0.4136237,0.5138555,0.4167728
2022-08-24,0.68108934,0.41027215,0.5067158,0.4116325
2020-10-01,0.6888607,0.41339183,0.51367444,0.4166421
2022-02-05,0.6891843,0.41370595,0.5140434,0.4169241
2019-10-13,0.68847424,0.41328794,0.5134683,0.41636685
2022-05-11,0.68902797,0.4135355,0.5136614,0.41680324
2024-03-27,0.6889414,0.41345653,0.5138148,0.416705
2022-07-23,0.68800277,0.41272664,0.51278275,0.41594225
2020-10-16,0.68882763,0.41347063,0.51365465,0.41666988
2022-05-01,0.68889844,0.41347536,0.51359195,0.4166986
2019-11-09,0.6892037,0.4136783,0.51406217,0.4169951
2022-06-22,0.68879366,0.41331935,0.51354975,0.41665125
2020-10-05,0.6888975,0.41343948,0.51367646,0.41665447
2019-03-31,0.68791056,0.41264114,0.5128091,0.41574243
2021-10-27,0.6875019,0.41189834,0.51240164,0.41635516
2023-02-21,0.68811595,0.41288525,0.5128641,0.4159552
2020-04-26,0.68907297,0.41362232,0.5138733,0.4168007
2023-12-22,0.68929005,0.41378874,0.5141482,0.41703793
2022-09-23,0.6856076,0.41065124,0.5103638,0.41391522
2019-09-19,0.686426,0.41190788,0.5116062,0.4146038
2023-07-26,0.6887378,0.41334677,0.5136059,0.41661128
2024-08-23,0.6883511,0.41301635,0.5132231,0.41630962
2021-12-17,0.68930745,0.4137592,0.5141172,0.41702265
2019-05-31,0.687319,0.41276637,0.51234937,0.41512862
2019-04-11,0.68868464,0.4133167,0.51353216,0.4164124
2024-12-21,0.6890561,0.41371524,0.5141809,0.4170754
2021-05-29,0.68595374,0.41259766,0.5113123,0.4136346
2020-07-11,0.68753004,0.4127671,0.51244086,0.4157961
2020-12-05,0.6893268,0.41377574,0.5141543,0.4170668
2022-09-24,0.6852397,0.4103326,0.50998026,0.41361758
2023-02-26,0.68869597,0.41340593,0.51357895,0.41646972
2019-04-24,0.6892426,0.4137434,0.51402265,0.41693756
2023-05-21,0.6891584,0.41362453,0.5139853,0.4170216
2021-02-24,0.6891799,0.41371158,0.51408076,0.41686386
2021-10-28,0.68693113,0.4112467,0.51181555,0.41618696
2020-04-20,0.6890197,0.41358325,0.5138287,0.41675717
2022-09-15,0.68601316,0.4109702,0.51082426,0.41429266
2024-05-14,0.6890608,0.41339827,0.51368386,0.4166171
2024-07-27,0.6877441,0.4125136,0.5124317,0.41584736
2022-04-30,0.6886863,0.41330838,0.51337105,0.41653588
2024-09-12,0.6884103,0.4130469,0.51330227,0.41634873
2023-11-10,0.6884169,0.4133105,0.51349384,0.4163891
2024-11-03,0.6885053,0.41326287,0.51362395,0.41661358
2021-01-06,0.6892762,0.41375497,0.5141343,0.41700742
2021-10-16,0.6868237,0.4118934,0.5116851,0.4153806
2020-09-27,0.6888713,0.41338652,0.51369476,0.41665944
2020-03-28,0.68841773,0.41318607,0.51331276,0.416149
2019-06-14,0.6881133,0.41294277,0.5128962,0.41623983
2020-02-07,0.6893092,0.41369444,0.5140337,0.41684362
2023-03-24,0.6884277,0.41307837,0.51330656,0.41623467
2019-03-28,0.6888456,0.41338754,0.51372796,0.41656956
2023-10-12,0.6869362,0.41216993,0.51166356,0.41502982
2024-11-30,0.68904096,0.41370693,0.51408505,0.4170023
2023-08-04,0.68830115,0.41301033,0.51322967,0.41629454
2024-03-31,0.68901294,0.4135626,0.5138645,0.41678283
2022-01-23,0.6893167,0.41379702,0.51411676,0.41701925
2024-01-23,0.6892088,0.41371882,0.51409125,0.41698313
2020-10-21,0.68881226,0.41350144,0.5136447,0.4166552
2023-05-11,0.6891825,0.41367805,0.51401985,0.41691914
2022-01-03,0.689355,0.413827,0.51415783,0.41704574
2019-08-31,0.6864766,0.41134843,0.5110763,0.4147278
2022-11-18,0.6888155,0.41343877,0.5136804,0.41663858
2024-01-27,0.6891192,0.41364044,0.5140059,0.41691282
2022-05-22,0.6885751,0.4131344,0.5134217,0.41660267
2020-10-08,0.68884504,0.4134268,0.5136481,0.41661927
2023-09-28,0.6864721,0.41187456,0.51113147,0.4145968
2022-11-13,0.68895507,0.41351047,0.5137877,0.41674244
2020-09-17,0.68814826,0.4126253,0.5129441,0.41629246
2022-05-28,0.6886992,0.4131554,0.51351243,0.41680214
2021-08-23,0.6889809,0.41429487,0.5137749,0.41657495
2021-02-25,0.689216,0.413738,0.514102,0.41684812
2021-01-20,0.6891079,0.41364047,0.51406145,0.41689444
2023-04-04,0.6887821,0.4133753,0.51358557,0.41651562
2024-10-19,0.6882691,0.4130061,0.5132533,0.41672114
2019-07-01,0.6886245,0.4133059,0.5134585,0.4164894
2023-12-23,0.68931884,0.4138101,0.5141585,0.41704607
2022-08-20,0.68590677,0.4119967,0.511054,0.41467032
2021-08-02,0.68814033,0.41236818,0.51271117,0.41688997
2023-04-20,0.6889818,0.4135308,0.513599,0.41678518
2019-10-04,0.6881916,0.4130257,0.51315325,0.41605958
2023-09-25,0.6865816,0.41202763,0.5112102,0.41465983
2024-03-22,0.6887958,0.41326404,0.5136165,0.41665536
2020-07-12,0.68724835,0.41246736,0.51219994,0.41557798
2021-07-09,0.68888986,0.41354042,0.5134531,0.41673422
2019-10-25,0.68890655,0.4136147,0.5139073,0.4167959
2022-09-09,0.6870351,0.41190276,0.5119034,0.415167
2020-12-13,0.6893419,0.41378823,0.514165,0.41708
2022-11-06,0.68895125,0.41351727,0.5137868,0.41674253
2021-08-12,0.6883589,0.41258714,0.51293457,0.41631702
2021-07-13,0.6887916,0.4134367,0.51326156,0.41669157
2023-09-05,0.68453884,0.41001543,0.5101335,0.41359204
2023-04-23,0.6889595,0.4134827,0.5134325,0.41691548
2024-04-30,0.6892358,0.41363084,0.51380694,0.41676313
2020-06-27,0.688687,0.41336313,0.5133628,0.41666317
2024-08-28,0.6880997,0.4128243,0.5130174,0.41616723
2021-06-15,0.6874327,0.41240305,0.51243925,0.4156543
2022-01-31,0.6892818,0.41377223,0.51410186,0.41699764
2024-06-18,0.6884127,0.41301882,0.51305795,0.41623756
2022-07-12,0.6876309,0.41247573,0.5125443,0.4158816
2023-06-06,0.68831193,0.4129748,0.51318616,0.41631833
2021-05-02,0.689149,0.413675,0.51387197,0.41685697
2019-04-30,0.6890318,0.41356832,0.513744,0.41679484
2020-01-04,0.68937355,0.41383314,0.51415193,0.41704682
2019-09-10,0.68782616,0.41282105,0.5128568,0.41572893
2020-06-03,0.6882581,0.41289306,0.5130955,0.41627684
2019-10-17,0.6886704,0.41340706,0.5135848,0.41658977
2024-10-17,0.68824387,0.4130667,0.5133299,0.41661915
2020-11-03,0.6891857,0.41371357,0.51400554,0.41694322
2020-10-14,0.6888693,0.4135064,0.5137004,0.41667584
2024-06-19,0.68790543,0.41269237,0.5125405,0.41577664
2023-04-14,0.6882615,0.41299266,0.51292366,0.41615087
2023-07-04,0.6862734,0.4115801,0.51120347,0.41478387
2023-01-20,0.6878125,0.41282406,0.5129825,0.41581982
2019-07-06,0.6884265,0.41313577,0.51327235,0.41635397
2023-01-23,0.68797594,0.41292116,0.5130936,0.41593984
2019-07-17,0.6885019,0.41330057,0.5133529,0.41647604
2022-07-03,0.6877019,0.41260922,0.5123005,0.41568795
2022-05-15,0.68911195,0.41356677,0.5137535,0.41687378
2023-07-24,0.68852663,0.4131633,0.51340556,0.4164463
2020-09-21,0.68827957,0.4127623,0.5131107,0.41625732
2021-01-02,0.68928283,0.41376284,0.51413155,0.4170044
2023-10-28,0.68828124,0.41305074,0.5132372,0.41621542
2019-12-12,0.68935126,0.41378215,0.51414156,0.4170546
2019-10-31,0.6891312,0.41369885,0.51400954,0.4169265
2020-09-05,0.68785477,0.41258007,0.5126535,0.41603744
2021-01-19,0.68917346,0.41369072,0.514096,0.41693848
2024-11-28,0.6889243,0.41366518,0.5140374,0.4169686
2021-07-19,0.68747854,0.4124505,0.5119178,0.41606218
2023-01-10,0.6878108,0.41276157,0.51296276,0.4158401
2020-10-25,0.6888807,0.41353863,0.51367706,0.41670176
2023-08-07,0.68825394,0.41297308,0.5131915,0.41625264
2023-11-02,0.68848085,0.41321662,0.5134451,0.41639885
2020-09-09,0.68792665,0.41246575,0.5125451,0.41605413
2021-08-27,0.68877554,0.41335946,0.5137162,0.4167521
2020-12-31,0.68925136,0.41373155,0.51408666,0.41697678
2021-11-08,0.6883074,0.41284275,0.5132155,0.41650188
2022-07-24,0.6882196,0.41291717,0.5130101,0.41614774
2024-06-03,0.6889915,0.41347304,0.5136934,0.416728
2021-08-29,0.6886136,0.4132169,0.51367956,0.41676727
2024-09-20,0.68823177,0.4128677,0.51296383,0.41613966
2024-01-18,0.6892628,0.41375786,0.514124,0.41701165
2023-04-30,0.6891673,0.413652,0.5138007,0.41690913
2022-04-19,0.68884045,0.41324112,0.5135017,0.41655076
2023-01-06,0.6884536,0.41317722,0.513415,0.41633025
2023-06-22,0.6884179,0.41302115,0.51306236,0.416476
2021-05-06,0.68912584,0.413652,0.51385355,0.4168044
2024-10-04,0.68864596,0.41319618,0.51348317,0.41651133
2021-05-21,0.68918085,0.41369134,0.5139787,0.4168651
2023-03-15,0.6885314,0.4131967,0.513372,0.41631177
2024-03-08,0.6883389,0.41293103,0.51335084,0.41630945
2021-10-03,0.6879236,0.412713,0.5128222,0.41605562
2021-07-30,0.6884514,0.41272923,0.5130662,0.41668436
2019-09-04,0.6862476,0.4110587,0.5108128,0.41437992
2021-06-03,0.6884951,0.41325757,0.5133318,0.41643983
2021-12-01,0.6890218,0.41355976,0.5138743,0.41680282
2024-09-14,0.6883923,0.4130021,0.5132833,0.416369
2022-06-02,0.68887216,0.41339728,0.5135559,0.41681117
2024-09-10,0.6882933,0.41293973,0.51318604,0.4162815
2021-01-30,0.68875515,0.41341805,0.5139552,0.41668478
2021-11-10,0.6887458,0.4133399,0.51371497,0.41668478
2023-04-28,0.689099,0.4135466,0.5136557,0.41694152
2019-05-09,0.6891283,0.4136268,0.5138834,0.41683245
2019-04-29,0.688987,0.41353497,0.51372737,0.416732
2023-05-08,0.6892118,0.41370523,0.51399904,0.41691607
2019-08-18,0.6878215,0.41280952,0.5126988,0.41590866
2019-04-21,0.6891137,0.4135863,0.5137737,0.41683957
2021-06-16,0.6869047,0.41212642,0.5119718,0.41527775
2019-06-10,0.6885535,0.41323468,0.51333874,0.4165119
2024-06-10,0.68834645,0.413109,0.5132879,0.41645446
2022-08-27,0.6846341,0.4113546,0.5098449,0.4137931
2024-05-10,0.68945736,0.41359293,0.51386726,0.41677922
2022-09-04,0.6871764,0.41206402,0.5120733,0.41531986
2023-08-06,0.6882431,0.41298115,0.5131898,0.41624123
2022-08-06,0.6887016,0.413297,0.5135563,0.41659573
2024-06-28,0.68816143,0.41274223,0.5128453,0.41636503
2024-09-24,0.6866389,0.41180146,0.510345,0.41536185
2022-09-25,0.68501246,0.41012043,0.50972515,0.41345793
2020-02-15,0.6892359,0.41360033,0.5139684,0.4167377
2023-02-05,0.68887144,0.41352278,0.51377547,0.41665646
2022-05-05,0.68893874,0.41349974,0.51362145,0.4167419
2022-09-11,0.68695354,0.41185006,0.51183873,0.415106
2022-06-28,0.6884716,0.41312367,0.51319873,0.41637805
2020-11-15,0.68918025,0.41369873,0.5140529,0.4169808
2020-02-26,0.6887323,0.41340274,0.5139495,0.41665372
2021-09-25,0.688414,0.41302744,0.5132234,0.41620365
2020-05-15,0.6891239,0.41363627,0.5138338,0.41690037
2023-08-24,0.68731034,0.41229895,0.51255673,0.4155392
2022-02-08,0.6891624,0.413689,0.51402855,0.41690442
2023-09-11,0.6849805,0.41045135,0.51048285,0.41371387
2019-11-07,0.68919766,0.41368106,0.51404613,0.4169833
2021-09-14,0.68844014,0.41287753,0.5133236,0.4163599
2022-01-24,0.68928885,0.41378334,0.5141008,0.4169998
2021-07-22,0.6876278,0.4122842,0.51217794,0.41625363
2022-03-14,0.68877244,0.41339675,0.51377594,0.4166079
2024-06-26,0.6881044,0.41277015,0.5127553,0.41614363
2019-06-02,0.6844101,0.41183898,0.5099104,0.41210094
2021-09-13,0.68835074,0.41272134,0.51322114,0.41628975
2023-03-31,0.688494,0.4131501,0.5132788,0.4162777
2023-12-04,0.68919265,0.41375124,0.51414883,0.417039
2024-06-21,0.6884042,0.41300744,0.5130866,0.41632771
2024-03-25,0.68887687,0.41343248,0.513827,0.41668314
2019-11-15,0.6892139,0.41366494,0.51407075,0.41700158
2021-04-08,0.6885762,0.41326654,0.51356506,0.41627455
2019-05-02,0.6891345,0.41364422,0.5138667,0.41685805
2023-08-18,0.6878221,0.4125722,0.5128211,0.41590223
2021-09-16,0.6886659,0.41309264,0.5134836,0.41648692
2019-05-29,0.6884046,0.41314182,0.51317775,0.4160666
2022-02-01,0.68930054,0.41379085,0.51413125,0.4170212
2023-03-20,0.6871504,0.41209838,0.5120204,0.41509172
2020-06-08,0.6891476,0.41357642,0.5138834,0.4169285
2022-07-06,0.6877743,0.41264948,0.5125152,0.41582197
2023-11-12,0.6884205,0.4133379,0.5135364,0.41644275
2019-06-09,0.68842626,0.4131532,0.5131983,0.41640154
2020-03-12,0.68896,0.41354418,0.513829,0.41680205
2019-05-18,0.6890458,0.41352654,0.5137534,0.41669825
2022-01-17,0.6893472,0.4138289,0.5141574,0.41704622
2020-02-27,0.6887744,0.41342378,0.5139473,0.41667128
2024-07-30,0.6886523,0.41315857,0.5134296,0.41649255
2019-12-18,0.6893485,0.4137777,0.5141256,0.4170398
2021-11-19,0.68892473,0.41347513,0.513774,0.41673207
2020-07-05,0.6881132,0.41318893,0.512627,0.41619465
2023-07-01,0.68653715,0.41180888,0.51146996,0.41497275
2020-06-17,0.6885244,0.4128756,0.51317525,0.41676655
2024-10-03,0.68862635,0.41317737,0.5134292,0.416432
2022-05-16,0.6892169,0.41361767,0.5138718,0.4169492
2021-08-20,0.68915474,0.41396165,0.51393956,0.4168284
2023-03-05,0.688566,0.4132162,0.5133473,0.41636375
2019-06-07,0.68844527,0.4131099,0.5132269,0.41634372
2022-12-29,0.68780446,0.4127039,0.51293164,0.41586578
2022-06-18,0.6884021,0.41297302,0.513,0.41640654
2021-11-22,0.6888775,0.41344786,0.5137489,0.4166968
2019-04-26,0.6890928,0.41363308,0.5138409,0.4168322
2020-03-15,0.6890367,0.41358018,0.51377183,0.41682085
2019-08-27,0.6860155,0.41148254,0.510802,0.4145895
2020-01-26,0.6892695,0.41372618,0.51404583,0.4169199
2022-05-13,0.68899107,0.41352737,0.51360446,0.4167657
2022-12-07,0.6881699,0.41304514,0.51333076,0.41619968
2022-03-16,0.68862474,0.41329494,0.51364756,0.41639975
2020-08-13,0.6888014,0.4133712,0.5136191,0.4166519
2023-10-19,0.6878768,0.41277337,0.5126916,0.4158713
2024-09-15,0.68847835,0.41306815,0.5133469,0.41643226
2019-08-30,0.68658686,0.41152683,0.51126266,0.41488263
2024-08-16,0.6883861,0.41305307,0.51323295,0.4163347
2023-12-06,0.6891949,0.4137572,0.5141496,0.41704482
2020-01-28,0.68931365,0.41374832,0.5140771,0.41693586
2021-04-27,0.6892037,0.41369462,0.51392907,0.4168921
2024-09-23,0.685712,0.41123414,0.50916404,0.41482922
2023-08-12,0.6873158,0.4122325,0.5124298,0.41557997
2019-07-11,0.6884932,0.4132113,0.51333725,0.41641787
2019-08-28,0.68596005,0.41126513,0.5107067,0.41450632
2020-02-04,0.6893248,0.41375676,0.51410234,0.4169488
2020-09-01,0.6886194,0.4131844,0.51337355,0.41655475
2021-02-09,0.6885548,0.4132948,0.5138912,0.41655353
2024-12-15,0.6891696,0.4137554,0.51416236,0.4170557
2024-02-28,0.68829626,0.41290307,0.51323134,0.4162629
2019-09-01,0.68677104,0.41144112,0.51130253,0.41494143
2019-09-15,0.68647665,0.41200325,0.51178074,0.41470015
2023-06-18,0.6884357,0.41312248,0.5130807,0.41636428
2024-08-31,0.6874929,0.4123677,0.5125316,0.41569847
2020-01-27,0.6892696,0.41371176,0.5140226,0.41688234
2023-02-12,0.68792623,0.4130704,0.5132708,0.41591543
2021-08-22,0.6889903,0.4141149,0.5137688,0.4166314
2021-01-04,0.68929523,0.41376823,0.51414305,0.41701522
2022-08-21,0.6840661,0.41135848,0.50938934,0.4135293
2023-01-11,0.6878142,0.41275257,0.51294184,0.4158267
2023-04-09,0.68800473,0.41277865,0.51269317,0.41592538
2024-12-03,0.6890143,0.41370302,0.5140875,0.4170048
2023-07-11,0.6882083,0.41290152,0.5130788,0.4162267
2023-04-10,0.6878771,0.41267622,0.51255393,0.41582966
2021-04-13,0.68877584,0.41340563,0.51362133,0.41649964
2022-11-17,0.68878263,0.41342258,0.51365554,0.4166208
2022-09-19,0.68623275,0.41118386,0.5110119,0.41445422
2023-09-29,0.6862203,0.41159523,0.5110358,0.41445258
2024-10-20,0.6882602,0.41299745,0.5132447,0.4167603
2020-12-16,0.6893132,0.41377762,0.5141459,0.41704696
2021-11-17,0.68899155,0.41352355,0.51384026,0.41677636
2024-12-16,0.6890874,0.4137341,0.5141542,0.41705018
2023-06-10,0.6886118,0.4131778,0.5134051,0.41654235
2021-12-22,0.6893529,0.41381174,0.51415586,0.41706008
2023-04-27,0.68905556,0.4134642,0.5134632,0.41696903
2024-10-28,0.6880954,0.41302595,0.51342034,0.41643342
2021-05-09,0.68913335,0.41359884,0.51380295,0.4167303
2019-04-12,0.68872017,0.41334578,0.51353824,0.41643968
2020-11-11,0.6892262,0.41372526,0.5140751,0.4170036
2023-12-26,0.6893155,0.41379362,0.5141446,0.417055
2022-08-14,0.6850893,0.41167971,0.5102852,0.4140897
2024-08-01,0.6887451,0.4132546,0.5134743,0.4165217
2023-06-12,0.688705,0.4131865,0.51340085,0.41656813
2021-02-21,0.6891647,0.4136865,0.5140671,0.41683263
2021-11-30,0.68899137,0.4135423,0.5138583,0.41677254
2020-02-23,0.68890846,0.41343665,0.5138296,0.4166299
2021-05-19,0.6891877,0.413697,0.51398987,0.41687515
2023-08-16,0.6875994,0.41243902,0.5126709,0.41577607
2022-09-10,0.68708926,0.4119354,0.5119426,0.41519073
2020-06-24,0.68661946,0.41103244,0.5112275,0.4159101
2020-02-21,0.6890649,0.41356212,0.51397794,0.41673666
2021-02-26,0.6892295,0.4137488,0.5141064,0.4168803
2023-02-22,0.68814504,0.41289508,0.51289284,0.41599
2019-12-07,0.6893198,0.4137397,0.5140926,0.41702598
2023-08-19,0.6876793,0.41253123,0.512812,0.4158048
2020-05-21,0.6890683,0.41354597,0.5137616,0.4168937
2021-10-24,0.68791264,0.41236487,0.5127765,0.41649175
2019-09-30,0.68801594,0.4129385,0.51296747,0.41593224
2022-05-12,0.6889419,0.4134887,0.5135543,0.4167286
2024-01-08,0.6893178,0.4137976,0.5141571,0.41704866
2020-08-14,0.68882155,0.41338563,0.51363575,0.41667187
2023-01-18,0.6877709,0.41279683,0.51299375,0.41578877
2021-08-30,0.6885167,0.413159,0.513679,0.41677248
2020-05-18,0.6891192,0.41364345,0.51382154,0.41689077
2022-02-10,0.6890877,0.41362402,0.5139582,0.41684464
2021-07-25,0.6881598,0.41275442,0.51269233,0.41635442
2019-10-26,0.6888715,0.41361025,0.513928,0.41680735
2020-07-01,0.6887717,0.41347837,0.5135169,0.41672468
2021-07-16,0.6881162,0.41274163,0.5124321,0.4163259
2024-10-27,0.68816596,0.4130305,0.51339895,0.41646534
2019-05-24,0.6888829,0.41344008,0.5136249,0.4165807
2019-04-16,0.68863094,0.41319358,0.51328754,0.41640154
2019-12-15,0.6893421,0.41377085,0.51411784,0.41702998
2023-05-18,0.689169,0.41364604,0.514019,0.41701183
2023-09-04,0.6850362,0.41045827,0.51053524,0.41392067
2024-10-12,0.6884575,0.41315925,0.5134608,0.41659978
2022-09-17,0.6864135,0.4113131,0.5112153,0.41458055
2019-07-15,0.6887187,0.41340527,0.51354295,0.41662237
2020-02-11,0.6892643,0.4136681,0.51401806,0.41683018
2023-11-28,0.6891235,0.41370556,0.5140737,0.41697425
2023-12-01,0.6891263,0.4137173,0.5141128,0.41700643
2019-11-01,0.6891133,0.41366595,0.513988,0.41692546
2022-09-03,0.68712705,0.41200706,0.51204354,0.41533765
2021-06-22,0.68759197,0.41274726,0.5124871,0.41594642
2024-09-16,0.68845904,0.4130459,0.51331735,0.41641456
2019-11-06,0.68916065,0.41365176,0.51401895,0.4169672
2020-10-09,0.6887904,0.41344252,0.5136248,0.41658002
2021-12-28,0.6893599,0.4138297,0.51416004,0.4170465
2019-06-13,0.6883317,0.41310146,0.5130317,0.41636023
2022-11-16,0.6888216,0.41343826,0.51365703,0.41664094
2023-06-30,0.6868231,0.41197497,0.51173615,0.4151861
2020-05-24,0.6891439,0.41365007,0.513836,0.41693082
2023-01-02,0.6877669,0.4126638,0.5129016,0.4158503
2019-04-27,0.6890884,0.41361937,0.5138215,0.416821
2021-09-12,0.6885015,0.41287592,0.51336443,0.4164024
2022-06-27,0.6885149,0.41315165,0.513153,0.41636625
2019-10-10,0.68853736,0.41329584,0.5134911,0.416368
2022-01-26,0.6892363,0.41374153,0.5140594,0.41695404
2021-04-20,0.68895,0.41355085,0.513752,0.4166992
2024-11-14,0.6888838,0.4135537,0.5138932,0.41685185
2020-07-19,0.6887106,0.4132343,0.51350427,0.4165828
2022-07-14,0.6875574,0.41240346,0.5125056,0.41581628
2022-03-24,0.6886929,0.41341227,0.5138202,0.41630486
2023-11-19,0.68893504,0.41359642,0.5139179,0.41683426
2024-02-12,0.68872815,0.41332036,0.5138024,0.41667607
2020-07-31,0.6889049,0.4134196,0.51372707,0.41673377
2022-03-25,0.68839496,0.41322273,0.51364756,0.41599503
2021-05-10,0.6892162,0.4136751,0.5139394,0.41683412
2023-04-21,0.6888489,0.41342914,0.51335496,0.416781
2023-02-19,0.6882864,0.4131377,0.51318365,0.4161246
2021-10-08,0.68801314,0.41277686,0.5128183,0.416146
2022-02-26,0.68861467,0.4133433,0.51395786,0.41666538
2021-10-21,0.6882498,0.4128347,0.5131142,0.41652912
2022-05-26,0.6875938,0.41238236,0.5125471,0.4158928
2024-01-20,0.6892642,0.41375253,0.5141131,0.41701663
2022-02-02,0.6892796,0.41377667,0.5141183,0.41701207
2022-06-17,0.6882126,0.41291425,0.5128302,0.41622388
2022-08-09,0.68819815,0.41297153,0.51310277,0.4161989
2021-05-26,0.68860507,0.4135145,0.5135419,0.41633394
2024-01-12,0.68930876,0.41378558,0.5141395,0.41704282
2020-05-06,0.68914855,0.41367146,0.5138912,0.41688997
2021-11-28,0.68896806,0.41352203,0.5138325,0.4167485
2021-09-21,0.68874395,0.41323385,0.513459,0.41641763
2019-04-02,0.68832904,0.4129885,0.5132511,0.41605633
2020-11-28,0.6892684,0.41372055,0.51412004,0.41706887
2019-11-19,0.6892525,0.41369927,0.5141115,0.41702202
2020-03-17,0.6891367,0.4136512,0.51385176,0.4168761
2023-07-25,0.6886505,0.4132751,0.513537,0.41653797
2024-06-02,0.68877506,0.41318983,0.5133087,0.41657192
2024-02-11,0.68849885,0.41312972,0.51357603,0.41650668
2019-09-05,0.68687546,0.41166353,0.5115912,0.41494402
2020-07-02,0.6883606,0.41331223,0.51300144,0.4163947
2022-06-25,0.6886396,0.41327482,0.51330996,0.41647294
2024-05-01,0.6891945,0.41360128,0.51377624,0.41672018
2023-07-30,0.68847066,0.41311187,0.51336634,0.41639808
2019-10-15,0.6885956,0.41336077,0.513537,0.41646996
2022-12-08,0.6882004,0.41305196,0.51331,0.4161967
2022-07-30,0.68888676,0.41346088,0.51367635,0.41671342
2019-09-07,0.6877133,0.4125611,0.5126513,0.41561475
2021-01-03,0.689283,0.41376504,0.5141443,0.41700974
2019-03-30,0.6880223,0.41271934,0.5128944,0.4158431
2022-01-09,0.68937904,0.41384438,0.51417404,0.41706702
2022-02-21,0.68889755,0.41353196,0.5140253,0.41679087
2024-03-15,0.68846834,0.41298938,0.51333976,0.41650945
2024-02-07,0.68879384,0.41338053,0.51381725,0.41671243
2021-03-04,0.6888916,0.41351712,0.5138263,0.41648883
2020-03-08,0.6883928,0.41317168,0.51376826,0.41648284
2022-02-19,0.6890019,0.41359067,0.51404876,0.41684988
2024-12-22,0.689037,0.41371477,0.5141714,0.41705966
2024-11-25,0.68895525,0.4136614,0.5140307,0.41696852
2023-12-13,0.6892192,0.413771,0.5141535,0.41703984
2022-01-02,0.6893252,0.41380283,0.5141211,0.4170143
2020-11-17,0.68914276,0.413642,0.51402897,0.41697085
2020-06-05,0.6889243,0.413391,0.5136181,0.41680616
2023-05-24,0.6890392,0.413525,0.5139336,0.41700244
2020-06-01,0.6880266,0.41276208,0.5129168,0.416093
2021-10-30,0.68786764,0.41224974,0.5127025,0.41646954
2022-11-01,0.6886705,0.4134133,0.5135637,0.4165868
2021-10-22,0.6885402,0.41309077,0.5133833,0.4166817
2022-02-09,0.6890723,0.41361767,0.5139547,0.4168384
2021-04-29,0.6891236,0.41365442,0.5138459,0.4168215
2021-12-11,0.6891953,0.4136912,0.5140577,0.41697457
2023-03-25,0.68873584,0.4133273,0.51355743,0.41648695
2024-02-01,0.68897605,0.41354042,0.5139256,0.41682068
2020-05-05,0.6891609,0.4136835,0.51392984,0.4168937
2019-10-06,0.6883191,0.41313636,0.51330304,0.41614717
2021-09-03,0.6883293,0.4129099,0.5134707,0.41660804
2020-11-12,0.6891983,0.41371724,0.5140653,0.41698995
2021-06-27,0.68881303,0.41344365,0.5135249,0.4166853
2020-06-26,0.688282,0.4129733,0.5129808,0.41648695
2021-02-11,0.6885291,0.41327846,0.5138965,0.41655877
2020-04-02,0.6884767,0.41330904,0.5135526,0.41613635
2019-05-13,0.6890458,0.4135441,0.5138084,0.41675517
2023-10-08,0.68642384,0.4117434,0.5112918,0.41468516
2021-04-07,0.6885433,0.41322613,0.5135005,0.4162837
2024-03-10,0.68853885,0.41313016,0.5135555,0.41642255
2022-03-07,0.68844306,0.41322762,0.5138907,0.41652507
2024-04-29,0.6891905,0.4136723,0.51386964,0.41679618
2020-12-04,0.68932563,0.41378373,0.51415193,0.41707182
2023-12-15,0.6892448,0.4137817,0.514154,0.41702783
2021-08-09,0.68792,0.41238788,0.5126523,0.41645914
2024-03-03,0.6884372,0.41296694,0.5132892,0.4162612
2024-08-04,0.68879306,0.41332325,0.5135294,0.4165661
2023-09-17,0.6859211,0.41123378,0.51094,0.4143697
2021-06-09,0.68866116,0.4133421,0.51346576,0.4166165
2024-01-29,0.68911284,0.41364613,0.51403415,0.4169126
2024-06-11,0.6883357,0.41311544,0.51333463,0.41647494
2024-10-23,0.6883967,0.41305098,0.5133472,0.41687304
2022-02-07,0.68922484,0.41373894,0.51408947,0.41697305
2019-10-21,0.68889046,0.41357002,0.51382035,0.41675392
2024-04-26,0.6891829,0.41369805,0.51391524,0.41684157
2020-06-12,0.68839115,0.41279733,0.51282394,0.4163544
2022-05-08,0.6886793,0.41335955,0.51324564,0.41658905
2024-12-09,0.68912446,0.4137443,0.51414,0.41704607
2021-07-21,0.6882673,0.4128975,0.5129943,0.41656643
2020-02-22,0.68900067,0.41349322,0.51388884,0.416683
2020-11-30,0.68930507,0.41376153,0.51414824,0.41707736
2021-09-30,0.68823963,0.4129251,0.51308894,0.4161988
2021-10-04,0.6879671,0.4127555,0.51288944,0.41609994
2023-07-29,0.6884596,0.41312128,0.51336837,0.4164087
2021-07-12,0.6887109,0.41342548,0.51320624,0.416613
2024-09-07,0.68797064,0.41268253,0.51287234,0.4160359
2024-05-03,0.68930423,0.4135231,0.5137287,0.41667262
2023-10-13,0.68701595,0.4122191,0.51171213,0.4150593
2024-12-11,0.6891891,0.41376734,0.5141587,0.417061
2022-08-29,0.6799525,0.4098077,0.5056022,0.41090736
2019-09-11,0.6875646,0.41271195,0.512662,0.41552174
2022-04-04,0.6889724,0.41357306,0.5139416,0.41660357
2024-06-01,0.6889376,0.4133818,0.5135682,0.41668743
2020-12-27,0.6892699,0.41376612,0.5141171,0.41699317
2020-07-03,0.68809277,0.41314334,0.5126414,0.416252
2019-11-25,0.68924046,0.4136738,0.5140831,0.41701755
2020-05-20,0.68908554,0.4135843,0.5137846,0.41688284
2024-03-18,0.68867284,0.41315222,0.5135304,0.41660893
2024-08-17,0.68836474,0.41303867,0.5131937,0.41630533
2020-11-29,0.6892746,0.41374716,0.5141399,0.4170702
2024-05-24,0.6883392,0.41276994,0.5133813,0.41664135
2020-10-30,0.68909687,0.41368228,0.51394534,0.4168777
2023-03-02,0.68853587,0.4132364,0.5133695,0.41635036
2024-12-01,0.68907326,0.41371423,0.5141061,0.4170236
2023-08-21,0.6876107,0.41242632,0.5127256,0.41574284
2022-01-11,0.68937796,0.4138421,0.514169,0.41707218
2019-12-28,0.689362,0.41380757,0.5141495,0.4170516
2021-09-10,0.6885055,0.4128444,0.51331234,0.41643476
2024-09-01,0.6875073,0.41235676,0.5125499,0.41571194
2022-08-30,0.6818071,0.41030312,0.50725114,0.41199747
2020-11-25,0.6892232,0.41368836,0.5141205,0.4170719
2024-12-12,0.6892233,0.41378203,0.51416826,0.41706333
2020-11-22,0.6891692,0.4136494,0.51406485,0.41703266
2019-08-24,0.6856205,0.4115754,0.5105566,0.4144339
2024-10-09,0.68852913,0.41319048,0.51352936,0.41656366
2019-12-11,0.689348,0.4137722,0.5141326,0.41703984
2023-07-08,0.6871027,0.41220587,0.51186585,0.41543657
2020-11-10,0.6892427,0.41374505,0.5140829,0.41701448
2024-11-23,0.6890744,0.41370097,0.5140522,0.4169828
2022-01-28,0.68926954,0.41376606,0.5140818,0.416976
2019-12-20,0.6893437,0.4137937,0.51414263,0.4170406
2022-06-04,0.68839943,0.4129725,0.5128259,0.41646785
2022-12-17,0.6880946,0.4129328,0.51318324,0.4161191
2024-03-17,0.6885839,0.4131944,0.5135131,0.41654834
2023-04-29,0.6891337,0.41361824,0.51375675,0.4169318
2024-08-10,0.6887945,0.4133738,0.51359016,0.41660058
2024-05-29,0.688872,0.41336036,0.5137667,0.41688052
2020-07-26,0.6887884,0.41334593,0.51360154,0.41660547
2020-12-23,0.68922794,0.41373613,0.51409113,0.4169722
2020-04-29,0.6891644,0.41368246,0.5139484,0.41688022
2021-09-11,0.68843585,0.41280195,0.51325375,0.41636097
2021-11-03,0.68748057,0.4118824,0.5123894,0.4162614
2024-05-18,0.6857423,0.4110016,0.51101387,0.4143851
2024-10-26,0.68822455,0.4130688,0.51339036,0.41656867
2023-11-17,0.6888641,0.41358235,0.5139103,0.4167973
2019-07-13,0.68858576,0.41331083,0.51342565,0.41651604
2019-12-06,0.6893302,0.4137537,0.51410925,0.41702852
2021-08-17,0.6890521,0.413593,0.5138513,0.41681036
2020-05-11,0.68913335,0.41365382,0.51387084,0.41688076
2023-09-16,0.6858828,0.41118547,0.51090485,0.41444016
2021-09-19,0.68852884,0.4130186,0.51328385,0.4162932
2019-12-05,0.68931615,0.413752,0.514114,0.41702342
2021-03-11,0.688552,0.4132785,0.51360905,0.41615972
2022-09-16,0.6860304,0.41096967,0.510823,0.41432583
2022-12-04,0.6881455,0.41299966,0.51325816,0.41618234
2022-11-15,0.68890923,0.4134832,0.5137281,0.4167006
2022-09-13,0.6861644,0.4111631,0.5109635,0.41443753
2019-05-07,0.68914175,0.41362643,0.51388323,0.41686693
2019-08-17,0.68784094,0.41281182,0.51274145,0.41596058
2020-06-14,0.6883293,0.41281423,0.51297456,0.41632453
2021-11-05,0.6875774,0.41201383,0.5124844,0.41629884
2021-08-03,0.68814164,0.4123769,0.51276106,0.4170964
2021-08-05,0.6876079,0.41161093,0.5119386,0.41788945
2020-06-18,0.6881099,0.41236672,0.51267713,0.41662434
2021-11-11,0.68879235,0.4133562,0.51372755,0.41667756
2023-10-02,0.68631345,0.41153538,0.5113064,0.41465753
2024-02-14,0.68829596,0.41293624,0.51340646,0.4163919
2024-12-27,0.6891333,0.41376758,0.51418114,0.41706815
2021-01-17,0.6892012,0.41370416,0.5141115,0.41696003
2023-06-28,0.688279,0.4129595,0.51308924,0.41627157
2020-01-30,0.689313,0.41374838,0.51407427,0.41693887
2020-10-18,0.6887548,0.4134666,0.5136085,0.4165976
2023-10-11,0.686755,0.41200885,0.511519,0.41487294
2023-08-28,0.6871718,0.4120732,0.5123582,0.4154661
2024-09-25,0.6868845,0.41195303,0.5107277,0.41548118
2022-12-13,0.6885802,0.4132879,0.51355714,0.41648147
2021-08-28,0.6885978,0.41321734,0.51364523,0.41671774
2020-09-26,0.6888121,0.41333446,0.5136286,0.41659456
2024-06-30,0.6882786,0.41287786,0.51295114,0.4163347
2022-12-26,0.68778044,0.41268775,0.51292783,0.41587117
2022-08-15,0.68469,0.41154072,0.5099164,0.41381395
2019-12-25,0.68935794,0.4138107,0.5141609,0.41705626
2023-05-02,0.6891307,0.41363105,0.5137808,0.41687515
2021-04-14,0.6888151,0.41342312,0.5136075,0.41656372
2019-06-12,0.68855006,0.41324887,0.51328474,0.41650075
2021-03-03,0.68892765,0.4135502,0.51389766,0.41648468
2022-11-21,0.6885672,0.41324723,0.5134937,0.4164788
2024-10-21,0.688239,0.41291055,0.5131908,0.41679823
2024-08-22,0.6884433,0.41310012,0.5132977,0.41638166
2024-11-09,0.68850857,0.41335043,0.5136878,0.41671467
2020-08-11,0.68888646,0.41344666,0.5137131,0.41670805
2024-08-02,0.688794,0.4132988,0.5135021,0.4165492
2022-09-28,0.6857979,0.4107994,0.51051706,0.41409093
2020-05-14,0.68912953,0.41364622,0.51384014,0.41690496
2022-05-18,0.6891843,0.41362524,0.5139356,0.4169563
2019-05-15,0.68909883,0.4135818,0.51384073,0.41677985
2020-12-22,0.68927556,0.41376072,0.5141108,0.4170073
2021-02-22,0.6891635,0.4136996,0.51407987,0.41685334
2023-05-15,0.6891383,0.41363063,0.5139915,0.41692626
2022-03-01,0.68856454,0.4132972,0.5138883,0.4166077
2024-06-16,0.68793535,0.41275346,0.51281154,0.4159523
2023-09-01,0.6863828,0.4115603,0.5115871,0.41485867
2019-10-24,0.6889369,0.41361693,0.51392245,0.41681
2020-08-20,0.6886851,0.41326156,0.5135272,0.4165953
2021-10-23,0.68832433,0.41286463,0.51319546,0.41660374
2024-09-09,0.6881382,0.412805,0.5130639,0.41618434
2024-11-05,0.6884389,0.4132433,0.51357734,0.41663396
2021-09-22,0.6886993,0.41323635,0.5134122,0.4163761
2021-12-07,0.6891191,0.4136442,0.51399934,0.41691992
2023-10-21,0.68806297,0.41290054,0.5129344,0.41601706
2024-08-26,0.6882976,0.41297105,0.5132111,0.41628185
2021-03-30,0.686444,0.4115595,0.5117847,0.4145518
2020-08-26,0.68882257,0.413359,0.5136655,0.4167141
2021-07-03,0.688604,0.41349158,0.5132572,0.4165575
2022-03-03,0.6888842,0.41347912,0.5139189,0.4167866
2023-05-22,0.68920004,0.41366163,0.514025,0.41706887
2020-06-30,0.688627,0.4133904,0.51335263,0.41662303
2020-12-06,0.68931246,0.4137784,0.5141558,0.41706407
2024-08-27,0.6882036,0.41289192,0.513141,0.41625288
2020-09-10,0.6879651,0.4124144,0.5126027,0.4162106
2024-04-01,0.68900394,0.4135338,0.51383805,0.41676068
2019-10-03,0.6880694,0.41296893,0.5130394,0.41594842
2024-12-31,0.68914694,0.41377565,0.5141955,0.41708845
2024-07-06,0.68765837,0.41256845,0.511908,0.41584495
2022-03-17,0.6888942,0.41349307,0.5139228,0.4166052
2022-02-17,0.68905085,0.4136188,0.5140424,0.41686353
2024-07-22,0.6864696,0.41184032,0.5112535,0.41493523
2023-08-31,0.68684924,0.41188863,0.51202834,0.41523758
2019-09-26,0.68766266,0.41265294,0.5126443,0.41568223
2021-06-23,0.68877876,0.41321334,0.5135171,0.41670868
2020-12-08,0.6893338,0.41378146,0.5141601,0.41707447
2024-08-19,0.68850183,0.41315997,0.5133532,0.41640818
2021-02-04,0.68861616,0.41332608,0.5138782,0.4165282
2022-03-11,0.68891174,0.41349956,0.5139477,0.41676983
2021-01-18,0.68915653,0.41367498,0.5140878,0.4169224
2023-01-27,0.6879055,0.41285762,0.51300555,0.41590798
2020-09-12,0.687928,0.41234106,0.51253957,0.41617566
2022-11-02,0.68879604,0.41347212,0.51363766,0.41666335
2023-08-01,0.6884861,0.41314206,0.51341164,0.41642666
2019-10-27,0.6888723,0.41360632,0.5138647,0.4167854
2024-01-02,0.68929803,0.41377687,0.5141601,0.41705307
2023-04-07,0.6882913,0.41299146,0.51304597,0.416117
2023-08-29,0.6872192,0.41217068,0.51238203,0.41549632
2024-03-02,0.6882862,0.41286746,0.5131807,0.41617426
2019-09-06,0.6874931,0.41226953,0.5123189,0.41543597
2019-09-21,0.68668956,0.41206774,0.5117301,0.41488656
2021-12-04,0.6890987,0.41362444,0.51396674,0.4168897
2022-07-13,0.6875856,0.41241464,0.51249915,0.4158595
2021-07-10,0.688785,0.41346225,0.513398,0.41667593
2021-03-17,0.6885531,0.4132869,0.5136345,0.41618407
2023-04-12,0.68831605,0.413014,0.5129908,0.41617614
2021-08-31,0.6885132,0.41315877,0.5137285,0.41680983
2024-11-29,0.6889729,0.4136884,0.5140747,0.41698787
2023-06-19,0.68851703,0.4131823,0.5131288,0.41648668
2023-03-21,0.68844074,0.41309652,0.5132089,0.41616252
2019-11-04,0.6891438,0.4136524,0.5139968,0.4169495
2021-03-10,0.68896306,0.41359922,0.5139768,0.4165238
2023-05-07,0.689207,0.4136887,0.513974,0.41688773
2021-05-25,0.68889314,0.41360784,0.5137897,0.41661906
2024-05-06,0.68942416,0.41348368,0.5136828,0.41657454
2020-01-06,0.68937594,0.4138328,0.5141598,0.41704425
2023-02-23,0.6881229,0.41285452,0.5128746,0.41595316
2023-06-03,0.6880379,0.41278058,0.51296973,0.4161793
2020-09-30,0.68883985,0.4133677,0.5136705,0.4166443
2021-05-16,0.68921906,0.41369176,0.5139654,0.41686884
2020-10-07,0.68881786,0.4133753,0.51360744,0.41660887
2022-12-09,0.6881645,0.41302586,0.51331174,0.41619077
2022-12-16,0.6881133,0.41294372,0.5131963,0.41613734
2019-09-28,0.6878825,0.41281682,0.5128498,0.41583326
2019-11-28,0.68927896,0.4136939,0.5140855,0.41701338
2023-11-30,0.68917406,0.41373265,0.51411206,0.41701114
2023-01-07,0.6888093,0.41343844,0.5136979,0.4166148
2024-04-12,0.6891395,0.41364756,0.5139158,0.41687638
2020-04-22,0.6890564,0.41360983,0.51386887,0.41678652
2021-04-19,0.6889787,0.41356832,0.51380306,0.41670027
2024-07-18,0.6879237,0.41258034,0.5125077,0.4159004
2021-06-20,0.68287325,0.41087177,0.50825155,0.41283715
2024-08-05,0.6888174,0.41336313,0.5135906,0.4166063
2024-09-22,0.68655616,0.41179717,0.5105254,0.4152874
2024-02-13,0.68843246,0.41304392,0.5134819,0.41645598
2019-06-26,0.68636334,0.41238084,0.5110167,0.41505522
2024-07-13,0.6879289,0.41250446,0.51257825,0.41601875
2024-06-27,0.6879863,0.41263995,0.5126798,0.41616789
2021-05-22,0.68916076,0.41370118,0.51398337,0.4168519
2019-10-19,0.68871945,0.41348335,0.513719,0.41664326
2019-12-24,0.6893625,0.4138084,0.51416475,0.4170546
2024-11-01,0.6883138,0.41314742,0.51352125,0.4164837
2024-08-06,0.6888698,0.41342416,0.5136682,0.4166856
2021-07-18,0.6878573,0.41250503,0.5122594,0.4162228
2019-07-28,0.68813074,0.41319877,0.51302785,0.41626957
2020-03-11,0.68882024,0.4134411,0.5138292,0.4167166
2020-09-16,0.688078,0.41253957,0.5128403,0.4162862
2021-12-03,0.6890427,0.41358954,0.5139295,0.4168457
2023-09-22,0.6868322,0.4120202,0.51171684,0.4149685
2022-07-15,0.6875541,0.41243574,0.51248,0.4157863
2021-07-17,0.6877474,0.41253325,0.51211905,0.416101
2020-07-15,0.6885278,0.41321275,0.51339424,0.41646856
2019-07-03,0.68854463,0.4132373,0.51338583,0.41646063
2024-12-30,0.6891547,0.41376838,0.5141796,0.4170786
2021-04-28,0.68914694,0.41364852,0.51386905,0.41682625
2023-03-16,0.68834096,0.4130221,0.51314944,0.41612145
2023-11-29,0.68912786,0.4137195,0.5140906,0.4169795
2024-06-22,0.6883337,0.41298807,0.5130509,0.41630077
2020-10-17,0.68879044,0.41345656,0.51360893,0.41661867
2023-04-08,0.688094,0.41285023,0.51284593,0.41596624
2019-05-16,0.6890924,0.41358083,0.5138241,0.41676393
2021-09-04,0.68832195,0.4128163,0.51326185,0.4164067
2022-04-10,0.6888998,0.41347083,0.5137082,0.41662088
2022-09-14,0.68620574,0.41109094,0.5109477,0.41445723
2019-04-22,0.6890867,0.41360298,0.5138016,0.4168245
2023-01-30,0.6878998,0.41285828,0.51299536,0.41591597
2024-04-08,0.68916506,0.41363066,0.5139191,0.41686684
2021-10-18,0.6874878,0.41209415,0.5122598,0.41612545
2022-12-18,0.6880428,0.41291413,0.51316005,0.41608426
2021-02-12,0.68852365,0.41328755,0.51390105,0.41656846
2024-12-04,0.68908674,0.41374075,0.51413286,0.4170274
2022-03-09,0.688633,0.4133392,0.51389825,0.41661042
2024-03-13,0.68857795,0.4131657,0.51360846,0.41645408
2023-12-20,0.68929076,0.41379672,0.51416236,0.41705188
2022-06-19,0.68847066,0.41307613,0.5131209,0.41643688
2024-03-28,0.6890192,0.4135207,0.51388836,0.41673785
2019-08-21,0.68746924,0.41255355,0.5122624,0.415627
2022-11-07,0.68897,0.4135422,0.51377994,0.41675445
2023-06-07,0.68831533,0.41294453,0.51315916,0.4162873
2019-12-16,0.68934685,0.41378185,0.5141245,0.41703668
2022-06-15,0.68833375,0.41297063,0.5129698,0.41635826
2023-04-24,0.6892012,0.41367993,0.5138461,0.41695336
2021-06-28,0.6889529,0.4135281,0.5136881,0.4168167
2019-05-27,0.6885082,0.41319552,0.51332444,0.4163337
2024-12-06,0.6889946,0.41370514,0.5140847,0.41699916
2020-02-03,0.6893034,0.4137477,0.51409477,0.41695708
2024-09-28,0.68816185,0.4128526,0.5126312,0.41616163
2022-07-10,0.6875034,0.41238225,0.5123925,0.4157594
2024-03-12,0.6884593,0.41301548,0.5134465,0.41641158
2023-10-29,0.6882592,0.41306284,0.5132312,0.41622674
2021-04-04,0.6882596,0.4129934,0.513282,0.41605297
2020-12-28,0.6892819,0.41377428,0.5141279,0.4170114
2020-10-19,0.6887277,0.4134453,0.5135811,0.416565
2022-02-12,0.68902385,0.41358823,0.51394427,0.4168201
2024-01-16,0.68928283,0.41377345,0.51413935,0.41702724
2021-10-29,0.68749887,0.41187957,0.51238924,0.41634104
2019-06-04,0.68804,0.41304514,0.5129882,0.41586965
2020-08-16,0.68867606,0.41325516,0.51357096,0.4165554
2020-07-08,0.68793976,0.41312703,0.51271343,0.4161266
2024-09-17,0.6885062,0.4130552,0.51334155,0.41643357
2022-03-10,0.6888358,0.413452,0.51392776,0.4167587
2023-05-29,0.6891181,0.41360974,0.51393956,0.41700253
2021-12-09,0.6891195,0.4136388,0.5140085,0.4169248
2020-09-23,0.6887389,0.41323808,0.51357514,0.41659042
2024-05-26,0.6885931,0.4130924,0.5136432,0.41684198
2023-02-27,0.68859065,0.41328,0.513419,0.41638562
2021-04-18,0.6889737,0.413568,0.51381886,0.4166988
2024-01-26,0.6891363,0.4136544,0.5140105,0.41691893
2023-10-23,0.68814933,0.4129321,0.5130312,0.4161011
2023-09-15,0.6859547,0.41120464,0.5110297,0.41448107
2023-10-22,0.6881903,0.41297644,0.5130498,0.41613272
2023-05-10,0.68923265,0.41372252,0.5140369,0.41694483
2020-06-22,0.6856705,0.4095816,0.5101581,0.4157571
2021-05-24,0.68893695,0.41357818,0.5137881,0.41663983
2019-12-13,0.6893553,0.41378278,0.5141374,0.417041
2024-08-30,0.68764716,0.41250023,0.51270944,0.41579506
2023-05-03,0.68920255,0.41370398,0.5139184,0.41687313
2019-04-19,0.68913424,0.41346905,0.5137104,0.41679716
2021-08-07,0.68765336,0.41167665,0.5120557,0.41781345
2021-11-24,0.6890154,0.41355887,0.51387054,0.41679442
2020-08-23,0.6888123,0.41328168,0.5136313,0.41670904
2023-06-02,0.68849885,0.4131591,0.51336944,0.4164721
2019-11-21,0.6892614,0.41370237,0.51411754,0.41703445
2020-09-22,0.68855476,0.41304246,0.5133924,0.41648158
2022-11-08,0.68895006,0.41351584,0.5137587,0.41673478
2022-05-09,0.6885575,0.41325146,0.51311135,0.4164851
2024-01-05,0.68932396,0.4138017,0.5141664,0.4170611
2022-01-05,0.6893866,0.41384932,0.514187,0.41708282
2021-05-31,0.68689346,0.41282684,0.5120696,0.41464326
2024-05-08,0.6893555,0.413557,0.51379454,0.4167815
2021-09-27,0.6881771,0.412823,0.51296157,0.41602904
2024-04-17,0.6891579,0.41367853,0.51395816,0.41685966
2023-01-31,0.6878498,0.4128572,0.5129981,0.41589463
2024-11-26,0.68885976,0.41363096,0.5139805,0.4169294
2022-01-04,0.6893583,0.4138293,0.51415527,0.41704997
2023-11-27,0.68909407,0.41369966,0.51406467,0.41695014
2022-06-12,0.6882457,0.41299918,0.51278293,0.4162652
2020-11-16,0.68918306,0.4136888,0.51406795,0.41700667
2024-07-02,0.6882769,0.4129473,0.5128439,0.41630983
2023-02-24,0.6879774,0.4127498,0.51276445,0.41583455
2020-08-04,0.6890321,0.41352624,0.51383257,0.41685233
2024-02-06,0.6888576,0.41343567,0.51386,0.41675717
2020-04-07,0.6879105,0.4128035,0.5127408,0.41590437
2019-11-05,0.6891479,0.4136481,0.51402295,0.41696265
2022-08-28,0.68053466,0.41005334,0.50612205,0.41126546
2024-08-14,0.6886874,0.41329283,0.5135258,0.41655377
2024-06-24,0.6883091,0.41295666,0.51295215,0.41624892
2021-03-02,0.6889326,0.41355193,0.5139114,0.41650695
2021-03-19,0.68815976,0.41299966,0.51330876,0.41579485
2020-10-27,0.6890079,0.41359386,0.5138026,0.41678354
2020-02-28,0.68858254,0.4132945,0.5138782,0.4165623
2021-03-23,0.68742335,0.41239575,0.5126003,0.41517937
2019-04-18,0.6888349,0.41336775,0.5134978,0.41658598
2019-10-23,0.68890953,0.41358396,0.5138783,0.4167957
2023-08-22,0.6875603,0.4124361,0.51270396,0.41571936
2021-12-26,0.68934345,0.41381666,0.51415,0.4170503
2022-06-01,0.6890091,0.41345826,0.51375103,0.41697347
2024-02-04,0.68876785,0.41335058,0.5136994,0.4166477
2019-10-29,0.6890148,0.41364214,0.5139426,0.4168706
2020-04-28,0.6891543,0.4136686,0.5139186,0.41686577
2021-06-11,0.688364,0.41311678,0.5132058,0.4164105
2023-01-17,0.68778,0.4127896,0.5129776,0.4158001
2020-10-12,0.6888309,0.41346353,0.5136468,0.41662282
2024-07-31,0.68877614,0.41328502,0.5135372,0.41657668
2024-06-25,0.68808126,0.4127731,0.5127621,0.4161314
2020-02-16,0.6892275,0.41357487,0.5139192,0.416676
2021-03-08,0.6889322,0.41356042,0.5139129,0.41651645
2023-11-22,0.6889991,0.41365355,0.51399827,0.41690078
2019-09-13,0.687043,0.4123928,0.51225275,0.41514954
2021-11-20,0.6889359,0.4135113,0.513828,0.4167299
2024-10-25,0.6879556,0.41291606,0.51327246,0.4166419
2023-06-15,0.68854624,0.413073,0.51316476,0.41640228
2024-08-09,0.68878603,0.41335002,0.5135491,0.41659075
2020-10-31,0.68913984,0.4136825,0.51394165,0.41687918
2024-02-10,0.68848294,0.41311225,0.51352304,0.4164648
2021-02-27,0.6890525,0.413645,0.51409715,0.41676837
2023-01-12,0.68781966,0.41278318,0.5129631,0.41582903
2022-11-11,0.68892765,0.41346815,0.51371586,0.41671106
2020-08-19,0.688764,0.413311,0.513627,0.4166505
2024-05-22,0.6878356,0.41243017,0.51289195,0.41621333
2023-11-06,0.6884461,0.41325212,0.51346797,0.41638562
2024-07-15,0.6877365,0.41239753,0.51230615,0.41582355
2019-10-05,0.68825054,0.41307926,0.5132548,0.41611803
2021-12-14,0.68923736,0.413717,0.51408523,0.41697723
2021-11-04,0.6877966,0.41231784,0.5127866,0.41637096
2020-02-29,0.68849635,0.4132393,0.5138237,0.41650453
2022-05-27,0.6880337,0.41273302,0.5129596,0.41619134
2020-02-19,0.68913335,0.4135876,0.5139973,0.41679013
2019-07-16,0.68865335,0.41337666,0.5135017,0.41658375
2019-12-03,0.68932974,0.41375655,0.51413673,0.41704303
2023-12-08,0.6892063,0.4137649,0.5141584,0.41702724
2021-01-21,0.6890651,0.41360518,0.51400554,0.41684097
2024-11-02,0.6883935,0.4132219,0.51357925,0.4165686
2021-11-26,0.6890409,0.41357994,0.51389855,0.41682646
2024-01-17,0.6892801,0.41376948,0.5141278,0.4170227
2024-01-11,0.6893183,0.41379252,0.51415026,0.41704193
2020-12-15,0.6893169,0.41377917,0.5141423,0.41704962
2024-10-30,0.68839484,0.41317266,0.51356125,0.41651773
2023-06-09,0.68848693,0.41307628,0.5132885,0.41646683
2022-08-07,0.68850017,0.41317338,0.5134067,0.4164688
2021-06-18,0.6864564,0.41174865,0.51155037,0.4149244
2019-06-21,0.6876175,0.41283804,0.5124186,0.41586784
2020-02-13,0.6892577,0.41364354,0.5140013,0.4167921
2024-12-26,0.6891119,0.41375402,0.5141783,0.41707948
2019-10-02,0.6880659,0.41298568,0.5130615,0.41596887
2024-10-29,0.6881798,0.41307735,0.5134554,0.41641992
2023-12-14,0.68920046,0.41377306,0.5141524,0.4170182
2024-11-06,0.6884117,0.41326264,0.5136088,0.41667137
2020-10-11,0.68878716,0.41344288,0.5136158,0.41660196
2021-01-16,0.6892099,0.41370276,0.51410264,0.41696164
2020-10-03,0.6889027,0.41341645,0.5136835,0.41665298
2023-03-18,0.68808764,0.4127724,0.51281804,0.41584378
2021-12-21,0.68933487,0.4137984,0.51415086,0.41705188
2023-07-20,0.6887461,0.41335312,0.5136227,0.4166076
2023-05-28,0.68906766,0.41356745,0.5138995,0.41697246
2021-05-30,0.68629897,0.4126756,0.5115899,0.41401124
2022-11-22,0.6885281,0.4132175,0.51348776,0.41644573
2024-07-29,0.6884543,0.41297647,0.5131905,0.41631752
2022-01-22,0.6893235,0.41380525,0.51412857,0.41702333
2023-05-09,0.6892241,0.41372243,0.5140423,0.416925
2023-01-09,0.68780655,0.41273847,0.5129311,0.4158167
2021-02-07,0.68853694,0.41327825,0.5138861,0.41646546
2023-06-25,0.68829423,0.41290736,0.51302075,0.41633576
2020-01-24,0.68932223,0.4137798,0.51410276,0.4169869
2022-08-19,0.68577486,0.41196096,0.51094145,0.4145749
2021-07-29,0.6885082,0.41277048,0.51302236,0.4165953
2024-05-17,0.6859835,0.41120505,0.5112263,0.41454023
2024-10-07,0.68862736,0.41327322,0.51361644,0.41663912
2024-09-19,0.6883937,0.41297165,0.5131893,0.41627628
2023-09-09,0.6843637,0.40996704,0.51000327,0.41339996
2023-04-25,0.68914557,0.41359434,0.5137134,0.41693157
2021-04-10,0.68850803,0.413174,0.5133142,0.4162981
2022-12-15,0.6881374,0.41298544,0.5132154,0.4161433
2021-02-16,0.6887763,0.41343912,0.5139773,0.4166832
2020-04-03,0.6885574,0.4133568,0.513633,0.41619098
2022-01-27,0.68926126,0.41375753,0.514075,0.41697764
2019-10-08,0.6884167,0.41320848,0.513382,0.41624063
2023-07-03,0.68628275,0.41161454,0.5112343,0.4147954
2023-08-02,0.6884556,0.41311845,0.5133899,0.4163997
2023-04-16,0.68833894,0.41302708,0.5128997,0.4162857
2022-09-27,0.6857651,0.41078413,0.510499,0.41404173
2022-04-07,0.6889548,0.41355017,0.5138292,0.41662365
2024-07-08,0.6877316,0.41265535,0.51189995,0.4157716
2024-09-18,0.6886214,0.41314074,0.513452,0.41653466
2022-06-09,0.68856263,0.41323665,0.51311064,0.41648287
2024-04-02,0.68906087,0.41359076,0.51389736,0.41678274
2024-05-27,0.6887349,0.41318184,0.51372266,0.416876
2023-04-19,0.68885064,0.413446,0.51347464,0.41670182
2023-11-01,0.68833685,0.41311023,0.51330346,0.41625464
2024-08-08,0.68884295,0.41337928,0.5136381,0.41666955
2023-07-17,0.68871295,0.41331205,0.5136129,0.4166318
2019-04-23,0.68915564,0.41367,0.51388025,0.41688472
2019-11-18,0.6892656,0.41372424,0.51413524,0.41704524
2022-07-27,0.6884374,0.4131234,0.5132509,0.41635546
2019-04-13,0.6888194,0.41339183,0.5135951,0.41652805
2023-10-27,0.6883652,0.41310948,0.5132715,0.41626343
2023-05-04,0.6892523,0.41372758,0.5139878,0.41689703
2021-12-08,0.689131,0.41362852,0.51400113,0.41691157
2021-03-14,0.68874395,0.4134319,0.5137984,0.41636246
2023-06-13,0.68837714,0.41290194,0.5130531,0.41633466
2022-06-13,0.6883393,0.41306257,0.51305324,0.41632032
2024-03-05,0.68844223,0.4129551,0.5133329,0.41629338
2022-07-04,0.6877932,0.41264185,0.5125041,0.41581315
2020-11-08,0.68925726,0.41376626,0.5140867,0.4169946
2021-09-08,0.6885661,0.41295978,0.51337135,0.41645616
2022-02-28,0.6885401,0.4132946,0.51389945,0.41659108
2020-11-26,0.6892297,0.41370556,0.51411986,0.4170661
2024-11-20,0.688926,0.41362336,0.51395994,0.4169091
2024-01-30,0.689097,0.41363317,0.5140309,0.41692805
2023-10-15,0.68737733,0.41244116,0.512112,0.41539624
2023-08-08,0.68819237,0.41289592,0.513127,0.41621348
2022-08-03,0.6888113,0.41337296,0.5136442,0.416689
2020-12-25,0.68929285,0.41377681,0.51413333,0.41701454
2020-09-28,0.68886423,0.4133946,0.5136802,0.41664168
2021-03-26,0.6861113,0.41131523,0.51140094,0.4140899
2020-09-03,0.68798345,0.41268572,0.5127868,0.41618177
2021-03-20,0.68856674,0.4132922,0.51363873,0.41621736
2024-05-15,0.68817395,0.41280675,0.51301926,0.41607022
2021-07-06,0.6889591,0.4135731,0.5136472,0.41679898
2023-03-29,0.68830734,0.4130052,0.5131233,0.41609702
2019-12-01,0.6893067,0.41373473,0.51411796,0.4170307
2020-04-06,0.68756956,0.41255522,0.51249045,0.41552776
2020-11-24,0.6892115,0.41367966,0.51409686,0.4170517
2023-05-20,0.68910336,0.4135978,0.51394755,0.4169856
2024-01-03,0.68930805,0.41379428,0.51416296,0.41704682
2021-10-15,0.6863156,0.41151878,0.5112037,0.41503313
2020-04-16,0.6891384,0.41358888,0.51388395,0.416839
2022-05-24,0.6885902,0.41317537,0.51345503,0.4165951
2023-08-14,0.6872889,0.4121851,0.51237416,0.41558352
2019-09-24,0.6872548,0.41241926,0.5122049,0.41539302
2022-08-18,0.6836601,0.41123402,0.5090357,0.41323942
2023-11-08,0.68841505,0.41326067,0.5134547,0.41636422
2023-12-03,0.68919146,0.4137468,0.51412344,0.41702417
2021-07-31,0.688417,0.41271725,0.5129579,0.41674995
2022-04-09,0.68909895,0.41365704,0.5139987,0.41674128
2023-02-03,0.68783414,0.4128321,0.5129622,0.41586247
2021-02-01,0.6886613,0.4133565,0.51390076,0.41658908
2021-01-14,0.68922055,0.41370815,0.5141101,0.41696426
2020-07-27,0.6888283,0.41338533,0.5136477,0.4166568
2021-04-30,0.6890841,0.41364294,0.51381576,0.41680676
2023-11-20,0.68893313,0.41363165,0.513962,0.41685924
2020-02-02,0.68928766,0.41373003,0.5140631,0.41691017
2022-01-01,0.68931544,0.4138061,0.51411825,0.41701347
2020-10-10,0.6888124,0.41346133,0.51364,0.41661185
2022-01-08,0.68937093,0.4138401,0.51417285,0.41707426
2020-06-06,0.68900126,0.41346508,0.51370686,0.41685525
2023-03-19,0.6879841,0.412704,0.5127216,0.41577515
2023-04-13,0.68858916,0.41325057,0.51328266,0.41640657
2022-12-28,0.6877419,0.4126689,0.5128852,0.4158087
2023-04-18,0.6886687,0.413315,0.51326823,0.41654333
2023-08-11,0.6875683,0.4124316,0.51265496,0.41575682
2020-11-19,0.68915147,0.41364923,0.51406103,0.41701546
2021-07-27,0.68849975,0.41293758,0.51307166,0.41646588
2024-02-29,0.6882894,0.41289586,0.51318586,0.4162278
2019-09-12,0.68736386,0.41262454,0.5124989,0.41535577
2019-09-27,0.6877961,0.41276398,0.5127298,0.4157826
2022-02-23,0.68879193,0.41344267,0.51398057,0.41673622
2021-11-02,0.68778014,0.41221938,0.51268816,0.4163715
2024-05-07,0.6895202,0.41354474,0.5138143,0.4166884
2021-06-21,0.6875216,0.41252294,0.51242095,0.41580474
2021-12-30,0.6893588,0.41383004,0.51416075,0.41704676
2024-09-08,0.6880114,0.41269955,0.5129532,0.4161085
2022-08-04,0.6888102,0.41336706,0.51363236,0.4166554
2019-12-31,0.6893753,0.41383114,0.5141603,0.41705996
2022-06-24,0.68865764,0.41324008,0.51340467,0.41650942
