date,h0,h1,h2,h3,h4,h5,h6
2023-01-04,0.54196066,0.6412117,0.4741818,0.4407856,0.49933782,0.4525802,0.42543542
2019-09-20,0.54162353,0.64047796,0.4732121,0.4405335,0.49856457,0.45245135,0.42514977
2020-03-06,0.54277176,0.6418168,0.47516024,0.44130343,0.49979553,0.45341298,0.42564213
2023-07-05,0.54062974,0.63947195,0.472669,0.439465,0.49726298,0.45130858,0.42394945
2024-07-01,0.54250324,0.64160025,0.47448155,0.4413061,0.4995604,0.4531181,0.42587382
2024-03-14,0.54265517,0.64176095,0.47484866,0.44142094,0.4995874,0.45322052,0.42585728
2023-06-29,0.54231125,0.6411574,0.4741028,0.44096398,0.49894947,0.452769,0.42545545
2021-03-18,0.54283744,0.64188385,0.47486565,0.44155997,0.49967894,0.45335427,0.42619073
2024-10-13,0.5429808,0.6418756,0.47484258,0.44151893,0.49976265,0.45338896,0.42609313
2024-12-02,0.54356736,0.6426491,0.47536358,0.44214955,0.50034976,0.45385405,0.4266369
2024-09-06,0.54247487,0.6412683,0.4741757,0.4411858,0.49932453,0.45276284,0.42568463
2024-03-30,0.5434114,0.6425381,0.47526678,0.44209102,0.5003062,0.45380297,0.42658916
2024-01-01,0.5436399,0.6427214,0.47537425,0.44225398,0.5004965,0.45401007,0.42678562
2023-01-01,0.54196596,0.6411802,0.47416475,0.4407647,0.49926984,0.45256826,0.42538163
2024-01-25,0.5434877,0.642579,0.47534105,0.44210985,0.50037515,0.45391387,0.42661732
2024-09-29,0.5426651,0.6414541,0.47456127,0.44122112,0.49941793,0.4528778,0.42586768
2020-09-07,0.5427296,0.6414341,0.47441635,0.44132283,0.49937332,0.4529055,0.42564327
2021-02-13,0.542971,0.6420566,0.4752648,0.4415839,0.49995553,0.45358318,0.42594272
2021-04-15,0.543213,0.6423077,0.47509813,0.4419172,0.5000785,0.45369723,0.42648175
2020-07-10,0.54228,0.6414225,0.4742944,0.44103304,0.4994369,0.45295602,0.425447
2024-05-13,0.54246306,0.6413075,0.47418126,0.44100603,0.49933806,0.45280972,0.42545682
2020-08-27,0.54313415,0.6420548,0.47482932,0.4417256,0.4999074,0.45344573,0.4262175
2022-02-13,0.54336274,0.64243686,0.47521064,0.4419912,0.5002401,0.45379514,0.42649528
2022-01-30,0.54358435,0.6426799,0.4753329,0.4422244,0.5004565,0.45397872,0.4267567
2021-05-03,0.5434636,0.64253926,0.4752159,0.44205987,0.5002962,0.45383263,0.426586
2023-10-09,0.5406849,0.63985157,0.47261232,0.4400995,0.49836943,0.45139086,0.4245065
2022-05-25,0.5420884,0.64092445,0.47393534,0.4406459,0.4988785,0.45243177,0.42512926
2022-07-17,0.54200715,0.64079875,0.4740281,0.44088632,0.498743,0.4527868,0.42545325
2022-02-04,0.54352057,0.6426008,0.47528407,0.4421527,0.50038034,0.45391545,0.42668194
2019-05-19,0.543379,0.6424163,0.47514957,0.4419697,0.5002576,0.45380268,0.42648965
2021-05-07,0.54349834,0.6425475,0.47523153,0.44209203,0.5003229,0.45383874,0.4265928
2019-08-23,0.54155713,0.64038527,0.4736312,0.44027573,0.49865046,0.452064,0.42443916
2021-10-11,0.5417403,0.6405911,0.4740445,0.4406165,0.49925366,0.45324478,0.42574283
2023-01-25,0.54204124,0.64135695,0.4743031,0.4408825,0.49953505,0.45260617,0.42549834
2021-12-20,0.5436607,0.6427488,0.4753695,0.44228634,0.5005291,0.45402855,0.42682767
2020-08-17,0.54317605,0.6421676,0.4749591,0.4418534,0.5000726,0.45361373,0.4263918
2020-04-24,0.54345024,0.64254427,0.47525004,0.44205317,0.5003332,0.4538464,0.42661312
2020-06-19,0.54258364,0.6417717,0.47479835,0.4411138,0.49950275,0.45311946,0.42589065
2021-01-25,0.54334337,0.64243424,0.47532177,0.4419759,0.5002436,0.45381352,0.4264163
2023-03-22,0.5424051,0.64128625,0.4744611,0.44100887,0.49909085,0.45297715,0.4256658
2021-05-12,0.54354525,0.64255273,0.4752371,0.44211134,0.50035113,0.4538624,0.42658266
2019-05-20,0.54336727,0.6423712,0.47509533,0.44195426,0.5002297,0.45375443,0.42645314
2023-12-25,0.54361373,0.6426893,0.475392,0.44223854,0.50051415,0.4539759,0.4267541
2023-11-26,0.5435327,0.64258754,0.47522205,0.4421365,0.5002963,0.45379013,0.42658865
2022-01-10,0.5436686,0.64278543,0.47540247,0.44231814,0.50055873,0.45406237,0.4268557
2019-08-20,0.54248196,0.6413456,0.47433442,0.44116426,0.49945712,0.45286173,0.42548385
2024-11-12,0.5433038,0.6423439,0.47520852,0.44185898,0.5000758,0.45359293,0.4263445
2021-02-17,0.54322636,0.6423301,0.47532478,0.44186503,0.500137,0.4537576,0.42631716
2020-11-21,0.5436268,0.6426133,0.4753052,0.44212344,0.5003807,0.4538489,0.42662024
2022-02-20,0.54330146,0.6423833,0.47527954,0.4418966,0.500244,0.45380047,0.42635423
2021-04-17,0.54326767,0.6424373,0.47518823,0.44198164,0.50017554,0.45376915,0.42657486
2021-08-19,0.5434925,0.6427219,0.47524822,0.44207972,0.5003537,0.4538232,0.42655602
2022-03-27,0.54286015,0.64197165,0.47502968,0.4415236,0.4996093,0.4534767,0.42622545
2022-08-02,0.5432188,0.64221734,0.47499913,0.44184074,0.5000675,0.45363915,0.42640775
2023-10-14,0.5414489,0.6405777,0.47331575,0.44071797,0.49904352,0.4521136,0.425171
2024-02-27,0.5427104,0.64162207,0.47492757,0.44117764,0.49962366,0.45322505,0.42585787
2020-06-25,0.542178,0.64137757,0.4744317,0.4409677,0.49917358,0.45294142,0.4257454
2024-01-07,0.54364324,0.6427336,0.4753826,0.44227216,0.5005059,0.45401943,0.4268003
2022-05-20,0.5432086,0.6421951,0.4749627,0.4416866,0.5000946,0.45353898,0.42619738
2019-11-12,0.5435212,0.64260876,0.47529635,0.44220027,0.5004343,0.45385453,0.42668638
2023-05-14,0.5435721,0.6425002,0.47534624,0.44207302,0.5004209,0.4540115,0.4266456
2021-03-25,0.5408467,0.63959265,0.47313,0.43958107,0.49745348,0.45153522,0.42440325
2023-10-24,0.54268104,0.6416724,0.4744062,0.44144297,0.49963,0.45302677,0.42592084
2023-10-10,0.5409277,0.6400929,0.47283503,0.44036204,0.49864167,0.4516371,0.42476335
2023-02-25,0.5427395,0.6418547,0.47507766,0.44149354,0.4999665,0.45330185,0.42607936
2024-02-23,0.5427594,0.6409371,0.47460017,0.44007462,0.49887362,0.45215693,0.42479548
2023-09-08,0.5397131,0.63820505,0.47126228,0.43844688,0.49646333,0.4498653,0.42306554
2019-09-03,0.54159045,0.6397209,0.4738093,0.44078344,0.4985322,0.4512848,0.4245533
2023-06-20,0.54294336,0.6419939,0.47476143,0.44156694,0.49964085,0.45327803,0.42608127
2024-08-29,0.54243404,0.6413034,0.47427243,0.44119865,0.4992671,0.4528504,0.4256837
2019-07-04,0.54282093,0.64186144,0.4746306,0.4415426,0.4998122,0.45330793,0.42608353
2020-03-03,0.54269254,0.6417574,0.47516647,0.44121498,0.49975717,0.45338646,0.42553046
2020-09-04,0.54195696,0.64070654,0.47380632,0.44066888,0.49868384,0.45230386,0.42504197
2021-09-18,0.54304004,0.64167666,0.47453073,0.4415003,0.49967882,0.45325148,0.426061
2020-10-20,0.5432815,0.642329,0.47493938,0.44185898,0.5000444,0.45353985,0.42628342
2019-11-03,0.5435057,0.6426144,0.4752746,0.44218338,0.5004801,0.45380253,0.42666644
2023-07-12,0.5429122,0.6417188,0.47464833,0.44153163,0.4996775,0.45328605,0.42609313
2021-02-10,0.54293776,0.64206016,0.47527426,0.44156024,0.49995124,0.4536049,0.4259591
2022-06-11,0.5427877,0.6418546,0.47471866,0.4414041,0.49947026,0.45311397,0.4258271
2023-09-06,0.53963345,0.6381554,0.47110257,0.43833253,0.4964527,0.44974437,0.42292383
2024-04-27,0.54347855,0.64252657,0.47518983,0.44210812,0.50035524,0.45377013,0.42658496
2021-12-12,0.543558,0.64263153,0.4752661,0.44217986,0.5004516,0.45393986,0.4267415
2021-12-16,0.54360133,0.6426587,0.4752978,0.44221625,0.5004898,0.4539662,0.4267648
2020-07-13,0.5421349,0.6410779,0.47401696,0.44081384,0.49905065,0.45267475,0.42528868
2019-05-28,0.5427088,0.64165,0.47453448,0.4413913,0.4998272,0.4534558,0.42599446
2019-10-14,0.54297566,0.6420308,0.47463447,0.4416155,0.49981278,0.4532253,0.426092
2023-03-23,0.54231805,0.6411659,0.47431865,0.44092274,0.49897155,0.4528643,0.42558944
2021-01-10,0.5435538,0.6426696,0.47537404,0.44220138,0.50042546,0.45395994,0.42670095
2024-08-20,0.5429659,0.6418937,0.4747554,0.44169548,0.49979988,0.4533671,0.42618033
2021-08-16,0.54337543,0.64220846,0.47503802,0.44196934,0.5001072,0.4535795,0.42644787
2021-08-15,0.5432174,0.6419677,0.47493446,0.44176385,0.49982578,0.45347905,0.42631075
2023-03-12,0.5427552,0.6418403,0.4748994,0.44147083,0.49977192,0.45331633,0.4260754
2024-02-03,0.5432169,0.64219695,0.47511837,0.44175187,0.50004333,0.45357665,0.42626655
2024-01-04,0.54364055,0.6427231,0.475368,0.44226047,0.50049883,0.45401353,0.4267918
2019-12-17,0.5436494,0.6427406,0.47537005,0.4422771,0.50052357,0.4540197,0.42684105
2024-06-07,0.54310685,0.64217645,0.4750399,0.44175023,0.50005555,0.453543,0.4261115
2019-08-14,0.54295284,0.64197123,0.4747646,0.4416297,0.49987522,0.4534114,0.42607918
2020-12-07,0.5436686,0.6427477,0.4753623,0.4423065,0.5005077,0.45401785,0.4268316
2019-11-16,0.5435511,0.6426574,0.47536173,0.44223487,0.5004972,0.45389864,0.4267234
2022-09-02,0.5415589,0.6402858,0.47352517,0.44039428,0.4984753,0.45203388,0.42469302
2023-10-30,0.542819,0.6417978,0.47453603,0.44152826,0.49967697,0.453154,0.42600104
2024-07-24,0.54196066,0.64072716,0.47375858,0.44058222,0.4986466,0.45240366,0.42504412
2021-09-07,0.5431469,0.64181453,0.47450656,0.44149137,0.4997293,0.45313576,0.42600408
2023-07-28,0.54290164,0.6416931,0.47465634,0.4415902,0.49968824,0.45325878,0.426103
2024-11-04,0.5430769,0.64205307,0.4750431,0.44159782,0.49982238,0.4533924,0.42615575
2024-04-15,0.54340553,0.64248353,0.47518393,0.44207713,0.50028205,0.45378658,0.42658976
2020-12-14,0.54365504,0.642731,0.47535786,0.44228914,0.50050586,0.4540178,0.4268179
2023-04-11,0.54286003,0.6418181,0.47470957,0.4414476,0.49951136,0.45329526,0.4260276
2022-07-16,0.54203033,0.64084566,0.4740206,0.44083455,0.4987691,0.4527985,0.42545786
2020-06-29,0.542914,0.6421206,0.47475192,0.44163612,0.4999283,0.45344225,0.42607695
2024-12-05,0.5435356,0.6426509,0.47540426,0.44211608,0.5003526,0.45382705,0.42661867
2021-04-03,0.5428788,0.64188564,0.47486576,0.44156787,0.49971595,0.4533971,0.42624745
2020-03-13,0.54334825,0.6424321,0.47528228,0.44196495,0.5002439,0.4538028,0.42644802
2020-02-25,0.5432458,0.642282,0.47526318,0.441793,0.5001786,0.4537146,0.4262354
2023-09-20,0.54043126,0.63952214,0.47237462,0.43988252,0.498076,0.45117742,0.42437547
2024-07-09,0.5418059,0.6410751,0.47400796,0.4409324,0.4994447,0.45265245,0.42566636
2020-05-26,0.5434465,0.6425508,0.47518948,0.4420161,0.50031155,0.4537805,0.42655376
2024-04-16,0.5435412,0.64264476,0.4753209,0.442208,0.5004247,0.4539297,0.4267421
2024-10-11,0.54304004,0.64194673,0.4748562,0.4415927,0.49983525,0.4534289,0.42616707
2024-06-17,0.5423227,0.6414493,0.47449303,0.44110313,0.49947637,0.45301268,0.4257548
2022-09-06,0.54190594,0.64050984,0.47388992,0.44082922,0.49881935,0.452129,0.42514512
2023-01-08,0.54211146,0.6413822,0.474323,0.4409385,0.49951494,0.45272258,0.4255959
2022-08-10,0.5426864,0.64162296,0.47446942,0.44132888,0.4994978,0.45314825,0.42585406
2022-09-05,0.5418098,0.6404077,0.47380418,0.4407377,0.49871206,0.45205134,0.42505065
2021-03-24,0.54129386,0.6400069,0.47341362,0.4399699,0.4978608,0.45184067,0.42467892
2020-05-31,0.5424282,0.6413922,0.47424066,0.44111007,0.4993295,0.45286515,0.42558452
2022-09-30,0.5409815,0.63915443,0.47310844,0.44018134,0.49810648,0.4513723,0.4244667
2023-03-14,0.5426714,0.6416956,0.47473097,0.44134855,0.4995755,0.45321256,0.42597154
2023-08-10,0.5424036,0.64134717,0.47423193,0.4411598,0.4993276,0.4528295,0.4256626
2022-06-03,0.54310966,0.6421212,0.47498718,0.44169816,0.49981123,0.4533719,0.4260735
2022-09-20,0.54088104,0.63910216,0.47294775,0.44002524,0.49788514,0.45110714,0.42428422
2023-10-25,0.5426966,0.6416967,0.47443503,0.44145253,0.49961698,0.45304072,0.42593363
2021-03-12,0.5432963,0.6424144,0.47525004,0.44199392,0.50014865,0.45376605,0.42659456
2023-08-27,0.5418613,0.6407507,0.47359115,0.44071123,0.49873862,0.45226747,0.42523584
2019-06-17,0.54248536,0.6415313,0.47451216,0.44117558,0.49958727,0.45311144,0.42566633
2024-12-17,0.5436134,0.6426861,0.47537285,0.44220212,0.5004127,0.45391983,0.42669463
2024-10-06,0.54315925,0.6420411,0.4748736,0.44170058,0.49988058,0.4534997,0.42628846
2021-10-19,0.5422303,0.64121765,0.4744851,0.44091088,0.49935675,0.45305666,0.4258103
2022-03-23,0.54302245,0.6420971,0.47506467,0.44165748,0.49977142,0.45355174,0.42630062
2021-05-08,0.54348975,0.6424828,0.47517595,0.44205076,0.5002902,0.4537805,0.42651725
2019-11-08,0.54353935,0.6426443,0.47531864,0.44223094,0.50049263,0.4538467,0.4267011
2020-03-30,0.5434491,0.642591,0.47536013,0.4421077,0.5003189,0.45392448,0.4267245
2023-07-27,0.54299223,0.6418592,0.47473374,0.4416639,0.49979743,0.45335594,0.42618662
2022-01-14,0.54366326,0.6427726,0.47538933,0.44231498,0.5005412,0.45405564,0.42684886
2020-06-21,0.54064286,0.6398814,0.4737911,0.43948102,0.49769774,0.4518869,0.42503297
2022-06-08,0.5430285,0.6420463,0.47493857,0.44163474,0.4996968,0.45335123,0.426089
2020-02-17,0.54351926,0.6423667,0.4751535,0.44200218,0.5003741,0.4537054,0.426385
2024-11-15,0.5433557,0.64242417,0.47524574,0.4419133,0.5001216,0.4536318,0.42640945
2022-04-24,0.5432986,0.642316,0.4752816,0.44192547,0.5000049,0.45372847,0.42641282
2020-06-20,0.5418279,0.6410934,0.4744105,0.44053057,0.49886888,0.45270196,0.42556432
2022-07-08,0.54196197,0.640902,0.47397292,0.4408399,0.49908212,0.45277286,0.42553365
2022-09-01,0.54139465,0.64015806,0.47344658,0.44022793,0.49838886,0.4519427,0.42446154
2023-12-31,0.5436039,0.642688,0.47538447,0.44223282,0.5004775,0.45398128,0.4267573
2019-05-08,0.5434672,0.6425332,0.47522673,0.44208422,0.50033617,0.45386833,0.42661136
2021-08-26,0.5433169,0.6421397,0.47499752,0.44192505,0.49990252,0.453592,0.42635193
2020-05-17,0.5434415,0.6425293,0.4751899,0.44207856,0.500299,0.4537862,0.42656764
2024-01-13,0.54362065,0.64271384,0.47537732,0.4422467,0.500475,0.45400447,0.42677566
2020-02-08,0.5436171,0.64251083,0.4752174,0.44215366,0.5004635,0.453813,0.4265583
2021-06-19,0.5414452,0.6404239,0.4735352,0.44013742,0.49848652,0.45217425,0.42454714
2022-11-03,0.54320055,0.6423409,0.47500962,0.4418912,0.50021714,0.45367908,0.42641518
2023-12-16,0.5436518,0.6427276,0.47534606,0.44226947,0.50046253,0.4539579,0.42675722
2022-08-16,0.541009,0.64004934,0.47317633,0.43963304,0.49810264,0.4519842,0.4238863
2023-03-13,0.54274553,0.64180726,0.4748861,0.44145373,0.49974263,0.45330232,0.42606854
2022-04-25,0.5431979,0.6422652,0.4751612,0.4418656,0.49997926,0.453649,0.42638013
2021-12-05,0.5434262,0.64252377,0.47519436,0.4420763,0.50036585,0.45382744,0.4266433
2024-06-20,0.5424355,0.6413221,0.47464865,0.44122192,0.49946603,0.4537268,0.4261771
2023-01-03,0.5419182,0.64116186,0.47414696,0.44073948,0.49931484,0.45253202,0.42537588
2019-04-04,0.543135,0.64212334,0.47503275,0.44174576,0.4999202,0.45356247,0.42637295
2022-01-12,0.5436674,0.64277554,0.47539407,0.4423149,0.50054723,0.45405155,0.42684436
2020-03-22,0.5435853,0.6427055,0.4754084,0.44222918,0.5004187,0.45398742,0.42678657
2020-03-25,0.5434323,0.6425737,0.4753353,0.4420787,0.5002908,0.45390394,0.42668968
2024-10-02,0.5430598,0.64185536,0.4747526,0.44164628,0.49976516,0.45335397,0.42627484
2022-03-13,0.54325426,0.6422795,0.4751837,0.4418946,0.5001542,0.4537167,0.42642844
2023-06-24,0.5429441,0.6419457,0.47460902,0.44151837,0.4995705,0.4532601,0.4260919
2024-07-25,0.5414124,0.64027274,0.47334805,0.44020027,0.49817374,0.45195034,0.42459068
2024-09-11,0.54296106,0.64182913,0.47468367,0.44165677,0.49979404,0.4532403,0.42614144
2023-07-16,0.54301894,0.6418784,0.47469056,0.4416019,0.4997892,0.45342857,0.42618835
2020-03-23,0.54349715,0.64261997,0.4753363,0.44212857,0.5003565,0.45391858,0.42671606
2023-06-08,0.54278445,0.64178944,0.47470388,0.44141757,0.4996094,0.45325056,0.42592996
2019-06-01,0.5402776,0.6384287,0.472469,0.44017196,0.50024897,0.4558691,0.4266816
2020-05-02,0.5435092,0.6425918,0.47526878,0.4421269,0.5003749,0.4538739,0.4266575
2024-06-09,0.5429628,0.64201784,0.47493833,0.44158602,0.4998887,0.45339733,0.42587486
2019-11-14,0.54355085,0.64265174,0.47533697,0.44222265,0.5004666,0.4538849,0.42672077
2020-09-13,0.5424351,0.64112973,0.47446212,0.44114605,0.4991136,0.4527625,0.42567843
2023-02-11,0.5419144,0.6413575,0.47470045,0.440817,0.49993676,0.4524647,0.42549437
2024-12-10,0.5436078,0.6426899,0.47538146,0.44219813,0.50039005,0.4539018,0.42668185
2023-01-16,0.5419589,0.6412368,0.47420844,0.44082588,0.4994445,0.45256817,0.4254551
2024-12-25,0.54360884,0.6427067,0.4753914,0.44220352,0.50039554,0.4539169,0.42668915
2020-12-29,0.54359305,0.642682,0.47535592,0.4422382,0.50046897,0.4539921,0.42676455
2024-12-24,0.5436147,0.6427076,0.47538492,0.44219783,0.50038534,0.45391062,0.4266784
2023-05-26,0.5435237,0.6424181,0.4752884,0.4419372,0.5004154,0.4538949,0.42646822
2023-11-15,0.54318964,0.64222914,0.47499427,0.44185615,0.5001246,0.45360902,0.42637616
2019-09-09,0.54244673,0.641404,0.47412086,0.44124827,0.4993178,0.453077,0.4258073
2022-09-22,0.54074836,0.63892436,0.47284687,0.43994692,0.4977698,0.45094582,0.42415515
2022-06-07,0.5429508,0.64192176,0.4748793,0.44151634,0.49949172,0.45330188,0.425975
2021-08-04,0.5419238,0.63977027,0.47389925,0.44136557,0.49992937,0.45356742,0.42494884
2022-02-14,0.5434193,0.64251727,0.4752761,0.44205275,0.50032485,0.45386064,0.42655766
2019-07-18,0.5429112,0.64203256,0.47479454,0.4415592,0.49992645,0.45349866,0.42600787
2021-08-14,0.5430509,0.6417976,0.47483253,0.4416571,0.4996756,0.45338205,0.42620996
2024-02-05,0.5432587,0.6422789,0.47520158,0.44182083,0.5001331,0.45367903,0.4263394
2024-08-21,0.5429754,0.6419066,0.47478124,0.4416924,0.49981672,0.4533729,0.42618752
2023-06-23,0.5429116,0.6419046,0.47464538,0.4414768,0.49955496,0.45323876,0.42603293
2021-12-27,0.54364944,0.6427387,0.47536546,0.44228154,0.5005172,0.45402345,0.42681533
2019-10-11,0.54302204,0.64209485,0.4746846,0.44170082,0.4998763,0.45334074,0.42621034
2020-09-19,0.54293406,0.6416089,0.47460654,0.4415965,0.4994751,0.45308217,0.42598477
2021-05-28,0.5415831,0.6400832,0.47360152,0.44114742,0.5006057,0.45567057,0.42709613
2021-04-22,0.5434684,0.64260036,0.47525144,0.44211262,0.50032073,0.4538778,0.4266565
2023-10-03,0.5407617,0.6396832,0.47258082,0.4399229,0.49802265,0.45129198,0.42436063
2024-07-05,0.5415422,0.6410479,0.47379243,0.44088283,0.49948484,0.45252106,0.42552447
2022-12-27,0.5420234,0.64122266,0.47418138,0.440832,0.49930954,0.4526085,0.42541972
2023-02-14,0.5420293,0.64143497,0.4746856,0.44091162,0.49988094,0.45258677,0.42555767
2020-04-18,0.54342985,0.6425134,0.47522053,0.4420663,0.50031483,0.45382577,0.42661902
2022-04-21,0.5433342,0.64236,0.47522715,0.44194847,0.50006354,0.453741,0.42645478
2022-02-03,0.54357886,0.6426749,0.4753374,0.44221267,0.5004554,0.4539797,0.42674425
2021-08-25,0.5433851,0.6422978,0.47507852,0.44195476,0.5000855,0.45366693,0.4264077
2021-10-13,0.54152256,0.6402933,0.47383574,0.44059175,0.4994499,0.45376173,0.42598704
2019-10-30,0.5434201,0.6425395,0.4751792,0.44209278,0.5003804,0.4537079,0.42654213
2023-09-13,0.5408142,0.63927037,0.47245592,0.4391723,0.4973551,0.45076516,0.42380413
2023-08-20,0.5422103,0.6410377,0.47393554,0.4410499,0.4990336,0.45259908,0.42554104
2021-05-05,0.54348546,0.6425686,0.47525746,0.44209567,0.5003138,0.45386913,0.42661592
2019-11-24,0.54354894,0.64262015,0.4753181,0.44220242,0.5004674,0.45388824,0.42671993
2019-06-29,0.54256946,0.64168257,0.4744851,0.4412829,0.49964762,0.4531831,0.42582455
2021-03-15,0.5431431,0.64221036,0.47509146,0.44184092,0.49997663,0.45360613,0.42643502
2023-11-13,0.54307663,0.6420963,0.47489995,0.44178814,0.5001267,0.45364082,0.42637122
2023-11-09,0.54290384,0.64186203,0.47472623,0.44163772,0.4999981,0.45360455,0.42629194
2021-06-13,0.5421568,0.6412262,0.47421,0.44084173,0.4992267,0.45286283,0.42534137
2020-07-06,0.5425542,0.641764,0.4744999,0.44130045,0.4997292,0.4531794,0.42567182
2022-01-19,0.54364514,0.6427528,0.47537738,0.44229567,0.50052166,0.45403132,0.42682576
2024-03-11,0.54272723,0.6417271,0.4749248,0.44139352,0.4996356,0.4532531,0.42585233
2022-07-02,0.5419439,0.64111316,0.4738494,0.44099718,0.49933136,0.45269674,0.425653
2019-12-26,0.5436613,0.6427651,0.47538885,0.44230324,0.5005441,0.45404005,0.4268481
2024-03-16,0.5429679,0.64205486,0.47501096,0.4416471,0.49986586,0.45345283,0.42611104
2023-12-17,0.5436244,0.64270484,0.47535405,0.44224408,0.5004532,0.4539478,0.4267419
2021-04-02,0.5424745,0.6413043,0.4743973,0.44120798,0.49926972,0.45300847,0.4258398
2023-05-12,0.54348665,0.64248145,0.47529775,0.44204655,0.50033224,0.4539356,0.42660835
2022-12-30,0.5428176,0.64199984,0.47477335,0.4415666,0.49994385,0.45332348,0.4261466
2024-08-11,0.543137,0.6421372,0.4749115,0.44182086,0.49993676,0.45351815,0.4263328
2024-08-25,0.542871,0.64171404,0.47456336,0.4415175,0.49961877,0.45316812,0.4260006
2020-08-01,0.5432929,0.6422865,0.4750121,0.44195244,0.5000821,0.45367065,0.42650992
2024-04-23,0.5434788,0.6425738,0.47524676,0.44214675,0.500344,0.4538537,0.4266703
2022-01-16,0.5436632,0.6427645,0.4753818,0.44230556,0.5005331,0.45404702,0.42684105
2023-09-21,0.5406416,0.63974714,0.47256038,0.4400233,0.49823782,0.4514069,0.424532
2022-09-29,0.54080516,0.6389565,0.47298023,0.4400442,0.49793765,0.45109463,0.42426628
2021-12-10,0.5435086,0.64258873,0.47522786,0.44215047,0.500412,0.4539014,0.42670873
2019-09-16,0.5414441,0.6401882,0.47296417,0.44036388,0.49833012,0.45223543,0.4249516
2024-01-31,0.543377,0.64242244,0.47528708,0.4419863,0.5002871,0.4538015,0.42650253
2024-05-19,0.5404376,0.6391163,0.4723849,0.43911487,0.497405,0.45101047,0.42356583
2019-12-22,0.5436675,0.64274514,0.47536966,0.44228485,0.50053054,0.45402905,0.42683813
2024-07-12,0.5420513,0.64114493,0.47402543,0.44104823,0.49930206,0.45279828,0.4257498
2023-09-07,0.5397539,0.63823265,0.47124034,0.4384609,0.49652117,0.44983503,0.42302424
2023-07-02,0.5411729,0.6400162,0.47317398,0.43991062,0.4978696,0.4518298,0.42442143
2020-01-22,0.54363775,0.64270306,0.47535086,0.44226217,0.5005071,0.4539887,0.42677593
2019-07-08,0.5428477,0.64185303,0.4746575,0.4415705,0.49974453,0.45334667,0.42612663
2023-12-21,0.5436387,0.642714,0.4753638,0.44226387,0.5004826,0.45397735,0.42677394
2021-11-14,0.54311466,0.6422137,0.4750224,0.44182715,0.50014025,0.45352697,0.42635623
2020-07-09,0.54239,0.6415619,0.47435212,0.44116023,0.4995746,0.45305648,0.42556596
2021-02-23,0.5434952,0.6425807,0.47534385,0.4421684,0.5002973,0.45388862,0.42666388
2019-04-07,0.54303837,0.6420454,0.47491273,0.44164097,0.49979994,0.45351505,0.4262549
2023-10-07,0.5408373,0.639934,0.47269607,0.44012693,0.4984078,0.45147607,0.42454568
2019-05-25,0.5431908,0.64218694,0.4749585,0.44178718,0.5001001,0.4536617,0.4263213
2022-05-04,0.5432857,0.6423745,0.47506356,0.44197288,0.5001441,0.45368704,0.4265175
2023-02-06,0.5424748,0.64172554,0.47461423,0.44130394,0.4998297,0.45302442,0.4258761
2020-09-25,0.54321235,0.64204985,0.474913,0.44186088,0.49989858,0.4534419,0.42626774
2023-07-31,0.542964,0.6419097,0.4747378,0.44163984,0.49979636,0.45334813,0.42618075
2024-03-29,0.5433705,0.6424353,0.47519615,0.44202882,0.500186,0.453758,0.42652404
2019-08-19,0.54229015,0.6411895,0.474203,0.44098598,0.49928665,0.4527605,0.42530963
2023-10-16,0.54172665,0.64091235,0.47358847,0.44091773,0.49921232,0.4523411,0.42538288
2019-06-06,0.54281443,0.64185387,0.47464845,0.44152594,0.49988946,0.4534076,0.42618912
2023-02-04,0.54207665,0.6414022,0.47438452,0.44094694,0.49960536,0.45265502,0.42556003
2022-08-26,0.53903186,0.63827634,0.4720268,0.43765917,0.49696794,0.4507502,0.42132246
2019-10-20,0.5432816,0.6423909,0.47498697,0.44191083,0.5001526,0.45353588,0.42636552
2024-11-19,0.5434246,0.64251304,0.4752912,0.44199857,0.5002167,0.4536948,0.42648908
2020-03-18,0.5434938,0.6425589,0.4752369,0.44209963,0.50027484,0.45386985,0.42664593
2023-10-05,0.540858,0.6398829,0.47270527,0.44009286,0.49825895,0.4514722,0.42454627
2020-02-14,0.5435903,0.642467,0.47520924,0.44209436,0.50045097,0.45378444,0.42649338
2021-04-12,0.5432538,0.64239794,0.47517413,0.44194707,0.50014734,0.45373586,0.42655364
2023-07-19,0.5434653,0.6425136,0.47519362,0.44211242,0.50035745,0.45383763,0.4266593
2023-02-08,0.54196393,0.6413373,0.4743509,0.4408481,0.49959406,0.45255566,0.42544186
2021-06-30,0.5430858,0.64221644,0.47491437,0.4417417,0.5001569,0.45359224,0.4261597
2020-02-18,0.5435141,0.64235485,0.4751638,0.44199336,0.50037235,0.45369637,0.42636162
2021-11-06,0.5420821,0.64100134,0.4744865,0.44083208,0.49921054,0.45286322,0.42577374
2019-03-29,0.54300725,0.6420114,0.47488618,0.4416773,0.49985614,0.45344764,0.42628142
2023-05-01,0.5432567,0.6425091,0.47510204,0.44196412,0.5002282,0.45374677,0.426642
2021-08-08,0.541787,0.6397661,0.4740002,0.44134036,0.49942178,0.45342454,0.42492312
2023-12-05,0.5436022,0.64265907,0.47530827,0.4422248,0.5004232,0.45390317,0.42669722
2020-08-31,0.5432288,0.64213157,0.47493866,0.4418501,0.50001556,0.45352507,0.42629746
2020-08-21,0.5430984,0.64203644,0.47486323,0.4418008,0.49996167,0.45348132,0.42632797
2022-02-22,0.5432385,0.6423072,0.47526652,0.4418278,0.50019914,0.4537584,0.42626
2020-01-29,0.54363966,0.6426962,0.4753612,0.442267,0.5005194,0.45399794,0.42677864
2020-12-30,0.5435891,0.6426889,0.47536424,0.44223905,0.50045043,0.45398626,0.4267595
2023-03-27,0.5430635,0.6420487,0.4750427,0.441671,0.4999168,0.45353016,0.4262345
2020-08-24,0.5433886,0.64227384,0.4749293,0.4418526,0.5001122,0.45358154,0.4263591
2020-03-02,0.54275477,0.64177465,0.47511533,0.44126764,0.49976623,0.45337,0.42559585
2020-09-06,0.5430394,0.6418514,0.47478545,0.44166854,0.49973062,0.45325854,0.42602718
2024-07-17,0.5424335,0.6413671,0.4744048,0.44118586,0.49937576,0.45304134,0.4258449
2023-10-18,0.54215336,0.64124286,0.47395054,0.44113368,0.49941346,0.45263594,0.4256335
2024-04-28,0.5435038,0.64256907,0.47524428,0.44214278,0.50038743,0.45383376,0.42663872
2022-04-02,0.5433424,0.64251983,0.47535977,0.44198716,0.50014794,0.4538322,0.42662174
2022-03-08,0.542966,0.6420008,0.47520158,0.44152093,0.49994218,0.45354682,0.4258948
2023-06-14,0.5430398,0.6420162,0.4749013,0.44165495,0.4996963,0.45351732,0.42627388
2024-11-16,0.5433381,0.64241993,0.4752734,0.44187564,0.5000774,0.45359048,0.42635864
2020-09-14,0.5423736,0.64113206,0.47449067,0.4411368,0.49910063,0.4527878,0.42572162
2024-12-08,0.54356503,0.6426747,0.47539085,0.44215468,0.50037175,0.4538687,0.4266532
2022-08-01,0.54326016,0.64228934,0.47505528,0.44192678,0.5001435,0.45370057,0.42648488
2021-02-28,0.5434456,0.6425617,0.47536907,0.44212118,0.50030965,0.45388773,0.42663914
2023-12-10,0.54362714,0.64269036,0.47531435,0.44223207,0.50040114,0.45390484,0.42669478
2020-05-10,0.54347116,0.6425804,0.47524628,0.44212592,0.5003693,0.45384043,0.42664912
2019-09-23,0.54201144,0.6409529,0.47364056,0.44077927,0.49881858,0.4524633,0.425224
2022-01-29,0.54358166,0.6426732,0.4753237,0.44221863,0.5004571,0.45396605,0.42675036
2021-03-13,0.54324067,0.6423302,0.47519082,0.4419338,0.5000915,0.45370656,0.4265307
2020-12-18,0.5436163,0.64269066,0.4753375,0.4422563,0.50047135,0.4540031,0.4267937
2021-09-20,0.54313725,0.641872,0.4746958,0.4415965,0.49971756,0.4533666,0.42619288
2022-11-14,0.54323906,0.6423795,0.47506034,0.44193077,0.5002429,0.45366988,0.4264788
2022-06-20,0.5427362,0.641804,0.4745537,0.4414598,0.49953556,0.45313603,0.42598364
2022-04-03,0.5432701,0.6424241,0.4752545,0.4419035,0.50006163,0.4537577,0.42651376
2024-08-18,0.54292715,0.64185625,0.47474182,0.44165844,0.4997873,0.45332924,0.42615712
2022-11-04,0.5432305,0.64234877,0.47500837,0.44190916,0.5002142,0.45368606,0.42642203
2023-09-12,0.5403979,0.63912344,0.47214055,0.43936196,0.49732336,0.4508189,0.4239785
2021-01-31,0.5430733,0.64214957,0.47525746,0.44168246,0.5000246,0.45363963,0.42607123
2021-09-26,0.54290897,0.6416842,0.4746137,0.4413487,0.4995399,0.4532692,0.42607245
2021-01-15,0.54354656,0.64265347,0.47537574,0.44219476,0.5004142,0.4539581,0.42668873
2022-11-12,0.54320884,0.6423366,0.47501057,0.44190326,0.50018865,0.45364773,0.42646354
2023-01-14,0.5419512,0.64124596,0.47423595,0.4408222,0.4994797,0.45257246,0.42547104
2024-07-16,0.5423122,0.6412311,0.47427145,0.44113106,0.49936268,0.45304203,0.42586046
2019-03-26,0.5430579,0.64207244,0.47494856,0.4417114,0.49992186,0.45350504,0.42629623
2024-03-24,0.54331696,0.6423938,0.47525096,0.44198823,0.5001799,0.453763,0.4264779
2024-06-13,0.54216725,0.64112365,0.4745276,0.4408586,0.49942356,0.45262867,0.42451406
2020-12-19,0.5436436,0.64272594,0.47537187,0.44228825,0.500496,0.454015,0.4268067
2021-09-29,0.5428498,0.64167225,0.47462073,0.44141683,0.4996124,0.45321456,0.4260068
2019-08-29,0.5414855,0.63994277,0.47363862,0.44042417,0.4984278,0.4515383,0.42436233
2022-02-15,0.54341984,0.6425035,0.47528127,0.442039,0.5003159,0.45386302,0.42654082
2023-09-18,0.54070216,0.63951004,0.4724356,0.43957213,0.49794212,0.45094797,0.42408645
2024-01-24,0.5435301,0.64261377,0.47535086,0.44214106,0.500403,0.45393667,0.42664605
2019-11-23,0.5435641,0.64264244,0.47532663,0.44224018,0.500472,0.45392522,0.426754
2023-04-06,0.54285693,0.6417881,0.47466144,0.44141006,0.49948066,0.4532673,0.42599437
2019-04-28,0.5433891,0.64246434,0.47515318,0.44199887,0.5001946,0.453796,0.42654327
2021-07-23,0.54170686,0.64065564,0.4741179,0.4405143,0.4990859,0.45272982,0.42545557
2024-05-28,0.54328644,0.6422331,0.4749923,0.4418239,0.5000019,0.45354763,0.42617396
2020-08-18,0.54319185,0.6422196,0.47497496,0.44188255,0.50008893,0.45362875,0.4264194
2024-11-08,0.5431137,0.6421407,0.47516498,0.44163242,0.49988285,0.45340502,0.42612916
2021-05-18,0.54353887,0.6426028,0.47528633,0.44214135,0.50040257,0.45392963,0.42666554
2021-10-14,0.54130816,0.6400344,0.47370565,0.4404691,0.4994369,0.4539281,0.42604458
2021-03-16,0.5430587,0.6421186,0.47503388,0.4417596,0.49989155,0.45354682,0.42636913
2021-11-27,0.5432751,0.64237344,0.47507992,0.44194996,0.50024426,0.45368326,0.42650005
2020-03-14,0.5433568,0.64251447,0.4751872,0.4420089,0.5002467,0.4537919,0.42657155
2020-03-26,0.5433885,0.642526,0.475286,0.44203568,0.5002456,0.45385808,0.42665797
2023-07-22,0.5428816,0.64169765,0.47464645,0.44147334,0.49962625,0.4532469,0.42604434
2019-09-29,0.54255956,0.6416005,0.4742187,0.44130695,0.49941596,0.45292574,0.4258365
2020-05-01,0.5434931,0.6425709,0.4752559,0.44210276,0.5003733,0.45384988,0.42663005
2020-06-13,0.54239434,0.64131576,0.47457984,0.44096613,0.4987703,0.45297194,0.425748
2023-04-26,0.5430739,0.642517,0.47498932,0.44178694,0.5001268,0.45369047,0.42665088
2021-04-16,0.5432587,0.64237314,0.4751388,0.44195107,0.50014096,0.45373577,0.42653057
2021-03-05,0.54324704,0.64232856,0.47518247,0.4419346,0.50006926,0.45370382,0.42651308
2024-11-21,0.5435175,0.64258504,0.47530216,0.44209886,0.5003158,0.45380735,0.4265978
2021-12-18,0.54364187,0.642722,0.47533906,0.44226792,0.5005161,0.454012,0.4268101
2024-11-10,0.54317886,0.64224505,0.475216,0.4417232,0.49997014,0.45347682,0.42622334
2021-06-02,0.54279226,0.6417826,0.47464082,0.44157633,0.50004745,0.45387948,0.42633757
2023-01-13,0.54196,0.6412536,0.47422963,0.44081783,0.49944547,0.45259023,0.42545915
2023-12-29,0.54362947,0.6427204,0.4753806,0.4422581,0.5004921,0.45399877,0.4267819
2019-05-10,0.5434257,0.64245754,0.47517255,0.44203445,0.50027204,0.4538127,0.42655906
2021-03-01,0.5434085,0.6425021,0.475311,0.442093,0.5002448,0.453838,0.42662865
2023-11-23,0.54343575,0.6425128,0.4752076,0.44202968,0.50024164,0.45365003,0.42647848
2021-07-02,0.5425139,0.6416591,0.4744616,0.44111833,0.499691,0.45318723,0.4254042
2019-06-27,0.5420741,0.64134055,0.47415072,0.44087675,0.4994397,0.45294702,0.42529738
2021-03-29,0.54085815,0.6394039,0.4729206,0.43956465,0.49742353,0.451444,0.4243007
2020-07-29,0.54333466,0.6423684,0.4750238,0.44198498,0.5001541,0.45373136,0.42655486
2019-07-29,0.5427557,0.6419158,0.47472632,0.44141063,0.49985662,0.45343053,0.42575666
2022-03-19,0.5432995,0.64241034,0.47527868,0.44192424,0.50015426,0.45377633,0.42656228
2023-01-26,0.5420874,0.6413793,0.47433162,0.440941,0.49955818,0.45264754,0.42555097
2022-02-18,0.5433973,0.64247864,0.47529688,0.4420023,0.500311,0.4538515,0.42647526
2019-12-23,0.5436584,0.6427568,0.47538668,0.44230002,0.50053895,0.4540392,0.4268494
2020-12-20,0.54363114,0.6427228,0.47537264,0.44228607,0.50050336,0.4540205,0.4268157
2021-10-06,0.542248,0.6411527,0.47425345,0.44095752,0.4991977,0.45288733,0.42557642
2021-08-21,0.5434626,0.64285684,0.47523093,0.4419281,0.5002858,0.4537372,0.42634043
2021-07-26,0.5426598,0.64149237,0.4746204,0.44149294,0.49989757,0.45337564,0.42591453
2023-03-03,0.54269505,0.6418316,0.47492474,0.44143417,0.49988154,0.4532148,0.42601973
2024-06-06,0.54314005,0.6421279,0.47508758,0.44177252,0.5001254,0.45355546,0.4261024
2022-05-29,0.5434195,0.6423438,0.4751443,0.44182435,0.5001636,0.45355713,0.4262706
2024-09-05,0.54247445,0.6412362,0.47416893,0.44115934,0.4992967,0.4527439,0.42563492
2024-12-29,0.5436287,0.64273244,0.475404,0.44221556,0.5004066,0.45393214,0.4267034
2023-09-10,0.5390271,0.6377216,0.47091603,0.43818146,0.4962568,0.44943908,0.42278647
2019-12-29,0.54366434,0.64277035,0.47538632,0.44230732,0.5005486,0.45403898,0.42685267
2021-11-29,0.543255,0.64236534,0.47508845,0.44192827,0.50023764,0.4536639,0.42649305
2020-08-05,0.54335886,0.64237,0.4750467,0.4419927,0.5001598,0.4537205,0.42652488
2020-05-07,0.54348004,0.6425754,0.47523496,0.4421406,0.50033766,0.45384127,0.4266496
2023-04-15,0.5427866,0.6417724,0.474574,0.4413064,0.4994815,0.45314288,0.4258921
2023-10-04,0.5409584,0.63994974,0.47278994,0.44011652,0.49825624,0.45153275,0.42457926
2020-10-28,0.54347056,0.642494,0.47515017,0.44209674,0.5002931,0.45373023,0.42654178
2022-07-31,0.54328394,0.6423159,0.47508305,0.44193715,0.50015914,0.45371836,0.42648125
2023-06-04,0.5422111,0.6410244,0.474152,0.4408182,0.49910134,0.45274052,0.42533818
2024-10-18,0.54275745,0.64154035,0.47479948,0.44138023,0.49971098,0.4533577,0.42583477
2020-03-04,0.5427188,0.64174575,0.47511917,0.44120446,0.49972764,0.45332712,0.4255469
2020-03-24,0.5434951,0.642623,0.47536057,0.4421384,0.5003435,0.45393437,0.42673022
2021-01-13,0.5435543,0.64265156,0.47535732,0.4421916,0.5004157,0.453946,0.42668664
2021-03-07,0.5433451,0.6424794,0.47531354,0.442061,0.5002204,0.45384625,0.42664936
2022-09-21,0.5409127,0.6391097,0.472999,0.44007766,0.49790928,0.45110947,0.42429245
2021-10-09,0.5422126,0.6411273,0.47432643,0.44098338,0.49939865,0.45313767,0.42576444
2019-05-11,0.5434047,0.642412,0.47513515,0.44200724,0.5002786,0.45376846,0.42652184
2024-07-14,0.54213035,0.64082354,0.47403717,0.44089893,0.49918583,0.4529173,0.4257162
2019-05-30,0.54234046,0.64104307,0.47417998,0.4412506,0.5001355,0.4541751,0.4262711
2022-07-11,0.54209954,0.64092046,0.47407064,0.44087598,0.49896222,0.45283592,0.4255793
2023-07-06,0.5408936,0.6397544,0.47287658,0.43974546,0.4975474,0.45149446,0.42419177
2021-09-15,0.5432709,0.6418206,0.4744703,0.4415408,0.49975348,0.453202,0.42606193
2020-02-05,0.5436281,0.6425858,0.4752728,0.4421993,0.5004979,0.45389432,0.42665288
2023-02-28,0.5428366,0.64197093,0.4749362,0.4415633,0.49995387,0.4533087,0.426127
2023-02-01,0.5420973,0.6413913,0.4743373,0.44096372,0.4995652,0.45267606,0.42555106
2022-06-10,0.5427959,0.64195126,0.47479448,0.44145763,0.49951756,0.45320404,0.42591932
2021-06-04,0.5428846,0.6419576,0.474746,0.44155076,0.4998451,0.45342916,0.42609635
2021-02-19,0.54337925,0.64243436,0.47534758,0.44204974,0.50023174,0.45383117,0.42651907
2024-06-14,0.5417599,0.64054805,0.47431248,0.44047344,0.49888408,0.45236605,0.4242883
2021-03-06,0.5433485,0.6424734,0.47527212,0.44203985,0.5001911,0.4538094,0.4266231
2021-04-23,0.54328585,0.64246583,0.47514242,0.44199482,0.5001615,0.45379698,0.426568
2020-11-23,0.5436434,0.6426492,0.47531697,0.4421625,0.50041,0.45385504,0.4266456
2024-05-11,0.5437489,0.6422149,0.47485015,0.44193655,0.50051963,0.453402,0.42619255
2020-10-06,0.5432641,0.6422323,0.47502106,0.44188723,0.5000468,0.45353752,0.42632368
2023-09-27,0.5405752,0.63991815,0.47253054,0.44019955,0.49864435,0.45141533,0.42460138
2019-09-02,0.5417319,0.63982105,0.4739559,0.4409017,0.49861804,0.4513075,0.42459628
2024-12-18,0.5436142,0.6426762,0.4753673,0.4421969,0.5004059,0.45392054,0.42668897
2024-01-21,0.54355025,0.64264524,0.4753723,0.44216964,0.5004383,0.45396438,0.42669752
2021-11-13,0.543108,0.6422071,0.47499868,0.44185185,0.50014585,0.45353878,0.42637712
2023-02-13,0.54195887,0.64137006,0.4747215,0.4408501,0.49994838,0.45252842,0.42551494
2022-12-31,0.54245144,0.6416466,0.47452322,0.44123027,0.4996642,0.4530065,0.4258299
2023-03-01,0.54284406,0.64202344,0.4750075,0.44157043,0.5000148,0.45332018,0.42613572
2022-12-05,0.54246104,0.6416266,0.4744957,0.4412272,0.49967185,0.4529505,0.4257941
2019-10-22,0.5433541,0.64245343,0.47502366,0.44199058,0.50022733,0.4535945,0.42642874
2020-06-02,0.5421843,0.64110535,0.4740177,0.44089994,0.49907416,0.45265695,0.42538014
2024-03-21,0.5430342,0.642059,0.47499266,0.44174382,0.4997935,0.45348573,0.4261856
2020-10-04,0.54322875,0.64217764,0.47496587,0.44183245,0.49998426,0.45350966,0.4262799
2023-01-22,0.5420794,0.64137936,0.4743688,0.44093165,0.4996257,0.45262384,0.4255468
2021-01-07,0.5435842,0.6427003,0.47539854,0.4422335,0.5004667,0.45399928,0.4267615
2021-08-18,0.5434411,0.6426178,0.4752017,0.4420391,0.50031066,0.4537531,0.42651224
2020-02-20,0.5434723,0.6424471,0.4752607,0.442019,0.5003647,0.4537909,0.42646012
2021-05-01,0.5434386,0.642538,0.47520438,0.44204155,0.50024307,0.45383367,0.4265759
2021-09-24,0.5428831,0.64169097,0.47462267,0.44140947,0.4995761,0.45332706,0.42614383
2024-05-25,0.543044,0.6418396,0.47467852,0.44135278,0.4996319,0.4531044,0.42568597
2024-02-25,0.5427884,0.64110714,0.4747604,0.44022703,0.49909493,0.452369,0.42493767
2023-08-30,0.5416471,0.6405759,0.47338274,0.44052386,0.49859622,0.4520871,0.4250505
2023-03-06,0.5427147,0.64177865,0.47495276,0.44146535,0.49981326,0.45327136,0.4260644
2024-07-21,0.5421769,0.64099413,0.47409177,0.44089696,0.49893904,0.45270172,0.42541808
2024-12-19,0.543595,0.64265925,0.4753681,0.44215924,0.50036925,0.45388559,0.42663795
2021-01-24,0.54334974,0.64243335,0.47529766,0.44197604,0.50023264,0.45380554,0.42642203
2019-11-30,0.54358196,0.642669,0.47533116,0.4422263,0.500496,0.45394668,0.42678943
2020-03-09,0.543087,0.64218104,0.47520038,0.44166446,0.5000365,0.45362148,0.42611808
2019-08-16,0.5428013,0.6417563,0.4746046,0.4414449,0.49972388,0.45322013,0.4258814
2020-01-02,0.54367095,0.6427767,0.4754002,0.44231963,0.5005532,0.45404857,0.42685747
2021-10-20,0.54253775,0.6415576,0.4747027,0.4412104,0.49959645,0.45316646,0.42598936
2020-08-08,0.5432708,0.64231914,0.47493565,0.441946,0.5000434,0.4536463,0.4265185
2024-01-15,0.54360044,0.64270097,0.47537974,0.44222993,0.50047636,0.45399544,0.4267627
2019-04-20,0.5433385,0.64244586,0.47524175,0.4419574,0.5001103,0.4538286,0.42652994
2019-11-26,0.5435284,0.64261436,0.47531596,0.44219345,0.5004489,0.45388287,0.42671517
2023-08-03,0.54294896,0.641771,0.47465897,0.44163147,0.49974293,0.45327082,0.42612022
2021-07-07,0.54331166,0.64239156,0.47505718,0.4419358,0.50018543,0.4536123,0.42639887
2022-03-15,0.5431147,0.64211434,0.47504097,0.44173473,0.49998856,0.4535684,0.42628074
2022-04-22,0.543226,0.64223456,0.4752312,0.4418245,0.49990967,0.45366308,0.4263319
2024-07-07,0.5419595,0.6412584,0.47407562,0.4410624,0.4995082,0.45276192,0.42570096
2023-10-01,0.54085225,0.6398304,0.47266132,0.44004497,0.4982012,0.45142233,0.42452398
2023-08-17,0.5424086,0.6412345,0.47412622,0.4411588,0.49917507,0.45277238,0.42568386
2023-12-28,0.54362565,0.6427215,0.47537825,0.44224718,0.50048953,0.45398757,0.42677304
2024-01-28,0.5434465,0.64252096,0.47532898,0.44205123,0.5003402,0.45386732,0.42656574
2020-10-22,0.54330933,0.64236695,0.47492662,0.4418487,0.5000496,0.45354527,0.42627102
2024-05-09,0.54363656,0.6425893,0.47513053,0.4419891,0.5004036,0.45377028,0.42667976
2022-12-20,0.5422287,0.6414174,0.47432005,0.4410074,0.49943587,0.45276293,0.42558244
2019-04-17,0.5430716,0.64211035,0.47490942,0.44164956,0.49976814,0.45352367,0.42622882
2021-01-05,0.54360193,0.642707,0.47538933,0.44224,0.5004688,0.4539966,0.42675897
2023-11-03,0.54297924,0.6419591,0.47469118,0.44165245,0.4998887,0.45336917,0.4261882
2024-07-20,0.54221416,0.6411121,0.47406977,0.44099277,0.4990053,0.4527624,0.4255351
2022-01-18,0.54366475,0.6427746,0.475392,0.44230565,0.5005328,0.4540476,0.4268425
2023-11-14,0.54321074,0.64224684,0.47498536,0.44188598,0.50018173,0.45363688,0.4264209
2019-06-28,0.5420819,0.64132696,0.47414172,0.4408713,0.49941644,0.4529479,0.42529064
2022-06-23,0.54307055,0.6420783,0.47488436,0.44175595,0.49994993,0.4535093,0.42630827
2024-11-27,0.5434886,0.6425816,0.47535473,0.44202864,0.50026345,0.45372757,0.42651486
2019-05-23,0.5432902,0.6422127,0.4749861,0.4418535,0.5001251,0.45362738,0.42632622
2020-02-09,0.5436184,0.6424606,0.47517693,0.44211864,0.50046986,0.4537645,0.426501
2020-11-18,0.543599,0.6426065,0.47530368,0.442106,0.5003706,0.4538127,0.42659107
2021-01-29,0.54319835,0.6422915,0.4752971,0.4418221,0.5001296,0.4537289,0.4262303
2020-07-25,0.5430965,0.6420761,0.4748833,0.44173938,0.49989632,0.45353654,0.42631558
2023-03-10,0.54289407,0.6419792,0.47496566,0.44160756,0.49989972,0.4533733,0.42618108
2020-12-09,0.54366565,0.64273787,0.4753666,0.44229698,0.50051266,0.4540145,0.42681506
2023-06-05,0.54246724,0.64131045,0.47438136,0.44105032,0.49928463,0.4529616,0.4255522
2023-12-24,0.54363644,0.6427154,0.4753734,0.44225463,0.50050014,0.45398462,0.42676917
2022-12-02,0.54251987,0.6416655,0.4745186,0.44130296,0.49970394,0.45301244,0.425848
2024-05-23,0.5428625,0.64167744,0.47452202,0.44121736,0.49955776,0.45303735,0.42561695
2023-06-21,0.5429044,0.64194596,0.4747085,0.44147083,0.49954957,0.45321348,0.42600232
2020-12-17,0.543626,0.6427126,0.4753567,0.44227365,0.5004883,0.45401725,0.4268069
2019-05-21,0.54338837,0.6423429,0.47508183,0.44195825,0.50025934,0.45372316,0.42643407
2019-07-14,0.5430445,0.64209235,0.47483888,0.44172546,0.4999472,0.45353115,0.42624074
2024-07-23,0.54119605,0.6400341,0.4732279,0.43994,0.49801368,0.45182517,0.42429605
2021-01-08,0.5435846,0.6426943,0.47539106,0.44222647,0.50045264,0.4539863,0.42674458
2020-03-20,0.5433071,0.6424711,0.47510448,0.44193915,0.50015545,0.45376214,0.42658457
2023-02-02,0.541993,0.6413028,0.47425902,0.44088075,0.49950197,0.45259112,0.42546156
2022-12-14,0.542399,0.64157665,0.47442713,0.44117388,0.49959323,0.45290476,0.42573944
2023-11-24,0.54347634,0.64254487,0.47522667,0.4420939,0.50030476,0.45371285,0.4265411
2021-07-08,0.54326797,0.6424232,0.47510985,0.44192985,0.50022143,0.4535894,0.42641672
2022-03-06,0.54283714,0.6419099,0.47520453,0.44138032,0.49986652,0.45348862,0.4257315
2022-09-07,0.54189557,0.6404571,0.47379228,0.4407802,0.498734,0.45212072,0.42511556
2023-09-26,0.5405108,0.639917,0.47249818,0.44021007,0.49869022,0.45139775,0.42459938
2020-09-18,0.5429295,0.64162797,0.47466728,0.4415872,0.49955896,0.4531131,0.4259569
2023-02-07,0.542034,0.6413686,0.47433805,0.440922,0.49957347,0.45262018,0.42550215
2024-09-04,0.54239845,0.6411857,0.47414482,0.4411495,0.49923134,0.45271558,0.4256122
2022-03-21,0.5431568,0.64219457,0.47507158,0.44177336,0.49994946,0.45360118,0.42635188
2021-03-21,0.54254997,0.6416035,0.4746559,0.44129276,0.49936053,0.45310894,0.42595294
2022-04-11,0.543131,0.64217335,0.4749507,0.44173914,0.49984568,0.4535323,0.42628008
2024-03-20,0.54304034,0.6421494,0.47501493,0.4417386,0.49986222,0.45352054,0.42618752
2023-03-26,0.54280734,0.6416926,0.4746332,0.44132924,0.49946082,0.4532371,0.4258948
2021-10-07,0.54227716,0.6411799,0.47427997,0.44097733,0.4992488,0.45300063,0.42566407
2021-09-28,0.5427761,0.64155686,0.47454977,0.44129786,0.4994689,0.45312715,0.42587382
2021-11-25,0.54328084,0.6423851,0.47508472,0.44197118,0.5002504,0.4536975,0.42653033
2023-09-03,0.53949416,0.6382327,0.47130856,0.43856695,0.496536,0.4499536,0.42312294
2021-02-06,0.54294926,0.64201736,0.47522667,0.4415913,0.49993217,0.45356655,0.42597508
2023-04-17,0.5428113,0.6420185,0.4746109,0.4414184,0.49964988,0.45326084,0.42611358
2024-05-05,0.54372376,0.6422525,0.47494587,0.4419821,0.5004763,0.45344612,0.426218
2022-02-06,0.5435562,0.64264,0.47532782,0.44218618,0.50043106,0.45395604,0.426707
2023-05-19,0.5435509,0.6424438,0.4752986,0.44199076,0.5004359,0.4539346,0.42654377
2023-05-05,0.54353046,0.64259064,0.47532976,0.4421899,0.5003923,0.4539209,0.4267073
2024-02-02,0.54328895,0.64231145,0.47518095,0.4418531,0.50014484,0.4536758,0.426374
2022-01-20,0.5436527,0.6427528,0.47538194,0.44229212,0.5005214,0.45403245,0.4268249
2024-06-08,0.54301393,0.64213353,0.4750052,0.4416008,0.49995655,0.4534931,0.42590022
2022-03-12,0.54330343,0.642329,0.47523442,0.44192305,0.5002208,0.45375314,0.4264357
2020-03-07,0.5427494,0.64183974,0.4751824,0.44129843,0.49979225,0.4534227,0.42564368
2023-12-18,0.5436221,0.6427031,0.47535712,0.44223613,0.5004645,0.45394385,0.4267362
2019-04-14,0.54317105,0.64222336,0.47505873,0.4417809,0.49993622,0.4536523,0.42637277
2022-11-10,0.543233,0.64236414,0.4750174,0.44193414,0.50022876,0.4536715,0.4264665
2023-09-30,0.54071623,0.6398121,0.4725544,0.4400212,0.49828067,0.45133334,0.424424
2021-04-05,0.5426981,0.6415438,0.4744903,0.44131365,0.49940795,0.4531208,0.42589107
2024-07-26,0.54158616,0.6404069,0.47348404,0.44034383,0.49830583,0.4521066,0.4247744
2021-09-05,0.5430678,0.64161825,0.47439617,0.4414212,0.49971452,0.4530923,0.42588052
2021-06-08,0.5432198,0.64232373,0.47504652,0.4418188,0.5001679,0.45366406,0.42639554
2019-09-18,0.54130244,0.6400738,0.47280914,0.44026285,0.49828625,0.45229122,0.4249029
2021-08-11,0.54233557,0.64110464,0.47470087,0.4412585,0.4988277,0.45310664,0.42569026
2024-09-26,0.5419644,0.6406654,0.47394884,0.44043574,0.4986089,0.45206004,0.4251366
2024-01-09,0.543618,0.6427228,0.47537193,0.4422438,0.500484,0.45400152,0.42677817
2019-12-04,0.54362243,0.64270437,0.47535318,0.4422429,0.5005142,0.45397884,0.42680943
2022-08-17,0.5409851,0.64006376,0.4732152,0.43965977,0.49817225,0.45202494,0.42387044
2021-01-23,0.54338634,0.64248437,0.47531617,0.44202802,0.50027245,0.45383695,0.42649105
2022-03-22,0.5430565,0.6421239,0.47507283,0.44170678,0.49985197,0.45357028,0.42632544
2019-07-05,0.54284835,0.64182985,0.47462824,0.44153222,0.49977562,0.45331037,0.42607957
2023-11-18,0.54339,0.64244956,0.47514936,0.44202745,0.50024474,0.45368713,0.4264984
2020-03-19,0.54341394,0.64249647,0.47517166,0.44201115,0.50020194,0.45381486,0.42658785
2024-10-31,0.54300934,0.64195055,0.4750031,0.44152743,0.49980626,0.45332006,0.4261173
2023-08-15,0.5420738,0.64093983,0.47385117,0.44080615,0.4988944,0.4524587,0.42535248
2022-03-05,0.5428572,0.64191914,0.4752137,0.44140434,0.49988297,0.45349258,0.425747
2023-03-04,0.54224664,0.6412661,0.47471526,0.441024,0.49944738,0.4528823,0.42567393
2021-09-17,0.54324543,0.641877,0.47470313,0.4416512,0.4999,0.45339662,0.4261085
2019-05-17,0.5433686,0.6423709,0.47509882,0.4419614,0.5002167,0.4537347,0.426473
2023-08-05,0.5427735,0.64161474,0.47456256,0.44149426,0.49961835,0.4531222,0.425974
2021-09-06,0.54312927,0.6417476,0.47443056,0.44139725,0.4996669,0.45308402,0.4259077
2024-04-25,0.54350764,0.64259917,0.47525865,0.4421679,0.5003852,0.45386505,0.4266787
2021-09-02,0.5432783,0.64193857,0.4746754,0.44178927,0.49969727,0.45333555,0.42592844
2020-12-10,0.54366946,0.6427412,0.47536272,0.44230452,0.5005136,0.45402277,0.42682654
2024-04-03,0.5434073,0.6425008,0.47520426,0.4420606,0.5002068,0.453799,0.42657813
2021-01-12,0.54355145,0.6426727,0.47538894,0.44220176,0.50042593,0.4539587,0.42670798
2020-10-23,0.54328996,0.64237046,0.4749831,0.44187984,0.50007087,0.45353436,0.42630827
2024-08-24,0.5427593,0.6416482,0.4745363,0.44147047,0.4995699,0.4531509,0.4259776
2022-02-16,0.5433937,0.64248365,0.47528687,0.44202384,0.50031364,0.45385367,0.42651048
2024-03-07,0.54256135,0.6415896,0.4747979,0.44115508,0.49950814,0.45314473,0.4258097
2019-08-22,0.54198813,0.64079833,0.47393957,0.44070226,0.4990118,0.4523881,0.42490402
2024-03-23,0.543292,0.64237744,0.4752118,0.44197688,0.5001759,0.45372796,0.42646772
2021-06-24,0.54306835,0.6420635,0.47495696,0.44177064,0.49986073,0.45355517,0.4262688
2024-08-03,0.54319537,0.6421588,0.47496974,0.44185823,0.49991181,0.45354757,0.42633563
2024-06-15,0.5418013,0.6407207,0.47424662,0.44056612,0.49901763,0.4524066,0.42472398
2021-12-29,0.5436682,0.6427613,0.47538653,0.44231352,0.50055814,0.45405123,0.42684418
2019-06-03,0.54069835,0.6390075,0.47285593,0.44048223,0.5003217,0.4557423,0.426829
2021-02-08,0.5429312,0.64201933,0.47524902,0.44154966,0.49991572,0.45357725,0.42593226
2020-05-04,0.54350215,0.6425937,0.47526565,0.44214508,0.500396,0.4538679,0.42667153
2019-03-27,0.5429037,0.64186776,0.47474778,0.4415668,0.49974555,0.4533367,0.42617202
2024-01-19,0.5435818,0.6426748,0.4753696,0.44220275,0.50044537,0.45397982,0.4267211
2019-09-25,0.54225755,0.6412434,0.47387633,0.44103912,0.49906138,0.45266536,0.42552283
2021-06-05,0.542977,0.6420492,0.47476673,0.44161952,0.4999144,0.45344394,0.42614737
2024-10-14,0.54296434,0.6418544,0.4748548,0.44154155,0.4997864,0.45338348,0.42604336
2021-12-13,0.54356205,0.64261436,0.47525844,0.44217458,0.5004549,0.45393008,0.42672196
2022-07-28,0.5429482,0.6419084,0.47479615,0.44163552,0.49981034,0.45342684,0.4261902
2021-10-02,0.54237187,0.6411767,0.47433946,0.440997,0.49922568,0.45287955,0.42558885
2019-11-20,0.54358816,0.64267683,0.47534344,0.44224298,0.50050265,0.45392263,0.42674854
2020-10-02,0.54329056,0.64224386,0.47502893,0.44192547,0.500102,0.45357516,0.4263784
2019-10-12,0.54295427,0.6420151,0.47462213,0.4416484,0.4998238,0.4532411,0.42612958
2024-12-23,0.54360956,0.6426929,0.47538105,0.4421898,0.50038177,0.45390728,0.4266769
2023-07-15,0.54298383,0.6418614,0.4747359,0.4416471,0.49979094,0.45342395,0.42622423
2024-04-13,0.5434059,0.6425141,0.4752201,0.44210035,0.5003068,0.4537978,0.42661858
2023-12-02,0.5435987,0.64265937,0.47528332,0.44220006,0.50037277,0.45387477,0.4266691
2019-06-30,0.5428029,0.64182323,0.47464544,0.4414769,0.49975914,0.45337123,0.426064
2024-11-13,0.54338557,0.6424188,0.4752019,0.44195023,0.50014627,0.45367664,0.42644304
2023-07-09,0.5421034,0.6408914,0.4739162,0.44084284,0.49876162,0.45249894,0.4253727
2023-09-23,0.54075617,0.63992304,0.472646,0.44016352,0.4984855,0.45150602,0.4246418
2024-01-22,0.54354477,0.6426298,0.47535932,0.44215748,0.50041884,0.4539531,0.42667934
2020-08-30,0.543162,0.6420223,0.4748908,0.44183674,0.49995744,0.4534576,0.42623827
2020-03-10,0.5432092,0.6422766,0.4752272,0.44179133,0.5001264,0.45368764,0.42624667
2020-12-11,0.5436618,0.6427489,0.47537312,0.44231004,0.50053,0.45403013,0.4268365
2021-04-06,0.5430743,0.6420448,0.4749085,0.44171473,0.49987617,0.4534947,0.42629805
2021-09-09,0.5430269,0.64175636,0.47452435,0.44151902,0.49972132,0.45316666,0.42599422
2023-02-18,0.5424258,0.6416596,0.47482157,0.44123444,0.49984843,0.4530075,0.42582682
2020-07-30,0.5432817,0.6422886,0.47499225,0.44192818,0.50010264,0.4536783,0.4264945
2019-10-07,0.5427962,0.6418591,0.47445375,0.44153386,0.49964893,0.45314366,0.4260547
2023-07-21,0.54286706,0.64169335,0.47461912,0.44146404,0.49965894,0.45325252,0.42603704
2024-12-20,0.5436169,0.6426756,0.4753721,0.44220456,0.50041157,0.45393074,0.42668667
2020-03-16,0.54336995,0.6425064,0.4751541,0.4420012,0.50020427,0.45378453,0.4265778
2022-02-24,0.54313105,0.6421823,0.47524378,0.44170618,0.5000927,0.45367584,0.42610827
2021-02-20,0.5434626,0.6425201,0.4753431,0.4421342,0.50028604,0.45386058,0.4265966
2021-07-15,0.54274005,0.64195436,0.4748363,0.44148478,0.4998974,0.4532323,0.42616343
2021-10-26,0.5414035,0.640435,0.47424003,0.44005063,0.49848676,0.452238,0.42534757
2024-08-13,0.543149,0.64212245,0.4748971,0.44182435,0.49997377,0.45353433,0.42633885
2022-09-12,0.5414802,0.6399096,0.4734607,0.4404838,0.49838927,0.45158768,0.42472142
2023-01-21,0.54200655,0.6413132,0.4743151,0.44087306,0.49955052,0.45258325,0.42549756
2021-09-23,0.5429813,0.64178747,0.47471038,0.44149768,0.4996562,0.45342612,0.42625767
2021-01-27,0.5432981,0.64239675,0.47531837,0.4419277,0.5002277,0.45379448,0.42637
2023-11-11,0.54297084,0.6419369,0.4748285,0.44169167,0.5000841,0.45364073,0.4263243
2020-04-04,0.5430328,0.6421897,0.4751021,0.44169077,0.499867,0.45363352,0.42639947
2021-12-06,0.5434322,0.64253074,0.47519577,0.4420898,0.500371,0.45383784,0.4266467
2024-10-05,0.5431098,0.6419996,0.47484812,0.44167203,0.49983805,0.4534445,0.42628312
2020-08-29,0.5429707,0.6418264,0.4747184,0.44165826,0.49978325,0.4532852,0.42605683
2023-05-16,0.543545,0.64244217,0.4753153,0.44201353,0.50039333,0.4539983,0.42658648
2022-03-18,0.54335874,0.6424726,0.47532588,0.441971,0.5002195,0.45382065,0.4265919
2024-03-09,0.54264116,0.641668,0.47493833,0.4412578,0.4996121,0.45322984,0.42583886
2021-02-14,0.542967,0.6420721,0.47529066,0.44159344,0.4999767,0.45359775,0.4259635
2021-07-14,0.54279333,0.6420779,0.4748693,0.44149068,0.49993205,0.45320845,0.42615023
2020-11-01,0.543521,0.6425858,0.47523206,0.44216874,0.50040853,0.4538141,0.4266425
2020-12-02,0.5436642,0.6427391,0.47536412,0.4422865,0.5005098,0.45399553,0.42680365
2021-03-27,0.5412099,0.63985634,0.4732585,0.43987814,0.49775633,0.45174667,0.42462626
2020-11-02,0.5435356,0.6425883,0.4752356,0.44213036,0.5003579,0.45379975,0.42661694
2020-08-25,0.5433109,0.6421735,0.47497922,0.44196886,0.50010705,0.45346504,0.42644387
2021-06-07,0.54306835,0.64215755,0.47488102,0.44168088,0.50001484,0.45352367,0.42629078
2021-04-26,0.5433661,0.64252853,0.47520652,0.4420351,0.5002257,0.45383668,0.42659256
2022-01-13,0.54367304,0.6427805,0.47539905,0.44231674,0.5005504,0.45405677,0.42684874
2020-09-15,0.5424715,0.6412307,0.47446743,0.44122386,0.49910823,0.45282096,0.42577428
2023-12-12,0.5436264,0.64269465,0.4753275,0.44221956,0.5004139,0.4539162,0.4266993
2024-12-28,0.54361725,0.6427301,0.47540912,0.44220093,0.5003815,0.45391217,0.42668647
2019-05-26,0.5429897,0.64201283,0.4747973,0.44161966,0.49995363,0.45351583,0.42616343
2024-09-21,0.54231495,0.64113563,0.47428498,0.4409888,0.49914804,0.45246607,0.42541483
2024-10-24,0.54268104,0.641468,0.4748586,0.44134194,0.4997224,0.45331615,0.42569923
2022-01-25,0.54360294,0.6427001,0.4753449,0.4422424,0.500468,0.4539914,0.42677525
2022-07-20,0.5423026,0.6410494,0.47418228,0.44104445,0.49906585,0.4528588,0.42557308
2023-03-17,0.54234684,0.6413444,0.47500968,0.44113013,0.49951565,0.45314962,0.42582208
2020-08-10,0.5432904,0.6423629,0.47505152,0.44197917,0.5001845,0.45368847,0.42651448
2019-04-10,0.5428724,0.64184386,0.4747168,0.44143748,0.49955592,0.45334387,0.4260449
2021-12-19,0.5436578,0.6427372,0.47535786,0.44228205,0.5005256,0.45402688,0.42682245
2020-08-02,0.54330593,0.64230394,0.47497576,0.4419455,0.5000734,0.4536657,0.42649043
2021-11-01,0.54211503,0.6410022,0.4745403,0.44079933,0.49917096,0.45283064,0.4257408
2019-06-15,0.5426149,0.6416897,0.47455928,0.4413626,0.49969822,0.45318547,0.42584127
2019-11-17,0.54354393,0.642644,0.4753374,0.4422217,0.5004765,0.45389777,0.42672014
2020-07-28,0.5432876,0.6423033,0.47501466,0.44194493,0.5001292,0.4536878,0.42650086
2020-03-29,0.5428787,0.6420449,0.47489092,0.441524,0.49965882,0.4534496,0.42622772
2024-11-07,0.5431131,0.6421489,0.4751557,0.44162962,0.49986973,0.45341095,0.4261576
2024-09-30,0.54269695,0.6415361,0.47461203,0.44124484,0.49944153,0.4529624,0.4259308
2021-08-10,0.5422368,0.6411459,0.47469798,0.4412985,0.49884456,0.45318538,0.4256583
2024-07-19,0.54215765,0.6409934,0.47401556,0.4409321,0.4988702,0.45268652,0.42552033
2021-05-15,0.54356825,0.64261216,0.47530547,0.4421507,0.5003977,0.45393145,0.426655
2019-12-09,0.543631,0.64271915,0.47536138,0.4422506,0.50051874,0.45398876,0.42682636
2021-12-24,0.54366297,0.6427552,0.47537273,0.44228876,0.5005417,0.4540343,0.42683157
2019-10-16,0.54308885,0.64216685,0.47477716,0.44173747,0.4999568,0.453353,0.42621505
2021-10-10,0.5420457,0.6409405,0.4742291,0.44082403,0.49931252,0.45314837,0.42573193
2024-04-22,0.5433781,0.642453,0.47515818,0.44204313,0.5002351,0.45375988,0.42657527
2021-01-11,0.54355437,0.6426605,0.47537607,0.44220874,0.5004286,0.4539632,0.4267127
2022-03-04,0.5429094,0.6419593,0.47520506,0.44145864,0.4999187,0.45352167,0.42580763
2024-06-23,0.54289794,0.64188707,0.47484162,0.441614,0.499877,0.45374182,0.42634547
2020-12-21,0.54364127,0.642729,0.4753706,0.4422931,0.50050783,0.45402217,0.42681667
2021-06-10,0.5430406,0.6421214,0.47491872,0.4416632,0.5000208,0.4535332,0.4262237
2021-12-02,0.5433393,0.6424337,0.47511944,0.44200814,0.500292,0.4537367,0.42655933
2023-10-20,0.5423787,0.6414058,0.4741179,0.44127223,0.49949387,0.4527692,0.4257333
2020-03-01,0.5428761,0.64188415,0.47512534,0.441396,0.4998577,0.45342878,0.42573753
2024-10-22,0.54271936,0.6413663,0.47479454,0.4414944,0.49991465,0.45351583,0.42575827
2020-11-07,0.5435951,0.64265805,0.47531164,0.4422258,0.5004507,0.4539043,0.42670947
2020-04-01,0.54312545,0.6422668,0.47512913,0.4417849,0.4999621,0.4536686,0.42646632
2019-09-14,0.5418685,0.6406861,0.47345504,0.44076094,0.49893796,0.45286378,0.42540944
2020-02-01,0.5435652,0.64249116,0.47518027,0.44211477,0.5004184,0.45379934,0.42655662
2024-03-19,0.5429876,0.6421058,0.47496834,0.4417193,0.49983424,0.45348465,0.4261871
2020-11-05,0.5435939,0.64266783,0.47530782,0.4422367,0.5004698,0.45391637,0.4267319
2024-10-08,0.54320574,0.6420882,0.4748865,0.44171426,0.49992907,0.45352215,0.4263214
2024-06-04,0.54325324,0.64229923,0.47515303,0.44190922,0.500206,0.4536633,0.42635596
2022-04-12,0.54316854,0.642195,0.4749595,0.44176182,0.499858,0.453558,0.42630565
2021-04-09,0.5429478,0.64187545,0.47470978,0.44156015,0.4996688,0.45332697,0.42609176
2021-07-28,0.542947,0.6417433,0.4747544,0.4417133,0.500017,0.4534612,0.42604467
2021-10-25,0.5420455,0.6410296,0.47448006,0.4406647,0.49905935,0.45273733,0.42570797
2021-02-05,0.54296976,0.6420161,0.47520092,0.4415911,0.49991512,0.4535281,0.42598772
2023-01-24,0.5421281,0.641399,0.4743827,0.44096658,0.49963894,0.4526684,0.42557806
2021-10-01,0.5426562,0.64150006,0.47457877,0.4412565,0.4994508,0.4530901,0.42577302
2024-10-10,0.5430615,0.64191115,0.47481287,0.44159734,0.49982953,0.45340768,0.42615157
2020-06-10,0.54346424,0.6425198,0.4751824,0.44204786,0.5003134,0.45383245,0.42657208
2023-07-14,0.5429695,0.64179754,0.4746595,0.44158116,0.49973807,0.45336974,0.42615357
2022-01-06,0.543673,0.64278126,0.475403,0.4423175,0.50055754,0.45406076,0.42685258
2021-11-18,0.54323256,0.6423305,0.4750415,0.44193554,0.5001902,0.45364228,0.42646268
2023-11-16,0.5432929,0.6423548,0.4750721,0.4419613,0.5002171,0.45366868,0.42647335
2020-01-05,0.54367757,0.6427731,0.47539172,0.44231722,0.5005459,0.45405176,0.42685187
2020-05-30,0.5427201,0.6417273,0.47453034,0.44139946,0.4996121,0.45313823,0.42588452
2024-02-09,0.5430755,0.64207214,0.4750745,0.4416019,0.49991477,0.4534818,0.42612076
2022-07-26,0.54277086,0.6416745,0.4746496,0.44148207,0.49965084,0.45325953,0.4260139
2021-11-21,0.5431615,0.6422722,0.47499385,0.44187352,0.5001461,0.45357195,0.42641214
2021-06-01,0.54207927,0.64083,0.47401845,0.44124466,0.5002076,0.45473364,0.4266608
2023-03-28,0.54306597,0.6420789,0.4750912,0.44172874,0.49996698,0.4535658,0.42630908
2021-04-21,0.5434604,0.6425451,0.47520998,0.44208655,0.5002673,0.45385376,0.42661273
2022-11-29,0.5424091,0.6415464,0.4744459,0.4411595,0.49960953,0.45290786,0.42573926
2023-10-26,0.54267967,0.6416736,0.47445622,0.44140607,0.49961245,0.45299566,0.42589968
2021-01-22,0.5433739,0.6424548,0.47529587,0.44201443,0.5002347,0.45381457,0.42648685
2022-07-22,0.542441,0.6412411,0.47435313,0.4412073,0.49924204,0.45294634,0.42569304
2022-12-25,0.5420249,0.6412362,0.47419554,0.4408446,0.49931934,0.45263654,0.42544422
2021-04-11,0.5428294,0.64185417,0.4747498,0.4415035,0.49959394,0.45331913,0.4260965
2021-01-09,0.5435681,0.6426668,0.475368,0.44220746,0.50042725,0.4539661,0.42671028
2024-03-04,0.54254925,0.64155084,0.47489086,0.44117346,0.49960798,0.45320573,0.4258406
2023-12-30,0.54359394,0.64268374,0.47538206,0.44221815,0.5004824,0.4539688,0.42674786
2019-04-25,0.5434359,0.64251834,0.47519416,0.44204676,0.5002861,0.45384192,0.42659897
2020-08-28,0.5428144,0.6416393,0.47453657,0.4414712,0.4996069,0.45313808,0.42589527
2024-01-06,0.54363126,0.6427221,0.4753836,0.44225296,0.5004801,0.45400542,0.42677832
2022-05-31,0.5434354,0.64239126,0.47518843,0.44187927,0.5001714,0.4535692,0.42630732
2021-03-31,0.5414569,0.63993543,0.47333065,0.44013047,0.49804276,0.45200914,0.42481554
2021-06-12,0.5426105,0.6416815,0.47456047,0.44125316,0.49961567,0.45319408,0.42578802
2020-10-29,0.5434975,0.6425281,0.47518015,0.44212896,0.50033593,0.45377052,0.42659175
2021-11-09,0.5429531,0.64196944,0.47490862,0.44163865,0.49998486,0.4534028,0.4262289
2024-04-11,0.5434012,0.6425063,0.4751957,0.4420667,0.50025904,0.45378894,0.42657876
2022-05-23,0.54280037,0.6416606,0.4745592,0.4412257,0.4995953,0.45304903,0.42571592
2023-10-17,0.5418211,0.640996,0.4736949,0.4409457,0.49924222,0.45240942,0.42542523
2020-11-06,0.5436081,0.642677,0.47531047,0.44225025,0.50046265,0.45392653,0.42674392
2021-02-18,0.5433144,0.64237833,0.47532248,0.44197044,0.50020754,0.4537913,0.42643076
2022-04-13,0.54329586,0.64233124,0.4750564,0.4418839,0.5000056,0.45367917,0.4264255
2021-12-23,0.54365784,0.6427521,0.47536144,0.44229203,0.50053865,0.45403513,0.42683402
2019-07-07,0.5428439,0.6418343,0.47464558,0.44154418,0.49975336,0.45333338,0.42610604
2019-05-22,0.5433808,0.64233977,0.47507325,0.44194642,0.50023335,0.45371738,0.4264194
2020-02-12,0.5435843,0.6425015,0.47522086,0.4421173,0.5004603,0.4538073,0.4265273
2021-06-17,0.5407108,0.6395429,0.47277844,0.4395897,0.49769256,0.45142025,0.42413285
2024-05-12,0.54326284,0.6419311,0.47471237,0.44164398,0.500109,0.45324263,0.4259265
2022-06-14,0.54261607,0.64163965,0.47449246,0.44129595,0.49939775,0.45299587,0.42572698
2019-10-01,0.5425918,0.64163357,0.47426265,0.44133142,0.49941322,0.45293564,0.42587167
2023-06-11,0.54320526,0.64223427,0.47499892,0.44185206,0.5000239,0.45363227,0.42638057
2020-07-14,0.54256934,0.641508,0.47438142,0.4412655,0.499449,0.45302927,0.42578092
2024-06-29,0.54243314,0.6415234,0.4744934,0.4411672,0.4993552,0.45306846,0.42581242
2019-06-25,0.5414805,0.64089596,0.4738058,0.4403049,0.4991288,0.45260888,0.4246073
2023-05-27,0.5435218,0.64239764,0.47527513,0.44188896,0.50042653,0.45387232,0.4264131
2023-11-04,0.5430209,0.642014,0.47476745,0.44168437,0.4999255,0.45342696,0.4262331
2022-12-19,0.5423795,0.6415381,0.47442374,0.44115007,0.49959263,0.45289323,0.42572948
2019-05-06,0.54347867,0.64253104,0.4752137,0.44210005,0.50033784,0.45386505,0.4266295
2023-08-25,0.54172474,0.6406356,0.47350377,0.44063324,0.49864244,0.45217267,0.42515805
2024-04-05,0.54329693,0.64238167,0.47510096,0.44196644,0.5000865,0.45369008,0.42646086
2021-11-12,0.5430861,0.6421833,0.47497988,0.4418129,0.5001329,0.4535191,0.42634964
2021-10-17,0.5418655,0.64081556,0.47422192,0.44073045,0.4993137,0.45324746,0.42586592
2020-04-21,0.5433919,0.6424605,0.47516158,0.44198987,0.5002181,0.4537862,0.42654127
2022-06-16,0.54272467,0.641779,0.47456208,0.4414251,0.4995137,0.45314246,0.42588848
2019-04-01,0.542777,0.64164317,0.4746515,0.44139785,0.49954623,0.45319897,0.4260114
2022-12-06,0.54238445,0.6415632,0.47449997,0.44113642,0.49967238,0.45284423,0.42571342
2024-11-11,0.5432015,0.6422528,0.47519055,0.44174275,0.4999827,0.4534846,0.4262414
2022-07-05,0.54224306,0.6412355,0.47420195,0.44107297,0.49937013,0.45297492,0.42574716
2020-09-24,0.5431721,0.6419928,0.4748507,0.44184822,0.49981827,0.45340955,0.42626932
2022-03-20,0.54332036,0.64243394,0.4752788,0.44194427,0.5001822,0.45379487,0.42657214
2024-04-09,0.5434797,0.64258045,0.47527772,0.44215047,0.50037247,0.4538665,0.4266685
2019-12-10,0.54361796,0.64272046,0.47535604,0.44224548,0.5005053,0.45399088,0.42682672
2022-03-02,0.5431419,0.64215577,0.4751731,0.44171408,0.5001028,0.45364386,0.42611608
2020-07-20,0.54303586,0.64195734,0.47468546,0.44160023,0.49979058,0.4534006,0.42618206
2022-11-05,0.5432582,0.64239764,0.47504225,0.44193217,0.5002194,0.45370784,0.42644954
2024-09-03,0.5423052,0.6411377,0.47411448,0.4411104,0.49916852,0.452716,0.4255953
2020-11-14,0.54356664,0.6426241,0.47529376,0.4421513,0.5004017,0.45383754,0.42663395
2021-07-11,0.54303277,0.64216286,0.47490436,0.44176036,0.50004494,0.45343897,0.4262558
2020-07-07,0.54245543,0.6416667,0.47446448,0.44111174,0.49962205,0.45313933,0.42545116
2021-07-01,0.54282457,0.6419681,0.47474492,0.4414238,0.49993765,0.45343724,0.42573875
2020-03-31,0.5433206,0.6424492,0.4752453,0.44196793,0.50016147,0.45380896,0.42659935
2021-02-15,0.5431384,0.64223367,0.47529516,0.44177446,0.50009197,0.45371088,0.42619652
2024-11-22,0.54352814,0.6426038,0.4753139,0.44210526,0.50032353,0.45381632,0.4265986
2020-12-01,0.5436803,0.64275646,0.47536886,0.44230753,0.50052524,0.45400968,0.42681578
2022-01-21,0.5436588,0.6427642,0.47539374,0.44230238,0.50052834,0.45404747,0.42683622
2022-05-30,0.54342717,0.64239323,0.47518888,0.441851,0.5001954,0.45358333,0.42631435
2022-08-31,0.54129475,0.6400862,0.47340748,0.44017935,0.4983419,0.45187134,0.42438897
2021-10-05,0.54217446,0.64099294,0.47407183,0.4408247,0.49897495,0.4526983,0.4253862
2024-10-16,0.54309887,0.64197296,0.474912,0.44170228,0.49997115,0.4535569,0.42620808
2019-11-27,0.5435606,0.64264536,0.47533104,0.44222665,0.5005019,0.45393342,0.42675105
2024-09-02,0.5422319,0.6410564,0.4740153,0.44103903,0.49908733,0.45264953,0.42553145
2023-03-07,0.54281175,0.6418823,0.47502533,0.441543,0.49993563,0.45333603,0.42613035
2021-08-06,0.5406285,0.63714993,0.47285727,0.4410778,0.5002011,0.453835,0.42340225
2023-08-13,0.5415576,0.64025813,0.47340554,0.44023356,0.49833608,0.45187867,0.42477277
2024-09-27,0.54246616,0.6411918,0.47439322,0.44105452,0.4991977,0.45266223,0.4256889
2023-05-23,0.5435829,0.6424278,0.47528854,0.44187182,0.5003937,0.45383254,0.4264123
2024-01-14,0.5436183,0.6427083,0.47537553,0.44222978,0.50046897,0.45398983,0.42675713
2023-12-27,0.54362434,0.64271146,0.4753848,0.4422524,0.50049824,0.45400113,0.42678058
2021-04-25,0.5434873,0.6426189,0.4752943,0.44213095,0.5003291,0.45392558,0.42667457
2021-05-11,0.5435004,0.64252764,0.47523162,0.44207615,0.50031114,0.45384207,0.4265633
2023-03-30,0.5428847,0.64178383,0.47468406,0.44139668,0.49948066,0.45329803,0.42596167
2021-01-26,0.54332006,0.64241767,0.4753139,0.44194725,0.5002317,0.45381182,0.42638478
2023-06-26,0.5426768,0.6416238,0.47443685,0.44133306,0.4993421,0.45309755,0.42589203
2021-03-22,0.54214215,0.64112955,0.47429377,0.44087037,0.49890426,0.45273328,0.4255656
2020-04-05,0.5424851,0.6416526,0.47461236,0.4411224,0.49923447,0.4531518,0.42592508
2021-07-20,0.54235953,0.6417095,0.4746686,0.44100812,0.49962667,0.45312142,0.42580882
2024-07-04,0.54228204,0.64149696,0.47426942,0.44125718,0.49963328,0.45293328,0.42579648
2024-05-04,0.543765,0.6422126,0.47490963,0.44201338,0.5004943,0.4534263,0.42616743
2023-09-14,0.5396733,0.63841057,0.47135237,0.43873298,0.49683625,0.4500446,0.42328748
2023-09-24,0.5406928,0.6399507,0.47262043,0.44022432,0.49857566,0.45148975,0.4246667
2023-08-09,0.5426248,0.64151144,0.47440395,0.44131586,0.49944505,0.45298108,0.4258244
2022-08-23,0.53868747,0.6381503,0.47190374,0.4370757,0.496814,0.45079783,0.4206248
2023-03-11,0.5427552,0.64183015,0.4748472,0.44146675,0.49973336,0.45327264,0.42606118
2024-04-24,0.54351026,0.6425979,0.4752661,0.44216996,0.50037944,0.4538728,0.42668793
2020-02-06,0.54361343,0.64254147,0.47524223,0.4421661,0.5004776,0.45385534,0.4266062
2022-09-08,0.5418584,0.6403891,0.47377923,0.44078955,0.49870244,0.4520185,0.42506963
2022-11-20,0.54291767,0.6420505,0.47483674,0.44165343,0.5000136,0.45339406,0.42619643
2023-11-05,0.5430115,0.6420318,0.47478056,0.44170254,0.49995118,0.45344588,0.42625076
2019-11-10,0.54352564,0.6426233,0.4753215,0.4422136,0.5004686,0.45385423,0.42668888
2019-11-11,0.5435447,0.64263487,0.4753108,0.44222468,0.5004843,0.45386302,0.4267018
2021-11-07,0.5422157,0.6411766,0.4745347,0.4409679,0.49934617,0.45293167,0.42584577
2021-04-24,0.54348665,0.6426118,0.47527137,0.44215003,0.5003507,0.4539127,0.42669275
2020-01-23,0.5436357,0.64269954,0.47534785,0.44225565,0.5005078,0.45398483,0.4267681
2024-05-31,0.5432593,0.6422641,0.47511008,0.4418893,0.50014025,0.45364612,0.4262894
2023-11-21,0.543404,0.64248776,0.4751879,0.4420233,0.50023043,0.45365876,0.42647514
2021-05-23,0.54346454,0.64246994,0.47518075,0.44212234,0.5004571,0.45401913,0.4266901
2020-11-09,0.5435991,0.64264417,0.4753054,0.44218382,0.5004401,0.45386875,0.4266651
2019-05-12,0.5434245,0.64245373,0.4751684,0.44203585,0.5002839,0.45381045,0.42656553
2020-09-20,0.542874,0.6414962,0.47452706,0.44153112,0.49934748,0.45300877,0.42594868
2019-07-24,0.54140574,0.6404263,0.47342297,0.44012934,0.4984623,0.45218638,0.42453906
2022-12-01,0.5424333,0.6415827,0.47446308,0.44120827,0.49963453,0.4529355,0.42576277
2023-04-22,0.542972,0.64237076,0.47484392,0.44166556,0.499977,0.45354947,0.4264871
2024-05-30,0.5433196,0.6423019,0.47507724,0.4419149,0.50010663,0.45364514,0.42630872
2021-02-03,0.54303926,0.64211345,0.4752608,0.44166532,0.4999969,0.45361295,0.426052
2021-12-15,0.54358894,0.64263505,0.47526813,0.442196,0.5004717,0.45393658,0.4267389
2020-10-26,0.54340774,0.64243466,0.4750655,0.4420025,0.50020635,0.4536331,0.42643055
2021-06-26,0.5431094,0.6421955,0.47493383,0.44186383,0.50009257,0.4535848,0.4263446
2024-10-01,0.54296947,0.6417698,0.47473386,0.44159815,0.4997108,0.4533225,0.42626745
2023-12-19,0.54363793,0.6427077,0.4753543,0.44224977,0.5004605,0.45395848,0.42674905
2020-01-31,0.5435592,0.6425048,0.47520632,0.44212598,0.50040615,0.4538183,0.4265791
2020-09-08,0.5425289,0.6411807,0.47426352,0.44111,0.49915248,0.45270655,0.4254543
2019-06-19,0.54210263,0.641259,0.47421065,0.44093135,0.49941656,0.45287856,0.4253996
2023-10-06,0.54087836,0.6399372,0.47268334,0.44010863,0.49831188,0.4514637,0.42455316
2022-03-30,0.5429725,0.64210474,0.4751597,0.441619,0.49970216,0.4535765,0.42632076
2021-06-25,0.5430474,0.64205956,0.47493652,0.44176194,0.49984354,0.45355174,0.42626163
2020-11-27,0.5436573,0.6426961,0.47533676,0.44222927,0.50044674,0.4539178,0.42672414
2022-04-17,0.5433417,0.6423833,0.47513613,0.44196385,0.5001618,0.4537104,0.42648602
2023-01-28,0.5422157,0.6414865,0.4743697,0.4410664,0.49960074,0.45277125,0.42563778
2021-05-20,0.5435515,0.6425839,0.47524685,0.44214386,0.5004075,0.45393342,0.4266647
2021-11-16,0.54324263,0.64233196,0.47505867,0.4419333,0.5002101,0.4536428,0.42646536
2022-08-05,0.5431643,0.6421456,0.47492608,0.44179896,0.49999005,0.45358184,0.42635542
2020-09-11,0.54263896,0.6413492,0.47461873,0.44128305,0.49936363,0.45292765,0.425789
2020-08-22,0.54321223,0.6420818,0.47488242,0.44183692,0.49999833,0.45348984,0.42633203
2021-11-23,0.54313666,0.6422426,0.4749748,0.44185963,0.5001635,0.45357126,0.42640454
2023-05-17,0.54358035,0.6424814,0.47532365,0.44206464,0.5004271,0.45401883,0.42662743
2021-08-24,0.54337394,0.6427994,0.47514096,0.44185442,0.50019693,0.45368567,0.42623
2020-11-13,0.54358906,0.64264214,0.47528946,0.44218218,0.50043553,0.4538794,0.42667186
2022-08-08,0.54291254,0.6418365,0.47465777,0.44147548,0.49971068,0.4533188,0.4260089
2024-11-18,0.5434382,0.6425144,0.47528234,0.4420044,0.50022197,0.45371854,0.42649615
2022-08-13,0.5415594,0.64057034,0.47357374,0.4401952,0.4985647,0.4523628,0.4245389
2022-12-23,0.5421131,0.64131296,0.4742361,0.4409224,0.49935758,0.45269644,0.42550662
2019-11-22,0.54355663,0.6426292,0.4753165,0.44222078,0.500464,0.45389137,0.42672405
2020-05-29,0.54307055,0.6421334,0.47487125,0.4417202,0.49995542,0.45344588,0.42619124
2022-12-22,0.54262394,0.6417934,0.47462013,0.4413838,0.49977836,0.4531457,0.42596102
2022-07-25,0.54283476,0.64162993,0.474616,0.44150656,0.49965227,0.45319223,0.42597032
2021-03-28,0.54229176,0.6412067,0.47433883,0.4410283,0.4990764,0.45284188,0.42570144
2022-03-26,0.54300535,0.64215636,0.4751738,0.4416716,0.4998062,0.45358002,0.42636648
2023-05-06,0.5435274,0.6425654,0.4753239,0.44215077,0.5003655,0.45391446,0.42667276
2020-04-15,0.54319865,0.6422951,0.4751055,0.44180492,0.50002426,0.45363227,0.42638934
2022-04-20,0.5433033,0.64236563,0.47515056,0.44193906,0.500075,0.45373052,0.42648906
2021-12-25,0.5436689,0.6427699,0.47538012,0.44230267,0.5005535,0.4540483,0.42684996
2021-02-02,0.5430253,0.64209926,0.47524136,0.4416365,0.49996847,0.45360258,0.42602026
2020-06-04,0.5430839,0.64208263,0.47484657,0.4417445,0.49991217,0.45344558,0.42619824
2022-11-24,0.54270947,0.64185625,0.47470206,0.44145587,0.49985328,0.45320573,0.42601186
2022-06-21,0.5429774,0.6420101,0.47475782,0.4416445,0.499659,0.45332786,0.42616448
2020-11-04,0.5436031,0.6426557,0.47528675,0.4422217,0.5004587,0.45390424,0.4267168
2022-09-18,0.54114634,0.63942504,0.47320515,0.4402642,0.4980925,0.4512716,0.42446068
2021-06-29,0.54323167,0.64231926,0.47504345,0.44189516,0.5002565,0.45366475,0.42635655
2019-11-02,0.54344314,0.6425369,0.4752011,0.4421158,0.50036025,0.4537127,0.42657518
2020-01-25,0.5436281,0.6426925,0.47534806,0.44225243,0.5004971,0.45398906,0.4267692
2024-04-21,0.5433335,0.6423847,0.47509402,0.44200295,0.50018823,0.45369136,0.42650926
2020-02-24,0.54327244,0.6422906,0.47524408,0.44181365,0.50019085,0.45370874,0.42624903
2024-01-10,0.543612,0.64269793,0.4753659,0.44222918,0.5004792,0.4539973,0.42676452
2021-01-28,0.5432474,0.6423517,0.4753165,0.44186702,0.5001793,0.45376694,0.4262984
2024-10-15,0.5429201,0.64179593,0.47482994,0.44148827,0.4997975,0.45340228,0.4260825
2020-07-17,0.54326177,0.6422523,0.47495943,0.4418698,0.50008446,0.45363718,0.42641756
2023-06-16,0.54283553,0.6418256,0.47473332,0.44144273,0.4994093,0.45331016,0.42609668
2019-12-14,0.54364365,0.6427385,0.47537765,0.44228536,0.50053126,0.45401704,0.426836
2019-12-30,0.5436601,0.6427633,0.47539032,0.4423035,0.50054675,0.45403844,0.42684487
2019-05-05,0.543509,0.6425761,0.47526705,0.44213492,0.500362,0.4539053,0.42666164
2019-07-02,0.54287195,0.6418589,0.474667,0.44155347,0.49979386,0.45338738,0.4261359
2021-07-24,0.54195863,0.64085966,0.47424012,0.44084978,0.49943784,0.45304507,0.4256347
2019-10-09,0.54292434,0.64198756,0.4745719,0.44163975,0.49977288,0.45326108,0.42614403
2023-01-15,0.5419722,0.6412572,0.47422436,0.44083163,0.4994552,0.45259005,0.42547745
2022-12-24,0.542058,0.64124036,0.47418222,0.44085404,0.49932364,0.45262483,0.4254474
2023-06-17,0.5429518,0.64194006,0.47475675,0.44156146,0.4995767,0.45337784,0.42613122
2023-05-30,0.54358023,0.64254546,0.47527546,0.442072,0.5004606,0.4539246,0.42662445
2021-12-31,0.5436478,0.6427465,0.47537473,0.44227907,0.5005204,0.45402855,0.4268176
2020-06-15,0.5426601,0.6416834,0.4746198,0.44121388,0.49941304,0.45308042,0.4258469
2024-04-04,0.54338527,0.64245874,0.47517654,0.4420378,0.5001832,0.453764,0.42654222
2022-05-21,0.5431536,0.642085,0.47489178,0.44156435,0.50000304,0.45344698,0.42609286
2022-11-09,0.5432358,0.64236516,0.47502872,0.44193423,0.5002301,0.4536671,0.4264543
2020-07-04,0.5424839,0.64177716,0.4744459,0.44134513,0.4997349,0.45314208,0.4257613
2024-07-10,0.54250085,0.6415255,0.47452053,0.44128504,0.49964875,0.45311007,0.42592487
2023-03-08,0.54295576,0.64206403,0.47509047,0.44168663,0.5000536,0.4534564,0.4262452
2020-11-20,0.54362655,0.6426363,0.47532836,0.44213536,0.5004015,0.45385832,0.426635
2019-06-08,0.5427871,0.6419091,0.47465798,0.44153422,0.49988255,0.45332977,0.42606366
2024-06-05,0.5432058,0.64218456,0.47511426,0.44181234,0.500157,0.45365936,0.42622545
2022-09-26,0.5404393,0.6382675,0.47265154,0.43970954,0.49743313,0.45042455,0.42376345
2022-07-09,0.5419983,0.6408301,0.4739768,0.44078788,0.49892882,0.45276046,0.4255036
2022-08-25,0.53682613,0.6365834,0.4708159,0.43511108,0.49563783,0.44978178,0.41814193
2024-05-20,0.54079133,0.63944435,0.47267762,0.43934724,0.497716,0.45129275,0.4237484
2022-04-01,0.54312664,0.642366,0.4752844,0.4418063,0.49998927,0.45370987,0.426477
2020-10-13,0.5433533,0.64234936,0.47500515,0.4419344,0.5001124,0.45362395,0.42639002
2022-07-29,0.54312664,0.64210004,0.47494587,0.4417849,0.4999799,0.4535904,0.4263405
2020-07-18,0.5432483,0.6421826,0.47487447,0.4418004,0.5000184,0.45357734,0.42635274
2024-02-24,0.542841,0.6412294,0.47480866,0.44040117,0.49917036,0.45248047,0.42508996
2024-07-11,0.5422767,0.6412998,0.47432765,0.44113973,0.49951023,0.45296746,0.42580858
2022-05-19,0.54341376,0.64239544,0.47514462,0.44188058,0.50026786,0.4537318,0.42639777
2023-01-19,0.54194087,0.6412609,0.47429538,0.44080743,0.49954522,0.4525174,0.4254501
2020-05-25,0.5434896,0.6425679,0.4752187,0.4420667,0.5003453,0.45382684,0.42660305
2019-06-16,0.5425951,0.64165634,0.47457057,0.44133,0.49965256,0.4532024,0.42581093
2020-04-30,0.5435136,0.64258254,0.47524518,0.4421202,0.5003648,0.45387173,0.4266396
2023-11-25,0.5435109,0.6425828,0.47524798,0.44214004,0.5003295,0.45379767,0.4266047
2022-06-05,0.5429257,0.6419152,0.47485995,0.44157383,0.49953303,0.45326093,0.42597616
2023-05-25,0.54352546,0.64239705,0.47526717,0.44188663,0.50037766,0.4538361,0.4264249
2023-09-02,0.5401987,0.63899803,0.47199243,0.4391475,0.4971925,0.45064268,0.42369738
2019-09-17,0.54133457,0.6400983,0.47278985,0.4402418,0.49816984,0.45216462,0.4248366
2019-08-15,0.54269755,0.6416717,0.47454843,0.44134402,0.49962464,0.4531725,0.42575595
2019-04-05,0.54293734,0.64187443,0.4748035,0.4415408,0.49969083,0.45338318,0.42614096
2023-03-09,0.5429302,0.64203966,0.47505352,0.4416551,0.4999988,0.45342934,0.42622858
2020-12-26,0.54359794,0.642686,0.47535717,0.44224778,0.50048566,0.4540137,0.42678615
2024-12-13,0.54361606,0.64270496,0.47537974,0.44221473,0.50042623,0.45392948,0.4267186
2019-04-06,0.54299146,0.6419328,0.47483715,0.44156554,0.49970967,0.453432,0.42615807
2024-11-24,0.5435481,0.64262223,0.4753355,0.44213584,0.5003546,0.45384157,0.42663205
2021-04-01,0.54185295,0.64043856,0.47368136,0.44053382,0.49852532,0.45240238,0.42516848
2022-01-07,0.54368126,0.6427847,0.47540292,0.44232693,0.5005618,0.454067,0.4268602
2021-10-12,0.5418263,0.6406649,0.47407338,0.44073787,0.4994244,0.45351014,0.425925
2021-08-13,0.54290396,0.6416232,0.47479007,0.44158885,0.49950755,0.4533183,0.42608356
2024-07-03,0.5426235,0.6417204,0.47453353,0.44142127,0.49967143,0.45319027,0.42599273
2023-01-29,0.54235077,0.64164984,0.47451732,0.44118488,0.49974644,0.45289522,0.42577988
2019-06-05,0.54268557,0.6416829,0.47455585,0.44147882,0.49995393,0.45364115,0.42625573
2020-03-05,0.5428679,0.64189506,0.47511706,0.4413833,0.49983823,0.45342955,0.42574102
2024-06-12,0.5424345,0.641485,0.47463924,0.44112825,0.49953434,0.45288315,0.42511877
2024-08-07,0.543295,0.6422755,0.4750439,0.4418702,0.5000564,0.45363072,0.4263682
2021-03-09,0.5432866,0.64241964,0.4752789,0.44200772,0.50016904,0.45379347,0.4266119
2022-01-15,0.5436614,0.6427642,0.47538665,0.44230202,0.5005361,0.45404375,0.426836
2020-06-23,0.5402371,0.63936234,0.4736119,0.4390481,0.49736425,0.45150504,0.42467815
2023-12-11,0.5436217,0.6426746,0.4753231,0.4422136,0.50040287,0.4539121,0.42668745
2022-02-11,0.54344267,0.6425013,0.47524068,0.44205886,0.5003058,0.45384866,0.42657351
2023-12-09,0.54361,0.64267296,0.47533098,0.44219708,0.5003843,0.45388097,0.42666954
2019-09-08,0.5425116,0.64140385,0.47416213,0.44128737,0.49932712,0.45302647,0.42581728
2024-07-28,0.54280037,0.64156765,0.4744447,0.44138852,0.49944344,0.45302603,0.42587093
2020-08-06,0.54329413,0.6423219,0.47494963,0.44193277,0.50003314,0.45365462,0.4265006
2021-05-17,0.5435671,0.64262706,0.47530335,0.44215775,0.50042266,0.45394778,0.42668226
2023-05-31,0.5436356,0.6426733,0.47535512,0.44220158,0.50052804,0.45399734,0.42675674
2022-11-19,0.54301536,0.6421395,0.47490102,0.44173214,0.5000714,0.45347562,0.42628106
2024-02-08,0.5431572,0.64215946,0.4751385,0.4416934,0.50002897,0.45357653,0.42620787
2024-03-06,0.5425957,0.64161795,0.47488597,0.44117215,0.4996127,0.4532214,0.4258879
2023-11-07,0.5430306,0.6419998,0.4747999,0.44175047,0.5000144,0.4535378,0.4263155
2022-04-08,0.5433813,0.6425364,0.47528648,0.44201657,0.50019014,0.45383707,0.42658994
2020-12-24,0.5435807,0.6426641,0.47534072,0.44222316,0.50045806,0.45397794,0.4267592
2019-09-22,0.5416,0.6404807,0.4732109,0.44042593,0.49851876,0.45238513,0.4250447
2022-07-21,0.5424351,0.6412721,0.47435996,0.4411832,0.4992387,0.45299697,0.42570922
2020-02-10,0.543615,0.6425431,0.47525132,0.442156,0.5004673,0.45385793,0.42658907
2020-10-15,0.54336077,0.6423747,0.47500655,0.44191754,0.50009745,0.45360732,0.42636788
2019-10-18,0.54320264,0.6422443,0.47487092,0.44182932,0.50005454,0.45343927,0.42627177
2021-10-31,0.541562,0.64049983,0.47425348,0.44024816,0.49862722,0.45240137,0.42545605
2019-12-21,0.543645,0.64274335,0.47537264,0.44228402,0.5005247,0.45402265,0.4268382
2022-11-23,0.542823,0.64195913,0.47476894,0.44154927,0.49992758,0.4532938,0.426098
2023-10-31,0.54289556,0.6418748,0.47455597,0.44157434,0.49975646,0.45320573,0.4260624
2021-05-27,0.5425566,0.64131814,0.47442755,0.44166014,0.5005235,0.4548159,0.42689362
2019-11-13,0.54353994,0.6426337,0.47534803,0.44223076,0.50048786,0.45387936,0.4267133
2021-11-15,0.54320145,0.64226705,0.4750256,0.44190243,0.5001803,0.4536005,0.42641732
2020-03-27,0.5432395,0.6423853,0.47518176,0.44188976,0.5000943,0.4537422,0.42653173
2022-05-06,0.5432166,0.6423517,0.4750047,0.4419292,0.5001092,0.45360968,0.42645487
2023-09-19,0.54054624,0.639598,0.47242782,0.43986797,0.49807233,0.45118994,0.42433834
2024-05-02,0.5434898,0.6424431,0.47513697,0.442031,0.5003476,0.45368946,0.4264991
2020-10-24,0.54332167,0.64237547,0.47496906,0.44186342,0.5000858,0.45352343,0.42626664
2023-12-07,0.54359823,0.6426564,0.4753102,0.442216,0.50039685,0.45389727,0.42668325
2022-08-22,0.5391661,0.6386033,0.47219902,0.4376289,0.4971378,0.45111895,0.42131662
2024-05-21,0.5414436,0.64011204,0.47321978,0.43983635,0.49820516,0.4517418,0.42427865
2023-06-27,0.54280037,0.64170533,0.47448605,0.44143128,0.49943665,0.45317322,0.4259461
2024-09-13,0.54280454,0.64165425,0.47452396,0.44157857,0.49973574,0.45311654,0.4260509
2022-12-03,0.5424342,0.64160514,0.47447684,0.44121513,0.49965787,0.4529439,0.42579186
2023-08-23,0.5421463,0.64107084,0.47389743,0.4409581,0.4990609,0.45252872,0.42552644
2020-04-17,0.543433,0.64250064,0.47522607,0.442049,0.50029194,0.45382267,0.42659068
2024-12-07,0.54356337,0.64267296,0.4753898,0.44214427,0.5003616,0.45385048,0.42663562
2024-03-26,0.543302,0.642343,0.47514758,0.44193873,0.50010675,0.45370293,0.4264066
2021-08-01,0.54279494,0.6412865,0.474593,0.44174954,0.5002822,0.45367968,0.42580897
2019-04-15,0.54311746,0.642165,0.47497493,0.44170886,0.49984896,0.4535785,0.4262907
2022-03-28,0.54275995,0.6418158,0.47490162,0.44142354,0.49949965,0.45336327,0.42612526
2020-09-02,0.54301524,0.641927,0.47479728,0.44167584,0.49979696,0.4533472,0.4261198
2024-11-17,0.5433711,0.64242566,0.47525078,0.44190285,0.5001163,0.45360833,0.42637998
2024-02-26,0.5427147,0.6410875,0.47470194,0.44032967,0.49911875,0.45247078,0.42507264
2024-05-16,0.54078776,0.63952,0.47268614,0.43948323,0.497773,0.45132995,0.42396876
2024-04-10,0.54342747,0.6425297,0.4752286,0.44209597,0.5003289,0.45381516,0.4266132
2023-05-13,0.5435671,0.64249456,0.4753395,0.44205263,0.5003949,0.45401686,0.42663604
2019-11-29,0.5435837,0.64267087,0.4753472,0.4422415,0.5005036,0.4539432,0.42677602
2020-01-03,0.5436708,0.64277095,0.4753966,0.44232133,0.5005534,0.45404547,0.42685625
2023-01-05,0.5419521,0.6412101,0.47417805,0.4408014,0.49936792,0.45259058,0.4254317
2021-09-01,0.5434316,0.64215195,0.4747459,0.44188648,0.49975264,0.45343876,0.42598754
2022-08-11,0.5424888,0.64139694,0.47429302,0.44114533,0.49926022,0.45299077,0.42564636
2023-02-15,0.5420497,0.6414432,0.47480908,0.4409437,0.4999944,0.45261818,0.4256075
2020-05-23,0.5434632,0.6425455,0.4752089,0.44206735,0.500333,0.45382375,0.42659304
2022-02-25,0.54307795,0.64212877,0.4752493,0.44164756,0.50005984,0.4536397,0.42601523
2022-07-18,0.5420826,0.6408723,0.47406775,0.44092238,0.49880114,0.4528104,0.42548504
2024-12-14,0.5436148,0.64271045,0.47538418,0.44220886,0.50041693,0.4539222,0.4267067
2022-08-12,0.54198587,0.64097893,0.47391725,0.4406606,0.49888965,0.45268324,0.42509437
2023-04-05,0.5429859,0.64193195,0.47480685,0.4415629,0.49962887,0.45340228,0.4261229
2020-05-16,0.54343194,0.6425219,0.475185,0.44208217,0.50030506,0.45378315,0.4265766
2022-03-29,0.5428814,0.6420101,0.47507924,0.44154662,0.4996493,0.45353672,0.42626002
2020-09-29,0.5433548,0.64227223,0.47505367,0.44198415,0.5001103,0.45364183,0.42642966
2019-10-28,0.54338425,0.642463,0.47508833,0.44197735,0.5002326,0.4535601,0.4263907
2021-01-01,0.5435751,0.642667,0.47535366,0.4422186,0.50042576,0.4539663,0.42672867
2024-03-01,0.5423974,0.64128107,0.47481456,0.44096148,0.4994984,0.45303974,0.42570814
2020-03-21,0.5433565,0.64248735,0.47517616,0.4419888,0.5002065,0.45380378,0.42660332
2022-08-24,0.5380695,0.63758737,0.47157574,0.4365592,0.49646762,0.4503835,0.41989648
2020-10-01,0.54331064,0.64223915,0.47501525,0.44195294,0.5000766,0.4535645,0.42636386
2022-02-05,0.5435281,0.6426181,0.47530815,0.44216344,0.50039715,0.45393082,0.4266915
2019-10-13,0.54299,0.642047,0.47464007,0.44166672,0.49986735,0.45329693,0.42613176
2022-05-11,0.54331905,0.6424442,0.47508672,0.44197428,0.50018203,0.45367542,0.42652756
2024-03-27,0.5432902,0.6423327,0.4751338,0.44192892,0.5000794,0.45369774,0.42642027
2022-07-23,0.5424921,0.6412409,0.4743407,0.44119537,0.49928275,0.45294234,0.4256966
2020-10-16,0.54336786,0.64236474,0.4749918,0.44192952,0.5001196,0.4536182,0.42637616
2022-05-01,0.5432279,0.64233863,0.47502548,0.4419319,0.50007224,0.45362383,0.4264599
2019-11-09,0.54352427,0.6426228,0.47531056,0.442216,0.50045496,0.45383897,0.42668894
2022-06-22,0.543208,0.6421972,0.47498298,0.44184,0.4999748,0.45358503,0.42636427
2020-10-05,0.5433206,0.64229,0.47507024,0.4419551,0.5001168,0.45360038,0.4264066
2019-03-31,0.5422192,0.6409955,0.47409096,0.4408647,0.4989741,0.45268765,0.4255057
2021-10-27,0.5420286,0.64098006,0.47446406,0.44066197,0.49904066,0.45272443,0.42568913
2023-02-21,0.5422985,0.64136416,0.47468883,0.44107145,0.49950945,0.45289642,0.42567757
2020-04-26,0.54343104,0.6425275,0.47522548,0.4420263,0.5002496,0.4538493,0.42658773
2023-12-22,0.5436302,0.6427056,0.47534326,0.44225562,0.50048995,0.45397687,0.42676872
2022-09-23,0.5405699,0.63864684,0.47271007,0.4398155,0.49764627,0.45080978,0.42402104
2019-09-19,0.5414419,0.64023614,0.4729822,0.44040367,0.498392,0.45234472,0.42500165
2023-07-26,0.54317576,0.6421152,0.4748921,0.4418235,0.5000169,0.45353034,0.4263597
2024-08-23,0.5428234,0.64170873,0.47460595,0.4415343,0.49963847,0.4532192,0.42603827
2021-12-17,0.54362214,0.6426953,0.47531983,0.44224563,0.5004999,0.45399764,0.42680195
2019-05-31,0.54183656,0.64046293,0.47378093,0.44096223,0.5000863,0.45448127,0.4263134
2019-04-11,0.5430324,0.64204556,0.47492394,0.4416438,0.49978933,0.45349607,0.42624927
2024-12-21,0.5435976,0.64267284,0.47538513,0.44216913,0.500387,0.45389605,0.42665383
2021-05-29,0.5407534,0.63901883,0.47288728,0.44070277,0.5006326,0.4564109,0.4272831
2020-07-11,0.542131,0.64117354,0.47410965,0.44079804,0.49919003,0.45278314,0.42519286
2020-12-05,0.54366535,0.6427388,0.47536153,0.44229576,0.50050735,0.45400196,0.42681468
2022-09-24,0.540355,0.6382243,0.47265115,0.4396674,0.49742943,0.4503749,0.42372546
2023-02-26,0.5428814,0.6420497,0.475071,0.44163144,0.5001209,0.4533433,0.42619064
2019-04-24,0.54355603,0.64264655,0.47528768,0.442176,0.50044274,0.45394817,0.42672327
2023-05-21,0.5435868,0.6424223,0.47531635,0.44196662,0.5004168,0.4539549,0.42652515
2021-02-24,0.5435198,0.6426076,0.47535637,0.44219187,0.50032014,0.45390424,0.42667717
2021-10-28,0.5415012,0.64044,0.47423628,0.4401401,0.4985264,0.45233163,0.425404
2020-04-20,0.5433499,0.64241445,0.4751387,0.4419417,0.500193,0.45373407,0.4264886
2022-09-15,0.5409905,0.639136,0.47312552,0.4402125,0.49786636,0.45086983,0.42422873
2024-05-14,0.543336,0.6422087,0.4748998,0.44173515,0.5002358,0.45349035,0.4261851
2024-07-27,0.5423014,0.64110607,0.4739891,0.44097495,0.49895072,0.45260078,0.42544594
2022-04-30,0.54307526,0.64217335,0.47487855,0.44176003,0.4998825,0.45348072,0.4263127
2024-09-12,0.54287225,0.64171886,0.47459075,0.44163734,0.49978825,0.45315683,0.42609823
2023-11-10,0.5429228,0.6418937,0.47478232,0.4416693,0.50005764,0.45363963,0.42632565
2024-11-03,0.54310125,0.6420708,0.4750584,0.44160387,0.49985972,0.45337376,0.42615217
2021-01-06,0.5435924,0.64269656,0.4753906,0.44223043,0.5004648,0.45399612,0.42675194
2021-10-16,0.5413702,0.64013374,0.47379452,0.4404248,0.49924892,0.45359382,0.42592075
2020-09-27,0.54333264,0.64222145,0.4750566,0.44198358,0.50008667,0.4536053,0.42640722
2020-03-28,0.5428063,0.6419593,0.47481468,0.4414617,0.49961954,0.45335692,0.42616317
2019-06-14,0.5424275,0.64155626,0.47442725,0.44125366,0.4996319,0.4531103,0.42571998
2020-02-07,0.54362595,0.642539,0.47523943,0.44217575,0.5004874,0.45384124,0.42659324
2023-03-24,0.5428664,0.64179575,0.47480854,0.44151536,0.49966833,0.45337003,0.42611736
2019-03-28,0.54313874,0.64216304,0.47500235,0.44179392,0.49999917,0.45357126,0.42636856
2023-10-12,0.541081,0.6403229,0.47305378,0.44050485,0.49882308,0.4518326,0.4249393
2024-11-30,0.5435327,0.64263386,0.47536734,0.44211486,0.50034255,0.45383024,0.4266159
2023-08-04,0.54280204,0.64170367,0.47453234,0.44148228,0.4995874,0.45317793,0.42601004
2024-03-31,0.5433498,0.64248127,0.47519144,0.44201982,0.50020766,0.45373753,0.42651772
2022-01-23,0.54362893,0.6427272,0.47535893,0.44226727,0.5005021,0.4540127,0.42680022
2024-01-23,0.5435254,0.64261204,0.4753526,0.44214368,0.50041294,0.45393884,0.42665598
2020-10-21,0.5433293,0.6423954,0.47499257,0.4418951,0.5001192,0.45359626,0.426353
2023-05-11,0.54353684,0.6425336,0.47533137,0.44208303,0.5003688,0.45399088,0.42665052
2022-01-03,0.54366463,0.6427657,0.4753848,0.4423051,0.50053746,0.45404714,0.4268425
2019-08-31,0.54161143,0.639779,0.4737288,0.4406118,0.49851573,0.45136794,0.4244373
2022-11-18,0.5430971,0.64223593,0.4749519,0.4418027,0.50013864,0.45354673,0.4263472
2024-01-27,0.5434425,0.64251953,0.47531316,0.44205722,0.5003359,0.45386013,0.42657694
2022-05-22,0.5430307,0.6419083,0.4747576,0.4414021,0.4998209,0.4532696,0.42591417
2020-10-08,0.54329485,0.64227766,0.4750032,0.44188926,0.50005156,0.45355007,0.42633498
2023-09-28,0.5404956,0.6398146,0.4724045,0.44012675,0.4985571,0.45133188,0.4245382
2022-11-13,0.5432308,0.6423695,0.47505915,0.44193017,0.50023466,0.45367792,0.426487
2020-09-17,0.5427049,0.6414016,0.4745225,0.44144788,0.4993432,0.4529609,0.42586553
2022-05-28,0.54319495,0.6421041,0.47495592,0.44160488,0.4999565,0.45339474,0.42607927
2021-08-23,0.54337955,0.6431067,0.47515798,0.44178563,0.500227,0.4536599,0.4260798
2021-02-25,0.5435282,0.6426268,0.4753864,0.4422037,0.5003601,0.4539347,0.4267185
2021-01-20,0.54346436,0.6425411,0.47532818,0.44210312,0.50032294,0.45386428,0.4265641
2023-04-04,0.54321414,0.64219147,0.4750357,0.44180927,0.49993873,0.45361766,0.42636472
2024-10-19,0.5427583,0.6415226,0.47478738,0.44144592,0.49978969,0.4534311,0.4258494
2019-07-01,0.5430098,0.64201325,0.4748099,0.44166282,0.49994332,0.4535019,0.42625058
2023-12-23,0.5436467,0.6427284,0.4753638,0.44226852,0.5005158,0.4539903,0.42678094
2022-08-20,0.5411286,0.64024305,0.47336525,0.43979484,0.49838364,0.45216691,0.42399257
2021-08-02,0.5422692,0.6405024,0.47424474,0.44142312,0.4998521,0.4534031,0.42535007
2023-04-20,0.543289,0.6424405,0.475062,0.44191736,0.5001138,0.45369935,0.42651916
2019-10-04,0.54273146,0.64176136,0.47437885,0.44145337,0.49954182,0.45307332,0.4259662
2023-09-25,0.54054624,0.63996226,0.47252783,0.44022852,0.49873435,0.45147714,0.42464972
2024-03-22,0.5430934,0.6421596,0.4749817,0.44178528,0.49991655,0.4535333,0.4262778
2020-07-12,0.54175997,0.6407409,0.47375536,0.44049317,0.49878013,0.4524068,0.42492434
2021-07-09,0.5431298,0.6423256,0.47499138,0.4418747,0.5001672,0.4535339,0.4263763
2019-10-25,0.54340166,0.6424693,0.47507057,0.44201925,0.5002416,0.453603,0.42643094
2022-09-09,0.54176265,0.64030415,0.47372085,0.4407138,0.49862525,0.4519652,0.425012
2020-12-13,0.54366565,0.64275074,0.47536886,0.4423056,0.5005256,0.45402482,0.4268327
2022-11-06,0.54326653,0.64240164,0.47506294,0.44194335,0.50024855,0.45371923,0.4264688
2021-08-12,0.5424993,0.6412168,0.47469926,0.44129056,0.49900824,0.4531206,0.4257624
2021-07-13,0.5430163,0.64222884,0.47498256,0.4417085,0.5000675,0.45341092,0.42627168
2023-09-05,0.53958464,0.63813555,0.4711454,0.43837458,0.49644065,0.4497795,0.42295724
2023-04-23,0.54306847,0.64247775,0.47494882,0.4417663,0.5000778,0.4536592,0.4265863
2024-04-30,0.5435135,0.64244926,0.47512928,0.44208515,0.50034744,0.45369312,0.42649028
2020-06-27,0.5430663,0.64223844,0.47492597,0.4417701,0.50002444,0.45352927,0.42627606
2024-08-28,0.54265594,0.6415209,0.47439602,0.44133073,0.4994281,0.4530161,0.42581564
2021-06-15,0.5417221,0.6406619,0.47370997,0.44048834,0.49872106,0.4523496,0.42499802
2022-01-31,0.543599,0.6427,0.47535393,0.4422397,0.5004836,0.45399493,0.4267727
2024-06-18,0.54276854,0.6418001,0.47486332,0.44148847,0.49965513,0.45361197,0.4262155
2022-07-12,0.54213417,0.6409718,0.47410387,0.44090414,0.49899945,0.45286918,0.42559943
2023-06-06,0.54270613,0.64161205,0.47461405,0.44130746,0.49955276,0.45318097,0.42580667
2021-05-02,0.54348207,0.64258826,0.47525358,0.44209567,0.50030655,0.4538767,0.42662957
2019-04-30,0.5433656,0.6424663,0.47513977,0.44198257,0.50019264,0.4537978,0.4265547
2020-01-04,0.54366094,0.6427645,0.47539338,0.44230902,0.50054944,0.45403308,0.42684555
2019-09-10,0.54243237,0.6413914,0.47409332,0.44125327,0.49934664,0.45313495,0.4258377
2020-06-03,0.54253614,0.641506,0.47435164,0.4412421,0.49941108,0.4529887,0.42572534
2019-10-17,0.5431544,0.64222413,0.47485587,0.4417703,0.49999583,0.45339856,0.42624095
2024-10-17,0.542815,0.6416514,0.47485623,0.44142494,0.4997697,0.4533863,0.4259044
2020-11-03,0.54355615,0.6426306,0.47526446,0.44218656,0.50040793,0.45385042,0.4266722
2020-10-14,0.54337084,0.6423915,0.47503033,0.44194153,0.50011873,0.45362905,0.4263968
2024-06-19,0.5423351,0.6412481,0.47455758,0.44119528,0.49941745,0.4536996,0.42614812
2023-04-14,0.54278994,0.64182067,0.4746115,0.44139135,0.49948925,0.45320207,0.42598054
2023-07-04,0.54085314,0.6397017,0.4728088,0.4395922,0.497423,0.45151702,0.42413378
2023-01-20,0.54197115,0.641297,0.47430202,0.4408384,0.49953535,0.4525519,0.42547366
2019-07-06,0.54284877,0.6418167,0.47465542,0.44154137,0.49976206,0.45330557,0.4260856
2023-01-23,0.54214895,0.6414311,0.4744121,0.44099274,0.4996469,0.45267886,0.42560464
2019-07-17,0.542967,0.64205796,0.47480232,0.4416458,0.49994683,0.45349753,0.42614707
2022-07-03,0.5418383,0.6409788,0.4737992,0.44089937,0.4992372,0.45270053,0.42559108
2022-05-15,0.543434,0.6425388,0.4751838,0.4420213,0.50028396,0.4537737,0.4265679
2023-07-24,0.54297566,0.64188266,0.4747336,0.44160888,0.49980345,0.45337552,0.4261858
2020-09-21,0.5428579,0.64152294,0.4746176,0.44155455,0.49936113,0.45306367,0.42594996
2021-01-02,0.5435897,0.64268994,0.47538665,0.44224,0.5004506,0.4539921,0.42676008
2023-10-28,0.5427781,0.64176637,0.47449997,0.44147426,0.49963275,0.45309237,0.425961
2019-12-12,0.54364544,0.6427346,0.4753616,0.44227758,0.50052017,0.4540149,0.42683747
2019-10-31,0.5435037,0.642604,0.47523022,0.44216177,0.50043595,0.4537903,0.42663115
2020-09-05,0.5423438,0.6410978,0.47418013,0.44106287,0.49905217,0.45265204,0.4253995
2021-01-19,0.5434995,0.6425984,0.4753584,0.44213593,0.50038856,0.45391634,0.42661887
2024-11-28,0.54347867,0.6425969,0.47537246,0.44203892,0.5002773,0.45373392,0.4265367
2021-07-19,0.54168487,0.6412716,0.47441083,0.44039923,0.49918807,0.45265922,0.42539227
2023-01-10,0.54198104,0.6412456,0.47423595,0.4408384,0.4994288,0.45260948,0.4254779
2020-10-25,0.5433632,0.6424109,0.47503388,0.44193748,0.5001456,0.45361078,0.426368
2023-08-07,0.5427669,0.64163303,0.47451848,0.44144958,0.49953538,0.4531068,0.42595074
2023-11-02,0.5430067,0.64199114,0.47468615,0.44166687,0.4998646,0.45335084,0.42617306
2020-09-09,0.54243493,0.64109015,0.47422844,0.4410176,0.49908218,0.4526344,0.42543638
2021-08-27,0.54333085,0.64222974,0.47500542,0.44194078,0.49997377,0.45361796,0.42635387
2020-12-31,0.5435654,0.64265853,0.47534806,0.44221452,0.5004438,0.45397037,0.42674276
2021-11-08,0.54265827,0.64170796,0.47477254,0.44138256,0.4997443,0.4532311,0.4261024
2022-07-24,0.54268694,0.6415004,0.47451198,0.44138554,0.4995122,0.45312926,0.4258928
2024-06-03,0.5432464,0.64232826,0.4751689,0.4419334,0.50020313,0.45367527,0.42636636
2021-08-29,0.5433241,0.64212793,0.47485682,0.44189987,0.49981004,0.45349523,0.4261727
2024-09-20,0.5427552,0.6414591,0.47440192,0.44143844,0.4995787,0.45290095,0.42585376
2024-01-18,0.54358995,0.64267313,0.4753709,0.4422035,0.50045776,0.453974,0.4267253
2023-04-30,0.5433639,0.6425708,0.4751991,0.4420681,0.5002876,0.45381477,0.42668533
2022-04-19,0.5431493,0.64214027,0.47500214,0.44178247,0.4999,0.4535382,0.42629486
2023-01-06,0.5426424,0.64185023,0.47467825,0.44142336,0.4998609,0.4531818,0.42603377
2023-06-22,0.5429369,0.64193285,0.47465503,0.44148132,0.4995398,0.45322642,0.42603227
2021-05-06,0.54348016,0.6425496,0.4752284,0.4420815,0.50029814,0.45384058,0.42658994
2024-10-04,0.54310673,0.6419317,0.47482038,0.44169456,0.49983555,0.4534117,0.4262737
2021-05-21,0.54355514,0.64256865,0.47522172,0.44214973,0.50042224,0.4539294,0.4266654
2023-03-15,0.5427857,0.6418926,0.47497407,0.44152865,0.49984133,0.4533565,0.42614478
2024-03-08,0.542597,0.6416347,0.47485608,0.44117475,0.49954218,0.4531743,0.4257797
2021-10-03,0.5423631,0.64117664,0.47427553,0.44100285,0.4991497,0.4528237,0.4255251
2021-07-30,0.54272634,0.64146864,0.4746314,0.4415901,0.4998872,0.4534129,0.42595443
2019-09-04,0.54132426,0.63937426,0.4734971,0.44054854,0.4982322,0.45100784,0.4243314
2021-06-03,0.54285955,0.64196366,0.4747318,0.44154686,0.49989137,0.45350832,0.42611596
2021-12-01,0.5433102,0.64241284,0.47510925,0.4419806,0.5002837,0.45372462,0.42654577
2024-09-14,0.54285973,0.64168644,0.474579,0.44157746,0.4997542,0.45313686,0.42605332
2022-06-02,0.5433087,0.64235014,0.47512507,0.44188532,0.5000602,0.4535894,0.42632866
2024-09-10,0.54277813,0.64163315,0.47451332,0.44148862,0.49964792,0.4530799,0.42598343
2021-01-30,0.54314053,0.64221597,0.4752772,0.4417488,0.50006896,0.45368028,0.42613962
2021-11-10,0.5430886,0.6421433,0.47502267,0.44177684,0.5001349,0.45351338,0.4263473
2023-04-28,0.5432459,0.6425293,0.4751175,0.44191337,0.5001936,0.45377705,0.42663446
2019-05-09,0.54343754,0.6424907,0.47519684,0.4420624,0.50030756,0.45383415,0.42659366
2019-04-29,0.5433534,0.6424294,0.4751286,0.44195628,0.5001497,0.45377293,0.42651498
2023-05-08,0.54352844,0.6426062,0.47531563,0.44214964,0.50036263,0.45395043,0.42668867
2019-08-18,0.5424101,0.6413409,0.4743045,0.44109547,0.4993944,0.4529165,0.42546642
2019-04-21,0.5433502,0.6424856,0.47518703,0.44199318,0.50019574,0.45381624,0.42658222
2021-06-16,0.5412692,0.6402284,0.47335196,0.44005877,0.49834776,0.45199627,0.4245357
2019-06-10,0.5428596,0.64195794,0.47471514,0.44161168,0.4998489,0.45334217,0.42610133
2024-06-10,0.54276776,0.6418366,0.47480538,0.44139716,0.49971583,0.4532099,0.42562243
2022-08-27,0.5402684,0.6393675,0.47281915,0.43894318,0.49774346,0.45149055,0.42290986
2024-05-10,0.54371035,0.6425112,0.47509694,0.4420119,0.5004848,0.45370048,0.42651916
2022-09-04,0.5418687,0.64050627,0.47377083,0.4407627,0.49871135,0.45217317,0.4251427
2023-08-06,0.54276633,0.6416255,0.474494,0.44146425,0.4995565,0.45310318,0.4259499
2022-08-06,0.5431377,0.6420968,0.4749036,0.44172412,0.49995983,0.45353475,0.42628592
2024-06-28,0.54248273,0.6416206,0.474579,0.44122645,0.49946877,0.45313612,0.42588598
2024-09-24,0.5412553,0.64002126,0.4735645,0.43969023,0.4978386,0.45106912,0.4242188
2022-09-25,0.5402367,0.6379671,0.4726233,0.43960193,0.4972696,0.45010406,0.42352247
2020-02-15,0.54356456,0.6424182,0.47518864,0.442042,0.50042653,0.45373574,0.42642817
2023-02-05,0.5430805,0.6422882,0.47503796,0.44183218,0.5002352,0.45355222,0.42640078
2022-05-05,0.54324144,0.64235586,0.47503397,0.44194862,0.50010955,0.4536371,0.426478
2022-09-11,0.5417145,0.64023566,0.4736677,0.4406618,0.49861345,0.45188144,0.42493716
2022-06-28,0.5427737,0.6418231,0.4746119,0.4415553,0.49981123,0.45329624,0.42613798
2020-11-15,0.54356515,0.64262575,0.47531423,0.44216222,0.5004159,0.45386317,0.42664975
2020-02-26,0.5431245,0.6421654,0.4752637,0.44168058,0.5000992,0.45364788,0.42608422
2021-09-25,0.54276454,0.6415049,0.4745117,0.44127688,0.49944046,0.453203,0.42600006
2020-05-15,0.5434494,0.64252645,0.4751821,0.4420849,0.5003041,0.45378727,0.42658886
2023-08-24,0.5418834,0.64079446,0.47370815,0.44075176,0.49888045,0.45227635,0.4252881
2022-02-08,0.54351336,0.6425905,0.47529474,0.44214338,0.50038594,0.4539126,0.42666164
2023-09-11,0.53982985,0.6385121,0.4716067,0.4388571,0.49681252,0.45025137,0.4234946
2019-11-07,0.5435221,0.64262474,0.47529334,0.44220853,0.50049675,0.453835,0.4266981
2021-09-14,0.5431468,0.641692,0.47433752,0.44141564,0.49964994,0.45309362,0.42593583
2022-01-24,0.54361206,0.6427086,0.47534665,0.4422534,0.50047773,0.45399702,0.4267839
2021-07-22,0.54198736,0.64109296,0.47436774,0.44074664,0.49935842,0.4529347,0.42568257
2022-03-14,0.5431651,0.642176,0.47508198,0.4417837,0.50004905,0.45362535,0.42631948
2024-06-26,0.54246306,0.6414994,0.47455144,0.44117513,0.49931437,0.45315585,0.42584032
2019-06-02,0.5393248,0.6371574,0.47168577,0.43977287,0.5005236,0.457127,0.42717195
2021-09-13,0.5430906,0.6415615,0.47413582,0.4413369,0.49952492,0.45293558,0.42585444
2023-03-31,0.54299486,0.64192194,0.47478232,0.4415245,0.49962392,0.45339563,0.42608508
2023-12-04,0.5436132,0.64267206,0.47529262,0.44222564,0.5003897,0.4538906,0.42668134
2024-06-21,0.54289055,0.64180547,0.47487226,0.44147548,0.4996605,0.453673,0.42622438
2024-03-25,0.5432294,0.64230365,0.47514743,0.4418763,0.50006205,0.45365945,0.42635202
2019-11-15,0.5435246,0.64260894,0.4753137,0.44220927,0.5004672,0.4538596,0.42668983
2021-04-08,0.5429795,0.64198065,0.47487715,0.4416459,0.49978015,0.4534472,0.42625412
2019-05-02,0.54346454,0.6425393,0.47521982,0.44207367,0.50029737,0.45387793,0.42662334
2023-08-18,0.54237914,0.6411582,0.47407243,0.4411639,0.49911627,0.4527497,0.42564365
2021-09-16,0.5432621,0.64190686,0.47466794,0.44164416,0.49986896,0.45336202,0.42612648
2019-05-29,0.54277843,0.64153945,0.47447598,0.44145548,0.5000622,0.45370057,0.42610815
2022-02-01,0.54362077,0.6427209,0.47536826,0.44225818,0.5004928,0.45401785,0.42678848
2023-03-20,0.54178363,0.6406283,0.47385886,0.44039127,0.49838063,0.452385,0.42509934
2020-06-08,0.54347485,0.64253,0.47520033,0.44207472,0.50030416,0.45382982,0.42657366
2022-07-06,0.5420838,0.6410617,0.4740613,0.44095528,0.4992481,0.4528498,0.42562023
2023-11-12,0.5429692,0.6419572,0.47481576,0.44170058,0.50004953,0.45366898,0.42634118
2019-06-09,0.5427203,0.6418318,0.4746075,0.4415068,0.4997935,0.45321968,0.42599118
2020-03-12,0.5433138,0.64240074,0.47518975,0.44191363,0.5001685,0.4537274,0.42639863
2019-05-18,0.54337096,0.6423446,0.4750856,0.44194078,0.5002067,0.45372462,0.42643285
2022-01-17,0.5436622,0.6427663,0.47538438,0.44230267,0.5005236,0.45403945,0.42683217
2020-02-27,0.5431398,0.64219904,0.47525296,0.44169998,0.5001184,0.4536614,0.42611483
2024-07-30,0.54308206,0.6419668,0.47479188,0.44173366,0.49980706,0.45342475,0.42627177
2019-12-18,0.5436515,0.64272445,0.47534603,0.44227085,0.50051457,0.4540046,0.4268277
2021-11-19,0.543199,0.64229804,0.47501624,0.44190285,0.50017047,0.453621,0.4264476
2020-07-05,0.54248124,0.64178634,0.4744442,0.4413458,0.49973342,0.45315266,0.42575228
2023-07-01,0.54110986,0.6399237,0.47314724,0.4398606,0.4978173,0.4517485,0.4243525
2020-06-17,0.54298246,0.6420416,0.47495604,0.44135395,0.49974662,0.45330498,0.42602882
2024-10-03,0.5430577,0.6418689,0.4747698,0.44163623,0.49979135,0.45336926,0.4262729
2022-05-16,0.5435154,0.64262855,0.47524863,0.4420146,0.5003975,0.4538665,0.42662942
2021-08-20,0.54350287,0.6428194,0.47525978,0.44205594,0.500385,0.45380357,0.4264884
2023-03-05,0.54271805,0.6418087,0.47506014,0.44148877,0.49993777,0.45329842,0.42607737
2019-06-07,0.54269874,0.6417786,0.4745157,0.4414448,0.49976593,0.45322278,0.42602384
2022-12-29,0.5420316,0.6412353,0.4741806,0.4408421,0.49932167,0.4526295,0.42544726
2022-06-18,0.54281867,0.64190346,0.47452363,0.44154137,0.4994652,0.45318907,0.42605254
2021-11-22,0.54315203,0.6422642,0.47500935,0.44187278,0.5001467,0.4535741,0.42641318
2019-04-26,0.54342365,0.64251465,0.47518456,0.44203138,0.5002637,0.45384255,0.4265838
2020-03-15,0.5433539,0.64247406,0.47515464,0.44198555,0.5001993,0.45376062,0.42652276
2019-08-27,0.5412694,0.63983667,0.47342798,0.44007224,0.4983297,0.4515454,0.42397693
2020-01-26,0.54359657,0.64261925,0.47528398,0.44220158,0.5004478,0.45392123,0.42670006
2022-05-13,0.5433076,0.6424441,0.4750783,0.44194624,0.5001717,0.45366025,0.42650098
2022-12-07,0.542465,0.6416395,0.47456026,0.44122005,0.49973515,0.45292112,0.42577496
2022-03-16,0.54304475,0.64203125,0.47497648,0.44164523,0.49985984,0.45348018,0.4262032
2020-08-13,0.54314786,0.6421486,0.47493285,0.44182342,0.50001544,0.4535898,0.42637277
2023-10-19,0.5422055,0.6412993,0.47400662,0.44117513,0.4994395,0.45268822,0.4256452
2024-09-15,0.5429297,0.641777,0.47464564,0.44162878,0.49981517,0.45320717,0.42610827
2019-08-30,0.5416568,0.63999385,0.47371116,0.44058445,0.4985539,0.4515836,0.42450836
2024-08-16,0.54284596,0.64177275,0.47461513,0.44154844,0.49965096,0.4532386,0.4260648
2023-12-06,0.5436185,0.6426665,0.47530863,0.44222012,0.5004055,0.4539012,0.4266868
2020-01-28,0.54363424,0.6426416,0.4753032,0.44222865,0.5004942,0.45393515,0.4267111
2021-04-27,0.54350686,0.6426134,0.47528386,0.44213212,0.50033927,0.4539225,0.4266721
2024-09-23,0.54045546,0.63922364,0.4729932,0.43883672,0.49695534,0.4502792,0.4233725
2023-08-12,0.54182714,0.64063835,0.4737361,0.44058594,0.498718,0.45224202,0.42509884
2019-07-11,0.5429205,0.6419239,0.47471806,0.44160262,0.49982363,0.45340034,0.4261514
2019-08-28,0.54131645,0.63965946,0.47341067,0.44014338,0.49826285,0.45133618,0.4239612
2020-02-04,0.5436256,0.64264524,0.47532424,0.44223046,0.50050616,0.4539521,0.4267224
2020-09-01,0.54301524,0.64192396,0.4747961,0.44171125,0.49983734,0.45333564,0.4261217
2021-02-09,0.5429601,0.6420408,0.4752535,0.44156593,0.49993128,0.45356905,0.42592672
2024-12-15,0.5436202,0.6426956,0.47537246,0.4422207,0.5004297,0.4539316,0.4267145
2024-02-28,0.5426455,0.64155257,0.47493964,0.44115865,0.4996347,0.45320868,0.42584082
2019-09-01,0.5417876,0.6399054,0.47406083,0.44098234,0.4987443,0.45138785,0.424665
2019-09-15,0.54153866,0.6402667,0.47303116,0.44046623,0.49852273,0.45253462,0.42512137
2023-06-18,0.5428561,0.6418864,0.4746898,0.44152203,0.4995347,0.45329165,0.42610645
2024-08-31,0.5420833,0.6409124,0.47390985,0.4408879,0.4989318,0.45248586,0.4253995
2020-01-27,0.54359794,0.6425884,0.4752619,0.44218692,0.50045276,0.45389703,0.42667213
2023-02-12,0.5420153,0.6414178,0.47475198,0.44089475,0.49996603,0.45255795,0.42555723
2021-08-22,0.5434102,0.64291644,0.4752031,0.44189093,0.5002368,0.45365435,0.42622238
2021-01-04,0.5436042,0.64271224,0.47539192,0.44224408,0.5004714,0.45400265,0.42676634
2022-08-21,0.53994006,0.6392468,0.47265217,0.43846962,0.49763203,0.45152205,0.42235795
2023-01-11,0.5419679,0.64125115,0.4742191,0.44083884,0.49941668,0.45260435,0.4254748
2023-04-09,0.5426275,0.6415451,0.4744207,0.4411445,0.49915972,0.45304245,0.42572352
2024-12-03,0.54354036,0.6426415,0.47538006,0.44210672,0.50032806,0.4538184,0.42660573
2023-07-11,0.54274887,0.64153177,0.47448683,0.44134855,0.4994821,0.45313564,0.42595345
2023-04-10,0.5425082,0.64145136,0.47435406,0.44107333,0.49906975,0.4529493,0.425687
2021-04-13,0.5431622,0.64218426,0.47498292,0.4417946,0.4999243,0.45359954,0.42634425
2022-11-17,0.54308176,0.6422028,0.4749525,0.44179356,0.5001355,0.4535278,0.42633802
2022-09-19,0.54108685,0.63935435,0.47312012,0.44019622,0.49803388,0.4512851,0.42444745
2023-09-29,0.5404371,0.6395658,0.47235197,0.43989575,0.49817052,0.4511728,0.4243352
2024-10-20,0.5427904,0.64151895,0.47478867,0.44146657,0.49981135,0.45342636,0.4258148
2020-12-16,0.54364765,0.64272326,0.47536305,0.4422855,0.50050056,0.45401195,0.42680743
2021-11-17,0.5432729,0.6423574,0.47506475,0.44197166,0.50022507,0.45368165,0.42650735
2024-12-16,0.5435813,0.64267725,0.47538692,0.44217396,0.5003902,0.45388362,0.4266713
2023-06-10,0.5429583,0.6420051,0.4748437,0.44164225,0.4998135,0.45343828,0.426174
2021-12-22,0.5436644,0.64275765,0.47537112,0.44229573,0.5005416,0.45403898,0.42684078
2023-04-27,0.54302746,0.6424866,0.47500193,0.44174775,0.5000589,0.45368165,0.4266295
2024-10-28,0.542803,0.6417232,0.4749734,0.44130853,0.49963155,0.4531548,0.42588258
2021-05-09,0.54349786,0.6424717,0.4751694,0.44203502,0.5002941,0.45378903,0.42650786
2019-04-12,0.54307425,0.6420856,0.47493812,0.44167137,0.49981457,0.45352387,0.42625475
2020-11-11,0.5435929,0.6426623,0.47531715,0.44219688,0.5004551,0.45388705,0.42669818
2023-12-26,0.5436254,0.64271456,0.47538987,0.44224837,0.50049627,0.4539962,0.42677173
2022-08-14,0.5406003,0.63976353,0.472993,0.43914273,0.49791968,0.45184913,0.42323384
2024-08-01,0.5432004,0.6420686,0.474925,0.44180194,0.49983203,0.45353094,0.42628053
2023-06-12,0.5430721,0.6420884,0.4749347,0.4416935,0.4997638,0.45355228,0.4263033
2021-02-21,0.54349077,0.64256966,0.47536206,0.44216436,0.5003217,0.4538791,0.42665094
2021-11-30,0.54328406,0.6423751,0.4750739,0.44196728,0.5002586,0.45369822,0.42651844
2020-02-23,0.5432969,0.6422075,0.47512606,0.44180214,0.5001741,0.45359966,0.42620033
2021-05-19,0.5435416,0.64258784,0.47525463,0.44214723,0.500416,0.4539211,0.42666972
2023-08-16,0.5421327,0.6409955,0.473888,0.44087508,0.49892774,0.45250854,0.42542976
2022-09-10,0.54179645,0.6403493,0.47373828,0.44076988,0.4986587,0.45200798,0.42506695
2020-06-24,0.54110664,0.640298,0.4739436,0.4399323,0.4981858,0.4521487,0.42512822
2020-02-21,0.54341334,0.6423664,0.47524148,0.44195044,0.5003014,0.4537376,0.42636782
2021-02-26,0.5435501,0.6426382,0.47536206,0.4422233,0.5003774,0.4539371,0.42673233
2023-02-22,0.54237753,0.64141923,0.47470397,0.441124,0.49951482,0.45295388,0.42572725
2019-12-07,0.5435998,0.64269733,0.4753416,0.4422262,0.50049376,0.4539697,0.42681065
2023-08-19,0.54220533,0.6410953,0.4740005,0.441075,0.49911875,0.45260772,0.4255472
2020-05-21,0.5434439,0.64248717,0.47515443,0.44201377,0.5002809,0.45377496,0.4265172
2021-10-24,0.54240316,0.64139247,0.4746464,0.44100335,0.49935734,0.4529889,0.42590052
2019-09-30,0.54256946,0.6416539,0.4742809,0.4413258,0.49946222,0.45293573,0.4258615
2022-05-12,0.5432579,0.64238393,0.47505006,0.4419302,0.5001187,0.45362008,0.42646354
2024-01-08,0.5436292,0.6427257,0.47538525,0.442258,0.5005043,0.45401302,0.42678767
2020-08-14,0.5431673,0.64216363,0.47495243,0.44185695,0.500044,0.45361882,0.42640492
2023-01-18,0.5419292,0.64123285,0.47428626,0.44080415,0.49952784,0.45251378,0.42544457
2021-08-30,0.5433548,0.64210004,0.4748127,0.4418763,0.49973384,0.45343292,0.42609382
2020-05-18,0.54346514,0.64255065,0.47520867,0.4421118,0.5003334,0.45381388,0.42659974
2022-02-10,0.5434403,0.64251405,0.47525156,0.44207805,0.5003281,0.45386112,0.42660055
2021-07-25,0.5424612,0.64139,0.4745407,0.44128355,0.49975455,0.45325717,0.42584163
2019-10-26,0.5433999,0.64247483,0.47507992,0.4420271,0.50026023,0.45360133,0.42642632
2020-07-01,0.5432294,0.6423111,0.47499654,0.44187322,0.50011295,0.45367974,0.42634833
2021-07-16,0.54223543,0.6415771,0.4745245,0.44103912,0.4995654,0.45298558,0.42596054
2024-10-27,0.5428145,0.6417263,0.4749606,0.4413718,0.4996356,0.45320916,0.42592585
2019-05-24,0.5432104,0.64218605,0.4749533,0.44181615,0.50009614,0.4536062,0.42631072
2019-04-16,0.54300493,0.6420469,0.47488004,0.4415847,0.49968013,0.45346552,0.4261602
2019-12-15,0.5436305,0.6427198,0.47535864,0.44226015,0.5005153,0.45399928,0.4268208
2023-05-18,0.54357135,0.6424828,0.47530302,0.44204637,0.50043344,0.45397893,0.42659813
2023-09-04,0.5399229,0.6386541,0.47157457,0.43879962,0.49688986,0.45022354,0.42334303
2024-10-12,0.54301125,0.64188766,0.4748277,0.4415359,0.49977353,0.45337054,0.42608455
2022-09-17,0.5412559,0.6395529,0.47327808,0.44037,0.49815828,0.45134938,0.42455924
2019-07-15,0.54314566,0.6422063,0.4749186,0.44179755,0.50005585,0.45361343,0.4263238
2020-02-11,0.54358464,0.64251184,0.4752355,0.44212848,0.5004542,0.4538245,0.42656124
2023-11-28,0.5435379,0.6426045,0.47524884,0.44214094,0.5003312,0.4538046,0.42661577
2023-12-01,0.5435728,0.6426319,0.47527093,0.44216698,0.5003384,0.45382822,0.42662224
2019-11-01,0.54347795,0.642583,0.47522828,0.4421593,0.50042355,0.45376495,0.4266262
2022-09-03,0.54185694,0.6404869,0.4737516,0.44076002,0.4986944,0.45214322,0.42510176
2021-06-22,0.5422682,0.6413558,0.47438022,0.44082013,0.49932548,0.45298454,0.42512882
2024-09-16,0.54292595,0.64174485,0.47463506,0.4415849,0.49978808,0.45317498,0.42609262
2019-11-06,0.5434826,0.6425951,0.4752928,0.44218096,0.50042284,0.45380002,0.4266554
2020-10-09,0.5432544,0.64226836,0.47496298,0.4418158,0.50000966,0.45350465,0.42627665
2021-12-28,0.54366904,0.64276403,0.47538447,0.44230473,0.50054103,0.45404813,0.426842
2019-06-13,0.54258466,0.64174575,0.4745129,0.441446,0.49982196,0.4532083,0.4259058
2022-11-16,0.5431024,0.64223945,0.4749605,0.4418184,0.5001405,0.45355397,0.42636523
2023-06-30,0.5413914,0.6402077,0.47336376,0.44009885,0.49804768,0.45200816,0.42460847
2020-05-24,0.54346824,0.6425594,0.47522327,0.44205397,0.50035,0.45380574,0.42659315
2023-01-02,0.5419848,0.6412251,0.47419843,0.44077605,0.49931535,0.45257658,0.42541492
2019-04-27,0.5434346,0.6425175,0.47516745,0.44203398,0.5002498,0.45384374,0.42658535
2021-09-12,0.54320985,0.6417153,0.47436264,0.44145736,0.49973288,0.4531164,0.42594904
2022-06-27,0.54274607,0.64186585,0.4745422,0.44158992,0.4998549,0.45328352,0.42617166
2019-10-10,0.5430206,0.6420792,0.47465295,0.44170785,0.49986854,0.45331645,0.426216
2022-01-26,0.54357743,0.6426647,0.47531834,0.4422101,0.50043595,0.4539632,0.4267462
2021-04-20,0.54327476,0.64241755,0.4751316,0.44194353,0.50010604,0.45377028,0.42652228
2024-11-14,0.5433825,0.6424414,0.47522235,0.44197,0.5001637,0.45368958,0.42646533
2020-07-19,0.54320085,0.6420895,0.4748192,0.44171688,0.49990836,0.45351416,0.42628378
2022-07-14,0.542099,0.6408888,0.47405323,0.44089076,0.49891433,0.45277834,0.42553395
2022-03-24,0.543064,0.642169,0.47511163,0.44169548,0.49980256,0.45357808,0.42634878
2023-11-19,0.5433809,0.64245176,0.47514364,0.4420136,0.50022703,0.45366928,0.42648485
2024-02-12,0.5431314,0.642145,0.47515625,0.44166914,0.5000113,0.4535841,0.4261852
2020-07-31,0.54329264,0.64227146,0.47497073,0.44192687,0.50006765,0.45365837,0.42649904
2022-03-25,0.54276913,0.64188904,0.4749746,0.4414278,0.49953064,0.45340338,0.42614207
2021-05-10,0.5435459,0.64257044,0.47526905,0.4421171,0.5003765,0.45387772,0.4266104
2023-04-21,0.54303247,0.64237416,0.47488555,0.44174302,0.5000057,0.4535638,0.42650443
2023-02-19,0.5424282,0.6416501,0.4748207,0.44122294,0.49983555,0.45296815,0.42581996
2021-10-08,0.5424361,0.6413414,0.47442648,0.4411419,0.49943388,0.4531953,0.42583996
2022-02-26,0.54303235,0.6420913,0.4752475,0.4416004,0.5000326,0.4536262,0.42596582
2021-10-21,0.54268837,0.64169705,0.47477823,0.44131815,0.49971336,0.4532454,0.4260649
2022-05-26,0.54200107,0.6408323,0.4738458,0.4405638,0.49879816,0.45233008,0.42503586
2024-01-20,0.5435754,0.6426621,0.47537106,0.44218796,0.500456,0.4539741,0.4267136
2022-02-02,0.5436088,0.64270186,0.47535086,0.4422414,0.500479,0.45399514,0.42676976
2022-06-17,0.54263586,0.64163935,0.4744808,0.44130293,0.4993635,0.45306474,0.42576584
2022-08-09,0.5427464,0.6416773,0.4745217,0.44134605,0.4995467,0.4531988,0.42588097
2021-05-26,0.5430342,0.6419218,0.4748164,0.44191477,0.5005166,0.45444602,0.42681777
2024-01-12,0.5436277,0.6427166,0.47537574,0.44224223,0.5004758,0.45400172,0.42677623
2020-05-06,0.54345596,0.64255875,0.47522172,0.44212288,0.50031555,0.45383513,0.4266421
2021-11-28,0.54324764,0.6423428,0.47504947,0.44194126,0.50023913,0.4536781,0.4265
2021-09-21,0.54316235,0.6418946,0.47473487,0.44162256,0.4997617,0.4534409,0.42622992
2019-04-02,0.54267526,0.64153,0.47457013,0.4412875,0.4993965,0.45313475,0.42592344
2020-11-28,0.5436645,0.64270043,0.47535086,0.4422217,0.5004559,0.45393214,0.42672992
2019-11-19,0.5435621,0.64265144,0.47533992,0.4422363,0.5004812,0.45391592,0.4267441
2020-03-17,0.54343265,0.64255196,0.47519478,0.44206035,0.50028414,0.45384824,0.4266418
2023-07-25,0.5431075,0.6420214,0.4748062,0.44173813,0.49994445,0.4534619,0.42629114
2024-06-02,0.5429805,0.64199007,0.47498825,0.4417178,0.49995756,0.45342925,0.4260873
2024-02-11,0.5430209,0.6419548,0.47499806,0.4414897,0.49982464,0.45338866,0.42602882
2019-09-05,0.5418113,0.6401518,0.47375408,0.44082153,0.49864706,0.45167586,0.4248195
2020-07-02,0.54275334,0.641988,0.4746697,0.44156593,0.49995375,0.45337427,0.4259861
2022-06-25,0.5428885,0.64200294,0.4747342,0.44168356,0.49995637,0.45341238,0.42623013
2024-05-01,0.5434808,0.64239943,0.47507823,0.44203958,0.5003266,0.453647,0.42643997
2023-07-30,0.5429465,0.6418097,0.47469056,0.44161984,0.49970818,0.45330566,0.42614314
2019-10-15,0.54306954,0.64214414,0.4747504,0.44173166,0.4999405,0.45332897,0.4262129
2022-12-08,0.5424699,0.6416547,0.47455925,0.44123495,0.49970853,0.45294115,0.42580262
2022-07-30,0.5432451,0.6422455,0.47505218,0.44188198,0.50010085,0.45368388,0.4264228
2019-09-07,0.5423565,0.6411535,0.47404176,0.4411689,0.4991825,0.45280248,0.4256249
2021-01-03,0.5435996,0.64270097,0.475384,0.44223794,0.5004607,0.45399618,0.42676008
2019-03-30,0.54239935,0.6411769,0.4742028,0.4410112,0.49913117,0.4528024,0.42562115
2022-01-09,0.54367524,0.6427853,0.4754032,0.44232357,0.5005598,0.45406413,0.42685965
2022-02-21,0.54327106,0.6423452,0.47529012,0.4418791,0.5002252,0.45378453,0.4263199
2024-03-15,0.5427358,0.64185685,0.47484016,0.4414514,0.49962038,0.45327735,0.42592776
2024-02-07,0.5431992,0.6422121,0.47517112,0.44174302,0.5000663,0.4536363,0.42626393
2021-03-04,0.54321545,0.64230937,0.4751543,0.44190815,0.50004035,0.45368302,0.4264847
2020-03-08,0.54279536,0.64188325,0.4751809,0.44134736,0.49982196,0.45344326,0.42571825
2022-02-19,0.54335207,0.6424355,0.47531462,0.44196635,0.500295,0.4538347,0.4264278
2024-12-22,0.5435771,0.6426757,0.47539306,0.44215608,0.50037163,0.4538689,0.42663923
2024-11-25,0.5434867,0.64258933,0.47534943,0.4420543,0.5002862,0.45376042,0.42655516
2023-12-13,0.5436139,0.642689,0.47532555,0.44221964,0.50041705,0.4539069,0.42669713
2022-01-02,0.54364425,0.6427385,0.47536758,0.44227514,0.50050986,0.45402488,0.42681286
2020-11-17,0.543576,0.6425918,0.4752996,0.44211423,0.5003707,0.45383054,0.42660382
2020-06-05,0.54327387,0.6423074,0.47502166,0.44191754,0.5001084,0.45360824,0.42635432
2023-05-24,0.5434806,0.64233416,0.47526833,0.4418303,0.50037134,0.45383194,0.42637345
2020-06-01,0.5422997,0.64124537,0.47411993,0.4410006,0.49920365,0.45277122,0.42548397
2021-10-30,0.542288,0.64130235,0.47463486,0.44094545,0.49930894,0.45293853,0.4258721
2022-11-01,0.54303443,0.6421962,0.47495297,0.4417149,0.5000605,0.45353,0.4262332
2021-10-22,0.5429605,0.6419866,0.47492114,0.44157502,0.49990633,0.4534447,0.42624667
2022-02-09,0.5434415,0.64251435,0.47523582,0.44207606,0.50031334,0.4538509,0.42658812
2021-04-29,0.54348934,0.6425712,0.47523215,0.44207376,0.50029516,0.45385674,0.42659923
2021-12-11,0.54352736,0.6426164,0.47527167,0.4421666,0.5004292,0.45391446,0.42672044
2023-03-25,0.5430611,0.642049,0.47502974,0.44168943,0.49996865,0.45352516,0.42626116
2024-02-01,0.54335034,0.6423909,0.47523507,0.44194523,0.50021535,0.45376217,0.4264605
2020-05-05,0.5434716,0.6425627,0.47523248,0.4421263,0.5003394,0.45385286,0.42664596
2019-10-06,0.542828,0.6418813,0.474456,0.44156212,0.49967834,0.45317015,0.4260775
2021-09-03,0.54325455,0.6417817,0.47459936,0.4416565,0.49974167,0.45328528,0.42590967
2020-11-12,0.5435773,0.6426472,0.4753123,0.44217804,0.50043947,0.4538728,0.4266767
2021-06-27,0.543106,0.642218,0.4749548,0.44180983,0.50015813,0.4536267,0.426291
2020-06-26,0.5427139,0.64188266,0.47468948,0.4414597,0.49964774,0.45327312,0.4260194
2021-02-11,0.5429098,0.6420107,0.47527513,0.44153067,0.49994564,0.4535785,0.42588964
2020-04-02,0.54286385,0.6420616,0.47498336,0.44154197,0.49971476,0.45349294,0.42630282
2019-05-13,0.5433786,0.6423951,0.47512138,0.44198978,0.5002315,0.45376268,0.42651743
2023-10-08,0.5406919,0.6398232,0.47257408,0.44007027,0.49830252,0.4513927,0.42453372
2021-04-07,0.5429689,0.6419429,0.47483703,0.44163316,0.49974608,0.4534126,0.42621267
2024-03-10,0.5428124,0.64182496,0.47500643,0.44144422,0.49976158,0.4533409,0.425975
2022-03-07,0.54287475,0.64193267,0.47521052,0.44142088,0.49988404,0.45350307,0.4257765
2024-04-29,0.5434899,0.64252347,0.47518086,0.4420959,0.5003479,0.45376468,0.42658085
2020-12-04,0.5436648,0.64273727,0.4753623,0.4422998,0.50051004,0.4540146,0.426818
2023-12-15,0.5436215,0.6426826,0.47534516,0.44223225,0.5004507,0.45393494,0.4267167
2021-08-09,0.54200613,0.6407442,0.47444746,0.44124633,0.49889,0.4531603,0.42538145
2024-03-03,0.5425973,0.64156514,0.47491097,0.44118696,0.49972942,0.4533335,0.4259839
2024-08-04,0.54318357,0.6421297,0.4749593,0.44183344,0.49992937,0.45353723,0.42632726
2023-09-17,0.5404552,0.63938147,0.47216797,0.43957278,0.49786034,0.4509055,0.42408696
2021-06-09,0.5430791,0.6421558,0.47491774,0.4416576,0.5000346,0.45355895,0.4262244
2024-01-29,0.54343295,0.6425058,0.4753357,0.4420514,0.50034297,0.453873,0.4265621
2024-06-11,0.54275864,0.64181006,0.47479996,0.4414056,0.49972078,0.45317876,0.42560166
2024-10-23,0.5428338,0.6415787,0.47486833,0.44157112,0.49993086,0.45356125,0.42590857
2022-02-07,0.5435582,0.6426516,0.47534052,0.44219112,0.5004342,0.45396075,0.42670572
2019-10-21,0.5433308,0.6424336,0.4750216,0.44195417,0.5001972,0.45358792,0.42642504
2024-04-26,0.543472,0.64254713,0.4752031,0.4421082,0.50034356,0.45379993,0.4266109
2020-06-12,0.5427099,0.64172405,0.47477213,0.44126815,0.4992369,0.45317537,0.42596626
2022-05-08,0.543002,0.6421804,0.4748417,0.4417581,0.49987456,0.45340613,0.4262876
2024-12-09,0.54359186,0.6426869,0.47538245,0.44218394,0.50039,0.45389903,0.42667857
2021-07-21,0.54269564,0.64179254,0.47476706,0.44131178,0.4997836,0.45332977,0.42605057
2020-02-22,0.5433847,0.64228654,0.47515872,0.44188994,0.5002489,0.45364836,0.42627874
2020-11-30,0.5436757,0.64273214,0.47535625,0.4422728,0.50050366,0.45397893,0.42678484
2021-09-30,0.5426015,0.64144,0.47449824,0.441173,0.49939805,0.4530289,0.42577663
2021-10-04,0.54238665,0.6412699,0.47429794,0.4410509,0.4992475,0.45289823,0.42558038
2023-07-29,0.5429382,0.6418076,0.47467947,0.44162694,0.4997462,0.45330694,0.42614543
2021-07-12,0.5429149,0.64218813,0.47486445,0.4416506,0.500064,0.4533418,0.42618576
2024-09-07,0.5424592,0.641298,0.4742536,0.44122413,0.4993587,0.45281032,0.42572516
2024-05-03,0.54356265,0.6423597,0.47502872,0.44199663,0.5003238,0.45359695,0.42640346
2023-10-13,0.5411399,0.64035636,0.47308537,0.4405433,0.4989055,0.4518967,0.4250136
2024-12-11,0.54362744,0.64271027,0.47538167,0.442223,0.5004295,0.4539403,0.42672116
2022-08-29,0.53730476,0.63689065,0.47099853,0.43567905,0.49584648,0.44993576,0.41884753
2019-09-11,0.5422527,0.6411797,0.47390503,0.4410956,0.4992653,0.4531132,0.42573702
2022-04-04,0.5432966,0.6424419,0.47525036,0.4419353,0.500115,0.45376536,0.42651317
2024-06-01,0.54317236,0.64218193,0.47508407,0.44187236,0.50010335,0.45359224,0.426275
2020-12-27,0.5435987,0.64268595,0.47535086,0.44224232,0.5004771,0.4540055,0.42677182
2020-07-03,0.5425991,0.6418,0.4745552,0.44130817,0.4996609,0.4532074,0.42572254
2019-11-25,0.5435452,0.6426231,0.4753129,0.44221625,0.50046265,0.45390475,0.42673162
2020-05-20,0.54343563,0.6425008,0.47516245,0.44204035,0.5002913,0.45379597,0.42654896
2024-03-18,0.54294705,0.6420486,0.47495952,0.44165865,0.49979445,0.45345122,0.4261247
2024-08-17,0.54281837,0.6417543,0.4746273,0.44153172,0.49961823,0.45323443,0.42605224
2020-11-29,0.5436629,0.6427239,0.47535893,0.4422562,0.5004598,0.45394614,0.42675745
2024-05-24,0.54294544,0.6417211,0.4745896,0.4412844,0.49951506,0.45304644,0.42564046
2020-10-30,0.5435192,0.64256567,0.4751886,0.44212642,0.50035036,0.45377412,0.42659128
2023-03-02,0.54276335,0.6418967,0.47494656,0.44148785,0.49989298,0.45325702,0.42605904
2024-12-01,0.54355526,0.64265245,0.47536314,0.4421422,0.5003631,0.45385018,0.42664558
2023-08-21,0.5421708,0.64099884,0.4739002,0.44104198,0.49901193,0.4525538,0.42554334
2022-01-11,0.5436704,0.642785,0.47540292,0.44232264,0.50055754,0.4540637,0.4268587
2019-12-28,0.5436612,0.64275557,0.4753748,0.44229487,0.500542,0.45402434,0.42683986
2021-09-10,0.5432606,0.6417695,0.47437277,0.4414593,0.49971288,0.45307174,0.42594853
2024-09-01,0.54208964,0.64090574,0.4739602,0.4409107,0.49898544,0.45250654,0.42541704
2022-08-30,0.5384351,0.63774556,0.47167182,0.4370286,0.49651176,0.4503975,0.42049122
2020-11-25,0.5436522,0.6426878,0.4753568,0.44219467,0.5004466,0.45390016,0.4266994
2024-12-12,0.54363585,0.6427211,0.4753785,0.44224516,0.5004503,0.4539571,0.42674488
2020-11-22,0.5436234,0.6426436,0.4753247,0.44214052,0.5003956,0.45384893,0.42663816
2019-08-24,0.5407477,0.6396298,0.47302008,0.43946514,0.49796814,0.4514789,0.42350477
2024-10-09,0.5430831,0.6419137,0.47480425,0.44160405,0.4998154,0.4533974,0.42616925
2019-12-11,0.54363924,0.6427255,0.47535604,0.44226563,0.50052017,0.45399833,0.42682827
2023-07-08,0.5416889,0.6405338,0.4735577,0.44047534,0.49838388,0.45211,0.42494422
2020-11-10,0.5436155,0.6426805,0.4753223,0.44221565,0.50047326,0.45392007,0.42672172
2024-11-23,0.54354113,0.6426159,0.47532824,0.44212288,0.5003388,0.4538295,0.42661807
2022-01-28,0.5435889,0.64268976,0.47534123,0.442234,0.50047505,0.45398286,0.4267745
2019-12-20,0.54364884,0.6427323,0.47536132,0.4422799,0.50052565,0.45401376,0.42682976
2022-06-04,0.5428714,0.6419205,0.4748358,0.44157726,0.4994991,0.453195,0.42590976
2022-12-17,0.5423698,0.64153326,0.47440407,0.44114116,0.4995383,0.45288706,0.4256971
2024-03-17,0.5428468,0.6419982,0.4749154,0.44156268,0.49977854,0.45337886,0.4260666
2023-04-29,0.54331446,0.64256877,0.4751487,0.44198856,0.50027317,0.45380887,0.42666715
2024-08-10,0.5431513,0.6421909,0.47494683,0.44184902,0.50000185,0.453557,0.42635804
2024-05-29,0.5433379,0.6422918,0.47503355,0.4418684,0.5000215,0.45357144,0.42619887
2020-07-26,0.54317486,0.64215523,0.4749371,0.44183254,0.5000014,0.4535972,0.42639384
2020-12-23,0.543577,0.6426577,0.4753335,0.44222796,0.50044614,0.45397872,0.42676035
2020-04-29,0.5435078,0.6425935,0.47526997,0.4421112,0.50034916,0.45389226,0.42664874
2021-09-11,0.5431402,0.6416789,0.4742897,0.44140983,0.49963573,0.452989,0.42588606
2021-11-03,0.5419663,0.6408288,0.47444645,0.44069195,0.49909315,0.4527603,0.42569727
2024-05-18,0.5399759,0.6386038,0.47191814,0.43872628,0.49693626,0.45061073,0.42320353
2024-10-26,0.54283583,0.6417557,0.47496834,0.44139808,0.49970835,0.45328164,0.4259247
2023-11-17,0.5433498,0.6423978,0.475136,0.44198358,0.50023085,0.45365736,0.4264605
2019-07-13,0.5430236,0.64207494,0.47481534,0.44170842,0.4998971,0.45352015,0.42622733
2019-12-06,0.5436116,0.6427027,0.47534278,0.4422399,0.500512,0.45397255,0.42681536
2021-08-17,0.54341435,0.6424423,0.475171,0.44203576,0.5002478,0.45371726,0.4265293
2020-05-11,0.5434385,0.642537,0.47522375,0.4421031,0.50033015,0.4538067,0.42661476
2023-09-16,0.5405044,0.6393682,0.47218966,0.43947324,0.49789,0.45086658,0.42400345
2021-09-19,0.5430299,0.6416479,0.4745261,0.44143495,0.4995758,0.45322743,0.4260535
2019-12-05,0.54360855,0.642697,0.475343,0.44223663,0.50049925,0.45397225,0.42680264
2021-03-11,0.54292905,0.6419884,0.4749311,0.44163185,0.499758,0.4534449,0.426278
2022-09-16,0.5410011,0.63913846,0.47313854,0.4401768,0.4979325,0.45093948,0.42423218
2022-12-04,0.5424315,0.6416102,0.47449622,0.44120288,0.4996472,0.45291337,0.42576748
2022-11-15,0.54318005,0.6423154,0.4750164,0.4418885,0.50021535,0.45363376,0.42644492
2022-09-13,0.54108477,0.639362,0.47318923,0.4402161,0.4979814,0.4510788,0.42431176
2019-05-07,0.5434524,0.6425118,0.475216,0.4420774,0.5003151,0.45385626,0.42660847
2019-08-17,0.5424132,0.64135367,0.47430083,0.44110757,0.4993835,0.452909,0.42549834
2020-06-14,0.5426465,0.64166266,0.47461423,0.4412544,0.49931383,0.4531144,0.4258993
2021-11-05,0.5420361,0.64098114,0.4744886,0.4407721,0.49913818,0.45279965,0.42575195
2021-08-03,0.5422911,0.6404685,0.474178,0.44146255,0.4999749,0.45351925,0.42534405
2021-08-05,0.54139924,0.63878375,0.47354782,0.4412818,0.5001375,0.45374367,0.42433172
2020-06-18,0.5424944,0.6417299,0.47470823,0.44103372,0.49939588,0.4530857,0.42582557
2021-11-11,0.5431071,0.642144,0.4749845,0.44180992,0.500159,0.4535353,0.4263574
2023-10-02,0.5407568,0.6396878,0.4725495,0.43988368,0.49800947,0.45129794,0.4243678
2024-02-14,0.54285485,0.6417429,0.47496974,0.44125694,0.49966192,0.45322537,0.42581126
2024-12-27,0.5436151,0.64272195,0.47540233,0.4422069,0.500397,0.45390832,0.4266872
2021-01-17,0.54352474,0.6426188,0.47536585,0.4421631,0.5004007,0.45393535,0.42664957
2023-06-28,0.54273134,0.6416602,0.47448832,0.4414189,0.49944475,0.45315403,0.42595366
2020-01-30,0.5436126,0.64263934,0.47531608,0.44222498,0.5004788,0.4539409,0.42671832
2020-10-18,0.54330474,0.6423445,0.47494066,0.4418804,0.50007683,0.45357597,0.42631215
2023-10-11,0.5409476,0.6401098,0.4728781,0.4404151,0.49869996,0.45165023,0.4248421
2023-08-28,0.54182285,0.6406725,0.47345892,0.44060943,0.49864742,0.4521491,0.42512244
2024-09-25,0.5414073,0.6402046,0.47369742,0.43987292,0.4980346,0.45136404,0.42449412
2022-12-13,0.5428651,0.64201176,0.47479415,0.441594,0.49993473,0.45331565,0.42614326
2021-08-28,0.5432673,0.6420891,0.47486523,0.44184256,0.4997793,0.45348594,0.4261816
2020-09-26,0.54328877,0.6421686,0.4750228,0.44194138,0.50002414,0.4535662,0.42637086
2024-06-30,0.5425963,0.6416812,0.47456014,0.44135094,0.49954498,0.45320213,0.4259087
2022-12-26,0.5420441,0.6412259,0.47416916,0.4408394,0.4993099,0.45262513,0.42543727
2022-08-15,0.5403272,0.6395491,0.47285077,0.43887135,0.4977518,0.45169643,0.4228965
2019-12-25,0.5436622,0.6427531,0.47538567,0.44230014,0.5005549,0.45403558,0.42684618
2023-05-02,0.54335356,0.6425432,0.47518197,0.44204155,0.50027156,0.4538053,0.42666024
2021-04-14,0.54321945,0.6422113,0.47496954,0.4418287,0.49996924,0.4535987,0.4263452
2019-06-12,0.5428308,0.64194643,0.47468033,0.44162163,0.49992472,0.45336583,0.42609903
2021-03-03,0.54325396,0.6423216,0.47520924,0.44196188,0.5000625,0.45370677,0.42651498
2022-11-21,0.5428419,0.6419788,0.47478297,0.4415756,0.49994665,0.45331648,0.4261282
2024-10-21,0.54270834,0.64134574,0.47473514,0.44145295,0.49981767,0.453463,0.42575786
2024-08-22,0.54289925,0.64182436,0.47469744,0.4416171,0.4997345,0.45330277,0.42610544
2024-11-09,0.5431456,0.64218,0.47517392,0.44165993,0.4999008,0.45342934,0.42616162
2020-08-11,0.54321986,0.6422405,0.4749879,0.44191328,0.5001026,0.45363444,0.42645913
2024-08-02,0.5431936,0.6421543,0.47497314,0.441871,0.4998999,0.4535453,0.42633012
2022-09-28,0.5408359,0.6388154,0.4730217,0.44003835,0.49785337,0.45093662,0.42417583
2020-05-14,0.54345065,0.6425305,0.47519866,0.44207108,0.5003085,0.45379293,0.42659
2022-05-18,0.543506,0.64255565,0.47527933,0.44204378,0.50040966,0.453889,0.42659697
2019-05-15,0.54340464,0.64242834,0.47514307,0.4420147,0.5002877,0.45377254,0.42652535
2020-12-22,0.54360104,0.6426936,0.47534892,0.44224662,0.5004748,0.45399466,0.42678326
2021-02-22,0.5434983,0.6425845,0.4753557,0.44216675,0.5003332,0.45390493,0.42667288
2023-05-15,0.5435283,0.6424684,0.4752789,0.44204977,0.5003625,0.45394295,0.4265926
2022-03-01,0.5430042,0.6420246,0.47518113,0.4415569,0.4999863,0.4535696,0.42591348
2024-06-16,0.5423062,0.64136887,0.47444236,0.44104055,0.4993294,0.45294142,0.4256034
2023-09-01,0.5409421,0.6398134,0.4727562,0.43991578,0.49796045,0.45146358,0.42446378
2019-10-24,0.5434176,0.64249235,0.47508734,0.44204825,0.50025654,0.45363846,0.42646927
2020-08-20,0.5430484,0.6420202,0.4748276,0.4417562,0.4999417,0.45351985,0.4262945
2021-10-23,0.5427905,0.6417633,0.4748165,0.44139788,0.4997418,0.45329303,0.4261029
2024-09-09,0.54266065,0.6414703,0.47440603,0.44137606,0.4995085,0.45294875,0.42585847
2024-11-05,0.5430613,0.6420546,0.47508278,0.44157955,0.49980304,0.45336035,0.42609343
2021-09-22,0.54304653,0.64183277,0.4747143,0.4415555,0.499715,0.45346257,0.42626584
2021-12-07,0.54346067,0.6425432,0.47520792,0.44209895,0.5003728,0.45385057,0.42665288
2023-10-21,0.542464,0.64150214,0.47421843,0.44132218,0.49953315,0.45286542,0.42580038
2024-08-26,0.5428182,0.6416888,0.47453463,0.44148847,0.4996199,0.45316187,0.42598963
2021-03-30,0.5412749,0.6398748,0.4732877,0.439984,0.49790984,0.4518868,0.42472985
2020-08-26,0.5432452,0.64219517,0.47497416,0.44189316,0.50007915,0.45357212,0.42637932
2021-07-03,0.5430226,0.64222217,0.4748819,0.44171473,0.50016135,0.45351774,0.42611003
2022-03-03,0.5432978,0.6422856,0.47518393,0.4418795,0.50021565,0.4537303,0.4263214
2023-05-22,0.5436068,0.6425195,0.4753563,0.44203463,0.50048476,0.45396262,0.42657676
2020-06-30,0.5431065,0.642232,0.47486967,0.44177467,0.5000238,0.4535794,0.42622986
2020-12-06,0.5436557,0.6427305,0.47536024,0.44229743,0.5005087,0.4540117,0.42681685
2024-08-27,0.54278475,0.6416224,0.47446635,0.44140765,0.499522,0.45309794,0.42588925
2020-09-10,0.54251397,0.6411553,0.47440642,0.44115067,0.49911892,0.45273098,0.42559126
2024-04-01,0.54333794,0.6424391,0.47517726,0.44201285,0.5001785,0.45373073,0.4265208
2019-10-03,0.54261494,0.64168334,0.4742573,0.44135833,0.49946627,0.45298782,0.42588216
2024-12-31,0.54364187,0.64273727,0.47539753,0.442214,0.5003741,0.45390794,0.42667267
2024-07-06,0.5416998,0.64105517,0.47393587,0.4408735,0.49938676,0.4525626,0.42551813
2022-03-17,0.54324526,0.6423196,0.47520664,0.4418461,0.5000946,0.45370308,0.42645922
2022-02-17,0.5434005,0.6424908,0.475301,0.44201413,0.5003151,0.45385778,0.42650002
2024-07-22,0.5411581,0.6400556,0.47326857,0.43993443,0.49797535,0.45185483,0.42432293
2023-08-31,0.5413875,0.6402851,0.47314233,0.44029963,0.49840152,0.45189047,0.42482537
2019-09-26,0.5423631,0.6413738,0.47399703,0.4411138,0.49916086,0.4527579,0.4255948
2021-06-23,0.5430598,0.6420806,0.47493824,0.44173157,0.49992824,0.45355272,0.42619362
2020-12-08,0.54366887,0.64273983,0.47535866,0.44230548,0.50050956,0.45402157,0.4268236
2024-08-19,0.5429382,0.64188594,0.47475332,0.44167426,0.49979505,0.45333898,0.42616782
2021-02-04,0.54300904,0.64207405,0.47523797,0.4416111,0.49996924,0.45358828,0.42600074
2022-03-11,0.5432794,0.6423062,0.47525024,0.4418858,0.5001998,0.45375603,0.42638665
2021-01-18,0.5434899,0.6425768,0.47534665,0.4421337,0.50036347,0.45390198,0.4266073
2023-01-27,0.5420765,0.64136887,0.47432518,0.44092524,0.4995555,0.45264095,0.42552546
2020-09-12,0.54239345,0.6410891,0.47432637,0.4410591,0.4990555,0.45269644,0.42561147
2022-11-02,0.5431325,0.6423147,0.47498846,0.4418067,0.5001283,0.45360756,0.42632335
2023-08-01,0.54296076,0.6418674,0.47468764,0.44164777,0.4997686,0.45333633,0.42617738
2019-10-27,0.54338485,0.64245296,0.47507003,0.4419827,0.5002676,0.45360568,0.42639154
2024-01-02,0.5436355,0.6427107,0.47538006,0.44225156,0.5004833,0.45401263,0.42677423
2023-04-07,0.5428319,0.6417637,0.4746344,0.44139725,0.4994721,0.45324233,0.42597663
2023-08-29,0.5417893,0.6406917,0.47350323,0.44065452,0.49870825,0.4521989,0.4251682
2024-03-02,0.542488,0.6414536,0.4748484,0.44108614,0.49960062,0.45319536,0.42585123
2019-09-06,0.5422224,0.6408399,0.47400174,0.44110042,0.4989899,0.45241186,0.42538118
2019-09-21,0.541646,0.6405081,0.47325087,0.4404437,0.49854738,0.45236003,0.4250729
2021-12-04,0.5434238,0.64250934,0.47518468,0.44207153,0.5003485,0.45381594,0.42662853
2022-07-13,0.5421149,0.64093095,0.47410494,0.44088957,0.49890378,0.45284194,0.42555854
2021-07-10,0.543051,0.64222664,0.47490016,0.44178587,0.5000857,0.45343724,0.42627844
2021-03-17,0.5429344,0.6420037,0.47495016,0.4416522,0.49975395,0.45343524,0.42627916
2023-04-12,0.54289716,0.64183336,0.47463372,0.4413883,0.4994702,0.4532546,0.42591998
2021-08-31,0.5433951,0.6421551,0.47478825,0.44189838,0.49975944,0.4534518,0.4260457
2024-11-29,0.54351026,0.64261043,0.47536793,0.44207415,0.5003121,0.45376784,0.42655602
2023-06-19,0.54297966,0.6420122,0.47478637,0.44155988,0.49965876,0.45332232,0.4260933
2023-03-21,0.5428043,0.64187795,0.4749107,0.44145578,0.4996205,0.45340312,0.42608196
2019-11-04,0.5434855,0.6425884,0.4752593,0.44218135,0.500434,0.453775,0.42664626
2021-03-10,0.5432593,0.6423815,0.47524267,0.44197705,0.50014395,0.45375192,0.42657334
2023-05-07,0.54351753,0.6425713,0.47529662,0.44214478,0.50034416,0.45392278,0.4266688
2021-05-25,0.54329187,0.6422623,0.47503147,0.4420215,0.500471,0.45417005,0.42672336
2024-05-06,0.543658,0.64226824,0.4749511,0.44196373,0.5004037,0.45348346,0.42626575
2020-01-06,0.5436642,0.6427626,0.47539914,0.44230968,0.5005467,0.45404282,0.42684564
2023-02-23,0.54243386,0.6413986,0.4746293,0.44114208,0.4994235,0.45297384,0.42574653
2023-06-03,0.54243624,0.6411521,0.47435802,0.44086814,0.49929652,0.45294988,0.42544585
2020-09-30,0.543311,0.6422114,0.47501504,0.44193852,0.5000581,0.4535632,0.42636004
2021-05-16,0.54356015,0.642588,0.4752662,0.44213492,0.5003926,0.45389977,0.4266224
2020-10-07,0.54325914,0.6422222,0.47500977,0.44188213,0.50003165,0.45353436,0.42631808
2022-12-09,0.5424858,0.64163995,0.47452408,0.44122988,0.49967375,0.45293352,0.42578256
2022-12-16,0.5423986,0.6415628,0.47441298,0.4411433,0.49955407,0.4528984,0.42570952
2019-09-28,0.5425014,0.64152783,0.4741385,0.44123885,0.4993219,0.4528549,0.4257619
2019-11-28,0.54355735,0.6426449,0.47533002,0.44221872,0.50048727,0.4539181,0.42676148
2023-11-30,0.5435807,0.64264745,0.47527373,0.4421929,0.500375,0.4538586,0.42666373
2023-01-07,0.54304004,0.6422137,0.4749456,0.441775,0.50013524,0.45351747,0.42635876
2024-04-12,0.5434306,0.64253473,0.47523233,0.44209912,0.5003193,0.453817,0.4266183
2020-04-22,0.543379,0.642468,0.47518504,0.44198537,0.500235,0.45378992,0.42654735
2021-04-19,0.54327786,0.64242214,0.47515565,0.44196942,0.50013196,0.45378,0.4265429
2024-07-18,0.5423015,0.64120287,0.47421494,0.44109607,0.4991365,0.45288208,0.4257193
2021-06-20,0.53882676,0.638281,0.4719765,0.43727165,0.4968575,0.4508469,0.42098054
2024-08-05,0.5432182,0.642191,0.4750022,0.44185284,0.49998546,0.45357522,0.42634884
2024-09-22,0.5412432,0.64003944,0.4734841,0.43971494,0.49789205,0.451199,0.42422172
2024-02-13,0.54293525,0.6418452,0.475013,0.4413883,0.4997626,0.4533119,0.42594197
2019-06-26,0.54117906,0.640653,0.4736119,0.44000208,0.4989217,0.45248014,0.42425027
2024-07-13,0.5422629,0.6410724,0.474133,0.44101858,0.49922088,0.45295683,0.42576393
2024-06-27,0.5423254,0.6413952,0.47440416,0.44107714,0.4993185,0.45298415,0.42576018
2021-05-22,0.54352546,0.6425496,0.47521654,0.44214565,0.50044715,0.4539569,0.42667794
2019-10-19,0.5432234,0.64231175,0.4748956,0.4418477,0.50008655,0.45344022,0.42629495
2019-12-24,0.5436623,0.642761,0.47538486,0.44229883,0.50055146,0.45404366,0.4268518
2024-11-01,0.5429642,0.6418899,0.47503623,0.4414936,0.49974477,0.45322478,0.4260341
2024-08-06,0.5432702,0.64228344,0.47503108,0.44187948,0.50005794,0.4536346,0.42638013
2021-07-18,0.5419978,0.6413338,0.47446674,0.4408168,0.4994284,0.45289755,0.42581084
2019-07-28,0.54275393,0.6418924,0.47474128,0.44140306,0.49981695,0.4534191,0.42573294
2020-03-11,0.54318136,0.64226943,0.47518897,0.44175455,0.50008565,0.45366505,0.42622963
2020-09-16,0.542635,0.6413212,0.47452384,0.44137076,0.49931893,0.4528552,0.4258221
2021-12-03,0.54336494,0.6424461,0.47515336,0.44202363,0.5003194,0.45377868,0.42658776
2023-09-22,0.54115415,0.64024365,0.4730207,0.44036287,0.49857652,0.45177856,0.42484045
2022-07-15,0.5420659,0.6408848,0.4740512,0.4408811,0.4988505,0.45281956,0.42552036
2021-07-17,0.54189944,0.6412492,0.47434816,0.44075936,0.49939692,0.4527837,0.42565712
2020-07-15,0.5429199,0.6418837,0.4746877,0.44159204,0.499801,0.45335844,0.42611676
2019-07-03,0.5429483,0.64194155,0.47474846,0.44160822,0.4998729,0.45342317,0.42618188
2024-12-30,0.54363585,0.64273274,0.4753898,0.4422094,0.50037867,0.4539176,0.42668164
2021-04-28,0.5434968,0.64257514,0.47524983,0.4420843,0.5002889,0.4538817,0.42661855
2023-03-16,0.54254144,0.64158803,0.4749551,0.44132125,0.4996932,0.4532083,0.4259606
2023-11-29,0.54355323,0.64260787,0.47524196,0.44215897,0.5003473,0.4538213,0.42661816
2024-06-22,0.5428069,0.64171845,0.4747746,0.44143677,0.49969018,0.45357734,0.42616603
2020-10-17,0.5432863,0.6423363,0.47496793,0.44190043,0.5000948,0.45359147,0.42635846
2023-04-08,0.5427047,0.6416081,0.47449175,0.44123426,0.4992797,0.4531026,0.42582276
2019-05-16,0.543397,0.6424125,0.4751359,0.4420058,0.50029004,0.45376647,0.42651358
2021-09-04,0.543054,0.64160526,0.4744678,0.44153258,0.49978706,0.4531883,0.42590898
2022-04-10,0.5432915,0.64236486,0.4751034,0.4419102,0.50005436,0.45369047,0.42643806
2022-09-14,0.54114705,0.63933283,0.4732939,0.44034818,0.49803057,0.45103103,0.42434028
2019-04-22,0.54338914,0.64250046,0.475166,0.44201097,0.5002324,0.4538283,0.42658657
2023-01-30,0.5420632,0.6413727,0.47430873,0.44092274,0.4995614,0.45263967,0.42551586
2024-04-08,0.5434567,0.64255196,0.4752483,0.44212896,0.50029814,0.4538512,0.42664084
2021-10-18,0.54195505,0.6409494,0.47431082,0.44070703,0.49921504,0.45302686,0.42571074
2022-12-18,0.5423176,0.64150536,0.47438738,0.44110405,0.49953023,0.45284325,0.42567068
2021-02-12,0.542929,0.64201826,0.47526324,0.44154492,0.49995106,0.45355967,0.4258878
2024-12-04,0.5435845,0.642676,0.4753872,0.44216475,0.5003704,0.45386094,0.42665082
2022-03-09,0.54305005,0.64209336,0.4752131,0.4416219,0.5000077,0.4535915,0.42604366
2024-03-13,0.54290617,0.641919,0.47500288,0.4415544,0.4997691,0.45338863,0.42600918
2023-12-20,0.54363334,0.64272195,0.47536692,0.44226283,0.50047433,0.45398015,0.42677736
2022-06-19,0.54286295,0.64192295,0.47465655,0.4415633,0.49961537,0.45324472,0.4260592
2024-03-28,0.5433514,0.6424136,0.47519436,0.44200632,0.50015545,0.4537577,0.42649806
2019-08-21,0.5421489,0.64099354,0.4740668,0.44083574,0.4991779,0.45259956,0.42507997
2022-11-07,0.5432658,0.6424054,0.47507864,0.44196835,0.50026774,0.45371383,0.42649138
2023-06-07,0.5427294,0.6416584,0.4745973,0.4413393,0.49947402,0.45317626,0.42584053
2019-12-16,0.54364425,0.64273053,0.47536218,0.44226852,0.5005156,0.45400807,0.4268248
2022-06-15,0.542739,0.6418204,0.47447982,0.44145086,0.49942648,0.45309743,0.42592672
2023-04-24,0.54344016,0.6426088,0.47520423,0.4420854,0.5003286,0.4538527,0.42668968
2021-06-28,0.5432683,0.6423346,0.47504792,0.4419359,0.5002621,0.45369068,0.4264052
2019-05-27,0.542841,0.6418248,0.4746545,0.44149575,0.49988428,0.45346877,0.42606154
2024-12-06,0.54351175,0.6426387,0.47540808,0.44208655,0.5003336,0.45380995,0.42659464
2020-02-03,0.54360837,0.64264107,0.4753235,0.44221815,0.50048584,0.45394766,0.4267113
2024-09-28,0.5425934,0.6413788,0.4745166,0.44118255,0.49935353,0.45282775,0.4258032
2022-07-10,0.54201347,0.64082927,0.47399354,0.4408091,0.4989334,0.45277718,0.42550853
2024-03-12,0.5427327,0.6417585,0.47488418,0.44142252,0.4996257,0.4532649,0.4258992
2023-10-29,0.5427583,0.64176434,0.47452858,0.44147268,0.49963883,0.45309597,0.42596886
2021-04-04,0.5427215,0.64164495,0.47461846,0.44140592,0.4994997,0.4532119,0.42600796
2020-12-28,0.54360795,0.6426953,0.4753583,0.44225296,0.50046843,0.45399842,0.42676896
2020-10-19,0.5432822,0.642332,0.4749271,0.4418447,0.5000522,0.45351642,0.42626998
2022-02-12,0.5434051,0.6424728,0.4752312,0.44203296,0.50028056,0.45381996,0.426535
2024-01-16,0.5435951,0.64269567,0.47538507,0.4422207,0.5004616,0.45398816,0.42674464
2021-10-29,0.5420184,0.64094234,0.47445655,0.44066554,0.49904257,0.4527323,0.42568076
2019-06-04,0.54243225,0.64129883,0.47436726,0.4413586,0.50008476,0.45405662,0.42640007
2020-08-16,0.54310805,0.64200723,0.47488284,0.44184175,0.49999553,0.45346606,0.42636886
2020-07-08,0.54257905,0.6417129,0.4745604,0.4412168,0.4996174,0.4532076,0.42558357
2024-09-17,0.542974,0.6417594,0.4746984,0.4416459,0.49983972,0.4531921,0.42611733
2022-03-10,0.54321843,0.642257,0.47522956,0.44181216,0.5001529,0.4537039,0.42627275
2023-05-29,0.5435342,0.6424458,0.47523487,0.44196394,0.50040305,0.4538565,0.42650622
2021-12-09,0.54346955,0.64253414,0.47521654,0.44210225,0.50038964,0.45385885,0.4266606
2020-09-23,0.5432243,0.6420744,0.47491193,0.44187137,0.4998352,0.45350182,0.42632303
2024-05-26,0.5432181,0.642072,0.4748233,0.44152984,0.49979708,0.45328605,0.42582682
2023-02-27,0.54281574,0.64196354,0.47494298,0.4415531,0.49994123,0.45330027,0.4261114
2021-04-18,0.5432805,0.6424169,0.475152,0.44196412,0.5001336,0.45377225,0.42653972
2024-01-26,0.54345584,0.64252937,0.47531584,0.44206455,0.5003531,0.45387182,0.42659137
2023-10-23,0.5425566,0.64158064,0.4743483,0.44137156,0.4995542,0.45293528,0.42585337
2023-09-15,0.5406002,0.63945144,0.47227845,0.43952432,0.49783987,0.45093685,0.42408687
2023-10-22,0.54259324,0.64163554,0.47432047,0.44141963,0.49963918,0.45298505,0.42590916
2023-05-10,0.5435654,0.6425822,0.47533837,0.44213015,0.50040877,0.45400226,0.42669183
2020-06-22,0.5401142,0.6392857,0.47354302,0.43894258,0.49714077,0.45142263,0.4247189
2021-05-24,0.54333705,0.64227986,0.47503215,0.44202858,0.5004224,0.4540558,0.4266612
2019-12-13,0.5436422,0.6427347,0.47536638,0.44227654,0.50052744,0.4540086,0.42684096
2024-08-30,0.5422203,0.6410668,0.4740543,0.44103605,0.49911702,0.45261422,0.42554566
2023-05-03,0.54346704,0.6425896,0.4752635,0.4421489,0.50036114,0.45387796,0.4267075
2019-04-19,0.5432906,0.6423832,0.47523534,0.44190797,0.50003546,0.45377636,0.4264625
2021-08-07,0.54147094,0.6389113,0.47361568,0.4413428,0.49997246,0.45372266,0.4244191
2021-11-24,0.54331034,0.642405,0.47510177,0.44199267,0.50024897,0.45370516,0.4265283
2020-08-23,0.54327685,0.6421829,0.4748907,0.44181895,0.5000436,0.45355067,0.42632648
2023-06-02,0.54283303,0.64173734,0.4746637,0.4414178,0.49969703,0.45330742,0.4259666
2019-11-21,0.5435752,0.64265215,0.4753357,0.4422405,0.5004872,0.4539206,0.4267415
2020-09-22,0.543058,0.641879,0.47480124,0.44177243,0.49965096,0.45333868,0.42620423
2022-11-08,0.543234,0.64238834,0.47505367,0.4419548,0.5002419,0.45369077,0.42648184
2022-05-09,0.5428991,0.642045,0.47473493,0.44164795,0.499757,0.45329615,0.42618597
2024-01-05,0.543645,0.642735,0.4753864,0.44227198,0.50050426,0.45402113,0.4267983
2022-01-05,0.54369,0.6427865,0.4754024,0.44233283,0.5005636,0.4540703,0.42686164
2021-05-31,0.5415335,0.640118,0.4735602,0.44101053,0.50035244,0.45537487,0.42688644
2024-05-08,0.54359263,0.64249897,0.47509447,0.4419595,0.5003902,0.4536875,0.42653814
2021-09-27,0.54256094,0.6412423,0.47426695,0.44103563,0.4990914,0.45294783,0.42576432
2024-04-17,0.54345953,0.64254355,0.47522774,0.44211608,0.50032616,0.45384285,0.4266493
2023-01-31,0.54201293,0.6413431,0.47434676,0.44087982,0.49958587,0.4525925,0.42548072
2024-11-26,0.5434459,0.6425434,0.47534063,0.44199187,0.5002327,0.45368627,0.4264824
2022-01-04,0.5436692,0.6427694,0.47538966,0.44230443,0.5005417,0.45405298,0.42684218
2023-11-27,0.54351133,0.64258903,0.47525924,0.44212437,0.50034094,0.45377696,0.4265963
2022-06-12,0.5427035,0.64172053,0.47460085,0.44134253,0.49938688,0.45306158,0.42577523
2020-11-16,0.5435852,0.6426373,0.47533062,0.4421633,0.50041085,0.45386288,0.42666382
2024-07-02,0.5424939,0.64168423,0.4744776,0.441376,0.49966875,0.45315325,0.42589405
2023-02-24,0.54232836,0.6412736,0.47449604,0.44102556,0.49923775,0.45288894,0.4256405
2020-08-04,0.5433817,0.6424172,0.47508875,0.44201946,0.5001851,0.45375624,0.4265525
2024-02-06,0.54323226,0.6422546,0.47520405,0.44180527,0.5001325,0.45367527,0.42630994
2020-04-07,0.54231656,0.64150953,0.47433925,0.44097656,0.49907896,0.45297757,0.4257717
2019-11-05,0.54349345,0.6426002,0.47528073,0.4421789,0.5004287,0.45377952,0.4266468
2022-08-28,0.5376775,0.63724387,0.47126433,0.43610537,0.49615473,0.4501713,0.4193336
2024-08-14,0.5430843,0.6420837,0.47485447,0.4417795,0.49993652,0.45349258,0.4263005
2024-06-24,0.5426946,0.64167976,0.47471827,0.441416,0.49963668,0.4535177,0.4261637
2021-03-02,0.543259,0.6423445,0.47523153,0.4419537,0.5000858,0.45372334,0.42651552
2021-03-19,0.54259956,0.6416432,0.474701,0.44133297,0.499388,0.4531317,0.4259732
2020-10-27,0.54343563,0.6424586,0.47509995,0.4420539,0.50024635,0.45369488,0.4264998
2020-02-28,0.5429823,0.64201266,0.47521085,0.44152766,0.49997973,0.45354393,0.42588606
2021-03-23,0.54196984,0.6409118,0.47411898,0.44069138,0.49868828,0.4525593,0.42540944
2019-04-18,0.5431392,0.6422255,0.47501385,0.4417522,0.49987057,0.45362335,0.42633256
2019-10-23,0.54337573,0.64247346,0.47504824,0.4420147,0.50023025,0.45360553,0.4264411
2023-08-22,0.5421321,0.64100754,0.47385758,0.44096345,0.49900633,0.4525047,0.4255018
2021-12-26,0.543655,0.6427591,0.4753804,0.4422936,0.50054187,0.45403466,0.42683244
2022-06-01,0.54348665,0.64245695,0.47522613,0.44195342,0.5002442,0.45367917,0.42641518
2024-02-04,0.54318684,0.6421852,0.47508985,0.44174254,0.5000306,0.4535782,0.42627752
2019-10-29,0.54343706,0.6425345,0.47515365,0.4420877,0.5003395,0.45370236,0.42652088
2020-04-28,0.54349303,0.64258367,0.47525537,0.44209906,0.5003228,0.4538908,0.42664695
2021-06-11,0.5427534,0.6418459,0.47470644,0.44139537,0.49977028,0.4533187,0.42595604
2023-01-17,0.541941,0.64124393,0.47425693,0.44080782,0.49949995,0.45253354,0.42545208
2020-10-12,0.5433221,0.6423152,0.47498095,0.4419027,0.50007933,0.4535997,0.42635417
2024-07-31,0.54320735,0.6421093,0.47489005,0.441838,0.49991134,0.4535421,0.42633575
2024-06-25,0.5424521,0.6414789,0.4745916,0.44119674,0.49948907,0.4533085,0.42597654
2020-02-16,0.5435628,0.642354,0.47511792,0.4420185,0.500418,0.45367497,0.4263568
2021-03-08,0.5432401,0.6423547,0.4751923,0.44194838,0.50010026,0.45372635,0.42655185
2023-11-22,0.5434731,0.642533,0.4752003,0.44208607,0.50028354,0.45372,0.4265352
2019-09-13,0.5419121,0.6407235,0.473506,0.4407852,0.49896106,0.45293862,0.42546442
2021-11-20,0.5432396,0.64231056,0.47504452,0.44194403,0.50022316,0.45364454,0.4264616
2024-10-25,0.5426532,0.64154786,0.47495657,0.4412455,0.49960443,0.45319477,0.42565858
2023-06-15,0.5429717,0.6419272,0.47482774,0.44155625,0.49951214,0.45344612,0.42621177
2024-08-09,0.54318416,0.64217025,0.4749573,0.4418341,0.49995506,0.45356047,0.4263362
2020-10-31,0.54351443,0.64257205,0.47521213,0.44214383,0.5003794,0.45380098,0.42662162
2024-02-10,0.54297954,0.6419181,0.4749843,0.44146386,0.49978003,0.4533514,0.4260174
2021-02-27,0.54338443,0.64245975,0.4753514,0.44205457,0.50028473,0.45385954,0.4265345
2023-01-12,0.54196596,0.6412616,0.4742425,0.44082615,0.49945718,0.45259306,0.42547685
2022-11-11,0.54320246,0.64233345,0.47501597,0.44191095,0.5002052,0.4536611,0.4264601
2020-08-19,0.5431486,0.6421137,0.47488937,0.44184652,0.50002545,0.45356026,0.42638135
2024-05-22,0.54235214,0.64112836,0.47407076,0.44069776,0.49906632,0.45253712,0.42511892
2023-11-06,0.5429485,0.6419243,0.4747332,0.44165343,0.49994904,0.45345792,0.42622632
2024-07-15,0.5420786,0.6408452,0.47408313,0.44089368,0.49921826,0.4528511,0.42564982
2019-10-05,0.5427976,0.6418253,0.4744327,0.44150972,0.49963233,0.45311457,0.42600864
2021-12-14,0.5435805,0.6426215,0.47527826,0.44219238,0.5004804,0.45394614,0.4267309
2021-11-04,0.54229367,0.6411649,0.47461888,0.44102213,0.4994222,0.45301062,0.42586643
2020-02-29,0.5429154,0.6419502,0.47517326,0.44143525,0.49990538,0.45348474,0.4257999
2022-05-27,0.5424113,0.6413109,0.47427425,0.44101277,0.4992734,0.4527439,0.4254859
2020-02-19,0.54347765,0.64242387,0.47523668,0.44199887,0.5003534,0.45376602,0.42642272
2019-07-16,0.54309034,0.64216125,0.474868,0.44176292,0.5000277,0.45358264,0.42628238
2019-12-03,0.5436261,0.64271665,0.47535652,0.4422509,0.50053245,0.45397878,0.42681646
2023-12-08,0.543616,0.64265794,0.47531834,0.44222367,0.5004289,0.45391038,0.42668974
2021-01-21,0.54341483,0.6424981,0.47530153,0.4420539,0.5002828,0.45383957,0.42653278
2024-11-02,0.5430372,0.6420005,0.4750737,0.4415402,0.49980494,0.4533052,0.42611548
2021-11-26,0.54334015,0.6424368,0.47513407,0.4420093,0.5002785,0.45373744,0.42655385
2024-01-17,0.5435935,0.64268637,0.47536904,0.44221827,0.5004625,0.4539862,0.4267441
2024-01-11,0.5436315,0.6427195,0.47537673,0.44225416,0.5004943,0.45400724,0.42678276
2020-12-15,0.5436501,0.64272374,0.475359,0.44228634,0.5005086,0.45401353,0.42681542
2024-10-30,0.5429995,0.6419387,0.47502473,0.44152242,0.49978557,0.45329517,0.4260977
2023-06-09,0.54284275,0.6418908,0.47475213,0.44153923,0.49970716,0.4533135,0.4260494
2022-08-07,0.543015,0.6419466,0.47477427,0.4415863,0.49982917,0.45342484,0.42611825
2021-06-18,0.5407938,0.63967484,0.47288632,0.4396518,0.49782848,0.45156327,0.4241271
2019-06-21,0.542138,0.6412971,0.47421375,0.4408459,0.49940336,0.4529085,0.42523697
2020-02-13,0.54357594,0.6424748,0.47520697,0.442103,0.5004442,0.45379138,0.42650944
2024-12-26,0.54361874,0.64271694,0.475384,0.44219384,0.50037277,0.45389637,0.42666492
2019-10-02,0.54265535,0.6416951,0.47428545,0.44139418,0.4994965,0.45296407,0.4258941
2024-10-29,0.5428614,0.64180523,0.47500557,0.44135052,0.49964276,0.45315942,0.42594153
2023-12-14,0.54360163,0.6426749,0.47532845,0.442208,0.50040674,0.45388383,0.4266777
2024-11-06,0.5430788,0.6420854,0.47511008,0.44157666,0.49980992,0.45335403,0.4260879
2020-10-11,0.54330397,0.64229226,0.47493005,0.44186062,0.5000437,0.45353475,0.4262932
2021-01-16,0.54353046,0.6426373,0.47535077,0.44217658,0.5003955,0.45393494,0.4266652
2020-10-03,0.54329985,0.6422556,0.4750668,0.4419507,0.50012785,0.45360726,0.42639372
2023-03-18,0.54233074,0.6413072,0.4747779,0.44103488,0.4992775,0.45306778,0.42572743
2021-12-21,0.5436508,0.64274603,0.47537264,0.4422779,0.50053614,0.45403162,0.42683062
2023-07-20,0.54316354,0.6421068,0.47490102,0.4417825,0.49999785,0.45355624,0.42635232
2023-05-28,0.543517,0.6423967,0.4752308,0.44190562,0.5003556,0.45380142,0.42641702
2021-05-30,0.54104596,0.6394325,0.47313064,0.44081733,0.5004994,0.4560165,0.42714268
2022-11-22,0.54281557,0.6419315,0.47476044,0.4415531,0.49993503,0.45329997,0.426098
2024-07-29,0.5429544,0.6417572,0.4745928,0.44153902,0.4995927,0.45320556,0.42605036
2022-01-22,0.54363567,0.64274037,0.47537187,0.44228014,0.5005109,0.4540255,0.42681706
2023-05-09,0.5435433,0.64259523,0.47534457,0.4421461,0.50039065,0.45398766,0.4266921
2023-01-09,0.5419632,0.6412352,0.4742101,0.44082284,0.49939272,0.45259503,0.4254721
2021-02-07,0.5429224,0.6420192,0.47525218,0.44156364,0.49990115,0.45356134,0.42593908
2023-06-25,0.5427741,0.6417373,0.4745084,0.44141197,0.4994278,0.45315364,0.42595345
2020-01-24,0.5436175,0.64269096,0.4753473,0.4422492,0.500499,0.45398462,0.42677268
2022-08-19,0.54105,0.6401744,0.47333112,0.43969432,0.49833798,0.45211634,0.4238673
2021-07-29,0.5426974,0.64150923,0.4746696,0.4415727,0.499928,0.45338038,0.4259479
2024-05-17,0.5402226,0.6389219,0.47219062,0.43899995,0.49718943,0.45083463,0.4234685
2024-10-07,0.54314405,0.64204514,0.47487962,0.44169477,0.49989513,0.45347622,0.42626297
2024-09-19,0.54284966,0.6415762,0.47454083,0.44155556,0.49970865,0.45306334,0.42602146
2023-09-09,0.539362,0.6379747,0.47113016,0.43829936,0.49636817,0.4496723,0.42289615
2023-04-25,0.54331696,0.64254403,0.47515237,0.44197688,0.50022054,0.45379052,0.42663905
2021-04-10,0.54293495,0.6419029,0.4747394,0.441569,0.49967661,0.45335853,0.42611915
2022-12-15,0.5423991,0.641584,0.4744449,0.44118124,0.49960163,0.45292345,0.4257536
2021-02-16,0.543155,0.6422387,0.47530034,0.44179633,0.500079,0.45370063,0.42620987
2020-04-03,0.5429554,0.6421307,0.4750526,0.44160247,0.49976635,0.45356214,0.42633992
2022-01-27,0.54359084,0.64269096,0.47532824,0.44222763,0.5004632,0.45397735,0.426764
2019-10-08,0.5429169,0.64196885,0.47453353,0.4416312,0.49976873,0.4532323,0.42613015
2023-07-03,0.5408782,0.6396935,0.47287524,0.43959194,0.49748996,0.4515647,0.42411587
2023-08-02,0.5429581,0.64183795,0.47468013,0.4416233,0.49976182,0.4533078,0.42615148
2023-04-16,0.542781,0.6419228,0.47459397,0.44137716,0.49956426,0.45322242,0.42604172
2022-09-27,0.54076755,0.6388147,0.4729888,0.44000846,0.49778658,0.45086566,0.42413872
2022-04-07,0.5433158,0.6424328,0.47518435,0.44193804,0.5001005,0.45375687,0.42648262
2024-07-08,0.5415437,0.64100385,0.47378495,0.44086924,0.49948376,0.4525377,0.4255777
2024-09-18,0.5430985,0.6419028,0.47477928,0.4417003,0.49990323,0.45329595,0.4261993
2022-06-09,0.54298186,0.6420699,0.4749234,0.44160888,0.4997025,0.45334098,0.42608663
2024-04-02,0.5433845,0.64249474,0.47523022,0.44206306,0.5002259,0.45377606,0.42656794
2024-05-27,0.5432348,0.6421704,0.47490898,0.4416651,0.49989977,0.45339993,0.42597923
2023-04-19,0.5431764,0.64235944,0.47497755,0.4418168,0.5000346,0.45360833,0.42644802
2023-11-01,0.5428544,0.6418149,0.47454688,0.44154826,0.49975002,0.4532501,0.4260795
2024-08-08,0.54325235,0.6422582,0.47502375,0.44184437,0.5000314,0.45360482,0.4263498
2023-07-17,0.54318833,0.6420823,0.4748437,0.4417849,0.50000507,0.45356953,0.4263498
2019-04-23,0.54345894,0.64256847,0.47521687,0.44208947,0.5003154,0.45387477,0.42665434
2019-11-18,0.5435785,0.64267147,0.47535524,0.44226158,0.50052017,0.4539274,0.42675272
2022-07-27,0.5428526,0.6417934,0.47471812,0.44153512,0.49969906,0.45335034,0.4260918
2019-04-13,0.54316425,0.6421882,0.4749898,0.44176555,0.4999292,0.45360893,0.42634395
2023-10-27,0.54278904,0.6418164,0.47454345,0.44153404,0.49971405,0.45314425,0.426022
2023-05-04,0.5435311,0.6426075,0.47531295,0.4422041,0.5003871,0.4539123,0.42672423
2021-12-08,0.54346216,0.64253116,0.47519255,0.44210035,0.5003746,0.45386368,0.426669
2021-03-14,0.5431075,0.64218485,0.47508016,0.4418116,0.49994564,0.45359778,0.42642075
2023-06-13,0.54281986,0.6417491,0.47474536,0.44139677,0.4993803,0.45331812,0.42599186
2022-06-13,0.5427376,0.64175117,0.47464994,0.44139138,0.49956217,0.45312604,0.42586333
2024-03-05,0.5425929,0.64162326,0.47492427,0.4411629,0.49967608,0.45326725,0.4259467
2022-07-04,0.5420741,0.6410682,0.47404075,0.4409638,0.49925765,0.452855,0.42564395
2020-11-08,0.54362255,0.64268655,0.47530636,0.44224632,0.5004822,0.45392743,0.42674202
2021-09-08,0.54322034,0.6418614,0.47448885,0.44147232,0.49976575,0.45313522,0.42598227
2022-02-28,0.54297715,0.6420119,0.47519717,0.44154027,0.4999823,0.45356822,0.4258994
2020-11-26,0.54365647,0.64268464,0.47535086,0.4422055,0.5004656,0.45391756,0.42671216
2024-11-20,0.5434388,0.64253604,0.47529322,0.44200882,0.5002362,0.45372877,0.42651057
2024-01-30,0.5434283,0.6425039,0.4753379,0.44203594,0.5003189,0.45385513,0.42653596
2023-10-15,0.54159313,0.6407801,0.47349513,0.44082755,0.49913296,0.45225194,0.425296
2023-08-08,0.54271096,0.64155227,0.4744473,0.4413715,0.49948555,0.4530298,0.4258803
2022-08-03,0.54321206,0.642188,0.47497997,0.44181606,0.50004137,0.45361334,0.42637637
2020-12-25,0.54361105,0.64270115,0.47536853,0.4422601,0.50049156,0.4540155,0.42679074
2020-09-28,0.5433305,0.64223325,0.47503367,0.44194502,0.50005144,0.45360273,0.4263904
2021-03-26,0.54093593,0.63964003,0.47314018,0.43966147,0.49750647,0.45160958,0.42445347
2020-09-03,0.54248315,0.6412991,0.47428313,0.44113532,0.4992137,0.45280477,0.42553115
2021-03-20,0.5429601,0.6420195,0.47496358,0.44168162,0.49979183,0.45346385,0.42630455
2024-05-15,0.5424492,0.6413094,0.474158,0.4409939,0.49939582,0.45277414,0.42545125
2021-07-06,0.5433022,0.6424109,0.47508186,0.4419523,0.5002619,0.45361128,0.42639714
2023-03-29,0.54282373,0.64172643,0.47470644,0.4413655,0.49946854,0.45326954,0.42593572
2019-12-01,0.54360545,0.64268947,0.4753487,0.44224438,0.5005134,0.45396158,0.42680195
2020-04-06,0.54212624,0.641249,0.47421607,0.44075075,0.4988124,0.45280734,0.42559722
2020-11-24,0.54365623,0.642665,0.4753388,0.4421792,0.5004159,0.45389304,0.42667648
2023-05-20,0.5435327,0.64241034,0.47525445,0.44195545,0.5003881,0.45390522,0.42650005
2024-01-03,0.5436353,0.6427237,0.47537866,0.44226164,0.5004935,0.45401362,0.42678848
2021-10-15,0.54089886,0.6395998,0.473487,0.44008064,0.49907675,0.45364976,0.42583248
2020-04-16,0.54338706,0.6424536,0.47521338,0.44199532,0.5001983,0.45379782,0.42654517
2022-05-24,0.54297334,0.6419198,0.4747188,0.44150165,0.49979988,0.45327812,0.42602846
2023-08-14,0.5418349,0.6406163,0.47367734,0.4405303,0.4986132,0.45219275,0.42506212
2019-09-24,0.5420843,0.6410821,0.47369608,0.4408182,0.49886385,0.4524542,0.42528945
2022-08-18,0.5397038,0.63902557,0.47247094,0.43820828,0.49742222,0.45139202,0.42204073
2023-11-08,0.5429011,0.6418592,0.47473106,0.44164956,0.49998093,0.4536001,0.42629233
2023-12-03,0.5435937,0.6426562,0.4752846,0.4422066,0.5003824,0.45388627,0.42667562
2021-07-31,0.54250884,0.6412198,0.47453335,0.44161817,0.5001331,0.45350504,0.42582783
2022-04-09,0.5434234,0.64257145,0.47529754,0.44206935,0.5002441,0.45385808,0.4266315
2023-02-03,0.5419939,0.641311,0.47425494,0.440875,0.49950382,0.45260426,0.42546666
2021-02-01,0.5430612,0.64213353,0.47523928,0.44167125,0.49998873,0.4536217,0.42606527
2021-01-14,0.5435284,0.6426351,0.47537404,0.4421723,0.50040996,0.45394164,0.42667395
2020-07-27,0.5432194,0.64221483,0.4749463,0.44185674,0.5000518,0.45361996,0.42641836
2021-04-30,0.5434086,0.64254284,0.47522032,0.442039,0.5002668,0.45384413,0.42658526
2023-11-20,0.5434078,0.64248955,0.47517616,0.44203934,0.50026345,0.45367816,0.4265058
2020-02-02,0.54360753,0.6426104,0.47528794,0.44220236,0.5004682,0.45391712,0.42668715
2022-01-01,0.5436407,0.64273614,0.47536772,0.44226852,0.5005135,0.45402166,0.4267985
2020-10-10,0.54328895,0.6423014,0.4749477,0.44186005,0.5000623,0.4535576,0.4263141
2022-01-08,0.5436762,0.6427811,0.47540048,0.44231886,0.5005468,0.45405814,0.42685285
2020-06-06,0.54334426,0.64238924,0.47510856,0.4419807,0.5001787,0.45369205,0.42643914
2023-03-19,0.5423094,0.64131784,0.47466165,0.44100067,0.49918818,0.45302776,0.42568663
2023-04-13,0.54301536,0.64206994,0.47485435,0.4416458,0.49973395,0.45345107,0.42620704
2022-12-28,0.5419544,0.6411703,0.47414032,0.4407882,0.4993093,0.45257887,0.42540124
2023-04-18,0.54305506,0.64220953,0.4748601,0.44165906,0.49985942,0.45346993,0.42628917
2023-08-11,0.542057,0.64088666,0.47395462,0.4407666,0.49896657,0.45242962,0.42529148
2020-11-19,0.5436197,0.64262587,0.47531477,0.4421254,0.5003878,0.45382145,0.42661512
2021-07-27,0.5427959,0.64159274,0.4746639,0.44160685,0.49993742,0.45335162,0.42595845
2024-02-29,0.5425595,0.6414938,0.47492048,0.44114563,0.49963632,0.4532175,0.42586058
2019-09-12,0.5421336,0.64102316,0.47373378,0.44096157,0.4991358,0.4530396,0.4256499
2019-09-27,0.54245394,0.6414649,0.474102,0.44120103,0.49928492,0.4528182,0.42568716
2022-02-23,0.5431859,0.64224005,0.47524518,0.44177252,0.50015014,0.45371217,0.42618874
2021-11-02,0.5422425,0.6411185,0.47457528,0.44095963,0.49934056,0.45296746,0.42584857
2024-05-07,0.5437222,0.6423654,0.4750373,0.4420281,0.5004704,0.45358223,0.42634797
2021-06-21,0.54199314,0.6409978,0.47403452,0.44065642,0.49899015,0.4526752,0.425056
2021-12-30,0.5436691,0.6427696,0.4753895,0.44229954,0.50054353,0.4540491,0.42684078
2024-09-08,0.5425814,0.64135087,0.47432703,0.44125983,0.49939153,0.45285413,0.42576778
2022-08-04,0.5431997,0.6421835,0.4749627,0.4418236,0.5000228,0.45360932,0.42638984
2019-12-31,0.5436699,0.64277303,0.475394,0.4423148,0.5005451,0.45404527,0.42685348
2022-06-24,0.54300874,0.64204085,0.47483402,0.44169465,0.49989364,0.45345357,0.42623717
