date,h0,h1,h2,h3,h4,h5,h6
2023-01-04,0.012207966,0.011441134,0.011641703,0.012321555,0.014183223,0.011576003,0.011779214
2019-09-20,0.012211705,0.011444458,0.011645138,0.012325357,0.014188151,0.011579403,0.011782722
2020-03-06,0.012211485,0.011444279,0.011644946,0.0123251295,0.01418781,0.011579218,0.011782528
2023-07-05,0.012208724,0.011441831,0.011642422,0.0123223215,0.014184156,0.011576719,0.011779941
2024-07-01,0.012211118,0.011443955,0.011644611,0.012324759,0.014187329,0.011578886,0.011782184
2024-03-14,0.012211221,0.011444041,0.011644704,0.012324863,0.014187469,0.011578978,0.011782278
2023-06-29,0.0122102825,0.011443212,0.011643843,0.012323905,0.014186209,0.011578127,0.0117814
2021-03-18,0.0122108245,0.011443691,0.011644342,0.012324458,0.014186931,0.011578618,0.011781905
2024-10-13,0.012211215,0.011444037,0.0116447,0.0123248575,0.014187464,0.011578972,0.011782272
2024-12-02,0.012211416,0.011444219,0.011644885,0.012325055,0.014187703,0.011579158,0.011782462
2024-09-06,0.012211261,0.01144408,0.011644738,0.012324904,0.014187523,0.011579012,0.011782317
2024-03-30,0.012211347,0.011444155,0.01164482,0.012324985,0.014187617,0.011579093,0.011782395
2024-01-01,0.012211422,0.011444226,0.0116448905,0.0123250615,0.01418771,0.011579163,0.011782466
2023-01-01,0.0122079775,0.01144114,0.011641714,0.012321562,0.014183237,0.011576015,0.0117792245
2024-01-25,0.012211428,0.01144423,0.011644897,0.012325072,0.0141877225,0.011579169,0.011782472
2024-09-29,0.012211002,0.011443852,0.011644507,0.012324643,0.014187184,0.0115787815,0.0117820725
2020-09-07,0.012210732,0.01144361,0.011644255,0.012324364,0.014186816,0.011578536,0.011781817
2021-02-13,0.012211456,0.011444257,0.011644925,0.012325101,0.01418777,0.011579197,0.011782501
2021-04-15,0.012211267,0.011444085,0.011644749,0.01232491,0.014187517,0.011579022,0.011782323
2020-07-10,0.012210565,0.011443464,0.011644106,0.012324195,0.014186589,0.011578383,0.011781667
2024-05-13,0.012209691,0.011442693,0.0116433045,0.012323302,0.0141854165,0.011577598,0.0117808515
2020-08-27,0.012211048,0.011443896,0.011644546,0.012324683,0.014187223,0.011578825,0.011782117
2022-02-13,0.012211295,0.011444112,0.01164477,0.012324933,0.014187545,0.011579043,0.011782344
2022-01-30,0.012211381,0.011444192,0.011644853,0.01232502,0.014187656,0.011579126,0.011782428
2021-05-03,0.01221133,0.011444144,0.011644809,0.012324973,0.014187597,0.011579082,0.0117823845
2023-10-09,0.012211347,0.011444139,0.011644809,0.012324992,0.01418767,0.011579077,0.0117823845
2022-05-25,0.012209398,0.011442434,0.011643037,0.0123230005,0.01418503,0.01157733,0.011780573
2022-07-17,0.0122111,0.011443934,0.011644595,0.0123247355,0.014187289,0.011578868,0.011782162
2022-02-04,0.012211335,0.011444155,0.011644814,0.0123249795,0.014187597,0.011579087,0.011782389
2019-05-19,0.012211295,0.011444112,0.01164477,0.012324933,0.014187549,0.011579043,0.011782344
2021-05-07,0.012211347,0.01144416,0.01164482,0.012324992,0.014187617,0.011579093,0.011782395
2019-08-23,0.012210277,0.011443206,0.011643837,0.012323905,0.0141862305,0.011578121,0.011781396
2021-10-11,0.012210939,0.011443793,0.011644446,0.0123245735,0.01418709,0.011578722,0.011782011
2023-01-25,0.012208252,0.011441394,0.011641972,0.012321847,0.014183596,0.011576272,0.011779486
2021-12-20,0.012211387,0.011444199,0.0116448635,0.012325032,0.01418767,0.011579136,0.011782439
2020-08-17,0.012211289,0.011444112,0.01164477,0.012324933,0.014187545,0.011579043,0.011782344
2020-04-24,0.012211302,0.011444117,0.011644776,0.0123249395,0.014187557,0.011579049,0.01178235
2020-06-19,0.012211151,0.011443982,0.011644639,0.012324788,0.014187371,0.011578913,0.011782211
2021-01-25,0.012211433,0.011444236,0.011644902,0.012325077,0.014187731,0.011579175,0.011782479
2023-03-22,0.012210542,0.0114434315,0.011644073,0.0123241665,0.014186577,0.011578356,0.011781634
2021-05-12,0.012211365,0.011444177,0.011644836,0.012325003,0.014187637,0.011579108,0.0117824115
2019-05-20,0.012211279,0.0114440955,0.011644754,0.012324916,0.014187531,0.0115790265,0.011782328
2023-12-25,0.012211416,0.011444226,0.011644885,0.0123250615,0.01418771,0.011579158,0.011782466
2023-11-26,0.012211267,0.011444085,0.011644749,0.012324904,0.014187511,0.011579022,0.011782323
2022-01-10,0.012211439,0.011444246,0.011644907,0.012325085,0.014187736,0.011579179,0.011782489
2019-08-20,0.012210864,0.011443723,0.0116443755,0.012324498,0.01418699,0.011578651,0.011781939
2024-11-12,0.0122113535,0.01144416,0.011644825,0.012324992,0.01418763,0.011579098,0.0117824
2021-02-17,0.0122114,0.011444203,0.011644869,0.012325043,0.014187691,0.011579141,0.011782444
2020-11-21,0.012211416,0.011444226,0.011644885,0.0123250615,0.01418771,0.011579158,0.011782462
2022-02-20,0.012211439,0.011444242,0.011644907,0.012325085,0.014187736,0.011579179,0.011782483
2021-04-17,0.012211359,0.011444171,0.011644836,0.012325003,0.014187637,0.011579104,0.0117824115
2021-08-19,0.012211406,0.011444214,0.011644875,0.012325048,0.014187696,0.011579148,0.01178245
2022-03-27,0.01221098,0.011443826,0.011644479,0.012324613,0.014187142,0.01157876,0.01178205
2022-08-02,0.012211347,0.01144416,0.01164482,0.012324992,0.014187617,0.011579093,0.011782395
2023-10-14,0.012211341,0.011444144,0.011644809,0.012324985,0.014187651,0.011579082,0.0117823845
2024-02-27,0.012211295,0.011444107,0.01164477,0.012324933,0.014187563,0.011579038,0.011782344
2020-06-25,0.01221114,0.011443971,0.011644628,0.0123247765,0.01418735,0.011578901,0.0117822
2024-01-07,0.012211433,0.011444236,0.011644902,0.012325077,0.014187731,0.011579175,0.011782479
2022-05-20,0.012210881,0.011443745,0.011644397,0.012324515,0.014186996,0.011578673,0.011781962
2019-11-12,0.012211347,0.01144416,0.011644825,0.012324992,0.014187617,0.011579098,0.0117824
2023-05-14,0.012211387,0.011444192,0.011644859,0.012325025,0.01418767,0.01157913,0.011782434
2021-03-25,0.01220915,0.011442203,0.011642805,0.012322756,0.014184756,0.011577096,0.011780335
2023-10-24,0.012211341,0.01144415,0.011644814,0.012324985,0.014187637,0.011579087,0.011782389
2023-10-10,0.012211347,0.011444144,0.011644814,0.012324992,0.01418767,0.011579082,0.011782389
2023-02-25,0.012210467,0.011443367,0.011644007,0.012324091,0.014186475,0.01157829,0.011781568
2024-02-23,0.012210847,0.0114437025,0.011644353,0.012324481,0.01418699,0.011578629,0.0117819235
2023-09-08,0.012211446,0.011444219,0.0116448905,0.012325095,0.01418785,0.011579163,0.011782472
2019-09-03,0.012211307,0.011444112,0.011644776,0.012324951,0.014187597,0.011579049,0.011782356
2023-06-20,0.0122111635,0.011443993,0.011644656,0.012324805,0.014187391,0.011578929,0.011782222
2024-08-29,0.012211307,0.011444117,0.011644782,0.012324944,0.014187583,0.011579054,0.011782356
2019-07-04,0.012211335,0.011444144,0.011644809,0.012324973,0.014187603,0.011579082,0.0117823845
2020-03-03,0.012211503,0.01144429,0.011644962,0.0123251425,0.0141878305,0.011579229,0.011782539
2020-09-04,0.012209951,0.011442914,0.011643542,0.012323563,0.014185776,0.011577826,0.011781083
2021-09-18,0.012211007,0.011443852,0.011644507,0.012324643,0.014187176,0.0115787815,0.011782078
2020-10-20,0.01221137,0.011444177,0.011644842,0.012325008,0.014187651,0.011579115,0.011782417
2019-11-03,0.0122114,0.011444203,0.011644869,0.012325038,0.014187684,0.011579141,0.011782444
2023-07-12,0.012211227,0.011444047,0.011644711,0.012324863,0.014187457,0.011578984,0.011782283
2021-02-10,0.012211456,0.011444252,0.0116449185,0.012325095,0.014187764,0.01157919,0.011782494
2022-06-11,0.012211037,0.011443879,0.011644535,0.012324672,0.014187218,0.011578809,0.0117821
2023-09-06,0.01221141,0.011444187,0.011644859,0.0123250615,0.014187804,0.011579126,0.011782439
2024-04-27,0.012211279,0.011444101,0.01164476,0.012324921,0.014187531,0.011579033,0.011782334
2021-12-12,0.012211198,0.011444025,0.011644683,0.012324834,0.014187417,0.011578956,0.011782256
2021-12-16,0.012211256,0.011444074,0.011644738,0.012324892,0.01418749,0.011579012,0.011782312
2020-07-13,0.012209916,0.011442892,0.011643514,0.0123235285,0.0141857155,0.011577798,0.011781057
2019-05-28,0.012211289,0.011444101,0.011644764,0.012324927,0.014187557,0.011579038,0.01178234
2019-10-14,0.012211302,0.011444112,0.011644776,0.012324944,0.014187571,0.011579049,0.01178235
2023-03-23,0.012210352,0.01144327,0.011643909,0.01232398,0.014186336,0.011578187,0.0117814625
2021-01-10,0.012211422,0.01144423,0.0116448905,0.012325067,0.014187717,0.011579163,0.011782472
2024-08-20,0.012211313,0.011444128,0.011644787,0.012324951,0.014187577,0.011579059,0.011782362
2021-08-16,0.012211335,0.01144415,0.011644809,0.0123249795,0.014187609,0.011579082,0.011782389
2021-08-15,0.012211284,0.011444101,0.011644764,0.012324927,0.014187545,0.011579038,0.01178234
2023-03-12,0.012210565,0.0114434585,0.011644101,0.01232419,0.014186596,0.011578377,0.011781662
2024-02-03,0.012211227,0.011444053,0.011644711,0.012324863,0.014187464,0.011578984,0.011782283
2024-01-04,0.012211428,0.01144423,0.011644897,0.012325067,0.014187717,0.011579169,0.011782472
2019-12-17,0.01221141,0.011444214,0.01164488,0.012325048,0.014187696,0.011579152,0.011782456
2024-06-07,0.012211066,0.011443907,0.011644562,0.012324701,0.014187249,0.0115788365,0.011782127
2019-08-14,0.012211105,0.011443939,0.011644595,0.012324742,0.014187298,0.011578875,0.011782167
2020-12-07,0.012211433,0.011444236,0.011644902,0.012325077,0.014187731,0.011579175,0.011782479
2019-11-16,0.01221137,0.011444182,0.011644847,0.012325015,0.014187651,0.011579115,0.011782422
2022-09-02,0.012211249,0.011444058,0.011644721,0.012324892,0.014187531,0.011578994,0.011782301
2023-10-30,0.0122112725,0.011444085,0.011644749,0.01232491,0.014187537,0.011579022,0.011782323
2024-07-24,0.012210478,0.011443384,0.0116440235,0.012324103,0.014186475,0.0115783,0.011781578
2021-09-07,0.0122111235,0.011443955,0.011644611,0.012324759,0.014187329,0.0115788905,0.011782184
2023-07-28,0.012211261,0.01144408,0.011644742,0.0123248985,0.014187511,0.011579015,0.011782317
2024-11-04,0.012211261,0.011444074,0.011644738,0.0123248985,0.014187517,0.011579012,0.011782312
2024-04-15,0.012211227,0.011444047,0.011644711,0.012324863,0.014187457,0.011578984,0.011782283
2020-12-14,0.012211433,0.011444236,0.011644902,0.012325072,0.0141877225,0.011579175,0.011782479
2023-04-11,0.012210939,0.011443793,0.011644442,0.0123245735,0.014187083,0.011578722,0.011782011
2022-07-16,0.012211118,0.011443955,0.011644611,0.012324753,0.0141873155,0.011578886,0.011782184
2020-06-29,0.012211284,0.011444101,0.01164476,0.012324921,0.014187545,0.011579033,0.011782334
2024-12-05,0.012211422,0.011444226,0.011644885,0.0123250615,0.01418771,0.011579158,0.011782466
2021-04-03,0.012210904,0.011443761,0.011644414,0.012324538,0.014187044,0.011578688,0.011781978
2020-03-13,0.012211433,0.011444236,0.011644902,0.012325077,0.014187731,0.011579175,0.011782479
2020-02-25,0.012211433,0.011444236,0.011644902,0.012325077,0.014187736,0.011579175,0.011782479
2023-09-20,0.01221137,0.01144416,0.011644832,0.012325015,0.01418771,0.011579098,0.011782406
2024-07-09,0.01221111,0.01144395,0.0116446065,0.012324748,0.0141873155,0.011578879,0.011782172
2020-05-26,0.012211279,0.011444101,0.01164476,0.012324921,0.014187531,0.011579033,0.011782334
2024-04-16,0.012211359,0.011444166,0.011644832,0.012324996,0.01418763,0.011579104,0.011782406
2024-10-11,0.012211244,0.011444058,0.011644721,0.012324881,0.01418749,0.011578994,0.011782294
2024-06-17,0.0122095,0.011442505,0.011643118,0.012323111,0.014185223,0.011577407,0.011780657
2022-09-06,0.012211319,0.0114441225,0.011644787,0.012324963,0.014187609,0.011579059,0.011782366
2023-01-08,0.012208322,0.011441452,0.011642032,0.012321915,0.014183681,0.011576331,0.011779548
2022-08-10,0.012211302,0.011444112,0.011644776,0.012324944,0.014187577,0.011579049,0.01178235
2022-09-05,0.012211341,0.011444144,0.011644809,0.0123249795,0.014187637,0.011579082,0.0117823845
2021-03-24,0.012209473,0.011442487,0.011643097,0.012323088,0.014185183,0.01157739,0.011780641
2020-05-31,0.012209932,0.011442909,0.01164353,0.012323552,0.014185742,0.011577816,0.01178108
2022-09-30,0.012211514,0.011444296,0.011644968,0.01232516,0.014187884,0.011579234,0.01178255
2023-03-14,0.012210519,0.011443416,0.011644057,0.012324143,0.014186536,0.011578339,0.011781617
2023-08-10,0.012211013,0.011443858,0.011644513,0.012324649,0.01418719,0.011578787,0.011782078
2022-06-03,0.012211295,0.011444107,0.01164477,0.012324933,0.014187557,0.011579043,0.011782344
2022-09-20,0.012211479,0.011444263,0.011644935,0.012325124,0.014187836,0.0115792025,0.011782511
2023-10-25,0.012211313,0.0114441225,0.011644787,0.012324956,0.014187597,0.011579059,0.011782362
2021-03-12,0.012211215,0.011444041,0.011644704,0.0123248575,0.014187443,0.011578978,0.011782272
2023-08-27,0.01221133,0.011444128,0.011644792,0.012324967,0.01418763,0.011579065,0.011782372
2019-06-17,0.0122110825,0.011443923,0.011644579,0.012324724,0.014187284,0.011578851,0.01178215
2024-12-17,0.012211433,0.011444236,0.011644902,0.012325077,0.014187731,0.011579175,0.011782479
2024-10-06,0.0122112725,0.011444085,0.011644749,0.01232491,0.014187531,0.011579022,0.011782323
2021-10-19,0.012211151,0.011443982,0.011644639,0.012324788,0.014187371,0.011578913,0.011782211
2022-03-23,0.012211146,0.011443977,0.011644633,0.012324782,0.014187363,0.011578913,0.011782206
2021-05-08,0.012211307,0.0114441225,0.011644782,0.012324944,0.014187563,0.011579054,0.011782356
2019-11-08,0.012211387,0.011444192,0.011644859,0.012325025,0.01418767,0.01157913,0.011782434
2020-03-30,0.012211359,0.011444171,0.011644832,0.012325003,0.01418763,0.011579104,0.011782406
2023-07-27,0.012211289,0.011444107,0.01164477,0.012324933,0.014187549,0.011579043,0.011782344
2022-01-14,0.012211439,0.011444242,0.011644907,0.012325085,0.014187736,0.011579179,0.011782483
2020-06-21,0.0122108925,0.0114437565,0.011644403,0.012324527,0.0141870305,0.011578683,0.011781973
2022-06-08,0.012211256,0.011444074,0.011644732,0.012324892,0.014187511,0.011579005,0.011782305
2020-02-17,0.012211313,0.011444128,0.011644792,0.012324956,0.014187577,0.011579065,0.011782366
2024-11-15,0.01221137,0.011444177,0.011644836,0.012325008,0.014187651,0.011579108,0.011782417
2022-04-24,0.012211175,0.011444004,0.0116446605,0.012324811,0.014187391,0.011578934,0.011782234
2020-06-20,0.012211048,0.011443891,0.011644546,0.012324683,0.01418723,0.01157882,0.011782112
2022-07-08,0.012211134,0.011443971,0.011644628,0.012324771,0.014187337,0.011578901,0.0117822
2022-09-01,0.012211279,0.011444085,0.011644749,0.012324921,0.014187571,0.011579022,0.011782323
2023-12-31,0.01221141,0.011444214,0.01164488,0.012325055,0.014187696,0.011579152,0.011782456
2019-05-08,0.01221133,0.011444144,0.011644809,0.012324973,0.014187597,0.011579082,0.0117823845
2021-08-26,0.012211227,0.011444047,0.011644711,0.012324863,0.014187464,0.011578984,0.011782283
2020-05-17,0.01221133,0.011444144,0.011644804,0.012324967,0.014187597,0.011579077,0.011782378
2024-01-13,0.012211433,0.011444236,0.011644902,0.012325077,0.014187731,0.011579175,0.011782479
2020-02-08,0.012211325,0.011444139,0.011644804,0.012324963,0.014187583,0.011579077,0.011782378
2021-06-19,0.012209289,0.011442337,0.011642938,0.012322896,0.014184902,0.011577232,0.011780473
2022-11-03,0.012211208,0.011444031,0.011644693,0.012324846,0.0141874375,0.011578966,0.011782267
2023-12-16,0.01221141,0.011444214,0.01164488,0.012325048,0.014187691,0.011579152,0.011782456
2022-08-16,0.012211267,0.011444063,0.011644732,0.01232491,0.014187577,0.011579,0.011782305
2023-03-13,0.012210565,0.0114434585,0.011644101,0.012324195,0.014186596,0.011578383,0.011781662
2022-04-25,0.01221111,0.01144395,0.0116446065,0.012324748,0.014187311,0.011578879,0.011782172
2021-12-05,0.012210961,0.011443815,0.011644469,0.012324597,0.014187116,0.011578743,0.011782033
2024-06-20,0.012211169,0.011443993,0.011644649,0.012324805,0.014187397,0.011578923,0.011782222
2023-01-03,0.012207914,0.011441086,0.01164166,0.012321502,0.014183155,0.011575961,0.01177917
2019-04-04,0.0122111235,0.011443961,0.011644618,0.012324764,0.014187337,0.0115788905,0.011782189
2022-01-12,0.012211439,0.011444242,0.011644907,0.012325085,0.014187736,0.011579179,0.011782483
2020-03-22,0.012211416,0.011444219,0.011644885,0.0123250615,0.014187703,0.011579158,0.011782462
2020-03-25,0.012211347,0.01144416,0.011644825,0.012324992,0.014187617,0.011579098,0.0117824
2024-10-02,0.012211227,0.011444053,0.011644711,0.012324869,0.014187469,0.011578984,0.011782283
2022-03-13,0.012211307,0.0114441225,0.011644782,0.012324944,0.014187563,0.011579054,0.011782356
2023-06-24,0.0122110825,0.011443923,0.011644579,0.012324719,0.014187277,0.011578851,0.01178215
2024-07-25,0.012209978,0.011442941,0.011643563,0.012323599,0.0141858235,0.011577848,0.011781112
2024-09-11,0.012211325,0.011444139,0.011644804,0.012324967,0.014187597,0.01157907,0.011782378
2023-07-16,0.012211256,0.011444074,0.011644738,0.012324892,0.014187497,0.011579012,0.011782312
2020-03-23,0.01221137,0.011444182,0.011644847,0.012325015,0.014187651,0.01157912,0.011782422
2023-06-08,0.012211175,0.011444004,0.0116446605,0.012324811,0.014187403,0.011578934,0.011782234
2019-06-01,0.012211549,0.011444322,0.011644996,0.012325195,0.014187918,0.011579267,0.011782578
2020-05-02,0.012211335,0.01144415,0.011644809,0.012324973,0.014187603,0.011579082,0.0117823845
2024-06-09,0.012210801,0.011443669,0.011644321,0.012324435,0.014186917,0.011578596,0.011781883
2019-11-14,0.01221137,0.011444177,0.011644842,0.012325008,0.014187643,0.011579115,0.011782417
2020-09-13,0.012210939,0.011443793,0.011644446,0.0123245735,0.01418709,0.011578722,0.011782011
2023-02-11,0.012208794,0.011441868,0.011642465,0.01232239,0.014184302,0.011576756,0.011779991
2024-12-10,0.012211433,0.011444236,0.011644902,0.012325077,0.014187731,0.011579175,0.011782479
2023-01-16,0.012208012,0.011441172,0.011641747,0.012321602,0.014183283,0.011576048,0.011779258
2024-12-25,0.012211439,0.011444242,0.011644907,0.012325085,0.014187736,0.011579179,0.011782483
2020-12-29,0.012211422,0.01144423,0.0116448905,0.012325067,0.014187717,0.011579163,0.011782472
2024-12-24,0.012211439,0.011444242,0.011644907,0.012325085,0.014187736,0.011579179,0.011782483
2023-05-26,0.012211313,0.011444128,0.011644792,0.012324956,0.014187577,0.011579065,0.011782366
2023-11-15,0.012211198,0.011444025,0.011644683,0.01232484,0.014187429,0.011578956,0.011782256
2019-09-09,0.012211601,0.011444376,0.011645051,0.0123252515,0.01418799,0.011579316,0.011782628
2022-09-22,0.012211474,0.011444257,0.011644925,0.012325118,0.0141878305,0.011579197,0.011782506
2022-06-07,0.012211249,0.011444068,0.011644726,0.012324886,0.014187504,0.011579,0.011782301
2021-08-04,0.012211037,0.011443874,0.011644528,0.012324672,0.014187223,0.011578809,0.0117821
2022-02-14,0.012211365,0.011444177,0.011644836,0.012325003,0.014187637,0.011579108,0.0117824115
2019-07-18,0.012211249,0.011444074,0.011644732,0.012324892,0.014187497,0.011579005,0.011782305
2021-08-14,0.012211238,0.011444058,0.011644715,0.012324875,0.0141874775,0.011578989,0.0117822895
2024-02-05,0.01221133,0.011444144,0.011644804,0.012324967,0.014187597,0.011579077,0.011782378
2024-08-21,0.012211325,0.011444139,0.011644797,0.012324967,0.014187591,0.01157907,0.011782372
2023-06-23,0.01221111,0.011443945,0.0116446065,0.012324748,0.0141873155,0.011578879,0.011782172
2021-12-27,0.01221141,0.011444219,0.01164488,0.012325055,0.014187696,0.011579152,0.011782462
2019-10-11,0.012211456,0.011444252,0.0116449185,0.012325101,0.014187778,0.01157919,0.011782494
2020-09-19,0.0122112315,0.011444053,0.011644711,0.012324869,0.0141874775,0.011578984,0.011782283
2021-05-28,0.01221156,0.011444345,0.011645012,0.012325207,0.014187911,0.0115792835,0.011782595
2021-04-22,0.012211387,0.011444199,0.0116448635,0.012325032,0.01418767,0.01157913,0.011782439
2023-10-03,0.012211335,0.011444133,0.011644797,0.012324985,0.01418767,0.01157907,0.011782378
2024-07-05,0.012211134,0.011443966,0.011644621,0.012324771,0.01418735,0.011578896,0.011782195
2022-12-27,0.012208029,0.011441189,0.011641758,0.012321614,0.014183297,0.011576059,0.011779269
2023-02-14,0.01220888,0.011441948,0.011642543,0.012322479,0.01418441,0.011576839,0.011780074
2020-04-18,0.012211244,0.011444068,0.011644726,0.012324886,0.014187483,0.011579,0.011782301
2022-04-21,0.012211186,0.011444015,0.011644672,0.012324823,0.014187403,0.0115789445,0.011782246
2022-02-03,0.012211393,0.011444199,0.0116448635,0.012325032,0.01418767,0.011579136,0.011782439
2021-08-25,0.0122112725,0.01144409,0.011644754,0.012324916,0.014187531,0.0115790265,0.011782328
2021-10-13,0.012211151,0.011443977,0.011644639,0.012324788,0.014187376,0.011578913,0.011782206
2019-10-30,0.012211376,0.011444182,0.011644847,0.012325015,0.014187651,0.01157912,0.011782422
2023-09-13,0.012211451,0.01144423,0.011644902,0.012325101,0.0141878305,0.011579175,0.011782483
2023-08-20,0.012211302,0.011444107,0.01164477,0.0123249395,0.014187583,0.011579043,0.011782344
2021-05-05,0.012211359,0.011444171,0.011644832,0.012324996,0.01418763,0.011579104,0.011782406
2019-11-24,0.012211341,0.011444155,0.011644814,0.0123249795,0.014187603,0.011579087,0.011782389
2019-06-29,0.012211289,0.011444107,0.01164477,0.012324933,0.014187549,0.011579043,0.011782344
2021-03-15,0.012211054,0.011443896,0.011644551,0.012324688,0.01418723,0.011578825,0.011782124
2023-11-13,0.012211198,0.011444025,0.011644683,0.01232484,0.0141874375,0.011578956,0.011782256
2023-11-09,0.01221118,0.01144401,0.011644667,0.012324823,0.014187417,0.01157894,0.011782239
2021-06-13,0.0122100245,0.01144299,0.011643613,0.012323644,0.014185869,0.011577898,0.011781162
2020-07-06,0.012211146,0.011443977,0.011644633,0.012324782,0.014187363,0.011578907,0.011782206
2022-01-19,0.012211428,0.01144423,0.011644897,0.012325067,0.014187717,0.011579169,0.011782472
2024-03-11,0.012211289,0.011444107,0.011644764,0.012324933,0.014187563,0.011579038,0.011782344
2022-07-02,0.012211146,0.011443977,0.011644633,0.012324782,0.01418735,0.011578913,0.011782206
2019-12-26,0.012211428,0.01144423,0.011644897,0.012325072,0.014187717,0.011579169,0.011782472
2024-03-16,0.0122112725,0.01144409,0.011644749,0.01232491,0.014187523,0.011579022,0.011782323
2023-12-17,0.0122114,0.011444203,0.011644869,0.012325038,0.014187684,0.011579141,0.011782444
2021-04-02,0.01221057,0.011443464,0.011644106,0.012324195,0.014186611,0.011578383,0.011781667
2023-05-12,0.012211359,0.011444171,0.011644832,0.012325003,0.014187637,0.011579104,0.011782406
2022-12-30,0.012209622,0.011442612,0.011643229,0.012323233,0.014185369,0.011577515,0.011780773
2024-08-11,0.012211238,0.011444058,0.011644721,0.012324875,0.0141874775,0.011578994,0.011782294
2024-08-25,0.012211335,0.011444144,0.011644809,0.0123249795,0.014187617,0.011579082,0.0117823845
2020-08-01,0.012211279,0.011444101,0.01164476,0.012324921,0.014187531,0.011579033,0.011782334
2024-04-23,0.012211295,0.011444112,0.011644776,0.012324933,0.014187549,0.011579049,0.01178235
2022-01-16,0.012211428,0.011444236,0.011644897,0.012325072,0.0141877225,0.011579169,0.011782479
2023-09-21,0.0122114,0.011444187,0.011644859,0.012325043,0.014187744,0.01157913,0.011782439
2022-09-29,0.01221152,0.011444296,0.011644968,0.012325166,0.01418789,0.01157924,0.01178255
2021-12-10,0.012211066,0.011443907,0.011644562,0.012324701,0.014187249,0.0115788365,0.011782134
2019-09-16,0.012211715,0.0114444615,0.011645144,0.012325363,0.0141881695,0.011579409,0.011782728
2024-01-31,0.01221137,0.011444177,0.011644842,0.012325008,0.014187643,0.011579115,0.011782417
2024-05-19,0.012206925,0.01144025,0.011640782,0.012320488,0.014181742,0.011575093,0.011778264
2019-12-22,0.012211416,0.011444219,0.011644885,0.0123250615,0.014187703,0.011579158,0.011782462
2024-07-12,0.012210968,0.011443821,0.011644474,0.012324602,0.014187124,0.01157875,0.01178204
2023-09-07,0.012211439,0.011444214,0.011644885,0.01232509,0.014187843,0.011579158,0.011782466
2023-07-02,0.012209082,0.011442154,0.011642751,0.012322681,0.014184623,0.011577041,0.01178028
2020-01-22,0.012211393,0.011444199,0.0116448635,0.012325032,0.014187677,0.011579136,0.011782439
2019-07-08,0.012211307,0.0114441225,0.011644787,0.012324951,0.014187563,0.011579059,0.011782362
2023-12-21,0.012211416,0.011444219,0.011644885,0.012325055,0.014187703,0.011579158,0.011782462
2021-11-14,0.012210651,0.011443534,0.011644178,0.012324284,0.014186709,0.01157846,0.011781739
2020-07-09,0.0122107435,0.011443621,0.011644266,0.012324377,0.014186823,0.011578547,0.011781829
2021-02-23,0.012211359,0.011444171,0.011644832,0.012325003,0.01418763,0.011579104,0.011782406
2019-04-07,0.012211059,0.011443896,0.011644551,0.0123246955,0.014187249,0.01157883,0.011782124
2023-10-07,0.0122113535,0.011444144,0.011644814,0.012324996,0.014187684,0.011579087,0.011782395
2019-05-25,0.012211284,0.011444101,0.011644764,0.012324927,0.014187545,0.011579038,0.01178234
2022-05-04,0.012211129,0.011443961,0.011644618,0.012324764,0.014187329,0.0115788905,0.011782189
2023-02-06,0.012209052,0.011442106,0.011642707,0.012322659,0.014184635,0.011576996,0.011780234
2020-09-25,0.012211319,0.011444133,0.011644792,0.012324963,0.014187591,0.011579065,0.011782372
2023-07-31,0.012211307,0.0114441225,0.011644787,0.012324951,0.014187571,0.011579054,0.011782362
2024-03-29,0.012211295,0.011444112,0.011644776,0.012324933,0.014187549,0.011579049,0.01178235
2019-08-19,0.012210622,0.011443513,0.011644156,0.012324254,0.014186671,0.011578438,0.011781717
2023-10-16,0.012211381,0.011444177,0.011644847,0.012325025,0.014187696,0.011579115,0.011782422
2019-06-06,0.01221099,0.011443842,0.01164449,0.012324626,0.01418715,0.011578771,0.011782061
2023-02-04,0.01220835,0.011441474,0.011642055,0.012321944,0.014183723,0.011576354,0.011779575
2022-08-26,0.012211042,0.011443858,0.0116445245,0.012324683,0.014187329,0.011578793,0.011782095
2019-10-20,0.012211325,0.011444139,0.011644797,0.012324967,0.014187591,0.01157907,0.011782372
2024-11-19,0.012211387,0.011444192,0.011644859,0.012325025,0.01418767,0.01157913,0.011782434
2020-03-18,0.012211347,0.011444155,0.01164482,0.012324985,0.014187617,0.011579093,0.011782395
2023-10-05,0.01221133,0.011444128,0.011644792,0.012324973,0.014187656,0.011579065,0.011782372
2020-02-14,0.012211335,0.01144415,0.011644814,0.0123249795,0.014187603,0.011579087,0.011782389
2021-04-12,0.012211295,0.011444112,0.01164477,0.012324933,0.014187549,0.011579043,0.011782344
2023-07-19,0.01221141,0.011444214,0.01164488,0.012325048,0.014187696,0.011579152,0.011782456
2023-02-08,0.012208235,0.011441371,0.01164195,0.012321828,0.014183569,0.01157625,0.0117794685
2021-06-30,0.012211267,0.011444085,0.011644749,0.01232491,0.014187517,0.011579022,0.011782323
2020-02-18,0.01221133,0.011444144,0.011644804,0.012324967,0.014187597,0.011579077,0.011782378
2021-11-06,0.012210806,0.0114436755,0.011644321,0.012324435,0.014186917,0.011578596,0.011781883
2019-03-29,0.0122110825,0.011443923,0.011644579,0.012324719,0.014187284,0.011578851,0.01178215
2023-05-01,0.012211319,0.011444133,0.011644792,0.012324956,0.014187577,0.011579065,0.011782366
2021-08-08,0.012210961,0.01144381,0.011644463,0.012324597,0.014187124,0.011578739,0.011782033
2023-12-05,0.0122113535,0.01144416,0.011644825,0.012324992,0.014187623,0.011579098,0.0117824
2020-08-31,0.0122111635,0.011443998,0.011644656,0.012324805,0.014187376,0.011578929,0.011782228
2020-08-21,0.012211279,0.0114440955,0.01164476,0.012324916,0.014187523,0.011579033,0.011782328
2022-02-22,0.012211456,0.011444252,0.0116449185,0.012325095,0.014187757,0.01157919,0.011782501
2020-01-29,0.012211406,0.011444209,0.011644875,0.012325043,0.014187684,0.011579148,0.01178245
2020-12-30,0.012211422,0.011444226,0.0116448905,0.012325067,0.01418771,0.011579163,0.011782466
2023-03-27,0.012210928,0.011443778,0.01164443,0.01232456,0.014187071,0.011578704,0.011782001
2020-08-24,0.012211284,0.011444101,0.01164476,0.012324921,0.014187531,0.011579033,0.011782334
2020-03-02,0.012211439,0.011444242,0.011644902,0.012325085,0.01418775,0.011579175,0.011782483
2020-09-06,0.012211078,0.011443918,0.011644573,0.012324712,0.01418727,0.011578847,0.011782145
2024-07-17,0.012211134,0.011443971,0.011644628,0.0123247765,0.01418735,0.011578901,0.0117822
2023-10-18,0.012211335,0.011444144,0.011644809,0.0123249795,0.014187637,0.011579082,0.0117823845
2024-04-28,0.012211319,0.011444133,0.011644797,0.012324963,0.014187583,0.01157907,0.011782372
2022-04-02,0.012211307,0.0114441225,0.011644782,0.012324944,0.014187563,0.011579054,0.011782356
2022-03-08,0.0122114625,0.011444257,0.011644925,0.012325101,0.01418777,0.011579197,0.011782501
2023-06-14,0.012211221,0.011444041,0.011644704,0.0123248575,0.014187457,0.011578978,0.011782278
2024-11-16,0.012211365,0.011444171,0.011644836,0.012325003,0.014187643,0.011579108,0.0117824115
2020-09-14,0.012211037,0.011443879,0.011644535,0.012324672,0.014187218,0.011578809,0.0117821
2024-12-08,0.012211422,0.011444226,0.0116448905,0.012325067,0.014187717,0.011579163,0.011782466
2022-08-01,0.012211359,0.011444171,0.011644832,0.012324996,0.01418763,0.011579104,0.011782406
2021-02-28,0.012211359,0.011444171,0.011644832,0.012324996,0.01418763,0.011579104,0.011782406
2023-12-10,0.012211365,0.011444177,0.011644836,0.012325008,0.014187637,0.011579108,0.0117824115
2020-05-10,0.012211335,0.01144415,0.011644814,0.0123249795,0.014187603,0.011579087,0.011782389
2019-09-23,0.012211634,0.011444397,0.011645078,0.012325281,0.014188044,0.011579344,0.01178266
2022-01-29,0.012211376,0.011444187,0.011644847,0.012325015,0.014187651,0.01157912,0.011782422
2021-03-13,0.012211146,0.011443982,0.011644639,0.012324788,0.014187357,0.011578913,0.011782211
2020-12-18,0.012211422,0.011444226,0.0116448905,0.0123250615,0.01418771,0.011579163,0.011782466
2021-09-20,0.01221111,0.01144395,0.0116446065,0.012324748,0.0141873155,0.011578879,0.011782178
2022-11-14,0.012210899,0.0114437565,0.011644408,0.012324533,0.014187036,0.011578683,0.011781973
2022-06-20,0.01221103,0.011443879,0.011644535,0.012324665,0.01418721,0.011578809,0.0117821
2022-04-03,0.012211244,0.011444063,0.011644721,0.012324881,0.014187483,0.011578994,0.011782294
2024-08-18,0.012211267,0.01144409,0.011644749,0.01232491,0.014187517,0.011579022,0.011782323
2022-11-04,0.0122112045,0.011444031,0.011644688,0.01232484,0.0141874375,0.011578962,0.011782262
2023-09-12,0.012211428,0.011444209,0.01164488,0.012325077,0.014187804,0.011579152,0.011782462
2021-01-31,0.012211428,0.01144423,0.011644897,0.012325072,0.0141877225,0.011579169,0.011782472
2021-09-26,0.012211054,0.011443896,0.011644551,0.012324688,0.014187244,0.011578825,0.011782117
2021-01-15,0.012211439,0.011444242,0.011644902,0.012325077,0.014187731,0.011579175,0.011782483
2022-11-12,0.012210881,0.011443745,0.011644392,0.012324515,0.0141870165,0.011578673,0.011781962
2023-01-14,0.012208069,0.0114412205,0.011641796,0.012321654,0.014183349,0.0115760965,0.011779308
2024-07-16,0.012211118,0.011443955,0.011644611,0.012324753,0.014187324,0.011578886,0.011782178
2019-03-26,0.012211071,0.011443912,0.011644567,0.012324707,0.014187263,0.011578841,0.01178214
2024-03-24,0.012211376,0.011444182,0.011644847,0.012325015,0.014187656,0.01157912,0.011782422
2024-06-13,0.0122093465,0.011442364,0.011642969,0.012322954,0.014185022,0.01157726,0.011780506
2020-12-19,0.012211433,0.011444236,0.011644902,0.012325077,0.0141877225,0.011579175,0.011782479
2021-09-29,0.012210997,0.011443842,0.011644497,0.012324631,0.014187164,0.011578771,0.011782067
2019-08-29,0.012210686,0.011443567,0.011644211,0.012324317,0.014186777,0.011578492,0.011781773
2022-02-15,0.012211376,0.011444187,0.011644847,0.01232502,0.014187651,0.01157912,0.011782422
2023-09-18,0.012211446,0.011444226,0.011644897,0.01232509,0.0141878165,0.011579169,0.011782479
2024-01-24,0.012211439,0.011444242,0.011644907,0.012325077,0.014187736,0.011579175,0.011782483
2019-11-23,0.012211359,0.011444166,0.011644832,0.012324996,0.01418763,0.011579104,0.011782406
2023-04-06,0.012210812,0.01144368,0.011644332,0.012324439,0.014186917,0.011578606,0.011781895
2019-04-28,0.0122112725,0.0114440955,0.011644754,0.012324916,0.014187523,0.0115790265,0.011782328
2021-07-23,0.0122111,0.011443939,0.011644595,0.012324742,0.014187311,0.011578868,0.011782167
2024-05-28,0.012210961,0.011443815,0.011644469,0.012324597,0.014187104,0.011578743,0.011782033
2020-08-18,0.012211302,0.011444117,0.011644782,0.012324944,0.014187557,0.011579054,0.011782356
2024-11-08,0.012211302,0.011444112,0.011644776,0.012324944,0.014187571,0.011579049,0.01178235
2021-05-18,0.012211365,0.011444177,0.011644842,0.012325008,0.014187637,0.011579115,0.011782417
2021-10-14,0.012211215,0.011444037,0.0116447,0.0123248575,0.014187464,0.011578972,0.011782272
2021-03-16,0.01221098,0.011443831,0.011644485,0.012324613,0.014187138,0.01157876,0.01178205
2021-11-27,0.012210698,0.011443578,0.011644221,0.01232433,0.014186769,0.0115784975,0.011781785
2020-03-14,0.012211365,0.011444177,0.011644836,0.012325008,0.014187643,0.011579108,0.0117824115
2020-03-26,0.012211319,0.011444133,0.011644792,0.012324956,0.014187577,0.011579065,0.011782366
2023-07-22,0.012211221,0.011444041,0.011644704,0.0123248575,0.014187457,0.011578978,0.011782278
2019-09-29,0.0122116115,0.011444388,0.011645061,0.0123252645,0.014188004,0.011579327,0.011782638
2020-05-01,0.012211325,0.011444139,0.011644804,0.012324963,0.014187591,0.011579077,0.011782378
2020-06-13,0.012210231,0.011443169,0.011643799,0.012323853,0.0141861485,0.011578083,0.011781351
2023-04-26,0.012211267,0.01144409,0.011644749,0.01232491,0.014187517,0.011579022,0.011782323
2021-04-16,0.012211307,0.0114441225,0.011644787,0.012324944,0.014187563,0.011579059,0.011782362
2021-03-05,0.0122111635,0.011443998,0.011644656,0.012324805,0.014187383,0.011578929,0.011782228
2024-11-21,0.012211406,0.011444209,0.011644869,0.012325043,0.014187691,0.011579141,0.01178245
2021-12-18,0.0122113535,0.011444166,0.011644832,0.012324996,0.014187623,0.011579104,0.011782406
2024-11-10,0.012211335,0.011444144,0.011644809,0.012324973,0.014187609,0.011579077,0.0117823845
2021-06-02,0.012211002,0.011443852,0.011644507,0.012324638,0.014187164,0.0115787815,0.0117820725
2023-01-13,0.0122080585,0.011441215,0.011641791,0.012321648,0.014183342,0.011576091,0.011779303
2023-12-29,0.012211422,0.011444226,0.0116448905,0.0123250615,0.01418771,0.011579158,0.011782466
2019-05-10,0.012211295,0.011444117,0.011644776,0.0123249395,0.014187549,0.011579049,0.01178235
2021-03-01,0.012211295,0.011444112,0.01164477,0.012324933,0.014187549,0.011579043,0.011782344
2023-11-23,0.012211279,0.0114440955,0.01164476,0.012324916,0.014187531,0.0115790265,0.011782328
2021-07-02,0.012211146,0.011443977,0.011644633,0.012324788,0.014187376,0.011578907,0.011782206
2019-06-27,0.0122111915,0.011444015,0.011644677,0.012324829,0.014187429,0.011578951,0.011782249
2021-03-29,0.012208967,0.01144204,0.011642636,0.01232257,0.014184517,0.011576932,0.011780162
2020-07-29,0.012211319,0.011444133,0.011644797,0.012324956,0.014187577,0.01157907,0.011782372
2019-07-29,0.012211158,0.011443988,0.011644644,0.012324794,0.014187376,0.0115789175,0.011782218
2022-03-19,0.01221133,0.011444144,0.011644804,0.012324967,0.014187597,0.011579077,0.011782378
2023-01-26,0.012208328,0.011441452,0.011642038,0.012321921,0.01418369,0.011576331,0.011779552
2022-02-18,0.012211428,0.01144423,0.011644897,0.012325067,0.014187717,0.011579163,0.011782472
2019-12-23,0.012211428,0.01144423,0.011644897,0.012325067,0.014187717,0.011579169,0.011782472
2020-12-20,0.012211439,0.011444242,0.011644902,0.012325077,0.014187731,0.011579175,0.011782483
2021-10-06,0.012210537,0.011443437,0.011644078,0.012324161,0.0141865555,0.011578356,0.011781634
2021-08-21,0.012211446,0.011444246,0.011644913,0.01232509,0.01418775,0.011579179,0.011782489
2021-07-26,0.012211238,0.011444058,0.011644715,0.012324875,0.014187483,0.011578989,0.0117822895
2023-03-03,0.012210312,0.011443233,0.011643871,0.012323934,0.014186269,0.011578149,0.011781422
2024-06-06,0.012211158,0.011443988,0.011644644,0.012324794,0.014187376,0.011578923,0.011782218
2022-05-29,0.012211267,0.01144409,0.011644749,0.01232491,0.014187517,0.011579022,0.011782323
2024-09-05,0.012211302,0.011444112,0.01164477,0.0123249395,0.014187577,0.011579043,0.01178235
2024-12-29,0.012211446,0.011444246,0.011644907,0.012325085,0.014187744,0.011579179,0.011782489
2023-09-10,0.012211485,0.011444252,0.01164493,0.012325137,0.014187911,0.011579197,0.011782511
2019-12-29,0.012211433,0.011444236,0.011644902,0.012325072,0.0141877225,0.011579169,0.011782479
2021-11-29,0.012210657,0.01144354,0.011644184,0.0123242885,0.014186717,0.011578464,0.011781746
2020-08-05,0.012211279,0.0114440955,0.011644754,0.012324916,0.014187523,0.0115790265,0.011782328
2020-05-07,0.012211335,0.011444144,0.011644809,0.012324973,0.014187597,0.011579082,0.0117823845
2023-04-15,0.012210806,0.0114436755,0.011644326,0.012324439,0.014186904,0.011578601,0.011781889
2023-10-04,0.012211347,0.011444144,0.011644809,0.012324992,0.014187677,0.011579082,0.011782389
2020-10-28,0.012211393,0.011444199,0.0116448635,0.012325032,0.014187677,0.011579136,0.011782439
2022-07-31,0.012211365,0.011444177,0.011644836,0.012325008,0.014187643,0.011579108,0.0117824115
2023-06-04,0.012210168,0.011443109,0.0116437385,0.012323789,0.014186063,0.011578023,0.01178129
2024-10-18,0.01221118,0.011444004,0.0116446605,0.012324817,0.0141874235,0.011578934,0.011782234
2020-03-04,0.012211456,0.011444252,0.0116449185,0.012325101,0.01418777,0.01157919,0.011782494
2020-03-24,0.012211381,0.011444192,0.011644859,0.012325025,0.014187663,0.01157913,0.011782434
2021-01-13,0.012211422,0.011444226,0.0116448905,0.012325067,0.01418771,0.011579163,0.011782466
2021-03-07,0.012211267,0.011444085,0.011644749,0.012324904,0.014187511,0.011579022,0.011782317
2022-09-21,0.012211485,0.011444269,0.01164494,0.0123251295,0.01418785,0.011579207,0.011782522
2021-10-09,0.012210818,0.011443687,0.011644332,0.012324445,0.014186922,0.011578612,0.011781901
2019-05-11,0.012211284,0.011444107,0.011644764,0.012324927,0.014187537,0.011579038,0.01178234
2024-07-14,0.0122108925,0.0114437565,0.011644403,0.012324527,0.014187022,0.011578683,0.011781973
2019-05-30,0.012211393,0.011444192,0.011644859,0.012325032,0.014187691,0.01157913,0.011782434
2022-07-11,0.012211158,0.011443988,0.011644644,0.012324794,0.014187363,0.0115789175,0.011782218
2023-07-06,0.012209121,0.011442185,0.011642784,0.012322722,0.014184683,0.0115770735,0.011780312
2021-09-15,0.012211146,0.011443977,0.011644633,0.012324782,0.014187357,0.011578907,0.011782206
2020-02-05,0.0122113535,0.01144416,0.011644825,0.012324992,0.014187617,0.011579098,0.0117824
2023-02-28,0.012210386,0.011443303,0.011643937,0.012324017,0.01418637,0.01157822,0.011781494
2023-02-01,0.012208311,0.011441437,0.011642021,0.012321903,0.014183669,0.011576321,0.011779536
2022-06-10,0.012211158,0.011443988,0.011644644,0.0123248,0.014187383,0.0115789175,0.011782218
2021-06-04,0.012210738,0.011443621,0.011644266,0.0123243695,0.014186811,0.011578541,0.011781829
2021-02-19,0.012211359,0.011444166,0.011644832,0.012324996,0.01418763,0.011579104,0.011782406
2024-06-14,0.012208748,0.011441825,0.011642422,0.01232235,0.014184256,0.011576713,0.011779946
2021-03-06,0.012211238,0.011444063,0.011644726,0.012324881,0.0141874775,0.011579,0.011782294
2021-04-23,0.01221137,0.011444177,0.011644842,0.012325008,0.014187651,0.011579115,0.011782417
2020-11-23,0.012211422,0.01144423,0.0116448905,0.012325067,0.014187717,0.011579163,0.011782466
2024-05-11,0.012211054,0.011443896,0.011644551,0.012324688,0.014187236,0.01157883,0.011782124
2020-10-06,0.01221133,0.011444144,0.011644804,0.012324973,0.014187603,0.011579077,0.011782378
2023-09-27,0.012211416,0.011444203,0.011644869,0.0123250615,0.014187757,0.011579141,0.01178245
2019-09-02,0.012211319,0.011444128,0.011644792,0.012324963,0.014187609,0.011579059,0.011782366
2024-12-18,0.012211433,0.011444236,0.011644902,0.012325077,0.014187731,0.011579175,0.011782479
2024-01-21,0.012211433,0.011444236,0.011644902,0.012325077,0.014187731,0.011579175,0.011782479
2021-11-13,0.012210657,0.01144354,0.011644184,0.0123242885,0.014186723,0.011578464,0.011781746
2023-02-13,0.012208897,0.011441965,0.011642559,0.012322502,0.014184436,0.011576856,0.011780091
2022-12-31,0.012208977,0.01144204,0.011642636,0.012322583,0.014184536,0.011576932,0.011780169
2023-03-01,0.012210456,0.011443362,0.011644002,0.01232408,0.014186456,0.011578279,0.0117815565
2022-12-05,0.012208909,0.011441976,0.011642575,0.012322512,0.01418445,0.011576867,0.011780102
2019-10-22,0.01221137,0.011444177,0.011644836,0.012325008,0.014187651,0.011579108,0.011782417
2020-06-02,0.012209674,0.011442676,0.01164329,0.012323285,0.014185395,0.011577581,0.011780829
2024-03-21,0.01221114,0.011443971,0.011644628,0.0123247765,0.01418735,0.011578901,0.0117822
2020-10-04,0.012211289,0.011444107,0.011644764,0.012324927,0.014187549,0.011579038,0.01178234
2023-01-22,0.012208438,0.011441556,0.011642136,0.01232203,0.014183835,0.0115764355,0.011779658
2021-01-07,0.012211433,0.011444236,0.011644902,0.012325072,0.0141877225,0.011579175,0.011782479
2021-08-18,0.0122114,0.011444203,0.011644869,0.012325038,0.014187684,0.011579141,0.011782444
2020-02-20,0.012211387,0.011444192,0.011644859,0.012325025,0.01418767,0.01157913,0.011782434
2021-05-01,0.012211347,0.01144416,0.01164482,0.012324985,0.014187617,0.011579093,0.011782395
2021-09-24,0.01221095,0.011443804,0.0116444575,0.012324586,0.014187104,0.011578732,0.011782023
2024-05-25,0.012210478,0.011443389,0.0116440235,0.012324103,0.014186463,0.011578307,0.0117815845
2024-02-25,0.012211134,0.011443961,0.011644618,0.0123247765,0.014187371,0.0115788905,0.011782195
2023-08-30,0.012211376,0.011444171,0.011644842,0.01232502,0.014187703,0.011579108,0.011782417
2023-03-06,0.012210502,0.0114434045,0.011644046,0.012324132,0.014186517,0.011578323,0.0117816
2024-07-21,0.012210828,0.011443696,0.0116443485,0.012324463,0.01418695,0.011578624,0.011781911
2024-12-19,0.012211433,0.011444236,0.011644902,0.012325077,0.014187731,0.011579175,0.011782479
2021-01-24,0.012211416,0.011444226,0.011644885,0.0123250615,0.01418771,0.011579158,0.011782462
2019-11-30,0.012211347,0.01144416,0.01164482,0.012324985,0.014187617,0.011579093,0.011782395
2020-03-09,0.012211422,0.011444226,0.0116448905,0.012325067,0.0141877225,0.011579163,0.011782466
2019-08-16,0.012210956,0.01144381,0.011644463,0.01232459,0.014187104,0.011578739,0.011782028
2020-01-02,0.012211439,0.011444242,0.011644902,0.012325077,0.014187731,0.011579175,0.011782483
2021-10-20,0.012211208,0.011444031,0.011644693,0.012324846,0.014187443,0.011578966,0.011782267
2020-08-08,0.012211289,0.011444107,0.01164477,0.012324927,0.014187545,0.011579043,0.011782344
2024-01-15,0.012211433,0.011444236,0.011644902,0.012325077,0.014187731,0.011579175,0.011782479
2019-04-20,0.012211256,0.011444074,0.011644738,0.012324892,0.014187497,0.011579012,0.011782312
2019-11-26,0.012211319,0.011444133,0.011644797,0.012324963,0.014187583,0.01157907,0.011782372
2023-08-03,0.012211279,0.0114440955,0.011644754,0.012324916,0.014187531,0.0115790265,0.011782328
2021-07-07,0.012211295,0.011444112,0.011644776,0.0123249395,0.014187549,0.011579049,0.01178235
2022-03-15,0.012211215,0.011444041,0.0116447,0.0123248575,0.0141874505,0.011578972,0.011782272
2022-04-22,0.012211118,0.011443955,0.011644611,0.012324753,0.0141873155,0.011578886,0.011782184
2024-07-07,0.012211129,0.011443966,0.011644621,0.012324771,0.014187343,0.011578896,0.011782195
2023-10-01,0.012211365,0.011444155,0.011644825,0.012325008,0.014187703,0.011579093,0.0117824
2023-08-17,0.0122110825,0.011443918,0.011644579,0.012324724,0.014187298,0.011578851,0.011782145
2023-12-28,0.012211422,0.011444226,0.0116448905,0.0123250615,0.01418771,0.011579163,0.011782466
2024-01-28,0.0122114,0.011444203,0.011644869,0.012325043,0.014187684,0.011579141,0.011782444
2020-10-22,0.012211365,0.011444171,0.011644836,0.012325008,0.014187643,0.011579108,0.0117824115
2024-05-09,0.012211267,0.011444085,0.011644749,0.01232491,0.014187517,0.011579022,0.011782323
2022-12-20,0.012208444,0.01144156,0.011642142,0.012322037,0.0141838435,0.01157644,0.011779664
2019-04-17,0.01221103,0.011443874,0.011644528,0.012324665,0.01418721,0.011578809,0.0117821
2021-01-05,0.012211433,0.011444242,0.011644902,0.012325077,0.014187731,0.011579175,0.011782479
2023-11-03,0.012211295,0.011444107,0.01164477,0.012324933,0.014187563,0.011579043,0.011782344
2024-07-20,0.0122108525,0.011443712,0.011644364,0.012324486,0.01418697,0.011578639,0.011781929
2022-01-18,0.012211433,0.011444236,0.011644902,0.012325077,0.014187731,0.011579175,0.011782479
2023-11-14,0.012211208,0.011444037,0.011644693,0.012324852,0.014187443,0.011578966,0.011782267
2019-06-28,0.012211221,0.011444041,0.011644704,0.012324863,0.014187469,0.011578978,0.011782278
2022-06-23,0.012211267,0.01144409,0.011644749,0.01232491,0.014187517,0.011579022,0.011782323
2024-11-27,0.012211387,0.011444192,0.011644859,0.012325032,0.014187677,0.01157913,0.011782434
2019-05-23,0.0122112315,0.011444058,0.011644715,0.012324875,0.014187469,0.011578989,0.0117822895
2020-02-09,0.012211302,0.011444117,0.011644782,0.0123249395,0.014187557,0.011579054,0.011782356
2020-11-18,0.012211406,0.011444209,0.011644875,0.012325048,0.014187691,0.011579148,0.01178245
2021-01-29,0.012211446,0.011444246,0.011644913,0.01232509,0.01418775,0.011579185,0.011782489
2020-07-25,0.0122112725,0.01144409,0.011644754,0.01232491,0.014187523,0.0115790265,0.011782328
2023-03-10,0.012210581,0.011443474,0.0116441175,0.012324213,0.0141866235,0.0115784,0.011781679
2020-12-09,0.012211439,0.011444242,0.011644907,0.012325085,0.014187736,0.011579179,0.011782483
2023-06-05,0.012210646,0.011443534,0.011644178,0.012324271,0.014186697,0.011578454,0.011781739
2023-12-24,0.012211416,0.011444219,0.011644885,0.012325055,0.014187703,0.011579158,0.011782462
2022-12-02,0.012209007,0.011442067,0.011642664,0.012322612,0.014184576,0.011576959,0.011780196
2024-05-23,0.012210209,0.011443146,0.011643778,0.012323825,0.014186103,0.011578061,0.011781328
2023-06-21,0.0122111635,0.011443993,0.011644649,0.0123248,0.014187383,0.011578923,0.011782222
2020-12-17,0.012211428,0.01144423,0.011644897,0.012325067,0.014187717,0.011579169,0.011782472
2019-05-21,0.012211267,0.01144409,0.011644749,0.01232491,0.014187517,0.011579022,0.011782323
2019-07-14,0.012211335,0.01144415,0.011644809,0.012324973,0.014187603,0.011579082,0.0117823845
2024-07-23,0.0122097945,0.011442774,0.011643394,0.0123234065,0.014185582,0.011577684,0.011780939
2021-01-08,0.012211422,0.01144423,0.0116448905,0.012325067,0.01418771,0.011579163,0.011782466
2020-03-20,0.012211284,0.011444107,0.011644764,0.012324927,0.014187537,0.011579038,0.01178234
2023-02-02,0.012208081,0.011441232,0.011641807,0.0123216715,0.0141833685,0.011576107,0.011779319
2022-12-14,0.012208724,0.011441808,0.0116424,0.0123223215,0.014184202,0.011576697,0.011779924
2023-11-24,0.012211284,0.011444101,0.01164476,0.012324921,0.014187537,0.011579033,0.011782334
2021-07-08,0.012211319,0.011444133,0.011644797,0.012324963,0.014187583,0.01157907,0.011782372
2022-03-06,0.012211503,0.011444296,0.011644962,0.012325147,0.0141878305,0.011579234,0.011782539
2022-09-07,0.012211347,0.01144415,0.01164482,0.012324992,0.014187651,0.011579087,0.011782395
2023-09-26,0.012211422,0.011444209,0.01164488,0.012325067,0.01418777,0.011579152,0.011782462
2020-09-18,0.0122112315,0.011444058,0.011644715,0.012324875,0.014187483,0.011578989,0.0117822895
2023-02-07,0.012208252,0.011441394,0.011641972,0.012321847,0.014183596,0.011576267,0.011779486
2024-09-04,0.012211284,0.0114440955,0.01164476,0.012324921,0.014187557,0.0115790265,0.011782334
2022-03-21,0.0122111915,0.011444015,0.011644677,0.012324829,0.014187417,0.011578951,0.011782249
2021-03-21,0.012210588,0.011443481,0.011644123,0.012324213,0.0141866235,0.0115784,0.011781684
2022-04-11,0.012211042,0.011443891,0.011644546,0.012324678,0.014187223,0.01157882,0.011782112
2024-03-20,0.012211221,0.011444041,0.011644704,0.0123248575,0.014187457,0.011578978,0.011782278
2023-03-26,0.012210708,0.011443583,0.011644233,0.012324341,0.014186797,0.01157851,0.011781795
2021-10-07,0.012210686,0.011443567,0.011644216,0.012324312,0.014186751,0.011578492,0.011781778
2021-09-28,0.012210933,0.011443788,0.011644442,0.0123245735,0.01418709,0.011578715,0.011782011
2021-11-25,0.012210727,0.011443605,0.011644249,0.012324359,0.014186811,0.011578531,0.011781811
2023-09-03,0.012211446,0.011444219,0.0116448905,0.012325095,0.01418785,0.011579158,0.011782472
2021-02-06,0.0122113535,0.01144416,0.011644825,0.012324996,0.01418763,0.011579098,0.0117824
2023-04-17,0.01221099,0.011443842,0.011644497,0.012324626,0.01418715,0.011578771,0.011782061
2024-05-05,0.01221118,0.01144401,0.011644667,0.012324817,0.014187403,0.01157894,0.011782239
2022-02-06,0.012211393,0.011444203,0.0116448635,0.012325038,0.01418767,0.011579136,0.011782439
2023-05-19,0.012211341,0.011444155,0.011644814,0.0123249795,0.014187609,0.011579087,0.011782389
2023-05-05,0.012211387,0.011444192,0.011644859,0.012325032,0.01418767,0.01157913,0.011782434
2024-02-02,0.012211289,0.011444107,0.01164477,0.012324927,0.014187545,0.011579043,0.011782344
2022-01-20,0.012211428,0.01144423,0.011644897,0.012325072,0.014187717,0.011579169,0.011782472
2024-06-08,0.012210917,0.011443772,0.011644425,0.01232455,0.014187064,0.0115787005,0.011781989
2022-03-12,0.012211347,0.01144416,0.01164482,0.012324985,0.014187617,0.011579093,0.011782395
2020-03-07,0.012211497,0.01144429,0.011644957,0.012325137,0.014187824,0.011579224,0.0117825335
2023-12-18,0.012211406,0.011444209,0.011644875,0.012325043,0.014187684,0.011579148,0.01178245
2019-04-14,0.0122111635,0.011443993,0.011644649,0.012324805,0.014187383,0.011578929,0.011782222
2022-11-10,0.01221102,0.011443865,0.011644518,0.0123246545,0.014187196,0.011578793,0.011782089
2023-09-30,0.012211387,0.011444177,0.011644842,0.012325032,0.014187731,0.011579115,0.011782422
2021-04-05,0.012210686,0.011443567,0.011644216,0.012324317,0.014186757,0.011578492,0.011781778
2024-07-26,0.012210071,0.011443027,0.011643651,0.012323691,0.014185943,0.011577937,0.011781201
2021-09-05,0.012211175,0.011443998,0.0116446605,0.012324811,0.014187403,0.011578934,0.011782234
2021-06-08,0.012211158,0.011443988,0.011644649,0.012324794,0.014187363,0.011578923,0.011782218
2019-09-18,0.012211778,0.011444521,0.011645204,0.012325432,0.014188257,0.011579469,0.011782789
2021-08-11,0.01221111,0.01144395,0.0116446065,0.012324753,0.0141873155,0.011578879,0.011782178
2024-09-26,0.0122103235,0.011443249,0.011643881,0.012323952,0.01418629,0.011578164,0.01178144
2024-01-09,0.012211433,0.011444236,0.011644902,0.012325072,0.0141877225,0.011579175,0.011782479
2019-12-04,0.012211381,0.011444192,0.011644859,0.012325025,0.014187663,0.01157913,0.011782434
2022-08-17,0.012211279,0.011444074,0.011644742,0.012324921,0.014187591,0.011579012,0.011782317
2021-01-23,0.01221141,0.011444219,0.01164488,0.012325055,0.014187696,0.011579152,0.011782456
2022-03-22,0.012211146,0.011443977,0.011644633,0.012324782,0.014187357,0.011578907,0.011782206
2019-07-05,0.012211325,0.011444139,0.011644804,0.012324967,0.014187591,0.011579077,0.011782378
2023-11-18,0.012211249,0.011444068,0.011644726,0.012324886,0.01418749,0.011579,0.011782301
2020-03-19,0.012211325,0.011444133,0.011644797,0.012324963,0.014187583,0.01157907,0.011782372
2024-10-31,0.012211267,0.01144408,0.011644742,0.012324904,0.014187531,0.011579015,0.011782317
2023-08-15,0.012210828,0.011443696,0.011644342,0.012324463,0.014186964,0.011578624,0.011781911
2022-03-05,0.012211503,0.011444296,0.011644962,0.012325147,0.0141878305,0.011579234,0.011782539
2023-03-04,0.012210111,0.011443054,0.0116436845,0.012323732,0.014186003,0.0115779685,0.011781234
2021-09-17,0.0122112725,0.011444085,0.011644749,0.01232491,0.014187531,0.011579022,0.011782323
2019-05-17,0.012211238,0.011444063,0.011644721,0.012324881,0.0141874775,0.011578994,0.011782294
2023-08-05,0.012211256,0.011444074,0.011644732,0.012324892,0.014187504,0.011579005,0.011782305
2021-09-06,0.012211158,0.011443988,0.011644644,0.012324794,0.014187376,0.0115789175,0.011782218
2024-04-25,0.012211325,0.011444139,0.011644804,0.012324967,0.014187591,0.011579077,0.011782378
2021-09-02,0.012211221,0.011444041,0.011644704,0.0123248575,0.014187464,0.011578978,0.011782278
2020-12-10,0.012211433,0.011444236,0.011644902,0.012325077,0.0141877225,0.011579175,0.011782479
2024-04-03,0.012211267,0.011444085,0.011644749,0.012324904,0.014187511,0.011579022,0.011782323
2021-01-12,0.012211422,0.011444226,0.0116448905,0.012325067,0.01418771,0.011579163,0.011782466
2020-10-23,0.012211335,0.01144415,0.011644814,0.0123249795,0.014187609,0.011579087,0.011782389
2024-08-24,0.012211319,0.011444128,0.011644792,0.012324963,0.014187591,0.011579065,0.011782366
2022-02-16,0.012211393,0.011444199,0.0116448635,0.012325032,0.01418767,0.011579136,0.011782439
2024-03-07,0.012211215,0.011444037,0.011644693,0.012324852,0.014187469,0.011578966,0.011782267
2019-08-22,0.012210525,0.011443428,0.011644068,0.012324155,0.01418655,0.011578345,0.011781629
2024-03-23,0.012211325,0.011444139,0.011644797,0.012324963,0.014187591,0.01157907,0.011782372
2021-06-24,0.012210945,0.011443804,0.011644453,0.012324579,0.01418709,0.011578732,0.011782023
2024-08-03,0.012211244,0.011444068,0.011644726,0.012324886,0.01418749,0.011579,0.011782301
2024-06-15,0.01220873,0.011441814,0.011642405,0.012322334,0.014184228,0.011576697,0.0117799295
2021-12-29,0.012211439,0.011444242,0.011644902,0.012325077,0.014187731,0.011579175,0.011782483
2019-06-03,0.012211451,0.011444242,0.011644907,0.01232509,0.014187778,0.011579179,0.011782489
2021-02-08,0.012211433,0.011444236,0.011644902,0.012325077,0.014187736,0.011579169,0.011782479
2020-05-04,0.012211335,0.01144415,0.011644814,0.0123249795,0.014187603,0.011579087,0.011782389
2019-03-27,0.012210956,0.01144381,0.011644463,0.012324597,0.014187124,0.011578739,0.011782028
2024-01-19,0.012211439,0.011444242,0.011644902,0.012325077,0.014187731,0.011579175,0.011782483
2019-09-25,0.012211634,0.011444397,0.011645073,0.012325281,0.01418803,0.011579344,0.011782656
2021-06-05,0.012210784,0.01144366,0.011644304,0.0123244105,0.01418687,0.011578585,0.011781868
2024-10-14,0.012211215,0.011444037,0.0116447,0.0123248575,0.014187464,0.011578972,0.011782272
2021-12-13,0.0122111915,0.01144402,0.011644677,0.012324829,0.01418741,0.011578951,0.011782249
2022-07-28,0.012211289,0.011444107,0.01164477,0.012324927,0.014187545,0.011579043,0.011782344
2021-10-02,0.012210611,0.011443502,0.011644145,0.012324236,0.014186657,0.011578421,0.0117817065
2019-11-20,0.01221137,0.011444182,0.011644847,0.012325015,0.014187643,0.011579115,0.011782422
2020-10-02,0.01221133,0.011444144,0.011644804,0.012324973,0.014187597,0.011579077,0.011782378
2019-10-12,0.0122114,0.011444199,0.0116448635,0.012325038,0.014187696,0.011579136,0.011782439
2024-12-23,0.012211433,0.011444236,0.011644902,0.012325077,0.014187731,0.011579175,0.011782479
2023-07-15,0.012211249,0.011444068,0.011644732,0.012324886,0.01418749,0.011579005,0.011782305
2024-04-13,0.0122112725,0.0114440955,0.011644754,0.012324916,0.014187523,0.0115790265,0.011782328
2023-12-02,0.012211325,0.011444139,0.011644797,0.012324963,0.014187583,0.01157907,0.011782372
2019-06-30,0.01221133,0.011444139,0.011644804,0.012324967,0.014187597,0.011579077,0.011782378
2024-11-13,0.012211376,0.011444187,0.011644847,0.01232502,0.014187663,0.01157912,0.011782422
2023-07-09,0.012210467,0.011443378,0.01164402,0.012324098,0.01418647,0.011578296,0.011781572
2023-09-23,0.012211365,0.01144416,0.011644825,0.012325008,0.014187696,0.011579098,0.011782406
2024-01-22,0.012211428,0.01144423,0.011644897,0.012325067,0.014187717,0.011579163,0.011782472
2020-08-30,0.012211066,0.011443907,0.011644562,0.012324701,0.014187249,0.011578841,0.011782134
2020-03-10,0.012211428,0.01144423,0.011644897,0.012325072,0.014187731,0.011579169,0.011782472
2020-12-11,0.012211439,0.011444242,0.011644907,0.012325077,0.014187731,0.011579179,0.011782483
2021-04-06,0.012211054,0.011443896,0.011644551,0.012324688,0.014187236,0.011578825,0.011782117
2021-09-09,0.012211007,0.011443852,0.011644507,0.012324643,0.014187176,0.0115787815,0.0117820725
2023-02-18,0.012209661,0.01144265,0.011643266,0.012323279,0.014185429,0.011577554,0.011780812
2020-07-30,0.012211295,0.011444112,0.011644776,0.012324933,0.014187549,0.011579049,0.01178235
2019-10-07,0.012211566,0.011444345,0.011645018,0.012325212,0.01418793,0.01157929,0.011782601
2023-07-21,0.0122111915,0.01144402,0.011644677,0.012324829,0.0141874235,0.011578951,0.011782249
2024-12-20,0.012211439,0.011444242,0.011644907,0.012325085,0.014187736,0.011579179,0.011782483
2020-03-16,0.012211347,0.01144416,0.01164482,0.012324985,0.014187617,0.011579093,0.011782395
2022-02-24,0.012211451,0.011444246,0.011644913,0.01232509,0.014187757,0.011579185,0.011782494
2021-02-20,0.012211365,0.011444171,0.011644836,0.012325003,0.014187637,0.011579108,0.0117824115
2021-07-15,0.012211249,0.011444074,0.011644732,0.012324892,0.014187497,0.011579005,0.011782305
2021-10-26,0.012210933,0.011443788,0.011644442,0.012324567,0.014187083,0.011578715,0.011782006
2024-08-13,0.0122112725,0.01144409,0.011644754,0.01232491,0.014187523,0.0115790265,0.011782323
2022-09-12,0.01221141,0.011444203,0.011644875,0.012325055,0.014187736,0.011579141,0.01178245
2023-01-21,0.01220826,0.011441394,0.011641978,0.012321852,0.01418361,0.011576272,0.011779491
2021-09-23,0.012211037,0.011443879,0.011644535,0.012324672,0.014187218,0.011578809,0.011782105
2021-01-27,0.012211439,0.011444242,0.011644902,0.012325077,0.014187736,0.011579175,0.011782483
2023-11-11,0.012211215,0.011444037,0.011644693,0.012324852,0.014187457,0.011578966,0.011782267
2020-04-04,0.01221111,0.011443945,0.0116446,0.012324748,0.014187311,0.011578879,0.011782172
2021-12-06,0.012210985,0.011443836,0.011644485,0.01232462,0.014187142,0.011578765,0.011782056
2024-10-05,0.0122112725,0.01144409,0.011644749,0.01232491,0.014187531,0.011579022,0.011782323
2020-08-29,0.012210864,0.0114437295,0.01164438,0.012324498,0.014186984,0.011578656,0.011781945
2023-05-16,0.012211376,0.011444187,0.011644847,0.01232502,0.014187656,0.01157912,0.011782422
2022-03-18,0.0122113535,0.011444166,0.011644825,0.012324996,0.014187623,0.011579098,0.0117824
2024-03-09,0.012211307,0.011444112,0.011644776,0.012324944,0.014187583,0.011579049,0.011782356
2021-02-14,0.012211456,0.011444252,0.0116449185,0.012325101,0.014187764,0.01157919,0.011782501
2021-07-14,0.012211244,0.011444063,0.011644721,0.012324881,0.014187483,0.011578994,0.011782294
2020-11-01,0.012211416,0.011444226,0.011644885,0.0123250615,0.01418771,0.011579158,0.011782462
2020-12-02,0.012211439,0.011444242,0.011644907,0.012325085,0.014187731,0.011579179,0.011782483
2021-03-27,0.012209317,0.011442354,0.011642959,0.012322925,0.0141849555,0.011577249,0.01178049
2020-11-02,0.012211406,0.011444209,0.011644875,0.012325043,0.014187691,0.011579148,0.01178245
2020-08-25,0.012211244,0.011444068,0.011644726,0.012324886,0.014187483,0.011579,0.011782301
2021-06-07,0.012210909,0.011443772,0.011644425,0.012324544,0.014187044,0.0115787005,0.011781989
2021-04-26,0.012211376,0.011444182,0.011644847,0.012325015,0.014187656,0.01157912,0.011782422
2022-01-13,0.012211446,0.011444246,0.011644907,0.012325085,0.014187736,0.011579179,0.011782489
2020-09-15,0.012211042,0.011443885,0.011644539,0.012324678,0.014187223,0.011578814,0.011782105
2023-12-12,0.012211376,0.011444182,0.011644847,0.012325015,0.014187651,0.01157912,0.011782422
2024-12-28,0.012211439,0.011444242,0.011644907,0.012325085,0.014187736,0.011579179,0.011782483
2019-05-26,0.012211208,0.011444031,0.011644688,0.012324846,0.014187443,0.011578962,0.011782262
2024-09-21,0.012210796,0.011443663,0.011644309,0.012324429,0.0141869085,0.01157859,0.011781879
2024-10-24,0.012211169,0.011443993,0.011644649,0.012324805,0.014187403,0.011578923,0.011782222
2022-01-25,0.012211387,0.011444199,0.0116448635,0.012325032,0.014187663,0.01157913,0.011782439
2022-07-20,0.0122110825,0.011443923,0.011644579,0.012324719,0.01418727,0.011578858,0.01178215
2023-03-17,0.012210507,0.0114434045,0.011644046,0.012324138,0.014186536,0.011578328,0.011781607
2020-08-10,0.012211341,0.011444155,0.01164482,0.012324985,0.014187609,0.011579093,0.011782395
2019-04-10,0.012210928,0.011443783,0.011644435,0.01232456,0.01418709,0.011578711,0.011782001
2021-12-19,0.012211381,0.011444192,0.011644859,0.012325025,0.014187663,0.01157913,0.011782434
2020-08-02,0.012211284,0.011444101,0.011644764,0.012324921,0.014187537,0.011579038,0.01178234
2021-11-01,0.01221099,0.011443842,0.011644497,0.012324626,0.014187156,0.011578771,0.011782061
2019-06-15,0.012211105,0.011443945,0.0116446,0.012324742,0.014187311,0.011578875,0.011782172
2019-11-17,0.0122113535,0.011444166,0.011644832,0.012324996,0.014187623,0.011579104,0.011782406
2020-07-28,0.012211295,0.011444112,0.011644776,0.012324933,0.014187549,0.011579049,0.01178235
2020-03-29,0.012211007,0.011443852,0.011644507,0.012324643,0.014187176,0.0115787815,0.011782078
2024-11-07,0.012211302,0.011444112,0.011644776,0.012324944,0.014187571,0.011579049,0.01178235
2024-09-30,0.01221102,0.011443865,0.011644518,0.01232466,0.014187204,0.011578797,0.011782089
2021-08-10,0.0122111,0.011443939,0.011644595,0.012324742,0.014187303,0.011578868,0.011782167
2024-07-19,0.012210847,0.011443707,0.011644359,0.012324481,0.01418697,0.011578633,0.0117819235
2021-05-15,0.012211387,0.011444199,0.011644859,0.012325032,0.01418767,0.01157913,0.011782439
2019-12-09,0.012211387,0.011444199,0.0116448635,0.012325032,0.01418767,0.01157913,0.011782439
2021-12-24,0.012211406,0.011444209,0.011644875,0.012325043,0.014187691,0.011579148,0.01178245
2019-10-16,0.012211307,0.0114441225,0.011644782,0.012324951,0.014187577,0.011579054,0.011782356
2021-10-10,0.012210841,0.011443707,0.011644359,0.012324475,0.014186957,0.011578633,0.0117819235
2024-04-22,0.012211198,0.011444025,0.011644683,0.01232484,0.0141874235,0.011578962,0.011782256
2021-01-11,0.012211422,0.011444226,0.0116448905,0.012325067,0.01418771,0.011579163,0.011782466
2022-03-04,0.01221149,0.011444285,0.011644952,0.0123251295,0.01418781,0.011579224,0.011782528
2024-06-23,0.012211279,0.0114440955,0.01164476,0.012324921,0.014187537,0.011579033,0.011782334
2020-12-21,0.012211439,0.011444242,0.011644907,0.012325085,0.014187736,0.011579179,0.011782483
2021-06-10,0.012211002,0.011443852,0.011644507,0.012324638,0.014187164,0.0115787815,0.011782078
2021-12-02,0.01221076,0.011443633,0.011644277,0.012324387,0.014186849,0.011578558,0.011781845
2023-10-20,0.012211359,0.01144416,0.011644825,0.012325003,0.014187656,0.011579098,0.011782406
2020-03-01,0.012211416,0.011444214,0.01164488,0.012325055,0.014187717,0.011579152,0.011782462
2024-10-22,0.0122112045,0.011444025,0.011644688,0.012324846,0.0141874505,0.011578962,0.011782262
2020-11-07,0.012211428,0.01144423,0.011644897,0.012325067,0.014187717,0.011579169,0.011782472
2020-04-01,0.012211146,0.011443977,0.011644633,0.012324782,0.01418735,0.011578913,0.011782206
2019-09-14,0.012211601,0.01144437,0.011645045,0.012325246,0.014188004,0.011579311,0.011782628
2020-02-01,0.0122112725,0.01144409,0.011644754,0.01232491,0.014187517,0.0115790265,0.011782328
2024-03-19,0.012211198,0.011444025,0.011644683,0.01232484,0.014187429,0.011578956,0.011782256
2020-11-05,0.012211433,0.011444242,0.011644902,0.012325077,0.014187731,0.011579175,0.011782483
2024-10-08,0.012211261,0.011444074,0.011644738,0.0123248985,0.014187511,0.011579012,0.011782312
2024-06-04,0.012211279,0.0114440955,0.011644754,0.012324916,0.014187523,0.0115790265,0.011782328
2022-04-12,0.012211071,0.011443912,0.011644567,0.012324707,0.014187249,0.011578841,0.011782134
2021-04-09,0.012210928,0.011443788,0.011644435,0.01232456,0.014187078,0.011578715,0.011782006
2021-07-28,0.012211244,0.011444063,0.011644726,0.012324886,0.01418749,0.011579,0.011782301
2021-10-25,0.012211054,0.011443896,0.011644551,0.012324688,0.014187236,0.011578825,0.011782124
2021-02-05,0.012211307,0.0114441225,0.011644782,0.012324944,0.014187563,0.011579054,0.011782356
2023-01-24,0.012208501,0.01144161,0.011642197,0.012322101,0.014183923,0.011576494,0.011779719
2021-10-01,0.012210828,0.011443696,0.011644342,0.012324463,0.014186943,0.011578624,0.011781911
2024-10-10,0.012211227,0.011444047,0.011644704,0.012324863,0.0141874775,0.011578978,0.011782278
2020-06-10,0.0122112315,0.011444058,0.011644715,0.012324869,0.014187464,0.011578989,0.0117822895
2023-07-14,0.012211238,0.011444058,0.011644721,0.012324875,0.0141874775,0.011578994,0.011782294
2022-01-06,0.012211446,0.011444246,0.011644913,0.01232509,0.014187744,0.011579185,0.011782489
2021-11-18,0.012210646,0.011443529,0.011644178,0.012324277,0.014186703,0.011578454,0.011781739
2023-11-16,0.012211227,0.011444047,0.011644704,0.012324863,0.014187464,0.011578978,0.011782278
2020-01-05,0.012211439,0.011444242,0.011644907,0.012325077,0.014187731,0.011579175,0.011782483
2020-05-30,0.012210312,0.011443242,0.011643876,0.012323934,0.014186243,0.011578159,0.011781429
2024-02-09,0.0122112315,0.011444053,0.011644715,0.012324869,0.014187469,0.011578989,0.011782283
2022-07-26,0.012211244,0.011444063,0.011644726,0.012324881,0.0141874775,0.011579,0.011782294
2021-11-21,0.012210473,0.011443378,0.011644013,0.012324103,0.014186475,0.011578296,0.011781572
2021-06-01,0.012211227,0.011444047,0.011644711,0.012324863,0.014187469,0.011578984,0.011782283
2023-03-28,0.012210956,0.01144381,0.011644463,0.01232459,0.014187116,0.011578739,0.011782028
2021-04-21,0.012211381,0.011444192,0.011644853,0.012325025,0.014187663,0.011579126,0.011782428
2022-11-29,0.012208828,0.011441905,0.011642498,0.012322432,0.014184344,0.01157679,0.011780024
2023-10-26,0.012211256,0.011444068,0.011644732,0.0123248985,0.014187517,0.011579005,0.011782305
2021-01-22,0.01221137,0.011444177,0.011644842,0.012325008,0.014187643,0.011579115,0.011782417
2022-07-22,0.012211146,0.011443977,0.011644633,0.012324782,0.01418735,0.011578913,0.011782206
2022-12-25,0.012208075,0.011441232,0.011641802,0.012321666,0.014183363,0.011576103,0.011779314
2021-04-11,0.012210904,0.011443766,0.011644414,0.012324538,0.01418705,0.011578694,0.011781984
2021-01-09,0.012211422,0.011444226,0.0116448905,0.0123250615,0.01418771,0.011579163,0.011782466
2024-03-04,0.012211221,0.011444037,0.0116447,0.0123248575,0.0141874775,0.011578972,0.011782272
2023-12-30,0.01221141,0.011444214,0.01164488,0.012325055,0.014187696,0.011579152,0.011782456
2019-04-25,0.012211325,0.011444133,0.011644797,0.012324963,0.014187583,0.01157907,0.011782372
2020-08-28,0.012210698,0.011443578,0.011644227,0.012324323,0.014186757,0.011578503,0.011781785
2024-01-06,0.012211428,0.01144423,0.011644897,0.012325067,0.014187717,0.011579169,0.011782472
2022-05-31,0.012211359,0.011444171,0.011644832,0.012325003,0.014187637,0.011579104,0.0117824115
2021-03-31,0.012209558,0.0114425635,0.01164318,0.012323169,0.014185283,0.011577466,0.011780718
2021-06-12,0.012210537,0.011443444,0.011644085,0.0123241665,0.01418655,0.0115783615,0.011781639
2020-10-29,0.012211406,0.011444209,0.011644875,0.012325043,0.014187691,0.011579148,0.01178245
2021-11-09,0.012210784,0.011443653,0.011644304,0.012324416,0.014186891,0.011578579,0.011781868
2024-04-11,0.012211256,0.011444074,0.011644738,0.012324892,0.014187497,0.011579012,0.011782312
2022-05-23,0.012210277,0.011443212,0.011643843,0.0123239,0.014186204,0.011578127,0.011781396
2023-10-17,0.012211347,0.01144415,0.011644814,0.012324992,0.014187651,0.011579087,0.011782395
2020-11-06,0.012211433,0.011444236,0.011644902,0.012325077,0.014187731,0.011579175,0.011782479
2021-02-18,0.012211381,0.011444187,0.011644853,0.01232502,0.014187663,0.011579126,0.011782428
2022-04-13,0.012211151,0.011443988,0.011644644,0.012324794,0.014187363,0.0115789175,0.011782218
2021-12-23,0.012211393,0.011444203,0.011644869,0.012325038,0.014187677,0.011579136,0.011782444
2019-07-07,0.012211313,0.011444128,0.011644792,0.012324951,0.014187571,0.011579065,0.011782362
2019-05-22,0.012211289,0.011444107,0.01164477,0.012324927,0.014187545,0.011579043,0.011782344
2020-02-12,0.012211341,0.011444155,0.01164482,0.012324985,0.014187609,0.011579093,0.011782395
2021-06-17,0.01220784,0.011441053,0.011641615,0.012321416,0.0141829625,0.011575922,0.011779119
2024-05-12,0.012210635,0.011443529,0.0116441725,0.012324265,0.014186676,0.011578449,0.011781734
2022-06-14,0.012210904,0.011443761,0.011644414,0.012324538,0.014187044,0.011578688,0.011781978
2019-10-01,0.012211617,0.011444392,0.0116450675,0.0123252645,0.014188004,0.011579333,0.011782644
2023-06-11,0.01221133,0.011444144,0.011644809,0.012324973,0.014187597,0.011579082,0.0117823845
2020-07-14,0.012210399,0.011443319,0.011643953,0.012324022,0.014186356,0.011578236,0.011781506
2024-06-29,0.01221111,0.011443945,0.0116446065,0.012324748,0.0141873155,0.011578879,0.011782172
2019-06-25,0.012210841,0.0114437025,0.011644353,0.012324475,0.0141869765,0.011578629,0.011781917
2023-05-27,0.012211313,0.011444128,0.011644787,0.012324951,0.014187577,0.011579059,0.011782362
2023-11-04,0.012211307,0.011444117,0.011644782,0.012324944,0.014187577,0.011579054,0.011782356
2022-12-19,0.012208748,0.011441831,0.011642422,0.012322344,0.014184236,0.011576719,0.011779946
2019-05-06,0.012211325,0.011444139,0.011644797,0.012324963,0.014187583,0.01157907,0.011782372
2023-08-25,0.012211347,0.011444144,0.011644814,0.012324992,0.014187663,0.011579082,0.011782389
2024-04-05,0.01221118,0.01144401,0.011644667,0.012324817,0.014187403,0.01157894,0.011782239
2021-11-12,0.012210657,0.01144354,0.011644189,0.0123242885,0.014186723,0.011578464,0.01178175
2021-10-17,0.012211175,0.011444004,0.0116446605,0.012324817,0.014187403,0.011578934,0.011782234
2020-04-21,0.012211208,0.011444037,0.011644693,0.012324852,0.014187443,0.011578966,0.011782267
2022-06-16,0.012210877,0.011443739,0.011644392,0.01232451,0.01418701,0.011578667,0.011781956
2019-04-01,0.0122108245,0.011443691,0.011644337,0.012324458,0.01418695,0.011578612,0.011781905
2022-12-06,0.012208903,0.01144197,0.011642564,0.012322502,0.014184436,0.01157686,0.011780095
2024-11-11,0.01221133,0.011444139,0.011644804,0.012324967,0.014187603,0.011579077,0.011782378
2022-07-05,0.0122112045,0.011444031,0.011644693,0.01232484,0.0141874235,0.011578966,0.011782262
2020-09-24,0.012211295,0.011444107,0.01164477,0.012324933,0.014187557,0.011579043,0.011782344
2022-03-20,0.01221133,0.011444144,0.011644809,0.012324973,0.014187597,0.011579082,0.0117823845
2024-04-09,0.012211319,0.011444133,0.011644797,0.012324956,0.014187577,0.01157907,0.011782372
2019-12-10,0.012211387,0.011444192,0.011644859,0.012325025,0.014187663,0.01157913,0.011782434
2022-03-02,0.012211416,0.011444214,0.01164488,0.012325055,0.01418771,0.011579152,0.011782456
2020-07-20,0.012211302,0.0114441225,0.011644782,0.012324944,0.014187557,0.011579054,0.011782356
2022-11-05,0.0122112045,0.011444025,0.011644688,0.01232484,0.014187429,0.011578962,0.011782262
2024-09-03,0.012211289,0.011444101,0.011644764,0.012324927,0.014187563,0.011579038,0.01178234
2020-11-14,0.01221141,0.011444214,0.01164488,0.012325055,0.014187696,0.011579152,0.011782456
2021-07-11,0.012211227,0.011444053,0.011644711,0.012324869,0.014187464,0.011578984,0.011782283
2020-07-07,0.012211094,0.011443928,0.01164459,0.01232473,0.014187303,0.011578864,0.011782155
2021-07-01,0.012211227,0.011444047,0.011644704,0.012324863,0.014187469,0.011578978,0.011782278
2020-03-31,0.012211261,0.011444085,0.011644742,0.012324904,0.014187504,0.011579015,0.011782317
2021-02-15,0.012211422,0.011444226,0.0116448905,0.012325067,0.014187717,0.011579163,0.011782466
2024-11-22,0.0122114,0.011444209,0.011644869,0.012325043,0.014187691,0.011579141,0.01178245
2020-12-01,0.012211439,0.011444246,0.011644907,0.012325085,0.014187736,0.011579179,0.011782483
2022-01-21,0.012211433,0.011444236,0.011644902,0.012325072,0.0141877225,0.011579175,0.011782479
2022-05-30,0.012211335,0.01144415,0.011644814,0.0123249795,0.014187609,0.011579087,0.011782389
2022-08-31,0.012211302,0.011444107,0.01164477,0.012324944,0.014187603,0.011579043,0.01178235
2021-10-05,0.012210369,0.011443292,0.011643926,0.012323993,0.014186336,0.011578209,0.011781484
2024-10-16,0.012211284,0.011444101,0.01164476,0.012324927,0.014187545,0.011579033,0.011782334
2019-11-27,0.012211347,0.01144416,0.01164482,0.012324992,0.014187617,0.011579093,0.0117824
2024-09-02,0.012211279,0.01144409,0.011644754,0.012324921,0.014187557,0.0115790265,0.011782328
2023-03-07,0.012210548,0.011443444,0.011644085,0.012324179,0.014186577,0.011578367,0.011781645
2021-08-06,0.012210715,0.011443589,0.011644233,0.012324341,0.014186803,0.011578513,0.011781801
2023-08-13,0.012210341,0.011443255,0.011643892,0.012323964,0.01418631,0.011578175,0.011781446
2024-09-27,0.012210806,0.011443669,0.011644321,0.012324435,0.014186917,0.011578596,0.011781883
2023-05-23,0.012211347,0.01144416,0.01164482,0.012324985,0.014187617,0.011579093,0.011782395
2024-01-14,0.012211433,0.011444236,0.011644902,0.012325072,0.0141877225,0.011579169,0.011782479
2023-12-27,0.012211416,0.011444219,0.011644885,0.0123250615,0.014187703,0.011579158,0.011782462
2021-04-25,0.012211393,0.011444199,0.0116448635,0.012325038,0.014187677,0.011579136,0.011782439
2021-05-11,0.012211341,0.011444155,0.011644814,0.012324985,0.014187609,0.011579087,0.011782395
2023-03-30,0.012210801,0.011443669,0.011644314,0.012324435,0.0141869085,0.011578596,0.011781883
2021-01-26,0.012211439,0.011444242,0.011644907,0.012325085,0.014187744,0.011579179,0.011782483
2023-06-26,0.012210904,0.011443761,0.011644414,0.012324538,0.014187036,0.011578688,0.011781978
2021-03-22,0.012210255,0.011443184,0.011643816,0.012323877,0.014186196,0.011578099,0.011781373
2020-04-05,0.012210738,0.011443615,0.011644261,0.0123243695,0.014186829,0.011578541,0.011781823
2021-07-20,0.012211284,0.011444101,0.01164476,0.012324921,0.014187537,0.011579033,0.011782334
2024-07-04,0.012211175,0.011444004,0.0116446605,0.012324811,0.014187403,0.011578934,0.011782234
2024-05-04,0.012211158,0.011443988,0.011644644,0.012324794,0.014187376,0.011578923,0.011782218
2023-09-14,0.012211514,0.011444279,0.011644952,0.01232516,0.014187923,0.011579224,0.0117825335
2023-09-24,0.012211416,0.011444209,0.011644875,0.0123250615,0.014187764,0.011579148,0.011782456
2023-08-09,0.012211129,0.011443961,0.011644618,0.012324764,0.014187343,0.0115788905,0.011782189
2022-08-23,0.012211007,0.011443826,0.011644485,0.012324649,0.014187298,0.01157876,0.011782061
2023-03-11,0.012210502,0.0114434045,0.011644041,0.012324126,0.014186517,0.011578323,0.0117816
2024-04-24,0.012211319,0.011444133,0.011644797,0.012324963,0.014187583,0.01157907,0.011782372
2020-02-06,0.01221133,0.011444144,0.011644809,0.012324967,0.014187591,0.011579077,0.0117823845
2022-09-08,0.012211393,0.011444192,0.011644859,0.012325038,0.01418771,0.01157913,0.011782439
2022-11-20,0.012210145,0.011443087,0.011643716,0.012323773,0.014186056,0.0115779955,0.011781268
2023-11-05,0.0122112725,0.01144409,0.011644749,0.01232491,0.014187531,0.011579022,0.011782323
2019-11-10,0.012211365,0.011444177,0.011644836,0.012325008,0.014187637,0.011579108,0.0117824115
2019-11-11,0.012211376,0.011444182,0.011644847,0.012325015,0.014187651,0.01157912,0.011782422
2021-11-07,0.012210732,0.011443605,0.011644249,0.012324359,0.014186816,0.011578531,0.011781817
2021-04-24,0.0122114,0.011444203,0.011644869,0.012325043,0.014187684,0.011579141,0.011782444
2020-01-23,0.0122114,0.011444203,0.011644869,0.012325038,0.014187677,0.011579141,0.011782444
2024-05-31,0.012211146,0.011443982,0.011644639,0.012324788,0.014187357,0.011578913,0.011782211
2023-11-21,0.012211261,0.01144408,0.011644742,0.0123248985,0.014187511,0.011579015,0.011782317
2021-05-23,0.012211381,0.011444187,0.011644853,0.01232502,0.014187656,0.011579126,0.011782428
2020-11-09,0.012211428,0.01144423,0.011644897,0.012325072,0.0141877225,0.011579169,0.011782472
2019-05-12,0.012211307,0.0114441225,0.011644782,0.012324944,0.014187563,0.011579054,0.011782356
2020-09-20,0.012211169,0.011443998,0.011644656,0.012324811,0.014187403,0.011578929,0.011782228
2019-07-24,0.012209311,0.011442354,0.011642959,0.012322913,0.014184924,0.011577249,0.01178049
2022-12-01,0.012208846,0.011441921,0.011642515,0.012322448,0.014184363,0.011576812,0.011780041
2023-04-22,0.0122111915,0.01144402,0.011644677,0.012324829,0.01418741,0.011578951,0.011782249
2024-05-30,0.012211129,0.011443966,0.011644621,0.012324764,0.014187329,0.011578896,0.011782189
2021-02-03,0.01221141,0.011444214,0.01164488,0.012325055,0.014187703,0.011579152,0.011782456
2021-12-15,0.012211227,0.011444047,0.011644711,0.012324863,0.014187457,0.011578984,0.011782283
2020-10-26,0.012211365,0.011444177,0.011644836,0.012325008,0.014187643,0.011579108,0.0117824115
2021-06-26,0.012211054,0.011443901,0.011644556,0.012324688,0.01418723,0.01157883,0.011782124
2024-10-01,0.012211186,0.01144401,0.011644672,0.012324823,0.01418741,0.0115789445,0.011782246
2023-12-19,0.01221141,0.011444214,0.01164488,0.012325048,0.014187696,0.011579148,0.011782456
2020-01-31,0.012211284,0.011444107,0.011644764,0.012324927,0.014187537,0.011579038,0.01178234
2020-09-08,0.012210565,0.011443464,0.011644106,0.012324195,0.014186596,0.011578383,0.011781662
2019-06-19,0.012210841,0.011443707,0.011644353,0.012324475,0.014186964,0.011578633,0.0117819235
2023-10-06,0.012211341,0.011444139,0.011644804,0.012324985,0.01418767,0.011579077,0.0117823845
2022-03-30,0.012211071,0.011443912,0.011644567,0.012324707,0.01418727,0.011578841,0.01178214
2021-06-25,0.012210961,0.011443815,0.011644469,0.01232459,0.014187104,0.011578743,0.011782033
2020-11-27,0.012211428,0.01144423,0.011644897,0.012325067,0.014187717,0.011579169,0.011782472
2022-04-17,0.0122111915,0.01144402,0.011644677,0.012324829,0.01418741,0.011578951,0.011782249
2023-01-28,0.012208489,0.011441599,0.011642186,0.012322082,0.014183903,0.011576484,0.011779707
2021-05-20,0.012211359,0.011444171,0.011644836,0.012325003,0.01418763,0.011579108,0.0117824115
2021-11-16,0.012210708,0.011443589,0.011644233,0.012324341,0.014186789,0.011578513,0.011781795
2022-08-05,0.01221133,0.011444139,0.011644804,0.012324967,0.014187597,0.011579077,0.011782378
2020-09-11,0.012211066,0.011443907,0.011644562,0.012324701,0.014187256,0.0115788365,0.011782134
2020-08-22,0.012211279,0.0114440955,0.01164476,0.012324916,0.014187523,0.011579033,0.011782334
2021-11-23,0.012210416,0.011443324,0.011643964,0.012324045,0.014186404,0.011578247,0.011781523
2023-05-17,0.012211376,0.011444182,0.011644847,0.012325015,0.014187651,0.01157912,0.011782422
2021-08-24,0.012211416,0.011444214,0.01164488,0.012325055,0.01418771,0.011579152,0.011782456
2020-11-13,0.012211428,0.01144423,0.011644897,0.012325067,0.014187717,0.011579163,0.011782472
2022-08-08,0.012211302,0.011444112,0.011644776,0.0123249395,0.014187571,0.011579049,0.01178235
2024-11-18,0.012211393,0.011444199,0.0116448635,0.012325038,0.014187684,0.011579136,0.011782439
2022-08-13,0.0122112725,0.011444074,0.011644738,0.01232491,0.014187571,0.011579012,0.011782317
2022-12-23,0.012208184,0.011441329,0.011641907,0.012321777,0.014183503,0.0115762055,0.011779419
2019-11-22,0.012211341,0.011444155,0.011644814,0.0123249795,0.014187609,0.011579087,0.011782389
2020-05-29,0.0122108525,0.011443723,0.01164437,0.012324486,0.014186964,0.011578646,0.011781934
2022-12-22,0.012209237,0.011442273,0.011642877,0.012322844,0.014184868,0.011577167,0.011780412
2022-07-25,0.0122112315,0.011444053,0.011644715,0.012324869,0.014187464,0.011578989,0.0117822895
2021-03-28,0.012210335,0.011443255,0.011643892,0.012323957,0.014186297,0.011578171,0.011781446
2022-03-26,0.012211146,0.011443977,0.011644633,0.012324782,0.014187357,0.011578907,0.011782206
2023-05-06,0.01221137,0.011444182,0.011644847,0.012325015,0.014187651,0.011579115,0.011782422
2020-04-15,0.0122111235,0.011443955,0.011644611,0.012324759,0.014187329,0.011578886,0.011782184
2022-04-20,0.0122111915,0.01144402,0.011644677,0.012324829,0.01418741,0.011578951,0.011782249
2021-12-25,0.012211416,0.011444219,0.011644885,0.012325055,0.014187703,0.011579158,0.011782462
2021-02-02,0.01221141,0.011444214,0.01164488,0.012325055,0.014187703,0.011579152,0.011782456
2020-06-04,0.012210917,0.011443778,0.011644425,0.01232455,0.014187044,0.011578704,0.011781995
2022-11-24,0.012209628,0.0114426175,0.011643234,0.012323239,0.014185376,0.011577521,0.011780779
2022-06-21,0.012211198,0.011444025,0.011644688,0.01232484,0.014187429,0.011578962,0.011782256
2020-11-04,0.012211433,0.011444236,0.011644902,0.012325072,0.0141877225,0.011579175,0.011782479
2022-09-18,0.012211497,0.011444279,0.011644952,0.0123251425,0.0141878575,0.011579218,0.011782528
2021-06-29,0.012211267,0.01144409,0.011644749,0.01232491,0.014187517,0.011579022,0.011782323
2019-11-02,0.01221137,0.011444182,0.011644842,0.012325015,0.014187651,0.011579115,0.011782422
2020-01-25,0.012211393,0.011444203,0.0116448635,0.012325038,0.014187677,0.011579136,0.011782444
2024-04-21,0.012211134,0.011443971,0.011644628,0.0123247765,0.014187343,0.011578901,0.0117822
2020-02-24,0.012211422,0.011444226,0.0116448905,0.012325067,0.014187717,0.011579163,0.011782466
2024-01-10,0.012211428,0.01144423,0.011644897,0.012325072,0.014187717,0.011579169,0.011782472
2021-01-28,0.012211451,0.011444252,0.011644913,0.01232509,0.01418775,0.011579185,0.011782494
2024-10-15,0.012211198,0.01144402,0.011644683,0.012324834,0.0141874375,0.011578951,0.011782249
2020-07-17,0.012211325,0.011444139,0.011644804,0.012324967,0.014187591,0.011579077,0.011782378
2023-06-16,0.0122111635,0.011443993,0.011644649,0.0123248,0.014187391,0.011578923,0.011782222
2019-12-14,0.01221141,0.011444214,0.01164488,0.012325055,0.014187696,0.011579152,0.011782456
2019-12-30,0.012211428,0.01144423,0.011644897,0.012325072,0.0141877225,0.011579169,0.011782472
2019-05-05,0.012211347,0.01144416,0.011644825,0.012324992,0.014187617,0.011579098,0.0117824
2019-07-02,0.01221133,0.011444144,0.011644809,0.012324973,0.014187597,0.011579082,0.0117823845
2021-07-24,0.0122111635,0.011443993,0.011644649,0.0123248,0.014187391,0.011578923,0.011782222
2019-10-09,0.0122115435,0.011444322,0.011644996,0.012325189,0.01418789,0.011579262,0.011782573
2023-01-15,0.012208045,0.011441205,0.011641779,0.012321636,0.0141833285,0.011576081,0.011779291
2022-12-24,0.012208045,0.011441205,0.011641774,0.0123216305,0.014183323,0.011576075,0.011779286
2023-06-17,0.012211169,0.011443998,0.011644656,0.012324811,0.014187397,0.011578929,0.011782228
2023-05-30,0.0122113535,0.01144416,0.011644825,0.012324992,0.014187617,0.011579098,0.0117824
2021-12-31,0.012211422,0.011444226,0.0116448905,0.0123250615,0.01418771,0.011579163,0.011782466
2020-06-15,0.01221053,0.011443437,0.011644073,0.012324161,0.014186543,0.011578356,0.011781634
2024-04-04,0.012211244,0.011444068,0.011644726,0.012324886,0.014187483,0.011579,0.011782301
2022-05-21,0.012210779,0.011443653,0.011644299,0.012324406,0.014186863,0.011578579,0.011781861
2022-11-09,0.012211054,0.011443896,0.011644551,0.012324688,0.014187236,0.011578825,0.011782117
2020-07-04,0.012211146,0.011443977,0.011644639,0.012324788,0.014187371,0.011578913,0.011782206
2024-07-10,0.01221118,0.01144401,0.011644667,0.012324817,0.014187403,0.01157894,0.011782239
2023-03-08,0.0122106755,0.011443556,0.0116441995,0.0123243,0.014186737,0.011578475,0.011781761
2020-11-20,0.012211422,0.01144423,0.0116448905,0.012325067,0.014187717,0.011579163,0.011782472
2019-06-08,0.012210997,0.011443842,0.011644497,0.012324631,0.014187156,0.011578771,0.011782067
2024-06-05,0.012211238,0.011444058,0.011644721,0.012324875,0.0141874775,0.011578994,0.011782294
2022-09-26,0.01221149,0.011444269,0.01164494,0.012325137,0.0141878575,0.011579207,0.011782522
2022-07-09,0.012211151,0.011443988,0.011644644,0.012324788,0.014187357,0.0115789175,0.011782211
2022-08-25,0.012210789,0.011443615,0.011644271,0.012324429,0.01418705,0.011578547,0.011781845
2024-05-20,0.012207374,0.01144065,0.011641193,0.012320946,0.014182342,0.011575501,0.011778685
2022-04-01,0.0122112045,0.011444031,0.011644688,0.01232484,0.0141874375,0.011578962,0.011782262
2020-10-13,0.012211376,0.011444182,0.011644847,0.01232502,0.014187663,0.01157912,0.011782422
2022-07-29,0.01221133,0.011444144,0.011644804,0.012324967,0.014187597,0.011579077,0.011782378
2020-07-18,0.012211335,0.01144415,0.011644814,0.0123249795,0.014187603,0.011579087,0.011782389
2024-02-24,0.012211078,0.011443912,0.011644567,0.012324719,0.014187298,0.011578841,0.01178214
2024-07-11,0.01221103,0.011443879,0.011644535,0.012324672,0.01418721,0.011578809,0.0117821
2022-05-19,0.012211118,0.011443955,0.011644611,0.012324753,0.014187303,0.011578886,0.011782178
2023-01-19,0.012208167,0.011441308,0.011641885,0.0123217525,0.014183482,0.011576184,0.011779402
2020-05-25,0.012211307,0.0114441225,0.011644787,0.012324944,0.014187563,0.011579059,0.011782362
2019-06-16,0.012211094,0.011443928,0.01164459,0.01232473,0.014187289,0.011578864,0.011782155
2020-04-30,0.012211325,0.011444139,0.011644797,0.012324963,0.014187583,0.01157907,0.011782372
2023-11-25,0.012211284,0.011444101,0.011644764,0.012324921,0.014187537,0.011579038,0.01178234
2022-06-05,0.012211261,0.01144408,0.011644738,0.0123248985,0.014187517,0.011579012,0.011782312
2023-05-25,0.012211295,0.011444112,0.011644776,0.0123249395,0.014187557,0.011579049,0.01178235
2023-09-02,0.012211359,0.011444144,0.011644814,0.012325003,0.014187717,0.011579082,0.011782395
2019-09-17,0.012211761,0.011444505,0.011645182,0.012325409,0.0141882375,0.011579452,0.011782773
2019-08-15,0.012210917,0.011443772,0.011644425,0.01232455,0.014187057,0.0115787005,0.011781989
2019-04-05,0.012210933,0.011443783,0.011644435,0.012324567,0.01418709,0.011578711,0.011782006
2023-03-09,0.01221064,0.011443529,0.0116441725,0.012324271,0.014186697,0.011578449,0.011781734
2020-12-26,0.012211428,0.011444236,0.011644897,0.012325072,0.0141877225,0.011579169,0.011782479
2024-12-13,0.012211439,0.011444242,0.011644902,0.012325077,0.014187731,0.011579175,0.011782483
2019-04-06,0.012210985,0.011443831,0.011644485,0.01232462,0.014187156,0.011578765,0.011782056
2024-11-24,0.012211406,0.011444209,0.011644875,0.012325048,0.014187691,0.011579148,0.01178245
2021-04-01,0.012209916,0.011442882,0.011643508,0.012323534,0.0141857555,0.011577794,0.011781052
2022-01-07,0.012211446,0.011444246,0.011644913,0.01232509,0.014187744,0.011579185,0.011782489
2021-10-12,0.012211094,0.011443928,0.011644584,0.01232473,0.014187298,0.011578858,0.011782155
2021-08-13,0.0122112045,0.011444031,0.011644688,0.012324846,0.0141874375,0.011578966,0.011782262
2024-07-03,0.012211215,0.011444041,0.0116447,0.012324852,0.0141874505,0.011578972,0.011782272
2023-01-29,0.012208811,0.01144189,0.011642482,0.012322414,0.014184316,0.011576774,0.011780008
2019-06-05,0.01221098,0.011443831,0.011644485,0.012324613,0.014187138,0.01157876,0.011782056
2020-03-05,0.012211433,0.011444236,0.011644902,0.012325077,0.014187744,0.011579169,0.011782479
2024-06-12,0.012209846,0.011442812,0.011643431,0.012323464,0.014185676,0.011577718,0.011780979
2024-08-07,0.012211256,0.01144408,0.011644738,0.0123248985,0.014187504,0.011579012,0.011782312
2021-03-09,0.0122112315,0.011444058,0.011644715,0.012324869,0.014187464,0.011578989,0.0117822895
2022-01-15,0.012211433,0.011444236,0.011644902,0.012325077,0.0141877225,0.011579175,0.011782479
2020-06-23,0.0122108525,0.011443712,0.011644364,0.012324486,0.0141869765,0.011578639,0.011781929
2023-12-11,0.01221137,0.011444177,0.011644842,0.012325008,0.014187643,0.011579115,0.011782417
2022-02-11,0.012211313,0.011444128,0.011644792,0.012324951,0.014187571,0.011579065,0.011782366
2023-12-09,0.012211365,0.011444177,0.011644842,0.012325008,0.014187643,0.011579115,0.011782417
2019-09-08,0.012211588,0.011444366,0.011645033,0.012325236,0.01418797,0.011579305,0.011782617
2024-07-28,0.012211054,0.011443896,0.011644551,0.012324688,0.014187236,0.011578825,0.011782124
2020-08-06,0.0122112315,0.011444053,0.011644715,0.012324869,0.014187469,0.011578989,0.0117822895
2021-05-17,0.012211393,0.011444199,0.0116448635,0.012325038,0.014187677,0.011579136,0.011782439
2023-05-31,0.01221141,0.011444214,0.01164488,0.012325055,0.014187696,0.011579152,0.011782456
2022-11-19,0.012210329,0.011443249,0.011643881,0.012323957,0.014186297,0.011578164,0.01178144
2024-02-08,0.012211302,0.011444117,0.011644776,0.0123249395,0.014187563,0.011579049,0.01178235
2024-03-06,0.012211244,0.011444063,0.011644721,0.012324886,0.014187504,0.011578994,0.011782294
2023-11-07,0.0122112725,0.011444085,0.011644749,0.01232491,0.014187531,0.011579022,0.011782323
2022-04-08,0.012211313,0.011444128,0.011644792,0.012324956,0.014187577,0.011579065,0.011782366
2020-12-24,0.012211406,0.011444214,0.011644875,0.012325048,0.014187691,0.011579148,0.01178245
2019-09-22,0.0122116925,0.011444446,0.011645126,0.012325346,0.014188129,0.011579392,0.011782711
2022-07-21,0.012211134,0.011443966,0.011644621,0.012324771,0.014187337,0.011578901,0.011782195
2020-02-10,0.012211347,0.01144416,0.011644825,0.012324992,0.014187617,0.011579098,0.0117824
2020-10-15,0.01221137,0.011444182,0.011644842,0.012325015,0.014187656,0.011579115,0.011782417
2019-10-18,0.012211289,0.011444107,0.011644764,0.012324927,0.014187549,0.011579038,0.01178234
2021-10-31,0.012210858,0.011443723,0.01164437,0.0123244915,0.014186984,0.011578646,0.011781934
2019-12-21,0.012211422,0.011444226,0.0116448905,0.0123250615,0.01418771,0.011579163,0.011782466
2022-11-23,0.0122098345,0.011442801,0.011643426,0.0123234475,0.01418565,0.011577711,0.0117809735
2023-10-31,0.012211313,0.0114441225,0.011644787,0.012324956,0.014187597,0.011579059,0.011782362
2021-05-27,0.0122114625,0.011444257,0.011644925,0.012325101,0.014187778,0.011579197,0.011782501
2019-11-13,0.01221137,0.011444177,0.011644842,0.012325008,0.014187643,0.011579115,0.011782417
2021-11-15,0.012210657,0.01144354,0.011644184,0.0123242885,0.014186717,0.011578464,0.011781746
2020-03-27,0.0122112315,0.011444058,0.011644715,0.012324869,0.014187469,0.011578989,0.0117822895
2022-05-06,0.01221118,0.01144401,0.011644667,0.012324817,0.014187403,0.01157894,0.011782239
2023-09-19,0.012211416,0.011444199,0.011644869,0.0123250615,0.01418777,0.011579141,0.01178245
2024-05-02,0.012211256,0.011444074,0.011644738,0.012324892,0.014187497,0.011579012,0.011782305
2020-10-24,0.012211359,0.011444166,0.011644832,0.012325003,0.014187637,0.011579104,0.011782406
2023-12-07,0.012211341,0.011444155,0.01164482,0.012324985,0.014187609,0.011579093,0.011782395
2022-08-22,0.012211071,0.011443879,0.011644546,0.012324712,0.014187363,0.011578814,0.011782117
2024-05-21,0.012208242,0.01144141,0.011641983,0.012321828,0.014183496,0.011576282,0.011779491
2023-06-27,0.012210899,0.011443761,0.011644408,0.012324533,0.014187022,0.011578683,0.011781973
2024-09-13,0.012211261,0.011444074,0.011644738,0.0123248985,0.014187511,0.011579012,0.011782312
2022-12-03,0.012208863,0.011441938,0.011642532,0.012322466,0.014184389,0.011576822,0.011780057
2023-08-23,0.012211387,0.011444187,0.011644853,0.012325032,0.014187703,0.011579126,0.011782434
2020-04-17,0.012211244,0.011444063,0.011644726,0.012324881,0.014187483,0.011579,0.011782294
2024-12-07,0.012211428,0.01144423,0.0116448905,0.012325067,0.014187717,0.011579163,0.011782472
2024-03-26,0.012211267,0.01144409,0.011644749,0.01232491,0.014187517,0.011579022,0.011782323
2021-08-01,0.012211238,0.011444058,0.011644721,0.012324881,0.014187483,0.011578994,0.011782294
2019-04-15,0.012211094,0.011443934,0.01164459,0.0123247355,0.014187298,0.011578864,0.011782162
2022-03-28,0.012210869,0.0114437295,0.01164438,0.012324504,0.01418701,0.011578656,0.0117819505
2020-09-02,0.012211007,0.011443858,0.011644513,0.012324643,0.01418717,0.011578787,0.011782078
2024-11-17,0.012211359,0.011444171,0.011644832,0.012325003,0.014187643,0.011579104,0.011782406
2024-02-26,0.01221118,0.011444004,0.0116446605,0.012324823,0.014187429,0.011578934,0.011782234
2024-05-16,0.012207425,0.0114406925,0.011641237,0.012320998,0.014182409,0.011575551,0.011778731
2024-04-10,0.012211267,0.01144409,0.011644749,0.01232491,0.014187517,0.011579022,0.011782323
2023-05-13,0.012211393,0.011444199,0.0116448635,0.012325032,0.014187677,0.01157913,0.011782439
2019-11-29,0.012211359,0.011444166,0.011644832,0.012324996,0.01418763,0.011579104,0.011782406
2020-01-03,0.012211439,0.011444242,0.011644907,0.012325077,0.014187731,0.011579175,0.011782483
2023-01-05,0.012207966,0.011441134,0.011641703,0.012321555,0.014183223,0.011576003,0.011779214
2021-09-01,0.012211279,0.0114440955,0.011644754,0.012324916,0.014187537,0.0115790265,0.011782328
2022-08-11,0.012211289,0.011444101,0.011644764,0.012324933,0.014187571,0.011579038,0.01178234
2023-02-15,0.01220911,0.011442154,0.011642757,0.012322715,0.014184716,0.011577052,0.011780291
2020-05-23,0.012211307,0.0114441225,0.011644787,0.012324951,0.014187563,0.011579059,0.011782362
2022-02-25,0.012211485,0.011444279,0.011644946,0.012325124,0.014187796,0.011579218,0.011782522
2022-07-18,0.012211066,0.011443907,0.011644562,0.012324701,0.014187249,0.0115788365,0.011782134
2024-12-14,0.012211439,0.011444242,0.011644907,0.012325077,0.014187736,0.011579175,0.011782483
2022-08-12,0.012211313,0.011444117,0.011644782,0.012324956,0.014187609,0.011579054,0.011782356
2023-04-05,0.012210945,0.011443804,0.011644453,0.012324579,0.014187097,0.011578732,0.011782023
2020-05-16,0.012211307,0.0114441225,0.011644782,0.012324944,0.014187563,0.011579054,0.011782356
2022-03-29,0.012210997,0.011443848,0.011644501,0.012324638,0.014187176,0.011578776,0.011782067
2020-09-29,0.0122113535,0.011444166,0.011644825,0.012324996,0.01418763,0.011579098,0.0117824
2019-10-28,0.012211365,0.011444171,0.011644836,0.012325003,0.014187643,0.011579108,0.0117824115
2021-01-01,0.01221141,0.011444219,0.01164488,0.012325055,0.014187696,0.011579152,0.011782462
2024-03-01,0.01221118,0.011444004,0.0116446605,0.012324817,0.0141874235,0.011578934,0.011782234
2020-03-21,0.012211279,0.0114440955,0.01164476,0.012324921,0.014187531,0.011579033,0.011782334
2022-08-24,0.012210956,0.011443772,0.011644435,0.012324597,0.014187244,0.011578704,0.011782006
2020-10-01,0.012211325,0.011444139,0.011644804,0.012324967,0.014187597,0.011579077,0.011782378
2022-02-05,0.012211359,0.011444171,0.011644836,0.012325003,0.01418763,0.011579108,0.0117824115
2019-10-13,0.0122113535,0.01144416,0.011644825,0.012324996,0.014187643,0.011579098,0.0117824
2022-05-11,0.012211238,0.011444063,0.011644721,0.012324881,0.0141874775,0.011578994,0.011782294
2024-03-27,0.012211244,0.011444068,0.011644726,0.012324886,0.014187483,0.011579,0.011782301
2022-07-23,0.012211129,0.011443961,0.011644618,0.012324764,0.014187329,0.0115788905,0.011782189
2020-10-16,0.012211365,0.011444171,0.011644836,0.012325003,0.014187643,0.011579108,0.0117824115
2022-05-01,0.0122111635,0.011443998,0.011644656,0.012324805,0.014187383,0.011578929,0.011782228
2019-11-09,0.012211376,0.011444182,0.011644847,0.012325015,0.014187651,0.01157912,0.011782422
2022-06-22,0.012211284,0.011444101,0.011644764,0.012324921,0.014187537,0.011579038,0.01178234
2020-10-05,0.012211341,0.011444155,0.011644814,0.012324985,0.014187617,0.011579087,0.011782389
2019-03-31,0.01221029,0.011443212,0.011643843,0.012323918,0.014186264,0.011578127,0.0117814
2021-10-27,0.012211037,0.011443879,0.011644535,0.012324672,0.014187218,0.011578809,0.0117821
2023-02-21,0.0122097945,0.011442768,0.011643394,0.012323412,0.014185602,0.011577679,0.011780935
2020-04-26,0.012211302,0.011444117,0.011644782,0.012324944,0.014187563,0.011579054,0.011782356
2023-12-22,0.012211416,0.011444219,0.011644885,0.012325055,0.014187703,0.011579158,0.011782462
2022-09-23,0.012211456,0.011444242,0.011644913,0.012325101,0.01418781,0.011579179,0.011782494
2019-09-19,0.012211745,0.011444489,0.011645166,0.012325392,0.014188203,0.011579437,0.011782755
2023-07-26,0.012211347,0.01144416,0.01164482,0.012324985,0.014187617,0.011579093,0.011782395
2024-08-23,0.012211307,0.0114441225,0.011644787,0.012324951,0.014187577,0.011579054,0.011782362
2021-12-17,0.012211295,0.011444112,0.011644776,0.0123249395,0.014187549,0.011579049,0.01178235
2019-05-31,0.012211433,0.01144423,0.011644897,0.012325077,0.014187757,0.011579169,0.011782472
2019-04-11,0.012211037,0.011443879,0.011644535,0.012324672,0.014187223,0.011578809,0.0117821
2024-12-21,0.012211439,0.011444242,0.011644907,0.012325085,0.014187736,0.011579179,0.011782483
2021-05-29,0.012211617,0.011444392,0.0116450675,0.01232527,0.014188004,0.011579338,0.01178265
2020-07-11,0.012210277,0.011443212,0.011643843,0.012323905,0.014186209,0.011578127,0.011781396
2020-12-05,0.012211433,0.011444242,0.011644902,0.012325077,0.014187731,0.011579175,0.011782483
2022-09-24,0.012211468,0.011444246,0.0116449185,0.012325114,0.0141878305,0.01157919,0.011782501
2023-02-26,0.012210432,0.01144334,0.011643974,0.012324056,0.01418643,0.011578257,0.011781535
2019-04-24,0.012211365,0.011444177,0.011644842,0.012325008,0.014187643,0.011579115,0.011782417
2023-05-21,0.012211365,0.011444171,0.011644836,0.012325003,0.014187637,0.011579108,0.0117824115
2021-02-24,0.012211376,0.011444182,0.011644847,0.012325015,0.014187651,0.01157912,0.011782422
2021-10-28,0.012210939,0.011443793,0.011644446,0.0123245735,0.014187083,0.011578722,0.011782011
2020-04-20,0.01221118,0.01144401,0.011644672,0.012324823,0.01418741,0.0115789445,0.011782246
2022-09-15,0.012211416,0.011444209,0.011644875,0.0123250615,0.014187757,0.011579148,0.011782456
2024-05-14,0.0122108245,0.011443696,0.011644342,0.012324458,0.014186922,0.011578618,0.011781905
2024-07-27,0.012210622,0.011443513,0.011644156,0.0123242475,0.014186671,0.011578438,0.011781717
2022-04-30,0.012211042,0.011443885,0.011644539,0.012324678,0.014187218,0.011578814,0.011782112
2024-09-12,0.012211279,0.0114440955,0.01164476,0.012324921,0.014187537,0.011579033,0.011782334
2023-11-10,0.0122111915,0.01144402,0.011644677,0.012324834,0.014187429,0.011578951,0.011782249
2024-11-03,0.012211289,0.011444101,0.011644764,0.012324927,0.014187557,0.011579038,0.01178234
2021-01-06,0.012211433,0.011444236,0.011644902,0.012325077,0.014187731,0.011579175,0.011782479
2021-10-16,0.01221118,0.011444004,0.011644667,0.012324817,0.01418741,0.01157894,0.011782239
2020-09-27,0.01221137,0.011444177,0.011644842,0.012325015,0.014187656,0.011579115,0.011782417
2020-03-28,0.012210899,0.011443761,0.011644408,0.012324533,0.0141870305,0.011578688,0.011781978
2019-06-14,0.0122111,0.011443939,0.011644595,0.0123247355,0.014187303,0.011578868,0.011782167
2020-02-07,0.012211335,0.011444144,0.011644809,0.012324973,0.014187597,0.011579082,0.0117823845
2023-03-24,0.012210877,0.011443734,0.011644386,0.01232451,0.01418701,0.011578661,0.0117819505
2019-03-28,0.012211175,0.011444004,0.011644667,0.012324817,0.014187403,0.01157894,0.011782234
2023-10-12,0.0122113535,0.011444155,0.01164482,0.012324996,0.01418767,0.011579093,0.011782395
2024-11-30,0.01221141,0.011444214,0.011644875,0.012325048,0.014187696,0.011579148,0.011782456
2023-08-04,0.012211244,0.011444063,0.011644726,0.012324881,0.01418749,0.011579,0.011782301
2024-03-31,0.0122112725,0.01144409,0.011644749,0.01232491,0.014187517,0.011579022,0.011782323
2022-01-23,0.012211406,0.011444209,0.011644875,0.012325043,0.014187684,0.011579148,0.01178245
2024-01-23,0.012211428,0.01144423,0.011644897,0.012325067,0.014187717,0.011579169,0.011782472
2020-10-21,0.012211376,0.011444182,0.011644847,0.01232502,0.014187656,0.01157912,0.011782422
2023-05-11,0.012211381,0.011444187,0.011644853,0.012325025,0.014187663,0.011579126,0.011782428
2022-01-03,0.012211433,0.011444236,0.011644902,0.012325072,0.0141877225,0.011579175,0.011782479
2019-08-31,0.012211215,0.011444031,0.011644693,0.0123248575,0.0141874775,0.011578966,0.011782267
2022-11-18,0.012210513,0.011443416,0.011644051,0.012324143,0.014186536,0.0115783345,0.011781612
2024-01-27,0.012211381,0.011444192,0.011644853,0.012325025,0.014187663,0.011579126,0.011782428
2022-05-22,0.0122105535,0.0114434585,0.011644095,0.012324184,0.0141865695,0.011578377,0.011781656
2020-10-08,0.012211347,0.011444155,0.01164482,0.012324985,0.014187623,0.011579093,0.011782395
2023-09-28,0.012211406,0.011444192,0.0116448635,0.012325048,0.01418775,0.011579136,0.011782444
2022-11-13,0.012210881,0.011443739,0.011644392,0.012324515,0.01418701,0.011578667,0.011781956
2020-09-17,0.01221118,0.01144401,0.011644667,0.012324823,0.014187417,0.01157894,0.011782239
2022-05-28,0.01221095,0.01144381,0.0116444575,0.012324586,0.014187097,0.011578739,0.011782028
2021-08-23,0.012211479,0.011444279,0.011644946,0.012325124,0.014187804,0.011579213,0.011782522
2021-02-25,0.012211365,0.011444177,0.011644842,0.012325008,0.014187643,0.011579115,0.011782417
2021-01-20,0.01221141,0.011444214,0.01164488,0.012325055,0.014187696,0.011579152,0.011782456
2023-04-04,0.01221111,0.01144395,0.0116446065,0.012324753,0.0141873155,0.011578879,0.011782178
2024-10-19,0.012211175,0.011443998,0.011644656,0.012324811,0.01418741,0.011578929,0.011782228
2019-07-01,0.012211359,0.011444171,0.011644832,0.012325003,0.01418763,0.011579104,0.011782406
2023-12-23,0.012211422,0.011444226,0.0116448905,0.0123250615,0.01418771,0.011579163,0.011782466
2022-08-20,0.012211279,0.01144408,0.011644742,0.012324921,0.014187591,0.011579015,0.011782323
2021-08-02,0.012211129,0.011443961,0.011644618,0.012324764,0.014187343,0.0115788905,0.011782189
2023-04-20,0.012211284,0.011444107,0.011644764,0.012324927,0.014187537,0.011579038,0.01178234
2019-10-04,0.012211583,0.01144436,0.011645028,0.012325228,0.01418795,0.011579299,0.011782611
2023-09-25,0.01221141,0.011444203,0.011644869,0.012325055,0.014187757,0.011579141,0.01178245
2024-03-22,0.01221111,0.011443945,0.0116446065,0.012324748,0.0141873155,0.011578879,0.011782172
2020-07-12,0.012209661,0.011442666,0.0116432775,0.012323272,0.014185383,0.011577564,0.011780818
2021-07-09,0.012211307,0.0114441225,0.011644787,0.012324951,0.014187571,0.011579059,0.011782362
2019-10-25,0.012211365,0.011444177,0.011644836,0.012325008,0.014187643,0.011579108,0.0117824115
2022-09-09,0.012211387,0.011444182,0.011644847,0.012325025,0.014187696,0.01157912,0.011782428
2020-12-13,0.012211439,0.011444242,0.011644907,0.012325085,0.014187731,0.011579179,0.011782483
2022-11-06,0.012211175,0.011444004,0.0116446605,0.012324811,0.014187397,0.011578934,0.011782234
2021-08-12,0.01221114,0.011443971,0.011644628,0.0123247765,0.01418735,0.011578901,0.0117822
2021-07-13,0.0122112725,0.01144409,0.011644749,0.01232491,0.014187523,0.011579022,0.011782323
2023-09-05,0.012211406,0.011444182,0.011644853,0.012325055,0.014187804,0.011579126,0.011782434
2023-04-23,0.012211249,0.011444068,0.011644732,0.012324886,0.01418749,0.011579005,0.011782305
2024-04-30,0.0122112725,0.01144409,0.011644754,0.01232491,0.014187517,0.0115790265,0.011782328
2020-06-27,0.012211302,0.011444117,0.011644776,0.0123249395,0.014187563,0.011579049,0.01178235
2024-08-28,0.012211313,0.0114441225,0.011644787,0.012324956,0.014187591,0.011579059,0.011782362
2021-06-15,0.012209156,0.0114422245,0.011642823,0.012322756,0.014184709,0.011577111,0.011780352
2022-01-31,0.0122114,0.011444203,0.011644869,0.012325038,0.014187677,0.011579141,0.011782444
2024-06-18,0.012210784,0.011443648,0.011644299,0.012324416,0.014186891,0.011578575,0.011781861
2022-07-12,0.012211169,0.011443998,0.011644656,0.012324805,0.014187376,0.011578929,0.011782228
2023-06-06,0.012211037,0.011443879,0.011644535,0.012324672,0.014187218,0.011578809,0.0117821
2021-05-02,0.01221137,0.011444182,0.011644842,0.012325008,0.014187643,0.011579115,0.011782417
2019-04-30,0.0122112725,0.01144409,0.011644754,0.01232491,0.014187517,0.0115790265,0.011782328
2020-01-04,0.012211428,0.01144423,0.011644897,0.012325072,0.014187717,0.011579169,0.011782472
2019-09-10,0.012211588,0.011444366,0.011645033,0.012325236,0.01418797,0.011579305,0.011782617
2020-06-03,0.012210157,0.011443109,0.011643734,0.012323777,0.014186043,0.011578017,0.011781284
2019-10-17,0.012211289,0.011444107,0.01164477,0.012324933,0.014187557,0.011579043,0.011782344
2024-10-17,0.0122111915,0.011444015,0.011644677,0.012324834,0.0141874375,0.011578951,0.011782249
2020-11-03,0.012211422,0.011444226,0.0116448905,0.012325067,0.014187717,0.011579163,0.011782466
2020-10-14,0.012211381,0.011444192,0.011644853,0.012325025,0.01418767,0.011579126,0.011782434
2024-06-19,0.0122108525,0.011443712,0.011644364,0.012324486,0.01418699,0.011578639,0.011781929
2023-04-14,0.012210877,0.011443739,0.011644392,0.01232451,0.014187003,0.011578667,0.011781956
2023-07-04,0.01220876,0.011441868,0.011642454,0.012322357,0.014184202,0.011576751,0.011779974
2023-01-20,0.012208213,0.011441351,0.011641928,0.012321805,0.014183542,0.011576228,0.011779447
2019-07-06,0.012211313,0.011444128,0.011644787,0.012324951,0.014187563,0.011579059,0.011782362
2023-01-23,0.012208546,0.011441653,0.011642241,0.012322147,0.014183982,0.011576539,0.011779763
2019-07-17,0.0122112725,0.01144409,0.011644754,0.01232491,0.014187517,0.0115790265,0.011782328
2022-07-03,0.012211158,0.011443988,0.011644644,0.012324794,0.014187363,0.011578923,0.011782218
2022-05-15,0.012211307,0.0114441225,0.011644787,0.012324951,0.014187571,0.011579059,0.011782362
2023-07-24,0.012211302,0.011444117,0.011644782,0.012324944,0.014187563,0.011579054,0.011782356
2020-09-21,0.0122111915,0.011444015,0.011644672,0.012324829,0.0141874235,0.0115789445,0.011782246
2021-01-02,0.012211433,0.011444236,0.011644902,0.012325077,0.014187731,0.011579175,0.011782479
2023-10-28,0.012211279,0.01144409,0.011644754,0.012324921,0.014187549,0.0115790265,0.011782328
2019-12-12,0.012211406,0.011444209,0.011644875,0.012325043,0.014187684,0.011579148,0.01178245
2019-10-31,0.012211406,0.011444209,0.011644875,0.012325043,0.014187691,0.011579148,0.01178245
2020-09-05,0.01221041,0.011443324,0.011643964,0.012324039,0.01418639,0.011578247,0.011781517
2021-01-19,0.012211433,0.011444236,0.011644902,0.012325072,0.0141877225,0.011579175,0.011782479
2024-11-28,0.012211393,0.011444199,0.0116448635,0.012325038,0.014187684,0.011579136,0.011782439
2021-07-19,0.012211256,0.011444074,0.011644738,0.012324892,0.014187504,0.011579012,0.011782312
2023-01-10,0.012208051,0.01144121,0.0116417855,0.012321643,0.014183335,0.011576085,0.011779296
2020-10-25,0.012211365,0.011444177,0.011644836,0.012325008,0.014187643,0.011579108,0.0117824115
2023-08-07,0.012211238,0.011444058,0.011644715,0.012324875,0.014187483,0.011578989,0.0117822895
2023-11-02,0.012211313,0.0114441225,0.011644787,0.012324951,0.014187583,0.011579054,0.011782362
2020-09-09,0.012210548,0.011443448,0.011644085,0.012324173,0.0141865695,0.011578367,0.011781645
2021-08-27,0.012211284,0.011444101,0.01164476,0.012324921,0.014187537,0.011579033,0.011782334
2020-12-31,0.01221141,0.011444214,0.01164488,0.012325055,0.014187696,0.011579152,0.011782456
2021-11-08,0.012210771,0.011443642,0.011644293,0.012324406,0.01418687,0.011578568,0.011781856
2022-07-24,0.012211198,0.011444025,0.011644683,0.012324834,0.014187417,0.011578956,0.011782256
2024-06-03,0.012211284,0.011444101,0.011644764,0.012324927,0.014187537,0.011579038,0.01178234
2021-08-29,0.012211221,0.011444047,0.011644704,0.012324863,0.014187464,0.011578978,0.011782278
2024-09-20,0.012211037,0.011443879,0.011644535,0.012324678,0.014187223,0.011578814,0.011782105
2024-01-18,0.012211428,0.01144423,0.011644897,0.012325072,0.0141877225,0.011579169,0.011782472
2023-04-30,0.012211341,0.011444155,0.01164482,0.012324985,0.014187609,0.011579093,0.011782395
2022-04-19,0.012210985,0.011443836,0.01164449,0.01232462,0.014187138,0.011578765,0.011782056
2023-01-06,0.012209311,0.011442337,0.011642944,0.0123229185,0.0141849695,0.011577232,0.011780479
2023-06-22,0.0122111235,0.011443955,0.011644611,0.012324759,0.014187329,0.011578886,0.011782184
2021-05-06,0.012211347,0.01144416,0.01164482,0.012324985,0.014187617,0.011579093,0.011782395
2024-10-04,0.012211261,0.01144408,0.011644742,0.012324904,0.014187517,0.011579015,0.011782317
2021-05-21,0.01221137,0.011444177,0.011644842,0.012325008,0.014187643,0.011579115,0.011782417
2023-03-15,0.0122105945,0.011443486,0.011644128,0.012324225,0.0141866375,0.011578404,0.01178169
2024-03-08,0.012211261,0.011444074,0.011644738,0.012324904,0.014187531,0.011579012,0.011782312
2021-10-03,0.012210542,0.011443444,0.011644085,0.0123241665,0.014186563,0.0115783615,0.011781639
2021-07-30,0.012211227,0.011444053,0.011644711,0.012324869,0.014187469,0.011578984,0.011782283
2019-09-04,0.012211302,0.011444107,0.01164477,0.012324944,0.014187591,0.011579043,0.011782344
2021-06-03,0.012210812,0.011443687,0.011644332,0.012324439,0.0141869085,0.011578606,0.011781895
2021-12-01,0.012210727,0.011443605,0.011644249,0.012324359,0.014186811,0.011578531,0.011781811
2024-09-14,0.012211249,0.011444068,0.011644732,0.012324892,0.014187504,0.011579005,0.011782305
2022-06-02,0.01221133,0.011444139,0.011644804,0.012324967,0.014187597,0.011579077,0.011782378
2024-09-10,0.012211284,0.011444101,0.011644764,0.012324927,0.014187549,0.011579038,0.01178234
2021-01-30,0.012211433,0.011444236,0.011644902,0.012325077,0.014187731,0.011579175,0.011782479
2021-11-10,0.012210806,0.0114436755,0.011644321,0.012324439,0.014186917,0.011578601,0.011781889
2023-04-28,0.012211302,0.011444117,0.011644782,0.012324944,0.014187557,0.011579054,0.011782356
2019-05-09,0.012211313,0.011444128,0.011644792,0.012324956,0.014187571,0.011579065,0.011782366
2019-04-29,0.012211249,0.011444068,0.011644732,0.012324886,0.014187483,0.011579005,0.011782301
2023-05-08,0.012211387,0.011444192,0.011644859,0.012325025,0.01418767,0.01157913,0.011782434
2019-08-18,0.0122106755,0.011443561,0.011644206,0.012324307,0.014186737,0.011578487,0.011781767
2019-04-21,0.012211279,0.0114440955,0.01164476,0.012324916,0.014187523,0.011579033,0.011782334
2021-06-16,0.0122088,0.0114419,0.011642493,0.012322396,0.014184242,0.01157679,0.011780013
2019-06-10,0.012211054,0.011443901,0.011644556,0.0123246955,0.014187244,0.01157883,0.011782124
2024-06-10,0.012210467,0.011443367,0.011644007,0.012324091,0.014186475,0.01157829,0.011781568
2022-08-27,0.012211215,0.01144402,0.011644683,0.0123248575,0.014187523,0.011578956,0.011782262
2024-05-10,0.012211238,0.011444058,0.011644721,0.012324875,0.014187469,0.011578994,0.011782294
2022-09-04,0.012211359,0.01144416,0.011644825,0.012325003,0.014187663,0.011579098,0.011782406
2023-08-06,0.012211249,0.011444068,0.011644732,0.012324892,0.014187504,0.011579005,0.011782305
2022-08-06,0.012211319,0.011444133,0.011644792,0.012324963,0.014187591,0.011579065,0.011782366
2024-06-28,0.0122111235,0.011443961,0.011644618,0.012324764,0.014187329,0.0115788905,0.011782189
2024-09-24,0.012209921,0.011442882,0.011643508,0.012323534,0.014185764,0.011577794,0.011781057
2022-09-25,0.0122114625,0.011444242,0.011644913,0.012325107,0.014187824,0.011579179,0.011782494
2020-02-15,0.012211325,0.011444139,0.011644797,0.012324963,0.014187591,0.01157907,0.011782372
2023-02-05,0.012210255,0.011443184,0.011643816,0.012323877,0.014186196,0.011578094,0.0117813675
2022-05-05,0.012211169,0.011443998,0.011644656,0.012324805,0.014187383,0.011578929,0.011782228
2022-09-11,0.012211422,0.011444214,0.01164488,0.012325067,0.014187744,0.011579152,0.011782462
2022-06-28,0.012211261,0.01144408,0.011644742,0.0123248985,0.014187504,0.011579015,0.011782317
2020-11-15,0.012211416,0.011444219,0.011644885,0.0123250615,0.014187703,0.011579158,0.011782462
2020-02-26,0.012211456,0.011444252,0.0116449185,0.012325101,0.014187764,0.01157919,0.011782501
2021-09-25,0.012210864,0.0114437295,0.01164438,0.012324498,0.014186996,0.011578656,0.011781945
2020-05-15,0.012211279,0.011444101,0.01164476,0.012324921,0.014187531,0.011579033,0.011782334
2023-08-24,0.012211365,0.011444166,0.011644832,0.012325008,0.014187684,0.011579104,0.011782406
2022-02-08,0.012211359,0.011444166,0.011644832,0.012324996,0.014187623,0.011579104,0.011782406
2023-09-11,0.012211446,0.011444219,0.0116448905,0.01232509,0.014187836,0.011579163,0.011782472
2019-11-07,0.012211376,0.011444187,0.011644853,0.01232502,0.014187656,0.01157912,0.011782428
2021-09-14,0.01221098,0.011443831,0.011644485,0.012324613,0.014187138,0.01157876,0.01178205
2022-01-24,0.012211393,0.011444199,0.0116448635,0.012325032,0.01418767,0.011579136,0.011782439
2021-07-22,0.0122112045,0.011444025,0.011644688,0.01232484,0.0141874375,0.011578962,0.011782262
2022-03-14,0.012211261,0.01144408,0.011644742,0.012324904,0.014187511,0.011579015,0.011782317
2024-06-26,0.012211026,0.011443869,0.0116445245,0.01232466,0.014187204,0.011578797,0.011782095
2019-06-02,0.012211641,0.011444408,0.011645083,0.012325288,0.01418805,0.011579349,0.011782667
2021-09-13,0.0122108525,0.011443718,0.011644364,0.012324486,0.01418697,0.011578646,0.011781934
2023-03-31,0.012210887,0.011443745,0.011644397,0.01232452,0.014187022,0.011578673,0.011781966
2023-12-04,0.012211341,0.011444155,0.01164482,0.012324985,0.014187609,0.011579093,0.011782395
2024-06-21,0.012211256,0.011444074,0.011644738,0.0123248985,0.014187511,0.011579012,0.011782312
2024-03-25,0.012211295,0.011444112,0.01164477,0.012324933,0.014187549,0.011579043,0.011782344
2019-11-15,0.0122113535,0.011444166,0.011644825,0.012324992,0.014187623,0.011579098,0.0117824
2021-04-08,0.012211007,0.011443852,0.011644507,0.012324643,0.014187176,0.0115787815,0.011782078
2019-05-02,0.012211335,0.01144415,0.011644809,0.012324973,0.014187597,0.011579082,0.0117823845
2023-08-18,0.012211186,0.01144401,0.011644667,0.012324823,0.014187429,0.01157894,0.011782239
2021-09-16,0.012211244,0.011444068,0.011644726,0.012324886,0.014187497,0.011579,0.011782301
2019-05-29,0.012211313,0.011444128,0.011644787,0.012324956,0.014187591,0.011579059,0.011782366
2022-02-01,0.012211422,0.011444226,0.0116448905,0.0123250615,0.01418771,0.011579163,0.011782466
2023-03-20,0.01220988,0.011442849,0.011643476,0.0123235,0.0141857155,0.011577761,0.011781018
2020-06-08,0.012211267,0.011444085,0.011644749,0.012324904,0.014187511,0.011579022,0.011782323
2022-07-06,0.01221118,0.01144401,0.011644672,0.012324817,0.014187397,0.0115789445,0.011782239
2023-11-12,0.012211215,0.011444037,0.0116447,0.012324852,0.014187457,0.011578966,0.011782267
2019-06-09,0.01221099,0.011443842,0.011644497,0.012324626,0.014187156,0.011578771,0.011782061
2020-03-12,0.012211393,0.011444199,0.0116448635,0.012325032,0.014187677,0.01157913,0.011782439
2019-05-18,0.0122112315,0.011444058,0.011644715,0.012324869,0.014187469,0.011578989,0.0117822895
2022-01-17,0.012211433,0.011444236,0.011644902,0.012325072,0.0141877225,0.011579175,0.011782479
2020-02-27,0.012211451,0.011444252,0.0116449185,0.012325095,0.014187757,0.011579185,0.011782494
2024-07-30,0.012211221,0.011444047,0.011644704,0.012324863,0.014187457,0.011578978,0.011782278
2019-12-18,0.012211406,0.011444209,0.011644875,0.012325043,0.014187691,0.011579148,0.01178245
2021-11-19,0.0122105535,0.011443448,0.01164409,0.012324184,0.014186583,0.011578372,0.0117816515
2020-07-05,0.012211146,0.011443977,0.011644633,0.012324782,0.014187363,0.011578907,0.011782206
2023-07-01,0.012209041,0.0114421155,0.011642712,0.012322647,0.014184576,0.011577008,0.011780241
2020-06-17,0.012211146,0.011443977,0.011644639,0.012324782,0.014187363,0.011578913,0.011782206
2024-10-03,0.0122112315,0.011444058,0.011644715,0.012324875,0.0141874775,0.011578989,0.0117822895
2022-05-16,0.012211325,0.011444133,0.011644797,0.012324963,0.014187583,0.01157907,0.011782372
2021-08-20,0.012211439,0.011444242,0.011644907,0.012325085,0.014187736,0.011579175,0.011782483
2023-03-05,0.012210513,0.01144341,0.011644051,0.012324138,0.014186529,0.011578328,0.011781612
2019-06-07,0.0122108525,0.011443718,0.011644364,0.012324481,0.014186964,0.011578646,0.011781929
2022-12-29,0.012208041,0.011441199,0.011641774,0.0123216305,0.014183316,0.011576075,0.011779286
2022-06-18,0.01221102,0.011443869,0.0116445245,0.0123246545,0.014187196,0.011578797,0.011782089
2021-11-22,0.012210491,0.011443389,0.01164403,0.012324114,0.014186498,0.011578307,0.01178159
2019-04-26,0.012211313,0.011444128,0.011644792,0.012324951,0.014187571,0.011579059,0.011782366
2020-03-15,0.012211347,0.011444155,0.01164482,0.012324985,0.014187617,0.011579093,0.011782395
2019-08-27,0.012210974,0.011443815,0.011644474,0.012324613,0.01418717,0.01157875,0.01178204
2020-01-26,0.012211341,0.011444155,0.011644814,0.0123249795,0.014187603,0.011579087,0.011782389
2022-05-13,0.012211261,0.011444085,0.011644742,0.012324904,0.014187511,0.011579015,0.011782317
2022-12-07,0.012209041,0.011442094,0.011642696,0.012322647,0.014184623,0.0115769915,0.01178023
2022-03-16,0.012211146,0.011443977,0.011644633,0.012324782,0.014187357,0.011578907,0.011782206
2020-08-13,0.012211284,0.011444101,0.011644764,0.012324921,0.014187537,0.011579038,0.01178234
2023-10-19,0.012211335,0.011444139,0.011644804,0.0123249795,0.01418763,0.011579077,0.0117823845
2024-09-15,0.012211249,0.011444068,0.011644732,0.012324892,0.014187497,0.011579005,0.011782305
2019-08-30,0.012211129,0.011443955,0.011644611,0.012324764,0.014187363,0.011578886,0.011782184
2024-08-16,0.012211221,0.011444041,0.011644704,0.0123248575,0.014187457,0.011578978,0.011782278
2023-12-06,0.0122113535,0.011444166,0.011644832,0.012324996,0.014187623,0.011579104,0.011782406
2020-01-28,0.012211365,0.011444171,0.011644836,0.012325003,0.01418763,0.011579108,0.0117824115
2021-04-27,0.012211381,0.011444192,0.011644853,0.012325025,0.014187663,0.011579126,0.011782434
2024-09-23,0.012209253,0.011442289,0.011642894,0.012322861,0.01418489,0.011577188,0.011780429
2023-08-12,0.012210698,0.011443578,0.011644221,0.01232433,0.014186789,0.0115784975,0.011781785
2019-07-11,0.012211313,0.011444128,0.011644792,0.012324956,0.014187571,0.011579065,0.011782366
2019-08-28,0.012211105,0.011443934,0.011644595,0.012324748,0.01418735,0.011578868,0.011782167
2020-02-04,0.012211387,0.011444192,0.011644859,0.012325025,0.014187663,0.01157913,0.011782434
2020-09-01,0.01221095,0.01144381,0.0116444575,0.012324586,0.014187097,0.011578739,0.011782028
2021-02-09,0.012211446,0.011444242,0.011644907,0.012325085,0.01418775,0.011579179,0.011782483
2024-12-15,0.012211439,0.011444242,0.011644907,0.012325085,0.014187736,0.011579179,0.011782483
2024-02-28,0.0122112725,0.011444085,0.011644749,0.01232491,0.014187537,0.011579022,0.011782323
2019-09-01,0.012211238,0.011444053,0.011644715,0.012324875,0.014187497,0.011578989,0.0117822895
2019-09-15,0.012211675,0.011444431,0.011645105,0.012325321,0.01418811,0.011579377,0.011782695
2023-06-18,0.01221114,0.011443971,0.011644628,0.0123247765,0.014187357,0.011578901,0.0117822
2024-08-31,0.012211249,0.011444063,0.011644726,0.012324892,0.014187517,0.011579,0.011782301
2020-01-27,0.012211325,0.011444139,0.011644797,0.012324963,0.014187583,0.01157907,0.011782372
2023-02-12,0.012208967,0.011442024,0.011642626,0.012322565,0.0141845215,0.011576916,0.011780152
2021-08-22,0.012211474,0.011444269,0.011644935,0.012325114,0.014187783,0.011579207,0.011782511
2021-01-04,0.012211439,0.011444242,0.011644907,0.012325085,0.014187736,0.011579179,0.011782483
2022-08-21,0.01221114,0.01144395,0.011644611,0.012324782,0.014187443,0.011578886,0.011782189
2023-01-11,0.012208,0.011441167,0.011641736,0.01232159,0.014183269,0.011576037,0.011779247
2023-04-09,0.01221072,0.011443599,0.011644243,0.012324354,0.014186803,0.011578525,0.011781807
2024-12-03,0.01221141,0.011444214,0.01164488,0.012325048,0.014187703,0.011579152,0.011782456
2023-07-11,0.012211094,0.011443928,0.011644584,0.01232473,0.014187284,0.011578864,0.011782155
2023-04-10,0.012210698,0.011443578,0.011644221,0.01232433,0.014186769,0.011578503,0.011781785
2021-04-13,0.012211169,0.011443998,0.011644656,0.012324805,0.014187391,0.011578929,0.011782228
2022-11-17,0.012210542,0.011443437,0.011644078,0.0123241665,0.0141865695,0.011578356,0.011781639
2022-09-19,0.012211485,0.011444269,0.01164494,0.0123251295,0.014187843,0.011579213,0.011782522
2023-09-29,0.012211295,0.0114440955,0.01164476,0.0123249395,0.014187617,0.011579033,0.01178234
2024-10-20,0.0122111915,0.011444015,0.011644672,0.012324829,0.0141874375,0.0115789445,0.011782246
2020-12-16,0.012211428,0.01144423,0.011644897,0.012325072,0.014187717,0.011579169,0.011782472
2021-11-17,0.012210738,0.011443615,0.011644261,0.0123243695,0.014186823,0.011578536,0.011781823
2024-12-16,0.012211433,0.011444236,0.011644902,0.012325077,0.014187731,0.011579175,0.011782479
2023-06-10,0.012211261,0.01144408,0.011644738,0.0123248985,0.014187511,0.011579012,0.011782312
2021-12-22,0.0122114,0.011444203,0.011644869,0.012325038,0.014187677,0.011579141,0.011782444
2023-04-27,0.012211261,0.011444085,0.011644742,0.012324904,0.014187511,0.011579015,0.011782317
2024-10-28,0.0122111915,0.01144401,0.011644672,0.012324829,0.0141874375,0.0115789445,0.011782246
2021-05-09,0.012211313,0.011444128,0.011644787,0.012324951,0.014187571,0.011579059,0.011782362
2019-04-12,0.012211071,0.011443912,0.011644567,0.012324707,0.01418727,0.011578841,0.01178214
2020-11-11,0.012211433,0.011444236,0.011644902,0.012325072,0.0141877225,0.011579169,0.011782479
2023-12-26,0.012211422,0.011444226,0.0116448905,0.012325067,0.01418771,0.011579163,0.011782466
2022-08-14,0.012211151,0.011443961,0.011644628,0.012324794,0.014187443,0.011578896,0.0117822
2024-08-01,0.012211238,0.011444058,0.011644721,0.012324875,0.014187483,0.011578994,0.011782294
2023-06-12,0.0122112725,0.01144409,0.011644749,0.01232491,0.014187523,0.011579022,0.011782323
2021-02-21,0.012211359,0.011444171,0.011644832,0.012325003,0.01418763,0.011579104,0.011782406
2021-11-30,0.0122106625,0.011443545,0.011644189,0.0123242885,0.014186723,0.011578464,0.01178175
2020-02-23,0.012211307,0.0114441225,0.011644787,0.012324951,0.014187571,0.011579059,0.011782362
2021-05-19,0.012211359,0.011444166,0.011644832,0.012324996,0.014187623,0.011579104,0.011782406
2023-08-16,0.012210997,0.011443842,0.011644497,0.012324631,0.014187184,0.011578771,0.011782067
2022-09-10,0.012211416,0.011444209,0.011644875,0.0123250615,0.014187736,0.011579148,0.011782456
2020-06-24,0.012210974,0.011443821,0.011644474,0.012324608,0.014187138,0.01157875,0.0117820455
2020-02-21,0.012211381,0.011444187,0.011644853,0.01232502,0.014187663,0.011579126,0.011782428
2021-02-26,0.012211376,0.011444182,0.011644847,0.012325015,0.014187651,0.01157912,0.011782422
2023-02-22,0.012210036,0.01144299,0.011643613,0.012323656,0.014185916,0.011577898,0.011781167
2019-12-07,0.012211365,0.011444177,0.011644836,0.012325008,0.014187637,0.011579108,0.011782417
2023-08-19,0.012211279,0.011444085,0.011644749,0.012324916,0.014187549,0.011579022,0.011782323
2020-05-21,0.012211284,0.011444101,0.011644764,0.012324921,0.014187531,0.011579038,0.011782334
2021-10-24,0.012211129,0.011443961,0.011644618,0.012324764,0.014187337,0.0115788905,0.011782189
2019-09-30,0.012211617,0.011444388,0.011645061,0.0123252645,0.014188004,0.011579333,0.011782644
2022-05-12,0.0122112315,0.011444058,0.011644715,0.012324875,0.014187469,0.011578989,0.0117822895
2024-01-08,0.012211439,0.011444242,0.011644907,0.012325077,0.014187731,0.011579179,0.011782483
2020-08-14,0.012211279,0.0114440955,0.01164476,0.012324921,0.014187531,0.011579033,0.011782334
2023-01-18,0.012208115,0.011441264,0.01164184,0.012321706,0.014183415,0.011576141,0.011779352
2021-08-30,0.012211221,0.011444041,0.011644704,0.0123248575,0.014187464,0.011578978,0.011782278
2020-05-18,0.012211359,0.011444166,0.011644832,0.012324996,0.01418763,0.011579104,0.011782406
2022-02-10,0.012211319,0.011444133,0.011644792,0.012324956,0.014187571,0.011579065,0.011782366
2021-07-25,0.012211221,0.011444041,0.011644704,0.0123248575,0.014187464,0.011578978,0.011782278
2019-10-26,0.012211381,0.011444187,0.011644853,0.01232502,0.014187663,0.01157912,0.011782428
2020-07-01,0.012211325,0.011444139,0.011644804,0.012324967,0.014187591,0.011579077,0.011782378
2021-07-16,0.012211221,0.011444047,0.011644704,0.012324863,0.014187457,0.011578984,0.011782278
2024-10-27,0.012211186,0.01144401,0.011644672,0.012324829,0.014187429,0.0115789445,0.011782246
2019-05-24,0.012211289,0.011444107,0.011644764,0.012324927,0.014187549,0.011579038,0.01178234
2019-04-16,0.01221102,0.011443865,0.011644518,0.0123246545,0.01418719,0.011578793,0.011782089
2019-12-15,0.012211406,0.011444209,0.011644875,0.012325043,0.014187684,0.011579148,0.01178245
2023-05-18,0.012211365,0.011444177,0.011644842,0.012325008,0.014187643,0.011579115,0.011782417
2023-09-04,0.012211433,0.011444209,0.01164488,0.012325085,0.0141878305,0.011579152,0.011782466
2024-10-12,0.012211215,0.011444037,0.011644693,0.012324852,0.014187457,0.011578966,0.011782267
2022-09-17,0.01221149,0.011444273,0.011644946,0.012325137,0.01418785,0.011579213,0.011782528
2019-07-15,0.012211341,0.011444155,0.011644814,0.0123249795,0.014187609,0.011579087,0.011782389
2020-02-11,0.012211341,0.011444155,0.01164482,0.012324985,0.014187609,0.011579093,0.011782395
2023-11-28,0.012211284,0.011444101,0.011644764,0.012324927,0.014187537,0.011579038,0.01178234
2023-12-01,0.012211313,0.0114441225,0.011644787,0.012324951,0.014187571,0.011579059,0.011782362
2019-11-01,0.0122114,0.011444203,0.011644869,0.012325038,0.014187684,0.011579136,0.011782444
2022-09-03,0.012211319,0.0114441225,0.011644787,0.012324956,0.014187609,0.011579059,0.011782362
2021-06-22,0.01221057,0.011443464,0.011644106,0.012324195,0.014186603,0.0115783885,0.011781667
2024-09-16,0.0122111915,0.01144402,0.011644677,0.012324829,0.014187417,0.011578951,0.011782249
2019-11-06,0.012211376,0.011444187,0.011644847,0.01232502,0.014187656,0.01157912,0.011782422
2020-10-09,0.012211302,0.011444117,0.011644776,0.0123249395,0.014187563,0.011579049,0.01178235
2021-12-28,0.012211422,0.01144423,0.0116448905,0.012325067,0.01418771,0.011579163,0.011782472
2019-06-13,0.012211151,0.011443982,0.011644639,0.012324788,0.014187363,0.011578913,0.011782211
2022-11-16,0.012210622,0.011443508,0.01164415,0.0123242475,0.014186676,0.011578432,0.011781713
2023-06-30,0.01220934,0.011442381,0.011642982,0.012322948,0.0141849695,0.011577275,0.011780518
2020-05-24,0.012211302,0.011444117,0.011644782,0.0123249395,0.014187557,0.011579054,0.011782356
2023-01-02,0.012208006,0.011441167,0.011641736,0.01232159,0.014183269,0.011576037,0.011779247
2019-04-27,0.012211307,0.0114441225,0.011644787,0.012324944,0.014187563,0.011579059,0.011782362
2021-09-12,0.012211054,0.011443896,0.011644551,0.0123246955,0.014187244,0.011578825,0.011782124
2022-06-27,0.012211261,0.011444085,0.011644742,0.012324904,0.014187504,0.011579015,0.011782317
2019-10-10,0.012211514,0.0114442995,0.011644973,0.01232516,0.0141878575,0.01157924,0.01178255
2022-01-26,0.012211365,0.011444177,0.011644836,0.012325003,0.014187637,0.011579108,0.0117824115
2021-04-20,0.012211347,0.01144416,0.01164482,0.012324992,0.014187623,0.011579093,0.011782395
2024-11-14,0.012211376,0.011444182,0.011644847,0.01232502,0.014187663,0.01157912,0.011782422
2020-07-19,0.012211325,0.011444139,0.011644804,0.012324967,0.014187591,0.011579077,0.011782378
2022-07-14,0.012211129,0.011443966,0.011644621,0.012324764,0.014187324,0.011578896,0.011782195
2022-03-24,0.0122111915,0.01144402,0.011644677,0.012324834,0.0141874235,0.011578951,0.011782249
2023-11-19,0.012211249,0.011444068,0.011644732,0.012324886,0.01418749,0.011579005,0.011782305
2024-02-12,0.012211335,0.01144415,0.011644814,0.0123249795,0.014187609,0.011579082,0.011782389
2020-07-31,0.012211267,0.01144409,0.011644749,0.01232491,0.014187517,0.011579022,0.011782323
2022-03-25,0.012210997,0.011443842,0.011644497,0.012324631,0.01418717,0.011578771,0.011782061
2021-05-10,0.012211359,0.011444166,0.011644832,0.012324996,0.01418763,0.011579104,0.011782406
2023-04-21,0.012211208,0.011444037,0.011644693,0.012324846,0.0141874375,0.011578966,0.011782267
2023-02-19,0.0122097535,0.011442736,0.011643355,0.012323371,0.01418555,0.011577641,0.011780902
2021-10-08,0.012210864,0.0114437295,0.0116443755,0.0123244915,0.014186984,0.011578651,0.011781939
2022-02-26,0.01221149,0.01144429,0.011644957,0.012325137,0.01418781,0.011579224,0.0117825335
2021-10-21,0.012211227,0.011444047,0.011644711,0.012324863,0.014187464,0.011578984,0.011782283
2022-05-26,0.012209289,0.011442337,0.011642938,0.01232289,0.014184882,0.011577232,0.011780469
2024-01-20,0.012211433,0.011444236,0.011644902,0.012325077,0.014187731,0.011579175,0.011782479
2022-02-02,0.01221141,0.011444214,0.01164488,0.012325048,0.014187691,0.011579152,0.011782456
2022-06-17,0.012210828,0.011443696,0.011644342,0.012324463,0.014186943,0.011578624,0.011781911
2022-08-09,0.012211295,0.011444107,0.01164477,0.0123249395,0.014187571,0.011579043,0.011782344
2021-05-26,0.012211451,0.011444246,0.011644913,0.01232509,0.014187757,0.011579185,0.011782494
2024-01-12,0.012211433,0.011444236,0.011644902,0.012325072,0.0141877225,0.011579175,0.011782479
2020-05-06,0.012211313,0.011444128,0.011644792,0.012324956,0.014187577,0.011579065,0.011782366
2021-11-28,0.012210611,0.011443498,0.01164414,0.012324236,0.014186657,0.011578421,0.011781701
2021-09-21,0.012211151,0.011443982,0.011644639,0.012324788,0.014187371,0.011578913,0.011782211
2019-04-02,0.012210703,0.011443583,0.011644227,0.012324335,0.014186797,0.011578503,0.011781788
2020-11-28,0.012211428,0.01144423,0.011644897,0.012325072,0.014187717,0.011579169,0.011782472
2019-11-19,0.012211359,0.011444171,0.011644832,0.012324996,0.01418763,0.011579104,0.011782406
2020-03-17,0.0122113535,0.011444166,0.011644825,0.012324992,0.014187623,0.011579098,0.0117824
2023-07-25,0.012211325,0.011444139,0.011644804,0.012324967,0.014187591,0.011579077,0.011782378
2024-06-02,0.012211118,0.011443955,0.011644611,0.012324753,0.014187324,0.011578886,0.011782178
2024-02-11,0.012211146,0.011443982,0.011644639,0.012324788,0.014187363,0.011578913,0.011782211
2019-09-05,0.012211406,0.011444199,0.0116448635,0.012325048,0.0141877225,0.011579136,0.011782444
2020-07-02,0.012211227,0.011444053,0.011644711,0.012324869,0.014187469,0.011578984,0.011782283
2022-06-25,0.012211261,0.01144408,0.011644742,0.0123248985,0.014187511,0.011579015,0.011782317
2024-05-01,0.012211244,0.011444068,0.011644726,0.012324886,0.014187483,0.011579,0.011782301
2023-07-30,0.012211295,0.011444112,0.01164477,0.012324933,0.014187557,0.011579043,0.011782344
2019-10-15,0.0122113535,0.01144416,0.011644825,0.012324992,0.014187637,0.011579098,0.0117824
2022-12-08,0.012209012,0.011442067,0.011642668,0.012322617,0.014184583,0.011576959,0.011780196
2022-07-30,0.012211347,0.01144416,0.01164482,0.012324985,0.014187617,0.011579093,0.011782395
2019-09-07,0.012211549,0.011444322,0.011644996,0.012325195,0.014187918,0.011579267,0.011782578
2021-01-03,0.012211439,0.011444242,0.011644907,0.012325077,0.014187731,0.011579175,0.011782483
2019-03-30,0.012210427,0.01144333,0.011643969,0.012324051,0.01418643,0.011578252,0.011781529
2022-01-09,0.012211446,0.011444246,0.011644913,0.012325085,0.014187736,0.011579185,0.011782489
2022-02-21,0.012211446,0.011444246,0.011644913,0.01232509,0.01418775,0.011579185,0.011782489
2024-03-15,0.012211198,0.01144402,0.011644683,0.012324834,0.0141874375,0.011578956,0.011782256
2024-02-07,0.012211313,0.011444128,0.011644792,0.012324956,0.014187577,0.011579065,0.011782366
2021-03-04,0.012211175,0.011444004,0.0116446605,0.012324811,0.014187397,0.011578934,0.011782234
2020-03-08,0.012211479,0.011444273,0.01164494,0.012325124,0.014187804,0.011579213,0.011782522
2022-02-19,0.012211439,0.011444242,0.011644907,0.012325085,0.014187736,0.011579179,0.011782483
2024-12-22,0.012211439,0.011444242,0.011644907,0.012325085,0.014187736,0.011579179,0.011782483
2024-11-25,0.012211393,0.011444199,0.0116448635,0.012325032,0.014187677,0.011579136,0.011782439
2023-12-13,0.01221137,0.011444177,0.011644842,0.012325008,0.014187643,0.011579115,0.011782417
2022-01-02,0.012211416,0.011444219,0.011644885,0.0123250615,0.014187703,0.011579158,0.011782462
2020-11-17,0.012211406,0.011444214,0.011644875,0.012325048,0.014187691,0.011579148,0.011782456
2020-06-05,0.0122111635,0.011443993,0.011644656,0.0123248,0.014187376,0.011578929,0.011782222
2023-05-24,0.012211284,0.011444101,0.011644764,0.012324927,0.014187537,0.011579038,0.01178234
2020-06-01,0.012209759,0.011442758,0.011643371,0.012323378,0.014185516,0.011577662,0.011780918
2021-10-30,0.01221103,0.011443879,0.011644535,0.012324672,0.01418721,0.011578809,0.0117821
2022-11-01,0.01221114,0.011443971,0.011644628,0.0123247765,0.014187357,0.011578901,0.0117822
2021-10-22,0.0122112725,0.01144409,0.011644749,0.01232491,0.014187523,0.011579022,0.011782323
2022-02-09,0.012211307,0.011444128,0.011644787,0.012324951,0.014187563,0.011579059,0.011782362
2021-04-29,0.0122113535,0.011444166,0.011644832,0.012324996,0.014187623,0.011579104,0.011782406
2021-12-11,0.012211146,0.011443982,0.011644639,0.012324788,0.014187357,0.011578913,0.011782211
2023-03-25,0.0122108925,0.01144375,0.011644403,0.012324527,0.0141870305,0.011578678,0.011781973
2024-02-01,0.012211347,0.011444155,0.01164482,0.012324985,0.014187617,0.011579093,0.011782395
2020-05-05,0.012211307,0.0114441225,0.011644787,0.012324951,0.014187571,0.011579059,0.011782362
2019-10-06,0.012211571,0.011444349,0.011645023,0.012325218,0.014187937,0.01157929,0.011782601
2021-09-03,0.012211221,0.011444041,0.0116447,0.0123248575,0.014187464,0.011578972,0.011782272
2020-11-12,0.012211428,0.01144423,0.011644897,0.012325067,0.014187717,0.011579163,0.011782472
2021-06-27,0.012211169,0.011443998,0.0116446605,0.012324805,0.014187383,0.011578934,0.011782228
2020-06-26,0.012211221,0.011444041,0.011644704,0.0123248575,0.014187464,0.011578978,0.011782278
2021-02-11,0.012211485,0.011444279,0.011644946,0.0123251295,0.014187804,0.011579218,0.011782528
2020-04-02,0.012211002,0.011443852,0.011644507,0.012324638,0.01418717,0.0115787815,0.0117820725
2019-05-13,0.0122112725,0.01144409,0.011644749,0.01232491,0.014187517,0.011579022,0.011782323
2023-10-08,0.012211347,0.011444144,0.011644809,0.012324992,0.014187677,0.011579082,0.011782389
2021-04-07,0.012210974,0.011443826,0.011644479,0.012324613,0.014187138,0.011578754,0.01178205
2024-03-10,0.012211313,0.0114441225,0.011644787,0.012324956,0.014187591,0.011579059,0.011782362
2022-03-07,0.01221149,0.011444285,0.011644952,0.0123251295,0.01418781,0.011579224,0.011782528
2024-04-29,0.012211289,0.011444112,0.01164477,0.012324933,0.014187545,0.011579043,0.011782344
2020-12-04,0.012211439,0.011444242,0.011644907,0.012325077,0.014187731,0.011579175,0.011782483
2023-12-15,0.0122114,0.011444209,0.011644869,0.012325043,0.014187684,0.011579141,0.01178245
2021-08-09,0.012211048,0.011443885,0.011644539,0.012324683,0.014187236,0.01157882,0.011782112
2024-03-03,0.012211249,0.011444063,0.011644726,0.012324892,0.014187511,0.011579,0.011782301
2024-08-04,0.012211261,0.01144408,0.011644738,0.0123248985,0.014187511,0.011579012,0.011782312
2023-09-17,0.012211468,0.011444246,0.0116449185,0.012325114,0.01418785,0.011579185,0.011782501
2021-06-09,0.012211071,0.011443912,0.011644567,0.012324707,0.014187256,0.011578847,0.01178214
2024-01-29,0.012211406,0.011444209,0.011644875,0.012325048,0.014187696,0.011579148,0.01178245
2024-06-11,0.012210306,0.011443227,0.011643865,0.012323934,0.014186276,0.011578143,0.011781418
2024-10-23,0.012211244,0.011444058,0.011644721,0.012324881,0.014187497,0.011578994,0.011782294
2022-02-07,0.0122114,0.011444209,0.011644869,0.012325043,0.014187684,0.011579141,0.011782444
2019-10-21,0.012211347,0.011444155,0.01164482,0.012324992,0.014187623,0.011579093,0.011782395
2024-04-26,0.012211289,0.011444107,0.011644764,0.012324927,0.014187545,0.011579038,0.01178234
2020-06-12,0.01221057,0.011443471,0.011644113,0.012324202,0.014186596,0.011578393,0.011781672
2022-05-08,0.012211134,0.011443966,0.011644621,0.012324771,0.014187343,0.011578896,0.011782195
2024-12-09,0.012211433,0.011444236,0.011644902,0.012325072,0.014187731,0.011579175,0.011782479
2021-07-21,0.012211295,0.011444112,0.01164477,0.012324933,0.014187549,0.011579043,0.011782344
2020-02-22,0.012211319,0.011444133,0.011644792,0.012324956,0.014187577,0.011579065,0.011782366
2020-11-30,0.012211439,0.011444242,0.011644902,0.012325077,0.014187731,0.011579175,0.011782483
2021-09-30,0.012210779,0.011443653,0.011644299,0.0123244105,0.014186877,0.011578575,0.011781861
2021-10-04,0.012210507,0.011443416,0.011644051,0.012324138,0.014186517,0.0115783345,0.011781612
2023-07-29,0.012211302,0.011444117,0.011644776,0.0123249395,0.014187563,0.011579049,0.01178235
2021-07-12,0.012211279,0.0114440955,0.01164476,0.012324921,0.014187531,0.011579033,0.011782334
2024-09-07,0.012211249,0.011444068,0.011644732,0.012324892,0.014187511,0.011579005,0.011782305
2024-05-03,0.0122111915,0.01144402,0.011644677,0.012324829,0.014187417,0.011578951,0.011782249
2023-10-13,0.012211319,0.0114441225,0.011644787,0.012324963,0.014187623,0.011579059,0.011782366
2024-12-11,0.012211433,0.011444236,0.011644902,0.012325077,0.014187731,0.011579175,0.011782479
2022-08-29,0.012210841,0.011443663,0.011644326,0.012324481,0.01418711,0.011578596,0.011781895
2019-09-11,0.012211595,0.011444366,0.01164504,0.012325241,0.014187984,0.011579311,0.011782622
2022-04-04,0.012211267,0.011444085,0.011644742,0.012324904,0.014187511,0.011579015,0.011782317
2024-06-01,0.012211175,0.011444004,0.0116446605,0.012324811,0.014187397,0.011578934,0.011782234
2020-12-27,0.012211428,0.01144423,0.011644897,0.012325067,0.014187717,0.011579169,0.011782472
2020-07-03,0.01221114,0.011443971,0.011644628,0.0123247765,0.014187357,0.011578901,0.0117822
2019-11-25,0.01221133,0.011444144,0.011644809,0.012324973,0.014187591,0.011579082,0.0117823845
2020-05-20,0.012211295,0.011444112,0.01164477,0.012324933,0.014187545,0.011579043,0.011782344
2024-03-18,0.0122111915,0.011444015,0.011644677,0.012324829,0.0141874235,0.011578951,0.011782249
2024-08-17,0.012211198,0.011444025,0.011644683,0.012324834,0.014187429,0.011578956,0.011782256
2020-11-29,0.012211439,0.011444242,0.011644902,0.012325077,0.014187731,0.011579175,0.011782483
2024-05-24,0.0122103635,0.011443285,0.01164392,0.012323987,0.014186316,0.011578202,0.011781478
2020-10-30,0.012211406,0.011444209,0.011644875,0.012325048,0.014187691,0.011579148,0.01178245
2023-03-02,0.01221038,0.011443292,0.01164393,0.012324004,0.014186356,0.011578209,0.011781484
2024-12-01,0.012211416,0.011444219,0.011644885,0.0123250615,0.01418771,0.011579158,0.011782462
2023-08-21,0.012211335,0.011444139,0.011644804,0.012324973,0.01418763,0.011579077,0.011782378
2022-01-11,0.012211446,0.011444246,0.011644913,0.012325085,0.014187736,0.011579185,0.011782489
2019-12-28,0.012211422,0.011444226,0.0116448905,0.012325067,0.01418771,0.011579163,0.011782466
2021-09-10,0.012211158,0.011443988,0.011644644,0.012324794,0.014187383,0.0115789175,0.011782218
2024-09-01,0.012211261,0.011444074,0.011644738,0.0123248985,0.014187531,0.011579012,0.011782312
2022-08-30,0.012210985,0.011443804,0.011644463,0.012324626,0.014187263,0.011578739,0.01178204
2020-11-25,0.012211433,0.011444236,0.011644902,0.012325072,0.0141877225,0.011579175,0.011782479
2024-12-12,0.012211439,0.011444242,0.011644907,0.012325085,0.014187736,0.011579179,0.011782483
2020-11-22,0.012211422,0.011444226,0.0116448905,0.012325067,0.01418771,0.011579163,0.011782466
2019-08-24,0.012209863,0.0114428345,0.011643459,0.012323482,0.014185689,0.011577745,0.0117810005
2024-10-09,0.012211198,0.01144402,0.011644683,0.01232484,0.0141874375,0.011578956,0.011782256
2019-12-11,0.0122114,0.011444203,0.011644869,0.012325043,0.014187684,0.011579141,0.011782444
2023-07-08,0.012210081,0.011443038,0.011643663,0.012323702,0.014185957,0.011577947,0.011781212
2020-11-10,0.012211439,0.011444242,0.011644902,0.012325077,0.014187731,0.011579175,0.011782483
2024-11-23,0.0122114,0.011444203,0.011644869,0.012325043,0.014187684,0.011579141,0.011782444
2022-01-28,0.012211381,0.011444192,0.011644859,0.012325025,0.014187656,0.011579126,0.011782434
2019-12-20,0.012211422,0.011444226,0.0116448905,0.0123250615,0.01418771,0.011579163,0.011782466
2022-06-04,0.012211249,0.011444068,0.011644726,0.012324892,0.014187504,0.011579,0.011782305
2022-12-17,0.012208691,0.0114417765,0.011642368,0.012322286,0.014184156,0.011576665,0.011779891
2024-03-17,0.0122111915,0.011444015,0.011644677,0.012324829,0.0141874235,0.011578951,0.011782246
2023-04-29,0.012211307,0.0114441225,0.011644787,0.012324944,0.014187563,0.011579059,0.011782362
2024-08-10,0.012211244,0.011444063,0.011644726,0.012324881,0.014187483,0.011579,0.011782301
2024-05-29,0.012211048,0.011443891,0.011644546,0.012324683,0.014187223,0.01157882,0.011782117
2020-07-26,0.012211295,0.011444117,0.011644776,0.0123249395,0.014187549,0.011579049,0.01178235
2020-12-23,0.012211406,0.011444209,0.011644875,0.012325043,0.014187684,0.011579148,0.01178245
2020-04-29,0.012211335,0.01144415,0.011644809,0.012324973,0.014187603,0.011579082,0.0117823845
2021-09-11,0.012211037,0.011443879,0.011644535,0.012324672,0.014187218,0.011578809,0.0117821
2021-11-03,0.012210899,0.0114437565,0.011644408,0.012324533,0.0141870305,0.011578683,0.011781973
2024-05-18,0.012206253,0.011439651,0.011640168,0.012319802,0.014180849,0.011574488,0.0117776375
2024-10-26,0.012211198,0.01144402,0.011644683,0.01232484,0.014187443,0.011578951,0.011782256
2023-11-17,0.012211261,0.01144408,0.011644742,0.012324904,0.014187511,0.011579015,0.011782317
2019-07-13,0.012211335,0.01144415,0.011644809,0.012324973,0.014187597,0.011579082,0.0117823845
2019-12-06,0.012211376,0.011444182,0.011644847,0.012325015,0.014187651,0.01157912,0.011782422
2021-08-17,0.012211376,0.011444187,0.011644847,0.01232502,0.014187663,0.01157912,0.011782422
2020-05-11,0.012211307,0.0114441225,0.011644787,0.012324951,0.014187571,0.011579059,0.011782362
2023-09-16,0.012211428,0.011444209,0.01164488,0.012325072,0.014187796,0.011579152,0.011782462
2021-09-19,0.01221098,0.011443826,0.011644479,0.012324613,0.014187138,0.011578754,0.01178205
2019-12-05,0.012211376,0.011444182,0.011644847,0.012325015,0.014187651,0.01157912,0.011782422
2021-03-11,0.012210933,0.011443788,0.011644442,0.012324567,0.014187078,0.011578715,0.011782006
2022-09-16,0.012211446,0.01144423,0.011644897,0.01232509,0.01418779,0.011579169,0.011782479
2022-12-04,0.012208897,0.011441965,0.011642564,0.012322502,0.014184436,0.011576856,0.011780091
2022-11-15,0.012210801,0.011443663,0.011644314,0.012324429,0.014186904,0.01157859,0.011781879
2022-09-13,0.012211393,0.011444187,0.011644859,0.012325038,0.0141877225,0.011579126,0.011782434
2019-05-07,0.012211319,0.011444133,0.011644797,0.012324963,0.014187577,0.01157907,0.011782372
2019-08-17,0.012210627,0.011443518,0.011644161,0.01232426,0.014186676,0.0115784425,0.011781723
2020-06-14,0.012210427,0.011443346,0.011643981,0.012324051,0.014186404,0.011578263,0.011781535
2021-11-05,0.012210841,0.011443707,0.011644353,0.012324475,0.014186964,0.011578633,0.0117819235
2021-08-03,0.0122111235,0.011443955,0.011644611,0.012324759,0.014187337,0.011578886,0.011782184
2021-08-05,0.012210922,0.011443778,0.011644425,0.012324556,0.014187078,0.011578704,0.011781995
2020-06-18,0.012211129,0.011443961,0.011644618,0.012324764,0.014187343,0.0115788905,0.011782189
2021-11-11,0.01221072,0.011443594,0.011644243,0.012324346,0.014186797,0.011578519,0.011781807
2023-10-02,0.012211302,0.011444101,0.011644764,0.012324944,0.014187623,0.011579038,0.011782344
2024-02-14,0.012211118,0.01144395,0.011644611,0.012324753,0.014187324,0.011578886,0.011782178
2024-12-27,0.012211439,0.011444242,0.011644907,0.012325085,0.014187736,0.011579179,0.011782483
2021-01-17,0.012211439,0.011444242,0.011644907,0.012325077,0.014187731,0.011579175,0.011782483
2023-06-28,0.012210784,0.01144366,0.011644304,0.0123244105,0.01418687,0.011578579,0.011781868
2020-01-30,0.012211365,0.011444177,0.011644842,0.012325008,0.014187637,0.011579115,0.011782417
2020-10-18,0.012211359,0.011444166,0.011644832,0.012325003,0.014187637,0.011579104,0.011782406
2023-10-11,0.012211335,0.011444133,0.011644797,0.0123249795,0.014187651,0.01157907,0.011782378
2023-08-28,0.012211422,0.011444214,0.01164488,0.012325067,0.014187764,0.011579152,0.011782462
2024-09-25,0.0122100245,0.01144298,0.011643607,0.012323644,0.014185904,0.0115778865,0.011781157
2022-12-13,0.01220972,0.011442704,0.011643322,0.012323338,0.014185497,0.011577608,0.011780864
2021-08-28,0.0122112315,0.011444058,0.011644715,0.012324875,0.0141874775,0.011578989,0.0117822895
2020-09-26,0.0122113535,0.01144416,0.011644825,0.012324992,0.01418763,0.011579098,0.0117824
2024-06-30,0.012211129,0.011443961,0.011644618,0.012324764,0.014187337,0.011578896,0.011782189
2022-12-26,0.012208029,0.011441189,0.011641764,0.012321619,0.014183302,0.011576064,0.011779274
2022-08-15,0.012211151,0.011443961,0.011644621,0.012324794,0.0141874505,0.011578896,0.0117822
2019-12-25,0.012211428,0.01144423,0.011644897,0.012325072,0.014187717,0.011579169,0.011782472
2023-05-02,0.01221133,0.011444144,0.011644804,0.012324973,0.014187597,0.011579077,0.0117823845
2021-04-14,0.0122111915,0.01144402,0.011644683,0.012324834,0.014187417,0.011578956,0.011782249
2019-06-12,0.0122111635,0.011443993,0.011644649,0.0123248,0.014187376,0.011578923,0.011782222
2021-03-03,0.012211186,0.011444015,0.011644672,0.012324823,0.01418741,0.0115789445,0.011782246
2022-11-21,0.012209932,0.011442892,0.011643519,0.012323552,0.014185783,0.011577805,0.011781068
2024-10-21,0.012211169,0.011443993,0.011644649,0.012324805,0.014187403,0.011578923,0.011782222
2024-08-22,0.01221133,0.011444139,0.011644804,0.012324967,0.014187603,0.011579077,0.011782378
2024-11-09,0.012211319,0.011444128,0.011644792,0.012324963,0.014187597,0.011579065,0.011782366
2020-08-11,0.012211295,0.011444112,0.011644776,0.0123249395,0.014187549,0.011579049,0.01178235
2024-08-02,0.0122112725,0.01144409,0.011644754,0.012324916,0.014187531,0.0115790265,0.011782328
2022-09-28,0.012211508,0.01144429,0.011644957,0.012325153,0.014187876,0.011579229,0.011782539
2020-05-14,0.012211279,0.0114440955,0.011644754,0.012324916,0.014187523,0.0115790265,0.011782328
2022-05-18,0.012211289,0.011444107,0.01164477,0.012324927,0.014187537,0.011579043,0.011782344
2019-05-15,0.012211284,0.011444101,0.011644764,0.012324927,0.014187537,0.011579038,0.01178234
2020-12-22,0.012211422,0.011444226,0.0116448905,0.0123250615,0.01418771,0.011579163,0.011782466
2021-02-22,0.01221137,0.011444177,0.011644842,0.012325008,0.014187643,0.011579115,0.011782417
2023-05-15,0.012211359,0.011444166,0.011644832,0.012324996,0.01418763,0.011579104,0.011782406
2022-03-01,0.012211451,0.011444246,0.011644913,0.012325095,0.014187757,0.011579185,0.011782494
2024-06-16,0.01220949,0.011442494,0.011643102,0.012323098,0.014185209,0.01157739,0.011780647
2023-09-01,0.012211359,0.01144415,0.01164482,0.012325003,0.014187696,0.011579087,0.011782395
2019-10-24,0.012211387,0.011444192,0.011644859,0.012325032,0.014187677,0.01157913,0.011782434
2020-08-20,0.012211249,0.011444074,0.011644732,0.012324886,0.01418749,0.011579005,0.011782305
2021-10-23,0.012211215,0.011444037,0.0116447,0.012324852,0.014187443,0.011578972,0.011782267
2024-09-09,0.0122112725,0.011444085,0.011644749,0.01232491,0.014187531,0.011579022,0.011782323
2024-11-05,0.0122112725,0.01144409,0.011644749,0.012324916,0.014187537,0.011579022,0.011782323
2021-09-22,0.01221111,0.011443945,0.0116446,0.012324748,0.014187311,0.011578875,0.011782172
2021-12-07,0.012211026,0.011443874,0.011644528,0.01232466,0.014187196,0.011578803,0.011782095
2023-10-21,0.0122113535,0.011444155,0.01164482,0.012324996,0.014187651,0.011579093,0.0117824
2024-08-26,0.012211302,0.011444117,0.011644782,0.012324944,0.014187577,0.011579049,0.011782356
2021-03-30,0.012209351,0.011442381,0.011642987,0.0123229595,0.014185016,0.011577275,0.011780525
2020-08-26,0.012211151,0.011443982,0.011644639,0.012324788,0.01418735,0.0115789175,0.011782211
2021-07-03,0.012211313,0.011444128,0.011644787,0.012324951,0.014187577,0.011579059,0.011782362
2022-03-03,0.012211381,0.011444187,0.011644853,0.01232502,0.014187663,0.011579126,0.011782428
2023-05-22,0.012211381,0.011444192,0.011644859,0.012325025,0.014187663,0.011579126,0.011782434
2020-06-30,0.012211307,0.0114441225,0.011644787,0.012324951,0.014187571,0.011579059,0.011782362
2020-12-06,0.012211433,0.011444236,0.011644902,0.012325077,0.0141877225,0.011579175,0.011782479
2024-08-27,0.012211302,0.011444112,0.011644776,0.0123249395,0.014187571,0.011579049,0.01178235
2020-09-10,0.012210812,0.01144368,0.011644332,0.012324445,0.014186922,0.011578606,0.011781895
2024-04-01,0.012211249,0.011444068,0.011644732,0.012324886,0.01418749,0.011579005,0.011782305
2019-10-03,0.012211595,0.011444366,0.01164504,0.012325241,0.01418797,0.011579311,0.011782622
2024-12-31,0.012211446,0.011444246,0.011644913,0.01232509,0.01418775,0.011579185,0.011782489
2024-07-06,0.012211129,0.011443961,0.011644618,0.012324764,0.014187343,0.0115788905,0.011782189
2022-03-17,0.012211307,0.0114441225,0.011644782,0.012324944,0.014187563,0.011579054,0.011782356
2022-02-17,0.01221141,0.011444214,0.01164488,0.012325055,0.014187703,0.011579152,0.011782456
2024-07-22,0.01220972,0.011442715,0.011643332,0.012323338,0.014185488,0.011577619,0.011780873
2023-08-31,0.012211376,0.011444171,0.011644836,0.01232502,0.01418771,0.011579108,0.011782417
2019-09-26,0.012211629,0.011444397,0.0116450675,0.012325275,0.014188024,0.011579338,0.01178265
2021-06-23,0.012210933,0.011443793,0.011644442,0.012324567,0.014187071,0.011578715,0.011782006
2020-12-08,0.012211439,0.011444242,0.011644907,0.012325077,0.014187731,0.011579175,0.011782483
2024-08-19,0.012211279,0.0114440955,0.01164476,0.012324916,0.014187531,0.011579033,0.011782334
2021-02-04,0.012211387,0.011444192,0.011644859,0.012325032,0.014187677,0.01157913,0.011782434
2022-03-11,0.01221137,0.011444182,0.011644847,0.012325015,0.014187651,0.011579115,0.011782422
2021-01-18,0.012211422,0.011444226,0.0116448905,0.012325067,0.01418771,0.011579163,0.011782466
2023-01-27,0.0122083,0.011441431,0.011642011,0.012321891,0.014183655,0.01157631,0.011779525
2020-09-12,0.012210784,0.011443653,0.011644299,0.0123244105,0.014186882,0.011578579,0.011781868
2022-11-02,0.012211146,0.011443977,0.011644633,0.012324782,0.014187357,0.011578907,0.011782206
2023-08-01,0.012211279,0.0114440955,0.01164476,0.012324921,0.014187537,0.011579033,0.011782334
2019-10-27,0.012211359,0.011444166,0.011644832,0.012325003,0.014187637,0.011579104,0.011782406
2024-01-02,0.012211422,0.011444226,0.0116448905,0.012325067,0.01418771,0.011579163,0.011782466
2023-04-07,0.012210812,0.01144368,0.011644326,0.012324439,0.014186917,0.011578606,0.011781895
2023-08-29,0.012211365,0.01144416,0.011644825,0.012325003,0.014187684,0.011579098,0.011782406
2024-03-02,0.012211221,0.011444041,0.0116447,0.012324863,0.0141874775,0.011578972,0.011782272
2019-09-06,0.012211503,0.011444285,0.011644957,0.012325147,0.0141878575,0.011579229,0.011782539
2019-09-21,0.012211687,0.011444441,0.011645116,0.012325333,0.014188117,0.011579388,0.011782701
2021-12-04,0.012210945,0.011443799,0.011644446,0.012324579,0.01418709,0.011578726,0.011782018
2022-07-13,0.012211158,0.011443988,0.011644649,0.012324794,0.014187363,0.011578923,0.011782218
2021-07-10,0.012211284,0.011444101,0.01164476,0.012324921,0.014187537,0.011579033,0.011782334
2021-03-17,0.0122108925,0.0114437565,0.011644403,0.012324527,0.014187022,0.011578683,0.011781973
2023-04-12,0.012210899,0.0114437565,0.011644408,0.012324527,0.0141870305,0.011578683,0.011781973
2021-08-31,0.012211261,0.01144408,0.011644738,0.0123248985,0.014187517,0.011579012,0.011782312
2024-11-29,0.012211406,0.011444209,0.011644869,0.012325043,0.014187691,0.011579141,0.01178245
2023-06-19,0.012211186,0.011444015,0.011644672,0.012324823,0.014187417,0.0115789445,0.011782246
2023-03-21,0.012210933,0.011443783,0.011644435,0.012324567,0.01418709,0.011578711,0.011782006
2019-11-04,0.012211381,0.011444192,0.011644859,0.012325025,0.014187663,0.011579126,0.011782434
2021-03-10,0.012211208,0.011444037,0.011644693,0.012324846,0.014187429,0.011578966,0.011782267
2023-05-07,0.012211365,0.011444171,0.011644836,0.012325003,0.014187637,0.011579108,0.0117824115
2021-05-25,0.01221141,0.011444214,0.01164488,0.012325055,0.014187703,0.011579152,0.011782456
2024-05-06,0.012211169,0.011443998,0.0116446605,0.012324811,0.014187391,0.011578934,0.011782228
2020-01-06,0.012211433,0.011444236,0.011644902,0.012325072,0.0141877225,0.011579175,0.011782479
2023-02-23,0.012210231,0.011443162,0.011643799,0.012323858,0.01418617,0.011578077,0.011781351
2023-06-03,0.0122103235,0.011443249,0.0116438875,0.012323952,0.014186276,0.011578164,0.01178144
2020-09-30,0.012211335,0.011444144,0.011644809,0.0123249795,0.014187609,0.011579082,0.0117823845
2021-05-16,0.012211381,0.011444192,0.011644853,0.012325025,0.014187663,0.011579126,0.011782428
2020-10-07,0.012211347,0.01144416,0.01164482,0.012324992,0.014187623,0.011579093,0.011782395
2022-12-09,0.01220899,0.011442046,0.011642647,0.0123225935,0.014184549,0.0115769375,0.011780179
2022-12-16,0.012208702,0.011441792,0.011642383,0.012322304,0.014184176,0.0115766805,0.011779907
2019-09-28,0.012211617,0.011444388,0.011645061,0.0123252645,0.014188004,0.011579333,0.011782644
2019-11-28,0.012211335,0.01144415,0.011644814,0.012324973,0.014187603,0.011579082,0.011782389
2023-11-30,0.012211307,0.0114441225,0.011644782,0.012324944,0.014187563,0.011579054,0.011782356
2023-01-07,0.012210093,0.011443038,0.011643667,0.012323714,0.014185983,0.011577947,0.011781218
2024-04-12,0.012211279,0.0114440955,0.01164476,0.012324916,0.014187523,0.011579033,0.011782334
2020-04-22,0.0122112315,0.011444053,0.011644711,0.012324869,0.014187469,0.011578989,0.011782283
2021-04-19,0.012211365,0.011444171,0.011644836,0.012325003,0.014187643,0.011579108,0.0117824115
2024-07-18,0.012211042,0.011443885,0.011644539,0.012324678,0.014187223,0.011578814,0.011782105
2021-06-20,0.012208944,0.011442008,0.011642609,0.012322547,0.014184517,0.011576898,0.011780136
2024-08-05,0.012211244,0.011444063,0.011644726,0.012324881,0.014187483,0.011579,0.011782301
2024-09-22,0.012209927,0.011442892,0.011643514,0.012323545,0.014185776,0.011577798,0.011781062
2024-02-13,0.012211146,0.011443977,0.011644633,0.012324782,0.014187363,0.011578913,0.011782206
2019-06-26,0.012210974,0.011443815,0.011644474,0.012324608,0.014187164,0.01157875,0.01178204
2024-07-13,0.012210779,0.011443653,0.011644299,0.0123244105,0.014186877,0.011578579,0.011781868
2024-06-27,0.012211002,0.011443852,0.011644507,0.012324638,0.01418717,0.0115787815,0.0117820725
2021-05-22,0.012211393,0.011444199,0.0116448635,0.012325032,0.01418767,0.011579136,0.011782439
2019-10-19,0.012211279,0.0114440955,0.01164476,0.012324921,0.014187537,0.011579033,0.011782334
2019-12-24,0.012211428,0.01144423,0.011644897,0.012325067,0.014187717,0.011579163,0.011782472
2024-11-01,0.0122112315,0.011444053,0.011644711,0.012324875,0.01418749,0.011578984,0.011782283
2024-08-06,0.012211256,0.01144408,0.011644738,0.0123248985,0.014187504,0.011579012,0.011782312
2021-07-18,0.012211249,0.011444068,0.011644732,0.012324886,0.014187497,0.011579005,0.011782305
2019-07-28,0.01221114,0.011443971,0.011644628,0.0123247765,0.014187357,0.011578901,0.0117822
2020-03-11,0.012211422,0.011444226,0.0116448905,0.012325067,0.0141877225,0.011579163,0.011782466
2020-09-16,0.012211134,0.011443966,0.011644621,0.012324771,0.014187343,0.011578896,0.011782195
2021-12-03,0.0122108245,0.011443691,0.011644342,0.012324458,0.014186936,0.011578618,0.011781905
2023-09-22,0.012211416,0.011444203,0.011644875,0.0123250615,0.014187764,0.011579148,0.011782456
2022-07-15,0.01221114,0.011443977,0.011644633,0.0123247765,0.014187343,0.011578907,0.011782206
2021-07-17,0.012211238,0.011444063,0.011644721,0.012324881,0.014187483,0.011578994,0.011782294
2020-07-15,0.012210841,0.011443712,0.011644359,0.012324468,0.014186943,0.011578633,0.0117819235
2019-07-03,0.012211341,0.011444155,0.011644814,0.012324985,0.014187609,0.011579087,0.011782395
2024-12-30,0.012211446,0.011444246,0.011644913,0.012325085,0.014187744,0.011579179,0.011782489
2021-04-28,0.0122113535,0.011444166,0.011644832,0.012324996,0.014187623,0.011579104,0.011782406
2023-03-16,0.012210456,0.011443362,0.011643996,0.01232408,0.014186456,0.011578279,0.0117815565
2023-11-29,0.012211289,0.011444107,0.01164477,0.012324927,0.014187545,0.011579043,0.011782344
2024-06-22,0.012211227,0.011444053,0.011644711,0.012324869,0.0141874775,0.011578984,0.011782283
2020-10-17,0.012211365,0.011444171,0.011644836,0.012325003,0.014187643,0.011579108,0.0117824115
2023-04-08,0.012210715,0.011443594,0.011644238,0.012324341,0.014186789,0.011578519,0.011781801
2019-05-16,0.012211267,0.01144409,0.011644749,0.01232491,0.014187517,0.011579022,0.011782323
2021-09-04,0.01221114,0.011443971,0.011644633,0.012324782,0.014187363,0.011578907,0.0117822
2022-04-10,0.0122111915,0.01144402,0.011644677,0.012324829,0.01418741,0.011578951,0.011782249
2022-09-14,0.0122114,0.011444192,0.011644859,0.012325043,0.0141877225,0.01157913,0.011782439
2019-04-22,0.012211284,0.011444101,0.011644764,0.012324921,0.014187537,0.011579038,0.01178234
2023-01-30,0.01220827,0.011441404,0.011641983,0.012321857,0.014183616,0.011576282,0.011779496
2024-04-08,0.012211295,0.011444117,0.011644776,0.0123249395,0.014187549,0.011579049,0.01178235
2021-10-18,0.012211134,0.011443966,0.011644628,0.0123247765,0.01418735,0.011578901,0.011782195
2022-12-18,0.012208593,0.0114416955,0.011642279,0.012322188,0.014184036,0.011576577,0.011779801
2021-02-12,0.012211474,0.011444269,0.011644935,0.012325118,0.01418779,0.011579207,0.011782517
2024-12-04,0.012211428,0.01144423,0.0116448905,0.012325067,0.014187717,0.011579163,0.011782472
2022-03-09,0.012211422,0.011444226,0.0116448905,0.012325067,0.0141877225,0.011579163,0.011782466
2024-03-13,0.012211313,0.0114441225,0.011644787,0.012324956,0.014187591,0.011579059,0.011782362
2023-12-20,0.01221141,0.011444214,0.01164488,0.012325048,0.014187696,0.011579152,0.011782456
2022-06-19,0.01221103,0.011443874,0.011644528,0.012324665,0.014187204,0.011578803,0.0117821
2024-03-28,0.012211295,0.011444112,0.011644776,0.012324933,0.014187549,0.011579049,0.01178235
2019-08-21,0.012210708,0.011443589,0.011644233,0.012324341,0.014186789,0.011578513,0.011781795
2022-11-07,0.0122111635,0.011443993,0.011644649,0.0123248,0.014187383,0.011578923,0.011782222
2023-06-07,0.0122111235,0.011443955,0.011644618,0.012324764,0.014187337,0.0115788905,0.011782189
2019-12-16,0.012211406,0.011444214,0.011644875,0.012325048,0.014187691,0.011579148,0.01178245
2022-06-15,0.012210899,0.0114437565,0.011644408,0.012324533,0.014187036,0.011578683,0.011781973
2023-04-24,0.012211365,0.011444177,0.011644836,0.012325003,0.014187637,0.011579108,0.0117824115
2021-06-28,0.012211249,0.011444074,0.011644732,0.012324892,0.01418749,0.011579005,0.011782305
2019-05-27,0.0122112725,0.01144409,0.011644754,0.012324916,0.014187537,0.0115790265,0.011782328
2024-12-06,0.012211428,0.011444226,0.0116448905,0.012325067,0.0141877225,0.011579163,0.011782466
2020-02-03,0.012211381,0.011444192,0.011644859,0.012325025,0.014187663,0.01157913,0.011782434
2024-09-28,0.012210922,0.011443778,0.011644425,0.012324556,0.014187071,0.011578704,0.011781995
2022-07-10,0.01221114,0.011443977,0.011644633,0.0123247765,0.014187343,0.011578907,0.011782206
2024-03-12,0.012211261,0.011444074,0.011644738,0.0123248985,0.014187517,0.011579012,0.011782312
2023-10-29,0.012211261,0.011444074,0.011644738,0.0123248985,0.014187523,0.011579012,0.011782312
2021-04-04,0.012210796,0.011443663,0.011644309,0.012324429,0.014186904,0.01157859,0.011781879
2020-12-28,0.012211428,0.01144423,0.011644897,0.012325067,0.014187717,0.011579169,0.011782472
2020-10-19,0.012211359,0.011444166,0.011644832,0.012324996,0.014187637,0.011579104,0.011782406
2022-02-12,0.012211313,0.011444128,0.011644792,0.012324951,0.014187571,0.011579065,0.011782366
2024-01-16,0.012211433,0.011444242,0.011644902,0.012325077,0.014187731,0.011579175,0.011782483
2021-10-29,0.012211007,0.011443858,0.011644513,0.012324643,0.014187184,0.011578787,0.011782078
2019-06-04,0.01221114,0.011443977,0.011644633,0.012324782,0.014187357,0.011578907,0.011782206
2020-08-16,0.012211295,0.011444117,0.011644776,0.0123249395,0.014187549,0.011579049,0.01178235
2020-07-08,0.012210974,0.011443826,0.011644479,0.012324608,0.014187138,0.011578754,0.0117820455
2024-09-17,0.012211186,0.011444015,0.011644672,0.012324823,0.014187417,0.0115789445,0.011782246
2022-03-10,0.012211393,0.011444199,0.0116448635,0.012325032,0.014187677,0.011579136,0.011782439
2023-05-29,0.012211302,0.011444117,0.011644782,0.012324944,0.014187557,0.011579054,0.011782356
2021-12-09,0.012211037,0.011443879,0.011644535,0.012324672,0.01418721,0.011578809,0.011782105
2020-09-23,0.0122112725,0.01144409,0.011644754,0.012324916,0.014187531,0.0115790265,0.011782328
2024-05-26,0.012210708,0.011443594,0.011644238,0.012324335,0.014186769,0.011578513,0.011781801
2023-02-27,0.012210369,0.011443285,0.01164392,0.012323999,0.01418635,0.011578202,0.011781478
2021-04-18,0.012211347,0.01144416,0.011644825,0.012324992,0.014187623,0.011579098,0.0117824
2024-01-26,0.012211381,0.011444187,0.011644853,0.01232502,0.014187656,0.011579126,0.011782428
2023-10-23,0.012211313,0.0114441225,0.011644782,0.012324951,0.014187597,0.011579054,0.011782362
2023-09-15,0.012211428,0.011444209,0.01164488,0.012325072,0.014187796,0.011579152,0.011782462
2023-10-22,0.01221137,0.011444171,0.011644836,0.012325015,0.01418767,0.011579108,0.011782417
2023-05-10,0.0122114,0.011444209,0.011644869,0.012325043,0.014187684,0.011579141,0.011782444
2020-06-22,0.012210812,0.01144368,0.011644326,0.012324439,0.014186922,0.011578601,0.011781889
2021-05-24,0.012211359,0.011444171,0.011644836,0.012325003,0.01418763,0.011579108,0.0117824115
2019-12-13,0.012211406,0.011444209,0.011644875,0.012325043,0.014187684,0.011579148,0.01178245
2024-08-30,0.012211284,0.0114440955,0.01164476,0.012324927,0.014187563,0.011579033,0.011782334
2023-05-03,0.012211365,0.011444177,0.011644836,0.012325008,0.014187643,0.011579108,0.011782417
2019-04-19,0.012211221,0.011444047,0.011644704,0.012324863,0.014187457,0.011578978,0.011782278
2021-08-07,0.012210933,0.011443788,0.011644442,0.012324567,0.01418709,0.011578715,0.011782006
2021-11-24,0.012210771,0.011443642,0.011644293,0.012324406,0.01418687,0.011578568,0.011781856
2020-08-23,0.012211249,0.011444074,0.011644732,0.012324886,0.01418749,0.011579005,0.011782305
2023-06-02,0.012210559,0.0114434585,0.011644101,0.012324184,0.014186577,0.011578377,0.011781662
2019-11-21,0.012211359,0.011444171,0.011644836,0.012325003,0.01418763,0.011579104,0.0117824115
2020-09-22,0.012211249,0.011444068,0.011644726,0.012324886,0.014187497,0.011579,0.011782301
2022-11-08,0.012211105,0.011443945,0.0116446,0.012324748,0.014187311,0.011578875,0.011782172
2022-05-09,0.012211037,0.011443879,0.011644535,0.012324672,0.014187218,0.011578809,0.011782105
2024-01-05,0.012211433,0.011444236,0.011644902,0.012325072,0.0141877225,0.011579169,0.011782479
2022-01-05,0.012211446,0.011444252,0.011644913,0.01232509,0.014187744,0.011579185,0.011782494
2021-05-31,0.012211359,0.011444166,0.011644832,0.012325003,0.014187651,0.011579104,0.011782406
2024-05-08,0.012211249,0.011444068,0.011644726,0.012324886,0.01418749,0.011579,0.011782301
2021-09-27,0.012210611,0.011443502,0.011644145,0.012324236,0.014186657,0.011578421,0.0117817065
2024-04-17,0.0122112725,0.01144409,0.011644754,0.01232491,0.014187517,0.0115790265,0.011782328
2023-01-31,0.012208282,0.011441414,0.011641993,0.012321875,0.014183629,0.011576293,0.011779508
2024-11-26,0.012211376,0.011444182,0.011644847,0.012325015,0.014187656,0.01157912,0.011782422
2022-01-04,0.012211433,0.011444236,0.011644902,0.012325077,0.0141877225,0.011579175,0.011782479
2023-11-27,0.012211284,0.011444101,0.01164476,0.012324921,0.014187531,0.011579033,0.011782334
2022-06-12,0.012210928,0.011443783,0.011644435,0.01232456,0.014187071,0.011578711,0.011782001
2020-11-16,0.012211428,0.01144423,0.011644897,0.012325067,0.014187717,0.011579169,0.011782472
2024-07-02,0.0122111635,0.011443993,0.011644649,0.012324805,0.014187391,0.011578923,0.011782222
2023-02-24,0.012210242,0.011443169,0.011643806,0.012323866,0.014186183,0.011578083,0.011781356
2020-08-04,0.012211302,0.011444117,0.011644782,0.0123249395,0.014187557,0.011579054,0.011782356
2024-02-06,0.0122113535,0.01144416,0.011644825,0.012324992,0.01418763,0.011579098,0.0117824
2020-04-07,0.012210611,0.011443498,0.01164414,0.012324236,0.014186671,0.011578421,0.011781701
2019-11-05,0.01221137,0.011444182,0.011644847,0.012325015,0.014187651,0.01157912,0.011782422
2022-08-28,0.012210917,0.011443734,0.011644397,0.012324556,0.014187196,0.011578667,0.011781966
2024-08-14,0.012211261,0.011444085,0.011644742,0.012324904,0.014187511,0.011579015,0.011782317
2024-06-24,0.012211186,0.011444015,0.011644672,0.012324823,0.014187417,0.0115789445,0.011782246
2021-03-02,0.0122112045,0.011444031,0.011644688,0.01232484,0.014187429,0.011578962,0.011782262
2021-03-19,0.012210627,0.011443518,0.011644161,0.01232426,0.014186683,0.0115784425,0.011781723
2020-10-27,0.012211381,0.011444192,0.011644859,0.012325025,0.01418767,0.011579126,0.011782434
2020-02-28,0.012211456,0.011444252,0.0116449185,0.012325101,0.01418777,0.01157919,0.011782501
2021-03-23,0.012210104,0.01144305,0.011643678,0.012323727,0.014186003,0.011577963,0.011781229
2019-04-18,0.012211118,0.01144395,0.0116446065,0.012324753,0.0141873155,0.011578879,0.011782178
2019-10-23,0.01221137,0.011444182,0.011644842,0.012325015,0.014187656,0.011579115,0.011782422
2023-08-22,0.012211341,0.011444144,0.011644809,0.012324985,0.014187643,0.011579082,0.0117823845
2021-12-26,0.012211422,0.011444226,0.0116448905,0.012325067,0.01418771,0.011579163,0.011782466
2022-06-01,0.012211376,0.011444182,0.011644847,0.01232502,0.014187656,0.01157912,0.011782422
2024-02-04,0.012211208,0.011444037,0.011644693,0.012324846,0.0141874375,0.011578966,0.011782267
2019-10-29,0.012211381,0.011444192,0.011644853,0.012325025,0.01418767,0.011579126,0.011782434
2020-04-28,0.01221133,0.011444144,0.011644804,0.012324967,0.014187591,0.011579077,0.011782378
2021-06-11,0.012210727,0.01144361,0.011644255,0.012324359,0.014186797,0.011578536,0.011781817
2023-01-17,0.012208075,0.011441226,0.011641802,0.012321666,0.014183363,0.011576103,0.011779314
2020-10-12,0.012211359,0.011444166,0.011644832,0.012325003,0.014187643,0.011579104,0.011782406
2024-07-31,0.012211249,0.011444074,0.011644732,0.012324892,0.014187497,0.011579005,0.011782305
2024-06-25,0.012211118,0.01144395,0.0116446065,0.012324753,0.014187324,0.011578879,0.011782178
2020-02-16,0.012211295,0.011444112,0.01164477,0.012324933,0.014187549,0.011579043,0.011782344
2021-03-08,0.0122111635,0.011443998,0.011644656,0.012324805,0.014187376,0.011578929,0.011782228
2023-11-22,0.0122112725,0.01144409,0.011644754,0.01232491,0.014187523,0.0115790265,0.011782323
2019-09-13,0.0122116115,0.011444381,0.011645055,0.012325259,0.014188016,0.011579322,0.011782638
2021-11-20,0.012210635,0.011443518,0.011644166,0.012324265,0.01418669,0.0115784425,0.011781729
2024-10-25,0.0122112045,0.01144402,0.011644683,0.01232484,0.014187457,0.011578956,0.011782256
2023-06-15,0.01221118,0.01144401,0.011644667,0.012324817,0.01418741,0.01157894,0.011782239
2024-08-09,0.012211244,0.011444063,0.011644726,0.012324881,0.014187483,0.011579,0.011782301
2020-10-31,0.01221141,0.011444214,0.01164488,0.012325048,0.014187696,0.011579152,0.011782456
2024-02-10,0.012211105,0.011443945,0.0116446,0.012324748,0.014187311,0.011578875,0.011782172
2021-02-27,0.012211381,0.011444187,0.011644853,0.012325025,0.014187663,0.011579126,0.011782428
2023-01-12,0.012208064,0.0114412205,0.011641791,0.012321654,0.014183349,0.011576091,0.011779303
2022-11-11,0.012210939,0.011443788,0.011644442,0.0123245735,0.01418709,0.011578722,0.011782011
2020-08-19,0.012211279,0.011444101,0.01164476,0.012324921,0.014187523,0.011579033,0.011782334
2024-05-22,0.012209507,0.011442532,0.011643141,0.012323117,0.014185175,0.011577428,0.011780679
2023-11-06,0.012211256,0.011444068,0.011644732,0.012324892,0.014187511,0.011579005,0.011782305
2024-07-15,0.012211059,0.011443901,0.011644556,0.0123246955,0.014187249,0.01157883,0.011782127
2019-10-05,0.01221156,0.011444339,0.011645012,0.012325207,0.014187918,0.011579277,0.011782588
2021-12-14,0.0122112315,0.011444058,0.011644715,0.012324875,0.014187469,0.011578989,0.0117822895
2021-11-04,0.012210968,0.011443821,0.011644474,0.012324602,0.01418713,0.01157875,0.01178204
2020-02-29,0.012211439,0.011444236,0.011644902,0.012325077,0.014187744,0.011579175,0.011782479
2022-05-27,0.01220991,0.011442887,0.011643508,0.0123235285,0.01418571,0.011577794,0.011781057
2020-02-19,0.01221137,0.011444182,0.011644842,0.012325015,0.014187651,0.011579115,0.011782417
2019-07-16,0.012211302,0.011444117,0.011644782,0.012324944,0.014187557,0.011579054,0.011782356
2019-12-03,0.012211387,0.011444192,0.011644859,0.012325025,0.014187663,0.01157913,0.011782434
2023-12-08,0.012211365,0.011444177,0.011644836,0.012325008,0.014187637,0.011579108,0.011782417
2021-01-21,0.012211376,0.011444187,0.011644853,0.01232502,0.014187656,0.011579126,0.011782428
2024-11-02,0.012211279,0.01144409,0.011644754,0.012324921,0.014187545,0.0115790265,0.011782328
2021-11-26,0.012210801,0.011443669,0.011644321,0.012324435,0.0141869085,0.011578596,0.011781883
2024-01-17,0.012211433,0.011444236,0.011644897,0.012325072,0.0141877225,0.011579169,0.011782479
2024-01-11,0.012211433,0.011444236,0.011644902,0.012325072,0.0141877225,0.011579175,0.011782479
2020-12-15,0.012211428,0.01144423,0.011644897,0.012325072,0.014187717,0.011579169,0.011782472
2024-10-30,0.0122112725,0.011444085,0.011644749,0.01232491,0.014187537,0.011579022,0.011782323
2023-06-09,0.012211198,0.01144402,0.011644683,0.012324834,0.014187429,0.011578956,0.011782256
2022-08-07,0.012211302,0.011444117,0.011644782,0.012324944,0.014187571,0.011579054,0.011782356
2021-06-18,0.01220822,0.011441394,0.0116419615,0.012321805,0.014183475,0.011576267,0.011779475
2019-06-21,0.012210715,0.011443594,0.011644238,0.012324346,0.014186797,0.011578519,0.011781801
2020-02-13,0.012211335,0.01144415,0.011644814,0.0123249795,0.014187603,0.011579082,0.011782389
2024-12-26,0.012211439,0.011444242,0.011644907,0.012325085,0.014187736,0.011579179,0.011782483
2019-10-02,0.012211588,0.011444366,0.01164504,0.012325236,0.01418797,0.011579305,0.011782622
2024-10-29,0.012211221,0.011444041,0.0116447,0.012324863,0.0141874775,0.011578972,0.011782272
2023-12-14,0.012211376,0.011444182,0.011644847,0.012325015,0.014187651,0.01157912,0.011782422
2024-11-06,0.012211289,0.011444101,0.011644764,0.012324933,0.014187557,0.011579038,0.01178234
2020-10-11,0.012211319,0.011444128,0.011644792,0.012324956,0.014187583,0.011579065,0.011782366
2021-01-16,0.012211422,0.011444226,0.0116448905,0.012325067,0.01418771,0.011579163,0.011782466
2020-10-03,0.012211335,0.01144415,0.011644809,0.0123249795,0.014187609,0.011579082,0.0117823845
2023-03-18,0.012210519,0.011443416,0.011644057,0.01232415,0.01418655,0.011578339,0.011781617
2021-12-21,0.012211381,0.011444192,0.011644853,0.012325025,0.014187656,0.011579126,0.011782428
2023-07-20,0.012211289,0.011444112,0.01164477,0.012324933,0.014187549,0.011579043,0.011782344
2023-05-28,0.012211295,0.011444112,0.011644776,0.012324933,0.014187549,0.011579049,0.01178235
2021-05-30,0.012211508,0.011444296,0.011644962,0.012325153,0.01418785,0.011579234,0.011782544
2022-11-22,0.012209818,0.011442791,0.011643409,0.012323435,0.01418563,0.011577696,0.011780958
2024-07-29,0.012211158,0.011443988,0.011644644,0.012324794,0.014187371,0.0115789175,0.011782218
2022-01-22,0.012211416,0.011444219,0.011644885,0.012325055,0.014187703,0.011579158,0.011782462
2023-05-09,0.012211406,0.011444209,0.011644875,0.012325043,0.014187691,0.011579148,0.01178245
2023-01-09,0.012208,0.011441162,0.011641736,0.01232159,0.014183263,0.011576037,0.011779247
2021-02-07,0.0122114,0.011444203,0.0116448635,0.012325038,0.014187691,0.011579136,0.011782444
2023-06-25,0.012210985,0.011443836,0.01164449,0.012324626,0.01418715,0.011578765,0.011782061
2020-01-24,0.012211393,0.011444199,0.0116448635,0.012325032,0.01418767,0.011579136,0.011782439
2022-08-19,0.0122112725,0.011444074,0.011644742,0.012324916,0.014187591,0.011579012,0.011782317
2021-07-29,0.012211227,0.011444053,0.011644711,0.012324869,0.014187469,0.011578984,0.011782283
2024-05-17,0.012206655,0.011440013,0.011640535,0.012320214,0.0141813895,0.011574852,0.011778015
2024-10-07,0.012211261,0.01144408,0.011644742,0.012324904,0.014187517,0.011579015,0.011782317
2024-09-19,0.012211013,0.011443858,0.011644513,0.012324649,0.014187184,0.011578787,0.011782078
2023-09-09,0.012211479,0.011444252,0.011644925,0.0123251295,0.014187897,0.01157919,0.011782506
2023-04-25,0.012211319,0.011444133,0.011644792,0.012324956,0.014187577,0.011579065,0.011782366
2021-04-10,0.012210922,0.011443783,0.01164443,0.012324556,0.014187071,0.011578711,0.011782001
2022-12-15,0.012208736,0.011441825,0.011642416,0.012322338,0.014184223,0.0115767075,0.011779941
2021-02-16,0.01221141,0.011444214,0.01164488,0.012325055,0.014187703,0.011579152,0.011782456
2020-04-03,0.012211066,0.011443907,0.011644562,0.012324701,0.014187249,0.0115788365,0.011782134
2022-01-27,0.012211376,0.011444187,0.011644847,0.012325015,0.014187651,0.01157912,0.011782422
2019-10-08,0.012211549,0.011444333,0.011645001,0.012325195,0.014187904,0.011579273,0.011782584
2023-07-03,0.012208782,0.011441885,0.011642477,0.01232238,0.014184236,0.011576774,0.011779997
2023-08-02,0.012211279,0.0114440955,0.011644754,0.012324916,0.014187531,0.0115790265,0.011782328
2023-04-16,0.012210904,0.011443766,0.011644414,0.012324538,0.014187044,0.011578694,0.011781984
2022-09-27,0.012211508,0.011444285,0.011644957,0.012325153,0.014187876,0.011579229,0.011782539
2022-04-07,0.012211244,0.011444068,0.011644726,0.012324886,0.014187483,0.011579,0.011782301
2024-07-08,0.012211071,0.011443907,0.011644567,0.012324707,0.014187263,0.011578841,0.011782134
2024-09-18,0.0122112045,0.011444031,0.011644688,0.01232484,0.014187429,0.011578962,0.011782262
2022-06-09,0.012211227,0.011444047,0.011644711,0.012324869,0.014187469,0.011578984,0.011782283
2024-04-02,0.012211289,0.011444107,0.01164477,0.012324927,0.014187545,0.011579043,0.011782344
2024-05-27,0.012210784,0.01144366,0.011644304,0.012324416,0.01418687,0.011578585,0.011781868
2023-04-19,0.012211221,0.011444047,0.011644704,0.012324863,0.0141874505,0.011578978,0.011782278
2023-11-01,0.012211256,0.011444068,0.011644732,0.012324892,0.014187517,0.011579005,0.011782305
2024-08-08,0.012211249,0.011444068,0.011644732,0.012324886,0.01418749,0.011579005,0.011782305
2023-07-17,0.012211325,0.011444139,0.011644797,0.012324963,0.014187583,0.01157907,0.011782372
2019-04-23,0.012211313,0.011444128,0.011644792,0.012324956,0.014187571,0.011579065,0.011782366
2019-11-18,0.012211376,0.011444187,0.011644853,0.01232502,0.014187656,0.011579126,0.011782428
2022-07-27,0.012211279,0.011444101,0.01164476,0.012324921,0.014187531,0.011579033,0.011782334
2019-04-13,0.012211146,0.011443982,0.011644639,0.012324788,0.014187363,0.011578913,0.011782211
2023-10-27,0.012211319,0.011444128,0.011644792,0.012324963,0.014187603,0.011579065,0.011782366
2023-05-04,0.012211387,0.011444192,0.011644859,0.012325025,0.01418767,0.01157913,0.011782434
2021-12-08,0.012211007,0.011443852,0.011644507,0.012324643,0.01418717,0.0115787815,0.011782078
2021-03-14,0.012211042,0.011443891,0.011644546,0.012324678,0.014187223,0.01157882,0.011782112
2023-06-13,0.0122111635,0.011443988,0.011644649,0.0123248,0.014187383,0.011578923,0.011782218
2022-06-13,0.012210881,0.011443745,0.011644397,0.012324515,0.01418701,0.011578673,0.011781962
2024-03-05,0.012211249,0.011444068,0.011644726,0.012324892,0.014187517,0.011579,0.011782305
2022-07-04,0.012211175,0.011444004,0.0116446605,0.012324811,0.014187391,0.011578934,0.011782234
2020-11-08,0.012211433,0.011444236,0.011644902,0.012325077,0.014187731,0.011579175,0.011782479
2021-09-08,0.012211146,0.011443977,0.011644633,0.012324782,0.014187363,0.011578907,0.011782206
2022-02-28,0.0122114625,0.011444257,0.011644925,0.012325101,0.01418777,0.011579197,0.011782501
2020-11-26,0.012211439,0.011444242,0.011644902,0.012325077,0.014187731,0.011579175,0.011782483
2024-11-20,0.012211393,0.011444199,0.0116448635,0.012325032,0.014187677,0.011579136,0.011782439
2024-01-30,0.012211416,0.011444219,0.011644885,0.012325055,0.014187703,0.011579158,0.011782462
2023-10-15,0.012211376,0.011444171,0.011644842,0.01232502,0.014187691,0.011579108,0.011782417
2023-08-08,0.012211198,0.01144402,0.011644677,0.012324834,0.014187429,0.011578951,0.011782249
2022-08-03,0.0122113535,0.01144416,0.011644825,0.012324992,0.014187623,0.011579098,0.0117824
2020-12-25,0.012211433,0.011444236,0.011644902,0.012325072,0.0141877225,0.011579175,0.011782479
2020-09-28,0.012211359,0.011444166,0.011644832,0.012325003,0.014187637,0.011579104,0.011782406
2021-03-26,0.012209191,0.011442235,0.01164284,0.012322797,0.01418481,0.011577134,0.011780374
2020-09-03,0.012210502,0.01144341,0.011644046,0.012324126,0.01418651,0.011578328,0.011781607
2021-03-20,0.012210909,0.011443772,0.01164442,0.012324544,0.01418705,0.0115787005,0.011781989
2024-05-15,0.012209679,0.011442688,0.011643301,0.012323291,0.014185403,0.011577586,0.01178084
2021-07-06,0.0122113535,0.01144416,0.011644825,0.012324992,0.014187623,0.011579098,0.0117824
2023-03-29,0.012210779,0.011443653,0.011644299,0.0123244105,0.014186882,0.011578575,0.011781861
2019-12-01,0.012211365,0.011444177,0.011644842,0.012325008,0.014187643,0.011579115,0.011782417
2020-04-06,0.012210461,0.011443367,0.011644002,0.012324085,0.01418647,0.011578285,0.011781562
2020-11-24,0.012211428,0.01144423,0.011644897,0.012325072,0.0141877225,0.011579169,0.011782472
2023-05-20,0.01221133,0.011444144,0.011644804,0.012324967,0.014187597,0.011579077,0.011782378
2024-01-03,0.012211428,0.01144423,0.011644897,0.012325072,0.014187717,0.011579169,0.011782472
2021-10-15,0.0122111635,0.011443988,0.011644644,0.0123248,0.014187391,0.0115789175,0.011782218
2020-04-16,0.012211208,0.011444037,0.011644693,0.012324846,0.0141874375,0.011578966,0.011782267
2022-05-24,0.012210502,0.01144341,0.011644046,0.012324126,0.014186489,0.011578328,0.011781607
2023-08-14,0.0122106625,0.01144354,0.011644189,0.0123242885,0.014186737,0.011578464,0.01178175
2019-09-24,0.012211629,0.011444392,0.0116450675,0.012325275,0.01418803,0.011579338,0.01178265
2022-08-18,0.01221111,0.011443918,0.011644584,0.012324753,0.01418741,0.011578858,0.011782155
2023-11-08,0.0122111915,0.011444015,0.011644677,0.012324829,0.0141874235,0.011578951,0.011782249
2023-12-03,0.012211325,0.011444139,0.011644804,0.012324967,0.014187583,0.011579077,0.011782378
2021-07-31,0.0122112315,0.011444053,0.011644715,0.012324869,0.014187469,0.011578989,0.0117822895
2022-04-09,0.012211335,0.01144415,0.011644809,0.012324973,0.014187603,0.011579082,0.0117823845
2023-02-03,0.012208075,0.011441226,0.011641802,0.012321666,0.014183363,0.011576103,0.011779314
2021-02-01,0.012211406,0.011444209,0.011644875,0.012325048,0.014187696,0.011579148,0.01178245
2021-01-14,0.012211433,0.011444236,0.011644902,0.012325072,0.0141877225,0.011579175,0.011782479
2020-07-27,0.012211295,0.011444117,0.011644776,0.0123249395,0.014187549,0.011579049,0.01178235
2021-04-30,0.012211365,0.011444177,0.011644842,0.012325008,0.014187643,0.011579108,0.011782417
2023-11-20,0.0122112725,0.01144409,0.011644754,0.01232491,0.014187523,0.0115790265,0.011782328
2020-02-02,0.012211359,0.011444166,0.011644832,0.012324996,0.01418763,0.011579104,0.011782406
2022-01-01,0.012211422,0.011444226,0.0116448905,0.0123250615,0.01418771,0.011579163,0.011782466
2020-10-10,0.012211347,0.011444155,0.01164482,0.012324985,0.014187623,0.011579093,0.011782395
2022-01-08,0.012211446,0.011444246,0.011644907,0.012325085,0.014187736,0.011579179,0.011782489
2020-06-06,0.012211227,0.011444053,0.011644711,0.012324863,0.014187457,0.011578984,0.011782283
2023-03-19,0.012210519,0.011443416,0.011644057,0.01232415,0.01418655,0.011578339,0.011781617
2023-04-13,0.012211088,0.011443928,0.011644584,0.012324724,0.014187284,0.011578858,0.011782155
2022-12-28,0.012207948,0.011441119,0.011641687,0.012321538,0.014183195,0.0115759885,0.011779197
2023-04-18,0.01221114,0.011443971,0.011644628,0.0123247765,0.014187343,0.011578901,0.0117822
2023-08-11,0.0122107435,0.011443615,0.011644266,0.012324377,0.014186844,0.011578541,0.011781829
2020-11-19,0.012211422,0.011444226,0.0116448905,0.0123250615,0.01418771,0.011579163,0.011782466
2021-07-27,0.012211227,0.011444047,0.011644711,0.012324863,0.014187469,0.011578984,0.011782283
2024-02-29,0.012211284,0.0114440955,0.01164476,0.012324927,0.014187557,0.011579033,0.011782334
2019-09-12,0.012211601,0.01144437,0.011645045,0.0123252515,0.014187998,0.011579316,0.011782628
2019-09-27,0.012211607,0.011444376,0.011645051,0.0123252515,0.01418799,0.011579316,0.011782633
2022-02-23,0.012211446,0.011444246,0.011644913,0.01232509,0.01418775,0.011579185,0.011782489
2021-11-02,0.012210974,0.011443826,0.011644474,0.012324608,0.014187138,0.011578754,0.0117820455
2024-05-07,0.012211198,0.011444025,0.011644683,0.01232484,0.014187429,0.011578962,0.011782256
2021-06-21,0.012209951,0.01144292,0.011643542,0.012323563,0.014185776,0.011577826,0.01178109
2021-12-30,0.012211433,0.011444236,0.011644902,0.012325077,0.0141877225,0.011579175,0.011782479
2024-09-08,0.012211256,0.011444068,0.011644732,0.012324892,0.014187511,0.011579005,0.011782305
2022-08-04,0.012211359,0.011444171,0.011644832,0.012325003,0.014187637,0.011579104,0.011782406
2019-12-31,0.012211433,0.011444236,0.011644902,0.012325077,0.0141877225,0.011579175,0.011782479
2022-06-24,0.012211256,0.011444074,0.011644732,0.012324892,0.014187497,0.011579005,0.011782305
