date,h0,h1,h2,h3,h4,h5
2022-07-20,0.53956676,0.49936822,0.42089054,0.49458998,0.5442475,0.4873232
2024-11-17,0.5403717,0.49987295,0.42151988,0.49545985,0.5454401,0.48821127
2023-03-01,0.53986925,0.49955395,0.42112666,0.49515623,0.5448609,0.48771647
2022-12-04,0.5391614,0.49891257,0.42067808,0.4944975,0.5442306,0.487202
2019-09-18,0.53857243,0.49866816,0.4200287,0.49352893,0.543324,0.48585492
2024-09-09,0.53969294,0.49956754,0.42104566,0.49489075,0.54453045,0.48750195
2022-02-25,0.54004246,0.49993086,0.4215282,0.4955795,0.5451103,0.48802635
2019-10-09,0.53986424,0.49995732,0.42132095,0.49517798,0.5448969,0.48771805
2021-09-08,0.5397675,0.49985233,0.42133445,0.4952592,0.544849,0.48773268
2019-06-21,0.53911436,0.4992613,0.42069095,0.4944434,0.544404,0.48726636
2020-10-27,0.54040635,0.5002712,0.42173937,0.4955661,0.5453936,0.48819944
2024-05-30,0.5403322,0.5000251,0.42165738,0.49548337,0.54529375,0.48816454
2022-01-07,0.54079145,0.50057805,0.42205754,0.49593022,0.54573005,0.48851138
2023-12-19,0.5406812,0.5004587,0.4219367,0.49583924,0.5456588,0.4885016
2021-01-28,0.5402461,0.50011396,0.42170474,0.49567515,0.5452733,0.48816934
2021-04-11,0.53981245,0.49953058,0.42118812,0.49489284,0.5446666,0.48762143
2020-01-30,0.5407238,0.50042206,0.4218919,0.49579912,0.5455837,0.48843572
2024-06-05,0.5401897,0.5000026,0.42171144,0.49539378,0.54531705,0.4879655
2021-09-21,0.5399287,0.49995828,0.42140856,0.49522263,0.54502136,0.48781934
2024-10-02,0.54002833,0.49996608,0.42123574,0.49523714,0.54499763,0.48783672
2022-09-04,0.53893346,0.49903235,0.42036277,0.49428055,0.5437239,0.48670897
2023-01-31,0.5387824,0.49845892,0.42030716,0.4942026,0.5439141,0.48686725
2019-05-25,0.5403243,0.50004405,0.42159918,0.49534705,0.5452156,0.488012
2021-07-15,0.53976077,0.50003695,0.42152327,0.49506015,0.54475445,0.48767218
2022-09-14,0.53808624,0.4985967,0.41959807,0.49363673,0.54283327,0.4858147
2021-05-05,0.54059947,0.50027704,0.4218215,0.4956576,0.54547924,0.4883196
2023-01-08,0.5388394,0.4985692,0.42043525,0.49421176,0.5439537,0.4868623
2019-11-09,0.5405721,0.5003743,0.4218615,0.4957928,0.54554945,0.48835263
2019-12-29,0.5407662,0.50053954,0.42203936,0.49589702,0.54571486,0.48849443
2019-11-04,0.5405172,0.5003413,0.4218299,0.4957614,0.5455133,0.48832858
2021-10-26,0.53736764,0.49871033,0.4216558,0.4926991,0.54323983,0.48677063
2022-06-20,0.53976923,0.49959585,0.42129967,0.49494055,0.5448057,0.4875487
2023-06-25,0.5398875,0.49950874,0.42124677,0.49496374,0.54473186,0.4875614
2022-01-18,0.5407646,0.500547,0.42204198,0.4958951,0.5457106,0.48849592
2019-04-25,0.5404972,0.5001946,0.42182952,0.49560535,0.5454396,0.48824394
2024-05-01,0.54060155,0.5001125,0.42158186,0.49552572,0.54532665,0.48821706
2020-03-31,0.54048926,0.5001784,0.421754,0.4955636,0.5453055,0.48817563
2024-05-14,0.54048014,0.49995744,0.42146218,0.49534914,0.5452821,0.4879973
2022-11-11,0.54020095,0.50003326,0.42162725,0.49544352,0.54523426,0.4880054
2021-01-16,0.54058063,0.50039786,0.42191488,0.49581712,0.54555213,0.48838624
2023-03-15,0.53984404,0.49950328,0.42106387,0.49513847,0.5448652,0.48763368
2020-02-09,0.54074425,0.50028986,0.42167726,0.49568206,0.5453978,0.4884062
2019-08-19,0.53930336,0.49932322,0.42068133,0.49456152,0.5443242,0.48710185
2020-03-10,0.5402342,0.5000174,0.42165184,0.49555942,0.54520345,0.4880982
2019-12-17,0.54075176,0.5005067,0.4220158,0.49588212,0.5457005,0.48845676
2023-10-13,0.5380587,0.49876496,0.4199721,0.493676,0.54343647,0.4864141
2023-11-05,0.54007417,0.49987683,0.42128566,0.4951553,0.5449792,0.48776704
2019-04-16,0.5400401,0.49957734,0.42125553,0.4950169,0.5448913,0.48776138
2019-10-01,0.53958565,0.4996787,0.42107353,0.49489155,0.5445447,0.48732767
2019-06-27,0.53909165,0.499396,0.4207676,0.4944209,0.5443779,0.48731017
2019-09-01,0.538564,0.49927276,0.41993785,0.49396917,0.5435947,0.48621425
2020-02-04,0.54073954,0.5004416,0.42190582,0.49582246,0.5456017,0.4884443
2019-04-15,0.54017377,0.49977812,0.4214327,0.49520567,0.5450083,0.4879035
2022-03-06,0.5397901,0.49970394,0.4213908,0.49548343,0.544876,0.4878332
2020-12-04,0.5407346,0.50053173,0.4220067,0.49586737,0.5456997,0.4884886
2022-05-27,0.5394504,0.4990852,0.42082193,0.49454695,0.54432344,0.4872743
2024-05-31,0.54032946,0.49998456,0.42167658,0.4954845,0.54531014,0.48807457
2021-09-05,0.5394705,0.49975204,0.42134863,0.49521047,0.54475915,0.48736823
2022-04-30,0.54004645,0.49979195,0.42135468,0.49515367,0.5449618,0.4877806
2022-03-21,0.54029125,0.49995577,0.42157504,0.49538818,0.5451026,0.4880316
2023-09-06,0.53606164,0.49640024,0.41804683,0.49178344,0.54125744,0.4845815
2020-03-24,0.54067916,0.500388,0.421948,0.49575666,0.5455015,0.4883778
2023-12-05,0.54061985,0.500415,0.42186478,0.49577868,0.54560494,0.4884607
2024-04-24,0.54059094,0.50032884,0.42184806,0.49570692,0.5454988,0.48831674
2024-10-23,0.54026,0.4993854,0.42099008,0.4954508,0.5448629,0.48767275
2019-06-19,0.539123,0.49930525,0.4208281,0.4944402,0.5443959,0.48726782
2020-07-31,0.5403633,0.5001207,0.42164472,0.4954804,0.54529685,0.48808917
2020-02-12,0.5407151,0.5003115,0.42174676,0.49572578,0.5454414,0.48839977
2024-12-13,0.5406748,0.5003736,0.4218744,0.49579644,0.5456746,0.4884885
2021-05-23,0.5406758,0.500385,0.42180738,0.49562502,0.5454901,0.48822796
2023-05-24,0.5405501,0.50018686,0.42170975,0.49545774,0.5454695,0.48824456
2019-04-05,0.53994334,0.49954194,0.42120823,0.49502522,0.5447727,0.48766956
2024-09-15,0.53994924,0.49985793,0.4212531,0.49513763,0.5448271,0.48776287
2019-04-01,0.5397528,0.499398,0.42101383,0.49487907,0.5445876,0.48746315
2021-10-28,0.53736144,0.49882123,0.42172858,0.49276936,0.54331374,0.48672003
2021-09-10,0.539696,0.49985662,0.42126518,0.49523655,0.5448455,0.4876497
2022-09-27,0.53784573,0.4984026,0.41928902,0.4934423,0.54231405,0.4854868
2023-06-14,0.5400632,0.49984747,0.42151362,0.49526146,0.54510677,0.48788404
2024-11-02,0.54008937,0.4994017,0.42114526,0.4951975,0.54517615,0.48792684
2023-12-09,0.54062605,0.50035983,0.4218399,0.4957594,0.5455948,0.48849306
2022-03-29,0.54010314,0.4996633,0.42144555,0.49513325,0.5447796,0.48779202
2020-10-01,0.540263,0.50011456,0.42156708,0.49544486,0.54522985,0.48805982
2024-08-27,0.539764,0.49954563,0.42110407,0.49488991,0.54465944,0.4875993
2024-08-13,0.5402064,0.49999893,0.42155513,0.4953679,0.5451637,0.48796475
2021-08-16,0.54038185,0.5000321,0.42161894,0.49545044,0.5453043,0.4881924
2024-01-07,0.5407339,0.5005132,0.42200637,0.4958784,0.5456934,0.4884774
2021-04-20,0.5404434,0.50014514,0.42175305,0.49549478,0.5453087,0.48821756
2021-01-30,0.54011345,0.4999838,0.42158872,0.49559304,0.54514456,0.48808095
2020-01-06,0.54077643,0.50054467,0.42203513,0.49589533,0.5457003,0.48850194
2021-10-25,0.5382973,0.49921563,0.4216638,0.49360323,0.543912,0.48717767
2022-09-12,0.53849447,0.4987854,0.4199323,0.49399826,0.54321486,0.48626274
2023-10-21,0.5394327,0.49945867,0.42090636,0.49470863,0.5444827,0.48734957
2019-07-02,0.5401054,0.4998677,0.42144755,0.49528134,0.5449123,0.48787564
2019-10-14,0.5398847,0.49991235,0.42119604,0.4951356,0.5448657,0.48769084
2021-01-26,0.54033405,0.50019556,0.42173892,0.49570724,0.545331,0.4882274
2020-06-30,0.5400783,0.50007904,0.42152673,0.49526697,0.545228,0.4879692
2024-07-30,0.5401111,0.499913,0.42145592,0.49531826,0.5450973,0.4878661
2019-12-09,0.54071236,0.50048065,0.42199978,0.49587527,0.54567766,0.48841763
2019-05-19,0.5404471,0.50021905,0.42175496,0.49555334,0.54536647,0.48820582
2024-04-25,0.5405904,0.5003264,0.42183173,0.49570397,0.5455015,0.48831686
2023-09-27,0.5373946,0.49850127,0.41952774,0.49315548,0.54306436,0.48597753
2021-04-04,0.5396616,0.49938717,0.42096278,0.49477476,0.54458773,0.48747993
2021-09-12,0.5396946,0.49982584,0.42121288,0.49521604,0.5448947,0.48763248
2024-10-19,0.5400738,0.49929515,0.4209058,0.4952287,0.5447669,0.48754898
2019-04-28,0.5404456,0.50011736,0.42177156,0.49552009,0.54536057,0.48819217
2023-12-29,0.5407221,0.50048375,0.42197618,0.49586442,0.54567564,0.4884809
2023-03-17,0.5395502,0.49902594,0.42067838,0.4949745,0.54465544,0.48737887
2023-06-27,0.5398716,0.49955076,0.42126158,0.4949905,0.544714,0.4875986
2021-09-29,0.5398293,0.49970168,0.42122263,0.49506173,0.54483783,0.4877325
2022-11-22,0.5396509,0.49947342,0.42113134,0.4949625,0.544732,0.48754513
2022-09-01,0.5383354,0.4986485,0.41987783,0.49376306,0.5434879,0.48633164
2022-06-04,0.5398753,0.499398,0.4213482,0.49496353,0.54481715,0.4876015
2022-04-10,0.5403062,0.49999118,0.42164522,0.49538198,0.5451925,0.48810178
2022-03-27,0.54005736,0.49962416,0.42139366,0.49508947,0.5447427,0.4877582
2021-04-14,0.54020804,0.49998182,0.4215645,0.49529833,0.54511124,0.4880345
2024-01-24,0.54058886,0.5003963,0.42190477,0.49581736,0.545565,0.4883902
2024-10-14,0.540057,0.49952516,0.42109534,0.49516284,0.54494184,0.4877745
2024-04-26,0.5405469,0.50024676,0.42174628,0.49563462,0.54542965,0.48826548
2024-08-28,0.5396658,0.49948353,0.42104793,0.49482712,0.54457885,0.4875147
2024-08-18,0.54003763,0.499796,0.4213574,0.49516,0.54490656,0.48778635
2021-05-21,0.5406374,0.50032645,0.42188194,0.4956894,0.54556805,0.48829338
2024-03-24,0.540443,0.50017464,0.42178434,0.49564224,0.54534125,0.48825535
2021-08-23,0.540227,0.50009775,0.42098323,0.4956079,0.5454236,0.48811615
2020-09-12,0.53908396,0.4993886,0.42110246,0.4942805,0.54410547,0.48726442
2020-05-05,0.5405288,0.50024706,0.42183843,0.4956482,0.54546356,0.48826417
2020-08-04,0.540461,0.500229,0.4217221,0.49556246,0.5453652,0.48819825
2022-06-14,0.5396335,0.4993962,0.4211151,0.4947573,0.54458946,0.48742038
2024-03-03,0.53997403,0.49957204,0.42124957,0.4952927,0.54503554,0.4875628
2019-09-07,0.5393904,0.49945664,0.42076507,0.49455777,0.5443736,0.487105
2024-12-27,0.5406695,0.50035274,0.42184308,0.4957884,0.54566634,0.48851383
2023-02-03,0.53872925,0.49843493,0.4202421,0.49412227,0.5438354,0.4867862
2020-10-23,0.5402204,0.50005174,0.4215406,0.49540532,0.54524446,0.4879993
2020-09-30,0.540245,0.50008994,0.4215783,0.49544317,0.5452153,0.488059
2024-02-13,0.53990686,0.4995943,0.42118666,0.49515295,0.54481894,0.48776183
2023-08-05,0.53994083,0.49954087,0.42114443,0.49502152,0.5446609,0.48762438
2021-08-22,0.5403589,0.50013447,0.4211902,0.49561235,0.54541564,0.48816842
2020-06-02,0.5392872,0.49905562,0.4207654,0.4944432,0.5442217,0.48704812
2022-03-01,0.5399416,0.4998053,0.4214471,0.49549842,0.54501444,0.48793224
2021-10-09,0.5393403,0.49947044,0.42104688,0.4942792,0.544149,0.48724288
2023-02-04,0.53885376,0.49851632,0.42036596,0.4942332,0.54397786,0.48695296
2023-10-16,0.53864676,0.4990884,0.42041847,0.49410522,0.54393387,0.48684177
2023-09-30,0.5374896,0.49813053,0.4194373,0.4931674,0.5428701,0.48590356
2022-03-25,0.5400142,0.49955204,0.42133966,0.49505973,0.5446895,0.48770717
2020-02-14,0.5407212,0.50028163,0.42170662,0.49571627,0.5454225,0.48839182
2020-04-20,0.5403423,0.5000343,0.42166197,0.49543142,0.54528177,0.4881558
2022-08-07,0.5400388,0.49980873,0.4213603,0.49516463,0.5450047,0.48786014
2022-05-20,0.5402681,0.50000256,0.42152733,0.49531242,0.5452113,0.4879138
2023-05-03,0.54059213,0.5002761,0.42188653,0.49567047,0.54552513,0.48832607
2022-08-16,0.5378184,0.4982718,0.4195149,0.49332693,0.54340494,0.48617527
2024-11-11,0.5402535,0.4996682,0.42133522,0.49535272,0.54533577,0.4880881
2024-01-11,0.5407181,0.5005008,0.42199677,0.49587464,0.54567057,0.48846382
2020-10-17,0.54022783,0.50011426,0.42162132,0.49547946,0.54523635,0.48799986
2023-02-01,0.5388691,0.4985712,0.42038786,0.49424016,0.5439514,0.4868961
2024-05-12,0.5404986,0.49978277,0.42116472,0.49518907,0.54502743,0.48797226
2024-07-27,0.5393163,0.49917772,0.4207742,0.49454543,0.5441584,0.4870456
2024-12-24,0.5406521,0.50033283,0.42182475,0.49577615,0.54566693,0.48851082
2024-03-26,0.5403341,0.5000518,0.4216683,0.49550158,0.5452515,0.48818046
2022-06-01,0.54048854,0.50014424,0.4217324,0.49552992,0.5453417,0.48823547
2020-02-29,0.5398461,0.49970788,0.42140052,0.4954259,0.54490185,0.48782867
2022-09-22,0.53781486,0.49837488,0.41930705,0.49342117,0.5423504,0.48555693
2023-05-06,0.5406207,0.50031084,0.42190644,0.49569225,0.54554576,0.4883939
2021-09-01,0.5398777,0.5000071,0.42137137,0.49537823,0.5450366,0.48808536
2022-07-27,0.54004735,0.49980542,0.42140943,0.49516875,0.54484195,0.48787752
2022-05-15,0.5405067,0.50022835,0.421804,0.49562442,0.54551184,0.48812148
2023-02-02,0.5387298,0.498436,0.42026046,0.49411556,0.5438316,0.48680273
2021-02-17,0.5403362,0.50007784,0.4216932,0.4956496,0.5452564,0.48816854
2024-06-17,0.53919816,0.49889618,0.42084554,0.4943681,0.54436123,0.48709998
2021-03-12,0.54043573,0.5002053,0.4217545,0.49556816,0.5452727,0.4881411
2021-12-12,0.5406336,0.50038636,0.42188954,0.49574828,0.545599,0.4883428
2019-05-05,0.54057145,0.5003221,0.42190266,0.49571037,0.54551095,0.48832607
2023-05-13,0.5407105,0.50040483,0.4219345,0.49567035,0.54561406,0.48836407
2020-09-18,0.5397328,0.49982506,0.4213094,0.49503094,0.54475164,0.48768777
2021-06-09,0.54004616,0.49998832,0.42159042,0.49521294,0.5452075,0.48791742
2019-12-14,0.5407428,0.500513,0.42201507,0.49588308,0.5456913,0.4884612
2021-05-07,0.5406181,0.5002536,0.4217893,0.49563625,0.54546267,0.48833206
2020-12-02,0.54073536,0.5005134,0.42199188,0.49586022,0.5456921,0.48848554
2021-12-23,0.54075754,0.50053287,0.42201507,0.49588564,0.5457126,0.488472
2023-01-15,0.53867555,0.49838227,0.42029226,0.49406627,0.54381573,0.48673978
2023-12-16,0.5407062,0.50048345,0.4219418,0.49584222,0.54566205,0.4885152
2021-11-16,0.540228,0.49999666,0.42157486,0.4954123,0.54521734,0.48805317
2022-08-11,0.5394918,0.49937838,0.42093748,0.49469322,0.54453504,0.48737785
2020-12-15,0.5407289,0.50052166,0.42199308,0.49585927,0.5456753,0.48847502
2019-10-28,0.54030496,0.5002059,0.42153585,0.49553478,0.54533076,0.48814628
2021-02-18,0.5404341,0.50014275,0.42174754,0.49567926,0.54534286,0.48824185
2023-06-04,0.53931624,0.4991185,0.4207779,0.494454,0.5442224,0.48714003
2019-11-22,0.540597,0.5003614,0.42189062,0.4958016,0.54556865,0.48834798
2024-07-09,0.53858435,0.4995027,0.42097756,0.49412546,0.5441337,0.4870506
2023-11-08,0.540142,0.49985853,0.4211627,0.4949808,0.5448752,0.4876433
2020-11-02,0.54053307,0.50035286,0.42181984,0.49566647,0.5455135,0.48832098
2021-10-06,0.53931177,0.49927762,0.42088008,0.49441543,0.54418343,0.48724735
2021-03-13,0.5403508,0.5001088,0.421657,0.49547747,0.5451942,0.48806384
2020-05-18,0.54055184,0.50023997,0.42183486,0.49565923,0.54548347,0.4882082
2019-04-12,0.5401221,0.49972394,0.42141086,0.4951712,0.5449385,0.487855
2024-11-19,0.5404736,0.5000114,0.42162523,0.4955544,0.54552305,0.48830402
2022-02-06,0.5406092,0.5004227,0.42191803,0.49580464,0.5455869,0.4883702
2024-06-27,0.53919744,0.49938527,0.4211941,0.49443558,0.54441994,0.48732048
2021-12-21,0.5407462,0.50050443,0.42199117,0.4958689,0.5457183,0.48846546
2023-11-11,0.5401792,0.4998727,0.42122394,0.4950459,0.54497266,0.4877252
2022-01-31,0.54068214,0.5004805,0.42196116,0.49583992,0.5456342,0.48842195
2023-05-22,0.5406997,0.5003686,0.42188084,0.49564984,0.54562134,0.48839694
2022-12-14,0.5390976,0.498888,0.42063594,0.49442172,0.54415244,0.4871156
2022-11-12,0.5402115,0.5000265,0.42160407,0.49542505,0.5452316,0.4880153
2020-07-08,0.5395655,0.49966204,0.42098984,0.49484625,0.54481405,0.48755512
2024-06-04,0.54033875,0.5000698,0.42176503,0.4955051,0.5453637,0.48808515
2022-05-06,0.5402595,0.5000272,0.42155287,0.4953795,0.54518265,0.4879495
2020-10-03,0.5402917,0.50012225,0.42161182,0.4955085,0.5452685,0.48805094
2019-12-24,0.5407652,0.5005293,0.422029,0.4958995,0.545726,0.48847327
2021-04-13,0.54019815,0.4999287,0.42154825,0.49527258,0.5450726,0.48800212
2023-04-07,0.53968126,0.49937516,0.42100108,0.4947203,0.5445769,0.4875091
2023-01-06,0.53947234,0.4992611,0.4209834,0.49478227,0.54454154,0.48739547
2024-03-28,0.54041904,0.50012416,0.42174834,0.49556452,0.545316,0.48824012
2019-11-13,0.54058975,0.5003716,0.42190212,0.4958367,0.5455758,0.48836038
2020-10-20,0.5401843,0.5000445,0.42154846,0.49539822,0.5452223,0.4879692
2022-03-07,0.53984076,0.4997342,0.42140856,0.4954824,0.54490346,0.48786065
2021-01-05,0.54067534,0.5004813,0.4219712,0.49587575,0.54563636,0.48844466
2020-11-30,0.54073226,0.50051534,0.4219946,0.49584457,0.5456649,0.48848465
2024-02-09,0.5400834,0.49980986,0.42139757,0.49531212,0.545014,0.48794353
2020-11-17,0.5405715,0.50035745,0.42183557,0.49569654,0.54552597,0.4883575
2019-05-08,0.5405407,0.50028455,0.4218592,0.49566936,0.545465,0.48829606
2023-08-30,0.5386058,0.49855396,0.42015836,0.49395102,0.5436351,0.48663932
2024-10-21,0.5401295,0.49921945,0.42080736,0.49533334,0.54471904,0.48748338
2023-08-18,0.5394115,0.4991137,0.42072663,0.49453795,0.5442768,0.48717636
2024-10-22,0.5401849,0.49923092,0.42083752,0.4954191,0.544765,0.48752797
2023-03-21,0.53988564,0.4993188,0.4211975,0.49500382,0.54483265,0.48767114
2021-10-27,0.53821576,0.4991765,0.42164895,0.49357504,0.5439032,0.48710033
2024-10-25,0.5399598,0.4988442,0.42065418,0.49503875,0.5448512,0.48757604
2019-10-05,0.5397277,0.4998079,0.42117068,0.49503922,0.5447845,0.48756146
2020-09-06,0.5399261,0.49986306,0.42129192,0.4951477,0.54481924,0.48784477
2023-11-10,0.5401813,0.49986544,0.42117685,0.49498847,0.5449159,0.48768243
2024-05-08,0.54078597,0.5001138,0.42169228,0.49559948,0.5455962,0.48821366
2024-01-13,0.540711,0.5004915,0.42199135,0.495873,0.5456709,0.4884695
2021-12-03,0.5403623,0.5001201,0.42169803,0.49553764,0.5454027,0.4881313
2022-07-11,0.53935534,0.49925783,0.42092118,0.49453503,0.5440801,0.48726314
2020-07-14,0.5396863,0.49951077,0.4210287,0.49483833,0.54462737,0.48747975
2020-09-10,0.53920233,0.4994067,0.42104265,0.4944047,0.5441737,0.48732746
2024-03-05,0.53995526,0.4995067,0.4213173,0.49531552,0.54505885,0.48758453
2022-02-26,0.5399827,0.4998938,0.42150292,0.49557495,0.5450772,0.4879936
2023-07-24,0.5401429,0.4998259,0.421388,0.49527082,0.54496574,0.48786655
2023-03-09,0.5399657,0.4996833,0.42118827,0.4952686,0.5449764,0.4877742
2020-10-29,0.5404974,0.5003522,0.4218212,0.49564785,0.54549396,0.4882685
2019-09-24,0.5390889,0.4991491,0.42065635,0.49436328,0.5440243,0.4866352
2022-07-16,0.5393673,0.49919626,0.420828,0.49443868,0.5440175,0.4872113
2021-11-21,0.5401056,0.4998769,0.4214997,0.4952982,0.5451175,0.48793614
2020-02-26,0.5401023,0.49995577,0.42158613,0.4955956,0.54513776,0.4880179
2023-11-15,0.54026407,0.49996984,0.42140383,0.49530417,0.5451717,0.4879963
2022-08-31,0.53826755,0.4986457,0.41982117,0.49371564,0.5434353,0.4862879
2023-03-18,0.53940886,0.49884087,0.42062214,0.49467427,0.54440904,0.48724
2019-05-27,0.5400683,0.4998389,0.42135167,0.49505156,0.5449362,0.48768237
2021-04-03,0.53995067,0.4996475,0.42119414,0.49510285,0.5448324,0.48766077
2023-08-06,0.5398903,0.4995623,0.42112696,0.49496666,0.5446539,0.48764604
2021-04-16,0.540425,0.50015897,0.42173102,0.49552166,0.5452879,0.48817712
2021-03-31,0.5378367,0.49750105,0.41899273,0.49290568,0.54301965,0.48578325
2021-01-17,0.5405722,0.50039524,0.421914,0.49581966,0.54554826,0.4883793
2021-08-06,0.54034954,0.49763557,0.41892847,0.49647462,0.542155,0.4855999
2021-03-11,0.5399524,0.49974656,0.42133272,0.4951111,0.5448195,0.48768288
2021-12-29,0.5407694,0.50055134,0.42204386,0.49590534,0.5457239,0.48849267
2023-09-18,0.5373613,0.49778575,0.4192172,0.49277094,0.54255825,0.4857586
2021-01-20,0.5404816,0.50029564,0.42184487,0.4957495,0.54546297,0.4883237
2019-12-11,0.54073,0.5004875,0.42199835,0.4958723,0.5456846,0.4884367
2024-12-17,0.54067117,0.5003249,0.42180422,0.49576914,0.54569995,0.48848772
2019-05-10,0.5404906,0.5001784,0.4218032,0.4955848,0.54542273,0.48822212
2022-05-04,0.5402765,0.500057,0.42159835,0.49541637,0.54522115,0.48801574
2019-06-07,0.5397732,0.4996324,0.42123836,0.4949446,0.54485154,0.48757756
2022-02-09,0.54047287,0.50027037,0.42177764,0.49566203,0.5454446,0.4882492
2022-07-30,0.54034567,0.5001254,0.421696,0.49549246,0.54524297,0.4881792
2021-12-16,0.54068637,0.50041664,0.4218997,0.49578202,0.5456542,0.488395
2019-11-28,0.540622,0.5003733,0.42193654,0.49581796,0.5455869,0.48835206
2022-05-18,0.54060817,0.50030816,0.42184597,0.49567398,0.5455846,0.48826945
2024-12-25,0.5406609,0.50034285,0.4218425,0.4957826,0.54566914,0.48849717
2023-12-04,0.54061115,0.50040996,0.42184815,0.49576268,0.5455875,0.48846576
2021-08-05,0.5402729,0.49840423,0.41979554,0.49608883,0.5431704,0.48636785
2019-03-31,0.5389914,0.49868715,0.4202851,0.49410248,0.5438242,0.4867816
2019-05-30,0.54048043,0.5000231,0.42094192,0.49433488,0.54449046,0.4870638
2022-06-21,0.54000825,0.49975288,0.42146328,0.49513987,0.5450021,0.487746
2021-09-30,0.53959334,0.49944487,0.42101452,0.4948381,0.5445747,0.48756203
2022-02-18,0.54043466,0.50025284,0.4217887,0.49573106,0.54543436,0.48826623
2022-09-02,0.53852034,0.49873126,0.42002052,0.49387702,0.54354864,0.48643845
2019-07-11,0.5400817,0.49987856,0.42146334,0.49523106,0.5450083,0.48789096
2021-09-11,0.5396252,0.49976695,0.4212077,0.4951561,0.54477173,0.48757026
2022-04-08,0.5405059,0.50019574,0.42186567,0.49563485,0.54537416,0.48824123
2021-03-09,0.540443,0.50022465,0.42178583,0.49559808,0.54529065,0.4881325
2020-02-28,0.5399389,0.49979737,0.42145944,0.4955014,0.54498094,0.48790827
2020-07-28,0.5403763,0.50015336,0.42168635,0.49551868,0.5453313,0.48811784
2022-09-17,0.53825635,0.49868122,0.41975814,0.4938561,0.54294544,0.48601505
2022-02-11,0.54045516,0.500259,0.42176843,0.49566284,0.5454365,0.48823774
2019-09-27,0.5394223,0.49947947,0.42100683,0.494716,0.54445255,0.48713675
2022-07-08,0.53923666,0.49928904,0.42081133,0.49450314,0.5440125,0.48723295
2023-10-12,0.5379615,0.49873185,0.41993845,0.493611,0.54342604,0.48638624
2022-01-24,0.5406885,0.5004799,0.4219693,0.49583077,0.5456397,0.4884332
2020-09-29,0.5403581,0.50014657,0.421632,0.49550897,0.54528755,0.488127
2022-09-24,0.5373803,0.49812296,0.41885787,0.49304116,0.5418624,0.48501188
2020-04-26,0.54050606,0.50014263,0.42179808,0.49556276,0.54542816,0.48827958
2020-12-13,0.54075104,0.50054276,0.42201474,0.49589083,0.5456952,0.48849913
2019-04-17,0.5400808,0.49967918,0.42133662,0.49509275,0.54492944,0.48783338
2023-08-29,0.53873193,0.49864885,0.4202531,0.49406937,0.5437611,0.48671055
2022-04-03,0.54042965,0.5000741,0.4217697,0.4955304,0.54523903,0.48816204
2019-05-26,0.54010075,0.49988618,0.42142093,0.495167,0.5450216,0.4877919
2024-02-24,0.53959304,0.49874192,0.420565,0.49432534,0.5439765,0.48738423
2020-11-22,0.54062307,0.50037676,0.42186362,0.49571604,0.54555994,0.4884183
2022-12-25,0.53864366,0.49844322,0.42027777,0.4940491,0.5437487,0.4867119
2023-01-17,0.538647,0.49832207,0.42027858,0.4940626,0.5438268,0.48676634
2024-12-31,0.54066455,0.50038755,0.42185336,0.49580088,0.5456327,0.4885547
2019-03-27,0.539914,0.4996487,0.42123708,0.49507254,0.54479706,0.4876558
2021-04-28,0.540604,0.5002534,0.4218187,0.49563837,0.54547435,0.4883337
2019-08-27,0.5380367,0.4987016,0.41951975,0.49352336,0.5433765,0.48598188
2023-10-26,0.5396347,0.49952957,0.42101273,0.49489403,0.5445924,0.48744574
2022-03-10,0.540273,0.5000587,0.42164937,0.49560744,0.54527044,0.48811707
2023-10-01,0.5376571,0.49815646,0.419533,0.4933087,0.5429545,0.48594135
2020-09-08,0.5393565,0.4992842,0.42072308,0.49449867,0.5441304,0.48729965
2019-06-29,0.53973174,0.49958774,0.42117432,0.49494717,0.5446299,0.48766872
2023-09-10,0.5357611,0.4959432,0.4177841,0.49148887,0.54094356,0.48421457
2023-02-24,0.5391383,0.4988247,0.42044115,0.494353,0.5441454,0.48701358
2023-07-01,0.5382616,0.49791294,0.41977385,0.4933618,0.5430496,0.48607746
2021-07-11,0.5400104,0.50006837,0.42148206,0.49525088,0.5450582,0.48794523
2020-07-09,0.5393953,0.49960715,0.42090294,0.49468318,0.5446686,0.48744184
2022-01-12,0.54078144,0.50055677,0.42204532,0.4959063,0.5457142,0.4885017
2024-05-29,0.5402974,0.49999237,0.4215802,0.49541554,0.5452324,0.48816875
2019-09-05,0.53865576,0.49916002,0.4201176,0.4939539,0.54369724,0.48636526
2020-11-27,0.5406828,0.50044984,0.42192888,0.49578178,0.5456286,0.48846337
2020-11-14,0.54058254,0.500367,0.42186177,0.49572125,0.54555494,0.48837146
2019-05-20,0.5404368,0.50014913,0.4217168,0.49550945,0.5453195,0.48817053
2023-01-27,0.5388352,0.49850205,0.42035973,0.49420285,0.54392385,0.4868806
2021-08-20,0.5404947,0.5002946,0.4215631,0.49571937,0.5455223,0.48828298
2022-12-08,0.53922576,0.49896893,0.42074937,0.4945499,0.54428965,0.48728645
2022-09-06,0.53895366,0.4990321,0.42036682,0.49431217,0.5437976,0.4867397
2020-08-28,0.53977215,0.49967524,0.42106676,0.49491456,0.5447171,0.4876059
2021-06-11,0.5397537,0.49974853,0.42134568,0.4949578,0.54488516,0.48768312
2023-06-23,0.53997046,0.49960876,0.42132485,0.49501342,0.5448197,0.48766866
2020-03-19,0.54052746,0.50017697,0.42181122,0.49553624,0.5453943,0.48823786
2019-05-24,0.54033774,0.50002646,0.42159775,0.4953589,0.54520077,0.48806992
2024-08-20,0.5400614,0.49985972,0.4213786,0.4951997,0.54495937,0.48782578
2021-08-11,0.5396364,0.499132,0.42092875,0.49460304,0.5446298,0.4873456
2022-08-05,0.5402421,0.5000134,0.42158368,0.4953836,0.54516965,0.4880335
2024-06-29,0.5393014,0.49947536,0.42127702,0.49454007,0.544457,0.4874241
2021-04-17,0.54050493,0.50022805,0.4218148,0.49558362,0.5453488,0.48822945
2019-10-12,0.53987134,0.49995255,0.42125198,0.49515682,0.54492867,0.48770103
2023-02-11,0.5388859,0.49828362,0.42036393,0.4943794,0.544128,0.48723963
2020-04-15,0.54026324,0.49982876,0.42146862,0.49530154,0.54518497,0.48801166
2022-03-28,0.53988427,0.49945128,0.42124006,0.49492708,0.54460025,0.48760617
2023-03-12,0.5397594,0.49945045,0.42100686,0.4950335,0.54476476,0.48756436
2020-08-08,0.54041106,0.50015175,0.4216684,0.495476,0.5452783,0.4880789
2020-02-01,0.54067844,0.5002735,0.4216999,0.49564645,0.5454096,0.48835918
2023-01-25,0.5388003,0.49845508,0.42033488,0.4941551,0.5439053,0.48685268
2024-06-14,0.53794175,0.49800953,0.42018282,0.49372903,0.54391426,0.48632184
2019-11-12,0.5405634,0.50034916,0.4218603,0.49579015,0.5455377,0.48833552
2020-10-31,0.54052633,0.5003733,0.42184728,0.4956782,0.5455216,0.48831892
2023-01-13,0.53865343,0.4983731,0.4202924,0.4940646,0.54381365,0.48673895
2020-12-08,0.5407448,0.5005348,0.42199898,0.495873,0.5457017,0.48849192
2022-06-27,0.5398321,0.499964,0.4214039,0.4950945,0.54489875,0.48780927
2023-11-13,0.54025495,0.49994695,0.42130503,0.4951763,0.545069,0.48785943
2020-11-29,0.5407136,0.5004824,0.42196786,0.49581215,0.54565126,0.48848724
2023-04-14,0.5397136,0.49937007,0.4210061,0.4947057,0.54460084,0.48751897
2020-06-13,0.5392594,0.49920335,0.4213307,0.49447814,0.5445407,0.48713586
2020-12-11,0.5407486,0.5005383,0.42201576,0.49588883,0.5457082,0.4884863
2020-02-03,0.5407157,0.5004292,0.42189884,0.49581313,0.54558635,0.48843822
2022-03-17,0.54049915,0.50009626,0.42173135,0.49556038,0.5452988,0.48813576
2020-03-20,0.5404933,0.5001262,0.421724,0.49546903,0.54532045,0.48816943
2024-07-16,0.5394178,0.49952003,0.4210616,0.49473336,0.5444588,0.48723975
2024-09-22,0.5386579,0.49827516,0.41940594,0.49365062,0.5423919,0.48549917
2024-09-21,0.53943294,0.4993193,0.42054978,0.4945775,0.54395336,0.48687518
2020-12-22,0.54068726,0.5004859,0.42197224,0.49583852,0.54562855,0.48843583
2024-07-06,0.53837645,0.49937445,0.4209315,0.49393228,0.5440062,0.48695612
2020-11-23,0.5406426,0.5003935,0.42187127,0.49572095,0.54557574,0.48844284
2023-01-12,0.5386639,0.4983757,0.42029184,0.49408683,0.5438172,0.4867404
2020-02-21,0.5404783,0.50016814,0.42169058,0.4956625,0.54532135,0.48825103
2019-12-07,0.5406826,0.5004365,0.42198408,0.49584156,0.5456515,0.4883764
2022-03-16,0.54018164,0.4997861,0.42145061,0.49525568,0.54499185,0.48788962
2021-11-02,0.538393,0.49943593,0.42176673,0.4939825,0.5442123,0.4870754
2023-04-28,0.5405042,0.5001427,0.42167658,0.49549252,0.54537123,0.4881985
2021-07-22,0.53880674,0.4993996,0.42133194,0.49412593,0.54403,0.48695973
2021-06-13,0.5392473,0.49917838,0.42076346,0.49445996,0.5443835,0.4871672
2023-04-20,0.5403875,0.5000905,0.4216635,0.49541765,0.54528326,0.48815092
2019-03-30,0.5391551,0.49890116,0.42048022,0.49428466,0.5440494,0.486957
2019-11-26,0.54058135,0.5003485,0.42188755,0.49578425,0.54553205,0.48832273
2024-11-21,0.5405606,0.5001915,0.42176682,0.49565768,0.5455694,0.48835894
2019-12-13,0.540744,0.5004936,0.42201236,0.49587855,0.54570436,0.48844478
2020-10-21,0.5402672,0.5001122,0.42161784,0.49547654,0.54527164,0.4880262
2024-04-11,0.5404446,0.5001752,0.42175308,0.49556962,0.5453626,0.4882356
2023-05-23,0.5405987,0.5001544,0.42172703,0.4954695,0.5455053,0.4883287
2020-12-19,0.5407244,0.5005272,0.4219991,0.49587005,0.5456694,0.4884773
2021-12-09,0.54048914,0.50023574,0.4217731,0.49564517,0.54553634,0.48824343
2021-01-09,0.54063344,0.50042766,0.42194173,0.4958282,0.54559094,0.48841685
2024-07-02,0.53948104,0.4995962,0.42115366,0.49479482,0.54461855,0.48749998
2023-06-06,0.5398091,0.4995829,0.42123252,0.4949765,0.5447509,0.4876351
2021-01-10,0.54062515,0.5004225,0.42194104,0.49583933,0.5455927,0.48841774
2023-08-28,0.53869927,0.49861854,0.42025065,0.49405032,0.54369533,0.4867294
2023-07-02,0.5383317,0.49800327,0.41983625,0.4934019,0.54311186,0.48616338
2020-02-18,0.54060155,0.5001712,0.42162544,0.49562734,0.54530513,0.48830822
2020-07-18,0.5402525,0.5001507,0.4216051,0.49544212,0.5452351,0.4880773
2019-04-29,0.5404024,0.5000811,0.42171738,0.49546915,0.545311,0.48817796
2021-09-17,0.53982353,0.49995875,0.42144406,0.49529213,0.5450552,0.4877249
2020-10-07,0.54022425,0.5000786,0.4215635,0.4954318,0.54517204,0.48803812
2021-03-25,0.53723437,0.4970094,0.41876245,0.49241844,0.5421892,0.4851604
2021-03-14,0.5401834,0.49994403,0.42151472,0.4953119,0.5450307,0.48790154
2023-08-09,0.53970605,0.49942935,0.42099562,0.49486616,0.5445164,0.4875169
2022-02-20,0.54031384,0.50016135,0.42171454,0.49569505,0.5453492,0.48818302
2021-05-10,0.5406728,0.50028336,0.42181745,0.49568486,0.5455169,0.48836026
2023-08-01,0.5400852,0.4997948,0.4213289,0.49521667,0.54491556,0.48781344
2020-05-25,0.5405979,0.5002994,0.42181268,0.49567562,0.54547346,0.48819047
2022-05-22,0.5400117,0.4997209,0.4212933,0.49501666,0.5448596,0.48773405
2024-05-23,0.53977364,0.49943346,0.42109993,0.4948286,0.5446565,0.48757693
2023-12-22,0.54070514,0.500466,0.42196164,0.49583888,0.54566264,0.48847327
2024-04-04,0.5404233,0.50011283,0.42173162,0.49552548,0.5453292,0.48823228
2022-04-09,0.5405475,0.5002626,0.4218755,0.4956795,0.54542017,0.48829582
2022-09-03,0.5388784,0.49898997,0.4203252,0.49422857,0.54373246,0.4866778
2020-12-21,0.5407341,0.50053906,0.42200387,0.4958784,0.5456714,0.48848134
2023-09-16,0.5371615,0.49775362,0.41905978,0.49269828,0.54245937,0.4856338
2021-03-02,0.5403554,0.5000708,0.42170805,0.49550638,0.5452263,0.48811024
2019-07-06,0.5400159,0.4998041,0.42141786,0.49518383,0.5449387,0.48782867
2024-03-10,0.53999084,0.49968892,0.42139202,0.49537763,0.5449805,0.48782334
2023-04-09,0.53944165,0.49905324,0.42076355,0.49441093,0.5443018,0.48728627
2023-07-17,0.5403128,0.5000441,0.42150915,0.49538946,0.5451848,0.48804307
2023-08-11,0.53916043,0.49882996,0.4205015,0.4943542,0.5439464,0.48701414
2019-10-30,0.54044425,0.50030357,0.421725,0.49568138,0.54541385,0.48825407
2023-11-28,0.5405331,0.5003134,0.4217605,0.49566567,0.5455039,0.48838362
2021-06-18,0.5378936,0.49780595,0.41953284,0.49313042,0.54294187,0.48586777
2021-07-26,0.5399337,0.49961263,0.42116603,0.4953224,0.5449263,0.4874427
2022-08-24,0.5345417,0.49646017,0.4165325,0.490559,0.5417856,0.4840289
2020-08-30,0.54015285,0.50002277,0.4214066,0.49528277,0.54504,0.48794284
2023-09-20,0.53735125,0.49797353,0.4193389,0.49292722,0.54271966,0.4856883
2023-06-02,0.5399405,0.4997166,0.42128575,0.4949964,0.54482156,0.48769605
2022-11-15,0.5401764,0.49997914,0.42158106,0.4954194,0.54520345,0.48798808
2023-03-22,0.5392927,0.4987299,0.42056286,0.49435133,0.5442334,0.4871276
2023-09-11,0.5365751,0.49671397,0.41847163,0.49219954,0.5416799,0.48478717
2020-10-15,0.5402704,0.5001303,0.42164925,0.49547863,0.54525304,0.48806027
2023-03-31,0.5398644,0.49950126,0.42117813,0.49489576,0.5447526,0.4877078
2024-10-18,0.54001695,0.4992432,0.42083514,0.4951395,0.5447796,0.48755512
2023-12-31,0.54069436,0.5004581,0.42194223,0.4958584,0.5456567,0.48846802
2022-07-14,0.53938514,0.4992305,0.42087898,0.4945446,0.54406667,0.4872217
2024-09-27,0.53973055,0.49953967,0.42063046,0.49475503,0.5440906,0.4869949
2024-10-05,0.5401234,0.49988905,0.42130327,0.4952617,0.54509574,0.4879131
2020-03-23,0.54067165,0.5003589,0.42192397,0.49574247,0.54550046,0.48837027
2022-06-13,0.53979033,0.499546,0.42125764,0.4949485,0.54475605,0.48756802
2022-03-05,0.5398094,0.49971917,0.42139727,0.4954873,0.54487574,0.48785248
2019-10-24,0.5403528,0.5003027,0.4216388,0.4955806,0.54537547,0.48819894
2020-08-14,0.5402805,0.50008166,0.42159766,0.49542925,0.5451631,0.4880552
2023-06-08,0.5399143,0.49959728,0.4213054,0.4950785,0.54483306,0.48777708
2022-03-22,0.5402364,0.49988666,0.4215363,0.4953176,0.5450022,0.4879668
2023-11-29,0.5405281,0.5003331,0.42177716,0.4956769,0.5455115,0.48838645
2019-06-02,0.5414965,0.5004018,0.41888753,0.49058092,0.5420724,0.4835152
2020-02-20,0.5405448,0.50024784,0.4217495,0.4957213,0.545399,0.48829457
2023-12-17,0.54068595,0.50044554,0.42193705,0.4958284,0.54564524,0.48849362
2019-12-22,0.54074764,0.5005147,0.42200598,0.49588472,0.5457074,0.48846662
2022-03-24,0.5403201,0.49987665,0.4216109,0.49534395,0.54503363,0.48801255
2021-06-30,0.5400747,0.5001283,0.42144147,0.49532264,0.54523134,0.48804015
2023-12-30,0.5406803,0.50044125,0.42193875,0.49584457,0.5456425,0.4884629
2023-05-19,0.54063046,0.5002803,0.4218029,0.49558187,0.54558486,0.48833954
2023-03-29,0.53967124,0.49929717,0.4209928,0.49473158,0.5445965,0.48752764
2021-08-28,0.54006755,0.4999491,0.42143893,0.49531657,0.54509956,0.48797515
2024-03-25,0.54029185,0.5000058,0.4216542,0.495491,0.5452124,0.48814717
2023-08-20,0.5392795,0.49900255,0.42064092,0.49448904,0.5441693,0.48712555
2021-02-03,0.54003346,0.49987057,0.42151302,0.49552584,0.5450641,0.4879904
2023-01-23,0.5389389,0.49856603,0.4204741,0.49429807,0.5440663,0.48699704
2021-09-27,0.5393936,0.49940592,0.42086396,0.494646,0.5444331,0.48731244
2021-06-27,0.5401463,0.50007725,0.42157543,0.49533796,0.5452819,0.48807946
2020-09-24,0.5400691,0.49998772,0.42147914,0.49526358,0.54514366,0.48789558
2022-06-07,0.53990734,0.49950364,0.4214174,0.4949249,0.5449122,0.48764455
2023-07-15,0.54011536,0.49984783,0.4213995,0.49523076,0.5450379,0.48782888
2020-07-02,0.53973943,0.49998003,0.42127588,0.49502808,0.5450303,0.48775467
2020-12-29,0.5406873,0.50048625,0.4219687,0.4958526,0.5456217,0.4884381
2022-03-30,0.54018694,0.4997367,0.42153955,0.49523726,0.5448927,0.48789033
2020-07-03,0.53956825,0.4997823,0.42107666,0.49484333,0.5447988,0.48755988
2019-11-14,0.5406039,0.5003851,0.4218874,0.49582154,0.54558504,0.4883693
2020-02-10,0.54073787,0.50034344,0.42178053,0.4957458,0.5454985,0.48841605
2023-05-15,0.5406411,0.50030774,0.42181674,0.49561992,0.54557085,0.4883317
2021-07-02,0.53938997,0.4996153,0.42077687,0.49469072,0.54481626,0.48753482
2021-05-12,0.54067796,0.5002484,0.42180443,0.4956675,0.5455036,0.48833916
2022-04-22,0.54041874,0.49979243,0.42134097,0.4953351,0.54524624,0.48798338
2023-01-29,0.5391756,0.49890593,0.42068213,0.4945165,0.54423225,0.4871706
2024-12-09,0.54063994,0.50031245,0.42183283,0.49576017,0.5456587,0.4884665
2024-07-03,0.5395797,0.49968916,0.42124486,0.49485397,0.544713,0.48757485
2020-03-29,0.54003054,0.49962828,0.4212981,0.49499902,0.54478127,0.48774493
2021-02-08,0.53996474,0.49978885,0.4214665,0.4955044,0.5449774,0.48792717
2021-07-24,0.5390373,0.49930823,0.42112595,0.49439996,0.5441628,0.48686883
2020-09-25,0.5401237,0.5000171,0.42150396,0.4953207,0.54515487,0.48795953
2022-01-08,0.54078716,0.5005677,0.42204592,0.49591574,0.5457206,0.48851046
2020-06-12,0.5396834,0.49955985,0.4214392,0.49486634,0.5447474,0.48744404
2023-10-27,0.5397825,0.49967358,0.42116365,0.49500692,0.5447514,0.48760545
2024-07-28,0.53975946,0.49964342,0.4211831,0.4950116,0.5446626,0.48757768
2020-07-05,0.53948337,0.49980363,0.4210517,0.49481028,0.54478776,0.4875301
2022-09-13,0.53806025,0.4985442,0.41956508,0.49361262,0.5427693,0.48581785
2024-05-03,0.5407351,0.5000706,0.42149493,0.4954983,0.54533875,0.48822057
2022-12-07,0.5392018,0.49893168,0.420724,0.49455696,0.54430294,0.48729023
2021-06-29,0.54026437,0.5001394,0.42162463,0.49545056,0.54533786,0.48816547
2020-08-17,0.54030484,0.5000912,0.42159814,0.49543598,0.54519063,0.48809355
2020-09-15,0.5391801,0.49950346,0.42128083,0.49442166,0.5443244,0.48737773
2024-01-09,0.54070663,0.5004876,0.42199436,0.49586573,0.5456641,0.48845968
2021-07-23,0.538491,0.49906382,0.4211588,0.49387103,0.5438284,0.48668975
2020-11-12,0.5406208,0.5003879,0.4218871,0.4957571,0.5455994,0.4883964
2024-07-26,0.5386743,0.49847272,0.4201714,0.49386364,0.5435526,0.4863877
2024-08-03,0.54018044,0.49997067,0.42158902,0.4953904,0.5451691,0.48799026
2021-12-17,0.54070586,0.500466,0.42195284,0.49582914,0.5456735,0.48842126
2023-09-07,0.53618115,0.49647415,0.41813126,0.4918702,0.5413118,0.4846515
2021-05-24,0.5406512,0.50028205,0.42170644,0.49543345,0.54538167,0.48803937
2022-04-02,0.5405622,0.5002234,0.42189214,0.49565804,0.54534006,0.4882656
2019-09-16,0.53861886,0.49877858,0.4200987,0.49365488,0.5434315,0.4860584
2019-11-24,0.54060805,0.5003537,0.42188635,0.4957899,0.54557085,0.48834804
2022-12-26,0.5386447,0.49842745,0.4202602,0.49402356,0.54374135,0.48669958
2019-11-20,0.54064095,0.50042707,0.42191413,0.49583635,0.5456068,0.4883905
2023-02-14,0.5389883,0.49847147,0.42043087,0.49446583,0.5441616,0.4872316
2021-03-08,0.54036367,0.50012004,0.421684,0.49548742,0.5452071,0.48806652
2023-04-08,0.5395002,0.49918818,0.4208166,0.4945185,0.5443896,0.487343
2020-04-07,0.5393203,0.4988748,0.4206399,0.49425742,0.54413885,0.48707327
2023-11-25,0.54051346,0.50028676,0.42176253,0.4956644,0.54550904,0.48836547
2019-09-25,0.5392129,0.4993213,0.42081353,0.494541,0.5442715,0.4869282
2024-11-26,0.5404585,0.4999702,0.4216046,0.49553752,0.5455473,0.48831972
2021-08-04,0.5401799,0.49887356,0.42032823,0.49576595,0.5438163,0.4868743
2022-03-15,0.5402624,0.4999062,0.4215231,0.4953905,0.5451204,0.48798087
2020-11-28,0.54068947,0.5004642,0.42195255,0.49579924,0.5456168,0.48847282
2020-04-05,0.5395969,0.49913117,0.42087322,0.49452922,0.54431045,0.4872976
2023-03-07,0.53985405,0.49955967,0.4210654,0.49518147,0.54489744,0.4876869
2021-06-19,0.5384635,0.49845022,0.42002785,0.4937132,0.5436304,0.48654455
2019-10-23,0.5403446,0.5002652,0.4215939,0.49555075,0.5453223,0.48819563
2023-06-09,0.53999954,0.49973342,0.4213853,0.49518183,0.5449088,0.48783094
2023-08-03,0.54006255,0.49972895,0.42126077,0.49512503,0.54484403,0.4877875
2019-04-20,0.54049385,0.5000573,0.4216746,0.49551845,0.54536295,0.48814684
2019-05-17,0.5404196,0.5001466,0.42166823,0.49549252,0.5453038,0.488174
2021-08-15,0.5402797,0.49988738,0.42138013,0.49534348,0.5451718,0.4879897
2020-10-09,0.54014283,0.5000174,0.42145464,0.4953871,0.5451502,0.48796105
2021-11-17,0.5402598,0.50004476,0.42161343,0.49544084,0.54525906,0.48806322
2024-06-23,0.5400746,0.49998134,0.42154473,0.4949434,0.54496706,0.4877573
2020-09-14,0.5390073,0.499479,0.4213321,0.49428,0.5441777,0.48734334
2024-10-17,0.5400054,0.49933255,0.42093936,0.4951574,0.5448761,0.48758787
2020-04-16,0.5404376,0.5000921,0.42166522,0.49551225,0.54536325,0.48817632
2019-11-06,0.5405415,0.5003184,0.42184657,0.49575704,0.5455248,0.4883299
2023-01-09,0.5386435,0.49837688,0.42027852,0.49404013,0.5437725,0.4867058
2024-04-13,0.54047626,0.5002017,0.42178005,0.4956115,0.54539824,0.4882602
2024-03-19,0.5400547,0.49975586,0.42149454,0.49531072,0.5449494,0.48794115
2023-05-26,0.5405914,0.5002128,0.42177173,0.4955144,0.54553926,0.488299
2024-08-16,0.5399163,0.499709,0.42128557,0.49507943,0.54482764,0.48768866
2023-07-14,0.54007584,0.49980298,0.421315,0.49518242,0.5449755,0.487797
2021-06-22,0.53921676,0.49929574,0.4207045,0.49451673,0.5445463,0.48736024
2024-10-07,0.54015666,0.49983752,0.42130572,0.49528778,0.5451041,0.48793513
2019-12-03,0.5407006,0.50046915,0.42199197,0.49587673,0.54566824,0.48842105
2021-01-24,0.5403651,0.50020033,0.42174688,0.49569014,0.54535246,0.48823866
2024-12-16,0.5406525,0.50028086,0.4217892,0.49575388,0.5456807,0.4884844
2021-01-27,0.5403126,0.5001635,0.42173806,0.49570873,0.5453213,0.48819944
2024-11-09,0.54019547,0.49956444,0.4212426,0.4952955,0.545283,0.48805106
2023-03-16,0.539618,0.49925688,0.42083174,0.49502683,0.5447123,0.48742685
2021-08-07,0.5402709,0.49843848,0.41985968,0.496021,0.5432507,0.4864467
2019-08-20,0.53951716,0.49949148,0.4207947,0.49473,0.54442286,0.48731047
2021-02-23,0.5406156,0.50033087,0.42189673,0.49572623,0.54550177,0.4883884
2022-07-28,0.54011244,0.4998913,0.42147756,0.49525294,0.5449642,0.48794267
2019-03-28,0.54024976,0.499955,0.42153856,0.4954035,0.54511976,0.4879534
2023-09-28,0.5373208,0.49844155,0.41944483,0.4930663,0.54299027,0.48592865
2024-03-13,0.53999543,0.49968904,0.4214492,0.49533552,0.54493165,0.48789194
2021-01-31,0.5400413,0.49991187,0.4215369,0.49555188,0.5450831,0.4880153
2020-10-24,0.54024243,0.50003237,0.42152745,0.49538332,0.54525834,0.48802534
2021-09-15,0.5397396,0.4999086,0.42130756,0.49523982,0.5449544,0.48772633
2020-06-25,0.5387237,0.49945587,0.4215449,0.4940414,0.5442476,0.48731923
2019-12-04,0.5407013,0.5004636,0.42198628,0.49586397,0.5456585,0.48840934
2020-12-01,0.5407452,0.5005466,0.42201108,0.49587652,0.5456969,0.48849887
2022-01-29,0.5406547,0.5004327,0.42193636,0.49579245,0.5456131,0.48839125
2024-04-28,0.5405988,0.5002895,0.4217939,0.49568394,0.5454841,0.4883117
2023-08-23,0.53915614,0.4989646,0.42062646,0.49442124,0.5441386,0.4870492
2024-06-19,0.53972244,0.499519,0.42119437,0.49433175,0.5445764,0.48710942
2021-01-15,0.54060555,0.50042206,0.42193586,0.49584156,0.54557437,0.4884083
2021-12-18,0.54072917,0.50048697,0.42198047,0.49584562,0.54568464,0.48845154
2022-12-31,0.53922427,0.49899614,0.4207536,0.49452868,0.5442766,0.48719013
2024-04-23,0.5405579,0.5002981,0.42181942,0.49566624,0.5454679,0.4882915
2019-07-16,0.54019725,0.50005984,0.42154092,0.49535054,0.54522836,0.48799768
2021-02-02,0.5400057,0.49986133,0.42149964,0.49551558,0.5450337,0.4879776
2019-10-31,0.5405263,0.5003982,0.42179516,0.4957438,0.5455124,0.48832777
2024-05-06,0.54091793,0.49998617,0.4213565,0.49545956,0.54531115,0.4882789
2022-09-25,0.53723484,0.49799332,0.41868907,0.4929004,0.5416363,0.48484197
2022-01-21,0.54075897,0.5005523,0.42202455,0.49590054,0.545702,0.48849568
2020-11-24,0.54065996,0.50041485,0.42189986,0.49575004,0.5455987,0.4884459
2019-06-13,0.53963727,0.49972996,0.42120492,0.49492538,0.5448221,0.48768187
2024-08-01,0.5401685,0.49989352,0.42153648,0.49531937,0.54512596,0.4879693
2022-05-24,0.53997266,0.4997367,0.42128715,0.49506685,0.5448575,0.48776865
2020-10-25,0.54029316,0.5001373,0.42163432,0.49546623,0.54531944,0.4880782
2022-02-21,0.5402965,0.50013644,0.42170432,0.49568176,0.5453269,0.4881669
2023-08-31,0.5383869,0.49841017,0.41996324,0.49381062,0.54341877,0.4864779
2020-09-28,0.5402934,0.50011945,0.42160285,0.495474,0.5452462,0.48809963
2019-06-09,0.53979605,0.499674,0.4212562,0.49503338,0.54484856,0.48768324
2024-10-03,0.5400318,0.4999398,0.42126703,0.4952327,0.54501534,0.48782876
2024-09-02,0.53925127,0.4991076,0.4206625,0.49448168,0.54417855,0.48710248
2019-12-26,0.54076314,0.5005309,0.42202884,0.49589843,0.54571134,0.48848498
2023-02-28,0.5398043,0.4995353,0.4210914,0.4950897,0.54481477,0.48764247
2022-08-22,0.53577596,0.49721467,0.41764823,0.49166003,0.5425149,0.48490667
2020-09-04,0.5387615,0.49885714,0.42032945,0.49398023,0.54374164,0.48677787
2023-12-11,0.5406305,0.5004175,0.4218616,0.49578166,0.54559815,0.488486
2021-04-29,0.5405743,0.50024503,0.42181894,0.49562666,0.545463,0.4883121
2024-01-12,0.5407101,0.50049305,0.42199004,0.49586865,0.5456632,0.48846358
2023-01-07,0.53998625,0.49976683,0.4213858,0.4952065,0.54498523,0.48782447
2020-06-03,0.53964466,0.4994262,0.42109832,0.49480364,0.54458916,0.48738247
2021-01-19,0.5405446,0.5003659,0.42189705,0.49580505,0.5455217,0.48836485
2024-12-23,0.54065675,0.5003231,0.4218095,0.49576163,0.545671,0.4885015
2022-06-08,0.54003996,0.4996828,0.42147028,0.4951066,0.54498476,0.4877826
2019-12-18,0.5407327,0.50049853,0.42200166,0.49586618,0.5456954,0.48844486
2022-08-30,0.53495604,0.49671298,0.4169201,0.49096784,0.5417945,0.48416802
2019-12-12,0.5407347,0.5005056,0.4220003,0.4958744,0.54570305,0.48844543
2022-02-23,0.54018176,0.50002503,0.42161775,0.4956249,0.5452269,0.48808673
2023-02-27,0.5398111,0.4995156,0.42106023,0.4951011,0.54480964,0.48764667
2020-06-20,0.5381707,0.4991258,0.42169544,0.49344102,0.5436881,0.48705184
2022-06-10,0.5398644,0.4995261,0.42128235,0.49498722,0.54479873,0.4875778
2024-09-12,0.53991306,0.49983114,0.42121753,0.49508047,0.54480493,0.4876965
2020-03-16,0.54050684,0.50016356,0.42178535,0.4955404,0.5453915,0.4882332
2020-06-17,0.53982496,0.49972966,0.42160586,0.49486798,0.54472595,0.48776376
2022-12-22,0.5394102,0.49920467,0.42090306,0.49471214,0.5444652,0.48736113
2023-09-25,0.53743166,0.49857712,0.4195516,0.4931767,0.54313546,0.48603037
2022-07-22,0.53968394,0.4994909,0.42103082,0.49473897,0.5444264,0.48746768
2021-07-18,0.53860253,0.49958846,0.421377,0.49407855,0.54413754,0.48723048
2021-04-10,0.5398347,0.49959823,0.42121512,0.49493197,0.5447386,0.487695
2024-09-07,0.5394812,0.4994137,0.42089316,0.4947294,0.5443829,0.48731855
2022-11-01,0.54008883,0.4998879,0.42142525,0.4953078,0.545148,0.48791844
2024-08-10,0.54019046,0.500024,0.42162505,0.49539542,0.54521227,0.4879811
2020-12-25,0.54070365,0.5005108,0.42197856,0.49586162,0.5456392,0.48844886
2023-02-26,0.539913,0.4995854,0.42118278,0.49523818,0.5449548,0.48780143
2024-05-13,0.5395835,0.49919093,0.42078587,0.4945614,0.5444152,0.4872126
2021-01-04,0.5406863,0.5004901,0.4219788,0.49588016,0.54564124,0.48845425
2020-06-14,0.5396248,0.49948412,0.42132112,0.49477574,0.544674,0.48743543
2021-01-01,0.54065305,0.5004562,0.42193294,0.49582797,0.54559153,0.48842338
2019-05-13,0.54043657,0.5001549,0.42172492,0.49553788,0.54535896,0.48817694
2022-05-01,0.5402616,0.49999666,0.4215572,0.49536797,0.5451708,0.48797816
2023-12-02,0.5406043,0.5003831,0.42182747,0.49573615,0.54555756,0.48845926
2021-04-27,0.5406316,0.5003194,0.42187518,0.4957031,0.54553294,0.488352
2023-07-31,0.5401069,0.49979076,0.42136192,0.49522713,0.5449371,0.48787475
2020-12-18,0.540701,0.50049335,0.42195988,0.49582386,0.54564196,0.4884454
2024-07-15,0.5391147,0.49938262,0.42088643,0.4944722,0.54419565,0.48693192
2021-05-02,0.5406115,0.50028634,0.42183352,0.49565658,0.5454775,0.488321
2022-05-29,0.5403864,0.500007,0.42161995,0.49540398,0.545237,0.48818564
2021-05-27,0.54089856,0.50043136,0.42118344,0.49451616,0.54474086,0.48718774
2021-01-06,0.5406758,0.50047415,0.42196327,0.49586937,0.54563034,0.48844415
2019-10-10,0.5399824,0.50001293,0.42137495,0.49526042,0.54499084,0.48781323
2020-12-09,0.54074985,0.500524,0.4219992,0.4958723,0.54569787,0.4885
2020-03-30,0.54065,0.50037533,0.42192355,0.4957498,0.54546946,0.4883312
2023-02-25,0.5398276,0.49944606,0.42103305,0.49515873,0.5448751,0.4877037
2023-07-11,0.539884,0.4995749,0.42111385,0.4949821,0.54464126,0.48757824
2021-02-14,0.54001224,0.49985096,0.42148852,0.4955573,0.54499596,0.48795012
2023-04-30,0.5405515,0.5002162,0.42178094,0.49559128,0.54545575,0.4882615
2023-08-13,0.5385639,0.4982635,0.4199804,0.4937511,0.5432788,0.4864577
2021-12-30,0.54076886,0.50054306,0.42204213,0.49589586,0.5457157,0.48849538
2019-06-06,0.5399964,0.4997361,0.42136174,0.4950668,0.5449945,0.48765147
2022-02-07,0.5406296,0.50042844,0.42191675,0.495811,0.5455893,0.48839638
2024-02-06,0.54028195,0.50004286,0.42160037,0.49556828,0.54526234,0.48811883
2021-06-17,0.5378548,0.49765965,0.41950172,0.4930581,0.5427671,0.48577565
2020-08-23,0.54024893,0.5001264,0.4215216,0.49543956,0.5451554,0.48805776
2021-11-26,0.5403382,0.5000946,0.42168438,0.4955116,0.54534054,0.488131
2023-12-03,0.54061,0.50038743,0.42183778,0.49574357,0.5455702,0.48845223
2019-09-23,0.5390301,0.4990707,0.42061356,0.4942708,0.5439766,0.48655167
2023-05-05,0.54064053,0.5003294,0.42192727,0.49571615,0.5455693,0.48840007
2022-05-25,0.5390827,0.49879757,0.42047557,0.4941583,0.5439111,0.4869091
2021-09-26,0.5397922,0.49974597,0.4212079,0.49501866,0.54481274,0.4877068
2022-03-18,0.5405993,0.50027233,0.42187712,0.49569905,0.5453969,0.488264
2024-12-10,0.54064953,0.50032866,0.42183807,0.4957642,0.54566115,0.48848397
2022-08-18,0.53635466,0.49749887,0.41818616,0.4921225,0.5427602,0.4852564
2024-09-24,0.538854,0.49831164,0.4193679,0.49368834,0.5421707,0.48535782
2023-01-30,0.53882045,0.4985062,0.4203382,0.4941958,0.5439095,0.486875
2020-02-08,0.5407309,0.50032693,0.4217373,0.49571744,0.54545015,0.48841718
2019-04-11,0.5400801,0.49968365,0.42137483,0.49515283,0.5449003,0.487801
2021-08-09,0.5395674,0.49896076,0.42065257,0.49459976,0.5443044,0.4871327
2021-12-25,0.54077536,0.5005537,0.42203134,0.49590006,0.5457252,0.48849067
2020-02-22,0.5404267,0.5000761,0.42157257,0.4955451,0.54522336,0.4881925
2019-08-28,0.53797007,0.4987201,0.41944894,0.49351814,0.54323155,0.4858985
2021-01-22,0.54038304,0.50020194,0.4217573,0.495655,0.5453698,0.48823762
2020-01-22,0.54074055,0.500482,0.42195976,0.49583736,0.54562736,0.4884652
2022-06-12,0.5397314,0.49946105,0.42119503,0.49483633,0.5446372,0.48742995
2020-05-01,0.5405423,0.5002346,0.421853,0.49565506,0.5454956,0.48831284
2024-12-21,0.54064745,0.5002687,0.42175168,0.4957417,0.54570216,0.4884933
2019-05-28,0.54004866,0.49976313,0.42124623,0.49491686,0.5448001,0.48755863
2022-12-16,0.5390808,0.49888062,0.4206153,0.4944019,0.54412585,0.48710632
2020-08-13,0.5402586,0.5000654,0.4215858,0.49542093,0.54516166,0.48805505
2020-09-07,0.5395861,0.4995166,0.42091218,0.49475116,0.54439324,0.48750943
2024-09-23,0.5381863,0.4975541,0.41857475,0.49297184,0.5411829,0.48438603
2021-07-21,0.53957814,0.49974015,0.42153698,0.49488685,0.54469174,0.4875523
2019-10-08,0.53984404,0.49991193,0.42129698,0.4951471,0.5449215,0.48769537
2023-01-21,0.53877103,0.49841172,0.4203359,0.49414608,0.5439012,0.48685563
2023-08-08,0.5398169,0.499496,0.42104912,0.4948964,0.54456,0.4875822
2019-04-27,0.5404957,0.5001902,0.42181644,0.49557734,0.54541796,0.488227
2019-05-06,0.54054284,0.50028414,0.42185187,0.49566272,0.5454621,0.488288
2023-06-07,0.53980744,0.4995611,0.4212431,0.49497813,0.54474366,0.48768243
2020-08-25,0.5402918,0.50006706,0.42157987,0.4952589,0.54516506,0.48804596
2024-08-23,0.5399037,0.49969536,0.4212189,0.49503362,0.5447836,0.48768073
2024-03-14,0.5398073,0.49946734,0.42128676,0.4951505,0.54468745,0.48773575
2024-07-07,0.538721,0.4995379,0.42102355,0.49426115,0.54424286,0.48710564
2024-03-04,0.5398426,0.49943885,0.42120934,0.4952285,0.54490346,0.48756683
2024-01-18,0.5406678,0.50044996,0.421957,0.4958458,0.5456386,0.48842788
2022-12-05,0.53919435,0.49895388,0.4207227,0.49452192,0.5442605,0.48721814
2024-01-16,0.5406881,0.50047064,0.4219754,0.4958595,0.5456436,0.48844925
2023-02-12,0.53900695,0.4984236,0.4204316,0.49447984,0.5442215,0.4873009
2020-12-06,0.54072785,0.5005286,0.42199555,0.49586853,0.54569274,0.4884715
2024-02-07,0.5402241,0.4999838,0.4215396,0.49548826,0.5451936,0.4880656
2022-11-16,0.54007363,0.49986854,0.42148924,0.49530667,0.5451161,0.4878981
2024-04-29,0.54059273,0.50022113,0.42172036,0.49561727,0.54542994,0.48826265
2022-01-17,0.54075736,0.50054055,0.42203537,0.49588975,0.5457001,0.48849073
2024-07-18,0.5394319,0.49937198,0.4210513,0.49466842,0.5444301,0.48720506
2023-05-11,0.5406768,0.5003861,0.42191818,0.49568486,0.5455917,0.48836657
2024-08-11,0.5401924,0.4999745,0.42158568,0.49532673,0.54514784,0.48796406
2021-10-17,0.538888,0.49944535,0.42118078,0.49359125,0.54383826,0.4869896
2023-04-18,0.5401142,0.4997595,0.42137867,0.4950964,0.5449939,0.48791027
2023-05-25,0.5405543,0.5002034,0.42172983,0.49548936,0.545463,0.48827758
2021-12-06,0.5404766,0.5002212,0.4217776,0.49562988,0.5454717,0.4882331
2021-10-24,0.5388739,0.49945247,0.42161432,0.49412617,0.54429436,0.4874329
2020-12-31,0.5406482,0.5004489,0.42194247,0.49582663,0.5455943,0.48840022
2024-06-11,0.5395352,0.49932417,0.42103776,0.49484235,0.5447296,0.4874607
2023-03-05,0.5397996,0.49950412,0.42100686,0.49520242,0.54486793,0.48763832
2020-11-05,0.5406467,0.50047934,0.42192045,0.49580076,0.5456304,0.48841882
2021-02-01,0.54004323,0.49988577,0.42152393,0.49552056,0.54505867,0.4880037
2021-12-31,0.5407396,0.5005041,0.42202246,0.4958689,0.5456915,0.48847058
2024-09-11,0.54000455,0.499873,0.42130783,0.49518827,0.54488266,0.4877775
2020-09-03,0.5393247,0.49934402,0.4207936,0.49450764,0.54424775,0.4873035
2022-07-12,0.53940654,0.4992948,0.42096937,0.4945712,0.54411274,0.48730332
2021-11-18,0.54021007,0.49998534,0.4215694,0.49539506,0.54519856,0.4880227
2023-03-23,0.53909737,0.4986255,0.42040658,0.49419162,0.54405284,0.48694554
2024-07-11,0.53920716,0.4995586,0.42112952,0.49466953,0.5444298,0.4872974
2024-04-16,0.5406241,0.5003918,0.42191696,0.49575886,0.54555,0.48838675
2022-11-21,0.5397107,0.49951935,0.42116,0.49499804,0.54476565,0.4876144
2019-05-11,0.5404794,0.500155,0.4217596,0.49556664,0.54539376,0.48820195
2023-04-22,0.5402486,0.49993134,0.42142916,0.49521282,0.54509676,0.48795396
2019-06-17,0.5396054,0.49944788,0.42103738,0.49487615,0.54464406,0.4875703
2022-08-29,0.53362566,0.49595588,0.41572633,0.48986027,0.5412126,0.48339742
2023-04-16,0.5397936,0.49942207,0.42102593,0.49473244,0.54463077,0.4875882
2020-01-28,0.54073465,0.5004351,0.42187718,0.49579433,0.54557467,0.48844743
2022-05-08,0.54005945,0.499786,0.4213702,0.4951642,0.5449803,0.48768696
2024-12-22,0.5406345,0.5002405,0.42174855,0.49573094,0.5456866,0.48848885
2024-04-30,0.54064566,0.5001703,0.42162454,0.49557757,0.5453713,0.48825717
2021-12-20,0.5407586,0.500518,0.42200103,0.495873,0.545707,0.48847958
2019-11-08,0.5405846,0.50039333,0.42190287,0.4958201,0.5455536,0.48836553
2023-11-01,0.53983754,0.49971583,0.421126,0.49498385,0.54478514,0.48753223
2021-04-30,0.5405526,0.50022393,0.4217988,0.49560335,0.5454294,0.48829174
2020-04-02,0.5400719,0.49969184,0.4213521,0.4950807,0.54480356,0.48772287
2019-04-04,0.540214,0.49989268,0.42149588,0.49537575,0.54505324,0.48792037
2024-08-19,0.54001445,0.49981225,0.4213575,0.49517015,0.5449465,0.4878015
2024-06-15,0.53818613,0.4981154,0.42028543,0.4938122,0.5439253,0.4864696
2021-12-08,0.54049855,0.50023645,0.42177624,0.49563292,0.5455179,0.4882408
2022-02-24,0.54011345,0.49996448,0.42156258,0.495589,0.54516,0.48805004
2023-03-14,0.5395766,0.49927685,0.42085597,0.4948034,0.5445872,0.48739478
2021-07-09,0.54019904,0.50020623,0.42156172,0.49541977,0.5451471,0.48803255
2023-01-05,0.53861606,0.49835935,0.42023456,0.49400327,0.5437254,0.48666355
2022-05-31,0.5404109,0.5000617,0.42165777,0.4954664,0.545241,0.4881834
2023-09-13,0.53738874,0.49723753,0.41903076,0.49259862,0.5422028,0.4855458
2022-04-01,0.54039586,0.4999594,0.42178538,0.49548954,0.5451525,0.4880422
2023-06-10,0.5401251,0.49983758,0.4214984,0.4952927,0.54503757,0.48793188
2023-07-29,0.54011613,0.499763,0.4213019,0.49518147,0.54487586,0.48784012
2022-07-06,0.5393767,0.49940923,0.4208862,0.49464217,0.54418856,0.4873356
2020-09-17,0.5395484,0.49964583,0.42125148,0.4948054,0.5445951,0.48749483
2023-06-20,0.5399999,0.49972203,0.42134625,0.495136,0.5448615,0.48767403
2022-03-13,0.5404056,0.5000954,0.42165846,0.4955479,0.5453277,0.48813757
2020-10-06,0.54020655,0.5000705,0.4215642,0.49542925,0.54518485,0.4880163
2023-12-10,0.540643,0.50042796,0.42187232,0.4957882,0.545599,0.48850444
2019-11-17,0.5406166,0.5003711,0.4218899,0.49581426,0.5455828,0.4883727
2023-10-04,0.5377904,0.49820095,0.41963258,0.4933506,0.54302776,0.48605695
2022-01-27,0.5406692,0.50044805,0.42194295,0.4958053,0.5456206,0.4884098
2021-04-19,0.540476,0.5001991,0.42178735,0.49553788,0.5453285,0.48822445
2024-09-25,0.5390081,0.49851015,0.4195655,0.4938825,0.5424862,0.4856388
2022-09-05,0.5388404,0.49898985,0.4202841,0.4942195,0.5436679,0.48666304
2024-11-15,0.5404005,0.49991134,0.421538,0.49548498,0.5454364,0.4882205
2023-08-19,0.5393122,0.4990001,0.42066213,0.4945405,0.544216,0.4871594
2020-01-24,0.5407209,0.5004678,0.42195785,0.49583247,0.54562587,0.4884436
2024-05-05,0.5410396,0.49999535,0.42130098,0.49548596,0.5453124,0.48836315
2020-07-30,0.5403834,0.5001434,0.42167452,0.49550673,0.54531115,0.4881149
2024-03-11,0.5398764,0.49957418,0.42133597,0.49525604,0.5448408,0.48775333
2021-12-22,0.5407631,0.50053155,0.4220177,0.49588752,0.5457244,0.48847753
2022-03-19,0.54056275,0.5002013,0.42183787,0.49563733,0.545361,0.48820207
2022-02-05,0.54058814,0.5003913,0.4218794,0.4957614,0.54554987,0.4883469
2023-11-20,0.5404136,0.50014955,0.42162052,0.49554035,0.54543835,0.4882537
2022-06-19,0.5399,0.49966145,0.42137885,0.49504927,0.5449156,0.4876237
2020-10-19,0.54018027,0.50004107,0.42153487,0.49540624,0.54521364,0.48794875
2024-06-24,0.5397295,0.49977395,0.42145693,0.49468225,0.5447621,0.48757693
2024-10-01,0.5399684,0.49993682,0.42118117,0.49519843,0.5449391,0.48774868
2022-07-26,0.53996885,0.4997289,0.4213277,0.4951128,0.5447505,0.48777795
2024-01-29,0.5405124,0.50031084,0.4218196,0.49576244,0.5454933,0.4883133
2022-01-15,0.54075986,0.5005474,0.42203605,0.49589574,0.54570585,0.48848867
2020-03-06,0.53970873,0.4995749,0.4213144,0.49537075,0.5447667,0.48772588
2020-10-13,0.5402771,0.5001442,0.42165184,0.49549446,0.5452768,0.4880631
2022-04-11,0.54008013,0.49973074,0.421401,0.495127,0.54499125,0.4879353
2022-03-20,0.54055876,0.5002271,0.42184055,0.49565792,0.54538494,0.48822525
2021-09-09,0.5398371,0.49981076,0.42128322,0.49521035,0.54485583,0.48768732
2021-11-30,0.5402703,0.5000312,0.4216347,0.49544698,0.54528207,0.48806038
2023-08-22,0.5391561,0.49891457,0.4205785,0.49436414,0.54410285,0.48701468
2022-12-23,0.53874254,0.4985376,0.4203344,0.49410638,0.54383767,0.4867971
2023-12-21,0.54071385,0.5004835,0.42196864,0.495854,0.5456654,0.48849073
2024-05-24,0.5397717,0.499442,0.42109093,0.49484685,0.54465735,0.48767734
2022-02-03,0.54066,0.5004459,0.42194095,0.49581778,0.54561776,0.48840228
2024-10-06,0.54012764,0.49987903,0.42133152,0.49528053,0.545138,0.4879227
2021-10-03,0.5393513,0.49926662,0.42083144,0.49455824,0.54424655,0.48735565
2024-08-24,0.5398265,0.499635,0.42118242,0.49501076,0.54471666,0.48761633
2020-08-29,0.53996986,0.4998458,0.4212201,0.49509987,0.5448686,0.48776647
2023-12-13,0.540644,0.5004062,0.4218867,0.49578318,0.54559493,0.48849443
2024-02-29,0.53996724,0.49948114,0.4211586,0.4951823,0.5448922,0.48752406
2021-04-23,0.54047465,0.5001847,0.42176482,0.49552336,0.5453722,0.48822287
2024-09-17,0.5399518,0.4998455,0.42123845,0.4951138,0.5448153,0.48772553
2023-10-30,0.53977376,0.49966934,0.42109853,0.4949655,0.5447505,0.487533
2019-10-15,0.54002845,0.50004274,0.4213404,0.49527842,0.5450113,0.48782644
2022-12-29,0.5386545,0.49844044,0.42028618,0.4940279,0.5437436,0.48669618
2023-07-05,0.5378078,0.49739486,0.4193613,0.49286526,0.5425171,0.48556864
2024-09-28,0.539855,0.49963513,0.4207779,0.49488947,0.5442679,0.48719916
2024-12-20,0.5406685,0.5003232,0.42178378,0.49577123,0.5457161,0.48849624
2021-04-08,0.5400204,0.49974275,0.42133904,0.4951222,0.54486513,0.48778147
2023-07-30,0.5401027,0.49974692,0.42130065,0.4951623,0.544864,0.4878278
2021-05-11,0.5406321,0.50021714,0.42177156,0.49562746,0.5454626,0.48830584
2022-11-13,0.5402489,0.50005585,0.42163682,0.49546343,0.5452538,0.48805094
2024-10-24,0.5400072,0.4990245,0.42071578,0.49517837,0.54478055,0.48751917
2019-11-16,0.54061615,0.50038356,0.42191806,0.49584597,0.5455889,0.48837772
2021-07-30,0.5398727,0.49969476,0.4212932,0.49525014,0.5448547,0.48767835
2020-10-16,0.5402938,0.50014335,0.4216587,0.4954993,0.54526967,0.48803675
2024-05-16,0.53788835,0.4975826,0.41937634,0.4929504,0.54274786,0.4855791
2021-06-26,0.54014134,0.50008845,0.42160708,0.4953554,0.5452218,0.48805857
2021-01-21,0.5404323,0.50024676,0.4217992,0.49569777,0.54541415,0.4882661
2023-06-15,0.53994346,0.49972835,0.42147702,0.49511355,0.5450265,0.48776704
2019-05-21,0.5404656,0.50014037,0.42167684,0.49549702,0.5453128,0.4881899
2024-07-29,0.5399183,0.49977276,0.4213288,0.4951598,0.5448642,0.48772764
2021-10-14,0.5392681,0.49958366,0.4207372,0.49295145,0.54334706,0.4862857
2021-04-06,0.54005426,0.49982375,0.42138812,0.4952037,0.5449771,0.48785034
2021-06-28,0.5403023,0.50015503,0.42168567,0.49547693,0.5453622,0.4881975
2019-08-22,0.5389918,0.4990624,0.42028016,0.4941948,0.5439727,0.48681018
2024-06-26,0.5393084,0.4994392,0.42123708,0.49454308,0.54456663,0.48735127
2022-02-16,0.54044354,0.50026214,0.42178345,0.49571276,0.5454274,0.4882541
2024-11-05,0.54013646,0.49946567,0.42116848,0.49521738,0.545173,0.48793972
2022-04-07,0.54039294,0.5000501,0.42173705,0.49547875,0.5452632,0.48816195
2022-05-19,0.54047126,0.5002141,0.4217114,0.49551457,0.5453985,0.4881308
2021-10-15,0.5385936,0.49935806,0.4207803,0.49234203,0.5428723,0.48597494
2019-05-16,0.54046774,0.50018406,0.42172602,0.49555978,0.545364,0.48820466
2024-01-17,0.5406759,0.50046545,0.4219682,0.49585545,0.54564023,0.48843953
2020-01-26,0.5406883,0.50039554,0.42185947,0.4957552,0.54554874,0.48840442
2023-03-04,0.53920764,0.49889037,0.4204462,0.4946056,0.5442994,0.48709512
2020-03-21,0.5404914,0.5001872,0.42176962,0.49553683,0.545353,0.48821217
2022-02-01,0.5407058,0.5005022,0.42198476,0.4958635,0.5456623,0.48845166
2021-02-04,0.5399908,0.499826,0.42149326,0.49549666,0.54500985,0.4879567
2021-09-04,0.5394662,0.49977168,0.42139262,0.49525264,0.54484904,0.4873143
2022-08-01,0.5403741,0.50017434,0.42172718,0.49553713,0.545295,0.4881782
2020-02-19,0.5405545,0.5002103,0.42171365,0.49569437,0.5453711,0.4882967
2021-10-11,0.53901565,0.49937528,0.42095274,0.49360117,0.54362077,0.48678783
2020-04-03,0.54015446,0.49976385,0.42143822,0.4951623,0.54489076,0.4878297
2023-12-27,0.5407224,0.5004913,0.4219724,0.4958732,0.54566,0.4884777
2020-03-04,0.5396277,0.49948233,0.4212364,0.495295,0.5446747,0.4876542
2023-05-10,0.5407004,0.5004174,0.4219547,0.49573478,0.5456091,0.488397
2020-12-23,0.5406574,0.5004524,0.4219314,0.4957956,0.5455972,0.48840934
2024-11-24,0.5405904,0.5002309,0.4217901,0.4956926,0.5456069,0.48839477
2020-08-05,0.54041696,0.50017416,0.42167073,0.49551862,0.5453409,0.48815173
2023-09-19,0.5373931,0.49797842,0.41937587,0.49299213,0.5427694,0.48573986
2020-05-14,0.5405042,0.50022453,0.42177927,0.49562338,0.54538655,0.4881741
2020-10-08,0.5402287,0.5000918,0.42154843,0.49543235,0.5452177,0.48804486
2020-06-15,0.5396337,0.4995043,0.4213048,0.49473232,0.54456276,0.48742184
2021-10-04,0.53935766,0.49931026,0.420893,0.4945678,0.5442867,0.48736572
2023-10-08,0.537544,0.49826914,0.41949657,0.49318886,0.54294246,0.48594585
2020-04-17,0.5404641,0.5001636,0.42174718,0.49556738,0.54541,0.48823297
2023-10-17,0.53875935,0.49911466,0.42046195,0.49418148,0.5439729,0.48688647
2024-06-25,0.53939533,0.49954373,0.42132384,0.49443594,0.5445435,0.48738754
2022-12-02,0.5392392,0.49905017,0.42078862,0.49457365,0.54431677,0.487221
2023-05-08,0.540641,0.50035876,0.42192495,0.4957185,0.54556084,0.48838562
2019-06-12,0.53988194,0.499847,0.42133766,0.4951251,0.5449709,0.48783696
2022-12-15,0.5391133,0.4989042,0.4206404,0.49443507,0.5441874,0.48712584
2020-11-11,0.5406325,0.5004443,0.42190334,0.49578014,0.54559356,0.48841593
2019-04-06,0.5400132,0.4995861,0.42124376,0.49505833,0.54485923,0.48774436
2021-05-20,0.5406341,0.50034577,0.42186016,0.49570093,0.54554784,0.48831052
2023-10-19,0.53915757,0.49934918,0.4206936,0.49448857,0.54427534,0.48716086
2020-11-16,0.5406238,0.5003932,0.4218796,0.49574006,0.54556525,0.48840773
2023-11-03,0.53999025,0.4998483,0.42125085,0.49512967,0.54491204,0.48769253
2024-03-31,0.5404402,0.5001164,0.42172357,0.49553975,0.5453427,0.48825064
2019-06-30,0.54002595,0.49978003,0.42137167,0.49522376,0.54475224,0.48782748
2022-08-04,0.54027206,0.500068,0.42164707,0.4954313,0.5452089,0.488074
2024-05-20,0.537821,0.49754265,0.41933602,0.49284384,0.5426633,0.48555946
2022-06-18,0.539836,0.49957967,0.42132968,0.4949378,0.54487586,0.4874844
2019-06-05,0.5401279,0.49983954,0.42128584,0.4948964,0.5449021,0.48753345
2022-06-28,0.5398824,0.49991265,0.42138526,0.49512023,0.54489124,0.4878121
2023-04-23,0.5403641,0.5000496,0.42154783,0.4953391,0.54521954,0.4880508
2024-09-30,0.5399237,0.4997243,0.4208544,0.49501386,0.54442775,0.4873376
2020-08-19,0.5402911,0.50006115,0.42154282,0.49539354,0.54516786,0.48803005
2023-07-27,0.54013354,0.49980423,0.42136294,0.49520838,0.5449342,0.48785135
2024-03-09,0.53986937,0.499519,0.4213295,0.49530953,0.54492843,0.48768368
2023-07-26,0.5403102,0.5000167,0.42155355,0.49540088,0.5451606,0.48804936
2019-11-27,0.54062724,0.5003895,0.42192167,0.49582398,0.5455935,0.48836428
2020-04-29,0.5405642,0.50025576,0.4218739,0.49566427,0.54551256,0.48832664
2021-09-24,0.53978306,0.49977872,0.42120126,0.49506348,0.5448661,0.487628
2020-10-28,0.540451,0.50030607,0.4217927,0.4956084,0.54544324,0.4882445
2023-03-06,0.5397407,0.49945033,0.42096344,0.49506903,0.5447771,0.4875584
2024-03-08,0.53980607,0.49941704,0.42125273,0.49520335,0.54486424,0.4876004
2022-11-05,0.5403052,0.50011766,0.42162684,0.49548852,0.5453164,0.48810393
2020-12-10,0.5407486,0.50053024,0.42200395,0.49587768,0.5457035,0.48848954
2024-10-16,0.5402567,0.4997827,0.42132425,0.49540192,0.545073,0.4878944
2021-04-18,0.540479,0.5002026,0.42178404,0.49554121,0.5453149,0.4882183
2020-08-21,0.54023796,0.5000338,0.42151856,0.49533188,0.54506415,0.48799673
2024-06-18,0.5398632,0.4996444,0.42141354,0.4948437,0.5449144,0.48756078
2024-06-02,0.54004174,0.49971372,0.4215482,0.49527973,0.54509753,0.4877573
2022-01-05,0.54079396,0.5005843,0.4220572,0.49593273,0.5457356,0.4885189
2022-04-13,0.54027236,0.49996042,0.4215736,0.49532622,0.54519016,0.48808157
2023-11-30,0.54058444,0.5003687,0.42181262,0.49572226,0.5455597,0.48842037
2023-12-20,0.5407202,0.5004771,0.42196387,0.49584714,0.54566693,0.48849988
2021-10-30,0.53871363,0.4993965,0.4216984,0.4940086,0.544195,0.48737
2023-05-02,0.5405257,0.5001894,0.42178082,0.4955573,0.5454199,0.48827043
2021-12-04,0.5404511,0.5001909,0.42174265,0.49559504,0.5454584,0.48821625
2021-02-11,0.5399387,0.4998069,0.42145383,0.4955425,0.54496825,0.48790526
2021-07-01,0.5397452,0.4999068,0.42114997,0.4950169,0.545061,0.48782116
2021-10-12,0.539315,0.4995448,0.42096627,0.49365085,0.543734,0.4868176
2024-02-26,0.5395578,0.49875012,0.4205841,0.49432078,0.54401374,0.4872316
2023-07-03,0.53803355,0.49764955,0.41957104,0.4930613,0.5427504,0.48589033
2020-10-14,0.54031086,0.5001456,0.42165565,0.49550322,0.5452942,0.48809934
2023-12-26,0.5407232,0.5004856,0.4219631,0.495874,0.54567426,0.48849106
2019-09-14,0.53919154,0.49919745,0.42042804,0.4939933,0.54391456,0.48656973
2019-04-13,0.5402525,0.49985674,0.42149955,0.49529123,0.54508144,0.4879684
2020-09-11,0.5392734,0.49957198,0.42135787,0.4945165,0.544312,0.48753804
2024-12-06,0.5405747,0.50014025,0.42172873,0.4956714,0.54563564,0.48842055
2024-09-14,0.53986967,0.4997891,0.42117503,0.49506173,0.5447459,0.4876936
2020-10-18,0.5402139,0.5000897,0.42158347,0.49543622,0.54523814,0.48797485
2022-01-30,0.5406659,0.50044966,0.42194167,0.49581167,0.5456113,0.488407
2024-12-28,0.5406632,0.50035024,0.4218503,0.4957859,0.54565567,0.4885256
2021-07-06,0.540305,0.50024605,0.42160916,0.49551153,0.5452962,0.48818716
2021-11-08,0.5393196,0.49957716,0.42156783,0.49463466,0.54466116,0.48756287
2024-08-17,0.5398879,0.49966282,0.42126426,0.4950321,0.5447666,0.48764586
2022-11-29,0.5391062,0.49889156,0.42064682,0.49444166,0.54418206,0.48711526
2021-05-28,0.5411707,0.50051016,0.42051026,0.49329984,0.5439258,0.48607644
2024-02-23,0.53925323,0.49835834,0.42017394,0.49387592,0.54358095,0.4871203
2023-02-23,0.539283,0.49898332,0.4205618,0.49455318,0.544316,0.48714355
2021-06-08,0.54024804,0.500127,0.42175156,0.4954176,0.54533374,0.48806503
2019-08-15,0.5397118,0.4996309,0.42105588,0.49489415,0.54477084,0.48756856
2023-06-16,0.53983414,0.4995758,0.4213648,0.49500826,0.5448935,0.4876516
2019-06-01,0.54093575,0.5000926,0.41952774,0.49184597,0.5428223,0.48467267
2021-08-31,0.5399857,0.49997097,0.42137513,0.4953608,0.5450231,0.48810565
2024-12-29,0.54067785,0.50039196,0.4218797,0.49580547,0.5456519,0.48852116
2023-08-24,0.53889686,0.4986823,0.42038837,0.4941929,0.54389316,0.48687178
2019-06-25,0.5383725,0.4990296,0.42025578,0.49382418,0.5440722,0.48687387
2024-11-20,0.54048437,0.50004727,0.42167252,0.4955797,0.5455212,0.48830697
2020-07-15,0.5400369,0.4998552,0.42135286,0.4951951,0.5449662,0.4878105
2019-10-18,0.5401125,0.50011784,0.4214226,0.49537227,0.5451303,0.48793957
2023-04-04,0.54021174,0.49987796,0.42148888,0.49528733,0.5451078,0.48799434
2022-09-09,0.5387862,0.4989858,0.42021832,0.4942156,0.54352295,0.48658314
2023-05-04,0.54064643,0.5003323,0.42192373,0.4957179,0.5455676,0.4884026
2023-06-28,0.5398744,0.4995461,0.42122024,0.49499166,0.5446943,0.48758277
2022-01-01,0.54072833,0.5004916,0.42201328,0.49585763,0.5456815,0.48846564
2024-05-07,0.5409876,0.5001021,0.42144766,0.49556774,0.545421,0.48836565
2020-05-29,0.5401624,0.49990806,0.42151767,0.49530932,0.54507786,0.48781526
2019-11-07,0.54055643,0.5003826,0.42187127,0.49580967,0.5455484,0.48833284
2023-11-27,0.54052895,0.50027055,0.42174494,0.49565923,0.54551315,0.4883636
2020-06-24,0.53705233,0.49866953,0.42162132,0.49247718,0.5431134,0.4865344
2019-08-31,0.53832424,0.49902105,0.41973135,0.49377233,0.5434205,0.48606417
2023-07-21,0.53998643,0.4996349,0.42122272,0.49505424,0.5447855,0.48772714
2024-07-31,0.5401961,0.49998116,0.42156282,0.49537694,0.5451876,0.4879761
2020-02-02,0.54071254,0.500402,0.4218554,0.4957745,0.5455562,0.48842606
2020-11-18,0.5405756,0.50033784,0.4218321,0.49568757,0.54552114,0.48837668
2024-12-15,0.5406784,0.5003701,0.4218587,0.49579632,0.54568195,0.4884883
2020-04-01,0.5403096,0.49996793,0.42157546,0.49534628,0.54508525,0.4879872
2022-03-23,0.5402346,0.4998194,0.4215459,0.4952807,0.54497886,0.4879353
2021-06-23,0.5401404,0.49992293,0.4215303,0.49532264,0.5451548,0.48800576
2023-08-07,0.5398789,0.49954438,0.42112246,0.49496233,0.5446441,0.48764205
2020-07-20,0.540095,0.49996555,0.42144966,0.49527493,0.5450406,0.4879034
2021-03-18,0.5398481,0.49960685,0.42119277,0.49499056,0.5447151,0.4875743
2021-05-30,0.5412088,0.5004171,0.42013553,0.49258897,0.54347503,0.4854821
2024-06-07,0.54011667,0.49986622,0.42151478,0.49533,0.5451623,0.48791367
2021-08-08,0.53998446,0.49870038,0.4202261,0.49526855,0.54377574,0.48682353
2020-06-08,0.54053444,0.50029117,0.4218697,0.49565804,0.54550236,0.48828292
2022-06-15,0.5397811,0.49949303,0.42124292,0.49484748,0.5447443,0.48743233
2020-02-13,0.540707,0.50028586,0.4217206,0.4957131,0.54543054,0.48838475
2023-01-19,0.53868747,0.4983087,0.4202706,0.49407983,0.54384935,0.4868052
2020-06-10,0.5405225,0.50029147,0.42182997,0.4956363,0.54547834,0.48825833
2024-06-22,0.5399414,0.49975562,0.42142043,0.4948062,0.54485065,0.4876187
2024-05-25,0.53986806,0.4995235,0.42117405,0.49491024,0.5447407,0.48778692
2021-11-01,0.5382044,0.4992797,0.4217298,0.49372795,0.54408354,0.4870234
2021-08-30,0.540013,0.49994045,0.42139307,0.49531674,0.5450233,0.48801905
2024-08-14,0.54016054,0.4999509,0.42152444,0.4953224,0.5451171,0.48792303
2024-03-07,0.53978497,0.49936286,0.42124715,0.49514723,0.5448268,0.4875415
2024-04-10,0.54048187,0.5002111,0.4217862,0.49561423,0.5454074,0.48827314
2022-08-17,0.537846,0.49832335,0.41952077,0.49333704,0.5434689,0.48619887
2021-03-27,0.5375332,0.49736986,0.4189416,0.49267074,0.54256576,0.48546737
2024-10-10,0.5400383,0.49968877,0.42120224,0.4951871,0.5449898,0.48781997
2021-11-13,0.5401006,0.49984574,0.4215044,0.49531657,0.5451172,0.4879623
2021-08-18,0.5404556,0.5002149,0.421662,0.49563333,0.5454563,0.48828974
2023-08-12,0.53892994,0.49860793,0.42029142,0.4941614,0.54366297,0.48679447
2024-09-05,0.539378,0.49931073,0.4208106,0.49465027,0.5443166,0.48726448
2019-04-14,0.54028404,0.49988928,0.4215413,0.49533305,0.54510075,0.48799628
2019-05-23,0.54038894,0.50005203,0.42154437,0.49537507,0.5451835,0.4881182
2023-10-10,0.5378058,0.49857232,0.4197416,0.49341547,0.5432002,0.48619217
2020-11-04,0.5406243,0.5004832,0.42190054,0.49578506,0.5456103,0.48840898
2023-03-28,0.54012346,0.49979457,0.42137715,0.49532142,0.54508406,0.48790407
2021-02-22,0.54061764,0.5003475,0.42189947,0.49575466,0.5455223,0.4883868
2024-09-29,0.53990567,0.49970156,0.42082265,0.49495313,0.5443381,0.48725712
2024-05-18,0.5370711,0.49682054,0.4186685,0.49212626,0.54189044,0.48480824
2020-05-31,0.53951836,0.49928352,0.42095375,0.49466512,0.54444695,0.48720002
2023-05-27,0.540563,0.5001402,0.42173976,0.49547413,0.5455453,0.4882922
2024-12-04,0.5406309,0.5002639,0.42180032,0.4957312,0.54564553,0.48846433
2024-07-23,0.5382229,0.498129,0.41979814,0.4935381,0.54316515,0.4861188
2021-12-05,0.54046965,0.5002015,0.42178538,0.49561575,0.54546916,0.48821428
2022-08-23,0.5352098,0.49687868,0.417147,0.491193,0.5421986,0.48452222
2020-01-04,0.5407699,0.50053823,0.42203665,0.4958944,0.54570353,0.48849368
2019-07-17,0.54007024,0.49997544,0.4214501,0.4952628,0.5451189,0.4879072
2024-05-11,0.54102004,0.5000148,0.42134905,0.49545887,0.5453577,0.48830935
2023-08-10,0.53954476,0.49927247,0.4208326,0.4947685,0.5443733,0.48736486
2024-05-09,0.5408043,0.5001945,0.42181188,0.49567005,0.54571766,0.48821184
2019-11-18,0.540647,0.5004185,0.42193523,0.49585634,0.5456185,0.48839903
2022-05-12,0.54032373,0.500046,0.4216211,0.49544096,0.5452926,0.48794127
2019-11-05,0.54050964,0.5003363,0.42182374,0.49576056,0.5455219,0.48830748
2024-05-21,0.53835464,0.4980262,0.41981903,0.4933789,0.5432204,0.4861253
2024-11-08,0.54019207,0.49949887,0.4211935,0.49526078,0.5452635,0.48801586
2021-03-06,0.5404803,0.5002373,0.42178804,0.49560183,0.54532087,0.4882069
2019-09-28,0.5394355,0.4995574,0.42101172,0.49477106,0.54448,0.487222
2024-11-18,0.5404806,0.5000347,0.42164102,0.4955661,0.5455202,0.48829737
2023-11-22,0.5404476,0.5002113,0.42168608,0.49558473,0.54545736,0.4882885
2021-05-17,0.540648,0.5003507,0.42191166,0.4957523,0.545596,0.488362
2022-01-10,0.54078346,0.50056833,0.42205304,0.49591944,0.54572195,0.48850375
2020-12-16,0.54072237,0.5005139,0.4219884,0.49585956,0.545678,0.48847917
2021-03-03,0.54035604,0.5000559,0.42170376,0.4954725,0.54521745,0.48809695
2021-05-22,0.54064935,0.5003347,0.42187628,0.49568382,0.5455639,0.4882807
2022-03-02,0.54011464,0.49992073,0.4215469,0.49553108,0.5451712,0.48800814
2019-10-07,0.53974456,0.49982762,0.4212149,0.4950681,0.5447837,0.4875949
2019-06-28,0.5391626,0.49935532,0.42072996,0.49445733,0.54437965,0.48732024
2020-10-26,0.54034746,0.5001953,0.4216968,0.4955094,0.54535836,0.48813763
2020-07-26,0.54027927,0.50007164,0.42163432,0.49545628,0.5452366,0.4880251
2020-02-17,0.5406262,0.5001712,0.42162725,0.4956256,0.5453225,0.48831153
2021-02-10,0.54002357,0.4998371,0.42146853,0.4955455,0.5449889,0.4879591
2021-12-24,0.54076374,0.5005338,0.42201626,0.49589127,0.5457127,0.48847532
2023-06-13,0.53979933,0.49953386,0.4213726,0.49497688,0.54487836,0.48769173
2020-07-10,0.5393164,0.4994557,0.4208088,0.49459523,0.54455113,0.48734856
2023-05-09,0.540679,0.50040007,0.42195484,0.4957392,0.5456023,0.4883947
2024-05-02,0.5406192,0.50011957,0.42162868,0.49557066,0.5454054,0.48823705
2023-04-15,0.5396136,0.49929148,0.42092493,0.49461266,0.5445418,0.4874964
2019-09-15,0.53882444,0.49891952,0.4201391,0.49364242,0.5435193,0.48618522
2020-02-15,0.5407006,0.50023174,0.42165658,0.49567738,0.5453657,0.48837033
2022-09-28,0.53790265,0.4984719,0.41929463,0.49352837,0.54231477,0.4855014
2024-01-27,0.54052055,0.5002945,0.421816,0.49574158,0.5454975,0.4883062
2022-08-13,0.53845525,0.49870872,0.42005333,0.49384737,0.5438403,0.48664865
2023-10-15,0.5385233,0.49901572,0.4203155,0.4940191,0.54382104,0.486725
2019-07-05,0.53999496,0.49979815,0.4214169,0.49517927,0.5449732,0.48782504
2022-07-17,0.53937125,0.49916252,0.42080104,0.4943955,0.5440664,0.48717678
2019-05-09,0.5405133,0.5002336,0.42183262,0.495632,0.545443,0.48826686
2024-10-09,0.5400054,0.49971548,0.42120096,0.49516797,0.5450002,0.48777136
2024-07-25,0.53849846,0.49833745,0.42002213,0.4937174,0.5433678,0.48630807
2021-05-09,0.5406178,0.5001639,0.42171496,0.49555886,0.5454118,0.4882911
2021-01-23,0.54041576,0.50024444,0.42179126,0.49572167,0.5454053,0.48826844
2021-03-22,0.5389541,0.4986989,0.42040533,0.49411732,0.54383856,0.48674476
2023-10-23,0.53949916,0.49949208,0.42094526,0.4947858,0.54454064,0.48737755
2023-10-14,0.5382751,0.4989458,0.42017555,0.4938697,0.5436973,0.48658705
2022-01-28,0.54067713,0.50046104,0.42195547,0.49581972,0.54562545,0.48840967
2020-03-15,0.54045826,0.50014013,0.42174876,0.49554133,0.5453626,0.48820853
2020-02-11,0.5406972,0.5003197,0.42176393,0.4957284,0.54546505,0.4883909
2024-01-25,0.540565,0.5003635,0.4218804,0.4957921,0.54553443,0.4883582
2024-12-18,0.54066974,0.5003142,0.42179447,0.49576175,0.54569864,0.48848653
2020-06-05,0.54032624,0.5000513,0.42168635,0.49547842,0.54525423,0.4880739
2021-03-01,0.54051596,0.5002684,0.42183095,0.49566895,0.54539526,0.48827356
2024-02-28,0.5399569,0.49947128,0.42116544,0.4951282,0.54479754,0.4875695
2020-01-05,0.540774,0.50056016,0.42203674,0.49590394,0.5457164,0.4885092
2023-06-19,0.54001,0.4997127,0.42136636,0.49512687,0.5448728,0.4877109
2023-06-12,0.540152,0.4998701,0.42159265,0.4953038,0.54514384,0.48797828
2019-09-02,0.53849936,0.49919817,0.4199311,0.4939124,0.54343814,0.4862169
2023-01-22,0.53885305,0.498478,0.42040592,0.4942341,0.5439982,0.48695216
2022-07-23,0.5397142,0.49945915,0.42100888,0.49478787,0.54436606,0.48749402
2021-07-29,0.53981686,0.4996943,0.42127356,0.4952223,0.54485625,0.4876559
2022-11-17,0.5400131,0.49983126,0.42146507,0.49527392,0.545087,0.4878366
2020-06-27,0.5400691,0.5000752,0.42162243,0.49526438,0.5451481,0.4879591
2023-11-14,0.54029644,0.5000514,0.42144,0.49531844,0.5451777,0.4880145
2023-05-18,0.54067814,0.5003096,0.4218268,0.49562606,0.5456304,0.48837247
2021-07-07,0.5403063,0.5002164,0.42159835,0.49548683,0.5452362,0.48814178
2020-08-11,0.5403295,0.5001279,0.42164707,0.4954797,0.54525125,0.48810455
2024-01-31,0.5404558,0.5002282,0.42173246,0.49569717,0.54543686,0.48825702
2024-02-04,0.5401916,0.4999388,0.42146686,0.49538898,0.54514015,0.488002
2021-11-22,0.5401132,0.49987105,0.42151394,0.49530914,0.5451299,0.48794046
2024-05-04,0.54107404,0.5000216,0.42124444,0.49546707,0.5452282,0.48839772
2020-07-06,0.53950304,0.49979183,0.4210227,0.49483007,0.54482245,0.4875738
2024-12-11,0.5406848,0.5003787,0.42187884,0.49579597,0.54568213,0.48848873
2020-12-24,0.54066193,0.50045764,0.42194748,0.49581027,0.545598,0.48841125
2024-03-15,0.53982645,0.4994824,0.42131168,0.49512503,0.544738,0.48779497
2023-10-18,0.5390883,0.49931228,0.42067635,0.49445227,0.54423565,0.4871164
2023-06-21,0.5399668,0.49960074,0.42129648,0.4950217,0.54477096,0.48765272
2019-11-10,0.5405692,0.50036997,0.4218749,0.49580616,0.5455482,0.48835394
2021-05-16,0.54066956,0.5003021,0.421859,0.49570704,0.5455533,0.48835054
2022-08-09,0.53975576,0.49958858,0.4211624,0.4949318,0.54477865,0.48763135
2020-04-06,0.5391072,0.49862003,0.42037153,0.49400505,0.54389536,0.48686004
2024-08-08,0.54027164,0.5000148,0.42165154,0.49541414,0.5452268,0.4880597
2023-03-02,0.53975993,0.49944046,0.42100787,0.49505338,0.5447558,0.48759973
2021-11-29,0.5402453,0.49995506,0.42159402,0.49541023,0.54527646,0.4880473
2021-04-22,0.54059124,0.5003229,0.4218716,0.49567515,0.54550064,0.4883488
2020-12-14,0.54072887,0.5005197,0.42199335,0.49586192,0.545684,0.48848283
2020-02-05,0.5407581,0.50040007,0.4218218,0.49577966,0.5455327,0.48843935
2022-06-17,0.5396436,0.49944913,0.4211497,0.49478683,0.5446437,0.48737743
2021-04-24,0.54061973,0.5003564,0.42188883,0.49570924,0.5455415,0.48836246
2023-10-05,0.5377039,0.4981903,0.41954267,0.49328062,0.5429669,0.48599848
2019-12-25,0.5407566,0.5005265,0.42202795,0.49589938,0.54572064,0.48848066
2021-12-26,0.5407628,0.500516,0.42202163,0.4958843,0.5457182,0.48847827
2024-10-27,0.5398886,0.49914417,0.42089736,0.49504286,0.545008,0.48765114
2023-03-20,0.53837335,0.4979537,0.41975522,0.4934394,0.5433152,0.48628336
2020-07-04,0.5394836,0.499816,0.42105544,0.49479383,0.54477435,0.48753005
2021-11-19,0.5401607,0.49994093,0.4215453,0.49535763,0.5451594,0.48798564
2021-09-03,0.53957206,0.4998645,0.4213869,0.49528253,0.5449259,0.48758635
2019-07-29,0.53977954,0.49984962,0.4211394,0.49501586,0.5450316,0.48774192
2024-09-08,0.53959405,0.49944666,0.4209409,0.49479815,0.5444381,0.4873958
2023-10-28,0.53970957,0.49959418,0.42107487,0.49492404,0.5447004,0.48752823
2022-12-09,0.53917766,0.49897227,0.42072707,0.4945288,0.54426545,0.4872381
2023-04-12,0.5397458,0.4993849,0.42105672,0.494714,0.54461396,0.48759994
2021-12-02,0.54033273,0.5000777,0.42167073,0.49549866,0.54534537,0.48811182
2024-11-06,0.5401418,0.49944088,0.4211527,0.49521586,0.54521763,0.48796883
2021-01-18,0.5405365,0.5003475,0.42188245,0.49578893,0.5455013,0.48835793
2024-03-02,0.5398762,0.49940562,0.42114326,0.4951651,0.5448963,0.48746473
2022-12-17,0.5390518,0.49886426,0.4205946,0.49440086,0.54411745,0.48708692
2021-09-14,0.53962606,0.49977005,0.42120317,0.49512947,0.5448491,0.4875728
2020-12-05,0.5407339,0.5005252,0.42200348,0.49586278,0.54568523,0.48848692
2021-03-19,0.5395544,0.49927893,0.4209578,0.4946769,0.5444072,0.4873095
2020-11-06,0.54065317,0.5004802,0.42192948,0.4957938,0.5456342,0.48842445
2019-10-11,0.5399862,0.50001174,0.42136326,0.49525422,0.5449932,0.48780465
2021-09-06,0.53961396,0.4997664,0.42132145,0.4951647,0.54477775,0.48758265
2024-01-26,0.54052293,0.50030345,0.42182696,0.49573877,0.5455009,0.48830345
2023-09-09,0.5360059,0.49611393,0.41794103,0.49160096,0.541096,0.48440546
2020-06-19,0.53933823,0.49958727,0.42166176,0.49449697,0.5443929,0.4875247
2019-12-23,0.5407672,0.50053227,0.4220267,0.4958945,0.54571474,0.48848692
2022-01-06,0.5407844,0.50057286,0.42204946,0.49592188,0.54571843,0.48851207
2020-08-20,0.54020983,0.50001526,0.42147517,0.49534518,0.54508704,0.48797998
2021-07-20,0.53924155,0.4996127,0.42127094,0.4945418,0.5443719,0.48734573
2019-06-26,0.5380504,0.49886534,0.42000046,0.49354872,0.54387474,0.48666885
2020-11-03,0.5405944,0.50042063,0.42187378,0.49572894,0.545566,0.48837817
2024-09-13,0.5398537,0.49976373,0.42116612,0.49503112,0.544725,0.48766237
2023-12-18,0.5406795,0.50043684,0.42193255,0.49582797,0.54564524,0.48849913
2021-10-10,0.5392322,0.4993987,0.42099106,0.49403602,0.5439404,0.487088
2023-10-29,0.53971523,0.49957913,0.42104822,0.4949245,0.5446967,0.48751885
2024-12-19,0.54063284,0.5002525,0.421744,0.49572578,0.54567724,0.4884752
2024-02-05,0.54029775,0.5000507,0.42160505,0.49555042,0.54528856,0.48812497
2023-11-19,0.5403782,0.50013316,0.4216068,0.49552184,0.54537153,0.48822388
2023-05-16,0.5406932,0.50033486,0.4218512,0.49561453,0.54562366,0.4883433
2022-05-16,0.5406265,0.5002846,0.4218858,0.49569273,0.5456655,0.48818943
2020-08-16,0.5402742,0.49996817,0.4215225,0.49527818,0.5450606,0.48799223
2021-02-13,0.53999275,0.49984938,0.42146847,0.4955434,0.54499644,0.4879367
2024-03-18,0.5400179,0.4996925,0.42145312,0.4952741,0.5449074,0.48792967
2023-05-17,0.5407126,0.50037426,0.4218616,0.4956542,0.5456482,0.4883617
2019-09-10,0.5396016,0.49956882,0.42089388,0.4946491,0.5445057,0.4872221
2023-06-29,0.5393946,0.49906406,0.42081016,0.49446973,0.5442269,0.48718587
2024-01-03,0.5407247,0.5004967,0.42198324,0.49587017,0.54567945,0.48848152
2022-09-23,0.5376597,0.49827486,0.41913298,0.49328795,0.54214936,0.48534018
2020-08-01,0.54036975,0.50014013,0.42167473,0.49549714,0.5453166,0.48810944
2019-10-03,0.53957534,0.4996808,0.42104453,0.49489635,0.5445989,0.4873722
2020-05-24,0.5405661,0.5002721,0.42180288,0.49566707,0.54545665,0.48818654
2023-08-16,0.53915906,0.49891505,0.42055783,0.49438804,0.5440127,0.48700094
2020-07-19,0.5401966,0.5000763,0.42155427,0.4953808,0.54516405,0.48801893
2019-06-03,0.54097265,0.50021446,0.41986778,0.4923277,0.5432249,0.48517394
2023-01-18,0.5386699,0.49829897,0.42027035,0.49407145,0.5438174,0.48680198
2019-11-30,0.54065573,0.5004017,0.42196214,0.49583787,0.5456214,0.48836383
2020-11-07,0.54064345,0.5004451,0.42192256,0.49577826,0.5456132,0.4884157
2020-06-01,0.53939795,0.49916834,0.4208489,0.49454308,0.5443354,0.48711786
2019-07-15,0.5402647,0.50006855,0.42159986,0.4954027,0.5452207,0.48804653
2022-06-24,0.54006684,0.49994653,0.42153198,0.4952734,0.54508597,0.48794058
2022-02-22,0.5402363,0.5000887,0.42166752,0.49566185,0.5452886,0.48812813
2019-09-26,0.53934157,0.49937928,0.42090014,0.49465576,0.54435533,0.4870296
2022-12-06,0.5390985,0.49882475,0.42064118,0.49445185,0.5442194,0.48719946
2022-12-18,0.5390011,0.49878347,0.42054552,0.49434188,0.5440774,0.48704535
2022-11-08,0.54027885,0.50009334,0.42164972,0.49548227,0.5452796,0.48809218
2020-01-02,0.5407809,0.50055593,0.42205134,0.4959069,0.5457195,0.48850536
2019-12-16,0.5407338,0.50049394,0.4220058,0.49586472,0.5456848,0.48845097
2024-05-19,0.5375102,0.49723995,0.41908398,0.49257573,0.5423517,0.48525023
2020-05-23,0.5405597,0.5002482,0.42181194,0.49564838,0.54546916,0.48817068
2019-09-03,0.5384043,0.499084,0.41984698,0.49375075,0.5434084,0.48605514
2021-02-09,0.53996336,0.499812,0.42146376,0.4955174,0.5449829,0.48794535
2024-12-30,0.54066235,0.50037915,0.4218654,0.49579257,0.54563963,0.48853767
2020-05-04,0.54057586,0.50028574,0.42188194,0.49569333,0.54552865,0.4883158
2022-07-25,0.54001814,0.49973926,0.42126814,0.49507767,0.5447388,0.48777544
2024-05-17,0.53732157,0.49708042,0.41891488,0.49243087,0.54215413,0.4850868
2019-11-15,0.540582,0.500347,0.4218768,0.49580288,0.54554963,0.48835406
2019-12-31,0.5407717,0.5005485,0.42204115,0.49589986,0.54571474,0.48849818
2019-11-03,0.54053694,0.5003797,0.4218583,0.49578494,0.5455437,0.4883235
2023-12-23,0.54073024,0.50049454,0.42197627,0.49586198,0.5456803,0.48849216
2020-07-13,0.53917325,0.49912333,0.4206416,0.49436647,0.5441979,0.48707554
2022-03-04,0.5398488,0.49976194,0.42140883,0.49549994,0.5449418,0.48788586
2023-03-26,0.5396092,0.4992305,0.42094782,0.4946734,0.5445465,0.48746943
2021-05-01,0.54054385,0.50022537,0.42178282,0.4955879,0.5454172,0.48827162
2024-06-28,0.53941756,0.49952945,0.42133313,0.49464026,0.5445482,0.4875134
2024-08-22,0.53997356,0.49978265,0.42130518,0.49510106,0.5448936,0.487786
2020-05-02,0.5405566,0.50026757,0.421876,0.49567533,0.5455173,0.4883255
2021-03-07,0.5404988,0.50027347,0.42183596,0.49564445,0.5453481,0.4882029
2022-05-23,0.53979456,0.49948102,0.42107505,0.4948158,0.54462457,0.48753726
2020-02-16,0.54069185,0.50017315,0.42158285,0.49560955,0.545297,0.48835024
2022-06-25,0.5399478,0.50000954,0.42146668,0.4951788,0.54506487,0.48788926
2024-11-07,0.54020876,0.49953482,0.42121983,0.49528164,0.5452565,0.48801756
2020-12-28,0.54069585,0.50049645,0.4219687,0.49585113,0.54562855,0.48844716
2022-09-19,0.5381399,0.49859077,0.41960508,0.49373594,0.5426794,0.48590907
2022-12-13,0.539707,0.49950475,0.42114174,0.49496773,0.54472876,0.48763683
2019-08-17,0.53943855,0.49940735,0.4208289,0.4946546,0.54447883,0.48727304
2023-07-16,0.5401512,0.49985114,0.4213306,0.4951816,0.5450111,0.48787394
2024-10-29,0.539898,0.49914044,0.42093658,0.49500903,0.5450438,0.4877524
2021-03-23,0.5387101,0.49844772,0.42017528,0.49387848,0.54360515,0.48652977
2021-05-18,0.5406197,0.5003432,0.42187223,0.4957239,0.5455575,0.48833206
2019-04-18,0.5402049,0.49979946,0.42145193,0.49522802,0.5450699,0.48791343
2021-11-25,0.5402763,0.50003827,0.42164817,0.49545592,0.5452821,0.488058
2020-01-23,0.5407421,0.5004814,0.42195264,0.4958384,0.54562753,0.48846713
2019-05-22,0.5405048,0.5001637,0.42165497,0.49550125,0.54529923,0.48821554
2022-01-09,0.54078823,0.5005725,0.42205784,0.49591932,0.5457284,0.4885075
2020-09-13,0.53913885,0.49946877,0.4212177,0.49436054,0.54418766,0.48733073
2021-06-12,0.53964764,0.49959633,0.42118734,0.49484077,0.54475945,0.4875779
2023-11-23,0.5404085,0.5001121,0.4215902,0.4955363,0.5454519,0.48829016
2023-06-22,0.539985,0.49959382,0.42132393,0.49500442,0.5448146,0.48766792
2021-10-08,0.5395241,0.49956772,0.4211268,0.49450788,0.5443547,0.4874112
2020-03-22,0.540731,0.5004771,0.42200115,0.49583724,0.54560256,0.488458
2019-10-25,0.54032946,0.5002553,0.42158556,0.49554333,0.5453648,0.48819864
2020-03-05,0.5397807,0.49961668,0.42135203,0.49535042,0.54482853,0.4877649
2022-01-14,0.5407775,0.5005544,0.42204446,0.4959047,0.54571444,0.48849675
2024-08-09,0.540202,0.49999553,0.4216197,0.4953595,0.5451893,0.4879885
2020-05-21,0.5405019,0.5001645,0.421754,0.49556726,0.5454308,0.48811972
2020-03-27,0.54045254,0.5000955,0.421686,0.49547637,0.54519767,0.48813707
2024-11-23,0.5405894,0.5002212,0.42176935,0.4956775,0.5455899,0.4883974
2022-01-16,0.54076606,0.5005437,0.42203408,0.49589327,0.54570395,0.48848674
2024-05-27,0.5401639,0.49986938,0.42145994,0.49526715,0.5450564,0.48803902
2019-10-20,0.54026526,0.5002076,0.42150894,0.49546435,0.54520255,0.48808208
2020-08-24,0.54026747,0.5002022,0.42157647,0.4954612,0.54520065,0.48814496
2019-12-20,0.5407472,0.5005159,0.42200628,0.4958826,0.5456957,0.4884653
2019-04-10,0.5398615,0.4994015,0.4211481,0.4948813,0.5446884,0.48762053
2023-09-08,0.5361916,0.49639273,0.4181181,0.49182704,0.5412867,0.48457485
2022-07-31,0.54038423,0.5001864,0.42175207,0.49554795,0.5453005,0.48821127
2019-07-07,0.5400408,0.4998386,0.4214321,0.49520037,0.5449555,0.48783922
2023-09-26,0.5373925,0.4984837,0.4195228,0.4931347,0.54306954,0.48595512
2024-01-20,0.54064894,0.5004461,0.42195174,0.4958492,0.545615,0.4884243
2021-11-12,0.5400386,0.49983126,0.42147973,0.49527305,0.54509515,0.487934
2024-03-21,0.54005224,0.4997092,0.42153195,0.4953009,0.54493004,0.48798963
2024-03-20,0.54007363,0.49977574,0.42152047,0.49534044,0.54499763,0.48797685
2020-03-25,0.5406457,0.5003309,0.42190003,0.49570152,0.5454319,0.48832688
2023-10-24,0.5396339,0.4995858,0.4210561,0.49489734,0.54463476,0.48746938
2024-11-01,0.53998417,0.49928492,0.42106497,0.4950938,0.5451088,0.4878235
2024-10-20,0.5401267,0.49927434,0.42091024,0.4952673,0.54478025,0.48755488
2020-11-01,0.5405397,0.5003982,0.4218441,0.4956864,0.54555434,0.48832494
2019-06-16,0.53972256,0.49956977,0.42113534,0.49497542,0.5447015,0.4876712
2020-11-26,0.5406775,0.50044835,0.42192882,0.49578166,0.54561925,0.48844916
2022-08-03,0.5402888,0.5000674,0.42163277,0.49542668,0.54521614,0.4881003
2021-01-13,0.5406028,0.5004127,0.42192805,0.49581718,0.54557115,0.4884106
2019-11-01,0.5405062,0.5003601,0.42180142,0.4957443,0.54551023,0.48829782
2019-08-21,0.5391871,0.4992268,0.42046204,0.49438938,0.5441478,0.48699796
2019-08-30,0.53845656,0.49893868,0.4198016,0.4938382,0.5434328,0.48619482
2020-03-14,0.540492,0.50020653,0.42177856,0.4955982,0.5453885,0.4882365
2022-08-08,0.5399148,0.49972132,0.42126754,0.49506903,0.5448948,0.48777193
2022-07-10,0.53929335,0.49919674,0.42081437,0.49447557,0.544013,0.48720172
2021-04-05,0.539484,0.49927875,0.42082906,0.4946011,0.5444273,0.48736256
2021-08-19,0.5405162,0.5002935,0.42168137,0.4956994,0.5455059,0.4883088
2024-01-30,0.5405071,0.500292,0.4218061,0.49575564,0.5454876,0.4883288
2023-05-20,0.54060507,0.5002648,0.42178038,0.49554613,0.5455295,0.48830596
2021-03-15,0.54019547,0.4999746,0.4215222,0.49533457,0.5450718,0.48792735
2024-01-01,0.5407195,0.5004869,0.42197797,0.4958635,0.54567635,0.48847213
2024-01-04,0.5407251,0.5004961,0.42198256,0.49586418,0.54568326,0.4884702
2020-08-10,0.54041755,0.50019425,0.4217473,0.49556366,0.5453447,0.48818523
2021-03-29,0.5370226,0.49682865,0.4184488,0.49218163,0.54210865,0.48502836
2024-11-30,0.54058295,0.5002034,0.42175385,0.4956892,0.5456126,0.48841706
2020-03-09,0.5401095,0.499913,0.42156342,0.4955097,0.5450987,0.4879961
2024-06-01,0.54027164,0.4999162,0.42165318,0.4954592,0.5452792,0.48799008
2022-12-03,0.53916836,0.49894086,0.42069745,0.49448606,0.54423517,0.48717397
2020-05-11,0.54051626,0.5002097,0.42182535,0.4956423,0.5454356,0.48821887
2023-07-12,0.5400391,0.49970835,0.42124757,0.49514487,0.54485095,0.48772055
2024-09-26,0.5393157,0.49903372,0.42007414,0.4943082,0.54329115,0.48630908
2022-04-25,0.5403579,0.4998509,0.42140916,0.49533734,0.54519457,0.48797417
2019-05-18,0.54043776,0.50013685,0.42163923,0.49547163,0.54528576,0.488172
2021-07-25,0.53969425,0.49956888,0.42120653,0.49507412,0.5446508,0.48728028
2024-07-13,0.5393193,0.49935985,0.4209463,0.4946139,0.54435956,0.48702148
2021-07-31,0.5399949,0.49967143,0.4210662,0.49546787,0.5447662,0.48756394
2020-10-04,0.5401708,0.50000036,0.42149314,0.49537727,0.54513097,0.48797303
2024-05-28,0.5402801,0.49993122,0.4215822,0.49538442,0.54519737,0.4881166
2024-04-08,0.5405302,0.5002364,0.42182356,0.4956444,0.5454337,0.48831728
2024-11-22,0.5405707,0.5002017,0.42177576,0.4956652,0.5455776,0.48837748
2023-12-25,0.54071707,0.5004573,0.42195025,0.49586442,0.5456697,0.4884884
2020-08-27,0.5400883,0.49999785,0.42143297,0.49522755,0.5450448,0.48792377
2020-04-24,0.54051787,0.5001795,0.42181018,0.49560452,0.54545677,0.4883081
2021-04-26,0.5405275,0.5002182,0.42180368,0.49558848,0.54542255,0.48827013
2020-05-30,0.5398178,0.4995792,0.42120498,0.49496037,0.5447333,0.48749232
2020-09-19,0.5397057,0.49978706,0.42125797,0.49496657,0.5447906,0.4876654
2023-04-05,0.5399072,0.49954116,0.42120087,0.49492946,0.54480153,0.48772565
2022-06-03,0.54011977,0.49966025,0.421492,0.49517143,0.5449935,0.48790163
2024-09-06,0.5393992,0.49936238,0.42084575,0.49470642,0.54434085,0.48727384
2023-06-11,0.5403463,0.5000764,0.42167678,0.49549258,0.5452515,0.48814285
2022-09-26,0.5374126,0.49814102,0.4188942,0.49312648,0.54189545,0.4850315
2024-08-31,0.5391049,0.49895695,0.42058498,0.49433076,0.5439946,0.4869447
2021-08-01,0.54033464,0.49966684,0.42108458,0.49582633,0.54480004,0.48764718
2019-09-21,0.5388319,0.49889332,0.42026544,0.49384144,0.5435754,0.4861223
2020-09-23,0.5401204,0.49998194,0.4215424,0.49528334,0.5451918,0.4879485
2022-12-19,0.5390685,0.49886236,0.4206269,0.4944077,0.5441574,0.48708427
2021-06-03,0.5399791,0.4997984,0.42141822,0.4950612,0.5449931,0.48767936
2022-11-04,0.540227,0.500117,0.42163378,0.49547207,0.5452878,0.48802936
2024-03-16,0.54003906,0.49975026,0.42147744,0.49533224,0.5449682,0.48795238
2021-10-16,0.53889346,0.49947163,0.42093557,0.4929372,0.543344,0.48641917
2022-08-10,0.53972,0.4995524,0.42112184,0.49491283,0.54470986,0.48758063
2022-02-13,0.5403813,0.5001962,0.4216912,0.4956051,0.54536235,0.4881899
2022-05-09,0.5399203,0.49962834,0.42120662,0.4950116,0.5448473,0.48753437
2023-11-07,0.54013115,0.4999476,0.4212781,0.4951335,0.5450273,0.48776227
2020-07-25,0.54020804,0.49997514,0.4215829,0.4953837,0.5451646,0.48794308
2024-10-12,0.5400472,0.49959978,0.42114472,0.4951451,0.544937,0.4878008
2023-11-06,0.54005927,0.4998225,0.42120644,0.49505758,0.5449361,0.48769286
2022-11-24,0.5395555,0.49933368,0.42101637,0.49485022,0.544604,0.48746535
2023-10-02,0.53753895,0.49802005,0.41941875,0.4931615,0.54277605,0.48585886
2023-02-22,0.53932375,0.4989874,0.42056555,0.49462566,0.54433244,0.48717055
2024-12-07,0.5406144,0.5002366,0.42178366,0.49571738,0.54563665,0.48845813
2019-04-19,0.5404624,0.49997407,0.42157173,0.495464,0.545336,0.48807275
2021-08-13,0.54012245,0.49963132,0.42115584,0.4951302,0.5449717,0.48774016
2020-07-17,0.5403218,0.5001836,0.42166388,0.49549314,0.5452931,0.4881245
2020-01-31,0.5406617,0.50028056,0.4217324,0.49565196,0.5454307,0.48835212
2023-03-08,0.5400162,0.49972668,0.4212293,0.49531808,0.5450318,0.4878224
2023-08-21,0.5392503,0.49896917,0.4206152,0.49444064,0.5441465,0.4870777
2022-06-22,0.5402409,0.50001496,0.42162597,0.4954196,0.5452611,0.48799962
2021-05-03,0.5405851,0.5002243,0.42176598,0.49561048,0.54543656,0.48830068
2024-12-03,0.5405859,0.50017095,0.42173272,0.49567023,0.5456267,0.4884198
2024-01-14,0.5406931,0.500481,0.42197725,0.49586368,0.5456593,0.488457
2023-04-24,0.5406024,0.5003143,0.42182493,0.49564,0.5454894,0.48832533
2022-09-10,0.5388129,0.4990472,0.4202633,0.49426958,0.5435449,0.4866388
2021-11-24,0.54029816,0.5000659,0.42166302,0.49547502,0.54529864,0.48810416
2021-02-25,0.54066026,0.5003842,0.4219435,0.4957846,0.5455506,0.4884051
2023-05-01,0.5404959,0.5001472,0.42171225,0.49548864,0.5453712,0.48820284
2023-03-27,0.5400856,0.49971393,0.42133415,0.4952473,0.5450337,0.48788393
2021-03-20,0.54000306,0.49975336,0.42133313,0.49513415,0.5448799,0.48772722
2021-12-27,0.5407468,0.5005142,0.42200845,0.4958677,0.54569364,0.4884739
2021-11-11,0.54002166,0.4998502,0.42152077,0.49526772,0.5451149,0.48792708
2022-12-20,0.5388833,0.49865642,0.42043433,0.4942263,0.5439773,0.48693532
2023-03-03,0.53969985,0.49937814,0.4209461,0.4950194,0.5447257,0.48757246
2021-06-04,0.53993076,0.49979785,0.4214171,0.4950669,0.5449757,0.48773518
2023-09-03,0.5362757,0.49651754,0.4182702,0.49196348,0.5414182,0.48471838
2021-06-15,0.53882784,0.4986735,0.4203492,0.4940342,0.5438215,0.48671603
2024-11-25,0.540535,0.5000811,0.4216715,0.49560845,0.5455877,0.48836032
2020-04-18,0.54046845,0.5001948,0.4217637,0.49558017,0.5454125,0.4882475
2023-12-06,0.54062265,0.5004098,0.42184186,0.49577594,0.54559845,0.48847714
2024-06-10,0.5395802,0.49935544,0.42108935,0.49487433,0.5447658,0.48748377
2022-12-01,0.53911966,0.49892515,0.42068282,0.49446753,0.5442238,0.48712125
2024-03-22,0.5401118,0.49981773,0.42149657,0.49530217,0.54499906,0.48796532
2021-03-17,0.53998023,0.49972215,0.4213086,0.4950959,0.54482365,0.48771232
2024-04-15,0.5404396,0.5001858,0.42172992,0.49556822,0.5453528,0.48820773
2019-09-08,0.53956956,0.49953604,0.42095688,0.49474213,0.54453826,0.48729187
2022-04-24,0.54050815,0.499903,0.421446,0.49543533,0.54531544,0.48807248
2022-07-29,0.54027605,0.50003964,0.42161202,0.49541533,0.5451191,0.48808253
2021-11-03,0.5379406,0.49923164,0.4217798,0.49357116,0.5439203,0.48685077
2021-08-27,0.54021317,0.5000633,0.42159206,0.495434,0.54523754,0.48805282
2021-02-26,0.54064906,0.50041616,0.42195106,0.49579868,0.54557085,0.488414
2024-12-08,0.5406257,0.50025433,0.42180017,0.49573314,0.54564685,0.4884498
2022-12-28,0.5385844,0.4983625,0.42022404,0.4939765,0.5436873,0.48664197
2024-01-28,0.54052,0.50030315,0.42182654,0.49574423,0.54548955,0.48831522
2020-08-18,0.54032433,0.5001214,0.42163438,0.495466,0.5452203,0.48809013
2019-07-28,0.5397542,0.49983007,0.42113778,0.49499378,0.5449996,0.48774403
2023-03-11,0.53971374,0.49942002,0.42096937,0.49496305,0.5447032,0.48751855
2023-11-04,0.54008347,0.4998571,0.421276,0.49514565,0.54497343,0.48776752
2021-07-19,0.538356,0.49927387,0.4210037,0.4938091,0.54381806,0.48687756
2020-05-06,0.5405218,0.5002528,0.42183334,0.4956434,0.5454505,0.48824668
2024-03-30,0.540531,0.5002118,0.421818,0.49566385,0.5454412,0.4883471
2024-02-02,0.5403147,0.5000607,0.4216035,0.49552232,0.5452615,0.48812503
2021-10-20,0.5392519,0.49962512,0.42149645,0.49446929,0.5445035,0.4875652
2021-10-19,0.53886116,0.49947426,0.42140535,0.4940391,0.5441234,0.4872728
2023-02-08,0.538741,0.4984232,0.4202359,0.49418375,0.5438643,0.48689282
2024-08-07,0.540299,0.5000405,0.42165515,0.495429,0.5452398,0.48807538
2022-02-02,0.5406866,0.50047415,0.4219653,0.49584416,0.5456431,0.4884297
2024-05-10,0.5409111,0.5001882,0.4216715,0.49563533,0.54562294,0.48830765
2024-09-10,0.5397976,0.49970275,0.42116052,0.49503723,0.5446872,0.4875975
2023-03-10,0.53988165,0.4996023,0.42112994,0.4951423,0.5448703,0.4876876
2023-07-09,0.5392531,0.49889445,0.42055067,0.49433163,0.5439002,0.48683798
2023-09-21,0.537588,0.4982112,0.41954938,0.4931929,0.54292774,0.48590693
2021-04-02,0.5393427,0.4990287,0.42055953,0.49448898,0.54437995,0.48714876
2019-08-16,0.53983784,0.49976015,0.42116052,0.495006,0.54482305,0.48763493
2021-10-01,0.5396302,0.49951053,0.42107105,0.4948597,0.5445944,0.48762935
2022-04-04,0.5404384,0.5000903,0.42178947,0.49556822,0.54529303,0.48817763
2022-07-13,0.53934115,0.49925467,0.42097402,0.49449527,0.5441189,0.4872558
2024-09-16,0.5399204,0.49983,0.42120376,0.49508467,0.544803,0.4877201
2020-10-02,0.54027885,0.5001135,0.42156523,0.49548286,0.5452391,0.48805243
2022-06-09,0.5400341,0.49969262,0.42144176,0.49513295,0.54496646,0.48776647
2023-02-06,0.53930515,0.4990624,0.4207731,0.4946519,0.54439247,0.4872899
2021-02-06,0.53995264,0.4998009,0.42144966,0.49549574,0.5449909,0.48790777
2023-08-25,0.5387479,0.49854964,0.42026243,0.49402785,0.5437066,0.48667789
2023-06-17,0.53994834,0.49971536,0.42140836,0.4950973,0.54494596,0.48773846
2023-01-24,0.5388989,0.4985539,0.4204607,0.49426994,0.54404163,0.48695415
2020-11-08,0.5406618,0.50048286,0.42194697,0.4958076,0.5456438,0.48842
2021-06-07,0.5401056,0.49991834,0.42162153,0.4952796,0.5452061,0.487872
2020-06-29,0.5398853,0.4999529,0.42141104,0.49511337,0.5450799,0.48786548
2022-03-11,0.5403994,0.50012875,0.42168707,0.49563134,0.5453491,0.4881783
2023-01-04,0.53861296,0.49834397,0.42023438,0.49398276,0.54372925,0.4866554
2024-06-03,0.5403836,0.50008136,0.42176428,0.49555862,0.54538393,0.48811224
2020-08-02,0.5403641,0.5001361,0.42165938,0.49547887,0.54529464,0.48811525
2020-08-22,0.54026735,0.5000723,0.4215088,0.49534488,0.54506856,0.48803267
2024-01-05,0.54072803,0.50051665,0.42199147,0.49588108,0.5456821,0.48847935
2022-11-03,0.5402309,0.5001351,0.4216309,0.4954743,0.5452839,0.48803046
2019-10-26,0.5403141,0.5002419,0.42155427,0.49554807,0.5453798,0.48818466
2021-05-25,0.54070574,0.5003473,0.42171916,0.49541205,0.5453853,0.48800927
2021-10-13,0.5392881,0.49958745,0.42080864,0.4932865,0.5434762,0.48648682
2020-08-31,0.5402044,0.5000869,0.42150542,0.49533764,0.545085,0.48803887
2024-12-14,0.5406693,0.5003628,0.42186242,0.49578717,0.54567105,0.48850068
2022-09-16,0.5379905,0.49844086,0.41946706,0.49361965,0.54259634,0.48571423
2024-04-22,0.5404085,0.5001524,0.4216876,0.49552476,0.5453251,0.48815563
2021-06-24,0.5401071,0.4999126,0.42160738,0.4953001,0.54517716,0.4879946
2020-03-03,0.53958,0.49954265,0.421264,0.4953792,0.54470617,0.48768845
2023-09-04,0.5365733,0.4967744,0.41846976,0.49220076,0.5416895,0.48502183
2022-08-28,0.5340382,0.49625868,0.41610992,0.49026692,0.5414866,0.48370302
2023-09-23,0.5376433,0.49839061,0.4195907,0.4932539,0.5430421,0.48602235
2021-03-28,0.53911686,0.49886283,0.42045224,0.49425137,0.5440332,0.48691362
2021-07-16,0.53899425,0.4998019,0.4214123,0.49438953,0.5443015,0.48740593
2020-11-10,0.54066586,0.5004364,0.42194247,0.4957941,0.54564106,0.4884115
2022-08-06,0.540188,0.49993855,0.42151865,0.49531698,0.5451113,0.4880052
2022-08-21,0.5366724,0.4976801,0.41843143,0.49238503,0.5429442,0.48546916
2021-05-26,0.5408116,0.500427,0.42153284,0.49511415,0.54516894,0.48772633
2019-03-26,0.5400976,0.49987176,0.4214321,0.49527538,0.54496586,0.48784012
2022-11-20,0.5398038,0.4996321,0.4212746,0.49509215,0.54487467,0.4876715
2022-01-20,0.5407492,0.50053513,0.42202443,0.49588472,0.5456901,0.48848033
2022-09-08,0.53887314,0.49904945,0.4202955,0.49428317,0.54362017,0.48664504
2024-02-10,0.5399429,0.49964672,0.42122558,0.4951341,0.54484195,0.48778468
2023-11-17,0.54034567,0.5000971,0.42157525,0.49547455,0.5453798,0.48816365
2023-02-13,0.53894836,0.4983771,0.4204083,0.4944469,0.5441751,0.48726693
2023-11-21,0.54039955,0.50010467,0.4215853,0.49552548,0.5454301,0.48824793
2020-04-28,0.5405706,0.5002556,0.42184824,0.49564815,0.5454921,0.48831442
2019-08-14,0.53999627,0.49990013,0.42132217,0.4951603,0.54502696,0.4878146
2023-05-30,0.5406198,0.5003383,0.42187193,0.49566343,0.54557335,0.48837385
2019-12-06,0.54070354,0.5004455,0.42197976,0.49584386,0.5456737,0.48840478
2022-11-06,0.5403102,0.50013405,0.42166108,0.49551833,0.54530346,0.48810574
2021-11-07,0.5384727,0.49932352,0.42163226,0.49397218,0.5441953,0.4871069
2020-01-27,0.54068977,0.5003691,0.42183003,0.49573344,0.54552275,0.48839226
2024-12-02,0.54061127,0.5002431,0.4217773,0.4957073,0.5456319,0.48843902
2023-12-24,0.5407173,0.500478,0.4219622,0.49585876,0.54566956,0.48849475
2024-07-05,0.53821295,0.49947578,0.4208197,0.49379122,0.5440295,0.4869221
2023-09-15,0.5372371,0.49773106,0.41916013,0.4927712,0.54251647,0.48564544
2024-03-01,0.5397871,0.49924594,0.42099288,0.49509683,0.54482484,0.48738152
2023-01-20,0.53873014,0.4983552,0.42029974,0.49411568,0.5438854,0.48681572
2020-06-18,0.5391931,0.49945146,0.42161483,0.4943176,0.5442942,0.48747373
2020-01-29,0.5407496,0.5004911,0.42195368,0.49586162,0.5456442,0.4884702
2021-07-14,0.53993756,0.50004756,0.42142424,0.49516553,0.5447068,0.48766395
2019-04-24,0.54063493,0.50035757,0.421942,0.49575448,0.54558563,0.48836377
2021-10-22,0.53981435,0.49989882,0.42160293,0.49500352,0.54491895,0.4878964
2023-11-26,0.5405258,0.5002861,0.42174342,0.4956509,0.54548913,0.48838645
2024-11-27,0.5404998,0.5000378,0.42164513,0.4955805,0.5455741,0.4883642
2021-05-15,0.5406953,0.5003381,0.4218623,0.49573955,0.545573,0.48838294
2023-10-11,0.5378418,0.49856824,0.41978323,0.49342796,0.54320836,0.4862057
2024-07-01,0.5394519,0.49955955,0.4211651,0.4947325,0.5445701,0.48747182
2019-03-29,0.54010594,0.4998203,0.421392,0.49524415,0.5449628,0.48780057
2019-09-17,0.53850925,0.49863297,0.42001295,0.4935626,0.5432791,0.48591787
2021-10-23,0.53944755,0.4997623,0.421608,0.49470448,0.5447297,0.487705
2020-06-04,0.5401653,0.49988428,0.4215303,0.4953001,0.54508686,0.48788115
2020-03-13,0.5404291,0.50018406,0.42179057,0.4956701,0.54537195,0.48822287
2021-06-02,0.54022664,0.49995875,0.42138037,0.49487826,0.5449172,0.4875469
2022-06-11,0.5397953,0.49950457,0.42124614,0.49492136,0.5447144,0.48752257
2024-08-30,0.5392675,0.49906,0.42073247,0.4944757,0.5441927,0.48709762
2024-07-17,0.5395649,0.4995405,0.4211162,0.49483737,0.5445274,0.48739216
2020-06-22,0.53539836,0.4979497,0.42190665,0.49085465,0.5419319,0.48577628
2024-05-26,0.54006267,0.49975717,0.4213195,0.4951054,0.54494935,0.4879853
2024-01-22,0.540623,0.500405,0.42191395,0.49582604,0.545598,0.4884
2023-02-15,0.5390772,0.49849442,0.42048788,0.494566,0.54430157,0.48735982
2019-12-21,0.54075336,0.50051326,0.42201668,0.49588406,0.54569894,0.48846495
2023-07-20,0.54029816,0.49999833,0.42153978,0.49537313,0.54517084,0.48801324
2023-04-11,0.5398276,0.4994536,0.42109862,0.49485138,0.5446912,0.4876085
2020-05-15,0.54049295,0.5002205,0.4217932,0.49561575,0.5453988,0.488173
2024-04-12,0.5404812,0.50022656,0.421791,0.49562168,0.54541534,0.4882789
2021-02-24,0.5406246,0.5003547,0.42191488,0.49576363,0.54552597,0.48841324
2024-11-14,0.54042953,0.50002676,0.42161894,0.49554074,0.5454468,0.48822513
2020-09-26,0.5402855,0.50005966,0.42160708,0.4954145,0.545231,0.48807424
2019-06-04,0.5403435,0.49994898,0.42110303,0.49453995,0.5446572,0.48719618
2022-03-26,0.54030186,0.4998676,0.42161602,0.4953433,0.5449805,0.4879488
2023-07-08,0.5388057,0.49849477,0.4201992,0.49393356,0.5434793,0.48640585
2020-01-03,0.5407804,0.5005554,0.42204592,0.49590513,0.54571736,0.488505
2021-04-12,0.5404832,0.5001944,0.4217661,0.49555767,0.5452763,0.48818263
2019-08-24,0.53763837,0.49810565,0.41910592,0.49302515,0.5429995,0.48568845
2024-11-29,0.54054326,0.5001146,0.42169735,0.4956411,0.5455913,0.48841932
2023-11-24,0.5404459,0.5002208,0.42167974,0.49560177,0.5454841,0.48832256
2024-02-08,0.5401727,0.4999329,0.4214986,0.49545676,0.54514086,0.48802364
2021-01-29,0.54019505,0.50006104,0.4216541,0.49564415,0.54521364,0.48813376
2019-09-09,0.5395763,0.4995429,0.42091605,0.49468797,0.5444955,0.48723793
2023-03-24,0.539833,0.49939504,0.42109647,0.4950124,0.5448482,0.48759916
2022-04-20,0.5403866,0.50003165,0.421588,0.49544224,0.54527354,0.4881039
2024-04-01,0.5404207,0.5000891,0.42172492,0.4955139,0.5453152,0.488225
2023-12-01,0.54054326,0.50033045,0.4217923,0.4956976,0.5455291,0.48840722
2024-02-11,0.53996545,0.4996806,0.42125088,0.49519357,0.54490083,0.48782748
2021-11-06,0.5381855,0.49928328,0.42170265,0.49374598,0.5440608,0.4869477
2021-05-29,0.54140455,0.50055325,0.4199149,0.49222133,0.54323983,0.48512608
2019-09-20,0.53883857,0.49891832,0.42030776,0.49387318,0.5436199,0.48617515
2022-04-21,0.5404666,0.49998134,0.42152622,0.49544424,0.54532087,0.48811263
2024-06-09,0.539844,0.4996575,0.42131072,0.49511743,0.54498756,0.4876958
2019-04-02,0.5395884,0.49924606,0.42086628,0.4946854,0.54444337,0.48734993
2020-11-13,0.5406028,0.50042564,0.42190364,0.49575412,0.5455757,0.48838192
2021-11-09,0.5397274,0.49973372,0.42151383,0.4950116,0.54497784,0.4877612
2022-02-10,0.54048705,0.50027806,0.42178488,0.49567786,0.5454547,0.48824975
2021-03-24,0.53770137,0.49747923,0.41923583,0.49288377,0.5426444,0.48563594
2024-07-12,0.5390284,0.4994486,0.42104408,0.49448442,0.54424065,0.48708415
2022-01-23,0.5407156,0.50049955,0.42199087,0.4958555,0.54566467,0.4884471
2024-02-01,0.54040396,0.5001814,0.4216938,0.49563098,0.5453736,0.48821154
2024-08-02,0.54020363,0.4999894,0.421591,0.4954137,0.54520065,0.48799643
2020-08-06,0.54036355,0.50010747,0.42162243,0.49542677,0.5452403,0.48806185
2024-11-13,0.5404278,0.50001484,0.42160782,0.49553576,0.54543555,0.4882254
2020-06-06,0.5404013,0.5001272,0.4217553,0.4955482,0.54533976,0.4881554
2023-06-30,0.5385536,0.4981612,0.4200162,0.49360746,0.5433054,0.48635757
2019-10-06,0.5397795,0.4998546,0.4212255,0.4950861,0.54481214,0.4876304
2020-05-20,0.5405157,0.5001754,0.42177215,0.49558133,0.5454399,0.4881366
2020-03-26,0.5405838,0.5002828,0.42184225,0.4956468,0.5453837,0.48827326
2024-06-20,0.53983223,0.49958852,0.42131758,0.4944371,0.5446854,0.48724848
2021-03-05,0.5403239,0.5000636,0.42167154,0.49546927,0.5451946,0.48806366
2023-11-12,0.54021907,0.49988583,0.42119744,0.49501795,0.5449691,0.48775265
2020-03-01,0.5397902,0.4996436,0.4213306,0.49536687,0.54482263,0.48778623
2024-04-05,0.54031676,0.5000037,0.42163688,0.49541205,0.5452125,0.48812798
2024-11-03,0.54012775,0.49953538,0.42124343,0.49524882,0.54519045,0.48798588
2022-07-18,0.53939486,0.49920014,0.42079508,0.49441776,0.54412967,0.48721236
2020-07-29,0.5404531,0.5002013,0.42171624,0.49556082,0.5453787,0.48815995
2020-10-10,0.54019254,0.5000859,0.42154348,0.49544674,0.54521483,0.4879911
2023-01-28,0.538988,0.4987143,0.42048052,0.49432442,0.54404783,0.4869776
2020-11-15,0.5406039,0.50039047,0.4218659,0.49574253,0.5455671,0.48838294
2020-12-17,0.540713,0.50051475,0.42198357,0.49584803,0.5456531,0.4884637
2022-05-05,0.54027635,0.500031,0.4215714,0.49539572,0.545195,0.48798907
2021-12-28,0.5407684,0.5005467,0.42203283,0.4958907,0.5457146,0.4884935
2023-12-08,0.5405971,0.5004206,0.42188445,0.49579105,0.5456137,0.48844072
2021-01-02,0.54067886,0.500483,0.42196786,0.49585694,0.54562855,0.48844674
2024-06-13,0.5384926,0.4985602,0.42025107,0.4942096,0.5441606,0.48675156
2023-05-07,0.5406177,0.5003189,0.42189986,0.49568635,0.54553294,0.48836213
2024-01-02,0.5407157,0.5004826,0.4219609,0.49586946,0.54567426,0.48847723
2022-09-07,0.53891647,0.4990333,0.42032975,0.49430588,0.5437296,0.4866972
2022-02-08,0.54056543,0.50035787,0.42185736,0.4957375,0.5455265,0.4883334
2019-10-16,0.54003954,0.50005555,0.421346,0.49529877,0.54501903,0.4878356
2020-05-10,0.5405587,0.5002621,0.421864,0.49569038,0.5454852,0.48826537
2019-05-31,0.5404707,0.49999493,0.4206448,0.49377877,0.5441231,0.48649597
2022-08-26,0.53565776,0.49700814,0.41754606,0.49147746,0.5421753,0.48461902
2024-09-01,0.53913003,0.49897724,0.4205944,0.49439573,0.5440348,0.48698422
2024-10-28,0.53986055,0.49905682,0.4208526,0.49499756,0.5450088,0.48763424
2024-09-20,0.5396467,0.4996568,0.42095536,0.49480498,0.5445085,0.4874743
2020-09-21,0.5396534,0.49973074,0.42120078,0.49490002,0.5447879,0.48756814
2021-11-10,0.5400168,0.49983484,0.42153302,0.49522066,0.5451299,0.48797128
2023-11-09,0.5401415,0.4998356,0.4211526,0.49495634,0.5448695,0.48763487
2023-10-31,0.5398301,0.49972388,0.42115515,0.4950369,0.5448425,0.48761004
2024-06-16,0.5390654,0.4988538,0.42079225,0.49429458,0.5442853,0.48702002
2020-09-09,0.53917354,0.49926466,0.4207903,0.49435988,0.54404175,0.48719865
2023-04-27,0.54043883,0.49999464,0.42152336,0.49533772,0.5452806,0.48808673
2023-07-25,0.5402345,0.4999503,0.42149124,0.4953651,0.5450786,0.4879689
2021-09-02,0.5397413,0.49988106,0.42134306,0.49527586,0.54493046,0.48783228
2021-11-28,0.5402118,0.49999416,0.42161852,0.4954137,0.5452537,0.48800576
2024-08-06,0.5402749,0.50005025,0.42167255,0.4954612,0.54526025,0.488059
2021-10-05,0.5391631,0.49913302,0.42069602,0.4942714,0.5440086,0.4871397
2023-02-07,0.5388011,0.49850965,0.42031345,0.4942114,0.5439063,0.48689994
2023-09-24,0.5375769,0.49845186,0.41958916,0.4932282,0.54308856,0.4860243
2022-04-17,0.5403698,0.5000457,0.42162776,0.4954485,0.5452834,0.48815387
2021-02-07,0.53996885,0.49977717,0.42145422,0.49549305,0.54497963,0.4879291
2023-04-19,0.5402898,0.49997342,0.42154172,0.495301,0.5451708,0.48805198
2022-02-04,0.540574,0.5003652,0.4218527,0.49573478,0.54553634,0.48833176
2020-05-26,0.5405484,0.5002536,0.42181855,0.4956496,0.5454762,0.4881258
2024-01-15,0.5406912,0.5004831,0.42198366,0.4958712,0.54565275,0.48843867
2022-05-21,0.54020524,0.49987045,0.4214395,0.495193,0.5450775,0.48782837
2022-11-10,0.54024833,0.5000474,0.42164803,0.4954636,0.5452662,0.4880387
2020-10-05,0.5402842,0.50013816,0.42163166,0.49548438,0.54525995,0.48807725
2023-01-26,0.5388618,0.49852178,0.42038634,0.4942064,0.543944,0.4869057
2022-11-07,0.5403247,0.5001141,0.42168024,0.49551785,0.545332,0.48812446
2024-09-04,0.53933156,0.49925303,0.42076254,0.49460888,0.54427785,0.48721758
2021-04-15,0.5403564,0.50009036,0.4216724,0.4954461,0.5452212,0.48812252
2021-01-25,0.54036075,0.50021386,0.42175722,0.49571535,0.54536325,0.48824424
2021-04-09,0.53981155,0.49958625,0.4212012,0.49491152,0.54474044,0.48768288
2021-02-16,0.5402493,0.50000745,0.4216167,0.49561542,0.5451697,0.48812422
2021-12-15,0.54065967,0.5003943,0.42187282,0.49575993,0.54562145,0.4883744
2024-09-19,0.5398404,0.49973437,0.42109165,0.4949558,0.54467094,0.48759744
2023-05-31,0.54072136,0.5004967,0.4219885,0.49581403,0.54565877,0.4884554
2023-04-13,0.5400503,0.49968883,0.4213413,0.49506044,0.5449032,0.48781952
2023-04-21,0.54026777,0.49995208,0.4214858,0.49524742,0.5451322,0.4879726
2020-10-12,0.5402279,0.5001139,0.42162353,0.49546435,0.54522455,0.48802397
2023-09-17,0.53714025,0.49782842,0.4191495,0.49278593,0.5425445,0.4856117
2021-09-16,0.53989667,0.49994457,0.4214229,0.49531984,0.54506415,0.48781538
2020-03-02,0.53963023,0.4995439,0.42126957,0.49531564,0.5447268,0.48768923
2022-01-26,0.5406423,0.5004236,0.42192423,0.49578354,0.5456023,0.48838386
2021-07-10,0.5400369,0.50012904,0.42146727,0.49527514,0.5450591,0.4879999
2021-06-21,0.5390138,0.49896652,0.42052546,0.49425888,0.5441648,0.48705882
2021-10-18,0.5386567,0.49936625,0.42128548,0.4936952,0.5438441,0.48705897
2022-02-14,0.54048496,0.5002779,0.42180026,0.49570668,0.5454507,0.488266
2022-09-21,0.53796685,0.4984947,0.41945288,0.49357668,0.5425555,0.48571482
2023-05-21,0.54067993,0.5003587,0.42185718,0.4955828,0.5455684,0.48835343
2022-05-30,0.5404166,0.50002205,0.42165655,0.49543896,0.5452668,0.48819217
2023-12-14,0.54062384,0.50038886,0.42188102,0.49576122,0.54558706,0.48848292
2020-09-27,0.5403262,0.50011796,0.4216187,0.49547875,0.5452765,0.48813114
2021-02-05,0.5399673,0.49975163,0.4214406,0.4954183,0.54496485,0.4879143
2019-09-30,0.5395815,0.49965918,0.4210747,0.4948904,0.5445668,0.48733428
2019-10-13,0.5398873,0.49997133,0.42127854,0.4951885,0.54494524,0.48773983
2022-08-19,0.5379211,0.49842414,0.41956392,0.4934405,0.5435594,0.48629516
2021-07-28,0.5400928,0.49975026,0.42127526,0.49545524,0.545095,0.48780307
2022-08-25,0.53306586,0.49565816,0.4152537,0.48940402,0.5410706,0.48311266
2021-11-14,0.5400679,0.49981624,0.42145333,0.4953009,0.5451251,0.48794654
2022-02-15,0.54046345,0.5002674,0.42179388,0.49571228,0.5454479,0.4882623
2024-03-29,0.54044396,0.5001347,0.42175114,0.4955764,0.5453433,0.48825207
2023-05-14,0.5407065,0.5003998,0.42192566,0.4956763,0.5456301,0.48837397
2023-01-14,0.53866345,0.4983548,0.42029434,0.49407566,0.5438185,0.48674715
2023-01-10,0.5386563,0.49839666,0.4202979,0.49408275,0.5438146,0.48673347
2021-03-21,0.5395133,0.49923602,0.42088827,0.4946399,0.544376,0.48725706
2021-02-27,0.54045993,0.5002939,0.42184174,0.49573871,0.5453923,0.4882507
2019-10-17,0.54011214,0.50009555,0.42138073,0.49533588,0.5450552,0.48787996
2019-08-18,0.5394389,0.49942976,0.42083907,0.49465922,0.54448384,0.48722905
2022-06-02,0.5403369,0.49995786,0.42165506,0.49540022,0.54521656,0.4881066
2021-03-10,0.54042166,0.5001691,0.4217429,0.49555218,0.54525715,0.4881095
2024-02-14,0.5397866,0.49945825,0.42109033,0.4950512,0.5446982,0.48767218
2020-04-30,0.54056305,0.5002542,0.4218643,0.4956564,0.54551256,0.48830628
2020-10-22,0.5402069,0.50004715,0.4215482,0.49539506,0.5452362,0.48797634
2020-11-09,0.5406116,0.500414,0.42188314,0.4957485,0.5455957,0.48838875
2024-08-25,0.5398779,0.49967137,0.4212048,0.49502358,0.5447643,0.48768005
2023-08-27,0.53882104,0.49866378,0.42032132,0.49411175,0.5438191,0.4867467
2024-04-17,0.5405097,0.5002647,0.42179304,0.49563462,0.54543453,0.4882599
2019-07-13,0.5401712,0.4999739,0.42153183,0.4952914,0.54513055,0.48796442
2021-09-25,0.53963035,0.49963823,0.4210796,0.4949266,0.54473186,0.48752275
2020-09-05,0.53924924,0.4992405,0.42067927,0.4944402,0.54416144,0.48717484
2022-08-15,0.53704286,0.49788103,0.41881913,0.49269053,0.5430981,0.48571888
2019-05-15,0.5404841,0.5001923,0.42174366,0.49557835,0.5453786,0.48821422
2021-11-15,0.5401522,0.49991542,0.42152056,0.495354,0.54519266,0.48799747
2024-05-15,0.53957385,0.499163,0.42077747,0.49454287,0.54442203,0.48717535
2022-03-03,0.5403071,0.5000659,0.4216341,0.49559292,0.54531544,0.48812422
2021-06-16,0.53836757,0.4982779,0.41995895,0.4936205,0.5434373,0.48634383
2023-09-05,0.53613,0.49636298,0.4180655,0.49178103,0.54125017,0.48459277
2024-11-16,0.54035556,0.49981403,0.42147425,0.4954349,0.5454317,0.4882165
2023-06-18,0.5398985,0.49964145,0.42131114,0.49506825,0.54484415,0.487628
2024-10-08,0.5401756,0.4999005,0.421335,0.49532628,0.54513884,0.48796612
2023-05-29,0.5405509,0.5002322,0.42179388,0.49554557,0.54550385,0.48829332
2021-08-12,0.5398164,0.4992161,0.42090327,0.49483225,0.544731,0.4874146
2021-12-10,0.54055995,0.5003187,0.42183247,0.4956994,0.5455485,0.48829588
2021-01-08,0.5406529,0.50044763,0.42195705,0.49586442,0.5456165,0.48843107
2024-10-04,0.5400859,0.4999566,0.42129505,0.49527007,0.5450658,0.487871
2023-07-04,0.5380247,0.49760506,0.41956508,0.4930193,0.5427499,0.48582152
2019-06-10,0.53993374,0.4997755,0.421341,0.49514595,0.54492366,0.4877674
2020-11-25,0.5406834,0.5004281,0.4219028,0.49577475,0.54560316,0.48846233
2020-11-20,0.54064155,0.5003768,0.4218667,0.49572143,0.54556006,0.48841643
2020-05-16,0.5405054,0.50020915,0.42177635,0.4956208,0.5454143,0.4881542
2019-12-15,0.5407341,0.50048465,0.42199895,0.49585974,0.5456812,0.48844254
2023-04-10,0.539388,0.49897778,0.42066944,0.49434665,0.54422724,0.48719323
2019-09-29,0.5395012,0.4996262,0.4210769,0.49484527,0.5445475,0.48729444
2023-04-26,0.54044425,0.5000717,0.4215648,0.49537793,0.545302,0.48810536
2022-06-16,0.53977555,0.49950162,0.42124593,0.49489707,0.54475385,0.48749873
2022-09-15,0.5379239,0.4984579,0.41945535,0.49352476,0.54265565,0.48566398
2021-09-19,0.5396761,0.4997891,0.4212408,0.49507055,0.54484516,0.48757342
2020-11-19,0.5406118,0.50036246,0.42184216,0.49569777,0.54555035,0.4883972
2024-09-03,0.5393134,0.4992106,0.42073798,0.49457684,0.54424876,0.4871725
2024-01-06,0.54071295,0.50049704,0.42198187,0.4958666,0.5456638,0.48847333
2019-10-29,0.5404184,0.50033134,0.42168948,0.49565232,0.5454178,0.48827913
2021-09-20,0.5399305,0.49990085,0.42138308,0.4952196,0.5449731,0.487791
2019-10-21,0.54032177,0.50023055,0.42158768,0.49550617,0.5452776,0.48813853
2023-06-24,0.5400128,0.49965268,0.42137632,0.4950579,0.54486614,0.48767585
2023-07-28,0.54006624,0.49970293,0.4212394,0.4951324,0.5448046,0.4877667
2024-04-27,0.5405666,0.50022984,0.4217295,0.4956266,0.5454195,0.48827833
2023-07-19,0.5405868,0.500366,0.42186126,0.49572197,0.5455194,0.48832995
2024-08-04,0.5401672,0.49997795,0.42157274,0.49535963,0.54515696,0.48799735
2019-09-12,0.5393995,0.49944165,0.42058802,0.49432138,0.54421324,0.48685795
2019-11-11,0.54058325,0.5003906,0.42188114,0.4958085,0.54557496,0.488361
2019-09-19,0.5386698,0.49875873,0.4201513,0.4936927,0.54347193,0.48597828
2023-10-07,0.5376881,0.498288,0.41955164,0.49331543,0.543029,0.48606682
2024-07-20,0.53940564,0.49915254,0.4208794,0.49459055,0.5443017,0.4870895
2023-03-19,0.5393541,0.4987796,0.4205963,0.4945319,0.5443093,0.48719203
2021-12-19,0.5407495,0.50051814,0.42199948,0.49587017,0.54569477,0.48846984
2019-11-19,0.5406257,0.5003944,0.42190582,0.49582428,0.5455925,0.48837146
2020-03-11,0.54021686,0.4999863,0.42163703,0.49552828,0.54517555,0.4880605
2024-11-04,0.54014677,0.49954027,0.42120168,0.49523538,0.5451682,0.48794562
2019-05-07,0.54052705,0.50026023,0.42183205,0.49565148,0.5454504,0.48827752
2021-08-14,0.5401908,0.4997716,0.421265,0.49525762,0.5450731,0.48784545
2019-12-28,0.54075825,0.50051886,0.42202494,0.49588576,0.54570574,0.48848158
2021-04-07,0.5399387,0.49969882,0.4212859,0.49506354,0.54484457,0.48774335
2019-05-02,0.5405422,0.5002642,0.42185777,0.495632,0.5454624,0.4883097
2022-08-20,0.5380152,0.49848995,0.41965625,0.49351582,0.5436135,0.48635894
2024-10-31,0.54009247,0.49946806,0.421149,0.4951996,0.54512924,0.48789972
2022-07-05,0.5395138,0.49952862,0.42103073,0.49478298,0.544328,0.48744303
2021-11-20,0.5401775,0.49997795,0.4215841,0.49539682,0.5452216,0.48798633
2020-05-17,0.54053265,0.5002047,0.4218049,0.49562418,0.5454361,0.48817614
2022-07-24,0.5398926,0.49965763,0.42119807,0.4949829,0.5445991,0.48766422
2023-09-14,0.53628254,0.49674717,0.418364,0.49193,0.5415059,0.48471063
2019-11-21,0.5406355,0.50040054,0.42190567,0.49582803,0.5456014,0.4883803
2020-09-01,0.5399903,0.499937,0.4213411,0.4951485,0.5448863,0.4878435
2024-06-12,0.53903127,0.49891245,0.42066798,0.4945243,0.5444146,0.48711842
2023-08-15,0.53911966,0.49884635,0.42049593,0.4943157,0.543939,0.48695403
2024-12-01,0.5406167,0.5002377,0.42177415,0.4957103,0.54563904,0.48843685
2021-12-01,0.5403126,0.50005233,0.4216716,0.49548355,0.5453306,0.4880881
2021-07-08,0.5403639,0.5002619,0.42162794,0.4955341,0.54521614,0.48810968
2022-01-13,0.54077786,0.5005553,0.42204386,0.49591064,0.5457207,0.48850513
2020-03-18,0.5405919,0.5002668,0.42186522,0.49562028,0.545472,0.4883155
2019-06-15,0.5397035,0.49960062,0.42117712,0.4949808,0.5447307,0.48770913
2023-08-14,0.5388729,0.49856704,0.42025065,0.4940494,0.54363376,0.48673055
2021-09-23,0.53986526,0.499876,0.42127508,0.4951454,0.5449582,0.4876999
2020-12-30,0.5406673,0.5004721,0.4219682,0.4958486,0.54561794,0.4884349
2024-02-25,0.53959143,0.4986633,0.42048472,0.4941943,0.54388434,0.48732507
2024-01-10,0.54070026,0.5004749,0.42197838,0.4958574,0.5456535,0.4884483
2022-02-12,0.54042524,0.5002371,0.42173553,0.4956394,0.5453986,0.48822302
2024-08-05,0.5402084,0.5000077,0.42159757,0.4954159,0.5452076,0.48800665
2024-07-14,0.53913796,0.49936107,0.4208564,0.4944919,0.5442446,0.48687336
2024-07-21,0.539343,0.4990796,0.42077726,0.494541,0.5441715,0.4870827
2021-10-07,0.53933865,0.49936077,0.42096364,0.4943565,0.54420435,0.4872529
2021-04-25,0.5406228,0.500328,0.42189214,0.4957042,0.5455291,0.4883585
2023-02-05,0.5400703,0.49983817,0.42143473,0.49531,0.5450863,0.4879349
2024-01-08,0.5407253,0.50050086,0.42199904,0.49587822,0.5456791,0.48847145
2024-07-04,0.5391437,0.49958917,0.42107132,0.49453488,0.5444696,0.48732534
2024-10-26,0.5399933,0.49919614,0.42092925,0.49510923,0.54499257,0.48768914
2021-03-16,0.5400944,0.49986336,0.4214316,0.49523818,0.5449655,0.4878239
2023-09-12,0.5372149,0.49730292,0.41903055,0.49273208,0.54229546,0.48533243
2022-11-09,0.54027003,0.50003797,0.42164424,0.49546131,0.54526633,0.48806906
2019-12-05,0.5406894,0.5004519,0.42197564,0.49584627,0.54565054,0.48840103
2024-04-02,0.5404865,0.5001422,0.42178968,0.49557114,0.54538363,0.48828584
2022-05-28,0.5401914,0.4997686,0.42141426,0.495183,0.5450321,0.48797113
2024-07-19,0.5393089,0.49912012,0.42084932,0.49450123,0.54421985,0.4870296
2024-08-21,0.54007506,0.49984437,0.42138678,0.49521247,0.5449709,0.4878496
2021-07-03,0.5399941,0.5001266,0.42141813,0.49527276,0.54519427,0.4879995
2021-06-05,0.5400004,0.49980932,0.42148727,0.49516755,0.54508764,0.48777363
2022-05-13,0.5403753,0.50009876,0.42169067,0.4954975,0.54536957,0.48797917
2024-10-13,0.54006654,0.49958014,0.42113143,0.4951554,0.54495066,0.48777306
2019-12-30,0.54076827,0.50053656,0.42203197,0.49589813,0.54570645,0.4884909
2022-04-19,0.5401507,0.49978104,0.42131063,0.4951983,0.5450297,0.4878634
2022-03-14,0.5403214,0.4999771,0.4215769,0.49544266,0.5452055,0.48803475
2019-06-08,0.5398689,0.49978796,0.42133012,0.49507907,0.54498184,0.48772475
2019-04-22,0.5404753,0.500159,0.42176598,0.49555603,0.5453974,0.48819375
2023-08-02,0.5400726,0.49974835,0.42130706,0.4951678,0.5448787,0.48781186
2019-12-10,0.54071355,0.50047356,0.4219947,0.49585828,0.54567504,0.48841694
2021-09-28,0.53969145,0.49956366,0.42112362,0.49493408,0.5446973,0.48765823
2021-07-13,0.5401306,0.5000972,0.42149886,0.49533764,0.54498035,0.48787826
2022-09-30,0.53816146,0.49863473,0.41952872,0.49363542,0.54259646,0.4857126
2023-06-26,0.5398331,0.49943617,0.42118117,0.49492124,0.5446057,0.48750353
2019-08-23,0.53851616,0.49874857,0.41988826,0.49381015,0.54362816,0.4864115
2019-10-19,0.5401607,0.5001206,0.42142144,0.49537998,0.5451471,0.4879965
2024-10-11,0.5400898,0.4996874,0.42123,0.49520558,0.54503417,0.48783758
2019-11-29,0.54065025,0.5004127,0.42195627,0.49583477,0.5456207,0.48838818
2023-09-29,0.537181,0.4980591,0.4192782,0.49293992,0.54271245,0.48569694
2024-01-21,0.5406415,0.50042766,0.42193344,0.49583894,0.5456118,0.48840535
2020-02-24,0.5402863,0.50006014,0.42166692,0.49563193,0.54526424,0.48812202
2019-05-12,0.5405065,0.5002131,0.42179665,0.49560228,0.54542536,0.48823035
2021-02-12,0.53996634,0.49981922,0.42144182,0.49553752,0.5449634,0.48792377
2024-12-05,0.5405949,0.500185,0.4217488,0.49569425,0.54563713,0.48842588
2020-12-07,0.5407436,0.5005411,0.42201108,0.49587545,0.54569364,0.4884955
2020-03-08,0.53977776,0.49962917,0.4213632,0.4953953,0.54481274,0.48776639
2020-10-11,0.54018474,0.5000613,0.42154452,0.49540022,0.5451897,0.48797962
2023-06-03,0.5395864,0.49931583,0.4209507,0.49452466,0.5444092,0.48727664
2019-09-04,0.5381099,0.49893868,0.41955307,0.49344113,0.5431941,0.48576033
2024-12-26,0.5406514,0.50033385,0.4218207,0.49577394,0.5456492,0.48852664
2023-12-07,0.5406092,0.5004001,0.42185852,0.49577376,0.54558575,0.48847395
2023-02-21,0.53923947,0.4988835,0.4205085,0.49458355,0.5442852,0.48711714
2022-01-22,0.54073155,0.50051963,0.422003,0.495867,0.5456816,0.488461
2021-05-06,0.5405811,0.50025296,0.4217931,0.49562946,0.5454481,0.48830992
2024-03-12,0.53985095,0.49955192,0.42133737,0.49522972,0.5448028,0.4877581
2023-10-06,0.53769535,0.4982574,0.41957733,0.493279,0.5430042,0.48602575
2022-09-18,0.5381932,0.49859324,0.4196594,0.4937869,0.5427799,0.4859373
2021-12-11,0.54059213,0.5003209,0.42184335,0.49572095,0.5455851,0.48833382
2022-02-19,0.5403917,0.50022644,0.42177665,0.49573785,0.54540867,0.4882329
2023-10-25,0.5396564,0.49958432,0.42105186,0.4949028,0.5446386,0.48750308
2019-04-23,0.54053307,0.5002797,0.42183316,0.49563873,0.5454645,0.48827565
2022-09-11,0.53873837,0.49894994,0.42015642,0.4942233,0.5434654,0.48652622
2019-10-02,0.5396004,0.49973002,0.4210599,0.49493033,0.54462695,0.48735863
2022-01-19,0.5407446,0.50053376,0.42202288,0.49588448,0.5456876,0.48847508
2022-11-23,0.53968334,0.49947312,0.42114165,0.49495932,0.54472226,0.4875746
2023-12-28,0.54072154,0.5004812,0.42197055,0.4958621,0.54566395,0.48848635
2021-05-31,0.54090416,0.50024104,0.42049608,0.49324512,0.5438833,0.48606583
2021-10-29,0.5381379,0.4992053,0.42169133,0.49355635,0.54389155,0.48705065
2024-04-09,0.5405522,0.5002868,0.42186227,0.49568656,0.5454757,0.4883463
2021-12-14,0.5406356,0.50039124,0.4218735,0.4957625,0.5456329,0.48835406
2023-10-22,0.5395562,0.49958026,0.42100546,0.49482852,0.54460007,0.48746586
2021-02-19,0.5404956,0.50021,0.42178944,0.4956968,0.5453879,0.4882846
2022-05-11,0.5403784,0.5001139,0.4216709,0.4954997,0.5453427,0.48803225
2019-09-22,0.53878736,0.49889535,0.42030227,0.4938183,0.54354584,0.48606387
2021-07-27,0.5399518,0.49967238,0.42116392,0.49537575,0.54497916,0.48760635
2023-03-25,0.5400655,0.49972114,0.4213191,0.49528795,0.54506624,0.48784807
2022-04-12,0.5401098,0.4997799,0.42143548,0.4951546,0.54502434,0.48794115
2020-04-21,0.5404016,0.5001001,0.42171115,0.49548525,0.54532564,0.4881962
2019-11-02,0.5404552,0.5002896,0.4217495,0.49568817,0.5454488,0.48824188
2023-03-13,0.5397411,0.49942595,0.42100108,0.49501368,0.54476035,0.48755813
2020-09-22,0.53994966,0.49990025,0.4214155,0.49513465,0.545071,0.4877877
2023-09-01,0.5379544,0.4980313,0.41962355,0.4933947,0.5429926,0.48612747
2021-02-28,0.540569,0.5003404,0.42188862,0.49575004,0.5454529,0.48832586
2022-06-05,0.5398946,0.49949542,0.42140836,0.49496207,0.5449063,0.48762324
2023-06-05,0.5395832,0.49935883,0.42100453,0.49469954,0.54446465,0.48740515
2020-03-17,0.54057616,0.5002606,0.42182803,0.49561378,0.5454502,0.48827934
2023-04-06,0.53970146,0.49939728,0.42100757,0.49474254,0.54460686,0.48753992
2023-02-18,0.5394452,0.49904048,0.42072445,0.49481001,0.54448366,0.48738265
2019-07-14,0.5401836,0.499992,0.4215457,0.4953204,0.5451555,0.48797786
2023-12-15,0.5406474,0.5004423,0.42193335,0.4958111,0.545637,0.48846057
2024-07-22,0.5382719,0.49807483,0.41982117,0.49350896,0.5431907,0.48609695
2021-03-30,0.53761303,0.49737245,0.41894004,0.49275583,0.5427216,0.48554683
2023-04-17,0.53985745,0.49952683,0.42111444,0.49481252,0.5447125,0.4876466
2020-03-07,0.53970355,0.49959514,0.42133194,0.49540257,0.54477376,0.48772094
2024-03-06,0.5398746,0.49948108,0.42129907,0.49526486,0.5449728,0.48756793
2020-10-30,0.5405111,0.50035745,0.4218004,0.49564973,0.5455004,0.48830947
2020-09-16,0.53937095,0.49958384,0.4212854,0.49462444,0.5444576,0.48745888
2023-01-03,0.538556,0.49827778,0.42018446,0.49390507,0.54366,0.48658913
2023-07-22,0.53999513,0.49964324,0.42123625,0.4950619,0.5448019,0.48770976
2024-08-29,0.5394561,0.49931684,0.420906,0.49470955,0.5443985,0.4873181
2022-12-24,0.53865695,0.49844214,0.42026815,0.49403828,0.54376304,0.4867289
2020-02-25,0.5402439,0.500063,0.42166132,0.49564767,0.54524857,0.48811364
2021-09-22,0.53989893,0.4999262,0.42133975,0.49518996,0.5449827,0.48774946
2022-09-29,0.53792465,0.49848646,0.4193605,0.49347633,0.54242235,0.4855349
2023-01-01,0.5385889,0.49832714,0.4201972,0.49395013,0.54368323,0.48664707
2019-04-30,0.5404322,0.50014055,0.42175776,0.49551916,0.54534626,0.48818973
2022-08-12,0.53896576,0.49903247,0.42052284,0.4942872,0.54418784,0.48700124
2020-03-28,0.5399004,0.49955264,0.42118227,0.4948933,0.54467124,0.4876338
2021-08-17,0.5404543,0.50017077,0.42170668,0.49558905,0.54543006,0.48825935
2019-04-07,0.540115,0.4997162,0.42134762,0.49515235,0.5449521,0.48785636
2021-11-27,0.54024535,0.5000025,0.4216239,0.49544322,0.54528445,0.48803824
2022-07-04,0.5393619,0.4994219,0.42090774,0.49464872,0.5441955,0.48732546
2019-07-03,0.5401406,0.49989316,0.42147782,0.49531785,0.5450118,0.4879348
2021-08-25,0.5402901,0.50008696,0.4216062,0.49547514,0.54532075,0.4880969
2022-06-23,0.540128,0.49999338,0.42155045,0.49531972,0.54517335,0.48795363
2024-12-12,0.54069734,0.5004306,0.42191243,0.4958261,0.545679,0.48849976
2022-07-21,0.53968155,0.4994778,0.4210506,0.49475554,0.5443987,0.4874805
2022-07-02,0.53913474,0.49950594,0.4208413,0.4944708,0.5442268,0.48723766
2021-08-29,0.54009044,0.49996483,0.4214299,0.49536347,0.5450776,0.48802745
2023-09-02,0.5370331,0.49717116,0.41885662,0.49255306,0.54209393,0.48534793
2021-01-14,0.5405882,0.5004075,0.42192218,0.49583548,0.54556334,0.48838738
2019-12-01,0.5406749,0.5004412,0.4219631,0.49585283,0.5456407,0.488386
2022-11-19,0.5399475,0.49974775,0.421362,0.49519774,0.5449912,0.487803
2021-07-17,0.53853726,0.49956062,0.42121264,0.4940866,0.5440823,0.48707262
2021-02-15,0.54022324,0.5000203,0.42161843,0.4956366,0.54516375,0.488093
2019-09-06,0.53916115,0.49937007,0.4206021,0.49443662,0.544175,0.48688766
2021-07-12,0.5399082,0.5000904,0.42138022,0.4951851,0.5448909,0.4878567
2022-01-25,0.54067945,0.50047576,0.4219605,0.4958227,0.5456291,0.48842242
2024-02-12,0.54016167,0.49994004,0.42149678,0.49547946,0.5451517,0.48803243
2019-07-18,0.5399857,0.49994606,0.42136577,0.4952044,0.54512244,0.4878703
2020-07-01,0.5402437,0.5001606,0.42159706,0.4954278,0.54531187,0.48807713
2019-09-13,0.53921795,0.49927345,0.42046264,0.4940406,0.5439715,0.48661715
2024-06-30,0.5395802,0.49957132,0.4212291,0.49482512,0.5446318,0.48753992
2019-04-21,0.5404882,0.5001433,0.42172822,0.49554643,0.5453818,0.4881671
2023-08-04,0.539897,0.4996065,0.4211705,0.49501616,0.5447171,0.48767534
2024-09-18,0.54007566,0.49993944,0.4213361,0.49524158,0.54492813,0.48784313
2021-01-07,0.54066706,0.50046444,0.42197704,0.49588004,0.54563123,0.48843044
2020-06-23,0.53556585,0.49808156,0.42182073,0.49111226,0.5421018,0.48592654
2023-12-12,0.5406541,0.5004135,0.42188403,0.49578965,0.5456099,0.488498
2020-07-07,0.5394163,0.49965703,0.42087248,0.49472702,0.54476964,0.48749074
2019-11-23,0.5406425,0.50039124,0.42190486,0.4958087,0.5456042,0.48837334
2022-01-11,0.5407841,0.5005698,0.42205396,0.49592102,0.5457243,0.48850468
2020-06-21,0.5362491,0.49838263,0.4218713,0.4916617,0.542517,0.4861543
2022-03-09,0.540078,0.49989083,0.42153758,0.49552488,0.54510194,0.48797747
2024-01-23,0.54059535,0.5004058,0.42190215,0.4958186,0.5455666,0.48838305
2024-03-27,0.5403251,0.5000441,0.42165387,0.4954804,0.54523176,0.48815808
2020-07-11,0.5391177,0.49923182,0.42060533,0.4943885,0.5443365,0.48713234
2021-10-02,0.53936803,0.49930578,0.420858,0.49463233,0.544346,0.4873727
2023-04-29,0.5405201,0.50020945,0.42173925,0.4955571,0.5454153,0.48822832
2024-06-21,0.5400501,0.49977812,0.421491,0.49485824,0.544958,0.48769617
2020-02-06,0.5407298,0.5003543,0.42177585,0.4957437,0.5454948,0.4884124
2024-03-23,0.54038894,0.5001231,0.42174947,0.49559844,0.54531026,0.4882242
2023-01-16,0.5386538,0.49836245,0.4202813,0.49404934,0.5437947,0.48673415
2022-08-27,0.5370478,0.4979367,0.41878146,0.49273637,0.54292834,0.48559898
2023-10-09,0.5375519,0.49828738,0.41950753,0.49318436,0.54293215,0.48600394
2024-06-06,0.5401329,0.49989817,0.42158717,0.49537277,0.5452399,0.4879119
2019-10-22,0.5403271,0.50024444,0.4215856,0.49551764,0.5453027,0.48815718
2024-02-27,0.539925,0.49949124,0.421202,0.49509403,0.5447603,0.48757467
2023-05-12,0.54061127,0.5003027,0.4218682,0.49563375,0.5455388,0.48832154
2021-01-12,0.5406034,0.50041187,0.42194715,0.49583396,0.545588,0.48840433
2020-06-26,0.5395378,0.49975717,0.42151624,0.4947629,0.5447922,0.4877007
2022-01-03,0.54076564,0.50053984,0.42203733,0.49589035,0.54571235,0.48848835
2021-06-25,0.54003716,0.49992615,0.4216025,0.49526322,0.5451671,0.48797792
2021-09-07,0.53978175,0.49979386,0.42134914,0.4952261,0.5448557,0.48767847
2022-02-17,0.5404512,0.50026065,0.42179978,0.49572894,0.5454364,0.4882663
2023-02-19,0.5394343,0.49901512,0.42071247,0.49477807,0.5444612,0.48738214
2024-05-22,0.5392656,0.49891612,0.4206211,0.49428618,0.5441051,0.48706338
2022-11-14,0.5402536,0.50006235,0.42162156,0.49545887,0.54526097,0.4880659
2022-12-30,0.5396809,0.4994806,0.4211403,0.49493736,0.5446884,0.48756656
2021-11-23,0.5400755,0.49986705,0.4215039,0.4952936,0.5451199,0.48789966
2022-03-08,0.53993344,0.49981445,0.42145795,0.4955085,0.54498976,0.48791888
2022-11-02,0.54020715,0.5000033,0.4215199,0.49539602,0.5451889,0.4880204
2024-11-12,0.5403446,0.4998402,0.42147794,0.49544293,0.5453927,0.48817456
2022-07-09,0.5392409,0.49922562,0.42085508,0.4944596,0.5439732,0.48721147
2022-02-28,0.53992474,0.49979684,0.4214527,0.49549937,0.54502606,0.4879081
2021-08-21,0.5403872,0.500223,0.42138368,0.49565864,0.54546994,0.48818114
2020-04-22,0.5404116,0.5000827,0.4217214,0.4954995,0.54534465,0.4882156
2019-11-25,0.5406057,0.50036055,0.4218875,0.49579585,0.5455683,0.48835975
2019-07-01,0.54022366,0.49994457,0.4215558,0.49540174,0.54501337,0.4880112
2021-03-26,0.53733116,0.49703407,0.41876402,0.4924634,0.5423084,0.4852629
2022-01-02,0.5407395,0.5004994,0.42201057,0.49585477,0.545676,0.48846826
2024-02-03,0.54020345,0.49994743,0.4214876,0.49539626,0.54515254,0.4880288
2021-03-04,0.54031885,0.50000674,0.42165354,0.4954193,0.54517233,0.48805732
2020-07-27,0.5403093,0.5001002,0.4216414,0.4954708,0.54524475,0.4880711
2019-07-08,0.54004484,0.49985114,0.42143846,0.4951954,0.5449734,0.48782894
2022-08-14,0.5373365,0.49803087,0.4190664,0.49290684,0.5432526,0.485903
2020-09-02,0.5399477,0.49993515,0.4213637,0.49512655,0.5448675,0.48785517
2021-08-26,0.5402022,0.49997604,0.42157486,0.49533084,0.5452227,0.48799786
2022-09-20,0.53798085,0.49845898,0.41943145,0.49356797,0.5424791,0.48570538
2020-03-12,0.54035586,0.5001102,0.42170718,0.49555638,0.54529613,0.4881732
2019-05-29,0.5403749,0.49991477,0.42114666,0.4948242,0.5447741,0.4875577
2023-05-28,0.54050344,0.5002023,0.42176047,0.4954995,0.54546034,0.48826912
2020-02-07,0.54075474,0.5003552,0.42176774,0.49574327,0.54548275,0.4884335
2021-12-13,0.54062754,0.50035685,0.42185998,0.4957301,0.54560214,0.48834643
2024-11-10,0.54026276,0.499635,0.421307,0.49536043,0.5453301,0.48809424
2023-10-03,0.5375917,0.49799818,0.41945603,0.49317136,0.5428444,0.4858788
2022-07-03,0.53909993,0.49945432,0.42077824,0.49446252,0.544104,0.48720658
2024-04-03,0.5404626,0.50016,0.42177466,0.49556014,0.545364,0.4882552
2020-07-12,0.5388185,0.49883446,0.42030942,0.49404818,0.5439346,0.48676002
2020-05-07,0.5405597,0.5002852,0.42184785,0.49567503,0.545475,0.48826855
2020-02-23,0.5403079,0.49997532,0.4215218,0.49549314,0.5451505,0.4881023
2021-08-03,0.5401476,0.4992078,0.42071947,0.49568036,0.5442699,0.48722684
2023-11-18,0.5403697,0.50015646,0.42162004,0.49553132,0.54539037,0.4881674
2024-01-19,0.5406615,0.50045836,0.42196217,0.49585295,0.5456222,0.48843065
2022-07-15,0.5393943,0.49924928,0.42089564,0.49449807,0.5440473,0.4872367
2024-10-30,0.54004574,0.49939254,0.4211507,0.49516067,0.5451275,0.48788166
2019-09-11,0.53950804,0.49949542,0.42071947,0.49444515,0.5443433,0.48702747
2021-09-18,0.5396908,0.4998415,0.4212744,0.49514407,0.5448943,0.4875635
2019-04-26,0.5404829,0.5001862,0.42183205,0.49559018,0.5454178,0.4882408
2023-01-02,0.53861225,0.49834374,0.42024702,0.49398044,0.54372287,0.4866667
2021-12-07,0.5404983,0.5002286,0.4217596,0.49563146,0.54551136,0.48825377
2023-10-20,0.53932184,0.49942115,0.42082003,0.49461326,0.5444098,0.48727542
2020-11-21,0.5405941,0.50036937,0.42186788,0.49569285,0.545545,0.48839203
2021-05-08,0.540617,0.50019306,0.4217003,0.49556968,0.5453918,0.4882997
2019-10-04,0.5396838,0.49975902,0.4211514,0.49499395,0.54470074,0.4874896
2020-01-25,0.54073966,0.5004808,0.42195198,0.4958358,0.5456264,0.48846108
2021-06-20,0.5354883,0.49672228,0.4173814,0.49126655,0.54217577,0.48462763
2020-12-26,0.5407051,0.5005017,0.42197064,0.49584392,0.5456266,0.4884369
2020-12-27,0.5406854,0.50049764,0.42196277,0.49584392,0.54562956,0.488429
2021-04-01,0.53838766,0.49805683,0.4195342,0.49345356,0.5435129,0.48630282
2021-06-01,0.5406172,0.5001077,0.4208793,0.4939203,0.5443216,0.48670173
2023-03-30,0.5397146,0.49933428,0.42103785,0.4947336,0.54460555,0.4875753
2023-04-25,0.54051924,0.5001945,0.42171043,0.49553576,0.5454119,0.4882225
2020-08-26,0.5402664,0.5001203,0.42157707,0.49541357,0.5452345,0.4880489
2022-01-04,0.5407671,0.5005479,0.42203596,0.49589622,0.54571205,0.488495
2022-11-18,0.5400386,0.49986795,0.42145863,0.4952917,0.5450676,0.48789153
2021-04-21,0.54054195,0.50029516,0.42184794,0.49562514,0.5454597,0.48832324
2021-09-13,0.5395034,0.49967846,0.42108858,0.49502486,0.5447285,0.48744372
2024-11-28,0.54050624,0.50004727,0.4216574,0.4955951,0.5455809,0.48837835
2022-12-27,0.5386359,0.49840525,0.42025873,0.49400565,0.54374045,0.48670354
2019-07-24,0.53846097,0.49848711,0.41996855,0.4936852,0.5436072,0.4864388
2021-11-05,0.5381515,0.49925238,0.42173314,0.49367356,0.54397947,0.48698416
2020-09-20,0.53961885,0.49974823,0.42116916,0.49489215,0.5447501,0.4875414
2023-09-22,0.53811985,0.49852884,0.41991928,0.49359804,0.54334885,0.48636168
2024-07-10,0.53939,0.49967834,0.4213134,0.49485233,0.544581,0.48747817
2021-08-02,0.5400595,0.4991617,0.4207209,0.49557197,0.54436314,0.48720133
2022-03-12,0.5404305,0.500153,0.4217039,0.49563533,0.5453514,0.48819932
2019-08-29,0.5383318,0.4987627,0.419709,0.49367484,0.5434032,0.48605204
2021-08-24,0.5403005,0.50012976,0.42122406,0.49555698,0.5453628,0.48809662
2019-06-14,0.5395199,0.4995516,0.42105526,0.49478495,0.5447049,0.48759264
2021-10-31,0.53743327,0.4988748,0.42173433,0.49290746,0.54341584,0.4867049
2020-12-20,0.5407242,0.5005273,0.4220047,0.4958798,0.5456686,0.48846608
2024-06-08,0.5399966,0.4997099,0.4213564,0.49519217,0.5450206,0.48785895
2021-11-04,0.5384536,0.49942893,0.42173767,0.4940684,0.5443389,0.4870889
2024-03-17,0.53993106,0.49965024,0.42136353,0.49520135,0.5448531,0.4878403
2019-10-27,0.5402578,0.5002289,0.42155418,0.49555534,0.5453315,0.48812228
2019-07-04,0.53996813,0.4998321,0.4214156,0.49514827,0.5449536,0.48782367
2021-01-03,0.5406945,0.5004894,0.42197177,0.49586818,0.5456299,0.48845017
2023-11-16,0.54034704,0.50011337,0.4215436,0.49544024,0.5452806,0.48810115
2021-06-10,0.5400207,0.49997258,0.42157003,0.49520755,0.5451319,0.48789403
2020-04-04,0.5402506,0.49985865,0.42150572,0.4952641,0.5450003,0.48790306
2023-08-17,0.53949094,0.49919188,0.42079014,0.49463034,0.54432684,0.48724517
2021-02-21,0.5406037,0.5003238,0.42189443,0.49574697,0.5455165,0.48838243
2023-11-02,0.5399898,0.49984223,0.4212759,0.49513957,0.5449471,0.48771963
2022-08-02,0.54031897,0.5001088,0.42166522,0.4954664,0.5452271,0.4881248
2021-02-20,0.5405529,0.50028455,0.4218558,0.49572894,0.5454791,0.48836282
2024-10-15,0.5400395,0.4995401,0.42107284,0.49515405,0.5449233,0.4876786
2024-08-26,0.53984404,0.49961114,0.42117745,0.49501362,0.54473424,0.48762187
2020-02-27,0.54013366,0.49998075,0.42160818,0.4956081,0.54515165,0.48803958
2024-07-24,0.53900844,0.49881104,0.42044267,0.49423972,0.543843,0.48680082
2022-05-26,0.5389961,0.4986817,0.42040518,0.49407727,0.54382485,0.48684442
2023-07-06,0.5380615,0.49769717,0.41956466,0.493123,0.5427616,0.48574072
2024-07-08,0.5382827,0.49953017,0.42085376,0.49392018,0.54401773,0.48696178
2021-08-10,0.53955084,0.49913603,0.42092392,0.4945333,0.54456794,0.48730922
2021-10-21,0.53939897,0.49970824,0.421558,0.49465623,0.5446518,0.48767143
2023-01-11,0.53864634,0.4983852,0.42028576,0.49406028,0.5438008,0.48670432
2024-04-21,0.54033566,0.50007534,0.42160368,0.49543792,0.5452346,0.48808536
2021-01-11,0.5406256,0.500428,0.42194018,0.49584064,0.54558754,0.48840955
2021-05-19,0.54062355,0.500338,0.42185867,0.49570844,0.545556,0.48831335
