date,h0,h1,h2,h3,h4,h5
2024-07-06,0.42407933,0.52465415,0.5522449,0.5455149,0.49729165,0.5618434
2022-01-31,0.42556164,0.52658695,0.5539992,0.5470808,0.49912,0.56328195
2022-05-25,0.42401537,0.5248475,0.5521206,0.54520124,0.49722108,0.5612698
2020-10-05,0.42519644,0.52627623,0.55361146,0.5466647,0.49877,0.56282234
2023-02-21,0.42464763,0.52600706,0.55324,0.54625696,0.498445,0.56242305
2020-06-08,0.4253907,0.526501,0.55380565,0.54692775,0.49889392,0.56309706
2021-07-18,0.42420027,0.5249567,0.5529029,0.54545265,0.49800274,0.5621791
2021-03-30,0.42278323,0.52384734,0.55094856,0.54436296,0.4960671,0.5600121
2021-01-28,0.42521068,0.52617097,0.55356175,0.546624,0.49889523,0.562862
2024-01-21,0.4255032,0.52655023,0.55393344,0.54699063,0.49907812,0.56322384
2021-09-25,0.42460832,0.52590346,0.55294514,0.5460821,0.49808392,0.56209654
2023-01-22,0.42562854,0.5265651,0.55391085,0.5470844,0.49899626,0.56328434
2024-04-13,0.42534664,0.5264024,0.5537576,0.5468684,0.49883282,0.5630224
2023-06-17,0.42480382,0.5260113,0.5531961,0.54629785,0.4982695,0.56239766
2021-07-06,0.42528263,0.5262785,0.55364525,0.54681814,0.49870032,0.5629434
2019-07-05,0.42493355,0.5258957,0.5532241,0.54636014,0.4983255,0.56243306
2019-10-15,0.42499322,0.5260668,0.5533498,0.54651105,0.4985662,0.562521
2022-02-06,0.42552304,0.5265313,0.5539227,0.54701495,0.49907592,0.5632221
2020-01-02,0.4256272,0.52668077,0.55408776,0.5471737,0.49917,0.5633592
2021-12-31,0.42562002,0.5266523,0.55404156,0.5471464,0.49916115,0.56333435
2020-11-06,0.42556915,0.5265896,0.55398214,0.54708815,0.49908176,0.56326175
2023-11-06,0.42495278,0.52602935,0.5532789,0.5463429,0.498447,0.5624558
2019-06-12,0.4249263,0.52581817,0.5531971,0.5463847,0.49830985,0.5624574
2024-03-04,0.42439875,0.5257683,0.55307174,0.5457809,0.49819267,0.5621715
2021-04-22,0.42543545,0.5265141,0.5538694,0.546976,0.49894816,0.5631268
2022-12-08,0.42562643,0.52661306,0.5539539,0.54711926,0.49908632,0.56328124
2024-11-18,0.42539477,0.5262619,0.55368453,0.54691094,0.49879923,0.56320226
2024-09-29,0.42414144,0.5259526,0.55288714,0.54571664,0.49804372,0.56204945
2024-10-25,0.4245417,0.52543133,0.5527161,0.5461702,0.4978737,0.56302756
2020-02-08,0.42543146,0.5264994,0.55388117,0.54697526,0.4990755,0.5629371
2021-06-18,0.42284,0.523569,0.55091125,0.54389954,0.4960643,0.5599783
2020-02-03,0.42552653,0.5265683,0.553971,0.5470443,0.49909487,0.56316996
2022-12-03,0.42560932,0.5266233,0.5539755,0.54712206,0.49910432,0.563303
2022-03-20,0.4252313,0.5264548,0.55372787,0.5469211,0.49894592,0.5629063
2019-05-30,0.42469397,0.5263652,0.55315685,0.5458473,0.49849406,0.56179535
2023-10-13,0.42360246,0.5241598,0.5513544,0.54491395,0.4967072,0.5610047
2024-02-09,0.4250258,0.52601033,0.5533243,0.54640365,0.4985454,0.5625531
2021-10-25,0.42439893,0.52477,0.5528822,0.5452744,0.49783775,0.5621518
2022-03-11,0.42518628,0.5263325,0.5536251,0.5467256,0.4988551,0.5628687
2024-09-25,0.42209977,0.52492344,0.55143195,0.5438745,0.49654722,0.56043506
2020-02-26,0.4250771,0.52600193,0.5533951,0.5463928,0.49874502,0.56266296
2020-09-05,0.42406175,0.5251536,0.55242276,0.5454538,0.49774027,0.5615037
2023-03-25,0.424989,0.52618027,0.5535608,0.54643506,0.4985667,0.5626098
2023-11-03,0.42489678,0.5259942,0.5532844,0.5463083,0.49843433,0.562399
2019-04-07,0.42487594,0.526041,0.55325216,0.5464268,0.49840176,0.5623988
2022-01-12,0.42563868,0.52668047,0.5540668,0.5471665,0.49918392,0.5633604
2023-10-02,0.42295203,0.5236422,0.5507769,0.5439743,0.496225,0.5601306
2022-08-30,0.42127788,0.52144796,0.5509239,0.54160255,0.49482447,0.5576563
2019-09-09,0.42455104,0.52561694,0.5527824,0.5459018,0.49817586,0.5616989
2023-04-20,0.42525032,0.52632034,0.55375,0.5467408,0.49874976,0.5628509
2024-08-04,0.425109,0.5261977,0.55348736,0.5465998,0.4985456,0.56269854
2019-06-19,0.42439333,0.5251423,0.5526229,0.54566586,0.49764922,0.56180114
2024-01-26,0.4254117,0.5264364,0.55381596,0.54687315,0.49898592,0.5631075
2023-01-03,0.4255583,0.52648616,0.5538849,0.5470356,0.498984,0.56324756
2020-08-05,0.42524642,0.52631813,0.55362505,0.54671925,0.4987569,0.5628925
2021-07-31,0.42448324,0.52595574,0.55305475,0.54623467,0.49817076,0.56281734
2021-07-03,0.42507195,0.5260303,0.5535674,0.5465898,0.4985394,0.56273776
2024-12-07,0.42552006,0.52642614,0.55384195,0.5470841,0.49896228,0.5633302
2024-12-01,0.42551085,0.5264269,0.5538319,0.5470696,0.49893993,0.5633105
2022-08-02,0.42521062,0.52625316,0.553561,0.54670537,0.49868384,0.5627924
2021-05-01,0.42534095,0.52645355,0.5537628,0.54689676,0.49888793,0.5630144
2023-05-17,0.42555615,0.52665263,0.5538773,0.5469672,0.49894413,0.56307244
2024-02-29,0.42442316,0.52582055,0.55310935,0.54571974,0.49824587,0.5621195
2021-06-25,0.42501795,0.5262159,0.5533143,0.5465841,0.49845406,0.562707
2020-10-29,0.42546064,0.5264422,0.55383825,0.54692495,0.49894947,0.5630734
2020-08-28,0.42458418,0.5256607,0.5529861,0.5459797,0.4981438,0.5621132
2020-10-09,0.42508063,0.52618253,0.5534832,0.5465479,0.49866936,0.562714
2024-01-19,0.42553025,0.5265747,0.5539625,0.54702824,0.4991112,0.56325054
2020-11-13,0.42557797,0.5265466,0.55392885,0.54703635,0.49905574,0.56321216
2022-07-14,0.42429134,0.52524763,0.5525186,0.5455045,0.4975903,0.56148064
2023-10-25,0.42465824,0.52564555,0.55295134,0.54605186,0.49814203,0.5621572
2024-02-24,0.42482585,0.52540916,0.55270034,0.5453827,0.49768406,0.5614484
2022-09-07,0.42389905,0.5245924,0.5521069,0.5451005,0.49759984,0.56100166
2019-09-08,0.4245839,0.5255842,0.5527853,0.5459096,0.49818468,0.56176525
2024-12-25,0.42554432,0.52651334,0.5538994,0.547122,0.4990269,0.5633273
2022-06-12,0.42439643,0.52568763,0.5528939,0.5459466,0.4979572,0.56212056
2022-09-21,0.4230599,0.52349347,0.5510948,0.5441111,0.4969982,0.559813
2019-05-21,0.4252759,0.52633095,0.55360687,0.5468103,0.49886906,0.56284034
2023-09-11,0.4220663,0.52264625,0.5497784,0.5426,0.49527925,0.558852
2021-11-23,0.42560172,0.52659845,0.5539738,0.54707927,0.49907476,0.56329894
2021-11-21,0.4255644,0.52656776,0.5539446,0.54705083,0.49906048,0.563275
2021-05-29,0.42449474,0.5275102,0.5530632,0.5446261,0.4987321,0.5601973
2022-08-23,0.4216087,0.5218118,0.55128515,0.54191995,0.49500078,0.5580405
2020-11-04,0.4255498,0.5265705,0.55397433,0.54707074,0.49905717,0.5632195
2019-09-20,0.42368934,0.5250001,0.55207664,0.54519314,0.49750158,0.5605576
2023-08-17,0.42441773,0.525305,0.5526022,0.5455268,0.49776438,0.561758
2021-03-24,0.42286465,0.523938,0.55104417,0.5444155,0.49633878,0.5600474
2024-06-28,0.4245516,0.5255451,0.5529671,0.5459327,0.49798575,0.56219894
2019-09-30,0.42459545,0.5256489,0.5529241,0.54609674,0.49823493,0.5619389
2023-06-15,0.4248206,0.5261306,0.5532101,0.5463894,0.49828252,0.56244314
2021-01-29,0.42516956,0.52611256,0.5534926,0.5465543,0.4988508,0.56280416
2019-07-04,0.42492872,0.5258558,0.5532041,0.5463414,0.49831566,0.5624562
2024-09-09,0.42458582,0.5255583,0.5528552,0.54586756,0.49807134,0.5620831
2023-12-13,0.42559567,0.5266071,0.55396056,0.54707766,0.4990999,0.56322646
2019-04-24,0.42554703,0.52654225,0.5538917,0.54703987,0.49906036,0.5632027
2022-07-13,0.42430484,0.52532375,0.55254173,0.5455866,0.49760976,0.5615403
2021-01-27,0.4252645,0.5262217,0.55362684,0.5466786,0.49893,0.56293625
2019-09-27,0.424463,0.52551377,0.55276537,0.5459453,0.49809778,0.56171995
2024-12-26,0.42554528,0.5265043,0.55389714,0.54712564,0.4990296,0.56332797
2022-12-06,0.42561904,0.52655387,0.5538854,0.547091,0.4990276,0.5632451
2020-07-01,0.42516366,0.52620023,0.5537284,0.5466252,0.498691,0.56281394
2023-01-19,0.42561927,0.52653736,0.5539074,0.5470776,0.4989712,0.56331736
2022-04-19,0.4249704,0.52610046,0.55329233,0.5464797,0.49855295,0.5626776
2022-04-13,0.425183,0.526295,0.5535806,0.5467183,0.49867913,0.56284845
2021-03-25,0.4224276,0.523487,0.55056995,0.5440399,0.4958658,0.55956334
2023-08-05,0.42475453,0.52578837,0.5529393,0.54601455,0.49810013,0.56221783
2021-08-29,0.4251142,0.52633387,0.5533102,0.5465989,0.49855235,0.5625975
2020-10-15,0.42517433,0.5263453,0.55369365,0.5467312,0.49875927,0.562792
2019-07-18,0.4249699,0.5259575,0.5535136,0.546407,0.49844724,0.56250536
2024-12-28,0.42555565,0.5265178,0.55391246,0.5471291,0.4990473,0.5633364
2024-04-04,0.4252813,0.52641433,0.5537034,0.546833,0.49878564,0.56295615
2021-07-10,0.42500764,0.5260498,0.55339456,0.5465884,0.4985334,0.56273603
2024-01-14,0.42556396,0.5266128,0.5539996,0.54706484,0.49913436,0.5632801
2020-09-10,0.42416936,0.5253863,0.5527635,0.5453626,0.4979121,0.5617287
2020-04-24,0.4254437,0.52645427,0.5537512,0.5469239,0.49888733,0.5630697
2019-06-17,0.42464563,0.525558,0.5529029,0.5459686,0.49800515,0.5620833
2022-12-25,0.42552978,0.52653867,0.55390036,0.54703736,0.49904522,0.56325734
2021-08-05,0.42297468,0.5250954,0.5522466,0.5450469,0.4973879,0.56425995
2021-08-21,0.42505568,0.52653295,0.55368084,0.5468343,0.49908033,0.5632052
2022-09-18,0.4232465,0.5236926,0.55131924,0.54433167,0.4971707,0.5600917
2022-11-24,0.42551538,0.5265448,0.55390483,0.54702646,0.4990476,0.56321615
2019-10-06,0.42489192,0.52579904,0.55312765,0.5463206,0.49842492,0.5622263
2019-09-15,0.42368013,0.52501345,0.5520119,0.54507357,0.49745324,0.5603631
2020-08-04,0.4252779,0.526369,0.553687,0.5467541,0.4988021,0.5629368
2021-10-05,0.42418638,0.52519274,0.5523852,0.5454481,0.49764135,0.5615273
2023-11-24,0.4254797,0.52647316,0.553792,0.547,0.49891037,0.5631195
2023-06-03,0.4245419,0.5254546,0.5525982,0.5455825,0.49772024,0.5616317
2022-01-26,0.42554584,0.52656066,0.5539475,0.54705656,0.49908364,0.5632491
2024-01-02,0.425568,0.52664065,0.5540033,0.54709715,0.49913046,0.5632881
2022-01-23,0.4255955,0.52662337,0.5540182,0.5471108,0.4991447,0.56331486
2021-10-20,0.4247287,0.52547115,0.5530924,0.5460254,0.4981725,0.5624501
2019-12-29,0.42561886,0.52666867,0.55407447,0.54715925,0.49915576,0.5633553
2024-11-07,0.4250289,0.5258845,0.55328894,0.54655993,0.49839583,0.56299305
2024-07-24,0.42371848,0.5249013,0.5521831,0.54496187,0.49725217,0.56111056
2022-04-07,0.42521468,0.5263732,0.5536637,0.5468666,0.4987975,0.5628072
2022-07-12,0.42436466,0.5252983,0.55257714,0.5456139,0.49764556,0.56159186
2020-06-03,0.42446378,0.5254617,0.5527434,0.5458464,0.49787498,0.5619781
2022-09-09,0.4238107,0.5244199,0.55196404,0.5449785,0.4975577,0.5608597
2023-10-19,0.42430472,0.5251912,0.5524427,0.54571867,0.49765688,0.56181216
2021-12-18,0.42561847,0.526678,0.55407083,0.5471592,0.4991481,0.56335944
2021-09-09,0.42474094,0.52591056,0.5531437,0.54603857,0.49829718,0.56227994
2024-09-16,0.42483646,0.5258098,0.55310863,0.5461404,0.4982862,0.56234825
2022-06-28,0.42496738,0.52583075,0.5531238,0.5464154,0.49826404,0.5624795
2024-10-30,0.4249688,0.52587765,0.5532158,0.5463664,0.49825233,0.56277007
2020-09-21,0.4245852,0.5259408,0.5530002,0.5458616,0.49818686,0.56197953
2024-12-19,0.4255024,0.5264703,0.55382717,0.54712856,0.49893335,0.5633101
2024-05-11,0.42510137,0.526414,0.5537593,0.546746,0.49890983,0.56254905
2024-05-15,0.4242387,0.5252437,0.55254525,0.5456346,0.49767792,0.5617475
2024-12-20,0.42551985,0.5265364,0.55387783,0.5471649,0.4989643,0.563317
2022-01-22,0.42559928,0.52663755,0.5540334,0.5471307,0.49914733,0.56332535
2022-07-25,0.42480332,0.5258314,0.5531318,0.54621637,0.49831033,0.56219625
2023-11-11,0.42507556,0.5261744,0.55335426,0.5464318,0.49851128,0.5625559
2022-07-04,0.42444927,0.52522665,0.55247283,0.5457536,0.4976313,0.5617309
2020-06-06,0.42522782,0.5263557,0.5536567,0.54675233,0.49870363,0.56290686
2022-12-26,0.42556137,0.5265622,0.553925,0.54704845,0.49904695,0.5632678
2023-06-25,0.4247235,0.52574825,0.5530521,0.54596746,0.49806702,0.56210285
2020-06-14,0.4245631,0.52573925,0.5528348,0.5460508,0.4980203,0.5622013
2024-11-30,0.42548573,0.52639985,0.553808,0.54705536,0.4989154,0.5632978
2023-06-02,0.42481872,0.5257905,0.55307907,0.54611534,0.49820533,0.5622184
2024-08-31,0.4241149,0.5249917,0.5523002,0.5452883,0.49748275,0.561418
2023-01-12,0.42559358,0.52655536,0.55395794,0.5470576,0.49902984,0.5633372
2019-09-21,0.42363942,0.52499723,0.5520683,0.5451115,0.4974863,0.5605846
2023-07-12,0.4248271,0.525848,0.55321753,0.54609835,0.49818876,0.5622667
2020-04-05,0.42427948,0.52556497,0.55274826,0.5460795,0.49784702,0.5616134
2024-07-12,0.4244155,0.5250515,0.5524661,0.5456928,0.49771062,0.56184715
2022-07-17,0.42416647,0.5253349,0.552406,0.5455324,0.4974427,0.56126755
2022-02-16,0.42535293,0.52634495,0.5537415,0.5468066,0.49894786,0.5630289
2021-12-26,0.4256278,0.52665544,0.55406284,0.5471635,0.49916264,0.56336784
2023-02-24,0.42419076,0.52541864,0.55259883,0.5457316,0.4978172,0.5618265
2021-02-03,0.42501217,0.5259433,0.55330825,0.5463712,0.49871752,0.5626333
2021-02-09,0.42495593,0.52588934,0.5532285,0.54624385,0.49868536,0.5625478
2021-04-12,0.42518926,0.5263871,0.5537051,0.5468788,0.49876767,0.5627965
2022-03-17,0.42514002,0.5263647,0.5536272,0.54679525,0.4988169,0.562781
2019-08-27,0.42301682,0.5238804,0.5519119,0.5442229,0.49711472,0.5602638
2022-05-28,0.42512444,0.52611566,0.553393,0.54647255,0.49836338,0.5625173
2024-08-26,0.42474282,0.5257322,0.5530072,0.5460408,0.49815977,0.5622486
2019-11-11,0.42548987,0.52657056,0.5539322,0.54707134,0.49899197,0.5632024
2023-05-10,0.425553,0.52663505,0.5539229,0.5470098,0.49901253,0.5631652
2024-07-29,0.42473602,0.5258842,0.5532281,0.5461789,0.49829495,0.5623103
2022-02-19,0.425323,0.526305,0.5536871,0.54674053,0.49893367,0.5629822
2023-06-07,0.42470944,0.5257683,0.5529998,0.54608005,0.49813047,0.5621808
2020-03-07,0.4246956,0.5255916,0.55296534,0.54593986,0.49847627,0.5622962
2019-06-08,0.4248447,0.5257763,0.5531858,0.54625666,0.4982443,0.5624721
2022-12-20,0.42555532,0.5265577,0.5539111,0.5470622,0.49905723,0.56328154
2021-01-11,0.42551422,0.5265359,0.5539423,0.54702836,0.49911037,0.56322235
2023-02-04,0.42562598,0.52661127,0.55392843,0.5471993,0.49903995,0.5633345
2024-09-21,0.42375684,0.52542853,0.5523985,0.5452279,0.4975681,0.56169236
2023-12-05,0.42558393,0.5266214,0.55395925,0.54709184,0.4990881,0.5632295
2023-07-05,0.42250475,0.523372,0.5506029,0.54345256,0.495696,0.55955595
2024-11-28,0.42545187,0.52627444,0.553703,0.5470122,0.49882427,0.5632997
2019-12-20,0.42558235,0.5266445,0.5540512,0.5471172,0.49911413,0.5633221
2023-08-03,0.42487767,0.5259225,0.5531334,0.5461642,0.49826255,0.56239355
2024-08-08,0.42519403,0.52626765,0.55357176,0.5466542,0.49861363,0.5627517
2024-10-17,0.42472398,0.52574366,0.553013,0.5462422,0.49814463,0.5629048
2020-05-18,0.42537057,0.52644455,0.5537979,0.5468668,0.49889144,0.56307584
2024-09-17,0.42485693,0.5258498,0.5531423,0.54612696,0.49831375,0.56238496
2024-05-23,0.42465976,0.5257365,0.55294836,0.5460247,0.49797463,0.5621622
2020-09-18,0.42462724,0.52595407,0.5531417,0.5460086,0.49832827,0.56219196
2024-11-12,0.42524555,0.52611977,0.55352205,0.54674214,0.49863136,0.56306934
2019-12-06,0.425532,0.5266049,0.5540235,0.5470693,0.49904138,0.5633116
2023-08-04,0.42477122,0.5257831,0.55300003,0.5460881,0.49816924,0.56224185
2021-07-21,0.42463207,0.52574676,0.55338126,0.5460422,0.4984438,0.5625393
2024-10-09,0.42492557,0.5259907,0.5532099,0.54631466,0.49834135,0.56265163
2024-07-15,0.4242733,0.5252253,0.5525244,0.54551435,0.4976667,0.5616848
2019-11-10,0.42547345,0.52655965,0.55390644,0.5470481,0.4989883,0.5631897
2021-01-20,0.4254203,0.5264122,0.5538018,0.5468849,0.49902594,0.56309074
2019-04-29,0.42528918,0.52637863,0.553643,0.5468279,0.49879164,0.5629323
2021-12-13,0.42558408,0.5266594,0.5540325,0.54713345,0.49910325,0.5633327
2021-02-18,0.42533568,0.52638805,0.5536822,0.5467991,0.49893403,0.56292015
2019-08-14,0.42496157,0.52590877,0.55332,0.54634994,0.49844584,0.5624648
2023-05-02,0.4253781,0.5264033,0.5538364,0.54686916,0.49884552,0.5629582
2021-10-14,0.4241397,0.5256169,0.5526615,0.5449143,0.49788857,0.56113327
2019-05-25,0.42511892,0.5262133,0.5534636,0.5466053,0.49868846,0.5627333
2021-05-10,0.42545885,0.52653027,0.55381304,0.54698396,0.49902153,0.5630801
2024-09-02,0.4242228,0.5251803,0.5524287,0.54546195,0.4976035,0.5615747
2023-11-19,0.42537865,0.5263946,0.5537163,0.5468598,0.4988199,0.56299645
2024-12-03,0.42548987,0.5263759,0.55379665,0.5470682,0.4989065,0.56332093
2022-12-23,0.42554703,0.52657944,0.5539188,0.54708177,0.4990801,0.5632766
2023-08-23,0.42426026,0.52504957,0.5523917,0.5453929,0.4976135,0.561554
2023-08-01,0.4249655,0.5259415,0.55323374,0.5462577,0.49835274,0.56244594
2022-08-20,0.4234839,0.5241759,0.5521433,0.5444763,0.4969193,0.56048405
2022-03-19,0.4252144,0.52643514,0.55370665,0.5469196,0.49891198,0.5628351
2020-03-04,0.42465648,0.5255081,0.5529244,0.5458021,0.49837452,0.5621877
2024-06-09,0.42500123,0.52622545,0.55337995,0.5465983,0.4985834,0.5626179
2020-04-06,0.42391083,0.5251157,0.5522774,0.5455905,0.49735877,0.56118816
2024-05-02,0.42526507,0.52636576,0.55370855,0.54677874,0.49885744,0.5629185
2021-03-10,0.4252047,0.5263665,0.55362153,0.5469638,0.49887055,0.5627571
2019-06-05,0.4248528,0.5260217,0.55321753,0.5461219,0.49832484,0.56236774
2020-02-11,0.4254285,0.5264804,0.55387986,0.546949,0.49905884,0.562965
2019-12-26,0.4255974,0.5266692,0.5540741,0.54715866,0.4991393,0.56334555
2021-07-16,0.42437375,0.5252186,0.5530036,0.5458126,0.49808294,0.5622916
2021-12-04,0.42558917,0.5266326,0.5540223,0.5471163,0.49909008,0.5633544
2024-08-20,0.42491838,0.5259815,0.5532716,0.5463241,0.49835706,0.5624954
2022-01-28,0.4255648,0.5265842,0.5539827,0.5470743,0.49910858,0.56327546
2021-06-09,0.42507556,0.5260144,0.55359393,0.54640996,0.4985584,0.56275415
2020-05-05,0.42541242,0.52643865,0.5537839,0.5468973,0.49890175,0.5630785
2019-05-29,0.42480254,0.526162,0.55320626,0.54616207,0.4985229,0.5620846
2022-02-11,0.42538944,0.5263828,0.5537673,0.5468651,0.49895424,0.563055
2022-12-02,0.4256151,0.52663,0.55398196,0.5471228,0.49912238,0.5633029
2021-06-08,0.4252253,0.52617884,0.5537145,0.5466094,0.49873567,0.5629271
2024-03-13,0.42480624,0.5259172,0.5532225,0.5462206,0.4984233,0.5623937
2019-06-07,0.4247418,0.52565646,0.5530246,0.54609394,0.4981006,0.5623479
2024-02-28,0.42454344,0.52580035,0.5531051,0.5458222,0.4982409,0.56208926
2020-02-23,0.42516047,0.5261207,0.55353874,0.54653823,0.4987971,0.5626385
2020-03-16,0.42534578,0.52639115,0.5537783,0.5468167,0.49883044,0.56295174
2020-11-12,0.42557898,0.5265144,0.55391306,0.54705256,0.49904695,0.5632388
2021-04-14,0.4250992,0.52622396,0.5535285,0.54663247,0.4986096,0.56271577
2023-03-20,0.4235052,0.52453125,0.5517692,0.54479516,0.4968602,0.5608348
2024-05-08,0.42522073,0.52644634,0.5538593,0.5467112,0.49880832,0.5630675
2020-11-28,0.4256356,0.52662027,0.5540095,0.54710317,0.49912262,0.56327575
2019-06-09,0.42480692,0.5256877,0.5530505,0.5462148,0.49815723,0.56234
2023-10-22,0.4245943,0.52554065,0.55285364,0.5460097,0.49803802,0.5621367
2019-12-25,0.42560393,0.5266681,0.55407023,0.5471525,0.4991313,0.5633422
2020-02-10,0.42546278,0.52652055,0.55389476,0.5469794,0.49909392,0.5630071
2023-11-02,0.4248855,0.5259866,0.5532835,0.5463486,0.49844712,0.5624385
2021-02-25,0.425501,0.5266136,0.5539051,0.5471169,0.4990978,0.5631296
2020-03-27,0.42513326,0.52633256,0.55361813,0.5468751,0.4987745,0.56268644
2021-05-20,0.4255039,0.52652115,0.5538569,0.5469742,0.49904922,0.56313926
2021-04-11,0.42467785,0.52582246,0.55305296,0.54627645,0.49817646,0.5622059
2021-10-26,0.42393696,0.5239575,0.55255365,0.5445389,0.49739885,0.5617994
2024-11-11,0.42513946,0.5259584,0.55338097,0.5466783,0.4984931,0.5630422
2022-01-03,0.42563394,0.52666694,0.55405825,0.5471644,0.49917796,0.563353
2022-08-25,0.42016998,0.52004725,0.55065,0.53997046,0.49357215,0.5562119
2021-08-14,0.42484823,0.5261135,0.5531631,0.54613864,0.498427,0.5624572
2020-06-05,0.42510548,0.5262726,0.55357295,0.54665667,0.49859676,0.56281155
2023-02-01,0.42560664,0.5266688,0.553979,0.5471857,0.4990701,0.5633433
2024-12-22,0.42550743,0.52645355,0.55383146,0.5471394,0.49893114,0.5633322
2024-09-23,0.4205504,0.52413005,0.5503351,0.5424194,0.49533388,0.5592192
2022-05-12,0.42506284,0.52616376,0.5536161,0.5465772,0.49857652,0.5628731
2019-10-17,0.4250053,0.5261815,0.5534192,0.54657525,0.49861553,0.5626322
2024-09-11,0.42487225,0.5258552,0.5532197,0.54622394,0.49840945,0.5624333
2021-10-22,0.42503938,0.52590936,0.5534222,0.54644376,0.49850258,0.5627615
2022-01-19,0.42562252,0.5266469,0.5540403,0.5471398,0.49916622,0.56333786
2022-06-03,0.4249151,0.52610886,0.553331,0.5463909,0.49828607,0.5624944
2022-08-22,0.42198485,0.5223107,0.5514675,0.54244405,0.49537775,0.5585561
2023-08-11,0.42415866,0.52501684,0.5521418,0.54531986,0.49738973,0.561406
2021-06-22,0.42439833,0.5253342,0.55295515,0.5456311,0.4977521,0.5618037
2021-09-20,0.42488292,0.5261406,0.5533026,0.54626167,0.4984129,0.56244165
2020-09-03,0.42424017,0.525251,0.5526041,0.54556537,0.49786583,0.56167096
2021-06-02,0.4250139,0.5261578,0.5533599,0.5462209,0.4985741,0.56234854
2020-08-02,0.42523184,0.5262736,0.553613,0.5466501,0.49871218,0.56281114
2024-10-04,0.42488265,0.52608865,0.55332744,0.54638845,0.49847728,0.5625895
2023-03-01,0.42511982,0.52630585,0.55361176,0.5467318,0.49873543,0.56286186
2023-07-30,0.42494732,0.52595335,0.5531548,0.5461651,0.49832797,0.5624237
2024-07-30,0.4249623,0.52603006,0.5534194,0.5464249,0.49845544,0.56253016
2022-09-11,0.42379197,0.52436054,0.5519037,0.544979,0.4975386,0.5608074
2019-05-12,0.4253808,0.5264205,0.5536977,0.5468802,0.49892455,0.5630155
2022-08-21,0.422605,0.5230365,0.5517108,0.5432246,0.4959752,0.5592932
2024-11-14,0.42533126,0.5262383,0.5536342,0.5468252,0.49876246,0.5631044
2023-08-19,0.42434412,0.525202,0.55240595,0.5454938,0.49762046,0.5616567
2019-05-05,0.42545053,0.52651787,0.5538477,0.5470017,0.49900937,0.5631524
2020-11-24,0.42561337,0.52659714,0.55397284,0.5470743,0.49906838,0.56324875
2020-10-03,0.42517984,0.52627647,0.5535866,0.54666984,0.49874663,0.5627916
2023-03-15,0.42490909,0.5260782,0.5534806,0.5464043,0.49852687,0.562596
2021-11-08,0.42509001,0.52581155,0.5534351,0.54631466,0.4984988,0.5627511
2023-01-26,0.4256074,0.52662677,0.553954,0.54712206,0.4990251,0.5633169
2021-10-19,0.42448246,0.52521837,0.5529229,0.54566205,0.4979708,0.5621789
2021-11-29,0.42559153,0.5265759,0.5539713,0.5470877,0.4990543,0.5633488
2023-10-08,0.42313376,0.5236593,0.5508144,0.54427993,0.49624372,0.5603623
2023-04-07,0.42461926,0.5257325,0.5530198,0.5461291,0.49811876,0.56220746
2024-03-07,0.42438045,0.5256608,0.55301493,0.5457273,0.4980317,0.56219685
2023-09-01,0.42312175,0.5239221,0.5510051,0.54416984,0.4964104,0.56026214
2021-05-28,0.4248055,0.5272094,0.5533261,0.5453295,0.49885827,0.56111133
2021-11-03,0.42448887,0.5247972,0.55289274,0.5452661,0.49786943,0.5621848
2024-11-03,0.4250202,0.525933,0.55328643,0.5464771,0.49836707,0.5628663
2021-07-22,0.42403123,0.52512217,0.55295235,0.54532045,0.49793303,0.56209743
2024-03-29,0.4252628,0.52642596,0.5537019,0.5468366,0.49881098,0.5629235
2019-12-21,0.42557943,0.5266494,0.554056,0.5471259,0.49911436,0.56332606
2022-11-06,0.4253437,0.52639884,0.55376196,0.5468848,0.49884123,0.56299573
2019-09-19,0.4235493,0.52484447,0.5518967,0.54501396,0.4973597,0.56026953
2019-07-07,0.4249333,0.5259169,0.5532524,0.54635954,0.49834386,0.56241244
2019-12-01,0.42551312,0.52660537,0.55400985,0.5470733,0.4990365,0.5632834
2022-02-21,0.42522994,0.5262033,0.5535745,0.54663366,0.4988626,0.56287813
2019-09-22,0.4235418,0.5250253,0.5520852,0.5451418,0.49744782,0.5605319
2023-08-21,0.4242437,0.52512884,0.55234337,0.5453648,0.49755794,0.5615585
2021-10-10,0.42433572,0.52538484,0.5526948,0.54553056,0.49788055,0.56171507
2020-08-17,0.4251715,0.52620584,0.55352175,0.54662925,0.49863473,0.5627418
2022-04-08,0.42528024,0.52647036,0.55376226,0.54700166,0.49891227,0.5628809
2019-10-28,0.4252577,0.526332,0.5536821,0.54682577,0.49877682,0.5629028
2020-09-19,0.42463243,0.5260161,0.55310637,0.5458619,0.49824142,0.56207484
2023-01-30,0.42560682,0.52664214,0.5539694,0.54715425,0.4990509,0.5633368
2024-11-08,0.4250289,0.5258567,0.5532526,0.5465826,0.49837428,0.56303453
2020-02-06,0.42544958,0.5265211,0.55391586,0.5469945,0.49907035,0.56300586
2021-07-17,0.42404777,0.5249556,0.552714,0.54544634,0.4978529,0.5620678
2024-08-02,0.42515004,0.52620655,0.55353564,0.5466483,0.49857065,0.5627415
2020-07-27,0.42516795,0.526226,0.55357814,0.546608,0.49865353,0.56276685
2019-10-16,0.42501432,0.5260874,0.55339557,0.5465103,0.49857724,0.5625518
2022-11-04,0.4253007,0.52630997,0.55365974,0.5467955,0.49876744,0.5629214
2023-10-01,0.42310873,0.523736,0.55090743,0.5441564,0.49635026,0.5603282
2022-01-11,0.42564481,0.52668184,0.55408186,0.5471771,0.4991908,0.563379
2019-12-17,0.42556348,0.52665335,0.5540616,0.5471098,0.4991063,0.5633275
2020-11-19,0.4255848,0.52653974,0.55392295,0.54702127,0.49901038,0.5632028
2024-10-06,0.42501563,0.5261231,0.55334044,0.5464697,0.49846667,0.56271374
2023-01-02,0.42554557,0.5264986,0.553906,0.5470231,0.49902213,0.56329745
2021-09-18,0.4247517,0.5260173,0.55310714,0.54609776,0.49828097,0.5622877
2021-03-01,0.42535418,0.5264753,0.5537708,0.5470157,0.49899447,0.56295687
2023-08-31,0.42348263,0.5243765,0.5514895,0.54462975,0.4968322,0.560739
2022-02-18,0.4253568,0.5263411,0.55372673,0.546784,0.49895576,0.5630245
2022-03-22,0.42490974,0.52616197,0.5533556,0.54666114,0.4986199,0.5624723
2023-02-14,0.42558393,0.5264892,0.5537832,0.5470975,0.49887827,0.56316507
2024-01-24,0.42547485,0.52649844,0.5538867,0.54695183,0.49905953,0.5631792
2023-05-04,0.42550543,0.5265599,0.55395293,0.54701245,0.49901074,0.56316274
2021-09-14,0.424638,0.5259503,0.55306876,0.5458531,0.49823728,0.5621888
2024-10-15,0.42483822,0.5258484,0.55313057,0.5463162,0.49825788,0.5627717
2024-04-11,0.42530498,0.52639216,0.5537286,0.5468351,0.49881437,0.5629985
2023-09-16,0.4228716,0.52329755,0.55044335,0.54369706,0.49582386,0.55978847
2022-05-30,0.4253483,0.526348,0.55367327,0.54674244,0.49863824,0.56283987
2020-06-25,0.4244307,0.5250418,0.5530507,0.54550815,0.4979269,0.56211656
2024-03-31,0.42529103,0.52640957,0.5536817,0.54685885,0.49879983,0.56293505
2023-09-19,0.4230107,0.523442,0.55068654,0.54398024,0.49609485,0.560072
2023-05-28,0.42555395,0.5264618,0.5538331,0.5468493,0.4988779,0.56292605
2023-12-08,0.42561665,0.52662426,0.5539421,0.5470912,0.49909565,0.5632272
2022-03-07,0.42478943,0.52576053,0.5530879,0.54612786,0.49859,0.5623916
2020-10-28,0.4254386,0.5264163,0.5537976,0.5469052,0.49893892,0.5630284
2020-06-27,0.42509893,0.5260554,0.55358124,0.5465324,0.4986018,0.56276894
2020-06-30,0.42512253,0.526062,0.553656,0.54650563,0.4986129,0.56272674
2019-12-16,0.42556846,0.5266431,0.554054,0.54710096,0.49910122,0.5633212
2019-07-06,0.42493737,0.5259138,0.5532621,0.54634047,0.498339,0.5624175
2024-11-10,0.42511132,0.5259448,0.5533632,0.54667026,0.4984714,0.5630583
2021-07-19,0.42364,0.524854,0.552716,0.54503477,0.49800125,0.5620695
2019-11-08,0.42549562,0.52656996,0.5539334,0.54707843,0.49900943,0.56318915
2023-03-28,0.42498547,0.5262366,0.5535372,0.5465355,0.49862894,0.5626709
2021-07-12,0.42482853,0.5259388,0.55333817,0.54646564,0.49849558,0.56263995
2020-11-08,0.42559993,0.5265852,0.5540028,0.5470925,0.49909928,0.5632731
2023-04-22,0.4250934,0.52609366,0.55356157,0.5465395,0.4985244,0.5625853
2022-06-01,0.42537475,0.526418,0.5537606,0.54679835,0.49872866,0.56294113
2022-08-29,0.42046845,0.5204203,0.5506363,0.5404229,0.49390575,0.5565814
2019-10-10,0.4250469,0.52599406,0.5533241,0.5464843,0.4985866,0.5624563
2021-02-15,0.4251296,0.5261565,0.5534653,0.5465229,0.4988391,0.56276107
2023-01-31,0.4255999,0.52661735,0.5539171,0.5471678,0.49900517,0.5633163
2024-02-14,0.42478147,0.5257389,0.5530584,0.54605925,0.4982793,0.56219536
2022-03-24,0.42494482,0.5262191,0.5534097,0.5467044,0.498623,0.5624254
2022-08-04,0.42518213,0.526228,0.55352616,0.54665166,0.49865454,0.5627531
2024-07-04,0.42443204,0.52524596,0.552659,0.5459011,0.49773592,0.5621394
2023-01-21,0.4256082,0.52655786,0.55392754,0.5470778,0.4989902,0.5632986
2020-05-11,0.4253735,0.526421,0.55376184,0.5468678,0.4988735,0.5630403
2024-04-10,0.4253533,0.52641946,0.553769,0.5468838,0.49885264,0.5630373
2019-12-24,0.42559427,0.52666533,0.5540725,0.5471497,0.49912938,0.5633476
2023-11-08,0.42496124,0.5261276,0.5532883,0.5462942,0.49846977,0.56242514
2020-07-14,0.42451233,0.5254789,0.5528559,0.5458709,0.49790737,0.5620021
2024-11-13,0.42532545,0.52623445,0.55363214,0.54681385,0.49875957,0.5630765
2020-05-10,0.4254305,0.5264634,0.5538079,0.5469221,0.49892455,0.56310415
2021-01-02,0.42555,0.52658105,0.553995,0.54704744,0.4991398,0.5632567
2024-10-07,0.42501062,0.5261022,0.55334437,0.5464566,0.49845648,0.5627485
2021-04-20,0.4252509,0.5264086,0.5536773,0.5468517,0.49875066,0.56286114
2019-06-14,0.42469543,0.52549934,0.55288076,0.5460334,0.49797258,0.56208986
2023-05-14,0.425586,0.52665585,0.55389494,0.5469538,0.4989724,0.5631108
2022-08-06,0.42511758,0.5261326,0.55343163,0.54654586,0.49854678,0.5626321
2023-01-15,0.42560273,0.52657634,0.5539645,0.5470727,0.4990239,0.5633488
2024-11-15,0.42529652,0.5261588,0.5535826,0.54682064,0.49868655,0.5631395
2021-01-22,0.4253291,0.5263136,0.5536967,0.54680425,0.49895993,0.5629956
2023-08-30,0.42370585,0.52459466,0.55175513,0.544831,0.49705803,0.5610183
2022-01-20,0.4256208,0.5266519,0.55404097,0.54714614,0.4991676,0.5633361
2024-04-26,0.42531565,0.5264067,0.55379283,0.5468691,0.4988932,0.56302124
2019-09-16,0.42353317,0.52474916,0.55184865,0.5449545,0.49732184,0.5602616
2020-03-09,0.4250382,0.52599907,0.55338943,0.5463946,0.49867803,0.5626498
2023-02-03,0.4256024,0.5266757,0.55397373,0.54719687,0.49908075,0.563362
2021-03-27,0.42278728,0.5238092,0.5509437,0.5443549,0.49620086,0.560072
2020-08-30,0.42493922,0.5260548,0.5533612,0.54642326,0.49856645,0.5625593
2023-11-10,0.42501906,0.5261575,0.5533417,0.54636574,0.4984854,0.5624714
2021-01-26,0.42528263,0.5262512,0.55364853,0.5467096,0.49893463,0.5629538
2021-02-26,0.42553806,0.5266039,0.5539366,0.5471208,0.4991136,0.56316304
2024-10-08,0.42502612,0.5261514,0.55340314,0.5464638,0.49849167,0.5627549
2021-05-18,0.42550272,0.5265208,0.55385506,0.5469869,0.4990436,0.56315845
2024-01-01,0.4255874,0.52663296,0.55401856,0.54709846,0.49913412,0.5632981
2023-06-30,0.4233179,0.52431,0.5515008,0.5443589,0.496569,0.5604858
2019-10-31,0.42542022,0.5265269,0.5538974,0.54702944,0.4989473,0.5631126
2022-11-17,0.42549628,0.52648556,0.5538564,0.5469837,0.49899364,0.5631806
2023-07-08,0.42348295,0.5243671,0.5518132,0.54459125,0.49682748,0.5607669
2023-12-07,0.42559445,0.526618,0.5539475,0.54709005,0.4990941,0.56321675
2020-06-29,0.42502347,0.5258904,0.5535004,0.5463928,0.49847087,0.5625787
2021-05-07,0.42540663,0.52649003,0.5537839,0.54695064,0.49895376,0.56303453
2021-10-15,0.42386955,0.52510935,0.5524337,0.5444318,0.4976304,0.5608624
2023-04-19,0.42515418,0.52620745,0.5536117,0.54665214,0.49863195,0.56272537
2021-03-08,0.425161,0.5263134,0.55360013,0.54688716,0.49882314,0.5627478
2020-03-24,0.42541653,0.5265746,0.553895,0.54709125,0.49905562,0.56306094
2022-08-09,0.42476055,0.5257245,0.5530525,0.54607946,0.49816883,0.56216353
2021-04-03,0.4247147,0.52591556,0.55323213,0.5463397,0.49825275,0.5621447
2020-03-01,0.42480883,0.5256763,0.55308753,0.54603416,0.49851775,0.5623389
2023-03-13,0.4248067,0.52602917,0.55333906,0.54633784,0.49845138,0.5624831
2022-05-15,0.42528236,0.52639794,0.55383474,0.54679465,0.49876222,0.5631052
2021-04-18,0.42525703,0.52641195,0.5537114,0.5468816,0.4987914,0.56287575
2019-07-11,0.4249693,0.5259952,0.5533244,0.5464372,0.4983927,0.5624871
2024-10-23,0.4246724,0.52583617,0.5531205,0.5463257,0.49826097,0.5632057
2019-10-11,0.42503104,0.5260035,0.5533467,0.5464939,0.49858144,0.56247675
2021-01-23,0.42535543,0.5263345,0.55373377,0.5468039,0.49898332,0.56302124
2021-03-11,0.424799,0.5259459,0.553197,0.5465219,0.49844167,0.56230825
2019-06-06,0.4248679,0.525871,0.5532018,0.5461754,0.49826577,0.56248796
2019-04-27,0.42538458,0.5264316,0.5537272,0.546886,0.49890444,0.5630238
2021-12-20,0.42561623,0.526677,0.55407315,0.5471713,0.49916157,0.5633684
2021-05-11,0.42540276,0.526479,0.5537458,0.54692006,0.49896783,0.5630146
2021-11-12,0.42545,0.52641535,0.55376685,0.5469241,0.49887007,0.5631015
2020-11-27,0.4256151,0.52661437,0.55400103,0.54710877,0.49909127,0.56327474
2019-10-22,0.42526487,0.5263513,0.553681,0.5468309,0.4987866,0.5628549
2020-08-31,0.4250231,0.5261276,0.5534693,0.5464996,0.49865064,0.56264323
2020-11-29,0.42563954,0.5266327,0.5540173,0.5471154,0.49912795,0.56329614
2021-08-26,0.42510977,0.5263276,0.5533562,0.5465776,0.4985756,0.5627491
2022-11-11,0.42541972,0.5264525,0.5538122,0.54691875,0.49889886,0.5630981
2020-04-07,0.42414588,0.52528936,0.5524957,0.54573095,0.49756005,0.56144464
2024-05-05,0.4251078,0.5264198,0.5536743,0.5467472,0.49897203,0.5625231
2020-12-25,0.42556798,0.5266221,0.55401456,0.5470999,0.49914876,0.56327844
2021-11-14,0.42545915,0.5264182,0.55377376,0.5469692,0.49886057,0.5631554
2019-04-11,0.42486006,0.5259948,0.553274,0.54633296,0.49838126,0.56233275
2022-11-10,0.4254252,0.5264254,0.5537906,0.5468915,0.49890295,0.5630763
2021-04-23,0.42530394,0.5264076,0.5536795,0.5468461,0.49877277,0.56292367
2021-01-06,0.42554942,0.52658355,0.5539989,0.5470533,0.4991332,0.56325847
2022-03-04,0.42483214,0.5257654,0.5531269,0.5461432,0.49859762,0.56244344
2021-11-27,0.4255884,0.5265868,0.55396324,0.54707885,0.4990504,0.5633239
2020-08-10,0.4253355,0.5262977,0.5536801,0.5467383,0.4987978,0.56289303
2021-02-21,0.4255158,0.5265736,0.5538712,0.5470623,0.49908936,0.56308705
2022-05-29,0.42535156,0.5263405,0.55365103,0.5467362,0.49862382,0.5628106
2023-03-31,0.4247809,0.5259391,0.5531775,0.5462606,0.4982664,0.562359
2019-11-26,0.42545304,0.52653795,0.5539046,0.54700875,0.49897048,0.5631616
2021-12-12,0.42558038,0.5266681,0.5540521,0.54712135,0.4991149,0.56333464
2020-12-22,0.42557296,0.52659655,0.55400485,0.5470751,0.49913412,0.56327397
2022-06-02,0.4251806,0.5262949,0.5535708,0.54664737,0.4985756,0.5627758
2023-04-12,0.42464516,0.52583206,0.55306923,0.5461646,0.4981367,0.56224674
2023-08-02,0.4249438,0.52592844,0.55320454,0.54620844,0.49831495,0.5624319
2021-02-17,0.4252278,0.5262778,0.55357134,0.5466748,0.4988978,0.5628306
2019-05-11,0.42536613,0.52638155,0.55366325,0.5468448,0.49888632,0.5629719
2022-03-01,0.42493588,0.5258511,0.5532161,0.5462463,0.498641,0.5625196
2021-09-21,0.4249057,0.5262013,0.5533345,0.5463505,0.4984534,0.5624933
2021-05-25,0.42545864,0.5266042,0.55377346,0.5467541,0.49903864,0.56290185
2023-03-16,0.42467326,0.5259921,0.5533118,0.546159,0.49839032,0.56232816
2021-03-04,0.42513505,0.52626777,0.5535383,0.5468048,0.4987321,0.5626921
2022-06-24,0.42509273,0.5260651,0.5533847,0.54647774,0.49845082,0.5626133
2019-04-06,0.42479122,0.52594477,0.5531426,0.5462463,0.49830648,0.56227314
2020-08-13,0.42513478,0.52616334,0.5535106,0.546574,0.4986083,0.56269944
2024-08-29,0.42443484,0.525409,0.55263436,0.5456969,0.4978267,0.56185645
2023-07-31,0.425012,0.525976,0.55322605,0.5463109,0.4983898,0.5624775
2020-12-27,0.4255548,0.5266047,0.5539994,0.54707456,0.49912938,0.5632659
2021-01-01,0.42552814,0.5265677,0.5539599,0.54703975,0.49911714,0.5632333
2023-08-16,0.42418706,0.52501243,0.55230355,0.5452829,0.4975291,0.5614427
2022-03-15,0.4250026,0.5261721,0.553425,0.5465939,0.49863937,0.56261545
2021-05-05,0.42540056,0.5264979,0.55381286,0.5469547,0.49895737,0.56307536
2023-11-15,0.42517874,0.5262516,0.55354124,0.5466477,0.4986346,0.562793
2021-03-02,0.42519665,0.5263399,0.55359733,0.5469063,0.4988324,0.5627477
2023-04-15,0.42464074,0.5256975,0.55301255,0.5461362,0.49808204,0.5621774
2023-02-15,0.42556328,0.5264711,0.5537263,0.54703385,0.4988394,0.5630962
2020-07-05,0.42462757,0.52549964,0.5530867,0.54607373,0.49804312,0.56223565
2020-09-22,0.4249023,0.5261249,0.55329114,0.5462391,0.49842486,0.5623258
2020-12-17,0.42557898,0.5266303,0.55402267,0.54711634,0.4991469,0.5632971
2023-09-24,0.42325968,0.5236873,0.55088466,0.5444641,0.49631616,0.5605525
2021-07-08,0.42516616,0.5263266,0.55362695,0.5467799,0.49871644,0.56293684
2020-11-03,0.42553833,0.5265213,0.5539087,0.54703707,0.49902642,0.5631897
2019-03-31,0.4238477,0.5248865,0.55212134,0.5451783,0.49729943,0.5611477
2024-05-19,0.42225334,0.52305,0.5501935,0.5433213,0.49542978,0.55935323
2023-11-07,0.4250353,0.5261331,0.5533718,0.5464184,0.49851876,0.5625255
2019-05-19,0.42528725,0.5263797,0.5536605,0.5468675,0.4988874,0.562974
2019-09-14,0.4240259,0.52533853,0.5523802,0.54541206,0.49773625,0.56086725
2020-02-15,0.42536077,0.52641153,0.5538272,0.54685366,0.49903336,0.56279916
2019-06-13,0.4247844,0.5256007,0.5530127,0.5462129,0.49812877,0.5623047
2019-09-07,0.4243298,0.525382,0.55259657,0.54568243,0.498043,0.56155336
2021-04-24,0.42545736,0.5265409,0.5538775,0.5470002,0.49897465,0.5631504
2024-05-03,0.42513356,0.526358,0.5536908,0.5467125,0.49884847,0.56275666
2020-09-01,0.42483938,0.525873,0.55325514,0.54631126,0.49848944,0.5624095
2023-01-04,0.42555356,0.5265102,0.5539332,0.5470374,0.49902463,0.5633021
2024-04-12,0.42536652,0.52642715,0.5537815,0.5468935,0.4988638,0.5630579
2024-05-16,0.42258984,0.5234037,0.55061126,0.5437153,0.4958267,0.5598216
2019-06-30,0.42492053,0.52588016,0.5531824,0.5462859,0.49831477,0.56237817
2021-11-10,0.42542282,0.52633834,0.55372673,0.546847,0.49881846,0.56307536
2020-03-10,0.42514762,0.52613795,0.5535262,0.54653615,0.49876258,0.5627757
2023-09-17,0.42279714,0.5232942,0.5504484,0.54363316,0.49586174,0.559841
2020-08-19,0.42511427,0.5261604,0.5535094,0.546531,0.49857652,0.5626918
2020-08-08,0.42521864,0.5262575,0.5535949,0.54663897,0.4987223,0.5628239
2019-05-27,0.42479655,0.52592784,0.5531817,0.546236,0.49838826,0.56239915
2021-05-17,0.42554498,0.526544,0.5538699,0.54700696,0.49907598,0.5631865
2020-07-30,0.42522925,0.5262694,0.55365026,0.546639,0.49870268,0.5628239
2024-11-25,0.425457,0.52630943,0.55372536,0.5470019,0.498836,0.5632835
2019-08-22,0.42384654,0.5247516,0.5523777,0.5451235,0.49752915,0.56115085
2023-08-06,0.42472914,0.52574235,0.55291754,0.54601866,0.49811393,0.5621943
2024-12-31,0.4255601,0.52653843,0.5539295,0.5471283,0.49907488,0.56332403
2021-12-05,0.4255999,0.5266342,0.554033,0.5471041,0.4990999,0.56334794
2023-07-01,0.42304823,0.523977,0.55121595,0.5440312,0.4962716,0.56020164
2022-03-30,0.4248102,0.5261674,0.5533108,0.5466293,0.4985012,0.5621743
2023-05-31,0.42562243,0.52662456,0.55402786,0.5470696,0.49910623,0.5632573
2024-05-13,0.4242623,0.5252679,0.55250263,0.5456262,0.49770963,0.5617529
2023-03-19,0.42422915,0.5255125,0.55275184,0.54563284,0.49780053,0.56171185
2022-11-05,0.4253048,0.5263535,0.55371124,0.5468524,0.49880302,0.5629829
2020-04-26,0.4253964,0.5264566,0.55370635,0.5468888,0.49884552,0.5630321
2023-08-27,0.42392537,0.52478606,0.55202943,0.5450062,0.49725002,0.5611937
2020-02-04,0.42553073,0.52658534,0.55397767,0.5470659,0.4991127,0.56316656
2020-07-19,0.42501476,0.52622956,0.5534907,0.5464931,0.49855486,0.5626925
2024-06-12,0.4249654,0.52624696,0.55325025,0.5466079,0.4986428,0.56244797
2021-04-26,0.42534986,0.5264546,0.5537335,0.54690003,0.49885648,0.56300914
2023-05-26,0.42559135,0.52652466,0.5538537,0.5469047,0.49890068,0.56291276
2023-11-27,0.42551315,0.5265196,0.55385095,0.54700446,0.4989896,0.56316805
2023-07-14,0.42488998,0.52594453,0.5532439,0.546289,0.4982802,0.56238884
2020-10-04,0.4250964,0.52618897,0.5534719,0.54652596,0.49865133,0.56268036
2024-07-03,0.42463112,0.52563334,0.5529907,0.5461027,0.49804017,0.56230354
2023-01-17,0.42564222,0.52656955,0.55393076,0.5470974,0.49899352,0.5633247
2019-03-28,0.4250238,0.5260991,0.5534495,0.54652256,0.49858683,0.5626009
2021-12-02,0.42561293,0.526622,0.5540192,0.5471081,0.49910015,0.56335765
2022-07-30,0.4252391,0.5263125,0.55359364,0.54676765,0.4987315,0.56283236
2022-11-19,0.42550898,0.52653295,0.55389917,0.5470199,0.4990402,0.5632018
2022-09-10,0.4238472,0.52447015,0.55199933,0.54504955,0.49762136,0.5609136
2024-07-07,0.42429373,0.524929,0.5524172,0.5457209,0.49752253,0.56197166
2020-03-14,0.4253157,0.52636564,0.5537845,0.5468226,0.49885476,0.5629586
2023-12-29,0.42558673,0.52663684,0.55401844,0.54710394,0.49913284,0.5633073
2024-10-21,0.42453024,0.52570015,0.55294013,0.54614025,0.49810475,0.56312805
2020-03-30,0.4253589,0.52654916,0.553867,0.54710317,0.49901727,0.5629837
2024-06-14,0.4248989,0.5264175,0.55291474,0.5466346,0.49865276,0.562179
2023-11-12,0.42505932,0.52617943,0.55338174,0.5464417,0.49852368,0.5625706
2023-01-10,0.4255922,0.52655894,0.553961,0.54705423,0.49903104,0.56332844
2023-01-08,0.4255796,0.526561,0.5539713,0.5470618,0.49903354,0.5633348
2024-07-11,0.42454433,0.5252687,0.5526634,0.5458437,0.4978861,0.56206435
2021-03-23,0.42372167,0.5248242,0.55201375,0.54538006,0.49726298,0.5610194
2023-11-04,0.4249475,0.52602375,0.55332464,0.54638815,0.49846336,0.5624981
2020-06-02,0.42410427,0.52505445,0.5523216,0.5454252,0.49746504,0.56153715
2023-03-18,0.4242614,0.52559805,0.55285525,0.5456172,0.4979011,0.56174886
2020-12-05,0.4256273,0.5266569,0.55404764,0.54714584,0.49915832,0.5633283
2019-06-04,0.42479575,0.5262877,0.5532535,0.54591125,0.49840543,0.5620654
2021-10-02,0.42434236,0.5255061,0.55261886,0.54573584,0.49785855,0.5617591
2020-08-16,0.42511994,0.5261719,0.5535064,0.54647815,0.4985252,0.56264335
2022-04-17,0.42525995,0.5263341,0.5536365,0.5467829,0.4987645,0.56291646
2023-11-25,0.42551535,0.5265421,0.5538582,0.54702204,0.49899933,0.5631649
2023-04-27,0.4252369,0.5262272,0.5536221,0.5466301,0.49867025,0.56273633
2021-07-09,0.42509896,0.5261587,0.5535077,0.54669285,0.4985954,0.5628172
2019-11-13,0.42549342,0.52657604,0.5539327,0.54708654,0.49901074,0.56322753
2021-05-19,0.4255096,0.526507,0.5538502,0.54697984,0.49904683,0.5631454
2020-07-17,0.42517257,0.5263009,0.5536228,0.5466728,0.49868134,0.56282616
2022-03-29,0.42469594,0.5260551,0.5531498,0.5466102,0.4983852,0.56205386
2019-04-13,0.42502764,0.52616006,0.5534094,0.54653823,0.49856937,0.56259024
2019-06-16,0.42473966,0.52566254,0.5529669,0.5460917,0.49810216,0.5622068
2021-04-07,0.4248072,0.5259467,0.5532116,0.5463928,0.49832904,0.56234974
2020-11-07,0.42557645,0.52656794,0.5539622,0.5470707,0.4990773,0.56324756
2020-01-29,0.42556122,0.526621,0.5540242,0.54709196,0.49912873,0.563247
2022-03-02,0.42509806,0.52602136,0.5533799,0.5464301,0.4987328,0.5626818
2022-07-09,0.42426017,0.5251868,0.5524224,0.5454968,0.4974722,0.5614748
2024-12-10,0.42554778,0.52651066,0.5538996,0.54711443,0.499015,0.56332844
2023-08-20,0.42427388,0.5251808,0.5523979,0.5454188,0.49760067,0.5615958
2024-05-27,0.42507952,0.52618396,0.5533949,0.5465593,0.49850732,0.56263006
2023-01-29,0.42564702,0.52666664,0.55402315,0.547189,0.49911013,0.56339514
2023-03-24,0.4247389,0.52584416,0.5532753,0.5460722,0.49811754,0.56216264
2021-06-12,0.42463592,0.52556324,0.5530953,0.54599667,0.49810192,0.5621875
2021-01-08,0.4255342,0.5265601,0.553974,0.5470519,0.4991355,0.5632578
2024-01-13,0.4255747,0.52662456,0.5540055,0.5470783,0.49914104,0.5632992
2023-07-04,0.42275554,0.5236671,0.5508143,0.54377437,0.49596533,0.55983543
2022-03-16,0.42491117,0.52608985,0.55331933,0.5465157,0.49854547,0.56245893
2023-09-28,0.42308274,0.52344936,0.55063355,0.5443559,0.49612337,0.5604696
2022-03-27,0.42468938,0.52598894,0.5531175,0.5465589,0.49840698,0.5620677
2020-12-18,0.42556915,0.5266098,0.5540017,0.54709554,0.49912605,0.5632763
2021-12-23,0.4256228,0.52668303,0.5540804,0.54716945,0.49916425,0.56337553
2020-06-19,0.42463598,0.5256648,0.55325514,0.54590714,0.49821055,0.5624495
2021-09-30,0.4245694,0.5256824,0.55284476,0.5459622,0.4980313,0.56199354
2020-10-21,0.4251709,0.5263048,0.55364686,0.54673773,0.49875298,0.5627887
2024-01-09,0.42557922,0.5266129,0.5540063,0.5470816,0.4991314,0.5633
2021-07-14,0.42464435,0.52597296,0.5532813,0.54635626,0.4983612,0.56258166
2022-08-08,0.4249087,0.52587944,0.5532164,0.5462373,0.49830595,0.5623295
2024-02-07,0.42513758,0.52614224,0.5534917,0.5465232,0.49869248,0.562737
2019-09-10,0.4245394,0.5256452,0.5527904,0.5459216,0.49819717,0.5616943
2020-02-27,0.4250832,0.5260135,0.5534358,0.5464296,0.4987742,0.56269294
2020-07-03,0.42455697,0.52568734,0.5532085,0.5460898,0.49811172,0.56225526
2021-12-10,0.42559126,0.5266859,0.55406994,0.54714674,0.49911767,0.5633682
2020-07-04,0.42457086,0.525535,0.55306566,0.5461026,0.4980297,0.56225324
2023-03-04,0.42436767,0.5256974,0.5529022,0.54598826,0.49813765,0.5620821
2022-07-29,0.42514303,0.5262004,0.55346507,0.5466292,0.4986192,0.56270015
2023-11-18,0.42537022,0.52639955,0.5537083,0.54685843,0.4988047,0.56300735
2021-01-19,0.42545304,0.5264638,0.5538612,0.54695016,0.49906585,0.56315845
2021-09-15,0.42474988,0.5261268,0.5532344,0.5459923,0.4983824,0.56233877
2019-12-22,0.42557508,0.5266579,0.5540629,0.5471267,0.49911323,0.56333333
2021-11-15,0.4255368,0.52652514,0.55388623,0.5470401,0.49898508,0.5632267
2024-05-14,0.42504498,0.5261929,0.55353475,0.5465728,0.49863455,0.56271595
2024-11-20,0.42541662,0.5262664,0.5536912,0.546925,0.49881834,0.56321365
2024-04-25,0.4254081,0.5264711,0.55385345,0.5469406,0.4989579,0.56310815
2020-08-23,0.4250497,0.5262011,0.5535349,0.5464343,0.49864706,0.5627005
2023-09-04,0.42202356,0.5227602,0.5497164,0.54266137,0.49525744,0.55891347
2020-12-02,0.42562154,0.52664435,0.55404025,0.5471466,0.49913597,0.5633356
2021-02-14,0.4249416,0.52593213,0.553239,0.546283,0.49871513,0.5625835
2020-11-20,0.42558703,0.5265561,0.5539387,0.5470355,0.49903294,0.56323177
2022-11-29,0.42556173,0.52658033,0.5539393,0.5470583,0.49906263,0.5632462
2020-12-08,0.42561683,0.5266601,0.55404955,0.5471466,0.4991648,0.5633334
2021-12-03,0.42560267,0.5266352,0.5540133,0.5471204,0.49907592,0.5633578
2022-02-02,0.425575,0.5265856,0.5539919,0.5470704,0.49912333,0.5632822
2020-07-09,0.42449376,0.52534133,0.5529772,0.5458507,0.49787003,0.5620203
2021-12-15,0.4255778,0.5266628,0.55404764,0.54714286,0.4991102,0.56332326
2022-05-08,0.42482555,0.52586055,0.5533062,0.5462928,0.4983105,0.56250846
2021-04-21,0.42540893,0.52650154,0.5538398,0.54693186,0.49891594,0.56308043
2024-06-25,0.42457712,0.5256864,0.5529418,0.54592067,0.498076,0.56215364
2020-09-09,0.4240114,0.52523667,0.55258197,0.54532,0.4977775,0.56153107
2023-09-21,0.42311805,0.5236161,0.55078703,0.5442587,0.49625146,0.56031644
2020-12-30,0.42555532,0.5265809,0.5539908,0.547057,0.49914375,0.5632627
2024-09-30,0.42421404,0.5259716,0.55294937,0.5458325,0.49809405,0.5621165
2020-12-09,0.4256195,0.5266573,0.5540483,0.54715216,0.49915516,0.5633284
2021-06-23,0.42506167,0.52617097,0.55341816,0.5465148,0.49848256,0.5626494
2023-01-13,0.42561096,0.5265585,0.55393565,0.5470675,0.49902824,0.5633232
2023-09-18,0.42312655,0.523494,0.5506252,0.5438281,0.49595255,0.55990374
2021-11-18,0.42554265,0.52656287,0.5539427,0.54706,0.49904838,0.5632581
2023-12-17,0.42560896,0.5266297,0.5539822,0.547108,0.499134,0.5632687
2024-01-05,0.42557797,0.5266454,0.55402654,0.5471125,0.49914086,0.5633077
2023-10-17,0.42406243,0.52481335,0.5520664,0.5454329,0.49732402,0.5615623
2022-12-28,0.42554405,0.52653646,0.5539178,0.54702765,0.49903366,0.5632598
2022-07-26,0.4248385,0.5258504,0.55309814,0.546256,0.49828738,0.56226397
2019-09-03,0.4230874,0.5239193,0.55179834,0.54452366,0.49758562,0.5605
2022-11-20,0.42550927,0.52650213,0.5538789,0.5470044,0.4990207,0.56319827
2023-04-11,0.4246697,0.5258242,0.5531013,0.5461609,0.49816912,0.5622401
2023-03-07,0.42494142,0.52623713,0.5535026,0.5465684,0.4986508,0.5627088
2023-10-27,0.42475542,0.52577406,0.553066,0.5461764,0.4982499,0.5622697
2022-11-18,0.4255151,0.5265223,0.55390674,0.54702693,0.49903792,0.5631908
2020-04-20,0.42527503,0.526306,0.5535994,0.5467416,0.49872783,0.5628979
2019-10-25,0.42530465,0.526373,0.55369335,0.5468671,0.49881703,0.5629112
2023-02-08,0.42559826,0.5265966,0.55390334,0.5472121,0.49900255,0.56331706
2022-03-26,0.42487603,0.52621114,0.55337775,0.5467408,0.49862337,0.5623103
2021-04-29,0.4254053,0.52649075,0.5538077,0.5469416,0.49893904,0.5630634
2021-05-08,0.42534542,0.5264545,0.5537316,0.54691446,0.49893132,0.56292164
2022-05-01,0.42510426,0.5261397,0.5535399,0.5466012,0.49859703,0.56276166
2020-01-28,0.4255224,0.5265861,0.55397123,0.54707295,0.499108,0.56314945
2020-09-07,0.42435685,0.5255497,0.55282474,0.5457751,0.49808115,0.561852
2019-06-25,0.42388836,0.52455765,0.55248505,0.5451205,0.4971807,0.5613146
2022-03-09,0.42497918,0.52601486,0.553313,0.5463799,0.49869853,0.56258297
2021-07-02,0.42455822,0.5254923,0.5532133,0.5459357,0.4979795,0.5620381
2019-10-08,0.42497462,0.52587146,0.55320394,0.54638124,0.49849838,0.56233466
2023-04-24,0.42544225,0.5264914,0.5539007,0.5469281,0.49896377,0.5630672
2022-12-19,0.42561027,0.5266027,0.5539461,0.5470817,0.49908817,0.5632858
2024-03-02,0.42432147,0.52572376,0.5530672,0.5456501,0.49812877,0.56216425
2023-05-15,0.4254936,0.5265884,0.55382836,0.5469561,0.49889797,0.56303555
2023-01-18,0.42564046,0.5265551,0.5539121,0.5470834,0.498977,0.56329906
2021-05-02,0.42539537,0.5265014,0.55381835,0.5469512,0.49894336,0.5630678
2021-07-29,0.42461392,0.52594346,0.5531493,0.54619586,0.49827552,0.56255335
2020-09-14,0.42427418,0.5253092,0.552859,0.54546213,0.49799764,0.5618914
2021-11-07,0.42476326,0.5252555,0.5531338,0.545731,0.4981379,0.5624387
2021-03-13,0.4251374,0.5263112,0.55358994,0.54685193,0.49878928,0.5627239
2024-02-11,0.4249233,0.5258956,0.5532231,0.5462883,0.49843115,0.56243926
2019-10-20,0.4251608,0.5262877,0.55360216,0.54676753,0.49873102,0.56277704
2019-04-17,0.424901,0.52605104,0.5532303,0.5464268,0.49842876,0.5625083
2020-07-15,0.4248612,0.5258851,0.55325294,0.5463103,0.49831176,0.56243104
2024-09-01,0.42414692,0.525034,0.55232257,0.54531574,0.49749404,0.5614353
2020-05-04,0.4255005,0.52648944,0.55382603,0.54696107,0.49896935,0.5631364
2019-05-16,0.425318,0.5263644,0.5536701,0.54686874,0.4988925,0.56294376
2019-10-12,0.42495525,0.5259401,0.5532466,0.5464174,0.49846584,0.5623744
2024-07-10,0.42465347,0.525473,0.5529162,0.5460224,0.49806476,0.56227297
2019-11-15,0.42547557,0.5265565,0.55390376,0.5470402,0.49898106,0.5631816
2021-11-13,0.425469,0.52645695,0.55379534,0.5469376,0.4988938,0.5631054
2023-09-02,0.42236596,0.5230793,0.550063,0.54321176,0.4956208,0.5593435
2021-07-28,0.42474997,0.5261566,0.55326945,0.5464482,0.4984116,0.5624445
2020-01-05,0.42562178,0.5266823,0.5540722,0.54716706,0.49916857,0.5633602
2024-07-27,0.424068,0.5251429,0.5525275,0.54537946,0.49760386,0.56149966
2019-05-02,0.42542747,0.52649885,0.55378044,0.5469668,0.49895024,0.5630849
2023-05-27,0.4256185,0.5265,0.5538477,0.5468916,0.49889416,0.5628592
2022-05-11,0.42514378,0.52623016,0.553672,0.5466585,0.49865574,0.5629479
2020-10-10,0.42511863,0.5262439,0.55357724,0.54661983,0.49872303,0.5627346
2020-03-13,0.4252882,0.52632296,0.5536892,0.5467328,0.49888888,0.56294733
2022-07-10,0.42427596,0.5252183,0.55243236,0.54547787,0.4974513,0.56142396
2020-03-11,0.42512724,0.5260995,0.5535081,0.54650456,0.49874383,0.5627244
2020-05-23,0.42529798,0.5264621,0.55379605,0.5468474,0.49886236,0.5630795
2022-09-08,0.42385298,0.524495,0.5520672,0.54505605,0.49762028,0.560965
2021-08-19,0.42530444,0.52649504,0.5537993,0.5469209,0.49901187,0.56317383
2021-05-09,0.42538607,0.52645785,0.553716,0.5468973,0.4989363,0.5629338
2024-08-10,0.42515218,0.526171,0.5535095,0.5466083,0.49856645,0.5627098
2020-07-28,0.4252451,0.5262858,0.55364484,0.54669183,0.49872017,0.56284887
2024-06-21,0.42494586,0.52630806,0.5532272,0.54638606,0.49839133,0.56240165
2022-12-30,0.42563683,0.5266565,0.5540557,0.5471517,0.499167,0.56337744
2019-06-26,0.42365655,0.52430195,0.5523569,0.5448435,0.49695715,0.5610547
2024-05-31,0.42527142,0.5263035,0.5535417,0.5467339,0.49874222,0.5627405
2019-04-18,0.42500114,0.5261446,0.5533132,0.54650325,0.49855,0.5626673
2022-11-07,0.4253827,0.5264083,0.5537646,0.54689187,0.49886557,0.5630412
2024-04-02,0.42533818,0.52646375,0.55372226,0.54690284,0.4988309,0.5629654
2024-08-17,0.42477927,0.5257963,0.55313545,0.54609597,0.49819165,0.5622542
2024-03-09,0.42450365,0.5257879,0.5531099,0.5458922,0.4982535,0.5622586
2023-09-15,0.42289466,0.52339005,0.5505508,0.54363275,0.4959269,0.5598247
2022-06-20,0.4247516,0.52569205,0.55300605,0.54611105,0.4981029,0.5622379
2023-07-06,0.42271337,0.5235899,0.55090785,0.5437195,0.4959723,0.5598665
2024-04-03,0.42531273,0.5264476,0.55373085,0.54687864,0.49883163,0.5629805
2022-02-23,0.425124,0.5260852,0.5534602,0.5464988,0.49878582,0.56277597
2020-01-04,0.42561975,0.52666646,0.5540756,0.54715693,0.49916026,0.56334585
2021-01-30,0.4251001,0.5260387,0.5534185,0.5464704,0.49879935,0.5627265
2023-10-24,0.4246392,0.52564377,0.55293405,0.54604626,0.49811468,0.5621529
2019-10-03,0.42464238,0.52563995,0.5529217,0.5461162,0.49825042,0.5619608
2024-08-30,0.4243018,0.5251817,0.5524794,0.5454541,0.49762395,0.5616115
2024-02-08,0.42509496,0.52608734,0.55343413,0.5464707,0.49865407,0.5626899
2024-05-21,0.4232082,0.52410847,0.55129224,0.544345,0.49636388,0.56047577
2021-03-17,0.4248045,0.5259649,0.5532071,0.5465413,0.49844256,0.5623153
2024-11-09,0.42504284,0.52589816,0.5533107,0.5466125,0.4984184,0.56300205
2022-09-04,0.42391145,0.5246397,0.5521147,0.5451261,0.49756575,0.5610095
2023-06-20,0.42477798,0.5259076,0.5532369,0.5462262,0.49820876,0.5623787
2022-09-05,0.42386898,0.52453035,0.5520668,0.5450777,0.49754956,0.5609489
2020-05-01,0.42548186,0.5264778,0.55381036,0.54694664,0.49894306,0.56312007
2021-06-10,0.42503512,0.5259842,0.553514,0.5464287,0.49855223,0.56270134
2023-12-31,0.42556065,0.52662283,0.5539948,0.54707944,0.4991133,0.56327075
2019-05-06,0.42541918,0.5264688,0.55379415,0.5469527,0.49896818,0.563089
2024-12-02,0.42550755,0.5264373,0.55383646,0.5470746,0.49895072,0.56330574
2020-09-17,0.42451477,0.52577335,0.5529609,0.54575175,0.4981579,0.5620251
2023-05-21,0.42561442,0.5266335,0.55391085,0.54690945,0.49892798,0.56297976
2024-03-22,0.4249862,0.52611977,0.55335087,0.54650116,0.49846277,0.56257033
2020-05-17,0.42532662,0.5264313,0.5537777,0.5468309,0.49885863,0.5630306
2024-10-26,0.42474523,0.52568644,0.5529954,0.5462839,0.49808463,0.5628607
2024-04-01,0.42527565,0.5263986,0.5536596,0.5468325,0.49876037,0.5629075
2023-11-05,0.42496386,0.5260703,0.55332035,0.54638547,0.4984796,0.56250644
2023-01-14,0.4256158,0.52655846,0.5539561,0.5470642,0.49901977,0.56332636
2022-01-02,0.4256094,0.5266477,0.5540359,0.547134,0.49915043,0.56332135
2020-01-03,0.42562732,0.5266789,0.55408204,0.5471678,0.49916723,0.56335664
2024-02-10,0.42489058,0.5258715,0.553195,0.5462435,0.4983867,0.5623746
2024-12-13,0.42556262,0.52653855,0.55392545,0.5471142,0.49904415,0.56332415
2022-01-05,0.42564723,0.52669704,0.5540945,0.54718864,0.4992015,0.5633855
2024-10-29,0.42483777,0.52567667,0.5530059,0.54627615,0.4980534,0.56272775
2021-04-28,0.42541212,0.5265188,0.5538068,0.54695976,0.4989509,0.56308144
2021-07-15,0.42471376,0.5258904,0.5532636,0.5463298,0.49835378,0.56258583
2021-05-31,0.42467737,0.5269412,0.5531194,0.5452437,0.49862266,0.5610147
2024-07-05,0.42407456,0.52452624,0.55206245,0.54556346,0.4971678,0.56188977
2019-05-09,0.42540634,0.5264431,0.5537343,0.546939,0.49894652,0.56305724
2024-06-05,0.42523676,0.5262949,0.55353427,0.5467249,0.4987468,0.56274503
2019-08-16,0.4247751,0.52571046,0.55314595,0.54613674,0.49828234,0.56224686
2023-01-07,0.42564258,0.5266747,0.5540925,0.5471657,0.4991591,0.563404
2019-12-23,0.42559686,0.5266682,0.55407405,0.54715043,0.4991364,0.5633421
2024-03-05,0.42442974,0.5258395,0.55321926,0.5457892,0.49820107,0.56236523
2022-08-07,0.4250023,0.52599186,0.5533152,0.54636693,0.49838594,0.5624606
2020-09-08,0.42411366,0.5253237,0.5526007,0.54545355,0.49784237,0.56156725
2024-06-08,0.42503336,0.5263283,0.553426,0.54665583,0.49858484,0.5626217
2020-02-20,0.42534724,0.52636147,0.5537966,0.5467911,0.4989895,0.56292176
2021-08-08,0.42350143,0.52559894,0.5523479,0.5451495,0.49744594,0.562923
2024-03-03,0.42442754,0.5258744,0.5532097,0.5457686,0.49827528,0.56232184
2024-01-04,0.42557985,0.5266367,0.5540102,0.54710585,0.49912748,0.563308
2024-03-01,0.42422408,0.5256753,0.5529988,0.5454463,0.49804106,0.56196773
2024-02-05,0.42519847,0.5262269,0.55357087,0.5466034,0.4987685,0.56282455
2022-01-10,0.42564,0.52667904,0.5540796,0.54717547,0.4991951,0.56337565
2024-05-12,0.42486364,0.5260358,0.5532982,0.54642934,0.49854383,0.5623096
2022-12-29,0.42555448,0.5265602,0.5539248,0.5470447,0.49905884,0.5632864
2023-12-26,0.42557675,0.5266487,0.5540111,0.54710543,0.4991471,0.56329703
2024-03-11,0.42462543,0.5257914,0.5530634,0.54604954,0.49828607,0.5622255
2024-05-04,0.42509001,0.52642405,0.55365497,0.54677624,0.49902272,0.5624045
2024-12-04,0.4255367,0.52645427,0.55385894,0.54709625,0.4989795,0.5633276
2020-10-31,0.42549732,0.526473,0.55387264,0.54698265,0.4989813,0.5631277
2020-02-29,0.42486098,0.5257439,0.5531378,0.5461224,0.49857083,0.5624039
2021-06-13,0.42423168,0.5251254,0.5526301,0.54551965,0.49762726,0.5616666
2023-11-01,0.42477474,0.5258511,0.5531124,0.54616624,0.4982947,0.5622512
2019-11-28,0.42549127,0.52655894,0.5539501,0.54704326,0.49900123,0.56322914
2022-01-24,0.4255786,0.52660334,0.55399925,0.54709405,0.4991258,0.5632946
2020-12-20,0.42559338,0.52663314,0.5540342,0.54712105,0.49916384,0.56331086
2022-01-16,0.4256312,0.52666384,0.5540597,0.5471527,0.49917334,0.563354
2022-02-08,0.42546695,0.5264858,0.5538694,0.5469681,0.49902618,0.56315726
2021-09-04,0.42471385,0.52602947,0.55302423,0.5460407,0.49816853,0.562227
2020-08-27,0.42493355,0.5260285,0.5533858,0.54637164,0.49850923,0.56255364
2023-09-30,0.42302433,0.5236481,0.5507926,0.5441625,0.49621594,0.56029236
2021-12-21,0.42561156,0.5266693,0.55407125,0.5471733,0.49915,0.5633799
2023-04-17,0.42476174,0.525806,0.5532359,0.54623693,0.49819446,0.5622396
2023-12-22,0.4256076,0.5266243,0.55398846,0.54710114,0.49912345,0.56327933
2022-05-26,0.42391893,0.52475053,0.5520193,0.5451022,0.49711412,0.56115377
2020-04-16,0.42528978,0.5263579,0.553594,0.54674244,0.49881312,0.5629867
2024-11-29,0.42548776,0.52634263,0.55375206,0.54703325,0.4988754,0.56328726
2022-08-15,0.42283115,0.5233694,0.5517772,0.5435743,0.49624494,0.55962974
2019-10-14,0.42489335,0.5259407,0.5532126,0.5463626,0.4984302,0.56236416
2020-12-06,0.42561445,0.52665085,0.55404085,0.547148,0.4991437,0.5633264
2020-11-23,0.42559418,0.5265772,0.55395436,0.5470717,0.49903655,0.56322
2022-07-28,0.42497712,0.5260481,0.55329424,0.54646367,0.49843422,0.56248325
2020-10-25,0.4252771,0.52630013,0.55365574,0.54673654,0.49880043,0.56287473
2021-10-18,0.42431527,0.5250572,0.5527709,0.5454187,0.49782842,0.56192905
2022-04-03,0.42513824,0.52638584,0.5536476,0.5468844,0.4988211,0.5627137
2021-12-30,0.42563137,0.52668226,0.5540683,0.5471705,0.4991773,0.56335896
2024-08-05,0.42513442,0.52620935,0.55355376,0.5466264,0.4985872,0.562725
2022-05-20,0.42506608,0.5261435,0.55352426,0.54650927,0.49852,0.5627154
2020-10-18,0.42511886,0.52628064,0.55361784,0.54672384,0.4987155,0.56272465
2021-09-07,0.42478424,0.5259965,0.5532049,0.54593396,0.49834052,0.56227773
2024-06-10,0.4249604,0.5262195,0.55330926,0.54656297,0.49856853,0.56255007
2021-11-30,0.42560974,0.5266344,0.55401176,0.5471079,0.49910724,0.56333244
2021-04-04,0.42452788,0.5256797,0.5529248,0.5461083,0.49799037,0.5620044
2023-08-25,0.42384315,0.52468073,0.5519045,0.5449278,0.4971623,0.56109047
2020-09-27,0.42519942,0.5263119,0.5535773,0.54666334,0.498744,0.562805
2019-04-19,0.42518666,0.5263401,0.5534255,0.54663026,0.4988169,0.56294966
2021-10-12,0.42429435,0.5255458,0.5528013,0.5453091,0.4979798,0.5615652
2021-11-05,0.4245629,0.5249156,0.5530005,0.5453973,0.49797252,0.5622761
2019-10-19,0.4251171,0.52618736,0.55351454,0.54666424,0.49865192,0.562695
2019-08-29,0.42309663,0.5240152,0.5518368,0.54434174,0.49717063,0.5604318
2022-03-12,0.42521814,0.52637,0.55366284,0.5467607,0.49887493,0.56288904
2024-10-19,0.4246171,0.525735,0.552985,0.54621446,0.49812242,0.5630039
2022-09-25,0.4222319,0.52254033,0.5503566,0.543162,0.49656245,0.55881506
2023-02-07,0.42563298,0.52663285,0.5539544,0.5472175,0.4990554,0.5633376
2021-01-18,0.42544422,0.52645236,0.5538547,0.5469285,0.49905396,0.56313753
2020-02-07,0.42545113,0.52652353,0.5539171,0.54700667,0.49908745,0.5629813
2022-07-03,0.42435786,0.5249573,0.55228853,0.54569596,0.4974619,0.56162506
2023-12-04,0.42558703,0.5266184,0.5539557,0.5470936,0.49909103,0.5632283
2024-03-19,0.4249089,0.52606493,0.5533106,0.5463896,0.4984122,0.5625033
2021-02-19,0.42539072,0.5264542,0.5537326,0.54689014,0.49900645,0.5629922
2021-02-05,0.4250115,0.52592933,0.5532678,0.54630536,0.49865156,0.5625397
2021-04-25,0.42544055,0.5265502,0.5538605,0.5469969,0.49897155,0.5631572
2020-03-21,0.42531854,0.5263949,0.5537302,0.54687566,0.49884954,0.5628919
2019-07-24,0.423472,0.52421945,0.55183256,0.5445768,0.49681395,0.5607094
2023-09-27,0.42318258,0.5235697,0.55076075,0.5444414,0.4962042,0.5605663
2021-01-09,0.42552403,0.5265531,0.5539422,0.54703486,0.4991108,0.56322193
2024-09-12,0.4248039,0.52577263,0.5530764,0.54612553,0.49827504,0.5623638
2020-12-29,0.42556316,0.52659476,0.5540007,0.5470665,0.49913225,0.5632695
2020-09-02,0.4248147,0.52589136,0.5532613,0.54628354,0.498484,0.56241345
2019-09-11,0.42437944,0.52563274,0.55268407,0.5457886,0.49806955,0.5614589
2022-11-09,0.42541763,0.52641976,0.55377465,0.5468787,0.49887696,0.56305146
2023-11-22,0.42546,0.52647066,0.55379015,0.5469584,0.49890295,0.5630968
2019-10-05,0.42482388,0.5257833,0.5530846,0.54626113,0.4983847,0.5621652
2020-02-01,0.42539692,0.52646345,0.5538379,0.54695165,0.49902093,0.56292117
2021-10-01,0.42458427,0.5257533,0.552905,0.5460418,0.49813646,0.5620833
2024-04-05,0.4251734,0.52631503,0.553587,0.5467196,0.49867216,0.5628431
2023-04-23,0.4251902,0.52619416,0.5536497,0.5466506,0.4986403,0.5627105
2019-08-23,0.42343816,0.5243297,0.5520527,0.5446356,0.49711743,0.5607096
2024-07-19,0.42419407,0.5252458,0.55251795,0.54540366,0.4975657,0.56148976
2021-08-27,0.42517775,0.52636313,0.5534369,0.54667956,0.49863,0.5627702
2021-08-17,0.42529148,0.5264212,0.5536473,0.5467682,0.49882486,0.5630097
2023-04-06,0.4246383,0.52577424,0.55302405,0.5461762,0.49814036,0.562241
2023-08-14,0.42386386,0.52469623,0.5518618,0.5449144,0.49714407,0.56108016
2024-11-16,0.42529014,0.52608055,0.5535205,0.54682297,0.49864563,0.5631702
2020-06-21,0.4233608,0.5231431,0.552158,0.5435626,0.4969406,0.56127787
2021-10-13,0.42420238,0.52560776,0.55271417,0.54508185,0.49792984,0.56127304
2019-09-18,0.42343107,0.52475095,0.55178726,0.5449108,0.49724928,0.5600876
2022-06-22,0.4251596,0.52623534,0.5535764,0.54656106,0.4985801,0.56271344
2024-05-18,0.4217495,0.5225118,0.5496538,0.54274976,0.49490944,0.558828
2022-01-01,0.4256177,0.5266509,0.55403763,0.5471422,0.49914637,0.56332994
2020-06-22,0.42296764,0.5224431,0.5518338,0.5428588,0.49654603,0.56089026
2021-03-05,0.42516184,0.5262908,0.5535629,0.54685444,0.49880683,0.56272125
2021-10-17,0.424348,0.5251712,0.5528007,0.54537135,0.49790543,0.5618462
2019-10-07,0.4248645,0.5257864,0.55310255,0.5462976,0.49840578,0.56218857
2024-11-24,0.42550296,0.5264181,0.5538369,0.547026,0.49894863,0.563288
2023-09-25,0.42325732,0.5235556,0.5507688,0.5445678,0.4962192,0.56061125
2023-12-11,0.4255803,0.5266241,0.5539594,0.5470936,0.4990931,0.56323385
2023-12-21,0.42560306,0.5266483,0.5540036,0.54711837,0.49913615,0.56329036
2020-03-26,0.4253024,0.5264735,0.55378956,0.54701465,0.49893892,0.56290734
2022-01-13,0.42564368,0.526675,0.5540709,0.54717517,0.49918458,0.5633776
2023-04-30,0.42538115,0.52640206,0.55383676,0.54686874,0.49888527,0.562998
2022-01-15,0.42562926,0.5266666,0.5540615,0.54715246,0.49917525,0.5633546
2020-08-22,0.42508262,0.5261975,0.55353975,0.5464212,0.4985936,0.5626451
2020-06-17,0.42497256,0.52598006,0.5533644,0.54624814,0.49838647,0.5625813
2023-04-14,0.42463046,0.5257248,0.5530378,0.5461308,0.49810168,0.56219614
2021-02-02,0.4249987,0.52592593,0.5532966,0.5463427,0.49870542,0.56258976
2021-11-24,0.42557326,0.5265975,0.55396533,0.547066,0.49907452,0.5632813
2020-01-27,0.42547762,0.5265396,0.55391216,0.5470278,0.49905765,0.5630891
2023-12-19,0.42561585,0.52664137,0.5539927,0.5471165,0.49912375,0.56327677
2021-09-28,0.42465165,0.52584064,0.5529862,0.5460921,0.49812627,0.5621352
2023-10-26,0.42462134,0.5256288,0.55291253,0.5460231,0.4980947,0.5621065
2020-04-03,0.42481863,0.52609205,0.55332804,0.54666716,0.49847195,0.5622658
2023-07-24,0.42499003,0.52597123,0.5533056,0.5462573,0.49836984,0.5624531
2023-05-18,0.42556137,0.52662224,0.5538858,0.5469728,0.49893367,0.56304693
2022-04-09,0.4253295,0.5264944,0.5538101,0.5470132,0.49897167,0.56297123
2021-07-01,0.42489445,0.52581906,0.55352294,0.5462805,0.49836954,0.5624374
2022-05-09,0.42465046,0.52572083,0.5531704,0.5461375,0.49812913,0.5623585
2024-08-13,0.4250978,0.5261526,0.5534675,0.54655033,0.49853873,0.56268275
2021-10-16,0.4241012,0.525282,0.5526467,0.5448752,0.49781966,0.5612913
2022-05-05,0.42511043,0.526152,0.553556,0.5466167,0.4986156,0.5627886
2023-08-22,0.4242309,0.5250312,0.5523153,0.5453012,0.49755058,0.56151
2022-04-04,0.42519274,0.52640456,0.5536682,0.5469287,0.49884337,0.5627708
2023-04-25,0.42534843,0.52639115,0.5537937,0.5468029,0.49886367,0.5629818
2019-09-24,0.4239587,0.52524555,0.55243546,0.5455723,0.49773744,0.5611622
2024-06-02,0.42505714,0.52604264,0.5532681,0.54648846,0.4985009,0.5624083
2022-09-03,0.42387515,0.52462447,0.55210096,0.54508644,0.49749514,0.5609662
2024-07-25,0.4232508,0.5242568,0.55166036,0.5444756,0.49666476,0.56052643
2024-01-15,0.42555258,0.52659464,0.55399054,0.5470549,0.49912873,0.56328243
2021-11-26,0.42558557,0.5266095,0.55399525,0.5470908,0.49908423,0.5633151
2022-01-30,0.4255556,0.52657163,0.55396426,0.54706186,0.4991051,0.5632606
2019-08-24,0.4226849,0.52352834,0.5514548,0.5437258,0.49636817,0.55984306
2023-09-14,0.4219889,0.52240384,0.5495371,0.542486,0.4950577,0.5587168
2023-05-07,0.42546692,0.5265592,0.5538892,0.5469818,0.49896848,0.5631151
2024-06-23,0.42498237,0.5262413,0.5533917,0.54638106,0.49853042,0.56253916
2024-01-12,0.42557096,0.526621,0.55400854,0.5470765,0.4991358,0.5632979
2020-03-03,0.4246418,0.52549,0.5528872,0.54582995,0.49844033,0.5622174
2022-06-18,0.42472902,0.525754,0.553076,0.5460697,0.4981274,0.562218
2021-09-10,0.42463946,0.52602583,0.5531699,0.5458087,0.49830294,0.5622369
2020-12-28,0.42556518,0.5266021,0.554006,0.54707104,0.49913865,0.5632768
2023-09-12,0.42260075,0.5232325,0.5504284,0.5432884,0.4958493,0.5594919
2024-03-08,0.42444283,0.52568823,0.55304223,0.5458033,0.4981199,0.5622225
2020-09-24,0.42501506,0.52617604,0.5534044,0.5463544,0.4985463,0.5624589
2022-07-24,0.42467746,0.5257138,0.5529896,0.5461003,0.49817064,0.56207895
2023-03-06,0.4248021,0.5260821,0.55337006,0.54638267,0.49851206,0.5625393
2019-08-17,0.42441338,0.52529013,0.55277336,0.545694,0.49791446,0.5617974
2019-05-31,0.42447478,0.5264118,0.5529811,0.54538745,0.49832833,0.5613573
2020-05-06,0.4253864,0.52642673,0.5537811,0.54687953,0.4988897,0.56306684
2020-04-29,0.42548168,0.5265131,0.5538272,0.54696816,0.49895707,0.563139
2020-05-25,0.42529815,0.52650094,0.5538295,0.5468643,0.49889314,0.56310683
2021-04-17,0.42527297,0.5264103,0.55372673,0.54690504,0.4988118,0.5628739
2022-08-18,0.42235896,0.5228189,0.5516049,0.54298574,0.495752,0.5590165
2021-04-06,0.424921,0.52607214,0.5533527,0.54651666,0.49844855,0.5624815
2023-03-27,0.4249524,0.5262102,0.55349904,0.54647213,0.49857304,0.5626138
2024-03-25,0.42514977,0.5262839,0.55352926,0.5466858,0.49870968,0.5627547
2024-01-07,0.4255961,0.5266492,0.55402845,0.547113,0.49914375,0.56331456
2023-03-30,0.42464978,0.5258122,0.5530156,0.5461187,0.4981238,0.56222755
2019-05-13,0.42531946,0.52635854,0.5536483,0.54682326,0.49885845,0.5629579
2020-06-01,0.42419752,0.52515095,0.55245996,0.5455286,0.49760482,0.5616606
2019-12-15,0.42556095,0.52663475,0.5540445,0.5470973,0.49909183,0.5633163
2019-09-01,0.42320535,0.5240834,0.5520419,0.54468155,0.49770555,0.5607161
2024-09-13,0.42475006,0.52572113,0.55298275,0.5460548,0.49819964,0.5623077
2024-09-07,0.42443496,0.52537036,0.55270165,0.54569155,0.4979011,0.5618651
2021-03-29,0.42232305,0.5233286,0.5504387,0.5438777,0.49563146,0.5594876
2023-05-09,0.4255196,0.5266252,0.5539178,0.547036,0.49900553,0.56314963
2021-12-16,0.4255777,0.52666897,0.554054,0.5471555,0.49911773,0.56334984
2022-02-26,0.42496806,0.5258998,0.55328196,0.54629296,0.49868554,0.56259984
2024-12-24,0.42553625,0.52651495,0.55389345,0.54713434,0.49901924,0.5633196
2019-03-30,0.42407677,0.5250884,0.552363,0.5454303,0.4975596,0.5614539
2019-10-23,0.4252834,0.5263732,0.553704,0.54686403,0.49881193,0.56289285
2021-04-02,0.42424706,0.52537674,0.5526413,0.5457442,0.49758026,0.5616169
2023-07-28,0.42488328,0.52589566,0.5531127,0.5460589,0.4982425,0.5623367
2023-10-05,0.42315006,0.52378917,0.5509552,0.5442406,0.49635625,0.5603256
2023-01-06,0.42562088,0.5266245,0.55403274,0.54712784,0.49913308,0.5633877
2022-08-24,0.42117482,0.5212643,0.551152,0.5412363,0.4945361,0.5574238
2019-05-17,0.4252634,0.5263289,0.5536182,0.5468148,0.49884015,0.5628818
2023-03-12,0.4248227,0.5260251,0.5533501,0.5463705,0.4984585,0.56251013
2020-04-21,0.42530674,0.52635795,0.55365527,0.54679036,0.49877754,0.56295234
2022-06-11,0.42446592,0.52581733,0.55298835,0.5460638,0.4980508,0.5622415
2020-05-29,0.42493552,0.52604616,0.55335975,0.5464354,0.49846396,0.5626156
2023-08-09,0.42463937,0.5255942,0.55278414,0.54590255,0.49798897,0.5620377
2020-02-02,0.42550132,0.5265596,0.55394095,0.5470405,0.49908188,0.5631172
2019-04-04,0.4249413,0.5261229,0.55344963,0.546416,0.49854365,0.5624393
2021-11-17,0.42553678,0.52656835,0.55393517,0.54704756,0.49904114,0.56323504
2024-01-31,0.42531583,0.5263826,0.55373895,0.5467924,0.49892515,0.56300986
2023-03-02,0.42497566,0.52619666,0.5534829,0.54658425,0.49862963,0.56274104
2020-06-15,0.42456415,0.52567774,0.5529314,0.5459608,0.49804336,0.5622062
2021-12-27,0.42560905,0.52666575,0.5540471,0.5471563,0.49915147,0.56333494
2019-12-12,0.42555162,0.52664685,0.55404896,0.5471074,0.4990877,0.56333536
2020-01-26,0.4254966,0.5265561,0.5539301,0.5470351,0.49906376,0.5631416
2021-06-24,0.42504382,0.52623135,0.5533392,0.54656184,0.49847147,0.5626925
2022-11-22,0.42551103,0.5265751,0.5539299,0.5470559,0.49904522,0.56322706
2021-11-04,0.42475912,0.5251966,0.55304545,0.5457278,0.4980659,0.5624377
2020-03-02,0.42470166,0.5255492,0.55293244,0.5458933,0.49843043,0.5622166
2020-01-25,0.42555404,0.5266155,0.55400515,0.5471028,0.4991187,0.5632448
2021-04-27,0.42545035,0.52653927,0.5538509,0.5469883,0.4989941,0.563155
2023-04-10,0.42427713,0.525416,0.55266535,0.54577506,0.49773967,0.56181234
2024-11-26,0.42541152,0.52621925,0.553656,0.5469577,0.49875426,0.56327266
2023-12-03,0.425565,0.5266025,0.55394125,0.5470746,0.49907926,0.56322753
2022-02-28,0.42491478,0.5258419,0.5531899,0.5462312,0.49862975,0.5625169
2019-12-04,0.42552796,0.5266174,0.55402327,0.5470885,0.49906412,0.5632987
2023-07-15,0.42494,0.52600205,0.55325705,0.5463733,0.49835587,0.5624684
2020-03-22,0.4255034,0.5266331,0.55397695,0.5471423,0.49914128,0.56320167
2020-11-22,0.42559177,0.52655256,0.55393726,0.5470414,0.49903408,0.563221
2021-11-22,0.4255646,0.52656573,0.55393994,0.5470593,0.49905533,0.56328535
2024-03-06,0.42443302,0.5257945,0.5531391,0.5457991,0.49816793,0.5622861
2023-10-14,0.42380977,0.5244501,0.5516357,0.5451107,0.49696487,0.5612167
2022-09-14,0.4230415,0.52351344,0.5513027,0.5441917,0.49716857,0.55998784
2020-03-20,0.42529273,0.5263496,0.5536942,0.5468167,0.49881008,0.56281495
2024-12-23,0.4255324,0.52651364,0.5538838,0.5471312,0.49899745,0.5633201
2019-12-18,0.4255656,0.5266433,0.5540454,0.5470904,0.4990959,0.5633214
2019-09-29,0.42458728,0.5255846,0.5528761,0.5460629,0.4982114,0.56190085
2020-12-21,0.42559156,0.5266441,0.5540528,0.5471177,0.4991633,0.5633176
2020-10-19,0.42507797,0.5262424,0.55358547,0.54666907,0.49869627,0.5627026
2024-01-10,0.42555377,0.5266094,0.55399626,0.5470664,0.49911097,0.5632883
2024-10-20,0.42463073,0.5257291,0.552994,0.54622495,0.49815443,0.56306666
2023-10-07,0.42321667,0.5237949,0.550958,0.54434353,0.496351,0.56044376
2024-12-14,0.42556185,0.52653104,0.55392116,0.5471324,0.49903774,0.5633222
2021-03-09,0.42522874,0.52640915,0.5536686,0.5470163,0.49891594,0.56278664
2024-01-28,0.42540056,0.5264395,0.55380625,0.54687077,0.49898806,0.5630758
2020-02-25,0.4251638,0.52613926,0.5535401,0.54652745,0.49882,0.56280065
2023-09-10,0.42147988,0.5218869,0.5489341,0.5418706,0.49450776,0.558051
2022-08-17,0.42335874,0.52403194,0.55196655,0.5443033,0.49676347,0.5602446
2024-04-22,0.42525417,0.5263158,0.5536764,0.54678005,0.4987844,0.56293756
2020-04-02,0.42472783,0.52598727,0.5532208,0.5465958,0.4983847,0.5621519
2019-05-22,0.42524096,0.5263485,0.55362356,0.54680294,0.49886984,0.56281936
2024-12-21,0.4255089,0.52648216,0.5538498,0.54715097,0.4989427,0.5633386
2020-03-06,0.4247151,0.5255922,0.55296594,0.54591334,0.49845448,0.56228054
2023-05-06,0.42549843,0.5265752,0.553918,0.5469962,0.49898094,0.56313115
2022-03-25,0.42460617,0.5259326,0.5530806,0.5464468,0.49829742,0.5619891
2022-06-21,0.42496395,0.5259481,0.55331117,0.5462668,0.49834195,0.5624377
2022-12-15,0.42561826,0.5266332,0.55399257,0.54712826,0.49913093,0.5633399
2024-02-06,0.4251765,0.52618414,0.55354685,0.5465702,0.49876377,0.5628076
2021-10-08,0.42453364,0.52560794,0.5528788,0.54587364,0.49806854,0.5620108
2022-03-23,0.4248949,0.5261579,0.55330586,0.5466397,0.49857914,0.56238866
2020-10-24,0.42518002,0.5262366,0.55356365,0.54666895,0.49873364,0.56279683
2024-10-05,0.42494482,0.5260974,0.5533274,0.54641795,0.49843577,0.5626588
2022-09-01,0.42353258,0.52420723,0.5519349,0.5446302,0.49713546,0.56052536
2023-12-28,0.42558798,0.52663887,0.5540166,0.5471079,0.49913502,0.56329346
2020-07-31,0.425208,0.526253,0.55363363,0.5466061,0.49868822,0.5627901
2020-09-13,0.42421928,0.5253575,0.55278236,0.54547757,0.4979908,0.56183445
2022-04-11,0.4250181,0.52612835,0.55339986,0.5465692,0.49848586,0.56263894
2022-12-13,0.4256207,0.5266493,0.55401886,0.5471397,0.49915308,0.56333846
2021-09-02,0.4250175,0.5262694,0.55312145,0.5464983,0.49841622,0.56242317
2021-09-03,0.42493853,0.526217,0.5530701,0.5463175,0.49831495,0.56236905
2019-11-01,0.4254333,0.5264911,0.5538806,0.54701245,0.4989382,0.56310546
2022-09-13,0.42304465,0.52351034,0.5512541,0.5442246,0.49709302,0.5599835
2021-08-24,0.42488337,0.52646446,0.55358225,0.54671156,0.49903852,0.5631091
2023-03-03,0.42497048,0.5261992,0.5534687,0.54658973,0.49861932,0.5627187
2023-10-29,0.42469618,0.52570546,0.5530093,0.5461137,0.49817705,0.5621965
2019-05-18,0.4252308,0.5263331,0.5536006,0.54680437,0.49884033,0.5628509
2022-09-30,0.4231181,0.5237421,0.55126905,0.5442196,0.4971403,0.55991435
2022-02-24,0.4250791,0.52601814,0.5533905,0.5464253,0.49874228,0.56270146
2023-07-02,0.4231061,0.5240578,0.5512536,0.5441819,0.49635276,0.56028706
2020-09-29,0.42520437,0.5263226,0.5536123,0.5466835,0.49876317,0.5628282
2021-01-25,0.42530605,0.52627915,0.5536647,0.5467458,0.4989603,0.56297463
2020-08-20,0.4250208,0.5260776,0.5534161,0.5464892,0.49849916,0.5625912
2022-09-20,0.4230495,0.52345073,0.55107415,0.544084,0.49696958,0.5597769
2020-09-12,0.42412454,0.5252717,0.55270344,0.5453484,0.49790502,0.56170136
2019-12-09,0.42554358,0.5266211,0.5540478,0.54708236,0.4990732,0.5633136
2024-09-28,0.4240602,0.52586687,0.55279756,0.5456445,0.4979742,0.5619517
2023-06-13,0.42474815,0.5259992,0.5530673,0.5462433,0.49815616,0.562237
2020-02-28,0.42492312,0.52581596,0.55321383,0.546194,0.4986346,0.56249756
2021-07-13,0.42488328,0.52613294,0.5534278,0.5465416,0.49852538,0.56271654
2021-05-30,0.424561,0.5272888,0.5530688,0.54485124,0.49867588,0.56049806
2022-04-24,0.42514002,0.5263424,0.5533712,0.5465809,0.49881235,0.56292397
2024-02-12,0.4250616,0.52606636,0.55341965,0.54644877,0.49865827,0.56266785
2019-04-15,0.42496136,0.5261078,0.5533106,0.5464833,0.498504,0.56255335
2019-04-23,0.42541048,0.526457,0.5537955,0.54693407,0.498947,0.56308883
2021-11-28,0.4256094,0.5266275,0.5539944,0.54709166,0.49907884,0.5633193
2020-06-23,0.42301425,0.52264524,0.5518832,0.5431421,0.49656102,0.560983
2021-06-28,0.42531553,0.52628547,0.5536727,0.54678684,0.49872664,0.56287104
2022-02-07,0.4255213,0.52654177,0.553937,0.5470192,0.4990847,0.5632197
2023-04-05,0.42479622,0.52595687,0.5532087,0.54633003,0.4983008,0.5624015
2024-10-03,0.42488265,0.52606654,0.5532981,0.546325,0.4984438,0.562509
2024-02-03,0.42513943,0.5261408,0.5534803,0.5465392,0.4986868,0.5627179
2024-01-23,0.42547327,0.5265063,0.55389494,0.5469539,0.49905908,0.56318843
2024-10-13,0.42486605,0.5258923,0.55315655,0.546328,0.49828583,0.5627191
2024-10-01,0.42480528,0.5260285,0.5532379,0.5462621,0.49840117,0.56239605
2024-04-29,0.42529824,0.5264063,0.5537928,0.5468644,0.49888965,0.56299007
2020-10-07,0.4251323,0.5262187,0.5535498,0.5465922,0.4987086,0.56272703
2023-05-12,0.42548332,0.52656406,0.5538255,0.54694974,0.49890673,0.56304777
2020-10-01,0.42516503,0.52625996,0.55356693,0.54661286,0.49873388,0.5627547
2021-02-22,0.42549506,0.52657145,0.5538766,0.5470689,0.49907297,0.5631109
2022-02-12,0.4253534,0.5263488,0.55374384,0.54682475,0.4989268,0.56303215
2024-06-17,0.42531195,0.5264034,0.5534841,0.546768,0.4986992,0.56289244
2023-04-04,0.42506284,0.52622205,0.5535418,0.54658234,0.49859527,0.56268966
2019-04-28,0.4253333,0.52640355,0.55366635,0.5468444,0.49883655,0.56296337
2019-11-16,0.425517,0.5265915,0.553943,0.54709536,0.49903935,0.56323075
2021-06-29,0.4252854,0.5262368,0.5536637,0.5467588,0.49869332,0.5628469
2020-08-21,0.42506325,0.5261218,0.553481,0.5464623,0.49854714,0.56262696
2023-10-04,0.42318958,0.52389115,0.5510647,0.5442722,0.49644554,0.5603877
2023-06-14,0.42496243,0.52618855,0.5533445,0.54649776,0.4984126,0.56254613
2023-06-16,0.42472368,0.5259807,0.5530623,0.5462467,0.4981438,0.56229025
2024-11-27,0.42544517,0.5262739,0.5537183,0.5470005,0.4988099,0.5633015
2024-08-25,0.42476407,0.5257962,0.5530171,0.5460248,0.49818745,0.5623085
2020-04-22,0.4253242,0.52636576,0.5536496,0.54681516,0.498776,0.5629615
2023-04-26,0.4252803,0.5262399,0.5536956,0.54667586,0.4987162,0.5627582
2020-05-02,0.42548928,0.5264939,0.55383086,0.54696184,0.49896276,0.5631458
2021-08-06,0.42193645,0.5246532,0.55169016,0.54432,0.4968264,0.56500345
2021-08-04,0.42359605,0.5254587,0.5525467,0.5454309,0.49764007,0.5634772
2023-01-16,0.42562252,0.52658385,0.5539605,0.54708505,0.4990454,0.5633444
2024-09-19,0.42469117,0.5257114,0.5529547,0.54591197,0.4981373,0.56222457
2021-05-27,0.42514858,0.52687025,0.5535914,0.5461587,0.4989563,0.56212765
2022-11-14,0.42548066,0.526496,0.5538819,0.5469956,0.49898377,0.5631637
2023-05-05,0.42549872,0.52657044,0.55396706,0.5470179,0.49900338,0.5631365
2020-11-26,0.42563704,0.5266083,0.55398434,0.5471098,0.49907812,0.5632643
2019-11-24,0.4254892,0.5265439,0.55392134,0.54703957,0.49898937,0.5631853
2024-08-19,0.42490023,0.5259477,0.5532454,0.5463041,0.4983333,0.5624697
2024-10-24,0.42453122,0.5255294,0.55283266,0.5461642,0.4979796,0.563088
2021-08-12,0.4243594,0.52592057,0.5525846,0.5454897,0.49801224,0.5619826
2021-12-14,0.42557812,0.52665836,0.5540312,0.54714227,0.49909678,0.5633356
2022-06-04,0.4245764,0.5259163,0.55305594,0.54610246,0.49800053,0.5621831
2022-01-17,0.42563397,0.52666247,0.554052,0.54715717,0.49917904,0.5633477
2020-06-20,0.42412958,0.5247211,0.55283487,0.54505014,0.4977097,0.5620008
2022-04-01,0.42502594,0.52631456,0.5535804,0.5468808,0.49874407,0.56249243
2022-02-25,0.42501408,0.52595943,0.5533152,0.5463602,0.4987123,0.56263465
2019-05-07,0.4254025,0.5264643,0.5537661,0.54693717,0.49894425,0.5630878
2021-09-26,0.4247222,0.5260099,0.5531176,0.5461864,0.4982258,0.5622068
2024-12-15,0.42555213,0.52654314,0.55391866,0.54712397,0.4990282,0.56332695
2020-03-08,0.42473918,0.5256594,0.55303556,0.5460023,0.49847585,0.56235206
2022-09-28,0.4228844,0.5233677,0.5510112,0.5439264,0.49703684,0.55961955
2021-07-25,0.4243517,0.5258131,0.55313593,0.5459663,0.49814,0.56216645
2024-01-08,0.42558298,0.5266272,0.55401856,0.54709816,0.49914128,0.56330997
2024-08-27,0.42467248,0.52571374,0.55290806,0.54596376,0.49807173,0.56218433
2023-05-13,0.4255754,0.5266643,0.55387974,0.54694504,0.49896502,0.56309754
2021-10-27,0.42437306,0.5247178,0.55285966,0.5452477,0.49778453,0.5621501
2020-04-18,0.42538562,0.5263891,0.5537297,0.5468579,0.4988601,0.5630439
2021-10-23,0.42492127,0.52568734,0.5532672,0.54622823,0.4983365,0.562642
2021-01-10,0.42552277,0.5265409,0.55394846,0.5470413,0.4991143,0.5632148
2019-06-21,0.42433023,0.52514994,0.55275637,0.54559493,0.49766126,0.5617067
2022-04-02,0.42522106,0.5264891,0.5537623,0.5470199,0.49894828,0.5628026
2021-06-30,0.42512,0.52607703,0.55362946,0.54659307,0.49857298,0.5627303
2021-03-22,0.42393684,0.52505475,0.55224603,0.5456138,0.49749398,0.5612713
2021-09-06,0.42470378,0.52597857,0.55314493,0.5458989,0.49826357,0.5622004
2020-12-07,0.4256221,0.52666,0.55405855,0.5471436,0.4991658,0.5633364
2021-12-22,0.42562625,0.5266858,0.55408263,0.5471739,0.49916634,0.5633888
2019-12-07,0.425509,0.5265893,0.5540213,0.5470569,0.49903437,0.5633072
2023-11-09,0.4249752,0.5261056,0.5532915,0.5463052,0.4984713,0.56242657
2024-05-28,0.42519987,0.5262913,0.5534997,0.54665214,0.49862337,0.5626855
2024-01-29,0.4253732,0.52643716,0.5538025,0.5468641,0.49898297,0.5630798
2022-09-17,0.4233068,0.5237788,0.5514212,0.5444186,0.49724472,0.5602134
2023-09-22,0.42350367,0.52412915,0.5513222,0.54467934,0.49671885,0.5607643
2022-12-27,0.4255527,0.5265501,0.5539094,0.5470447,0.49904707,0.56327426
2023-08-18,0.42431673,0.5253027,0.5524771,0.54548883,0.49769136,0.56171155
2024-11-22,0.42548746,0.52641,0.5538063,0.5469956,0.4989294,0.5632391
2023-10-23,0.42454198,0.52551436,0.5527814,0.54593194,0.49799272,0.56206256
2024-05-20,0.42255056,0.52345943,0.55057704,0.5437023,0.49576303,0.5597339
2023-06-27,0.42472777,0.52577245,0.55312586,0.5459479,0.49810535,0.5621394
2019-04-16,0.42484695,0.5260035,0.55312246,0.54634047,0.49837717,0.56246233
2020-03-31,0.42521378,0.5263973,0.55370885,0.5469363,0.4988384,0.5627896
2021-04-16,0.42523012,0.5263521,0.5536619,0.5468274,0.49875203,0.56283605
2022-12-09,0.42560542,0.5266126,0.5539436,0.5470992,0.49907434,0.56326044
2024-12-08,0.42552713,0.52644455,0.5538516,0.5470848,0.4989693,0.563334
2022-08-14,0.42303744,0.5236242,0.5518751,0.5438192,0.49644178,0.55987364
2024-12-12,0.4255802,0.5265768,0.5539636,0.54712427,0.4990802,0.56333137
2022-04-22,0.4250709,0.5262738,0.55325073,0.5464877,0.4987398,0.5628616
2021-11-01,0.4245171,0.5248863,0.5529361,0.5453993,0.4979011,0.56228596
2023-02-11,0.42568266,0.526433,0.55372024,0.54713327,0.4988099,0.5631675
2022-11-23,0.42552754,0.5265647,0.5539226,0.5470396,0.49905622,0.5632209
2022-09-16,0.42300463,0.52340454,0.5511656,0.54405105,0.49704,0.55982774
2024-10-10,0.424924,0.5259658,0.5532096,0.5463495,0.4983445,0.5626847
2024-03-30,0.42537433,0.52648485,0.55377924,0.54693353,0.49889845,0.5630262
2021-12-29,0.42564213,0.526686,0.55407083,0.5471796,0.4991756,0.56336117
2022-06-23,0.42511612,0.52611077,0.55344915,0.5464737,0.49848503,0.56265235
2021-02-01,0.42502812,0.5259553,0.5533329,0.54638726,0.49873137,0.56262875
2021-08-22,0.42486036,0.5265167,0.55356926,0.5467221,0.49908027,0.56321436
2021-08-02,0.42409956,0.52567035,0.55271894,0.5457935,0.4978942,0.5629051
2021-12-17,0.42559955,0.526692,0.55407536,0.54716164,0.49913472,0.56337017
2020-02-12,0.42541394,0.5264717,0.55386627,0.5469419,0.49906868,0.5629269
2019-06-15,0.42479002,0.52566814,0.55299115,0.5461569,0.49812156,0.562233
2021-08-13,0.42469153,0.52608705,0.5529752,0.5459682,0.49830034,0.5623555
2024-02-01,0.42528704,0.52631754,0.5536796,0.5467387,0.4988551,0.5629425
2022-06-15,0.42460892,0.52563083,0.5529817,0.5459543,0.4980412,0.56211364
2024-01-06,0.4255695,0.52663016,0.55401087,0.5470856,0.4991337,0.56329954
2021-05-12,0.4254507,0.5265137,0.55378026,0.5469463,0.49901906,0.56304187
2020-05-16,0.4253106,0.5264023,0.5537421,0.5468174,0.4988489,0.5630239
2019-06-03,0.42420006,0.5270189,0.5527933,0.5444876,0.4982928,0.560184
2021-02-06,0.42500708,0.5259164,0.55328494,0.54626226,0.498662,0.5625744
2022-03-10,0.425152,0.52621526,0.55353975,0.54661894,0.49881887,0.56280595
2024-06-20,0.4247154,0.52627826,0.5529539,0.5461288,0.49822652,0.5621132
2023-09-20,0.4229711,0.52341944,0.5506389,0.5439768,0.49602404,0.5600791
2023-09-23,0.42323166,0.5237066,0.55091745,0.5444008,0.4963442,0.56048506
2024-09-15,0.42485848,0.5258456,0.5531342,0.5462025,0.49833655,0.56239915
2023-04-08,0.42444342,0.52557266,0.55284095,0.5459655,0.4979381,0.56201714
2020-10-26,0.42533767,0.52633107,0.55371696,0.5468044,0.49883553,0.5629232
2023-04-28,0.42533642,0.5263604,0.55374175,0.5467785,0.49880505,0.5629126
2024-06-03,0.42531174,0.526349,0.5536015,0.54682845,0.49879384,0.5628296
2024-07-13,0.424431,0.525298,0.5525504,0.5456084,0.49776757,0.56175524
2023-06-23,0.42487952,0.52589226,0.55322367,0.54613644,0.4981917,0.5622659
2021-06-05,0.4250021,0.52587473,0.5533177,0.5463169,0.49845448,0.5625533
2020-07-20,0.42489636,0.52607274,0.5533652,0.5463475,0.49842215,0.5625286
2019-07-29,0.4248572,0.5257832,0.5534497,0.5461885,0.49832946,0.56234556
2021-06-27,0.42518726,0.5261637,0.5535294,0.54667366,0.49858922,0.5627711
2023-06-21,0.4248141,0.5258676,0.5531832,0.54614514,0.4981496,0.56226766
2023-09-03,0.42170054,0.5224153,0.5493248,0.5423585,0.49494693,0.55857253
2020-03-28,0.42467746,0.525847,0.5531,0.5464199,0.4982724,0.5621603
2024-10-22,0.4245705,0.5257315,0.5529893,0.5462404,0.4981393,0.5632549
2019-11-02,0.42536768,0.52644354,0.5538033,0.5469393,0.49888384,0.5630569
2023-04-09,0.4243658,0.5255096,0.5527177,0.5458445,0.49782044,0.56191814
2023-11-30,0.42554843,0.5265928,0.5539308,0.5470622,0.49905977,0.5632087
2023-10-28,0.4247097,0.5257113,0.5530032,0.54610616,0.49819556,0.5622004
2023-09-06,0.4216335,0.5223181,0.54924506,0.5419623,0.49483433,0.55836755
2019-04-12,0.4248998,0.5260386,0.5532884,0.5463966,0.49841976,0.5624027
2022-12-01,0.42560887,0.5266125,0.5539396,0.5471239,0.49908698,0.56328845
2021-06-21,0.424065,0.52500325,0.552414,0.545305,0.49739257,0.5614319
2023-08-10,0.4244531,0.52539074,0.5525916,0.5457644,0.4978401,0.56188184
2020-01-30,0.4255239,0.52657837,0.55397457,0.54704684,0.49909422,0.56316775
2021-08-30,0.42508763,0.526339,0.5532624,0.54654187,0.49852327,0.5625529
2024-12-05,0.4254991,0.52638566,0.55380505,0.5470711,0.49891114,0.56334335
2020-03-25,0.42534086,0.5265287,0.55382985,0.547081,0.49900135,0.5629648
2021-09-27,0.42435864,0.52563167,0.55273575,0.5457205,0.4978535,0.561762
2023-10-20,0.42441997,0.5253244,0.5526269,0.54581964,0.49782416,0.56190515
2020-11-17,0.4255522,0.52652013,0.5538857,0.5469895,0.4990004,0.56317
2023-02-02,0.42562234,0.52666557,0.5539692,0.5472102,0.49906024,0.5633524
2024-11-21,0.42547673,0.5263962,0.55379796,0.54697746,0.49891683,0.5632326
2022-09-22,0.42290056,0.52331096,0.5509341,0.5439423,0.49687138,0.5596196
2023-07-11,0.42470068,0.5256505,0.55305314,0.54591495,0.49804384,0.562067
2019-08-18,0.42438236,0.52530426,0.55281085,0.5456888,0.49792948,0.5618049
2021-03-18,0.42469922,0.52585036,0.5530881,0.54644233,0.4983162,0.56220245
2024-09-08,0.4245178,0.52543956,0.55279344,0.5457617,0.49797702,0.56194794
2024-03-24,0.42524496,0.5263864,0.5536614,0.5468158,0.4988388,0.5628625
2023-08-07,0.42473277,0.52574795,0.55291885,0.5459944,0.49811405,0.56218225
2024-05-06,0.4250993,0.5263688,0.5536555,0.54669565,0.49890503,0.5625817
2019-10-21,0.42521918,0.5263285,0.5536557,0.54680943,0.49877396,0.5628569
2019-12-14,0.42557502,0.52665424,0.5540567,0.5471256,0.4991106,0.56332964
2024-11-23,0.42549196,0.5264153,0.55382365,0.5470119,0.4989344,0.56326514
2023-06-19,0.4247953,0.5259621,0.5532398,0.5462494,0.49824172,0.5623895
2023-12-20,0.4256102,0.52665114,0.55400926,0.54711866,0.4991395,0.5632881
2022-03-18,0.42524323,0.5264936,0.55375344,0.54697746,0.49897215,0.5628997
2020-03-15,0.42530093,0.526347,0.55373585,0.5467949,0.49881667,0.5629205
2024-04-24,0.42540452,0.5264771,0.5538643,0.5469403,0.49895108,0.5631082
2019-11-30,0.42549723,0.52658224,0.5539924,0.5470519,0.49901363,0.5632588
2023-10-16,0.42401874,0.5247266,0.5519695,0.5453857,0.49725947,0.5614961
2021-09-16,0.42489755,0.5261927,0.55330354,0.5462496,0.49845034,0.56247383
2021-05-03,0.42537096,0.5264609,0.5537663,0.5469299,0.49891922,0.5630137
2019-11-03,0.42546374,0.52652127,0.55391,0.54704356,0.49897364,0.5631452
2020-10-14,0.42521632,0.526332,0.5536843,0.5467486,0.49879247,0.56284475
2023-01-28,0.42558903,0.5266657,0.55399996,0.5471478,0.49908745,0.56334925
2022-07-15,0.42425656,0.52529925,0.5524825,0.5455624,0.49756467,0.5614268
2020-12-04,0.42562094,0.52665854,0.55404705,0.5471457,0.4991566,0.5633309
2022-02-20,0.42525184,0.52622074,0.553613,0.54666257,0.4988848,0.56291753
2024-11-04,0.42496234,0.5259079,0.55326015,0.54646134,0.49833912,0.5628437
2020-12-01,0.42563358,0.52666914,0.55406356,0.5471614,0.49916694,0.56334233
2024-10-18,0.4246017,0.52567905,0.5529555,0.54619414,0.49808818,0.5629097
2021-02-16,0.42514193,0.52617705,0.5534795,0.5465667,0.49883205,0.5627633
2024-06-15,0.42511418,0.5263378,0.55306685,0.5466831,0.4986295,0.5624461
2024-08-28,0.42458633,0.52560985,0.55281454,0.54588497,0.49800462,0.562086
2022-08-26,0.42186388,0.52204907,0.5512461,0.5421703,0.49527895,0.5582869
2021-09-19,0.4247302,0.52602595,0.55311954,0.5460448,0.49823716,0.5622511
2021-02-04,0.4249934,0.5259226,0.55328363,0.54634154,0.49870315,0.56258583
2022-12-14,0.42561173,0.5266382,0.55399674,0.54711723,0.49913117,0.5633182
2022-03-03,0.42523995,0.5262174,0.5535623,0.5466301,0.49883306,0.56283414
2020-10-23,0.42515188,0.5262375,0.55357987,0.5466773,0.4987028,0.56276333
2022-12-16,0.42559335,0.52663237,0.55398446,0.5470976,0.49912405,0.5633074
2023-12-23,0.42560878,0.5266457,0.5540275,0.5471207,0.49914923,0.56330264
2021-04-13,0.4250437,0.52620226,0.55347043,0.5466417,0.4985662,0.5626349
2021-08-23,0.42473617,0.5264505,0.55357087,0.5466999,0.4992014,0.5632269
2022-02-15,0.42538676,0.5263691,0.5537683,0.5468236,0.49896812,0.5630514
2019-11-06,0.4254513,0.5265104,0.5538645,0.54701424,0.49894604,0.56315386
2020-11-14,0.4255604,0.5264979,0.5538856,0.5470127,0.49903935,0.5631921
2023-06-22,0.42486003,0.52588683,0.553237,0.54611397,0.49820295,0.5622687
2019-07-13,0.4250354,0.5261172,0.5534309,0.54656243,0.4984925,0.5625831
2024-04-08,0.42537466,0.52649087,0.5538145,0.5469318,0.49889037,0.5630739
2021-05-16,0.42550594,0.5265266,0.5538221,0.5469744,0.49904862,0.5631184
2019-12-13,0.42556733,0.5266455,0.554057,0.54710287,0.49909708,0.5633276
2024-08-22,0.42485255,0.52590424,0.55313057,0.54626834,0.49826452,0.56244487
2019-09-13,0.42405292,0.52541727,0.55241793,0.54545593,0.49779806,0.56091344
2024-01-17,0.42554098,0.5265867,0.5539797,0.5470401,0.49911276,0.5632668
2024-12-18,0.4255219,0.52651805,0.5538775,0.5471424,0.4989719,0.56332827
2019-08-28,0.42292282,0.523773,0.55182874,0.54408604,0.49716225,0.5601521
2021-12-11,0.42559308,0.526647,0.5540361,0.5471538,0.49909905,0.5633787
2024-11-06,0.42498565,0.5258142,0.5532117,0.5465131,0.49832964,0.56294155
2019-06-27,0.42434573,0.525143,0.5527894,0.5456697,0.49767107,0.56183195
2022-01-25,0.4255675,0.5265951,0.55398434,0.5470877,0.49911252,0.5632826
2019-05-26,0.424898,0.52598953,0.5532701,0.5463727,0.49847,0.56254053
2024-05-09,0.42524073,0.5265116,0.5539918,0.5467297,0.49879995,0.56325483
2021-10-24,0.42461035,0.5251795,0.5530719,0.5456947,0.49806523,0.56239206
2021-09-05,0.424652,0.52595776,0.55305094,0.5458891,0.49818432,0.5621579
2024-06-13,0.42491296,0.5263028,0.5531605,0.5466486,0.49874088,0.5622801
2019-09-06,0.42405793,0.52502143,0.55241716,0.545459,0.4979652,0.56135476
2022-04-20,0.42518967,0.52632153,0.55357134,0.5467064,0.49874467,0.56289476
2024-04-23,0.42538533,0.5264491,0.55382574,0.54692334,0.49892157,0.563074
2024-08-01,0.42506346,0.5261951,0.5534661,0.54655755,0.49851584,0.56263435
2024-01-20,0.42551622,0.52656376,0.5539578,0.5470123,0.49909398,0.5632503
2019-05-10,0.42538908,0.5264195,0.5536796,0.5468882,0.49892586,0.5630258
2024-09-18,0.42496395,0.5259601,0.55329424,0.54623944,0.49845478,0.56249326
2024-07-21,0.42408803,0.5252361,0.5524841,0.5454703,0.49758103,0.5614628
2020-08-26,0.4251458,0.5261659,0.5535686,0.5465358,0.49865952,0.5627438
2021-08-18,0.425289,0.52644306,0.5537286,0.5468596,0.4989327,0.56309474
2023-06-10,0.42497605,0.5260455,0.55334353,0.5464296,0.49839962,0.5625101
2024-03-10,0.42469203,0.5258988,0.5532224,0.54610556,0.49840933,0.56236774
2019-11-14,0.42549905,0.5265678,0.5539369,0.5470689,0.49901477,0.56321305
2020-10-16,0.4251565,0.52634495,0.55368966,0.5467336,0.49874628,0.5627761
2019-11-25,0.42548212,0.52655774,0.55392265,0.5470428,0.4989832,0.5631983
2019-04-22,0.42535016,0.52639097,0.5536837,0.5468443,0.49886715,0.56300133
2019-04-02,0.42439404,0.5255334,0.5527658,0.5458437,0.49791306,0.56179327
2021-04-05,0.42444822,0.52556264,0.5527965,0.5459931,0.49791282,0.56198263
2019-06-01,0.42392159,0.5269525,0.5525362,0.5440675,0.4981357,0.55971426
2020-10-17,0.42513624,0.5262809,0.55362874,0.54674447,0.49871644,0.5627301
2022-05-23,0.4247133,0.5256265,0.55293536,0.545999,0.49798688,0.5621077
2024-10-02,0.42485926,0.5260672,0.5532891,0.54632264,0.49845353,0.5624799
2024-04-17,0.4253595,0.5264238,0.5537871,0.5469003,0.49889904,0.5630512
2019-08-31,0.4231001,0.52401274,0.55191267,0.54437935,0.4974634,0.5604367
2022-07-20,0.42425284,0.5253666,0.5526585,0.5457107,0.4977313,0.56153995
2022-09-02,0.4236485,0.5243721,0.5519815,0.5447587,0.4972093,0.5606538
2020-09-23,0.4250768,0.52624226,0.5534299,0.5464519,0.4985792,0.5625607
2021-09-22,0.4248863,0.5261867,0.5532887,0.54637885,0.4983861,0.5624567
2024-03-21,0.4249474,0.5261706,0.5533137,0.5464519,0.49838766,0.5625321
2024-04-21,0.42518133,0.5262292,0.5535935,0.54669064,0.49871004,0.5628283
2022-08-12,0.42415583,0.524987,0.5525033,0.54532343,0.49759087,0.56135124
2023-03-09,0.42504594,0.52627873,0.55361325,0.5466338,0.49872214,0.5628251
2019-12-05,0.4255142,0.5266034,0.55401665,0.5470697,0.499047,0.5632957
2020-07-08,0.4246053,0.52554655,0.5532802,0.54591453,0.49808073,0.5621179
2019-08-20,0.42438784,0.5253244,0.55286884,0.54571444,0.49801806,0.56175554
2024-08-23,0.42477304,0.525806,0.55303127,0.5461183,0.49817184,0.56232923
2020-12-24,0.4255468,0.5265772,0.5539775,0.5470544,0.4991179,0.5632474
2020-06-10,0.4253789,0.5264449,0.5538112,0.5468784,0.49889642,0.5630765
2019-10-29,0.4253461,0.52644366,0.55380076,0.54695684,0.49887648,0.5630053
2020-05-31,0.4242975,0.525296,0.5525946,0.54566324,0.49774194,0.56182075
2022-08-16,0.42336267,0.5239893,0.5518951,0.5442565,0.4967691,0.5602506
2024-05-30,0.42528927,0.52631706,0.5535731,0.5467581,0.4987639,0.5627696
2021-08-07,0.42298892,0.5252974,0.5522531,0.545006,0.49740523,0.5640974
2020-11-01,0.42552006,0.5264862,0.5538553,0.5470081,0.4989893,0.56313974
2022-07-06,0.42441064,0.52523494,0.5525013,0.54570746,0.4976165,0.5617017
2022-12-05,0.4256122,0.52663696,0.553975,0.5471284,0.49910724,0.5633038
2020-02-16,0.42530894,0.5263668,0.5537644,0.5468273,0.4990217,0.56269044
2020-04-17,0.42537475,0.526395,0.55369383,0.54683983,0.49886283,0.5630355
2021-02-13,0.42493612,0.5259207,0.5532172,0.5462628,0.49869344,0.5625717
2021-03-16,0.4249409,0.5260891,0.5533511,0.5466598,0.4985686,0.56248146
2021-11-09,0.42531377,0.5261514,0.55357474,0.5466546,0.49868265,0.5629538
2019-06-28,0.42432138,0.52517825,0.5527281,0.5457057,0.49763244,0.56177104
2020-02-18,0.42530963,0.5263389,0.5537376,0.54678965,0.49898717,0.5627512
2023-12-25,0.42558047,0.526641,0.5540008,0.5471013,0.4991377,0.5632817
2020-02-17,0.4253173,0.5263535,0.55375403,0.5467943,0.4989938,0.5627622
2019-07-17,0.42500076,0.5260057,0.55346495,0.54648376,0.49846894,0.5625756
2024-07-31,0.42506075,0.52618027,0.55351,0.5466051,0.49856776,0.56267184
2019-09-25,0.42424652,0.5253092,0.5525752,0.54577893,0.49791735,0.56144154
2023-03-14,0.4246364,0.52578163,0.55312663,0.5461182,0.49821854,0.56225616
2022-02-05,0.42548713,0.52651006,0.553897,0.5469938,0.49904707,0.56319046
2020-12-13,0.42561126,0.5266609,0.55406624,0.54715043,0.4991674,0.5633392
2020-07-02,0.4248339,0.5257869,0.5533467,0.5463488,0.49828205,0.56252164
2019-06-02,0.42367935,0.52762634,0.5524704,0.5433172,0.49819717,0.5587316
2024-11-17,0.4253261,0.5261352,0.5535564,0.5468219,0.4986853,0.56314397
2021-08-28,0.4250739,0.5263043,0.5532729,0.5465696,0.49851093,0.5625914
2023-06-24,0.42493066,0.52588296,0.55325156,0.54616344,0.4982637,0.56228834
2021-11-16,0.42553598,0.5265538,0.5539322,0.5470539,0.49901906,0.5632401
2022-08-03,0.42520165,0.52624565,0.55354065,0.54668003,0.49865097,0.5627472
2024-09-10,0.42470017,0.52565247,0.55303293,0.5460124,0.49822882,0.56221944
2019-04-20,0.42525703,0.5263907,0.55353266,0.5467477,0.49884853,0.5629678
2021-03-21,0.4244088,0.52554697,0.5527602,0.54612046,0.4979924,0.56182367
2022-12-18,0.42559868,0.52660924,0.55395395,0.5471119,0.4991004,0.5633139
2023-10-30,0.42471263,0.52579135,0.55307317,0.546167,0.4982393,0.5622042
2021-08-20,0.42523062,0.52653503,0.55377334,0.54690045,0.4990923,0.5632347
2020-07-07,0.42454824,0.5254503,0.5532421,0.54587126,0.49799338,0.5620603
2020-05-26,0.4252579,0.526449,0.5538166,0.5468039,0.49882746,0.5631048
2024-12-09,0.42553702,0.52648276,0.55388653,0.5471017,0.4990068,0.56332886
2020-05-30,0.42461362,0.5256406,0.5529468,0.5460216,0.49807873,0.56219053
2021-04-19,0.42525935,0.5264231,0.5536977,0.5468721,0.49878523,0.56287944
2023-06-04,0.42425925,0.5251498,0.55236876,0.5454279,0.49753892,0.56148946
2022-07-31,0.4252753,0.5263475,0.55364585,0.546817,0.4987902,0.5628944
2023-12-18,0.42562443,0.5266311,0.55397606,0.547112,0.4991243,0.5632686
2023-04-13,0.42487824,0.52602345,0.5533325,0.546392,0.49837583,0.56246275
2020-09-06,0.4247436,0.52595055,0.5531886,0.54622895,0.49843174,0.5623393
2021-05-22,0.42554858,0.52652806,0.55384594,0.5469467,0.49906933,0.56312275
2019-12-10,0.42553788,0.5266207,0.5540287,0.54708695,0.49906868,0.56330895
2023-05-11,0.42553747,0.52663547,0.55388075,0.5469865,0.49895695,0.56310546
2023-03-08,0.42508575,0.5263531,0.55365115,0.54669803,0.49878156,0.56287044
2020-07-11,0.42419153,0.5250399,0.55266786,0.5454334,0.49755648,0.5615947
2023-07-26,0.42516205,0.5261533,0.5535059,0.54649067,0.49858952,0.5627124
2023-06-05,0.4244986,0.5254862,0.552657,0.5457233,0.4978214,0.5617986
2019-10-30,0.42534328,0.52644885,0.5538176,0.54695123,0.49887103,0.563013
2024-07-02,0.424545,0.525574,0.5528832,0.5460641,0.49792227,0.56223834
2021-06-20,0.42150718,0.5218884,0.5508987,0.5419689,0.49475005,0.5582414
2020-09-30,0.42515856,0.52627254,0.55354697,0.5465922,0.49870837,0.5627354
2021-11-19,0.4255533,0.52657616,0.5539654,0.5470615,0.49905843,0.56327456
2024-08-03,0.42513567,0.5261916,0.553509,0.5466384,0.49857837,0.56272584
2019-03-29,0.42486975,0.5259446,0.55330443,0.5463605,0.49843243,0.5624113
2020-02-13,0.42539614,0.5264576,0.5538483,0.5469094,0.49905694,0.56289434
2020-09-04,0.42365834,0.52464384,0.55200934,0.54496735,0.49731204,0.561025
2020-11-02,0.42550033,0.5264671,0.5538432,0.54697627,0.49898508,0.5631261
2020-11-15,0.42554566,0.5265166,0.55389845,0.5470286,0.4990317,0.5632105
2022-03-06,0.4247496,0.5257086,0.55307096,0.54608643,0.49855888,0.5623631
2021-04-08,0.42481402,0.52599204,0.5532574,0.54644793,0.49836284,0.5623504
2023-03-26,0.4245659,0.5257184,0.55295765,0.54598516,0.4980281,0.5621118
2021-08-10,0.42418885,0.5259633,0.5525487,0.54542196,0.49781635,0.56190556
2020-07-26,0.42513856,0.526207,0.55356026,0.5465519,0.49861103,0.5627129
2022-05-04,0.4251576,0.52618855,0.5535767,0.54665023,0.4986582,0.5628408
2024-06-06,0.42519268,0.5262244,0.55346555,0.54669267,0.49872375,0.56266785
2023-02-18,0.42515403,0.5264101,0.5536869,0.5467736,0.49885368,0.5629387
2020-09-16,0.42448065,0.5256124,0.5529689,0.54564995,0.49816558,0.5620114
2020-12-19,0.4255967,0.52663887,0.5540405,0.54712236,0.49915838,0.56330323
2023-02-28,0.42510462,0.52625406,0.55358505,0.54668784,0.49870136,0.56283176
2023-08-28,0.423789,0.5247577,0.5519189,0.5448419,0.4971913,0.5611014
2021-07-30,0.42460468,0.52594227,0.5531533,0.5462432,0.49822357,0.5626154
2019-11-22,0.4254848,0.5265569,0.55392545,0.54703635,0.49898955,0.5631944
2019-11-23,0.42550102,0.52656955,0.55393595,0.5470714,0.49900752,0.5632262
2023-03-22,0.42420942,0.525379,0.55258834,0.54554397,0.49760836,0.5616255
2024-05-25,0.42487955,0.52592057,0.5530812,0.54623723,0.49814913,0.5623036
2022-05-31,0.42530403,0.5263618,0.5536706,0.54674095,0.4986128,0.56285733
2023-02-22,0.42453948,0.5259002,0.55311745,0.54617864,0.49831763,0.56230855
2024-12-11,0.4255722,0.52654624,0.55393076,0.5471273,0.4990524,0.56333923
2022-11-15,0.4254703,0.52647203,0.55386364,0.54697675,0.49897525,0.5631603
2021-01-15,0.42549896,0.5265158,0.55391854,0.54700893,0.4991152,0.5632042
2021-12-07,0.42557546,0.5266212,0.55400616,0.5471251,0.49907938,0.5633565
2021-08-15,0.4249807,0.52626675,0.5533379,0.54628557,0.49854773,0.56260914
2021-06-03,0.42492622,0.52587223,0.5533017,0.54623723,0.4984116,0.562429
2022-08-31,0.42346928,0.524126,0.5519343,0.5445618,0.49710235,0.5604532
2020-11-18,0.42556882,0.52651256,0.55390006,0.5469994,0.49901253,0.56318265
2022-11-16,0.42546856,0.5264786,0.5538538,0.5469532,0.49897957,0.56315476
2024-06-29,0.42444828,0.5254683,0.5528918,0.54582053,0.4979081,0.5621475
2023-11-28,0.42551768,0.52653766,0.553867,0.5470145,0.49901608,0.56315726
2020-10-13,0.42522007,0.5263185,0.55366325,0.54670864,0.49877694,0.5628063
2023-05-23,0.42565316,0.5265347,0.5538365,0.54693484,0.4988585,0.56289136
2019-04-30,0.4253156,0.5263878,0.5536683,0.54685473,0.4988323,0.56296074
2020-02-21,0.42527416,0.5262939,0.5537101,0.5467234,0.49893576,0.5628289
2020-08-06,0.42517933,0.5262742,0.5535491,0.54661053,0.4986887,0.56281036
2021-12-28,0.42562735,0.52668417,0.5540761,0.5471748,0.49917275,0.5633568
2022-09-24,0.42242688,0.52275944,0.5505398,0.54342127,0.4966478,0.55901974
2021-10-06,0.42431796,0.525325,0.5525747,0.5456396,0.49779084,0.5617277
2020-10-12,0.42516288,0.52629584,0.5536173,0.54668766,0.49873382,0.5627604
2022-12-04,0.42558724,0.52660024,0.55395055,0.54711944,0.49908507,0.5632837
2022-05-18,0.42545664,0.5265291,0.553883,0.546935,0.49890685,0.56313396
2022-01-04,0.42562878,0.5266766,0.55406946,0.5471655,0.49917603,0.5633596
2023-05-24,0.4255908,0.5264942,0.5537568,0.5468595,0.49878713,0.5628464
2022-12-17,0.4255739,0.52662104,0.5539609,0.547081,0.49912417,0.56329066
2024-08-07,0.42521796,0.5262934,0.5536102,0.5466817,0.49864328,0.5627909
2020-07-06,0.42465416,0.525559,0.55320376,0.54603505,0.49808127,0.56224483
2020-02-24,0.42519623,0.52615154,0.55356926,0.54653674,0.49883863,0.5627928
2022-05-06,0.4250779,0.52611184,0.55354106,0.546581,0.4985756,0.56275976
2019-04-01,0.4245359,0.5256416,0.5529594,0.54593885,0.49806583,0.561914
2021-12-25,0.42562768,0.52669114,0.55409306,0.5471704,0.49917632,0.5633744
2022-05-21,0.42499882,0.526075,0.553428,0.54638183,0.49842414,0.5625727
2024-10-16,0.42500475,0.52605045,0.55336744,0.54648554,0.498484,0.5629493
2019-12-03,0.42553768,0.526624,0.554038,0.5470949,0.49906573,0.5633133
2019-09-05,0.42340264,0.52434504,0.5519868,0.5447769,0.49766517,0.56078416
2024-06-11,0.42503154,0.5262939,0.55338985,0.5466384,0.4986441,0.56261986
2021-10-11,0.42418483,0.52526945,0.552623,0.5452059,0.49780586,0.5614988
2019-03-27,0.42472985,0.525786,0.5531243,0.54616904,0.498258,0.5622538
2021-09-29,0.42479935,0.52589613,0.55308056,0.5461982,0.498257,0.56224984
2023-09-08,0.42176053,0.52239794,0.5493896,0.5421049,0.49496117,0.5584406
2022-08-27,0.4227923,0.5232093,0.5516778,0.54353493,0.49630192,0.5595096
2022-07-27,0.4249175,0.525959,0.5532187,0.5463569,0.498357,0.56235874
2022-02-03,0.42555124,0.5265714,0.55396444,0.54705536,0.49910182,0.5632505
2020-04-01,0.42501965,0.52622783,0.55349827,0.5467901,0.49864376,0.5625343
2019-12-30,0.42560437,0.52667105,0.5540748,0.5471619,0.499146,0.56334627
2019-07-28,0.42486352,0.5258069,0.5534584,0.54616165,0.49831825,0.5622995
2022-12-24,0.42556858,0.52657306,0.55393094,0.5470595,0.49906227,0.563299
2020-04-15,0.42514175,0.52617854,0.55338264,0.5465395,0.49861902,0.5627732
2023-01-24,0.42563057,0.5265853,0.5539076,0.54708576,0.4989986,0.5632856
2020-05-14,0.42530358,0.5264216,0.5537693,0.5468351,0.49886063,0.5630314
2020-08-01,0.42524183,0.52626425,0.55363494,0.54663754,0.49871776,0.5628102
2020-07-13,0.42412135,0.5249965,0.5524492,0.54538274,0.4974847,0.5615188
2019-08-15,0.42470127,0.52562547,0.5530847,0.54602045,0.49816984,0.5621236
2019-11-18,0.4255328,0.526605,0.5539719,0.5471228,0.4990475,0.5632481
2024-04-09,0.42542663,0.52649397,0.5538575,0.54696435,0.498929,0.56311315
2021-02-11,0.42489415,0.525841,0.55317587,0.54618835,0.49865028,0.5625316
2023-06-11,0.42517698,0.52627885,0.55359286,0.5466602,0.49864137,0.56277853
2022-02-04,0.4254828,0.52649546,0.55388355,0.5469845,0.4990351,0.5631786
2024-01-22,0.4254902,0.5265414,0.5539179,0.5469794,0.49906915,0.56321234
2021-03-14,0.42499846,0.5261566,0.55341816,0.54671645,0.4986268,0.56254625
2019-09-17,0.4234107,0.52465063,0.55171835,0.5448818,0.49723104,0.5600928
2023-06-18,0.4247156,0.52586436,0.55311173,0.54616195,0.49816242,0.5622828
2023-12-12,0.42559358,0.52661335,0.5539615,0.54708874,0.49911085,0.5632655
2021-06-04,0.4248973,0.5258285,0.55328137,0.54623735,0.4983902,0.56245613
2023-01-11,0.42559177,0.52657324,0.5539645,0.54707205,0.4990517,0.56334543
2022-11-13,0.42546445,0.52651095,0.5538865,0.54699755,0.49898425,0.5631744
2020-08-11,0.42519855,0.52623403,0.5535737,0.5466489,0.49867877,0.56279206
2020-03-19,0.4253834,0.5264479,0.55376714,0.5468649,0.49888942,0.562941
2023-12-14,0.42559204,0.5266067,0.5539216,0.54708356,0.49908045,0.5632096
2023-05-08,0.42549792,0.5265913,0.5539073,0.547014,0.4989971,0.5631351
2021-04-30,0.42536095,0.52646214,0.5537501,0.54692686,0.4988792,0.563018
2020-10-06,0.4251339,0.52623963,0.5535292,0.5466099,0.4987013,0.562723
2021-02-20,0.42548332,0.5265458,0.5538487,0.5469742,0.49904552,0.5630669
2021-01-03,0.42555454,0.52659214,0.553998,0.5470583,0.49914387,0.5632636
2022-09-29,0.42293122,0.52348953,0.551047,0.5440266,0.49698767,0.5597036
2019-10-13,0.42498124,0.52595997,0.55327106,0.5464409,0.49849352,0.56241184
2023-07-03,0.42278862,0.5237344,0.5508645,0.543828,0.49600786,0.5598839
2021-03-28,0.4240737,0.5251776,0.55240524,0.545731,0.49758768,0.561473
2024-06-26,0.4244363,0.5255976,0.55280125,0.5458977,0.49797034,0.5621181
2024-11-19,0.42539892,0.526243,0.55366176,0.5469217,0.49877706,0.5632001
2024-02-25,0.4247562,0.52537566,0.5525777,0.5452949,0.49758422,0.5613364
2021-03-07,0.42528918,0.52646595,0.55372953,0.54703885,0.4989703,0.56288254
2022-09-06,0.42395046,0.5246264,0.55214643,0.54517794,0.49761614,0.5610764
2024-03-20,0.42494422,0.5261133,0.5533457,0.5464465,0.49848327,0.56256
2023-06-06,0.4247493,0.52574104,0.55296206,0.54605913,0.49810156,0.56212866
2024-10-31,0.4249417,0.52587956,0.5532532,0.5463745,0.49826524,0.56274885
2019-12-31,0.42561802,0.5266737,0.55408114,0.5471641,0.4991573,0.5633568
2024-05-07,0.42518982,0.5264789,0.55374885,0.54679555,0.4989947,0.56273305
2019-07-02,0.42495826,0.5259354,0.5532674,0.54636395,0.49838987,0.5624386
2020-06-18,0.42464417,0.5255177,0.5531627,0.5457881,0.4981035,0.56234074
2024-08-18,0.42489368,0.52592385,0.55323076,0.54626775,0.49831507,0.56244755
2019-12-28,0.42560297,0.52666223,0.554066,0.54714924,0.49913508,0.563338
2022-04-21,0.42519572,0.5263539,0.55347943,0.5466662,0.49880967,0.562949
2020-06-24,0.4237031,0.52371335,0.5524288,0.54421276,0.4971836,0.5614517
2019-04-14,0.4250344,0.52619696,0.5534331,0.5465863,0.4985949,0.5626134
2024-06-22,0.4248862,0.5261441,0.5531879,0.546251,0.49832562,0.56233466
2022-07-08,0.42428988,0.52514356,0.5523835,0.54557854,0.4974611,0.5615401
2023-10-15,0.423924,0.52460897,0.55183524,0.54527575,0.49712744,0.56138325
2021-01-24,0.4253104,0.526282,0.5536648,0.5467447,0.4989449,0.5629729
2020-05-21,0.4252724,0.5264291,0.55374384,0.5468012,0.4987972,0.56299955
2019-09-12,0.42421475,0.5255857,0.5526063,0.5456839,0.49797848,0.5612469
2020-02-19,0.4253426,0.5263543,0.55377215,0.54677624,0.4989817,0.5628775
2021-03-06,0.42527077,0.5264329,0.5537113,0.5469906,0.49894863,0.562882
2024-07-08,0.42414322,0.5245252,0.5520699,0.54555935,0.49725863,0.5618622
2019-07-14,0.42506868,0.5261215,0.55346847,0.5465671,0.49851987,0.56262994
2023-12-30,0.42555675,0.52660465,0.5539774,0.54707205,0.4991032,0.5632712
2024-09-04,0.42431074,0.5253037,0.5525719,0.5455203,0.49774477,0.5617177
2024-08-24,0.4247208,0.52570915,0.55298996,0.5460451,0.49814042,0.5622575
2021-03-20,0.4248577,0.52599967,0.55325943,0.54654646,0.49845412,0.5623625
2019-11-17,0.42550123,0.5265657,0.55392206,0.54706585,0.4990086,0.56321436
2024-03-18,0.42487252,0.52602947,0.55325484,0.5463628,0.49836624,0.5624545
2023-06-09,0.42485595,0.5259032,0.5532037,0.5463065,0.4982751,0.5623786
2020-01-23,0.42556673,0.52661955,0.5540024,0.5471095,0.4991219,0.563244
2021-12-06,0.425597,0.5266401,0.5540252,0.5471172,0.4991042,0.5633409
2022-08-11,0.42451283,0.52545995,0.55281234,0.54577506,0.4979478,0.5618535
2024-12-06,0.42548677,0.5263468,0.553769,0.5470666,0.49888656,0.5633426
2019-05-15,0.4253319,0.526378,0.55367965,0.5468674,0.49889985,0.56295794
2021-09-17,0.4249533,0.5261982,0.5532545,0.54628235,0.49841705,0.56248444
2022-06-07,0.4246609,0.52599454,0.5531175,0.54619753,0.49813765,0.562279
2019-11-27,0.42548954,0.52657145,0.55395067,0.547074,0.49900553,0.5632249
2024-02-23,0.4247196,0.5251203,0.55237985,0.54505914,0.4972788,0.5610709
2023-01-25,0.42557693,0.52660733,0.5539501,0.54709804,0.49902415,0.56331384
2021-09-08,0.4247358,0.5260269,0.5532083,0.5458951,0.49837333,0.56231105
2020-06-13,0.42420706,0.52573186,0.5524494,0.5459111,0.49770743,0.5619936
2019-07-08,0.42493433,0.52593786,0.55326146,0.546356,0.49833947,0.56242007
2023-04-29,0.4253635,0.52637416,0.5538013,0.54684687,0.49885097,0.5629603
2022-11-21,0.4255094,0.5265289,0.5539117,0.54701895,0.49903905,0.56320935
2023-11-20,0.42539537,0.5264015,0.55373996,0.54691875,0.4988245,0.56305146
2019-06-29,0.42472425,0.52562785,0.55299425,0.5461003,0.49806306,0.5621663
2022-08-19,0.4234308,0.5240916,0.5521249,0.54438657,0.49686497,0.5603955
2024-01-27,0.42539448,0.5264393,0.55381,0.5468559,0.49897927,0.56309795
2022-11-12,0.4254337,0.52645904,0.553829,0.5469462,0.4989199,0.5631182
2023-03-21,0.4247763,0.5259394,0.5532572,0.5461562,0.49820593,0.5622233
2023-12-24,0.42559645,0.5266401,0.5540142,0.5471123,0.4991478,0.5632966
2020-05-15,0.42533413,0.5264078,0.5537684,0.54682225,0.49886557,0.5630303
2023-11-26,0.42551604,0.5265578,0.5538642,0.5470077,0.49901098,0.5631497
2024-02-26,0.4246448,0.5253872,0.5526604,0.54516315,0.49758503,0.56143993
2022-06-27,0.42500398,0.52578205,0.553123,0.5464447,0.49828494,0.56250644
2021-07-11,0.42501935,0.52600855,0.5533709,0.5465471,0.49852303,0.56265134
2019-07-16,0.42508876,0.5261165,0.5535395,0.54659796,0.4985502,0.56269115
2019-07-01,0.42513132,0.52607214,0.5533794,0.5465155,0.49852538,0.56261134
2021-10-03,0.42430678,0.52541596,0.552568,0.5456828,0.49782535,0.5617158
2023-02-23,0.42438716,0.52565396,0.5528852,0.545963,0.4980993,0.5620993
2021-08-03,0.42403224,0.5256815,0.5528407,0.5457726,0.49791074,0.5631755
2021-06-07,0.42506236,0.5259908,0.5534977,0.5464149,0.498509,0.5627484
2023-09-13,0.42304346,0.52344483,0.55060303,0.5434384,0.49589092,0.55952066
2021-08-09,0.42393935,0.5258405,0.5524056,0.5453568,0.49759725,0.5619688
2024-10-14,0.42484543,0.525854,0.55314183,0.5463329,0.4982695,0.56279546
2020-04-04,0.4249015,0.526169,0.55340916,0.54673976,0.49854732,0.5623898
2023-08-13,0.42360032,0.52436125,0.5515029,0.54457355,0.49681082,0.5607072
2021-12-09,0.42558125,0.5266392,0.5540094,0.5471336,0.49905077,0.56336117
2021-08-25,0.42521262,0.5263672,0.553531,0.5467201,0.49873096,0.5628652
2021-06-16,0.42334244,0.5241152,0.5515064,0.5444863,0.49661475,0.5605683
2023-10-12,0.4235668,0.5241055,0.55129725,0.54486,0.49667558,0.56096035
2021-03-12,0.42522204,0.52639455,0.5536679,0.54696023,0.49888253,0.56279755
2022-04-30,0.42491263,0.52595466,0.553333,0.5464118,0.49840674,0.5625614
2021-03-26,0.42254335,0.5235865,0.55068004,0.5440806,0.49590546,0.55967873
2021-01-07,0.42554334,0.5265684,0.553998,0.547044,0.499145,0.5632625
2023-11-13,0.42512095,0.5262401,0.5534781,0.5465488,0.49858785,0.5626668
2022-12-22,0.4256075,0.5266188,0.55399865,0.54712415,0.49912202,0.56333214
2019-11-19,0.4254967,0.52658296,0.55393493,0.5470789,0.4990213,0.5632198
2024-08-11,0.4251398,0.52615935,0.5534861,0.54654795,0.49853778,0.56267065
2021-11-06,0.42461094,0.5250098,0.55300015,0.5455003,0.49799314,0.56231624
2024-09-27,0.42385283,0.5257449,0.5526383,0.54541916,0.4977977,0.5617504
2024-07-01,0.4245172,0.52554446,0.5528747,0.5459768,0.4979166,0.56221485
2023-10-10,0.42337376,0.5239319,0.5511103,0.54461324,0.49649724,0.56069964
2023-07-09,0.42397517,0.5248677,0.5523069,0.54499537,0.49728233,0.5612364
2022-03-14,0.42509204,0.52623254,0.5534964,0.5466094,0.498715,0.5626939
2021-08-31,0.4251346,0.5264092,0.55330557,0.5465934,0.49856356,0.56257
2023-01-20,0.42560673,0.5265449,0.55392027,0.5470776,0.49898508,0.56331426
2019-09-23,0.42392254,0.52520424,0.5523688,0.54552156,0.4976931,0.56103575
2023-05-19,0.4255678,0.5265864,0.5538638,0.5469472,0.4989039,0.5629875
2022-01-08,0.42563653,0.5266814,0.55408335,0.54717404,0.49918938,0.5633717
2019-05-20,0.42526284,0.52633154,0.5536065,0.54680026,0.49885368,0.5628904
2023-07-19,0.42545682,0.52646255,0.5538694,0.5469065,0.49893546,0.5631126
2022-06-14,0.42445812,0.5255485,0.55282015,0.545897,0.49790242,0.5620356
2022-02-13,0.42531273,0.52631146,0.55369824,0.5467902,0.49888858,0.56298566
2022-08-28,0.42075384,0.5207803,0.5508245,0.5408574,0.4942553,0.55699754
2021-08-16,0.4252195,0.5263295,0.55356073,0.5465844,0.49866924,0.5628303
2024-02-13,0.4248541,0.5258426,0.5531751,0.5461525,0.4983834,0.5623117
2020-01-22,0.4255747,0.52661747,0.55401427,0.54710966,0.4991292,0.5632512
2019-04-26,0.4253921,0.5264314,0.5537214,0.54690325,0.49889845,0.56302774
2023-02-25,0.4249734,0.52629817,0.5535402,0.5465722,0.49870777,0.5627496
2023-10-03,0.42301852,0.52363694,0.55084866,0.54400563,0.49626386,0.56012493
2024-08-09,0.42512625,0.52620256,0.5535123,0.54658294,0.49856195,0.5626961
2024-09-14,0.4247873,0.5257788,0.5530172,0.54610854,0.4982425,0.5623136
2022-07-23,0.4244673,0.52553487,0.55275714,0.54586166,0.49795845,0.5617901
2019-04-10,0.42465904,0.5258087,0.5529893,0.54610306,0.49811813,0.5620976
2024-07-18,0.4243819,0.5254248,0.5526821,0.5456927,0.49780113,0.5618253
2022-06-08,0.42479333,0.5260492,0.55325073,0.54633874,0.49827352,0.562444
2022-08-01,0.42525995,0.52630925,0.5536177,0.5467832,0.49875352,0.5628839
2022-03-21,0.4250404,0.5262056,0.55345356,0.5466625,0.49869433,0.5626082
2019-10-26,0.425308,0.5263673,0.5536758,0.5468833,0.498792,0.562933
2022-06-25,0.42506742,0.5259454,0.55328536,0.54647934,0.49837026,0.56261045
2024-04-28,0.4253833,0.52645624,0.55381703,0.54692066,0.49893963,0.5630739
2020-10-11,0.42510185,0.5262367,0.553577,0.5466173,0.49869722,0.5627145
2020-02-22,0.42522675,0.5262266,0.55363506,0.54665816,0.4988785,0.5627106
2021-12-24,0.4256177,0.5266825,0.55407894,0.5471644,0.49916777,0.56337833
2023-06-26,0.4246278,0.5256617,0.55298847,0.54583687,0.497985,0.56202424
2021-05-06,0.42538512,0.5264736,0.55379486,0.5469378,0.49893528,0.56303835
2024-03-28,0.42524675,0.52641004,0.5536799,0.5468271,0.4988041,0.56289756
2019-06-10,0.42486423,0.52583766,0.5531933,0.546297,0.49828252,0.5624488
2022-06-10,0.42451507,0.5258676,0.55299026,0.5461301,0.49809504,0.56227344
2023-03-10,0.42498615,0.5261794,0.5535171,0.5465458,0.49861896,0.56270856
2021-11-11,0.42546463,0.52642137,0.5537495,0.5468959,0.49884984,0.5630625
2024-06-16,0.42518863,0.52636564,0.5534023,0.5466929,0.49864647,0.5627695
2020-04-30,0.42549193,0.5264991,0.5538239,0.5469621,0.49896953,0.5631199
2021-02-27,0.42534265,0.5264427,0.5537367,0.5469252,0.49902007,0.5629923
2020-07-10,0.42439643,0.52523243,0.5528632,0.5457065,0.49776468,0.56185865
2021-01-13,0.42550993,0.5265232,0.5539291,0.54700816,0.49910307,0.56320727
2020-03-23,0.42541695,0.52656233,0.55389816,0.5470711,0.4990402,0.56305397
2024-07-16,0.42448482,0.5254591,0.55276525,0.54577696,0.49789655,0.5619139
2024-05-26,0.42504224,0.5260892,0.5532975,0.5464556,0.4984188,0.56251276
2024-09-24,0.42172563,0.52476513,0.55121475,0.5435386,0.49628857,0.56020224
2022-11-01,0.42508325,0.5260807,0.5534633,0.5465823,0.49854892,0.5627452
2023-12-06,0.42557952,0.52661824,0.5539566,0.5470975,0.4990874,0.5632367
2020-05-24,0.4253055,0.52647144,0.5538136,0.5468678,0.49888086,0.56310433
2023-01-05,0.42556614,0.5265357,0.55393404,0.5470599,0.49903995,0.5632956
2020-06-04,0.42494267,0.5260752,0.5533499,0.5464396,0.49841076,0.56258047
2024-04-27,0.4253185,0.52640903,0.55377614,0.54686326,0.49888343,0.5629922
2023-09-29,0.4228656,0.52335674,0.5504877,0.54400325,0.49596715,0.56014925
2021-06-01,0.4248104,0.5266106,0.55322146,0.5456474,0.49859193,0.56159157
2021-11-02,0.42467204,0.52511543,0.55304545,0.5455795,0.49804536,0.56234884
2024-03-12,0.42464316,0.5257851,0.5530689,0.5460496,0.49823213,0.56223506
2021-03-15,0.425032,0.5261853,0.5534476,0.54672694,0.4986511,0.56258476
2022-11-08,0.4253909,0.52640194,0.55376554,0.5468946,0.4988596,0.56302756
2020-12-10,0.42561552,0.52666587,0.55405295,0.5471514,0.49916026,0.5633308
2021-09-12,0.4246362,0.5260207,0.55311775,0.54588425,0.49828002,0.5622356
2023-05-30,0.42557007,0.52653605,0.5539337,0.546945,0.4990067,0.5630829
2019-12-11,0.42554653,0.526633,0.5540442,0.5470894,0.4990881,0.56331533
2021-02-24,0.42550248,0.5265933,0.553892,0.54708344,0.49907368,0.5631154
2022-01-18,0.42564058,0.526668,0.5540548,0.54715735,0.4991806,0.56335557
2022-05-13,0.42511857,0.5262243,0.5536996,0.54662496,0.49861458,0.56295127
2021-12-08,0.42558196,0.5266535,0.5540249,0.5471241,0.4990744,0.5633397
2020-09-25,0.42502114,0.5261988,0.5534456,0.5464325,0.49859715,0.56254435
2020-11-21,0.42559567,0.52655107,0.55392164,0.5470152,0.49901697,0.56320727
2020-08-18,0.42520222,0.5262025,0.553569,0.54664147,0.4986805,0.5627669
2024-07-26,0.42337367,0.5244342,0.5517856,0.54466033,0.496823,0.5606715
2023-01-23,0.42561406,0.5265799,0.5539246,0.5470744,0.4989968,0.56330925
2021-09-23,0.42487234,0.52614564,0.5532281,0.5463235,0.49833983,0.56239945
2021-05-23,0.4254848,0.5265611,0.5538511,0.54691815,0.49907273,0.56307626
2021-10-21,0.42487144,0.5256104,0.5532074,0.5461582,0.49829814,0.5625547
2020-12-11,0.42562452,0.52665514,0.55405915,0.54715663,0.49917132,0.56334376
2024-07-22,0.4230911,0.5240524,0.5514555,0.5442302,0.49644002,0.5602708
2021-10-29,0.42440486,0.52472085,0.5528794,0.5452403,0.49781483,0.5621486
2020-04-28,0.42544305,0.5265037,0.553807,0.54694986,0.49893898,0.56310844
2020-12-15,0.4255998,0.52664703,0.55403924,0.547127,0.4991538,0.56331205
2023-07-17,0.4251004,0.5261652,0.5534909,0.5465239,0.49853078,0.5626772
2022-01-09,0.4256476,0.52668697,0.55408335,0.54717994,0.49919337,0.56337744
2020-07-29,0.42530367,0.5263163,0.5537045,0.5467314,0.49877247,0.5629027
2024-12-16,0.4255276,0.526469,0.5538661,0.5471281,0.4989683,0.56334037
2022-07-02,0.42443419,0.5249992,0.55236185,0.5457668,0.49754167,0.56176335
2023-06-28,0.42470196,0.5256749,0.55308115,0.54589015,0.49806774,0.56212074
2022-02-01,0.42558488,0.52661353,0.55401087,0.5470992,0.49913627,0.5633035
2024-03-17,0.42481604,0.5258659,0.5531576,0.5462539,0.49832916,0.562337
2021-04-10,0.4247806,0.52586997,0.5531415,0.5462989,0.4982457,0.56236136
2019-11-21,0.42550257,0.52659047,0.5539443,0.54708236,0.49901798,0.56321836
2024-06-27,0.42440498,0.5253391,0.55276906,0.54574734,0.49783728,0.5620146
2024-09-03,0.4242983,0.52524567,0.5525282,0.5455469,0.49770862,0.56165683
2024-02-27,0.42464426,0.5257623,0.553115,0.5458046,0.4982409,0.562116
2023-02-13,0.42562252,0.5264542,0.5537129,0.5470993,0.49881324,0.56311226
2020-10-22,0.4251283,0.5262463,0.55359143,0.54667664,0.49871466,0.5627444
2023-04-21,0.42511573,0.5261056,0.5535951,0.5465748,0.4985645,0.562613
2020-11-25,0.4256276,0.52660984,0.5539796,0.5470997,0.4990719,0.5632618
2024-04-15,0.4252967,0.526356,0.55370903,0.546819,0.4988123,0.5629754
2024-06-18,0.4250531,0.5264646,0.5533779,0.5466187,0.4985939,0.5626806
2021-04-01,0.4233732,0.52457744,0.55159396,0.5450533,0.49661377,0.5607391
2023-07-20,0.42512676,0.5261273,0.5534997,0.5464946,0.49853742,0.56265604
2019-11-04,0.42545527,0.5265064,0.5538778,0.54702204,0.49894235,0.56312066
2023-01-01,0.42552605,0.5264993,0.55388206,0.54699236,0.49899063,0.5632536
2024-01-11,0.42557532,0.5266251,0.5540179,0.5470832,0.49913907,0.56330335
2022-01-27,0.42556417,0.52657795,0.55397636,0.5470722,0.49910206,0.5632749
2021-12-19,0.42561173,0.5266814,0.554074,0.54716307,0.49915642,0.5633571
2019-11-07,0.4254748,0.5265415,0.5539369,0.5470515,0.49898154,0.56317735
2020-12-14,0.4256029,0.52664334,0.5540349,0.5471352,0.49915695,0.5633189
2022-11-03,0.4252628,0.52628976,0.5536488,0.5467776,0.4987484,0.56289667
2024-01-18,0.4255422,0.5265861,0.55396295,0.54703414,0.49910954,0.5632603
2021-05-24,0.42545104,0.5265366,0.553741,0.5467608,0.4990147,0.56292063
2021-07-23,0.42383584,0.5247858,0.55269325,0.5449467,0.4976192,0.5616752
2021-08-11,0.42428112,0.5259276,0.55250984,0.5453942,0.49787804,0.56190264
2021-10-31,0.42410746,0.524196,0.5526703,0.5447008,0.49756047,0.56191623
2023-02-27,0.42506963,0.5262777,0.5536076,0.5466722,0.49872556,0.5628421
2020-10-27,0.42537755,0.52636474,0.5537623,0.54684967,0.49887246,0.5629749
2020-03-17,0.42540517,0.52645874,0.55382764,0.5469043,0.4989191,0.5630074
2022-06-05,0.4246389,0.5259466,0.5531104,0.5461622,0.49808973,0.5622477
2023-08-29,0.42382786,0.5247148,0.5519127,0.54495686,0.49718496,0.5611413
2020-06-26,0.42484608,0.52563363,0.5533357,0.54609257,0.4983043,0.5624272
2022-04-12,0.42503405,0.5261526,0.5534375,0.54658026,0.49852532,0.5626779
2021-01-12,0.42550835,0.5265132,0.5539184,0.54703385,0.49912986,0.56322867
2021-02-28,0.425405,0.5265232,0.5538192,0.5470417,0.49906322,0.5630476
2024-12-17,0.42553183,0.5265176,0.55388975,0.5471441,0.4989819,0.56332934
2023-08-24,0.42406055,0.52483064,0.5520683,0.54513985,0.49732047,0.5613045
2024-10-12,0.42484736,0.5258946,0.5531494,0.54631215,0.49829128,0.5627094
2023-10-11,0.4234425,0.52399254,0.5512035,0.5446404,0.49651822,0.5607386
2024-09-06,0.4243856,0.5253531,0.5526533,0.5455717,0.49784034,0.5618136
2019-08-30,0.42325547,0.5241412,0.55194396,0.5445329,0.49743596,0.5605581
2019-10-01,0.4245929,0.5256546,0.5528954,0.54607856,0.49823883,0.5619398
2021-10-07,0.42436552,0.5253804,0.5526813,0.54565966,0.49787155,0.56181216
2021-09-13,0.42451048,0.5258301,0.5529649,0.54560834,0.4981328,0.5620307
2024-01-25,0.42543802,0.5264686,0.5538475,0.5469092,0.49902606,0.5631453
2024-09-20,0.42448258,0.52565145,0.5528143,0.5457077,0.49800333,0.56208485
2023-03-11,0.4248195,0.5259887,0.5533305,0.5463502,0.49842864,0.5624971
2023-02-05,0.42566305,0.5266892,0.5540791,0.5472217,0.49918202,0.5634102
2022-09-12,0.42354417,0.5240468,0.55166143,0.5446628,0.4973627,0.5604947
2021-06-19,0.42351782,0.5243364,0.5518278,0.5446562,0.4967857,0.5607747
2024-06-04,0.4252921,0.5262982,0.5536211,0.54676247,0.4988238,0.56282496
2019-05-08,0.4254088,0.5264819,0.5537794,0.54697365,0.4989743,0.56308806
2023-07-16,0.42493415,0.52601063,0.5532513,0.5463543,0.4983198,0.56244427
2022-09-19,0.42322665,0.5236899,0.5512583,0.54430246,0.49711037,0.560012
2023-02-26,0.425262,0.5264442,0.55375826,0.54684407,0.49886402,0.5630136
2020-05-07,0.42540568,0.52645606,0.5538097,0.5469082,0.49892288,0.56309384
2019-04-21,0.42530343,0.526381,0.55364,0.5468077,0.49886638,0.5629778
2023-03-23,0.4241017,0.5251937,0.55246305,0.5453867,0.49743214,0.56148744
2023-05-16,0.42554906,0.5266446,0.5538311,0.54693586,0.49889037,0.5630243
2021-02-23,0.42548183,0.5265771,0.5538637,0.5470633,0.49905252,0.56307375
2021-10-30,0.4246221,0.5251084,0.5531236,0.5456044,0.4981038,0.562386
2021-12-01,0.42562002,0.5266212,0.5540097,0.5471002,0.49910408,0.56335163
2020-12-23,0.42554766,0.5265823,0.5539718,0.5470586,0.49911264,0.56323546
2023-07-29,0.424935,0.52595913,0.55316645,0.5461924,0.49831733,0.5624183
2023-09-09,0.4216883,0.52214074,0.54914665,0.54207504,0.4947272,0.55823964
2024-01-16,0.42555538,0.5266001,0.55398184,0.5470543,0.49912262,0.5632684
2024-11-05,0.42496058,0.5258467,0.55323297,0.5464843,0.4983246,0.5628987
2019-11-29,0.42551407,0.52659214,0.55398476,0.54707503,0.49902582,0.56325907
2019-09-26,0.42434868,0.52543557,0.5526735,0.5458683,0.49802184,0.5615723
2022-08-13,0.42380184,0.5245209,0.5522434,0.5448303,0.49722126,0.5608658
2021-01-21,0.42536733,0.52636254,0.5537508,0.54685694,0.4989864,0.56304866
2024-11-02,0.42497995,0.52584034,0.553248,0.5464238,0.4982656,0.56285346
2019-09-04,0.4227576,0.52371305,0.55154335,0.54413223,0.4973504,0.5601423
2022-03-13,0.42518452,0.5263491,0.55360687,0.54674584,0.49883008,0.56281215
2020-09-26,0.42516428,0.5263005,0.55352205,0.5465732,0.49868986,0.5627251
2020-11-05,0.42554808,0.52656984,0.55397594,0.5470911,0.49905843,0.5632473
2022-06-13,0.42459577,0.5257268,0.552977,0.54609454,0.49805844,0.5622274
2020-11-11,0.4255732,0.52654827,0.5539552,0.54706275,0.49905705,0.56323236
2021-08-01,0.4245309,0.5261103,0.55322605,0.5462116,0.4983654,0.56319517
2022-03-28,0.42456844,0.5258214,0.5529809,0.5463471,0.49820954,0.5618934
2020-07-25,0.42506644,0.5261276,0.5534991,0.546459,0.49853647,0.5626072
2024-08-16,0.42480606,0.5258228,0.5531611,0.5461488,0.49822605,0.5623121
2023-12-16,0.42562485,0.5266521,0.5539996,0.54712695,0.49914816,0.5632813
2021-02-10,0.42494276,0.52590764,0.5532578,0.5462567,0.49869016,0.56256497
2024-11-01,0.42493278,0.525777,0.5531622,0.54631037,0.49817225,0.5627738
2023-11-29,0.42553866,0.5265698,0.55387586,0.54702586,0.4990253,0.5631471
2021-09-11,0.4246171,0.525906,0.553063,0.54574096,0.49823272,0.5621348
2021-04-09,0.42477956,0.52585006,0.5531422,0.5462612,0.49824178,0.5623483
2023-05-25,0.42558825,0.52648664,0.5538049,0.5468781,0.49885085,0.56289834
2023-09-26,0.42320436,0.5235357,0.5507595,0.54446614,0.4961991,0.56057143
2023-02-06,0.42562893,0.5266706,0.5540127,0.54720086,0.4991203,0.5633727
2023-06-12,0.42503846,0.5262275,0.55340374,0.5465512,0.4984687,0.56259984
2024-08-21,0.42493096,0.5259921,0.55325776,0.546339,0.49836612,0.56252605
2023-05-03,0.42545673,0.5264909,0.5539008,0.54696596,0.49895006,0.563079
2022-04-25,0.4250699,0.5262147,0.55336094,0.5465355,0.49868092,0.56280875
2024-05-29,0.42526823,0.52630496,0.5535323,0.5467208,0.49871728,0.5627216
2024-10-28,0.4247731,0.52560747,0.55293936,0.5462329,0.49796483,0.5627237
2022-03-08,0.42486322,0.5258652,0.55319023,0.5462423,0.49863526,0.5624831
2022-02-10,0.4254002,0.52639765,0.5538026,0.5468776,0.49896324,0.5630911
2022-01-06,0.42563635,0.52668387,0.55407846,0.5471779,0.49918967,0.56337434
2020-10-02,0.42515683,0.5262548,0.5535736,0.5466194,0.49872902,0.5627728
2020-03-05,0.4248207,0.5256723,0.5530719,0.54600674,0.49849868,0.5623515
2022-06-09,0.42475402,0.5260297,0.5532135,0.5463199,0.49827048,0.5624638
2023-02-19,0.4250849,0.5263218,0.5535991,0.54670465,0.49874172,0.5628569
2021-06-26,0.425144,0.5261784,0.5534416,0.546684,0.49855402,0.5627947
2022-05-19,0.42531472,0.5263765,0.55374837,0.5467642,0.49876496,0.5629692
2023-10-06,0.42316568,0.5237777,0.55097157,0.544294,0.49639,0.5604069
2020-12-31,0.42553055,0.52655154,0.5539648,0.54703504,0.49911442,0.5632405
2022-06-16,0.424592,0.52566546,0.5529392,0.5460418,0.49802876,0.562146
2020-11-09,0.42557305,0.5265432,0.553925,0.54706067,0.49904707,0.5632231
2022-01-14,0.4256359,0.52667445,0.55406415,0.54716516,0.4991803,0.56336135
2024-07-23,0.42303038,0.5240743,0.55146396,0.5442305,0.49646258,0.5602934
2023-10-18,0.42428774,0.5251054,0.55239475,0.5456488,0.49761155,0.5617755
2022-05-22,0.42492622,0.52589566,0.5532095,0.5462483,0.4982464,0.56238496
2024-07-17,0.4245051,0.5255856,0.552853,0.5458809,0.4979497,0.561992
2023-04-18,0.4250021,0.52606565,0.55345005,0.5464855,0.49845228,0.56253433
2022-06-19,0.4248007,0.5258121,0.55311066,0.5462114,0.4982064,0.5623412
2020-08-24,0.42510426,0.5262808,0.5536134,0.54648966,0.49870956,0.5627728
2023-10-09,0.42312473,0.52367246,0.5508136,0.5443208,0.49623695,0.56040287
2024-04-16,0.4254706,0.52654564,0.55393076,0.5470233,0.49901488,0.5631888
2019-10-09,0.42496637,0.52591646,0.5532352,0.5464134,0.49851912,0.5623429
2021-01-16,0.4254937,0.5264914,0.55389863,0.5469798,0.4991005,0.5631903
2020-11-30,0.42563695,0.5266587,0.55404717,0.54714006,0.49914232,0.5633151
2021-11-25,0.4255682,0.52658296,0.55397105,0.5470555,0.49905598,0.5632945
2024-10-27,0.42478704,0.52562875,0.5529387,0.5462289,0.49803704,0.56273806
2021-03-03,0.42518467,0.5263387,0.55358094,0.5468785,0.49879763,0.5627127
2021-02-07,0.4249634,0.5258923,0.5532271,0.5462329,0.49867257,0.5625023
2020-02-09,0.42538786,0.5264673,0.55385435,0.54694784,0.49906832,0.5628512
2020-03-18,0.42542568,0.5265073,0.5538605,0.54693705,0.49895293,0.5630584
2024-05-17,0.42206004,0.5228111,0.54996717,0.54311,0.4952158,0.55915356
2023-12-02,0.42556238,0.5266037,0.5539411,0.54707426,0.49907735,0.56321806
2023-10-31,0.4247954,0.52584726,0.5531546,0.54624695,0.49830383,0.5622855
2021-01-05,0.42555577,0.5265833,0.5540007,0.54705656,0.49914098,0.563265
2024-09-26,0.42299107,0.52537894,0.55201805,0.54460424,0.49715573,0.5610711
2022-05-27,0.42436436,0.52525073,0.55251616,0.54563,0.49759984,0.56170756
2021-05-26,0.425345,0.52673554,0.55375063,0.54655695,0.49901858,0.5626494
2022-05-24,0.4248955,0.5258254,0.55318004,0.5462592,0.49825943,0.5623913
2023-01-27,0.42560259,0.5266256,0.55395186,0.5471181,0.49903253,0.56332576
2024-05-22,0.424174,0.52512133,0.55235255,0.5454154,0.49738708,0.5615397
2021-10-28,0.42401186,0.5240537,0.5525859,0.5445893,0.49745336,0.5618399
2023-07-27,0.42498806,0.525982,0.5532511,0.5462176,0.49836636,0.56246924
2024-03-15,0.42470464,0.5258411,0.55306405,0.5461198,0.4981674,0.56223094
2023-09-05,0.42164546,0.52231544,0.54926467,0.5420642,0.49480715,0.558389
2020-03-12,0.42523706,0.5262589,0.5536497,0.5466756,0.49880463,0.56286865
2022-01-21,0.42561653,0.52666575,0.554063,0.54715526,0.499167,0.5633535
2022-07-11,0.424328,0.52527285,0.5525364,0.5455361,0.49756846,0.5615233
2021-05-21,0.42554522,0.526522,0.55384123,0.5469652,0.4990624,0.5631375
2024-03-26,0.4251983,0.5263362,0.55360425,0.546741,0.49874568,0.562845
2024-07-28,0.42456028,0.5257194,0.5531057,0.54596263,0.49812236,0.5620943
2020-09-20,0.4245358,0.52595925,0.55300236,0.545754,0.49815893,0.56194735
2019-05-24,0.42513278,0.5262035,0.55346143,0.54663235,0.49869248,0.5626947
2020-03-29,0.42475238,0.5259593,0.55318594,0.546488,0.49833667,0.5622279
2023-05-22,0.42566824,0.5266265,0.55396026,0.547016,0.49898568,0.5630651
2020-10-30,0.42548004,0.5264645,0.55384594,0.546972,0.4989576,0.56309354
2021-02-12,0.4249047,0.525873,0.5531906,0.54620725,0.49866402,0.5625356
2021-07-20,0.42426154,0.5254952,0.553142,0.54571134,0.49834272,0.56246173
2022-02-22,0.42519495,0.5261389,0.5535225,0.5465653,0.49883983,0.5628439
2023-08-12,0.42391166,0.52479637,0.5518965,0.54504,0.49716127,0.5611157
2021-03-31,0.42294022,0.52410024,0.55114627,0.54456013,0.496123,0.56022376
2023-12-01,0.42554972,0.5265584,0.5538875,0.54704565,0.4990289,0.5631886
2019-09-02,0.42318243,0.52400035,0.55192417,0.5445819,0.49769044,0.5606078
2024-12-27,0.42555594,0.52651525,0.5539121,0.54713356,0.49903283,0.56334
2023-08-15,0.42413363,0.52495307,0.55219716,0.5452494,0.49746034,0.56139314
2019-03-26,0.42488956,0.52599496,0.55331045,0.54645246,0.49849,0.5624907
2021-04-15,0.4251694,0.5263142,0.553591,0.5467887,0.4986792,0.562762
2023-12-27,0.42557493,0.5266389,0.55401886,0.54709595,0.49914482,0.56330234
2024-05-01,0.42521968,0.52632827,0.5536647,0.54675937,0.498848,0.562794
2019-07-03,0.42502493,0.525997,0.55334425,0.5464222,0.49843824,0.5625202
2019-10-24,0.42532325,0.52640986,0.55373013,0.5468965,0.49884984,0.5629351
2021-11-20,0.4255859,0.526587,0.5539328,0.54706275,0.49905872,0.5632703
2019-04-25,0.42541075,0.5264304,0.55373585,0.5469032,0.49891186,0.5630459
2021-09-01,0.42518348,0.5263914,0.5532936,0.5466562,0.4985904,0.5625518
2021-07-24,0.42399925,0.5252597,0.5528634,0.54541147,0.49782854,0.56188893
2023-12-10,0.42559674,0.52663213,0.5539748,0.54710054,0.49911976,0.5632384
2021-07-26,0.42450812,0.5260007,0.55313337,0.5461729,0.49825504,0.5622613
2024-05-24,0.42480093,0.5258316,0.5529687,0.5461304,0.49804053,0.56218195
2024-06-24,0.4247651,0.52595824,0.5531654,0.5461537,0.49833235,0.56237584
2023-11-21,0.42538357,0.52636373,0.5537033,0.5469206,0.49880826,0.56307244
2021-01-31,0.4250406,0.52595836,0.5533441,0.54640156,0.49874228,0.5626639
2024-08-06,0.42520562,0.52627134,0.55363095,0.546689,0.49865288,0.5627777
2023-03-17,0.4243839,0.5258877,0.5531281,0.54582906,0.49823463,0.5620391
2021-01-04,0.4255606,0.5265909,0.55401313,0.5470572,0.49914965,0.5632712
2024-09-22,0.4219817,0.52463156,0.55119103,0.5436447,0.49627808,0.56027716
2022-01-29,0.42555287,0.5265617,0.5539582,0.54705685,0.49909535,0.5632588
2022-11-02,0.42516896,0.5262017,0.5535958,0.54667836,0.49867296,0.5628506
2024-06-30,0.42457455,0.5256774,0.5529799,0.54604304,0.49800408,0.56224066
2021-03-19,0.42442852,0.5256056,0.5527883,0.54619557,0.49805093,0.5618438
2024-07-09,0.4242981,0.5247914,0.5523364,0.5455901,0.49747732,0.5619219
2021-01-17,0.42547736,0.5264846,0.55389017,0.5469536,0.4990865,0.56318283
2022-09-26,0.42245823,0.5228318,0.55055237,0.5434422,0.49666816,0.55908126
2019-04-05,0.42471787,0.5258513,0.5531079,0.5461525,0.49823,0.5621574
2022-08-10,0.42470506,0.52566427,0.5529958,0.5460146,0.49812698,0.56210953
2022-01-07,0.4256451,0.52668965,0.55409,0.54718214,0.49919698,0.5633829
2021-09-24,0.42476475,0.52599514,0.5531144,0.5462181,0.4982412,0.5622635
2020-12-26,0.4255657,0.52660996,0.5540197,0.54706836,0.4991387,0.5632721
2023-11-14,0.42523435,0.52631575,0.5535855,0.54666346,0.49870172,0.5627811
2023-03-29,0.42459333,0.52578926,0.55298495,0.5461051,0.49811444,0.56216496
2021-02-08,0.42495587,0.52588207,0.5532225,0.5462102,0.49866095,0.56251967
2022-07-16,0.42417875,0.525293,0.5524326,0.5455567,0.4974934,0.5613416
2020-07-12,0.423783,0.5246176,0.5521548,0.54499495,0.4971219,0.561121
2024-06-01,0.4252496,0.5262288,0.55345064,0.5466907,0.49869224,0.5626462
2023-06-29,0.42420846,0.525246,0.55252934,0.54539657,0.49755004,0.5615834
2023-11-17,0.42536163,0.52636707,0.5536497,0.54684025,0.49876115,0.5629778
2024-02-04,0.42511305,0.5261091,0.55346966,0.54652965,0.49865064,0.5627203
2020-01-31,0.42541403,0.52647287,0.55383724,0.5469593,0.49902013,0.5629725
2020-09-15,0.4243466,0.52547705,0.552866,0.5455276,0.4980284,0.5618923
2019-10-18,0.42511567,0.52617633,0.5534672,0.546623,0.4986524,0.5626409
2020-11-16,0.42555827,0.5265273,0.5539192,0.54703367,0.49903032,0.5632222
2020-02-14,0.42539755,0.52645165,0.55385906,0.5469028,0.49905902,0.5628747
2019-05-23,0.4251295,0.5262564,0.5534946,0.5467094,0.49875867,0.56269306
2019-08-19,0.4242261,0.525133,0.5526771,0.54551935,0.49781275,0.5616282
2022-07-22,0.42442048,0.5255184,0.5527832,0.54588944,0.49792215,0.56177115
2020-10-20,0.4251103,0.5262501,0.5535844,0.5466902,0.49868876,0.5627162
2024-03-14,0.42460006,0.52576166,0.5529836,0.5460526,0.4981429,0.5621332
2023-03-05,0.42487785,0.5262196,0.5534847,0.5465103,0.4986447,0.56265897
2020-11-10,0.4256133,0.5265616,0.5539531,0.54707724,0.49909553,0.56327796
2022-12-31,0.42557195,0.5265517,0.55394316,0.547062,0.49906328,0.5632855
2024-12-29,0.42556328,0.5265426,0.5539361,0.547135,0.4990701,0.5633328
2020-10-08,0.42513496,0.5262533,0.55355483,0.54660964,0.4987188,0.5627724
2022-03-05,0.42477345,0.5257189,0.5530764,0.5460981,0.49858323,0.56237304
2021-06-17,0.4227343,0.5234649,0.5506572,0.5438059,0.49591592,0.5598481
2022-04-10,0.425179,0.5263115,0.5536163,0.5467644,0.4987128,0.5627981
2021-07-27,0.42460617,0.5260345,0.55316156,0.5462586,0.49830773,0.5623211
2024-08-14,0.4250616,0.5260797,0.55343443,0.5464834,0.49850684,0.56261986
2019-11-20,0.42552015,0.526593,0.55397046,0.54709476,0.49904162,0.563233
2022-07-18,0.42413515,0.5253662,0.5524495,0.54560745,0.49749562,0.56129473
2023-04-16,0.4246828,0.5257717,0.553099,0.54619646,0.49811977,0.562164
2023-06-08,0.42478517,0.5258359,0.55308884,0.5461864,0.4981903,0.5622778
2019-11-12,0.4254708,0.5265289,0.55389345,0.5470354,0.4989861,0.56317693
2023-01-09,0.4255846,0.5265613,0.55396086,0.54704607,0.4990415,0.5633256
2024-01-03,0.4255834,0.52664,0.5540136,0.5471111,0.49913836,0.5632971
2023-02-12,0.42561942,0.5264734,0.5537375,0.5470985,0.49882475,0.5631452
2022-09-15,0.42292374,0.52331936,0.5511217,0.54403096,0.4970306,0.5597904
2019-10-04,0.4247632,0.5257105,0.55302095,0.5461878,0.49836215,0.5620981
2023-10-21,0.4245023,0.52544266,0.55271447,0.54590255,0.49791577,0.5620009
2024-06-19,0.42476228,0.5263954,0.5530667,0.5462074,0.49835473,0.56223077
2019-11-09,0.42547184,0.5265638,0.5539075,0.54703665,0.49897274,0.56317955
2022-08-05,0.42513952,0.52617943,0.5534775,0.54659873,0.49859312,0.5626946
2021-07-07,0.42521575,0.52628404,0.5536272,0.5467494,0.49871287,0.5628902
2020-01-06,0.4256125,0.5266736,0.5540727,0.54716986,0.49916318,0.56334007
2019-09-28,0.42450327,0.52553076,0.5528068,0.5460098,0.49814498,0.56178427
2021-01-14,0.42549792,0.52649254,0.5539087,0.54697835,0.4991051,0.56319565
2020-02-05,0.4254832,0.5265526,0.553948,0.5470287,0.49910074,0.5630598
2019-07-15,0.425147,0.52620083,0.55356896,0.54665655,0.498612,0.56272054
2024-03-27,0.4251664,0.52631587,0.55358285,0.5467376,0.4987143,0.56281114
2024-07-20,0.4242068,0.52525824,0.5525315,0.5455554,0.49765536,0.5615581
2023-07-22,0.42482826,0.5258363,0.55315787,0.5460261,0.49816918,0.56224364
2023-07-21,0.42482242,0.5258178,0.55312485,0.5460603,0.4981561,0.56223834
2023-12-15,0.4256157,0.5266331,0.5539537,0.547091,0.49910906,0.5632478
2020-08-14,0.42515433,0.52619725,0.55352825,0.54658276,0.49862117,0.56271136
2023-11-23,0.4254126,0.5263867,0.55372584,0.5469473,0.49882996,0.56309813
2024-04-30,0.425247,0.5263787,0.55373317,0.5468064,0.49889204,0.5628668
2024-10-11,0.4249358,0.5259645,0.553238,0.54639554,0.4983747,0.5627302
2022-12-07,0.4256271,0.5265871,0.55391854,0.5471134,0.49905634,0.56326175
2020-08-29,0.42475474,0.52583456,0.5531617,0.54619306,0.49835125,0.562315
2020-01-24,0.42556185,0.52660185,0.55399984,0.5470874,0.49910894,0.5632516
2021-05-15,0.42549974,0.5265625,0.55385447,0.54699576,0.49906412,0.56315184
2023-09-07,0.42173213,0.52245927,0.5494107,0.54210544,0.4949692,0.5584599
2020-05-20,0.42531118,0.5264163,0.55374247,0.54681456,0.49883223,0.5629983
2022-02-17,0.42537674,0.52634853,0.55374223,0.54681087,0.4989706,0.5630311
2023-05-29,0.42556164,0.52647275,0.5538578,0.54686475,0.4989173,0.5629577
2024-01-30,0.42538372,0.52643543,0.5537883,0.546843,0.49899107,0.5630665
2024-05-10,0.42524332,0.52652854,0.55392843,0.5468233,0.49891564,0.56305367
2022-06-17,0.42441154,0.5255993,0.5528394,0.5459144,0.49789554,0.56204486
2023-07-25,0.42510375,0.5260664,0.55342585,0.5464026,0.49851614,0.5626128
2024-12-30,0.42556414,0.5265375,0.55392843,0.54712754,0.49907,0.56332004
2021-06-11,0.42477697,0.525699,0.55326647,0.5461465,0.4982743,0.56239766
2019-05-28,0.42470592,0.5259001,0.5530868,0.5461211,0.49831602,0.56221795
2023-11-16,0.42530453,0.52636623,0.55367583,0.54676604,0.49877787,0.56290066
2023-12-09,0.42557994,0.52658254,0.55392927,0.547081,0.4990751,0.56323826
2020-08-25,0.4252078,0.5262763,0.55374014,0.54643595,0.498653,0.5627249
2024-07-14,0.42432186,0.5252171,0.55248934,0.5454798,0.49768364,0.56167114
2019-10-02,0.42464942,0.5256913,0.55295014,0.54612404,0.49826452,0.5619733
2020-12-16,0.42559922,0.52664304,0.55402446,0.5471349,0.49915996,0.56331414
2019-11-05,0.4254424,0.52650803,0.5538718,0.5470175,0.49895042,0.5631376
2022-05-16,0.42536327,0.5265082,0.5539486,0.54686606,0.49882683,0.5632408
2023-08-08,0.42465326,0.52566874,0.552853,0.54591805,0.49803662,0.56211585
2024-02-02,0.42523366,0.5262324,0.55359447,0.5466539,0.49877337,0.5628472
2022-09-27,0.42282102,0.5232966,0.55095667,0.5438854,0.4969651,0.559604
2023-05-01,0.42533627,0.52632767,0.5537795,0.5467873,0.4987773,0.56286174
2022-07-05,0.4245501,0.5253992,0.55267125,0.545894,0.4977918,0.5618791
2022-02-09,0.4254047,0.52640355,0.5537888,0.5468871,0.4989664,0.5630826
2024-06-07,0.425126,0.52623516,0.5534462,0.5466652,0.49866143,0.5626661
2023-05-20,0.42553905,0.52654743,0.55384773,0.54690015,0.4988751,0.56293184
2022-02-14,0.42538926,0.5263832,0.55378926,0.546856,0.49896377,0.5630645
2021-10-09,0.4244307,0.52545327,0.5527474,0.54570484,0.4979607,0.5618294
2024-03-23,0.4252483,0.52634525,0.5536253,0.54676616,0.49878293,0.562854
2019-08-21,0.424059,0.5249665,0.5525794,0.5453518,0.4977032,0.5613693
2024-09-05,0.42439067,0.5253366,0.5526224,0.5455727,0.49780834,0.56177264
2022-07-21,0.42442507,0.525545,0.5528049,0.5458924,0.49790335,0.56176335
2020-07-18,0.42509943,0.52627105,0.5535799,0.54659,0.49861756,0.5627741
2021-10-04,0.4243941,0.5254106,0.5525941,0.54575384,0.497842,0.5617907
2020-09-28,0.42518184,0.5263016,0.5535732,0.5466381,0.49874556,0.5627825
2024-03-16,0.4249213,0.5260057,0.5532699,0.54635143,0.4984558,0.56247723
2020-06-12,0.42448035,0.5259947,0.5528829,0.54619867,0.4980928,0.5623265
2021-06-15,0.4237459,0.5245675,0.55190974,0.54496056,0.4970651,0.56106156
2020-09-11,0.4244009,0.52547914,0.55301857,0.545653,0.49816197,0.5621261
2019-10-27,0.42527133,0.52634203,0.55368096,0.54685634,0.49878785,0.56291634
2022-09-23,0.42272666,0.52317023,0.5507866,0.5437604,0.49674204,0.5593822
