date,h0,h1,h2,h3,h4,h5
2023-01-04,7.222558e-11,2.4050194e-06,3.969355e-10,1.0,1.0,0.9999994
2019-09-20,3.7623047e-29,3.820556e-13,4.572296e-23,5.2950372e-17,1.3293578e-06,4.2505519e-10
2020-03-06,2.390439e-19,0.9654557,0.00048398032,0.9999465,0.9999703,1.0
2023-07-05,5.8288867e-28,4.033388e-13,9.218141e-13,1.97836e-11,2.41127e-15,5.5182577e-06
2024-07-01,1.3221725e-33,3.2578146e-12,7.3420797e-22,2.0238947e-17,3.2401657e-12,0.0016847452
2024-03-14,4.2497273e-20,0.45922962,1.2768053e-09,4.246784e-05,0.5030823,1.0
2023-06-29,9.622683e-28,4.626011e-10,4.1732113e-12,6.761257e-12,3.8794756e-14,0.11806557
2021-03-18,8.410374e-17,0.9999968,4.0047932e-10,1.0,0.94043314,1.0
2024-10-13,2.055905e-27,1.7708993e-07,1.1581701e-26,4.425322e-11,1.4508376e-07,5.0575517e-14
2024-12-02,1.0,0.050571214,1.22043e-08,0.8680602,1.0,0.9889782
2024-09-06,1.9368878e-24,1.0558718e-08,4.931377e-17,9.5187815e-08,1.7098215e-10,1.9554177e-13
2024-03-30,2.1130842e-10,0.99999,0.9838635,0.010428731,0.99999523,1.0
2024-01-01,0.99999976,0.9939904,0.90947825,0.99997985,1.0,1.0
2023-01-01,2.6932264e-11,8.4403444e-05,1.4437954e-07,1.0,1.0,1.0
2024-01-25,0.99999857,0.9999114,0.081772745,0.99999917,1.0,1.0
2024-09-29,2.1183754e-28,1.3827371e-10,2.1260355e-19,2.456359e-14,7.3434224e-11,2.2341563e-11
2020-09-07,2.77383e-38,1.8062381e-10,1.7852939e-21,3.4178966e-18,8.664052e-13,3.1966466e-10
2021-02-13,2.6124427e-14,0.99944586,6.1637923e-13,1.0,1.0,0.9561852
2021-04-15,1.6418079e-19,1.0,0.00022541871,4.536381e-10,2.7419503e-05,0.9999894
2020-07-10,5.2395332e-27,2.5855518e-09,2.8679609e-13,2.7096253e-16,2.7717975e-13,1.0640196e-05
2024-05-13,2.446434e-13,9.593503e-10,3.1091918e-06,7.2016974e-06,0.9999999,1.0
2020-08-27,4.0835384e-29,7.864317e-12,3.4544182e-16,2.126459e-10,6.4072253e-10,7.156169e-13
2022-02-13,0.99581736,0.9999976,0.91858566,0.9999994,1.0,1.0
2022-01-30,0.99997926,0.99999845,0.9988825,0.99999213,1.0,1.0
2021-05-03,4.000181e-05,0.9999722,0.9999999,7.036215e-05,1.0,1.0
2023-10-09,4.8502614e-23,2.4935091e-14,5.2296997e-23,5.9083285e-12,2.4409437e-09,3.6858602e-16
2022-05-25,1.2132502e-21,3.2997848e-11,0.97670096,6.7879755e-09,0.024296798,1.0
2022-07-17,9.8819334e-27,7.0880475e-08,5.4393508e-17,4.220426e-14,1.7422982e-14,4.6278002e-11
2022-02-04,0.9999188,0.9999989,0.99592716,0.99999464,1.0,1.0
2019-05-19,4.7650137e-11,0.99999726,0.21380234,2.1903462e-07,0.7816902,1.0
2021-05-07,9.275943e-08,0.9997212,0.9999994,6.3793115e-05,0.99999976,1.0
2019-08-23,1.2225298e-33,2.1509255e-14,1.0033123e-16,7.389835e-14,4.60118e-13,1.4809232e-05
2021-10-11,5.966842e-28,1.3732755e-13,9.643686e-24,3.2758732e-15,1.4414292e-05,3.359633e-08
2023-01-25,5.5231958e-17,2.4998272e-07,8.797609e-06,0.9999974,0.99999964,1.0
2021-12-20,0.9999995,0.94116086,0.9664158,0.9986952,1.0,1.0
2020-08-17,2.0199707e-15,1.758714e-11,7.252434e-10,8.237321e-11,3.6324575e-11,1.1479167e-08
2020-04-24,0.00028262436,0.99565804,1.0,0.00021111863,0.999995,1.0
2020-06-19,2.7503835e-25,3.310099e-14,2.206656e-13,7.5916546e-16,0.0045055817,1.0
2021-01-25,3.7792006e-07,0.99999857,7.3531e-06,0.99999976,1.0,1.0
2023-03-22,3.628409e-25,0.99948514,2.3411427e-08,0.9066723,4.099401e-07,0.9994729
2021-05-12,2.1752602e-07,0.99999964,0.99983954,4.4673194e-05,1.0,1.0
2019-05-20,1.2988942e-14,0.9999994,0.047137618,4.656824e-08,0.002199819,1.0
2023-12-25,0.9999989,0.0014278895,0.0011194256,0.95727897,1.0,1.0
2023-11-26,0.9971215,1.1596057e-05,1.7474042e-09,0.0012340418,1.0,3.5362995e-05
2022-01-10,0.99964166,0.9994438,0.97569704,0.9999995,1.0,1.0
2019-08-20,7.105335e-30,1.2006524e-15,5.0400133e-15,6.428512e-14,2.7646632e-10,3.360294e-05
2024-11-12,6.782505e-19,0.8538245,1.5506073e-18,6.729969e-11,4.3845066e-06,9.900153e-07
2021-02-17,3.9345e-18,0.99767023,1.000418e-11,0.9999999,0.9999995,0.99923956
2020-11-21,3.5822537e-05,0.9168573,6.825338e-17,9.14175e-09,1.0,2.5772377e-07
2022-02-20,0.99768674,0.99999976,0.27717635,0.9999964,1.0,1.0
2021-04-17,7.35212e-20,0.99988544,0.13821124,5.919527e-13,4.2917617e-07,1.0
2021-08-19,4.105846e-13,3.7569934e-13,2.1327071e-09,4.5031257e-12,0.9991327,0.0034272773
2022-03-27,3.583245e-21,1.0,4.066866e-10,8.125297e-05,3.9235897e-06,0.9999994
2022-08-02,3.8483807e-15,1.4743189e-09,2.393589e-10,5.1138564e-12,2.9800475e-09,1.2226928e-07
2023-10-14,1.5844236e-22,3.852229e-11,1.043884e-25,5.156802e-10,5.2912523e-09,9.1964154e-17
2024-02-27,1.90234e-24,3.8452436e-05,3.3408215e-19,1.8225242e-06,0.00022428889,0.002019475
2020-06-25,5.203521e-27,4.4305073e-11,1.05225785e-14,2.9269885e-16,6.614267e-11,0.022653721
2024-01-07,0.9999995,0.99989843,0.49339476,0.9999995,1.0,1.0
2022-05-20,2.8900446e-22,3.8011528e-11,0.99166745,3.5434526e-09,7.0480737e-06,1.0
2019-11-12,0.006211277,0.018384192,1.103178e-13,3.7165265e-08,1.0,0.02357386
2023-05-14,7.500345e-09,0.06283479,0.99999917,9.536279e-05,0.9999167,1.0
2021-03-25,2.9722805e-21,1.0,1.0065744e-09,5.8546343e-06,0.025524667,1.0
2023-10-24,1.7591102e-22,4.0023375e-12,1.5481795e-24,5.637089e-12,0.027707877,1.238594e-13
2023-10-10,4.204699e-23,1.1616223e-13,3.783022e-25,4.542049e-11,8.7955715e-10,4.694725e-16
2023-02-25,2.3973249e-11,0.004844044,0.55379987,0.9999999,0.99999166,1.0
2024-02-23,2.5920306e-31,0.008594582,1.9101911e-19,4.8543063e-07,2.2585017e-10,0.0003193022
2023-09-08,4.5417724e-22,1.4360966e-08,1.5960748e-17,2.0738106e-14,2.4339374e-13,3.7324102e-16
2019-09-03,4.33373e-34,1.3952435e-11,7.3685136e-21,1.4348482e-19,2.40618e-11,3.1635188e-09
2023-06-20,6.395573e-30,3.0209661e-09,1.1480722e-08,3.263697e-09,2.733587e-16,0.18296579
2024-08-29,3.584952e-22,1.2588253e-05,4.209487e-13,1.6181311e-11,1.2630912e-12,4.121723e-11
2019-07-04,8.20554e-21,1.6799205e-09,7.976214e-11,7.820438e-21,8.81718e-08,0.12920582
2020-03-03,1.6159334e-13,0.999726,4.569374e-05,0.99999976,0.9999908,1.0
2020-09-04,5.2698027e-34,5.226513e-10,1.7194237e-21,2.8113887e-14,1.479399e-11,8.340343e-13
2021-09-18,1.3170983e-33,6.464172e-13,6.8189414e-23,2.1774861e-16,4.637662e-11,8.3284524e-13
2020-10-20,1.0192019e-23,5.108661e-07,2.92642e-23,1.0075548e-15,0.9391358,1.8233231e-14
2019-11-03,1.1795247e-15,1.7680365e-12,1.2257485e-16,2.7554553e-14,1.0,0.0009825957
2023-07-12,4.359307e-22,0.00040204576,6.473987e-11,8.50732e-10,1.1549062e-13,1.4105873e-10
2021-02-10,8.000837e-11,0.99990284,6.1799496e-11,1.0,1.0,0.99912935
2022-06-11,3.4738575e-23,3.9523773e-15,1.6532306e-15,1.7260374e-18,0.011455737,0.9998462
2023-09-06,7.1245116e-26,2.2120332e-09,1.8458609e-22,1.4661031e-12,1.4514873e-12,1.1642235e-14
2024-04-27,6.259393e-08,0.9746174,0.9999989,1.4186141e-05,1.0,1.0
2021-12-12,0.9915358,0.03951016,0.021778855,0.99976856,1.0,1.0
2021-12-16,0.9999652,0.34921557,0.9618447,0.99919564,1.0,1.0
2020-07-13,4.607838e-24,1.0356977e-09,2.9706391e-12,5.911952e-14,1.0158248e-12,1.1931533e-07
2019-05-28,1.8906327e-26,0.8310132,2.7734055e-09,2.1099041e-16,1.4147107e-06,1.0
2019-10-14,1.451149e-24,6.732476e-10,1.1606105e-20,2.303632e-13,0.98646,2.0422776e-11
2023-03-23,1.6781613e-18,0.999627,0.04284585,0.99609,1.3727438e-05,1.0
2021-01-10,8.861265e-09,0.99999964,1.5947073e-07,0.99999976,1.0,1.0
2024-08-20,1.10953926e-26,2.2545281e-07,7.6256126e-16,3.1562995e-06,4.2561957e-11,1.0698595e-12
2021-08-16,1.2546896e-27,1.0970411e-06,1.9530233e-18,1.6900874e-15,3.191613e-11,1.1081487e-13
2021-08-15,1.4244379e-33,1.8190337e-10,1.8120547e-19,1.9011173e-13,6.1091453e-13,8.185679e-12
2023-03-12,1.8939856e-15,0.08920634,0.041233122,1.0,0.99997115,1.0
2024-02-03,7.112078e-10,0.99999976,5.6397203e-06,0.71838933,0.991295,1.0
2024-01-04,0.99994075,0.8957426,0.00017557472,0.99999917,1.0,0.9999988
2019-12-17,0.99980384,0.999987,0.9999442,0.99716717,1.0,1.0
2024-06-07,1.0850766e-21,2.852136e-09,1.1682476e-10,4.2546963e-14,0.9327794,1.0
2019-08-14,7.9491047e-22,2.2273402e-11,1.6528997e-11,2.0020096e-14,2.9350733e-06,1.0562811e-07
2020-12-07,0.9771442,0.99999607,1.9135938e-07,0.99851984,1.0,1.0
2019-11-16,0.8113002,0.0003207805,5.5843886e-14,0.00089746376,1.0,0.026478678
2022-09-02,1.0175217e-27,7.1283294e-15,3.9796333e-18,1.4832626e-17,2.7773782e-11,4.1838985e-12
2023-10-30,5.1654356e-25,7.533295e-08,6.1492854e-26,6.0846345e-12,0.000602136,2.482322e-16
2024-07-24,8.1124184e-36,1.6379758e-12,1.1138768e-20,1.7581891e-13,2.8286653e-14,2.5641725e-10
2021-09-07,8.871704e-34,7.2742745e-12,1.0162433e-16,3.9461944e-14,4.624323e-15,2.4163716e-11
2023-07-28,2.6587553e-25,6.428378e-10,1.2993996e-14,1.9253478e-13,3.325443e-15,5.4292794e-12
2024-11-04,7.114565e-28,9.056138e-09,4.4328723e-23,1.2408436e-08,6.4182393e-07,1.6729819e-09
2024-04-15,3.1635263e-08,0.9992949,0.9999999,0.00019432689,1.0,1.0
2020-12-14,0.9999652,0.9916443,2.1783439e-05,0.9907107,1.0,0.9999995
2023-04-11,5.9799073e-25,1.0,2.8067848e-07,7.785096e-07,6.3302656e-07,0.9999784
2022-07-16,1.9993802e-29,5.517593e-10,4.4845746e-17,4.2554935e-13,2.3448881e-15,1.8332226e-11
2020-06-29,4.1857094e-20,4.0710877e-14,6.2643016e-12,2.7691352e-16,0.00023180044,0.049338195
2024-12-05,1.0,0.99781907,2.6333422e-05,0.98987037,1.0,0.9999975
2021-04-03,3.5603977e-27,0.99940157,4.946553e-13,4.0077906e-05,4.4977287e-06,0.99999535
2020-03-13,4.129531e-14,0.99916077,7.677915e-06,0.94669193,0.9999995,1.0
2020-02-25,6.594769e-07,0.99402964,3.5604873e-05,1.0,0.9999999,0.9999994
2023-09-20,7.5876933e-22,1.1060758e-05,6.3809385e-19,5.2109606e-12,8.3955426e-11,5.426962e-15
2024-07-09,5.6451876e-32,1.6152225e-12,9.744507e-21,2.917879e-17,1.2241792e-11,0.000112730384
2020-05-26,2.0530355e-13,3.108083e-08,0.9999342,6.896162e-07,0.9999583,1.0
2024-04-16,0.038653433,0.99973446,0.99999905,0.14582174,1.0,1.0
2024-10-11,7.934318e-30,1.4311675e-10,7.765548e-24,1.0766106e-12,1.4280311e-11,1.8133575e-12
2024-06-17,6.56002e-21,6.654633e-15,9.55088e-16,9.5152315e-18,0.022955628,1.0
2022-09-06,1.4973734e-24,1.1664668e-13,3.3863537e-14,1.03354564e-11,2.8989409e-13,1.5265517e-12
2023-01-08,7.071067e-10,1.10512296e-07,3.4400705e-09,1.0,1.0,1.0
2022-08-10,1.0664467e-20,6.166124e-08,3.5291422e-15,3.5206715e-15,2.9961034e-12,4.0859963e-12
2022-09-05,1.3301419e-23,1.2424377e-15,2.4494333e-19,2.7287232e-15,1.071548e-09,2.7880955e-14
2021-03-24,2.5266997e-23,1.0,2.3040617e-10,0.00028310466,1.3145524e-05,0.99999976
2020-05-31,1.8840499e-21,2.3962943e-09,2.9284158e-05,1.6211911e-13,3.235936e-07,1.0
2022-09-30,9.421547e-24,4.561511e-16,4.162701e-27,3.6359147e-12,4.1510233e-05,4.5998864e-11
2023-03-14,4.6042572e-15,0.9714543,0.029883597,1.0,0.9997693,0.9999995
2023-08-10,6.3707914e-28,2.3619976e-13,7.4357454e-21,2.3137537e-11,2.936327e-12,2.2709724e-14
2022-06-03,9.387876e-13,2.4955305e-11,0.9997328,1.8345013e-09,0.98438156,1.0
2022-09-20,1.1308632e-24,1.3720298e-16,2.8991496e-25,1.0544187e-12,6.5159554e-08,1.5074789e-11
2023-10-25,2.4208245e-25,8.4012014e-10,1.5120569e-23,1.4721073e-13,0.039063826,6.3527726e-13
2021-03-12,5.2148352e-09,0.99999964,6.106746e-09,0.9999918,0.9999999,0.9999651
2023-08-27,1.5814663e-20,3.607302e-09,9.5254554e-14,6.8670946e-14,7.296817e-15,4.245022e-12
2019-06-17,2.0002953e-22,1.2746348e-09,4.936086e-15,1.1966387e-21,1.0541875e-08,0.9995154
2024-12-17,1.0,0.99993896,1.1759317e-05,0.9977296,1.0,0.9997806
2024-10-06,1.0796855e-26,1.7689812e-08,1.483846e-24,1.3345522e-10,4.2694515e-10,1.907651e-14
2021-10-19,1.2491048e-23,8.6529625e-15,8.282951e-25,2.7130801e-16,0.0035651806,4.154514e-09
2022-03-23,1.2146085e-26,1.0,3.0657794e-12,1.4732043e-07,3.8542933e-07,0.99883884
2021-05-08,7.55845e-09,0.9999999,0.9999995,0.000109511726,1.0,1.0
2019-11-08,1.96598e-08,0.0001476176,5.958221e-13,4.041445e-12,1.0,6.392208e-06
2020-03-30,3.9124066e-06,1.0,0.9977658,0.9999883,0.99999833,1.0
2023-07-27,1.5749386e-22,1.3591297e-08,9.478552e-14,6.566766e-14,1.7405848e-13,2.0642073e-12
2022-01-14,0.9999994,0.998114,0.9998996,0.9999814,1.0,1.0
2020-06-21,9.8457033e-26,1.8827023e-14,2.4068407e-15,1.2288373e-18,0.011593996,1.0
2022-06-08,7.340802e-19,3.9039285e-13,2.473235e-07,2.0829201e-14,0.0030325253,1.0
2020-02-17,0.00014225065,1.0,0.9923855,0.9997645,1.0,1.0
2024-11-15,7.1553474e-10,0.9999231,4.1379833e-14,2.9668869e-05,0.9988927,1.1752821e-06
2022-04-24,1.4936544e-08,0.91614294,1.0,4.0122115e-05,0.9999993,1.0
2020-06-20,4.4796665e-25,1.0726629e-16,4.575163e-13,7.9816987e-17,0.52903336,1.0
2022-07-08,1.2334793e-30,1.6010464e-11,1.03320255e-19,3.0603762e-15,1.5755745e-12,2.0383648e-09
2022-09-01,1.0252885e-24,5.1857182e-15,7.729461e-17,5.0805593e-19,1.8552142e-11,3.462721e-10
2023-12-31,0.9999999,0.5686459,0.012076719,0.9991247,1.0,0.99999964
2019-05-08,1.3714224e-07,0.9999938,0.99998724,9.334206e-09,0.99998796,1.0
2021-08-26,1.4337492e-33,3.4757364e-10,1.6180389e-18,6.6197433e-15,4.5289044e-09,1.5232732e-06
2020-05-17,2.7506373e-16,0.16379625,0.99996686,1.4553995e-05,0.9999839,1.0
2024-01-13,0.9999999,0.9989838,0.89095986,0.9999503,1.0,1.0
2020-02-08,0.10460668,0.99999976,0.99826896,0.99997675,0.99999976,1.0
2021-06-19,4.7214666e-24,1.2915206e-13,2.0606024e-06,3.4444044e-16,5.3064145e-08,1.0
2022-11-03,2.7042442e-17,1.4235146e-14,6.7808756e-19,3.165225e-14,0.9999907,0.99051595
2023-12-16,0.99999976,0.16737211,5.893961e-06,0.99624604,1.0,0.9998733
2022-08-16,4.3134e-24,2.274652e-11,3.615024e-16,4.8508175e-15,1.2300734e-10,1.2493238e-12
2023-03-13,2.3476704e-16,0.23245339,0.43966115,1.0,0.9793347,1.0
2022-04-25,1.5595134e-08,0.9987954,1.0,5.5808915e-08,0.99999833,1.0
2021-12-05,0.99945766,3.624578e-06,0.0073684477,0.9997855,1.0,1.0
2024-06-20,1.0916747e-27,5.72934e-14,4.1859075e-17,1.15846516e-20,5.74185e-07,0.99999976
2023-01-03,8.12859e-13,2.5068154e-09,1.0026185e-11,1.0,1.0,0.99999464
2019-04-04,3.9817928e-24,1.0,2.7284054e-07,1.22004685e-05,1.4959154e-08,0.9470454
2022-01-12,0.99992967,0.99796534,0.97356105,0.9999937,1.0,1.0
2020-03-22,0.0071231346,0.9999999,0.5603976,0.22085962,1.0,1.0
2020-03-25,5.9803895e-09,1.0,0.99999535,0.9692039,0.99998724,1.0
2024-10-02,2.5312133e-24,8.003119e-09,7.778797e-25,3.8261897e-11,9.245438e-08,2.659658e-14
2022-03-13,7.890906e-17,0.99999976,2.7751869e-14,0.0003917715,0.9784263,0.9326852
2023-06-24,6.3307905e-29,1.1712971e-11,6.672541e-11,1.2211546e-11,3.3883937e-15,0.007658001
2024-07-25,3.8958013e-34,2.89653e-10,5.572798e-19,1.9952791e-16,6.4603016e-13,9.883352e-11
2024-09-11,9.963983e-15,3.0102065e-05,7.817461e-12,1.6058803e-09,1.27138e-07,3.5445663e-10
2023-07-16,1.3125193e-25,2.1841978e-10,3.344333e-16,1.0841686e-13,1.254338e-12,3.3497743e-11
2020-03-23,2.2058395e-13,0.9999999,0.99988925,0.7741962,0.99977547,1.0
2023-06-08,3.2488993e-26,1.511648e-07,0.0005270733,2.1943363e-14,2.177147e-11,1.0
2019-06-01,6.6923056e-31,2.477029e-09,1.13106e-12,2.706229e-22,1.0072249e-10,0.99999774
2020-05-02,1.113713e-09,0.70569956,1.0,0.00094065565,0.9999951,1.0
2024-06-09,1.9194648e-22,1.0768658e-15,3.9697324e-18,4.5523825e-17,0.7540016,0.9999999
2019-11-14,0.0006679508,0.04406571,6.508685e-17,1.5464497e-05,1.0,9.184971e-06
2020-09-13,3.101775e-35,6.530693e-10,1.4882438e-18,5.5519727e-15,8.571162e-11,8.2282653e-10
2023-02-11,2.7620146e-08,3.9729112e-08,0.010902909,1.0,1.0,1.0
2024-12-10,1.0,0.9632532,0.00022160921,0.99381447,1.0,0.9999994
2023-01-16,7.9407505e-12,0.0014336011,1.9688672e-05,1.0,1.0,1.0
2024-12-25,1.0,0.9994881,1.022905e-05,0.98793495,1.0,0.9999832
2020-12-29,0.8124638,0.9999999,0.005664134,0.9999857,1.0,1.0
2024-12-24,0.9999995,0.9994313,7.290688e-05,0.9999721,1.0,0.9999821
2023-05-26,8.917789e-10,1.902518e-05,0.9999418,1.43532225e-05,0.93145776,1.0
2023-11-15,2.876058e-20,2.5132246e-10,9.632665e-22,2.5091951e-11,0.9810626,1.8459382e-11
2019-09-09,7.3571756e-26,7.5078485e-12,1.4615987e-17,1.0611566e-17,3.9282433e-08,1.1827531e-07
2022-09-22,1.6452079e-24,4.7057137e-17,9.6589165e-26,7.956737e-14,6.7783645e-07,3.163781e-11
2022-06-07,1.11519225e-17,5.538903e-10,0.38016638,2.0660163e-11,0.00057703565,1.0
2021-08-04,2.3130536e-32,3.9186577e-07,3.1566945e-21,1.5312347e-16,6.4980456e-12,1.2222108e-10
2022-02-14,0.08888584,0.9999999,0.45312124,0.9999999,1.0,1.0
2019-07-18,1.1096254e-16,2.6430334e-12,3.5345407e-10,3.6973853e-13,5.7211224e-08,1.9494203e-07
2021-08-14,5.4910976e-31,2.766645e-11,3.2629347e-18,7.045165e-14,1.06083714e-13,1.6232524e-12
2024-02-05,1.562342e-05,0.99997914,4.205854e-08,0.9999988,0.9999988,0.9999995
2024-08-21,3.3095456e-24,1.7674694e-09,8.224749e-14,3.4992456e-06,2.358496e-12,6.7375172e-12
2023-06-23,1.5578609e-30,1.4183883e-12,1.9993516e-12,1.4059172e-09,9.329456e-16,3.430701e-05
2021-12-27,1.0,0.96345764,0.999881,0.999164,1.0,1.0
2019-10-11,2.8309642e-18,1.5020044e-09,1.4957721e-20,2.2110807e-12,0.9993381,1.4881999e-12
2020-09-19,1.7846215e-34,9.906637e-12,5.437428e-22,1.2538367e-14,1.9843727e-11,3.988955e-12
2021-05-28,2.1676344e-14,0.0012336017,1.6130594e-05,0.1264782,0.9999999,1.0
2021-04-22,8.2428295e-09,0.9964535,0.99999285,9.7471675e-09,0.9999863,1.0
2023-10-03,1.9705055e-25,2.5322355e-14,6.0701027e-22,4.9919915e-13,4.197839e-12,9.0316926e-17
2024-07-05,4.8715454e-32,2.3857602e-12,3.9830707e-23,3.656744e-16,1.8367875e-09,4.2934503e-06
2022-12-27,9.655753e-10,0.005100273,8.1319875e-09,1.0,1.0,0.99999976
2023-02-14,1.3859062e-09,1.3233065e-09,0.0035207726,0.9999974,1.0,1.0
2020-04-18,7.3526303e-06,0.999086,1.0,6.3890875e-06,0.99999714,1.0
2022-04-21,1.6354217e-09,0.9998654,0.9999999,6.6157895e-07,0.999995,1.0
2022-02-03,0.99995255,0.9999938,0.9999113,0.9999703,1.0,1.0
2021-08-25,2.9230429e-28,1.5328195e-11,3.210874e-20,7.9127675e-15,1.1155505e-05,1.7698964e-07
2021-10-13,4.0053897e-32,1.4165545e-13,6.903608e-24,8.293735e-17,2.469068e-08,1.2357466e-08
2019-10-30,5.1490213e-20,2.0062911e-10,2.008877e-20,2.1543016e-13,1.0,1.5399039e-05
2023-09-13,5.1864793e-19,2.7823087e-06,1.2437769e-12,3.5685615e-13,1.0765582e-14,1.8872712e-11
2023-08-20,1.4866301e-21,2.1313193e-10,1.0353272e-15,2.3335668e-13,1.1805021e-14,1.1295973e-10
2021-05-05,5.8902977e-10,0.9999995,0.9999993,3.4046975e-06,0.9999895,1.0
2019-11-24,9.733813e-06,0.8916821,2.9537603e-10,3.4916006e-08,1.0,0.9670751
2019-06-29,2.78839e-20,4.6146274e-13,2.5164573e-14,2.857846e-22,3.4972638e-09,0.060009893
2021-03-15,1.5955285e-15,0.9999999,1.3435422e-10,0.9999995,0.9722515,0.99999774
2023-11-13,3.6248228e-19,2.6370022e-11,4.9514983e-21,1.4429991e-12,0.96645063,6.910112e-14
2023-11-09,4.472222e-25,1.7928544e-11,8.4685426e-26,3.7285523e-13,0.0010030756,1.1786029e-11
2021-06-13,2.1449557e-22,4.4078194e-10,2.4037272e-10,6.339068e-14,0.05191883,1.0
2020-07-06,1.8804191e-26,9.603989e-11,2.965651e-16,4.6871913e-16,3.34846e-10,2.4644565e-05
2022-01-19,0.99999774,0.9994869,0.9991642,0.9999814,1.0,1.0
2024-03-11,2.415025e-31,0.002971968,6.273595e-15,6.5658082e-12,1.4832092e-09,0.08280709
2022-07-02,2.6441188e-26,7.7384856e-14,1.01034083e-16,2.4600934e-16,8.342001e-12,3.4500934e-07
2019-12-26,0.99991715,0.9990963,0.9999441,0.9852727,1.0,1.0
2024-03-16,6.3929646e-22,0.99134374,3.294747e-07,0.00032312085,0.1255217,1.0
2023-12-17,0.9999999,0.53212714,0.0002941478,0.99997985,1.0,0.9999995
2021-04-02,4.653321e-25,0.99999976,3.4822879e-06,1.6198062e-13,3.1378792e-11,0.99993575
2023-05-12,6.995282e-08,0.18241584,0.99999654,0.0008148899,0.99956805,1.0
2022-12-30,0.02351692,0.00055679004,0.0039460366,1.0,1.0,1.0
2024-08-11,3.8464285e-30,1.0849844e-08,3.2865928e-12,3.6990393e-11,3.4515847e-13,4.6836585e-10
2024-08-25,7.173755e-21,1.8265249e-07,1.1348324e-13,1.6276441e-10,1.1650367e-10,1.8121957e-12
2020-08-01,2.8156165e-26,9.835371e-09,4.4800205e-12,7.1168857e-09,5.2618784e-15,1.1788732e-10
2024-04-23,3.3621956e-05,0.9999995,0.9999919,0.052740816,1.0,1.0
2022-01-16,1.0,0.99868363,0.9995197,0.99996126,1.0,1.0
2023-09-21,2.7720544e-22,2.4924884e-05,2.1636125e-20,9.212069e-11,1.0421512e-10,2.8102774e-15
2022-09-29,3.6293537e-23,2.5267387e-15,3.9378945e-25,8.800429e-12,3.9570006e-07,1.11696785e-13
2021-12-10,0.9996463,0.07137073,0.014050437,0.9999162,1.0,1.0
2019-09-16,6.16471e-28,1.847016e-11,1.7660425e-22,8.271145e-13,5.830735e-08,1.4889732e-11
2024-01-31,0.25101945,0.99999344,4.761369e-06,0.9999763,1.0,1.0
2024-05-19,3.574131e-18,6.3490426e-09,8.3585314e-07,1.7117244e-06,0.99997914,1.0
2019-12-22,0.9977381,0.99014497,0.9281171,0.96747535,1.0,1.0
2024-07-12,1.1043543e-33,7.751426e-14,1.6604696e-20,4.786992e-16,1.3752902e-11,3.355565e-06
2023-09-07,1.1320594e-23,3.1531755e-09,9.495977e-18,1.6199337e-12,6.45338e-13,3.333033e-14
2023-07-02,4.2584203e-30,7.908713e-14,2.1740426e-15,6.16343e-16,3.6364902e-12,0.00015342335
2020-01-22,0.997494,0.9999466,0.9999995,0.9996724,1.0,1.0
2019-07-08,1.8988966e-16,5.622044e-09,4.6345985e-09,8.006975e-18,3.940881e-08,0.00041903066
2023-12-21,0.9999999,0.58943325,6.1270657e-06,0.9946955,1.0,0.99999976
2021-11-14,2.3406224e-10,4.149028e-12,2.5857298e-16,1.2863476e-10,1.0,0.9982784
2020-07-09,1.2163532e-24,2.2291921e-08,3.1146357e-15,1.3924984e-13,6.1574124e-13,3.0868087e-08
2021-02-23,3.7023165e-10,1.0,1.3411575e-08,0.9995097,1.0,0.99999845
2019-04-07,1.5581088e-17,1.0,0.007802042,8.296593e-05,4.565134e-06,0.9999999
2023-10-07,7.500845e-28,1.3114889e-13,2.3066977e-27,5.4680743e-12,4.0279355e-10,6.5158925e-16
2019-05-25,3.1592708e-22,0.9999932,4.6211257e-10,4.0793757e-13,0.023805456,1.0
2022-05-04,7.1703316e-06,0.9997342,1.0,2.796573e-05,0.99999976,1.0
2023-02-06,5.2800065e-06,2.0860789e-05,0.0011622915,1.0,1.0,1.0
2020-09-25,2.7612298e-27,4.6093436e-07,1.4397128e-17,2.1185653e-13,4.873728e-10,3.015215e-13
2023-07-31,3.188314e-23,3.555271e-10,1.6201423e-14,5.6842816e-12,4.869669e-13,2.4043175e-11
2024-03-29,9.247351e-10,0.99999917,0.9999213,0.009390931,0.9999857,1.0
2019-08-19,3.819525e-30,7.995291e-13,1.304267e-13,1.4786621e-12,6.125804e-14,5.9547438e-05
2023-10-16,8.894435e-28,4.0662507e-15,2.6309425e-23,6.493307e-14,3.3271728e-09,9.297796e-13
2019-06-06,6.1019077e-30,1.3397218e-10,3.9069286e-14,3.0871532e-14,3.9968985e-08,0.99999976
2023-02-04,8.123426e-10,1.5387066e-08,3.689585e-05,1.0,1.0,1.0
2022-08-26,1.0423883e-24,1.1690014e-13,7.119308e-15,8.0222294e-11,4.2283132e-11,5.1329486e-13
2019-10-20,2.2040632e-22,1.8937701e-10,7.9572474e-19,1.6804434e-16,0.9999511,5.3805385e-12
2024-11-19,0.00018995635,0.0007507517,7.426611e-15,1.9337942e-05,1.0,2.6604926e-05
2020-03-18,2.556659e-08,0.9999789,0.9999999,2.1259518e-06,0.99999905,1.0
2023-10-05,1.7743125e-24,1.0558681e-15,1.1437876e-24,1.1680331e-11,1.711218e-10,3.8394778e-16
2020-02-14,1.1141481e-05,0.99999976,0.98038024,0.99977905,0.9999993,1.0
2021-04-12,5.700341e-19,0.99999595,1.3903868e-08,2.2459997e-11,7.358053e-06,0.9990349
2023-07-19,6.744264e-13,0.0041009476,0.010011358,0.0026290307,3.7139262e-08,4.194933e-05
2023-02-08,1.8291461e-06,1.6664244e-06,0.019558579,1.0,1.0,1.0
2021-06-30,2.1167502e-22,3.614583e-12,0.0011588114,1.9503293e-17,2.9145613e-07,1.0
2020-02-18,3.8154286e-07,1.0,0.999879,0.9998597,0.99999774,1.0
2021-11-06,1.4060119e-19,7.123926e-15,2.6740095e-20,6.4401063e-15,0.9999995,0.045614418
2019-03-29,3.401979e-23,0.9999999,5.119568e-11,2.7579463e-06,4.7816338e-09,0.08490382
2023-05-01,9.0363377e-11,0.99986064,0.9999999,6.8566574e-06,0.9999863,1.0
2021-08-08,5.55507e-36,4.33822e-12,9.510703e-24,4.9819793e-15,1.5911395e-12,2.9841168e-11
2023-12-05,1.0,0.6269971,0.026913803,0.99856913,1.0,0.9999987
2020-08-31,1.5640722e-29,3.731305e-06,1.0826925e-18,2.7488413e-14,2.8593847e-10,4.4713877e-13
2020-08-21,1.5461082e-16,9.5015364e-11,2.1035276e-12,1.9028035e-10,7.769741e-09,1.1311275e-11
2022-02-22,0.028640887,0.99999976,0.00012442583,1.0,0.9999999,0.99968505
2020-01-29,0.9832455,0.99999726,0.9999989,0.9999908,0.9999999,1.0
2020-12-30,0.00011042263,0.9999988,1.3922756e-06,0.9999999,1.0,0.9999999
2023-03-27,2.0567113e-21,0.9999465,0.00033467176,0.99999917,0.0017639599,1.0
2020-08-24,3.2347156e-18,1.0103507e-06,1.5997018e-09,2.233906e-10,2.997341e-10,2.4508338e-09
2020-03-02,2.630569e-17,0.9999511,6.3534935e-06,0.99081814,0.9985398,0.99999976
2020-09-06,3.6062135e-36,4.0064315e-08,2.019565e-20,1.0810269e-15,1.9964832e-11,7.5462414e-11
2024-07-17,8.423645e-37,1.2802455e-10,9.9991204e-24,1.0402367e-14,3.5660572e-13,2.4634368e-12
2023-10-18,4.53012e-25,4.8810372e-11,2.6171148e-26,3.1469372e-10,2.8202699e-08,8.831911e-15
2024-04-28,8.1998263e-07,0.9976533,0.9999951,3.477289e-05,1.0,1.0
2022-04-02,2.6509785e-17,1.0,1.1682132e-08,0.23207824,0.003704978,1.0
2022-03-08,2.4429872e-10,0.9928625,9.004926e-10,1.0,0.9999695,0.9995078
2023-06-14,4.7900256e-23,1.058734e-05,2.995647e-07,1.7091595e-14,1.3611451e-12,0.9577658
2024-11-16,2.2189168e-09,0.99901783,1.9711693e-15,3.3243476e-05,0.99999964,0.00015537877
2020-09-14,1.5994332e-32,5.3433325e-12,3.388933e-17,7.521639e-15,1.5276827e-11,4.292563e-08
2024-12-08,1.0,0.9996208,2.177509e-06,0.9856936,1.0,0.9999559
2022-08-01,2.819014e-10,5.6775944e-09,3.6046225e-11,2.5789863e-13,1.9555502e-07,1.1221895e-08
2021-02-28,4.6427354e-10,0.99993265,7.451027e-12,0.99999917,1.0,0.9999957
2023-12-10,0.9999993,0.54332876,1.3619e-05,0.99982065,1.0,0.999908
2020-05-10,1.4647743e-10,0.02218128,1.0,5.364776e-06,0.9999032,1.0
2019-09-23,2.7330727e-26,4.2106997e-13,3.610851e-22,2.531068e-17,0.00013611706,1.4222549e-07
2022-01-29,0.9908738,0.99999666,0.9814212,0.99999034,1.0,1.0
2021-03-13,3.6681097e-12,1.0,2.6511522e-08,0.9999976,0.9099059,1.0
2020-12-18,0.4826889,0.99999905,0.0009473072,0.99808645,1.0,0.99999905
2021-09-20,2.3022437e-32,2.2407892e-10,1.0790942e-23,1.3957386e-15,1.4135601e-11,3.2072684e-13
2022-11-14,8.6186986e-08,6.661151e-14,3.9561178e-15,7.667688e-09,1.0,0.99999905
2022-06-20,1.1883775e-29,6.49497e-13,1.3180553e-15,1.909646e-14,1.5768716e-14,0.12408276
2022-04-03,1.1825781e-17,1.0,1.9906503e-07,0.048007287,0.00016009973,0.9999913
2024-08-18,4.5189614e-29,8.8412094e-07,4.142475e-11,6.6991746e-13,1.527542e-12,4.667873e-10
2022-11-04,4.2345573e-16,4.3340813e-17,2.5259375e-16,3.058034e-13,0.9999999,0.8709516
2023-09-12,4.3215985e-18,1.5551711e-07,1.1088208e-17,1.0140626e-13,9.577478e-12,5.549831e-16
2021-01-31,4.3592817e-11,0.99999607,2.2822997e-08,1.0,1.0,0.99999964
2021-09-26,5.1446604e-36,7.895609e-12,3.53384e-25,4.3091594e-15,3.5061835e-11,2.915664e-14
2021-01-15,6.837362e-05,0.999948,1.8437422e-05,0.99999976,1.0,1.0
2022-11-12,1.7337603e-08,2.418591e-10,4.0209785e-15,2.2139304e-11,1.0,1.0
2023-01-14,9.327705e-10,1.2842207e-06,7.928566e-07,1.0,1.0,1.0
2024-07-16,5.567568e-35,9.664828e-12,8.370556e-25,1.176308e-14,2.3155271e-12,7.238183e-11
2019-03-26,6.610866e-21,0.9999999,9.40711e-09,9.759481e-05,1.290775e-06,0.9984174
2024-03-24,1.9336946e-13,1.0,6.824327e-06,0.50899965,0.6886799,0.99999964
2024-06-13,1.9996675e-24,4.852e-16,1.3925213e-22,1.148378e-17,0.9826685,0.9999677
2020-12-19,0.97011495,0.9999901,3.7985023e-06,0.9921703,1.0,1.0
2021-09-29,1.2163838e-27,3.4110457e-14,6.907605e-26,8.970613e-16,1.0974942e-10,9.886442e-15
2019-08-29,2.0262121e-32,1.6228262e-11,3.591981e-11,2.073893e-11,2.1256506e-15,2.1531549e-05
2022-02-15,0.95213693,0.9999857,0.9911368,0.9999999,0.9999999,1.0
2023-09-18,1.1546392e-29,1.423447e-10,3.0826954e-16,2.1497802e-15,1.2620557e-12,9.792491e-12
2024-01-24,0.9999989,0.99933726,0.78936994,0.99999034,1.0,1.0
2019-11-23,0.00017686635,0.28629863,1.6246247e-12,4.5674856e-06,1.0,0.019029774
2023-04-06,2.4773556e-16,0.9999993,0.15890718,0.00037395174,0.00012076751,1.0
2019-04-28,9.393366e-11,0.9999981,0.99999213,5.1482457e-06,0.9994067,1.0
2021-07-23,5.800067e-38,9.806812e-15,1.9327428e-21,6.136899e-15,3.0744016e-14,7.1582176e-06
2024-05-28,2.374592e-16,3.656226e-06,2.0652747e-05,5.1168545e-11,0.9999745,1.0
2020-08-18,4.0168043e-17,3.3618492e-09,1.9178967e-09,3.1090913e-08,6.857083e-10,1.4471121e-07
2024-11-08,8.618198e-25,0.9900018,1.7156114e-20,8.7707275e-10,4.4786884e-07,1.7295211e-10
2021-05-18,1.0454277e-07,0.999871,0.9999758,0.29320648,0.99998784,1.0
2021-10-14,2.7463755e-27,1.061627e-12,7.7549586e-22,5.794069e-17,9.086493e-05,1.2202738e-06
2021-03-16,1.2543152e-14,0.99998486,1.0480976e-10,0.9999999,0.9583237,0.99999964
2021-11-27,0.845782,1.7643735e-06,2.68907e-10,0.20729187,1.0,1.0
2020-03-14,9.789088e-09,0.9999883,0.9992336,0.22430822,1.0,1.0
2020-03-26,3.159502e-13,0.99999964,0.9998685,0.4143747,0.99603146,1.0
2023-07-22,7.133921e-26,3.8654758e-08,2.5669345e-12,4.7473867e-15,1.1978031e-14,3.4661798e-12
2019-09-29,1.1036966e-19,7.015698e-12,1.4643113e-24,3.717989e-11,0.102618866,2.1724761e-11
2020-05-01,1.15037264e-10,0.055532612,1.0,0.0002401201,0.99958974,1.0
2020-06-13,1.8923725e-25,4.224168e-12,5.4975965e-07,3.0407493e-12,0.00011497261,1.0
2023-04-26,1.1065732e-09,0.9998807,1.0,2.9575804e-07,0.9999639,1.0
2021-04-16,1.3450055e-15,0.99999285,0.0039747325,9.600779e-12,1.6291344e-05,0.9999994
2021-03-05,1.2649108e-13,0.99999976,1.1516685e-05,0.99999726,0.9999845,0.9999925
2024-11-21,0.93459815,0.936244,1.9096388e-10,0.0001983619,1.0,0.8029397
2021-12-18,1.0,0.8389141,0.99692184,0.99604756,1.0,1.0
2024-11-10,1.1694455e-20,0.99998283,3.3382463e-20,5.5933095e-11,0.00079848,3.5219112e-09
2021-06-02,6.5045e-14,1.1766241e-07,0.000106634165,1.4733504e-07,0.99999464,1.0
2023-01-13,5.4768217e-12,1.5775247e-05,5.009525e-12,1.0,1.0,0.99999845
2023-12-29,0.9999995,0.9916707,0.0009491302,0.99994886,1.0,0.9999999
2019-05-10,3.39582e-08,0.9993019,0.99524873,2.666381e-08,0.9999881,1.0
2021-03-01,1.6152166e-08,0.99999976,2.7275048e-08,0.99999845,1.0,0.9999995
2023-11-23,4.6707493e-10,2.3373598e-11,9.201979e-13,6.0939467e-09,0.9999989,0.0038907102
2021-07-02,1.4994443e-29,1.2353195e-09,4.059476e-16,4.8039103e-17,1.7186046e-09,0.13336164
2019-06-27,1.7680372e-30,4.6945087e-13,4.89375e-16,1.3495962e-21,2.2745837e-10,0.0018888876
2021-03-29,2.9468516e-24,1.0,1.9117152e-11,3.435507e-05,1.743732e-09,0.9974044
2020-07-29,4.772562e-19,9.247482e-07,4.4057476e-08,3.1008238e-08,2.5303946e-11,2.2856934e-08
2019-07-29,1.0843659e-19,5.4823507e-12,3.132669e-12,1.491347e-14,2.1352917e-09,3.7983757e-08
2022-03-19,2.9300717e-16,1.0,2.0316031e-13,0.022005137,0.013740639,0.28733602
2023-01-26,4.1951835e-15,1.9597258e-06,0.009371083,0.99999976,1.0,1.0
2022-02-18,0.99929607,0.9999962,0.06248695,0.9999999,1.0,0.9999999
2019-12-23,0.99818534,0.9999076,0.9999808,0.98899835,1.0,1.0
2020-12-20,0.99879056,0.9999734,4.5382978e-07,0.9975439,1.0,0.9999876
2021-10-06,9.306325e-29,1.1262527e-16,4.240891e-25,1.703239e-15,1.1278673e-06,2.3044166e-11
2021-08-21,5.5902476e-15,2.1773451e-12,2.9341754e-17,1.0539246e-07,0.9791531,2.0934647e-05
2021-07-26,3.1785034e-37,2.2205616e-11,3.947554e-23,2.3596377e-17,6.3669404e-13,2.7204945e-09
2023-03-03,1.214436e-13,0.0005023334,0.041691575,0.9999999,0.9999987,1.0
2024-06-06,1.1936044e-18,3.4676464e-09,1.5472055e-16,1.4978866e-14,0.99271834,1.0
2022-05-29,1.1698239e-14,1.4055579e-09,0.996986,8.894724e-09,0.9956008,1.0
2024-09-05,1.349969e-18,1.14161485e-05,1.4662912e-15,9.70807e-10,5.1399687e-11,2.249249e-15
2024-12-29,1.0,0.99986327,0.01827803,0.99563307,1.0,0.9999999
2023-09-10,4.0027524e-22,1.4815984e-08,7.175521e-17,5.909187e-15,4.004945e-14,1.4919578e-15
2019-12-29,0.9997969,0.99985814,0.9999989,0.9384779,1.0,1.0
2021-11-29,0.9979845,3.9419974e-06,0.0014895003,0.99971,1.0,1.0
2020-08-05,1.4128972e-22,1.6709838e-11,1.136979e-10,7.212891e-12,4.0715886e-12,1.1302195e-07
2020-05-07,2.3244171e-12,0.091934405,1.0,6.575451e-05,0.9999926,1.0
2023-04-15,5.139194e-11,0.96355194,0.9999999,3.862968e-09,0.98849994,1.0
2023-10-04,5.23786e-25,5.699329e-12,2.5286305e-21,5.3143856e-07,5.790613e-09,1.3557349e-16
2020-10-28,1.8552353e-15,2.1311405e-06,2.5103103e-15,2.3030332e-18,0.9999379,2.712328e-10
2022-07-31,6.56976e-14,3.7768185e-08,3.7540566e-09,4.498406e-15,5.80953e-09,9.556357e-06
2023-06-04,5.150618e-33,8.567272e-11,3.1787997e-07,1.4256891e-13,7.144525e-12,0.9999938
2024-10-18,3.822861e-31,6.471564e-07,2.053953e-27,4.4570172e-12,1.2554077e-06,9.531254e-14
2020-03-04,4.255771e-16,0.98540455,8.514602e-06,0.9999908,0.99999774,1.0
2020-03-24,5.8980966e-11,1.0,0.7395172,0.9806234,0.999946,1.0
2021-01-13,2.3745106e-05,0.999998,9.855314e-07,0.9999925,1.0,1.0
2021-03-07,6.1712545e-12,0.99997914,1.8018274e-06,0.9999999,0.9999678,0.9999999
2022-09-21,1.5895736e-24,1.7714253e-16,7.250028e-25,1.3716532e-12,1.1916791e-08,5.152923e-12
2021-10-09,2.1202166e-30,6.6050505e-11,1.4652004e-23,4.9827917e-17,1.6578564e-05,1.3439082e-11
2019-05-11,3.2559992e-09,0.9579723,0.999998,4.3110555e-09,0.9964001,1.0
2024-07-14,2.5456174e-35,2.9543235e-10,1.905871e-23,6.4464726e-15,2.9903712e-12,8.192621e-10
2019-05-30,1.5621213e-23,2.5828434e-05,6.643892e-11,2.1101098e-12,0.003452923,0.9999999
2022-07-11,5.3556196e-30,4.854782e-10,1.3849816e-16,1.7174926e-14,2.5867772e-15,7.010278e-09
2023-07-06,4.648916e-27,1.3692636e-09,1.2821926e-11,2.9551464e-10,8.592329e-14,0.0011106372
2021-09-15,6.441577e-31,1.8025307e-11,2.6703804e-20,2.5711446e-15,6.64124e-12,1.2357205e-12
2020-02-05,0.01177155,0.99999905,0.99979013,0.9999989,0.9999999,1.0
2023-02-28,1.3029592e-13,0.0002920907,0.00045754464,1.0,0.99991405,0.9998771
2023-02-01,4.4624207e-11,1.5090561e-10,1.7073786e-05,0.99999785,1.0,1.0
2022-06-10,7.0969595e-24,1.741846e-14,7.08219e-10,2.0536199e-16,2.5182137e-06,1.0
2021-06-04,6.0510814e-20,2.6118502e-10,5.249445e-06,1.7960094e-08,0.9997286,1.0
2021-02-19,1.783231e-14,0.99998915,1.977583e-11,0.99999976,1.0,0.99860555
2024-06-14,7.533698e-23,6.1712678e-15,7.2351384e-17,4.5103593e-14,0.07448093,1.0
2021-03-06,1.717478e-12,0.9979755,4.8792856e-08,0.9999989,1.0,1.0
2021-04-23,2.7526676e-13,0.9999993,0.9976882,5.8908755e-12,0.9990157,1.0
2020-11-23,0.00033013854,0.9997851,1.3337136e-16,2.7912546e-07,1.0,3.2842596e-05
2024-05-11,5.72128e-18,1.1898665e-08,0.00027014696,2.5578564e-10,1.0,1.0
2020-10-06,5.196085e-26,2.8235482e-07,6.0066003e-21,2.9447012e-19,4.29826e-06,2.1565464e-13
2023-09-27,4.7321567e-25,4.159187e-15,1.04761555e-22,9.904043e-13,1.6241213e-10,2.69544e-16
2019-09-02,1.0770399e-27,6.509384e-12,7.1123166e-19,5.848406e-14,1.9957001e-10,8.738083e-10
2024-12-18,1.0,0.9995096,0.00074932864,0.99946004,1.0,0.9999995
2024-01-21,0.99999774,0.9988733,0.00019835815,0.9997392,1.0,1.0
2021-11-13,1.518677e-14,2.7403227e-15,1.2757845e-14,1.3900657e-12,1.0,0.9975085
2023-02-13,1.1050382e-08,3.8616554e-06,0.0859823,0.9999993,1.0,1.0
2022-12-31,4.0505274e-06,2.8760978e-06,1.6978995e-05,0.99999976,1.0,1.0
2023-03-01,7.72399e-14,1.996305e-05,0.2146133,0.99999976,0.99999964,1.0
2022-12-05,0.01281448,3.923846e-09,2.947031e-09,0.9955096,1.0,1.0
2019-10-22,3.9256617e-22,1.7060941e-11,1.9451116e-19,2.620222e-18,0.99980456,2.3205197e-07
2020-06-02,1.7037957e-25,9.920661e-13,8.293097e-05,1.705214e-13,6.9984715e-08,1.0
2024-03-21,5.7527475e-19,0.9995389,0.0010686172,1.9237417e-07,0.8233988,1.0
2020-10-04,2.744368e-25,5.318746e-08,1.5023564e-17,2.6277996e-18,1.337727e-07,9.463436e-13
2023-01-22,2.866842e-15,1.5945672e-07,0.00030180352,1.0,0.99999917,1.0
2021-01-07,4.4415814e-05,0.9999999,1.0494549e-06,0.9999833,1.0,0.99991953
2021-08-18,1.8836814e-23,5.1011116e-13,1.9104801e-14,4.243415e-14,0.00091364514,6.701193e-05
2020-02-20,0.001762045,0.9999995,0.752697,0.9999864,0.9999999,1.0
2021-05-01,3.494017e-09,0.9999964,0.9999957,1.025356e-07,0.9999938,1.0
2021-09-24,2.2089967e-36,4.4208985e-12,8.379601e-24,2.846812e-15,1.2040009e-11,2.2221511e-14
2024-05-25,1.6263878e-17,3.611345e-08,5.8215603e-05,2.2144245e-11,0.9996184,1.0
2024-02-25,7.2755465e-32,0.00014598377,1.2718016e-19,2.3784653e-05,1.5293585e-08,0.1584664
2023-08-30,3.761531e-21,4.187731e-08,2.7603605e-16,9.339311e-14,7.7604876e-12,1.3246067e-13
2023-03-06,4.8569862e-14,0.004237084,2.0862977e-05,1.0,0.99999833,0.9999976
2024-07-21,1.08754694e-35,7.587675e-08,1.6205848e-17,1.6893187e-17,2.2797595e-15,3.274014e-10
2024-12-19,1.0,0.99969494,2.8830675e-06,0.99097204,1.0,0.9999354
2021-01-24,2.233005e-08,0.99996054,1.0277364e-06,1.0,1.0,1.0
2019-11-30,0.89368623,0.99947435,0.96710336,0.019108193,1.0,1.0
2020-03-09,7.231848e-19,0.9300141,0.0007107195,0.99998474,0.9998642,1.0
2019-08-16,1.7911399e-21,2.8300048e-13,1.2890122e-14,1.952724e-12,2.0373387e-09,5.1126914e-10
2020-01-02,0.98712605,0.9999,0.9999999,0.99581736,1.0,1.0
2021-10-20,6.8057365e-24,2.4151147e-14,1.4977382e-25,1.7312938e-17,9.696689e-06,1.6713792e-11
2020-08-08,2.391169e-26,1.0163331e-11,1.0352968e-13,4.0311463e-11,1.0614726e-13,8.1853385e-11
2024-01-15,1.0,0.99969304,0.2790742,0.9999933,1.0,1.0
2019-04-20,1.9254187e-06,0.99999785,0.9999995,9.70831e-06,0.9999994,1.0
2019-11-26,0.00015957803,0.99561656,6.2750763e-07,6.139012e-05,1.0,0.5834908
2023-08-03,5.787808e-28,5.912528e-10,6.130438e-16,6.4933156e-15,2.5152542e-13,3.134885e-13
2021-07-07,1.028124e-24,5.8366606e-10,4.1392124e-15,3.4026408e-12,0.00027205655,0.27065074
2022-03-15,5.3146068e-24,0.99999964,3.0896093e-14,7.6290625e-08,6.948757e-05,0.99862516
2022-04-22,1.0492548e-08,0.9992466,1.0,9.1262274e-07,0.9999883,1.0
2024-07-07,1.3013578e-31,3.7467723e-14,8.1076454e-23,3.4475296e-18,1.0993678e-09,0.0005174401
2023-10-01,6.460151e-25,8.3415154e-14,9.030656e-25,2.4159266e-13,2.3512942e-10,1.0606918e-16
2023-08-17,5.4274383e-30,6.1257666e-11,3.965663e-17,1.6767471e-14,5.4641635e-16,9.0503126e-14
2023-12-28,1.0,0.9931161,0.0012901514,0.9999784,1.0,1.0
2024-01-28,0.9999254,0.999894,0.08992068,0.99997747,1.0,1.0
2020-10-22,7.182425e-24,1.6415201e-07,7.8930827e-22,7.014211e-20,0.1652958,3.369795e-10
2024-05-09,7.867242e-12,3.537932e-05,0.94703543,1.8069379e-06,1.0,1.0
2022-12-20,0.0009026207,5.7698617e-05,5.0687765e-09,1.0,1.0,0.9999492
2019-04-17,3.1501648e-12,1.0,0.99998033,3.475313e-05,0.9838574,1.0
2021-01-05,1.0757271e-06,0.9999975,2.0300828e-07,0.9999999,1.0,0.999998
2023-11-03,4.41943e-24,2.3699627e-09,3.3242577e-26,2.89304e-14,0.43600613,2.4256877e-13
2024-07-20,2.4428348e-35,2.5812854e-12,8.940249e-22,6.5136774e-17,2.3275778e-14,3.4606493e-09
2022-01-18,0.9999944,0.9999473,0.99885,0.9999889,1.0,1.0
2023-11-14,6.626356e-17,1.0872304e-11,2.3993334e-22,7.7657776e-11,0.9999734,2.787484e-10
2019-06-28,1.008431e-31,2.5163194e-13,1.2661211e-15,1.8330849e-20,9.808973e-13,0.006234437
2022-06-23,1.3704686e-27,1.1147827e-08,1.7537814e-17,1.3713346e-15,9.105826e-14,2.0036055e-07
2024-11-27,0.9999999,0.63772106,1.0658518e-07,0.017084181,1.0,0.99622226
2019-05-23,1.3910375e-18,0.9999449,4.3560735e-11,3.1071597e-15,0.59922266,0.9999993
2020-02-09,1.4352716e-05,1.0,0.99980384,0.99843067,1.0,1.0
2020-11-18,4.0106155e-11,0.015519472,6.511882e-19,7.823745e-11,1.0,1.5016263e-06
2021-01-29,2.7236763e-06,0.9997439,1.2148543e-07,0.99999976,1.0,0.9999999
2020-07-25,4.5777884e-25,2.824943e-05,2.0116966e-07,5.027022e-12,6.6710007e-15,1.3053178e-06
2023-03-10,9.8876875e-15,0.09259014,0.0027202684,1.0,0.9999118,1.0
2020-12-09,0.99761033,0.9936086,1.7602353e-10,0.9996669,1.0,0.9992106
2023-06-05,9.7202827e-32,3.1975043e-07,5.7574344e-08,2.9621576e-16,2.8290367e-11,1.0
2023-12-24,0.9999999,0.038439218,0.004023185,0.97777975,1.0,0.9999999
2022-12-02,0.019365631,5.6144376e-07,4.4144145e-14,0.9964101,1.0,0.99999285
2024-05-23,5.5065396e-15,3.8141989e-06,0.003524676,1.7885314e-10,0.9997222,1.0
2023-06-21,9.426735e-29,7.1712024e-12,1.4415101e-09,6.921585e-11,1.0341111e-12,0.67936033
2020-12-17,0.9801517,0.9999751,3.275002e-05,0.9110626,1.0,0.9999993
2019-05-21,8.0666124e-16,0.9999981,9.054946e-09,5.09753e-10,0.9994411,1.0
2019-07-14,1.5305635e-23,5.89896e-12,5.6364223e-12,1.1980051e-20,1.5129599e-08,0.0006239081
2024-07-23,2.7730594e-37,1.3551013e-09,7.152152e-18,1.5014735e-14,7.9295565e-14,8.856338e-11
2021-01-08,5.476433e-09,0.99977404,2.7925803e-06,1.0,1.0,0.9999999
2020-03-20,1.4031671e-11,0.9992461,1.0,1.6588526e-08,0.9996786,1.0
2023-02-02,1.8138274e-09,7.034925e-06,0.00022040012,0.9999993,1.0,1.0
2022-12-14,0.14708713,1.329379e-07,1.1409975e-07,0.99999475,1.0,1.0
2023-11-24,0.9445368,1.9927218e-06,4.452554e-13,0.00096539204,1.0,0.00013508985
2021-07-08,3.5591983e-22,3.0199492e-11,1.4215287e-10,5.346557e-11,0.089188986,0.68718857
2022-03-06,5.9334674e-08,0.9647575,1.1720099e-11,1.0,0.999998,0.999736
2022-09-07,1.8897703e-23,1.2759731e-12,4.0038602e-18,4.874441e-11,6.7770078e-12,1.1730985e-12
2023-09-26,6.2158925e-32,2.7107212e-16,8.499714e-25,1.3357324e-12,5.6576983e-11,4.7489197e-14
2020-09-18,9.557753e-34,1.0653155e-14,9.130919e-22,8.508223e-15,5.6195406e-11,1.0883352e-09
2023-02-07,2.5098672e-07,5.764351e-06,0.0046900157,0.99999964,1.0,1.0
2024-09-04,1.3014538e-21,7.900902e-05,4.559952e-13,2.2742136e-11,4.2750716e-11,7.0599386e-13
2022-03-21,1.01872915e-20,1.0,3.474695e-14,2.8410547e-09,8.480748e-05,0.9998498
2021-03-21,1.1897629e-18,1.0,1.8357874e-11,0.98621327,0.8783114,0.9999989
2022-04-11,3.938391e-07,0.9999987,0.9999999,0.0007572135,0.9999989,1.0
2024-03-20,1.7358106e-17,0.9996507,0.00030553763,2.210095e-07,0.9961027,1.0
2023-03-26,3.4237538e-19,0.9991026,3.9133846e-07,0.0065391622,6.4821415e-06,1.0
2021-10-07,1.8294807e-27,2.5733907e-12,6.535086e-23,4.5737797e-15,0.0003869158,5.802396e-10
2021-09-28,1.2591503e-32,5.43261e-10,1.0796e-24,1.544323e-11,8.1520355e-09,5.2239514e-14
2021-11-25,0.02733698,5.3537256e-06,7.0503876e-07,0.0015687392,1.0,1.0
2023-09-03,1.9312153e-23,3.6405966e-06,8.573306e-18,1.8039727e-10,1.5103447e-12,5.765963e-15
2021-02-06,1.0241807e-12,0.9999862,9.506165e-10,1.0,0.99999845,0.9993882
2023-04-17,4.1601117e-13,0.99306893,0.9999993,1.415446e-07,0.99999857,1.0
2024-05-05,1.9042748e-13,3.952437e-05,0.9999949,1.3881714e-12,0.9999993,1.0
2022-02-06,0.99996305,0.99999297,0.96177155,0.99999213,1.0,1.0
2023-05-19,2.0403989e-07,0.102657855,0.9999994,4.6712985e-06,0.99995124,1.0
2023-05-05,1.0497397e-07,0.9999684,1.0,0.008262606,0.99998915,1.0
2024-02-02,6.1070953e-09,0.9999987,2.5230307e-07,0.9805084,0.9935916,1.0
2022-01-20,0.9999999,0.99614006,0.999652,0.9999608,1.0,1.0
2024-06-08,6.2546022e-21,2.5679775e-12,1.5067171e-11,1.0104113e-14,0.5002494,1.0
2022-03-12,3.7769294e-14,0.99985504,4.58695e-17,0.17520162,0.9975325,0.9978009
2020-03-07,8.2737135e-14,0.00065055606,5.278438e-10,0.8973994,1.0,0.9999989
2023-12-18,0.9999999,0.65072155,4.3500608e-05,0.9992305,1.0,0.9999976
2019-04-14,4.1456373e-18,1.0,0.3108341,3.1272273e-05,0.00016788741,1.0
2022-11-10,1.7643831e-10,1.7685887e-13,1.0240071e-15,3.5637725e-13,1.0,0.99989307
2023-09-30,4.8467905e-28,1.6117327e-12,9.129124e-26,8.131855e-11,1.0955747e-09,3.9545014e-16
2021-04-05,4.3159785e-19,0.9999912,1.9026427e-07,2.4213906e-08,3.951535e-10,0.99920976
2024-07-26,3.0808083e-35,4.671805e-12,7.3031306e-17,8.1859265e-16,1.2161128e-15,5.150351e-11
2021-09-05,1.6792947e-33,1.2566891e-09,4.6723624e-21,6.2570315e-15,1.393035e-13,5.0351307e-12
2021-06-08,2.0002691e-10,3.2493548e-09,0.0012196772,0.00014410094,1.0,1.0
2019-09-18,3.2518472e-28,1.1807094e-10,1.1396512e-22,1.3030213e-13,4.5519084e-08,2.0777255e-11
2021-08-11,1.1136517e-35,6.432299e-11,1.2066323e-20,7.1937783e-16,3.7948464e-13,3.7590954e-08
2024-09-26,1.5484675e-33,1.7565202e-09,4.3302037e-22,3.1374122e-11,2.1848096e-11,1.2795515e-11
2024-01-09,0.99999964,0.9977829,0.048387688,0.9999951,1.0,1.0
2019-12-04,0.99999,0.9995053,0.07916679,0.06750898,1.0,0.9999981
2022-08-17,8.366949e-25,4.720874e-12,7.387171e-14,1.2496271e-11,5.484481e-13,3.855787e-11
2021-01-23,5.536059e-11,0.99999785,3.254399e-08,1.0,1.0,0.99999166
2022-03-22,2.4657217e-23,1.0,1.3441964e-13,1.8860033e-05,1.3732587e-07,0.99331105
2019-07-05,2.3254594e-23,1.5866755e-08,6.742798e-13,3.0247617e-19,7.0910694e-10,0.00082056515
2023-11-18,1.7894312e-15,9.440502e-10,6.4332886e-20,3.4685744e-08,0.999997,2.158598e-11
2020-03-19,1.3264506e-12,0.9957344,0.99999917,1.4737875e-09,0.9990675,1.0
2024-10-31,4.007398e-29,1.839401e-11,9.940237e-26,4.7907377e-12,1.3754121e-09,1.9314285e-12
2023-08-15,1.6808436e-28,1.1562204e-12,2.5123002e-17,4.633157e-13,7.317189e-16,1.4286897e-12
2022-03-05,7.520339e-10,0.9991767,1.1709743e-09,1.0,0.9999423,0.99960476
2023-03-04,8.6198154e-16,0.00095471257,0.0007282634,1.0,0.9994367,0.9999914
2021-09-17,5.053969e-31,2.4015376e-13,8.897178e-22,4.5829594e-18,3.447537e-10,2.9527151e-12
2019-05-17,3.8812912e-13,0.9999994,1.8656442e-06,1.1614722e-12,0.99260336,1.0
2023-08-05,7.3629525e-28,2.7884504e-11,2.273628e-15,7.70821e-11,1.9872558e-14,1.4892457e-11
2021-09-06,6.7632286e-35,3.8858198e-07,3.4361543e-21,3.006443e-15,1.505685e-12,2.7497132e-13
2024-04-25,8.225545e-05,0.99997306,0.9999949,0.0021781859,1.0,1.0
2021-09-02,1.438826e-36,2.53727e-09,3.6563542e-23,2.6622272e-17,4.3373595e-12,3.2812766e-11
2020-12-10,0.99564004,0.999985,6.115511e-09,0.99651766,1.0,0.99991536
2024-04-03,3.7184597e-07,0.99561346,0.99991846,9.179823e-07,1.0,1.0
2021-01-12,5.1768737e-05,0.9999994,6.4616383e-06,0.9998362,1.0,0.99999976
2020-10-23,7.1439597e-29,9.454304e-10,1.02816054e-22,6.736977e-16,0.60898244,2.3328247e-12
2024-08-24,8.6751795e-21,0.00014536675,1.802716e-15,1.9708538e-07,1.3865427e-10,1.8548443e-13
2022-02-16,0.6643619,1.0,0.95515025,1.0,1.0,1.0
2024-03-07,3.4040567e-30,0.0004987122,1.2931277e-17,9.14593e-10,8.6885314e-07,0.00097148307
2019-08-22,2.8599472e-32,2.7043312e-10,4.6736354e-18,1.00745047e-16,3.2791903e-09,5.545819e-09
2024-03-23,2.5949325e-14,0.99999917,0.012795264,0.0078813145,0.95188993,1.0
2021-06-24,2.3219592e-22,9.428952e-13,3.478061e-08,1.51443e-15,3.2090566e-06,1.0
2024-08-03,5.228313e-27,2.1124795e-06,4.634834e-14,1.8797233e-11,4.3294202e-14,1.14883554e-10
2024-06-15,9.816526e-26,4.2708148e-16,2.7827143e-21,1.8473317e-16,0.01664561,0.9999858
2021-12-29,0.9999999,0.97631675,0.9997063,0.9967524,1.0,1.0
2019-06-03,5.119498e-23,6.433501e-11,2.9513344e-13,4.531734e-15,0.0002984136,1.0
2021-02-08,2.2050992e-13,0.99997294,8.0835675e-13,0.9999995,0.9999999,0.98042953
2020-05-04,3.0141114e-09,0.08427995,1.0,0.00022855331,0.99999726,1.0
2019-03-27,1.1415216e-23,1.0,4.134614e-06,1.02250115e-05,1.8816955e-08,0.9999958
2024-01-19,0.999998,0.9951041,0.63026273,0.9998055,1.0,1.0
2019-09-25,2.5293433e-22,1.0525106e-14,4.001411e-21,4.4488124e-16,3.288108e-05,1.5857785e-10
2021-06-05,1.3688917e-18,3.4297695e-10,7.980087e-09,8.973504e-06,0.9999999,1.0
2024-10-14,2.2301244e-26,1.4352976e-07,6.161683e-26,1.8075269e-10,8.056265e-07,3.0251446e-14
2021-12-13,0.9998795,0.0009734835,0.009629577,0.99990344,1.0,1.0
2022-07-28,2.4317905e-19,1.5132182e-10,2.2049187e-09,3.1482729e-12,1.3064476e-10,1.671828e-08
2021-10-02,8.040955e-32,1.5575802e-13,4.2604134e-25,8.821199e-16,1.3935162e-09,5.769746e-12
2019-11-20,0.99124736,0.7016366,3.8776565e-10,9.63713e-05,1.0,0.28895143
2020-10-02,1.4762217e-27,8.019041e-05,1.9949214e-16,9.683204e-16,2.3715183e-09,2.9751473e-12
2019-10-12,3.0386048e-19,6.0125736e-09,3.2267736e-21,1.6461353e-11,0.99767596,1.8628713e-13
2024-12-23,1.0,0.99915373,4.6790383e-06,0.9997136,1.0,0.9999969
2023-07-15,2.104136e-21,2.5284834e-08,1.1893485e-13,1.6317263e-09,2.4216117e-12,3.8365373e-11
2024-04-13,4.617497e-06,0.9995871,1.0,0.00018663977,1.0,1.0
2023-12-02,0.99999976,0.00013769376,3.87637e-06,0.9080107,1.0,0.8105302
2019-06-30,1.9983504e-22,9.849055e-13,4.4847867e-14,4.121688e-24,2.1933795e-09,0.0018219218
2024-11-13,2.8830918e-10,0.99951077,9.943047e-18,1.6074981e-06,0.9520052,7.729017e-06
2023-07-09,2.7841724e-26,1.4969906e-09,2.754846e-10,2.5663008e-10,9.325249e-14,1.9143496e-07
2023-09-23,8.232016e-25,3.0220193e-10,9.88547e-21,2.846153e-09,2.5248423e-10,1.961109e-14
2024-01-22,0.999931,0.9999701,0.94562477,0.99999917,1.0,1.0
2020-08-30,1.9365716e-30,3.8977666e-10,2.4313875e-15,2.9367835e-14,1.796722e-12,7.602697e-12
2020-03-10,4.693275e-16,0.995197,0.00057986286,0.09483583,0.9999964,1.0
2020-12-11,0.6345192,0.99945074,4.7897142e-08,0.9992085,1.0,0.99998796
2021-04-06,3.7759105e-27,0.99990857,3.1319794e-10,5.4892216e-06,2.1134267e-06,0.9998777
2021-09-09,2.3692153e-33,1.1195369e-11,7.0595103e-16,1.8688573e-13,3.16808e-15,9.316978e-11
2023-02-18,1.3123443e-10,1.8093098e-05,0.97149414,0.9999839,1.0,1.0
2020-07-30,2.7192884e-22,5.672202e-06,2.4177974e-10,7.773596e-09,2.145297e-13,4.161969e-09
2019-10-07,3.435637e-17,3.8377305e-11,4.0560115e-22,1.8383639e-10,0.9996145,3.490157e-11
2023-07-21,1.3122253e-23,5.0976124e-12,3.9445244e-10,2.366156e-12,1.6184356e-16,1.3476405e-11
2024-12-20,0.9999999,0.96934235,6.9432725e-05,0.9722468,1.0,0.9999964
2020-03-16,3.6336288e-11,0.9999993,0.9998455,2.2234271e-06,0.999995,1.0
2022-02-24,0.005198129,0.9998504,0.010516307,0.9999999,0.9999968,1.0
2021-02-20,7.6946696e-14,0.9999987,1.5321678e-11,0.9796596,1.0,0.99989617
2021-07-15,7.448616e-26,1.0636994e-14,3.5453142e-19,6.372963e-18,1.601335e-06,0.51842284
2021-10-26,2.1399775e-23,1.6692812e-13,1.1911304e-17,2.8477446e-16,0.98710304,2.4461801e-06
2024-08-13,1.0041041e-25,5.7074992e-08,2.110158e-12,1.5171999e-11,4.7920486e-14,2.840575e-11
2022-09-12,3.2124868e-23,1.4177181e-15,1.5789982e-23,1.6081017e-14,1.5133871e-08,1.7420544e-15
2023-01-21,2.21351e-13,7.321923e-08,0.057514362,0.9999976,1.0,1.0
2021-09-23,1.1618819e-35,4.03224e-10,1.2224848e-23,3.3549227e-14,3.9952333e-10,7.0312384e-12
2021-01-27,3.3862167e-11,0.9999949,4.737327e-07,1.0,0.99999964,0.9999995
2023-11-11,9.399299e-22,6.408731e-13,1.4571057e-25,5.634369e-16,0.44570577,6.77895e-11
2020-04-04,2.0931425e-15,1.0,0.99997485,0.016731119,0.4409699,1.0
2021-12-06,0.997724,2.7122535e-06,0.0008213083,0.9999056,1.0,1.0
2024-10-05,5.5320296e-25,9.812469e-10,2.6223652e-23,1.0364284e-10,1.6419829e-08,3.4826144e-12
2020-08-29,7.4100813e-31,5.3537463e-09,3.2914522e-17,1.4413781e-13,2.0935408e-12,9.157029e-14
2023-05-16,4.958747e-10,0.08249263,0.9989491,7.6722354e-05,0.9999006,1.0
2022-03-18,1.10172126e-16,0.9994898,1.5689418e-15,0.999866,0.60381687,0.6793524
2024-03-09,1.2030622e-33,0.022873016,2.0556733e-16,3.345516e-05,4.8388425e-11,0.8534448
2021-02-14,4.8455682e-14,0.9993782,4.782591e-09,0.9999993,1.0,0.9999958
2021-07-14,9.460618e-25,7.898413e-15,7.639602e-20,4.924027e-17,0.0019180906,0.0140172355
2020-11-01,9.909167e-16,6.669573e-07,2.9231597e-17,2.9277924e-16,0.9973399,2.2363063e-10
2020-12-02,0.9997136,0.9659217,6.126289e-07,0.39023846,1.0,0.9996582
2021-03-27,3.733825e-21,0.99999785,3.9171286e-10,0.004637312,2.5890284e-05,0.9999927
2020-11-02,6.540999e-15,1.4613409e-05,1.0441528e-14,2.307913e-19,0.9999994,7.6112435e-08
2020-08-25,1.9001462e-20,4.1512485e-10,3.0142416e-14,9.829135e-11,1.7160881e-10,6.5371084e-11
2021-06-07,2.1126286e-14,2.463322e-10,1.5642313e-06,5.7085067e-06,1.0,1.0
2021-04-26,2.182379e-13,0.99999905,0.77805567,1.1939576e-10,0.9998777,1.0
2022-01-13,0.9999,0.99867344,0.99975353,0.99990463,1.0,1.0
2020-09-15,1.6253557e-35,5.580703e-11,4.799162e-19,1.5651144e-13,2.9975678e-11,1.7835033e-10
2023-12-12,0.9999939,0.0006779148,0.00018742122,0.9999665,1.0,0.99999976
2024-12-28,0.9999999,0.9999343,0.0039673545,0.99958926,1.0,0.9999999
2019-05-26,7.276726e-21,0.99391055,7.8022455e-10,4.083377e-13,0.7389157,1.0
2024-09-21,8.297342e-32,1.4949604e-11,6.411795e-22,2.1768694e-14,2.5758966e-11,1.0197549e-14
2024-10-24,1.2531703e-32,9.092554e-06,1.6098902e-22,8.830847e-12,7.402468e-07,2.4647355e-11
2022-01-25,0.99986815,0.99997115,0.99999,0.9999566,1.0,1.0
2022-07-20,5.602219e-24,3.3929082e-11,4.2948373e-13,9.536604e-13,1.6142545e-13,5.496147e-13
2023-03-17,3.6152753e-22,0.99942696,0.00014549267,0.99996865,0.00043888716,0.9999994
2020-08-10,1.3062709e-17,1.1195296e-09,2.4057338e-12,3.294747e-07,2.0059602e-08,3.9803146e-07
2019-04-10,4.8372792e-20,1.0,0.00021408341,4.5704388e-07,3.5207182e-07,0.9999893
2021-12-19,0.99999166,0.9953762,0.99996924,0.9996401,1.0,1.0
2020-08-02,1.7420514e-26,1.8247438e-09,3.1302393e-15,7.824231e-09,6.747182e-14,5.7820844e-12
2021-11-01,6.010388e-19,7.439598e-15,2.2801464e-19,5.3020706e-17,0.9998634,2.1003343e-06
2019-06-15,1.587219e-21,1.0801227e-10,1.3842881e-11,1.6569434e-22,8.149677e-08,0.99992573
2019-11-17,3.1453852e-05,0.00060572545,3.9324539e-13,7.594058e-07,1.0,0.26220703
2020-07-28,7.945784e-26,1.3238668e-09,1.4508826e-10,3.1204843e-09,1.4938302e-13,8.8760345e-08
2020-03-29,9.322885e-21,1.0,0.9997198,7.821844e-05,0.0013305917,0.99999714
2024-11-07,7.2835496e-23,0.9708552,9.2701924e-20,8.843531e-10,7.2212595e-07,1.3290445e-07
2024-09-30,2.7366714e-34,7.867764e-09,1.1203488e-22,9.004018e-13,1.711106e-11,2.7457328e-11
2021-08-10,1.6285742e-38,6.6598087e-09,1.3482949e-20,4.796842e-17,1.458557e-14,4.2436707e-07
2024-07-19,6.845741e-36,1.7851701e-11,2.261924e-22,1.9774101e-14,3.7168917e-14,7.332094e-09
2021-05-15,1.9735606e-09,0.9999958,0.99999726,0.00011269384,0.9999995,1.0
2019-12-09,0.7353526,0.99315953,0.3641281,0.8873675,1.0,1.0
2021-12-24,0.99884003,0.99572647,0.9922873,0.99725574,1.0,1.0
2019-10-16,3.049142e-23,1.695056e-07,8.284756e-24,3.3625864e-13,0.98644745,9.35265e-13
2021-10-10,1.3409604e-27,7.598195e-14,3.1910898e-22,1.8588896e-16,1.177166e-05,3.6138604e-07
2024-04-22,3.1016083e-07,0.99989736,0.99999034,0.0009669053,0.9999999,1.0
2021-01-11,3.7712647e-10,0.9999999,3.481497e-06,1.0,1.0,1.0
2022-03-04,4.8401994e-11,0.99861395,5.5220384e-09,1.0,0.99856275,0.99712485
2024-06-23,2.027498e-22,1.2538972e-13,1.1233747e-14,5.739708e-18,1.4427687e-05,1.0
2020-12-21,0.9775968,0.99999547,7.2525218e-06,0.9878336,1.0,1.0
2021-06-10,1.5192746e-13,3.2441962e-09,2.3804969e-08,2.517957e-09,0.99999976,1.0
2021-12-02,0.9999248,2.2378376e-06,0.00040726806,0.9927071,1.0,1.0
2023-10-20,1.0306485e-25,2.9830096e-13,1.6322562e-23,1.8256462e-12,1.1720904e-07,3.0377973e-13
2020-03-01,1.0589619e-15,0.9993616,0.00010578707,0.9999281,0.9999993,1.0
2024-10-22,1.2594454e-29,7.6848366e-08,1.4631627e-22,1.5948207e-10,1.6203048e-08,1.5088401e-14
2020-11-07,9.687118e-09,0.009339548,1.4175511e-14,1.5357322e-10,1.0,0.053861134
2020-04-01,1.9805427e-18,1.0,0.9676512,0.98252064,0.4009271,1.0
2019-09-14,8.3773615e-32,1.3706496e-11,1.6297108e-24,4.956954e-16,7.6905327e-10,1.4493254e-10
2020-02-01,3.048611e-07,1.0,0.9999994,0.9668872,0.99999905,1.0
2024-03-19,2.656963e-16,0.82808,0.010739032,5.202678e-07,0.9976344,1.0
2020-11-05,1.7275536e-07,2.0149237e-06,9.900228e-13,3.6762364e-11,0.9999999,8.892944e-07
2024-10-08,2.0020623e-26,2.1461801e-06,2.8528965e-25,3.501392e-11,3.4690157e-09,2.4107976e-14
2024-06-04,1.2099901e-16,1.3736664e-06,5.3549716e-06,2.4784086e-13,0.99997044,1.0
2022-04-12,2.1047476e-06,0.99996996,0.9999995,0.0001457854,0.99999654,1.0
2021-04-09,8.3064954e-17,0.99997365,0.00028097822,1.378383e-12,7.420676e-05,0.99999976
2021-07-28,7.032943e-34,1.0674544e-12,3.2711556e-21,1.8109291e-18,1.1115997e-12,2.390558e-07
2021-10-25,2.3872055e-25,1.3100794e-16,6.5512823e-24,2.1622063e-16,0.0023073107,9.48185e-07
2021-02-05,2.9362462e-10,0.9954091,1.0919375e-11,0.96670604,0.9999995,0.99994147
2023-01-24,1.3231296e-13,1.5388183e-08,0.0034509413,0.99977237,1.0,1.0
2021-10-01,6.63271e-30,2.8146333e-15,5.104241e-26,1.100848e-15,2.0997605e-07,2.4327318e-12
2024-10-10,2.2355149e-27,1.849386e-06,1.1115213e-27,7.046399e-11,2.4817027e-08,2.920854e-16
2020-06-10,1.8998839e-14,4.2595197e-10,0.98890835,1.1716802e-05,0.2695178,1.0
2023-07-14,1.195482e-25,5.417901e-08,4.1501057e-15,2.9105256e-13,7.776186e-14,9.888629e-15
2022-01-06,0.9999931,0.9998253,0.99973494,0.99999225,1.0,1.0
2021-11-18,0.009960042,5.9491175e-08,1.5112616e-15,2.5050113e-06,1.0,0.9999993
2023-11-16,8.622685e-14,1.6990902e-10,2.404248e-19,3.555173e-08,0.9999646,7.137474e-11
2020-01-05,0.99999094,0.99915516,0.99998367,0.99832565,1.0,1.0
2020-05-30,1.0831657e-14,4.3015547e-08,0.0009861558,4.516782e-10,0.66602093,1.0
2024-02-09,3.6673805e-13,0.99999917,2.10582e-08,0.9970196,0.9999306,1.0
2022-07-26,2.2921561e-18,2.4221503e-10,1.569352e-11,3.8920516e-11,2.662963e-10,5.9784395e-09
2021-11-21,0.06345731,1.5792128e-07,1.9118465e-11,9.914912e-07,1.0,0.99999976
2021-06-01,1.6431503e-17,1.3875884e-09,0.0002090973,7.593306e-08,0.9999342,1.0
2023-03-28,1.30013e-19,0.99999857,1.0795619e-05,0.9999714,0.010468167,1.0
2021-04-21,2.620434e-09,0.99996626,0.9998728,5.0262434e-09,0.99995613,1.0
2022-11-29,2.9094313e-06,5.283751e-08,3.3978555e-15,1.411311e-05,1.0,0.99999976
2023-10-26,3.1657792e-26,3.0898052e-13,1.0630896e-24,1.5146633e-12,3.8803344e-05,1.8773694e-11
2021-01-22,4.4444366e-08,0.9999865,7.55251e-06,0.99999964,1.0,0.9999999
2022-07-22,3.9272073e-28,2.402027e-10,6.68405e-13,1.9669462e-13,2.1949307e-14,6.6337234e-11
2022-12-25,1.6715626e-09,0.08140943,6.2690204e-09,1.0,1.0,0.9999999
2021-04-11,2.6533938e-19,1.0,0.004598698,3.616599e-11,0.00084632455,1.0
2021-01-09,1.3011843e-08,1.0,9.564566e-05,1.0,1.0,1.0
2024-03-04,9.984395e-34,0.027905386,1.9007273e-19,2.590913e-09,5.359429e-08,0.15252124
2023-12-30,1.0,0.2615261,0.011329852,0.99986124,1.0,0.99999905
2019-04-25,2.5726636e-09,0.9999486,0.99996483,1.0159916e-06,0.99999905,1.0
2020-08-28,8.14226e-32,1.381716e-11,2.5569595e-17,1.162878e-15,5.3505737e-12,1.8223535e-10
2024-01-06,0.9999919,0.99999416,0.004840864,0.9999827,1.0,1.0
2022-05-31,5.8545616e-12,1.199808e-07,0.9999981,1.6495576e-08,0.4429146,1.0
2021-03-31,3.2218842e-25,0.99986494,2.95208e-07,3.9833858e-10,1.8087039e-09,0.9999999
2021-06-12,3.4880982e-20,1.01123845e-10,1.5890014e-12,3.1941689e-12,0.007344895,1.0
2020-10-29,2.9478444e-14,7.991001e-06,3.3554028e-14,2.1289003e-19,0.99998856,9.0670966e-07
2021-11-09,7.722619e-18,1.045001e-15,8.8727925e-18,7.0168514e-15,0.99999964,0.0015977725
2024-04-11,1.4027142e-08,0.99851483,0.99999976,0.00016673145,1.0,1.0
2022-05-23,5.030586e-21,5.2802374e-11,0.9870881,7.135078e-11,0.06643267,1.0
2023-10-17,2.2191868e-25,1.9139527e-10,4.528879e-24,1.318348e-10,6.4906754e-07,3.675847e-13
2020-11-06,0.00012945542,0.1637222,1.1720707e-14,3.8914933e-08,1.0,1.0203631e-06
2021-02-18,1.5801323e-14,0.999977,2.2530493e-11,1.0,0.9999993,0.99952996
2022-04-13,5.958162e-07,0.9998596,1.0,9.229931e-07,0.99999464,1.0
2021-12-23,0.9999652,0.06553904,0.99935764,0.99997115,1.0,1.0
2019-07-07,2.6461389e-17,6.5012054e-09,3.5357026e-09,1.0518956e-16,1.15129836e-07,0.0051214444
2019-05-22,6.6774743e-13,1.0,2.9496308e-08,4.310085e-09,0.9986866,1.0
2020-02-12,0.00010123945,0.9999975,0.9998356,0.9999665,0.99999976,1.0
2021-06-17,6.303813e-25,2.954225e-12,1.2087384e-11,9.652214e-18,5.966026e-08,0.9999919
2024-05-12,3.4473606e-17,9.235066e-10,6.2751997e-06,8.9894765e-11,0.9999999,1.0
2022-06-14,2.929741e-28,1.0113397e-12,6.5592464e-13,8.7326996e-18,8.9968685e-11,0.99651825
2019-10-01,5.61007e-23,4.3943812e-13,8.005367e-23,7.237962e-15,0.00053787127,2.459992e-11
2023-06-11,2.4353473e-18,1.0759501e-05,0.0012573962,4.012138e-15,2.0570719e-10,0.99999857
2020-07-14,5.344813e-26,5.8942423e-06,3.674011e-09,6.3560296e-10,1.0562787e-12,2.6987539e-06
2024-06-29,2.2553162e-29,1.6638892e-14,2.4280065e-21,5.0498565e-19,9.731424e-11,0.010475698
2019-06-25,4.215676e-27,2.759634e-16,3.413343e-14,8.633713e-21,7.691946e-09,0.9986008
2023-05-27,1.34907805e-05,7.5038685e-08,0.98180217,1.7058871e-06,0.99998033,1.0
2023-11-04,1.7145383e-20,2.0223725e-07,1.8776327e-24,2.8537128e-10,0.22686425,5.121372e-16
2022-12-19,5.604778e-06,0.00012926657,1.8560613e-06,1.0,1.0,1.0
2019-05-06,4.700493e-06,0.9999795,0.99999976,2.1366985e-08,0.9999982,1.0
2023-08-25,8.0755173e-22,1.7541747e-07,6.363432e-13,2.934625e-12,3.2739324e-14,3.1484065e-11
2024-04-05,1.4936088e-08,0.99840885,0.9999999,1.5393165e-06,0.99999833,1.0
2021-11-12,3.9865633e-10,2.9110768e-12,2.7829309e-18,5.236781e-10,1.0,0.995059
2021-10-17,1.2603857e-24,8.96072e-14,6.4199634e-24,4.013789e-16,0.01825057,2.2108371e-07
2020-04-21,0.0003511995,0.99596065,1.0,2.0155569e-05,0.99999785,1.0
2022-06-16,3.4092774e-32,8.56364e-12,1.1601353e-15,2.8874718e-18,5.5148177e-13,0.9639602
2019-04-01,4.1261514e-26,1.0,8.359825e-08,4.5261e-08,3.63419e-11,0.99516594
2022-12-06,1.0189821e-05,5.5785826e-08,3.4983043e-13,0.99768496,1.0,0.9992987
2024-11-11,2.7165125e-20,0.9993395,2.524343e-20,1.5092634e-10,0.0012517059,1.03080126e-07
2022-07-05,9.5347914e-23,7.747654e-11,4.7103836e-17,6.1038164e-15,1.7226705e-13,8.065787e-11
2020-09-24,3.426719e-27,3.192091e-09,5.2146376e-16,2.2553559e-13,2.1804525e-13,8.976634e-13
2022-03-20,5.334307e-17,0.9983651,9.7453443e-17,0.035910595,0.94474584,0.99761
2024-04-09,9.486784e-05,0.99835795,0.9999939,5.464365e-05,1.0,1.0
2019-12-10,1.0,0.99776316,0.98053104,0.6101287,1.0,1.0
2022-03-02,7.1045436e-09,0.9999999,1.8341305e-09,0.9999664,0.999995,0.97689635
2020-07-20,1.2397578e-23,1.2326575e-09,5.701925e-13,8.710136e-12,1.1624218e-14,6.9211954e-13
2022-11-05,2.9025064e-15,3.7676714e-13,1.2227609e-14,4.894226e-12,1.0,0.99954563
2024-09-03,5.0517807e-20,5.0561233e-05,8.7855493e-13,1.0928252e-11,4.7770663e-13,6.503222e-14
2020-11-14,5.2843653e-08,0.61080265,8.368834e-17,2.2788565e-10,1.0,6.9588446e-06
2021-07-11,1.3268047e-27,1.3657741e-12,3.57529e-18,1.05536926e-14,2.707364e-06,0.5499838
2020-07-07,1.0145793e-28,4.615957e-09,5.521068e-17,6.2155595e-17,1.5158735e-13,6.2708976e-09
2021-07-01,2.186942e-24,1.1049855e-08,3.1160476e-09,4.8461865e-18,1.5328884e-05,0.9999999
2020-03-31,2.5686056e-15,1.0,0.9758813,0.061204024,0.9763358,1.0
2021-02-15,1.25513e-12,0.9996793,1.263413e-10,1.0,1.0,0.99999297
2024-11-22,0.99826765,0.9728493,2.3583321e-10,1.5665332e-06,1.0,0.040172584
2020-12-01,0.998879,0.96755344,3.9916456e-10,0.036875453,1.0,0.9877466
2022-01-21,0.99999607,0.99998677,0.9992532,0.9999757,1.0,1.0
2022-05-30,5.050057e-16,2.0996909e-09,0.99292314,2.337759e-09,0.014895893,1.0
2022-08-31,2.8319803e-25,1.0858998e-15,4.74606e-17,1.556315e-13,1.0922022e-11,6.564497e-11
2021-10-05,3.4758934e-26,1.6846974e-14,8.3008275e-24,3.2820237e-17,0.00013483838,6.594439e-11
2024-10-16,7.4638044e-26,1.7929001e-06,6.5409443e-24,7.658276e-09,3.0805093e-06,7.029139e-14
2019-11-27,0.9770636,0.28648728,9.571634e-08,0.05908431,1.0,0.9999354
2024-09-02,6.098342e-24,9.0750905e-07,3.6555763e-14,1.2881995e-09,3.0630615e-12,1.1985744e-12
2023-03-07,1.6882889e-16,0.0006813503,0.0011924492,1.0,0.9863419,0.9999994
2021-08-06,3.472396e-33,5.573642e-10,4.0025864e-21,3.2410133e-19,1.5349062e-14,2.3801554e-09
2023-08-13,1.2995179e-30,7.4203116e-11,2.662438e-19,1.5457708e-14,9.21082e-15,5.2823933e-11
2024-09-27,3.3968817e-31,7.493749e-10,6.3767987e-20,5.3699376e-12,2.1004361e-12,8.889538e-12
2023-05-23,2.91749e-09,0.00024894899,0.9999517,3.4373443e-07,0.97179765,1.0
2024-01-14,0.9999999,0.99940383,0.92088807,0.9994604,1.0,1.0
2023-12-27,0.9999689,0.012933067,0.0002661176,0.9987715,1.0,1.0
2021-04-25,5.3912326e-12,0.9999678,0.999997,1.9888281e-08,0.99984896,1.0
2021-05-11,3.5801666e-08,0.9999993,0.99999917,0.0012993403,0.9999999,1.0
2023-03-30,4.88004e-19,0.9999999,0.00024757657,0.002407544,0.023825767,1.0
2021-01-26,1.1717674e-07,0.9997775,1.2479377e-06,1.0,1.0,1.0
2023-06-26,4.3791593e-29,1.0713706e-12,1.0812259e-13,6.5059087e-12,6.187925e-14,0.18942414
2021-03-22,1.0478655e-18,0.9999999,4.2526822e-11,0.92314994,0.2260607,0.9999999
2020-04-05,5.568123e-19,0.99999917,0.74285877,2.2398603e-05,1.28326865e-05,1.0
2021-07-20,3.0845273e-33,1.1430477e-14,1.76714e-23,1.1094714e-19,6.400382e-11,1.0076641e-08
2024-07-04,2.9727271e-33,4.2972095e-15,1.1869863e-22,4.3283253e-20,1.0785725e-10,7.844851e-05
2024-05-04,2.4139519e-12,0.00025869955,0.9999498,1.7170489e-12,0.9999989,1.0
2023-09-14,2.6811834e-25,1.4051409e-07,6.188082e-13,3.1148584e-17,1.0432768e-14,2.6929015e-12
2023-09-24,2.3062866e-25,2.134343e-09,1.4057026e-24,7.45877e-10,1.419815e-08,1.8372968e-15
2023-08-09,1.8404263e-29,4.940646e-11,3.916618e-19,5.9021794e-12,7.808982e-12,9.031655e-14
2022-08-23,1.9140093e-23,1.9953858e-12,3.5036296e-15,6.1142306e-12,4.0037886e-12,1.6450015e-12
2023-03-11,2.7827028e-14,0.07475059,0.0059449566,1.0,0.9998828,1.0
2024-04-24,0.0007696233,0.9999987,0.99995697,0.0015913511,1.0,1.0
2020-02-06,0.0032290004,0.999992,0.99983144,0.99999774,0.99999845,1.0
2022-09-08,6.644089e-20,6.534537e-12,6.903073e-19,2.9183374e-12,1.2755322e-09,2.0266067e-13
2022-11-20,1.9790086e-06,1.2913053e-11,1.0256135e-16,2.4200595e-09,1.0,0.9999597
2023-11-05,6.1710957e-25,1.607444e-08,2.5432803e-26,4.989243e-12,0.0006046307,2.0816255e-14
2019-11-10,4.7651694e-05,0.0005243609,1.3516877e-14,8.6855756e-10,1.0,2.4694911e-05
2019-11-11,0.00013898582,0.00046429713,3.0223964e-12,1.798276e-07,1.0,0.94228876
2021-11-07,1.3712618e-22,2.9574592e-17,1.7290539e-20,8.9840624e-14,0.99995995,9.1549766e-05
2021-04-24,3.5184193e-13,0.9999894,0.9981103,7.3572776e-10,0.99958533,1.0
2020-01-23,0.97705007,0.999948,0.99999774,0.97823995,1.0,1.0
2024-05-31,6.755216e-18,2.3078916e-11,2.0251875e-06,1.7932758e-14,0.9498225,1.0
2023-11-21,0.00012592824,4.945115e-11,4.3538883e-15,2.8477073e-08,1.0,7.0179453e-06
2021-05-23,7.1851886e-10,0.025668405,0.33966333,0.015841935,1.0,1.0
2020-11-09,2.2010566e-07,5.300892e-05,2.685802e-16,2.5725736e-14,1.0,4.068868e-06
2019-05-12,1.1132707e-10,0.9999957,0.97636,5.489351e-07,0.9995999,1.0
2020-09-20,2.6615598e-30,2.1930394e-10,6.380153e-21,5.3836465e-13,7.9606394e-10,5.7010934e-11
2019-07-24,3.9216036e-23,7.69692e-09,2.1120135e-05,7.4024284e-15,5.223369e-08,0.20396042
2022-12-01,0.00021529463,2.8988321e-08,7.7786634e-14,0.99926084,1.0,0.9999436
2023-04-22,2.5914812e-13,0.965471,0.99999964,4.3516932e-09,0.9983152,1.0
2024-05-30,1.5168193e-13,2.8504414e-07,0.006523998,6.5302386e-12,0.9806966,1.0
2021-02-03,3.340908e-13,0.9999747,1.469289e-12,0.9999908,1.0,0.99999595
2021-12-15,0.9999819,0.021888513,0.8495872,0.9856205,1.0,1.0
2020-10-26,5.0354717e-25,8.61025e-09,1.907898e-18,7.302629e-17,0.9592294,1.6039878e-10
2021-06-26,5.1794258e-17,7.259749e-12,3.363881e-10,5.769233e-14,0.00011628979,1.0
2024-10-01,9.198063e-25,2.1362712e-07,9.3086117e-26,1.0085442e-09,1.0238917e-08,6.44394e-15
2023-12-19,0.9999999,0.015392289,0.00021453171,0.9999449,1.0,0.99999964
2020-01-31,0.0012078258,0.9999256,0.9998185,0.9769548,1.0,1.0
2020-09-08,1.0528754e-38,3.0451883e-09,2.2302343e-19,4.2874017e-15,9.257375e-14,4.4750488e-09
2019-06-19,1.63361e-28,2.2265817e-13,7.090038e-15,1.3826442e-22,1.1742515e-08,0.96933895
2023-10-06,7.446871e-29,6.414696e-14,3.1663981e-24,2.1484002e-10,1.5919538e-11,1.2753398e-17
2022-03-30,4.7241737e-22,1.0,5.3629107e-10,2.3857392e-05,9.025271e-09,0.9889213
2021-06-25,2.4358454e-21,2.0402821e-13,1.2626575e-06,5.150508e-15,3.150899e-07,1.0
2020-11-27,0.9283023,0.9997862,1.6810094e-14,0.16376065,1.0,0.97713363
2022-04-17,2.4288042e-06,0.99502265,1.0,1.0628934e-06,0.99999857,1.0
2023-01-28,5.901157e-11,4.7141893e-06,0.00024324837,0.9999939,1.0,1.0
2021-05-20,2.1518952e-07,0.99654347,0.9999068,0.0013547293,0.9999976,1.0
2021-11-16,0.00020714842,2.0955508e-08,5.153141e-15,0.0045552077,1.0,0.9935074
2022-08-05,1.1920144e-21,4.7175356e-05,8.6075245e-09,5.9761876e-11,3.8881894e-13,1.6862134e-05
2020-09-11,0.0,6.391882e-10,2.4452538e-24,9.4763275e-18,1.0983114e-09,6.5637204e-11
2020-08-22,1.2855863e-19,4.8740486e-07,4.0734899e-13,8.005324e-11,1.6968578e-11,8.530385e-12
2021-11-23,0.23550032,1.1279798e-07,6.273826e-10,0.00096602226,1.0,0.9999999
2023-05-17,1.1384807e-06,0.009063287,0.9999932,3.7284004e-05,0.9999949,1.0
2021-08-24,3.4947085e-25,4.162503e-12,2.1935639e-20,3.0614495e-12,0.0014093192,2.1528094e-06
2020-11-13,2.8546735e-08,0.031948194,1.1087527e-18,1.1795743e-11,1.0,5.430036e-07
2022-08-08,5.456614e-27,8.479378e-13,2.999851e-18,7.195532e-13,1.3231781e-12,1.7605794e-12
2024-11-18,0.07447113,0.78935486,2.7933092e-12,0.00031729817,1.0,0.018856935
2022-08-13,2.7194844e-23,2.5194965e-06,1.7026033e-14,4.083396e-15,7.8208127e-13,1.4040104e-11
2022-12-23,9.618465e-05,5.3717577e-05,6.6332084e-10,0.99999964,1.0,0.9999999
2019-11-22,0.35519347,0.9891957,8.623977e-12,0.006278034,1.0,0.70461965
2020-05-29,4.5156216e-20,2.4268267e-09,0.99249345,2.1962608e-08,0.040749207,1.0
2022-12-22,0.016007368,2.5977686e-05,7.4176484e-08,1.0,1.0,1.0
2022-07-25,2.3072814e-17,2.6651099e-08,1.1057292e-09,9.462999e-14,1.5814153e-12,1.1771847e-08
2021-03-28,2.6872559e-17,0.9999819,3.016899e-14,0.547526,0.000830032,0.99997103
2022-03-26,2.4083323e-27,0.9999937,2.6632154e-15,4.804858e-07,9.579429e-09,0.97482646
2023-05-06,1.8556542e-05,0.99791676,0.99999976,0.15072083,0.9999913,1.0
2020-04-15,1.5491895e-07,0.99963784,1.0,1.906617e-07,0.9999789,1.0
2022-04-20,3.2043063e-11,0.99999976,0.9999999,1.8323675e-06,0.9492704,1.0
2021-12-25,0.99999905,0.9975036,0.99997807,0.9997917,1.0,1.0
2021-02-02,5.4885306e-13,0.9999994,8.580936e-09,1.0,1.0,0.9999993
2020-06-04,1.3551927e-15,4.5925623e-09,0.16665368,3.9567238e-10,0.00041126547,1.0
2022-11-24,0.0014093044,2.3218107e-09,1.405045e-14,0.0018141745,1.0,0.99989355
2022-06-21,1.030305e-28,2.832499e-10,3.0592176e-17,1.3888319e-14,1.6205487e-12,0.010240034
2020-11-04,2.4754261e-05,0.0003029737,6.3682436e-12,7.485763e-14,0.99999845,3.1212903e-07
2022-09-18,7.977682e-24,2.5973374e-15,1.084914e-23,3.165732e-14,1.8837198e-09,1.5000445e-11
2021-06-29,1.5250293e-20,1.0340564e-11,0.0064020045,4.3286457e-17,1.3167305e-05,0.99999976
2019-11-02,1.3040469e-15,8.421845e-11,1.9419033e-17,7.523735e-15,1.0,8.024487e-05
2020-01-25,0.7836467,0.99999297,0.99999976,0.9997706,1.0,1.0
2024-04-21,0.0001753203,0.999997,0.99995697,0.0013377487,1.0,1.0
2020-02-24,2.1770431e-11,0.9997024,0.001722204,0.9999993,0.9999982,1.0
2024-01-10,0.99981123,0.9999788,0.0020498186,0.9995666,1.0,1.0
2021-01-28,3.855307e-12,0.99996805,5.7564016e-08,1.0,1.0,0.9999999
2024-10-15,2.5223319e-27,3.043559e-07,2.5883703e-27,2.5392064e-09,4.6171223e-07,2.728857e-16
2020-07-17,6.892165e-23,9.4807724e-11,9.504939e-16,5.5312567e-11,5.6839292e-14,1.0261659e-11
2023-06-16,1.0829183e-28,3.8448413e-09,1.5149587e-07,2.4135758e-11,8.448069e-15,0.9998815
2019-12-14,0.99998176,0.99682873,0.9958748,0.56889004,1.0,1.0
2019-12-30,0.99999094,0.99985695,0.9999945,0.89667904,1.0,1.0
2019-05-05,6.574659e-11,0.9999989,0.99450964,6.197417e-08,0.9999633,1.0
2019-07-02,3.1654572e-16,7.4411275e-07,1.6098463e-08,7.29683e-19,8.1515407e-07,0.0099296095
2021-07-24,5.084883e-34,5.2971386e-13,5.95269e-24,7.299987e-16,1.9510608e-11,1.059048e-09
2019-10-09,1.03398086e-16,8.8421476e-10,9.288346e-21,3.2252738e-09,0.9984536,1.8136007e-11
2023-01-15,3.5609274e-12,8.621001e-08,1.3422624e-09,1.0,1.0,1.0
2022-12-24,6.2178382e-09,0.061372764,1.1030829e-10,1.0,1.0,0.99827695
2023-06-17,2.2677413e-27,1.8021376e-16,1.5642827e-12,4.451399e-13,3.6315972e-12,0.95694834
2023-05-30,4.1506235e-05,4.1797986e-05,0.9999783,0.009258937,0.9998596,1.0
2021-12-31,0.9999994,0.99305,0.9997615,0.9995503,1.0,1.0
2020-06-15,2.3841297e-25,3.198043e-14,7.238042e-08,1.8076622e-13,0.0026530772,1.0
2024-04-04,4.387213e-06,0.96525884,0.99999905,2.229452e-05,1.0,1.0
2022-05-21,1.9319457e-22,1.8607213e-11,0.09910195,1.3163588e-05,0.011531737,1.0
2022-11-09,5.205714e-16,1.3385457e-12,1.607706e-14,1.4569e-10,1.0,0.9999945
2020-07-04,6.0912013e-25,1.3885752e-10,4.872519e-14,1.1679137e-17,1.6706597e-10,0.01699901
2024-07-10,5.1568702e-33,7.20928e-10,3.754578e-21,1.6043032e-17,4.9194e-09,3.7960007e-07
2023-03-08,6.4529496e-13,0.0004872845,0.010769652,1.0,0.9997168,1.0
2020-11-20,0.00030851245,0.9993461,1.9186977e-13,1.455122e-05,1.0,0.48180476
2019-06-08,1.2793373e-29,4.786099e-07,2.9484774e-12,1.8838238e-17,3.5355538e-06,1.0
2024-06-05,3.997557e-18,1.6987377e-09,5.1590104e-12,6.260174e-18,0.9980415,1.0
2022-09-26,1.4965787e-25,3.3607392e-17,1.0762237e-25,1.09239e-14,1.5061194e-07,1.8517143e-11
2022-07-09,1.5512732e-29,2.4058026e-12,2.3319324e-18,9.89138e-16,5.742884e-14,7.196318e-08
2022-08-25,1.2593422e-25,2.6598523e-13,7.3057015e-15,2.3283261e-12,1.1410464e-13,1.0075626e-11
2024-05-20,3.522345e-18,1.7400357e-11,3.2513823e-09,3.1480337e-07,0.99989915,1.0
2022-04-01,4.5590883e-18,1.0,2.203793e-08,0.0008475258,2.0708207e-05,0.999992
2020-10-13,1.01069956e-23,9.393986e-07,9.598075e-22,3.0456413e-13,0.009356893,2.6359363e-11
2022-07-29,9.219845e-17,3.9029857e-08,5.870893e-10,1.7226302e-14,2.9808644e-10,7.200901e-09
2020-07-18,3.1194848e-24,1.5248494e-08,3.4924606e-15,2.8141399e-11,3.3066806e-13,1.5364552e-11
2024-02-24,3.0505926e-33,0.0010551176,2.6243275e-15,1.292093e-08,5.1302105e-12,0.8328631
2024-07-11,8.6786674e-33,5.370053e-11,2.085071e-21,1.5563504e-17,1.183324e-11,3.8160782e-05
2022-05-19,4.168121e-19,8.3302276e-10,0.9998473,1.5813175e-05,0.0040171514,1.0
2023-01-19,2.897602e-10,1.5672216e-08,0.001988781,0.9999999,1.0,1.0
2020-05-25,1.8870642e-13,4.454205e-07,0.99997747,4.665561e-09,0.9988894,1.0
2019-06-16,1.2464534e-23,1.9158538e-08,7.8074395e-14,1.1856434e-20,2.837601e-08,0.99997497
2020-04-30,4.0224613e-10,0.008364855,1.0,5.5851142e-05,0.990406,1.0
2023-11-25,0.9872552,3.873414e-05,3.095813e-15,0.0035280657,1.0,0.00034976908
2022-06-05,5.657171e-18,3.2996856e-14,0.01183655,7.871835e-12,2.5933228e-05,1.0
2023-05-25,5.517766e-08,0.00024777208,0.9994369,0.00013639586,0.9996917,1.0
2023-09-02,2.0271214e-20,2.838575e-05,2.278463e-16,1.0295076e-09,1.8217062e-11,1.6540483e-14
2019-09-17,3.224477e-26,1.0783879e-09,9.4909875e-24,4.024163e-11,7.0416655e-07,6.6633456e-11
2019-08-15,2.1938248e-26,1.0727581e-10,1.5610569e-13,2.1550014e-12,1.7092412e-10,4.4152785e-08
2019-04-05,1.2581143e-23,1.0,1.1858743e-06,1.6430858e-08,9.840813e-07,0.9999654
2023-03-09,5.243807e-14,0.008956339,0.0009976698,1.0,0.9994624,0.9999999
2020-12-26,0.0380353,0.9998305,0.010611201,0.9999945,1.0,1.0
2024-12-13,1.0,0.99952495,0.0006313361,0.97064406,1.0,0.99999964
2019-04-06,7.8495675e-24,1.0,5.757368e-08,2.2976532e-07,2.321786e-07,0.9992889
2024-11-24,0.9999999,0.9992071,1.9097355e-08,0.009141176,1.0,0.93629086
2021-04-01,1.8381928e-24,1.0,6.413868e-09,6.33446e-11,5.139929e-11,0.99990535
2022-01-07,0.99999964,0.9998173,0.9998615,0.99990606,1.0,1.0
2021-10-12,1.1160085e-26,1.4339321e-11,4.6607643e-25,1.0485664e-16,0.0029445116,4.6758725e-11
2021-08-13,1.2975537e-34,4.5945776e-09,3.185816e-19,1.4115223e-16,2.5900123e-14,1.6154839e-09
2024-07-03,1.0309162e-32,7.65493e-13,3.1876898e-18,1.1516594e-17,1.2838101e-11,0.0016692962
2023-01-29,3.7618282e-08,2.527095e-08,0.97506464,0.9519006,1.0,1.0
2019-06-05,2.5536472e-23,4.2003445e-09,1.3909901e-10,1.518461e-16,0.00017001451,1.0
2020-03-05,4.0373762e-16,0.99963236,1.3098153e-07,0.99999213,0.99999774,1.0
2024-06-12,7.966368e-17,5.1422176e-17,1.07463856e-13,1.6611438e-13,0.99677366,1.0
2024-08-07,5.3431466e-24,0.0005577057,4.8954773e-12,2.5964178e-10,5.5875748e-14,3.354096e-11
2021-03-09,3.449441e-08,0.9999969,6.4633974e-07,0.9999993,0.9999994,0.99999976
2022-01-15,0.9999994,0.99994874,0.99991095,0.9999578,1.0,1.0
2020-06-23,3.7129733e-29,9.90086e-15,1.0938227e-17,3.189928e-18,1.4432519e-06,0.9999558
2023-12-11,0.9999933,0.00036937103,1.1424515e-06,0.9999757,1.0,0.99977523
2022-02-11,0.9995425,0.9999945,0.99708706,0.9999521,1.0,1.0
2023-12-09,1.0,0.0059764707,0.00015362976,0.99736893,1.0,0.9999912
2019-09-08,2.6135557e-24,3.4440764e-12,2.2400033e-21,4.396407e-18,5.9900157e-07,1.0247938e-09
2024-07-28,2.4952028e-33,1.8140478e-10,1.6734068e-16,1.9845108e-13,2.508836e-15,4.3841072e-10
2020-08-06,2.918933e-27,2.0808966e-09,3.4669728e-16,2.7697986e-14,4.3763166e-12,3.9737523e-12
2021-05-17,5.745317e-07,0.999943,0.99832386,0.02355365,1.0,1.0
2023-05-31,0.74268967,4.6439013e-06,0.9999864,0.12746768,0.9999968,1.0
2022-11-19,3.4917443e-07,5.672977e-11,3.0568741e-16,6.468773e-09,1.0,0.99999976
2024-02-08,1.991849e-09,1.0,1.2436328e-07,0.9999969,0.9927724,0.9999976
2024-03-06,7.668378e-31,7.2187513e-06,4.0544245e-19,2.4716489e-09,3.8813226e-08,0.038054287
2023-11-07,5.4977466e-22,3.413197e-08,5.185214e-26,3.8427155e-09,0.0032232502,8.989042e-16
2022-04-08,2.5799197e-14,0.99999917,0.21566483,0.082068115,0.8843761,1.0
2020-12-24,0.864495,0.99999774,0.0002757459,0.9738622,1.0,1.0
2019-09-22,1.9946678e-26,2.3827601e-11,4.9549485e-24,2.0053045e-17,1.4744991e-06,2.9598521e-13
2022-07-21,4.875289e-29,8.652155e-11,7.074892e-12,3.840934e-13,1.3962328e-16,1.4216237e-10
2020-02-10,0.025570702,0.9999988,0.99999106,0.9999838,1.0,1.0
2020-10-15,4.628334e-28,2.268481e-05,3.7887274e-17,2.687931e-18,1.5690152e-06,2.3023267e-10
2019-10-18,2.0647028e-24,3.567175e-12,4.2955184e-24,1.0377873e-14,0.45689154,4.094768e-11
2021-10-31,7.931377e-24,2.2766831e-15,6.5711052e-24,4.6887117e-16,0.998546,8.342968e-09
2019-12-21,0.9804346,0.99977034,0.9999789,0.99533725,1.0,1.0
2022-11-23,0.010835976,1.6300046e-05,2.4868645e-14,0.013904772,1.0,0.9999958
2023-10-31,5.9021993e-24,1.6727227e-10,1.7473443e-24,5.708587e-12,1.6676371e-05,3.955765e-14
2021-05-27,1.324159e-14,0.12447052,8.1698e-05,0.01939413,0.99999666,1.0
2019-11-13,0.33125472,0.6841441,6.723784e-15,1.9931676e-09,1.0,0.0016999227
2021-11-15,1.8763105e-05,1.131783e-08,1.2938888e-15,3.500933e-05,1.0,0.995516
2020-03-27,7.0758524e-15,1.0,0.999813,0.017528271,0.9904771,1.0
2022-05-06,4.7378288e-07,0.9176308,1.0,1.3112852e-07,0.9999999,1.0
2023-09-19,2.6595653e-19,1.9404924e-06,3.482871e-21,7.900682e-09,3.857439e-09,2.4257732e-15
2024-05-02,3.4717907e-08,0.7576145,0.999995,3.6784803e-07,1.0,1.0
2020-10-24,1.6120051e-21,2.6250785e-07,1.6594028e-16,7.711009e-21,0.99699295,5.981428e-09
2023-12-07,0.9999956,0.037413787,3.0101548e-05,0.9985526,1.0,0.9990114
2022-08-22,5.797147e-23,7.9588663e-13,3.8301576e-17,6.27235e-15,4.1249498e-10,2.693785e-12
2024-05-21,3.793798e-20,6.860978e-11,5.7720413e-06,6.5728103e-09,0.11037691,1.0
2023-06-27,3.7789698e-32,5.66877e-11,3.0854398e-14,5.341855e-12,2.8641408e-16,1.1417956e-05
2024-09-13,9.519915e-18,0.000102180915,1.5642863e-15,1.4926845e-14,1.00725185e-10,5.96264e-14
2022-12-03,0.0012836563,1.4080889e-08,2.7152093e-11,0.8272929,1.0,0.9999999
2023-08-23,1.9924043e-16,5.6740674e-07,1.6471931e-08,0.00039894207,2.9231403e-15,3.2883332e-10
2020-04-17,6.985531e-05,0.9907115,1.0,7.376252e-07,0.9999969,1.0
2024-12-07,1.0,0.9464934,1.0344628e-07,0.9712313,1.0,0.991931
2024-03-26,8.858648e-12,0.99999726,0.11121613,3.5617575e-07,0.9927528,1.0
2021-08-01,8.747298e-34,2.601402e-12,2.9539856e-25,1.840341e-15,3.3814893e-09,5.0938493e-09
2019-04-15,1.2159976e-14,1.0,0.90880466,0.0008128983,0.0024882487,0.99999976
2022-03-28,1.6787404e-22,1.0,1.7664017e-12,1.0366061e-05,1.6153304e-08,0.59844923
2020-09-02,2.9209956e-33,3.34087e-09,1.0529709e-17,6.7658773e-15,3.743276e-12,4.5084375e-12
2024-11-17,3.6622115e-11,0.99692863,3.0951046e-15,4.0140994e-06,0.9999988,8.863573e-05
2024-02-26,9.4547027e-32,0.0012449536,3.0191333e-21,1.4917604e-06,1.3103121e-08,0.000112485344
2024-05-16,9.967679e-21,8.079561e-09,1.7309837e-06,7.103517e-08,0.9999968,1.0
2024-04-10,7.892686e-06,0.99990475,0.9999999,1.3170746e-05,1.0,1.0
2023-05-13,9.234058e-06,0.34665945,0.99997187,8.089779e-05,0.9999988,1.0
2019-11-29,0.99999964,0.14091966,0.0028372095,0.001454177,1.0,0.99999964
2020-01-03,0.9998605,0.9999037,0.9999676,0.9549714,1.0,1.0
2023-01-05,5.653003e-12,1.189596e-09,4.0858953e-12,1.0,1.0,0.999997
2021-09-01,1.1272591e-30,1.3689819e-06,1.6065337e-23,3.4081597e-13,5.024031e-08,3.856861e-11
2022-08-11,1.9760365e-19,2.395574e-07,1.2789658e-15,2.4755488e-14,8.413653e-12,1.0909267e-13
2023-02-15,3.3142689e-10,1.7666698e-05,0.48691812,0.99999964,0.99999976,1.0
2020-05-23,2.1881311e-13,4.83108e-05,0.9999989,1.3748023e-07,0.9706626,1.0
2022-02-25,0.77289563,0.99999785,0.0013227074,0.99999964,0.99999905,0.9999995
2022-07-18,8.068907e-27,4.0190026e-10,3.7792764e-15,7.495925e-13,4.555062e-15,1.3849131e-12
2024-12-14,1.0,0.15922341,7.421001e-05,0.9912683,1.0,0.99988234
2022-08-12,6.930367e-23,8.792997e-08,1.402603e-14,1.1226203e-11,3.9659834e-12,3.1249287e-12
2023-04-05,7.8209197e-20,0.99999976,0.0131226545,0.0011550296,2.9099003e-06,0.99999964
2020-05-16,4.1625645e-09,2.419489e-05,0.9999385,1.5460353e-07,1.0,1.0
2022-03-29,1.4724681e-15,1.0,2.1115714e-08,0.00081183924,0.00012557702,0.999997
2020-09-29,5.165598e-23,1.0106504e-05,8.081887e-17,4.71406e-13,2.835967e-08,2.1492957e-12
2019-10-28,3.6226944e-19,5.3411675e-10,1.7112378e-21,2.5003579e-14,1.0,4.462587e-09
2021-01-01,0.007909169,0.9999999,6.737596e-08,0.9999924,1.0,0.9999995
2024-03-01,2.6971753e-33,0.038237814,1.3389074e-17,5.7793713e-08,1.4202598e-07,0.2261134
2020-03-21,1.5729682e-08,0.99999917,0.99999774,5.7585424e-07,0.9999993,1.0
2022-08-24,3.7429928e-22,3.1908547e-13,8.414363e-15,5.676887e-14,5.910876e-12,1.4010854e-09
2020-10-01,1.1824882e-24,3.416689e-07,1.8623984e-21,3.3053436e-17,3.482249e-08,1.2348545e-14
2022-02-05,0.9999466,0.99998915,0.9602013,0.9999933,1.0,1.0
2019-10-13,2.7138935e-19,1.7417342e-09,3.1677445e-21,3.403517e-12,0.9962773,1.6019917e-13
2022-05-11,7.783646e-15,0.020490486,0.9999883,9.170285e-07,0.999998,1.0
2024-03-27,1.649958e-11,0.9999999,0.032800086,2.5756804e-06,0.9999621,1.0
2022-07-23,1.6627462e-26,8.35987e-09,5.911299e-10,8.861867e-14,1.11139295e-14,1.7704341e-10
2020-10-16,2.3569856e-23,1.8686482e-08,2.2600784e-22,1.0748572e-18,0.00020282311,2.0565587e-13
2022-05-01,1.281142e-10,0.9815926,1.0,1.9038422e-06,0.99998116,1.0
2019-11-09,5.0172777e-09,0.00054229895,3.1181355e-12,2.7202056e-08,1.0,5.62012e-05
2022-06-22,4.3868023e-28,2.1310226e-10,2.4166705e-19,5.81169e-17,8.781415e-12,8.06645e-06
2020-10-05,1.02101525e-23,6.659925e-08,9.84283e-22,7.700681e-16,7.700911e-06,8.9093555e-14
2019-03-31,1.8666051e-25,1.0,2.8193076e-06,5.2054847e-06,1.144003e-10,0.8464218
2021-10-27,8.6327033e-26,2.2019838e-14,6.727827e-18,3.2673866e-15,0.00862943,8.192817e-08
2023-02-21,4.6944567e-16,9.814451e-05,0.20309779,0.9999914,0.99995136,1.0
2020-04-26,1.222494e-05,0.92534554,1.0,0.00018503933,0.9999993,1.0
2023-12-22,0.999974,0.002328243,0.004189061,0.9967025,1.0,1.0
2022-09-23,7.0712184e-28,9.629593e-19,9.2410664e-27,2.1207303e-11,1.9484308e-08,1.3617536e-11
2019-09-19,4.1745397e-31,6.9427466e-13,7.908619e-26,5.151637e-19,3.0024075e-06,9.45691e-12
2023-07-26,1.1928415e-15,7.1242084e-07,1.0203747e-06,2.3070146e-12,1.8013158e-09,1.5568169e-06
2024-08-23,1.196346e-22,4.4033545e-06,2.2567253e-16,2.944387e-07,2.150488e-09,1.1302087e-15
2021-12-17,0.99999607,0.14996487,0.9974986,0.99986327,1.0,1.0
2019-05-31,3.7185972e-23,5.4003717e-08,6.723255e-12,2.2771496e-17,1.16860465e-05,1.0
2019-04-11,1.0559685e-23,1.0,0.008299765,1.093073e-05,2.5643313e-08,0.9999968
2024-12-21,0.99999917,0.99521565,0.0006911498,0.9999056,1.0,0.9999999
2021-05-29,2.0068963e-17,1.1151192e-07,0.00014441594,0.07478248,0.9692992,1.0
2020-07-11,8.286522e-25,1.0926474e-06,8.366671e-15,3.654867e-13,1.9726075e-10,1.9181565e-09
2020-12-05,0.99960583,0.999681,1.900041e-09,0.12322011,1.0,0.99985254
2022-09-24,3.0767e-26,8.7800074e-16,1.3215722e-26,2.3220173e-14,1.3821768e-08,6.8313817e-13
2023-02-26,1.3210725e-12,5.6107387e-05,0.020364862,1.0,0.99975413,1.0
2019-04-24,0.002566702,0.9999777,1.0,0.015010355,0.9999999,1.0
2023-05-21,5.4245336e-10,0.53180116,0.9999995,3.0077504e-07,0.9879799,1.0
2021-02-24,1.5093296e-10,1.0,1.5043762e-08,0.9997466,1.0,1.0
2021-10-28,3.7950536e-22,1.3324677e-16,8.596868e-22,9.095269e-18,0.8475926,7.42645e-09
2020-04-20,4.908975e-07,0.98674065,1.0,4.165016e-06,0.9999994,1.0
2022-09-15,7.326473e-28,6.40709e-14,2.7701545e-20,6.3921715e-11,1.0865753e-11,5.4889655e-11
2024-05-14,7.720439e-18,1.7114775e-08,8.297796e-05,1.4955202e-10,0.9999999,1.0
2024-07-27,2.3287675e-33,1.7053766e-09,5.3008423e-15,1.3162867e-15,3.6419338e-15,2.0708109e-10
2022-04-30,1.01940444e-07,0.9999958,1.0,0.004429564,0.9999664,1.0
2024-09-12,4.2054777e-19,0.023968138,1.7336228e-14,8.326718e-10,2.381789e-10,7.914119e-13
2023-11-10,9.533783e-21,6.584711e-11,7.2842923e-25,5.5012125e-13,0.031837568,3.570549e-13
2024-11-03,9.43027e-27,5.861232e-08,5.1051027e-24,1.4264584e-10,1.1622279e-06,8.23209e-11
2021-01-06,0.00051301776,0.999984,4.237471e-05,0.99999905,1.0,0.9999999
2021-10-16,2.409902e-21,3.1346938e-13,2.777993e-22,1.4580842e-14,1.8180686e-05,7.043137e-10
2020-09-27,1.464276e-19,1.3403141e-07,1.1248862e-18,2.7150872e-17,1.367857e-06,5.050209e-13
2020-03-28,3.3896365e-14,0.99999857,0.9999795,8.306655e-09,0.99987864,1.0
2019-06-14,1.2735039e-22,5.166371e-10,8.0020367e-16,2.3167983e-24,2.6491566e-07,0.9995333
2020-02-07,0.0016928246,0.9999995,0.99991035,0.99999523,1.0,1.0
2023-03-24,1.3621558e-19,0.99999964,3.829121e-05,0.0020598755,0.0001994494,0.9999999
2019-03-28,9.152815e-23,1.0,6.253609e-11,4.0278373e-05,9.16656e-05,0.99893504
2023-10-12,1.1708079e-26,3.8330079e-13,4.688496e-24,8.680077e-10,4.3889243e-11,3.4505873e-15
2024-11-30,0.99999917,0.996523,5.0593317e-06,0.18371144,1.0,0.9999428
2023-08-04,2.2412849e-29,1.491793e-11,2.8847678e-15,4.358831e-12,2.735936e-15,7.8687236e-13
2024-03-31,3.459453e-10,0.9984871,0.9998965,4.5389484e-06,0.9999981,1.0
2022-01-23,0.9998815,0.9999924,0.9999596,0.9999707,1.0,1.0
2024-01-23,0.9999993,0.99846315,0.017637026,0.99999166,1.0,1.0
2020-10-21,4.6750836e-24,8.1962085e-08,1.4464631e-23,9.261299e-17,0.9885175,1.405445e-13
2023-05-11,7.18442e-07,0.9999988,0.99999857,0.8915569,0.9999138,1.0
2022-01-03,0.9999994,0.99914086,0.99997735,0.9999454,1.0,1.0
2019-08-31,4.2734296e-35,2.4622626e-12,9.088551e-16,1.4367318e-12,1.2311013e-14,3.2975694e-07
2022-11-18,9.405625e-05,1.932151e-08,1.4131091e-12,2.5029712e-07,1.0,0.9999999
2024-01-27,0.9245999,0.9999883,0.095723756,0.9999981,1.0,1.0
2022-05-22,5.4206555e-21,7.8317364e-10,0.9999783,2.4295792e-05,9.2750975e-05,1.0
2020-10-08,2.1875095e-24,3.9833753e-07,4.573382e-21,6.0481534e-19,3.703292e-06,9.875009e-14
2023-09-28,3.38635e-24,4.291002e-11,9.117152e-26,2.3229314e-09,4.3770765e-08,3.1766935e-17
2022-11-13,9.473479e-09,5.309664e-12,1.836632e-14,1.2545043e-10,1.0,0.9999995
2020-09-17,1.890489e-33,6.539973e-12,2.876257e-19,2.447567e-14,2.4567646e-12,8.488163e-10
2022-05-28,5.734266e-23,2.0710505e-07,0.9749782,1.635619e-08,1.0858852e-05,1.0
2021-08-23,1.141742e-26,1.0133318e-13,1.3729964e-19,7.7458215e-15,0.0009811476,0.008279131
2021-02-25,4.7097917e-09,1.0,8.051781e-08,0.99987257,1.0,1.0
2021-01-20,7.792642e-09,0.9998172,7.930721e-06,0.99999976,1.0,1.0
2023-04-04,1.3524851e-17,0.99999964,0.0435503,0.09708384,0.0005080652,0.99999774
2024-10-19,2.3802126e-33,3.5377553e-07,7.834745e-20,1.4324403e-10,1.7898906e-09,1.516703e-10
2019-07-01,8.960382e-17,2.67107e-06,4.878783e-08,1.5670671e-18,8.579893e-06,0.03647573
2023-12-23,1.0,0.09897439,0.066314474,0.6782776,1.0,1.0
2022-08-20,4.5344563e-19,1.174966e-12,3.583707e-15,9.9876145e-15,6.733281e-11,4.939723e-11
2021-08-02,9.0748264e-32,7.230121e-12,8.473398e-24,3.0248674e-18,3.68006e-11,1.1067689e-10
2023-04-20,1.385353e-14,0.99974865,0.9999999,3.3120358e-07,0.9997155,1.0
2019-10-04,2.8729285e-23,4.56017e-09,2.433635e-21,1.3158017e-12,0.002150545,4.2031478e-10
2023-09-25,7.1579257e-29,7.085441e-15,1.962854e-24,2.2466146e-13,4.5460535e-11,4.4181857e-15
2024-03-22,9.920746e-15,0.984035,0.9966846,1.2476405e-08,0.9999552,1.0
2020-07-12,1.3236489e-29,4.296743e-06,1.1923486e-10,6.2470597e-12,2.070383e-15,5.610423e-07
2021-07-09,4.691904e-28,8.39527e-11,6.0654627e-18,1.4460827e-15,0.00014309453,0.6307245
2019-10-25,3.5418618e-22,4.1050393e-13,4.238455e-22,6.043527e-16,0.9999721,8.5921545e-09
2022-09-09,3.1095537e-23,1.3709111e-11,1.1241676e-22,1.0521029e-11,2.5473476e-08,2.529146e-14
2020-12-13,0.9952566,0.99642015,2.5503881e-05,0.9999484,1.0,1.0
2022-11-06,3.447732e-15,4.9943837e-16,5.5745106e-15,4.977034e-14,0.9999988,0.9951153
2021-08-12,2.1866618e-36,4.4185055e-07,1.730443e-16,6.9474056e-14,4.689463e-16,6.3849546e-07
2021-07-13,2.8345282e-27,2.9751328e-14,1.4112611e-20,3.9119184e-17,1.7395692e-05,0.28721496
2023-09-05,1.0486755e-29,4.1111472e-11,5.300032e-23,2.8465722e-12,5.908841e-14,1.1870085e-15
2023-04-23,1.1951771e-09,0.9999448,1.0,1.5831786e-07,0.9999498,1.0
2024-04-30,2.1845075e-09,0.0927112,0.99999976,1.5529743e-08,1.0,1.0
2020-06-27,3.562819e-18,5.3666754e-14,4.8757168e-14,1.9522637e-18,0.00019345798,0.97065073
2024-08-28,5.7218054e-25,2.844157e-05,5.0975395e-14,5.374202e-15,3.9662533e-13,1.8265363e-10
2021-06-15,3.2192445e-24,7.132728e-10,8.368767e-10,3.2799905e-13,1.6004008e-06,1.0
2022-01-31,0.9998005,0.99993205,0.99973184,0.99999666,1.0,1.0
2024-06-18,1.1213989e-25,4.562853e-15,2.2693613e-18,1.2975748e-17,3.6960297e-05,1.0
2022-07-12,1.9246363e-27,9.463943e-07,2.0894658e-14,1.2385602e-18,3.07276e-14,6.2791834e-08
2023-06-06,6.972303e-27,3.3126893e-10,4.0417794e-06,2.6321422e-19,7.4156245e-12,0.99996555
2021-05-02,9.54209e-11,0.9999976,0.9999995,0.0003458417,0.99999976,1.0
2019-04-30,1.5005668e-07,0.9999994,0.9999994,4.000049e-07,0.99999905,1.0
2020-01-04,0.9999511,0.99998903,0.9999999,0.99304754,1.0,1.0
2019-09-10,1.5270411e-23,1.0669502e-11,2.9837933e-18,6.983675e-18,4.2164303e-09,8.17751e-10
2020-06-03,3.939025e-23,3.2809512e-11,6.0484524e-07,5.3536714e-14,4.5895175e-07,1.0
2019-10-17,5.980806e-22,6.631526e-10,1.0330073e-23,6.1071213e-12,0.978403,2.0212397e-14
2024-10-17,1.1711601e-27,9.639303e-10,2.1064616e-24,1.0616897e-12,1.2676647e-06,1.7301726e-12
2020-11-03,1.9466859e-11,0.00016336185,6.1582866e-15,7.1751084e-14,0.9999999,3.6497553e-08
2020-10-14,2.1070827e-22,3.3929066e-08,1.1439968e-17,7.1197076e-17,0.9495092,3.918992e-09
2024-06-19,4.789499e-29,1.2737658e-15,1.7670002e-21,9.830116e-21,1.1762547e-05,0.99983716
2023-04-14,1.9158507e-15,0.99990404,0.9977945,7.336419e-08,0.9991061,1.0
2023-07-04,1.1876236e-24,7.312076e-14,2.3821e-12,1.7806259e-12,1.3628798e-13,0.00033458308
2023-01-20,2.0679639e-11,6.0496e-10,1.0905425e-06,1.0,1.0,1.0
2019-07-06,1.9450532e-18,1.628422e-08,8.1163245e-12,1.4006639e-19,1.4369947e-06,0.1179038
2023-01-23,8.976157e-16,8.9439624e-08,9.837418e-07,0.99999976,1.0,1.0
2019-07-17,2.5074148e-19,1.5706005e-15,6.1510725e-17,5.0388327e-18,4.3800494e-08,5.7999645e-09
2022-07-03,3.332908e-24,6.4758242e-12,1.9712663e-16,2.3102154e-16,1.3352453e-13,7.10009e-08
2022-05-15,4.7506243e-17,4.4299558e-08,0.99978715,4.786404e-10,0.9994361,1.0
2023-07-24,1.9998747e-23,6.6558196e-13,2.881807e-09,1.0232083e-12,6.520297e-15,4.8288668e-11
2020-09-21,3.8946424e-34,1.2489439e-10,1.9821526e-18,5.4895465e-13,2.5680058e-13,8.5195274e-11
2021-01-02,0.82221186,1.0,0.00014682165,0.99999976,1.0,1.0
2023-10-28,9.016775e-27,1.7213668e-09,8.6843947e-26,1.5155093e-13,0.00026462987,1.5038594e-16
2019-12-12,0.9999999,0.9971687,0.9837055,0.8926071,1.0,1.0
2019-10-31,5.2299524e-18,7.7824004e-11,2.6358889e-20,1.3396436e-16,1.0,7.9402946e-07
2020-09-05,5.794083e-35,1.12494444e-10,2.0342501e-18,1.6878439e-13,1.0034693e-12,2.805779e-11
2021-01-19,8.8673175e-09,0.99797314,4.570292e-06,0.9999995,1.0,1.0
2024-11-28,1.0,0.30454823,2.6547651e-08,0.12832493,1.0,0.99876356
2021-07-19,4.9355334e-33,8.959729e-14,3.0329723e-22,3.1304167e-16,1.5131612e-09,8.5039865e-08
2023-01-10,2.0959844e-10,1.7321763e-05,5.8671606e-08,1.0,1.0,1.0
2020-10-25,6.256332e-25,1.372856e-10,3.5515798e-20,3.1704496e-15,0.99851304,1.3510775e-13
2023-08-07,1.5973198e-29,4.2494285e-12,1.848606e-18,7.849342e-13,1.3091104e-12,5.4725034e-14
2023-11-02,1.5544934e-17,1.7480424e-07,8.4433176e-26,8.4552754e-11,0.0043544797,4.931229e-16
2020-09-09,2.3697347e-37,1.4164143e-09,1.0158536e-20,2.1028423e-15,2.8103084e-12,1.9110927e-10
2021-08-27,1.10968834e-32,1.7130294e-07,2.385953e-22,5.8184366e-16,5.7526716e-11,4.2613255e-13
2020-12-31,5.7706155e-05,0.9999981,2.8152562e-07,0.9999913,1.0,0.9999999
2021-11-08,7.708315e-18,5.004377e-16,1.9931306e-19,1.5389861e-11,1.0,0.034695923
2022-07-24,2.8193098e-21,2.4697625e-10,6.711522e-11,9.435716e-13,2.7623832e-12,2.3440118e-11
2024-06-03,6.2842597e-13,5.9590515e-09,7.577898e-08,2.848549e-12,0.99999845,1.0
2021-08-29,3.737912e-30,2.6891847e-09,3.4865383e-22,6.8893774e-16,3.956103e-11,2.1617434e-13
2024-09-20,3.1824062e-32,1.2487456e-07,2.1654363e-21,4.4965404e-13,2.5674036e-09,3.348736e-13
2024-01-18,0.99999976,0.98619276,0.16019417,0.99997103,1.0,1.0
2023-04-30,7.868716e-11,0.99689376,0.99999356,1.7738585e-05,0.9999981,1.0
2022-04-19,4.986672e-09,0.99920195,1.0,3.2986705e-07,0.9999752,1.0
2023-01-06,0.0039688204,2.289305e-05,0.0048526484,1.0,1.0,1.0
2023-06-22,2.106849e-30,4.2368013e-13,2.8058484e-11,1.4826845e-11,4.46772e-14,0.010782075
2021-05-06,5.4139953e-08,0.99998903,0.9999999,2.35193e-06,0.99999964,1.0
2024-10-04,5.6632494e-29,6.865831e-07,2.2960447e-23,2.2504738e-10,4.3445503e-10,1.6586822e-15
2021-05-21,1.1880639e-05,0.99998915,0.99916947,0.12909415,1.0,1.0
2023-03-15,1.3124805e-16,0.30191752,0.01748598,1.0,0.99691075,1.0
2024-03-08,3.1541425e-36,1.5295909e-06,1.8296653e-16,4.828031e-05,5.7363028e-11,0.80935603
2021-10-03,1.2802885e-30,3.5530894e-13,1.5358419e-27,2.3277289e-14,1.1996478e-07,3.3395763e-13
2021-07-30,2.5329835e-37,5.434602e-13,5.334084e-24,1.0366225e-17,1.4216106e-13,2.4620053e-07
2019-09-04,1.5311296e-31,7.911829e-12,3.860543e-21,1.6372056e-18,2.947294e-10,1.9459053e-08
2021-06-03,9.008157e-17,6.878278e-10,6.9392556e-08,7.2825e-10,0.9999969,1.0
2021-12-01,0.99902606,5.7305865e-06,0.0032528609,0.9994573,1.0,1.0
2024-09-14,6.4162646e-17,0.0007441041,2.1583638e-18,2.9547418e-13,3.5856007e-07,3.437041e-16
2022-06-02,1.5101401e-12,7.467345e-12,0.9997831,2.511241e-10,0.9244175,1.0
2024-09-10,5.1156547e-22,6.898925e-07,4.3442623e-09,3.3340237e-11,3.0273627e-13,4.7003193e-11
2021-01-30,2.157995e-09,0.9999981,2.3162519e-08,0.99999976,1.0,1.0
2021-11-10,2.6391378e-13,9.567805e-15,3.226916e-17,5.1199933e-09,1.0,0.34557444
2023-04-28,4.916091e-08,0.99984956,1.0,8.130811e-07,0.9999995,1.0
2019-05-09,1.8635393e-07,0.9999877,0.9998745,1.9122606e-09,0.99999917,1.0
2019-04-29,9.962564e-10,1.0,0.99999607,6.51033e-06,0.99999845,1.0
2023-05-08,2.9035834e-07,0.9999999,0.99999976,0.031625032,0.9992581,1.0
2019-08-18,7.837078e-27,1.0351685e-09,1.6521209e-15,1.8541104e-11,2.615782e-06,2.7009324e-07
2019-04-21,7.37171e-08,0.99999845,0.9999974,3.553354e-06,0.9999993,1.0
2021-06-16,2.48717e-20,1.679572e-12,5.1964444e-10,1.8296776e-14,9.7303026e-05,1.0
2019-06-10,5.381404e-22,1.3761443e-09,5.1264564e-15,6.3626817e-20,2.9367195e-06,1.0
2024-06-10,3.0290728e-24,3.6783703e-14,4.021673e-13,4.0391168e-16,0.0074482383,1.0
2022-08-27,4.1001235e-25,3.384854e-15,1.52046e-17,1.3164826e-11,9.934381e-11,1.507714e-12
2024-05-10,1.568051e-14,3.678245e-06,0.3344056,1.2985735e-08,1.0,1.0
2022-09-04,1.9456983e-26,2.600169e-14,2.4789683e-19,6.9905426e-13,6.385729e-10,1.954397e-12
2023-08-06,3.4624147e-30,3.8097685e-11,6.818709e-15,3.4572727e-12,5.285877e-16,5.1447357e-11
2022-08-06,3.4964626e-21,8.3702517e-10,3.1250302e-12,2.1553796e-12,5.3297948e-12,5.02052e-10
2024-06-28,1.2357977e-28,1.5672967e-15,9.883256e-19,1.0957004e-20,1.2330386e-09,0.118754864
2024-09-24,3.873649e-33,1.0614201e-09,2.6623207e-23,5.453809e-14,1.1626259e-10,8.9580594e-13
2022-09-25,9.246068e-28,2.4281248e-15,4.9312275e-24,2.0280828e-14,2.0313622e-10,1.7697573e-12
2020-02-15,7.567658e-06,0.99999976,0.99782205,0.9962626,1.0,1.0
2023-02-05,0.00036478578,1.1575882e-05,0.9975921,0.9999999,1.0,1.0
2022-05-05,1.02480415e-08,0.9702626,1.0,2.2480609e-07,0.99998343,1.0
2022-09-11,8.908229e-19,2.5724271e-17,5.1824567e-22,6.388788e-17,1.2527153e-05,2.5801719e-13
2022-06-28,1.7386898e-21,1.4286794e-11,1.9687345e-15,6.0426174e-12,1.5594299e-12,2.8709787e-06
2020-11-15,0.000822404,0.0033269248,7.493361e-18,6.6598846e-09,1.0,9.757645e-08
2020-02-26,4.958941e-08,0.99975127,0.0019438438,1.0,1.0,0.99999917
2021-09-25,2.2958238e-32,2.8736858e-11,2.3421137e-25,3.9279823e-15,2.0804638e-09,2.4743027e-14
2020-05-15,1.1467961e-12,2.2444274e-05,0.9999988,2.2065326e-06,0.9999043,1.0
2023-08-24,1.9387363e-16,3.4991038e-10,1.5057028e-15,9.640981e-09,9.74337e-14,3.8843053e-13
2022-02-08,0.9899917,0.99999964,0.99927646,0.9999852,1.0,1.0
2023-09-11,2.856628e-20,1.9986815e-07,9.504209e-17,7.939675e-12,4.859778e-13,6.6096915e-14
2019-11-07,1.4780643e-12,2.5062072e-10,9.9848386e-14,1.6792573e-13,1.0,0.05418465
2021-09-14,5.356086e-31,5.7557206e-12,1.7326738e-18,1.03950125e-17,6.8331053e-12,5.0934947e-11
2022-01-24,0.9999882,0.99999666,0.9992005,0.9999906,1.0,1.0
2021-07-22,2.2413777e-30,2.1226161e-07,6.069269e-22,7.682858e-12,3.8567602e-10,4.544483e-08
2022-03-14,2.6043265e-19,1.0,3.3860473e-12,0.0013250735,1.930466e-06,0.0991183
2024-06-26,2.2551e-30,5.420962e-15,8.514622e-22,1.2023681e-20,4.904541e-09,0.11765626
2019-06-02,3.2786844e-31,1.2329075e-08,1.1908972e-12,2.1316968e-18,7.727031e-09,0.9999727
2021-09-13,1.6737196e-31,3.4872537e-12,2.5976279e-20,4.3891392e-16,6.757389e-12,4.6647885e-12
2023-03-31,2.084737e-21,0.99999964,0.00012788361,0.16137585,2.7913666e-05,1.0
2023-12-04,0.9999989,0.0068822424,1.0048179e-06,0.07881483,1.0,0.93656963
2024-06-21,2.501435e-26,1.9315529e-13,1.4133704e-16,3.2102498e-20,8.200881e-09,0.9999857
2024-03-25,4.6975335e-18,0.9999912,8.5460005e-07,0.00036279147,0.99986637,1.0
2019-11-15,0.0009476078,1.2717921e-05,3.7472694e-12,1.11741054e-10,1.0,0.9935277
2021-04-08,3.1205593e-22,0.9999999,2.8171017e-09,4.0663622e-10,7.762805e-06,0.9994855
2019-05-02,1.7685192e-05,0.9995933,0.9999995,2.088729e-06,0.99999976,1.0
2023-08-18,2.6474933e-31,1.3432418e-11,1.3355392e-19,2.3142817e-16,1.12318195e-14,3.3302625e-14
2021-09-16,2.009778e-31,2.2454236e-13,2.7773403e-19,1.3986891e-18,2.8162877e-11,1.5903896e-09
2019-05-29,1.0592839e-25,1.100774e-06,4.9438844e-09,3.8920956e-15,0.00062355737,1.0
2022-02-01,0.99954456,0.99999976,0.99986076,0.9999814,1.0,1.0
2023-03-20,1.277269e-15,0.99997926,0.08501087,0.38332224,0.06836163,1.0
2020-06-08,5.645402e-10,5.8545085e-11,0.99966836,1.967171e-06,0.9996407,1.0
2022-07-06,2.1705027e-24,1.235842e-10,1.6054683e-15,5.264317e-19,3.389126e-14,1.31253834e-08
2023-11-12,1.3442256e-23,1.07253456e-07,7.8421926e-27,2.588759e-13,0.49663216,2.4466066e-13
2019-06-09,7.128546e-23,1.4117024e-09,5.0586255e-13,4.1283724e-18,0.000968845,1.0
2020-03-12,1.096754e-13,0.99997807,0.0020426598,5.1782612e-05,0.9999994,1.0
2019-05-18,5.5423743e-12,1.0,0.0007228191,4.2281184e-07,0.975183,1.0
2022-01-17,0.99999917,0.99998796,0.9995633,0.9999422,1.0,1.0
2020-02-27,1.02228864e-10,0.9999535,0.716212,1.0,0.9999988,1.0
2024-07-30,3.2582613e-31,2.050247e-05,1.7306925e-10,7.496165e-10,9.792479e-18,4.257112e-08
2019-12-18,0.9998165,0.9997198,0.99881184,0.83511156,1.0,1.0
2021-11-19,0.0027695047,5.488691e-08,5.2661838e-12,0.00028881896,1.0,0.9999968
2020-07-05,3.1335891e-27,4.664896e-07,4.931057e-17,2.1260133e-17,8.6252804e-11,1.9303702e-06
2023-07-01,3.4409376e-31,2.0999717e-12,1.4959372e-13,1.9566254e-14,2.805701e-13,0.00010004721
2020-06-17,3.203892e-25,1.3098154e-11,1.8486265e-11,5.540455e-14,0.049080115,1.0
2024-10-03,7.592141e-25,9.6434e-11,4.086531e-21,1.3770881e-11,9.05555e-09,4.0626964e-13
2022-05-16,1.7498377e-18,2.1966923e-08,0.9997259,7.004614e-08,0.9999896,1.0
2021-08-20,4.451174e-15,1.8164859e-13,9.1244935e-11,1.0415785e-07,0.9996873,0.0023075084
2023-03-05,4.4266617e-12,0.0006123375,0.0015436052,1.0,0.9999926,1.0
2019-06-07,1.3420467e-25,3.4077052e-09,1.3442478e-13,1.8445394e-20,3.674241e-05,0.9999999
2022-12-29,1.9472667e-07,1.5687874e-05,6.792635e-10,1.0,1.0,0.9999999
2022-06-18,1.1520835e-28,4.983035e-11,4.515631e-16,3.0233214e-18,7.926261e-14,0.009840973
2021-11-22,0.02045742,8.494892e-08,2.3984946e-12,0.00013819517,1.0,1.0
2019-04-26,5.945496e-09,0.99998856,0.9999881,4.124853e-05,0.99999547,1.0
2020-03-15,8.015374e-12,1.0,0.9923477,7.196302e-06,0.9999988,1.0
2019-08-27,1.2422528e-30,3.708877e-13,1.9019863e-22,4.646438e-14,3.959125e-10,3.2064046e-10
2020-01-26,0.006834492,0.9999999,0.9999958,0.9999182,0.99999976,1.0
2022-05-13,3.4455254e-14,7.818817e-07,0.9999988,2.3657515e-06,0.99996686,1.0
2022-12-07,0.06812846,7.7330755e-09,7.443167e-17,0.95515805,1.0,0.98762345
2022-03-16,3.4906196e-24,1.0,2.2545431e-13,3.9669292e-08,4.1130234e-06,0.98306274
2020-08-13,1.7657591e-15,2.4018473e-06,9.785419e-11,3.302118e-09,2.472809e-09,5.8626515e-08
2023-10-19,1.1007789e-26,2.8684492e-12,9.976184e-24,1.8986878e-11,3.1184808e-08,1.6551104e-12
2024-09-15,1.8811278e-20,0.004634071,2.1449144e-15,3.0597348e-11,3.213038e-12,1.2105353e-12
2019-08-30,3.08152e-31,2.1081595e-11,5.9247244e-20,1.7713104e-16,4.720977e-14,4.988832e-09
2024-08-16,4.4951275e-31,5.3582052e-11,2.3700552e-11,4.5035898e-12,3.2886034e-17,2.6003953e-08
2023-12-06,1.0,0.023188574,0.000111217414,0.9677247,1.0,0.9988846
2020-01-28,0.6785876,0.99999917,0.99999857,0.9999558,0.99999976,1.0
2021-04-27,1.014918e-09,0.9999957,0.9999844,1.4383877e-06,0.99999595,1.0
2024-09-23,1.8833629e-33,3.9119494e-09,3.4650467e-21,4.1623643e-10,2.4482616e-11,4.324242e-12
2023-08-12,2.5073421e-31,1.3385973e-11,2.5126089e-23,9.526383e-14,7.399405e-12,3.5305922e-14
2019-07-11,1.1945361e-21,9.64184e-10,2.6222816e-11,6.395978e-18,1.9071509e-12,4.2205895e-05
2019-08-28,2.122538e-31,8.50646e-14,7.497768e-17,1.30513e-14,6.6495263e-13,9.748674e-09
2020-02-04,0.33353058,0.99999046,0.99992716,0.99999225,1.0,1.0
2020-09-01,3.4394676e-31,2.50317e-09,4.7854715e-18,8.99958e-15,3.617344e-11,2.9676334e-11
2021-02-09,1.4380611e-09,0.9999981,3.350933e-10,1.0,1.0,0.9884321
2024-12-15,1.0,0.9992655,0.00010140052,0.97635514,1.0,0.9999906
2024-02-28,1.7486791e-30,1.421664e-05,3.4044473e-22,6.045073e-08,1.9390295e-07,0.001477622
2019-09-01,6.620419e-32,4.4477033e-11,8.9474315e-18,8.474177e-12,9.263279e-13,3.4351988e-09
2019-09-15,2.847297e-25,5.865006e-14,2.7275541e-25,5.5588994e-16,7.749287e-09,3.2532334e-11
2023-06-18,8.505474e-28,3.7745893e-10,1.290649e-09,2.1369153e-11,1.6968958e-12,0.997638
2024-08-31,2.3232361e-21,8.188395e-05,2.198622e-14,1.08637945e-13,4.61785e-13,5.5724488e-11
2020-01-27,0.032928396,0.9999989,0.99999964,0.9992582,0.9999999,1.0
2023-02-12,5.469394e-07,8.205762e-09,0.0014133729,0.9999999,1.0,1.0
2021-08-22,2.500727e-20,4.7831544e-14,1.8557594e-22,9.719506e-13,0.26262015,3.7478599e-06
2021-01-04,5.118497e-07,0.9999988,5.855516e-06,0.99999976,1.0,0.99999416
2022-08-21,8.952936e-24,3.7762918e-12,5.23193e-17,1.5355862e-13,9.675641e-11,6.517108e-13
2023-01-11,1.4660816e-11,1.1916136e-07,7.0590507e-09,1.0,1.0,0.9999987
2023-04-09,2.4659407e-21,1.0,0.019928671,2.4260188e-11,6.629181e-05,1.0
2024-12-03,0.99999964,0.9994547,4.7209102e-08,0.9952943,1.0,0.7776233
2023-07-11,3.372872e-27,4.5986667e-06,4.443067e-14,6.7733514e-12,5.9924256e-16,1.4600916e-09
2023-04-10,1.02774875e-22,0.9999989,0.0041800877,4.4931486e-08,4.7084923e-06,0.99999976
2021-04-13,3.963572e-19,0.99999964,0.0009209131,8.826154e-11,2.1350215e-06,1.0
2022-11-17,9.104606e-06,1.5486075e-09,3.6978507e-13,7.522294e-09,1.0,0.9999999
2022-09-19,2.204862e-22,2.0860162e-15,2.2564577e-24,2.0550862e-15,7.419658e-08,3.0791702e-12
2023-09-29,2.355062e-23,1.3672813e-11,6.6745786e-26,1.1669298e-09,9.662183e-10,8.295565e-18
2024-10-20,2.2566098e-34,9.509687e-09,4.458986e-25,7.653506e-15,1.4615127e-09,6.6210763e-13
2020-12-16,0.9960089,0.99977237,8.219853e-06,0.97384924,1.0,1.0
2021-11-17,0.010098206,1.1725842e-08,1.4174892e-10,9.774536e-07,1.0,0.99986506
2024-12-16,1.0,0.91507363,4.6376554e-05,0.9998741,1.0,0.9999896
2023-06-10,1.4328503e-21,2.5427416e-06,0.00028648184,3.7376024e-13,1.1849973e-08,1.0
2021-12-22,1.0,0.4427377,0.75638705,0.9919897,1.0,1.0
2023-04-27,1.321702e-13,0.9940142,0.9998958,0.00010695598,0.99999964,1.0
2024-10-28,2.9256253e-32,2.6175332e-08,1.0484986e-23,3.6621928e-10,4.6929607e-09,4.2941133e-11
2021-05-09,5.144495e-09,0.9987203,1.0,1.8482046e-06,0.9999988,1.0
2019-04-12,7.971688e-17,1.0,0.5541995,7.3181354e-06,4.198166e-05,0.99999964
2020-11-11,1.9630572e-05,0.58065975,1.7914127e-14,4.5543143e-07,1.0,0.00052449136
2023-12-26,0.99999785,0.9466218,0.038928017,0.9976267,1.0,1.0
2022-08-14,4.7549045e-24,2.566385e-09,3.0470017e-16,2.3350483e-14,4.315242e-13,3.2375432e-14
2024-08-01,7.251992e-25,0.00044257843,6.258652e-16,2.6942542e-11,1.924117e-14,4.0167688e-08
2023-06-12,4.1058303e-28,1.9776905e-09,4.8781498e-08,1.9117915e-15,4.1301374e-14,0.9722286
2021-02-21,1.8604003e-09,1.0,5.8511285e-10,0.9962633,1.0,0.99984217
2021-11-30,0.9880838,5.101814e-06,5.1264146e-06,0.9983413,1.0,1.0
2020-02-23,2.080191e-08,0.99999917,0.0512317,0.9834499,0.9999999,1.0
2021-05-19,1.2373481e-08,0.9999857,0.99999857,0.0005706395,0.999998,1.0
2023-08-16,6.4744752e-28,3.002476e-12,4.430345e-19,8.851461e-14,1.173842e-15,6.475722e-13
2022-09-10,6.9096555e-20,7.284857e-15,4.3434384e-22,7.791934e-15,4.61559e-07,3.8148347e-12
2020-06-24,7.6561243e-25,4.024462e-15,1.6133926e-17,4.9915355e-20,8.075813e-05,0.997938
2020-02-21,3.7791548e-11,0.9999999,0.00010120036,0.9999944,0.9999709,1.0
2021-02-26,1.3069948e-08,1.0,5.592037e-07,0.99517244,1.0,0.99999976
2023-02-22,1.9967014e-10,2.501251e-05,0.8685395,0.9999733,0.9999999,1.0
2019-12-07,0.999977,0.9623208,0.9911171,0.13396543,1.0,1.0
2023-08-19,6.194695e-28,1.5724531e-11,8.3339364e-20,3.4180325e-11,1.7453913e-14,1.5444182e-10
2020-05-21,3.0691664e-16,1.6506958e-06,0.997265,9.0923444e-13,0.8916752,1.0
2021-10-24,1.127855e-26,5.4689603e-16,2.6773646e-22,1.3994309e-18,4.064253e-05,9.9085455e-08
2019-09-30,3.6941854e-20,4.624355e-13,1.6921521e-22,7.747823e-13,0.019878963,2.7918807e-09
2022-05-12,1.0611617e-15,0.00014482965,0.9999988,4.757465e-07,0.99881834,1.0
2024-01-08,0.9999913,0.99960214,0.028023047,0.9999995,1.0,1.0
2020-08-14,2.801373e-22,9.974276e-10,1.0832965e-09,4.0799e-07,1.8300766e-13,1.3614231e-08
2023-01-18,1.623467e-11,6.961129e-08,0.000121498895,1.0,1.0,1.0
2021-08-30,4.179525e-32,2.094288e-08,2.5730686e-22,1.2637074e-13,1.0723208e-09,1.0615668e-11
2020-05-18,7.721402e-13,1.4319426e-05,1.0,3.0188367e-08,0.99997056,1.0
2022-02-10,0.99739945,0.99999535,0.9995766,0.9999988,1.0,1.0
2021-07-25,3.4230695e-37,2.1344415e-12,7.023997e-24,9.1785417e-17,5.340541e-12,1.4778616e-08
2019-10-26,3.3753829e-19,3.561493e-11,2.0339433e-22,8.1996156e-16,1.0,1.1072593e-09
2020-07-01,2.608419e-22,8.420244e-10,4.0222815e-08,3.08859e-14,4.1098133e-07,0.986826
2021-07-16,9.281234e-27,1.9835685e-13,4.387473e-20,1.493847e-17,1.26931e-06,0.004616973
2024-10-27,1.9569407e-31,7.9344453e-10,1.0802335e-26,8.0548256e-11,6.0462586e-09,1.9996303e-12
2019-05-24,2.417377e-22,0.99980444,3.091527e-09,2.2518528e-13,0.0008309056,0.99999917
2019-04-16,5.1898485e-07,0.9999993,0.99999714,1.5328281e-07,0.9999964,1.0
2019-12-15,0.9994518,0.9999479,0.9999343,0.94726866,1.0,1.0
2023-05-18,8.349351e-06,0.01681785,0.99999213,0.00012617116,0.99999535,1.0
2023-09-04,2.1816187e-23,3.64374e-07,1.101291e-19,1.6854915e-10,8.867658e-12,3.7604184e-14
2024-10-12,3.8448977e-25,3.2044263e-06,9.901635e-26,2.0449848e-09,2.8879876e-08,3.7279872e-15
2022-09-17,3.1985713e-23,5.1360677e-15,1.4790649e-24,1.4063139e-13,3.702987e-10,4.87277e-14
2019-07-15,4.761652e-26,2.0530551e-13,7.413333e-16,7.254639e-20,3.7823398e-08,2.2884944e-07
2020-02-11,0.0038907437,0.99999905,0.99999726,0.9999976,1.0,1.0
2023-11-28,0.7639211,0.13718973,1.05516165e-07,0.0012618948,1.0,0.02733163
2023-12-01,0.99997807,0.6712136,1.9934081e-08,0.0043250676,1.0,0.72886026
2019-11-01,2.8581353e-18,4.2573776e-09,2.5615648e-19,2.8922937e-15,1.0,6.661168e-09
2022-09-03,3.328945e-23,8.1396797e-14,1.3692208e-18,1.16568556e-14,1.6837179e-10,5.2453627e-12
2021-06-22,1.2254214e-16,5.001749e-10,0.091282375,6.6813607e-13,1.2145946e-07,1.0
2024-09-16,1.5286286e-20,8.3253784e-05,3.7621307e-15,8.845621e-14,9.461872e-08,7.438148e-12
2019-11-06,3.195967e-12,6.7311726e-07,1.7738673e-15,5.903671e-10,1.0,0.00661859
2020-10-09,5.468814e-31,1.07606105e-07,2.4594024e-21,2.1581449e-15,3.0119813e-07,1.8109639e-14
2021-12-28,1.0,0.9743242,0.99996614,0.99877733,1.0,1.0
2019-06-13,2.4956127e-25,5.068586e-07,7.654387e-14,4.0464476e-21,1.2959653e-06,1.0
2022-11-16,6.4960854e-09,2.650486e-11,2.7372825e-15,3.730178e-11,1.0,0.99999785
2023-06-30,8.074618e-31,3.8272806e-13,3.4460282e-12,1.9251723e-12,1.0028336e-13,0.122335285
2020-05-24,4.4738874e-13,2.142477e-08,0.9999982,3.5291356e-07,0.9972119,1.0
2023-01-02,1.788893e-14,3.4730368e-07,8.3997325e-09,1.0,1.0,0.99973935
2019-04-27,9.676735e-10,0.9999994,0.9999989,1.1815869e-06,0.9999925,1.0
2021-09-12,1.2464627e-31,2.4000378e-15,1.1067954e-19,1.6665022e-15,5.858306e-11,3.6584086e-10
2022-06-27,7.643959e-24,1.8986815e-10,1.1416837e-14,1.5535167e-15,2.4147475e-13,1.1251965e-05
2019-10-10,3.344767e-16,5.420614e-10,8.0565175e-18,2.5162701e-14,0.9973284,3.951471e-12
2022-01-26,0.9999734,0.9999795,0.49472183,0.9999933,1.0,1.0
2021-04-20,4.0123897e-19,1.0,0.0411152,5.563849e-10,5.0619956e-06,0.99999106
2024-11-14,1.564268e-08,0.022013368,1.294298e-16,3.3735013e-09,0.9999778,9.149477e-09
2020-07-19,1.5097162e-24,2.5255227e-09,4.57554e-16,5.3611672e-12,2.1588686e-12,5.952332e-11
2022-07-14,1.3577316e-25,1.0875063e-07,1.0754961e-12,7.654312e-18,2.987146e-15,2.3294769e-08
2022-03-24,7.2633503e-23,1.0,8.216752e-14,4.355698e-07,1.8783808e-06,0.99999285
2023-11-19,6.543398e-14,5.646834e-10,1.741933e-17,9.733309e-07,0.9999999,3.3515672e-09
2024-02-12,9.917581e-06,1.0,5.9398513e-09,0.99999976,0.9997403,0.99993086
2020-07-31,3.0176417e-25,6.888499e-08,2.2647797e-09,1.4070177e-08,1.1804159e-15,4.6938555e-09
2022-03-25,2.145101e-24,1.0,3.1804392e-10,2.2913423e-07,5.954821e-06,0.99384034
2021-05-10,1.0405425e-06,0.9990081,0.9999943,0.00462697,1.0,1.0
2023-04-21,4.4030356e-11,0.999946,0.99999833,5.410135e-08,0.99999964,1.0
2023-02-19,3.1495296e-11,6.249659e-05,0.926124,0.99998057,0.99999523,1.0
2021-10-08,4.9334406e-27,3.4645372e-14,1.4002175e-23,9.577587e-16,0.00066548475,1.2767691e-06
2022-02-26,0.0033632335,0.9999888,4.675213e-05,0.99999964,0.99990773,0.9999919
2021-10-21,1.7796812e-24,5.3197962e-14,4.508553e-25,6.4813844e-16,0.002401314,1.6473724e-08
2022-05-26,5.4035698e-18,4.2904225e-10,0.99950945,1.658037e-11,0.22155984,1.0
2024-01-20,0.9999988,0.9848381,0.88997215,0.99998915,1.0,1.0
2022-02-02,0.9997588,0.99999714,0.9786168,0.999974,1.0,1.0
2022-06-17,1.2068522e-29,2.937995e-13,1.6328857e-15,1.9708732e-18,4.284539e-12,0.22407702
2022-08-09,9.263094e-26,1.8186495e-09,1.9037445e-13,8.3585135e-13,3.2699776e-13,8.2046003e-10
2021-05-26,7.812883e-09,0.06452805,0.005363385,0.030982187,1.0,1.0
2024-01-12,0.9999999,0.9960884,0.8401988,0.99999785,1.0,1.0
2020-05-06,2.1106374e-08,0.36002573,1.0,7.2928575e-05,0.99999666,1.0
2021-11-28,0.99342537,1.2490068e-06,3.9829833e-06,0.46137115,1.0,1.0
2021-09-21,3.943017e-34,2.5162258e-11,3.3586655e-23,8.888486e-16,5.343149e-12,5.016741e-13
2019-04-02,1.7521145e-19,1.0,0.00038798767,4.718868e-06,1.2291886e-07,0.99901307
2020-11-28,0.1676784,0.99993956,2.4117957e-14,0.7027873,1.0,0.3464113
2019-11-19,0.0007669627,0.98561263,1.4864991e-14,1.0183842e-07,1.0,0.0013353322
2020-03-17,2.4668874e-09,0.9999999,0.9656662,8.266627e-06,0.9999999,1.0
2023-07-25,9.69265e-19,1.5694904e-10,1.9646595e-09,6.4361004e-12,4.818704e-13,5.3911453e-10
2024-06-02,5.7898747e-16,4.0823807e-09,9.648082e-07,3.153751e-14,0.999215,1.0
2024-02-11,2.8003096e-11,1.0,1.0331801e-09,0.99712986,0.72004044,0.998336
2019-09-05,9.532034e-29,7.4032766e-11,5.4968323e-19,8.6678247e-16,7.557394e-10,2.5991363e-07
2020-07-02,1.7261193e-22,2.4129616e-09,2.236598e-12,2.7675069e-14,3.4053354e-08,0.89673823
2022-06-25,9.356557e-28,1.8566374e-11,1.6009112e-16,2.8671377e-15,1.2476658e-13,7.738094e-07
2024-05-01,1.437276e-10,0.21576308,0.9999999,8.493284e-09,1.0,1.0
2023-07-30,5.6517797e-25,9.889424e-11,5.9500384e-15,8.253031e-15,2.312719e-13,4.835869e-12
2019-10-15,2.5394315e-26,3.6307934e-08,7.0352596e-24,1.7554272e-14,0.0012088007,4.090693e-11
2022-12-08,0.17637743,3.799546e-06,1.3776518e-09,0.9999924,1.0,0.9999989
2022-07-30,8.084137e-17,2.0661384e-11,5.4292894e-12,5.6421576e-15,6.171366e-10,8.111156e-08
2019-09-07,6.24768e-23,2.9778836e-12,1.7552752e-23,7.865661e-17,1.1604022e-05,7.783094e-08
2021-01-03,1.5072087e-06,0.99999595,1.7955374e-07,1.0,1.0,0.9999968
2019-03-30,1.3552454e-21,1.0,2.3144617e-05,5.9597363e-07,9.03399e-08,0.999041
2022-01-09,0.99999905,0.9976603,0.9999865,0.99990714,1.0,1.0
2022-02-21,0.9922776,0.99999905,0.9182384,1.0,1.0,1.0
2024-03-15,8.2277124e-18,0.82319975,6.975579e-05,2.5589627e-06,0.040893342,1.0
2024-02-07,4.642023e-05,0.9999994,4.061804e-06,0.9973878,0.9971227,1.0
2021-03-04,7.5396686e-18,1.0,4.0431186e-07,0.4521982,0.98357683,1.0
2020-03-08,4.8533353e-15,0.9938643,4.4283934e-07,0.9761086,1.0,1.0
2022-02-19,0.9700964,0.9999994,0.002201021,0.9999999,1.0,1.0
2024-12-22,0.9999999,0.9992599,2.3298605e-06,0.99994683,1.0,0.9999716
2024-11-25,0.9999733,0.99206394,6.728573e-10,3.4017972e-05,1.0,0.1948141
2023-12-13,0.99999595,0.15977739,0.002672569,0.9968149,1.0,1.0
2022-01-02,0.99990773,0.9982998,0.9999993,0.98857564,1.0,1.0
2020-11-17,1.5837079e-10,0.62890166,2.7291249e-18,2.144792e-11,1.0,2.3676145e-08
2020-06-05,4.4239243e-13,6.4194944e-10,0.9995048,1.8705595e-08,0.84419215,1.0
2023-05-24,7.2768804e-09,0.43313435,0.999995,0.0032867377,0.95387125,1.0
2020-06-01,5.2184746e-25,3.866794e-09,0.00013939208,7.635437e-12,2.962435e-08,1.0
2021-10-30,1.2734247e-24,6.810826e-13,8.409171e-21,5.5396107e-14,0.9968054,2.3472874e-06
2022-11-01,5.53312e-20,2.2971568e-16,8.009805e-21,3.6618028e-13,0.98536044,0.8895084
2021-10-22,1.6052043e-23,6.3318714e-16,4.2180815e-23,1.0035353e-14,0.0030882442,5.0007422e-08
2022-02-09,0.9987233,0.99999964,0.5324781,0.9999956,1.0,1.0
2021-04-29,1.2176392e-07,0.9998832,1.0,3.5832047e-06,0.99999976,1.0
2021-12-11,0.9970009,0.50960374,0.014943211,0.9999434,1.0,1.0
2023-03-25,3.8845234e-19,0.9916904,9.864446e-06,0.99999416,0.80696917,1.0
2024-02-01,0.0007544007,0.9999999,3.839772e-07,0.99999976,0.99998116,0.9999958
2020-05-05,5.779127e-09,0.24775364,1.0,3.3212673e-05,0.9999995,1.0
2019-10-06,1.5778275e-19,7.5589507e-10,8.1291384e-23,3.68003e-12,0.80397516,6.48005e-12
2021-09-03,2.393853e-33,5.333351e-13,8.676779e-26,2.2256227e-16,1.725238e-10,8.7738185e-11
2020-11-12,7.664943e-06,0.9947725,5.69423e-13,1.3821707e-09,1.0,3.272317e-05
2021-06-27,2.5568666e-21,2.5463307e-13,6.460317e-12,1.00269477e-19,2.3397031e-05,0.99999857
2020-06-26,4.102385e-21,2.1235342e-16,9.438128e-17,1.7365828e-20,5.4053153e-06,0.6119958
2021-02-11,9.1109154e-14,0.99986887,5.493375e-11,1.0,0.9999999,0.9999776
2020-04-02,2.263737e-14,0.9999988,0.9999962,0.0060828677,0.9916078,1.0
2019-05-13,8.28083e-11,0.99999905,0.99972516,7.664328e-07,0.960595,1.0
2023-10-08,5.5896435e-25,1.5128595e-11,1.9192642e-25,2.4711244e-10,2.5542366e-08,1.8671194e-16
2021-04-07,3.9166098e-23,1.0,6.5040453e-09,3.5038938e-09,1.6521732e-06,0.99992776
2024-03-10,1.3739953e-29,0.12147665,1.8349224e-15,3.2429607e-08,1.91818e-07,0.9904113
2022-03-07,1.4037347e-11,0.80291003,6.8455963e-10,1.0,0.9997558,0.9999938
2024-04-29,1.3804897e-07,0.99242675,0.99999607,2.0807447e-06,1.0,1.0
2020-12-04,0.9995907,0.99959904,0.00011400362,0.9649926,1.0,0.9999999
2023-12-15,0.9999999,0.91536087,0.0061118896,0.97559196,1.0,0.9999999
2021-08-09,3.0423582e-37,7.3593475e-12,4.1036797e-23,3.2856444e-17,4.890298e-12,3.6326707e-08
2024-03-03,9.820433e-31,0.0016142244,1.4157e-18,3.442223e-06,2.3468059e-09,0.012829931
2024-08-04,1.8476819e-26,4.359039e-08,1.0277709e-17,8.10665e-13,1.0563077e-14,5.1878332e-12
2023-09-17,9.996478e-26,2.181655e-09,2.2841817e-15,1.2567566e-12,7.7119675e-13,6.048319e-14
2021-06-09,1.0602928e-13,6.4307687e-10,2.8120004e-10,2.592899e-10,1.0,1.0
2024-01-29,0.9997793,0.99999344,0.9126034,0.99999785,1.0,1.0
2024-06-11,5.603556e-20,9.274e-15,1.2451979e-17,9.1816166e-11,0.99928516,1.0
2024-10-23,4.4538644e-27,5.3559443e-08,1.3164835e-21,1.3448609e-09,1.22566325e-05,4.3175145e-13
2022-02-07,0.99988055,0.99999976,0.99135244,0.9999976,1.0,1.0
2019-10-21,4.920637e-21,8.810813e-11,2.1725793e-19,1.6427508e-15,0.99999964,7.7267394e-08
2024-04-26,0.0004257447,0.9979243,0.9999685,0.0007780693,1.0,1.0
2020-06-12,1.843295e-27,5.547144e-12,3.00732e-07,4.2771635e-13,1.9412105e-06,1.0
2022-05-08,1.2310623e-09,0.05981668,1.0,1.9246734e-08,0.99987936,1.0
2024-12-09,1.0,0.97572553,1.0780574e-06,0.981752,1.0,0.99998367
2021-07-21,1.0755982e-28,3.415616e-10,1.3643704e-20,9.4160174e-12,8.922677e-09,2.6504279e-09
2020-02-22,2.3612046e-07,1.0,0.006164436,0.99997604,1.0,1.0
2020-11-30,0.9939336,0.99898785,3.1192826e-09,0.07648999,1.0,0.9999715
2021-09-30,1.6839995e-30,1.6440095e-13,4.961434e-25,5.592828e-15,6.3594985e-10,3.3168883e-13
2021-10-04,1.4162885e-26,9.7716355e-15,7.053209e-24,6.314507e-15,2.7370055e-07,9.549055e-13
2023-07-29,3.3647603e-21,2.5964772e-10,2.992247e-13,2.1966981e-14,2.2158315e-11,2.0822652e-10
2021-07-12,1.7701039e-28,5.220368e-13,2.7526894e-20,6.625904e-16,2.6111312e-07,0.018353995
2024-09-07,1.5287647e-25,1.6918581e-07,8.911471e-16,1.5248226e-09,2.2157456e-12,1.571055e-12
2024-05-03,1.1930071e-12,0.6323451,0.96836174,3.0715477e-10,0.9999999,1.0
2023-10-13,3.517836e-24,8.568664e-14,2.3818194e-26,2.495979e-10,1.6135262e-08,6.7826227e-15
2024-12-11,1.0,0.99939346,0.08536733,0.9975368,1.0,1.0
2022-08-29,5.6787316e-24,6.7268334e-16,9.864625e-16,3.9644115e-15,8.6961715e-13,2.8644693e-12
2019-09-11,4.1731474e-27,2.546632e-09,5.6714414e-22,1.5214173e-17,2.1998669e-07,1.713113e-09
2022-04-04,1.4668618e-15,1.0,5.296263e-07,0.13555354,0.06238066,1.0
2024-06-01,1.8968706e-15,2.2180622e-09,0.0014155956,1.2339528e-18,0.99069035,1.0
2020-12-27,0.98419267,0.9999989,9.055492e-05,0.99990964,1.0,0.99987304
2020-07-03,1.2046915e-27,1.3869276e-08,4.4656983e-15,6.940465e-14,1.4444304e-09,0.0011235195
2019-11-25,0.3504613,0.99688834,0.0011722094,0.0041804314,1.0,0.99999785
2020-05-20,6.957444e-14,0.00096313347,0.9999924,3.2764726e-07,0.9974718,1.0
2024-03-18,1.173544e-19,0.99662554,0.00016093327,1.8927179e-07,0.88933396,1.0
2024-08-17,6.411109e-30,2.8052213e-08,1.0821394e-10,4.309119e-11,9.584632e-14,1.4707135e-08
2020-11-29,0.0050359843,0.99979085,1.7324354e-11,0.0067754765,1.0,0.13411759
2024-05-24,5.0220703e-22,1.2078357e-05,1.07206624e-07,6.710778e-08,0.98331094,1.0
2020-10-30,5.3256506e-15,3.686905e-05,1.9841691e-14,1.898725e-21,0.9999912,4.9313147e-08
2023-03-02,1.6102014e-17,0.017779656,0.00041389113,1.0,0.9999901,0.9999989
2024-12-01,0.9999999,0.99935776,7.6090887e-06,0.06951632,1.0,0.9999938
2023-08-21,1.2904296e-21,1.0509893e-08,6.7808344e-16,3.0345444e-12,1.0874962e-14,1.6920028e-12
2022-01-11,0.9999888,0.9768584,0.9999579,0.9999784,1.0,1.0
2019-12-28,0.999984,0.99971837,0.99999833,0.82596374,1.0,1.0
2021-09-10,4.024118e-33,8.641188e-11,5.366746e-22,1.0056219e-18,2.21513e-11,6.4172972e-12
2024-09-01,7.382155e-22,4.85702e-07,4.3182642e-13,3.4798356e-14,4.610319e-12,4.513563e-13
2022-08-30,2.2917219e-23,4.9368587e-15,1.1562121e-15,5.06648e-15,8.841722e-11,1.9286825e-12
2020-11-25,0.006614835,0.9999093,4.678892e-13,0.00022454179,1.0,0.002389859
2024-12-12,1.0,0.9952141,0.00021570905,0.9956125,1.0,0.99999845
2020-11-22,4.23982e-05,0.9960658,9.422857e-13,1.1734834e-06,1.0,0.010264828
2019-08-24,2.8580276e-32,1.0376048e-11,4.8501186e-21,3.6085483e-16,1.7648172e-10,3.0254851e-10
2024-10-09,4.0499714e-27,1.5516927e-07,3.171752e-25,7.068687e-08,1.3097317e-09,4.211661e-18
2019-12-11,0.99174213,0.99999857,0.999428,0.99042225,1.0,1.0
2023-07-08,4.489051e-28,6.273332e-11,1.9501067e-09,1.3378968e-09,1.9049322e-13,2.3041572e-07
2020-11-10,1.6882623e-07,2.163434e-05,1.466948e-12,5.1755984e-07,1.0,0.65922606
2024-11-23,0.99999976,0.43431553,1.1339735e-09,3.386259e-06,1.0,0.011372533
2022-01-28,0.9968438,0.99999964,0.99912685,0.99999857,1.0,1.0
2019-12-20,0.9999397,0.9997392,0.9999802,0.43228891,1.0,1.0
2022-06-04,9.011939e-17,3.840812e-12,0.00037664344,5.5300057e-13,0.03306426,1.0
2022-12-17,3.0761486e-05,4.5725064e-06,3.0024047e-10,0.9999999,1.0,1.0
2024-03-17,4.2448096e-24,0.99563223,1.8481418e-09,5.107151e-08,0.97691375,1.0
2023-04-29,1.1761937e-10,0.9977768,1.0,1.9068112e-06,0.9999844,1.0
2024-08-10,4.9580306e-24,0.00079119526,1.2598592e-13,1.8336213e-11,7.721118e-14,4.7273253e-12
2024-05-29,3.8178642e-15,1.2055796e-07,6.44314e-05,1.9469363e-13,0.9999883,1.0
2020-07-26,1.9477538e-20,3.7012567e-05,1.364231e-11,4.0433355e-11,3.3229055e-12,6.053848e-10
2020-12-23,0.94257677,0.9999981,7.1303253e-07,0.99520016,1.0,0.99999917
2020-04-29,2.9250122e-09,0.009751277,1.0,0.0042915177,0.99971753,1.0
2021-09-11,1.2439765e-34,1.3784625e-11,2.8809696e-18,1.766506e-16,5.9022204e-13,2.4683108e-11
2021-11-03,1.5909116e-20,1.9439211e-15,2.5248027e-22,1.8026593e-13,0.9999881,1.5835993e-05
2024-05-18,5.1808092e-17,2.7673694e-10,1.8768778e-05,1.5598245e-05,0.9999832,1.0
2024-10-26,2.1452163e-31,2.2987272e-11,1.5511973e-20,1.3050175e-11,7.539972e-10,1.3277707e-10
2023-11-17,3.0117903e-16,3.2063146e-13,4.213991e-18,3.1217905e-07,0.9999573,3.794176e-08
2019-07-13,1.0370627e-22,9.2233604e-10,5.6022777e-11,1.8596793e-21,4.4978467e-08,0.0010321465
2019-12-06,0.99988496,0.062469244,0.23109324,0.06502288,1.0,1.0
2021-08-17,5.20756e-24,1.4329244e-13,1.976913e-17,8.687085e-17,5.990295e-06,1.8131335e-07
2020-05-11,1.4175897e-13,0.026758712,1.0,1.0843016e-06,0.9996698,1.0
2023-09-16,3.536358e-27,9.191362e-14,3.2874856e-18,1.5133822e-18,4.265719e-12,2.350035e-13
2021-09-19,1.6591227e-33,1.8516348e-13,2.9250237e-24,2.1755834e-17,9.1834554e-11,1.3253294e-13
2019-12-05,0.9999708,0.9973596,0.61941105,0.9712558,1.0,0.9999999
2021-03-11,2.273496e-09,0.99999976,1.587817e-08,0.99999607,0.9999676,1.0
2022-09-16,8.9562053e-26,3.51557e-16,6.3128436e-23,2.629205e-13,3.990692e-11,2.1280755e-12
2022-12-04,4.93802e-05,2.0815524e-08,1.569895e-13,0.9996748,1.0,0.9991301
2022-11-15,1.4944622e-05,7.672412e-13,6.3347735e-15,1.5855427e-10,1.0,0.9999994
2022-09-13,6.83539e-26,7.748658e-15,1.316533e-22,1.8719814e-14,2.338621e-08,1.0339725e-13
2019-05-07,6.829406e-08,0.9999765,0.9999906,1.87624e-09,0.99999094,1.0
2019-08-17,7.901748e-25,2.215154e-12,2.8042193e-13,2.5658075e-13,2.8726717e-07,2.9768225e-07
2020-06-14,1.89488e-24,2.3145646e-12,0.00014668927,1.3220875e-13,5.15848e-07,1.0
2021-11-05,8.862254e-22,1.3675048e-16,1.6202888e-16,5.0008296e-15,0.99971586,0.019174907
2021-08-03,1.3708691e-30,9.9924506e-08,2.5538974e-18,1.5756035e-17,1.8724139e-10,5.9163693e-07
2021-08-05,6.917895e-32,5.607842e-13,2.862637e-21,4.2452825e-15,1.342759e-13,2.8196995e-08
2020-06-18,4.649661e-27,2.5093602e-13,1.5857194e-12,1.137648e-16,0.00015400905,1.0
2021-11-11,7.9555824e-18,7.509275e-17,7.054785e-20,1.6533933e-13,0.9999969,0.40563312
2023-10-02,1.852487e-27,1.0214208e-11,7.142202e-25,2.309382e-13,2.4836426e-09,5.7277056e-16
2024-02-14,1.8297604e-19,1.0,6.014604e-13,0.8997828,0.001524406,0.9972154
2024-12-27,1.0,0.99876934,3.4699875e-05,0.9996517,1.0,0.99475753
2021-01-17,2.3053994e-09,0.9994904,0.00010745301,1.0,0.9999999,1.0
2023-06-28,4.384885e-25,1.6483742e-09,1.3852454e-09,2.0809113e-10,6.154028e-14,0.010137663
2020-01-30,0.07821853,0.99999976,0.99999905,0.9999989,0.9999999,1.0
2020-10-18,1.7505632e-28,8.738822e-07,2.5949288e-24,4.239861e-15,0.0068841064,7.0470566e-15
2023-10-11,2.0590219e-26,5.664535e-14,3.0510225e-26,1.284278e-11,4.3982935e-11,7.207728e-17
2023-08-28,2.4957713e-20,6.2105196e-06,4.4751867e-12,6.5962155e-14,2.2069209e-13,1.00289256e-10
2024-09-25,4.1101426e-34,6.35101e-11,5.4300256e-23,6.2787606e-13,1.6901714e-11,4.543589e-12
2022-12-13,0.066436626,0.00014953724,1.5608097e-05,0.99999976,1.0,1.0
2021-08-28,1.53421e-32,5.076069e-10,4.0591382e-22,4.0857424e-18,1.9051616e-09,1.8525632e-10
2020-09-26,7.623699e-22,4.873184e-08,1.06372264e-16,2.9487993e-15,8.95777e-09,7.025367e-12
2024-06-30,1.4002434e-32,1.9167638e-12,1.4349842e-20,2.879586e-17,2.5088815e-13,0.028089311
2022-12-26,1.553948e-07,0.012189975,3.0310623e-06,1.0,1.0,0.9999825
2022-08-15,7.098204e-24,8.129425e-10,9.765826e-14,2.289832e-14,1.5511356e-12,6.6374415e-12
2019-12-25,0.9992349,0.9998665,0.9998487,0.80760026,1.0,1.0
2023-05-02,1.5005118e-10,0.99999356,1.0,0.000101063226,0.9999038,1.0
2021-04-14,1.3599134e-18,0.9999995,0.013967604,2.3920952e-11,3.0859903e-06,1.0
2019-06-12,7.7981125e-24,2.0407823e-11,4.7338236e-15,1.7410517e-22,3.4500277e-07,0.99999106
2021-03-03,8.6029714e-14,1.0,4.5654964e-09,0.9999877,0.9996846,1.0
2022-11-21,3.9712213e-06,1.7430984e-11,3.658797e-15,2.8736504e-09,1.0,0.9999995
2024-10-21,5.5133887e-31,6.741873e-09,8.2188965e-26,5.567285e-15,7.97456e-10,1.1341767e-13
2024-08-22,6.288442e-25,1.07306e-08,3.0748267e-16,1.7793937e-08,2.7528332e-11,5.4679334e-14
2024-11-09,5.2887153e-18,0.9999304,1.9631511e-19,2.2303723e-10,3.479625e-06,3.211765e-11
2020-08-11,3.0645493e-21,2.0005129e-05,4.8467236e-10,1.1165452e-07,2.3292145e-12,2.1613686e-09
2024-08-02,5.9116633e-24,0.00015362566,8.738816e-14,2.908955e-13,9.312238e-14,2.3334524e-08
2022-09-28,1.1607092e-25,2.622606e-15,2.6535663e-26,3.109804e-11,2.1678358e-07,9.579733e-14
2020-05-14,4.187479e-14,0.00020150925,1.0,6.3930344e-08,0.9986675,1.0
2022-05-18,7.580933e-12,5.832399e-10,0.9999269,2.7442366e-05,0.99994814,1.0
2019-05-15,9.933291e-13,0.9999753,0.00022386074,1.1042728e-09,0.9066412,1.0
2020-12-22,0.9590761,0.9999851,0.016704187,0.9992052,1.0,1.0
2021-02-22,1.7685426e-08,0.9999999,9.6609165e-09,0.9999931,1.0,1.0
2023-05-15,6.3312893e-09,0.22780937,0.99999905,5.7580004e-05,0.9984524,1.0
2022-03-01,2.767246e-08,0.9999995,1.7543935e-06,0.9999999,0.9873214,0.99997735
2024-06-16,1.8868557e-20,1.2358159e-14,1.9226283e-17,9.994927e-16,0.2377691,0.99999607
2023-09-01,1.3560773e-22,5.7193074e-06,1.5434606e-18,1.3229693e-11,3.5113046e-14,7.3619556e-13
2019-10-24,1.0020977e-20,8.840133e-12,4.2627816e-20,6.546459e-17,0.9999993,4.359546e-08
2020-08-20,6.245239e-19,8.952082e-09,2.3004475e-14,2.5171594e-13,2.8859458e-11,1.5116085e-10
2021-10-23,5.306769e-23,3.337389e-15,3.135941e-22,1.3116043e-16,0.09208674,2.1554311e-05
2024-09-09,2.8636266e-24,4.1929987e-08,6.005473e-15,1.5773471e-10,3.1260347e-14,2.0235775e-14
2024-11-05,1.01429386e-26,0.0017668979,3.385562e-24,6.096297e-16,4.4953777e-07,9.765286e-14
2021-09-22,1.8333114e-32,2.3776087e-10,1.8943299e-25,9.9973584e-14,6.253605e-08,4.6234397e-12
2021-12-07,0.8929196,0.05226269,1.2447213e-06,0.9999993,1.0,1.0
2023-10-21,6.1904906e-28,4.0460998e-10,3.7439603e-24,1.9717939e-11,1.3448176e-06,6.627798e-13
2024-08-26,1.1052875e-22,2.9504206e-05,7.783216e-11,9.1005606e-11,1.0851463e-11,3.60297e-09
2021-03-30,8.6666695e-23,0.9999995,3.0546136e-08,1.4179422e-08,4.0446724e-10,0.9999535
2020-08-26,3.9423126e-18,4.0285733e-10,6.6793054e-14,7.103273e-08,1.7182784e-07,1.8823174e-11
2021-07-03,2.0863601e-21,5.128699e-14,8.427389e-11,7.831256e-18,0.15664008,0.99960953
2022-03-03,5.222338e-10,0.9999999,2.7800377e-08,0.99991596,0.9989574,0.99899775
2023-05-22,0.22047046,0.00413645,0.9999205,0.64559907,0.99999964,1.0
2020-06-30,1.3566189e-17,3.907713e-13,1.0776415e-09,1.1662783e-12,4.316004e-05,0.9073406
2020-12-06,0.9981584,0.9999306,2.2831943e-10,0.9865448,1.0,0.887655
2024-08-27,2.7474684e-25,1.2210165e-06,4.6415017e-15,6.837306e-15,9.621416e-13,3.7348176e-12
2020-09-10,6.87088e-37,2.7776312e-12,9.099812e-19,1.652913e-14,1.8964057e-13,1.1184111e-09
2024-04-01,1.9100626e-09,0.9985072,0.9999882,1.2605793e-05,0.99999976,1.0
2019-10-03,2.3191063e-24,4.1801118e-11,8.7247726e-26,1.759745e-14,0.005689024,1.1009405e-11
2024-12-31,0.9999995,0.9997106,3.847364e-05,0.99669814,1.0,0.99999344
2024-07-06,2.564635e-34,8.999884e-16,2.3099e-22,8.4306946e-20,8.9808266e-10,0.73639655
2022-03-17,2.8561267e-20,1.0,3.9108823e-13,0.20903416,0.0007762619,0.061408754
2022-02-17,0.9951013,0.99999964,0.7714931,0.99999964,1.0,1.0
2024-07-22,2.2665536e-37,4.3253305e-12,3.702432e-16,2.4856019e-15,2.1660687e-17,1.0097419e-06
2023-08-31,1.6903234e-18,7.3145105e-07,3.858158e-21,3.2108124e-13,7.157107e-10,3.1038188e-15
2019-09-26,2.6695965e-20,3.5734768e-14,5.034749e-22,8.940271e-17,0.0131211225,2.2841831e-10
2021-06-23,8.06479e-18,2.1930226e-10,6.298771e-07,1.7616741e-16,2.802361e-07,1.0
2020-12-08,0.99934727,0.9999114,2.8787707e-07,0.9909616,1.0,0.9999993
2024-08-19,4.3558434e-25,2.4237412e-09,2.5851805e-14,1.030479e-07,4.8476875e-13,8.188551e-12
2021-02-04,9.760436e-12,0.9999914,1.0543534e-10,0.9999963,1.0,0.9999579
2022-03-11,8.6703966e-10,0.9999851,1.0996786e-12,0.9807006,0.6166275,0.20602036
2021-01-18,1.9758061e-05,0.99999833,1.2440314e-07,0.999992,1.0,1.0
2023-01-27,5.066096e-14,4.7589968e-09,6.1718347e-06,1.0,1.0,1.0
2020-09-12,3.451677e-39,3.515143e-11,1.8679143e-19,3.2310313e-16,3.1440243e-12,2.0655586e-08
2022-11-02,1.502598e-16,2.384797e-15,6.226198e-15,1.0742933e-11,0.9999994,0.99830544
2023-08-01,2.6378794e-21,4.95291e-06,2.8541778e-12,3.952592e-13,7.6646605e-13,7.751287e-12
2019-10-27,1.3197618e-21,4.4071925e-12,1.4600465e-21,5.3642046e-16,1.0,1.2161752e-08
2024-01-02,1.0,0.9999232,0.1923704,0.99999857,1.0,1.0
2023-04-07,7.1747785e-18,1.0,0.8037181,1.3001056e-07,0.0309061,1.0
2023-08-29,3.2715347e-18,8.3965136e-07,3.4181268e-13,3.793723e-10,1.9059634e-14,9.73717e-13
2024-03-02,2.357089e-34,0.05151777,1.664111e-18,3.5466192e-07,2.7094556e-08,0.008185153
2019-09-06,8.609486e-26,1.0419555e-12,1.0868513e-18,1.1343811e-15,1.2682019e-08,2.2268678e-08
2019-09-21,6.7411422e-31,7.852898e-11,6.992808e-21,6.1367087e-16,5.8062987e-08,9.041907e-11
2021-12-04,0.9999989,1.2281203e-05,0.00037696242,0.9982388,1.0,1.0
2022-07-13,3.9021402e-25,2.063413e-07,3.7879552e-13,8.27863e-16,1.5283622e-14,9.693051e-09
2021-07-10,7.511014e-27,4.8744645e-13,4.336773e-19,6.6913075e-17,1.7669613e-08,1.02267e-06
2021-03-17,1.6440296e-15,0.9999945,6.8405065e-10,0.9999999,0.8731759,1.0
2023-04-12,5.989886e-17,0.83358854,0.99966264,3.2502993e-07,0.9990746,1.0
2021-08-31,2.3520439e-32,9.594181e-10,3.637304e-26,8.3521255e-16,2.3180848e-09,6.497321e-14
2024-11-29,1.0,0.49898675,3.0130882e-09,0.1500897,1.0,0.18885373
2023-06-19,7.1553363e-28,9.6957775e-11,1.1995855e-08,1.4363999e-09,3.2738466e-13,0.9977508
2023-03-21,2.4777596e-18,0.99992144,9.40413e-06,0.97418845,0.10056765,0.99999976
2019-11-04,1.6471827e-13,9.089371e-11,2.2984363e-16,1.5797813e-12,1.0,9.2648537e-07
2021-03-10,1.2777798e-09,0.99999595,1.5013894e-08,0.99993634,0.99993896,0.99999976
2023-05-07,1.3679009e-09,0.9999708,1.0,5.0372866e-05,0.99659616,1.0
2021-05-25,8.2825006e-12,0.030723166,0.0019390502,0.0016618866,0.9999987,1.0
2024-05-06,9.564458e-13,0.0005422353,0.9999559,5.43805e-11,0.99999976,1.0
2020-01-06,0.99945813,0.9999242,0.9999366,0.99589914,1.0,1.0
2023-02-23,9.116348e-12,1.9989002e-06,0.94700485,0.9998472,0.99999464,1.0
2023-06-03,3.845774e-27,3.9791487e-10,3.0733613e-06,3.9784214e-17,2.8552876e-09,1.0
2020-09-30,4.866529e-25,2.0608635e-08,1.7943352e-19,1.4510981e-18,7.3698945e-09,3.3755155e-13
2021-05-16,4.4385726e-09,0.9999982,0.9999995,0.00016774307,0.9999999,1.0
2020-10-07,9.29949e-26,3.656299e-07,6.5916266e-21,2.2276581e-19,0.00037981576,2.9110336e-11
2022-12-09,0.016822848,4.9886505e-05,1.5962136e-11,0.9999945,1.0,0.9998331
2022-12-16,0.0013465977,1.446526e-06,7.960996e-08,0.9999993,1.0,0.9999999
2019-09-28,1.3092517e-21,8.102453e-15,7.694576e-23,4.150005e-14,1.34288475e-05,8.9069564e-11
2019-11-28,0.99773586,0.13358256,2.62644e-05,0.0060448367,1.0,1.0
2023-11-30,0.9999782,1.4644958e-06,2.4537629e-12,7.4449155e-05,1.0,0.0010131834
2023-01-07,0.094798185,0.001072218,0.8948912,1.0,1.0,1.0
2024-04-12,4.6799563e-08,0.99678636,1.0,1.1630705e-06,0.9999988,1.0
2020-04-22,1.373861e-05,0.987242,1.0,3.7709776e-06,0.99999964,1.0
2021-04-19,2.288584e-17,1.0,1.6253542e-05,1.27834e-10,3.9629598e-05,0.9999939
2024-07-18,1.0728518e-37,2.8945663e-12,1.2098064e-22,2.1028313e-14,2.2415916e-15,1.2571956e-08
2021-06-20,9.162802e-24,1.4479645e-12,9.0969294e-08,1.7813128e-15,2.1201056e-09,0.9999999
2024-08-05,4.15962e-28,2.2838806e-08,6.683074e-15,6.7406285e-12,6.634043e-14,8.115044e-11
2024-09-22,2.251988e-30,2.7509934e-09,1.2326805e-21,8.0855255e-13,1.1368337e-10,1.6858868e-14
2024-02-13,1.3528233e-13,1.0,4.0429393e-09,0.99683434,0.9957196,0.99999905
2019-06-26,1.1825952e-26,2.3971464e-15,8.2326504e-16,3.1911853e-23,2.4606582e-11,0.6354995
2024-07-13,2.9559562e-34,5.244402e-12,1.2280562e-23,4.7569036e-15,4.388068e-12,8.141155e-10
2024-06-27,1.5543941e-30,1.7727713e-15,2.4964377e-20,2.688365e-23,7.980498e-09,0.045986935
2021-05-22,1.8471804e-12,0.0074007516,0.98860127,3.4934958e-05,0.9999993,1.0
2019-10-19,1.568606e-23,1.8532559e-10,4.6814973e-21,3.2426058e-13,0.9999516,3.7392637e-13
2019-12-24,0.40887848,0.98738956,0.9999939,0.89319766,1.0,1.0
2024-11-01,7.811726e-30,2.2981463e-09,3.0600636e-21,2.611434e-12,1.3653394e-08,1.65197e-11
2024-08-06,4.7385874e-25,0.00029540935,5.3001835e-12,2.1917922e-11,7.475807e-13,5.340037e-10
2021-07-18,3.6269582e-31,1.1722569e-13,1.6496959e-23,1.2858471e-14,3.5425198e-06,5.115018e-07
2019-07-28,3.71904e-14,2.1638136e-10,6.3908128e-09,1.4500469e-14,5.2846985e-07,4.9673367e-06
2020-03-11,3.3938054e-20,0.9619534,6.6870384e-06,0.99630547,0.98304546,1.0
2020-09-16,3.8653147e-30,8.522598e-11,6.980735e-21,4.709454e-15,2.1387483e-09,1.7821772e-10
2021-12-03,0.99643636,1.6049453e-05,0.00490105,0.9997842,1.0,1.0
2023-09-22,4.5420844e-22,1.4514011e-06,3.994497e-16,3.735566e-08,1.1970862e-10,3.5746941e-12
2022-07-15,1.860613e-24,1.19503865e-08,7.130526e-17,1.315373e-15,1.7133784e-12,2.3983646e-10
2021-07-17,6.0928237e-34,5.6994587e-12,3.2935184e-21,5.0021795e-17,2.5106947e-10,3.154833e-05
2020-07-15,5.4637197e-26,1.7027942e-07,9.252958e-11,3.855432e-12,1.7319151e-13,4.563868e-09
2019-07-03,3.6264584e-17,1.9443899e-06,1.457472e-11,7.739602e-19,3.5445296e-08,0.0012615204
2024-12-30,0.9999999,0.9999162,0.5250682,0.99976295,1.0,1.0
2021-04-28,1.7265836e-11,0.9999999,0.99999964,6.194514e-06,0.9999795,1.0
2023-03-16,1.8550121e-19,0.99622345,1.6562733e-07,0.9999999,0.9294394,0.9999999
2023-11-29,0.9992405,0.00051827973,9.891981e-09,3.7541526e-05,1.0,0.000267056
2024-06-22,2.8031048e-22,4.646015e-13,8.2317186e-21,9.56618e-19,0.0002903197,0.9999982
2020-10-17,1.6391073e-23,8.936502e-10,3.082498e-22,4.498387e-16,0.12334252,5.0952574e-13
2023-04-08,7.604268e-22,1.0,0.0001546253,3.636267e-09,3.930795e-06,0.9999895
2019-05-16,1.3396342e-15,0.99911743,1.6491806e-05,3.9439619e-13,0.09095447,1.0
2021-09-04,3.918477e-31,4.378984e-14,4.166296e-25,3.6994394e-16,3.5277163e-11,1.00466874e-11
2022-04-10,3.0775265e-08,0.99999857,0.9793131,0.0010897834,1.0,1.0
2022-09-14,3.6013258e-25,9.501495e-16,1.543805e-22,1.1645201e-12,2.3492486e-11,1.4097366e-15
2019-04-22,1.8381718e-07,0.9999887,0.9999994,2.5703457e-06,0.9999963,1.0
2023-01-30,1.088818e-11,2.2514898e-07,2.4575238e-05,0.9999831,1.0,1.0
2024-04-08,1.5882531e-05,0.95174253,1.0,0.00077938644,0.9999999,1.0
2021-10-18,3.7302805e-28,1.5718988e-14,3.9195974e-24,3.610856e-19,6.43614e-06,1.3272909e-08
2022-12-18,9.390766e-05,7.207624e-05,1.1335708e-10,1.0,1.0,0.99999785
2021-02-12,3.8322037e-17,0.12758541,1.2457671e-11,0.99999833,0.9999999,0.9999999
2024-12-04,1.0,0.99704593,5.714023e-07,0.96603227,1.0,0.9996
2022-03-09,5.7089296e-14,0.9974381,2.5743186e-12,0.9999999,0.98315054,0.8851883
2024-03-13,2.2730824e-22,0.9391677,3.2245474e-13,0.011119778,0.004292033,0.9870821
2023-12-20,0.9999999,0.3107724,0.034439784,0.997294,1.0,1.0
2022-06-19,2.2826398e-30,2.474142e-14,3.2375478e-15,1.8377034e-15,3.7643794e-14,0.0010524944
2024-03-28,3.2376144e-12,0.99997926,0.9998147,0.00013871666,0.99995744,1.0
2019-08-21,4.6873345e-31,7.125037e-12,7.978354e-16,5.813154e-17,1.338124e-09,4.1318202e-08
2022-11-07,4.7140713e-16,4.884238e-16,4.2796377e-16,1.11543025e-10,1.0,0.9976834
2023-06-07,2.7643942e-25,0.007418735,0.0024857172,1.3051494e-11,8.257373e-12,0.9999999
2019-12-16,0.9957912,0.9991498,0.99962187,0.3128087,1.0,1.0
2022-06-15,1.7924303e-30,7.45332e-11,1.6188412e-11,2.2045472e-14,2.3786076e-13,0.99960095
2023-04-24,1.0359852e-11,0.999992,0.9999933,1.5241246e-06,0.99930215,1.0
2021-06-28,4.5763757e-17,4.993882e-11,8.6349866e-07,9.426214e-14,3.3567942e-06,1.0
2019-05-27,2.296922e-22,0.9999944,1.1264419e-06,3.0664785e-10,0.001703354,1.0
2024-12-06,0.9999999,0.9976561,1.2122958e-06,0.8311268,1.0,0.9999877
2020-02-03,0.24311575,0.9998996,0.999995,0.9999863,0.9999999,1.0
2024-09-28,1.6699806e-33,3.7842796e-09,2.201536e-20,7.452686e-13,7.479401e-13,2.9938087e-11
2022-07-10,6.815321e-32,1.5570865e-10,8.796899e-17,8.521793e-17,1.5186473e-15,3.8873537e-08
2024-03-12,4.562736e-28,0.26950505,3.1594236e-17,5.113933e-09,3.8147114e-08,0.36480895
2023-10-29,2.044805e-28,2.2243862e-10,7.200441e-26,5.886821e-12,6.591807e-07,1.0056378e-13
2021-04-04,4.7288e-25,0.99926,2.3949577e-11,1.2762575e-09,1.4313825e-07,0.93273693
2020-12-28,0.44630948,0.99999964,0.0054590856,0.9999566,1.0,1.0
2020-10-19,1.4665899e-27,1.301085e-05,1.8666285e-23,4.5467197e-19,2.7810092e-05,2.1638474e-13
2022-02-12,0.97745126,0.9999999,0.76788557,0.99999964,1.0,1.0
2024-01-16,0.9999999,0.9908727,0.0011202792,0.99997103,1.0,1.0
2021-10-29,1.0304373e-23,1.2593005e-15,3.948763e-21,4.0390075e-17,0.99435127,2.5862585e-08
2019-06-04,6.0785677e-27,3.9197186e-08,6.3834754e-10,1.1399033e-11,3.7098197e-08,1.0
2020-08-16,2.4781407e-23,2.0564568e-13,2.1458098e-12,2.1550507e-12,5.5343534e-13,1.2120514e-11
2020-07-08,1.5395698e-23,1.3488022e-08,1.0570384e-12,4.2132725e-12,1.6842198e-09,6.919984e-06
2024-09-17,4.5439606e-20,0.00016380017,6.0212745e-16,4.4708765e-13,5.7156916e-07,7.900665e-13
2022-03-10,2.0988376e-13,0.9999502,1.0256322e-10,0.9999778,0.9535741,0.99458885
2023-05-29,1.0534972e-06,0.0003413116,0.99998605,0.00017122098,0.99996924,1.0
2021-12-09,0.9977609,0.0007597277,0.00914793,0.99893314,1.0,1.0
2020-09-23,2.2321671e-26,2.4693808e-10,5.0993604e-17,2.763533e-15,1.2751996e-12,7.858944e-13
2024-05-26,1.745233e-16,1.983931e-06,1.15455405e-05,9.245301e-11,0.9982816,1.0
2023-02-27,1.7012324e-15,4.0359962e-05,0.000971372,0.9999999,0.99971324,0.9999931
2021-04-18,5.780388e-15,1.0,0.35400197,1.8773416e-10,0.0005697257,0.99999905
2024-01-26,0.9997559,0.9999863,0.46452838,0.9999721,1.0,1.0
2023-10-23,1.6927582e-23,6.942317e-11,1.9727089e-25,2.3224991e-11,0.00014072198,1.4475488e-14
2023-09-15,1.4490661e-28,8.583492e-12,4.9156985e-15,2.2193671e-15,2.8540718e-14,3.2685447e-12
2023-10-22,1.0724422e-23,3.6151624e-12,1.3273636e-24,1.5579747e-10,4.068146e-05,1.0326452e-11
2023-05-10,7.948538e-06,0.9999888,1.0,0.28060886,0.9988526,1.0
2020-06-22,7.8197234e-28,1.1248873e-16,4.9134017e-19,2.7976596e-20,3.355164e-07,0.93509394
2021-05-24,7.6743587e-13,0.06942237,0.080997035,3.4144206e-05,0.99999976,1.0
2019-12-13,0.999884,0.9999695,0.9980398,0.97344184,1.0,1.0
2024-08-30,1.0378152e-21,4.713722e-05,1.3261122e-11,7.962074e-12,9.818042e-11,2.5939823e-10
2023-05-03,1.5052937e-07,0.99998534,0.99999964,0.003421226,0.99998915,1.0
2019-04-19,1.3759134e-09,0.9999896,0.9999995,5.224565e-07,0.9999615,1.0
2021-08-07,1.0188523e-30,1.783789e-10,4.156599e-24,9.620198e-18,1.4491762e-10,4.5956465e-09
2021-11-24,0.9779302,1.9830004e-06,6.024283e-09,0.10908168,1.0,0.99999964
2020-08-23,8.471052e-21,1.2921766e-06,7.22754e-13,5.47556e-11,2.4344134e-11,7.514527e-11
2023-06-02,1.0786492e-24,5.653521e-07,0.06423662,1.1471044e-12,3.4393796e-10,1.0
2019-11-21,0.9774021,0.060889345,1.07841416e-10,1.7690238e-06,1.0,0.99500823
2020-09-22,8.827633e-30,1.3906047e-11,4.4861145e-17,2.6454931e-13,1.2925957e-12,1.0105193e-10
2022-11-08,2.069844e-17,9.555467e-13,3.3387627e-16,3.5937952e-12,1.0,0.9989248
2022-05-09,1.3161804e-16,0.0011281956,0.99999857,2.140114e-06,0.4395453,1.0
2024-01-05,1.0,0.99692106,0.03539868,0.9999199,1.0,1.0
2022-01-05,0.9999999,0.9881967,0.99943596,0.9996201,1.0,1.0
2021-05-31,1.2919078e-20,3.3029918e-10,2.2572473e-11,2.9012714e-08,0.9999976,1.0
2024-05-08,1.4196523e-12,5.5960754e-05,0.9896854,7.680818e-09,1.0,1.0
2021-09-27,5.039393e-32,7.1754945e-13,5.5980776e-23,5.2374754e-12,1.8174105e-10,6.631815e-14
2024-04-17,3.7046506e-05,0.9992249,0.99999976,0.0006021569,1.0,1.0
2023-01-31,1.8021797e-15,9.602629e-08,1.2409237e-06,0.9999989,1.0,1.0
2024-11-26,0.99989986,0.84323627,9.722696e-07,2.433447e-05,1.0,0.9927148
2022-01-04,0.9999999,0.9986014,0.99995244,0.9997987,1.0,1.0
2023-11-27,0.6783438,3.4335157e-05,3.737241e-08,5.7073237e-05,1.0,0.0054426445
2022-06-12,1.4341864e-26,2.2585609e-11,7.1018574e-10,6.5169292e-18,2.2588321e-07,1.0
2020-11-16,9.109019e-06,0.40538988,2.8374187e-18,6.3668135e-06,1.0,8.495188e-05
2024-07-02,2.5715012e-35,2.759276e-16,9.72693e-23,9.920915e-19,5.811408e-11,0.0059953155
2023-02-24,1.4736132e-09,0.0001688146,0.9957504,0.9979798,0.9999999,1.0
2020-08-04,6.706118e-20,5.455103e-09,2.1905864e-13,7.2385213e-09,1.2355428e-10,3.709408e-09
2024-02-06,7.684324e-05,1.0,5.4001966e-08,0.999998,0.9999876,0.9999993
2020-04-07,2.8281363e-18,0.99999213,0.76804227,7.723024e-07,0.00037269024,0.9999999
2019-11-05,3.774493e-15,2.802078e-11,1.3081167e-16,6.417122e-13,1.0,0.000113507456
2022-08-28,2.631985e-24,1.6322916e-14,2.41277e-15,7.004023e-13,5.187735e-12,6.9348596e-13
2024-08-14,2.3633033e-25,1.519163e-07,1.4345483e-10,1.4996976e-12,2.0491368e-15,7.24924e-10
2024-06-24,1.1856708e-27,2.4233869e-15,4.944829e-16,2.1499e-18,7.094512e-07,0.9999999
2021-03-02,2.077159e-11,1.0,2.8516756e-06,0.99999416,0.99999964,0.99999976
2021-03-19,5.1540626e-16,0.99999857,2.297443e-11,0.9999956,0.9005079,0.99999857
2020-10-27,7.459281e-18,3.9925254e-08,6.0375255e-12,8.9042154e-20,0.9998559,1.3713149e-05
2020-02-28,6.4183862e-12,0.99999464,0.08582549,1.0,0.9999975,1.0
2021-03-23,4.2231874e-22,0.9999999,6.774491e-11,0.0010480803,4.36398e-05,0.9999987
2019-04-18,5.830516e-11,0.99994206,0.99999905,2.77716e-08,0.999897,1.0
2019-10-23,8.1596327e-19,1.7294074e-08,8.778343e-21,2.0561262e-14,1.0,1.5068186e-10
2023-08-22,1.017112e-16,1.0471216e-08,3.4657993e-14,1.1999452e-07,1.1716013e-14,7.0440433e-12
2021-12-26,0.9999995,0.84765327,0.9978702,0.97163105,1.0,1.0
2022-06-01,1.90194e-10,3.031166e-08,0.9984774,8.113319e-09,0.9372496,1.0
2024-02-04,1.255939e-05,0.9999999,6.66074e-06,0.99959284,0.9998765,0.99999917
2019-10-29,1.9526554e-21,1.2023783e-07,4.8609865e-23,3.5274687e-14,0.99999976,8.5552254e-10
2020-04-28,4.0161294e-10,0.010886703,1.0,0.0001407268,0.9999671,1.0
2021-06-11,6.720796e-19,4.46725e-11,2.0096345e-06,1.2831613e-07,0.9922001,1.0
2023-01-17,4.39144e-13,3.7926134e-07,1.7951854e-05,1.0,1.0,1.0
2020-10-12,3.299533e-26,2.0871809e-09,2.4874358e-20,2.4785332e-19,6.17491e-05,4.5580397e-09
2024-07-31,7.005029e-23,1.2070468e-06,9.952791e-12,5.234327e-13,3.5043384e-15,3.91757e-10
2024-06-25,1.5849257e-29,2.2429155e-13,1.4004669e-18,4.7626814e-21,3.3280463e-05,0.9994659
2020-02-16,1.2733324e-09,1.0,0.99712026,0.9892596,0.9999994,1.0
2021-03-08,3.1920663e-13,0.9999713,0.00059086137,0.9999999,0.9999926,1.0
2023-11-22,2.4335895e-06,2.2399412e-08,6.9755755e-12,2.1527112e-10,1.0,0.09785279
2019-09-13,3.9984496e-29,4.102333e-12,1.0983326e-20,2.4363068e-16,7.4859774e-10,2.9938685e-09
2021-11-20,0.04353914,8.8044594e-08,4.3419986e-14,0.0013138251,1.0,0.99999857
2024-10-25,1.5242779e-29,1.4175028e-10,3.32657e-24,2.330631e-13,2.2631947e-09,1.9892138e-13
2023-06-15,4.534285e-26,3.1068714e-05,2.085884e-05,7.585377e-11,9.19968e-13,0.9999701
2024-08-09,4.6632724e-25,0.0021735467,2.3985232e-11,3.3871662e-11,6.24048e-14,1.1562178e-09
2020-10-31,7.133424e-13,0.00052604196,1.9874188e-14,4.8657347e-16,0.99998176,2.212803e-07
2024-02-10,1.1408326e-10,1.0,5.1175062e-05,0.9536673,0.9959105,1.0
2021-02-27,2.4580198e-09,0.97381073,8.736229e-11,0.99999964,1.0,1.0
2023-01-12,2.6849996e-11,4.968579e-07,4.3726212e-07,1.0,1.0,1.0
2022-11-11,1.3984288e-09,3.5824032e-14,8.9825925e-17,8.774948e-13,1.0,0.99991965
2020-08-19,3.6295705e-18,4.0327745e-08,2.582018e-13,2.0762934e-09,2.436886e-10,1.2615737e-13
2024-05-22,1.9678137e-20,1.4151652e-07,0.0024814645,6.188546e-08,0.89236486,1.0
2023-11-06,7.080002e-25,9.9579234e-11,4.198396e-25,2.0432183e-13,0.012440716,1.3953964e-13
2024-07-15,3.6463172e-35,6.8406157e-12,1.2130084e-23,5.983172e-17,2.1888696e-13,1.9789784e-08
2019-10-05,1.1907846e-18,2.4760416e-09,6.316595e-25,3.2110176e-11,0.18802911,2.3486817e-13
2021-12-14,0.9997459,0.0007713723,0.0026066417,0.99978954,1.0,1.0
2021-11-04,2.952596e-20,1.9735075e-17,7.173403e-20,1.2358854e-16,0.99999654,0.0018716236
2020-02-29,1.8631723e-14,0.9999596,0.00011652867,0.9999666,0.99999774,1.0
2022-05-27,6.458396e-19,3.184901e-10,0.55408263,3.4731299e-15,0.9095168,1.0
2020-02-19,4.651282e-09,1.0,0.89215416,0.99986506,0.99999857,1.0
2019-07-16,1.8814641e-21,9.082625e-12,2.266563e-14,3.742854e-20,4.1144226e-09,1.3277765e-06
2019-12-03,0.9329482,0.89938676,0.20148283,0.13959992,1.0,1.0
2023-12-08,0.9999205,0.04792071,8.218716e-05,0.40001214,1.0,0.99999404
2021-01-21,6.9406056e-08,0.99999726,5.5247483e-07,0.9999857,1.0,0.9999987
2024-11-02,4.92294e-31,8.089433e-08,1.8414249e-20,1.8212935e-10,6.1938925e-09,3.0405728e-10
2021-11-26,0.99984527,1.1804813e-07,1.0862437e-07,0.5726249,1.0,1.0
2024-01-17,1.0,0.999572,0.8818627,0.99994266,1.0,1.0
2024-01-11,0.99999905,0.9999697,0.92101395,0.99998856,1.0,1.0
2020-12-15,0.9871241,0.99856585,7.536441e-07,0.8388583,1.0,0.99999964
2024-10-30,1.5935237e-27,2.2311648e-09,2.8259628e-22,1.7525403e-10,1.0601883e-06,1.2251376e-10
2023-06-09,1.0928555e-24,1.9651019e-09,4.2688225e-06,4.373446e-12,2.249437e-12,0.99999523
2022-08-07,8.285188e-19,9.731753e-08,8.975149e-12,2.7092921e-14,2.2308605e-11,1.2672782e-08
2021-06-18,5.0043943e-24,1.621471e-11,1.3058686e-08,2.7393643e-20,7.879496e-08,0.9999994
2019-06-21,1.7810012e-29,1.1384035e-12,1.1530729e-13,7.936383e-21,5.2846333e-10,0.9999145
2020-02-13,1.4334673e-06,1.0,0.9999051,0.9999938,0.99999976,1.0
2024-12-26,1.0,0.98496866,0.00018606194,0.9999895,1.0,0.9999963
2019-10-02,5.9750006e-19,9.609725e-11,6.95259e-21,1.5102114e-13,0.026605383,2.5485003e-11
2024-10-29,1.4384807e-28,3.1813447e-09,1.04422764e-23,9.819097e-10,3.395851e-09,2.1525929e-13
2023-12-14,1.0,0.058240615,1.3406379e-06,0.7961717,1.0,0.9999913
2024-11-06,9.147386e-27,5.0916093e-05,2.3032732e-23,1.2909095e-10,2.1195811e-08,5.81702e-11
2020-10-11,6.340264e-29,2.0229629e-07,9.742219e-25,1.9574324e-17,4.4890563e-05,9.842191e-15
2021-01-16,1.0340511e-06,0.99999964,7.519638e-06,0.9999999,1.0,1.0
2020-10-03,3.696252e-23,4.379609e-06,6.986702e-21,1.2696216e-17,8.74079e-07,4.433109e-12
2023-03-18,3.1945263e-21,0.99999464,0.006542779,0.84122264,3.7761485e-05,0.99999976
2021-12-21,0.99995387,0.17512095,0.9265026,0.999995,1.0,1.0
2023-07-20,3.4936875e-22,8.992743e-13,5.161205e-08,1.2131446e-06,1.7657027e-14,7.518513e-11
2023-05-28,2.5032906e-08,0.00010608932,0.999987,3.089542e-08,0.9981237,1.0
2021-05-30,3.9864157e-15,2.0740825e-07,5.8067087e-08,0.0037632554,0.9999999,1.0
2022-11-22,0.016250743,2.847919e-12,1.5478254e-16,9.692533e-09,1.0,0.9999893
2024-07-29,9.250525e-33,2.5950944e-06,7.7625884e-16,2.1873508e-13,5.287629e-17,1.30170605e-11
2022-01-22,0.999992,0.9999156,0.99992156,0.9999871,1.0,1.0
2023-05-09,2.0123935e-05,0.9999975,0.99994123,0.20402399,0.99998116,1.0
2023-01-09,7.553567e-12,0.00015269246,5.304899e-11,1.0,1.0,0.9999995
2021-02-07,1.155914e-12,0.999998,2.8063987e-08,0.99999976,0.9999999,0.99929273
2023-06-25,3.1123604e-27,1.8846318e-10,3.8999043e-12,2.815917e-11,5.1397648e-14,4.153996e-06
2020-01-24,0.96009815,0.9999882,0.9999994,0.99961275,1.0,1.0
2022-08-19,9.094192e-26,9.515828e-11,6.4085785e-11,8.901458e-10,3.4072888e-13,1.1927831e-10
2021-07-29,1.172757e-33,3.5896986e-12,4.552922e-24,1.870682e-18,8.0236526e-11,1.1088651e-10
2024-05-17,4.308818e-21,1.8283393e-09,0.00022308472,0.0039303377,0.9999882,1.0
2024-10-07,5.131353e-28,8.60697e-06,1.4674973e-26,6.282124e-10,1.4089802e-09,9.380835e-18
2024-09-19,3.4882398e-30,8.4861306e-08,3.2851412e-18,6.164639e-13,2.5234365e-10,1.41597255e-11
2023-09-09,2.5744567e-19,2.3769127e-08,3.9038814e-18,1.916779e-15,1.0947633e-11,5.210999e-16
2023-04-25,4.615134e-11,0.99995327,0.9999449,1.1176696e-06,0.99999905,1.0
2021-04-10,1.2214828e-15,0.9999932,0.18504722,3.608105e-10,0.00065404986,1.0
2022-12-15,0.0026486623,1.9539446e-05,1.9863942e-08,0.99999833,1.0,1.0
2021-02-16,1.062067e-11,0.98927677,1.6758568e-12,1.0,1.0,0.999038
2020-04-03,1.0503678e-16,0.99999297,0.9999721,0.006379631,0.23052877,1.0
2022-01-27,0.99993896,0.99999464,0.99976236,0.9999858,1.0,1.0
2019-10-08,3.9340002e-20,4.9581485e-11,3.5881945e-22,6.8710093e-15,0.0075688404,7.4807785e-11
2023-07-03,8.971399e-31,3.964633e-14,3.1601549e-12,3.895155e-15,1.2617144e-15,5.5793866e-05
2023-08-02,1.4405881e-22,4.3748315e-08,1.1754486e-11,8.32804e-13,7.70185e-14,8.912972e-11
2023-04-16,2.2015113e-12,0.9996069,0.99999857,4.581996e-06,0.9999993,1.0
2022-09-27,6.901272e-22,2.721131e-14,1.2667725e-24,1.4893245e-12,1.0577448e-07,5.465851e-13
2022-04-07,1.5119492e-13,0.9999852,0.9197087,0.0020714467,0.99432844,1.0
2024-07-08,4.2214886e-33,2.8427727e-13,3.337901e-21,7.142065e-18,5.842974e-11,4.025679e-05
2024-09-18,2.5070054e-25,1.3016832e-05,5.9410932e-18,7.873412e-12,5.0468105e-09,3.5238815e-12
2022-06-09,2.2058556e-21,2.646957e-13,3.91658e-08,2.444322e-16,0.0017342871,1.0
2024-04-02,1.5769268e-09,0.992656,0.9995727,1.836969e-06,0.99999905,1.0
2024-05-27,3.2610362e-15,3.696402e-11,1.8004125e-09,1.7327402e-14,0.82540596,1.0
2023-04-19,1.2847966e-12,0.99999714,0.99999917,3.1689003e-06,0.99986196,1.0
2023-11-01,3.396707e-27,6.629075e-09,6.197467e-26,5.907227e-11,6.9475114e-05,5.584399e-14
2024-08-08,4.33124e-24,0.03010791,1.1869402e-08,2.6333662e-09,1.9417257e-13,4.4448524e-07
2023-07-17,9.231604e-16,1.5695659e-06,2.9827668e-06,7.2586275e-08,1.5496222e-11,1.1582798e-06
2019-04-23,3.8989006e-06,0.9999993,1.0,7.3588803e-06,0.9999987,1.0
2019-11-18,0.99850357,0.0012477932,3.4496634e-09,0.00015608352,1.0,0.35805315
2022-07-27,1.3827946e-18,5.078781e-10,2.3021489e-08,4.3436657e-13,5.539685e-10,2.3263924e-06
2019-04-13,1.6682968e-14,1.0,0.41232836,0.00028978763,0.086621955,1.0
2023-10-27,5.4063133e-25,1.5971327e-08,3.4293917e-24,4.5416223e-12,0.005949512,6.860161e-13
2023-05-04,3.6974754e-10,0.99999964,0.9999988,0.31702977,0.99991953,1.0
2021-12-08,0.9959687,0.0002448908,0.0015240373,0.99798405,1.0,1.0
2021-03-14,1.7016831e-12,0.9999999,7.374239e-09,0.9999957,0.98155653,1.0
2023-06-13,1.3122877e-27,1.1520969e-09,8.418236e-10,9.566185e-14,4.159568e-15,0.7190952
2022-06-13,1.1117557e-25,9.091673e-12,5.8716594e-16,4.8375005e-20,1.7692938e-06,0.9998983
2024-03-05,4.1477552e-34,5.4360744e-06,6.1908963e-19,7.2042217e-10,4.0037312e-10,0.029372802
2022-07-04,1.914076e-22,4.2222444e-11,1.7573795e-15,6.8939224e-17,2.691348e-14,2.83994e-08
2020-11-08,7.3674094e-08,0.00027024638,2.3524612e-13,4.2395524e-08,1.0,0.039860304
2021-09-08,2.4881228e-32,1.0294123e-11,5.684796e-18,3.5628243e-15,4.09758e-15,6.673518e-12
2022-02-28,0.00045563353,0.9999993,0.00017196381,0.99998224,0.99999857,0.99999976
2020-11-26,0.73969376,0.9122061,5.532501e-15,0.00025364003,1.0,0.068828106
2024-11-20,0.7628428,0.97157234,1.0303419e-10,3.6486883e-06,1.0,0.38784203
2024-01-30,0.96373373,0.99999034,0.6082755,0.9999858,1.0,1.0
2023-10-15,1.1349343e-24,4.0598985e-10,1.5143379e-22,2.3733224e-10,1.121137e-08,1.0872833e-13
2023-08-08,2.983526e-29,4.2201832e-11,2.9478256e-19,1.32492e-13,1.5134663e-10,2.6413413e-11
2022-08-03,2.3782327e-19,1.7010682e-10,2.5503696e-13,2.3888816e-14,2.6365798e-11,2.6694331e-09
2020-12-25,0.9988967,0.9738955,3.5679108e-07,0.99955016,1.0,0.9999654
2020-09-28,7.3070097e-23,2.74436e-08,1.3948407e-20,2.4476332e-17,3.66951e-08,3.2106946e-14
2021-03-26,3.1444964e-28,0.99999464,3.7951248e-15,1.1329622e-06,2.9558322e-07,0.99999297
2020-09-03,2.028714e-36,7.995323e-09,3.048916e-19,2.7227442e-15,3.9801107e-11,5.2211447e-13
2021-03-20,1.17355885e-17,0.99973136,3.64664e-11,0.9999995,0.89361346,1.0
2024-05-15,6.244834e-19,1.5978152e-08,0.015538308,3.2462494e-10,0.9999994,1.0
2021-07-06,8.942227e-22,2.626218e-13,3.855542e-12,1.8539671e-13,4.766092e-05,0.9826341
2023-03-29,3.8474607e-20,1.0,1.9428849e-06,0.69059974,0.0002405321,0.9999573
2019-12-01,0.99841774,0.9269752,0.00088657835,0.87368494,1.0,0.9999876
2020-04-06,7.110997e-24,0.99999964,0.0017417729,4.7838075e-08,9.759059e-08,0.9999889
2020-11-24,0.072148904,0.99999344,6.574821e-15,0.00028678626,1.0,0.0005223341
2023-05-20,5.3584884e-12,0.009107408,0.9999814,1.973773e-07,0.9901996,1.0
2024-01-03,0.9999995,0.9999759,0.9454262,0.99999,1.0,1.0
2021-10-15,1.3376773e-24,8.562881e-14,1.2787159e-24,2.4210215e-15,0.00881355,2.6805365e-08
2020-04-16,0.00012151361,0.95980847,1.0,4.5452553e-06,0.9999969,1.0
2022-05-24,2.2882732e-14,9.958089e-12,0.99992347,4.505215e-06,0.9017503,1.0
2023-08-14,4.8763566e-26,2.95426e-11,5.584311e-19,2.296166e-13,8.048379e-14,2.0923196e-12
2019-09-24,2.421643e-28,3.1362022e-12,4.424088e-23,9.6848564e-18,0.00051222864,2.2473992e-09
2022-08-18,7.013512e-21,6.915739e-11,4.486583e-14,2.0289853e-13,6.7156625e-10,1.960565e-12
2023-11-08,1.3184709e-25,4.004973e-07,3.2878782e-23,8.891857e-13,0.0006927562,1.5719431e-15
2023-12-03,0.9999496,7.1745517e-06,2.3162622e-06,0.41482165,1.0,0.99999607
2021-07-31,2.133567e-34,8.891124e-10,5.2373028e-24,6.1409508e-15,1.3192483e-10,3.0291153e-07
2022-04-09,3.7896457e-13,1.0,0.68459344,0.9850477,0.73720247,1.0
2023-02-03,5.5843122e-11,1.2870901e-08,6.644003e-05,0.9999995,1.0,1.0
2021-02-01,7.93751e-12,0.99998975,1.2567574e-07,0.9999995,0.9999999,0.9999989
2021-01-14,0.0006614676,0.99999964,8.969414e-06,0.9999502,1.0,1.0
2020-07-27,1.5389574e-25,3.1011754e-10,2.525165e-10,6.439189e-10,8.039511e-14,1.0387786e-06
2021-04-30,2.536806e-12,0.999925,0.99457717,6.0442915e-11,0.9999356,1.0
2023-11-20,1.7834011e-14,7.866113e-13,7.6733304e-14,6.887445e-09,0.9999995,0.00021057866
2020-02-02,0.0031331866,0.9999994,0.9999566,0.9999924,0.99999976,1.0
2022-01-01,0.99985063,0.6382915,0.999887,0.8971843,1.0,1.0
2020-10-10,1.1381119e-32,8.7799334e-10,2.3030725e-22,1.26839205e-17,2.6301907e-06,1.8647583e-10
2022-01-08,0.99999833,0.99985325,0.9998554,0.99976677,1.0,1.0
2020-06-06,3.6449118e-13,5.949741e-12,0.9979851,6.304697e-08,0.99845123,1.0
2023-03-19,2.071932e-22,0.9921554,0.009832892,0.99998057,0.0005221499,1.0
2023-04-13,8.182e-22,0.99999344,0.49607474,3.9228187e-10,0.5039291,1.0
2022-12-28,5.05537e-11,0.00020619723,1.4916792e-07,1.0,1.0,1.0
2023-04-18,3.346865e-13,0.9998196,0.99905413,2.0956045e-06,0.99999976,1.0
2023-08-11,1.2204476e-32,2.3123834e-13,7.627618e-24,1.3797651e-14,1.0386176e-13,1.1290625e-11
2020-11-19,2.326661e-06,0.9876369,9.412241e-17,6.0594334e-07,1.0,2.7730326e-05
2021-07-27,1.2084056e-35,6.9329084e-11,4.8836084e-22,2.865243e-17,4.1607564e-12,1.5787897e-06
2024-02-29,1.9504141e-29,9.187915e-06,6.116854e-20,0.0005158906,1.941766e-06,0.00036788243
2019-09-12,2.594857e-26,7.8721155e-13,1.7807844e-21,8.13969e-15,1.144026e-08,1.2266304e-08
2019-09-27,3.3274635e-21,1.4852785e-13,3.5671926e-21,2.594911e-15,0.00083743944,8.5454727e-10
2022-02-23,0.611876,0.99999523,1.3186428e-06,0.99999666,1.0,0.9999999
2021-11-02,3.931416e-22,1.4368504e-15,8.182227e-20,5.282332e-15,0.99930215,1.5546655e-05
2024-05-07,1.1777454e-13,1.2757036e-05,0.9999434,2.6598107e-10,0.99999475,1.0
2021-06-21,1.4080629e-18,1.2104572e-11,1.977418e-10,1.3230706e-18,3.587164e-06,0.9999995
2021-12-30,0.9999951,0.98407537,0.9999969,0.99507624,1.0,1.0
2024-09-08,1.0009777e-21,4.7983346e-09,5.841505e-14,2.8625257e-07,3.3258746e-11,9.012347e-14
2022-08-04,6.434081e-18,4.813898e-10,3.875922e-12,6.4164556e-11,5.854397e-11,7.8981466e-10
2019-12-31,0.99835604,0.9999713,0.99999976,0.9992446,1.0,1.0
2022-06-24,7.071472e-25,8.2541374e-10,6.3743453e-19,4.0293454e-12,2.0380731e-13,3.6581472e-08
