date,h0,h1,h2,h3,h4,h5
2024-07-06,3.2626993e-10,1.2393233e-22,1.3615886e-09,8.208582e-07,3.0018764e-26,3.3097863e-16
2022-01-31,0.9776987,1.0,0.9999974,0.9999021,0.9999974,0.9999771
2022-05-25,1.0,1.513976e-08,0.16302092,0.579015,6.155979e-17,4.0545583e-06
2020-10-05,3.7979184e-16,1.2046598e-19,3.0699382e-13,0.004536614,1.3073592e-15,7.851781e-17
2023-02-21,4.331294e-06,0.99996436,0.99998474,0.1385098,2.9421336e-13,0.9994673
2020-06-08,1.0,2.7867594e-07,0.99999726,0.9889712,1.1223903e-09,0.7603203
2021-07-18,2.024897e-11,1.24673e-22,5.4113727e-12,2.352998e-06,8.30483e-21,6.1935053e-12
2021-03-30,2.0118083e-05,0.99999714,1.1639776e-13,0.9968315,2.1929158e-16,2.8386956e-11
2021-01-28,0.9966794,0.9999999,1.1890814e-06,7.900451e-05,0.99772793,1.0
2024-01-21,0.051279467,0.9999956,0.99977165,0.99447,1.0,0.9999292
2021-09-25,2.8278155e-16,4.360099e-25,1.8567131e-17,4.1051308e-06,3.2513996e-21,2.7743243e-14
2023-01-22,2.4739766e-06,0.9999958,1.0,9.0874986e-05,1.0556639e-09,0.9999969
2024-04-13,0.9999999,1.0,0.99999964,0.9994629,0.0053349193,1.3328055e-05
2023-06-17,5.427083e-09,3.7280893e-21,6.675123e-08,0.9999752,1.9229147e-24,4.9041926e-10
2021-07-06,0.00058047444,8.313968e-19,6.052526e-07,0.10360275,1.0163219e-14,1.2525992e-09
2019-07-05,2.1380194e-08,4.8949765e-18,2.8975823e-12,0.9999989,5.567868e-19,5.8847323e-16
2019-10-15,2.1131959e-11,1.6345338e-19,1.5603647e-15,6.278563e-06,5.3452634e-14,2.8090088e-14
2022-02-06,0.9732136,1.0,0.99992514,0.99889344,1.0,0.9999919
2020-01-02,0.99999976,1.0,0.9999472,0.99998593,0.9996562,0.9978466
2021-12-31,0.8733924,1.0,1.0,0.99997306,0.9999987,0.99979645
2020-11-06,9.250245e-10,1.1893293e-07,9.974638e-05,0.7356954,0.99998486,1.5399345e-07
2023-11-06,1.8085345e-17,1.2174275e-21,2.1172104e-11,1.1361243e-07,1.5245663e-13,5.9026537e-15
2019-06-12,0.9846154,2.174179e-19,1.6961177e-10,0.119055815,9.8853336e-18,1.721607e-16
2024-03-04,2.1163373e-08,4.6946826e-07,4.0014688e-15,3.2892643e-08,2.6048533e-19,8.245007e-11
2021-04-22,0.99993277,1.0,0.99988437,0.99985135,7.865088e-06,8.819443e-10
2022-12-08,1.1805611e-05,0.00739398,0.9999988,6.543761e-05,0.99999964,0.9999895
2024-11-18,1.1040633e-11,0.0046062213,0.99286544,0.030542918,0.99955195,0.00023792118
2024-09-29,2.3953353e-16,2.728257e-21,1.3342888e-12,0.09475898,1.7186414e-23,1.6714795e-13
2024-10-25,4.146571e-18,4.8740023e-23,4.9569303e-14,1.2937035e-05,6.057635e-22,1.6766457e-13
2020-02-08,0.99826956,1.0,0.38123438,0.9999125,0.99979395,0.9985513
2021-06-18,0.9999747,9.561988e-18,3.1335163e-09,0.88137823,5.1003493e-18,4.6655375e-15
2020-02-03,0.999998,1.0,0.9521124,0.9999895,0.99823195,0.9999751
2022-12-03,6.68275e-05,6.7697997e-06,0.9999956,2.9380777e-05,0.99999046,0.98884636
2022-03-20,5.529081e-07,0.54235417,3.087065e-10,2.2192073e-06,0.00013217021,0.0072657415
2019-05-30,0.9999989,6.0635086e-10,5.927546e-10,0.008930886,1.9787939e-11,7.848889e-10
2023-10-13,2.650742e-20,4.8802646e-26,7.1108565e-14,7.472812e-05,4.492676e-16,6.2262908e-12
2024-02-09,0.00013571657,1.0,0.027116826,0.0045975978,0.0013592907,0.12256945
2021-10-25,1.9816937e-16,1.3227848e-23,8.599521e-06,6.274443e-08,1.0912852e-16,3.5217444e-16
2022-03-11,1.9981206e-08,0.94156176,2.658639e-10,0.046971098,0.02186001,0.78461075
2024-09-25,1.5868114e-16,2.2868428e-21,7.627329e-16,0.00022763816,5.511411e-24,1.05970855e-13
2020-02-26,0.91976315,0.99999976,0.006708046,0.18095036,0.9990652,0.9999999
2020-09-05,4.5359973e-11,9.645382e-23,9.67289e-19,0.0076945694,4.6195195e-26,2.0194384e-12
2023-03-25,1.8496632e-05,1.0,0.03753604,0.02334068,4.1223837e-11,0.9635757
2023-11-03,6.815682e-18,2.062858e-19,2.458497e-10,1.7551445e-08,2.4315443e-12,7.1359715e-16
2019-04-07,0.04571158,1.0,3.3080247e-09,0.99946135,4.5734142e-11,1.6350848e-09
2022-01-12,0.9752789,1.0,0.9999956,0.9937364,0.99999964,0.9999969
2023-10-02,1.7613932e-22,8.000906e-24,3.448257e-12,0.013745502,5.35863e-20,1.7168662e-15
2022-08-30,1.3463041e-15,2.091677e-27,2.0116967e-11,0.9999974,7.591313e-22,3.0379714e-13
2019-09-09,5.4831372e-11,2.9347388e-22,4.1692035e-11,0.0064480416,3.7536206e-20,1.6136259e-14
2023-04-20,0.9999993,1.0,0.99967563,0.9282327,5.618321e-10,4.126699e-09
2024-08-04,6.6236083e-15,1.1632256e-20,5.3030793e-18,0.99995923,1.668341e-22,6.6572707e-12
2019-06-19,0.087162666,2.364751e-21,1.610409e-11,0.0033859063,8.143206e-21,4.4826205e-19
2024-01-26,0.98712987,1.0,0.99966204,0.98042494,0.9999999,0.9999771
2023-01-03,3.5679173e-07,0.00062665297,0.99766916,9.45931e-08,0.0012521758,1.0
2020-08-05,2.398535e-09,6.7576027e-21,1.2401596e-12,0.9999994,4.0768132e-22,2.2238265e-10
2021-07-31,4.0678415e-11,1.145948e-19,1.9439636e-17,4.6534234e-07,1.2689993e-21,4.1835435e-14
2021-07-03,0.09496846,5.727544e-19,0.0011217837,0.062054258,4.100921e-14,6.7988594e-13
2024-12-07,1.5536341e-06,0.71270454,0.9999902,0.9836442,1.0,0.9997985
2024-12-01,0.0037749703,0.9981493,0.9999627,0.97193366,1.0,0.8903172
2022-08-02,6.7061995e-11,5.243388e-21,1.2290257e-09,1.0,1.6194186e-15,2.0795712e-09
2021-05-01,0.9999999,1.0,0.9821555,0.9998785,7.6337026e-05,4.2397713e-07
2023-05-17,0.9999925,0.99999714,0.99999905,0.99355704,4.2710703e-06,0.00016737562
2024-02-29,4.5257804e-12,2.456083e-10,2.7678576e-12,5.246874e-08,2.7669163e-17,9.786083e-07
2021-06-25,0.99998343,8.976021e-16,2.250626e-05,0.99895096,7.7878176e-19,5.946128e-10
2020-10-29,2.8360975e-07,4.0528345e-14,6.061553e-06,0.050179698,5.3786e-07,1.2429485e-17
2020-08-28,1.36306045e-11,1.0045649e-23,1.559472e-15,0.47250473,4.221216e-25,6.0095666e-14
2020-10-09,6.5467935e-14,2.1698377e-19,7.2361595e-17,0.00048018008,4.77149e-18,3.7089187e-17
2024-01-19,0.85789156,0.9999999,0.99999917,0.9996482,0.99999595,0.9999976
2020-11-13,1.6511746e-09,6.593839e-10,6.2806083e-07,3.4630586e-05,0.9999924,1.9656066e-10
2022-07-14,6.6039775e-08,6.42105e-21,1.1215613e-18,0.99999344,2.581179e-22,1.275422e-14
2023-10-25,1.7945836e-17,1.0015178e-18,4.95608e-10,9.550423e-07,1.5075054e-14,5.5978417e-16
2024-02-24,2.516149e-07,7.8971e-08,1.5345022e-14,8.047998e-05,2.8387446e-22,1.7708293e-10
2022-09-07,1.2329834e-18,2.8390138e-23,1.782255e-14,0.9999542,7.889389e-20,1.1495588e-10
2019-09-08,1.8411516e-12,1.5002207e-24,8.808889e-13,0.0012553929,1.4441794e-17,2.2485254e-14
2024-12-25,0.092669815,0.9834818,0.67195445,0.9997881,1.0,0.9999957
2022-06-12,0.9995877,1.0595272e-16,1.2783538e-07,0.829815,8.633615e-21,4.43108e-12
2022-09-21,1.664005e-16,2.6116058e-29,4.408838e-13,0.00094936177,1.9989503e-17,8.972176e-11
2019-05-21,0.99639326,0.9999999,2.8162922e-05,0.002671847,5.6373647e-06,2.5817215e-10
2023-09-11,2.2817061e-17,1.7834967e-21,2.8934965e-15,0.9999999,6.8173455e-18,3.8128395e-13
2021-11-23,1.4592523e-07,0.021695787,1.0,2.8899658e-06,0.99979824,0.0021727732
2021-11-21,3.0217808e-07,0.00054333423,1.0,1.453878e-06,0.99998355,0.00016512779
2021-05-29,0.9999999,7.9321353e-07,0.0438082,0.001082074,6.5419975e-11,0.9998939
2022-08-23,2.3764704e-14,7.9902567e-25,1.4363605e-14,0.99999917,6.931697e-21,3.9686812e-10
2020-11-04,0.0005642341,2.6699897e-15,1.5458784e-08,0.9999813,0.99685436,2.1009142e-11
2019-09-20,3.9576725e-15,2.5078198e-24,9.5328856e-11,1.5576483e-05,2.721168e-21,5.120535e-15
2023-08-17,5.737763e-17,1.417663e-24,3.1456916e-16,0.9999881,2.9588689e-25,9.328032e-16
2021-03-24,3.7381054e-05,1.0,3.4447747e-11,0.006277718,8.8722557e-13,9.351938e-09
2024-06-28,7.112709e-07,1.2871385e-24,9.618104e-11,0.0089626135,1.3654409e-23,5.7656744e-16
2019-09-30,7.8502135e-12,1.4699919e-24,5.7239e-10,0.0006670773,1.7329355e-10,5.456721e-11
2023-06-15,0.0013156665,5.5879084e-09,2.4430757e-10,0.9999999,1.204598e-22,7.5208695e-10
2021-01-29,0.9996414,0.9999665,8.512979e-06,0.0021209891,0.9999968,0.9999999
2019-07-04,9.797775e-07,4.6948485e-17,9.124833e-09,0.9999846,7.3462125e-18,2.53831e-17
2024-09-09,4.1559832e-15,3.4032659e-22,1.07509136e-17,1.0,1.006826e-20,1.0026425e-09
2023-12-13,0.007367806,0.9990275,1.0,0.9561038,1.0,0.9993697
2019-04-24,0.9999999,1.0,0.9994326,0.99999917,0.35509017,0.0703056
2022-07-13,2.3463975e-10,5.1701777e-21,2.3765042e-16,0.99999964,2.8154623e-21,6.153746e-14
2021-01-27,0.993379,1.0,2.5702368e-08,0.0009308179,0.99796826,1.0
2019-09-27,1.84632e-13,9.6674e-25,6.417967e-09,0.004184894,1.0173833e-13,4.742966e-13
2024-12-26,3.598267e-05,0.999788,0.99999475,0.9992549,1.0,0.9999995
2022-12-06,3.8084664e-08,4.928155e-05,0.9999838,3.8521026e-08,0.99990857,0.9957229
2020-07-01,0.4302018,1.5306333e-16,1.5631302e-10,0.99996674,5.2405194e-17,8.1422885e-10
2023-01-19,0.00039308288,0.9999944,1.0,1.199223e-05,2.7829456e-06,0.99999833
2022-04-19,0.99999917,1.0,0.9998666,0.9999901,1.0317707e-06,7.3405346e-08
2022-04-13,1.0,1.0,0.9998356,0.99999917,0.00012406259,1.075663e-07
2021-03-25,0.021267887,1.0,2.5877261e-10,0.017236056,3.035543e-10,4.3411483e-09
2023-08-05,1.2761142e-16,4.7333734e-22,1.4500311e-13,0.99999,2.666428e-22,7.024287e-14
2021-08-29,1.0866561e-11,1.9320257e-23,1.4431473e-20,0.11534893,7.146527e-20,2.8846577e-15
2020-10-15,4.7854933e-09,7.582297e-18,3.8774394e-15,0.020982414,1.2017653e-16,1.4412893e-18
2019-07-18,3.5222698e-07,4.8246646e-24,2.9931532e-10,0.9999999,2.4688745e-16,2.3539753e-08
2024-12-28,0.20770754,0.99998224,0.9997769,0.99936444,1.0,0.99999774
2024-04-04,0.99921167,1.0,1.0,0.9990814,8.725653e-05,5.159621e-07
2021-07-10,3.6226555e-10,2.6479886e-23,7.61358e-12,0.025285989,3.8395454e-19,3.617794e-14
2024-01-14,0.99356717,0.9999999,0.999964,0.9999305,1.0,0.9999913
2020-09-10,1.0259286e-12,2.4341456e-21,6.011449e-17,0.0003303196,7.0530073e-28,1.2271106e-15
2020-04-24,0.9999999,1.0,0.999992,0.99999976,0.00033429355,0.001310368
2019-06-17,0.007847946,6.7573066e-17,7.9617125e-11,0.16336018,1.7448061e-17,6.8751663e-18
2022-12-25,0.000113208254,0.9999138,0.9741208,3.6102227e-07,0.9886099,1.0
2021-08-05,2.2643947e-13,2.483156e-23,1.877318e-16,0.0039522187,9.940546e-25,6.9712763e-13
2021-08-21,2.0454615e-12,1.4680926e-16,0.0001901798,0.0002134068,1.5971555e-10,8.557454e-06
2022-09-18,2.3355682e-15,2.9738576e-28,2.983054e-14,0.012380892,2.3828119e-17,4.4579865e-12
2022-11-24,1.2396072e-05,1.2011302e-09,0.99999845,2.3677866e-07,0.9999939,0.08464048
2019-10-06,2.9364795e-11,6.3914046e-22,1.8138419e-12,5.958311e-05,9.740254e-09,4.897198e-11
2019-09-15,4.6042394e-15,9.412331e-28,4.988743e-14,0.00018389395,1.5985173e-18,5.8382666e-13
2020-08-04,1.8785855e-09,3.6991494e-20,3.7730824e-15,0.99999905,5.0742892e-17,1.4040077e-07
2021-10-05,1.8162124e-13,2.2729748e-25,1.1569226e-11,1.1438518e-07,1.7068545e-16,7.34185e-16
2023-11-24,5.5668845e-14,1.8415247e-07,0.99996006,0.03989097,0.99993074,0.00095313025
2023-06-03,0.9954862,2.9393194e-12,1.3249365e-07,0.8815392,8.422549e-23,9.989025e-15
2022-01-26,0.591107,1.0,0.99996996,0.9942569,1.0,0.99992883
2024-01-02,0.024143267,1.0,0.99995136,0.9999522,1.0,0.9999988
2022-01-23,0.9983613,1.0,0.9999945,0.99998355,0.9999926,0.99997973
2021-10-20,3.1860047e-15,2.2578245e-26,1.498168e-12,3.1383083e-06,4.4391113e-14,1.7770565e-16
2019-12-29,0.99999976,1.0,0.99989367,0.9999964,0.9999937,0.99771035
2024-11-07,2.2057509e-17,1.7594134e-06,1.0093547e-12,0.0015984542,7.8904285e-16,2.9628657e-11
2024-07-24,8.815869e-12,2.0695918e-24,1.2328888e-19,0.12336665,6.319195e-26,1.1192374e-12
2022-04-07,0.26249737,1.0,0.046431802,0.9840862,3.6028487e-07,2.2234137e-05
2022-07-12,2.2547472e-07,1.2858259e-20,1.3737462e-18,0.9999888,3.1775107e-21,9.611881e-16
2020-06-03,0.99994123,4.9765446e-16,4.8938256e-07,0.9976324,2.439122e-18,1.17311245e-07
2022-09-09,3.3021135e-19,4.6692933e-23,5.1324246e-15,0.97700953,1.1716717e-16,4.1625845e-11
2023-10-19,4.768179e-18,3.8967464e-22,7.195834e-13,7.619433e-05,3.3967874e-18,3.5051907e-13
2021-12-18,0.5653414,0.99999964,1.0,0.9997719,0.9999999,0.99957687
2021-09-09,1.2288604e-11,2.9788723e-23,8.995962e-18,0.9485736,1.588578e-26,1.0278847e-13
2024-09-16,1.0166347e-09,8.800922e-18,4.926002e-16,0.9999269,7.9881834e-14,2.2649261e-13
2022-06-28,2.1637375e-08,5.241898e-25,8.6790416e-16,0.9999995,1.4206617e-17,2.0910596e-07
2024-10-30,1.0298863e-17,2.0825317e-17,4.7913885e-11,3.0462816e-06,1.080295e-19,5.126885e-12
2020-09-21,2.6950971e-11,1.9508899e-22,1.4116124e-18,0.012215702,7.2709075e-26,2.061799e-12
2024-12-19,0.039832283,0.9890777,0.97501266,0.9988807,1.0,0.9999938
2024-05-11,1.0,0.0032477814,0.9999982,6.614378e-08,8.573913e-10,1.0650531e-07
2024-05-15,1.0,0.0014852767,0.999944,4.5507986e-06,6.5225087e-12,1.8058562e-06
2024-12-20,0.0060975733,0.88593936,0.9997793,0.9998667,1.0,0.99999547
2022-01-22,0.97576505,1.0,0.9999995,0.9999759,0.99999917,0.99996686
2022-07-25,1.7985837e-12,1.7609592e-19,4.5421528e-11,1.0,4.4306133e-20,2.9217457e-12
2023-11-11,8.950888e-16,1.00082834e-22,1.4961465e-08,1.1733967e-07,1.6713537e-11,8.849815e-16
2022-07-04,2.5382607e-10,2.4974412e-25,1.127878e-16,0.99999964,3.0213696e-20,6.852497e-13
2020-06-06,1.0,5.2954925e-09,0.99976677,0.9830337,1.1732243e-11,0.41414884
2022-12-26,4.395274e-06,0.99776447,0.9960819,0.012383412,0.99598217,1.0
2023-06-25,8.462531e-12,1.1097471e-18,2.5817386e-12,0.9999993,1.11813665e-23,8.845686e-11
2020-06-14,0.99999905,5.3022934e-13,0.00015100306,0.2256195,6.3251955e-20,3.0464895e-09
2024-11-30,0.00019688274,0.96465147,0.9996228,0.9995671,0.9999999,0.97791994
2023-06-02,0.99999833,1.2000637e-08,3.6596056e-08,0.99994695,1.1720397e-21,6.921298e-10
2024-08-31,4.690705e-13,5.7365963e-19,2.4516432e-16,1.0,1.7156262e-18,5.3909313e-13
2023-01-12,3.783373e-07,0.99302214,0.9999995,1.1714186e-05,0.000106544925,0.9999999
2019-09-21,2.8611174e-15,6.4319073e-22,5.663439e-12,4.9968872e-05,3.964536e-21,5.3937105e-16
2023-07-12,1.7047219e-14,2.7452282e-16,2.7789015e-13,1.0,1.694556e-21,1.0237364e-10
2020-04-05,0.9864478,1.0,3.7276453e-07,0.9992786,3.249049e-14,4.02015e-07
2024-07-12,2.6476098e-12,4.1173236e-22,5.830896e-14,0.00063742814,2.9056047e-25,1.6704545e-15
2022-07-17,1.2218869e-10,1.0729787e-22,3.396862e-20,0.9996344,2.1373038e-21,2.1838387e-11
2022-02-16,0.6845895,1.0,0.8778118,0.99903774,0.99999845,0.9999914
2021-12-26,0.9989248,0.9999999,0.99999976,0.999851,0.9999999,0.9958339
2023-02-24,0.018639911,0.9999969,1.0,0.6352074,9.383705e-09,0.97983176
2021-02-03,0.96568763,0.9999924,9.384435e-10,1.3160425e-05,0.9998398,0.9999393
2021-02-09,0.036970966,0.9999894,9.118813e-09,0.004284077,0.99994457,0.9999968
2021-04-12,8.829189e-05,0.9994642,6.432542e-12,0.9999099,7.0123607e-10,4.8705584e-14
2022-03-17,8.8162133e-10,0.9999913,2.5695835e-13,0.0002005344,6.081432e-08,4.144792e-06
2019-08-27,1.7554766e-15,1.3338106e-23,1.9287762e-14,0.0005306443,1.5871032e-22,7.811268e-14
2022-05-28,0.9999999,1.1501626e-05,0.00030379687,0.8733533,3.6350576e-18,2.4451726e-06
2024-08-26,3.6755893e-12,1.9720768e-14,2.5879692e-13,0.9999999,2.3678226e-19,5.381028e-13
2019-11-11,1.0935067e-05,0.0011539557,0.98041415,0.00021459023,0.9999962,9.6232746e-08
2023-05-10,0.9999995,1.0,0.8424664,0.9999999,0.00022976287,0.18100801
2024-07-29,1.5396775e-13,9.936027e-19,2.5614573e-19,0.99995685,2.3091012e-27,1.0426825e-13
2022-02-19,0.18663794,1.0,0.85351914,0.9642097,0.9999999,0.9999993
2023-06-07,0.9998,2.8103952e-06,4.06642e-12,0.9999697,4.744675e-21,1.6885097e-10
2020-03-07,0.9972012,0.0032556513,0.0008683607,1.8149378e-06,0.013570011,0.98372966
2019-06-08,0.99999976,2.4987788e-11,2.5970886e-12,0.0003705858,2.353345e-17,1.3495064e-13
2022-12-20,1.4883143e-07,0.52720124,0.99999845,2.0407315e-05,0.99996257,0.99999833
2021-01-11,0.9998958,1.0,1.3759826e-07,0.003118557,0.9983517,1.0
2023-02-04,3.6878515e-07,0.9995615,1.0,0.00010617676,1.0274875e-06,0.9999999
2024-09-21,1.6618154e-17,1.19817685e-23,4.583718e-15,0.005273344,6.888249e-23,6.714681e-16
2023-12-05,0.0009911271,0.99457186,0.9999993,0.99997056,1.0,0.99998736
2023-07-05,2.2678982e-11,3.867408e-23,4.2407007e-12,0.9999894,3.008273e-26,4.4204502e-09
2024-11-28,1.715171e-07,0.021184396,0.99999654,0.9701877,1.0,0.9921629
2019-12-20,0.9999951,1.0,0.99977547,0.99999917,0.99999845,0.88289094
2023-08-03,5.1767596e-17,3.447746e-22,8.634848e-14,0.9999887,4.150548e-23,2.1452244e-16
2024-08-08,3.056279e-09,6.312268e-11,5.0489786e-16,1.0,3.0412824e-20,2.5406134e-11
2024-10-17,7.218649e-18,8.127911e-20,3.795326e-12,2.2082631e-06,6.5360995e-18,6.320701e-15
2020-05-18,1.0,0.97896874,0.9999969,0.99988973,5.921625e-10,5.432878e-05
2024-09-17,9.127518e-12,3.255825e-17,7.212301e-15,0.99969125,1.6870134e-13,1.5943894e-13
2024-05-23,1.0,7.1630864e-05,0.43206343,0.0013071308,2.048092e-09,2.4401676e-05
2020-09-18,1.857419e-12,4.7303877e-25,4.991489e-16,0.00011098943,1.548911e-25,2.4260948e-13
2024-11-12,2.1477217e-16,2.1930798e-07,1.5476885e-10,0.14351772,3.4941214e-14,1.734072e-11
2019-12-06,0.019752339,0.9984732,0.9999995,0.9988117,0.99999356,0.37477538
2023-08-04,4.4851566e-17,6.454492e-23,9.671654e-15,0.9999862,1.3114027e-26,5.006533e-13
2021-07-21,2.1626324e-11,8.215281e-21,3.4662867e-15,0.00010852455,1.0907466e-19,6.4190014e-11
2024-10-09,7.032453e-21,1.9238496e-21,1.4267554e-17,1.599158e-05,1.8644494e-17,7.153637e-11
2024-07-15,6.041027e-12,4.5554753e-24,1.2643674e-18,0.00010449055,1.045702e-24,1.4656481e-15
2019-11-10,2.5089395e-09,1.3252803e-07,0.022585474,0.00028966,0.99999964,9.294986e-11
2021-01-20,0.99998677,0.99999976,1.4548111e-05,0.0097774295,0.99960345,0.9999999
2019-04-29,0.9999999,1.0,0.8045427,0.9989102,0.00039088866,4.035661e-07
2021-12-13,0.002447875,0.99984133,1.0,0.17383948,0.99970394,0.99994504
2021-02-18,5.4328157e-05,0.99999964,3.629818e-07,1.6045085e-06,0.663164,0.9999982
2019-08-14,1.1764686e-08,3.2071269e-21,1.5451002e-08,0.99995995,5.4377087e-18,2.3703387e-12
2023-05-02,1.0,1.0,0.9838832,0.99997985,4.121701e-06,4.340083e-05
2021-10-14,2.7766104e-11,9.097581e-21,2.1784108e-10,1.036131e-08,1.021035e-15,4.2135108e-17
2019-05-25,0.99995375,0.9976311,2.0068947e-11,0.01287887,6.26958e-10,1.6397826e-12
2021-05-10,0.9999994,1.0,0.99999857,0.9935296,0.000523761,0.013273462
2024-09-02,2.853609e-14,1.3788388e-18,1.071318e-15,0.99999714,2.8543746e-19,3.2553935e-11
2023-11-19,7.82661e-15,3.7469726e-14,0.07364407,7.270097e-06,5.8685488e-05,2.4422382e-09
2024-12-03,2.9436123e-07,0.9490197,0.9986345,0.98829144,1.0,0.9996257
2022-12-23,5.875531e-06,0.9768546,0.99999917,1.8266202e-06,0.9998869,0.99999917
2023-08-23,2.0480318e-18,4.250679e-15,1.2410588e-12,1.0,1.6622695e-20,3.2246041e-06
2023-08-01,1.3701215e-15,5.181063e-18,8.094414e-13,1.0,9.203938e-22,8.7938764e-14
2022-08-20,2.3847889e-14,5.0972944e-26,2.0063437e-11,1.0,1.0584272e-18,8.2392496e-12
2022-03-19,3.1817166e-08,0.9999137,2.9593442e-13,0.0012484198,0.0001432021,5.8814176e-06
2020-03-04,0.99410987,0.99999905,6.5343826e-05,2.840763e-05,0.0012407003,0.9995819
2024-06-09,0.0098765725,2.6614542e-18,0.17463243,1.7528496e-08,9.9084816e-17,4.0636848e-11
2020-04-06,0.011346764,1.0,3.9507742e-10,0.9979151,1.0682072e-17,8.61696e-11
2024-05-02,0.9999988,1.0,1.0,0.5851382,5.0895874e-06,1.2683201e-06
2021-03-10,0.00028908122,1.0,0.0006949436,0.0044085453,0.00015075847,0.9983681
2019-06-05,1.0,1.5837154e-12,7.936386e-09,0.0062281177,8.3108975e-14,6.6718124e-12
2020-02-11,0.99999666,1.0,0.98666185,0.99966276,0.9914801,0.9998846
2019-12-26,0.99992716,1.0,0.99986815,0.999977,0.99999857,0.9664342
2021-07-16,1.9432887e-06,1.994413e-22,5.2088955e-11,1.5424377e-05,5.9243685e-18,9.261155e-14
2021-12-04,0.00011222115,0.9221676,1.0,0.07013747,0.9999999,0.9997396
2024-08-20,1.8445827e-19,6.620147e-15,2.1527725e-14,0.9983278,2.5523645e-21,2.7214925e-08
2022-01-28,0.9832962,1.0,0.9995715,0.9999598,0.99999714,0.9999902
2021-06-09,0.9999981,2.1023556e-09,0.9766808,3.39543e-06,1.1842055e-05,0.0001470252
2020-05-05,0.9999994,0.99999833,0.9999932,0.9999975,4.2452757e-06,0.00061038084
2019-05-29,0.99999976,3.2541638e-07,6.308826e-06,0.00044104288,1.2834567e-16,5.732122e-12
2022-02-11,0.9984957,1.0,0.9994468,0.9999721,0.9999994,0.99998593
2022-12-02,5.4372176e-08,4.444509e-05,0.99999654,9.894416e-07,0.99999917,0.9991897
2021-06-08,1.0,4.816107e-07,0.98816794,0.0022610624,0.0004754678,0.9981565
2024-03-13,1.9667197e-11,0.9996624,1.2882073e-06,6.527999e-06,2.8692455e-14,6.720819e-07
2019-06-07,0.9999877,3.829723e-15,6.32034e-11,0.0039623906,2.0990275e-15,2.673668e-16
2024-02-28,1.5608635e-09,1.2133322e-12,1.6307133e-15,3.7610613e-07,8.259919e-17,6.443151e-08
2020-02-23,0.9994766,1.0,0.013224515,0.098186515,0.9976515,0.21482153
2020-03-16,1.0,1.0,0.5885387,0.9429316,0.0004261317,2.593308e-07
2020-11-12,0.0042202463,6.8270214e-07,1.4683885e-10,0.5581355,1.0,2.7520641e-09
2021-04-14,0.013687675,1.0,2.6617272e-07,0.9999547,1.0092585e-12,4.03353e-15
2023-03-20,0.0047271284,1.0,0.10423826,0.9077891,3.5803717e-12,0.0017136665
2024-05-08,0.9999999,0.9989967,1.0,0.0015855875,8.987684e-09,8.903979e-08
2020-11-28,0.0003201508,0.84747356,3.82412e-06,1.3858157e-05,1.0,0.9175304
2019-06-09,0.9999999,6.536774e-14,1.6769561e-09,0.0038669363,1.3423843e-14,6.4127453e-12
2023-10-22,6.1196145e-18,1.7047873e-21,6.3094155e-11,1.0606925e-05,2.6384472e-14,2.5497339e-12
2019-12-25,0.9999894,1.0,0.99942553,0.9999548,0.99999535,0.958718
2020-02-10,0.9994752,1.0,0.99212146,0.9998834,0.994451,0.9976394
2023-11-02,4.4010863e-19,5.761485e-20,1.65913e-13,0.0001359855,2.6917515e-08,2.0998986e-13
2021-02-25,0.9961118,1.0,0.000270258,5.3974654e-06,0.9999118,0.9969567
2020-03-27,0.99421495,1.0,4.4642016e-05,0.9958151,4.1059457e-06,8.262509e-08
2021-05-20,0.9999999,0.999998,0.97716844,0.9862012,7.257918e-05,0.31686378
2021-04-11,0.9108207,1.0,2.6805063e-07,0.996775,9.521165e-11,9.2206634e-15
2021-10-26,1.4062007e-10,1.3796386e-18,7.6952e-06,5.89562e-08,1.3357555e-12,2.1304147e-16
2024-11-11,2.618215e-17,2.8082037e-05,1.307183e-10,0.0025918717,1.2155148e-11,3.4402292e-12
2022-01-03,0.9984723,1.0,0.9999888,0.9999995,0.99999857,0.9999907
2022-08-25,1.7041617e-15,3.1042056e-25,2.5852457e-13,1.0,1.582362e-24,1.0784347e-10
2021-08-14,4.531161e-16,4.750594e-22,1.7688728e-16,0.7426813,3.1793961e-25,2.6500408e-15
2020-06-05,1.0,8.966115e-08,0.9874697,0.9999862,1.8537004e-11,0.010367697
2023-02-01,2.0572041e-07,0.9752582,1.0,0.00026516532,1.9127422e-09,0.99999917
2024-12-22,2.7373417e-05,0.999926,0.99961567,0.997844,1.0,0.9999989
2024-09-23,1.0881223e-15,1.1125482e-19,2.926609e-16,0.0011869192,3.6699785e-23,1.5413539e-11
2022-05-12,0.9999999,0.9991047,0.9990607,0.9990632,5.925525e-13,0.000119482764
2019-10-17,8.0751844e-13,4.0291635e-22,2.1110616e-14,1.6127866e-06,2.5437825e-09,1.1338167e-11
2024-09-11,1.2771122e-09,3.6491457e-18,1.6163312e-13,1.0,3.01077e-11,5.614053e-08
2021-10-22,3.0381939e-15,5.2177406e-24,8.955208e-07,2.5213708e-07,1.8963758e-14,1.2956009e-14
2022-01-19,0.97880435,1.0,0.9999994,0.9999496,0.99999917,0.9999963
2022-06-03,1.0,6.4945885e-07,0.99999917,0.9931987,1.6795009e-13,0.00010178909
2022-08-22,1.088658e-15,3.3243101e-25,3.9184324e-12,0.999985,2.4117149e-20,2.7564135e-13
2023-08-11,6.343805e-19,6.36723e-25,4.034484e-15,0.00021328963,5.599076e-25,5.9013035e-15
2021-06-22,0.9999999,4.7207095e-13,2.5394813e-05,0.99997807,1.409672e-15,9.4365134e-08
2021-09-20,1.3467922e-15,2.5486255e-23,1.4486645e-18,0.00022451911,2.5172257e-21,3.3364834e-16
2020-09-03,5.820735e-12,7.7053635e-21,8.976316e-19,0.000448556,2.2465033e-24,4.3642293e-16
2021-06-02,1.0,2.4539092e-06,0.93999434,0.0006099755,1.3871775e-10,0.6192992
2020-08-02,4.663227e-14,6.7266076e-22,3.2584835e-17,0.99999905,4.6877674e-22,2.9501317e-08
2024-10-04,1.2695435e-18,6.0151786e-20,4.4050547e-17,0.0006661307,1.4856556e-20,3.2001405e-11
2023-03-01,0.0004553882,0.9999254,0.99999547,0.19009803,1.9228004e-10,0.9999989
2023-07-30,2.3049336e-16,6.881053e-23,6.9008693e-13,0.99999857,6.6554686e-23,3.8982917e-15
2024-07-30,2.8148846e-12,1.1539567e-14,3.9823995e-17,1.0,6.8430015e-28,3.5713023e-11
2022-09-11,3.9168053e-15,1.0579605e-30,2.7566529e-11,0.89822984,6.8350074e-16,2.7703493e-13
2019-05-12,0.9999999,1.0,0.00071464514,0.9978701,3.254565e-05,5.2427804e-06
2022-08-21,5.229319e-16,9.005372e-25,3.2263745e-13,0.99998677,2.0887013e-21,9.519963e-12
2024-11-14,1.1138202e-15,1.912246e-09,9.984782e-05,0.013783148,0.00028410132,1.5468069e-09
2023-08-19,1.4203427e-16,2.866515e-22,3.9006547e-16,0.9929469,1.4387484e-22,6.353887e-13
2019-05-05,0.99999964,1.0,0.0046241223,0.99498934,1.2731342e-05,3.9375087e-07
2020-11-24,2.1880671e-06,0.23752205,9.689854e-07,0.00012308973,1.0,0.00030219048
2020-10-03,6.368872e-13,1.1662392e-18,3.095325e-14,0.08715615,2.0718684e-15,2.0182433e-17
2023-03-15,1.9020717e-05,1.0,0.9908161,0.0220029,2.5913304e-11,0.9999764
2021-11-08,2.0148418e-11,1.7437416e-17,0.9737202,8.652968e-10,1.8883317e-09,2.919543e-10
2023-01-26,0.00020259466,0.9999994,0.9999999,5.2231142e-05,9.530617e-10,0.99999046
2021-10-19,1.731943e-15,2.4156875e-24,1.2678392e-08,1.7248323e-07,2.1493835e-14,2.3595858e-15
2021-11-29,0.040807173,0.99883705,1.0,0.00020399298,0.9999486,0.9999778
2023-10-08,7.727879e-22,1.10275166e-23,1.8176851e-13,0.005553239,4.653497e-18,3.7385524e-12
2023-04-07,0.047695965,1.0,0.00010310272,0.8784302,1.4861543e-09,1.1408335e-12
2024-03-07,1.858811e-09,1.0494484e-09,5.145417e-13,9.027545e-07,1.1066526e-18,2.93848e-11
2023-09-01,4.958076e-21,2.5775853e-16,5.404379e-16,0.9999938,3.776774e-20,2.7078869e-14
2021-05-28,0.9999999,0.021498546,0.55437493,7.2806847e-06,8.861841e-06,0.9996449
2021-11-03,6.467736e-13,7.3697256e-20,0.0032055858,7.0648494e-11,1.1190977e-10,3.3599725e-12
2024-11-03,1.5323544e-19,7.994863e-17,4.212361e-10,4.9838695e-07,2.8615266e-19,2.0624836e-12
2021-07-22,5.1197973e-13,2.3126136e-16,6.9536094e-18,0.0002967731,2.6629456e-19,2.0399495e-11
2024-03-29,0.9872678,1.0,0.99991477,0.99619764,5.771204e-06,0.00011843757
2019-12-21,0.9998889,1.0,0.9999187,0.9999795,0.99993145,0.9463662
2022-11-06,1.3159143e-06,1.0525649e-18,0.99967575,1.951784e-06,2.0343487e-09,1.5062274e-09
2019-09-19,2.7592054e-14,7.598598e-26,1.6298786e-13,7.166868e-08,1.0510195e-19,2.3587376e-17
2019-07-07,2.200567e-08,6.6983815e-17,1.0191649e-08,1.0,1.9188777e-16,1.1349e-12
2019-12-01,0.0015508065,0.9992874,0.99867404,0.99855274,0.9999993,0.94920033
2022-02-21,0.2055887,1.0,0.9968899,0.9997384,0.999998,0.9999989
2019-09-22,5.318728e-15,2.7557815e-25,8.0623916e-14,0.0001616589,9.865669e-18,2.1267697e-15
2023-08-21,3.4916442e-17,9.398295e-22,2.663886e-15,1.0,2.8083092e-20,1.0128526e-13
2021-10-10,2.9460983e-09,3.1867436e-24,3.3211066e-12,1.079315e-07,4.0889743e-16,5.2878763e-15
2020-08-17,1.573452e-11,1.9722002e-22,9.46406e-11,1.0,6.8792295e-19,2.209142e-08
2022-04-08,0.06136238,1.0,0.00037587943,0.9888671,4.215323e-08,0.00025131518
2019-10-28,5.1453193e-09,5.5747784e-18,4.3922388e-08,3.6857098e-10,0.0006581004,9.266667e-14
2020-09-19,2.1035585e-13,8.4613505e-24,5.4016945e-18,0.00010998453,3.8330527e-24,7.322414e-15
2023-01-30,9.942099e-06,0.9990331,1.0,1.4112681e-05,3.1188145e-07,0.9999652
2024-11-08,2.4305677e-18,1.488459e-07,4.9415435e-14,0.00045736408,4.0485883e-16,3.0453407e-12
2020-02-06,0.9999467,1.0,0.8213947,0.9997094,0.9901973,0.9999435
2021-07-17,5.33948e-09,1.7584067e-21,3.2279612e-14,1.0532194e-05,1.2515372e-23,2.3943829e-14
2024-08-02,9.0536284e-10,1.2410397e-16,1.089093e-17,0.99999344,1.6770076e-20,4.6074004e-12
2020-07-27,5.748671e-10,5.801802e-20,5.922177e-14,1.0,9.907232e-25,4.0658236e-07
2019-10-16,6.027472e-11,3.4095472e-19,2.5505095e-14,4.040778e-06,3.5630185e-09,1.0098247e-12
2022-11-04,8.0577884e-08,3.9091082e-20,0.9996183,9.075751e-08,5.723038e-10,1.0058284e-08
2023-10-01,4.550741e-21,1.1734408e-27,8.0384375e-14,0.14514753,2.0587071e-19,1.3010842e-13
2022-01-11,0.99815434,1.0,0.9999994,0.9999782,0.99998975,0.9999987
2019-12-17,0.99255943,1.0,0.9999261,0.9999821,0.99999464,0.9909116
2020-11-19,1.8026046e-09,4.376558e-05,4.1432077e-08,0.004029189,0.9999999,1.7414733e-07
2024-10-06,3.952627e-18,7.009874e-21,3.9799395e-17,0.00024063028,5.620989e-18,7.113523e-12
2023-01-02,7.360797e-11,0.8440689,0.9996076,1.0424393e-05,2.3860486e-05,1.0
2021-09-18,5.6887904e-17,3.4862288e-24,4.2545724e-15,7.66947e-06,3.0744507e-24,2.2411104e-17
2021-03-01,0.06066022,1.0,5.1927203e-05,0.00046245652,0.76919067,0.9999672
2023-08-31,3.961512e-21,1.2196971e-19,3.526841e-15,0.9999715,1.3552062e-14,7.107747e-15
2022-02-18,0.00681991,1.0,0.9961707,0.996012,1.0,0.99998367
2022-03-22,7.406676e-07,1.0,1.10005406e-16,0.00026963334,2.5262972e-10,2.4011151e-10
2023-02-14,5.1994436e-07,0.9740995,1.0,0.0054495046,6.114322e-09,0.9999949
2024-01-24,0.5906628,0.99999976,0.9999291,0.9997353,1.0,0.99999785
2023-05-04,0.9999999,1.0,0.82826835,0.9995765,1.9983772e-05,0.02272791
2021-09-14,2.05098e-10,2.0461202e-24,1.1292679e-17,0.0104785245,4.1376663e-22,4.7555566e-17
2024-10-15,8.32123e-20,9.278147e-21,9.9935124e-17,7.10101e-07,1.820386e-15,2.0541577e-11
2024-04-11,0.9999887,1.0,1.0,0.9385156,4.2779033e-05,2.5333647e-06
2023-09-16,1.1068589e-19,2.2896236e-24,3.54793e-09,0.9962842,1.3532286e-24,7.6503343e-20
2022-05-30,0.9999999,5.092237e-09,0.025128843,0.9999846,1.519347e-13,8.010221e-05
2020-06-25,1.3019316e-05,6.818379e-20,3.991584e-14,0.99654204,4.8284297e-20,9.6533214e-14
2024-03-31,0.9515825,1.0,0.9999993,0.99115795,2.423318e-07,2.7353616e-07
2023-09-19,3.7492214e-23,5.398357e-18,4.6554004e-13,0.99989605,4.082103e-15,4.3170023e-10
2023-05-28,1.0,0.0038554112,0.95939505,0.9999459,7.6648256e-08,5.550125e-06
2023-12-08,0.00028445583,0.7286657,0.9999856,0.94460285,0.99999917,0.94148684
2022-03-07,0.00049431506,0.9842493,7.5237307e-07,0.00061754254,0.0020862482,1.0
2020-10-28,1.64087e-10,8.436438e-16,9.1290985e-07,0.13619117,6.22965e-09,2.4955657e-17
2020-06-27,0.0064585954,4.769879e-22,2.4923287e-07,0.99182,9.77171e-15,1.4773738e-12
2020-06-30,0.034754872,1.8802668e-20,6.515235e-08,0.99968123,1.9123003e-13,1.0295576e-07
2019-12-16,0.9999256,0.9999999,0.99812955,0.9999919,0.9999951,0.78466606
2019-07-06,5.410414e-07,4.9843505e-17,7.4982855e-09,0.9999982,6.7152226e-15,2.413184e-15
2024-11-10,8.47886e-17,0.00014078505,9.978314e-13,0.00040366873,6.649047e-12,4.3448418e-13
2021-07-19,1.229935e-10,1.3864145e-23,4.622489e-15,2.1460205e-06,7.889192e-24,1.2780281e-13
2019-11-08,2.3813696e-07,2.8283809e-09,4.138857e-05,0.0049201753,0.99548846,1.72679e-12
2023-03-28,0.00010542554,1.0,2.0995667e-05,0.05486171,2.8181039e-11,0.87911963
2021-07-12,2.9011667e-07,3.0842407e-21,2.050447e-11,5.8687997e-06,9.926599e-18,6.588118e-14
2020-11-08,4.2346255e-06,1.744438e-08,0.025520327,0.008781482,0.9969386,1.9122015e-06
2023-04-22,0.99999416,1.0,0.99986076,0.9980313,1.8695163e-10,2.7775453e-09
2022-06-01,0.9999995,6.346466e-07,0.9991116,0.99999595,2.942319e-09,0.00017849752
2022-08-29,2.7047612e-16,1.2856638e-28,4.152955e-12,1.0,4.70611e-24,5.5797203e-12
2019-10-10,6.115788e-10,2.2029968e-21,2.2474367e-10,0.02299699,2.5438814e-07,6.5602347e-13
2021-02-15,0.6507764,0.99999297,1.6961427e-07,2.7999085e-06,0.99689215,0.9999999
2023-01-31,1.4403561e-06,0.9998016,1.0,7.060063e-07,1.0935206e-09,0.999997
2024-02-14,6.7643526e-08,1.0,1.7771526e-11,8.1018385e-05,3.688843e-08,9.028624e-05
2022-03-24,1.1677363e-06,1.0,1.4351236e-13,0.00013703857,1.1668241e-11,9.7792996e-11
2022-08-04,1.0992047e-12,3.6166824e-22,9.499538e-12,1.0,1.7059879e-17,5.58955e-09
2024-07-04,1.8239356e-10,3.2602606e-25,2.7356398e-14,0.00015368573,1.6645503e-24,8.4363376e-17
2023-01-21,0.00038586382,0.9999943,1.0,0.0006415726,2.4840704e-08,0.99992585
2020-05-11,1.0,0.9999795,0.9964813,0.9999896,4.6363047e-09,0.00015584946
2024-04-10,0.99998045,1.0,0.9999999,0.9998217,0.00061907584,9.765648e-07
2019-12-24,0.9999995,1.0,0.99991333,0.99999,0.98535246,0.9984681
2023-11-08,2.7101898e-19,2.6203234e-17,5.480113e-12,2.5942086e-06,3.0954235e-15,9.921569e-17
2020-07-14,6.760173e-08,4.1884014e-16,7.458182e-15,1.0,1.3186504e-20,3.7512797e-09
2024-11-13,5.6519835e-14,0.00015971002,9.528701e-08,0.09221281,0.000286229,1.5095117e-06
2020-05-10,1.0,0.9999894,0.9997466,0.9999975,2.4971348e-07,0.00081678556
2021-01-02,0.9530491,1.0,0.02729312,0.3708544,1.0,0.9999999
2024-10-07,7.2650764e-21,1.1886958e-20,1.6205098e-18,0.0002667837,3.1842018e-18,1.431762e-11
2021-04-20,0.013231435,1.0,5.19085e-09,0.9999987,7.500086e-13,2.4779408e-13
2019-06-14,0.15806949,2.4629456e-18,4.036047e-11,0.11928286,3.0776886e-17,9.828097e-20
2023-05-14,0.9999974,0.99999905,0.99989283,0.9995365,1.15188705e-07,0.00019045164
2022-08-06,9.728055e-13,3.5669886e-21,9.117543e-13,1.0,3.3484365e-20,3.0726185e-11
2023-01-15,9.884399e-09,0.985488,0.99999785,8.16885e-08,5.2605305e-06,1.0
2024-11-15,2.9980494e-14,0.043842327,3.7322766e-07,0.1458787,0.0050982507,3.6262128e-07
2021-01-22,0.99980193,0.9999999,1.899418e-05,0.049545445,0.9999528,0.99999845
2023-08-30,4.248299e-21,2.6368167e-18,8.519648e-13,0.9999989,1.5690642e-19,1.048891e-15
2022-01-20,0.97751343,1.0,0.9999995,0.99998224,0.9999999,0.99999547
2024-04-26,0.9998356,1.0,1.0,0.9851187,0.10313834,7.6173994e-05
2019-09-16,5.305189e-16,4.0236472e-23,3.7618118e-13,0.00011053842,1.9309624e-18,1.864351e-12
2020-03-09,0.99939215,0.99999964,8.5215084e-05,0.000413686,6.946631e-07,0.9996094
2023-02-03,6.402812e-05,0.9999316,1.0,8.82695e-05,3.109429e-08,0.9999999
2021-03-27,1.3065907e-06,0.9999999,1.7323339e-10,0.6625901,1.1566742e-13,4.974106e-06
2020-08-30,3.5044886e-13,1.0974567e-21,1.080508e-14,0.9873604,2.3307956e-24,1.01531425e-14
2023-11-10,3.0260329e-18,7.956781e-22,5.7128413e-10,2.3383056e-06,3.7824626e-12,6.312307e-14
2021-01-26,0.99977225,0.9999981,2.3839562e-05,0.0012766564,0.9999862,1.0
2021-02-26,0.99012125,1.0,1.3457926e-06,0.012426102,0.99997175,0.96859086
2024-10-08,1.1934547e-17,2.058503e-19,2.0033472e-17,0.0009469174,6.0022376e-17,3.3100265e-12
2021-05-18,1.0,1.0,0.8943032,0.99238014,0.00025036858,0.93889433
2024-01-01,0.36064076,0.9999994,0.9999957,0.99988294,1.0,0.9999889
2023-06-30,2.9350229e-08,1.9850036e-20,4.4795275e-11,0.9984694,2.0809352e-25,1.8206478e-10
2019-10-31,4.0275705e-08,6.8722306e-18,1.7268814e-06,1.953604e-07,0.0002598862,6.587169e-16
2022-11-17,0.0024178836,1.735451e-08,1.0,5.4331434e-08,0.99422497,2.7606934e-06
2023-07-08,1.9190458e-09,7.115624e-20,7.7163514e-13,0.9999815,1.3301419e-23,3.067502e-10
2023-12-07,2.4506906e-07,0.55068123,0.99998474,0.99560225,0.99999976,0.99944156
2020-06-29,0.0002940788,1.2084326e-21,3.1852867e-08,0.99471706,4.425844e-15,2.1446109e-12
2021-05-07,0.9999995,1.0,0.9999653,0.9995016,1.934056e-05,8.377031e-05
2021-10-15,5.7873e-13,2.4864165e-23,2.9512823e-10,3.8081667e-09,3.996475e-14,3.0443618e-14
2023-04-19,0.9999995,1.0,0.98423994,0.99179596,1.2895799e-07,4.9063022e-08
2021-03-08,0.9151038,1.0,0.00035275507,0.08638292,1.6318274e-05,0.99999774
2020-03-24,0.99978703,1.0,1.0769418e-05,0.7346033,0.009367117,0.23035364
2022-08-09,1.3218992e-12,3.5993282e-21,1.88966e-14,1.0,1.3998292e-21,1.0756835e-11
2021-04-03,2.2708055e-05,0.9999392,1.0890937e-12,0.0040942775,5.5271404e-16,4.6717602e-08
2020-03-01,0.99087405,1.0,0.0006059253,4.5026474e-05,0.000835442,0.9966259
2023-03-13,0.0012557996,1.0,0.9749385,0.10711435,9.2204135e-12,0.9999987
2022-05-15,1.0,0.0003338515,0.99833834,0.79846895,1.6530967e-13,8.831199e-06
2021-04-18,0.07248948,1.0,1.6919082e-06,0.9999995,9.577488e-10,1.09084765e-13
2019-07-11,2.4413964e-08,1.6347443e-21,5.220072e-12,1.0,2.275897e-19,3.4905377e-14
2024-10-23,2.3789532e-16,9.192799e-18,6.3616967e-13,2.7851917e-07,4.547037e-17,1.5873384e-12
2019-10-11,2.8069874e-08,1.3198367e-22,1.1559509e-13,0.0009649797,4.396096e-06,7.5111783e-10
2021-01-23,0.9984707,0.9999995,3.3795178e-08,0.001206408,0.99988556,0.9999999
2021-03-11,0.002756411,1.0,0.0011621785,0.0016847805,0.0037320696,0.99972886
2019-06-06,0.0053314995,8.0064e-13,2.2319199e-07,1.4864187e-05,1.2173492e-20,6.9802135e-14
2019-04-27,1.0,1.0,0.9754886,0.9995498,1.9385136e-05,1.8087034e-06
2021-12-20,0.30449954,0.9999999,0.9999999,0.99864584,0.99999976,0.99959546
2021-05-11,1.0,1.0,0.9957955,0.98324376,0.0017779429,0.0013371393
2021-11-12,7.1580537e-09,4.6712325e-13,0.9999951,6.6687667e-10,0.079307064,9.64413e-08
2020-11-27,0.0016097319,0.8844643,0.00039605593,8.287358e-05,1.0,0.8824466
2019-10-22,2.1916415e-07,9.6164095e-20,3.5370922e-09,5.1685055e-07,2.1012452e-09,2.4771275e-17
2020-08-31,3.9354707e-13,6.740515e-19,5.184803e-17,0.3537761,6.155878e-19,1.2556453e-15
2020-11-29,0.4818521,0.034857552,9.013024e-07,0.016887752,1.0,0.021032428
2021-08-26,3.209951e-08,1.6252519e-18,7.224717e-16,2.8363188e-06,1.0285532e-21,3.3230337e-15
2022-11-11,3.0583212e-06,9.840196e-16,0.9999993,5.4638836e-08,0.0021753097,1.7982819e-08
2020-04-07,0.068805985,1.0,5.6331693e-05,0.9999802,1.1361642e-13,1.2680705e-09
2024-05-05,1.0,0.985058,1.0,0.71807456,5.0175312e-11,3.4103356e-11
2020-12-25,0.9183566,0.2224168,0.018917905,0.4264461,1.0,0.99999607
2021-11-14,4.8599267e-09,2.6188964e-12,0.99999917,2.6457723e-08,0.001355157,2.046745e-09
2019-04-11,0.00401301,1.0,1.2856088e-11,0.9997894,3.2105888e-15,2.396147e-10
2022-11-10,1.2057612e-07,6.8414025e-15,0.99999964,5.470662e-07,2.0104351e-05,2.4844515e-10
2021-04-23,0.9994825,1.0,0.09923819,0.9994832,1.8288152e-07,7.189931e-14
2021-01-06,0.99878174,0.99999976,0.0047512385,0.004715226,0.99999976,0.9999838
2022-03-04,3.2018359e-06,0.99997354,1.3895522e-07,0.02887711,0.03753098,1.0
2021-11-27,0.00020181922,0.3344935,1.0,2.287909e-08,0.99999917,0.77823275
2020-08-10,3.8555927e-09,1.4699005e-19,4.3164465e-12,0.9999993,6.2060595e-17,0.00020668343
2021-02-21,0.010336461,1.0,2.2145892e-05,1.3126481e-06,0.9999788,0.5518077
2022-05-29,1.0,1.3272954e-05,0.9983923,0.82826704,3.1583531e-12,1.1235988e-05
2023-03-31,3.1210627e-06,1.0,8.46722e-05,0.07277108,1.3255311e-14,5.9688483e-07
2019-11-26,1.2149856e-06,0.99952173,0.21542199,0.16233568,0.9992601,1.476866e-06
2021-12-12,0.6297962,0.999998,0.99999964,0.0416474,0.99981636,0.9998197
2020-12-22,0.9999702,0.9999876,0.023442443,0.99284333,0.99999976,0.99999046
2022-06-02,1.0,1.6179824e-08,0.99994946,0.99567825,3.4287896e-13,7.3186486e-05
2023-04-12,0.99541664,0.9999999,0.98731625,0.5253669,9.856845e-11,1.2239634e-09
2023-08-02,3.133335e-14,3.710937e-20,4.834096e-13,1.0,6.5896624e-22,4.5299495e-13
2021-02-17,0.07214769,0.9992343,1.4363423e-09,6.2563726e-07,0.017479217,0.99999905
2019-05-11,0.99999917,0.99998915,0.6935739,0.99999726,8.5009695e-08,2.5551527e-08
2022-03-01,0.0035643408,0.9999999,4.9583736e-08,0.32605514,0.86401033,0.9999968
2021-09-21,3.9868094e-16,1.0577344e-23,1.7379242e-17,4.3865613e-05,3.8809586e-24,5.167371e-16
2021-05-25,0.9999999,0.37312466,0.8587386,0.001119334,2.5109546e-05,0.9256201
2023-03-16,2.2429168e-08,1.0,0.30377918,0.0026867802,7.5079586e-13,0.9941619
2021-03-04,0.83348775,1.0,6.0309167e-09,0.098452166,3.8984325e-07,0.0025225973
2022-06-24,1.2199453e-09,3.320421e-24,1.7665301e-19,0.9999393,5.3905785e-18,8.48603e-09
2019-04-06,0.00030752952,1.0,9.1251584e-14,0.8997105,5.5929274e-14,1.3719181e-11
2020-08-13,3.0380294e-09,8.293387e-17,8.76036e-14,1.0,6.305039e-14,9.31601e-09
2024-08-29,1.5183121e-14,4.1458586e-18,4.998064e-15,1.0,1.3773249e-18,8.4745606e-13
2023-07-31,8.7151994e-17,3.2684366e-21,3.052633e-12,0.99999833,2.5634574e-22,2.1614971e-12
2020-12-27,0.97025543,0.999992,0.0072733536,0.8053656,1.0,0.99997866
2021-01-01,0.84466016,1.0,0.0051672016,0.0004164002,1.0,0.99993336
2023-08-16,8.025415e-18,8.1625346e-25,8.992128e-16,0.9988944,4.228049e-25,2.579216e-14
2022-03-15,6.1138787e-09,0.99999094,1.3003165e-11,0.00018589171,6.7179394e-11,9.19786e-12
2021-05-05,1.0,1.0,0.9779555,0.999859,5.387693e-05,2.255766e-05
2023-11-15,1.451049e-17,7.7178185e-18,2.7567364e-07,2.0467347e-07,1.3869825e-09,1.3237978e-14
2021-03-02,0.2728319,1.0,1.01854e-05,0.02267937,0.0030768088,0.99974304
2023-04-15,0.9994474,0.9999974,0.9951369,0.99999475,1.5139983e-09,8.720003e-10
2023-02-15,0.00012405029,0.99999285,1.0,0.08130266,6.016532e-09,0.99999774
2020-07-05,1.2098093e-05,3.0875866e-19,7.6876967e-19,0.97719973,4.542891e-18,3.699173e-15
2020-09-22,7.926737e-12,1.1400072e-23,2.5286948e-16,0.61489546,1.0416059e-23,2.0437885e-12
2020-12-17,0.9993563,0.9970745,0.00016228131,0.9797146,0.9999999,0.99924445
2023-09-24,1.3383509e-24,7.738835e-19,4.9760684e-13,0.018286454,6.3353924e-18,3.3726854e-12
2021-07-08,0.00019620584,5.279187e-16,6.4029344e-05,0.18398419,2.4567152e-14,7.542177e-09
2020-11-03,7.018013e-07,3.2024516e-13,9.25749e-08,0.025763623,0.014661366,1.4048347e-12
2019-03-31,3.122106e-07,0.9999999,1.3686465e-14,0.9986167,1.4160148e-16,1.8164799e-12
2024-05-19,0.99999976,6.6352018e-06,0.80285233,5.0246837e-07,1.12055004e-10,0.033561565
2023-11-07,2.5669826e-20,1.9192922e-19,5.5925674e-13,1.4052712e-06,1.7871452e-12,1.6676724e-11
2019-05-19,0.9999995,0.9999958,2.1676012e-06,0.9995766,3.6431113e-06,1.1795985e-06
2019-09-14,3.3898563e-14,4.7233242e-23,2.1840664e-16,3.8189087e-06,1.4023197e-21,3.2187805e-15
2020-02-15,0.99999833,1.0,0.59506816,0.67981255,0.99954945,0.7007842
2019-06-13,0.9999713,2.2719787e-13,6.758591e-11,0.0003406157,3.1897107e-17,9.9492364e-17
2019-09-07,2.5094225e-13,5.2728277e-23,7.175899e-11,1.8225925e-05,2.4999595e-16,9.6666985e-14
2021-04-24,0.9998167,1.0,0.23845683,0.9991035,3.365174e-08,7.308936e-11
2024-05-03,0.99999905,0.9999989,0.9999912,0.055447645,1.2506334e-07,9.7255044e-11
2020-09-01,1.3570223e-10,1.6277748e-21,1.8251262e-17,0.04449156,6.0539847e-22,2.3188662e-14
2023-01-04,6.3793895e-09,0.9768758,0.9999901,9.741054e-07,0.05735097,0.9999999
2024-04-12,1.0,1.0,0.99999857,0.9993517,1.3920014e-05,1.8464627e-07
2024-05-16,0.9999846,4.2313015e-05,0.9805926,1.503324e-07,4.0699583e-12,3.2419575e-05
2019-06-30,1.9794331e-06,8.086575e-24,3.2807462e-10,0.99963915,1.7635003e-19,1.3907609e-19
2021-11-10,1.398428e-10,6.977637e-16,0.99947184,1.0620661e-09,3.7665735e-08,1.610724e-06
2020-03-10,0.9999887,0.9999994,0.00012525746,0.00050059106,0.00060721906,0.056063186
2023-09-17,5.1733365e-20,4.1464238e-20,1.3781306e-12,0.99999726,4.789806e-23,9.79659e-14
2020-08-19,5.4709297e-13,4.6695986e-22,4.9892252e-15,1.0,4.3561457e-16,1.531273e-08
2020-08-08,4.9557e-11,8.6244175e-24,7.528263e-17,0.9999988,2.248426e-22,1.2623464e-09
2019-05-27,0.999995,0.9998554,2.37643e-10,0.44258097,4.7891684e-11,1.4065635e-09
2021-05-17,0.9999999,1.0,0.8871201,0.9859629,0.041496057,0.5125661
2020-07-30,1.6963645e-09,2.240153e-17,1.1156822e-16,1.0,1.0036597e-18,4.9479524e-08
2024-11-25,3.2228763e-06,0.0020316008,0.38277406,0.9927105,1.0,0.002684379
2019-08-22,1.3732653e-09,1.31641885e-20,2.2422927e-15,0.00022051025,2.722319e-22,2.6116924e-16
2023-08-06,2.226659e-16,1.7035783e-21,1.2070134e-14,0.9999945,4.7106675e-26,2.179013e-14
2024-12-31,0.26507932,0.99238294,0.89989686,0.99970955,1.0,0.9999957
2021-12-05,0.0010819008,0.9983341,1.0,0.022894576,0.9999347,0.9999124
2023-07-01,1.5277037e-10,1.933296e-21,9.9990904e-11,0.9780959,7.194397e-27,8.930933e-13
2022-03-30,1.2569336e-09,1.0,4.4042157e-13,0.9953967,4.963104e-12,4.3740987e-11
2023-05-31,0.99999917,1.7059301e-05,0.9999298,0.9999999,0.04441099,0.9959544
2024-05-13,0.99993014,9.189531e-08,0.99978465,2.5760044e-06,5.0354454e-09,0.7572817
2023-03-19,6.8998816e-05,1.0,0.0018651161,0.21104439,5.2084554e-16,0.42243102
2022-11-05,4.7179587e-06,2.2535574e-14,0.99993885,2.482527e-07,2.5428186e-08,4.9922777e-09
2020-04-26,1.0,1.0,0.9999989,0.9999995,6.642153e-05,0.002561831
2023-08-27,2.8336237e-17,1.9030033e-21,3.3135243e-13,1.0,1.5034713e-21,8.360482e-15
2020-02-04,0.9999926,1.0,0.9910411,0.99992716,0.9998042,0.999987
2020-07-19,6.141151e-11,1.3856425e-23,1.1855231e-17,1.0,3.7973326e-19,5.3278106e-09
2024-06-12,0.017744018,3.8391973e-17,0.9999106,7.139961e-07,3.94138e-14,4.065334e-08
2021-04-26,0.99728143,1.0,0.072814144,0.98520076,6.9330633e-07,3.9985684e-12
2023-05-26,0.9999372,0.023600042,0.99803,0.9999262,2.2279274e-10,0.0006082037
2023-11-27,1.3146597e-09,1.8547325e-05,0.9999597,0.11810827,0.99928075,1.5424817e-05
2023-07-14,2.1360438e-18,1.5996502e-20,8.571247e-14,0.9999988,6.7639696e-22,5.0860935e-16
2020-10-04,8.828557e-12,2.3832175e-20,2.0505416e-14,0.6408553,2.6302867e-18,1.9909594e-17
2024-07-03,1.5269995e-09,1.19808274e-20,2.0968967e-13,0.006331825,3.7625297e-24,1.2812846e-16
2023-01-17,3.4715574e-06,0.99999666,0.9999999,1.2038338e-05,7.991286e-08,1.0
2019-03-28,0.002199254,1.0,2.0522816e-15,0.009316687,1.7920598e-09,2.8027156e-10
2021-12-02,0.00063090783,0.9409147,1.0,0.008521127,0.999967,0.9997352
2022-07-30,2.3080015e-11,4.4491528e-23,8.540225e-10,1.0,4.740663e-19,3.8569342e-11
2022-11-19,0.0008187329,2.2439543e-10,0.9999994,1.3010768e-09,0.9971288,2.204547e-06
2022-09-10,1.6357606e-14,7.546421e-28,8.0327097e-13,0.7059415,4.5358847e-15,1.0331535e-11
2024-07-07,1.0489896e-10,6.6707924e-24,1.9193026e-12,2.428759e-05,1.4958791e-22,8.154982e-15
2020-03-14,0.99999475,1.0,0.99978286,0.26433277,0.006646941,0.0039258916
2023-12-29,0.00432243,0.99999964,0.99999917,0.6736711,1.0,0.9999125
2024-10-21,3.769178e-18,1.4134539e-20,2.1297971e-16,9.608233e-07,4.3700508e-20,2.4769576e-17
2020-03-30,0.99901354,1.0,0.011526019,0.9997845,0.9315758,0.9957027
2024-06-14,0.16526158,2.3313998e-17,0.01200657,3.6930644e-06,7.510626e-16,2.736624e-08
2023-11-12,3.4563653e-18,1.47327e-17,5.929454e-11,1.3032583e-08,3.649472e-11,2.315898e-16
2023-01-10,8.290085e-07,0.99982375,0.99999154,7.0806814e-06,0.082862146,1.0
2023-01-08,7.406419e-06,0.8999894,0.99999976,6.5523466e-07,0.22697516,0.9999999
2024-07-11,1.9786242e-11,2.1671718e-21,8.3112575e-15,0.00045082884,3.3303408e-24,5.56079e-15
2021-03-23,0.00064438046,1.0,1.1078871e-12,0.13992693,1.2200022e-11,3.1606792e-06
2023-11-04,2.0148818e-17,2.0813701e-19,4.6267016e-13,1.9109626e-05,1.7232468e-08,1.1409076e-12
2020-06-02,0.9999423,4.0587016e-16,5.839575e-05,0.98614734,1.7314092e-21,8.623632e-08
2023-03-18,7.93738e-06,1.0,3.837427e-05,0.9762906,2.6708318e-14,5.6268233e-05
2020-12-05,0.8621077,0.9796341,0.0018588364,0.034979004,1.0,0.96206
2019-06-04,0.9999232,3.645866e-12,9.598111e-11,0.060537525,1.17588456e-17,1.9882288e-08
2021-10-02,1.3197868e-14,9.547297e-26,2.7387016e-16,1.2072731e-07,3.96124e-21,4.100082e-15
2020-08-16,3.3686143e-13,1.1947525e-25,1.2322036e-13,1.0,2.1205003e-22,2.7507718e-10
2022-04-17,0.99999964,1.0,0.99999976,0.99993455,3.099668e-05,1.1397663e-07
2023-11-25,5.061656e-13,1.2983702e-06,0.99937564,0.00040286526,0.9997168,0.057732183
2023-04-27,0.9999968,1.0,0.99984777,0.14088179,1.2508147e-07,3.6733586e-06
2021-07-09,0.0003799396,1.4201355e-18,3.719672e-10,0.00021975843,1.0908405e-15,9.932439e-13
2019-11-13,8.878032e-06,6.483288e-05,0.00476623,0.00022189338,1.0,8.3643705e-08
2021-05-19,1.0,1.0,0.98291504,0.9968125,5.410346e-05,0.017446915
2020-07-17,9.1005986e-14,7.472212e-25,8.39326e-17,1.0,5.908088e-21,1.3663814e-08
2022-03-29,1.0150502e-06,1.0,1.294374e-09,0.995259,7.009372e-08,2.201399e-07
2019-04-13,0.8280841,1.0,2.6666617e-06,0.99870896,7.0129424e-08,1.8725693e-08
2019-06-16,0.9369855,2.2000304e-15,2.8034133e-12,0.06776903,1.6107683e-15,5.56267e-18
2021-04-07,3.1744556e-05,1.0,3.454695e-12,0.8280396,4.4935526e-15,1.6113208e-12
2020-11-07,9.43629e-06,5.6561955e-08,3.177454e-05,0.086187124,0.9954867,2.3192976e-08
2020-01-29,0.9999889,1.0,0.99441385,0.99999964,0.9999325,0.99996364
2022-03-02,1.27935855e-05,0.99999964,1.2875644e-07,0.007398349,0.99894005,0.9985373
2022-07-09,6.5712524e-10,2.5969676e-25,1.9423183e-17,0.9987066,5.1464408e-23,5.855823e-12
2024-12-10,0.000106265084,0.99077356,0.99999213,0.99994636,1.0,0.99998343
2023-08-20,8.952011e-17,2.937068e-22,6.062988e-14,0.99999964,5.6485763e-22,1.6954713e-13
2024-05-27,0.9999887,7.36095e-15,4.890309e-05,0.00012968633,5.989208e-11,5.7812464e-08
2023-01-29,0.99412435,0.9995189,1.0,0.0190989,2.2912864e-06,0.99973565
2023-03-24,3.002878e-05,1.0,2.3959174e-05,0.8366518,1.5878886e-13,7.268796e-07
2021-06-12,0.9592438,3.237779e-13,0.00010895154,0.0045796684,7.6452115e-13,2.4592129e-07
2021-01-08,0.9998982,0.9999877,2.4838107e-06,0.017442942,0.9997068,1.0
2024-01-13,0.9605379,1.0,0.9999932,0.9998646,1.0,0.999997
2023-07-04,6.030741e-10,1.2923058e-22,1.590604e-10,0.99976987,1.2023578e-22,7.658794e-11
2022-03-16,1.0453261e-07,1.0,4.968713e-15,0.00024355194,5.7221866e-10,4.2769106e-13
2023-09-28,3.6054553e-22,1.1804291e-23,1.2237204e-13,0.0014180243,2.147608e-15,4.6597734e-12
2022-03-27,5.4160344e-05,1.0,2.9419889e-12,0.025261182,1.1348492e-10,1.9398982e-08
2020-12-18,0.99963546,0.9999995,0.0002478907,0.81447226,0.9999999,0.99961424
2021-12-23,0.9599474,0.9999999,1.0,0.9981187,0.9998343,0.9999857
2020-06-19,0.9999131,2.902239e-16,2.2123178e-05,3.5902403e-07,3.2684427e-17,7.457444e-11
2021-09-30,9.522794e-16,6.325245e-27,1.42911e-15,1.9916465e-06,3.2365007e-21,2.5465819e-14
2020-10-21,9.721887e-15,1.155209e-19,8.316583e-12,5.315633e-07,2.297122e-12,3.137949e-16
2024-01-09,0.79171556,0.99999976,0.99998224,0.94458234,1.0,0.99999976
2021-07-14,2.1220303e-06,2.6011145e-23,1.6593562e-07,1.1225042e-05,1.524945e-16,1.1182089e-12
2022-08-08,4.952779e-15,1.1474842e-25,1.6678695e-15,0.99999666,2.7420502e-21,4.524926e-12
2024-02-07,0.119811654,1.0,0.0034376937,0.9633341,0.97133136,0.98126596
2019-09-10,7.516255e-13,4.639587e-24,6.3462356e-12,0.2119853,3.2931084e-18,1.441693e-15
2020-02-27,0.95935494,1.0,0.02062922,0.84230024,0.057284962,0.99999774
2020-07-03,6.191773e-06,1.7811614e-17,2.4605042e-14,0.99347734,1.857045e-18,2.3918202e-12
2021-12-10,0.5129871,0.99999785,0.99999976,0.011166241,0.99999976,0.99996126
2020-07-04,1.8028577e-05,2.0160098e-19,2.156391e-12,0.9994696,1.706663e-19,2.869096e-15
2023-03-04,5.507945e-08,0.9999851,0.966453,0.029255247,6.2471317e-12,0.99999666
2022-07-29,3.8292487e-11,3.927253e-20,2.0011699e-10,1.0,4.8450036e-18,6.8454977e-12
2023-11-18,1.7678406e-16,5.406977e-16,0.00016662116,2.3386804e-06,8.665592e-07,1.8913371e-10
2021-01-19,0.9999391,0.9999889,3.122352e-05,0.0046948614,0.99923384,0.99999976
2021-09-15,1.2708453e-13,3.79983e-24,1.8767085e-17,0.025915818,4.6451164e-22,3.79831e-16
2019-12-22,0.99717003,0.99998295,0.98749954,0.9998758,0.9999964,0.9936952
2021-11-15,1.2364451e-11,1.4522927e-06,0.99999356,2.9731904e-08,0.5133354,0.00014251785
2024-05-14,1.0,0.0010751955,0.9999951,1.8833695e-07,3.9820394e-11,5.668784e-06
2024-11-20,1.0176945e-08,0.018599655,0.6443115,0.27027327,0.9999298,1.240539e-05
2024-04-25,0.9999901,1.0,0.99999905,0.9890675,0.6017503,5.3688076e-05
2020-08-23,1.8791139e-11,1.8988864e-19,1.9595711e-15,0.9999993,3.4636511e-18,2.0407989e-10
2023-09-04,1.0647263e-22,1.5615183e-17,2.9762566e-14,0.9989309,1.7141926e-19,1.8473733e-13
2020-12-02,0.6418622,0.1775386,0.10434499,0.6709629,1.0,0.99908364
2021-02-14,0.9938214,0.9999938,2.0817913e-07,1.7344573e-05,0.9688138,0.99999106
2020-11-20,5.6625122e-05,0.19299777,3.5902715e-06,0.00017221684,1.0,3.809969e-05
2022-11-29,0.00011326137,1.2263452e-08,0.999859,8.417713e-07,0.9776193,0.0042664493
2020-12-08,0.9995716,0.99795425,0.001044203,0.28225568,1.0,0.9999448
2021-12-03,0.016720265,0.9976986,1.0,0.006848158,0.99737334,0.9999926
2022-02-02,0.86139035,1.0,0.9990246,0.99993443,0.99999976,0.9999647
2020-07-09,3.5958918e-09,1.168504e-21,1.1735593e-16,0.99999785,1.1708534e-17,4.3188677e-12
2021-12-15,0.2047798,0.99990547,0.9999999,0.98739445,0.9994474,0.9995394
2022-05-08,1.0,0.99996865,0.9994357,0.9999902,9.756937e-08,3.0008275e-06
2021-04-21,0.9999683,1.0,0.98090017,0.99961215,5.0873383e-05,2.588437e-10
2024-06-25,2.9425079e-05,9.386307e-19,1.645509e-06,1.1707001e-06,6.899857e-20,1.777225e-17
2020-09-09,9.540152e-13,8.4440846e-20,5.8072103e-18,3.5703858e-06,7.585102e-26,4.3696934e-16
2023-09-21,3.062481e-21,3.8933836e-17,1.2242305e-15,0.99995875,3.9273642e-17,6.463358e-13
2020-12-30,0.9981616,1.0,0.0001669233,0.0018450228,0.9999999,0.9999987
2024-09-30,1.6686832e-16,2.1194439e-19,2.0621381e-15,0.0018794575,8.622999e-25,1.5735315e-13
2020-12-09,0.0014400705,0.9511057,0.076446325,0.016973214,1.0,0.99995553
2021-06-23,0.99999094,2.608299e-15,7.179209e-08,0.99995315,4.7056826e-15,1.1650766e-10
2023-01-13,1.2497815e-08,0.9789767,0.99864584,1.3669027e-08,0.0095888255,1.0
2023-09-18,8.323492e-18,3.9547046e-20,2.6288255e-12,0.99992883,3.4871596e-24,1.1286785e-16
2021-11-18,5.578476e-07,2.9935225e-05,0.99999976,7.127495e-09,0.9999962,0.00044645343
2023-12-17,1.09088605e-05,0.99967194,0.9999999,0.991676,1.0,0.9999924
2024-01-05,0.014159581,0.99999917,0.9999907,0.9997172,1.0,0.99998343
2023-10-17,4.5600445e-18,8.7850434e-21,3.780802e-13,1.6089636e-05,5.7684024e-16,9.760823e-13
2022-12-28,6.908761e-07,0.9983808,0.9998876,0.00021466105,0.0055363798,1.0
2022-07-26,5.7970248e-12,2.7597543e-20,3.781159e-11,1.0,3.5938045e-18,3.188998e-10
2019-09-03,6.780246e-14,1.4997873e-22,1.750679e-14,6.7576395e-05,5.0343195e-25,3.9227953e-18
2022-11-20,4.761514e-06,3.00603e-11,1.0,2.6726834e-09,0.99873036,2.9214456e-07
2023-04-11,2.5548555e-08,1.0,3.5960646e-08,0.10276385,5.564628e-16,3.1877403e-13
2023-03-07,3.1478153e-09,0.9999901,0.99925286,0.43185744,4.277514e-13,0.9999496
2023-10-27,1.6939723e-16,1.9222606e-18,3.8927477e-12,2.276076e-06,4.2191754e-12,1.1557804e-14
2022-11-18,1.6314616e-06,8.37055e-06,1.0,3.6034846e-06,0.9995771,3.188228e-06
2020-04-20,0.9999995,1.0,0.999995,0.99997807,1.4145639e-05,1.0773876e-05
2019-10-25,5.863661e-11,9.446243e-22,1.7546097e-07,2.2385361e-08,5.8359184e-09,2.2134965e-14
2023-02-08,0.00012758789,0.9999119,1.0,0.01794129,3.692084e-05,0.9999999
2022-03-26,3.23158e-06,0.9915523,4.490346e-16,5.7510093e-05,9.639567e-16,3.563391e-10
2021-04-29,1.0,1.0,0.999967,0.9999765,4.0171042e-05,7.4256306e-05
2021-05-08,1.0,1.0,0.9958977,0.99377006,0.0007919299,7.871709e-05
2022-05-01,1.0,1.0,0.9999385,0.99990344,1.7305531e-07,1.5679921e-06
2020-01-28,0.99998295,1.0,0.9043389,0.9999995,0.9999049,0.999148
2020-09-07,4.3831102e-11,6.31699e-22,4.768501e-20,2.6223908e-05,8.1269554e-26,5.5276824e-18
2019-06-25,0.008140987,1.1750828e-23,3.5170867e-08,0.20617108,1.2375187e-22,4.1176995e-15
2022-03-09,2.133425e-07,0.94766283,9.2087137e-11,0.0038284096,0.016459843,0.99999976
2021-07-02,5.8395112e-06,1.09918514e-17,3.4354667e-13,0.093522824,4.7216767e-19,2.5406242e-14
2019-10-08,1.01077174e-10,3.3598686e-24,6.229471e-13,0.007111294,1.2327697e-10,8.620667e-13
2023-04-24,0.9999646,1.0,0.96735585,0.9993622,2.4960488e-07,1.7225993e-08
2022-12-19,0.0002944407,0.9976428,0.99999905,3.787661e-05,0.9426557,1.0
2024-03-02,2.3410954e-10,3.4257962e-06,3.101128e-14,1.4918413e-07,1.1821838e-20,5.7550015e-10
2023-05-15,0.9999366,0.9999982,0.99948335,0.99995816,1.7989132e-08,9.811007e-05
2023-01-18,2.4288244e-07,0.99980766,1.0,0.000110316454,5.0816047e-06,0.9999974
2021-05-02,1.0,1.0,0.99707854,0.99402845,2.2955268e-05,0.0009767574
2021-07-29,1.9413518e-13,4.6868684e-24,5.2082335e-17,7.965255e-06,1.1344246e-22,5.732796e-17
2020-09-14,4.5687867e-10,2.0026467e-22,1.9953257e-15,0.00050224003,7.1160135e-25,3.9380442e-14
2021-11-07,6.29448e-13,9.564491e-21,0.12511171,2.8358124e-10,3.810455e-13,1.1562911e-12
2021-03-13,0.016786592,1.0,1.2357707e-07,0.03926825,0.00010254773,0.99958307
2024-02-11,6.5817443e-07,1.0,4.4563972e-08,0.046691492,0.005837334,0.023605622
2019-10-20,6.2962706e-09,4.6263917e-21,1.6786579e-10,4.3141695e-06,2.7971376e-08,2.4265773e-16
2019-04-17,0.99258024,1.0,0.0043746955,0.99999523,3.1096658e-06,2.4448962e-08
2020-07-15,4.5971438e-10,1.0008076e-18,6.723682e-15,1.0,2.64345e-21,8.281821e-12
2024-09-01,5.5585207e-15,2.003581e-20,2.2834467e-14,1.0,6.7802515e-20,7.094654e-14
2020-05-04,1.0,0.99999964,0.9999925,0.99999726,1.1740252e-06,0.002745078
2019-05-16,0.9949392,0.9994837,1.1085616e-05,0.9986343,8.3778505e-11,9.926155e-12
2019-10-12,1.6734301e-11,1.4371152e-20,5.0767875e-13,0.0002390328,8.9096176e-07,1.9302032e-11
2024-07-10,9.245438e-12,3.0429535e-20,7.736892e-14,0.0001772173,4.3357697e-24,6.706643e-16
2019-11-15,5.7133573e-05,5.711632e-06,0.8640453,0.0005071198,0.9999912,1.9831639e-09
2021-11-13,2.738985e-07,5.2945776e-15,0.99990034,7.6966415e-09,5.0101755e-07,2.7027105e-11
2023-09-02,1.865791e-20,3.0415206e-16,1.3994578e-14,0.9999862,1.6137804e-17,1.422615e-12
2021-07-28,6.779581e-12,1.0749453e-22,6.5037244e-16,0.0006748877,2.0216036e-24,3.9667225e-17
2020-01-05,0.99999094,1.0,0.99979454,0.9999969,0.9999995,0.9998472
2024-07-27,6.204209e-11,1.5299764e-20,6.3363317e-19,0.99861026,9.457361e-27,3.9930213e-15
2019-05-02,0.9999999,1.0,0.9978563,0.9999962,0.02640949,6.294595e-06
2023-05-27,0.9994886,1.5976863e-06,0.999856,0.99988055,3.9018723e-06,0.0007465894
2022-05-11,0.9999999,0.9999894,0.9990864,0.9505046,3.4111824e-10,2.780304e-05
2020-10-10,8.193786e-12,1.28419855e-20,1.2671921e-14,5.647959e-07,7.062836e-20,5.1501486e-17
2020-03-13,0.9998914,0.9999999,7.3992605e-06,0.00050995254,0.0013857966,0.94690126
2022-07-10,3.365898e-09,8.253181e-24,7.267135e-19,0.9998622,3.6070886e-24,1.288243e-14
2020-03-11,0.9484314,0.9999988,1.3041814e-07,0.0008974625,2.205723e-08,0.82342327
2020-05-23,1.0,0.20243597,0.9771527,0.9999788,3.80014e-10,0.00014399998
2022-09-08,3.0264944e-18,3.640808e-23,1.0724045e-13,0.99994874,1.096598e-15,7.754243e-12
2021-08-19,7.712369e-08,1.7276671e-15,0.08969297,0.19554637,4.272009e-10,2.1692406e-09
2021-05-09,1.0,1.0,0.999295,0.99948573,6.3210514e-06,1.3126331e-05
2024-08-10,5.889656e-14,1.1121638e-16,3.6344357e-17,1.0,6.7393244e-21,1.2625951e-12
2020-07-28,5.1362764e-10,7.8714126e-20,6.1346984e-15,1.0,4.1328527e-23,1.9330031e-07
2024-06-21,0.0060781157,1.3081191e-20,1.5044243e-09,0.097019315,1.3154852e-20,5.6792123e-15
2022-12-30,0.004366271,0.9990637,0.99999976,0.030765995,0.99974436,1.0
2019-06-26,0.00036282657,1.3735789e-25,7.65254e-12,0.83443743,1.3245072e-22,3.0611787e-17
2024-05-31,0.99999976,9.810962e-12,0.16313767,0.0017262455,8.9933947e-13,9.672016e-09
2019-04-18,0.99999976,1.0,0.99065316,0.9992638,1.9531954e-06,6.455806e-09
2022-11-07,2.4796905e-09,8.175469e-17,0.9999993,4.898467e-07,1.1189985e-08,4.7288657e-09
2024-04-02,0.8616316,1.0,0.99999976,0.982008,8.721039e-07,7.3684774e-08
2024-08-17,6.3052435e-14,2.451082e-16,3.8623764e-14,0.9999999,7.6492356e-25,1.4380268e-11
2024-03-09,2.1052337e-08,1.2553894e-05,7.3823224e-15,1.912829e-06,2.1754784e-22,3.6133505e-07
2023-09-15,5.2540283e-18,5.7948505e-22,2.6568747e-10,0.9999809,1.5965851e-26,8.080591e-17
2022-06-20,4.3487503e-07,1.1502428e-22,1.429664e-14,0.99930143,6.782515e-24,2.0416245e-10
2023-07-06,3.753644e-07,1.2555716e-18,1.7945016e-13,0.99940455,4.220806e-21,9.212653e-10
2024-04-03,0.9956727,1.0,0.99999833,0.9997116,0.00022659526,8.157437e-08
2022-02-23,0.069855504,0.9999999,0.009252613,0.082021564,0.9999999,0.9999907
2020-01-04,0.9999982,1.0,0.99985635,0.99999976,0.9999944,0.99636227
2021-01-30,0.9980375,1.0,1.5522271e-06,4.6769434e-05,0.99999726,0.9999931
2023-10-24,2.5874048e-18,9.229534e-22,2.1266384e-09,2.1656176e-06,3.9472052e-13,1.9794943e-13
2019-10-03,2.756724e-13,5.82392e-24,3.641625e-13,1.1954443e-06,5.372212e-12,2.7197523e-13
2024-08-30,3.2860517e-13,1.3586964e-16,8.121942e-13,1.0,3.649452e-18,5.6322395e-13
2024-02-08,0.00014068656,1.0,3.2814683e-06,0.15423861,0.6610946,0.98898345
2024-05-21,0.9999702,5.2464694e-10,0.0031582264,0.00042251393,7.1235085e-14,2.8953928e-05
2021-03-17,0.022780377,1.0,4.024338e-08,0.0042104707,1.1260854e-06,0.9999931
2024-11-09,9.533061e-20,2.207602e-06,1.3005391e-12,0.27936402,9.412349e-13,9.140214e-13
2022-09-04,7.9078154e-16,2.335083e-26,2.3197522e-13,0.9620636,4.2593476e-22,2.429135e-11
2023-06-20,1.14946175e-07,1.3399051e-15,3.3135243e-13,0.99999964,1.6778416e-25,8.1431475e-09
2022-09-05,4.2563234e-16,3.7716455e-29,5.333308e-14,0.9999628,3.994946e-20,9.590269e-13
2020-05-01,1.0,0.9999962,0.99990416,0.9999999,8.816437e-09,0.0061227554
2021-06-10,0.9999995,7.946718e-07,0.9984542,1.9521081e-05,1.9216037e-07,0.010525529
2023-12-31,6.513405e-05,0.9999064,1.0,0.9990977,0.9999999,0.99980205
2019-05-06,1.0,1.0,0.96729493,0.99996185,0.013635681,4.3802167e-08
2024-12-02,1.4536236e-08,0.0012251192,0.9999926,0.9983858,0.9999999,0.99981827
2020-09-17,2.9604468e-12,2.8523876e-23,1.54681e-16,0.0008860564,7.438652e-25,1.5902703e-14
2023-05-21,0.9999988,0.9999987,0.9945476,0.9997732,6.053863e-09,1.2668719e-06
2024-03-22,0.9150874,1.0,0.99989533,0.97047454,1.0117811e-09,3.492576e-10
2020-05-17,1.0,0.9999809,0.9127713,0.9890308,9.216718e-09,0.00049857725
2024-10-26,1.09987725e-17,3.1863506e-19,1.981574e-11,5.726612e-05,2.1622976e-23,4.229839e-14
2024-04-01,0.99497616,1.0,1.0,0.8359774,1.614769e-06,1.3650039e-07
2023-11-05,1.3005619e-19,1.4102284e-19,8.344993e-12,2.0805105e-06,2.0539234e-14,1.3172642e-14
2023-01-14,1.52434595e-05,0.9990119,1.0,2.7423514e-06,0.00037641873,0.99999976
2022-01-02,0.9999758,1.0,0.99999917,0.9999988,0.9998772,0.995539
2020-01-03,0.9999993,1.0,0.9990885,0.9999809,0.99999964,0.99705565
2024-02-10,0.0016223738,1.0,0.0050508147,0.37957603,0.017537652,0.0013545738
2024-12-13,0.018754765,0.9995752,0.9999825,0.9998198,1.0,0.9999753
2022-01-05,0.95617527,0.99999976,0.99999976,0.99998057,0.9999995,0.9999722
2024-10-29,2.4557382e-20,8.4213727e-20,4.5057867e-13,2.6878666e-05,2.5132728e-21,1.4687097e-11
2021-04-28,1.0,1.0,0.8685811,0.99946207,9.843077e-06,1.2641178e-06
2021-07-15,1.7066526e-05,3.4200134e-23,5.6688942e-09,4.8022986e-05,2.9086964e-19,1.5262023e-12
2021-05-31,0.9999746,2.391687e-09,0.5660283,2.471698e-07,2.2749667e-09,0.0009164648
2024-07-05,5.861198e-12,5.3485187e-21,2.3052835e-14,2.2187419e-06,1.3232907e-21,9.6695875e-15
2019-05-09,0.9999999,1.0,0.40484256,0.99913895,0.0039117234,7.360749e-09
2024-06-05,0.99966323,1.0008468e-12,0.002665339,3.899075e-06,5.0523336e-11,4.2365126e-12
2019-08-16,1.5700824e-11,1.4816053e-25,6.222791e-11,0.9999107,1.7655947e-18,1.328843e-09
2023-01-07,0.564838,0.99998283,1.0,0.8601015,0.9973942,0.9999999
2019-12-23,0.99999714,1.0,0.99994147,0.99992096,0.99999297,0.9937406
2024-03-05,2.076757e-09,4.1531948e-11,1.31578776e-14,7.1896227e-07,3.8649767e-22,8.966923e-11
2022-08-07,2.0749344e-10,8.1957843e-20,5.068409e-13,1.0,1.353327e-16,6.773076e-13
2020-09-08,5.040219e-10,1.0228964e-19,5.3192014e-20,7.658595e-05,7.525467e-27,8.0853133e-16
2024-06-08,0.9995431,9.56962e-13,0.44489428,1.5954269e-06,5.3217517e-15,1.5819698e-09
2020-02-20,0.99443024,1.0,0.057982177,0.9940842,0.9999523,0.9997528
2021-08-08,5.109939e-15,1.8157675e-22,5.2209423e-18,5.063956e-06,7.8118953e-25,1.4033515e-15
2024-03-03,7.645001e-11,1.0564181e-07,5.821873e-14,9.751978e-06,6.266833e-20,5.393742e-08
2024-01-04,6.3082007e-06,0.99999964,0.9999995,0.6669151,0.9999999,0.9999752
2024-03-01,1.3603672e-07,3.6667013e-06,3.2406816e-14,4.304747e-08,5.871491e-20,1.5396484e-09
2024-02-05,0.00020575497,0.9999999,0.09526312,0.31316164,0.98771995,0.9999862
2022-01-10,0.9291362,1.0,0.9999932,0.99530363,0.9999968,0.9999993
2024-05-12,0.9999987,2.3555347e-07,0.9998472,5.2089234e-07,2.2071434e-10,4.00548e-06
2022-12-29,8.19626e-06,0.95629454,0.99998677,1.8330233e-07,0.9978982,0.9999995
2023-12-26,0.18074155,0.9999993,1.0,0.94024855,1.0,0.9994307
2024-03-11,8.8826106e-11,1.7043585e-06,3.349723e-11,6.360542e-05,3.0329341e-24,3.444377e-13
2024-05-04,1.0,0.9893233,1.0,0.56667715,1.3146272e-09,1.1246478e-11
2024-12-04,0.0004652936,0.761341,0.9981748,0.9997508,1.0,0.9999738
2020-10-31,4.630051e-06,7.834484e-14,2.2326294e-09,0.9474596,0.00028130735,7.536085e-15
2020-02-29,0.9983082,1.0,4.612722e-06,0.0016739817,0.009820124,0.99973005
2021-06-13,0.99999654,1.523045e-11,0.00024046488,0.00081799674,2.5199491e-14,3.9592174e-09
2023-11-01,8.616449e-19,2.5564012e-19,3.6276489e-13,1.1182241e-06,2.0108067e-15,1.3473826e-12
2019-11-28,0.060723722,0.9929934,0.99841964,0.9455637,0.9999981,0.10088355
2022-01-24,0.9936865,1.0,0.999871,0.99999166,0.9999999,0.9999951
2020-12-20,0.9288878,0.9997422,0.017457757,0.026318962,1.0,0.9999491
2022-01-16,0.91839844,1.0,0.99999964,0.99999225,1.0,0.9999893
2022-02-08,0.97069025,1.0,0.9948249,0.99997735,0.99998856,0.99983704
2021-09-04,5.608055e-17,1.1641148e-25,8.7594673e-16,5.238672e-06,9.23827e-22,8.4431995e-16
2020-08-27,3.919425e-13,7.064547e-24,9.303269e-15,0.9947318,1.9578231e-22,3.0398262e-09
2023-09-30,4.6393786e-22,1.9796908e-24,1.6910919e-13,0.00019964688,3.7179243e-19,2.835116e-13
2021-12-21,0.10389708,0.9999982,1.0,0.97268164,0.999987,0.9999974
2023-04-17,0.9999995,1.0,0.9999989,0.6540981,1.1549615e-09,8.6213795e-08
2023-12-22,0.001201747,0.9945258,1.0,0.8917783,0.9999416,0.9999199
2022-05-26,1.0,4.842266e-07,0.9915946,0.95759827,1.2794872e-16,2.2081146e-07
2020-04-16,0.99993527,0.99999964,0.9999782,0.9999974,9.455111e-05,2.6072944e-06
2024-11-29,2.1105777e-11,0.021284053,0.9999994,0.9726077,0.9999999,0.8344166
2022-08-15,3.065377e-15,4.0717466e-22,1.2186992e-12,1.0,3.1885465e-22,6.0050554e-13
2019-10-14,3.773551e-11,4.4982423e-19,3.4389173e-12,5.108193e-07,4.7278353e-10,1.5470213e-14
2020-12-06,0.005996941,0.98876816,0.0041604396,0.0007812756,1.0,0.99917066
2020-11-23,1.1371497e-07,0.001112058,2.7275158e-07,0.0003652434,1.0,1.7116774e-07
2022-07-28,3.4593193e-11,8.3002065e-21,8.844408e-10,1.0,1.6808647e-18,7.7255195e-11
2020-10-25,4.914448e-13,1.394697e-20,5.704808e-09,1.9802553e-07,3.5797003e-13,2.0950437e-15
2021-10-18,6.373678e-15,5.6983916e-24,4.68197e-10,1.02814276e-07,4.571645e-18,7.155505e-19
2022-04-03,1.3012537e-05,1.0,1.0622357e-10,0.86512065,4.588248e-08,2.4030746e-07
2021-12-30,0.99994993,1.0,0.9999999,0.99999714,0.9999875,0.9993698
2024-08-05,1.4385472e-12,8.694002e-20,1.7766963e-17,0.99999857,1.9155725e-23,2.4925145e-11
2022-05-20,0.99999964,2.250787e-10,0.0007254366,0.99980074,1.2970497e-18,1.0279431e-05
2020-10-18,2.849194e-13,1.2853116e-19,2.8541937e-16,3.019505e-07,5.178792e-14,1.3421559e-15
2021-09-07,4.9624697e-12,1.3416897e-23,4.014964e-18,0.5089965,1.0113884e-26,3.1485218e-14
2024-06-10,0.042142436,6.3867233e-15,0.15616307,7.449151e-07,2.2350464e-19,1.2555187e-11
2021-11-30,0.014401321,0.9946496,1.0,1.9761059e-05,0.9999807,0.999908
2021-04-04,7.7897916e-08,0.9806362,7.717794e-13,0.7650295,8.6274435e-17,3.7787544e-13
2023-08-25,2.1660768e-17,1.586399e-17,2.4681682e-12,1.0,3.3664406e-22,4.1380757e-15
2020-09-27,1.0129174e-11,7.4763577e-22,2.4820107e-15,0.9994537,7.345373e-14,1.7894175e-15
2019-04-19,0.9999994,1.0,0.9906997,0.9997029,3.6646597e-06,6.7819215e-08
2021-10-12,1.9901282e-13,7.602234e-23,3.327599e-12,8.36266e-09,2.3383373e-14,3.7005967e-16
2021-11-05,1.9009037e-09,2.5021677e-20,0.207816,2.3725601e-08,5.929708e-13,3.783485e-13
2019-10-19,1.3128999e-10,1.6762839e-21,8.965722e-12,2.865453e-06,1.50027e-08,7.6133154e-13
2019-08-29,2.443883e-09,3.9245442e-19,7.3235875e-15,0.9995436,4.4008486e-28,9.2732585e-11
2022-03-12,3.9937318e-06,0.9048513,6.3595346e-10,0.000108701446,0.44069725,0.101489305
2024-10-19,9.679447e-14,1.643333e-16,6.322726e-15,5.6320987e-06,4.3135354e-22,5.6630254e-13
2022-09-25,5.081999e-17,7.3745336e-28,4.4433465e-14,0.00038985186,4.2429543e-21,1.8140563e-12
2023-02-07,0.0021468154,0.99999523,1.0,0.00053333485,2.1824735e-05,0.99999976
2021-01-18,0.9984598,1.0,5.9849386e-05,0.00018189267,0.99999964,0.9998381
2020-02-07,0.99995553,1.0,0.9284642,0.997771,0.9990889,0.9993988
2022-07-03,8.1785856e-10,5.5424406e-26,3.0202466e-16,0.99998415,3.9911513e-21,5.389474e-12
2023-12-04,4.337362e-06,0.0007929161,0.99916065,0.99675864,0.9999968,0.9326294
2024-03-19,0.010059926,1.0,0.99998343,0.12242727,9.0240185e-12,3.2161893e-08
2021-02-19,0.011149406,0.99999976,2.094133e-07,2.6448932e-09,0.99086636,0.9998467
2021-02-05,9.294161e-06,0.99418664,0.00022815574,0.00015594847,0.8680069,0.8107423
2021-04-25,0.9999995,1.0,0.9681515,0.99976224,2.843876e-07,5.352174e-09
2020-03-21,0.9999982,1.0,0.98946077,0.99623376,0.01248713,4.7985727e-09
2019-07-24,5.266066e-05,9.901691e-15,1.7991271e-05,0.9999807,7.037142e-23,4.824498e-13
2023-09-27,1.1693066e-21,9.993951e-28,6.9652977e-12,0.7817354,8.786384e-21,6.6927377e-13
2021-01-09,0.99903274,1.0,3.4349432e-06,0.06887849,0.9996082,0.9999999
2024-09-12,4.508792e-11,1.643847e-16,1.1304267e-18,0.99999976,1.3523886e-11,3.4333612e-11
2020-12-29,0.99953306,1.0,0.33649018,0.48375323,1.0,0.99997485
2020-09-02,8.167038e-13,5.607039e-21,7.921095e-17,0.33597308,6.89616e-24,1.4895127e-15
2019-09-11,1.4050664e-14,9.004017e-21,2.733942e-12,0.00032754682,4.4800903e-19,1.0917728e-15
2022-11-09,3.6303275e-06,7.521407e-12,0.9999981,1.15247154e-07,1.0178405e-07,1.37176e-09
2023-11-22,1.069548e-07,2.2949247e-11,0.99748033,0.0057265745,0.040153246,1.0254274e-09
2019-10-05,1.9071006e-15,8.3423255e-22,4.369544e-12,2.3212655e-05,4.033913e-08,2.9824837e-11
2020-02-01,0.9999969,1.0,0.9401931,0.99790037,0.25575298,0.007128931
2021-10-01,2.467029e-16,1.52993005e-27,9.778743e-14,5.342406e-07,5.588272e-20,1.666665e-14
2024-04-05,0.9999249,1.0,0.99999905,0.9997249,1.8438388e-06,3.8869977e-08
2023-04-23,1.0,1.0,0.9994822,0.9998641,2.3679095e-06,4.6781892e-08
2019-08-23,4.489445e-13,2.2884483e-21,1.9009886e-11,0.0015253527,6.1063643e-27,5.1389997e-14
2024-07-19,2.4267764e-12,3.9101907e-23,1.0324978e-18,0.00065513665,3.8350835e-25,2.9986744e-13
2021-08-27,9.49018e-11,2.884869e-21,1.4854793e-21,0.0025596533,9.075961e-19,8.567164e-17
2021-08-17,1.4557161e-11,1.5843517e-21,1.8394626e-09,0.0048293737,6.134994e-18,4.393882e-15
2023-04-06,5.433586e-06,1.0,0.00254831,0.99905366,3.3434787e-12,5.089751e-09
2023-08-14,4.513181e-18,1.3003466e-22,6.559706e-14,0.9911636,4.23595e-22,1.1063003e-14
2024-11-16,1.7047821e-12,0.02308053,9.081729e-05,0.00026593954,0.23260094,1.6412462e-06
2020-06-21,0.9997615,2.6884952e-18,8.0943704e-07,4.198777e-07,3.0682067e-16,1.7168917e-12
2021-10-13,2.443877e-14,2.4547054e-22,4.061798e-13,6.7747954e-09,4.6705453e-21,3.0385616e-17
2019-09-18,1.5313122e-14,2.970974e-23,2.173509e-14,5.6713965e-05,9.095686e-18,7.3631623e-13
2022-06-22,1.0242017e-09,1.7815229e-23,6.7302723e-16,0.9997211,5.9619514e-20,5.2426e-13
2024-05-18,1.0,2.1097566e-07,0.7727546,7.298245e-06,1.9125086e-09,0.20942403
2022-01-01,0.60225123,0.9999999,1.0,0.99992895,0.9979247,0.9757597
2020-06-22,4.697971e-05,6.3196834e-24,4.531028e-10,7.9817555e-06,7.134099e-22,1.5754849e-15
2021-03-05,0.059797537,1.0,1.6572924e-06,0.023188468,1.4407064e-05,0.99963367
2021-10-17,1.5579863e-14,1.0310044e-21,6.333032e-08,1.5316413e-08,7.3253756e-15,1.5756052e-15
2019-10-07,5.5314784e-11,1.2560768e-22,1.2115874e-10,5.2052535e-05,3.431826e-06,9.669396e-09
2024-11-24,1.6167829e-07,0.9276144,0.99995327,0.90476567,1.0,0.12895773
2023-09-25,3.947453e-21,9.415173e-27,5.016933e-13,0.013774414,1.5100057e-22,4.9023777e-14
2023-12-11,2.612466e-07,0.0014724868,0.9999013,0.99822885,0.99998474,0.9999981
2023-12-21,5.5997913e-05,0.997445,0.9999975,0.9625651,1.0,0.99989307
2020-03-26,0.99980325,1.0,0.0016197468,0.9818315,1.7239951e-06,0.0004024131
2022-01-13,0.9991381,1.0,0.9999306,0.9999881,0.9999932,0.9999645
2023-04-30,0.9999989,1.0,0.9997292,0.99452066,4.4441575e-07,1.20407485e-05
2022-01-15,0.99678457,1.0,0.99999845,0.9999963,0.99999976,0.9999951
2020-08-22,7.7133395e-12,3.43161e-20,2.7430628e-15,0.99999833,1.7352742e-17,7.078138e-10
2020-06-17,0.9999994,3.705852e-12,1.8289129e-05,1.1965027e-06,9.724293e-16,3.412395e-09
2023-04-14,0.10014145,1.0,0.99984753,0.7001033,2.7089672e-10,2.2683525e-11
2021-02-02,0.9915309,1.0,4.1668326e-08,0.00016044635,0.9996307,0.9999995
2021-11-24,1.0573979e-05,0.03814684,1.0,1.6338206e-05,0.9999987,0.4580798
2020-01-27,0.9999993,1.0,0.99237424,0.9999914,0.9945774,0.99257034
2023-12-19,1.7194965e-05,0.79741985,0.9999994,0.9984004,0.9999932,0.99999964
2021-09-28,2.5225472e-17,2.3312248e-22,2.2587491e-16,1.6383592e-06,1.3025023e-20,8.861196e-13
2023-10-26,2.483751e-17,2.8111575e-22,6.684579e-11,7.874026e-07,1.4295836e-16,3.196715e-13
2020-04-03,0.9756177,1.0,0.0130731715,0.99991465,4.0031927e-12,1.2218866e-05
2023-07-24,2.8241312e-14,4.4160256e-24,1.8046058e-10,1.0,5.895018e-25,4.3189666e-12
2023-05-18,0.99970514,0.9999988,0.9999993,0.99534947,3.0944284e-05,4.975091e-05
2022-04-09,0.23662905,1.0,9.17562e-05,0.98707193,3.865251e-06,0.0112154605
2021-07-01,0.99724317,5.077371e-12,2.5222414e-07,0.9447255,3.420311e-17,8.328396e-15
2022-05-09,1.0,0.9964569,0.39204857,0.9995666,5.3698964e-12,0.00017596692
2024-08-13,3.945873e-13,1.4628235e-20,5.95201e-16,1.0,3.534693e-23,2.0747722e-10
2021-10-16,1.2793319e-15,1.5142512e-22,3.865489e-09,1.0217446e-05,8.852508e-14,5.1345786e-15
2022-05-05,1.0,1.0,0.99991596,0.99995923,3.500741e-06,6.1808544e-07
2023-08-22,3.9656028e-17,3.757329e-21,4.1034613e-15,1.0,1.0899694e-18,3.5841502e-08
2022-04-04,0.0015802011,1.0,8.6598284e-08,0.46624556,4.5194683e-06,6.9507664e-06
2023-04-25,0.9999908,1.0,0.99998677,0.2252761,2.6978561e-05,1.8998174e-08
2019-09-24,8.230272e-14,1.1507606e-22,1.7087728e-09,8.903875e-07,6.3992723e-18,1.04695145e-16
2024-06-02,0.9999474,2.8880796e-09,0.580513,0.0005372769,2.9117458e-10,1.47213e-09
2022-09-03,1.14144856e-14,1.6326025e-26,6.104646e-14,0.9999267,1.9610181e-19,3.9568713e-12
2024-07-25,8.924868e-10,2.1628183e-22,9.0921386e-20,0.6163957,1.0380948e-24,2.5837395e-15
2024-01-15,0.099130735,1.0,0.9999989,0.99960774,1.0,0.99999213
2021-11-26,0.000929524,0.018164681,1.0,3.5143596e-05,0.9999999,0.99562055
2022-01-30,0.9949503,1.0,0.9998523,0.9999765,0.9999999,0.9999925
2019-08-24,1.6786833e-14,6.664034e-22,1.0106078e-14,8.234075e-05,7.9380706e-23,8.1996786e-16
2023-09-14,7.312501e-16,3.6783517e-20,4.56459e-13,1.0,1.1258958e-24,4.317627e-18
2023-05-07,1.0,1.0,0.98602223,0.99999964,5.9012674e-08,0.0001168975
2024-06-23,0.762132,1.0435055e-18,3.2306187e-05,0.0005073732,4.8383175e-18,8.3117506e-11
2024-01-12,0.1070095,0.9999999,0.9999951,0.9999311,0.9999999,0.9999988
2020-03-03,0.9988808,0.9999999,3.4625134e-07,0.0031702344,0.06593339,0.9999963
2022-06-18,6.1863983e-07,8.136898e-22,2.557089e-15,0.99004513,1.2412253e-22,6.547315e-15
2021-09-10,8.470698e-13,7.307093e-23,2.3639622e-17,0.00033272416,2.3687312e-22,1.8197376e-18
2020-12-28,0.9999473,1.0,0.19732359,0.2716255,0.9999999,0.99997616
2023-09-12,1.5047589e-18,4.884314e-23,3.255803e-15,1.0,8.48326e-17,6.29012e-14
2024-03-08,3.9748116e-09,4.129724e-08,2.6249258e-13,2.856107e-07,3.8564143e-25,2.8672798e-07
2020-09-24,4.1149403e-13,8.5284e-23,2.7132546e-17,0.99974245,7.267065e-23,2.7692822e-13
2022-07-24,6.447287e-14,1.4594173e-21,2.0223727e-11,1.0,9.345384e-22,3.1042913e-12
2023-03-06,1.0311651e-07,0.9999956,0.997407,0.0025886442,3.022799e-09,0.9999846
2019-08-17,1.4677788e-06,6.574719e-23,6.428102e-12,0.99606776,3.4084924e-20,4.516457e-09
2019-05-31,0.99999976,7.6384493e-13,1.3445249e-09,0.07501981,9.250005e-16,2.3947885e-11
2020-05-06,1.0,0.99999857,0.9998946,0.99999917,1.228446e-05,0.0022351404
2020-04-29,1.0,0.9999089,0.9997621,1.0,3.78566e-08,0.44115192
2020-05-25,1.0,0.0018792752,0.9995035,0.9998385,7.010432e-11,0.00012945788
2021-04-17,0.34272233,0.999907,1.495953e-07,0.99999857,1.8207473e-15,3.7629293e-14
2022-08-18,7.2603286e-16,2.6007686e-22,5.1249026e-11,0.9999999,8.2110285e-19,1.2195548e-12
2021-04-06,4.0868625e-07,0.9999982,8.582319e-11,0.08776826,4.32513e-17,5.3957644e-10
2023-03-27,9.343577e-05,1.0,0.00040635516,0.03316154,5.1091737e-13,0.89500517
2024-03-25,0.00953714,1.0,0.7236473,0.00013481062,1.2627221e-09,1.1230803e-06
2024-01-07,0.16241714,1.0,0.9999645,0.9998016,1.0,0.9999995
2023-03-30,0.05285144,1.0,0.00057813554,0.011315077,8.7935874e-11,1.1261525e-07
2019-05-13,0.9999989,1.0,0.00027080326,0.9999211,4.803777e-07,4.206328e-07
2020-06-01,0.9999995,5.5482414e-13,1.7499873e-07,0.9924784,2.7649934e-19,1.7140768e-06
2019-12-15,0.9999981,1.0,0.99867296,0.9999846,0.99999964,0.9630346
2019-09-01,6.6728944e-12,1.70915e-21,6.481109e-17,0.8658846,2.744003e-24,3.1458617e-11
2024-09-13,2.6432502e-12,1.8769642e-19,8.558764e-18,0.9999999,1.8175256e-13,5.4437286e-14
2024-09-07,1.3142453e-14,2.3792126e-19,3.5682904e-16,0.9999765,8.63336e-19,8.712887e-10
2021-03-29,1.6197693e-06,0.9999999,1.142288e-16,0.8024192,1.2805183e-15,2.2921855e-08
2023-05-09,0.999895,1.0,0.79379964,0.9999987,0.06286047,0.022324933
2021-12-16,0.96067804,0.99999964,0.9999999,0.83390737,0.99999833,0.9999105
2022-02-26,0.001975101,0.9999993,8.214955e-05,0.9939166,0.9978765,0.99999607
2024-12-24,0.0042122942,0.99937373,0.99703026,0.9991836,1.0,0.9999999
2019-03-30,6.9092753e-06,1.0,2.0571848e-11,0.99867994,7.730254e-14,1.2446858e-12
2019-10-23,1.891897e-09,9.3846296e-18,1.614502e-08,2.1431684e-07,0.00013830855,3.116188e-14
2021-04-02,0.00024986637,0.999987,7.8021255e-14,0.99994946,1.050487e-18,5.6761557e-16
2023-07-28,8.690769e-16,8.9707514e-23,6.316459e-15,0.9999999,3.7306747e-23,1.2084767e-13
2023-10-05,4.0329003e-22,1.2824895e-28,8.674139e-13,0.020118576,5.528563e-20,7.337791e-12
2023-01-06,0.0009248965,0.9982316,1.0,0.070342876,0.9910658,1.0
2022-08-24,4.9649643e-14,1.234598e-25,2.151725e-11,1.0,1.5792882e-22,5.8185323e-10
2019-05-17,0.99999285,1.0,9.736336e-07,0.6476224,2.1288652e-06,1.5636003e-11
2023-03-12,1.2070628e-06,1.0,0.99975914,0.021351503,9.38264e-11,0.9999939
2020-04-21,0.9999999,1.0,0.99999845,0.99999976,0.00054918125,3.483462e-05
2022-06-11,0.65813106,4.486995e-21,3.8746994e-06,0.00044818848,4.2042494e-16,6.9291475e-13
2020-05-29,1.0,2.8175869e-08,0.7435192,0.9961349,3.2370044e-15,0.00027332397
2023-08-09,1.6457646e-19,5.0106486e-21,6.012803e-13,0.57431084,7.3432206e-24,1.977923e-14
2020-02-02,0.9999535,1.0,0.7787885,0.9999827,0.9991978,0.99966264
2019-04-04,0.00026329354,0.9999999,1.1127458e-15,0.97653776,8.442978e-15,3.6658826e-10
2021-11-17,6.521501e-08,8.086269e-07,0.99999976,0.00035592334,0.99861383,7.181183e-05
2024-01-31,0.2407331,1.0,0.8091722,0.6300187,0.9999783,0.999944
2023-03-02,2.3391301e-07,0.9999999,0.9937249,0.001693858,8.639173e-12,0.9999989
2020-06-15,0.9999989,1.6195529e-13,0.035343036,0.00023495879,1.1500432e-18,3.879138e-09
2021-12-27,0.9486715,1.0,1.0,0.99996054,0.99999976,0.99964535
2019-12-12,0.9917046,0.99999857,0.9999894,0.9999701,1.0,0.99422014
2020-01-26,0.9999901,1.0,0.9013635,0.9999715,0.99228066,0.9953432
2021-06-24,0.99975723,6.931e-16,1.2486933e-05,0.9835173,1.2517948e-16,2.6287514e-11
2022-11-22,3.2302985e-05,2.160194e-13,0.9999993,1.8363757e-07,0.9999579,0.0001450144
2021-11-04,2.4032334e-09,3.2760363e-22,0.08167284,7.9446216e-10,1.0771664e-10,6.3456e-14
2020-03-02,0.87085533,0.99999976,2.0569093e-08,0.0018832504,0.00042752243,0.59090775
2020-01-25,0.99999976,1.0,0.9993327,0.99998987,0.9995036,0.9995055
2021-04-27,0.9999999,1.0,0.9535965,0.9994886,0.00021923688,1.065774e-06
2023-04-10,0.0016340689,1.0,3.3983932e-07,0.97820216,1.3850141e-15,1.2333894e-12
2024-11-26,6.202577e-06,0.21403164,0.99999404,0.9207588,0.9999999,0.0005292325
2023-12-03,1.34776e-05,0.0020127706,0.9999999,0.5737031,0.9996768,0.9939557
2022-02-28,0.16417672,1.0,0.0007877286,0.32635108,0.99951696,0.99994695
2019-12-04,0.9131251,0.99998796,0.89224267,0.99974555,1.0,0.22810471
2023-07-15,6.249443e-16,5.4407747e-20,2.1529473e-12,1.0,1.2837771e-20,7.70791e-09
2020-03-22,0.99991417,1.0,0.66654366,0.94723725,0.99987066,0.06642521
2020-11-22,7.6338925e-05,0.0028184662,5.6205627e-06,0.00090173626,0.9999999,2.5205877e-06
2021-11-22,2.2387212e-06,0.003119921,1.0,5.750947e-08,0.9999888,0.0052967924
2024-03-06,1.2761778e-08,1.1192855e-10,6.7476196e-14,2.8146165e-08,3.4326726e-19,4.3251536e-10
2023-10-14,2.3191288e-20,8.658136e-25,2.4422075e-15,0.0014872213,2.3027643e-15,2.1386603e-11
2022-09-14,1.8640154e-17,1.5666092e-30,1.5603103e-16,0.9984664,1.098626e-20,2.3779398e-10
2020-03-20,1.0,1.0,0.9968939,0.99981123,1.6880477e-08,1.7591363e-08
2024-12-23,0.0018330798,0.99956995,0.9990471,0.9894582,1.0,0.99999917
2019-12-18,0.9999796,0.9999999,0.99899584,0.99998474,0.9999907,0.9953816
2019-09-29,2.6036067e-15,7.55969e-24,3.0239566e-10,0.00017167938,1.7274516e-09,7.517499e-10
2020-12-21,0.99991155,0.9999981,0.030612798,0.06889708,1.0,0.99962246
2020-10-19,1.9031273e-13,7.8404e-19,1.8550078e-16,1.2478505e-05,4.4407943e-15,4.4852886e-19
2024-01-10,0.9806763,1.0,0.99830025,0.965163,1.0,0.9999392
2024-10-20,9.288826e-17,4.3584305e-20,2.0557202e-16,4.3454173e-07,4.0766893e-22,8.021501e-17
2023-10-07,6.545023e-21,1.687481e-27,3.1654708e-15,0.00031943803,1.3190831e-20,1.448841e-11
2024-12-14,9.810615e-06,0.075512126,0.99999344,0.99997926,0.9999999,0.9999914
2021-03-09,0.0002114962,1.0,0.0072316686,0.026256762,0.0111220395,0.99998283
2024-01-28,0.8689756,1.0,0.9989165,0.99243414,0.9999999,0.99998224
2020-02-25,0.8886939,0.99998116,0.00012636693,0.021084722,0.99947053,1.0
2023-09-10,7.1240744e-19,1.2402544e-23,3.565965e-15,1.0,3.1189065e-21,1.6329168e-15
2022-08-17,1.5677999e-14,1.603662e-23,3.1097415e-13,0.9999999,4.5832147e-21,2.6134536e-11
2024-04-22,0.99993336,1.0,0.99998903,0.9977539,0.0007250129,2.3253822e-05
2020-04-02,0.9999944,1.0,0.05706894,0.99895895,5.690474e-09,0.00014795255
2019-05-22,0.99810827,1.0,1.8940049e-06,0.003881127,0.0006506801,3.5600484e-10
2024-12-21,0.04979339,0.9987458,0.9994635,0.9998167,0.9999999,1.0
2020-03-06,0.99951243,1.0,0.00023595824,0.00012911529,3.2110603e-07,0.9971596
2023-05-06,0.9993887,1.0,0.99999917,0.99998975,1.917242e-05,0.21237987
2022-03-25,2.3710766e-07,1.0,5.1612024e-13,0.16673899,5.7822195e-11,4.7555026e-13
2022-06-21,4.3061686e-07,4.6994255e-21,5.9959927e-16,0.9987274,1.9658564e-19,1.11108536e-11
2022-12-15,0.0007553235,0.25560558,0.99999976,5.0867047e-06,0.99999285,0.9999995
2024-02-06,0.002854009,1.0,0.00016386576,0.07428565,0.9997068,0.9997391
2021-10-08,3.5722078e-11,3.4502312e-23,3.5140055e-10,6.501552e-09,7.6166293e-16,2.6324552e-14
2022-03-23,3.375988e-07,1.0,1.455178e-14,0.00012621109,1.2744547e-13,4.947377e-12
2020-10-24,9.027324e-08,9.41791e-18,7.639223e-09,2.5876658e-05,5.3021573e-11,5.9090846e-19
2024-10-05,1.7594312e-16,2.4024302e-21,2.3139121e-15,0.00071488897,1.9948083e-15,5.958713e-12
2022-09-01,5.2766958e-14,3.6808952e-26,6.1137874e-12,0.9999063,1.8759379e-22,8.3651955e-17
2023-12-28,0.0008054064,0.99999964,0.9999999,0.9722649,1.0,0.9999603
2020-07-31,1.5227988e-10,1.2088684e-17,1.463932e-16,1.0,1.2242027e-22,1.6537097e-08
2020-09-13,3.8162723e-10,3.946657e-20,1.5727213e-17,2.2673996e-05,7.961171e-25,3.6210714e-15
2022-04-11,0.9999993,1.0,0.99869674,0.999997,0.0011298712,0.00020683838
2022-12-13,0.026383754,0.97102034,0.9999999,0.0013192601,0.99998844,0.9999999
2021-09-02,9.519113e-11,8.429206e-22,2.110245e-21,9.077175e-05,3.023337e-23,6.2183825e-17
2021-09-03,1.1315859e-13,3.8182381e-25,1.6782325e-17,7.772085e-07,1.5625758e-21,4.1377598e-15
2019-11-01,2.066292e-07,1.4510932e-17,4.1952145e-08,2.1535898e-06,0.007838314,1.121533e-15
2022-09-13,2.2950481e-14,7.6908257e-29,2.3889124e-15,0.5763729,1.6109247e-19,2.5680083e-11
2021-08-24,4.7941862e-11,9.792544e-20,2.3050168e-09,1.33763e-07,7.056818e-16,9.0194414e-12
2023-03-03,2.1747903e-06,0.9999987,0.9999912,0.040442698,8.572208e-11,0.9999893
2023-10-29,2.725555e-19,8.030547e-21,5.38236e-14,1.5613872e-05,1.9945323e-17,9.057186e-14
2019-05-18,0.9998035,1.0,6.7967885e-06,0.847375,1.7755582e-06,1.0328417e-06
2022-09-30,8.947978e-18,4.6494682e-26,4.1720113e-11,1.2756299e-06,8.392628e-15,3.8666945e-11
2022-02-24,0.002370678,1.0,0.61798465,0.9766357,0.98861116,0.999997
2023-07-02,2.056716e-09,2.6389133e-23,2.9729646e-11,0.998348,4.9834394e-24,9.590667e-14
2020-09-29,1.2607239e-14,1.359443e-16,1.3250261e-13,0.8167189,2.1925716e-17,1.36272295e-14
2021-01-25,0.9999814,1.0,1.9558798e-05,0.0037967241,0.99999046,0.99999976
2020-08-20,6.517074e-12,3.7441782e-22,5.1281316e-14,0.99999964,6.4352087e-18,4.1768047e-11
2022-09-20,9.471129e-17,2.3481756e-28,7.708055e-13,0.0003831725,7.638303e-17,6.744541e-11
2020-09-12,5.8701766e-10,1.888684e-21,7.7714686e-18,1.3352863e-05,1.6518023e-27,2.80198e-16
2019-12-09,0.7097586,0.99999785,0.9985191,0.9990308,0.9999548,0.9669352
2024-09-28,7.3553334e-16,1.4568379e-19,8.933594e-16,0.012487882,7.886176e-26,4.9582945e-13
2023-06-13,3.6133965e-09,1.9021527e-15,2.8870744e-11,0.99999976,1.4235964e-25,5.27015e-13
2020-02-28,0.99977297,1.0,0.0002510776,0.072592266,0.21184103,0.9999962
2021-07-13,1.9788769e-07,2.1804564e-21,1.4518281e-08,6.1217506e-06,1.5967255e-18,5.064579e-14
2021-05-30,0.99999857,9.716747e-05,0.9924515,3.667705e-07,8.8524835e-08,0.9976979
2022-04-24,0.9997559,1.0,1.0,0.9998288,1.2269399e-07,1.7228349e-06
2024-02-12,5.5171975e-05,1.0,2.6007035e-06,0.33182728,0.9856661,0.99996126
2019-04-15,0.42958474,1.0,8.38272e-07,0.99999475,1.1272051e-08,1.9884303e-07
2019-04-23,0.99999964,1.0,0.99970776,0.9999355,0.0028601598,3.8226253e-06
2021-11-28,0.011857539,0.66729695,1.0,5.7287092e-05,0.99998105,0.98920375
2020-06-23,0.00699487,7.854196e-20,4.0966395e-09,1.8643601e-06,9.347595e-22,3.3862443e-14
2021-06-28,0.9996798,1.5195397e-15,2.0416087e-06,0.9999987,6.203007e-13,6.8641657e-09
2022-02-07,0.98349977,1.0,0.999331,0.9999217,1.0,0.99999213
2023-04-05,1.200542e-06,1.0,3.4719007e-05,0.9990577,1.528712e-14,1.0794256e-08
2024-10-03,5.7125315e-19,2.339663e-21,1.0433839e-11,0.00053927477,1.9987497e-19,2.328051e-12
2024-02-03,0.00016576763,1.0,0.0034982434,0.28822464,0.0137723405,0.0013536697
2024-01-23,0.09723357,0.9999994,0.99990785,0.9978948,1.0,0.9999976
2024-10-13,3.4733913e-17,8.398339e-20,4.0783012e-17,2.612257e-07,7.466462e-16,1.5767108e-12
2024-10-01,1.1379214e-16,1.252532e-21,1.9364062e-18,0.0020366963,3.0648698e-14,9.631157e-11
2024-04-29,0.9999925,1.0,1.0,0.94216037,4.678469e-05,4.2224528e-07
2020-10-07,8.576636e-12,3.2150815e-18,1.9054493e-12,1.801043e-05,1.98056e-16,1.8329389e-19
2023-05-12,0.99996614,0.999997,0.99983037,0.9999944,3.3430265e-08,0.015949203
2020-10-01,8.2180644e-15,1.1032877e-20,2.1160625e-16,0.27252227,2.6122195e-17,8.485331e-17
2021-02-22,0.9953361,1.0,6.164047e-06,7.787407e-06,0.9998202,0.99995685
2022-02-12,0.88875043,1.0,0.99661285,0.9913961,0.9999995,0.99999046
2024-06-17,0.0069081415,4.075409e-17,0.58751935,8.384004e-06,2.8073388e-17,2.3397404e-12
2023-04-04,5.231874e-07,1.0,4.7640835e-05,0.9745386,8.2651523e-13,2.5444108e-06
2019-04-28,0.9999993,1.0,0.7073524,0.99976784,9.714262e-07,9.719303e-07
2019-11-16,9.651892e-09,6.6653406e-06,0.9982693,5.234238e-06,0.9999999,0.002266411
2021-06-29,0.9981376,6.031393e-15,0.0001610825,0.999998,2.2788356e-17,8.003744e-13
2020-08-21,1.8113499e-11,1.4590596e-23,8.712575e-13,0.9999987,5.6016867e-16,1.0079658e-08
2023-10-04,8.442134e-24,5.7974407e-21,1.3067268e-10,0.058048736,3.6269807e-19,4.0461592e-11
2023-06-14,5.1141187e-06,2.2715898e-12,2.8601646e-10,1.0,1.4399674e-22,3.3909008e-12
2023-06-16,2.764229e-07,9.488704e-13,7.5668165e-09,0.9999993,1.8844691e-26,4.031169e-11
2024-11-27,5.7031244e-08,0.35371438,0.9999999,0.9655706,1.0,0.2474549
2024-08-25,1.1566047e-15,4.767503e-19,8.4892824e-13,0.99999976,3.3731466e-17,5.75796e-12
2020-04-22,0.99999976,1.0,0.99999285,0.99999726,0.00061758846,8.994357e-06
2023-04-26,0.99999404,1.0,0.9999963,0.9994654,1.0929043e-07,1.0592974e-07
2020-05-02,0.9999999,1.0,0.99998534,0.9999939,6.279051e-07,0.0012258814
2021-08-06,4.14921e-12,1.1353646e-21,4.5708227e-19,0.0007166748,2.9264407e-24,1.5021493e-18
2021-08-04,6.544475e-13,9.992816e-19,1.026082e-18,0.0003091481,4.511313e-22,6.352118e-17
2023-01-16,3.0308653e-05,0.99999976,0.99996746,1.0788846e-05,0.00016207717,1.0
2024-09-19,6.286328e-11,5.0539226e-19,9.6775806e-18,0.6828634,4.186622e-19,1.4599822e-14
2021-05-27,1.0,0.5308985,0.00059060176,0.00021181827,1.1497986e-05,0.9987674
2022-11-14,4.1918952e-07,4.630167e-11,1.0,1.21049135e-08,0.4324304,1.9197537e-07
2023-05-05,0.99999464,1.0,0.99997914,0.99946517,2.1028289e-05,0.0007707947
2020-11-26,0.00032929267,1.8172643e-05,7.3233954e-05,0.0020284439,1.0,0.25066665
2019-11-24,0.00020007337,0.79142815,0.0038850412,0.0019585188,0.9999584,1.678791e-08
2024-08-19,3.1598455e-17,3.3010684e-19,9.837944e-16,0.99999964,7.3916237e-22,9.7043575e-08
2024-10-24,4.5990963e-15,6.9519492e-15,3.5324156e-15,6.9168316e-08,2.3917262e-18,1.8527526e-15
2021-08-12,1.4824873e-10,3.0187031e-16,8.0578047e-19,0.02668537,1.0360197e-28,2.3414613e-14
2021-12-14,0.0025527135,0.9994992,1.0,0.014855085,0.9995621,0.9999722
2022-06-04,0.99999547,1.3270611e-11,0.9546588,0.99358976,4.1212332e-16,3.374443e-07
2022-01-17,0.99985194,1.0,0.9996877,0.9999989,1.0,0.9999956
2020-06-20,0.9986526,4.5305835e-19,0.00017235581,1.6118103e-07,2.469006e-16,3.951933e-11
2022-04-01,2.8710176e-07,1.0,5.26381e-10,0.9936832,5.668127e-09,5.4488037e-08
2022-02-25,0.008715569,1.0,0.02009167,0.9959919,0.9999907,0.9999987
2019-05-07,1.0,0.9999999,0.21180138,0.9999083,0.016255973,2.8279603e-09
2021-09-26,1.821447e-17,1.2272126e-24,1.7258473e-17,9.643446e-07,2.2429412e-24,7.9309865e-16
2024-12-15,0.0049872645,0.9978683,0.9998696,0.9996507,1.0,0.9999677
2020-03-08,0.9997372,0.9999956,0.000112325855,0.00010033383,0.10419614,0.98087823
2022-09-28,1.1708042e-17,1.1071283e-28,1.775504e-13,0.00019399848,1.3674734e-16,1.7287074e-09
2021-07-25,1.2014928e-12,4.9747836e-22,1.0057336e-17,1.5057576e-07,8.904668e-25,3.2066333e-16
2024-01-08,0.28488752,1.0,0.99994195,0.9563035,1.0,0.99999964
2024-08-27,3.1607302e-14,4.494297e-19,3.998966e-15,0.9999987,8.062559e-22,7.199931e-15
2023-05-13,0.9999995,0.9999993,0.99994206,0.99967885,0.00010781922,0.004082399
2021-10-27,3.8688483e-11,2.1012962e-21,2.0030278e-08,1.907051e-06,3.0398634e-15,1.981158e-15
2020-04-18,0.9999999,1.0,0.999961,0.999997,0.00028921408,1.271287e-06
2021-10-23,5.392384e-12,1.4219865e-22,4.335989e-06,1.216974e-07,2.2131851e-13,1.5869938e-15
2021-01-10,0.99945873,1.0,1.2168538e-05,7.064762e-05,0.9999682,0.99999845
2019-06-21,0.49549326,5.8086473e-19,3.09771e-11,0.26892754,6.5897633e-22,3.756305e-17
2022-04-02,0.00022408753,1.0,1.4861118e-09,0.2974253,1.3337728e-07,2.6778935e-05
2021-06-30,0.99998283,3.4257173e-13,0.01656668,0.99992526,4.0040392e-20,1.1233736e-12
2021-03-22,0.00034217077,1.0,2.5594389e-09,0.016926875,3.3860525e-09,0.054360572
2021-09-06,2.0039856e-13,8.80669e-20,2.1362534e-20,0.00028715507,6.531672e-23,7.024749e-16
2020-12-07,0.9997086,0.99998474,0.00028868127,0.12391328,1.0,0.9999889
2021-12-22,0.44062486,0.99999726,1.0,0.9875624,1.0,0.9986946
2019-12-07,0.99721473,0.9999958,0.99999833,0.9998191,0.99999976,0.9022341
2023-11-09,1.1916531e-17,2.1000143e-21,9.2800524e-11,6.599003e-07,6.8419764e-15,1.9318467e-14
2024-05-28,1.0,0.0003934308,0.47429222,4.9425385e-06,1.715755e-09,3.1478237e-07
2024-01-29,0.89823294,1.0,0.99773335,0.99993587,0.99999976,0.9999969
2022-09-17,1.4978871e-17,6.844672e-28,1.2163356e-15,0.83927673,3.3878843e-18,1.9655373e-12
2023-09-22,2.0409503e-18,2.2380372e-15,1.9531588e-13,0.9998411,1.6547116e-17,5.7643144e-11
2022-12-27,3.9914506e-05,0.9998584,0.988567,5.3415674e-06,0.9281947,1.0
2023-08-18,3.8995226e-17,4.3754466e-24,3.3223458e-17,0.97112054,1.5387345e-25,4.4249957e-17
2024-11-22,1.01923574e-10,0.07589362,0.99891865,0.7383405,0.9999753,1.4396913e-06
2023-10-23,4.438143e-19,5.3413007e-21,1.3030419e-12,3.7958448e-06,1.874319e-13,2.81037e-14
2024-05-20,0.9999062,1.778781e-10,0.30219778,1.2004299e-06,3.0974792e-11,0.014988945
2023-06-27,1.8732463e-10,5.4290578e-21,8.3658056e-16,0.9997008,1.478579e-25,4.3788233e-11
2019-04-16,0.99997973,1.0,0.9625215,0.9998858,0.0017369408,1.9753268e-09
2020-03-31,0.96691495,1.0,5.1084273e-05,0.99896765,1.5235362e-07,9.083853e-06
2021-04-16,0.00058828766,0.99999833,2.7581618e-06,0.99999654,4.177025e-12,1.7076996e-14
2022-12-09,2.611285e-08,0.0072864005,0.99994254,4.392689e-05,0.99999475,0.9999893
2024-12-08,0.00021003885,0.9921361,0.99978167,0.99672675,1.0,0.9999844
2022-08-14,5.852518e-16,8.4363404e-24,1.4676174e-15,1.0,7.825869e-21,4.555492e-13
2024-12-12,0.0004972545,0.9959351,0.9999924,0.9999392,1.0,0.9999894
2022-04-22,1.0,1.0,0.9999336,0.9999697,5.115446e-06,1.5267767e-07
2021-11-01,7.478135e-12,1.2663588e-21,0.000879711,1.8598511e-08,1.3709642e-10,8.424254e-15
2023-02-11,5.9127236e-05,0.99996364,1.0,0.00054451317,5.7857637e-06,0.9999994
2022-11-23,2.9694053e-07,0.0007442488,0.9999969,1.5640852e-06,0.99999976,0.024729665
2022-09-16,1.0029947e-16,2.7034233e-29,3.1930982e-15,0.98976874,4.3380098e-21,6.0556116e-11
2024-10-10,8.5054485e-19,2.6994265e-20,4.901869e-19,2.4135248e-05,1.1722847e-15,1.8690865e-12
2024-03-30,0.46933806,1.0,0.9991303,0.9778391,3.0585197e-06,0.0002148281
2021-12-29,0.9977981,1.0,0.99999917,0.99996793,0.99999976,0.9993585
2022-06-23,6.127657e-08,1.8879328e-23,3.4575108e-19,0.9999654,1.46776e-19,2.849647e-12
2021-02-01,0.9986517,0.99999964,1.2125179e-08,0.0015661207,0.99320155,0.99999523
2021-08-22,1.0765074e-09,5.0502124e-23,1.933187e-08,2.1378414e-06,5.786475e-12,3.728338e-10
2021-08-02,1.6007723e-14,6.7402945e-23,2.2497717e-16,1.2950515e-05,1.1728128e-22,6.420301e-18
2021-12-17,0.92649037,0.999998,1.0,0.99895847,0.9999863,0.9999825
2020-02-12,0.9999982,1.0,0.81755084,0.9876216,0.97569716,0.9998173
2019-06-15,0.9074038,9.478533e-18,6.5037564e-10,0.9113413,2.5087292e-16,1.1399363e-18
2021-08-13,6.5192873e-12,2.0043913e-20,7.505945e-19,0.004011204,7.2187293e-26,1.03822575e-16
2024-02-01,3.5277306e-05,1.0,0.0030023556,0.927291,0.9977793,0.9999542
2022-06-15,0.0011529404,2.2250616e-17,1.5300943e-11,0.99892396,4.6798298e-24,8.823589e-12
2024-01-06,0.3596597,1.0,0.9986016,0.99257654,1.0,0.999997
2021-05-12,1.0,1.0,0.60050863,0.9978157,0.23891398,0.00020358046
2020-05-16,1.0,0.5670242,0.9999821,0.99408937,5.874921e-05,0.0006178375
2019-06-03,0.9999976,8.675665e-16,9.693827e-09,0.008896563,1.0233087e-14,1.2120856e-08
2021-02-06,0.00014287747,1.0,2.742728e-07,0.0002526375,0.17304885,0.9999994
2022-03-10,2.0737574e-05,0.998771,2.87457e-10,0.020245116,0.4175268,0.9995821
2024-06-20,0.00033223664,2.5812434e-18,1.1099601e-05,4.4544464e-05,1.0862362e-21,4.5945523e-16
2023-09-20,7.668793e-22,7.3068927e-17,4.1172247e-13,0.9999298,4.2662045e-17,1.3019821e-14
2023-09-23,1.6911585e-22,1.269911e-19,3.011768e-12,0.9560209,7.154304e-19,1.2747697e-11
2024-09-15,6.973101e-12,1.30708855e-17,2.0498988e-19,0.99999917,1.2269983e-15,9.8105364e-11
2023-04-08,8.263695e-06,1.0,8.89724e-08,0.99100566,2.2460405e-13,2.94294e-14
2020-10-26,4.3203302e-10,1.1691702e-18,4.1465875e-10,0.00013034018,1.3878369e-13,8.673481e-16
2023-04-28,0.9999995,1.0,0.99999917,0.9957137,5.198477e-05,4.2635725e-07
2024-06-03,0.999997,4.5139096e-08,0.97984797,4.1065476e-05,1.6709002e-08,8.5873876e-07
2024-07-13,5.218188e-13,7.217195e-24,4.155993e-18,0.00027022217,1.1829173e-23,1.8788568e-14
2023-06-23,1.8855252e-12,1.439749e-20,1.0634995e-12,0.9999989,3.675339e-26,2.2247353e-09
2021-06-05,1.0,1.9408708e-09,0.07697987,1.954034e-06,1.7381211e-08,0.6433639
2020-07-20,4.9102714e-12,6.4194972e-24,2.0426638e-18,1.0,7.862435e-21,1.2048428e-09
2019-07-29,3.909564e-08,4.8873866e-24,1.9159714e-11,0.99999714,5.6679276e-18,6.3054575e-11
2021-06-27,0.9907286,2.1092883e-20,4.4539843e-07,0.98141676,9.479235e-15,1.7990804e-13
2023-06-21,3.4388382e-08,8.074085e-18,3.1082834e-09,0.9999995,2.9558682e-25,1.1651823e-08
2023-09-03,1.4975576e-22,9.574805e-17,1.01532205e-14,0.9999683,7.9576985e-20,6.575238e-14
2020-03-28,0.99998367,1.0,0.21930143,0.9753455,4.866357e-07,2.0408291e-11
2024-10-22,5.5469863e-19,4.4724254e-18,1.2205984e-14,1.7596247e-05,9.185568e-20,6.4676956e-14
2019-11-02,1.7439412e-05,3.5151677e-16,0.0003471149,4.359031e-07,0.011115958,4.1919162e-13
2023-04-09,0.3126089,1.0,8.4504484e-07,0.9933342,2.0785003e-13,4.3631493e-15
2023-11-30,9.4520274e-11,5.0514335e-09,0.9988193,0.23923929,0.9999963,0.00760786
2023-10-28,2.3793398e-19,7.56625e-21,1.11435465e-13,2.803858e-07,3.4922591e-16,1.8214838e-15
2023-09-06,1.22351306e-20,2.534114e-22,7.3313264e-16,0.99359256,1.5789406e-20,2.798143e-14
2019-04-12,0.49741054,1.0,3.2966994e-09,0.99992526,1.5225006e-09,2.467832e-10
2022-12-01,3.6685996e-08,1.8942952e-05,0.9999969,3.1954434e-07,0.99999464,0.9998481
2021-06-21,0.99988866,5.5998858e-18,1.1384558e-08,0.74665314,1.6210788e-14,5.42967e-13
2023-08-10,2.2927923e-20,2.894179e-24,1.7556968e-12,0.0074113724,4.0395803e-23,5.949375e-13
2020-01-30,0.9999901,1.0,0.97724265,0.999992,0.99889565,0.99991167
2021-08-30,2.2800087e-10,1.8788472e-20,1.160885e-20,0.0002656537,3.566938e-19,2.5688861e-14
2024-12-05,0.00033452758,0.99902666,0.9999721,0.99725753,1.0,0.9999232
2020-03-25,0.99999905,1.0,0.20020287,0.99166006,0.0030323984,0.05495024
2021-09-27,1.2768731e-17,3.8118055e-25,2.2938916e-15,0.00015807284,1.4868107e-22,1.7237955e-12
2023-10-20,3.3094892e-20,3.2842056e-23,1.2004998e-10,0.00021963776,4.1867995e-18,2.2023112e-14
2020-11-17,3.8019596e-10,5.948661e-09,7.808205e-09,1.238735e-05,0.99976546,5.5242737e-12
2023-02-02,0.007017628,0.999977,1.0,6.410486e-05,3.3345394e-05,0.9999999
2024-11-21,1.381461e-10,0.23913187,0.998898,0.6247113,0.9953591,0.0021539081
2022-09-22,5.5462728e-17,2.1095532e-28,5.939876e-12,2.7783904e-05,6.721931e-17,1.08224e-11
2023-07-11,2.9126818e-12,8.6479293e-19,2.202413e-17,0.9999994,4.0863693e-24,3.6685453e-11
2019-08-18,2.490874e-08,9.719155e-20,5.1233684e-11,0.6643264,1.076285e-18,4.5363371e-10
2021-03-18,8.4718245e-05,1.0,2.494717e-06,0.0003649079,2.467044e-08,0.9999964
2024-09-08,7.096555e-16,1.1887411e-20,1.6341866e-13,0.9999995,4.588702e-16,1.7900169e-09
2024-03-24,4.6630397e-05,1.0,0.00030954008,0.94789517,1.2168015e-06,0.0004397461
2023-08-07,4.7981914e-19,1.2216742e-22,3.9147386e-14,0.994068,3.119556e-24,3.799949e-15
2024-05-06,1.0,0.9997011,1.0,0.3445873,4.3677817e-10,3.3536374e-10
2019-10-21,3.1919267e-09,4.6939328e-18,3.9408624e-06,3.015464e-08,1.3505507e-07,1.4402965e-15
2019-12-14,0.99983895,0.9999999,0.99982846,0.9999865,0.99999964,0.94699013
2024-11-23,2.3166812e-11,6.245441e-05,0.99999404,0.99359834,0.99999976,1.752046e-05
2023-06-19,3.5192076e-07,1.0503608e-14,1.7103639e-09,0.9999988,1.5539007e-24,4.2707587e-08
2023-12-20,0.86828756,0.9952917,0.9999888,0.9998914,0.9999999,0.99999666
2022-03-18,7.0715567e-09,0.92649287,2.1948212e-11,4.8946018e-05,0.0033271934,0.88052493
2020-03-15,0.9999937,1.0,0.087736495,0.93336016,0.02356484,6.7306594e-08
2024-04-24,0.999984,1.0,0.9999937,0.99104476,0.93752134,3.6177207e-05
2019-11-30,0.9999316,1.0,0.9933687,0.99941933,0.99997747,0.025962902
2023-10-16,2.764752e-18,4.485324e-26,6.498294e-12,0.0006313518,7.1137484e-21,1.0764664e-13
2021-09-16,9.779224e-11,3.0414619e-24,1.8730342e-15,0.011478916,2.4092192e-23,7.193524e-18
2021-05-03,0.9999999,1.0,0.9999738,0.9999732,0.015192416,0.0003376345
2019-11-03,0.0020395478,9.32599e-19,6.619642e-05,1.8410083e-05,0.008955788,2.6315006e-11
2020-10-14,6.4098566e-09,1.31056346e-17,8.263447e-10,8.674095e-06,1.8625756e-10,2.1849497e-16
2023-01-28,0.00029286393,0.9998665,0.9999999,0.0002744785,1.1614301e-06,0.9999777
2022-07-15,4.5512305e-08,9.19719e-24,2.3510637e-19,0.99986637,5.0129697e-18,4.169988e-12
2020-12-04,0.99877733,0.99962974,0.07778137,0.8762179,1.0,0.99990976
2022-02-20,0.2773449,1.0,0.9963405,0.99488896,1.0,0.999926
2024-11-04,1.4086756e-18,6.2890703e-16,2.396485e-10,7.9888457e-07,8.10129e-20,8.440162e-11
2020-12-01,0.028836004,0.02234432,0.0063334815,0.019901197,1.0,0.9649981
2024-10-18,1.2888044e-16,5.280689e-19,1.2934385e-17,1.9657813e-08,3.3963247e-16,4.4169665e-14
2021-02-16,0.0026863508,0.9998299,2.991501e-06,6.0017693e-09,0.999432,0.99999976
2024-06-15,3.5667814e-05,2.030604e-20,0.00017798782,1.1355779e-08,3.2976591e-18,6.296744e-11
2024-08-28,1.4436707e-12,1.4452485e-17,3.254462e-15,0.99999976,1.9828303e-21,6.471974e-15
2022-08-26,6.2490374e-16,1.8941637e-25,4.022818e-12,0.99999964,6.944794e-22,6.3585764e-10
2021-09-19,8.288701e-18,1.9570662e-25,2.677272e-15,2.8610077e-06,5.1123326e-24,6.0602358e-18
2021-02-04,0.23438458,0.99999964,1.42704e-07,1.3488607e-05,0.9981997,0.9998211
2022-12-14,0.00551367,0.03961046,1.0,2.4405772e-05,0.9999944,0.9999995
2022-03-03,0.00012298462,0.9999995,1.7066823e-08,0.08563741,0.97119755,0.9976852
2020-10-23,2.5054457e-11,1.1073609e-20,2.6126769e-14,6.170381e-09,9.278517e-14,7.150554e-15
2022-12-16,1.2526483e-05,0.014757593,0.99999845,0.0010860479,0.99948126,0.99999976
2023-12-23,0.0030782658,0.99855274,1.0,0.9985594,1.0,0.983403
2021-04-13,0.7664822,0.9999999,4.1713452e-10,0.99985754,1.3974754e-11,1.1156903e-13
2021-08-23,1.4345383e-06,1.9350601e-20,8.253275e-09,8.1406654e-08,8.4125565e-17,2.1881112e-12
2022-02-15,0.96306777,1.0,0.9742036,0.99995506,0.99999225,0.99999917
2019-11-06,0.000796785,9.212015e-11,0.0048171235,2.1680012e-07,0.9935369,2.157213e-09
2020-11-14,2.203667e-08,2.1053066e-07,7.4108027e-07,1.7238674e-05,0.99999535,7.7437873e-10
2023-06-22,4.656943e-10,1.0506268e-19,8.042207e-11,0.9999778,2.9026895e-26,2.4475674e-10
2019-07-13,5.186415e-05,6.914847e-21,7.92339e-10,0.99999714,4.4813403e-18,6.654118e-17
2024-04-08,0.9999442,1.0,1.0,0.9998549,2.544441e-05,1.9428442e-05
2021-05-16,1.0,1.0,0.9987257,0.958732,0.00021460005,0.0002351865
2019-12-13,0.9937411,1.0,0.9988343,0.99988186,0.99999964,0.93016917
2024-08-22,1.0442456e-19,1.0766628e-18,1.04659974e-13,0.99999475,8.027178e-21,2.0842053e-09
2019-09-13,2.6386448e-13,3.7152228e-23,1.0845161e-13,0.00030971275,9.239327e-22,3.14881e-14
2024-01-17,0.85693043,1.0,0.9999969,0.9999503,1.0,0.99999464
2024-12-18,0.015081522,0.99995625,0.999992,0.9979401,1.0,0.9999938
2019-08-28,2.0274244e-11,1.5683069e-23,6.998163e-16,0.15771748,4.1946663e-25,9.293465e-14
2021-12-11,0.1536207,0.99999976,0.99999964,0.0549289,0.9999993,0.99990094
2024-11-06,5.281196e-18,7.0578173e-15,1.9181087e-13,6.5301538e-06,2.2439557e-20,6.0623234e-12
2019-06-27,1.4379225e-07,1.4415236e-21,5.4817227e-12,0.36941284,5.747187e-23,3.823176e-19
2022-01-25,0.99966156,1.0,0.99999297,0.9999939,0.9999852,0.9999925
2019-05-26,0.99943215,0.8914072,7.198254e-08,0.0028191148,6.390358e-10,2.3456747e-12
2024-05-09,0.99999964,0.99311525,1.0,0.014150984,5.8288566e-07,2.4351832e-05
2021-10-24,1.2081886e-13,2.816887e-24,6.738492e-09,9.969356e-07,6.0384052e-18,2.1263945e-17
2021-09-05,1.927566e-14,1.6121034e-21,6.0325305e-19,0.002334534,3.0454688e-23,9.192246e-16
2024-06-13,1.4941268e-06,2.0152037e-18,0.015624892,2.1864946e-10,3.577847e-15,2.1816007e-13
2019-09-06,8.01402e-14,1.9276905e-22,1.0119292e-10,0.019552728,1.1335866e-20,5.118965e-14
2022-04-20,0.999997,1.0,0.3586772,0.99997985,6.5396114e-07,8.520965e-09
2024-04-23,0.99998343,1.0,0.9999645,0.98078537,0.9273447,7.519104e-05
2024-08-01,4.5362204e-12,5.7715274e-16,6.7593403e-18,0.9999467,3.2905544e-21,1.7905043e-10
2024-01-20,0.9221008,0.9999894,0.999816,0.9999846,0.9999999,0.9999995
2019-05-10,0.9999999,0.9999999,0.14801772,0.99942005,0.00041683074,6.3242794e-07
2024-09-18,2.7147445e-10,3.7361387e-18,2.0683668e-18,0.99056834,1.5831119e-15,6.575822e-12
2024-07-21,9.0813e-10,3.4004923e-20,6.529536e-21,0.9823085,4.8559744e-26,2.3131509e-17
2020-08-26,3.7279035e-14,6.4983973e-22,4.6899606e-10,0.99999785,2.5764537e-17,3.216606e-06
2021-08-18,5.8311893e-09,2.865284e-19,5.940443e-07,0.1651256,3.515769e-17,7.787649e-13
2023-06-10,0.9935042,7.549844e-10,4.8533796e-08,0.99999857,4.914435e-18,9.0856274e-11
2024-03-10,3.428457e-06,0.0006285048,8.8596746e-13,1.0274334e-05,6.5427852e-18,8.791261e-10
2019-11-14,1.191667e-09,2.1821031e-06,3.0263074e-05,6.83037e-05,1.0,5.0573635e-06
2020-10-16,4.9101375e-13,9.56934e-22,2.696867e-14,5.2694722e-05,1.8923444e-13,3.475961e-18
2019-11-25,0.31012014,0.9999596,0.34496734,0.9801798,0.99999034,0.00074133807
2019-04-22,0.99999964,1.0,0.9923673,0.99995387,0.00035391081,6.3057547e-07
2019-04-02,3.6854708e-05,1.0,2.4948071e-11,0.999889,3.6226308e-12,2.0152414e-11
2021-04-05,8.926559e-07,0.99992275,5.6176084e-12,0.99975485,3.761987e-15,4.6805277e-12
2019-06-01,0.9985916,1.5047662e-16,8.1034967e-13,0.5658583,5.1587455e-23,1.9447201e-17
2020-10-17,1.2973702e-12,2.1650235e-21,1.0118341e-11,1.646622e-05,1.0952354e-11,2.4173566e-16
2022-05-23,1.0,2.9656972e-08,0.059155077,0.5858228,7.395482e-16,1.7652708e-07
2024-10-02,3.24967e-17,1.2421306e-21,2.8922162e-15,0.00016550484,4.1189247e-15,6.7503295e-12
2024-04-17,0.9999213,1.0,1.0,0.99078923,0.01011285,2.9853005e-05
2019-08-31,7.040354e-11,5.0353827e-22,6.7984463e-16,0.3460849,3.4059975e-27,9.995343e-13
2022-07-20,1.3502417e-11,4.1128612e-24,7.5959956e-17,0.99999714,1.1555654e-20,1.1668018e-11
2022-09-02,1.8193586e-15,1.7623843e-26,3.6097864e-13,0.99987316,1.2818717e-23,7.146814e-16
2020-09-23,3.8851723e-13,4.6630077e-24,4.674333e-17,0.9972383,3.677378e-23,1.5115254e-13
2021-09-22,4.977188e-17,3.167818e-20,1.6272582e-15,5.338431e-09,1.5593262e-19,1.3852782e-15
2024-03-21,0.8651393,1.0,0.07038955,0.7320452,1.7488129e-11,1.4941588e-08
2024-04-21,0.9999939,1.0,0.9999871,0.99272233,0.73343414,5.9200353e-05
2022-08-12,4.9378782e-14,2.33306e-20,6.5553625e-15,0.9999999,1.332934e-18,4.263978e-12
2023-03-09,7.0149895e-08,0.99999976,0.9934987,0.05117212,3.9831807e-10,1.0
2019-12-05,0.6688828,0.9999995,0.99986243,0.9877138,1.0,0.94718945
2020-07-08,1.7797542e-07,7.7361793e-19,1.1052146e-13,0.9999417,9.267515e-18,6.119779e-10
2019-08-20,4.8399413e-11,1.9214713e-23,3.928421e-09,0.7340622,1.4909198e-26,1.6160554e-11
2024-08-23,9.412513e-20,1.4529053e-16,1.063464e-14,0.9999424,5.9537105e-17,4.905701e-09
2020-12-24,0.99999154,0.999997,0.0014765995,0.9116651,1.0,0.99965715
2020-06-10,1.0,5.358916e-09,0.63820964,0.9930375,6.7825974e-11,0.55943155
2019-10-29,9.991712e-11,5.9732546e-16,1.4171007e-09,1.204126e-09,6.6567773e-06,4.5175916e-14
2020-05-31,0.99997663,2.3061818e-13,2.1095966e-06,0.998968,9.221006e-17,5.164426e-08
2022-08-16,4.3490224e-16,4.6508565e-24,2.098298e-12,0.9999995,5.399729e-21,2.0449338e-13
2024-05-30,1.0,3.7362972e-06,0.2990364,0.109037295,1.2458129e-10,8.7534863e-07
2021-08-07,4.8446964e-15,9.397978e-21,2.6962742e-15,3.956128e-06,3.2601041e-22,3.7262485e-17
2020-11-01,2.090643e-09,1.1331813e-18,1.580669e-10,0.93477476,3.4315917e-08,1.664817e-13
2022-07-06,1.5500644e-09,2.8800252e-25,4.8418835e-17,0.99999654,8.861446e-21,4.6336823e-15
2022-12-05,6.727137e-05,1.3714797e-05,0.9999999,0.00047465813,0.9999713,0.9998271
2020-02-16,0.99999964,1.0,0.050382804,0.35099384,0.5647824,0.41574004
2020-04-17,0.99999976,1.0,0.9999957,0.99999857,0.000113625705,1.8552792e-06
2021-02-13,0.0025941853,0.9998512,2.9386962e-09,1.8120113e-06,0.9760675,1.0
2021-03-16,9.902216e-05,1.0,6.644193e-08,0.071519226,1.085419e-06,0.99999595
2021-11-09,3.5661765e-11,3.0297157e-19,0.9710822,3.5797623e-09,4.4607783e-11,6.612848e-13
2019-06-28,5.6594224e-08,1.9003981e-22,8.6713275e-13,0.9867915,2.680079e-25,4.072798e-17
2020-02-18,0.999627,1.0,0.2352432,0.9978161,0.9633199,0.13087581
2023-12-25,8.763277e-05,0.9953798,1.0,0.75556374,0.9997086,0.99969804
2020-02-17,0.99965084,1.0,0.16593784,0.98153335,0.9999716,0.6342185
2019-07-17,2.1667057e-09,2.0399036e-29,1.7540366e-12,0.999997,2.634217e-15,5.3572083e-13
2024-07-31,1.4801181e-12,7.474743e-19,8.5078246e-17,1.0,5.4228015e-23,1.3525433e-11
2019-09-25,2.1689248e-14,1.4680179e-26,3.6980905e-09,0.011161778,3.3955214e-16,1.7553545e-13
2023-03-14,3.5189832e-06,1.0,0.94297516,0.23924726,9.421164e-10,0.9999809
2022-02-05,0.8780131,1.0,0.9999919,0.9995203,0.9999999,0.99999094
2020-12-13,0.99459594,0.9998859,0.06855996,0.10532479,1.0,0.9999988
2020-07-02,0.027107947,3.531954e-17,1.24978205e-11,0.99952686,4.2544887e-16,3.7496235e-11
2019-06-02,0.9933582,1.3259121e-15,3.826436e-12,0.025596067,1.6260813e-20,4.4362567e-15
2024-11-17,7.6378227e-13,0.0005064184,5.255992e-05,0.029065715,0.054065086,9.047904e-07
2021-08-28,1.664106e-09,7.564891e-22,1.1493189e-19,0.00054284045,8.9357575e-20,2.3261763e-17
2023-06-24,2.0505897e-09,4.386772e-19,2.6686043e-12,0.99999976,2.3661898e-25,5.0443055e-10
2021-11-16,4.1781648e-12,1.9275487e-05,0.99999225,3.1650296e-07,0.99758506,0.0006587241
2022-08-03,1.415614e-10,1.8169238e-23,1.9054409e-13,1.0,2.1746224e-16,1.7296712e-12
2024-09-10,5.2727194e-11,1.0778709e-18,7.656046e-15,1.0,1.9466101e-20,7.9716046e-11
2019-04-20,0.99999917,1.0,0.9986651,0.9997186,0.009530999,2.2993544e-07
2021-03-21,7.2295006e-05,1.0,7.400842e-09,0.0011957388,2.04561e-08,0.008434884
2022-12-18,1.7096557e-06,0.7436022,0.99997175,1.7511709e-06,0.99999225,1.0
2023-10-30,2.8158212e-18,9.933938e-20,1.05338635e-14,2.7464762e-06,1.1917357e-12,4.2032028e-14
2021-08-20,5.97437e-09,1.4757176e-16,0.1714979,0.06807163,5.2725113e-10,3.8574817e-05
2020-07-07,4.0750348e-10,2.5602323e-22,5.5033182e-18,0.99994016,9.3192236e-21,5.0297765e-15
2020-05-26,1.0,0.0003508819,0.9996654,0.9948159,2.6602825e-10,0.24305743
2024-12-09,3.5766046e-05,0.8500047,0.9997876,0.999361,1.0,0.9999809
2020-05-30,1.0,1.1370729e-09,0.1733646,0.97696555,1.4184655e-10,0.00087237713
2021-04-19,0.016871199,0.99999964,5.224998e-10,0.9999646,3.329861e-11,2.1527417e-12
2023-06-04,0.054453604,5.3230873e-13,2.863512e-09,0.938371,4.7678476e-27,8.497674e-13
2022-07-31,7.87852e-08,3.0057484e-19,5.204747e-10,1.0,2.6357914e-14,2.564561e-12
2023-12-18,0.0002101362,0.99958426,0.99999857,0.71343005,1.0,0.9999691
2023-04-13,0.16675423,1.0,0.0025777908,0.23397358,2.8062898e-13,4.717215e-14
2020-09-06,4.8839797e-15,2.7655656e-17,4.888078e-16,1.7520428e-05,1.5749617e-23,2.3271248e-18
2021-05-22,1.0,0.85212773,0.9998394,0.25171524,7.953514e-08,0.276779
2019-12-10,0.99281913,0.9999988,0.9999894,0.9999815,1.0,0.99158317
2023-05-11,0.99998724,1.0,0.5587474,0.9999981,0.0004824014,0.5298064
2023-03-08,1.6914241e-06,0.99999547,0.99983704,0.17436276,2.6010968e-10,0.9999999
2020-07-11,4.725586e-12,5.7545495e-18,7.1917685e-14,0.9999994,8.162933e-19,6.727113e-13
2023-07-26,9.686669e-10,3.3890513e-16,1.0875038e-08,1.0,1.4490418e-16,1.480424e-11
2023-06-05,0.92055416,4.567491e-09,3.126363e-10,0.7546831,4.995507e-24,4.6572667e-16
2019-10-30,5.776303e-10,3.0447611e-15,2.0534011e-05,7.483184e-09,4.6579707e-06,3.093969e-13
2024-07-02,2.0759696e-12,8.793177e-24,3.1768303e-11,2.2879585e-06,2.897512e-26,8.313152e-17
2021-06-20,0.9990683,2.82319e-17,2.0882371e-08,0.947631,4.3122422e-19,5.548583e-12
2020-09-30,5.711155e-13,7.399434e-23,1.5235794e-15,0.9951336,3.8877106e-19,3.7169354e-17
2021-11-19,2.4986779e-08,0.00043441757,1.0,2.8937447e-07,0.99971205,0.0012287198
2024-08-03,4.374856e-12,9.954205e-18,1.9601887e-18,0.9999924,1.4140025e-22,2.8135013e-11
2019-03-29,1.1664169e-07,0.9998159,3.848083e-17,0.80691975,1.4469036e-13,2.2949639e-11
2020-02-13,0.99989593,1.0,0.2048915,0.9977114,0.8821644,0.99474984
2020-09-04,2.0848401e-14,3.6363262e-22,5.263336e-18,0.000120102115,3.289572e-23,3.9418616e-14
2020-11-02,2.8653606e-06,1.7014314e-14,7.043171e-08,0.054402653,7.937713e-06,6.781086e-18
2020-11-15,9.137107e-10,7.4888866e-11,3.1664254e-05,6.454591e-05,1.0,1.230298e-07
2022-03-06,1.937741e-05,0.9947142,3.1599195e-06,0.0011225139,0.9882349,1.0
2021-04-08,3.1404159e-06,0.99999976,1.3721302e-11,0.942928,6.68108e-13,1.3440189e-14
2023-03-26,2.047371e-07,1.0,0.00026964955,0.629,1.938264e-15,4.5748762e-05
2021-08-10,7.566631e-12,7.2776767e-19,1.7357965e-18,1.1702887e-05,4.745493e-27,7.40759e-17
2020-07-26,1.3871114e-10,3.4816938e-18,1.0871514e-15,1.0,8.757949e-19,3.4939702e-09
2022-05-04,1.0,1.0,0.9998479,0.9999937,0.014458992,5.8197975e-06
2024-06-06,0.25723976,3.084815e-11,0.05444898,4.763265e-09,1.4273442e-12,3.4687115e-09
2023-02-18,0.00017180448,0.9999989,1.0,0.052984405,7.22914e-09,0.9980844
2020-09-16,3.0599024e-12,4.243468e-23,2.779708e-16,0.00040563295,1.639478e-21,1.151888e-13
2020-12-19,0.99994993,0.9999896,0.0018848017,0.044560045,1.0,0.9999752
2023-02-28,1.6787068e-09,0.99989974,0.9961563,0.24859402,2.5701743e-11,0.9999999
2023-08-28,1.762674e-18,2.0341806e-14,2.7499455e-12,1.0,6.859675e-21,1.4594934e-16
2021-07-30,1.0603096e-12,5.096255e-22,2.7838773e-17,1.5193269e-06,9.798151e-27,8.8125175e-17
2019-11-22,6.3099574e-06,0.8309041,0.0009759072,0.024853155,1.0,0.003206689
2019-11-23,4.6409522e-07,0.0007624192,0.0010383491,0.002652739,0.999992,2.186386e-06
2023-03-22,2.1795142e-08,0.99999523,5.0374913e-09,0.16761321,1.09306e-16,0.00015101889
2024-05-25,1.0,1.575999e-07,0.38897404,0.00013506332,3.4519044e-11,6.842065e-06
2022-05-31,1.0,0.00042349618,0.9991749,0.9999987,2.6029506e-12,0.00015908852
2023-02-22,0.0004164272,0.9998802,0.9999999,0.8411272,1.4413976e-09,0.9999094
2024-12-11,0.2518845,0.99998033,0.9999974,0.99993896,1.0,0.9999856
2022-11-15,7.660918e-05,1.3696409e-11,1.0,1.5711002e-08,0.99478275,4.257826e-08
2021-01-15,0.9999906,0.9999974,3.8622304e-05,0.0523038,0.9999914,1.0
2021-12-07,0.00024793277,0.9999777,0.9999926,0.00011274995,0.999938,0.99999607
2021-08-15,6.869833e-14,4.3433412e-21,4.5969313e-18,0.011277393,1.7206733e-25,2.8624127e-14
2021-06-03,1.0,8.8515467e-10,0.81099963,0.00025116093,1.760461e-09,0.007456661
2022-08-31,3.33361e-15,3.3409095e-27,1.1088681e-12,0.9999933,5.407432e-23,8.2905016e-11
2020-11-18,2.1286337e-06,2.5464485e-12,7.0964007e-10,1.3317662e-05,0.9998299,9.372432e-10
2022-11-16,4.5340927e-05,9.758333e-12,0.99999976,5.585183e-08,0.63037926,6.2199614e-09
2024-06-29,5.864917e-10,4.9167077e-24,1.287896e-11,0.00010539298,7.0071174e-22,4.6993843e-16
2023-11-28,1.1652256e-10,0.24539109,0.9997093,0.33749944,0.99853504,8.425001e-05
2020-10-13,1.4333425e-13,7.722884e-18,1.8489043e-12,1.7129334e-05,9.349978e-12,7.710669e-14
2023-05-23,0.99999917,0.50026155,0.9862877,0.999818,6.347647e-10,1.796463e-05
2019-04-30,1.0,1.0,0.95324,0.99983704,0.00056385563,3.9991565e-07
2020-02-21,0.9990501,1.0,1.6587345e-06,0.013115765,0.7472033,0.9991509
2020-08-06,1.3567007e-11,2.5432951e-22,5.004012e-17,0.999933,2.7132697e-21,9.945557e-13
2021-12-28,0.99616027,0.99999964,0.99999905,0.9999995,0.9999999,0.99982375
2022-09-24,1.4206517e-16,4.353874e-29,1.1885763e-15,0.00051902974,9.853107e-18,1.8024333e-12
2021-10-06,1.788305e-15,7.0053853e-28,5.2562395e-12,1.736531e-07,2.0913027e-19,1.834185e-14
2020-10-12,1.143564e-11,2.7887515e-20,2.92231e-11,0.00013495672,5.483644e-17,3.904445e-19
2022-12-04,4.835238e-10,1.6883653e-06,0.99993837,3.1532968e-06,0.99974686,0.99866664
2022-05-18,1.0,1.1033661e-05,0.9992454,0.9937755,1.7991397e-08,0.47507465
2022-01-04,0.8742283,1.0,0.9999999,0.9999988,0.99999964,0.99994195
2023-05-24,0.99971706,0.99999917,0.9812107,0.99984324,2.2344742e-09,0.00836988
2022-12-17,0.00049175846,0.24627323,0.9999751,2.4567515e-07,0.999818,1.0
2024-08-07,1.0463467e-12,2.7958726e-16,1.2951072e-17,1.0,2.6848644e-20,1.4950973e-11
2020-07-06,3.7567526e-07,2.6366418e-21,1.5474934e-14,0.9968821,5.203542e-19,1.2180664e-13
2020-02-24,0.9999443,0.9999999,2.8459584e-05,0.037981115,0.3086178,0.9999993
2022-05-06,1.0,1.0,0.9999697,0.9997634,0.0014422499,6.9437436e-07
2019-04-01,4.9711566e-06,0.99999905,3.0546727e-15,0.98781013,1.2789644e-17,6.0130324e-13
2021-12-25,0.99868053,1.0,0.9999999,0.9999926,0.99999857,0.9999877
2022-05-21,0.99319386,1.4464658e-08,0.039285917,0.5833058,1.1203737e-16,6.576216e-05
2024-10-16,8.009332e-17,2.8184647e-18,8.937344e-16,5.036792e-06,2.2976807e-14,4.1346364e-11
2019-12-03,0.98977226,0.99995196,0.9974986,0.9770308,0.9999403,0.96439105
2019-09-05,2.7205594e-11,7.821061e-22,2.1827329e-13,0.0068607912,2.5670502e-21,2.1591966e-13
2024-06-11,0.0009237569,1.2572128e-11,0.9995215,2.6299313e-10,2.0000096e-14,5.334687e-07
2021-10-11,7.3546713e-13,6.169877e-23,1.3069404e-11,2.399996e-08,4.5226447e-17,1.35795424e-14
2019-03-27,0.011560515,1.0,6.6699996e-14,0.93326473,1.0233113e-13,8.420736e-11
2021-09-29,4.3084955e-18,1.0418455e-28,1.6164982e-16,0.004008073,7.2233243e-20,3.7217435e-14
2023-09-08,2.473744e-19,3.8011515e-23,2.390061e-15,0.9999995,8.0185215e-20,5.031482e-16
2022-08-27,1.6747742e-15,8.56026e-27,2.5523895e-13,0.9999957,4.4539607e-22,1.7921589e-09
2022-07-27,1.4693876e-07,5.6519875e-20,2.6234034e-10,1.0,1.4016167e-17,6.099907e-11
2022-02-03,0.9909524,1.0,0.99997973,0.99999607,0.9999988,0.9999596
2020-04-01,0.63458884,1.0,1.0980964e-05,0.98460764,8.096434e-10,4.3275188e-05
2019-12-30,0.99999666,1.0,0.99988973,0.9999937,0.9999999,0.94555473
2019-07-28,8.4676174e-08,8.342106e-21,5.786894e-07,0.9999999,6.102388e-14,1.2621518e-12
2022-12-24,1.0477495e-05,0.91163063,0.16623122,1.816786e-05,0.9995943,0.9999999
2020-04-15,1.0,1.0,0.9999943,0.9999746,1.2432312e-06,6.0011885e-08
2023-01-24,0.00890639,0.9999584,1.0,1.1616156e-05,5.949067e-10,0.99993706
2020-05-14,1.0,0.998806,0.99995494,0.99995685,9.739929e-11,5.3979882e-05
2020-08-01,1.2122109e-11,6.533301e-20,9.772701e-18,1.0,8.591e-22,9.988521e-09
2020-07-13,2.4326209e-08,1.817189e-21,1.2859746e-14,0.9999999,2.2123977e-19,2.2463414e-12
2019-08-15,3.3998755e-09,1.5083888e-21,2.1662096e-13,0.99995446,8.214967e-21,6.1662714e-10
2019-11-18,3.1716277e-06,5.0552073e-05,0.9053444,0.6521458,1.0,0.00031969664
2024-04-09,0.9979836,1.0,1.0,0.9996798,0.002995535,1.8290187e-06
2021-02-11,0.63743186,0.9999846,4.3304555e-09,0.000111522,0.9530736,1.0
2023-06-11,0.8433881,5.198375e-11,3.0033586e-08,1.0,1.986778e-18,3.068419e-11
2022-02-04,0.9910343,1.0,0.9998616,0.9997744,1.0,0.99998605
2024-01-22,0.5770753,1.0,0.99373525,0.99998105,0.99999976,0.9999976
2021-03-14,0.07315373,1.0,2.6893557e-07,0.090303354,1.1071395e-05,0.9999187
2019-09-17,1.480545e-15,1.5749754e-21,3.8033517e-14,4.258715e-05,1.6716515e-17,6.396577e-10
2023-06-18,8.223318e-06,2.3640186e-15,5.9508026e-10,0.9999926,4.8568156e-23,9.841578e-10
2023-12-12,1.8271185e-06,0.95085615,1.0,0.89764255,0.9999989,0.99989986
2021-06-04,1.0,2.4576763e-10,0.20448536,0.000105771534,9.745163e-12,0.005906823
2023-01-11,8.2281865e-10,0.89237124,0.9999989,7.9158504e-05,4.6560162e-06,0.9999993
2022-11-13,0.0010861037,2.255126e-11,1.0,2.5034765e-08,0.91658974,8.454368e-08
2020-08-11,5.895465e-11,2.7431556e-16,3.4575444e-15,1.0,5.035641e-19,1.9366604e-07
2020-03-19,0.9999496,1.0,0.9969104,0.99965656,2.8852458e-08,8.368892e-11
2023-12-14,3.9100218e-05,0.9569717,0.9999999,0.1926476,1.0,0.99466914
2023-05-08,0.9999994,1.0,0.19973768,0.99999964,0.0032901403,0.0014470979
2021-04-30,0.9962379,0.99999976,0.9113813,0.9998597,5.259818e-09,3.4563133e-10
2020-10-06,2.2158587e-13,5.357608e-20,1.9491461e-14,0.01791278,1.2545867e-16,3.796203e-19
2021-02-20,0.66227895,0.999997,1.5834438e-08,1.1505293e-06,0.9997286,0.2156274
2021-01-03,0.35506895,1.0,0.0023573472,2.4244871e-05,0.9999398,0.999998
2022-09-29,1.757686e-17,1.7799765e-28,4.4375584e-12,0.0017701001,1.2120321e-16,1.2455349e-10
2019-10-13,1.3593627e-12,4.692102e-20,3.1246071e-12,2.1751969e-06,6.4274154e-08,8.035135e-12
2023-07-03,1.8578958e-10,1.9492448e-23,1.5918537e-11,0.99989414,6.2236397e-28,2.2749446e-13
2021-03-28,3.2491378e-09,0.99999917,4.789493e-09,0.00073541194,1.3938717e-10,0.0066813724
2024-06-26,1.8312561e-10,2.2929725e-23,1.2824872e-09,8.6543376e-05,2.7392245e-23,2.1365836e-16
2024-11-19,3.3417443e-16,5.21642e-07,0.99774903,0.0034629528,0.7397776,4.522607e-06
2024-02-25,8.364495e-09,6.066705e-09,1.4323007e-14,1.2803402e-07,2.590821e-19,1.6479872e-06
2021-03-07,0.054630347,1.0,8.404674e-06,0.030804636,0.00016761741,0.9999932
2022-09-06,6.5868427e-16,6.7615083e-25,8.045432e-14,0.9999989,2.3634964e-22,2.1552572e-11
2024-03-20,0.4435477,1.0,0.98460126,0.14511204,5.8867538e-12,8.884246e-09
2023-06-06,0.013906609,7.314932e-15,1.05718414e-07,0.999838,1.6665748e-27,1.0329446e-15
2024-10-31,4.8578792e-20,1.0080592e-21,2.7087975e-13,6.5972936e-06,1.1019994e-22,2.2069473e-12
2019-12-31,0.9999989,1.0,0.99985754,0.9999995,0.9999535,0.9994592
2024-05-07,1.0,0.95884323,1.0,0.081188336,1.4574524e-11,4.4631253e-08
2019-07-02,1.6972185e-06,3.1353885e-16,5.970144e-09,1.0,2.1566192e-14,1.2986985e-14
2020-06-18,0.9999374,2.8364801e-16,5.3169305e-07,1.0518182e-05,4.590708e-19,6.148476e-11
2024-08-18,4.674962e-15,8.923309e-16,8.679695e-14,1.0,1.5982685e-24,8.1518017e-13
2019-12-28,0.9999927,1.0,0.9998324,0.99999976,0.9999944,0.96247447
2022-04-21,0.99999845,1.0,0.9999386,0.9988739,7.144688e-07,4.6871477e-08
2020-06-24,0.0019021418,1.4383815e-21,1.5537212e-07,0.00027335814,1.4529702e-18,1.8557804e-15
2019-04-14,0.5418348,1.0,3.0798995e-07,0.9997757,2.4532818e-11,1.1544505e-09
2024-06-22,0.0001588092,4.148214e-19,2.1670223e-06,1.2343896e-06,4.0054835e-16,8.3066225e-13
2022-07-08,2.1729631e-09,1.0351448e-24,5.70713e-19,0.8086838,6.081668e-22,3.393243e-12
2023-10-15,1.6017532e-17,4.898201e-21,3.7133484e-14,0.0031237912,8.840029e-16,7.609424e-13
2021-01-24,0.99992573,0.99999976,6.004594e-06,0.0008311749,0.9999627,1.0
2020-05-21,1.0,4.1975622e-06,0.21188036,0.99993706,6.59569e-13,1.223521e-07
2019-09-12,4.6606686e-13,3.3090408e-24,1.2096489e-12,0.0019414176,1.4927518e-19,5.3870896e-12
2020-02-19,0.99995625,1.0,0.000607439,0.43885142,0.97908795,0.9143998
2021-03-06,0.010330883,1.0,0.036053307,1.3015687e-06,0.00011038589,0.9999827
2024-07-08,3.7076586e-10,1.3053008e-23,5.4650766e-14,0.001021441,7.0372965e-25,2.6883454e-15
2019-07-14,2.8676953e-07,7.15691e-23,8.627494e-09,0.99999595,5.1585765e-20,7.734508e-16
2023-12-30,0.00016031176,0.99887043,0.9999993,0.9994129,1.0,0.9999759
2024-09-04,5.258149e-14,2.968921e-17,1.8662728e-15,1.0,3.1136717e-16,1.4946167e-13
2024-08-24,3.0583909e-16,8.56328e-16,1.6554765e-16,0.9999994,5.081578e-15,1.2646914e-09
2021-03-20,0.0012868649,0.9999999,3.5587547e-08,0.0015988895,1.1586778e-08,0.9999932
2019-11-17,7.540133e-06,2.2439694e-05,0.02841436,0.00010710478,0.99999785,1.7435752e-06
2024-03-18,0.0002615696,1.0,0.9138845,0.031545207,1.9124308e-14,8.4305124e-10
2023-06-09,0.00028584505,1.0762206e-12,1.7507152e-07,0.9999994,1.3382183e-24,4.9642923e-10
2020-01-23,0.9999995,1.0,0.99871397,0.99999774,0.99892235,0.9981589
2021-12-06,0.00015645486,0.9955213,1.0,0.009911176,0.999198,0.99989927
2022-08-11,6.3088733e-15,1.8022145e-22,1.0159297e-15,1.0,1.5730863e-18,4.0225726e-12
2024-12-06,0.0010922565,0.9937284,0.9998242,0.9857296,1.0,0.9989473
2019-05-15,0.99983644,0.99999976,0.00020381024,0.98158896,2.0860714e-08,4.368617e-09
2021-09-17,1.0795269e-15,1.6543206e-24,3.9799222e-14,1.1339565e-05,2.2113225e-22,1.2467041e-18
2022-06-07,1.0,1.1825491e-09,0.1587669,0.999848,1.7961392e-16,2.7653628e-06
2019-11-27,0.00055434677,0.9951563,0.99972457,0.00029571116,1.0,0.023669275
2024-02-23,1.4190676e-12,2.6448642e-08,6.0561543e-15,4.2474144e-06,5.588205e-21,4.3095265e-09
2023-01-25,8.684309e-08,0.9999833,1.0,5.864425e-06,2.325184e-12,0.9999119
2021-09-08,5.8328715e-12,1.7544365e-25,5.0977595e-19,0.84265715,2.5079044e-25,2.850046e-14
2020-06-13,1.0,7.708798e-11,0.0015502586,0.0001824906,8.82893e-19,3.5833164e-08
2019-07-08,2.3015856e-09,3.8482717e-18,2.2489012e-08,1.0,1.3951103e-15,3.067841e-14
2023-04-29,0.9999995,1.0,0.99999857,0.99826175,6.78328e-08,5.033354e-06
2022-11-21,0.00035883015,1.10106655e-11,0.9999999,1.3799436e-07,0.9978114,9.170285e-07
2023-11-20,1.0964424e-09,9.010327e-16,0.7777349,0.00023081682,5.9023026e-08,8.23207e-08
2019-06-29,3.3565271e-07,4.13929e-23,6.939861e-09,0.9998946,7.494901e-19,1.027136e-17
2022-08-19,2.192023e-14,3.4339414e-20,2.8345657e-12,0.99999976,4.9356286e-25,2.416333e-09
2024-01-27,0.8752084,1.0,0.9921559,0.86946905,0.9999987,0.9999565
2022-11-12,0.02248504,5.0311416e-10,0.9999999,6.5188863e-09,0.9100474,6.473849e-08
2023-03-21,1.7327594e-07,1.0,0.07339587,0.18183059,9.83861e-14,0.007029347
2023-12-24,0.0008243866,0.9931248,0.9999999,0.9795124,0.9999999,0.99887866
2020-05-15,1.0,0.89598846,0.9997378,0.9999374,3.3167686e-09,0.010533677
2023-11-26,1.4595021e-12,3.2369482e-07,0.99991703,0.91082746,0.9966035,0.0012367395
2024-02-26,1.9024832e-11,2.2299183e-09,6.53486e-16,4.225159e-08,1.599462e-19,3.5120387e-08
2022-06-27,2.7762705e-06,3.1471673e-24,6.6460005e-17,0.9999987,2.3935412e-19,1.3847377e-10
2021-07-11,6.233637e-05,4.102058e-20,6.338669e-10,9.728392e-05,3.8766498e-18,8.197041e-11
2019-07-16,5.997893e-08,5.536191e-24,4.5259897e-11,0.9999949,3.7879902e-17,1.7487718e-16
2019-07-01,5.9965316e-08,8.590298e-14,1.4778863e-06,1.0,3.9397323e-15,7.4485965e-16
2021-10-03,1.2729975e-16,9.0313406e-26,3.582502e-16,1.33880365e-08,5.822002e-19,5.943565e-14
2023-02-23,0.00053142686,0.9999466,1.0,0.09670263,3.2029435e-11,0.995698
2021-08-03,5.326129e-11,3.674697e-17,9.433997e-15,0.0003117325,7.620592e-21,5.9329178e-18
2021-06-07,1.0,9.3201194e-08,0.9998605,0.00016880206,5.272114e-07,0.92900944
2023-09-13,1.7334822e-16,5.064151e-19,5.154769e-13,1.0,2.548892e-20,1.1677847e-13
2021-08-09,5.88503e-14,4.8134606e-20,6.002401e-16,1.9189851e-07,2.3058016e-26,1.7737571e-17
2024-10-14,9.074131e-18,9.37968e-20,2.0189231e-15,3.198119e-06,2.686172e-15,1.6312601e-12
2020-04-04,0.9540526,1.0,0.00012267914,0.99995553,5.408881e-10,9.871889e-07
2023-08-13,5.6120597e-16,1.0526429e-22,6.301029e-16,0.9353206,2.381813e-24,3.8928232e-15
2021-12-09,0.21258141,0.9990398,1.0,0.05129441,0.99992895,0.9999666
2021-08-25,5.108938e-10,1.24536226e-20,7.554417e-12,4.4552094e-06,6.0734995e-17,5.3317214e-14
2021-06-16,0.9999995,2.7569403e-16,3.9538318e-07,0.7359357,2.890725e-13,2.471583e-09
2023-10-12,5.39874e-21,1.7304682e-25,5.5012835e-14,0.017794019,2.0929695e-20,4.811298e-11
2021-03-12,1.1341273e-05,1.0,0.0005093793,0.00048499167,0.058364753,0.99720335
2022-04-30,0.9999999,1.0,0.9682469,0.99999905,0.0005986888,0.00010132724
2021-03-26,2.1477024e-07,0.99999964,1.4823182e-13,4.425992e-05,6.2041867e-18,1.0949982e-09
2021-01-07,0.97577226,0.9999993,1.1062741e-05,0.11366161,0.99999833,0.99998116
2023-11-13,3.755286e-18,1.616495e-20,1.5557764e-07,2.5537165e-06,3.7621758e-10,8.0193065e-15
2022-12-22,0.00015063661,0.8964875,0.9999999,1.4061791e-05,0.99999726,0.9999999
2019-11-19,3.306063e-06,0.03529449,6.252082e-06,0.0016597117,0.99999857,5.0557827e-07
2024-08-11,1.6569463e-11,1.3186863e-19,6.117473e-16,0.9999995,6.6215564e-24,4.115674e-11
2021-11-06,9.4711346e-08,2.4253531e-18,0.0030286412,5.3153003e-11,2.361553e-08,7.1312064e-13
2024-09-27,9.173891e-16,9.379998e-21,2.4689037e-15,0.03624916,3.058508e-23,5.5920557e-13
2024-07-01,1.1760412e-10,6.6668088e-21,4.099487e-15,0.0008067968,3.904927e-24,9.441373e-16
2023-10-10,4.0502598e-22,1.4174344e-26,6.499654e-13,0.008133151,1.1564396e-18,8.164629e-12
2023-07-09,2.5548821e-10,1.5066879e-19,9.826726e-13,0.9999976,2.2135846e-22,1.3131504e-10
2022-03-14,1.3573543e-09,0.99999166,2.19283e-14,0.022928009,5.16593e-09,3.357391e-08
2021-08-31,3.2612633e-13,4.6082596e-24,6.947103e-21,0.0002717636,8.622104e-19,2.455922e-15
2023-01-20,5.430046e-07,0.9920007,1.0,8.003029e-07,1.6292894e-07,0.9999999
2019-09-23,6.451325e-13,6.883124e-24,1.3276428e-08,0.00012774882,1.0769057e-17,1.1909507e-14
2023-05-19,0.99999666,0.9999999,0.99999046,0.9990393,1.4995885e-06,7.09332e-06
2022-01-08,0.99879277,1.0,0.9999598,0.9999957,0.9999999,0.99990654
2019-05-20,0.99999666,0.99999774,3.431885e-09,0.99894613,9.801326e-09,1.09931815e-08
2023-07-19,1.3587996e-09,5.5108016e-09,1.0851417e-08,1.0,1.516828e-13,0.0010104158
2022-06-14,0.027247483,3.4422042e-20,6.66763e-11,0.7972906,8.3735063e-22,3.459708e-15
2022-02-13,0.45702928,1.0,0.99682045,0.9997421,0.99999607,0.99999666
2022-08-28,2.2995075e-15,3.1199204e-27,3.046164e-13,1.0,1.3888237e-22,1.9907352e-10
2021-08-16,3.7537912e-13,4.825226e-20,4.5154e-19,0.9066765,2.3740893e-20,6.0078983e-16
2024-02-13,0.00018242764,1.0,2.1057697e-06,0.0010724969,0.006683195,0.051992867
2020-01-22,0.99999976,1.0,0.99973303,0.99999857,0.99991024,0.99992514
2019-04-26,0.9999976,1.0,0.98856646,0.99987745,5.831918e-05,2.1530399e-05
2023-02-25,9.613047e-05,0.9999987,0.99996173,0.61334515,5.2349365e-09,0.99997675
2023-10-03,1.2131253e-21,7.1555e-28,4.9202905e-13,0.9829884,2.204265e-22,9.703352e-13
2024-08-09,5.5715453e-11,4.0923e-15,9.140766e-18,1.0,6.3946017e-21,8.926748e-12
2024-09-14,2.9681087e-15,1.5758544e-19,1.6693136e-16,0.9999958,1.0979041e-11,9.674339e-13
2022-07-23,8.416847e-12,6.0287786e-20,1.8327164e-14,1.0,2.3967056e-24,1.511687e-13
2019-04-10,0.011320753,1.0,1.8336771e-11,0.99995434,1.4688875e-13,1.1792556e-10
2024-07-18,2.6534422e-13,3.016711e-24,3.1087317e-18,0.0014471089,2.4987535e-27,3.2257346e-13
2022-06-08,0.9998975,2.5369826e-14,0.12714808,0.93962276,7.2269216e-16,1.9877993e-09
2022-08-01,6.873929e-12,9.3932465e-21,1.35000935e-08,1.0,7.812706e-12,1.4518368e-11
2022-03-21,1.8337746e-08,0.99999976,6.0307002e-12,0.00012168697,4.6881804e-10,1.9103911e-12
2019-10-26,1.4733421e-11,3.5559874e-19,3.6934587e-06,3.9338652e-09,1.3380424e-05,5.6413402e-15
2022-06-25,1.0853363e-08,4.2305984e-25,1.313432e-16,0.9999715,4.758901e-22,8.09101e-11
2024-04-28,0.999969,1.0,0.99999976,0.89397347,0.00063120615,5.386009e-06
2020-10-11,1.8744924e-15,6.974399e-21,1.5084509e-15,1.3393216e-05,1.9181668e-17,3.4995788e-17
2020-02-22,0.9997507,1.0,0.00030518245,0.10906398,0.99994767,0.9976568
2021-12-24,0.9981925,1.0,0.99999964,0.934826,0.9999939,0.9995395
2023-06-26,4.730534e-09,2.7801692e-20,1.652881e-11,0.9984133,4.4443836e-24,6.70857e-10
2021-05-06,1.0,1.0,0.9998623,0.9999006,0.0005440297,2.9689515e-06
2024-03-28,0.9651671,1.0,0.9999554,0.9193647,7.586055e-08,5.361229e-07
2019-06-10,0.99987185,5.2640244e-16,2.498208e-10,0.0397273,3.2725882e-15,5.1778043e-14
2022-06-10,0.9994636,1.8075137e-17,9.6800875e-05,0.13454121,6.1582944e-20,1.2052306e-10
2023-03-10,1.0533399e-05,1.0,0.9949293,0.021716202,7.3259115e-10,0.9999875
2021-11-11,1.91723e-10,1.388577e-19,0.74287057,5.363845e-09,6.3852625e-11,1.7914367e-10
2024-06-16,0.0002044615,2.340461e-18,0.00353892,2.4035567e-06,1.42002185e-14,4.152688e-11
2020-04-30,1.0,0.9998994,0.99910575,1.0,3.4577856e-09,0.012598276
2021-02-27,0.5342374,0.9999422,0.0022604172,1.7746083e-07,0.99760133,0.9999999
2020-07-10,9.027063e-07,4.785975e-21,1.7702711e-15,0.9999994,1.5286463e-20,1.2045829e-13
2021-01-13,0.99968386,1.0,6.573858e-05,0.005592858,0.9999771,0.99999726
2020-03-23,0.9999956,1.0,0.001343458,0.8891136,1.7597924e-05,0.0016842225
2024-07-16,4.4882094e-14,3.9543645e-24,3.2542706e-18,1.5527305e-05,1.1889251e-23,8.216266e-14
2024-05-26,1.0,4.077763e-06,0.0049412968,0.0001622946,1.6258763e-09,3.3645723e-05
2024-09-24,3.8211096e-17,8.434132e-21,2.4412203e-15,0.0006096,4.9906518e-23,6.8241993e-15
2022-11-01,2.6451681e-11,1.0316508e-19,0.9000386,7.552329e-08,5.251411e-15,5.4185983e-10
2023-12-06,1.5257564e-06,0.1852511,0.9999975,0.99903095,0.99999964,0.9992962
2020-05-24,1.0,0.0030325425,0.9999827,0.99989533,2.1961067e-11,0.0051538157
2023-01-05,2.4969554e-10,0.0045151818,0.9999902,3.1102356e-08,0.0013121626,0.99999976
2020-06-04,1.0,6.085473e-11,0.022702951,0.9999939,1.0769018e-13,0.0025868323
2024-04-27,0.99998987,1.0,0.99999964,0.9609909,0.00092363544,2.4595647e-07
2023-09-29,1.8746421e-23,5.301786e-25,1.6509218e-14,0.07626191,1.1672412e-17,1.633378e-11
2021-06-01,0.9999999,1.4314366e-08,0.9953731,0.00087163347,2.292099e-11,0.043851964
2021-11-02,4.0019312e-13,4.4843112e-20,0.008633895,9.1833945e-09,1.3846913e-12,1.4182895e-14
2024-03-12,5.832643e-14,0.022493595,2.8062929e-11,0.00014432013,1.409706e-20,6.7892116e-11
2021-03-15,0.01969687,1.0,2.2011566e-10,0.07177168,6.11746e-05,0.99997616
2022-11-08,1.0883135e-07,1.3973728e-13,0.9999572,1.1014799e-08,6.438778e-08,2.934169e-10
2020-12-10,0.97268945,0.99981016,0.00079479365,0.019409472,1.0,0.9994703
2021-09-12,2.0211665e-14,2.2418367e-25,1.3794033e-12,0.0002772559,1.766829e-24,1.7676528e-15
2023-05-30,1.0,0.0001505407,0.98726606,0.9999987,7.623271e-05,0.9883271
2019-12-11,0.99876034,1.0,0.99235463,0.9999467,0.99999726,0.8022938
2021-02-24,0.99956495,1.0,6.28062e-07,4.298014e-05,0.9987482,0.999703
2022-01-18,0.99546933,1.0,0.99994683,0.99999297,0.9999995,0.99999464
2022-05-13,1.0,0.7550837,0.99877316,0.99637896,1.2462549e-10,0.001053885
2021-12-08,0.009560032,0.9988398,1.0,0.02177715,0.999642,0.99961734
2020-09-25,1.402004e-14,1.6526102e-18,4.47226e-16,0.7651529,1.5985575e-21,4.5625684e-14
2020-11-21,3.696111e-08,3.695237e-08,3.323901e-08,0.00041238902,1.0,4.1478334e-08
2020-08-18,5.509159e-10,1.7334334e-19,1.5796345e-11,1.0,6.3724766e-18,4.4571807e-06
2024-07-26,9.517988e-11,8.057139e-24,3.607277e-19,0.9368167,3.6488211e-28,1.0262015e-14
2023-01-23,1.9116715e-07,0.99976784,1.0,3.2034012e-07,8.209171e-10,0.9999933
2021-09-23,2.9572236e-16,3.616272e-20,1.922908e-16,7.923169e-07,3.4145122e-23,4.538115e-16
2021-05-23,1.0,0.9510773,0.9998573,0.044416048,1.1358354e-05,0.99626213
2021-10-21,9.397822e-16,2.0467623e-22,5.2857247e-09,2.4981249e-08,3.613325e-14,9.503814e-16
2020-12-11,0.8651946,0.9954697,0.00072099466,0.21036683,1.0,0.99990165
2024-07-22,1.2285147e-09,2.1014155e-22,1.5768595e-18,0.9947785,2.8160188e-30,4.92861e-14
2021-10-29,1.0760579e-13,8.3089406e-23,1.9281333e-05,2.3114193e-08,7.829734e-14,8.1686455e-16
2020-04-28,1.0,0.999997,0.99999106,0.9999994,7.274913e-08,0.028426629
2020-12-15,0.99990666,0.9678215,0.00052006077,0.58380175,1.0,0.9998258
2023-07-17,1.0637207e-12,4.3319044e-15,3.909085e-09,1.0,1.6450947e-17,8.5018434e-07
2022-01-09,0.99375314,1.0,0.9999999,0.9999956,0.99999654,0.99998987
2020-07-29,6.225317e-08,1.1177391e-17,1.0539893e-14,1.0,7.119518e-17,2.173343e-06
2024-12-16,4.5668407e-06,0.95427173,0.99999857,0.99992156,0.9999999,0.9999976
2022-07-02,1.3404664e-09,6.503046e-26,1.31389676e-14,0.9983693,3.8328686e-21,1.0014083e-12
2023-06-28,5.547607e-09,1.4422524e-17,2.4552808e-11,1.0,1.0609764e-21,1.9502815e-09
2022-02-01,0.99993896,1.0,0.99388206,0.99999785,0.99999976,0.99997604
2024-03-17,0.007692705,0.99999976,0.006563037,1.9900215e-06,3.9689155e-14,7.3449153e-09
2021-04-10,0.09534897,1.0,0.00015232745,0.9999175,7.0308925e-11,1.169559e-13
2019-11-21,0.0014757661,0.024827605,0.374263,0.0025093763,1.0,6.5034797e-06
2024-06-27,1.0057501e-07,6.518025e-25,4.432984e-11,0.00067236857,2.7443912e-23,1.7351476e-18
2024-09-03,1.6421816e-14,3.2754934e-18,1.17493e-16,1.0,1.4912963e-17,3.0185294e-13
2024-02-27,1.8787277e-10,4.0175924e-10,6.8740375e-11,2.799353e-06,1.4034995e-14,8.101104e-07
2023-02-13,0.0001578924,0.9994104,1.0,0.12909962,9.178496e-08,0.9999995
2020-10-22,7.338452e-11,2.5175358e-19,4.4848e-12,4.526853e-06,6.4560396e-13,2.537292e-18
2023-04-21,0.9999994,1.0,0.9999795,0.9778792,1.1273789e-05,4.2283173e-09
2020-11-25,0.00022468614,0.09698999,1.0778682e-06,0.00039055268,1.0,0.0001208183
2024-04-15,0.99999976,1.0,0.9999995,0.975966,0.000115608265,1.7687198e-05
2024-06-18,0.00044556783,4.2514672e-18,0.00018976537,2.2740887e-06,1.5230649e-19,1.3181554e-12
2021-04-01,0.00065443525,0.99998105,1.1744063e-15,0.99857926,6.64963e-16,9.761599e-14
2023-07-20,7.756783e-17,1.3941212e-22,2.4621409e-08,1.0,5.1188676e-25,3.8077692e-07
2019-11-04,2.5642933e-06,8.865214e-18,2.71818e-05,0.0004467016,0.13798514,2.5128925e-11
2023-01-01,4.1529474e-05,0.9961935,0.99967253,7.4443784e-07,0.060266092,0.99999976
2024-01-11,0.9219467,1.0,0.9999378,0.9999796,1.0,0.9999987
2022-01-27,0.98863864,1.0,0.9999902,0.99997306,0.99999964,0.9999641
2021-12-19,0.89906025,1.0,0.9999999,0.9998634,0.99996495,0.99865013
2019-11-07,0.00012150863,3.2765433e-14,0.36321577,3.6993868e-05,0.009392089,1.1769965e-11
2020-12-14,0.9879099,0.8394963,0.07255381,0.9878485,1.0,0.9999963
2022-11-03,1.5267622e-07,4.977337e-18,0.98253065,8.275363e-08,1.9407744e-09,1.306642e-10
2024-01-18,0.16508143,0.9999964,0.99999523,0.9995788,0.9999999,0.99999905
2021-05-24,1.0,0.42414922,0.24280073,0.00070518046,2.139482e-05,0.12371019
2021-07-23,3.7472532e-13,4.4277705e-22,9.974023e-15,4.794922e-05,3.7397985e-28,1.5518089e-14
2021-08-11,1.3914171e-14,5.847083e-20,3.7644274e-15,0.00020625623,5.1543286e-27,8.5523117e-16
2021-10-31,7.0004097e-15,2.912567e-22,2.5168981e-06,1.6848743e-10,9.56922e-13,2.3247592e-15
2023-02-27,1.5676842e-09,0.999889,0.9995084,0.03046913,8.8712403e-13,0.9999274
2020-10-27,9.2189104e-05,4.890316e-16,3.4726502e-06,0.46724632,1.955555e-10,1.760088e-17
2020-03-17,0.99999595,1.0,0.79249763,0.19855511,0.07098098,1.3975048e-07
2022-06-05,0.9999969,2.373939e-13,0.7262625,0.9990694,2.3805847e-18,1.8379855e-06
2023-08-29,1.8618462e-19,1.6652866e-17,3.4162804e-14,1.0,1.2789395e-18,3.0391432e-12
2020-06-26,3.7604586e-05,4.1746164e-25,5.585269e-08,0.58995956,1.5641296e-17,3.2876536e-15
2022-04-12,0.9996611,1.0,0.99976677,0.9999988,0.00017120237,1.7989041e-05
2021-01-12,0.9998803,1.0,0.00016461623,0.042460404,0.99999917,0.9999106
2021-02-28,0.26391664,0.9999964,4.5560246e-05,1.6567615e-06,0.99858236,0.99999976
2024-12-17,0.00025840424,0.9999001,0.99966884,0.9964856,1.0,0.9999199
2023-08-24,3.4049463e-19,1.3484892e-22,2.978507e-13,1.0,8.1543423e-19,2.5141418e-09
2024-10-12,5.4538055e-19,1.3621409e-18,3.748346e-17,7.993815e-05,3.945357e-15,1.139949e-11
2023-10-11,1.8571485e-21,5.174993e-28,1.2601175e-15,0.003395626,1.4290027e-20,1.1306701e-11
2024-09-06,7.918652e-16,2.2385695e-20,3.775098e-15,0.9998566,2.2137843e-17,1.3457538e-09
2019-08-30,5.5756246e-12,9.410524e-23,3.2282072e-18,0.037863232,5.086267e-24,2.9946948e-14
2019-10-01,1.08387305e-13,1.6277467e-25,6.344157e-11,0.0012422471,3.5568848e-14,9.411307e-13
2021-10-07,3.7395863e-12,6.769981e-23,1.2620707e-11,4.780305e-08,3.818678e-16,2.910019e-14
2021-09-13,2.9148255e-13,8.798575e-25,2.871984e-17,0.032574233,1.179764e-21,4.1082815e-17
2024-01-25,0.19675836,0.9999999,0.99973875,0.9995209,1.0,0.9999988
2024-09-20,7.355281e-15,2.5035916e-19,2.383877e-16,0.00040316186,2.7890498e-20,3.9673617e-15
2023-03-11,9.281406e-06,1.0,0.9985007,0.12622412,3.0687602e-10,0.9999951
2023-02-05,0.5552268,0.99998665,1.0,0.61515605,0.00428976,1.0
2022-09-12,7.929889e-18,5.873611e-30,1.7204181e-13,0.17992423,5.037776e-18,1.0269681e-12
2021-06-19,0.9999746,2.6021545e-17,1.6232982e-06,0.9346634,1.0945777e-18,3.0000032e-12
2024-06-04,1.0,4.1091804e-05,0.5605138,3.4264497e-06,1.6878464e-10,1.1267902e-08
2019-05-08,1.0,1.0,0.13850707,0.999964,0.0002527454,3.09311e-07
2023-07-16,1.5509699e-16,6.286364e-22,2.4224062e-12,0.9998729,5.9197416e-24,5.642648e-13
2022-09-19,1.0142028e-15,1.8503603e-28,1.1704651e-13,0.007867382,7.3506493e-16,9.378265e-13
2023-02-26,4.576092e-06,0.99995923,0.99983454,0.51696604,2.9235534e-11,1.0
2020-05-07,1.0,0.99999964,0.99992406,0.9999229,1.827765e-08,0.0024728628
2019-04-21,0.9999999,1.0,0.9941532,0.99922204,0.00054268417,1.2341542e-06
2023-03-23,1.0171889e-05,1.0,0.019714631,0.9748073,2.0049854e-15,0.017774861
2023-05-16,0.99999976,0.99999166,0.98151016,0.92628294,3.495026e-07,0.001134081
2021-02-23,0.98393506,1.0,1.3747461e-06,1.2220661e-05,0.99966085,0.9906651
2021-10-30,7.292515e-12,1.10613396e-17,1.9280446e-06,1.261687e-09,2.8197368e-12,5.0459508e-14
2021-12-01,0.015862504,0.99410534,1.0,0.0022976887,0.9999305,0.9998621
2020-12-23,0.9909045,0.999998,0.3042649,0.0052749747,1.0,0.9994665
2023-07-29,1.3665831e-14,5.887768e-22,1.3635032e-10,0.99999976,2.6540505e-20,2.4923966e-14
2023-09-09,1.8739451e-19,3.038274e-23,8.265527e-14,0.9999993,3.3111724e-18,1.8908876e-16
2024-01-16,0.007679817,0.9999989,0.99999917,0.9803976,1.0,0.99999356
2024-11-05,4.5675807e-19,2.0245995e-15,4.5775672e-15,4.452977e-05,7.885606e-18,4.2432546e-17
2019-11-29,0.0007050729,0.99425054,0.99999917,0.9997008,0.9999999,0.019195888
2019-09-26,4.1823885e-13,2.9114058e-26,5.6192135e-09,0.0017506899,5.433503e-13,5.0496672e-14
2022-08-13,5.0409056e-12,1.9347798e-20,1.2047122e-16,1.0,3.4826087e-19,4.406585e-13
2021-01-21,0.99979967,0.99999857,5.741308e-06,0.008381103,0.99999404,0.9999814
2024-11-02,1.9872026e-18,1.4078053e-14,2.7853301e-11,1.02006625e-05,4.590294e-24,3.238298e-13
2019-09-04,3.3567615e-13,1.0239372e-22,1.2824578e-13,8.1203085e-05,2.0103382e-23,1.4261193e-16
2022-03-13,1.5440191e-08,0.9999522,3.4809664e-09,8.047799e-05,0.00042769604,6.5878487e-07
2020-09-26,5.0285156e-13,3.443108e-21,5.0995137e-14,0.99968994,7.77064e-18,1.8586895e-14
2020-11-05,5.116559e-07,1.7958045e-15,2.0917007e-05,0.9997284,0.13460875,9.330966e-09
2022-06-13,0.3440426,4.2635784e-20,2.4969424e-09,0.059021197,7.806947e-18,4.964469e-15
2020-11-11,5.644308e-07,8.8880115e-06,9.823497e-06,0.010209787,0.9999999,1.3207347e-06
2021-08-01,2.844134e-13,1.1980083e-22,5.258806e-16,6.18877e-07,1.2160906e-21,3.143134e-14
2022-03-28,1.9872702e-11,1.0,3.4038056e-14,0.96623445,6.361388e-11,9.880255e-12
2020-07-25,9.5136784e-07,2.4677551e-15,3.22533e-16,1.0,6.225938e-22,7.2403333e-12
2024-08-16,1.0066688e-12,3.137642e-21,4.7186253e-15,1.0,1.4427452e-28,5.7747026e-11
2023-12-16,3.2381263e-06,0.8743211,0.9999721,0.9937836,0.9999999,0.9998591
2021-02-10,0.41032535,0.99997103,8.38824e-08,2.8545746e-05,0.999992,0.9999995
2024-11-01,7.591038e-18,6.3603336e-18,3.659005e-12,2.7035276e-05,8.6391494e-21,4.3201874e-15
2023-11-29,4.7657045e-11,2.3071527e-06,0.99896073,0.8243628,0.992908,0.00039756222
2021-09-11,2.96784e-13,5.521475e-22,3.328881e-16,0.0014456765,7.099714e-26,7.836341e-17
2021-04-09,0.00030837333,0.9999901,1.6689066e-05,0.9999784,3.7263238e-11,5.235107e-16
2023-05-25,0.99999976,0.83650225,0.99046654,0.99418384,2.2085315e-07,0.007039072
2023-09-26,1.7905513e-22,1.7980984e-25,1.4982402e-11,0.0032154527,9.198373e-26,1.6673909e-13
2023-02-06,4.665593e-05,0.9999969,1.0,0.00431151,0.0032927431,1.0
2023-06-12,2.6088464e-06,1.0113824e-15,9.834667e-11,0.9999999,1.6338058e-25,7.984771e-14
2024-08-21,1.3379306e-19,3.705e-18,1.986159e-12,0.99999917,5.0337697e-22,1.4168791e-06
2023-05-03,0.9999995,1.0,0.99808073,0.99999535,4.7366942e-05,0.0046059373
2022-04-25,0.99999964,1.0,0.99997425,0.9999213,6.00314e-06,5.8683103e-09
2024-05-29,1.0,6.1625144e-07,0.95627373,0.00015171082,1.6293045e-08,3.550226e-08
2024-10-28,2.364564e-19,1.3664931e-16,5.324976e-13,1.3370883e-06,2.8739601e-22,1.8469858e-13
2022-03-08,8.211008e-05,0.99689674,6.493177e-07,0.00057186163,0.1563923,1.0
2022-02-10,0.9920725,1.0,0.9999281,0.9998511,0.99999714,0.9999877
2022-01-06,0.992916,1.0,0.99990845,0.9999995,0.99999833,0.9999894
2020-10-02,6.613466e-13,3.3888187e-16,3.280763e-15,0.36680588,2.73278e-19,6.049268e-17
2020-03-05,0.88558495,0.9999999,4.7003805e-06,1.0545621e-05,0.016959453,0.9987538
2022-06-09,0.99999404,5.3017094e-16,0.00073355157,0.72698516,1.9096333e-16,1.7977726e-10
2023-02-19,4.6792364e-05,0.9999864,1.0,0.6590834,2.7510288e-10,0.998858
2021-06-26,0.9996555,5.605168e-17,3.5563103e-06,0.98235106,1.606375e-11,2.429133e-09
2022-05-19,1.0,7.719785e-07,0.043514207,0.99893945,3.757267e-16,0.032423645
2023-10-06,9.062727e-23,1.605999e-25,1.5763303e-14,0.18038483,3.598638e-23,1.1668619e-11
2020-12-31,0.8379346,1.0,0.052894894,2.3085673e-05,0.9999989,0.99997175
2022-06-16,0.0034431184,2.1425702e-20,3.7456915e-15,0.18739742,6.5621906e-23,1.147105e-15
2020-11-09,2.2930897e-05,1.00505635e-14,1.6548033e-06,0.0006927958,0.9997987,5.2501076e-12
2022-01-14,0.9911806,1.0,0.99999964,0.99999213,0.9999987,0.99999785
2024-07-23,1.0354162e-11,1.8352677e-20,7.488843e-19,0.21652815,3.0121644e-27,2.7928788e-15
2023-10-18,5.954065e-20,2.8050606e-23,3.9689003e-14,0.00010616361,4.8390976e-16,2.3779917e-12
2022-05-22,1.0,6.75757e-06,0.016285954,0.9994709,3.2438245e-17,0.00437977
2024-07-17,2.0669682e-13,1.3374483e-23,1.521769e-20,0.0010421914,1.7629913e-24,3.4262955e-15
2023-04-18,0.9999566,1.0,0.9996032,0.3444357,2.045634e-07,4.295029e-07
2022-06-19,1.4907747e-07,1.5232645e-24,1.5530939e-14,0.9989982,3.962398e-24,2.279776e-12
2020-08-24,3.0124792e-09,2.000162e-18,3.4398076e-13,1.0,2.1871418e-17,1.9155872e-08
2023-10-09,4.051823e-21,2.2967944e-26,3.1353529e-12,0.08830929,1.1764626e-18,6.742579e-13
2024-04-16,0.9999701,1.0,0.99999964,0.99993074,0.62779367,0.032917008
2019-10-09,2.707123e-10,4.3605404e-21,8.04182e-12,0.0002460118,6.0019374e-05,1.6858277e-08
2021-01-16,0.9997392,1.0,5.368317e-06,0.019832822,0.99978095,0.9999999
2020-11-30,0.90367633,0.97346705,0.0022769354,0.013091247,1.0,0.96186674
2021-11-25,5.8086302e-06,0.66788614,1.0,0.0005410438,0.99638927,0.015206692
2024-10-27,2.6122167e-19,2.064007e-19,3.3007224e-15,1.9903959e-07,7.612947e-22,3.1289249e-12
2021-03-03,0.19054037,1.0,3.8242543e-08,0.00530745,0.00014422301,0.9985399
2021-02-07,0.6333806,0.9999999,4.821224e-09,0.00081965554,0.7737244,0.9999927
2020-02-09,0.99999917,1.0,0.41863725,0.9461736,0.99928266,0.27471966
2020-03-18,0.9999999,1.0,0.99910504,0.99714166,0.0010522216,2.593189e-07
2024-05-17,1.0,0.0012133064,0.96321857,1.2430091e-07,3.144432e-12,0.85264647
2023-12-02,2.1003006e-08,0.0010174608,0.9999969,0.9797752,0.9999895,0.985342
2023-10-31,2.2182456e-19,2.2378156e-22,9.5942984e-12,3.1766664e-05,3.792158e-15,3.2049447e-13
2021-01-05,0.99173766,0.99999976,1.4125634e-05,0.00031668166,0.99998045,0.9999995
2024-09-26,1.3571793e-15,7.9866505e-20,7.042565e-16,0.00073245063,2.8643603e-23,1.3566766e-12
2022-05-27,1.0,2.1106253e-08,0.7511167,0.005666014,8.883135e-15,9.649981e-12
2021-05-26,1.0,0.70953536,0.9927302,0.012887408,0.0032495107,0.9977672
2022-05-24,1.0,2.5722674e-08,0.9870525,0.999928,3.032739e-12,0.34993115
2023-01-27,8.957274e-09,0.9994567,1.0,4.665368e-06,1.528891e-09,0.99999523
2024-05-22,1.0,1.6642613e-06,0.0019740786,0.0006102232,3.0608187e-12,0.00038041003
2021-10-28,3.329837e-14,3.5126868e-24,1.0443013e-06,5.958679e-08,6.413818e-13,1.632424e-16
2023-07-27,4.2562403e-17,1.1576517e-21,2.9895162e-12,1.0,2.2891368e-22,3.4115272e-14
2024-03-15,0.005641962,0.999992,0.32764497,0.14454792,1.8459635e-14,5.585535e-07
2023-09-05,1.4112112e-22,1.7085616e-23,7.109754e-15,0.8465824,2.7480162e-23,2.9529978e-15
2020-03-12,0.99992,1.0,0.0101210065,0.0013983407,0.004995904,1.1705102e-06
2022-01-21,0.9974255,1.0,0.9999869,0.9999809,0.9999999,0.9999949
2022-07-11,8.152817e-12,7.027677e-22,4.401494e-17,0.99988115,2.5947323e-23,3.2910618e-14
2021-05-21,0.9999999,1.0,0.9850952,0.9944489,0.4769872,0.78856516
2024-03-26,0.03772444,1.0,0.99383825,0.9968851,7.2995556e-07,1.0577781e-09
2024-07-28,1.9016632e-11,1.1927876e-21,5.001831e-19,0.97825533,1.8107972e-26,1.0069204e-12
2020-09-20,1.01715626e-13,2.5222902e-22,6.6376966e-15,0.00010652623,2.665411e-22,4.12342e-12
2019-05-24,0.959734,0.8817312,9.177262e-10,0.6611499,1.3784926e-13,8.943275e-13
2020-03-29,0.86862296,1.0,4.6412594e-09,0.999933,1.1902778e-11,3.6299128e-09
2023-05-22,0.9987708,0.99958175,0.9999932,0.9999759,0.0074392054,0.99728453
2020-10-30,6.132272e-05,1.2142865e-15,1.4691239e-08,0.055963345,6.2468735e-06,1.7700918e-19
2021-02-12,0.99994075,0.22189292,5.056583e-07,4.4131063e-08,0.0054163495,0.99999964
2021-07-20,9.267467e-13,7.847224e-26,1.2085154e-14,5.030278e-05,4.700297e-24,3.9972544e-17
2022-02-22,3.7678103e-05,1.0,0.00096721906,0.9939989,0.99999535,0.9999999
2023-08-12,1.4441772e-20,7.2106216e-23,7.337793e-15,0.025762713,7.2505294e-24,3.6635314e-15
2021-03-31,8.8788845e-05,0.99999344,5.608749e-10,0.88826203,1.4734822e-19,6.23532e-13
2023-12-01,3.2940366e-07,0.5411247,0.99903166,0.46562904,0.9999995,0.019786824
2019-09-02,3.7088676e-14,7.878794e-22,1.527955e-13,0.0073547056,2.4927823e-21,1.4555397e-13
2024-12-27,1.917552e-06,0.94168204,0.99942565,0.99999106,1.0,0.99999535
2023-08-15,1.267285e-16,1.9519152e-24,1.5715234e-15,0.99949443,1.63416185e-24,9.759639e-15
2019-03-26,2.8117943e-06,0.99999976,7.8886794e-13,0.95391107,2.7483422e-11,5.582196e-10
2021-04-15,0.018121496,1.0,2.106975e-10,0.9995277,8.484629e-11,1.9593293e-14
2023-12-27,0.005509666,0.99974865,1.0,0.38611358,0.99999785,0.9998777
2024-05-01,0.9999999,1.0,1.0,0.9487635,5.529968e-08,7.0111774e-08
2019-07-03,1.9603323e-09,5.793144e-16,1.0248388e-09,1.0,2.049517e-14,3.2927598e-16
2019-10-24,9.982013e-08,8.105988e-20,7.662367e-09,2.6074284e-07,2.3268397e-07,5.4747034e-15
2021-11-20,1.9862622e-07,0.00014381048,1.0,1.44015075e-08,0.99999416,0.2947254
2019-04-25,0.9999467,1.0,0.9979486,0.9977837,9.134551e-06,2.3245951e-07
2021-09-01,1.221878e-09,2.0359025e-19,8.7043166e-21,0.00012038418,6.513805e-16,8.161074e-13
2021-07-24,2.425564e-12,4.8893634e-24,2.8649905e-18,2.2715049e-06,5.136909e-23,4.151272e-14
2023-12-10,1.5774712e-06,0.9939177,0.9998958,0.98937607,1.0,0.99995935
2021-07-26,1.2142743e-12,3.355927e-22,4.0475035e-18,6.053639e-06,1.8313677e-25,6.599365e-17
2024-05-24,0.99950254,0.00041777748,0.005826762,6.0491215e-07,2.0006135e-13,1.504798e-05
2024-06-24,0.0028644116,5.386198e-19,5.221103e-05,3.4471246e-05,2.170886e-22,8.407328e-13
2023-11-21,5.7923605e-12,4.6614256e-16,0.998408,0.0054365154,0.07066405,2.0582912e-07
2021-01-31,0.99739057,0.9999999,4.1964068e-08,0.00021696482,0.9999573,0.9999994
2024-08-06,1.08014275e-11,2.0760456e-15,1.6714164e-16,0.9999999,3.5981476e-21,4.14316e-12
2023-03-17,7.806866e-07,1.0,0.00037742377,0.3412583,2.6636014e-15,0.14007987
2021-01-04,0.9835715,0.99999785,2.3646103e-06,0.41633958,0.99982834,0.99999917
2024-09-22,1.3909792e-18,1.2039011e-20,9.2336866e-15,0.0028876637,4.9131504e-22,1.8601931e-14
2022-01-29,0.9595105,1.0,0.99997425,0.9953963,0.9999988,0.99991536
2022-11-02,2.0177222e-07,1.9566048e-16,0.999775,4.5260748e-07,3.621223e-11,1.21322365e-08
2024-06-30,9.2801455e-10,3.2849356e-21,7.145864e-15,0.005203334,6.25156e-25,1.2525985e-14
2021-03-19,1.6147721e-06,1.0,2.1722647e-07,0.0040705246,5.158231e-09,0.9947659
2024-07-09,2.891814e-11,1.9461178e-22,5.2260664e-13,0.000953977,4.2426726e-24,4.6949965e-15
2021-01-17,0.99929667,0.99999976,2.5931155e-05,0.032634515,0.65978205,1.0
2022-09-26,1.5566719e-16,3.5198272e-29,1.1307946e-12,8.564162e-05,1.6799033e-18,1.9486657e-11
2019-04-05,0.0012613666,1.0,3.4272485e-12,0.8614625,6.1957675e-14,6.4719194e-13
2022-08-10,9.933627e-14,7.851851e-22,8.476633e-16,1.0,3.6757466e-18,2.4341973e-13
2022-01-07,0.98850214,1.0,0.9999969,0.9999871,0.99999976,0.9999784
2021-09-24,3.503798e-18,5.213006e-24,2.5866674e-16,5.0858926e-05,5.457119e-25,2.866249e-17
2020-12-26,0.99998355,0.9999999,0.5367853,0.038067203,0.99998915,0.9999962
2023-11-14,1.853975e-16,7.750213e-18,0.00011488406,8.809276e-09,8.4533184e-07,4.6378163e-13
2023-03-29,2.5789294e-07,1.0,5.079987e-07,0.1339323,2.9416958e-13,3.584581e-05
2021-02-08,1.529031e-05,0.9999989,1.857692e-08,1.7918233e-06,0.69558364,0.9998361
2022-07-16,1.583816e-11,1.4167716e-23,1.4135355e-19,0.99984646,5.525286e-23,1.8991659e-11
2020-07-12,9.2935775e-09,1.8757718e-16,3.290977e-16,0.9999999,2.7669924e-23,1.1703451e-12
2024-06-01,0.9999932,2.1975504e-09,0.98163456,0.24517642,2.2394348e-14,6.4060183e-13
2023-06-29,1.7270176e-08,1.665236e-17,1.1895562e-11,0.99994576,1.6998373e-23,2.1326735e-10
2023-11-17,1.3129725e-14,3.789147e-17,0.009278264,2.6689004e-06,9.67095e-08,6.053378e-09
2024-02-04,3.8482223e-05,1.0,0.061744362,0.5666814,0.9541818,0.14039034
2020-01-31,0.99986124,1.0,0.9999951,0.9732832,0.31046137,0.57223004
2020-09-15,2.3168491e-11,2.8930559e-22,6.1507205e-17,3.4886085e-05,1.7973987e-25,1.401387e-13
2019-10-18,1.0092913e-12,1.9500036e-23,4.78391e-11,4.083699e-07,3.2912286e-12,1.5748706e-13
2020-11-16,3.2906983e-10,6.584343e-07,1.0714876e-05,0.0012263334,0.9999999,6.988509e-05
2020-02-14,0.9997851,1.0,0.016688265,0.967057,0.9985177,0.9874548
2019-05-23,0.98459446,0.98418736,7.461833e-09,0.011240426,3.420111e-08,4.5186077e-14
2019-08-19,5.7406783e-08,1.1483536e-21,7.137963e-15,0.9944259,2.91205e-26,7.377415e-10
2022-07-22,3.988719e-12,2.1321317e-22,1.5037168e-15,0.99999666,2.0625928e-24,2.8405301e-12
2020-10-20,5.640829e-13,1.6095243e-19,3.0826575e-14,2.6423942e-07,2.809679e-10,5.7438093e-16
2024-03-14,6.635188e-07,0.99995863,0.13628936,1.2996192e-05,1.8096543e-15,1.0553322e-06
2023-03-05,4.943236e-06,0.999997,0.9998092,0.02572669,2.3105675e-09,1.0
2020-11-10,3.8265644e-06,4.6038586e-09,0.6346283,0.0056230645,0.99721056,0.00011171752
2022-12-31,0.0016352299,0.995427,1.0,4.603498e-05,0.9883454,0.9999982
2024-12-29,0.9539131,0.99955076,0.9975562,0.9999809,1.0,0.9999888
2020-10-08,1.2500119e-13,2.957669e-20,2.3876881e-14,0.009161426,1.2154357e-15,1.2347715e-19
2022-03-05,5.7605488e-05,0.99990654,8.838328e-08,0.049676653,0.9059508,1.0
2021-06-17,0.99929976,8.884133e-19,2.5824998e-10,0.6532094,1.3909168e-16,4.569152e-14
2022-04-10,0.98064935,1.0,0.99720156,0.863962,0.0013500584,0.00013436389
2021-07-27,7.643718e-11,1.2100063e-20,2.4094024e-16,5.6488816e-06,2.6029294e-24,4.0662955e-16
2024-08-14,4.121289e-12,9.542593e-20,1.18056e-15,1.0,3.7555037e-24,1.9647811e-11
2019-11-20,0.016667947,0.003492487,0.00049766654,0.021942727,1.0,0.0006725339
2022-07-18,1.982362e-13,1.2497244e-23,7.174942e-18,0.9999982,1.7620385e-22,9.408908e-12
2023-04-16,0.999997,1.0,0.9999864,0.969774,3.2856402e-08,5.694298e-07
2023-06-08,0.99809664,7.584774e-10,2.5009378e-08,0.9999335,2.2539126e-23,1.562697e-11
2019-11-12,0.00014965278,5.618065e-06,0.00032630292,0.0048172884,0.9999999,1.2040804e-06
2023-01-09,1.620741e-07,0.9996964,0.9987072,3.1521843e-08,0.083862394,1.0
2024-01-03,0.45006168,1.0,0.9999701,0.9999691,0.9999999,0.99999785
2023-02-12,6.463423e-07,0.94769984,1.0,0.07892949,3.03477e-06,0.99999976
2022-09-15,5.6180388e-15,1.9288426e-25,3.2016605e-15,0.9962864,1.5718663e-21,6.858405e-10
2019-10-04,2.3886607e-12,2.4286015e-19,3.4324443e-11,1.7352415e-05,1.8325494e-13,1.4737262e-12
2023-10-21,2.775593e-19,8.501587e-19,2.7029978e-12,3.9866845e-06,7.951031e-18,1.0737119e-14
2024-06-19,2.0232174e-07,5.77594e-21,3.6689612e-06,5.353156e-07,1.8845609e-20,2.0729346e-16
2019-11-09,5.1261004e-09,2.922482e-06,0.002351176,0.026321994,0.9980691,5.5266694e-11
2022-08-05,4.3598874e-07,2.6496366e-15,5.5790127e-14,1.0,2.63123e-18,1.7385537e-10
2021-07-07,3.8923205e-05,8.622047e-17,3.050806e-08,0.026696915,3.872207e-15,5.037306e-10
2020-01-06,0.9997657,1.0,0.9999424,0.9999794,0.9999989,0.97508055
2019-09-28,5.155012e-14,1.1800846e-27,2.7588569e-11,0.010448449,1.8296776e-14,5.137773e-11
2021-01-14,0.9999379,1.0,2.1967102e-05,0.049949743,0.99999857,0.99999416
2020-02-05,0.99998903,1.0,0.8890909,0.99921834,0.9994012,0.99999166
2019-07-15,5.72792e-10,1.6787762e-25,4.4379778e-10,0.9998252,1.0285421e-20,3.3850976e-16
2024-03-27,0.2169909,1.0,0.99774194,0.4194575,4.2386597e-05,1.832029e-09
2024-07-20,3.297166e-12,9.101311e-25,4.6859327e-19,0.09770051,2.4081406e-26,6.5174616e-15
2023-07-22,2.6954426e-14,5.8771566e-21,2.0286012e-14,1.0,3.8658154e-23,1.3548309e-15
2023-07-21,8.067167e-16,8.580249e-24,5.2123718e-12,1.0,1.2204287e-25,5.6945694e-12
2023-12-15,0.005021226,0.99998343,0.99999976,0.941648,1.0,0.9895347
2020-08-14,1.05806024e-10,1.3527623e-19,2.2021517e-14,1.0,3.8863126e-21,5.4178594e-07
2023-11-23,2.261801e-09,2.3965303e-14,0.90491915,0.00084520434,9.516909e-07,7.624407e-08
2024-04-30,0.9999989,0.9999994,1.0,0.99393976,3.8634457e-06,2.0383812e-08
2024-10-11,2.0272957e-16,1.5617348e-22,6.819404e-17,0.00024456278,3.1982188e-22,4.0146163e-12
2022-12-07,1.7074402e-09,1.0642693e-07,0.9999964,6.907207e-08,1.0,0.9905157
2020-08-29,1.8185565e-12,4.8286255e-23,1.5667982e-18,0.93702096,1.454975e-22,2.907535e-13
2020-01-24,0.9999999,1.0,0.9991374,0.9999927,0.9997855,0.9996271
2021-05-15,1.0,1.0,0.99360985,0.9892797,0.0002564496,0.0015826586
2023-09-07,1.704686e-18,6.2584175e-22,1.1740888e-14,0.9999933,2.369033e-19,4.1593773e-15
2020-05-20,1.0,0.94911474,0.9048098,0.9998604,2.1384941e-10,0.00072733406
2022-02-17,0.7816088,1.0,0.9935103,0.99748755,0.9999999,0.9999944
2023-05-29,1.0,0.0070808018,0.9603556,0.9999906,0.0001854944,0.016440202
2024-01-30,0.98238534,1.0,0.925354,0.9947537,0.9999963,0.9999856
2024-05-10,1.0,0.9801394,1.0,4.1611806e-06,2.5573371e-08,1.2841888e-06
2022-06-17,2.2570139e-05,1.8738637e-22,9.64e-14,0.9344554,4.954632e-22,7.535165e-15
2023-07-25,5.6891654e-15,6.5406767e-22,8.257748e-09,1.0,7.233354e-22,3.7903583e-11
2024-12-30,0.7822982,0.99999845,0.99936086,0.9999975,0.9999999,0.99999344
2021-06-11,1.0,5.2923593e-10,0.012975503,0.0005581822,1.0151905e-10,0.014829594
2019-05-28,0.999997,8.510967e-05,1.4017414e-11,0.20429415,3.5633545e-15,1.0764878e-15
2023-11-16,2.8100617e-16,8.644205e-18,0.00042480015,6.2782283e-06,1.6510407e-05,1.5722829e-10
2023-12-09,1.5196634e-05,0.825472,0.9999999,0.9860867,1.0,0.9999229
2020-08-25,1.6400798e-12,3.8607455e-23,1.2395536e-13,0.9999995,1.774616e-18,2.0549523e-08
2024-07-14,1.0156756e-12,7.0542663e-22,2.343123e-18,6.242512e-05,9.601948e-24,4.0529637e-15
2019-10-02,5.9760215e-13,1.3177037e-22,2.6870606e-10,0.0070512816,9.806214e-11,1.6998186e-11
2020-12-16,0.99392056,0.9998568,0.024035582,0.7268144,1.0,0.99985945
2019-11-05,5.157799e-06,4.895094e-16,0.0019717184,1.7903408e-06,0.03231581,8.7770945e-12
2022-05-16,1.0,0.046032604,0.99995744,0.055298492,2.2104008e-13,0.00015948995
2023-08-08,1.4392734e-17,3.6393553e-20,1.6672178e-11,0.32011104,7.126452e-23,1.3134577e-15
2024-02-02,9.930906e-05,1.0,0.002037026,0.6818546,0.025317952,0.0691492
2022-09-27,2.894768e-14,1.3452481e-28,7.376492e-16,0.004820142,7.048418e-14,4.5035514e-10
2023-05-01,0.99999976,1.0,0.9996082,0.9959506,6.77441e-07,9.854855e-06
2022-07-05,5.4439758e-11,2.7082683e-26,6.8900795e-18,0.99999845,2.7604314e-18,7.3943265e-12
2022-02-09,0.8842497,1.0,0.9994524,0.98258656,0.9999999,0.9999862
2024-06-07,0.99999523,2.1823685e-07,0.22641562,2.3166017e-07,3.3993984e-15,1.716999e-09
2023-05-20,1.0,0.9994067,0.9976217,0.99518305,6.4107947e-10,2.462203e-06
2022-02-14,0.40025797,1.0,0.7273599,0.99930704,0.999977,0.9999982
2021-10-09,8.0888075e-14,6.2754867e-22,2.9079232e-13,9.495354e-08,9.842063e-18,7.252101e-18
2024-03-23,0.00044168154,1.0,0.52079695,0.81847733,9.146266e-09,1.1061601e-06
2019-08-21,1.9922135e-09,5.3965346e-22,5.808123e-13,0.027018601,2.3311081e-23,8.5161095e-16
2024-09-05,1.4394986e-17,9.423116e-19,4.1099788e-15,0.99999857,9.845904e-16,1.034479e-10
2022-07-21,7.239961e-12,3.4024353e-22,1.6218349e-16,0.99999964,3.7213712e-27,5.1138564e-12
2020-07-18,3.223665e-11,1.5599009e-22,1.7662819e-18,0.9999999,9.6764635e-20,6.644899e-09
2021-10-04,1.926492e-15,1.0431068e-27,1.8158069e-13,0.00018181153,6.665369e-18,2.0286253e-13
2020-09-28,3.255879e-14,6.212436e-23,8.8555553e-16,0.98501474,5.482556e-17,1.0972292e-16
2024-03-16,5.797606e-06,0.9999999,0.03215723,8.520419e-05,1.826382e-15,4.929311e-07
2020-06-12,1.0,1.8081779e-11,2.2034536e-05,0.00052499754,6.2072784e-21,4.291e-08
2021-06-15,0.99999976,3.8373808e-14,5.878095e-11,0.39910015,1.0563318e-14,6.7241257e-09
2020-09-11,3.3191603e-13,2.6637877e-20,1.1404544e-17,4.2528407e-09,7.4110095e-25,8.1899437e-19
2019-10-27,9.863635e-11,1.7397077e-18,1.1977005e-05,9.751007e-11,2.7736084e-07,1.919208e-15
2022-09-23,1.0943606e-18,2.0371596e-28,8.001393e-13,3.657328e-06,7.214237e-20,7.839478e-10
