date,h0,h1,h2,h3,h4,h5,h6
2022-07-20,4.9268107e-12,5.0019633e-12,4.8815843e-12,1.0,4.586174e-12,5.0050363e-12,4.788682e-12
2024-11-17,4.8014314e-12,4.862794e-12,4.7623945e-12,1.0,4.436111e-12,4.9149565e-12,4.637704e-12
2023-03-01,5.059399e-12,5.0399828e-12,5.2504177e-12,1.0,4.62486e-12,5.2224323e-12,4.7893213e-12
2022-12-04,5.6835665e-12,5.465426e-12,6.6781147e-12,1.0,5.078136e-12,6.0727044e-12,5.1142758e-12
2019-09-18,5.0025357e-12,5.1128325e-12,5.0530925e-12,1.0,4.6465227e-12,5.2536833e-12,4.8475143e-12
2024-09-09,4.8587427e-12,4.9260873e-12,4.8453325e-12,1.0,4.4904917e-12,4.9616557e-12,4.693625e-12
2022-02-25,4.7875952e-12,4.849142e-12,4.74542e-12,1.0,4.4062427e-12,4.875313e-12,4.622902e-12
2019-10-09,4.8400953e-12,4.9233443e-12,4.856102e-12,1.0,4.4745214e-12,5.0040436e-12,4.671493e-12
2021-09-08,4.817383e-12,4.9198336e-12,4.8380002e-12,1.0,4.463798e-12,4.947348e-12,4.661044e-12
2019-06-21,4.846978e-12,4.959517e-12,4.879276e-12,1.0,4.4588794e-12,4.932405e-12,4.6807155e-12
2020-10-27,4.7822653e-12,4.8563614e-12,4.776349e-12,1.0,4.4249058e-12,4.911264e-12,4.621915e-12
2024-05-30,4.7846644e-12,4.8721335e-12,4.8002774e-12,1.0,4.42116e-12,4.9035515e-12,4.620557e-12
2022-01-07,4.7612136e-12,4.830679e-12,4.7552604e-12,1.0,4.4035374e-12,4.887286e-12,4.598928e-12
2023-12-19,4.77105e-12,4.8393472e-12,4.763903e-12,1.0,4.411675e-12,4.8953467e-12,4.6067416e-12
2021-01-28,4.782293e-12,4.8458503e-12,4.75051e-12,1.0,4.4098076e-12,4.882776e-12,4.6192178e-12
2021-04-11,4.8459153e-12,4.892397e-12,4.7823655e-12,1.0,4.464036e-12,4.9285684e-12,4.6796443e-12
2020-01-30,4.772315e-12,4.837705e-12,4.756349e-12,1.0,4.4105305e-12,4.8892995e-12,4.609659e-12
2024-06-05,4.807993e-12,4.8755357e-12,4.8207566e-12,1.0,4.4438515e-12,4.935567e-12,4.643369e-12
2021-09-21,4.81069e-12,4.907668e-12,4.8164003e-12,1.0,4.4525906e-12,4.9338537e-12,4.655482e-12
2024-10-02,4.8279527e-12,4.9135505e-12,4.818679e-12,1.0,4.469216e-12,4.9488395e-12,4.670727e-12
2022-09-04,4.9566995e-12,5.032989e-12,4.937695e-12,1.0,4.5959113e-12,5.09321e-12,4.798154e-12
2023-01-31,5.940817e-12,5.639003e-12,7.280313e-12,1.0,5.265662e-12,6.423432e-12,5.253503e-12
2019-05-25,4.801614e-12,4.8659484e-12,4.7737625e-12,1.0,4.4377193e-12,4.9104397e-12,4.6437762e-12
2021-07-15,4.8167126e-12,4.895683e-12,4.8131312e-12,1.0,4.453049e-12,4.9427272e-12,4.6631783e-12
2022-09-14,5.0609924e-12,5.146175e-12,5.063049e-12,1.0,4.707252e-12,5.2383944e-12,4.9036265e-12
2021-05-05,4.7807426e-12,4.8476804e-12,4.7791194e-12,1.0,4.4196595e-12,4.9116392e-12,4.617615e-12
2023-01-08,5.9078215e-12,5.611579e-12,7.201535e-12,1.0,5.2355576e-12,6.366543e-12,5.2316246e-12
2019-11-09,4.768566e-12,4.839643e-12,4.7572376e-12,1.0,4.410026e-12,4.890195e-12,4.6064077e-12
2019-12-29,4.7602243e-12,4.829997e-12,4.7525764e-12,1.0,4.402093e-12,4.88531e-12,4.5980862e-12
2019-11-04,4.7731524e-12,4.8453884e-12,4.7666107e-12,1.0,4.414874e-12,4.901008e-12,4.6106443e-12
2021-10-26,4.9640127e-12,4.9819493e-12,4.93907e-12,1.0,4.574956e-12,5.0391176e-12,4.822541e-12
2022-06-20,4.8056186e-12,4.915594e-12,4.8539723e-12,1.0,4.4452757e-12,4.947726e-12,4.646842e-12
2023-06-25,4.8216765e-12,4.928136e-12,4.864538e-12,1.0,4.4604277e-12,4.9513887e-12,4.6636588e-12
2022-01-18,4.7627037e-12,4.8312318e-12,4.7549516e-12,1.0,4.4043436e-12,4.8873228e-12,4.600244e-12
2019-04-25,4.778636e-12,4.8446303e-12,4.764902e-12,1.0,4.416474e-12,4.8995686e-12,4.6163815e-12
2024-05-01,4.7768317e-12,4.842801e-12,4.757746e-12,1.0,4.407453e-12,4.8911656e-12,4.61272e-12
2020-03-31,4.8002227e-12,4.862942e-12,4.782037e-12,1.0,4.433929e-12,4.918145e-12,4.636271e-12
2024-05-14,4.795821e-12,4.9189515e-12,4.8717063e-12,1.0,4.432914e-12,4.9193644e-12,4.6316397e-12
2022-11-11,4.935172e-12,4.960123e-12,5.0791433e-12,1.0,4.5335563e-12,5.107861e-12,4.7047028e-12
2021-01-16,4.773626e-12,4.8401044e-12,4.75829e-12,1.0,4.410346e-12,4.8912398e-12,4.6105567e-12
2023-03-15,4.9924604e-12,4.990661e-12,5.067029e-12,1.0,4.574904e-12,5.1122084e-12,4.76165e-12
2020-02-09,4.7872483e-12,4.849993e-12,4.764666e-12,1.0,4.4208903e-12,4.8977935e-12,4.6246657e-12
2019-08-19,4.8602073e-12,5.00899e-12,4.968645e-12,1.0,4.4831664e-12,4.9820634e-12,4.6923355e-12
2020-03-10,4.7795023e-12,4.8452956e-12,4.7557683e-12,1.0,4.406041e-12,4.886074e-12,4.615677e-12
2019-12-17,4.7619404e-12,4.8319872e-12,4.752558e-12,1.0,4.4026133e-12,4.8850863e-12,4.599507e-12
2023-10-13,4.9351434e-12,4.9715644e-12,4.8571026e-12,1.0,4.545973e-12,5.021713e-12,4.759997e-12
2023-11-05,4.8194144e-12,4.881715e-12,4.793507e-12,1.0,4.4508585e-12,4.932499e-12,4.6532275e-12
2019-04-16,4.8335637e-12,4.88449e-12,4.803391e-12,1.0,4.458029e-12,4.940182e-12,4.666542e-12
2019-10-01,4.878652e-12,4.965537e-12,4.9003913e-12,1.0,4.5139183e-12,5.058435e-12,4.7115996e-12
2019-06-27,4.867777e-12,4.93122e-12,4.840677e-12,1.0,4.4853557e-12,4.975283e-12,4.7063005e-12
2019-09-01,5.005093e-12,5.0967863e-12,5.016333e-12,1.0,4.657596e-12,5.1806246e-12,4.851991e-12
2020-02-04,4.7703217e-12,4.836727e-12,4.7552604e-12,1.0,4.408445e-12,4.887864e-12,4.6077257e-12
2019-04-15,4.8066087e-12,4.8624047e-12,4.769594e-12,1.0,4.434318e-12,4.9062083e-12,4.642642e-12
2022-03-06,4.798044e-12,4.858752e-12,4.7455837e-12,1.0,4.4100596e-12,4.875146e-12,4.6336897e-12
2020-12-04,4.766384e-12,4.8361367e-12,4.7593435e-12,1.0,4.4085456e-12,4.892434e-12,4.6042996e-12
2022-05-27,4.7961773e-12,5.0341797e-12,5.042502e-12,1.0,4.427523e-12,4.9264442e-12,4.6288485e-12
2024-05-31,4.7815627e-12,4.865095e-12,4.7904905e-12,1.0,4.417064e-12,4.8985408e-12,4.6178786e-12
2021-09-05,4.8411297e-12,4.9402574e-12,4.8522132e-12,1.0,4.492257e-12,4.9733477e-12,4.6893474e-12
2022-04-30,4.8138286e-12,4.864575e-12,4.783278e-12,1.0,4.4313247e-12,4.920228e-12,4.641952e-12
2022-03-21,4.8154818e-12,4.878252e-12,4.780432e-12,1.0,4.4483293e-12,4.917188e-12,4.6545593e-12
2023-09-06,5.1286154e-12,5.1229255e-12,5.0556183e-12,1.0,4.6962573e-12,5.1828385e-12,4.9235134e-12
2020-03-24,4.7787546e-12,4.847385e-12,4.7718873e-12,1.0,4.4188667e-12,4.904954e-12,4.6169097e-12
2023-12-05,4.7859065e-12,4.849678e-12,4.7879695e-12,1.0,4.4228132e-12,4.9114705e-12,4.6159764e-12
2024-04-24,4.7666927e-12,4.8316373e-12,4.746072e-12,1.0,4.4014714e-12,4.8802997e-12,4.602543e-12
2024-10-23,4.85275e-12,4.9390327e-12,4.8240496e-12,1.0,4.4912117e-12,4.9761757e-12,4.6958813e-12
2019-06-19,4.852815e-12,4.9557537e-12,4.8634248e-12,1.0,4.4780217e-12,4.9422363e-12,4.6943586e-12
2020-07-31,4.7990505e-12,4.867712e-12,4.767229e-12,1.0,4.4400217e-12,4.9029717e-12,4.642412e-12
2020-02-12,4.781125e-12,4.8452405e-12,4.760506e-12,1.0,4.415211e-12,4.8921917e-12,4.618319e-12
2024-12-13,4.771195e-12,4.838757e-12,4.7523947e-12,1.0,4.411557e-12,4.892658e-12,4.6088858e-12
2021-05-23,4.7831045e-12,4.8508437e-12,4.768066e-12,1.0,4.422847e-12,4.9091287e-12,4.623378e-12
2023-05-24,4.7766222e-12,4.8415265e-12,4.7397754e-12,1.0,4.4131565e-12,4.879313e-12,4.6160823e-12
2019-04-05,4.8064708e-12,4.857603e-12,4.7238736e-12,1.0,4.426324e-12,4.866654e-12,4.644999e-12
2024-09-15,4.828275e-12,4.9047485e-12,4.8187157e-12,1.0,4.463696e-12,4.9375256e-12,4.665118e-12
2019-04-01,4.835334e-12,4.8823476e-12,4.7386548e-12,1.0,4.450128e-12,4.8847324e-12,4.673953e-12
2021-10-28,4.970967e-12,4.986969e-12,4.9567746e-12,1.0,4.5802646e-12,5.0511266e-12,4.825264e-12
2021-09-10,4.822109e-12,4.926557e-12,4.8440943e-12,1.0,4.4685e-12,4.9602366e-12,4.6662747e-12
2022-09-27,5.091792e-12,5.1785303e-12,5.1117986e-12,1.0,4.732856e-12,5.2910523e-12,4.9288503e-12
2023-06-14,4.803859e-12,4.890083e-12,4.8179074e-12,1.0,4.439988e-12,4.934118e-12,4.6429787e-12
2024-11-02,4.8321347e-12,4.8967657e-12,4.7785907e-12,1.0,4.4659268e-12,4.939108e-12,4.67242e-12
2023-12-09,4.78201e-12,4.846571e-12,4.7753836e-12,1.0,4.420014e-12,4.9043746e-12,4.6143037e-12
2022-03-29,4.8238475e-12,4.8777497e-12,4.7577276e-12,1.0,4.4482955e-12,4.8994567e-12,4.6630716e-12
2020-10-01,4.803978e-12,4.875592e-12,4.7881885e-12,1.0,4.446378e-12,4.9256363e-12,4.6444493e-12
2024-08-27,4.8500483e-12,4.9088667e-12,4.821088e-12,1.0,4.4829782e-12,4.9542414e-12,4.6868434e-12
2024-08-13,4.810983e-12,4.8812118e-12,4.7859065e-12,1.0,4.4536267e-12,4.9173196e-12,4.6546655e-12
2021-08-16,4.789522e-12,4.8654475e-12,4.7783904e-12,1.0,4.432813e-12,4.9146754e-12,4.6324706e-12
2024-01-07,4.7646206e-12,4.8335914e-12,4.755913e-12,1.0,4.404932e-12,4.887808e-12,4.601683e-12
2021-04-20,4.790034e-12,4.8605685e-12,4.786618e-12,1.0,4.4308008e-12,4.922443e-12,4.6298204e-12
2021-01-30,4.7899883e-12,4.8515103e-12,4.7516518e-12,1.0,4.4131396e-12,4.883577e-12,4.62613e-12
2020-01-06,4.760324e-12,4.8295365e-12,4.752068e-12,1.0,4.402311e-12,4.88477e-12,4.598454e-12
2021-10-25,4.913129e-12,4.9472162e-12,4.896822e-12,1.0,4.531896e-12,5.0053225e-12,4.7624855e-12
2022-09-12,5.012316e-12,5.094065e-12,5.006411e-12,1.0,4.658094e-12,5.1753905e-12,4.853713e-12
2023-10-21,4.8562317e-12,4.908586e-12,4.8231297e-12,1.0,4.479252e-12,4.963719e-12,4.6847704e-12
2019-07-02,4.8374655e-12,4.9079118e-12,4.81348e-12,1.0,4.487615e-12,4.9427272e-12,4.6873265e-12
2019-10-14,4.8332315e-12,4.909822e-12,4.8241415e-12,1.0,4.463117e-12,4.9625456e-12,4.6660254e-12
2021-01-26,4.7801767e-12,4.8445753e-12,4.7517966e-12,1.0,4.4098076e-12,4.884639e-12,4.6170507e-12
2020-06-30,4.800259e-12,4.8683067e-12,4.785778e-12,1.0,4.428976e-12,4.92081e-12,4.6361647e-12
2024-07-30,4.820334e-12,4.897083e-12,4.7973487e-12,1.0,4.4657394e-12,4.9279665e-12,4.668696e-12
2019-12-09,4.7629123e-12,4.8328537e-12,4.750437e-12,1.0,4.403e-12,4.8829252e-12,4.6004194e-12
2019-05-19,4.7933146e-12,4.855954e-12,4.7674477e-12,1.0,4.429145e-12,4.902953e-12,4.632205e-12
2024-04-25,4.768621e-12,4.8334253e-12,4.748082e-12,1.0,4.4031176e-12,4.882646e-12,4.604282e-12
2023-09-27,4.9765457e-12,5.00433e-12,4.8968407e-12,1.0,4.5844418e-12,5.071438e-12,4.7970005e-12
2021-04-04,4.8704053e-12,4.9091477e-12,4.778901e-12,1.0,4.4821234e-12,4.931671e-12,4.7035544e-12
2021-09-12,4.8228166e-12,4.9422745e-12,4.8715016e-12,1.0,4.468534e-12,4.966409e-12,4.6659187e-12
2024-10-19,4.85966e-12,4.937808e-12,4.815023e-12,1.0,4.493285e-12,4.9703132e-12,4.700828e-12
2019-04-28,4.787458e-12,4.850659e-12,4.7731797e-12,1.0,4.423269e-12,4.9073506e-12,4.624048e-12
2023-12-29,4.765357e-12,4.834034e-12,4.7547886e-12,1.0,4.4058056e-12,4.8870808e-12,4.6024027e-12
2023-03-17,5.0057428e-12,5.001601e-12,5.0332386e-12,1.0,4.588326e-12,5.1027585e-12,4.786819e-12
2023-06-27,4.8274735e-12,4.9443487e-12,4.8835398e-12,1.0,4.4690627e-12,4.9534105e-12,4.669961e-12
2021-09-29,4.8137553e-12,4.9337596e-12,4.844021e-12,1.0,4.4539155e-12,4.9307307e-12,4.6606356e-12
2022-11-22,5.336254e-12,5.2328025e-12,5.9102783e-12,1.0,4.827216e-12,5.620405e-12,4.92714e-12
2022-09-01,4.99207e-12,5.0564284e-12,4.9596685e-12,1.0,4.604018e-12,5.1094398e-12,4.8241415e-12
2022-06-04,4.7704765e-12,4.8571394e-12,4.8215477e-12,1.0,4.3928997e-12,4.9476126e-12,4.5968407e-12
2022-04-10,4.801468e-12,4.8612733e-12,4.776805e-12,1.0,4.43535e-12,4.916044e-12,4.6375447e-12
2022-03-27,4.8378432e-12,4.890568e-12,4.7751833e-12,1.0,4.4614147e-12,4.917263e-12,4.6762715e-12
2021-04-14,4.8055084e-12,4.869848e-12,4.7745093e-12,1.0,4.440141e-12,4.9180135e-12,4.644609e-12
2024-01-24,4.76783e-12,4.8355096e-12,4.7513434e-12,1.0,4.4042764e-12,4.883e-12,4.605002e-12
2024-10-14,4.840936e-12,4.907893e-12,4.789796e-12,1.0,4.4741454e-12,4.9447256e-12,4.680751e-12
2024-04-26,4.771323e-12,4.835362e-12,4.747358e-12,1.0,4.403907e-12,4.8823293e-12,4.606847e-12
2024-08-28,4.859224e-12,4.9187637e-12,4.8318767e-12,1.0,4.4929763e-12,4.964231e-12,4.697261e-12
2024-08-18,4.8345316e-12,4.8969158e-12,4.8016877e-12,1.0,4.4757843e-12,4.9338164e-12,4.677342e-12
2021-05-21,4.7796207e-12,4.845924e-12,4.767393e-12,1.0,4.417839e-12,4.902878e-12,4.617174e-12
2024-03-24,4.7816725e-12,4.8499373e-12,4.7621585e-12,1.0,4.415733e-12,4.8967098e-12,4.6202044e-12
2021-08-23,4.8416466e-12,4.915013e-12,4.799746e-12,1.0,4.482055e-12,4.95496e-12,4.6803408e-12
2020-09-12,4.871957e-12,4.984154e-12,4.904393e-12,1.0,4.509547e-12,4.974524e-12,4.7253694e-12
2020-05-05,4.7639752e-12,4.829076e-12,4.7426876e-12,1.0,4.3989036e-12,4.877378e-12,4.600244e-12
2020-08-04,4.7863167e-12,4.8555834e-12,4.7612136e-12,1.0,4.425547e-12,4.894842e-12,4.627048e-12
2022-06-14,4.8041887e-12,4.9194017e-12,4.864612e-12,1.0,4.4366355e-12,4.941124e-12,4.642359e-12
2024-03-03,4.846516e-12,4.9242273e-12,4.8244178e-12,1.0,4.4704943e-12,4.9504823e-12,4.6895083e-12
2019-09-07,4.9042714e-12,4.99527e-12,4.9210727e-12,1.0,4.547083e-12,5.088685e-12,4.74542e-12
2024-12-27,4.77511e-12,4.841305e-12,4.753773e-12,1.0,4.4148405e-12,4.8955336e-12,4.612069e-12
2023-02-03,6.028228e-12,5.6944284e-12,7.4912125e-12,1.0,5.3256588e-12,6.5375418e-12,5.297333e-12
2020-10-23,4.7978062e-12,4.8730998e-12,4.792684e-12,1.0,4.438413e-12,4.9262374e-12,4.636731e-12
2020-09-30,4.803749e-12,4.8759824e-12,4.789376e-12,1.0,4.4466835e-12,4.92714e-12,4.6443964e-12
2024-02-13,4.837696e-12,4.89208e-12,4.7837706e-12,1.0,4.4568216e-12,4.924171e-12,4.6730796e-12
2023-08-05,4.8485686e-12,4.9167194e-12,4.828671e-12,1.0,4.485065e-12,4.9566237e-12,4.688024e-12
2021-08-22,4.8258446e-12,4.9002417e-12,4.795409e-12,1.0,4.4659953e-12,4.944839e-12,4.664477e-12
2020-06-02,4.8090386e-12,5.0753277e-12,5.0922777e-12,1.0,4.441174e-12,4.9315396e-12,4.644715e-12
2022-03-01,4.7927664e-12,4.853324e-12,4.744425e-12,1.0,4.4093197e-12,4.8756476e-12,4.628143e-12
2021-10-09,4.849567e-12,4.9759094e-12,4.908492e-12,1.0,4.4891217e-12,4.974828e-12,4.703052e-12
2023-02-04,5.9089712e-12,5.6155193e-12,7.207774e-12,1.0,5.2418326e-12,6.379769e-12,5.2348386e-12
2023-10-16,4.900401e-12,4.941049e-12,4.849142e-12,1.0,4.5170703e-12,5.002593e-12,4.724396e-12
2023-09-30,4.9889004e-12,5.0099642e-12,4.9189893e-12,1.0,4.5847046e-12,5.0730635e-12,4.80123e-12
2022-03-25,4.8455454e-12,4.9003726e-12,4.786326e-12,1.0,4.4708868e-12,4.9274027e-12,4.6857175e-12
2020-02-14,4.783707e-12,4.848162e-12,4.7633937e-12,1.0,4.417249e-12,4.894581e-12,4.621016e-12
2020-04-20,4.774646e-12,4.8336465e-12,4.7316465e-12,1.0,4.4073855e-12,4.8705545e-12,4.612157e-12
2022-08-07,4.821097e-12,4.8877707e-12,4.7869647e-12,1.0,4.4550375e-12,4.926576e-12,4.6612757e-12
2022-05-20,4.7865635e-12,4.9071632e-12,4.8497708e-12,1.0,4.424028e-12,4.9068445e-12,4.6233607e-12
2023-05-03,4.774108e-12,4.8397167e-12,4.7698304e-12,1.0,4.410497e-12,4.9010266e-12,4.6100463e-12
2022-08-16,5.0047024e-12,5.054519e-12,4.958515e-12,1.0,4.5772947e-12,5.1038293e-12,4.8209037e-12
2024-11-11,4.8174385e-12,4.8765406e-12,4.7679933e-12,1.0,4.449042e-12,4.9249784e-12,4.653831e-12
2024-01-11,4.764557e-12,4.8336465e-12,4.754535e-12,1.0,4.4045787e-12,4.886354e-12,4.601859e-12
2020-10-17,4.7992157e-12,4.872524e-12,4.792008e-12,1.0,4.440903e-12,4.9258427e-12,4.6390483e-12
2023-02-01,5.9254264e-12,5.6270774e-12,7.250131e-12,1.0,5.2524213e-12,6.4021006e-12,5.2431527e-12
2024-05-12,4.8031904e-12,4.9476504e-12,4.9090354e-12,1.0,4.4388195e-12,4.926463e-12,4.6408897e-12
2024-07-27,4.8611714e-12,5.0045584e-12,4.948254e-12,1.0,4.5014513e-12,4.9805242e-12,4.7080963e-12
2024-12-24,4.775921e-12,4.8422286e-12,4.754571e-12,1.0,4.415194e-12,4.896785e-12,4.61272e-12
2024-03-26,4.7904636e-12,4.854509e-12,4.764212e-12,1.0,4.4235557e-12,4.9022986e-12,4.627401e-12
2022-06-01,4.761595e-12,4.837059e-12,4.7665205e-12,1.0,4.3992895e-12,4.899494e-12,4.59656e-12
2020-02-29,4.797587e-12,4.8570653e-12,4.75138e-12,1.0,4.4103623e-12,4.8780845e-12,4.6314983e-12
2022-09-22,5.092219e-12,5.181e-12,5.1042386e-12,1.0,4.737625e-12,5.2882074e-12,4.931916e-12
2023-05-06,4.7741815e-12,4.8405295e-12,4.7668475e-12,1.0,4.4138634e-12,4.8995313e-12,4.611911e-12
2021-09-01,4.8300244e-12,4.9121445e-12,4.822725e-12,1.0,4.47698e-12,4.9610693e-12,4.671404e-12
2022-07-27,4.847838e-12,4.9191393e-12,4.8198372e-12,1.0,4.5015888e-12,4.9510673e-12,4.6997345e-12
2022-05-15,4.7786e-12,4.8505293e-12,4.780195e-12,1.0,4.412618e-12,4.908979e-12,4.612949e-12
2023-02-02,6.021574e-12,5.689825e-12,7.477622e-12,1.0,5.320907e-12,6.5293166e-12,5.293576e-12
2021-02-17,4.8002045e-12,4.862089e-12,4.792136e-12,1.0,4.4274554e-12,4.913963e-12,4.6316575e-12
2024-06-17,5.4400703e-12,5.3205626e-12,6.1363237e-12,1.0,4.9106834e-12,5.7644545e-12,4.9963375e-12
2021-03-12,4.8176593e-12,4.8748852e-12,4.7976046e-12,1.0,4.447481e-12,4.9305802e-12,4.6500156e-12
2021-12-12,4.8419792e-12,4.8885535e-12,4.904225e-12,1.0,4.4635766e-12,4.9864175e-12,4.6474443e-12
2019-05-05,4.7782078e-12,4.844815e-12,4.764902e-12,1.0,4.418277e-12,4.898335e-12,4.6166283e-12
2023-05-13,4.7695576e-12,4.8367087e-12,4.7596883e-12,1.0,4.4087143e-12,4.8936476e-12,4.607409e-12
2020-09-18,4.8460905e-12,4.938844e-12,4.84781e-12,1.0,4.495754e-12,4.9734236e-12,4.694968e-12
2021-06-09,4.7993987e-12,4.8882742e-12,4.810983e-12,1.0,4.427185e-12,4.9041127e-12,4.636819e-12
2019-12-14,4.7614135e-12,4.8310843e-12,4.751198e-12,1.0,4.4021262e-12,4.884211e-12,4.5989454e-12
2021-05-07,4.78201e-12,4.848217e-12,4.7796667e-12,1.0,4.420351e-12,4.9122013e-12,4.6189007e-12
2020-12-02,4.765993e-12,4.8359337e-12,4.7574375e-12,1.0,4.408428e-12,4.8917996e-12,4.604159e-12
2021-12-23,4.7778617e-12,4.8434477e-12,4.784336e-12,1.0,4.416019e-12,4.907425e-12,4.6094482e-12
2023-01-15,6.026343e-12,5.690671e-12,7.488212e-12,1.0,5.320846e-12,6.528645e-12,5.2939393e-12
2023-12-16,4.7714597e-12,4.8395506e-12,4.7655387e-12,1.0,4.4120788e-12,4.8961868e-12,4.606794e-12
2021-11-16,5.0033185e-12,5.0017347e-12,5.2175334e-12,1.0,4.5827816e-12,5.188041e-12,4.7403e-12
2022-08-11,4.873974e-12,4.9399746e-12,4.8427456e-12,1.0,4.499786e-12,4.984991e-12,4.7115454e-12
2020-12-15,4.767457e-12,4.8365058e-12,4.75869e-12,1.0,4.4091853e-12,4.892677e-12,4.605564e-12
2019-10-28,4.7953724e-12,4.8661713e-12,4.779794e-12,1.0,4.4340976e-12,4.9184827e-12,4.632806e-12
2021-02-18,4.7988766e-12,4.861477e-12,4.796159e-12,1.0,4.4300063e-12,4.9188388e-12,4.6307207e-12
2023-06-04,4.8222095e-12,5.0201423e-12,4.986608e-12,1.0,4.4504166e-12,4.927647e-12,4.6621825e-12
2019-11-22,4.767766e-12,4.835952e-12,4.7473935e-12,1.0,4.406999e-12,4.882292e-12,4.6050897e-12
2024-07-09,4.8566394e-12,4.938373e-12,4.8246203e-12,1.0,4.4980014e-12,4.9637573e-12,4.71311e-12
2023-11-08,4.8277038e-12,4.8881255e-12,4.7993987e-12,1.0,4.4587775e-12,4.9435755e-12,4.662698e-12
2020-11-02,4.775128e-12,4.8463863e-12,4.763594e-12,1.0,4.4184456e-12,4.8985594e-12,4.6148497e-12
2021-10-06,4.8397167e-12,5.0017724e-12,4.949519e-12,1.0,4.474009e-12,4.960445e-12,4.68511e-12
2021-03-13,4.825126e-12,4.8780663e-12,4.7955554e-12,1.0,4.4513e-12,4.929734e-12,4.6563886e-12
2020-05-18,4.7701123e-12,4.839957e-12,4.769321e-12,1.0,4.4056377e-12,4.9021676e-12,4.6050373e-12
2019-04-12,4.796269e-12,4.853491e-12,4.7459094e-12,1.0,4.4225773e-12,4.8841174e-12,4.6344673e-12
2024-11-19,4.7923007e-12,4.855287e-12,4.757601e-12,1.0,4.4286207e-12,4.907425e-12,4.629414e-12
2022-02-06,4.77767e-12,4.8421176e-12,4.7633395e-12,1.0,4.4142676e-12,4.8958884e-12,4.613319e-12
2024-06-27,4.853713e-12,4.9396355e-12,4.8497894e-12,1.0,4.4916913e-12,4.9555082e-12,4.7054387e-12
2021-12-21,4.7825663e-12,4.846238e-12,4.7908565e-12,1.0,4.419474e-12,4.912632e-12,4.6124914e-12
2023-11-11,4.824123e-12,4.883894e-12,4.79733e-12,1.0,4.455768e-12,4.9421417e-12,4.658307e-12
2022-01-31,4.773598e-12,4.839089e-12,4.76234e-12,1.0,4.4122306e-12,4.8946745e-12,4.6096417e-12
2023-05-22,4.7718504e-12,4.8394214e-12,4.757002e-12,1.0,4.41181e-12,4.892509e-12,4.610152e-12
2022-12-14,5.750639e-12,5.507788e-12,6.8327275e-12,1.0,5.124783e-12,6.1591184e-12,5.1486888e-12
2022-11-12,4.9524846e-12,4.971147e-12,5.1119937e-12,1.0,4.5460597e-12,5.12799e-12,4.7142602e-12
2020-07-08,4.8263594e-12,4.9285116e-12,4.8710745e-12,1.0,4.439734e-12,4.9421986e-12,4.6559267e-12
2024-06-04,4.789203e-12,4.861292e-12,4.7961223e-12,1.0,4.425801e-12,4.9144126e-12,4.6264125e-12
2022-05-06,4.776349e-12,4.8369486e-12,4.7527576e-12,1.0,4.3990376e-12,4.8865777e-12,4.607093e-12
2020-10-03,4.798648e-12,4.869904e-12,4.7826023e-12,1.0,4.4414446e-12,4.919064e-12,4.639827e-12
2019-12-24,4.7610045e-12,4.830716e-12,4.752141e-12,1.0,4.4018916e-12,4.8848625e-12,4.598577e-12
2021-04-13,4.8096436e-12,4.871836e-12,4.776203e-12,1.0,4.442479e-12,4.9187824e-12,4.648278e-12
2023-04-07,4.883093e-12,4.9203406e-12,4.827971e-12,1.0,4.498962e-12,4.973708e-12,4.71311e-12
2023-01-06,5.517808e-12,5.350502e-12,6.3197464e-12,1.0,4.955376e-12,5.8559906e-12,5.020717e-12
2024-03-28,4.7849203e-12,4.850363e-12,4.7639206e-12,1.0,4.419474e-12,4.900559e-12,4.621844e-12
2019-11-13,4.7692666e-12,4.8404926e-12,4.757274e-12,1.0,4.4112877e-12,4.8901018e-12,4.607339e-12
2020-10-20,4.803969e-12,4.8791084e-12,4.7990505e-12,1.0,4.4468188e-12,4.934701e-12,4.64413e-12
2022-03-07,4.7982547e-12,4.859345e-12,4.7493866e-12,1.0,4.411406e-12,4.877936e-12,4.6337075e-12
2021-01-05,4.767948e-12,4.836653e-12,4.756512e-12,1.0,4.408176e-12,4.8894304e-12,4.606109e-12
2020-11-30,4.7658292e-12,4.8365977e-12,4.759416e-12,1.0,4.4086974e-12,4.892229e-12,4.6039305e-12
2024-02-09,4.813728e-12,4.872375e-12,4.7673207e-12,1.0,4.437668e-12,4.9056844e-12,4.6504237e-12
2020-11-17,4.7776427e-12,4.8472923e-12,4.7627037e-12,1.0,4.420081e-12,4.8980923e-12,4.616716e-12
2019-05-08,4.7836062e-12,4.8488093e-12,4.7662295e-12,1.0,4.4230158e-12,4.899774e-12,4.622373e-12
2023-08-30,4.9252507e-12,4.960312e-12,4.881175e-12,1.0,4.5294077e-12,5.0137884e-12,4.7444067e-12
2024-10-21,4.8721617e-12,4.958931e-12,4.836432e-12,1.0,4.5088412e-12,4.9918793e-12,4.7155734e-12
2023-08-18,4.8748666e-12,4.9434055e-12,4.86298e-12,1.0,4.495668e-12,4.9814367e-12,4.704398e-12
2024-10-22,4.8704053e-12,4.9602176e-12,4.837336e-12,1.0,4.509168e-12,4.993784e-12,4.7146917e-12
2023-03-21,4.8587614e-12,4.899793e-12,4.827382e-12,1.0,4.48026e-12,4.9555837e-12,4.6881487e-12
2021-10-27,4.924199e-12,4.9541283e-12,4.9094847e-12,1.0,4.539786e-12,5.0175003e-12,4.770649e-12
2024-10-25,4.8764105e-12,4.9433114e-12,4.8097173e-12,1.0,4.5065197e-12,4.9794604e-12,4.716455e-12
2019-10-05,4.858613e-12,4.9430664e-12,4.8757222e-12,1.0,4.4944335e-12,5.027789e-12,4.691172e-12
2020-09-06,4.8217407e-12,4.904992e-12,4.808415e-12,1.0,4.458097e-12,4.925298e-12,4.6630005e-12
2023-11-10,4.8246845e-12,4.883801e-12,4.7943667e-12,1.0,4.455632e-12,4.93956e-12,4.6595154e-12
2024-05-08,4.780268e-12,4.861032e-12,4.7873485e-12,1.0,4.4155816e-12,4.907425e-12,4.617385e-12
2024-01-13,4.76582e-12,4.8347715e-12,4.7560584e-12,1.0,4.405789e-12,4.887864e-12,4.6030527e-12
2021-12-03,4.969915e-12,4.977485e-12,5.1534835e-12,1.0,4.557885e-12,5.1477065e-12,4.720523e-12
2022-07-11,4.931173e-12,4.9993876e-12,4.8785867e-12,1.0,4.5893766e-12,5.0062007e-12,4.7939456e-12
2020-07-14,4.818045e-12,5.0000173e-12,4.970446e-12,1.0,4.4535586e-12,4.9343997e-12,4.657348e-12
2020-09-10,4.8678236e-12,4.9741444e-12,4.887062e-12,1.0,4.505454e-12,4.968683e-12,4.718596e-12
2024-03-05,4.8423483e-12,4.920284e-12,4.8197457e-12,1.0,4.46436e-12,4.942953e-12,4.684038e-12
2022-02-26,4.7872756e-12,4.8483097e-12,4.7421086e-12,1.0,4.404209e-12,4.871669e-12,4.6224786e-12
2023-07-24,4.83161e-12,4.9011203e-12,4.802311e-12,1.0,4.4777996e-12,4.9355294e-12,4.678841e-12
2023-03-09,4.9969378e-12,4.996166e-12,5.110005e-12,1.0,4.578832e-12,5.1367218e-12,4.7577094e-12
2020-10-29,4.7772515e-12,4.85003e-12,4.7690484e-12,1.0,4.4205533e-12,4.903926e-12,4.6173677e-12
2019-09-24,4.9333176e-12,5.0289018e-12,4.965329e-12,1.0,4.5715016e-12,5.127814e-12,4.7718873e-12
2022-07-16,4.9533723e-12,5.0269836e-12,4.9023728e-12,1.0,4.615255e-12,5.027463e-12,4.8179074e-12
2021-11-21,5.081576e-12,5.0544035e-12,5.378086e-12,1.0,4.639013e-12,5.2871383e-12,4.7828764e-12
2020-02-26,4.787942e-12,4.8501593e-12,4.7515243e-12,1.0,4.4086466e-12,4.8791084e-12,4.623219e-12
2023-11-15,4.817705e-12,4.8753874e-12,4.810396e-12,1.0,4.4454284e-12,4.9361695e-12,4.6439888e-12
2022-08-31,5.003919e-12,5.069987e-12,4.9782257e-12,1.0,4.6148675e-12,5.1271487e-12,4.835399e-12
2023-03-18,4.9414166e-12,4.9504637e-12,4.8890575e-12,1.0,4.5357875e-12,5.0032227e-12,4.750365e-12
2019-05-27,4.819994e-12,4.8856084e-12,4.7814352e-12,1.0,4.455615e-12,4.9232506e-12,4.66704e-12
2021-04-03,4.8629985e-12,4.9060027e-12,4.7923007e-12,1.0,4.4780386e-12,4.9381658e-12,4.6941973e-12
2023-08-06,4.84634e-12,4.917151e-12,4.8295365e-12,1.0,4.4826877e-12,4.9553187e-12,4.6858606e-12
2021-04-16,4.7939643e-12,4.862089e-12,4.776531e-12,1.0,4.431849e-12,4.9144313e-12,4.6335305e-12
2021-03-31,5.106215e-12,5.062759e-12,4.8697548e-12,1.0,4.648065e-12,5.055888e-12,4.9133818e-12
2021-01-17,4.7715594e-12,4.838443e-12,4.7553506e-12,1.0,4.4080247e-12,4.887864e-12,4.6087804e-12
2021-08-06,5.1595516e-12,5.425542e-12,5.262449e-12,1.0,4.8550647e-12,5.388025e-12,5.0477365e-12
2021-03-11,4.8610135e-12,4.901756e-12,4.799454e-12,1.0,4.476451e-12,4.9421417e-12,4.6909217e-12
2021-12-29,4.764866e-12,4.8338126e-12,4.760923e-12,1.0,4.4066794e-12,4.892117e-12,4.6017534e-12
2023-09-18,5.0042344e-12,5.0335075e-12,4.944405e-12,1.0,4.605002e-12,5.0966696e-12,4.8198372e-12
2021-01-20,4.7788826e-12,4.844501e-12,4.7599242e-12,1.0,4.4134596e-12,4.8931623e-12,4.6157475e-12
2019-12-11,4.7627037e-12,4.832467e-12,4.751072e-12,1.0,4.402916e-12,4.8840615e-12,4.600261e-12
2024-12-17,4.7774332e-12,4.8433367e-12,4.7551698e-12,1.0,4.4158848e-12,4.898429e-12,4.6140227e-12
2019-05-10,4.7909662e-12,4.8552312e-12,4.7715777e-12,1.0,4.4296177e-12,4.905497e-12,4.629714e-12
2022-05-04,4.7825936e-12,4.837299e-12,4.7365766e-12,1.0,4.4063264e-12,4.8735833e-12,4.6148853e-12
2019-06-07,4.8140767e-12,4.921936e-12,4.8435956e-12,1.0,4.4448178e-12,4.916588e-12,4.651701e-12
2022-02-09,4.7959124e-12,4.85525e-12,4.7724515e-12,1.0,4.428351e-12,4.9079118e-12,4.630156e-12
2022-07-30,4.8023378e-12,4.8730998e-12,4.78149e-12,1.0,4.4483796e-12,4.916344e-12,4.646771e-12
2021-12-16,4.8245925e-12,4.8765965e-12,4.8693285e-12,1.0,4.4504166e-12,4.964458e-12,4.6376505e-12
2019-11-28,4.7650295e-12,4.833499e-12,4.7456375e-12,1.0,4.4035374e-12,4.879183e-12,4.602034e-12
2022-05-18,4.7797573e-12,4.8534167e-12,4.7765862e-12,1.0,4.418378e-12,4.901251e-12,4.616734e-12
2024-12-25,4.774728e-12,4.8409727e-12,4.7537907e-12,1.0,4.4138126e-12,4.8951784e-12,4.6116297e-12
2023-12-04,4.7885905e-12,4.8514916e-12,4.7919164e-12,1.0,4.424737e-12,4.914169e-12,4.617509e-12
2021-08-05,5.0432328e-12,5.240193e-12,5.1001317e-12,1.0,4.7213873e-12,5.2296496e-12,4.9182013e-12
2019-03-31,4.8577605e-12,4.8774895e-12,4.6595687e-12,1.0,4.4432925e-12,4.816933e-12,4.693249e-12
2019-05-30,4.843106e-12,4.9215983e-12,4.816676e-12,1.0,4.499374e-12,5.003051e-12,4.7110245e-12
2022-06-21,4.8020177e-12,4.892826e-12,4.822927e-12,1.0,4.4433433e-12,4.941878e-12,4.6438114e-12
2021-09-30,4.8245375e-12,4.9675077e-12,4.8923222e-12,1.0,4.463185e-12,4.9449143e-12,4.6702815e-12
2022-02-18,4.7771327e-12,4.8411756e-12,4.751561e-12,1.0,4.4079744e-12,4.883931e-12,4.613125e-12
2022-09-02,4.9786624e-12,5.0455807e-12,4.9426513e-12,1.0,4.598542e-12,5.0949006e-12,4.8142146e-12
2019-07-11,4.8369763e-12,4.9090354e-12,4.812782e-12,1.0,4.4910573e-12,4.943839e-12,4.688578e-12
2021-09-11,4.8229823e-12,4.9426513e-12,4.868325e-12,1.0,4.4685852e-12,4.96264e-12,4.667254e-12
2022-04-08,4.7896596e-12,4.8555647e-12,4.7736715e-12,1.0,4.427354e-12,4.9094656e-12,4.627613e-12
2021-03-09,4.814058e-12,4.872524e-12,4.7932144e-12,1.0,4.4448178e-12,4.9273276e-12,4.64748e-12
2020-02-28,4.792108e-12,4.852565e-12,4.748553e-12,1.0,4.406999e-12,4.8746432e-12,4.626554e-12
2020-07-28,4.800662e-12,4.8684923e-12,4.7715777e-12,1.0,4.443699e-12,4.904917e-12,4.6440417e-12
2022-09-17,5.0399637e-12,5.1265233e-12,5.051994e-12,1.0,4.682662e-12,5.2267773e-12,4.877508e-12
2022-02-11,4.7944214e-12,4.853491e-12,4.7686117e-12,1.0,4.425885e-12,4.903738e-12,4.6286724e-12
2019-09-27,4.891417e-12,4.980087e-12,4.913625e-12,1.0,4.5290447e-12,5.0701804e-12,4.728182e-12
2022-07-08,4.9268202e-12,4.992089e-12,4.8599753e-12,1.0,4.5832704e-12,4.9949845e-12,4.7888646e-12
2023-10-12,4.9418312e-12,4.979669e-12,4.8681766e-12,1.0,4.5543916e-12,5.0333925e-12,4.7675206e-12
2022-01-24,4.773216e-12,4.838757e-12,4.762304e-12,1.0,4.4122644e-12,4.894842e-12,4.6092553e-12
2020-09-29,4.799783e-12,4.8716504e-12,4.7887003e-12,1.0,4.4431906e-12,4.9250543e-12,4.6405176e-12
2022-09-24,5.1412308e-12,5.23404e-12,5.15964e-12,1.0,4.7878416e-12,5.351951e-12,4.982691e-12
2020-04-26,4.775921e-12,4.8397722e-12,4.7620857e-12,1.0,4.4143686e-12,4.8961868e-12,4.613582e-12
2020-12-13,4.7649202e-12,4.8349194e-12,4.7577827e-12,1.0,4.4071335e-12,4.8910155e-12,4.6029296e-12
2019-04-17,4.8235526e-12,4.87403e-12,4.7866732e-12,1.0,4.4487196e-12,4.9240017e-12,4.6572056e-12
2023-08-29,4.917151e-12,4.9526546e-12,4.8757036e-12,1.0,4.5212766e-12,5.0080153e-12,4.735077e-12
2022-04-03,4.7976506e-12,4.8616627e-12,4.7706314e-12,1.0,4.433557e-12,4.908249e-12,4.6363772e-12
2019-05-26,4.8116624e-12,4.871297e-12,4.7640117e-12,1.0,4.4425804e-12,4.90357e-12,4.6537422e-12
2024-02-24,4.8358964e-12,4.908492e-12,4.7654476e-12,1.0,4.4588794e-12,4.9074065e-12,4.679055e-12
2020-11-22,4.7738536e-12,4.8440943e-12,4.760306e-12,1.0,4.4168445e-12,4.896374e-12,4.61272e-12
2022-12-25,6.013953e-12,5.680283e-12,7.438106e-12,1.0,5.30933e-12,6.499521e-12,5.288893e-12
2023-01-17,6.018314e-12,5.6871773e-12,7.468671e-12,1.0,5.3174375e-12,6.521277e-12,5.2911937e-12
2024-12-31,4.773635e-12,4.840788e-12,4.7543896e-12,1.0,4.4140824e-12,4.8946554e-12,4.610662e-12
2019-03-27,4.8094974e-12,4.862646e-12,4.7233506e-12,1.0,4.4283843e-12,4.8661526e-12,4.6493065e-12
2021-04-28,4.7826023e-12,4.8488275e-12,4.782493e-12,1.0,4.4224928e-12,4.9147127e-12,4.6197464e-12
2019-08-27,5.0085314e-12,5.120152e-12,5.0633963e-12,1.0,4.6177203e-12,5.160664e-12,4.836782e-12
2023-10-26,4.8415542e-12,4.897345e-12,4.7987764e-12,1.0,4.464649e-12,4.9385804e-12,4.6727405e-12
2022-03-10,4.7965984e-12,4.8606427e-12,4.769685e-12,1.0,4.423927e-12,4.900466e-12,4.6321523e-12
2023-10-01,4.982415e-12,5.005762e-12,4.9137565e-12,1.0,4.578081e-12,5.0602686e-12,4.796891e-12
2020-09-08,4.854398e-12,4.97572e-12,4.884378e-12,1.0,4.483235e-12,4.9410107e-12,4.6975835e-12
2019-06-29,4.8344857e-12,4.904805e-12,4.8249148e-12,1.0,4.469881e-12,4.957758e-12,4.6760213e-12
2023-09-10,5.169461e-12,5.149474e-12,5.1099468e-12,1.0,4.7262706e-12,5.228512e-12,4.9535614e-12
2023-02-24,4.9984153e-12,4.9829568e-12,4.9609366e-12,1.0,4.567388e-12,5.051223e-12,4.781508e-12
2023-07-01,4.883037e-12,5.2106917e-12,5.2773654e-12,1.0,4.5061762e-12,5.0111113e-12,4.7185246e-12
2021-07-11,4.7964614e-12,4.8711118e-12,4.777752e-12,1.0,4.4306993e-12,4.910215e-12,4.6372086e-12
2020-07-09,4.828929e-12,4.9598203e-12,4.906096e-12,1.0,4.4493645e-12,4.943764e-12,4.662093e-12
2022-01-12,4.7624214e-12,4.8314347e-12,4.755659e-12,1.0,4.4043606e-12,4.887808e-12,4.600121e-12
2024-05-29,4.7864082e-12,4.885049e-12,4.8208117e-12,1.0,4.423657e-12,4.9106648e-12,4.620645e-12
2019-09-05,4.991156e-12,5.087637e-12,5.004368e-12,1.0,4.6485615e-12,5.179182e-12,4.843226e-12
2020-11-27,4.769576e-12,4.840289e-12,4.7593435e-12,1.0,4.412281e-12,4.8945435e-12,4.608042e-12
2020-11-14,4.7746546e-12,4.844021e-12,4.760233e-12,1.0,4.416693e-12,4.8957015e-12,4.6133535e-12
2019-05-20,4.7887185e-12,4.850881e-12,4.7574557e-12,1.0,4.4231845e-12,4.892397e-12,4.6277895e-12
2023-01-27,5.9281616e-12,5.629224e-12,7.2555816e-12,1.0,5.2542445e-12,6.404763e-12,5.2448328e-12
2021-08-20,4.793187e-12,4.864464e-12,4.7684847e-12,1.0,4.433996e-12,4.9112828e-12,4.631869e-12
2022-12-08,5.6360463e-12,5.4336613e-12,6.5747056e-12,1.0,5.044522e-12,6.0120377e-12,5.0883746e-12
2022-09-06,4.9496704e-12,5.0258517e-12,4.925223e-12,1.0,4.5916005e-12,5.083505e-12,4.79358e-12
2020-08-28,4.827078e-12,4.958458e-12,4.8937035e-12,1.0,4.4606315e-12,4.934701e-12,4.6659365e-12
2021-06-11,4.8129656e-12,4.9427272e-12,4.894562e-12,1.0,4.440039e-12,4.9233443e-12,4.6498205e-12
2023-06-23,4.812911e-12,4.905572e-12,4.8441316e-12,1.0,4.449551e-12,4.9507846e-12,4.651222e-12
2020-03-19,4.7795387e-12,4.847052e-12,4.7736533e-12,1.0,4.4172153e-12,4.907088e-12,4.616681e-12
2019-05-24,4.8013212e-12,4.866728e-12,4.7764765e-12,1.0,4.4371945e-12,4.9122572e-12,4.643723e-12
2024-08-20,4.83503e-12,4.899905e-12,4.8077362e-12,1.0,4.4778335e-12,4.9401256e-12,4.678073e-12
2021-08-11,4.9155562e-12,5.006812e-12,4.884341e-12,1.0,4.579758e-12,5.0053416e-12,4.7819825e-12
2022-08-05,4.8092125e-12,4.87788e-12,4.78284e-12,1.0,4.4495e-12,4.9193085e-12,4.6515946e-12
2024-06-29,4.8451018e-12,4.92081e-12,4.8295547e-12,1.0,4.48079e-12,4.9503878e-12,4.694717e-12
2021-04-17,4.7904814e-12,4.861644e-12,4.7797027e-12,1.0,4.4310202e-12,4.9163815e-12,4.6312507e-12
2019-10-12,4.8418496e-12,4.9193453e-12,4.844981e-12,1.0,4.473071e-12,4.9874254e-12,4.6733823e-12
2023-02-11,5.7354134e-12,5.508523e-12,6.7927825e-12,1.0,5.1284007e-12,6.155854e-12,5.1509873e-12
2020-04-15,4.787513e-12,4.8450185e-12,4.742995e-12,1.0,4.417839e-12,4.880653e-12,4.624013e-12
2022-03-28,4.8360352e-12,4.883447e-12,4.750763e-12,1.0,4.4548844e-12,4.895253e-12,4.674773e-12
2023-03-12,4.9934033e-12,4.9911178e-12,5.054095e-12,1.0,4.576073e-12,5.108095e-12,4.765957e-12
2020-08-08,4.800461e-12,4.8726912e-12,4.780651e-12,1.0,4.4434786e-12,4.9117325e-12,4.64367e-12
2020-02-01,4.790445e-12,4.85077e-12,4.76672e-12,1.0,4.42418e-12,4.901457e-12,4.6268007e-12
2023-01-25,5.9444775e-12,5.6398206e-12,7.294713e-12,1.0,5.2656217e-12,6.427256e-12,5.2530424e-12
2024-06-14,5.728996e-12,5.5536756e-12,6.71513e-12,1.0,5.125819e-12,6.1296554e-12,5.1771677e-12
2019-11-12,4.77277e-12,4.8424134e-12,4.7580364e-12,1.0,4.413628e-12,4.892117e-12,4.6104158e-12
2020-10-31,4.7755745e-12,4.847551e-12,4.765757e-12,1.0,4.419474e-12,4.901401e-12,4.615607e-12
2023-01-13,6.024389e-12,5.6888483e-12,7.478535e-12,1.0,5.319507e-12,6.5237403e-12,5.2937576e-12
2020-12-08,4.7664836e-12,4.836284e-12,4.7591436e-12,1.0,4.408512e-12,4.892695e-12,4.604405e-12
2022-06-27,4.832762e-12,4.9128006e-12,4.8082866e-12,1.0,4.4863826e-12,4.9451034e-12,4.6836805e-12
2023-11-13,4.821593e-12,4.8805604e-12,4.80847e-12,1.0,4.451113e-12,4.940484e-12,4.6511514e-12
2020-11-29,4.7666927e-12,4.8373913e-12,4.75722e-12,1.0,4.4096224e-12,4.8918183e-12,4.605195e-12
2023-04-14,4.878392e-12,4.920922e-12,4.8512696e-12,1.0,4.4948108e-12,4.9944697e-12,4.7063182e-12
2020-06-13,4.813434e-12,5.028959e-12,5.0012577e-12,1.0,4.4522337e-12,4.9451407e-12,4.6572585e-12
2020-12-11,4.76532e-12,4.8351037e-12,4.7583088e-12,1.0,4.407453e-12,4.891576e-12,4.6033333e-12
2020-02-03,4.7693668e-12,4.835602e-12,4.752812e-12,1.0,4.4073187e-12,4.8855898e-12,4.6068644e-12
2022-03-17,4.8093318e-12,4.8788846e-12,4.793928e-12,1.0,4.4454796e-12,4.925899e-12,4.648491e-12
2020-03-20,4.7854954e-12,4.850437e-12,4.7790647e-12,1.0,4.4199627e-12,4.910927e-12,4.6215974e-12
2024-07-16,4.869458e-12,4.958628e-12,4.8501593e-12,1.0,4.5202934e-12,4.9715644e-12,4.726649e-12
2024-09-22,4.910786e-12,5.134861e-12,5.1429763e-12,1.0,4.513229e-12,5.0726567e-12,4.7389076e-12
2024-09-21,4.865763e-12,4.987121e-12,4.9197395e-12,1.0,4.4910573e-12,4.9932124e-12,4.701635e-12
2020-12-22,4.7704765e-12,4.8388494e-12,4.7600513e-12,1.0,4.4112877e-12,4.894151e-12,4.6086043e-12
2024-07-06,4.854111e-12,4.9287e-12,4.8285976e-12,1.0,4.486725e-12,4.9780735e-12,4.7049543e-12
2020-11-23,4.772479e-12,4.8436324e-12,4.7596705e-12,1.0,4.4158e-12,4.8965792e-12,4.6117173e-12
2023-01-12,6.0207585e-12,5.6872857e-12,7.472376e-12,1.0,5.3172345e-12,6.5192873e-12,5.2917185e-12
2020-02-21,4.7856684e-12,4.8496597e-12,4.7615046e-12,1.0,4.414823e-12,4.8913144e-12,4.6219673e-12
2019-12-07,4.7650564e-12,4.834827e-12,4.751162e-12,1.0,4.404058e-12,4.883521e-12,4.602315e-12
2022-03-16,4.830495e-12,4.8911092e-12,4.7934703e-12,1.0,4.4597472e-12,4.930317e-12,4.6683044e-12
2021-11-02,4.9511246e-12,4.973158e-12,4.9948704e-12,1.0,4.5596413e-12,5.069697e-12,4.774363e-12
2023-04-28,4.786034e-12,4.8513806e-12,4.7847195e-12,1.0,4.4218683e-12,4.915088e-12,4.621756e-12
2021-07-22,4.9043187e-12,4.96281e-12,4.865522e-12,1.0,4.5452275e-12,5.00391e-12,4.7719055e-12
2021-06-13,4.8314902e-12,5.044022e-12,5.0398093e-12,1.0,4.452047e-12,4.9415203e-12,4.664175e-12
2023-04-20,4.791021e-12,4.8575657e-12,4.7927023e-12,1.0,4.4258677e-12,4.9269703e-12,4.6262365e-12
2019-03-30,4.869523e-12,4.8949542e-12,4.701043e-12,1.0,4.4634405e-12,4.858585e-12,4.7052414e-12
2019-11-26,4.766911e-12,4.8342736e-12,4.744443e-12,1.0,4.4048476e-12,4.8788846e-12,4.603878e-12
2024-11-21,4.7795296e-12,4.846146e-12,4.7553146e-12,1.0,4.418378e-12,4.8995877e-12,4.617315e-12
2019-12-13,4.7628034e-12,4.8326143e-12,4.752776e-12,1.0,4.4031675e-12,4.8852914e-12,4.6002087e-12
2020-10-21,4.79711e-12,4.871743e-12,4.792428e-12,1.0,4.4396834e-12,4.9263506e-12,4.637014e-12
2024-04-11,4.7697944e-12,4.832725e-12,4.7405717e-12,1.0,4.4032013e-12,4.877471e-12,4.605547e-12
2023-05-23,4.7798484e-12,4.8477177e-12,4.7582e-12,1.0,4.419036e-12,4.895253e-12,4.618478e-12
2020-12-19,4.7674837e-12,4.8364503e-12,4.7583088e-12,1.0,4.4087477e-12,4.8918183e-12,4.6054415e-12
2021-12-09,4.8997555e-12,4.929508e-12,5.0113026e-12,1.0,4.50664e-12,5.0583188e-12,4.681644e-12
2021-01-09,4.77348e-12,4.8400494e-12,4.760306e-12,1.0,4.41186e-12,4.8934233e-12,4.610574e-12
2024-07-02,4.8267557e-12,4.900728e-12,4.800241e-12,1.0,4.461193e-12,4.936923e-12,4.6708514e-12
2023-06-06,4.816116e-12,4.918051e-12,4.8371333e-12,1.0,4.4508073e-12,4.9272335e-12,4.6598532e-12
2021-01-10,4.773462e-12,4.840622e-12,4.7602512e-12,1.0,4.41186e-12,4.893405e-12,4.6107675e-12
2023-08-28,4.9271863e-12,4.962867e-12,4.899868e-12,1.0,4.533089e-12,5.0308585e-12,4.7418194e-12
2023-07-02,4.8796947e-12,5.2036e-12,5.271188e-12,1.0,4.5038044e-12,5.0087608e-12,4.714512e-12
2020-02-18,4.788673e-12,4.8517874e-12,4.7645932e-12,1.0,4.4188503e-12,4.895664e-12,4.625424e-12
2020-07-18,4.8146183e-12,4.889822e-12,4.796836e-12,1.0,4.463764e-12,4.931596e-12,4.661133e-12
2019-04-29,4.7966076e-12,4.857584e-12,4.781855e-12,1.0,4.4320684e-12,4.916644e-12,4.6329824e-12
2021-09-17,4.8161796e-12,4.9055157e-12,4.822081e-12,1.0,4.4618233e-12,4.9529187e-12,4.660209e-12
2020-10-07,4.803483e-12,4.8760197e-12,4.7895954e-12,1.0,4.446208e-12,4.9278728e-12,4.644485e-12
2021-03-25,5.1730022e-12,5.099587e-12,4.8868943e-12,1.0,4.692282e-12,5.069968e-12,4.972399e-12
2021-03-14,4.840151e-12,4.8874346e-12,4.7960494e-12,1.0,4.461023e-12,4.9331576e-12,4.6703526e-12
2023-08-09,4.847819e-12,4.931991e-12,4.8459795e-12,1.0,4.4804993e-12,4.95273e-12,4.685914e-12
2022-02-20,4.7802222e-12,4.843392e-12,4.749604e-12,1.0,4.4074024e-12,4.881305e-12,4.6159942e-12
2021-05-10,4.781353e-12,4.847551e-12,4.776458e-12,1.0,4.421042e-12,4.9086234e-12,4.618918e-12
2023-08-01,4.832762e-12,4.9002226e-12,4.8050773e-12,1.0,4.4733605e-12,4.9388818e-12,4.675148e-12
2020-05-25,4.774218e-12,4.844797e-12,4.764502e-12,1.0,4.4090504e-12,4.894581e-12,4.6102224e-12
2022-05-22,4.7887185e-12,4.946084e-12,4.9036265e-12,1.0,4.4249058e-12,4.9063392e-12,4.6246834e-12
2024-05-23,4.803941e-12,4.9994453e-12,4.978302e-12,1.0,4.440141e-12,4.9253167e-12,4.6361825e-12
2023-12-22,4.767875e-12,4.836026e-12,4.7585265e-12,1.0,4.408294e-12,4.890848e-12,4.6044926e-12
2024-04-04,4.7821742e-12,4.8448892e-12,4.7608688e-12,1.0,4.4166424e-12,4.8976253e-12,4.617685e-12
2022-04-09,4.7873394e-12,4.8541574e-12,4.7745093e-12,1.0,4.426155e-12,4.9099344e-12,4.625266e-12
2022-09-03,4.957834e-12,5.03393e-12,4.935172e-12,1.0,4.5956663e-12,5.09051e-12,4.800131e-12
2020-12-21,4.7653296e-12,4.8349562e-12,4.757002e-12,1.0,4.4070325e-12,4.8905498e-12,4.603562e-12
2023-09-16,5.0186773e-12,5.0478905e-12,4.9549032e-12,1.0,4.619764e-12,5.1136127e-12,4.835362e-12
2021-03-02,4.815197e-12,4.8718547e-12,4.7944764e-12,1.0,4.445123e-12,4.927534e-12,4.6479587e-12
2019-07-06,4.843928e-12,4.9170754e-12,4.8180175e-12,1.0,4.500902e-12,4.949595e-12,4.6979417e-12
2024-03-10,4.815785e-12,4.8865963e-12,4.782238e-12,1.0,4.440208e-12,4.9145063e-12,4.657099e-12
2023-04-09,4.896159e-12,4.932085e-12,4.846294e-12,1.0,4.509168e-12,4.9926794e-12,4.7256574e-12
2023-07-17,4.8188814e-12,4.8885535e-12,4.7936533e-12,1.0,4.4647515e-12,4.928136e-12,4.6641033e-12
2023-08-11,4.8710094e-12,5.0005707e-12,4.9273086e-12,1.0,4.501142e-12,4.9728737e-12,4.710054e-12
2019-10-30,4.780323e-12,4.852991e-12,4.771632e-12,1.0,4.420351e-12,4.9056093e-12,4.6182663e-12
2023-11-28,4.800378e-12,4.8589743e-12,4.806801e-12,1.0,4.4324236e-12,4.9228937e-12,4.62516e-12
2021-06-18,4.871056e-12,5.2957773e-12,5.4039776e-12,1.0,4.4836795e-12,4.9771433e-12,4.6989634e-12
2021-07-26,4.8538335e-12,4.930129e-12,4.8210507e-12,1.0,4.5013828e-12,4.9647604e-12,4.7083656e-12
2022-08-24,5.260281e-12,5.2452933e-12,5.1314534e-12,1.0,4.6872727e-12,5.2507183e-12,5.029669e-12
2020-08-30,4.806737e-12,4.897588e-12,4.8167494e-12,1.0,4.442767e-12,4.9176383e-12,4.645477e-12
2023-09-20,5.0098116e-12,5.0310502e-12,4.938995e-12,1.0,4.6050373e-12,5.0955616e-12,4.825283e-12
2023-06-02,4.792666e-12,4.949104e-12,4.9037757e-12,1.0,4.425665e-12,4.90458e-12,4.630615e-12
2022-11-15,4.985295e-12,4.993689e-12,5.1860027e-12,1.0,4.570386e-12,5.173377e-12,4.7313937e-12
2023-03-22,4.912014e-12,4.932424e-12,4.8280446e-12,1.0,4.514073e-12,4.968038e-12,4.737769e-12
2023-09-11,5.1131053e-12,5.1008126e-12,5.0642463e-12,1.0,4.6781984e-12,5.177523e-12,4.900503e-12
2020-10-15,4.7974584e-12,4.872078e-12,4.7920626e-12,1.0,4.440869e-12,4.9269143e-12,4.637739e-12
2023-03-31,4.8491324e-12,4.891333e-12,4.7986845e-12,1.0,4.4693693e-12,4.9373374e-12,4.6800545e-12
2024-10-18,4.8627105e-12,4.9363955e-12,4.806764e-12,1.0,4.4953763e-12,4.9680004e-12,4.7041104e-12
2023-12-31,4.768457e-12,4.836284e-12,4.756548e-12,1.0,4.4082095e-12,4.8892813e-12,4.605248e-12
2022-07-14,4.9396355e-12,5.0094867e-12,4.8884607e-12,1.0,4.5994545e-12,5.013253e-12,4.802769e-12
2024-09-27,4.8547594e-12,4.9862267e-12,4.9069754e-12,1.0,4.483611e-12,4.9807524e-12,4.6971355e-12
2024-10-05,4.8240864e-12,4.8986527e-12,4.796251e-12,1.0,4.4619933e-12,4.9380526e-12,4.6654204e-12
2020-03-23,4.778445e-12,4.8467745e-12,4.77176e-12,1.0,4.4187826e-12,4.904842e-12,4.6166456e-12
2022-06-13,4.797257e-12,4.924415e-12,4.874718e-12,1.0,4.433472e-12,4.934908e-12,4.636448e-12
2022-03-05,4.797275e-12,4.8580476e-12,4.745674e-12,1.0,4.409925e-12,4.8749407e-12,4.6328943e-12
2019-10-24,4.79336e-12,4.864297e-12,4.779375e-12,1.0,4.4328803e-12,4.917976e-12,4.630986e-12
2020-08-14,4.8073785e-12,4.874457e-12,4.7747093e-12,1.0,4.447939e-12,4.9062833e-12,4.6504593e-12
2023-06-08,4.813847e-12,4.903589e-12,4.8283027e-12,1.0,4.4522e-12,4.9355862e-12,4.657472e-12
2022-03-22,4.8261018e-12,4.8868943e-12,4.78976e-12,1.0,4.456601e-12,4.9271585e-12,4.6647265e-12
2023-11-29,4.797312e-12,4.85688e-12,4.803153e-12,1.0,4.4301247e-12,4.920265e-12,4.6228663e-12
2019-06-02,4.953136e-12,5.0783683e-12,4.928136e-12,1.0,4.6812866e-12,5.334748e-12,4.916869e-12
2020-02-20,4.7809335e-12,4.845887e-12,4.7591254e-12,1.0,4.4122475e-12,4.8891694e-12,4.617421e-12
2023-12-17,4.7725153e-12,4.8400307e-12,4.766393e-12,1.0,4.412449e-12,4.8963177e-12,4.6075145e-12
2019-12-22,4.7625944e-12,4.832688e-12,4.7537907e-12,1.0,4.4035877e-12,4.8868015e-12,4.6002967e-12
2022-03-24,4.821575e-12,4.8872672e-12,4.793434e-12,1.0,4.4552413e-12,4.9299974e-12,4.6622177e-12
2021-06-30,4.798053e-12,4.8688826e-12,4.7776067e-12,1.0,4.4266114e-12,4.907893e-12,4.634185e-12
2023-12-30,4.767275e-12,4.8352516e-12,4.754262e-12,1.0,4.407352e-12,4.8875097e-12,4.6044397e-12
2023-05-19,4.777661e-12,4.843226e-12,4.7597065e-12,1.0,4.415025e-12,4.8968407e-12,4.6148146e-12
2023-03-29,4.876373e-12,4.9113205e-12,4.814196e-12,1.0,4.491297e-12,4.956264e-12,4.7054747e-12
2021-08-28,4.8156474e-12,4.8897475e-12,4.789888e-12,1.0,4.4565666e-12,4.9273086e-12,4.658094e-12
2024-03-25,4.7902533e-12,4.8555092e-12,4.7649567e-12,1.0,4.4220374e-12,4.9018684e-12,4.627507e-12
2023-08-20,4.8917623e-12,4.948028e-12,4.8628684e-12,1.0,4.513453e-12,4.9994262e-12,4.7215313e-12
2021-02-03,4.800095e-12,4.858993e-12,4.7597243e-12,1.0,4.4200303e-12,4.890456e-12,4.6349626e-12
2023-01-23,5.8252665e-12,5.5628566e-12,7.014026e-12,1.0,5.181712e-12,6.2694893e-12,5.190912e-12
2021-09-27,4.8302556e-12,4.986988e-12,4.9028967e-12,1.0,4.4663015e-12,4.9392023e-12,4.677574e-12
2021-06-27,4.789778e-12,4.8796293e-12,4.797257e-12,1.0,4.427658e-12,4.9071632e-12,4.629096e-12
2020-09-24,4.8183666e-12,4.8971396e-12,4.800442e-12,1.0,4.4617717e-12,4.93826e-12,4.6625915e-12
2022-06-07,4.7809517e-12,4.8699413e-12,4.8210142e-12,1.0,4.4108003e-12,4.945801e-12,4.615783e-12
2023-07-15,4.832421e-12,4.902691e-12,4.795501e-12,1.0,4.47517e-12,4.932217e-12,4.6793762e-12
2020-07-02,4.813425e-12,4.8860187e-12,4.793635e-12,1.0,4.437465e-12,4.926256e-12,4.6493417e-12
2020-12-29,4.77054e-12,4.838775e-12,4.7596705e-12,1.0,4.410884e-12,4.8932932e-12,4.6084642e-12
2022-03-30,4.823406e-12,4.8808206e-12,4.7728882e-12,1.0,4.4525056e-12,4.9133818e-12,4.662965e-12
2020-07-03,4.8281457e-12,4.9058344e-12,4.8150962e-12,1.0,4.4449023e-12,4.9374315e-12,4.6621648e-12
2019-11-14,4.769958e-12,4.8400494e-12,4.756076e-12,1.0,4.411389e-12,4.8896356e-12,4.6079538e-12
2020-02-10,4.7803137e-12,4.8452032e-12,4.7631395e-12,1.0,4.4164577e-12,4.895571e-12,4.6177203e-12
2023-05-15,4.7781536e-12,4.84439e-12,4.766957e-12,1.0,4.415396e-12,4.901962e-12,4.6149907e-12
2021-07-02,4.844122e-12,4.9028967e-12,4.7947323e-12,1.0,4.4474468e-12,4.9305616e-12,4.6737744e-12
2021-05-12,4.7785725e-12,4.8459427e-12,4.7755654e-12,1.0,4.4178723e-12,4.9068445e-12,4.6162583e-12
2022-04-22,4.8225777e-12,4.8788478e-12,4.7933792e-12,1.0,4.4550028e-12,4.9261437e-12,4.6578804e-12
2023-01-29,5.7201843e-12,5.489748e-12,6.784574e-12,1.0,5.10529e-12,6.133655e-12,5.1312383e-12
2024-12-09,4.775447e-12,4.841582e-12,4.752177e-12,1.0,4.4146718e-12,4.8946927e-12,4.6127555e-12
2024-07-03,4.820122e-12,4.89572e-12,4.805756e-12,1.0,4.4540517e-12,4.939579e-12,4.663036e-12
2020-03-29,4.847819e-12,4.8969526e-12,4.8208854e-12,1.0,4.4701196e-12,4.958288e-12,4.6797865e-12
2021-02-08,4.8055544e-12,4.8634248e-12,4.7678662e-12,1.0,4.4225097e-12,4.8939086e-12,4.638942e-12
2021-07-24,4.897719e-12,4.9686258e-12,4.860068e-12,1.0,4.5459214e-12,5.0017534e-12,4.7672656e-12
2020-09-25,4.8139847e-12,4.891613e-12,4.799655e-12,1.0,4.458097e-12,4.936942e-12,4.6577204e-12
2022-01-08,4.7620497e-12,4.831453e-12,4.7556408e-12,1.0,4.4043606e-12,4.887994e-12,4.59984e-12
2020-06-12,4.8061225e-12,4.9757954e-12,4.9288876e-12,1.0,4.444207e-12,4.934475e-12,4.6485615e-12
2023-10-27,4.8346422e-12,4.893143e-12,4.806764e-12,1.0,4.461976e-12,4.943217e-12,4.66599e-12
2024-07-28,4.8473664e-12,4.9460653e-12,4.8553054e-12,1.0,4.4977607e-12,4.958931e-12,4.6997883e-12
2020-07-05,4.822311e-12,4.902878e-12,4.8150594e-12,1.0,4.443784e-12,4.939353e-12,4.657454e-12
2022-09-13,5.060886e-12,5.146175e-12,5.0581067e-12,1.0,4.708958e-12,5.233042e-12,4.9045616e-12
2024-05-03,4.7904727e-12,4.8573433e-12,4.774017e-12,1.0,4.4201986e-12,4.904019e-12,4.626307e-12
2022-12-07,5.626734e-12,5.4288752e-12,6.5486735e-12,1.0,5.0394255e-12,5.999689e-12,5.0849784e-12
2021-06-29,4.7844185e-12,4.861867e-12,4.774782e-12,1.0,4.4216996e-12,4.9027097e-12,4.62329e-12
2020-08-17,4.8105335e-12,4.879071e-12,4.7820554e-12,1.0,4.455156e-12,4.9132317e-12,4.655074e-12
2020-09-15,4.8709257e-12,4.9687966e-12,4.8766707e-12,1.0,4.514934e-12,4.983755e-12,4.726487e-12
2024-01-09,4.764212e-12,4.8330753e-12,4.7539906e-12,1.0,4.4040414e-12,4.8857012e-12,4.601402e-12
2021-07-23,4.9201806e-12,4.979669e-12,4.8739185e-12,1.0,4.5611375e-12,5.0106334e-12,4.79305e-12
2020-11-12,4.771132e-12,4.8411943e-12,4.756548e-12,1.0,4.413948e-12,4.892938e-12,4.610451e-12
2024-07-26,4.883978e-12,5.0844554e-12,5.070026e-12,1.0,4.508996e-12,5.0079394e-12,4.725135e-12
2024-08-03,4.7989225e-12,4.8721335e-12,4.775001e-12,1.0,4.4414958e-12,4.9084547e-12,4.643457e-12
2021-12-17,4.8098548e-12,4.866394e-12,4.8447227e-12,1.0,4.4395815e-12,4.947273e-12,4.628231e-12
2023-09-07,5.1261413e-12,5.119292e-12,5.066681e-12,1.0,4.6934817e-12,5.1885557e-12,4.917132e-12
2021-05-24,4.791569e-12,4.859938e-12,4.774782e-12,1.0,4.4326435e-12,4.923063e-12,4.6345206e-12
2022-04-02,4.791934e-12,4.8597714e-12,4.7725972e-12,1.0,4.42999e-12,4.9086794e-12,4.631145e-12
2019-09-16,4.990509e-12,5.097778e-12,5.030955e-12,1.0,4.6336186e-12,5.224385e-12,4.836266e-12
2019-11-24,4.7681204e-12,4.8358782e-12,4.74763e-12,1.0,4.406629e-12,4.882273e-12,4.605406e-12
2022-12-26,6.0321843e-12,5.691996e-12,7.483329e-12,1.0,5.3224703e-12,6.5253085e-12,5.29798e-12
2019-11-20,4.7665925e-12,4.8357308e-12,4.751434e-12,1.0,4.4071673e-12,4.8848443e-12,4.604229e-12
2023-02-14,5.6988507e-12,5.483302e-12,6.7027946e-12,1.0,5.1001317e-12,6.1021726e-12,5.1319235e-12
2021-03-08,4.8198277e-12,4.8741415e-12,4.791569e-12,1.0,4.4470564e-12,4.9256363e-12,4.6517365e-12
2023-04-08,4.903495e-12,4.936113e-12,4.844224e-12,1.0,4.5152267e-12,4.992908e-12,4.7320615e-12
2020-04-07,4.869458e-12,4.900354e-12,4.788061e-12,1.0,4.4675114e-12,4.933365e-12,4.6954693e-12
2023-11-25,4.8101115e-12,4.8674524e-12,4.828266e-12,1.0,4.4407507e-12,4.9403138e-12,4.6316926e-12
2019-09-25,4.9160155e-12,5.007786e-12,4.944405e-12,1.0,4.554652e-12,5.105913e-12,4.7527212e-12
2024-11-26,4.792008e-12,4.8526205e-12,4.751198e-12,1.0,4.4279285e-12,4.9042623e-12,4.6286724e-12
2021-08-04,4.972048e-12,5.127129e-12,4.9962612e-12,1.0,4.639438e-12,5.1274224e-12,4.840437e-12
2022-03-15,4.821575e-12,4.8852727e-12,4.7920444e-12,1.0,4.4526414e-12,4.9270644e-12,4.6594087e-12
2020-11-28,4.768803e-12,4.839015e-12,4.7599793e-12,1.0,4.4115237e-12,4.8932932e-12,4.606917e-12
2020-04-05,4.8843134e-12,4.920753e-12,4.830882e-12,1.0,4.491109e-12,4.974809e-12,4.7118334e-12
2023-03-07,5.026389e-12,5.0175003e-12,5.1504764e-12,1.0,4.6015605e-12,5.1674793e-12,4.7791016e-12
2021-06-19,4.8579548e-12,5.1504764e-12,5.1830363e-12,1.0,4.4669663e-12,4.960369e-12,4.685628e-12
2019-10-23,4.7945766e-12,4.865856e-12,4.7807058e-12,1.0,4.4338274e-12,4.9183322e-12,4.631922e-12
2023-06-09,4.8107907e-12,4.89884e-12,4.8220998e-12,1.0,4.45023e-12,4.9320287e-12,4.6540267e-12
2023-08-03,4.8384617e-12,4.9039067e-12,4.813498e-12,1.0,4.4764847e-12,4.946386e-12,4.6786624e-12
2019-04-20,4.7853306e-12,4.848235e-12,4.763612e-12,1.0,4.4208057e-12,4.894805e-12,4.622514e-12
2019-05-17,4.8002136e-12,4.859456e-12,4.769922e-12,1.0,4.4335056e-12,4.9063583e-12,4.6377923e-12
2021-08-15,4.8132136e-12,4.8937967e-12,4.7951534e-12,1.0,4.4595937e-12,4.9269894e-12,4.660813e-12
2020-10-09,4.8088825e-12,4.8784752e-12,4.7836245e-12,1.0,4.4477182e-12,4.923814e-12,4.648171e-12
2021-11-17,4.9882342e-12,4.990451e-12,5.188971e-12,1.0,4.5708914e-12,5.1676376e-12,4.731033e-12
2024-06-23,4.802796e-12,4.8879386e-12,4.8022736e-12,1.0,4.4472095e-12,4.939127e-12,4.6529967e-12
2020-09-14,4.8759915e-12,4.965973e-12,4.876392e-12,1.0,4.516933e-12,4.9823487e-12,4.733036e-12
2024-10-17,4.8639348e-12,4.9323674e-12,4.815794e-12,1.0,4.496783e-12,4.972494e-12,4.7031415e-12
2020-04-16,4.773535e-12,4.833665e-12,4.7314297e-12,1.0,4.4072176e-12,4.867861e-12,4.611102e-12
2019-11-06,4.7717507e-12,4.8435214e-12,4.762885e-12,1.0,4.413072e-12,4.8966534e-12,4.609501e-12
2023-01-09,6.0450156e-12,5.7015356e-12,7.5310105e-12,1.0,5.332591e-12,6.550148e-12,5.3032773e-12
2024-04-13,4.767966e-12,4.831803e-12,4.74323e-12,1.0,4.4015386e-12,4.878978e-12,4.603509e-12
2024-03-19,4.787084e-12,4.8503072e-12,4.754988e-12,1.0,4.4103623e-12,4.8905498e-12,4.620751e-12
2023-05-26,4.776358e-12,4.8428384e-12,4.7470135e-12,1.0,4.4147056e-12,4.884937e-12,4.6161876e-12
2024-08-16,4.838997e-12,4.903982e-12,4.799124e-12,1.0,4.4812856e-12,4.932593e-12,4.684806e-12
2023-07-14,4.8385445e-12,4.909391e-12,4.802347e-12,1.0,4.481542e-12,4.938957e-12,4.6860575e-12
2021-06-22,4.841674e-12,4.983489e-12,4.9304866e-12,1.0,4.4495176e-12,4.938072e-12,4.669783e-12
2024-10-07,4.822918e-12,4.893853e-12,4.789157e-12,1.0,4.4585394e-12,4.9343997e-12,4.6622537e-12
2019-12-03,4.7633026e-12,4.833702e-12,4.7510537e-12,1.0,4.403638e-12,4.8839682e-12,4.600858e-12
2021-01-24,4.7836336e-12,4.8477177e-12,4.757401e-12,1.0,4.4142506e-12,4.890848e-12,4.6202924e-12
2024-12-16,4.7780256e-12,4.8436324e-12,4.753265e-12,1.0,4.41703e-12,4.8979245e-12,4.615255e-12
2021-01-27,4.7811794e-12,4.8453884e-12,4.7526124e-12,1.0,4.41043e-12,4.8849e-12,4.61809e-12
2024-11-09,4.823277e-12,4.8831117e-12,4.7714324e-12,1.0,4.455088e-12,4.931671e-12,4.6605467e-12
2023-03-16,5.0379935e-12,5.0236286e-12,5.1206986e-12,1.0,4.6104158e-12,5.155194e-12,4.7975317e-12
2021-08-07,5.0447814e-12,5.2443527e-12,5.104453e-12,1.0,4.726902e-12,5.231146e-12,4.919984e-12
2019-08-20,4.8571767e-12,4.9796126e-12,4.9247906e-12,1.0,4.481747e-12,4.981987e-12,4.6897946e-12
2021-02-23,4.789879e-12,4.8551206e-12,4.7924646e-12,1.0,4.427303e-12,4.918145e-12,4.6235546e-12
2022-07-28,4.834661e-12,4.90647e-12,4.8061594e-12,1.0,4.484774e-12,4.9396164e-12,4.6846984e-12
2019-03-28,4.795501e-12,4.858622e-12,4.746036e-12,1.0,4.4248216e-12,4.8845086e-12,4.636253e-12
2023-09-28,4.9814554e-12,5.0090093e-12,4.8976066e-12,1.0,4.5877664e-12,5.073334e-12,4.8019626e-12
2024-03-13,4.7967173e-12,4.866784e-12,4.7625944e-12,1.0,4.4223236e-12,4.8985785e-12,4.6375096e-12
2021-01-31,4.7935163e-12,4.8539723e-12,4.7514523e-12,1.0,4.4145707e-12,4.883652e-12,4.6295025e-12
2020-10-24,4.7981996e-12,4.8750526e-12,4.7941655e-12,1.0,4.4401236e-12,4.929207e-12,4.6379164e-12
2021-09-15,4.820214e-12,4.929358e-12,4.8572505e-12,1.0,4.4673583e-12,4.96603e-12,4.662609e-12
2020-06-25,4.8587427e-12,4.9132694e-12,4.826314e-12,1.0,4.4812175e-12,4.954714e-12,4.710845e-12
2019-12-04,4.764484e-12,4.8345316e-12,4.75167e-12,1.0,4.4043606e-12,4.8846205e-12,4.602034e-12
2020-12-01,4.764366e-12,4.834827e-12,4.7582546e-12,1.0,4.4071e-12,4.8909787e-12,4.602315e-12
2022-01-29,4.7784905e-12,4.842635e-12,4.7648474e-12,1.0,4.416474e-12,4.8986344e-12,4.6144625e-12
2024-04-28,4.7682023e-12,4.8341812e-12,4.7486438e-12,1.0,4.4031176e-12,4.883093e-12,4.6044926e-12
2023-08-23,4.8991015e-12,4.939956e-12,4.870833e-12,1.0,4.5143143e-12,4.9999787e-12,4.7213513e-12
2024-06-19,4.9803434e-12,5.029285e-12,5.139623e-12,1.0,4.5923014e-12,5.184243e-12,4.7719055e-12
2021-01-15,4.7705767e-12,4.8380744e-12,4.7560944e-12,1.0,4.407991e-12,4.8887778e-12,4.607884e-12
2021-12-18,4.7902437e-12,4.852269e-12,4.8072228e-12,1.0,4.4253112e-12,4.9229687e-12,4.6169097e-12
2022-12-31,5.6426717e-12,5.433496e-12,6.582636e-12,1.0,5.0448873e-12,6.0128404e-12,5.0906267e-12
2024-04-23,4.7697124e-12,4.8328355e-12,4.7445515e-12,1.0,4.4031176e-12,4.8793877e-12,4.6052307e-12
2019-07-16,4.8133606e-12,4.8864844e-12,4.798465e-12,1.0,4.456108e-12,4.9243396e-12,4.6572585e-12
2021-02-02,4.8010285e-12,4.860272e-12,4.7600695e-12,1.0,4.4207723e-12,4.890848e-12,4.6361474e-12
2019-10-31,4.776613e-12,4.8493085e-12,4.769576e-12,1.0,4.41858e-12,4.903926e-12,4.61492e-12
2024-05-06,4.7960125e-12,4.8677494e-12,4.7885355e-12,1.0,4.4271006e-12,4.9146377e-12,4.633866e-12
2022-09-25,5.1621598e-12,5.2539644e-12,5.1839657e-12,1.0,4.8062504e-12,5.3762194e-12,5.0015244e-12
2022-01-21,4.764366e-12,4.832559e-12,4.7565667e-12,1.0,4.4054864e-12,4.8887778e-12,4.6015605e-12
2020-11-24,4.7713777e-12,4.842542e-12,4.7604147e-12,1.0,4.4149584e-12,4.8963364e-12,4.6103104e-12
2019-06-13,4.8309737e-12,4.9109458e-12,4.8152797e-12,1.0,4.4687557e-12,4.937488e-12,4.6743985e-12
2024-08-01,4.8056732e-12,4.878997e-12,4.7846466e-12,1.0,4.448363e-12,4.9187824e-12,4.6505477e-12
2022-05-24,4.786271e-12,4.94867e-12,4.9082674e-12,1.0,4.420115e-12,4.8988214e-12,4.6211034e-12
2020-10-25,4.7926567e-12,4.8704053e-12,4.7905273e-12,1.0,4.4357387e-12,4.924077e-12,4.6327703e-12
2022-02-21,4.7806693e-12,4.8438176e-12,4.7494773e-12,1.0,4.4068477e-12,4.8805417e-12,4.6164166e-12
2023-08-31,4.945782e-12,4.983926e-12,4.8937035e-12,1.0,4.5504147e-12,5.0286333e-12,4.7702853e-12
2020-09-28,4.801779e-12,4.8747547e-12,4.7921905e-12,1.0,4.4451573e-12,4.9294895e-12,4.642377e-12
2019-06-09,4.807608e-12,4.9058526e-12,4.8287446e-12,1.0,4.438854e-12,4.9182386e-12,4.6446796e-12
2024-10-03,4.8265805e-12,4.9096343e-12,4.8125067e-12,1.0,4.4679035e-12,4.94599e-12,4.6701033e-12
2024-09-02,4.8969713e-12,4.9444992e-12,4.858863e-12,1.0,4.516777e-12,4.9858655e-12,4.726992e-12
2019-12-26,4.7609867e-12,4.8307343e-12,4.753247e-12,1.0,4.402328e-12,4.8858504e-12,4.598577e-12
2023-02-28,5.07526e-12,5.049412e-12,5.2739037e-12,1.0,4.6355107e-12,5.238035e-12,4.799179e-12
2022-08-22,5.1544073e-12,5.1598764e-12,5.0506643e-12,1.0,4.632912e-12,5.1762986e-12,4.9410302e-12
2020-09-04,4.870322e-12,5.063087e-12,5.0174045e-12,1.0,4.492154e-12,4.95755e-12,4.710018e-12
2023-12-11,4.7828764e-12,4.847329e-12,4.780031e-12,1.0,4.4206878e-12,4.9066953e-12,4.6146208e-12
2021-04-29,4.78035e-12,4.8473664e-12,4.7811434e-12,1.0,4.41971e-12,4.9142626e-12,4.617192e-12
2024-01-12,4.7652477e-12,4.834145e-12,4.755605e-12,1.0,4.4051837e-12,4.887174e-12,4.602438e-12
2023-01-07,5.2267773e-12,5.152874e-12,5.6943196e-12,1.0,4.7451487e-12,5.48073e-12,4.860958e-12
2020-06-03,4.797989e-12,5.0092573e-12,4.9987397e-12,1.0,4.4324913e-12,4.9227246e-12,4.6347327e-12
2021-01-19,4.7734074e-12,4.839994e-12,4.756512e-12,1.0,4.4094715e-12,4.8892253e-12,4.610662e-12
2024-12-23,4.7770776e-12,4.843078e-12,4.7553506e-12,1.0,4.415918e-12,4.897831e-12,4.6136706e-12
2022-06-08,4.7764856e-12,4.8665425e-12,4.815702e-12,1.0,4.4079744e-12,4.9353035e-12,4.6117e-12
2019-12-18,4.7632666e-12,4.8328355e-12,4.7527576e-12,1.0,4.4034533e-12,4.885925e-12,4.6006124e-12
2022-08-30,5.245423e-12,5.2480147e-12,5.1343127e-12,1.0,4.7110245e-12,5.266867e-12,5.028077e-12
2019-12-12,4.762367e-12,4.8318216e-12,4.751072e-12,1.0,4.4022945e-12,4.8839127e-12,4.5995946e-12
2022-02-23,4.7851853e-12,4.847311e-12,4.748191e-12,1.0,4.4079575e-12,4.879592e-12,4.620504e-12
2023-02-27,5.085357e-12,5.057335e-12,5.2961207e-12,1.0,4.6430854e-12,5.2519404e-12,4.8048757e-12
2020-06-20,4.888041e-12,4.939127e-12,4.8625526e-12,1.0,4.5132465e-12,4.980106e-12,4.7534463e-12
2022-06-10,4.7868827e-12,4.886316e-12,4.8421918e-12,1.0,4.416272e-12,4.9467258e-12,4.62128e-12
2024-09-12,4.8366255e-12,4.9058713e-12,4.8214007e-12,1.0,4.4704435e-12,4.944311e-12,4.672099e-12
2020-03-16,4.775493e-12,4.8432074e-12,4.7748914e-12,1.0,4.411709e-12,4.9061896e-12,4.611788e-12
2020-06-17,4.8043167e-12,4.882199e-12,4.7927938e-12,1.0,4.4391418e-12,4.9106275e-12,4.65053e-12
2022-12-22,5.549948e-12,5.3721806e-12,6.3815216e-12,1.0,4.9788524e-12,5.8949e-12,5.0398674e-12
2023-09-25,4.9752073e-12,5.005017e-12,4.8945995e-12,1.0,4.5851244e-12,5.073605e-12,4.797623e-12
2022-07-22,4.9024196e-12,4.977846e-12,4.8655776e-12,1.0,4.5614333e-12,4.990889e-12,4.7621403e-12
2021-07-18,4.8892717e-12,4.94005e-12,4.8528057e-12,1.0,4.521518e-12,4.992603e-12,4.7486615e-12
2021-04-10,4.8391907e-12,4.8861306e-12,4.773125e-12,1.0,4.459764e-12,4.92096e-12,4.6736855e-12
2024-09-07,4.873481e-12,4.9365464e-12,4.8524353e-12,1.0,4.5025845e-12,4.9716407e-12,4.7076293e-12
2022-11-01,4.824059e-12,4.8986527e-12,4.8383324e-12,1.0,4.4499925e-12,4.9457443e-12,4.6508847e-12
2024-08-10,4.8017887e-12,4.8784752e-12,4.7826023e-12,1.0,4.444394e-12,4.9083988e-12,4.6456363e-12
2020-12-25,4.768721e-12,4.8375206e-12,4.758454e-12,1.0,4.4097404e-12,4.892602e-12,4.6068995e-12
2023-02-26,5.0901605e-12,5.063416e-12,5.3436895e-12,1.0,4.6486144e-12,5.2784123e-12,4.8012115e-12
2024-05-13,4.8090932e-12,5.070432e-12,5.0965144e-12,1.0,4.441818e-12,4.9339673e-12,4.6420402e-12
2021-01-04,4.7672383e-12,4.835823e-12,4.7558225e-12,1.0,4.4076717e-12,4.8887587e-12,4.6053005e-12
2020-06-14,4.800854e-12,4.9799162e-12,4.941124e-12,1.0,4.437042e-12,4.9231188e-12,4.6417397e-12
2021-01-01,4.7743814e-12,4.842173e-12,4.7620497e-12,1.0,4.413746e-12,4.895683e-12,4.6120343e-12
2019-05-13,4.7983917e-12,4.8600308e-12,4.7732343e-12,1.0,4.4347915e-12,4.9082674e-12,4.636554e-12
2022-05-01,4.787084e-12,4.845499e-12,4.7645386e-12,1.0,4.4109516e-12,4.8989146e-12,4.6181075e-12
2023-12-02,4.791761e-12,4.853324e-12,4.79841e-12,1.0,4.426577e-12,4.9173196e-12,4.618795e-12
2021-04-27,4.775456e-12,4.8434477e-12,4.7733436e-12,1.0,4.416036e-12,4.9055347e-12,4.613125e-12
2023-07-31,4.8294446e-12,4.897906e-12,4.8048943e-12,1.0,4.4719788e-12,4.9374315e-12,4.672117e-12
2020-12-18,4.7712593e-12,4.839625e-12,4.7608324e-12,1.0,4.4120454e-12,4.895758e-12,4.6093784e-12
2024-07-15,4.885263e-12,4.976517e-12,4.8585662e-12,1.0,4.5384703e-12,4.9832035e-12,4.7484083e-12
2021-05-02,4.7757297e-12,4.843429e-12,4.7776978e-12,1.0,4.414352e-12,4.9090914e-12,4.6122455e-12
2022-05-29,4.77044e-12,4.8555465e-12,4.783588e-12,1.0,4.409404e-12,4.905273e-12,4.606759e-12
2021-05-27,4.8147562e-12,4.8946554e-12,4.7968543e-12,1.0,4.4738557e-12,4.998778e-12,4.681822e-12
2021-01-06,4.7687934e-12,4.8369303e-12,4.7567475e-12,1.0,4.408529e-12,4.889878e-12,4.6066007e-12
2019-10-10,4.831029e-12,4.9126697e-12,4.8435956e-12,1.0,4.4670513e-12,4.9893093e-12,4.663641e-12
2020-12-09,4.765693e-12,4.8355647e-12,4.7570923e-12,1.0,4.407688e-12,4.8913144e-12,4.6038607e-12
2020-03-30,4.7862894e-12,4.8539723e-12,4.7758026e-12,1.0,4.4250072e-12,4.9101595e-12,4.6241717e-12
2023-02-25,5.05638e-12,5.037522e-12,5.230966e-12,1.0,4.622373e-12,5.2123614e-12,4.790637e-12
2023-07-11,4.8515935e-12,4.9299974e-12,4.8249516e-12,1.0,4.491451e-12,4.9463675e-12,4.6996448e-12
2021-02-14,4.801285e-12,4.860754e-12,4.7723062e-12,1.0,4.41762e-12,4.8936476e-12,4.6331593e-12
2023-04-30,4.7765767e-12,4.8425053e-12,4.775274e-12,1.0,4.41117e-12,4.9048235e-12,4.6117697e-12
2023-08-13,4.903383e-12,5.068189e-12,5.0184956e-12,1.0,4.5215524e-12,4.993803e-12,4.735077e-12
2021-12-30,4.764675e-12,4.833554e-12,4.760451e-12,1.0,4.4065957e-12,4.891781e-12,4.6015956e-12
2019-06-06,4.808048e-12,4.9088667e-12,4.826737e-12,1.0,4.442343e-12,4.9146564e-12,4.648384e-12
2022-02-07,4.775684e-12,4.840585e-12,4.7621403e-12,1.0,4.412517e-12,4.894114e-12,4.6114007e-12
2024-02-06,4.792529e-12,4.8566576e-12,4.759107e-12,1.0,4.421464e-12,4.8940396e-12,4.630297e-12
2021-06-17,4.8597714e-12,5.3392885e-12,5.479517e-12,1.0,4.479696e-12,4.9723043e-12,4.689562e-12
2020-08-23,4.811892e-12,4.8879013e-12,4.797587e-12,1.0,4.456482e-12,4.9222553e-12,4.6547544e-12
2021-11-26,4.969242e-12,4.9767256e-12,5.1523234e-12,1.0,4.5568766e-12,5.1445853e-12,4.7195685e-12
2023-12-03,4.7914047e-12,4.852898e-12,4.7964154e-12,1.0,4.4260706e-12,4.9160628e-12,4.61883e-12
2019-09-23,4.9407752e-12,5.038829e-12,4.975283e-12,1.0,4.5802997e-12,5.13927e-12,4.780961e-12
2023-05-05,4.7713777e-12,4.8382956e-12,4.7670843e-12,1.0,4.4102447e-12,4.8985785e-12,4.6086576e-12
2022-05-25,4.812112e-12,5.099159e-12,5.12934e-12,1.0,4.4367713e-12,4.928493e-12,4.6420584e-12
2021-09-26,4.8170253e-12,4.929095e-12,4.830292e-12,1.0,4.45757e-12,4.9317655e-12,4.6652244e-12
2022-03-18,4.8010103e-12,4.871409e-12,4.7940376e-12,1.0,4.438566e-12,4.9242836e-12,4.638942e-12
2024-12-10,4.774873e-12,4.841619e-12,4.7533197e-12,1.0,4.4145707e-12,4.895589e-12,4.612157e-12
2022-08-18,5.1079974e-12,5.1248615e-12,5.0190316e-12,1.0,4.6092375e-12,5.1487868e-12,4.900896e-12
2024-09-24,4.911976e-12,5.122222e-12,5.1050366e-12,1.0,4.5073966e-12,5.0576826e-12,4.7426516e-12
2023-01-30,5.942562e-12,5.6389385e-12,7.291012e-12,1.0,5.26524e-12,6.425785e-12,5.2523207e-12
2020-02-08,4.782712e-12,4.8463126e-12,4.7620675e-12,1.0,4.417569e-12,4.895141e-12,4.620011e-12
2019-04-11,4.7990145e-12,4.855176e-12,4.7426876e-12,1.0,4.423404e-12,4.8816407e-12,4.6368725e-12
2021-08-09,4.954157e-12,5.0626044e-12,4.926313e-12,1.0,4.6174735e-12,5.0526107e-12,4.8216765e-12
2021-12-25,4.7710134e-12,4.837945e-12,4.7731797e-12,1.0,4.4108675e-12,4.8995127e-12,4.604844e-12
2020-02-22,4.7970555e-12,4.8575102e-12,4.7688845e-12,1.0,4.4233024e-12,4.899625e-12,4.6319047e-12
2019-08-28,5.0308585e-12,5.1309447e-12,5.0686144e-12,1.0,4.6491816e-12,5.197629e-12,4.861199e-12
2021-01-22,4.7903357e-12,4.8520094e-12,4.764157e-12,1.0,4.421464e-12,4.8990642e-12,4.6264125e-12
2020-01-22,4.7653747e-12,4.8325038e-12,4.751398e-12,1.0,4.405352e-12,4.8847137e-12,4.6031052e-12
2022-06-12,4.795235e-12,4.9178448e-12,4.880709e-12,1.0,4.425801e-12,4.948915e-12,4.6306505e-12
2020-05-01,4.7703126e-12,4.8365795e-12,4.751507e-12,1.0,4.4091176e-12,4.8882742e-12,4.6083055e-12
2024-12-21,4.7815627e-12,4.846405e-12,4.7559495e-12,1.0,4.419575e-12,4.9018498e-12,4.617861e-12
2019-05-28,4.828431e-12,4.8953467e-12,4.7909662e-12,1.0,4.466063e-12,4.935567e-12,4.677788e-12
2022-12-16,5.7601025e-12,5.5141577e-12,6.8542646e-12,1.0,5.130925e-12,6.1706655e-12,5.153503e-12
2020-08-13,4.8078737e-12,4.87682e-12,4.7764037e-12,1.0,4.44984e-12,4.9087357e-12,4.6525353e-12
2020-09-07,4.844908e-12,4.9578145e-12,4.8713533e-12,1.0,4.4772016e-12,4.9433305e-12,4.6862896e-12
2024-09-23,4.932358e-12,5.236397e-12,5.296727e-12,1.0,4.512231e-12,5.1149198e-12,4.754988e-12
2021-07-21,4.8571954e-12,4.9207344e-12,4.8408985e-12,1.0,4.5006616e-12,4.9686067e-12,4.710989e-12
2019-10-08,4.8416466e-12,4.924659e-12,4.8568432e-12,1.0,4.477475e-12,5.007538e-12,4.6738997e-12
2023-01-21,5.941712e-12,5.6378205e-12,7.285564e-12,1.0,5.2632516e-12,6.420517e-12,5.2518003e-12
2023-08-08,4.8470147e-12,4.923682e-12,4.836856e-12,1.0,4.481576e-12,4.953732e-12,4.686075e-12
2019-04-27,4.7835243e-12,4.8477546e-12,4.770413e-12,1.0,4.420401e-12,4.904281e-12,4.620504e-12
2019-05-06,4.7815723e-12,4.8466452e-12,4.7644297e-12,1.0,4.419474e-12,4.898373e-12,4.619288e-12
2023-06-07,4.8240036e-12,4.915744e-12,4.831213e-12,1.0,4.461925e-12,4.9362827e-12,4.6694974e-12
2020-08-25,4.804647e-12,4.8892062e-12,4.8048943e-12,1.0,4.4493307e-12,4.922668e-12,4.6477457e-12
2024-08-23,4.842626e-12,4.9053097e-12,4.80979e-12,1.0,4.4796276e-12,4.9436883e-12,4.683519e-12
2024-03-14,4.7980803e-12,4.8665794e-12,4.7639206e-12,1.0,4.416407e-12,4.899176e-12,4.6347505e-12
2024-07-07,4.83824e-12,4.918745e-12,4.822541e-12,1.0,4.4709384e-12,4.962394e-12,4.6857175e-12
2024-03-04,4.839588e-12,4.9131194e-12,4.807186e-12,1.0,4.459934e-12,4.935718e-12,4.6810546e-12
2024-01-18,4.7687843e-12,4.83717e-12,4.7571474e-12,1.0,4.4077385e-12,4.889113e-12,4.605775e-12
2022-12-05,5.6770873e-12,5.4609663e-12,6.6698916e-12,1.0,5.0731793e-12,6.066407e-12,5.1094593e-12
2024-01-16,4.7650386e-12,4.8336465e-12,4.7534828e-12,1.0,4.4042764e-12,4.8851426e-12,4.6023675e-12
2023-02-12,5.668691e-12,5.4640923e-12,6.6333536e-12,1.0,5.079725e-12,6.064301e-12,5.116344e-12
2020-12-06,4.767648e-12,4.8372066e-12,4.7599793e-12,1.0,4.409522e-12,4.893517e-12,4.605494e-12
2024-02-07,4.799124e-12,4.8606245e-12,4.7612864e-12,1.0,4.4257332e-12,4.8967284e-12,4.635758e-12
2022-11-16,5.044791e-12,5.0344867e-12,5.3032977e-12,1.0,4.614234e-12,5.2479947e-12,4.765611e-12
2024-04-29,4.7763677e-12,4.842173e-12,4.7617045e-12,1.0,4.409101e-12,4.895048e-12,4.6115767e-12
2022-01-17,4.764157e-12,4.83278e-12,4.756494e-12,1.0,4.4058056e-12,4.889188e-12,4.601648e-12
2024-07-18,4.87989e-12,4.979365e-12,4.8776564e-12,1.0,4.531654e-12,4.9840596e-12,4.7385286e-12
2023-05-11,4.7743268e-12,4.840677e-12,4.7641027e-12,1.0,4.4137628e-12,4.8980178e-12,4.612368e-12
2024-08-11,4.807351e-12,4.8848816e-12,4.7916788e-12,1.0,4.4508585e-12,4.9163815e-12,4.651453e-12
2021-10-17,4.9002885e-12,4.9601985e-12,4.8718547e-12,1.0,4.5388164e-12,5.0231308e-12,4.7652654e-12
2023-04-18,4.8205728e-12,4.879462e-12,4.820499e-12,1.0,4.4487534e-12,4.9571337e-12,4.6527305e-12
2023-05-25,4.774737e-12,4.841582e-12,4.7416567e-12,1.0,4.4121967e-12,4.879369e-12,4.614128e-12
2021-12-06,4.9135414e-12,4.9383358e-12,5.04356e-12,1.0,4.5164155e-12,5.0764705e-12,4.6882385e-12
2021-10-24,4.8877517e-12,4.9292827e-12,4.8704053e-12,1.0,4.5102346e-12,4.987787e-12,4.7318087e-12
2020-12-31,4.7741355e-12,4.841582e-12,4.7616676e-12,1.0,4.413527e-12,4.89544e-12,4.6119636e-12
2024-06-11,5.1054456e-12,5.091248e-12,5.4256044e-12,1.0,4.6553937e-12,5.3240337e-12,4.8056095e-12
2023-03-05,5.037955e-12,5.0252576e-12,5.167263e-12,1.0,4.6094665e-12,5.177385e-12,4.786399e-12
2020-11-05,4.7703217e-12,4.841065e-12,4.7622674e-12,1.0,4.4140147e-12,4.896878e-12,4.6094482e-12
2021-02-01,4.7995817e-12,4.8592155e-12,4.757528e-12,1.0,4.4206544e-12,4.8906985e-12,4.63544e-12
2021-12-31,4.7665565e-12,4.835085e-12,4.7604694e-12,1.0,4.4083443e-12,4.892882e-12,4.603896e-12
2024-09-11,4.833278e-12,4.9009707e-12,4.821437e-12,1.0,4.4689604e-12,4.942915e-12,4.669106e-12
2020-09-03,4.8475603e-12,4.9819116e-12,4.911601e-12,1.0,4.4737022e-12,4.939692e-12,4.6870047e-12
2022-07-12,4.929311e-12,4.9978814e-12,4.8812304e-12,1.0,4.587836e-12,5.0064492e-12,4.79188e-12
2021-11-18,5.021943e-12,5.0138075e-12,5.2556683e-12,1.0,4.5957366e-12,5.211348e-12,4.7501295e-12
2023-03-23,4.9303925e-12,4.938825e-12,4.820959e-12,1.0,4.521518e-12,4.9582495e-12,4.7506547e-12
2024-07-11,4.8416098e-12,4.938128e-12,4.8315817e-12,1.0,4.485818e-12,4.941407e-12,4.6960786e-12
2024-04-16,4.765384e-12,4.8316923e-12,4.7479013e-12,1.0,4.403386e-12,4.882199e-12,4.602333e-12
2022-11-21,5.2932524e-12,5.2036396e-12,5.8189807e-12,1.0,4.79583e-12,5.5647878e-12,4.9031777e-12
2019-05-11,4.792099e-12,4.856269e-12,4.7695034e-12,1.0,4.4304968e-12,4.904393e-12,4.6314454e-12
2023-04-22,4.8085156e-12,4.8690123e-12,4.8116624e-12,1.0,4.4358744e-12,4.942689e-12,4.63981e-12
2019-06-17,4.8477823e-12,4.9291326e-12,4.829334e-12,1.0,4.484227e-12,4.9392586e-12,4.6928906e-12
2022-08-29,5.336529e-12,5.3071835e-12,5.182641e-12,1.0,4.729589e-12,5.3054427e-12,5.093968e-12
2023-04-16,4.866134e-12,4.91029e-12,4.8487347e-12,1.0,4.482893e-12,4.9895e-12,4.6930155e-12
2020-01-28,4.774272e-12,4.839274e-12,4.7583088e-12,1.0,4.4124157e-12,4.89208e-12,4.611436e-12
2022-05-08,4.7849107e-12,4.846442e-12,4.77777e-12,1.0,4.3999943e-12,4.9088294e-12,4.611295e-12
2024-12-22,4.7818637e-12,4.846257e-12,4.7548974e-12,1.0,4.4198282e-12,4.9011953e-12,4.618372e-12
2024-04-30,4.775848e-12,4.842561e-12,4.7621585e-12,1.0,4.4073187e-12,4.894357e-12,4.611084e-12
2021-12-20,4.7794386e-12,4.8441125e-12,4.7861437e-12,1.0,4.4173333e-12,4.9089417e-12,4.610574e-12
2019-11-08,4.766938e-12,4.8396066e-12,4.7595794e-12,1.0,4.409488e-12,4.8918183e-12,4.6051253e-12
2023-11-01,4.8373822e-12,4.8995127e-12,4.807993e-12,1.0,4.4667954e-12,4.949746e-12,4.6706914e-12
2021-04-30,4.780542e-12,4.8485686e-12,4.7826023e-12,1.0,4.420115e-12,4.915013e-12,4.617967e-12
2020-04-02,4.851982e-12,4.90084e-12,4.8199105e-12,1.0,4.4708868e-12,4.9592526e-12,4.6826974e-12
2019-04-04,4.8020177e-12,4.8625158e-12,4.7496946e-12,1.0,4.431663e-12,4.889188e-12,4.6421113e-12
2024-08-19,4.8352975e-12,4.8981674e-12,4.804198e-12,1.0,4.4769457e-12,4.9368287e-12,4.6777343e-12
2024-06-15,5.7394406e-12,5.5442773e-12,6.7550817e-12,1.0,5.1309837e-12,6.1435136e-12,5.1746996e-12
2021-12-08,4.9069104e-12,4.9345883e-12,5.0288437e-12,1.0,4.5114047e-12,5.0679955e-12,4.6850557e-12
2022-02-24,4.7875857e-12,4.8488457e-12,4.747883e-12,1.0,4.408428e-12,4.8785316e-12,4.6225844e-12
2023-03-14,4.9745047e-12,4.9748656e-12,4.972494e-12,1.0,4.560824e-12,5.0612917e-12,4.7636482e-12
2021-07-09,4.78128e-12,4.8560093e-12,4.768539e-12,1.0,4.417502e-12,4.906508e-12,4.620416e-12
2023-01-05,6.056441e-12,5.7080642e-12,7.5485555e-12,1.0,5.3400418e-12,6.5604505e-12,5.3099985e-12
2022-05-31,4.7626395e-12,4.8400494e-12,4.7718322e-12,1.0,4.3992895e-12,4.9042996e-12,4.5966655e-12
2023-09-13,5.0373304e-12,5.051088e-12,4.9928503e-12,1.0,4.624401e-12,5.1127345e-12,4.839274e-12
2022-04-01,4.8049308e-12,4.8667654e-12,4.767175e-12,1.0,4.4373637e-12,4.905591e-12,4.6442013e-12
2023-06-10,4.8064894e-12,4.889076e-12,4.8139023e-12,1.0,4.4461067e-12,4.9306557e-12,4.6485793e-12
2023-07-29,4.835436e-12,4.904487e-12,4.8092034e-12,1.0,4.478107e-12,4.943236e-12,4.6795905e-12
2022-07-06,4.910374e-12,4.978188e-12,4.8504924e-12,1.0,4.5687473e-12,4.986132e-12,4.77105e-12
2020-09-17,4.862831e-12,4.958439e-12,4.8650207e-12,1.0,4.512248e-12,4.987559e-12,4.7146206e-12
2023-06-20,4.794988e-12,4.8826086e-12,4.8295734e-12,1.0,4.4246187e-12,4.9404456e-12,4.6288485e-12
2022-03-13,4.8079197e-12,4.872004e-12,4.7875497e-12,1.0,4.4402928e-12,4.921504e-12,4.6442013e-12
2020-10-06,4.80352e-12,4.8750526e-12,4.787458e-12,1.0,4.4461917e-12,4.925073e-12,4.644467e-12
2023-12-10,4.78367e-12,4.8483834e-12,4.7851024e-12,1.0,4.4214467e-12,4.909241e-12,4.6145154e-12
2019-11-17,4.7680844e-12,4.837373e-12,4.751978e-12,1.0,4.40863e-12,4.8854215e-12,4.60574e-12
2023-10-04,4.9740403e-12,4.9987397e-12,4.9074815e-12,1.0,4.569689e-12,5.0507606e-12,4.788682e-12
2022-01-27,4.7767224e-12,4.8413604e-12,4.7642662e-12,1.0,4.4153457e-12,4.897887e-12,4.6126852e-12
2021-04-19,4.7901526e-12,4.861922e-12,4.783241e-12,1.0,4.4319336e-12,4.9199273e-12,4.631039e-12
2024-09-25,4.9009525e-12,5.104608e-12,5.0774966e-12,1.0,4.5023104e-12,5.040771e-12,4.7336683e-12
2022-09-05,4.96514e-12,5.0417136e-12,4.9450275e-12,1.0,4.606847e-12,5.1034207e-12,4.8076625e-12
2024-11-15,4.7999664e-12,4.862256e-12,4.7633755e-12,1.0,4.4346224e-12,4.9145063e-12,4.636501e-12
2023-08-19,4.8812118e-12,4.9445938e-12,4.860105e-12,1.0,4.5047494e-12,4.9918793e-12,4.712229e-12
2020-01-24,4.765966e-12,4.832928e-12,4.7519237e-12,1.0,4.4056542e-12,4.8851426e-12,4.6036846e-12
2024-05-05,4.7977603e-12,4.8715203e-12,4.793507e-12,1.0,4.430564e-12,4.919496e-12,4.6369254e-12
2020-07-30,4.8001676e-12,4.869031e-12,4.7718145e-12,1.0,4.4422925e-12,4.9063392e-12,4.643918e-12
2024-03-11,4.812333e-12,4.884248e-12,4.774127e-12,1.0,4.435384e-12,4.9098967e-12,4.6548967e-12
2021-12-22,4.7775516e-12,4.842949e-12,4.784008e-12,1.0,4.415834e-12,4.9073874e-12,4.6090965e-12
2022-03-19,4.8041705e-12,4.8746064e-12,4.793141e-12,1.0,4.4422925e-12,4.924246e-12,4.643475e-12
2022-02-05,4.784327e-12,4.8468855e-12,4.768521e-12,1.0,4.4197606e-12,4.9014378e-12,4.6192178e-12
2023-11-20,4.811534e-12,4.868158e-12,4.8188263e-12,1.0,4.440632e-12,4.937262e-12,4.634627e-12
2022-06-19,4.7914958e-12,4.903982e-12,4.850363e-12,1.0,4.428435e-12,4.937959e-12,4.629714e-12
2020-10-19,4.8077e-12,4.881733e-12,4.7996364e-12,1.0,4.4501625e-12,4.935228e-12,4.6478346e-12
2024-06-24,4.8167126e-12,4.901008e-12,4.808433e-12,1.0,4.4588114e-12,4.942972e-12,4.669052e-12
2024-10-01,4.8315453e-12,4.9211846e-12,4.8279527e-12,1.0,4.471791e-12,4.952352e-12,4.673739e-12
2022-07-26,4.855824e-12,4.9257868e-12,4.820003e-12,1.0,4.50805e-12,4.9517855e-12,4.7082577e-12
2024-01-29,4.7777615e-12,4.843725e-12,4.7560038e-12,1.0,4.412062e-12,4.889188e-12,4.6148853e-12
2022-01-15,4.7636387e-12,4.83243e-12,4.7558043e-12,1.0,4.4054023e-12,4.8887405e-12,4.6012794e-12
2020-03-06,4.7954826e-12,4.8558982e-12,4.7443707e-12,1.0,4.404999e-12,4.871204e-12,4.6304913e-12
2020-10-13,4.7976323e-12,4.8714648e-12,4.790509e-12,1.0,4.4399033e-12,4.9262374e-12,4.637014e-12
2022-04-11,4.8350486e-12,4.8852354e-12,4.806654e-12,1.0,4.463236e-12,4.9478013e-12,4.667752e-12
2022-03-20,4.8024935e-12,4.8732307e-12,4.7926294e-12,1.0,4.440446e-12,4.9238326e-12,4.64119e-12
2021-09-09,4.8162073e-12,4.932386e-12,4.8555465e-12,1.0,4.458012e-12,4.9417467e-12,4.6605467e-12
2021-11-30,5.022546e-12,5.0147065e-12,5.2629502e-12,1.0,4.596911e-12,5.215345e-12,4.750075e-12
2023-08-22,4.9013168e-12,4.944575e-12,4.869217e-12,1.0,4.516588e-12,5.0010478e-12,4.725027e-12
2022-12-23,5.972629e-12,5.653499e-12,7.339568e-12,1.0,5.2810907e-12,6.4467034e-12,5.2676305e-12
2023-12-21,4.7697306e-12,4.8381112e-12,4.763757e-12,1.0,4.4101268e-12,4.894133e-12,4.6056874e-12
2024-05-24,4.820242e-12,4.9812463e-12,4.9384112e-12,1.0,4.4533886e-12,4.9331012e-12,4.6512577e-12
2022-02-03,4.7757115e-12,4.840714e-12,4.7637757e-12,1.0,4.413527e-12,4.896056e-12,4.611453e-12
2024-10-06,4.8231757e-12,4.894189e-12,4.793635e-12,1.0,4.4592875e-12,4.9376575e-12,4.662912e-12
2021-10-03,4.8386737e-12,5.004444e-12,4.9419726e-12,1.0,4.47505e-12,4.955924e-12,4.6845913e-12
2024-08-24,4.849521e-12,4.9099344e-12,4.8180175e-12,1.0,4.4851505e-12,4.9505955e-12,4.689025e-12
2020-08-29,4.816226e-12,4.930016e-12,4.8583073e-12,1.0,4.4506885e-12,4.9256922e-12,4.6547007e-12
2023-12-13,4.7755294e-12,4.8414714e-12,4.7686664e-12,1.0,4.4141834e-12,4.8973638e-12,4.609062e-12
2024-02-29,4.8413513e-12,4.922274e-12,4.8292607e-12,1.0,4.4671367e-12,4.959839e-12,4.6849673e-12
2021-04-23,4.7835694e-12,4.85425e-12,4.7833504e-12,1.0,4.4233536e-12,4.9168876e-12,4.622267e-12
2024-09-17,4.822688e-12,4.901457e-12,4.808965e-12,1.0,4.45757e-12,4.927008e-12,4.66012e-12
2023-10-30,4.8395415e-12,4.9000365e-12,4.8116073e-12,1.0,4.4667954e-12,4.948764e-12,4.6709763e-12
2019-10-15,4.824491e-12,4.9013823e-12,4.8199474e-12,1.0,4.457876e-12,4.9574555e-12,4.6586983e-12
2022-12-29,6.0289525e-12,5.6900856e-12,7.4833586e-12,1.0,5.319527e-12,6.5233673e-12,5.2951515e-12
2023-07-05,4.892798e-12,5.2542246e-12,5.361863e-12,1.0,4.5073966e-12,5.0390213e-12,4.7232244e-12
2024-09-28,4.8509087e-12,4.970275e-12,4.8868943e-12,1.0,4.483115e-12,4.976574e-12,4.693768e-12
2024-12-20,4.779247e-12,4.8452032e-12,4.75751e-12,1.0,4.4173e-12,4.9011767e-12,4.615519e-12
2021-04-08,4.8378064e-12,4.8886468e-12,4.779156e-12,1.0,4.4606315e-12,4.9239644e-12,4.6731148e-12
2023-07-30,4.8347437e-12,4.903327e-12,4.8080294e-12,1.0,4.4769626e-12,4.94169e-12,4.6783766e-12
2021-05-11,4.7830863e-12,4.8491606e-12,4.779739e-12,1.0,4.4214302e-12,4.9110577e-12,4.620187e-12
2022-11-13,4.9574086e-12,4.9743534e-12,5.129829e-12,1.0,4.5498414e-12,5.1373094e-12,4.7155734e-12
2024-10-24,4.879518e-12,4.9523146e-12,4.8284866e-12,1.0,4.5101835e-12,4.9895188e-12,4.7182544e-12
2019-11-16,4.7680297e-12,4.838683e-12,4.7557683e-12,1.0,4.4099923e-12,4.888349e-12,4.6060733e-12
2021-07-30,4.855417e-12,4.9375634e-12,4.8362104e-12,1.0,4.5037012e-12,4.9739167e-12,4.7095513e-12
2020-10-16,4.793909e-12,4.8681397e-12,4.787385e-12,1.0,4.4369235e-12,4.920753e-12,4.6345206e-12
2024-05-16,4.860615e-12,5.385806e-12,5.561626e-12,1.0,4.4770823e-12,4.979157e-12,4.684109e-12
2021-06-26,4.784099e-12,4.889393e-12,4.8110014e-12,1.0,4.42629e-12,4.904337e-12,4.624631e-12
2021-01-21,4.7866e-12,4.849845e-12,4.764084e-12,1.0,4.419541e-12,4.8985785e-12,4.6228845e-12
2023-06-15,4.8037763e-12,4.895795e-12,4.8320796e-12,1.0,4.438295e-12,4.943707e-12,4.6417926e-12
2019-05-21,4.7930223e-12,4.854639e-12,4.7631937e-12,1.0,4.4273205e-12,4.898597e-12,4.631887e-12
2024-07-29,4.8352975e-12,4.9233256e-12,4.827069e-12,1.0,4.4843634e-12,4.947348e-12,4.6867545e-12
2021-10-14,4.9117516e-12,4.990471e-12,4.890848e-12,1.0,4.56805e-12,5.0808875e-12,4.7980803e-12
2021-04-06,4.8374464e-12,4.890363e-12,4.7874213e-12,1.0,4.462402e-12,4.9323674e-12,4.672224e-12
2021-06-28,4.780815e-12,4.8633137e-12,4.778044e-12,1.0,4.420603e-12,4.900616e-12,4.620557e-12
2019-08-22,4.887985e-12,5.0401367e-12,5.0015244e-12,1.0,4.50243e-12,5.0101936e-12,4.7177323e-12
2024-06-26,4.8398737e-12,4.9266884e-12,4.8245834e-12,1.0,4.4768776e-12,4.9400874e-12,4.6898483e-12
2022-02-16,4.7811525e-12,4.84354e-12,4.7539906e-12,1.0,4.4121633e-12,4.887491e-12,4.6170684e-12
2024-11-05,4.833951e-12,4.89544e-12,4.780797e-12,1.0,4.466182e-12,4.9404456e-12,4.6723662e-12
2022-04-07,4.7938728e-12,4.8565097e-12,4.7721783e-12,1.0,4.4296684e-12,4.91014e-12,4.631198e-12
2022-05-19,4.7822107e-12,4.8780476e-12,4.810341e-12,1.0,4.421565e-12,4.904992e-12,4.619517e-12
2021-10-15,4.948245e-12,5.015625e-12,4.9241522e-12,1.0,4.600454e-12,5.1105704e-12,4.841231e-12
2019-05-16,4.794796e-12,4.856732e-12,4.768466e-12,1.0,4.4300744e-12,4.9040563e-12,4.632965e-12
2024-01-17,4.7662295e-12,4.8345685e-12,4.7540266e-12,1.0,4.4052006e-12,4.885907e-12,4.6034565e-12
2020-01-26,4.7770507e-12,4.840991e-12,4.759162e-12,1.0,4.4143183e-12,4.893181e-12,4.6137937e-12
2023-03-04,5.1179646e-12,5.076741e-12,5.2093603e-12,1.0,4.667841e-12,5.224644e-12,4.8558427e-12
2020-03-21,4.782968e-12,4.84683e-12,4.7656293e-12,1.0,4.4177713e-12,4.9002226e-12,4.6196757e-12
2022-02-01,4.7690758e-12,4.8357676e-12,4.7592165e-12,1.0,4.408445e-12,4.8913144e-12,4.605564e-12
2021-02-04,4.8085338e-12,4.865707e-12,4.774345e-12,1.0,4.4266114e-12,4.900541e-12,4.640765e-12
2021-09-04,4.8415174e-12,4.9408416e-12,4.8535095e-12,1.0,4.491434e-12,4.9710904e-12,4.6895083e-12
2022-08-01,4.7986758e-12,4.869031e-12,4.7770234e-12,1.0,4.444055e-12,4.9109835e-12,4.642642e-12
2020-02-19,4.782338e-12,4.8469414e-12,4.759634e-12,1.0,4.4134596e-12,4.889841e-12,4.61883e-12
2021-10-11,4.8853846e-12,4.9838883e-12,4.8971396e-12,1.0,4.5272137e-12,5.0141137e-12,4.753265e-12
2020-04-03,4.8428843e-12,4.8955336e-12,4.8161982e-12,1.0,4.466455e-12,4.9554514e-12,4.6755577e-12
2023-12-27,4.7663384e-12,4.834827e-12,4.756258e-12,1.0,4.4068477e-12,4.8882742e-12,4.6031755e-12
2020-03-04,4.7992612e-12,4.8585294e-12,4.7453118e-12,1.0,4.405856e-12,4.871409e-12,4.633142e-12
2023-05-10,4.7698486e-12,4.8374096e-12,4.7613406e-12,1.0,4.4102786e-12,4.894712e-12,4.6082e-12
2020-12-23,4.7755294e-12,4.842986e-12,4.7639206e-12,1.0,4.415868e-12,4.89955e-12,4.6135296e-12
2024-11-24,4.7779072e-12,4.8437435e-12,4.7524493e-12,1.0,4.416794e-12,4.896411e-12,4.6155363e-12
2020-08-05,4.787741e-12,4.8559355e-12,4.7585807e-12,1.0,4.425497e-12,4.893069e-12,4.627931e-12
2023-09-19,5.002946e-12,5.0240116e-12,4.9401065e-12,1.0,4.5979457e-12,5.0923554e-12,4.816088e-12
2020-05-14,4.768575e-12,4.833149e-12,4.7423077e-12,1.0,4.4011192e-12,4.878643e-12,4.6043876e-12
2020-10-08,4.8029423e-12,4.875741e-12,4.788664e-12,1.0,4.4461748e-12,4.9269894e-12,4.644095e-12
2020-06-15,4.8046836e-12,4.960388e-12,4.9111145e-12,1.0,4.4377193e-12,4.918858e-12,4.646363e-12
2021-10-04,4.83125e-12,4.9992926e-12,4.9446506e-12,1.0,4.4667954e-12,4.9491604e-12,4.675415e-12
2023-10-08,4.9821774e-12,5.0107097e-12,4.9028407e-12,1.0,4.5839352e-12,5.0636474e-12,4.8023655e-12
2020-04-17,4.7704588e-12,4.831951e-12,4.732675e-12,1.0,4.4053853e-12,4.870164e-12,4.608165e-12
2023-10-17,4.893778e-12,4.9339673e-12,4.839071e-12,1.0,4.509839e-12,4.991137e-12,4.7180567e-12
2024-06-25,4.8356753e-12,4.9142817e-12,4.8166206e-12,1.0,4.474129e-12,4.949368e-12,4.68924e-12
2022-12-02,5.6381427e-12,5.433724e-12,6.581807e-12,1.0,5.043733e-12,6.013597e-12,5.087831e-12
2023-05-08,4.772643e-12,4.840289e-12,4.763212e-12,1.0,4.4133247e-12,4.8965792e-12,4.6112246e-12
2019-06-12,4.8106345e-12,4.8881992e-12,4.7950797e-12,1.0,4.4454796e-12,4.916607e-12,4.6506366e-12
2022-12-15,5.7480075e-12,5.505435e-12,6.8280373e-12,1.0,5.12232e-12,6.1559243e-12,5.1467836e-12
2020-11-11,4.769685e-12,4.8397722e-12,4.757547e-12,1.0,4.4121967e-12,4.8921917e-12,4.608376e-12
2019-04-06,4.815904e-12,4.8688636e-12,4.749966e-12,1.0,4.4394124e-12,4.8919866e-12,4.6545944e-12
2021-05-20,4.7807327e-12,4.846368e-12,4.7691026e-12,1.0,4.4186313e-12,4.903926e-12,4.6178434e-12
2023-10-19,4.8704708e-12,4.918576e-12,4.8239763e-12,1.0,4.4906804e-12,4.9710717e-12,4.698157e-12
2020-11-16,4.772142e-12,4.8417112e-12,4.7573833e-12,1.0,4.41415e-12,4.892677e-12,4.610926e-12
2023-11-03,4.823608e-12,4.8870994e-12,4.797824e-12,1.0,4.4551728e-12,4.938298e-12,4.6577737e-12
2024-03-31,4.784756e-12,4.8487165e-12,4.763721e-12,1.0,4.4197606e-12,4.901363e-12,4.6208744e-12
2019-06-30,4.8292607e-12,4.899083e-12,4.816051e-12,1.0,4.4700177e-12,4.9453107e-12,4.6722413e-12
2022-08-04,4.8066997e-12,4.8783824e-12,4.7850847e-12,1.0,4.4507223e-12,4.9207908e-12,4.6504415e-12
2024-05-20,4.870294e-12,5.4023908e-12,5.5835002e-12,1.0,4.49116e-12,4.9932888e-12,4.693786e-12
2022-06-18,4.7957476e-12,4.9073124e-12,4.8587887e-12,1.0,4.4294316e-12,4.9512378e-12,4.6314983e-12
2019-06-05,4.8114147e-12,4.92558e-12,4.852232e-12,1.0,4.45344e-12,4.9407475e-12,4.658147e-12
2022-06-28,4.834449e-12,4.9131753e-12,4.8068377e-12,1.0,4.48616e-12,4.9401256e-12,4.6852886e-12
2023-04-23,4.7944396e-12,4.8566394e-12,4.796763e-12,1.0,4.424315e-12,4.9262374e-12,4.6270834e-12
2024-09-30,4.8504182e-12,4.9544683e-12,4.8609766e-12,1.0,4.4834913e-12,4.9699338e-12,4.6933026e-12
2020-08-19,4.8160694e-12,4.887174e-12,4.788627e-12,1.0,4.461636e-12,4.917882e-12,4.662058e-12
2023-07-27,4.831167e-12,4.8994008e-12,4.802164e-12,1.0,4.4741797e-12,4.937281e-12,4.675718e-12
2024-03-09,4.827004e-12,4.9020926e-12,4.798447e-12,1.0,4.4486346e-12,4.926463e-12,4.66891e-12
2023-07-26,4.8153807e-12,4.8842293e-12,4.794714e-12,1.0,4.461483e-12,4.927384e-12,4.65932e-12
2019-11-27,4.7663566e-12,4.8344952e-12,4.747213e-12,1.0,4.4048645e-12,4.8814355e-12,4.603474e-12
2020-04-29,4.772752e-12,4.838517e-12,4.758617e-12,1.0,4.4122644e-12,4.8937035e-12,4.6105567e-12
2021-09-24,4.8173284e-12,4.935341e-12,4.8476804e-12,1.0,4.4557166e-12,4.9315023e-12,4.661898e-12
2020-10-28,4.780049e-12,4.85325e-12,4.772706e-12,1.0,4.4229143e-12,4.908211e-12,4.6198874e-12
2023-03-06,5.0178637e-12,5.0081684e-12,5.104063e-12,1.0,4.5925993e-12,5.13876e-12,4.778299e-12
2024-03-08,4.8265346e-12,4.9016255e-12,4.7919164e-12,1.0,4.4453265e-12,4.9207344e-12,4.6681795e-12
2022-11-05,4.838443e-12,4.8985035e-12,4.8803557e-12,1.0,4.462674e-12,4.9794604e-12,4.653938e-12
2020-12-10,4.766975e-12,4.836727e-12,4.7598882e-12,1.0,4.408916e-12,4.8934424e-12,4.604791e-12
2024-10-16,4.8253563e-12,4.9000734e-12,4.7954635e-12,1.0,4.4636447e-12,4.9413884e-12,4.666613e-12
2021-04-18,4.791734e-12,4.8627755e-12,4.7816542e-12,1.0,4.4325927e-12,4.9188765e-12,4.6323817e-12
2020-08-21,4.822715e-12,4.8972705e-12,4.8034467e-12,1.0,4.470546e-12,4.9274968e-12,4.669302e-12
2024-06-18,4.981816e-12,5.0135777e-12,5.1660998e-12,1.0,4.5794436e-12,5.173456e-12,4.749912e-12
2024-06-02,4.7915964e-12,4.86298e-12,4.788773e-12,1.0,4.4182943e-12,4.9069013e-12,4.6258834e-12
2022-01-05,4.7610323e-12,4.8305682e-12,4.7550965e-12,1.0,4.4032182e-12,4.8872486e-12,4.598577e-12
2022-04-13,4.8184954e-12,4.873974e-12,4.79971e-12,1.0,4.451113e-12,4.9383358e-12,4.652588e-12
2023-11-30,4.795976e-12,4.856065e-12,4.804528e-12,1.0,4.429263e-12,4.920847e-12,4.6214738e-12
2023-12-20,4.770331e-12,4.83813e-12,4.7641387e-12,1.0,4.4103623e-12,4.894282e-12,4.6058803e-12
2021-10-30,4.918473e-12,4.9491604e-12,4.9378457e-12,1.0,4.53283e-12,5.026677e-12,4.750945e-12
2023-05-02,4.7770234e-12,4.8420807e-12,4.7756204e-12,1.0,4.411776e-12,4.905759e-12,4.612333e-12
2021-12-04,4.9292454e-12,4.949708e-12,5.0728696e-12,1.0,4.528129e-12,5.0961835e-12,4.6975115e-12
2021-02-11,4.796845e-12,4.8570653e-12,4.7554235e-12,1.0,4.4124157e-12,4.8820496e-12,4.6313743e-12
2021-07-01,4.8216114e-12,4.885869e-12,4.78976e-12,1.0,4.4367374e-12,4.9202465e-12,4.653849e-12
2021-10-12,4.882879e-12,4.971033e-12,4.881119e-12,1.0,4.529874e-12,5.0254306e-12,4.7529567e-12
2024-02-26,4.835445e-12,4.9212787e-12,4.7916606e-12,1.0,4.461108e-12,4.930467e-12,4.6816973e-12
2023-07-03,4.890177e-12,5.2478946e-12,5.337944e-12,1.0,4.5130917e-12,5.022728e-12,4.7254414e-12
2020-10-14,4.7967355e-12,4.8712414e-12,4.792812e-12,1.0,4.4396327e-12,4.9277978e-12,4.6363243e-12
2023-12-26,4.766938e-12,4.8354727e-12,4.7574735e-12,1.0,4.407907e-12,4.8898966e-12,4.603896e-12
2019-09-14,4.932076e-12,5.02965e-12,4.949255e-12,1.0,4.579007e-12,5.13631e-12,4.783369e-12
2019-04-13,4.8023746e-12,4.862219e-12,4.768721e-12,1.0,4.4332524e-12,4.9056093e-12,4.64073e-12
2020-09-11,4.8575935e-12,4.935548e-12,4.8445753e-12,1.0,4.496543e-12,4.9609175e-12,4.710665e-12
2024-12-06,4.782968e-12,4.8459795e-12,4.750021e-12,1.0,4.4207047e-12,4.8985785e-12,4.6201164e-12
2024-09-14,4.834403e-12,4.9086607e-12,4.820095e-12,1.0,4.4688754e-12,4.9409175e-12,4.6707087e-12
2020-10-18,4.8036115e-12,4.877545e-12,4.7956647e-12,1.0,4.446208e-12,4.9300915e-12,4.6440243e-12
2022-01-30,4.7766405e-12,4.8411388e-12,4.7644115e-12,1.0,4.4145876e-12,4.89699e-12,4.6123157e-12
2024-12-28,4.7743814e-12,4.840603e-12,4.7539177e-12,1.0,4.414419e-12,4.8952157e-12,4.6113833e-12
2021-07-06,4.77973e-12,4.8566394e-12,4.7705585e-12,1.0,4.420671e-12,4.9079495e-12,4.6195704e-12
2021-11-08,4.9969477e-12,5.0038714e-12,5.145763e-12,1.0,4.5864363e-12,5.156649e-12,4.768684e-12
2024-08-17,4.8404835e-12,4.902018e-12,4.800607e-12,1.0,4.4802257e-12,4.932443e-12,4.684038e-12
2022-11-29,5.702776e-12,5.4771556e-12,6.719896e-12,1.0,5.089831e-12,6.094658e-12,5.1235314e-12
2021-05-28,4.8528057e-12,4.945952e-12,4.833923e-12,1.0,4.5341443e-12,5.1042963e-12,4.7501655e-12
2024-02-23,4.8592155e-12,4.9194394e-12,4.746923e-12,1.0,4.47319e-12,4.8994008e-12,4.7006305e-12
2023-02-23,5.0434444e-12,5.020123e-12,5.076025e-12,1.0,4.606794e-12,5.129457e-12,4.805664e-12
2021-06-08,4.7874764e-12,4.877973e-12,4.806104e-12,1.0,4.4215985e-12,4.901663e-12,4.6262013e-12
2019-08-15,4.833711e-12,4.94833e-12,4.8875097e-12,1.0,4.461023e-12,4.9502746e-12,4.668126e-12
2023-06-16,4.805783e-12,4.8994754e-12,4.8395693e-12,1.0,4.4395815e-12,4.951049e-12,4.6439354e-12
2019-06-01,4.9220016e-12,5.0269836e-12,4.8884416e-12,1.0,4.6201337e-12,5.2152458e-12,4.849863e-12
2021-08-31,4.8255865e-12,4.9051973e-12,4.8119564e-12,1.0,4.4710746e-12,4.949708e-12,4.6673247e-12
2024-12-29,4.771505e-12,4.838609e-12,4.7523587e-12,1.0,4.411709e-12,4.8922476e-12,4.6087452e-12
2023-08-24,4.9120044e-12,4.9519178e-12,4.8765774e-12,1.0,4.524382e-12,5.0094867e-12,4.733506e-12
2019-06-25,4.895393e-12,4.9848767e-12,4.90808e-12,1.0,4.4908005e-12,4.9886054e-12,4.7262524e-12
2024-11-20,4.7884166e-12,4.852158e-12,4.756494e-12,1.0,4.4252262e-12,4.9046925e-12,4.625566e-12
2020-07-15,4.808231e-12,4.9395414e-12,4.883335e-12,1.0,4.448109e-12,4.9239454e-12,4.6492883e-12
2019-10-18,4.812039e-12,4.8894864e-12,4.8048757e-12,1.0,4.446972e-12,4.9344565e-12,4.647923e-12
2023-04-04,4.8260835e-12,4.880225e-12,4.803135e-12,1.0,4.4545275e-12,4.937695e-12,4.6587512e-12
2022-09-09,4.9732813e-12,5.0511847e-12,4.9596876e-12,1.0,4.613336e-12,5.1223986e-12,4.812727e-12
2023-05-04,4.7722876e-12,4.839237e-12,4.768921e-12,1.0,4.4112877e-12,4.9002044e-12,4.609484e-12
2023-06-28,4.824473e-12,4.956434e-12,4.906096e-12,1.0,4.465722e-12,4.94867e-12,4.6667015e-12
2022-01-01,4.7662473e-12,4.8354727e-12,4.759634e-12,1.0,4.4089667e-12,4.893218e-12,4.604264e-12
2024-05-07,4.789422e-12,4.8646868e-12,4.7821465e-12,1.0,4.4240115e-12,4.9056657e-12,4.6286018e-12
2020-05-29,4.7828586e-12,4.909279e-12,4.8580476e-12,1.0,4.416289e-12,4.908474e-12,4.6183365e-12
2019-11-07,4.770904e-12,4.8423947e-12,4.7634665e-12,1.0,4.4127857e-12,4.896299e-12,4.6083584e-12
2023-11-27,4.8030893e-12,4.8611063e-12,4.8107447e-12,1.0,4.4348253e-12,4.9268953e-12,4.627242e-12
2020-06-24,4.9359436e-12,4.971261e-12,4.887379e-12,1.0,4.5494077e-12,5.005704e-12,4.8097537e-12
2019-08-31,5.0185533e-12,5.111682e-12,5.029976e-12,1.0,4.661791e-12,5.1896642e-12,4.8622373e-12
2023-07-21,4.8384526e-12,4.9051227e-12,4.79071e-12,1.0,4.480909e-12,4.9260873e-12,4.6863073e-12
2024-07-31,4.8069842e-12,4.8809884e-12,4.7847924e-12,1.0,4.4510793e-12,4.917526e-12,4.6528194e-12
2020-02-02,4.7759756e-12,4.8406956e-12,4.759053e-12,1.0,4.4131565e-12,4.8924714e-12,4.6130543e-12
2020-11-18,4.776249e-12,4.8466084e-12,4.760669e-12,1.0,4.419474e-12,4.897009e-12,4.6154833e-12
2024-12-15,4.7726883e-12,4.8400307e-12,4.7539546e-12,1.0,4.412281e-12,4.8946554e-12,4.610029e-12
2020-04-01,4.8253563e-12,4.8816957e-12,4.799856e-12,1.0,4.453202e-12,4.9378834e-12,4.6594447e-12
2022-03-23,4.823599e-12,4.8870808e-12,4.7874035e-12,1.0,4.4550375e-12,4.9250348e-12,4.6638366e-12
2021-06-23,4.7885172e-12,4.9062833e-12,4.8395506e-12,1.0,4.424872e-12,4.904019e-12,4.6258657e-12
2023-08-07,4.842542e-12,4.915013e-12,4.828947e-12,1.0,4.4779874e-12,4.9515587e-12,4.681483e-12
2020-07-20,4.84064e-12,4.9141502e-12,4.815886e-12,1.0,4.4944335e-12,4.948802e-12,4.691566e-12
2021-03-18,4.882152e-12,4.9152e-12,4.8142696e-12,1.0,4.4905945e-12,4.955489e-12,4.7076475e-12
2021-05-30,4.869997e-12,4.9782452e-12,4.867731e-12,1.0,4.561155e-12,5.1550166e-12,4.781399e-12
2024-06-07,4.828993e-12,4.896243e-12,4.8672663e-12,1.0,4.453168e-12,4.9579663e-12,4.6504593e-12
2021-08-08,4.9984535e-12,5.151066e-12,5.0116274e-12,1.0,4.6699433e-12,5.1369573e-12,4.868975e-12
2020-06-08,4.7689396e-12,4.855398e-12,4.7841904e-12,1.0,4.410514e-12,4.8967098e-12,4.60697e-12
2022-06-15,4.79316e-12,4.9128757e-12,4.866487e-12,1.0,4.424045e-12,4.9397678e-12,4.6286364e-12
2020-02-13,4.784099e-12,4.848106e-12,4.763612e-12,1.0,4.4176702e-12,4.895328e-12,4.6212626e-12
2023-01-19,5.9830734e-12,5.6655457e-12,7.381011e-12,1.0,5.293435e-12,6.475022e-12,5.2741253e-12
2020-06-10,4.770504e-12,4.857121e-12,4.783296e-12,1.0,4.4108003e-12,4.892266e-12,4.6087977e-12
2024-06-22,4.804766e-12,4.8947678e-12,4.8042343e-12,1.0,4.447328e-12,4.940163e-12,4.654648e-12
2024-05-25,4.8109468e-12,4.960766e-12,4.9125383e-12,1.0,4.4452077e-12,4.9239267e-12,4.642306e-12
2021-11-01,4.949878e-12,4.9723043e-12,4.9696688e-12,1.0,4.560859e-12,5.057605e-12,4.783059e-12
2021-08-30,4.8203707e-12,4.898373e-12,4.7989225e-12,1.0,4.4633555e-12,4.9355108e-12,4.6624137e-12
2024-08-14,4.8149674e-12,4.881752e-12,4.782785e-12,1.0,4.457213e-12,4.9160628e-12,4.6591246e-12
2024-03-07,4.8252734e-12,4.900597e-12,4.7885355e-12,1.0,4.4428176e-12,4.9170004e-12,4.666613e-12
2024-04-10,4.766911e-12,4.8302e-12,4.7367934e-12,1.0,4.4014714e-12,4.873658e-12,4.603193e-12
2022-08-17,5.001324e-12,5.0505485e-12,4.955376e-12,1.0,4.571205e-12,5.0957754e-12,4.817172e-12
2021-03-27,5.1776318e-12,5.1119356e-12,4.930825e-12,1.0,4.7076652e-12,5.1142953e-12,4.9761757e-12
2024-10-10,4.8312222e-12,4.8983166e-12,4.7865817e-12,1.0,4.464513e-12,4.9368665e-12,4.6702277e-12
2021-11-13,5.0060676e-12,5.0040055e-12,5.2144096e-12,1.0,4.5841273e-12,5.186141e-12,4.7432123e-12
2021-08-18,4.7821283e-12,4.853861e-12,4.7656293e-12,1.0,4.4226276e-12,4.90488e-12,4.6213857e-12
2023-08-12,4.892285e-12,5.0204103e-12,4.952541e-12,1.0,4.516278e-12,4.9896905e-12,4.727244e-12
2024-09-05,4.877834e-12,4.9327816e-12,4.8460723e-12,1.0,4.5037875e-12,4.9759667e-12,4.7094793e-12
2019-04-14,4.797797e-12,4.8583624e-12,4.763757e-12,1.0,4.429145e-12,4.899793e-12,4.6362354e-12
2019-05-23,4.811057e-12,4.871669e-12,4.7841904e-12,1.0,4.4449023e-12,4.9200028e-12,4.6509736e-12
2023-10-10,4.958874e-12,4.992661e-12,4.881845e-12,1.0,4.5669527e-12,5.0461193e-12,4.7821465e-12
2020-11-04,4.7702124e-12,4.8411574e-12,4.7612318e-12,1.0,4.4138634e-12,4.8958507e-12,4.6094665e-12
2023-03-28,4.8762895e-12,4.9130817e-12,4.884453e-12,1.0,4.489961e-12,4.9875395e-12,4.688167e-12
2021-02-22,4.7900156e-12,4.8549723e-12,4.792666e-12,1.0,4.4274215e-12,4.9179194e-12,4.623343e-12
2024-09-29,4.8507053e-12,4.9639845e-12,4.877936e-12,1.0,4.485065e-12,4.9786434e-12,4.6938395e-12
2024-05-18,4.8803275e-12,5.5606925e-12,5.834807e-12,1.0,4.493148e-12,5.0033753e-12,4.7001105e-12
2020-05-31,4.800854e-12,5.0340647e-12,5.036024e-12,1.0,4.4313754e-12,4.9231756e-12,4.635086e-12
2023-05-27,4.7782537e-12,4.845499e-12,4.748118e-12,1.0,4.41794e-12,4.8877707e-12,4.6190764e-12
2024-12-04,4.778235e-12,4.843429e-12,4.7525035e-12,1.0,4.4174343e-12,4.8968407e-12,4.615413e-12
2024-07-23,4.9089136e-12,5.1350174e-12,5.133548e-12,1.0,4.5258146e-12,5.0226516e-12,4.7466696e-12
2021-12-05,4.9184827e-12,4.9421613e-12,5.0536515e-12,1.0,4.5199833e-12,5.0825355e-12,4.6909937e-12
2022-08-23,5.2032432e-12,5.2007426e-12,5.0896557e-12,1.0,4.66076e-12,5.2127595e-12,4.983432e-12
2020-01-04,4.7606506e-12,4.829942e-12,4.75254e-12,1.0,4.4025296e-12,4.8851053e-12,4.5986296e-12
2019-07-17,4.822762e-12,4.8957383e-12,4.8064157e-12,1.0,4.4630827e-12,4.928775e-12,4.6661503e-12
2024-05-11,4.803996e-12,4.8949733e-12,4.8277866e-12,1.0,4.4380745e-12,4.927985e-12,4.643121e-12
2023-08-10,4.8582145e-12,4.960539e-12,4.885049e-12,1.0,4.49116e-12,4.9668446e-12,4.6966697e-12
2024-05-09,4.7812162e-12,4.8621263e-12,4.7888646e-12,1.0,4.4166255e-12,4.908436e-12,4.6177203e-12
2019-11-18,4.766184e-12,4.8363765e-12,4.7527212e-12,1.0,4.4075876e-12,4.886074e-12,4.6040532e-12
2022-05-12,4.781098e-12,4.8479766e-12,4.77777e-12,1.0,4.406831e-12,4.9077994e-12,4.612069e-12
2019-11-05,4.77379e-12,4.845314e-12,4.7656475e-12,1.0,4.415025e-12,4.8994567e-12,4.6111366e-12
2024-05-21,4.853861e-12,5.2776065e-12,5.3853536e-12,1.0,4.478278e-12,4.9733095e-12,4.67943e-12
2024-11-08,4.8296102e-12,4.888722e-12,4.7732343e-12,1.0,4.4609043e-12,4.935153e-12,4.6666664e-12
2021-03-06,4.8080754e-12,4.8668396e-12,4.791825e-12,1.0,4.439463e-12,4.922988e-12,4.6405354e-12
2019-09-28,4.8884885e-12,4.9764975e-12,4.912051e-12,1.0,4.5259183e-12,5.0706063e-12,4.7235492e-12
2024-11-18,4.790719e-12,4.854491e-12,4.7591436e-12,1.0,4.427236e-12,4.9077435e-12,4.627666e-12
2023-11-22,4.8102954e-12,4.8674337e-12,4.8246385e-12,1.0,4.4396327e-12,4.9392964e-12,4.631993e-12
2021-05-17,4.7744183e-12,4.841693e-12,4.765066e-12,1.0,4.4137628e-12,4.8982793e-12,4.611981e-12
2022-01-10,4.761659e-12,4.830753e-12,4.7548246e-12,1.0,4.4037556e-12,4.887006e-12,4.5993665e-12
2020-12-16,4.7682388e-12,4.8374837e-12,4.760106e-12,1.0,4.409925e-12,4.8938154e-12,4.6061267e-12
2021-03-03,4.813535e-12,4.870127e-12,4.7893946e-12,1.0,4.442767e-12,4.9232883e-12,4.647125e-12
2021-05-22,4.776194e-12,4.8440392e-12,4.7641387e-12,1.0,4.41516e-12,4.9009525e-12,4.6147266e-12
2022-03-02,4.7914047e-12,4.8529353e-12,4.750437e-12,1.0,4.4136444e-12,4.8836703e-12,4.627225e-12
2019-10-07,4.8549905e-12,4.939372e-12,4.8734536e-12,1.0,4.4904063e-12,5.0267147e-12,4.6865394e-12
2019-06-28,4.8655494e-12,4.9284743e-12,4.8432634e-12,1.0,4.4829097e-12,4.9799162e-12,4.702173e-12
2020-10-26,4.7864082e-12,4.8623857e-12,4.7819275e-12,1.0,4.4290604e-12,4.916269e-12,4.626271e-12
2020-07-26,4.8146183e-12,4.8848816e-12,4.78576e-12,1.0,4.460938e-12,4.9177884e-12,4.6613113e-12
2020-02-17,4.7913587e-12,4.8540464e-12,4.769212e-12,1.0,4.421801e-12,4.900017e-12,4.6277895e-12
2021-02-10,4.799765e-12,4.859697e-12,4.762885e-12,1.0,4.4178897e-12,4.889822e-12,4.6342552e-12
2021-12-24,4.7752835e-12,4.841693e-12,4.7795387e-12,1.0,4.414335e-12,4.90458e-12,4.6079538e-12
2023-06-13,4.818091e-12,4.9088854e-12,4.838277e-12,1.0,4.4545275e-12,4.9513132e-12,4.6588757e-12
2020-07-10,4.833324e-12,4.984991e-12,4.9413507e-12,1.0,4.4521656e-12,4.9443297e-12,4.6664348e-12
2023-05-09,4.770777e-12,4.8384803e-12,4.7617587e-12,1.0,4.411322e-12,4.895235e-12,4.6093784e-12
2024-05-02,4.779548e-12,4.84622e-12,4.7601966e-12,1.0,4.412012e-12,4.8934424e-12,4.615695e-12
2023-04-15,4.895235e-12,4.934287e-12,4.858659e-12,1.0,4.513075e-12,5.008455e-12,4.723657e-12
2019-09-15,4.9727405e-12,5.0765867e-12,5.0033562e-12,1.0,4.619376e-12,5.199096e-12,4.8233873e-12
2020-02-15,4.7870653e-12,4.8506216e-12,4.765684e-12,1.0,4.4191534e-12,4.896411e-12,4.6241717e-12
2022-09-28,5.0871325e-12,5.1747786e-12,5.110668e-12,1.0,4.727407e-12,5.290568e-12,4.9231756e-12
2024-01-27,4.779466e-12,4.8450558e-12,4.7592893e-12,1.0,4.4142003e-12,4.892434e-12,4.6161356e-12
2022-08-13,4.9545155e-12,5.0093337e-12,4.907968e-12,1.0,4.5478985e-12,5.0520135e-12,4.7802318e-12
2023-10-15,4.9091664e-12,4.9487454e-12,4.8534167e-12,1.0,4.5244685e-12,5.0082065e-12,4.732675e-12
2019-07-05,4.8378528e-12,4.911564e-12,4.815207e-12,1.0,4.4928566e-12,4.949179e-12,4.6908146e-12
2022-07-17,4.9552155e-12,5.0316457e-12,4.904281e-12,1.0,4.6169626e-12,5.028268e-12,4.8203707e-12
2019-05-09,4.786947e-12,4.851973e-12,4.767648e-12,1.0,4.4260537e-12,4.901663e-12,4.6260773e-12
2024-10-09,4.830753e-12,4.8969713e-12,4.7824023e-12,1.0,4.4634405e-12,4.931897e-12,4.669747e-12
2024-07-25,4.892238e-12,5.1040825e-12,5.1005792e-12,1.0,4.514366e-12,5.0187255e-12,4.731863e-12
2021-05-09,4.7906e-12,4.8550465e-12,4.7882254e-12,1.0,4.428249e-12,4.920885e-12,4.6274365e-12
2021-01-23,4.782028e-12,4.8459613e-12,4.7575828e-12,1.0,4.4140824e-12,4.8913516e-12,4.618707e-12
2021-03-22,4.9752164e-12,4.972456e-12,4.8345316e-12,1.0,4.5538356e-12,4.98714e-12,4.791258e-12
2023-10-23,4.8511403e-12,4.90387e-12,4.813645e-12,1.0,4.4733262e-12,4.953788e-12,4.6796976e-12
2023-10-14,4.9204347e-12,4.9611066e-12,4.853158e-12,1.0,4.535476e-12,5.014037e-12,4.7464884e-12
2022-01-28,4.7757657e-12,4.840677e-12,4.7637757e-12,1.0,4.4144527e-12,4.897065e-12,4.6118933e-12
2020-03-15,4.7748554e-12,4.8423023e-12,4.7699397e-12,1.0,4.4093197e-12,4.9023728e-12,4.610785e-12
2020-02-11,4.7814534e-12,4.8457943e-12,4.7623767e-12,1.0,4.4161202e-12,4.894413e-12,4.618601e-12
2024-01-25,4.7696946e-12,4.836782e-12,4.751942e-12,1.0,4.405268e-12,4.8834096e-12,4.606917e-12
2024-12-18,4.7778344e-12,4.843651e-12,4.755677e-12,1.0,4.416272e-12,4.8988582e-12,4.6144095e-12
2020-06-05,4.770668e-12,4.86413e-12,4.8031904e-12,1.0,4.406209e-12,4.905572e-12,4.60516e-12
2021-03-01,4.7986385e-12,4.8598456e-12,4.7884995e-12,1.0,4.431747e-12,4.9174133e-12,4.6313743e-12
2024-02-28,4.8353713e-12,4.913213e-12,4.8190653e-12,1.0,4.4606658e-12,4.9499723e-12,4.677574e-12
2020-01-05,4.7602785e-12,4.8296285e-12,4.7523404e-12,1.0,4.402345e-12,4.8852172e-12,4.598191e-12
2023-06-19,4.7905638e-12,4.8758523e-12,4.812525e-12,1.0,4.4208057e-12,4.9291513e-12,4.626113e-12
2023-06-12,4.801248e-12,4.8836703e-12,4.8133515e-12,1.0,4.44175e-12,4.9352094e-12,4.6422e-12
2019-09-02,5.0111686e-12,5.1038882e-12,5.0250086e-12,1.0,4.6644416e-12,5.1972125e-12,4.8581772e-12
2023-01-22,5.8732056e-12,5.5937546e-12,7.1259214e-12,1.0,5.2158425e-12,6.332463e-12,5.216101e-12
2022-07-23,4.895617e-12,4.9667874e-12,4.852473e-12,1.0,4.5506407e-12,4.980201e-12,4.7528296e-12
2021-07-29,4.8536483e-12,4.9309e-12,4.8261477e-12,1.0,4.501005e-12,4.9681518e-12,4.7075217e-12
2022-11-17,5.0783683e-12,5.0572194e-12,5.3728575e-12,1.0,4.639279e-12,5.292021e-12,4.784391e-12
2020-06-27,4.7957202e-12,4.866598e-12,4.783059e-12,1.0,4.42781e-12,4.916475e-12,4.635051e-12
2023-11-14,4.8150503e-12,4.873546e-12,4.81069e-12,1.0,4.444072e-12,4.9343056e-12,4.641846e-12
2023-05-18,4.775274e-12,4.8419884e-12,4.7611593e-12,1.0,4.413493e-12,4.8975693e-12,4.6127026e-12
2021-07-07,4.7792287e-12,4.8537316e-12,4.7612136e-12,1.0,4.417081e-12,4.897308e-12,4.618601e-12
2020-08-11,4.8006343e-12,4.8687708e-12,4.7698304e-12,1.0,4.4426992e-12,4.9030463e-12,4.644467e-12
2024-01-31,4.7879604e-12,4.8527874e-12,4.764757e-12,1.0,4.4216154e-12,4.8994008e-12,4.6249836e-12
2024-02-04,4.814508e-12,4.8715385e-12,4.7719237e-12,1.0,4.441174e-12,4.9120326e-12,4.6506544e-12
2021-11-22,5.078136e-12,5.0528804e-12,5.3708283e-12,1.0,4.637226e-12,5.283247e-12,4.781709e-12
2024-05-04,4.799463e-12,4.869551e-12,4.7891205e-12,1.0,4.430733e-12,4.9167007e-12,4.638323e-12
2020-07-06,4.828505e-12,4.908848e-12,4.822633e-12,1.0,4.4489737e-12,4.943236e-12,4.662912e-12
2024-12-11,4.771195e-12,4.8383324e-12,4.7516518e-12,1.0,4.41117e-12,4.892042e-12,4.6085345e-12
2020-12-24,4.773926e-12,4.8412867e-12,4.7623945e-12,1.0,4.4141834e-12,4.896934e-12,4.611823e-12
2024-03-15,4.796251e-12,4.8621263e-12,4.76363e-12,1.0,4.41698e-12,4.9000734e-12,4.6319754e-12
2023-10-18,4.873407e-12,4.920528e-12,4.8250987e-12,1.0,4.493868e-12,4.973518e-12,4.7012763e-12
2023-06-21,4.7989225e-12,4.8891316e-12,4.841434e-12,1.0,4.430294e-12,4.949142e-12,4.6328765e-12
2019-11-10,4.769685e-12,4.8400862e-12,4.7572376e-12,1.0,4.410985e-12,4.890531e-12,4.607532e-12
2021-05-16,4.77623e-12,4.843891e-12,4.770649e-12,1.0,4.4156822e-12,4.9029717e-12,4.6140045e-12
2022-08-09,4.8458134e-12,4.9131007e-12,4.8103045e-12,1.0,4.477526e-12,4.9508787e-12,4.6863967e-12
2020-04-06,4.937384e-12,4.956094e-12,4.860105e-12,1.0,4.529563e-12,5.0091615e-12,4.7595612e-12
2024-08-08,4.796891e-12,4.8715203e-12,4.7773695e-12,1.0,4.438735e-12,4.9038503e-12,4.63988e-12
2023-03-02,5.066333e-12,5.0419057e-12,5.2382348e-12,1.0,4.6275245e-12,5.21634e-12,4.796452e-12
2021-11-29,5.025114e-12,5.0154715e-12,5.261084e-12,1.0,4.5984896e-12,5.2158425e-12,4.752105e-12
2021-04-22,4.7741177e-12,4.8438176e-12,4.773034e-12,1.0,4.415076e-12,4.906508e-12,4.6122455e-12
2020-12-14,4.7677114e-12,4.8371146e-12,4.759543e-12,1.0,4.4096393e-12,4.893685e-12,4.6057225e-12
2020-02-05,4.776185e-12,4.841231e-12,4.75869e-12,1.0,4.4129544e-12,4.8912584e-12,4.6136e-12
2022-06-17,4.803685e-12,4.934193e-12,4.891893e-12,1.0,4.435502e-12,4.9470844e-12,4.6404113e-12
2021-04-24,4.7738714e-12,4.8431706e-12,4.770795e-12,1.0,4.4147056e-12,4.903982e-12,4.6120343e-12
2023-10-05,4.9782353e-12,5.0032417e-12,4.9061337e-12,1.0,4.5740135e-12,5.054018e-12,4.7936533e-12
2019-12-25,4.7610774e-12,4.83125e-12,4.753519e-12,1.0,4.4026636e-12,4.886298e-12,4.598963e-12
2021-12-26,4.768566e-12,4.8361736e-12,4.7649202e-12,1.0,4.409202e-12,4.8950106e-12,4.6041413e-12
2024-10-27,4.8611063e-12,4.92295e-12,4.7961045e-12,1.0,4.4909887e-12,4.9594035e-12,4.7009003e-12
2023-03-20,5.010299e-12,4.987102e-12,4.8345134e-12,1.0,4.578483e-12,4.991061e-12,4.8245834e-12
2020-07-04,4.823019e-12,4.903589e-12,4.813737e-12,1.0,4.4441902e-12,4.94054e-12,4.6585557e-12
2021-11-19,5.0533622e-12,5.0355627e-12,5.32377e-12,1.0,4.619006e-12,5.253282e-12,4.7672474e-12
2021-09-03,4.8377973e-12,4.933195e-12,4.8475694e-12,1.0,4.488334e-12,4.9749605e-12,4.6831263e-12
2019-07-29,4.836542e-12,4.9117516e-12,4.8279154e-12,1.0,4.454697e-12,4.9343056e-12,4.669515e-12
2024-09-08,4.868854e-12,4.93649e-12,4.8531205e-12,1.0,4.50049e-12,4.970768e-12,4.7042543e-12
2023-10-28,4.843494e-12,4.9022795e-12,4.816051e-12,1.0,4.469625e-12,4.954393e-12,4.6737744e-12
2022-12-09,5.646526e-12,5.441336e-12,6.591858e-12,1.0,5.0526107e-12,6.0238836e-12,5.095348e-12
2023-04-12,4.8633784e-12,4.91074e-12,4.830182e-12,1.0,4.487016e-12,4.9748847e-12,4.696311e-12
2021-12-02,4.9890903e-12,4.990661e-12,5.1934273e-12,1.0,4.5719374e-12,5.17172e-12,4.7309426e-12
2024-11-06,4.8335914e-12,4.8934797e-12,4.775857e-12,1.0,4.4654497e-12,4.9384676e-12,4.671867e-12
2021-01-18,4.775365e-12,4.841822e-12,4.7583448e-12,1.0,4.410918e-12,4.8910906e-12,4.6124033e-12
2024-03-02,4.8493826e-12,4.9266697e-12,4.822044e-12,1.0,4.4714497e-12,4.9516155e-12,4.6929266e-12
2022-12-17,5.768271e-12,5.5194816e-12,6.8687655e-12,1.0,5.1367023e-12,6.1793344e-12,5.158833e-12
2021-09-14,4.8242335e-12,4.953108e-12,4.889113e-12,1.0,4.471194e-12,4.969555e-12,4.666773e-12
2020-12-05,4.7665565e-12,4.8363583e-12,4.7595977e-12,1.0,4.408664e-12,4.892789e-12,4.604317e-12
2021-03-19,4.9114705e-12,4.933308e-12,4.819929e-12,1.0,4.5105616e-12,4.9651012e-12,4.7344993e-12
2020-11-06,4.7701582e-12,4.8406956e-12,4.7620497e-12,1.0,4.413358e-12,4.896504e-12,4.6089387e-12
2019-10-11,4.8333976e-12,4.912932e-12,4.842542e-12,1.0,4.4671194e-12,4.9856183e-12,4.665527e-12
2021-09-06,4.8332597e-12,4.9320287e-12,4.8421545e-12,1.0,4.483474e-12,4.9598576e-12,4.6803763e-12
2024-01-26,4.777479e-12,4.842524e-12,4.755732e-12,1.0,4.411911e-12,4.8890943e-12,4.613987e-12
2023-09-09,5.1483353e-12,5.127012e-12,5.0927244e-12,1.0,4.7047028e-12,5.2057247e-12,4.9293204e-12
2020-06-19,4.8374373e-12,4.9066953e-12,4.8231297e-12,1.0,4.4697614e-12,4.9454993e-12,4.6908324e-12
2019-12-23,4.7614863e-12,4.831195e-12,4.7529567e-12,1.0,4.402731e-12,4.8856266e-12,4.5992615e-12
2022-01-06,4.7615865e-12,4.8309737e-12,4.7551147e-12,1.0,4.4038397e-12,4.887379e-12,4.599279e-12
2020-08-20,4.8228626e-12,4.895832e-12,4.796251e-12,1.0,4.4686026e-12,4.9224617e-12,4.6698e-12
2021-07-20,4.8870994e-12,4.9450843e-12,4.8594006e-12,1.0,4.522484e-12,4.994889e-12,4.7407703e-12
2019-06-26,4.924716e-12,4.9897855e-12,4.903084e-12,1.0,4.5078095e-12,5.0121244e-12,4.752667e-12
2020-11-03,4.7719875e-12,4.8433367e-12,4.76234e-12,1.0,4.41575e-12,4.8976817e-12,4.611541e-12
2024-09-13,4.839579e-12,4.9106648e-12,4.8236267e-12,1.0,4.4729854e-12,4.9452916e-12,4.6754332e-12
2023-12-18,4.771132e-12,4.839329e-12,4.7641205e-12,1.0,4.41186e-12,4.895272e-12,4.606759e-12
2021-10-10,4.8622746e-12,4.980372e-12,4.9046925e-12,1.0,4.502619e-12,4.986855e-12,4.720397e-12
2023-10-29,4.841739e-12,4.899924e-12,4.805536e-12,1.0,4.4673583e-12,4.946669e-12,4.6728654e-12
2024-12-19,4.781271e-12,4.8463495e-12,4.756149e-12,1.0,4.4188667e-12,4.9012886e-12,4.617509e-12
2024-02-05,4.7963235e-12,4.859438e-12,4.76383e-12,1.0,4.4257835e-12,4.8997187e-12,4.63346e-12
2023-11-19,4.813232e-12,4.8698667e-12,4.8243623e-12,1.0,4.441428e-12,4.9390136e-12,4.6350332e-12
2023-05-16,4.771614e-12,4.838702e-12,4.759833e-12,1.0,4.409e-12,4.8951225e-12,4.60871e-12
2022-05-16,4.7765403e-12,4.8510293e-12,4.7771327e-12,1.0,4.4137792e-12,4.9035515e-12,4.6125443e-12
2020-08-16,4.8207198e-12,4.892416e-12,4.793928e-12,1.0,4.466983e-12,4.9241522e-12,4.667645e-12
2021-02-13,4.804491e-12,4.8633506e-12,4.7729975e-12,1.0,4.4203673e-12,4.895776e-12,4.636271e-12
2024-03-18,4.7908474e-12,4.8540278e-12,4.755605e-12,1.0,4.4141834e-12,4.8917623e-12,4.6258128e-12
2023-05-17,4.7732616e-12,4.8395693e-12,4.758436e-12,1.0,4.4105813e-12,4.8940955e-12,4.6103455e-12
2019-09-10,4.884798e-12,4.9743343e-12,4.90041e-12,1.0,4.527058e-12,5.0690585e-12,4.7263066e-12
2023-06-29,4.8419515e-12,5.0311083e-12,5.0151654e-12,1.0,4.4803796e-12,4.9709195e-12,4.6828583e-12
2024-01-03,4.765811e-12,4.8344393e-12,4.7565844e-12,1.0,4.405906e-12,4.888703e-12,4.6026663e-12
2022-09-23,5.1120328e-12,5.2015757e-12,5.1249e-12,1.0,4.758091e-12,5.3108897e-12,4.952598e-12
2020-08-01,4.797934e-12,4.8674524e-12,4.768648e-12,1.0,4.4391075e-12,4.902934e-12,4.64119e-12
2019-10-03,4.8760848e-12,4.9618074e-12,4.895066e-12,1.0,4.511594e-12,5.0531116e-12,4.7086887e-12
2020-05-24,4.7756295e-12,4.8442053e-12,4.761686e-12,1.0,4.409942e-12,4.8940955e-12,4.6114007e-12
2023-08-16,4.8848165e-12,4.9741444e-12,4.9063392e-12,1.0,4.504612e-12,4.9865502e-12,4.713559e-12
2020-07-19,4.822366e-12,4.8977003e-12,4.8007167e-12,1.0,4.473071e-12,4.9367723e-12,4.6708163e-12
2019-06-03,4.8937313e-12,5.007022e-12,4.8845463e-12,1.0,4.5865763e-12,5.1698064e-12,4.8096436e-12
2023-01-18,6.001612e-12,5.6766224e-12,7.429854e-12,1.0,5.3061106e-12,6.500265e-12,5.2826623e-12
2019-11-30,4.764293e-12,4.8332597e-12,4.7471766e-12,1.0,4.402698e-12,4.879927e-12,4.6011567e-12
2020-11-07,4.770276e-12,4.840917e-12,4.759997e-12,1.0,4.4134765e-12,4.895253e-12,4.609431e-12
2020-06-01,4.805334e-12,5.058589e-12,5.0699484e-12,1.0,4.436314e-12,4.925373e-12,4.639845e-12
2019-07-15,4.8098274e-12,4.8809325e-12,4.7940376e-12,1.0,4.4550713e-12,4.9229314e-12,4.654079e-12
2022-06-24,4.8126815e-12,4.8940396e-12,4.798886e-12,1.0,4.4606827e-12,4.928869e-12,4.6602795e-12
2022-02-22,4.7819457e-12,4.844612e-12,4.748553e-12,1.0,4.4069488e-12,4.8794805e-12,4.6175793e-12
2019-09-26,4.905563e-12,4.9958614e-12,4.933402e-12,1.0,4.5433553e-12,5.091462e-12,4.741602e-12
2022-12-06,5.680933e-12,5.464905e-12,6.665771e-12,1.0,5.078175e-12,6.068744e-12,5.114959e-12
2022-12-18,5.804858e-12,5.5436216e-12,6.9529413e-12,1.0,5.1632036e-12,6.228488e-12,5.1781548e-12
2022-11-08,4.874067e-12,4.9179007e-12,4.9530887e-12,1.0,4.487872e-12,5.027482e-12,4.6708336e-12
2020-01-02,4.7594524e-12,4.8290946e-12,4.7518513e-12,1.0,4.4014714e-12,4.8843035e-12,4.597472e-12
2019-12-16,4.7624673e-12,4.832393e-12,4.752286e-12,1.0,4.4033024e-12,4.8853473e-12,4.600121e-12
2024-05-19,4.870628e-12,5.4649887e-12,5.6849868e-12,1.0,4.488163e-12,4.9939935e-12,4.692962e-12
2020-05-23,4.7741815e-12,4.8412125e-12,4.7595252e-12,1.0,4.408075e-12,4.892695e-12,4.6096243e-12
2019-09-03,5.0233606e-12,5.11652e-12,5.033066e-12,1.0,4.682501e-12,5.2101153e-12,4.87535e-12
2021-02-09,4.8034554e-12,4.862497e-12,4.769485e-12,1.0,4.420351e-12,4.8934233e-12,4.6362003e-12
2024-12-30,4.77267e-12,4.839957e-12,4.7539546e-12,1.0,4.4130047e-12,4.8939277e-12,4.6097826e-12
2020-05-04,4.76802e-12,4.834015e-12,4.7490783e-12,1.0,4.405369e-12,4.8847137e-12,4.605248e-12
2022-07-25,4.8613657e-12,4.9319724e-12,4.828431e-12,1.0,4.515451e-12,4.9610125e-12,4.7146917e-12
2024-05-17,4.8755175e-12,5.5013203e-12,5.7417617e-12,1.0,4.489961e-12,4.998358e-12,4.696759e-12
2019-11-15,4.769567e-12,4.838997e-12,4.753755e-12,1.0,4.410312e-12,4.8875843e-12,4.607251e-12
2019-12-31,4.75987e-12,4.8293895e-12,4.752177e-12,1.0,4.401656e-12,4.8847506e-12,4.5977e-12
2019-11-03,4.7714137e-12,4.8441316e-12,4.7654116e-12,1.0,4.4138465e-12,4.8991015e-12,4.6096065e-12
2023-12-23,4.7664203e-12,4.8349562e-12,4.7580364e-12,1.0,4.4073855e-12,4.889915e-12,4.6031755e-12
2020-07-13,4.8307434e-12,5.0659277e-12,5.0665843e-12,1.0,4.4568216e-12,4.945235e-12,4.665189e-12
2022-03-04,4.7948785e-12,4.855491e-12,4.743611e-12,1.0,4.4087815e-12,4.8737694e-12,4.630544e-12
2023-03-26,4.8644916e-12,4.8971396e-12,4.7899423e-12,1.0,4.4758867e-12,4.9271585e-12,4.6921746e-12
2021-05-01,4.7811343e-12,4.8483097e-12,4.78211e-12,1.0,4.4194236e-12,4.9147687e-12,4.6176496e-12
2024-06-28,4.838397e-12,4.9167007e-12,4.8325406e-12,1.0,4.474043e-12,4.9472544e-12,4.6869687e-12
2024-08-22,4.8373913e-12,4.9022986e-12,4.8098274e-12,1.0,4.477475e-12,4.9447824e-12,4.678876e-12
2020-05-02,4.769594e-12,4.836026e-12,4.7537e-12,1.0,4.4084116e-12,4.8895237e-12,4.607163e-12
2021-03-07,4.8061594e-12,4.8665425e-12,4.7918614e-12,1.0,4.4383455e-12,4.9225745e-12,4.6392608e-12
2022-05-23,4.793223e-12,4.982919e-12,4.957191e-12,1.0,4.426898e-12,4.911452e-12,4.6280545e-12
2020-02-16,4.7919073e-12,4.854009e-12,4.767884e-12,1.0,4.422476e-12,4.8994008e-12,4.6290077e-12
2022-06-25,4.815207e-12,4.895029e-12,4.7931047e-12,1.0,4.4643256e-12,4.9297714e-12,4.663801e-12
2024-11-07,4.826433e-12,4.8867455e-12,4.7705767e-12,1.0,4.4584206e-12,4.9307307e-12,4.6643167e-12
2020-12-28,4.7695576e-12,4.837834e-12,4.7590347e-12,1.0,4.4098076e-12,4.892378e-12,4.6072686e-12
2022-09-19,5.056264e-12,5.1428e-12,5.06728e-12,1.0,4.6982643e-12,5.2445327e-12,4.893741e-12
2022-12-13,5.3670297e-12,5.2499975e-12,5.980768e-12,1.0,4.848587e-12,5.6582235e-12,4.9412184e-12
2019-08-17,4.8451664e-12,4.993098e-12,4.9511246e-12,1.0,4.469523e-12,4.9633214e-12,4.6780375e-12
2023-07-16,4.835639e-12,4.9053847e-12,4.8028604e-12,1.0,4.4783973e-12,4.938825e-12,4.681626e-12
2024-10-29,4.854102e-12,4.915875e-12,4.79177e-12,1.0,4.485664e-12,4.955622e-12,4.6942875e-12
2021-03-23,4.9971e-12,4.9862653e-12,4.836026e-12,1.0,4.5685036e-12,4.9930793e-12,4.8117356e-12
2021-05-18,4.7802495e-12,4.845592e-12,4.7681937e-12,1.0,4.4182097e-12,4.9022795e-12,4.6172094e-12
2019-04-18,4.8050505e-12,4.8608092e-12,4.7757115e-12,1.0,4.4326266e-12,4.9100277e-12,4.6392256e-12
2021-11-25,4.9912036e-12,4.9919175e-12,5.195072e-12,1.0,4.572339e-12,5.1714436e-12,4.7320255e-12
2020-01-23,4.76582e-12,4.832983e-12,4.752794e-12,1.0,4.405789e-12,4.885869e-12,4.6036317e-12
2019-05-22,4.7954917e-12,4.858863e-12,4.773071e-12,1.0,4.4315445e-12,4.9070505e-12,4.6351924e-12
2022-01-09,4.7614955e-12,4.8307894e-12,4.755278e-12,1.0,4.403772e-12,4.8873423e-12,4.5992086e-12
2020-09-13,4.873323e-12,4.972399e-12,4.883633e-12,1.0,4.5135393e-12,4.9784157e-12,4.728038e-12
2021-06-12,4.815858e-12,4.9731014e-12,4.9412184e-12,1.0,4.443004e-12,4.930825e-12,4.6519143e-12
2023-11-23,4.81359e-12,4.8703684e-12,4.8184217e-12,1.0,4.4431906e-12,4.939956e-12,4.6365715e-12
2023-06-22,4.8118094e-12,4.9030654e-12,4.8535095e-12,1.0,4.446208e-12,4.9581745e-12,4.647125e-12
2021-10-08,4.839477e-12,4.9640786e-12,4.8968967e-12,1.0,4.4789953e-12,4.965272e-12,4.6894008e-12
2020-03-22,4.7698304e-12,4.8403443e-12,4.764248e-12,1.0,4.4120285e-12,4.8971023e-12,4.60871e-12
2019-10-25,4.7951343e-12,4.865466e-12,4.780469e-12,1.0,4.434149e-12,4.9183136e-12,4.6321167e-12
2020-03-05,4.794796e-12,4.855324e-12,4.7471766e-12,1.0,4.407352e-12,4.876094e-12,4.6295376e-12
2022-01-14,4.7624764e-12,4.8314347e-12,4.7559313e-12,1.0,4.4043606e-12,4.8881437e-12,4.600121e-12
2024-08-09,4.802649e-12,4.877917e-12,4.7809794e-12,1.0,4.444869e-12,4.9094847e-12,4.646966e-12
2020-05-21,4.7804503e-12,4.847385e-12,4.768248e-12,1.0,4.413695e-12,4.9028967e-12,4.6152197e-12
2020-03-27,4.8043626e-12,4.865318e-12,4.7868554e-12,1.0,4.437093e-12,4.92111e-12,4.6406065e-12
2024-11-23,4.778354e-12,4.8439464e-12,4.751996e-12,1.0,4.417131e-12,4.8959625e-12,4.615959e-12
2022-01-16,4.763621e-12,4.8321533e-12,4.7560224e-12,1.0,4.405352e-12,4.8885726e-12,4.601174e-12
2024-05-27,4.7876134e-12,4.9211286e-12,4.8714275e-12,1.0,4.427219e-12,4.911957e-12,4.6212092e-12
2019-10-20,4.802576e-12,4.8749225e-12,4.7895954e-12,1.0,4.438312e-12,4.9241895e-12,4.6387833e-12
2020-08-24,4.8046103e-12,4.8804853e-12,4.792483e-12,1.0,4.4498055e-12,4.919984e-12,4.6464694e-12
2019-12-20,4.7621126e-12,4.832393e-12,4.752812e-12,1.0,4.4032182e-12,4.886093e-12,4.6002087e-12
2019-04-10,4.813599e-12,4.8637405e-12,4.7479013e-12,1.0,4.4333027e-12,4.8883675e-12,4.650619e-12
2023-09-08,5.1305726e-12,5.117945e-12,5.0734894e-12,1.0,4.6927835e-12,5.1907333e-12,4.9167753e-12
2022-07-31,4.796809e-12,4.867211e-12,4.7770047e-12,1.0,4.442394e-12,4.911264e-12,4.6406594e-12
2019-07-07,4.846479e-12,4.9189706e-12,4.81969e-12,1.0,4.5044402e-12,4.9502555e-12,4.7012403e-12
2023-09-26,4.9803625e-12,5.0090856e-12,4.90127e-12,1.0,4.5896915e-12,5.079841e-12,4.801816e-12
2024-01-20,4.7657386e-12,4.833997e-12,4.752413e-12,1.0,4.4040414e-12,4.8841174e-12,4.60307e-12
2021-11-12,5.011398e-12,5.0081298e-12,5.2186684e-12,1.0,4.5891316e-12,5.1920404e-12,4.748716e-12
2024-03-21,4.79465e-12,4.8563987e-12,4.759543e-12,1.0,4.420502e-12,4.8975316e-12,4.628319e-12
2024-03-20,4.789148e-12,4.852639e-12,4.7550427e-12,1.0,4.41415e-12,4.891576e-12,4.624084e-12
2020-03-25,4.785422e-12,4.852732e-12,4.7764037e-12,1.0,4.424197e-12,4.9096157e-12,4.623572e-12
2023-10-24,4.845222e-12,4.901326e-12,4.8162164e-12,1.0,4.4706482e-12,4.954412e-12,4.6750407e-12
2024-11-01,4.8418864e-12,4.9047116e-12,4.78253e-12,1.0,4.4742482e-12,4.9441037e-12,4.682215e-12
2024-10-20,4.8599566e-12,4.9408793e-12,4.816566e-12,1.0,4.4961313e-12,4.973803e-12,4.7032135e-12
2020-11-01,4.7747093e-12,4.845314e-12,4.762013e-12,1.0,4.417519e-12,4.8974943e-12,4.614445e-12
2019-06-16,4.8351774e-12,4.9153502e-12,4.8149492e-12,1.0,4.470188e-12,4.9273654e-12,4.677984e-12
2020-11-26,4.7691395e-12,4.8397536e-12,4.75947e-12,1.0,4.4121633e-12,4.8938713e-12,4.6075496e-12
2022-08-03,4.80516e-12,4.8771356e-12,4.782293e-12,1.0,4.4498055e-12,4.9181826e-12,4.6495897e-12
2021-01-13,4.7728154e-12,4.8395506e-12,4.7585265e-12,1.0,4.4105305e-12,4.8918374e-12,4.6099582e-12
2019-11-01,4.77695e-12,4.8500483e-12,4.770904e-12,1.0,4.4194067e-12,4.904973e-12,4.6152197e-12
2019-08-21,4.881165e-12,5.014362e-12,4.966333e-12,1.0,4.496903e-12,5.002822e-12,4.711402e-12
2019-08-30,4.9969477e-12,5.0943763e-12,5.0197784e-12,1.0,4.628213e-12,5.1609984e-12,4.833462e-12
2020-03-14,4.773034e-12,4.8406956e-12,4.767102e-12,1.0,4.4071504e-12,4.8986904e-12,4.608921e-12
2022-08-08,4.83243e-12,4.899251e-12,4.797513e-12,1.0,4.4657394e-12,4.9379207e-12,4.672776e-12
2022-07-10,4.9393154e-12,5.0066973e-12,4.88285e-12,1.0,4.5980862e-12,5.012163e-12,4.801981e-12
2021-04-05,4.8881533e-12,4.9200964e-12,4.7866732e-12,1.0,4.4954795e-12,4.942576e-12,4.7188486e-12
2021-08-19,4.7808793e-12,4.851436e-12,4.7640117e-12,1.0,4.4205867e-12,4.903009e-12,4.6190417e-12
2024-01-30,4.777424e-12,4.844224e-12,4.7574917e-12,1.0,4.4122644e-12,4.890027e-12,4.6146563e-12
2023-05-20,4.7785634e-12,4.844002e-12,4.758127e-12,1.0,4.4146887e-12,4.8943944e-12,4.6158004e-12
2021-03-15,4.8391543e-12,4.8862047e-12,4.797367e-12,1.0,4.460019e-12,4.9334777e-12,4.6685715e-12
2024-01-01,4.7660114e-12,4.8343473e-12,4.755895e-12,1.0,4.4059908e-12,4.8878453e-12,4.602877e-12
2024-01-04,4.7648114e-12,4.8335914e-12,4.7539546e-12,1.0,4.4047804e-12,4.8867637e-12,4.6019993e-12
2020-08-10,4.7933515e-12,4.8655776e-12,4.7757115e-12,1.0,4.4390737e-12,4.9058904e-12,4.637226e-12
2021-03-29,5.180803e-12,5.096884e-12,4.8563987e-12,1.0,4.6904386e-12,5.0507606e-12,4.977599e-12
2024-11-30,4.7810427e-12,4.8451477e-12,4.751978e-12,1.0,4.419103e-12,4.8973824e-12,4.6180373e-12
2020-03-09,4.786034e-12,4.8488826e-12,4.755496e-12,1.0,4.4074865e-12,4.884378e-12,4.620945e-12
2024-06-01,4.7820554e-12,4.8585476e-12,4.7812527e-12,1.0,4.4146718e-12,4.8978495e-12,4.6182307e-12
2022-12-03,5.695547e-12,5.472227e-12,6.7101875e-12,1.0,5.0857547e-12,6.089685e-12,5.119351e-12
2020-05-11,4.767057e-12,4.832725e-12,4.7498936e-12,1.0,4.4008503e-12,4.8842853e-12,4.6024907e-12
2023-07-12,4.8368744e-12,4.9077435e-12,4.8092216e-12,1.0,4.476365e-12,4.943839e-12,4.6818044e-12
2024-09-26,4.878094e-12,5.0545965e-12,4.998892e-12,1.0,4.4951707e-12,5.0060863e-12,4.716401e-12
2022-04-25,4.8092216e-12,4.8653546e-12,4.776422e-12,1.0,4.438312e-12,4.9105147e-12,4.643156e-12
2019-05-18,4.8029332e-12,4.8623857e-12,4.773617e-12,1.0,4.4365006e-12,4.9096534e-12,4.6409777e-12
2021-07-25,4.8621914e-12,4.9383167e-12,4.830421e-12,1.0,4.5104584e-12,4.9715076e-12,4.7214416e-12
2024-07-13,4.8498818e-12,4.975492e-12,4.8892062e-12,1.0,4.4970403e-12,4.9585904e-12,4.704147e-12
2021-07-31,4.869356e-12,4.966541e-12,4.855435e-12,1.0,4.5227086e-12,5.002116e-12,4.7246304e-12
2020-10-04,4.8108917e-12,4.8807464e-12,4.790399e-12,1.0,4.4521656e-12,4.9281547e-12,4.6514706e-12
2024-05-28,4.7846644e-12,4.8920048e-12,4.8288365e-12,1.0,4.421093e-12,4.9060773e-12,4.618249e-12
2024-04-08,4.773699e-12,4.8380744e-12,4.7560038e-12,1.0,4.4100934e-12,4.89096e-12,4.609659e-12
2024-11-22,4.779356e-12,4.8454253e-12,4.7541723e-12,1.0,4.4182266e-12,4.8980364e-12,4.617192e-12
2023-12-25,4.767675e-12,4.836395e-12,4.757365e-12,1.0,4.408916e-12,4.890494e-12,4.605002e-12
2020-08-27,4.809084e-12,4.908586e-12,4.8336283e-12,1.0,4.4488046e-12,4.922556e-12,4.649714e-12
2020-04-24,4.772797e-12,4.836764e-12,4.7510537e-12,1.0,4.41149e-12,4.8873978e-12,4.6111548e-12
2021-04-26,4.779247e-12,4.8483097e-12,4.7795023e-12,1.0,4.4192714e-12,4.9121076e-12,4.617421e-12
2020-05-30,4.792099e-12,4.9806383e-12,4.957342e-12,1.0,4.423944e-12,4.9124446e-12,4.6270127e-12
2020-09-19,4.8509365e-12,4.9441037e-12,4.8479215e-12,1.0,4.501039e-12,4.9768206e-12,4.6998056e-12
2023-04-05,4.862117e-12,4.9066202e-12,4.827216e-12,1.0,4.4843977e-12,4.9668065e-12,4.693535e-12
2022-06-03,4.7672474e-12,4.849364e-12,4.8010285e-12,1.0,4.3982825e-12,4.929452e-12,4.598647e-12
2024-09-06,4.8766243e-12,4.935059e-12,4.84929e-12,1.0,4.503822e-12,4.973215e-12,4.7088683e-12
2023-06-11,4.7955095e-12,4.8725425e-12,4.794385e-12,1.0,4.4390568e-12,4.9199273e-12,4.6383583e-12
2022-09-26,5.1401817e-12,5.2277943e-12,5.163401e-12,1.0,4.782493e-12,5.3475436e-12,4.976403e-12
2024-08-31,4.910786e-12,4.955111e-12,4.866227e-12,1.0,4.5306e-12,4.9938604e-12,4.742344e-12
2021-08-01,4.8662827e-12,4.973765e-12,4.8690496e-12,1.0,4.523105e-12,5.005953e-12,4.7197667e-12
2019-09-21,4.9705977e-12,5.07405e-12,5.0073275e-12,1.0,4.6125616e-12,5.1928527e-12,4.814931e-12
2020-09-23,4.8087905e-12,4.8857203e-12,4.786417e-12,1.0,4.4506885e-12,4.924265e-12,4.652269e-12
2022-12-19,5.744993e-12,5.5048466e-12,6.8145333e-12,1.0,5.1208746e-12,6.150361e-12,5.147314e-12
2021-06-03,4.7975495e-12,4.9238513e-12,4.8751645e-12,1.0,4.4273374e-12,4.916963e-12,4.6339018e-12
2022-11-04,4.8301077e-12,4.896112e-12,4.866227e-12,1.0,4.4572466e-12,4.968683e-12,4.6504415e-12
2024-03-16,4.790107e-12,4.8557686e-12,4.7562215e-12,1.0,4.4153114e-12,4.892695e-12,4.6273835e-12
2021-10-16,4.922246e-12,4.987959e-12,4.9009525e-12,1.0,4.5700895e-12,5.074244e-12,4.802256e-12
2022-08-10,4.8547963e-12,4.9200964e-12,4.822357e-12,1.0,4.48539e-12,4.9620343e-12,4.6940186e-12
2022-02-13,4.8008637e-12,4.8581217e-12,4.7702493e-12,1.0,4.430226e-12,4.906601e-12,4.634839e-12
2022-05-09,4.7963326e-12,4.853602e-12,4.7799213e-12,1.0,4.4052344e-12,4.91222e-12,4.6205396e-12
2023-11-07,4.821106e-12,4.883633e-12,4.796763e-12,1.0,4.4543063e-12,4.9395414e-12,4.6561925e-12
2020-07-25,4.8220998e-12,4.892621e-12,4.791441e-12,1.0,4.468091e-12,4.9230064e-12,4.6698e-12
2024-10-12,4.832006e-12,4.8983166e-12,4.780031e-12,1.0,4.4646322e-12,4.9328944e-12,4.672277e-12
2023-11-06,4.8262397e-12,4.888349e-12,4.798227e-12,1.0,4.4581313e-12,4.942576e-12,4.6609734e-12
2022-11-24,5.4032664e-12,5.2772847e-12,6.052815e-12,1.0,4.8745504e-12,5.704821e-12,4.963189e-12
2023-10-02,4.990309e-12,5.01507e-12,4.911901e-12,1.0,4.5846872e-12,5.0589754e-12,4.8074977e-12
2023-02-22,5.15601e-12,5.1029337e-12,5.3378014e-12,1.0,4.6938395e-12,5.2963233e-12,4.865169e-12
2024-12-07,4.7787733e-12,4.8433185e-12,4.751996e-12,1.0,4.4175353e-12,4.8968967e-12,4.6158004e-12
2019-04-19,4.792419e-12,4.854602e-12,4.7682114e-12,1.0,4.426628e-12,4.8994376e-12,4.629114e-12
2021-08-13,4.8498354e-12,4.933647e-12,4.8265532e-12,1.0,4.501898e-12,4.9536182e-12,4.7038237e-12
2020-07-17,4.8049034e-12,4.8833537e-12,4.7944396e-12,1.0,4.451334e-12,4.922049e-12,4.6497853e-12
2020-01-31,4.7882345e-12,4.849678e-12,4.766084e-12,1.0,4.4229655e-12,4.90084e-12,4.624895e-12
2023-03-08,4.998082e-12,4.9986825e-12,5.1233757e-12,1.0,4.580876e-12,5.1451547e-12,4.757292e-12
2023-08-21,4.8992416e-12,4.9496514e-12,4.872654e-12,1.0,4.518121e-12,5.007462e-12,4.725784e-12
2022-06-22,4.799701e-12,4.879276e-12,4.7950064e-12,1.0,4.4432075e-12,4.922988e-12,4.6425537e-12
2021-05-03,4.785322e-12,4.850344e-12,4.7833504e-12,1.0,4.422948e-12,4.9160628e-12,4.6216147e-12
2024-12-03,4.7837793e-12,4.846793e-12,4.7534103e-12,1.0,4.4214805e-12,4.9004286e-12,4.620416e-12
2024-01-14,4.766075e-12,4.8349744e-12,4.7552058e-12,1.0,4.4057553e-12,4.8872304e-12,4.603281e-12
2023-04-24,4.7753195e-12,4.844058e-12,4.7732703e-12,1.0,4.4143183e-12,4.9060213e-12,4.6123856e-12
2022-09-10,4.970844e-12,5.0509145e-12,4.9632837e-12,1.0,4.6113478e-12,5.126699e-12,4.809772e-12
2021-11-24,4.97834e-12,4.983584e-12,5.1715815e-12,1.0,4.5636958e-12,5.157338e-12,4.7248286e-12
2021-02-25,4.784592e-12,4.8503072e-12,4.7853037e-12,1.0,4.4230834e-12,4.912576e-12,4.619006e-12
2023-05-01,4.7794295e-12,4.8444274e-12,4.782311e-12,1.0,4.4118936e-12,4.9110577e-12,4.613547e-12
2023-03-27,4.8717896e-12,4.9080614e-12,4.8741788e-12,1.0,4.4855443e-12,4.9775613e-12,4.684377e-12
2021-03-20,4.8665707e-12,4.904636e-12,4.8107265e-12,1.0,4.480055e-12,4.948915e-12,4.693177e-12
2021-12-27,4.7709224e-12,4.838499e-12,4.7673744e-12,1.0,4.411406e-12,4.897887e-12,4.606583e-12
2021-11-11,4.99426e-12,4.997939e-12,5.184856e-12,1.0,4.5774174e-12,5.171364e-12,4.740879e-12
2022-12-20,5.8662532e-12,5.583415e-12,7.084614e-12,1.0,5.206142e-12,6.304817e-12,5.2120235e-12
2023-03-03,5.09842e-12,5.0659078e-12,5.3003452e-12,1.0,4.653068e-12,5.2593784e-12,4.8168964e-12
2021-06-04,4.7979706e-12,4.931088e-12,4.8852354e-12,1.0,4.4277763e-12,4.9128757e-12,4.634096e-12
2023-09-03,5.1154957e-12,5.1097126e-12,5.0480835e-12,1.0,4.6814653e-12,5.1681107e-12,4.9131194e-12
2021-06-15,4.8308727e-12,5.149887e-12,5.198819e-12,1.0,4.4545613e-12,4.942444e-12,4.662876e-12
2024-11-25,4.7867274e-12,4.8490123e-12,4.752214e-12,1.0,4.4236737e-12,4.9014946e-12,4.623537e-12
2020-04-18,4.77004e-12,4.830863e-12,4.731953e-12,1.0,4.4041754e-12,4.8693285e-12,4.607286e-12
2023-12-06,4.7871386e-12,4.8503814e-12,4.7877687e-12,1.0,4.423876e-12,4.912051e-12,4.6170333e-12
2024-06-10,5.0405595e-12,5.0524177e-12,5.296424e-12,1.0,4.609519e-12,5.2413924e-12,4.771741e-12
2022-12-01,5.7035375e-12,5.478034e-12,6.7262307e-12,1.0,5.09152e-12,6.0989148e-12,5.1239026e-12
2024-03-22,4.792821e-12,4.8497152e-12,4.747231e-12,1.0,4.4161033e-12,4.885981e-12,4.6258834e-12
2021-03-17,4.8662086e-12,4.904075e-12,4.806782e-12,1.0,4.478671e-12,4.9451784e-12,4.6929084e-12
2024-04-15,4.7683663e-12,4.828689e-12,4.7293185e-12,1.0,4.399004e-12,4.8666167e-12,4.60365e-12
2019-09-08,4.8825622e-12,4.9723233e-12,4.902429e-12,1.0,4.522122e-12,5.0673194e-12,4.720181e-12
2022-04-24,4.8054807e-12,4.865262e-12,4.779466e-12,1.0,4.4391418e-12,4.9104774e-12,4.64135e-12
2022-07-29,4.8146647e-12,4.8855898e-12,4.791423e-12,1.0,4.461959e-12,4.9247906e-12,4.661044e-12
2021-11-03,4.986998e-12,4.999159e-12,5.0419443e-12,1.0,4.590042e-12,5.10416e-12,4.8096436e-12
2021-08-27,4.799326e-12,4.8720594e-12,4.7780985e-12,1.0,4.439209e-12,4.9152e-12,4.6402166e-12
2021-02-26,4.783241e-12,4.8489936e-12,4.781326e-12,1.0,4.4223913e-12,4.9101777e-12,4.6182134e-12
2024-12-08,4.777424e-12,4.8422837e-12,4.750691e-12,1.0,4.4162213e-12,4.895066e-12,4.6146737e-12
2022-12-28,6.0676793e-12,5.7154073e-12,7.570125e-12,1.0,5.3475635e-12,6.573126e-12,5.3168086e-12
2024-01-28,4.7768686e-12,4.842598e-12,4.755895e-12,1.0,4.411372e-12,4.888871e-12,4.613829e-12
2020-08-18,4.808213e-12,4.87721e-12,4.7806143e-12,1.0,4.453525e-12,4.910702e-12,4.6528723e-12
2019-07-28,4.837604e-12,4.916569e-12,4.83503e-12,1.0,4.4563454e-12,4.9375634e-12,4.6706914e-12
2023-03-11,5.005418e-12,4.998492e-12,5.0716896e-12,1.0,4.5838476e-12,5.1189803e-12,4.773071e-12
2023-11-04,4.8200575e-12,4.8828884e-12,4.7929217e-12,1.0,4.45203e-12,4.9363577e-12,4.6547362e-12
2021-07-19,4.9444992e-12,4.992661e-12,4.902429e-12,1.0,4.5749385e-12,5.043464e-12,4.8072228e-12
2020-05-06,4.7655296e-12,4.8309737e-12,4.748535e-12,1.0,4.399776e-12,4.8826832e-12,4.6010687e-12
2024-03-30,4.775821e-12,4.844002e-12,4.7620315e-12,1.0,4.4139982e-12,4.8979987e-12,4.613319e-12
2024-02-02,4.798474e-12,4.8598456e-12,4.7652654e-12,1.0,4.428519e-12,4.902467e-12,4.6348567e-12
2021-10-20,4.8630635e-12,4.918745e-12,4.838443e-12,1.0,4.4946564e-12,4.972399e-12,4.7095513e-12
2021-10-19,4.8898594e-12,4.944141e-12,4.865856e-12,1.0,4.521087e-12,4.9977292e-12,4.7430675e-12
2023-02-08,5.9602358e-12,5.6523774e-12,7.3246045e-12,1.0,5.281212e-12,6.448474e-12,5.264657e-12
2024-08-07,4.796361e-12,4.8686966e-12,4.7741815e-12,1.0,4.4381595e-12,4.903738e-12,4.6391727e-12
2022-02-02,4.77044e-12,4.836727e-12,4.7580364e-12,1.0,4.4093366e-12,4.890867e-12,4.606935e-12
2024-05-10,4.7869013e-12,4.867991e-12,4.7942384e-12,1.0,4.4236906e-12,4.9125196e-12,4.6248777e-12
2024-09-10,4.8488184e-12,4.915069e-12,4.833499e-12,1.0,4.4817813e-12,4.9540337e-12,4.684109e-12
2023-03-10,4.9992354e-12,4.995747e-12,5.096806e-12,1.0,4.579059e-12,5.129516e-12,4.76165e-12
2023-07-09,4.862154e-12,5.0007997e-12,4.9422745e-12,1.0,4.4886594e-12,4.969555e-12,4.703034e-12
2023-09-21,4.9917275e-12,5.017596e-12,4.9268575e-12,1.0,4.591951e-12,5.081469e-12,4.809772e-12
2021-04-02,4.9073874e-12,4.931558e-12,4.7844827e-12,1.0,4.5052477e-12,4.9431795e-12,4.736179e-12
2019-08-16,4.825991e-12,4.9423686e-12,4.881752e-12,1.0,4.4588625e-12,4.9476504e-12,4.662129e-12
2021-10-01,4.8264058e-12,4.9615234e-12,4.8875283e-12,1.0,4.4657732e-12,4.9473863e-12,4.6719564e-12
2022-04-04,4.797852e-12,4.86131e-12,4.772251e-12,1.0,4.433354e-12,4.9099717e-12,4.6358997e-12
2022-07-13,4.9335245e-12,5.0044057e-12,4.8860555e-12,1.0,4.5931423e-12,5.011188e-12,4.7975317e-12
2024-09-16,4.827667e-12,4.906152e-12,4.814747e-12,1.0,4.461976e-12,4.931483e-12,4.665118e-12
2020-10-02,4.8032264e-12,4.873788e-12,4.7855227e-12,1.0,4.4449023e-12,4.9223303e-12,4.643369e-12
2022-06-09,4.7781805e-12,4.8704053e-12,4.8172456e-12,1.0,4.4104464e-12,4.931784e-12,4.6141632e-12
2023-02-06,5.629149e-12,5.4282954e-12,6.56651e-12,1.0,5.040079e-12,6.0086445e-12,5.0842225e-12
2021-02-06,4.8288734e-12,4.8802997e-12,4.810506e-12,1.0,4.442936e-12,4.925223e-12,4.6538663e-12
2023-08-25,4.92573e-12,4.961126e-12,4.88861e-12,1.0,4.532553e-12,5.0178256e-12,4.744588e-12
2023-06-17,4.800241e-12,4.891333e-12,4.830089e-12,1.0,4.434402e-12,4.940936e-12,4.6382876e-12
2023-01-24,5.8453897e-12,5.5758163e-12,7.0609525e-12,1.0,5.196023e-12,6.2960683e-12,5.201635e-12
2020-11-08,4.768566e-12,4.839089e-12,4.75918e-12,1.0,4.411675e-12,4.894077e-12,4.607339e-12
2021-06-07,4.788271e-12,4.905759e-12,4.8472e-12,1.0,4.420671e-12,4.902766e-12,4.625548e-12
2020-06-29,4.8058385e-12,4.8734723e-12,4.7868736e-12,1.0,4.4306316e-12,4.924471e-12,4.640925e-12
2022-03-11,4.797184e-12,4.8625526e-12,4.7770234e-12,1.0,4.428114e-12,4.9083988e-12,4.6332127e-12
2023-01-04,6.054535e-12,5.7068235e-12,7.540066e-12,1.0,5.338514e-12,6.5560222e-12,5.3095323e-12
2024-06-03,4.784902e-12,4.8589743e-12,4.791368e-12,1.0,4.4233024e-12,4.9110577e-12,4.622814e-12
2020-08-02,4.794979e-12,4.865095e-12,4.7672656e-12,1.0,4.434893e-12,4.9028407e-12,4.63712e-12
2020-08-22,4.819718e-12,4.8964487e-12,4.805902e-12,1.0,4.4666085e-12,4.930242e-12,4.6643527e-12
2024-01-05,4.7638117e-12,4.8324855e-12,4.7529385e-12,1.0,4.4038397e-12,4.8852914e-12,4.601016e-12
2022-11-03,4.8240127e-12,4.8949733e-12,4.8571767e-12,1.0,4.453219e-12,4.960331e-12,4.6477284e-12
2019-10-26,4.7970378e-12,4.8670993e-12,4.779356e-12,1.0,4.436517e-12,4.9200774e-12,4.634485e-12
2021-05-25,4.7839163e-12,4.8556207e-12,4.7682296e-12,1.0,4.427726e-12,4.919946e-12,4.62959e-12
2021-10-13,4.89955e-12,4.9818353e-12,4.8838195e-12,1.0,4.5513172e-12,5.055503e-12,4.778609e-12
2020-08-31,4.8034007e-12,4.8854592e-12,4.8035378e-12,1.0,4.441699e-12,4.916288e-12,4.6432623e-12
2024-12-14,4.7724606e-12,4.8394583e-12,4.752649e-12,1.0,4.4125e-12,4.893722e-12,4.6099058e-12
2022-09-16,5.0718735e-12,5.156649e-12,5.079996e-12,1.0,4.7144224e-12,5.2559485e-12,4.910646e-12
2024-04-22,4.7774697e-12,4.8358782e-12,4.737733e-12,1.0,4.405974e-12,4.874569e-12,4.6118933e-12
2021-06-24,4.785121e-12,4.904393e-12,4.830753e-12,1.0,4.4260706e-12,4.9036265e-12,4.6253184e-12
2020-03-03,4.7995726e-12,4.857232e-12,4.7417287e-12,1.0,4.4046464e-12,4.8664315e-12,4.6332656e-12
2023-09-04,5.089355e-12,5.0843193e-12,5.0294578e-12,1.0,4.6591424e-12,5.151066e-12,4.88436e-12
2022-08-28,5.303116e-12,5.2787544e-12,5.163834e-12,1.0,4.71275e-12,5.2878643e-12,5.0640143e-12
2023-09-23,4.977685e-12,5.0031273e-12,4.905273e-12,1.0,4.5793907e-12,5.0662556e-12,4.795208e-12
2021-03-28,4.9645904e-12,4.9673182e-12,4.833665e-12,1.0,4.5471873e-12,4.9864743e-12,4.7816725e-12
2021-07-16,4.8610694e-12,4.925862e-12,4.838978e-12,1.0,4.4944335e-12,4.970844e-12,4.7158614e-12
2020-11-10,4.768466e-12,4.838683e-12,4.756385e-12,1.0,4.410884e-12,4.8916505e-12,4.6071805e-12
2022-08-06,4.809552e-12,4.8776937e-12,4.7809426e-12,1.0,4.4485327e-12,4.918145e-12,4.6513817e-12
2022-08-21,5.0846298e-12,5.105991e-12,4.999693e-12,1.0,4.599963e-12,5.130416e-12,4.8836703e-12
2021-05-26,4.793297e-12,4.8689195e-12,4.778791e-12,1.0,4.4437496e-12,4.949368e-12,4.6471785e-12
2019-03-26,4.802402e-12,4.858919e-12,4.73365e-12,1.0,4.425497e-12,4.874365e-12,4.641031e-12
2022-11-20,5.2174445e-12,5.1521075e-12,5.658353e-12,1.0,4.740318e-12,5.4673236e-12,4.861644e-12
2022-01-20,4.7652928e-12,4.8334435e-12,4.756639e-12,1.0,4.4064947e-12,4.8893745e-12,4.602754e-12
2022-09-08,4.9657648e-12,5.0442337e-12,4.956586e-12,1.0,4.607374e-12,5.116617e-12,4.8059395e-12
2024-02-10,4.8343287e-12,4.8866336e-12,4.7759483e-12,1.0,4.453219e-12,4.917151e-12,4.669106e-12
2023-11-17,4.813957e-12,4.871669e-12,4.8171536e-12,1.0,4.443513e-12,4.9384863e-12,4.6385708e-12
2023-02-13,5.691084e-12,5.479078e-12,6.685583e-12,1.0,5.0961835e-12,6.0938676e-12,5.1285963e-12
2023-11-21,4.8161614e-12,4.871409e-12,4.8217498e-12,1.0,4.4439196e-12,4.941237e-12,4.637987e-12
2020-04-28,4.7764037e-12,4.8407324e-12,4.763739e-12,1.0,4.414874e-12,4.897831e-12,4.613547e-12
2019-08-14,4.8167494e-12,4.9142066e-12,4.8435956e-12,1.0,4.4499417e-12,4.9359813e-12,4.6530856e-12
2023-05-30,4.769922e-12,4.838683e-12,4.748626e-12,1.0,4.409505e-12,4.8830553e-12,4.609079e-12
2019-12-06,4.763321e-12,4.8331304e-12,4.748589e-12,1.0,4.402882e-12,4.8817894e-12,4.6008757e-12
2022-11-06,4.849845e-12,4.9042064e-12,4.9040004e-12,1.0,4.4711084e-12,4.9949845e-12,4.65948e-12
2021-11-07,5.030024e-12,5.0287864e-12,5.1623766e-12,1.0,4.6181253e-12,5.1770294e-12,4.814747e-12
2020-01-27,4.7802136e-12,4.8432074e-12,4.760796e-12,1.0,4.416794e-12,4.8952903e-12,4.6170862e-12
2024-12-02,4.7798393e-12,4.84476e-12,4.753084e-12,1.0,4.4183277e-12,4.8976066e-12,4.6169097e-12
2023-12-24,4.7670843e-12,4.8354727e-12,4.7574557e-12,1.0,4.407991e-12,4.8899712e-12,4.603878e-12
2024-07-05,4.856111e-12,4.9298655e-12,4.8135168e-12,1.0,4.4915027e-12,4.9787006e-12,4.7082217e-12
2023-09-15,5.015338e-12,5.0385408e-12,4.954582e-12,1.0,4.6110134e-12,5.1048033e-12,4.8271972e-12
2024-03-01,4.859799e-12,4.937111e-12,4.829905e-12,1.0,4.4820376e-12,4.96158e-12,4.7040926e-12
2023-01-20,5.9652175e-12,5.6539088e-12,7.337329e-12,1.0,5.280587e-12,6.451131e-12,5.265119e-12
2020-06-18,4.8402983e-12,4.908174e-12,4.825522e-12,1.0,4.472422e-12,4.947556e-12,4.694842e-12
2020-01-29,4.7656475e-12,4.832725e-12,4.752123e-12,1.0,4.4052513e-12,4.884807e-12,4.603298e-12
2021-07-14,4.8063055e-12,4.886652e-12,4.8033365e-12,1.0,4.439209e-12,4.933666e-12,4.6491816e-12
2019-04-24,4.7713777e-12,4.8377235e-12,4.7565302e-12,1.0,4.4110358e-12,4.8905125e-12,4.609343e-12
2021-10-22,4.8358596e-12,4.8946745e-12,4.824933e-12,1.0,4.468091e-12,4.953448e-12,4.6738104e-12
2023-11-26,4.810277e-12,4.867861e-12,4.8279154e-12,1.0,4.440852e-12,4.93907e-12,4.6315334e-12
2024-11-27,4.7899245e-12,4.8513992e-12,4.753265e-12,1.0,4.426645e-12,4.904337e-12,4.626395e-12
2021-05-15,4.7759665e-12,4.8438727e-12,4.770504e-12,1.0,4.41639e-12,4.902429e-12,4.61404e-12
2023-10-11,4.9545255e-12,4.9902612e-12,4.8754243e-12,1.0,4.563609e-12,5.039329e-12,4.7790825e-12
2024-07-01,4.830891e-12,4.905348e-12,4.801102e-12,1.0,4.4658075e-12,4.9329507e-12,4.6768067e-12
2019-03-29,4.8074886e-12,4.866598e-12,4.745764e-12,1.0,4.432711e-12,4.886074e-12,4.647923e-12
2019-09-17,5.002116e-12,5.11096e-12,5.046562e-12,1.0,4.6429436e-12,5.244693e-12,4.84561e-12
2021-10-23,4.855417e-12,4.9077803e-12,4.8412125e-12,1.0,4.4846032e-12,4.9674696e-12,4.694968e-12
2020-06-04,4.778682e-12,4.9023546e-12,4.8537866e-12,1.0,4.413527e-12,4.9128006e-12,4.613829e-12
2020-03-13,4.775547e-12,4.842542e-12,4.7587806e-12,1.0,4.407436e-12,4.889561e-12,4.6124563e-12
2021-06-02,4.8007904e-12,4.9126697e-12,4.85003e-12,1.0,4.439717e-12,4.939334e-12,4.6465045e-12
2022-06-11,4.791067e-12,4.903982e-12,4.8617737e-12,1.0,4.4227963e-12,4.9492927e-12,4.6265717e-12
2024-08-30,4.8950757e-12,4.9449706e-12,4.854491e-12,1.0,4.5199487e-12,4.983793e-12,4.7293905e-12
2024-07-17,4.8639348e-12,4.9513887e-12,4.8426905e-12,1.0,4.5133498e-12,4.9609557e-12,4.7198565e-12
2020-06-22,5.013415e-12,5.0286715e-12,4.9577772e-12,1.0,4.624472e-12,5.0599785e-12,4.9145063e-12
2024-05-26,4.8009916e-12,4.9380153e-12,4.887976e-12,1.0,4.440344e-12,4.9220302e-12,4.6345558e-12
2024-01-22,4.7698486e-12,4.837687e-12,4.7552418e-12,1.0,4.4072515e-12,4.8872304e-12,4.606759e-12
2023-02-15,5.6098134e-12,5.4246733e-12,6.4955307e-12,1.0,5.0377337e-12,5.9841463e-12,5.08624e-12
2019-12-21,4.761677e-12,4.8318953e-12,4.75254e-12,1.0,4.40263e-12,4.8852354e-12,4.5996297e-12
2023-07-20,4.813305e-12,4.8812863e-12,4.780961e-12,1.0,4.457213e-12,4.9149938e-12,4.6585917e-12
2023-04-11,4.866914e-12,4.914394e-12,4.834218e-12,1.0,4.4901327e-12,4.9739167e-12,4.700147e-12
2020-05-15,4.769458e-12,4.834421e-12,4.746271e-12,1.0,4.4018916e-12,4.8822175e-12,4.60458e-12
2024-04-12,4.770131e-12,4.834015e-12,4.744298e-12,1.0,4.4050328e-12,4.881305e-12,4.6062143e-12
2021-02-24,4.7844727e-12,4.8506216e-12,4.784774e-12,1.0,4.422931e-12,4.9128943e-12,4.6191124e-12
2024-11-14,4.7925743e-12,4.8574174e-12,4.7618498e-12,1.0,4.428165e-12,4.908436e-12,4.629802e-12
2020-09-26,4.802027e-12,4.8763354e-12,4.7930314e-12,1.0,4.4460386e-12,4.9293013e-12,4.6439003e-12
2019-06-04,4.8253376e-12,4.929339e-12,4.8474215e-12,1.0,4.4755965e-12,4.981075e-12,4.6827156e-12
2022-03-26,4.829905e-12,4.8918183e-12,4.7921727e-12,1.0,4.4605808e-12,4.930317e-12,4.6694796e-12
2023-07-08,4.8652805e-12,5.0474477e-12,5.0240697e-12,1.0,4.482739e-12,4.9837742e-12,4.7007923e-12
2020-01-03,4.7594797e-12,4.8290946e-12,4.751978e-12,1.0,4.4016062e-12,4.8845272e-12,4.5975597e-12
2021-04-12,4.7973487e-12,4.863666e-12,4.77236e-12,1.0,4.4334384e-12,4.911695e-12,4.6364128e-12
2019-08-24,4.9719057e-12,5.1825423e-12,5.1775034e-12,1.0,4.5543395e-12,5.0797634e-12,4.791368e-12
2024-11-29,4.78346e-12,4.8472923e-12,4.751416e-12,1.0,4.4216328e-12,4.899494e-12,4.6205748e-12
2023-11-24,4.8120934e-12,4.8689013e-12,4.8239945e-12,1.0,4.4424278e-12,4.9403892e-12,4.6344144e-12
2024-02-08,4.8027316e-12,4.864538e-12,4.7627757e-12,1.0,4.428976e-12,4.899027e-12,4.64004e-12
2021-01-29,4.783579e-12,4.8467745e-12,4.7485167e-12,1.0,4.409084e-12,4.8806905e-12,4.620222e-12
2019-09-09,4.884537e-12,4.974201e-12,4.9036825e-12,1.0,4.524969e-12,5.070819e-12,4.723639e-12
2023-03-24,4.8569542e-12,4.896934e-12,4.797019e-12,1.0,4.47162e-12,4.9320287e-12,4.686486e-12
2022-04-20,4.8069296e-12,4.864965e-12,4.7850847e-12,1.0,4.439209e-12,4.9205466e-12,4.641421e-12
2024-04-01,4.783752e-12,4.8472736e-12,4.7623585e-12,1.0,4.418193e-12,4.8995877e-12,4.619623e-12
2023-12-01,4.7946135e-12,4.855102e-12,4.7963417e-12,1.0,4.4286883e-12,4.916869e-12,4.621668e-12
2024-02-11,4.8338313e-12,4.887547e-12,4.7800128e-12,1.0,4.4534736e-12,4.920753e-12,4.6685355e-12
2021-11-06,5.010041e-12,5.014094e-12,5.1006764e-12,1.0,4.604317e-12,5.1399167e-12,4.813535e-12
2021-05-29,4.8834e-12,4.989652e-12,4.8669324e-12,1.0,4.5837605e-12,5.193863e-12,4.8068194e-12
2019-09-20,4.9686544e-12,5.0725604e-12,5.0097543e-12,1.0,4.610099e-12,5.1970338e-12,4.8113874e-12
2022-04-21,4.804546e-12,4.8633693e-12,4.7781896e-12,1.0,4.438244e-12,4.9122945e-12,4.6402166e-12
2024-06-09,4.9195804e-12,4.9652344e-12,5.051435e-12,1.0,4.519242e-12,5.080907e-12,4.7018682e-12
2019-04-02,4.8364134e-12,4.8773407e-12,4.714602e-12,1.0,4.4454796e-12,4.86387e-12,4.6746487e-12
2020-11-13,4.7720963e-12,4.842339e-12,4.7610687e-12,1.0,4.414992e-12,4.8951975e-12,4.610908e-12
2021-11-09,4.9865984e-12,4.995556e-12,5.14384e-12,1.0,4.5765796e-12,5.1537784e-12,4.7492956e-12
2022-02-10,4.79358e-12,4.8530836e-12,4.7698486e-12,1.0,4.4259527e-12,4.9046925e-12,4.6280896e-12
2021-03-24,5.088821e-12,5.041867e-12,4.8346422e-12,1.0,4.627295e-12,5.011494e-12,4.8959252e-12
2024-07-12,4.858242e-12,4.963076e-12,4.858715e-12,1.0,4.5071217e-12,4.965064e-12,4.7154836e-12
2022-01-23,4.77014e-12,4.836469e-12,4.7602512e-12,1.0,4.409942e-12,4.892602e-12,4.6064953e-12
2024-02-01,4.790226e-12,4.8540833e-12,4.7632666e-12,1.0,4.4219866e-12,4.8981674e-12,4.6270834e-12
2024-08-02,4.803886e-12,4.8786058e-12,4.788061e-12,1.0,4.4492287e-12,4.9220302e-12,4.6493417e-12
2020-08-06,4.7960125e-12,4.8644825e-12,4.765593e-12,1.0,4.433489e-12,4.8995127e-12,4.6364657e-12
2024-11-13,4.793882e-12,4.8598083e-12,4.7632484e-12,1.0,4.4298883e-12,4.910534e-12,4.631799e-12
2020-06-06,4.7678662e-12,4.8562872e-12,4.791551e-12,1.0,4.4048814e-12,4.9015132e-12,4.603193e-12
2023-06-30,4.8735e-12,5.168899e-12,5.2176132e-12,1.0,4.5005757e-12,5.0038524e-12,4.710557e-12
2019-10-06,4.852593e-12,4.936697e-12,4.871204e-12,1.0,4.4882145e-12,5.023916e-12,4.6841806e-12
2020-05-20,4.7788826e-12,4.8445193e-12,4.7653023e-12,1.0,4.411877e-12,4.8997555e-12,4.6136e-12
2020-03-26,4.7905182e-12,4.8557135e-12,4.7767497e-12,1.0,4.4276245e-12,4.910908e-12,4.628125e-12
2024-06-20,4.859716e-12,4.944009e-12,4.8952157e-12,1.0,4.5012796e-12,5.022747e-12,4.7028726e-12
2021-03-05,4.816143e-12,4.8707774e-12,4.7857053e-12,1.0,4.444411e-12,4.921035e-12,4.6491643e-12
2023-11-12,4.8268846e-12,4.8858318e-12,4.8013035e-12,1.0,4.4582163e-12,4.9471785e-12,4.6605822e-12
2020-03-01,4.8007718e-12,4.858937e-12,4.752649e-12,1.0,4.411759e-12,4.8797416e-12,4.6339725e-12
2024-04-05,4.784747e-12,4.84476e-12,4.755478e-12,1.0,4.4155135e-12,4.893143e-12,4.619059e-12
2024-11-03,4.8237647e-12,4.8886468e-12,4.775456e-12,1.0,4.45791e-12,4.9317655e-12,4.663517e-12
2022-07-18,4.949765e-12,5.025642e-12,4.898989e-12,1.0,4.6085696e-12,5.022211e-12,4.8132227e-12
2020-07-29,4.7982087e-12,4.866877e-12,4.775311e-12,1.0,4.441733e-12,4.9086234e-12,4.6410133e-12
2020-10-10,4.8045916e-12,4.8780663e-12,4.788554e-12,1.0,4.4458525e-12,4.9262187e-12,4.644697e-12
2023-01-28,5.8528534e-12,5.5781772e-12,7.081615e-12,1.0,5.1986995e-12,6.3045762e-12,5.2032627e-12
2020-11-15,4.7731797e-12,4.8421362e-12,4.7582546e-12,1.0,4.4145707e-12,4.8934424e-12,4.6116826e-12
2020-12-17,4.769567e-12,4.8382214e-12,4.7606324e-12,1.0,4.4108675e-12,4.8945253e-12,4.6075496e-12
2022-05-05,4.783241e-12,4.841582e-12,4.756349e-12,1.0,4.4068477e-12,4.8909973e-12,4.6141983e-12
2021-12-28,4.766875e-12,4.8349194e-12,4.76383e-12,1.0,4.4079575e-12,4.8940955e-12,4.6029296e-12
2023-12-08,4.7833144e-12,4.8479215e-12,4.7817817e-12,1.0,4.4213795e-12,4.9076125e-12,4.6149733e-12
2021-01-02,4.7683936e-12,4.8367087e-12,4.7567297e-12,1.0,4.4083443e-12,4.8895983e-12,4.60646e-12
2024-06-13,5.4925864e-12,5.3696405e-12,6.1915802e-12,1.0,4.9449706e-12,5.8189807e-12,5.036158e-12
2023-05-07,4.7734984e-12,4.8396066e-12,4.76343e-12,1.0,4.4124157e-12,4.8962613e-12,4.6111895e-12
2024-01-02,4.7675566e-12,4.8358964e-12,4.7575646e-12,1.0,4.4073187e-12,4.8896542e-12,4.6041938e-12
2022-09-07,4.958288e-12,5.034775e-12,4.938712e-12,1.0,4.5988578e-12,5.0971363e-12,4.800479e-12
2022-02-08,4.784601e-12,4.8471813e-12,4.7670656e-12,1.0,4.4197606e-12,4.900634e-12,4.6198167e-12
2019-10-16,4.824887e-12,4.90069e-12,4.81822e-12,1.0,4.457859e-12,4.9531837e-12,4.659302e-12
2020-05-10,4.7683476e-12,4.8352698e-12,4.7568026e-12,1.0,4.404495e-12,4.8907918e-12,4.6041938e-12
2019-05-31,4.860411e-12,4.945197e-12,4.8333516e-12,1.0,4.525556e-12,5.045888e-12,4.7408605e-12
2022-08-26,5.1837384e-12,5.193982e-12,5.0798025e-12,1.0,4.6704238e-12,5.213177e-12,4.973708e-12
2024-09-01,4.9115547e-12,4.958817e-12,4.8720225e-12,1.0,4.5333316e-12,4.9994644e-12,4.744117e-12
2024-10-28,4.8636472e-12,4.9242086e-12,4.7960676e-12,1.0,4.4927022e-12,4.9602553e-12,4.7025855e-12
2024-09-20,4.8485313e-12,4.9423686e-12,4.856491e-12,1.0,4.486058e-12,4.965177e-12,4.687863e-12
2020-09-21,4.8559633e-12,4.946122e-12,4.8403816e-12,1.0,4.502791e-12,4.972475e-12,4.70517e-12
2021-11-10,4.9748847e-12,4.9853524e-12,5.139152e-12,1.0,4.565315e-12,5.145606e-12,4.7339754e-12
2023-11-09,4.8275836e-12,4.8868197e-12,4.797788e-12,1.0,4.457689e-12,4.9430095e-12,4.661827e-12
2023-10-31,4.8345043e-12,4.896747e-12,4.8096804e-12,1.0,4.4636616e-12,4.949387e-12,4.666363e-12
2024-06-16,5.4380055e-12,5.3247853e-12,6.125682e-12,1.0,4.9092223e-12,5.7605192e-12,4.997977e-12
2020-09-09,4.862757e-12,4.990585e-12,4.911002e-12,1.0,4.493148e-12,4.95513e-12,4.7082577e-12
2023-04-27,4.794906e-12,4.8578806e-12,4.7985197e-12,1.0,4.4271514e-12,4.9244337e-12,4.629361e-12
2023-07-25,4.8207016e-12,4.8895237e-12,4.795958e-12,1.0,4.466284e-12,4.9295837e-12,4.6655804e-12
2021-09-02,4.836736e-12,4.9246406e-12,4.839089e-12,1.0,4.4837823e-12,4.969119e-12,4.679394e-12
2021-11-28,5.0374934e-12,5.0247406e-12,5.293273e-12,1.0,4.607532e-12,5.2340797e-12,4.7581453e-12
2024-08-06,4.796973e-12,4.8694395e-12,4.773107e-12,1.0,4.439243e-12,4.902223e-12,4.640323e-12
2021-10-05,4.8477546e-12,5.0316066e-12,4.9854665e-12,1.0,4.4823624e-12,4.96963e-12,4.6931595e-12
2023-02-07,5.9499905e-12,5.6440174e-12,7.306326e-12,1.0,5.271892e-12,6.4349346e-12,5.2571914e-12
2023-09-24,4.9773714e-12,5.0040627e-12,4.9077435e-12,1.0,4.582012e-12,5.073663e-12,4.795062e-12
2022-04-17,4.8035655e-12,4.861867e-12,4.779794e-12,1.0,4.4366355e-12,4.918295e-12,4.638411e-12
2021-02-07,4.8177512e-12,4.8717063e-12,4.7894856e-12,1.0,4.43217e-12,4.9087917e-12,4.6465405e-12
2023-04-19,4.805316e-12,4.867564e-12,4.805408e-12,1.0,4.4365006e-12,4.9400874e-12,4.63873e-12
2022-02-04,4.789422e-12,4.850881e-12,4.772579e-12,1.0,4.4246863e-12,4.9068262e-12,4.624119e-12
2020-05-26,4.77593e-12,4.8530277e-12,4.7804503e-12,1.0,4.411238e-12,4.9026165e-12,4.611295e-12
2024-01-15,4.76582e-12,4.834366e-12,4.7547704e-12,1.0,4.4049655e-12,4.886298e-12,4.602982e-12
2022-05-21,4.7874855e-12,4.9188015e-12,4.863221e-12,1.0,4.423252e-12,4.9048235e-12,4.6241544e-12
2022-11-10,4.9057403e-12,4.9391454e-12,5.022862e-12,1.0,4.510837e-12,5.0709354e-12,4.6870403e-12
2020-10-05,4.7976137e-12,4.869254e-12,4.783059e-12,1.0,4.440954e-12,4.9206784e-12,4.6387833e-12
2023-01-26,5.9143723e-12,5.619312e-12,7.225007e-12,1.0,5.2435526e-12,6.387171e-12,5.236676e-12
2022-11-07,4.8551206e-12,4.9056093e-12,4.9200028e-12,1.0,4.4737022e-12,5.0048455e-12,4.659889e-12
2024-09-04,4.885599e-12,4.9380526e-12,4.8549355e-12,1.0,4.509168e-12,4.9829568e-12,4.7161853e-12
2021-04-15,4.8005887e-12,4.8664683e-12,4.778135e-12,1.0,4.4363823e-12,4.9173755e-12,4.6395795e-12
2021-01-25,4.780897e-12,4.8453698e-12,4.7547886e-12,1.0,4.4115237e-12,4.8875097e-12,4.6177554e-12
2021-04-09,4.836847e-12,4.885366e-12,4.766193e-12,1.0,4.4580797e-12,4.9156504e-12,4.672776e-12
2021-02-16,4.803153e-12,4.86413e-12,4.789285e-12,1.0,4.427033e-12,4.91074e-12,4.6342374e-12
2021-12-15,4.8348547e-12,4.8842853e-12,4.8887405e-12,1.0,4.4584206e-12,4.977523e-12,4.6440417e-12
2024-09-19,4.829592e-12,4.926576e-12,4.8408617e-12,1.0,4.465416e-12,4.936433e-12,4.6682332e-12
2023-05-31,4.7625038e-12,4.8323377e-12,4.7486438e-12,1.0,4.403907e-12,4.8820496e-12,4.6012794e-12
2023-04-13,4.8292507e-12,4.8860555e-12,4.8154818e-12,1.0,4.4566347e-12,4.9516155e-12,4.662716e-12
2023-04-21,4.8046285e-12,4.865559e-12,4.808323e-12,1.0,4.4315445e-12,4.939372e-12,4.6358997e-12
2020-10-12,4.797769e-12,4.87139e-12,4.7878784e-12,1.0,4.4390056e-12,4.9243777e-12,4.637297e-12
2023-09-17,5.0205924e-12,5.046524e-12,4.9614475e-12,1.0,4.6196584e-12,5.1180228e-12,4.835694e-12
2021-09-16,4.814876e-12,4.912632e-12,4.835786e-12,1.0,4.4608358e-12,4.957153e-12,4.6577564e-12
2020-03-02,4.8016786e-12,4.8595676e-12,4.745963e-12,1.0,4.4092186e-12,4.8735833e-12,4.635528e-12
2022-01-26,4.7800583e-12,4.8436884e-12,4.765484e-12,1.0,4.417586e-12,4.8996996e-12,4.61573e-12
2021-07-10,4.795455e-12,4.8673223e-12,4.769594e-12,1.0,4.432525e-12,4.9129134e-12,4.637067e-12
2021-06-21,4.8391816e-12,5.0588787e-12,5.0461003e-12,1.0,4.456091e-12,4.9430286e-12,4.6704238e-12
2021-10-18,4.905825e-12,4.96035e-12,4.8763172e-12,1.0,4.5384183e-12,5.015089e-12,4.765811e-12
2022-02-14,4.78555e-12,4.8471444e-12,4.7611593e-12,1.0,4.4176702e-12,4.8950106e-12,4.6209096e-12
2022-09-21,5.074902e-12,5.1649375e-12,5.086919e-12,1.0,4.7203244e-12,5.268776e-12,4.9153693e-12
2023-05-21,4.7742908e-12,4.8407693e-12,4.7578365e-12,1.0,4.4121967e-12,4.893218e-12,4.6120165e-12
2022-05-30,4.7657386e-12,4.844908e-12,4.7771873e-12,1.0,4.403722e-12,4.906115e-12,4.600788e-12
2023-12-14,4.773535e-12,4.8408066e-12,4.7626855e-12,1.0,4.4130554e-12,4.8943198e-12,4.6087977e-12
2020-09-27,4.8001763e-12,4.873844e-12,4.79177e-12,1.0,4.443699e-12,4.9295646e-12,4.640996e-12
2021-02-05,4.829021e-12,4.880877e-12,4.8052057e-12,1.0,4.4438854e-12,4.924246e-12,4.655482e-12
2019-09-30,4.8773216e-12,4.9634355e-12,4.897812e-12,1.0,4.5136945e-12,5.055888e-12,4.711492e-12
2019-10-13,4.8338404e-12,4.911601e-12,4.8331304e-12,1.0,4.4653304e-12,4.9714317e-12,4.6662387e-12
2022-08-19,4.9916794e-12,5.0336996e-12,4.9409175e-12,1.0,4.557207e-12,5.0761023e-12,4.8050227e-12
2021-07-28,4.8366072e-12,4.91074e-12,4.8102126e-12,1.0,4.4811316e-12,4.9497836e-12,4.686343e-12
2022-08-25,5.374159e-12,5.3269793e-12,5.203799e-12,1.0,4.732296e-12,5.3157136e-12,5.1189803e-12
2021-11-14,5.014687e-12,5.009028e-12,5.2228907e-12,1.0,4.5902696e-12,5.1947743e-12,4.7489517e-12
2022-02-15,4.783187e-12,4.845222e-12,4.757746e-12,1.0,4.415076e-12,4.8913703e-12,4.618707e-12
2024-03-29,4.783944e-12,4.849623e-12,4.7646843e-12,1.0,4.4193225e-12,4.901139e-12,4.6210856e-12
2023-05-14,4.7699943e-12,4.8369117e-12,4.7587984e-12,1.0,4.4088656e-12,4.8932932e-12,4.6076025e-12
2023-01-14,6.01922e-12,5.686635e-12,7.470779e-12,1.0,5.3165046e-12,6.5194117e-12,5.2909513e-12
2023-01-10,6.0253196e-12,5.688523e-12,7.482559e-12,1.0,5.3185126e-12,6.5237646e-12,5.2928694e-12
2021-03-21,4.9201524e-12,4.9383544e-12,4.8246385e-12,1.0,4.5162953e-12,4.969479e-12,4.7412404e-12
2021-02-27,4.79841e-12,4.8612733e-12,4.798099e-12,1.0,4.4293137e-12,4.9194767e-12,4.6292198e-12
2019-10-17,4.819019e-12,4.894301e-12,4.8080845e-12,1.0,4.452047e-12,4.941709e-12,4.6543104e-12
2019-08-18,4.84929e-12,4.9938413e-12,4.95154e-12,1.0,4.4738046e-12,4.9697256e-12,4.682108e-12
2022-06-02,4.764112e-12,4.8406587e-12,4.777406e-12,1.0,4.398484e-12,4.9083237e-12,4.5978577e-12
2021-03-10,4.8138655e-12,4.870851e-12,4.7875857e-12,1.0,4.4431733e-12,4.9223303e-12,4.647267e-12
2024-02-14,4.848171e-12,4.9013072e-12,4.7899245e-12,1.0,4.464939e-12,4.930693e-12,4.683198e-12
2020-04-30,4.77583e-12,4.8408066e-12,4.7592893e-12,1.0,4.4139982e-12,4.8954773e-12,4.612931e-12
2020-10-22,4.8024206e-12,4.87788e-12,4.7978062e-12,1.0,4.444869e-12,4.933459e-12,4.6425715e-12
2020-11-09,4.770813e-12,4.8415265e-12,4.758563e-12,1.0,4.414352e-12,4.8946927e-12,4.61024e-12
2024-08-25,4.843411e-12,4.903888e-12,4.817962e-12,1.0,4.478551e-12,4.9505955e-12,4.6804657e-12
2023-08-27,4.918576e-12,4.953826e-12,4.8782337e-12,1.0,4.5247443e-12,5.0090093e-12,4.7374617e-12
2024-04-17,4.7741537e-12,4.83562e-12,4.744588e-12,1.0,4.4070663e-12,4.8805786e-12,4.609589e-12
2019-07-13,4.8248224e-12,4.8960744e-12,4.806434e-12,1.0,4.4746745e-12,4.9365837e-12,4.6729547e-12
2021-09-25,4.8229823e-12,4.952598e-12,4.8637028e-12,1.0,4.46087e-12,4.93762e-12,4.6695334e-12
2020-09-05,4.8551853e-12,5.0043108e-12,4.9303925e-12,1.0,4.4845004e-12,4.9470653e-12,4.697655e-12
2022-08-15,5.056641e-12,5.0882e-12,4.984934e-12,1.0,4.590725e-12,5.1235904e-12,4.8617182e-12
2019-05-15,4.79241e-12,4.85538e-12,4.7678116e-12,1.0,4.428823e-12,4.902429e-12,4.630862e-12
2021-11-15,5.025536e-12,5.0180363e-12,5.2577534e-12,1.0,4.599928e-12,5.2166184e-12,4.7544442e-12
2024-05-15,4.8150503e-12,5.0696196e-12,5.0936373e-12,1.0,4.44514e-12,4.937639e-12,4.6463454e-12
2022-03-03,4.78818e-12,4.8518984e-12,4.7576188e-12,1.0,4.416373e-12,4.8917064e-12,4.624119e-12
2021-06-16,4.851991e-12,5.2106128e-12,5.2835696e-12,1.0,4.4677673e-12,4.960577e-12,4.6811617e-12
2023-09-05,5.1283613e-12,5.118394e-12,5.0583188e-12,1.0,4.691172e-12,5.1810795e-12,4.920885e-12
2024-11-16,4.805114e-12,4.8656144e-12,4.7621217e-12,1.0,4.4393105e-12,4.9173005e-12,4.641456e-12
2023-06-18,4.795391e-12,4.8858877e-12,4.826314e-12,1.0,4.4243654e-12,4.9356426e-12,4.630774e-12
2024-10-08,4.8166206e-12,4.8870994e-12,4.780596e-12,1.0,4.4526245e-12,4.925392e-12,4.656353e-12
2023-05-29,4.7732343e-12,4.844316e-12,4.750999e-12,1.0,4.4121464e-12,4.8833537e-12,4.612896e-12
2021-08-12,4.8930035e-12,4.982577e-12,4.8606054e-12,1.0,4.5557295e-12,4.982577e-12,4.7576734e-12
2021-12-10,4.886214e-12,4.9200587e-12,4.9935178e-12,1.0,4.4961656e-12,5.043772e-12,4.672063e-12
2021-01-08,4.7705494e-12,4.838554e-12,4.758454e-12,1.0,4.410026e-12,4.891296e-12,4.6082704e-12
2024-10-04,4.8270598e-12,4.904674e-12,4.805756e-12,1.0,4.4675114e-12,4.9440656e-12,4.6696752e-12
2023-07-04,4.887911e-12,5.250918e-12,5.35287e-12,1.0,4.511973e-12,5.029995e-12,4.7227565e-12
2019-06-10,4.8001035e-12,4.8852172e-12,4.7947505e-12,1.0,4.4302092e-12,4.900541e-12,4.6375803e-12
2020-11-25,4.770085e-12,4.8408066e-12,4.759852e-12,1.0,4.413224e-12,4.894245e-12,4.608499e-12
2020-11-20,4.7729247e-12,4.8437803e-12,4.759852e-12,1.0,4.416272e-12,4.895776e-12,4.6120868e-12
2020-05-16,4.7696946e-12,4.8364503e-12,4.7548246e-12,1.0,4.4020256e-12,4.889561e-12,4.604317e-12
2019-12-15,4.763866e-12,4.833739e-12,4.753519e-12,1.0,4.404495e-12,4.8867824e-12,4.6014195e-12
2023-04-10,4.9240113e-12,4.9577395e-12,4.8866896e-12,1.0,4.5353205e-12,5.030974e-12,4.7516153e-12
2019-09-29,4.878522e-12,4.9650826e-12,4.8998865e-12,1.0,4.5149167e-12,5.058782e-12,4.712642e-12
2023-04-26,4.7937995e-12,4.8566025e-12,4.795501e-12,1.0,4.4255303e-12,4.9232506e-12,4.6277014e-12
2022-06-16,4.7940376e-12,4.9149565e-12,4.8656886e-12,1.0,4.4259357e-12,4.9320665e-12,4.6306682e-12
2022-09-15,5.0760156e-12,5.1610183e-12,5.0791433e-12,1.0,4.7191725e-12,5.2577534e-12,4.9167194e-12
2021-09-19,4.8187895e-12,4.941897e-12,4.8629052e-12,1.0,4.4624525e-12,4.949331e-12,4.6640504e-12
2020-11-19,4.77379e-12,4.8449448e-12,4.7589077e-12,1.0,4.4175523e-12,4.8956264e-12,4.613336e-12
2024-09-03,4.8918742e-12,4.9425945e-12,4.858826e-12,1.0,4.514762e-12,4.98501e-12,4.7229547e-12
2024-01-06,4.764993e-12,4.833554e-12,4.7540812e-12,1.0,4.4050328e-12,4.8861674e-12,4.6021568e-12
2019-10-29,4.785203e-12,4.857232e-12,4.7738536e-12,1.0,4.426189e-12,4.909279e-12,4.62359e-12
2021-09-20,4.8081578e-12,4.9130817e-12,4.827382e-12,1.0,4.4500263e-12,4.934513e-12,4.65234e-12
2019-10-21,4.795619e-12,4.867211e-12,4.781545e-12,1.0,4.4323894e-12,4.9173005e-12,4.632329e-12
2023-06-24,4.813122e-12,4.908979e-12,4.839089e-12,1.0,4.451639e-12,4.9422176e-12,4.6535466e-12
2023-07-28,4.840603e-12,4.9089417e-12,4.8063606e-12,1.0,4.4815592e-12,4.943198e-12,4.6854313e-12
2024-04-27,4.7702675e-12,4.8350486e-12,4.7470135e-12,1.0,4.402731e-12,4.8816216e-12,4.6057923e-12
2023-07-19,4.782393e-12,4.852288e-12,4.7668657e-12,1.0,4.4277425e-12,4.9002044e-12,4.6243833e-12
2024-08-04,4.8025303e-12,4.8754056e-12,4.7780074e-12,1.0,4.446344e-12,4.911302e-12,4.647604e-12
2019-09-12,4.913972e-12,5.007863e-12,4.9317655e-12,1.0,4.559763e-12,5.1105704e-12,4.7608324e-12
2019-11-11,4.769639e-12,4.8401786e-12,4.757547e-12,1.0,4.411322e-12,4.89096e-12,4.6074793e-12
2019-09-19,4.9882056e-12,5.0968253e-12,5.0344295e-12,1.0,4.6310213e-12,5.227854e-12,4.8324482e-12
2023-10-07,4.9753114e-12,5.004464e-12,4.8987836e-12,1.0,4.5772258e-12,5.057296e-12,4.7951534e-12
2024-07-20,4.880923e-12,4.996071e-12,4.911452e-12,1.0,4.530859e-12,4.9865316e-12,4.736631e-12
2023-03-19,4.944141e-12,4.9543178e-12,4.89096e-12,1.0,4.540704e-12,5.0111113e-12,4.756548e-12
2021-12-19,4.7798033e-12,4.84476e-12,4.7872023e-12,1.0,4.417637e-12,4.909803e-12,4.6108555e-12
2019-11-19,4.768102e-12,4.836801e-12,4.751398e-12,1.0,4.4080247e-12,4.885198e-12,4.6056345e-12
2020-03-11,4.7803775e-12,4.846479e-12,4.7576188e-12,1.0,4.4066127e-12,4.888349e-12,4.6166456e-12
2024-11-04,4.8253285e-12,4.8885726e-12,4.7710134e-12,1.0,4.4577397e-12,4.9274404e-12,4.6650643e-12
2019-05-07,4.7847195e-12,4.850067e-12,4.76863e-12,1.0,4.4234547e-12,4.9025415e-12,4.6228663e-12
2021-08-14,4.828321e-12,4.9104588e-12,4.805059e-12,1.0,4.4766894e-12,4.934814e-12,4.6796083e-12
2019-12-28,4.7614135e-12,4.8312318e-12,4.753628e-12,1.0,4.4029828e-12,4.88654e-12,4.5991735e-12
2021-04-07,4.8421918e-12,4.8919866e-12,4.7800128e-12,1.0,4.46407e-12,4.9270267e-12,4.6772703e-12
2019-05-02,4.7842446e-12,4.849364e-12,4.7746e-12,1.0,4.423387e-12,4.9080245e-12,4.621932e-12
2022-08-20,4.984934e-12,5.030072e-12,4.936019e-12,1.0,4.5567547e-12,5.0712832e-12,4.801358e-12
2024-10-31,4.832024e-12,4.89798e-12,4.7791194e-12,1.0,4.4659953e-12,4.9363955e-12,4.6736673e-12
2022-07-05,4.898055e-12,4.967413e-12,4.8479025e-12,1.0,4.5549302e-12,4.9788524e-12,4.755786e-12
2021-11-20,5.0299088e-12,5.0192996e-12,5.2708666e-12,1.0,4.6019286e-12,5.2211772e-12,4.75497e-12
2020-05-17,4.77297e-12,4.8417667e-12,4.7681386e-12,1.0,4.407285e-12,4.901831e-12,4.607743e-12
2022-07-24,4.8727936e-12,4.9425568e-12,4.834015e-12,1.0,4.5269543e-12,4.9638327e-12,4.727244e-12
2023-09-14,5.112901e-12,5.1061854e-12,5.0622375e-12,1.0,4.6839837e-12,5.1926744e-12,4.903215e-12
2019-11-21,4.766202e-12,4.8350113e-12,4.7484265e-12,1.0,4.405772e-12,4.8825154e-12,4.6035792e-12
2020-09-01,4.8126906e-12,4.9155562e-12,4.841305e-12,1.0,4.4477863e-12,4.9221243e-12,4.6520383e-12
2024-06-12,5.2806978e-12,5.2192057e-12,5.7787434e-12,1.0,4.7849567e-12,5.551812e-12,4.9079863e-12
2023-08-15,4.879183e-12,4.986303e-12,4.917263e-12,1.0,4.4996316e-12,4.9753973e-12,4.7098024e-12
2024-12-01,4.778317e-12,4.8433367e-12,4.7518513e-12,1.0,4.416929e-12,4.8964673e-12,4.6154304e-12
2021-12-01,4.999512e-12,4.998263e-12,5.2156036e-12,1.0,4.579618e-12,5.185291e-12,4.7367756e-12
2021-07-08,4.77695e-12,4.8526023e-12,4.7640117e-12,1.0,4.414486e-12,4.9002608e-12,4.616241e-12
2022-01-13,4.7618675e-12,4.831158e-12,4.754571e-12,1.0,4.4041754e-12,4.8874346e-12,4.5997524e-12
2020-03-18,4.7748827e-12,4.8424875e-12,4.7673024e-12,1.0,4.413729e-12,4.9005223e-12,4.6125443e-12
2019-06-15,4.8352325e-12,4.9191957e-12,4.8207935e-12,1.0,4.4738046e-12,4.932838e-12,4.6793407e-12
2023-08-14,4.8899803e-12,5.0184765e-12,4.957437e-12,1.0,4.5089787e-12,4.985257e-12,4.721027e-12
2021-09-23,4.815289e-12,4.924246e-12,4.8381663e-12,1.0,4.455156e-12,4.936471e-12,4.6590535e-12
2020-12-30,4.7708586e-12,4.8388494e-12,4.7595977e-12,1.0,4.411086e-12,4.893069e-12,4.608728e-12
2024-02-25,4.8320887e-12,4.913007e-12,4.7689756e-12,1.0,4.4566516e-12,4.9112828e-12,4.6780557e-12
2024-01-10,4.7658023e-12,4.8348088e-12,4.755478e-12,1.0,4.405335e-12,4.8873605e-12,4.6030527e-12
2022-02-12,4.7964063e-12,4.8555092e-12,4.769303e-12,1.0,4.4273877e-12,4.904992e-12,4.6308448e-12
2024-08-05,4.802393e-12,4.8737694e-12,4.7760576e-12,1.0,4.4444452e-12,4.9071814e-12,4.6462743e-12
2024-07-14,4.871548e-12,4.982919e-12,4.8798153e-12,1.0,4.520897e-12,4.976156e-12,4.7308164e-12
2024-07-21,4.885748e-12,5.002612e-12,4.921166e-12,1.0,4.533539e-12,4.991042e-12,4.740445e-12
2021-10-07,4.846784e-12,4.9907942e-12,4.9319724e-12,1.0,4.483799e-12,4.9704646e-12,4.695541e-12
2021-04-25,4.7729156e-12,4.8420066e-12,4.77145e-12,1.0,4.4142676e-12,4.903645e-12,4.611084e-12
2023-02-05,5.1742157e-12,5.1182183e-12,5.586824e-12,1.0,4.7087607e-12,5.4170427e-12,4.83243e-12
2024-01-08,4.763821e-12,4.8328355e-12,4.754299e-12,1.0,4.403655e-12,4.885795e-12,4.601016e-12
2024-07-04,4.825798e-12,4.903346e-12,4.8091487e-12,1.0,4.4585394e-12,4.9516914e-12,4.6700317e-12
2024-10-26,4.8558705e-12,4.92126e-12,4.7956287e-12,1.0,4.4869646e-12,4.955829e-12,4.695953e-12
2021-03-16,4.853065e-12,4.895683e-12,4.8047295e-12,1.0,4.4704435e-12,4.9421613e-12,4.6810546e-12
2023-09-12,5.0599303e-12,5.064729e-12,5.014687e-12,1.0,4.6397387e-12,5.134469e-12,4.860105e-12
2022-11-09,4.8921917e-12,4.93011e-12,4.996871e-12,1.0,4.5012453e-12,5.0541333e-12,4.6797687e-12
2019-12-05,4.7649116e-12,4.834421e-12,4.750691e-12,1.0,4.404293e-12,4.883559e-12,4.6022444e-12
2024-04-02,4.7792924e-12,4.845e-12,4.76343e-12,1.0,4.415868e-12,4.8994376e-12,4.616012e-12
2022-05-28,4.778144e-12,4.8966165e-12,4.8419146e-12,1.0,4.4149077e-12,4.910215e-12,4.613424e-12
2024-07-19,4.8896265e-12,5.007404e-12,4.915125e-12,1.0,4.5402887e-12,4.995804e-12,4.7479013e-12
2024-08-21,4.8304854e-12,4.895589e-12,4.805902e-12,1.0,4.471927e-12,4.938392e-12,4.672384e-12
2021-07-03,4.7980803e-12,4.8707397e-12,4.784172e-12,1.0,4.4271344e-12,4.9195144e-12,4.6337604e-12
2021-06-05,4.7920444e-12,4.9211473e-12,4.8680283e-12,1.0,4.4221384e-12,4.9039627e-12,4.6277366e-12
2022-05-13,4.779274e-12,4.847847e-12,4.778062e-12,1.0,4.4069314e-12,4.9077803e-12,4.6108555e-12
2024-10-13,4.835436e-12,4.902504e-12,4.785596e-12,1.0,4.4675114e-12,4.9380153e-12,4.6748443e-12
2019-12-30,4.7610956e-12,4.830605e-12,4.7533557e-12,1.0,4.402731e-12,4.8859996e-12,4.59884e-12
2022-04-19,4.835823e-12,4.8825345e-12,4.7874764e-12,1.0,4.4583525e-12,4.9277978e-12,4.6667015e-12
2022-03-14,4.8152524e-12,4.87855e-12,4.7874946e-12,1.0,4.4467685e-12,4.9222553e-12,4.652766e-12
2019-06-08,4.809433e-12,4.910534e-12,4.8356753e-12,1.0,4.441276e-12,4.9188388e-12,4.6466646e-12
2019-04-22,4.7849567e-12,4.8472368e-12,4.7679022e-12,1.0,4.420014e-12,4.9013445e-12,4.6212092e-12
2023-08-02,4.83574e-12,4.9013445e-12,4.8107083e-12,1.0,4.475443e-12,4.943481e-12,4.6767173e-12
2019-12-10,4.764112e-12,4.833794e-12,4.7516153e-12,1.0,4.4038566e-12,4.8844717e-12,4.6015427e-12
2021-09-28,4.819764e-12,4.9457443e-12,4.855824e-12,1.0,4.4604958e-12,4.9391645e-12,4.6678234e-12
2021-07-13,4.79454e-12,4.8700896e-12,4.7826756e-12,1.0,4.428047e-12,4.9165502e-12,4.634503e-12
2022-09-30,5.0594576e-12,5.1428193e-12,5.075444e-12,1.0,4.7015634e-12,5.2528216e-12,4.8979245e-12
2023-06-26,4.828616e-12,4.9433114e-12,4.888181e-12,1.0,4.467818e-12,4.9587036e-12,4.670085e-12
2019-08-23,4.915716e-12,5.09051e-12,5.0635893e-12,1.0,4.5214488e-12,5.0332386e-12,4.7429413e-12
2019-10-19,4.806883e-12,4.881957e-12,4.7953174e-12,1.0,4.441123e-12,4.9264442e-12,4.642377e-12
2024-10-11,4.8332133e-12,4.8998865e-12,4.791222e-12,1.0,4.4668128e-12,4.9406716e-12,4.672438e-12
2019-11-29,4.7627397e-12,4.831748e-12,4.7449137e-12,1.0,4.401791e-12,4.8784566e-12,4.5999983e-12
2023-09-29,4.9999505e-12,5.020583e-12,4.9053847e-12,1.0,4.5964547e-12,5.0726957e-12,4.8172273e-12
2024-01-21,4.7666294e-12,4.8347164e-12,4.7529385e-12,1.0,4.4045956e-12,4.8845086e-12,4.603948e-12
2020-02-24,4.7848656e-12,4.8485686e-12,4.755677e-12,1.0,4.4097404e-12,4.8836148e-12,4.6202044e-12
2019-05-12,4.7897233e-12,4.8540278e-12,4.7682843e-12,1.0,4.427962e-12,4.9022422e-12,4.628725e-12
2021-02-12,4.8020446e-12,4.8610504e-12,4.7669204e-12,1.0,4.4164577e-12,4.889878e-12,4.6341316e-12
2024-12-05,4.7818273e-12,4.8451664e-12,4.7516335e-12,1.0,4.4198616e-12,4.898335e-12,4.6186718e-12
2020-12-07,4.7660114e-12,4.8355838e-12,4.7589988e-12,1.0,4.4081423e-12,4.8920234e-12,4.6038074e-12
2020-03-08,4.7948876e-12,4.8554537e-12,4.748354e-12,1.0,4.4057553e-12,4.8746805e-12,4.6294314e-12
2020-10-11,4.801001e-12,4.874123e-12,4.784592e-12,1.0,4.4415977e-12,4.9211846e-12,4.641084e-12
2023-06-03,4.814802e-12,4.987064e-12,4.936697e-12,1.0,4.4438004e-12,4.916475e-12,4.6554115e-12
2019-09-04,5.0593514e-12,5.158971e-12,5.0711475e-12,1.0,4.725946e-12,5.2557277e-12,4.9183322e-12
2024-12-26,4.7760667e-12,4.8422473e-12,4.7546433e-12,1.0,4.415699e-12,4.8967284e-12,4.6127373e-12
2023-12-07,4.7870653e-12,4.850141e-12,4.788846e-12,1.0,4.4234716e-12,4.9115456e-12,4.6165224e-12
2023-02-21,5.2634425e-12,5.1787476e-12,5.582307e-12,1.0,4.774017e-12,5.4473587e-12,4.921504e-12
2022-01-22,4.768757e-12,4.8357308e-12,4.7595977e-12,1.0,4.4092186e-12,4.892453e-12,4.6057225e-12
2021-05-06,4.7831136e-12,4.849197e-12,4.7819825e-12,1.0,4.421177e-12,4.91475e-12,4.6194997e-12
2024-03-12,4.802723e-12,4.872803e-12,4.7619404e-12,1.0,4.424062e-12,4.8974197e-12,4.643457e-12
2023-10-06,4.9763457e-12,5.001715e-12,4.9042623e-12,1.0,4.5758284e-12,5.056486e-12,4.7934885e-12
2022-09-18,5.0499227e-12,5.1360166e-12,5.062373e-12,1.0,4.691602e-12,5.2382543e-12,4.886857e-12
2021-12-11,4.8620426e-12,4.902691e-12,4.9415576e-12,1.0,4.4781926e-12,5.011857e-12,4.658858e-12
2022-02-19,4.777488e-12,4.841545e-12,4.7502015e-12,1.0,4.4071504e-12,4.881845e-12,4.613688e-12
2023-10-25,4.8442426e-12,4.899419e-12,4.8146e-12,1.0,4.4685514e-12,4.951634e-12,4.6733646e-12
2019-04-23,4.7800947e-12,4.843725e-12,4.7639206e-12,1.0,4.416306e-12,4.898055e-12,4.6165224e-12
2022-09-11,4.9805906e-12,5.061156e-12,4.9752073e-12,1.0,4.6237484e-12,5.138878e-12,4.820076e-12
2019-10-02,4.8725702e-12,4.9587036e-12,4.8911092e-12,1.0,4.508119e-12,5.047255e-12,4.7055285e-12
2022-01-19,4.765566e-12,4.833702e-12,4.7566755e-12,1.0,4.4065624e-12,4.889356e-12,4.6028945e-12
2022-11-23,5.3256184e-12,5.224843e-12,5.888e-12,1.0,4.818936e-12,5.604947e-12,4.920697e-12
2023-12-28,4.7662746e-12,4.8350113e-12,4.7561855e-12,1.0,4.40705e-12,4.8886654e-12,4.6033862e-12
2021-05-31,4.852019e-12,4.958685e-12,4.8603088e-12,1.0,4.527438e-12,5.091151e-12,4.744045e-12
2021-10-29,4.9354258e-12,4.96175e-12,4.9342305e-12,1.0,4.548627e-12,5.0320676e-12,4.777898e-12
2024-04-09,4.764757e-12,4.8309555e-12,4.742814e-12,1.0,4.402395e-12,4.8789037e-12,4.6020167e-12
2021-12-14,4.8337757e-12,4.883149e-12,4.8844344e-12,1.0,4.4577397e-12,4.9757386e-12,4.64367e-12
2023-10-22,4.8475143e-12,4.9009893e-12,4.8169147e-12,1.0,4.472593e-12,4.957361e-12,4.676503e-12
2021-02-19,4.801779e-12,4.86413e-12,4.805646e-12,1.0,4.4347408e-12,4.9265e-12,4.632346e-12
2022-05-11,4.776449e-12,4.8426163e-12,4.7647754e-12,1.0,4.4040414e-12,4.896019e-12,4.6087452e-12
2019-09-22,4.9773714e-12,5.081624e-12,5.019606e-12,1.0,4.6216503e-12,5.1994333e-12,4.8240496e-12
2021-07-27,4.847653e-12,4.922518e-12,4.8152797e-12,1.0,4.4931138e-12,4.9582313e-12,4.699985e-12
2023-03-25,4.882506e-12,4.9146377e-12,4.889729e-12,1.0,4.4923423e-12,4.9861127e-12,4.6902955e-12
2022-04-12,4.833997e-12,4.885441e-12,4.810983e-12,1.0,4.4626065e-12,4.9515587e-12,4.666542e-12
2020-04-21,4.773635e-12,4.833278e-12,4.7361607e-12,1.0,4.407335e-12,4.873621e-12,4.610838e-12
2019-11-02,4.7796025e-12,4.8518247e-12,4.7731797e-12,1.0,4.420064e-12,4.9078554e-12,4.616769e-12
2023-03-13,4.9964802e-12,4.99426e-12,5.0605965e-12,1.0,4.5790767e-12,5.1133394e-12,4.76863e-12
2020-09-22,4.8270598e-12,4.9096157e-12,4.8074795e-12,1.0,4.4716375e-12,4.943594e-12,4.6734717e-12
2023-09-01,4.981493e-12,5.0167153e-12,4.922293e-12,1.0,4.5813652e-12,5.057335e-12,4.806398e-12
2021-02-28,4.796086e-12,4.8591595e-12,4.796507e-12,1.0,4.429719e-12,4.920284e-12,4.6274716e-12
2022-06-05,4.775365e-12,4.863091e-12,4.8173193e-12,1.0,4.40033e-12,4.944235e-12,4.6057923e-12
2023-06-05,4.8219337e-12,4.9658407e-12,4.905778e-12,1.0,4.453406e-12,4.9300915e-12,4.664015e-12
2020-03-17,4.7751833e-12,4.8428384e-12,4.771596e-12,1.0,4.412365e-12,4.903926e-12,4.6116643e-12
2023-04-06,4.890718e-12,4.925824e-12,4.8381845e-12,1.0,4.5063996e-12,4.9837365e-12,4.719785e-12
2023-02-18,5.373124e-12,5.258817e-12,5.9188067e-12,1.0,4.8583997e-12,5.64066e-12,4.9638514e-12
2019-07-14,4.8222927e-12,4.8936476e-12,4.8042343e-12,1.0,4.4710403e-12,4.934174e-12,4.669462e-12
2023-12-15,4.7700945e-12,4.838443e-12,4.760215e-12,1.0,4.411069e-12,4.892826e-12,4.606583e-12
2024-07-22,4.898765e-12,5.1327653e-12,5.1388386e-12,1.0,4.5130228e-12,5.0130425e-12,4.7349325e-12
2021-03-30,5.106634e-12,5.050067e-12,4.8265896e-12,1.0,4.6378274e-12,5.012622e-12,4.9118825e-12
2023-04-17,4.846257e-12,4.8980364e-12,4.8393472e-12,1.0,4.4658756e-12,4.9786056e-12,4.674577e-12
2020-03-07,4.795949e-12,4.856195e-12,4.7451127e-12,1.0,4.40426e-12,4.870833e-12,4.6303855e-12
2024-03-06,4.8387384e-12,4.91505e-12,4.8129656e-12,1.0,4.4599853e-12,4.9388818e-12,4.6803043e-12
2020-10-30,4.776203e-12,4.8486237e-12,4.766993e-12,1.0,4.419339e-12,4.9022795e-12,4.6158706e-12
2020-09-16,4.864872e-12,4.9612775e-12,4.868734e-12,1.0,4.512317e-12,4.9857705e-12,4.7185246e-12
2023-01-03,6.0749175e-12,5.7201405e-12,7.579112e-12,1.0,5.354137e-12,6.580929e-12,5.322146e-12
2023-07-22,4.842367e-12,4.910721e-12,4.8030434e-12,1.0,4.4863484e-12,4.9371488e-12,4.69017e-12
2024-08-29,4.876057e-12,4.932763e-12,4.8450926e-12,1.0,4.5071217e-12,4.974828e-12,4.713002e-12
2022-12-24,6.0304934e-12,5.691323e-12,7.481303e-12,1.0,5.322085e-12,6.524661e-12,5.297091e-12
2020-02-25,4.7847832e-12,4.84879e-12,4.7559678e-12,1.0,4.409488e-12,4.883447e-12,4.620011e-12
2021-09-22,4.8140307e-12,4.9170004e-12,4.8292416e-12,1.0,4.455683e-12,4.9387877e-12,4.6585557e-12
2022-09-29,5.079599e-12,5.163401e-12,5.0984976e-12,1.0,4.7201266e-12,5.2782713e-12,4.916269e-12
2023-01-01,6.0527217e-12,5.705126e-12,7.5267605e-12,1.0,5.336458e-12,6.5494233e-12,5.30933e-12
2019-04-30,4.7908656e-12,4.8531765e-12,4.7787e-12,1.0,4.426037e-12,4.9121445e-12,4.626748e-12
2022-08-12,4.9138974e-12,4.9769915e-12,4.8802065e-12,1.0,4.5251762e-12,5.023035e-12,4.7462893e-12
2020-03-28,4.8642687e-12,4.906639e-12,4.8196716e-12,1.0,4.481371e-12,4.9612775e-12,4.694466e-12
2021-08-17,4.779867e-12,4.8533426e-12,4.7690116e-12,1.0,4.421565e-12,4.9058526e-12,4.620222e-12
2019-04-07,4.816235e-12,4.870684e-12,4.7662473e-12,1.0,4.44214e-12,4.9062083e-12,4.653991e-12
2021-11-27,5.0087703e-12,5.004922e-12,5.2282527e-12,1.0,4.5867685e-12,5.1949725e-12,4.7430675e-12
2022-07-04,4.9066107e-12,4.976764e-12,4.846793e-12,1.0,4.5644964e-12,4.9830326e-12,4.766811e-12
2019-07-03,4.825798e-12,4.8973638e-12,4.8052244e-12,1.0,4.4745553e-12,4.9365273e-12,4.6742384e-12
2021-08-25,4.791295e-12,4.862312e-12,4.7597243e-12,1.0,4.429787e-12,4.8995127e-12,4.631993e-12
2022-06-23,4.809708e-12,4.8892626e-12,4.7948056e-12,1.0,4.4562266e-12,4.9256922e-12,4.6561036e-12
2024-12-12,4.768466e-12,4.8365977e-12,4.7519237e-12,1.0,4.4089667e-12,4.890382e-12,4.606109e-12
2022-07-21,4.8998865e-12,4.974524e-12,4.8602906e-12,1.0,4.556564e-12,4.983793e-12,4.75849e-12
2022-07-02,4.904094e-12,4.979308e-12,4.8446486e-12,1.0,4.565507e-12,4.9880915e-12,4.7664294e-12
2021-08-29,4.814995e-12,4.8901018e-12,4.788682e-12,1.0,4.4567535e-12,4.925411e-12,4.657063e-12
2023-09-02,5.0548467e-12,5.0629522e-12,4.9840787e-12,1.0,4.634874e-12,5.110609e-12,4.8629052e-12
2021-01-14,4.771878e-12,4.8389235e-12,4.7567297e-12,1.0,4.4091853e-12,4.8894487e-12,4.6092726e-12
2019-12-01,4.7649567e-12,4.8343473e-12,4.750075e-12,1.0,4.404495e-12,4.8830185e-12,4.602175e-12
2022-11-19,5.1512427e-12,5.107296e-12,5.5227463e-12,1.0,4.692801e-12,5.3838544e-12,4.8249148e-12
2021-07-17,4.89813e-12,4.956756e-12,4.8639443e-12,1.0,4.5319304e-12,5.0057428e-12,4.7580186e-12
2021-02-15,4.8004517e-12,4.8609766e-12,4.7842637e-12,1.0,4.4231337e-12,4.90546e-12,4.631428e-12
2019-09-06,4.9284275e-12,5.022249e-12,4.9459143e-12,1.0,4.5746944e-12,5.1139444e-12,4.771596e-12
2021-07-12,4.8092953e-12,4.876652e-12,4.7828946e-12,1.0,4.4423094e-12,4.926632e-12,4.6507607e-12
2022-01-25,4.7744183e-12,4.83968e-12,4.7629396e-12,1.0,4.4131226e-12,4.895832e-12,4.610539e-12
2024-02-12,4.8032724e-12,4.866134e-12,4.7636482e-12,1.0,4.4288405e-12,4.8993444e-12,4.6412084e-12
2019-07-18,4.8253376e-12,4.8975134e-12,4.810488e-12,1.0,4.4571785e-12,4.928399e-12,4.664833e-12
2020-07-01,4.7916332e-12,4.861292e-12,4.783533e-12,1.0,4.422003e-12,4.913588e-12,4.627048e-12
2019-09-13,4.9304766e-12,5.0275014e-12,4.9502746e-12,1.0,4.5774526e-12,5.1345473e-12,4.781016e-12
2024-06-30,4.8347992e-12,4.9063392e-12,4.805334e-12,1.0,4.4707163e-12,4.934927e-12,4.6802865e-12
2019-04-21,4.7855864e-12,4.8487347e-12,4.7699943e-12,1.0,4.4200472e-12,4.9019057e-12,4.6215796e-12
2023-08-04,4.8465897e-12,4.9123136e-12,4.819084e-12,1.0,4.483543e-12,4.9498214e-12,4.6870936e-12
2024-09-18,4.8153625e-12,4.896112e-12,4.8072228e-12,1.0,4.4524376e-12,4.92387e-12,4.6536715e-12
2021-01-07,4.7684387e-12,4.836469e-12,4.7567657e-12,1.0,4.408092e-12,4.8893745e-12,4.6062494e-12
2020-06-23,5.003442e-12,5.0214446e-12,4.9419726e-12,1.0,4.6157128e-12,5.0511457e-12,4.9008024e-12
2023-12-12,4.7799213e-12,4.845259e-12,4.777515e-12,1.0,4.41826e-12,4.904356e-12,4.6121045e-12
2020-07-07,4.838702e-12,4.9202465e-12,4.845869e-12,1.0,4.4487873e-12,4.9496514e-12,4.6684284e-12
2019-11-23,4.7675024e-12,4.8355647e-12,4.7484265e-12,1.0,4.4061924e-12,4.8832236e-12,4.6047033e-12
2022-01-11,4.7615137e-12,4.8307343e-12,4.754988e-12,1.0,4.4037057e-12,4.887006e-12,4.5992437e-12
2020-06-21,4.976413e-12,5.002555e-12,4.9347575e-12,1.0,4.5919687e-12,5.041348e-12,4.865763e-12
2022-03-09,4.8005796e-12,4.8629985e-12,4.7652294e-12,1.0,4.4211267e-12,4.894432e-12,4.6357406e-12
2024-01-23,4.7691573e-12,4.836303e-12,4.751978e-12,1.0,4.405621e-12,4.8839682e-12,4.6062494e-12
2024-03-27,4.78976e-12,4.852584e-12,4.7595066e-12,1.0,4.4213964e-12,4.8976066e-12,4.6263774e-12
2020-07-11,4.842469e-12,5.026063e-12,5.0000937e-12,1.0,4.4571616e-12,4.9500855e-12,4.6734895e-12
2021-10-02,4.8403542e-12,5.0020777e-12,4.938298e-12,1.0,4.4781926e-12,4.9615234e-12,4.6871296e-12
2023-04-29,4.781545e-12,4.8451846e-12,4.773562e-12,1.0,4.415817e-12,4.9047116e-12,4.616769e-12
2024-06-21,4.80659e-12,4.8955336e-12,4.808837e-12,1.0,4.452879e-12,4.9447256e-12,4.656033e-12
2020-02-06,4.7810523e-12,4.8448337e-12,4.7618316e-12,1.0,4.4165587e-12,4.8944503e-12,4.618143e-12
2024-03-23,4.777205e-12,4.8432634e-12,4.748988e-12,1.0,4.409505e-12,4.8844344e-12,4.6148675e-12
2023-01-16,6.0435858e-12,5.701971e-12,7.531413e-12,1.0,5.3334455e-12,6.552972e-12,5.303015e-12
2022-08-27,5.078785e-12,5.115212e-12,5.019146e-12,1.0,4.625301e-12,5.157987e-12,4.8861115e-12
2023-10-09,4.9809137e-12,5.0101746e-12,4.897868e-12,1.0,4.5835852e-12,5.061948e-12,4.8019626e-12
2024-06-06,4.8188996e-12,4.8849935e-12,4.8420066e-12,1.0,4.4484143e-12,4.9468767e-12,4.646771e-12
2019-10-22,4.793882e-12,4.8658187e-12,4.7792655e-12,1.0,4.432373e-12,4.9160814e-12,4.6315334e-12
2024-02-27,4.8254027e-12,4.902205e-12,4.8046007e-12,1.0,4.4514357e-12,4.937055e-12,4.6683044e-12
2023-05-12,4.7791376e-12,4.8446486e-12,4.768812e-12,1.0,4.416963e-12,4.90286e-12,4.6163993e-12
2021-01-12,4.7724515e-12,4.839071e-12,4.7576916e-12,1.0,4.4103965e-12,4.8911092e-12,4.6098355e-12
2020-06-26,4.8187157e-12,4.8825713e-12,4.7963417e-12,1.0,4.4449704e-12,4.9288503e-12,4.6608663e-12
2022-01-03,4.76413e-12,4.8328724e-12,4.7570923e-12,1.0,4.406024e-12,4.88971e-12,4.601683e-12
2021-06-25,4.7865817e-12,4.9057217e-12,4.8314347e-12,1.0,4.4285365e-12,4.9081364e-12,4.6271537e-12
2021-09-07,4.8207016e-12,4.9236075e-12,4.839071e-12,1.0,4.4688237e-12,4.947556e-12,4.6662747e-12
2022-02-17,4.778135e-12,4.8420066e-12,4.752594e-12,1.0,4.409858e-12,4.885571e-12,4.614427e-12
2023-02-19,5.325476e-12,5.2260995e-12,5.799037e-12,1.0,4.8233136e-12,5.57048e-12,4.9410675e-12
2024-05-22,4.818431e-12,5.0965725e-12,5.1200736e-12,1.0,4.4509093e-12,4.939881e-12,4.648597e-12
2022-11-14,4.952135e-12,4.970218e-12,5.119507e-12,1.0,4.546372e-12,5.1308667e-12,4.712714e-12
2022-12-30,5.4033796e-12,5.272636e-12,6.0699254e-12,1.0,4.872728e-12,5.7074766e-12,4.957928e-12
2021-11-23,5.1056793e-12,5.0717278e-12,5.4310298e-12,1.0,4.657987e-12,5.3206636e-12,4.796836e-12
2022-03-08,4.7994993e-12,4.8615144e-12,4.7568026e-12,1.0,4.416272e-12,4.885981e-12,4.6348567e-12
2022-11-02,4.823516e-12,4.8969713e-12,4.8535095e-12,1.0,4.449585e-12,4.9516914e-12,4.6469838e-12
2024-11-12,4.8047477e-12,4.8671735e-12,4.7645204e-12,1.0,4.438972e-12,4.916513e-12,4.641952e-12
2022-07-09,4.9396073e-12,5.0076336e-12,4.883652e-12,1.0,4.5990334e-12,5.014477e-12,4.803208e-12
2022-02-28,4.7948147e-12,4.8547685e-12,4.747593e-12,1.0,4.409959e-12,4.8776564e-12,4.6295728e-12
2021-08-21,4.811589e-12,4.8841174e-12,4.780031e-12,1.0,4.452115e-12,4.927384e-12,4.650619e-12
2020-04-22,4.773025e-12,4.833499e-12,4.739505e-12,1.0,4.4079237e-12,4.8763172e-12,4.6105567e-12
2019-11-25,4.7688303e-12,4.8361e-12,4.7484265e-12,1.0,4.4069488e-12,4.883e-12,4.605494e-12
2019-07-01,4.819341e-12,4.8903256e-12,4.800369e-12,1.0,4.466847e-12,4.9320665e-12,4.6660254e-12
2021-03-26,5.1683866e-12,5.0978557e-12,4.895235e-12,1.0,4.6906355e-12,5.077787e-12,4.967413e-12
2022-01-02,4.766666e-12,4.8350486e-12,4.7593795e-12,1.0,4.40858e-12,4.892416e-12,4.6042996e-12
2024-02-03,4.8090932e-12,4.8675825e-12,4.767539e-12,1.0,4.436399e-12,4.9071814e-12,4.6452646e-12
2021-03-04,4.8110383e-12,4.8667095e-12,4.782475e-12,1.0,4.4396153e-12,4.9173196e-12,4.644928e-12
2020-07-27,4.8106163e-12,4.879443e-12,4.782785e-12,1.0,4.4561247e-12,4.915819e-12,4.6558378e-12
2019-07-08,4.8458594e-12,4.91852e-12,4.8192487e-12,1.0,4.5037186e-12,4.949538e-12,4.700344e-12
2022-08-14,5.0354573e-12,5.06991e-12,4.9633596e-12,1.0,4.5811553e-12,5.103051e-12,4.8444825e-12
2020-09-02,4.8162715e-12,4.912163e-12,4.834661e-12,1.0,4.4522e-12,4.9251853e-12,4.6566015e-12
2021-08-26,4.7995635e-12,4.8708698e-12,4.768684e-12,1.0,4.437482e-12,4.9060213e-12,4.640677e-12
2022-09-20,5.077952e-12,5.166238e-12,5.0878893e-12,1.0,4.7227743e-12,5.2687156e-12,4.9183886e-12
2020-03-12,4.7751833e-12,4.8424316e-12,4.7608506e-12,1.0,4.406528e-12,4.893143e-12,4.6114185e-12
2019-05-29,4.828192e-12,4.898765e-12,4.796031e-12,1.0,4.4726267e-12,4.951974e-12,4.682983e-12
2023-05-28,4.777169e-12,4.847792e-12,4.7516153e-12,1.0,4.416912e-12,4.88792e-12,4.617773e-12
2020-02-07,4.7804868e-12,4.844445e-12,4.7613046e-12,1.0,4.415918e-12,4.894114e-12,4.6177554e-12
2021-12-13,4.845028e-12,4.8912398e-12,4.9074065e-12,1.0,4.4659437e-12,4.9898614e-12,4.6498205e-12
2024-11-10,4.818072e-12,4.8776564e-12,4.7669204e-12,1.0,4.4503147e-12,4.9251102e-12,4.6551274e-12
2023-10-03,4.9921174e-12,5.0189167e-12,4.9229687e-12,1.0,4.5873813e-12,5.067493e-12,4.8100478e-12
2022-07-03,4.9170754e-12,4.9878634e-12,4.84855e-12,1.0,4.579059e-12,4.993822e-12,4.7808884e-12
2024-04-03,4.7810614e-12,4.8439464e-12,4.759761e-12,1.0,4.4162044e-12,4.8958884e-12,4.616998e-12
2020-07-12,4.8464973e-12,5.1079e-12,5.1256625e-12,1.0,4.4628446e-12,4.9591013e-12,4.677449e-12
2020-05-07,4.7677387e-12,4.8345316e-12,4.754335e-12,1.0,4.4032013e-12,4.8886286e-12,4.603737e-12
2020-02-23,4.798154e-12,4.8579548e-12,4.766884e-12,1.0,4.4216328e-12,4.8969158e-12,4.6323817e-12
2021-08-03,4.919702e-12,5.0489305e-12,4.9287185e-12,1.0,4.5796878e-12,5.0628746e-12,4.782311e-12
2023-11-18,4.8124057e-12,4.868808e-12,4.8178705e-12,1.0,4.4404623e-12,4.9350775e-12,4.635369e-12
2024-01-19,4.7666294e-12,4.8352325e-12,4.7547886e-12,1.0,4.405318e-12,4.8862234e-12,4.6038607e-12
2022-07-15,4.944886e-12,5.0171555e-12,4.8956264e-12,1.0,4.6066887e-12,5.019223e-12,4.8089835e-12
2024-10-30,4.8340433e-12,4.9010457e-12,4.7832233e-12,1.0,4.4690115e-12,4.94137e-12,4.6754866e-12
2019-09-11,4.89955e-12,4.9919175e-12,4.9158936e-12,1.0,4.5447244e-12,5.0913453e-12,4.7447324e-12
2021-09-18,4.8216487e-12,4.940144e-12,4.8645194e-12,1.0,4.4641894e-12,4.9539014e-12,4.6652066e-12
2019-04-26,4.7797118e-12,4.844501e-12,4.7639935e-12,1.0,4.41698e-12,4.8980923e-12,4.617227e-12
2023-01-02,6.040774e-12,5.697818e-12,7.505629e-12,1.0,5.328829e-12,6.5368435e-12,5.302428e-12
2021-12-07,4.902074e-12,4.9305425e-12,5.015204e-12,1.0,4.5078264e-12,5.0604035e-12,4.6826796e-12
2023-10-20,4.863666e-12,4.915294e-12,4.828781e-12,1.0,4.486725e-12,4.9716216e-12,4.692121e-12
2020-11-21,4.7744547e-12,4.8452956e-12,4.760142e-12,1.0,4.4179907e-12,4.897065e-12,4.613952e-12
2021-05-08,4.7926294e-12,4.85625e-12,4.7893213e-12,1.0,4.429246e-12,4.9218797e-12,4.6289726e-12
2019-10-04,4.864798e-12,4.9501046e-12,4.8835025e-12,1.0,4.500438e-12,5.037945e-12,4.6973866e-12
2020-01-25,4.7674746e-12,4.834366e-12,4.7546255e-12,1.0,4.4072176e-12,4.887696e-12,4.605195e-12
2021-06-20,5.070055e-12,5.3229777e-12,5.3457893e-12,1.0,4.5522895e-12,5.083466e-12,4.855491e-12
2020-12-26,4.7690302e-12,4.837576e-12,4.758091e-12,1.0,4.409925e-12,4.892658e-12,4.607409e-12
2020-12-27,4.7709952e-12,4.8391634e-12,4.7593795e-12,1.0,4.411574e-12,4.894282e-12,4.6092375e-12
2021-04-01,5.0155674e-12,4.9976525e-12,4.809185e-12,1.0,4.5767366e-12,4.9871973e-12,4.8314347e-12
2021-06-01,4.830006e-12,4.937808e-12,4.8567136e-12,1.0,4.4905945e-12,5.028115e-12,4.702729e-12
2023-03-30,4.862961e-12,4.900765e-12,4.8006985e-12,1.0,4.4802087e-12,4.942934e-12,4.694001e-12
2023-04-25,4.7837155e-12,4.850289e-12,4.7809244e-12,1.0,4.4201314e-12,4.9123696e-12,4.6198167e-12
2020-08-26,4.7995358e-12,4.892677e-12,4.8174294e-12,1.0,4.4413605e-12,4.9167567e-12,4.640376e-12
2022-01-04,4.76393e-12,4.8327067e-12,4.7574557e-12,1.0,4.406024e-12,4.890083e-12,4.6014724e-12
2022-11-18,5.0857647e-12,5.0621026e-12,5.3905942e-12,1.0,4.6445907e-12,5.3004055e-12,4.787385e-12
2021-04-21,4.776422e-12,4.8474033e-12,4.7729975e-12,1.0,4.4183953e-12,4.908698e-12,4.6156247e-12
2021-09-13,4.830356e-12,4.9734617e-12,4.915294e-12,1.0,4.4760233e-12,4.9785297e-12,4.672473e-12
2024-11-28,4.7876954e-12,4.849401e-12,4.750347e-12,1.0,4.424754e-12,4.9012135e-12,4.624595e-12
2022-12-27,6.0355453e-12,5.6943413e-12,7.4915265e-12,1.0,5.3250295e-12,6.5292424e-12,5.29988e-12
2019-07-24,4.876029e-12,5.1602503e-12,5.185845e-12,1.0,4.485424e-12,4.968512e-12,4.7048823e-12
2021-11-05,4.996995e-12,5.0044057e-12,5.073257e-12,1.0,4.5947196e-12,5.120308e-12,4.8083044e-12
2020-09-20,4.8560743e-12,4.951049e-12,4.845721e-12,1.0,4.5044745e-12,4.9741257e-12,4.705744e-12
2023-09-22,4.9540146e-12,4.9886623e-12,4.904861e-12,1.0,4.5609983e-12,5.0559847e-12,4.775347e-12
2024-07-10,4.8315176e-12,4.915125e-12,4.8154818e-12,1.0,4.4738557e-12,4.938618e-12,4.682966e-12
2021-08-02,4.9133727e-12,5.034583e-12,4.909953e-12,1.0,4.5725307e-12,5.045831e-12,4.7766405e-12
2022-03-12,4.798538e-12,4.863907e-12,4.77952e-12,1.0,4.4310883e-12,4.911302e-12,4.634715e-12
2019-08-29,4.973234e-12,5.1140416e-12,5.070432e-12,1.0,4.5951225e-12,5.1308072e-12,4.8062504e-12
2021-08-24,4.8212805e-12,4.893554e-12,4.784318e-12,1.0,4.4606315e-12,4.9344565e-12,4.6607063e-12
2019-06-14,4.8478656e-12,4.93233e-12,4.834624e-12,1.0,4.485938e-12,4.94782e-12,4.692855e-12
2021-10-31,4.9921556e-12,5.000857e-12,5.012354e-12,1.0,4.5945092e-12,5.084397e-12,4.8311394e-12
2020-12-20,4.7665205e-12,4.8363397e-12,4.7577827e-12,1.0,4.408445e-12,4.8916505e-12,4.605072e-12
2024-06-08,4.883326e-12,4.945631e-12,4.9808664e-12,1.0,4.498533e-12,5.0359474e-12,4.6868616e-12
2021-11-04,4.9615607e-12,4.981113e-12,5.0133673e-12,1.0,4.568852e-12,5.0865505e-12,4.779411e-12
2024-03-17,4.7925834e-12,4.8535277e-12,4.7468323e-12,1.0,4.411692e-12,4.883894e-12,4.628231e-12
2019-10-27,4.801285e-12,4.8708698e-12,4.7850482e-12,1.0,4.4399033e-12,4.924772e-12,4.638217e-12
2019-07-04,4.8303935e-12,4.9036075e-12,4.808451e-12,1.0,4.4804477e-12,4.9443487e-12,4.6810546e-12
2021-01-03,4.767984e-12,4.837078e-12,4.756875e-12,1.0,4.4083947e-12,4.8899712e-12,4.6062668e-12
2023-11-16,4.81584e-12,4.873621e-12,4.825835e-12,1.0,4.4442752e-12,4.941313e-12,4.6389954e-12
2021-06-10,4.8004057e-12,4.895141e-12,4.822633e-12,1.0,4.429449e-12,4.9052537e-12,4.6380755e-12
2020-04-04,4.8322826e-12,4.887379e-12,4.805664e-12,1.0,4.457842e-12,4.9445183e-12,4.666043e-12
2023-08-17,4.865568e-12,4.9516532e-12,4.8738257e-12,1.0,4.4914172e-12,4.9733854e-12,4.6998056e-12
2021-02-21,4.79241e-12,4.8565284e-12,4.79841e-12,1.0,4.429145e-12,4.921899e-12,4.6246128e-12
2023-11-02,4.8239945e-12,4.8887405e-12,4.8020177e-12,1.0,4.45638e-12,4.940823e-12,4.6580582e-12
2022-08-02,4.8047477e-12,4.8756108e-12,4.7811984e-12,1.0,4.4500944e-12,4.9155376e-12,4.6495897e-12
2021-02-20,4.7941195e-12,4.8578806e-12,4.800186e-12,1.0,4.4298037e-12,4.922274e-12,4.625689e-12
2024-10-15,4.8472e-12,4.9140752e-12,4.798813e-12,1.0,4.4792004e-12,4.9517473e-12,4.6859855e-12
2024-08-26,4.845416e-12,4.9021486e-12,4.813847e-12,1.0,4.476228e-12,4.9468953e-12,4.6810012e-12
2020-02-27,4.786253e-12,4.8486055e-12,4.7520325e-12,1.0,4.407285e-12,4.8788295e-12,4.621174e-12
2024-07-24,4.8855334e-12,5.0457342e-12,5.0038337e-12,1.0,4.5203108e-12,5.0045398e-12,4.730834e-12
2022-05-26,4.812534e-12,5.119995e-12,5.1647996e-12,1.0,4.4390056e-12,4.937488e-12,4.642784e-12
2023-07-06,4.880495e-12,5.192991e-12,5.2703237e-12,1.0,4.4916397e-12,5.0280383e-12,4.7097846e-12
2024-07-08,4.8556393e-12,4.93924e-12,4.8225777e-12,1.0,4.4937994e-12,4.9689293e-12,4.710306e-12
2021-08-10,4.924255e-12,5.016888e-12,4.89027e-12,1.0,4.5843026e-12,5.0142286e-12,4.7887367e-12
2021-10-21,4.8547407e-12,4.911395e-12,4.8387384e-12,1.0,4.4867595e-12,4.967583e-12,4.6977266e-12
2023-01-11,6.0447845e-12,5.7016445e-12,7.5294875e-12,1.0,5.332998e-12,6.550373e-12,5.303439e-12
2024-04-21,4.77767e-12,4.832725e-12,4.726613e-12,1.0,4.4024623e-12,4.864575e-12,4.611436e-12
2021-01-11,4.772615e-12,4.839625e-12,4.758926e-12,1.0,4.4106316e-12,4.891781e-12,4.609923e-12
2021-05-19,4.782575e-12,4.847089e-12,4.7690484e-12,1.0,4.419693e-12,4.903926e-12,4.6191826e-12
