date,h0,h1,h2,h3
2024-07-06,8.813046e-19,4.1855383e-06,3.4063857e-13,2.6746902e-37
2022-01-31,1.0,0.82084167,1.0,0.99999845
2022-05-25,0.000383098,1.0,0.78651685,2.7964097e-21
2020-10-05,6.6720923e-16,1.7182111e-13,1.3652441e-14,2.7451515e-26
2023-02-21,0.9999989,0.000629001,0.99999905,7.622476e-15
2020-06-08,0.0048035462,1.0,1.0,3.9865045e-09
2021-07-18,2.5478751e-17,2.9440842e-11,6.344142e-12,8.184264e-33
2021-03-30,0.9999999,0.005244727,3.2236408e-11,5.542235e-24
2021-01-28,1.0,7.728641e-08,1.0,2.6224386e-06
2024-01-21,0.999979,0.00037098236,1.0,0.9999993
2021-09-25,4.0309992e-19,2.9796104e-16,5.751305e-17,3.1099973e-35
2023-01-22,0.9999999,8.4054705e-07,1.0,6.3615662e-12
2024-04-13,1.0,1.0,1.0,3.9589668e-07
2023-06-17,2.1666215e-14,0.0041117975,1.0625366e-12,7.80143e-28
2021-07-06,6.528775e-14,0.012622999,9.071405e-07,2.3905356e-22
2019-07-05,6.5249248e-15,0.020282717,5.701008e-14,3.2995694e-27
2019-10-15,2.4692616e-15,3.9667908e-13,2.236224e-11,2.729331e-27
2022-02-06,1.0,0.3253987,1.0,0.99999964
2020-01-02,1.0,0.99999344,1.0,0.9997838
2021-12-31,1.0,0.9024211,1.0,0.9999999
2020-11-06,1.866147e-09,2.3349316e-11,0.9999988,1.8895001e-06
2023-11-06,3.1849547e-18,1.7998694e-17,3.6515e-10,1.5534895e-27
2019-06-12,2.4994172e-15,0.99972194,1.7940843e-09,2.1443206e-27
2024-03-04,0.0006632699,2.222779e-10,7.763704e-11,1.052657e-33
2021-04-22,0.99999976,1.0,0.9999988,8.266749e-12
2022-12-08,0.017327761,2.4828706e-09,1.0,0.99382037
2024-11-18,0.00014880442,1.0018277e-10,1.0,0.00050608686
2024-09-29,6.781144e-16,7.1722827e-12,3.8024103e-17,2.4484562e-31
2024-10-25,1.033243e-17,1.5060754e-16,2.3778555e-16,3.0564766e-32
2020-02-08,1.0,0.74728453,1.0,0.9905049
2021-06-18,1.1174797e-12,0.99999976,2.425429e-09,7.4039126e-26
2020-02-03,1.0,0.99920887,1.0,0.99748343
2022-12-03,1.5322657e-05,4.6668004e-07,1.0,0.40077934
2022-03-20,0.9735588,2.8573074e-10,0.937952,2.1610375e-14
2019-05-30,5.811512e-06,0.9995049,0.0011511188,9.640057e-21
2023-10-13,6.305585e-20,1.5567111e-19,3.687254e-15,9.379263e-25
2024-02-09,1.0,2.59551e-06,0.99999905,3.721625e-13
2021-10-25,5.0415556e-21,1.6796266e-12,3.7519525e-09,5.082843e-28
2022-03-11,0.99964225,2.558605e-12,0.48599228,2.6342248e-09
2024-09-25,1.0520968e-15,1.8163224e-14,9.493369e-18,5.5517226e-36
2020-02-26,1.0,3.85952e-06,1.0,0.0024157153
2020-09-05,4.1769316e-15,4.684969e-11,1.659053e-18,1.3418336e-37
2023-03-25,1.0,4.77676e-06,0.9989471,3.4265026e-16
2023-11-03,5.8062606e-17,4.8005946e-17,6.4663674e-09,5.0913486e-26
2019-04-07,1.0,0.93038374,4.3225955e-06,1.1370524e-18
2022-01-12,1.0,0.22254416,1.0,0.9999989
2023-10-02,8.5349276e-19,1.6268212e-18,3.6550967e-17,3.2805e-30
2022-08-30,4.6178776e-20,5.573373e-11,2.2296424e-16,2.2559207e-27
2019-09-09,7.960232e-17,3.7313644e-08,8.0790016e-14,2.0647457e-28
2023-04-20,1.0,1.0,0.99999416,5.255517e-16
2024-08-04,1.4527107e-13,1.05403915e-11,1.2448072e-19,2.5683326e-29
2019-06-19,2.3178322e-17,0.9738057,1.7293315e-12,4.8607417e-32
2024-01-26,1.0,0.20173827,1.0,0.99999404
2023-01-03,0.2887324,2.326981e-12,1.0,2.6781792e-09
2020-08-05,8.1278614e-13,1.7550127e-06,1.8862416e-15,1.1480058e-24
2021-07-31,1.437934e-14,8.173026e-12,7.983682e-16,1.6597033e-35
2021-07-03,5.365268e-16,0.7924081,0.0033209124,2.3797707e-23
2024-12-07,0.24453458,2.2508537e-08,1.0,1.0
2024-12-01,0.97069633,0.00029465245,1.0,0.99999154
2022-08-02,1.393152e-13,5.306331e-06,4.790582e-12,1.4193834e-17
2021-05-01,1.0,1.0,0.99999976,5.3551403e-11
2023-05-17,0.9999863,0.9999999,1.0,1.6345991e-08
2024-02-29,7.990392e-06,3.5184715e-14,3.2534185e-08,1.4757875e-28
2021-06-25,5.1121646e-10,1.0,1.6509919e-06,1.936153e-20
2020-10-29,7.474417e-15,4.369596e-06,0.0049374904,5.7990386e-19
2020-08-28,3.8711563e-16,9.649346e-10,4.7232824e-18,4.3128e-35
2020-10-09,1.9161357e-15,1.1399391e-13,3.4562766e-16,7.1060015e-33
2024-01-19,0.9999999,0.73836374,1.0,0.99999964
2020-11-13,3.2359287e-12,5.503167e-12,0.99999344,2.6470062e-10
2022-07-14,8.3489015e-14,3.2910943e-05,5.3983513e-20,2.1518968e-30
2023-10-25,1.0244526e-15,4.745284e-16,3.1889555e-10,1.04071854e-26
2024-02-24,0.0016672252,8.0787636e-08,6.867636e-13,9.548788e-34
2022-09-07,7.778918e-17,1.0655437e-13,5.0734375e-17,2.807294e-26
2019-09-08,1.6695466e-19,6.830985e-11,1.453046e-13,3.024392e-27
2024-12-25,0.99701107,3.4553068e-05,1.0,0.99999964
2022-06-12,1.20565545e-11,0.99999917,9.7822245e-08,1.217656e-27
2022-09-21,5.956716e-22,1.27575e-15,6.530207e-14,9.7897497e-26
2019-05-21,0.9999968,0.9702284,0.99518245,2.3801515e-16
2023-09-11,3.5169482e-14,3.0413977e-13,1.2665685e-18,8.1742856e-24
2021-11-23,3.054962e-05,6.848985e-07,1.0,0.012665206
2021-11-21,3.7467913e-07,4.88301e-07,1.0,0.0017636694
2021-05-29,0.16587873,0.9906747,0.9999913,6.0953494e-14
2022-08-23,1.1985698e-16,9.251723e-11,1.01224614e-17,4.087381e-25
2020-11-04,2.3323788e-13,7.456909e-06,0.76911753,1.905757e-07
2019-09-20,1.1208207e-19,2.5507116e-12,1.09887305e-13,1.6034895e-32
2023-08-17,5.0328805e-17,3.2356882e-12,3.5248514e-22,4.9590485e-33
2021-03-24,1.0,4.10889e-05,3.614464e-06,9.77543e-24
2024-06-28,1.3345156e-19,0.0015058296,1.3273863e-13,1.09878695e-32
2019-09-30,3.6335723e-19,7.1740613e-12,4.2280853e-08,3.7940895e-19
2023-06-15,0.0045624673,0.99014205,1.4473598e-12,2.2979689e-26
2021-01-29,0.9999988,3.4362604e-06,1.0,0.09715683
2019-07-04,1.097356e-14,0.9711751,6.3472647e-12,1.2614055e-24
2024-09-09,8.170633e-14,1.3594146e-12,5.195925e-19,9.054039e-26
2023-12-13,0.9942121,0.00045784915,1.0,0.99999726
2019-04-24,1.0,0.9999999,1.0,0.0100586815
2022-07-13,1.7252024e-13,1.6857783e-06,1.2390895e-18,2.749203e-29
2021-01-27,1.0,7.384207e-08,1.0,3.4828943e-05
2019-09-27,4.2029574e-20,1.5474988e-11,8.4929075e-10,1.2291401e-21
2024-12-26,0.9999263,3.3733213e-06,1.0,1.0
2022-12-06,3.3233522e-05,5.8047256e-12,1.0,0.00228114
2020-07-01,1.2580004e-10,0.9789209,5.656808e-09,2.5237423e-23
2023-01-19,0.9999975,4.122494e-05,1.0,4.077889e-07
2022-04-19,1.0,1.0,0.9999988,2.992113e-11
2022-04-13,1.0,1.0,0.9999999,6.1014833e-09
2021-03-25,1.0,0.0015099793,0.004031065,2.5277037e-22
2023-08-05,1.0796674e-14,8.883217e-12,3.9956642e-19,9.90256e-30
2021-08-29,3.3732495e-17,2.9991393e-12,3.051e-18,2.6875825e-33
2020-10-15,4.466118e-14,1.5125248e-07,4.2325586e-14,4.3617823e-31
2019-07-18,4.747674e-16,0.0001542595,1.842586e-11,3.23873e-17
2024-12-28,0.99999547,0.0027388453,1.0,0.9999999
2024-04-04,1.0,0.9999994,1.0,5.4956026e-09
2021-07-10,1.0225853e-17,1.259152e-07,1.7689363e-13,8.732247e-30
2024-01-14,0.9999999,0.8691923,1.0,1.0
2020-09-10,2.7233639e-14,5.548403e-12,5.914046e-19,0.0
2020-04-24,1.0,1.0,1.0,0.00018242226
2019-06-17,3.0255616e-13,0.88819844,5.0600943e-12,1.1935306e-27
2022-12-25,0.9999933,6.804538e-10,1.0,0.0002729677
2021-08-05,1.8599251e-16,5.5604837e-11,8.151294e-19,6.428118e-33
2021-08-21,2.4489022e-14,2.220227e-11,0.0210329,3.1799304e-17
2022-09-18,3.517184e-21,2.9082825e-14,7.337681e-15,1.8384014e-26
2022-11-24,1.1364922e-08,1.2596744e-09,1.0,0.000145289
2019-10-06,3.2690912e-17,8.0942706e-14,3.9072242e-07,1.9299746e-19
2019-09-15,1.8933007e-21,3.766929e-14,1.7509087e-15,1.8706806e-27
2020-08-04,7.625789e-12,4.760794e-09,4.7498165e-14,7.522391e-21
2021-10-05,1.5255986e-21,2.0652351e-12,3.3827808e-12,9.044947e-29
2023-11-24,2.1886655e-09,8.322307e-13,1.0,0.00087894517
2023-06-03,3.7997374e-08,0.9999989,4.4450763e-10,1.5867715e-28
2022-01-26,1.0,0.013077504,1.0,0.9999995
2024-01-02,1.0,0.0005095687,1.0,1.0
2022-01-23,1.0,0.991852,1.0,0.9999987
2021-10-20,3.0881592e-22,3.0948466e-14,1.0196663e-12,2.1215547e-27
2019-12-29,1.0,0.9999962,1.0,0.99998677
2024-11-07,1.9192434e-05,2.501269e-14,1.6226001e-11,1.5516957e-26
2024-07-24,5.507332e-17,2.8135121e-11,9.6623e-20,2.956156e-36
2022-04-07,1.0,0.94033706,0.99912614,3.5355162e-15
2022-07-12,1.5958984e-13,5.962483e-05,2.4800183e-19,2.4783763e-31
2020-06-03,5.325146e-10,0.99999857,1.2180822e-05,8.281853e-23
2022-09-09,3.321875e-18,4.0436651e-16,1.0913695e-14,9.252781e-26
2023-10-19,6.842491e-17,1.1807171e-16,2.2909807e-14,8.004369e-28
2021-12-18,0.9999989,0.83482444,1.0,1.0
2021-09-09,3.972723e-15,2.4621303e-09,1.8680417e-20,3.9244956e-36
2024-09-16,5.9555087e-12,3.4500647e-09,9.4970825e-14,4.3583407e-23
2022-06-28,7.4256726e-16,5.8563035e-07,8.434222e-15,7.31053e-21
2024-10-30,2.2957718e-13,2.2886113e-16,1.687629e-12,5.347069e-29
2020-09-21,2.2209392e-14,2.878563e-11,7.7886494e-19,8.578756e-36
2024-12-19,0.9873661,1.1039871e-05,1.0,1.0
2024-05-11,0.0025635227,0.99999714,1.0,6.082075e-18
2024-05-15,0.016255364,0.99999976,1.0,3.4972793e-19
2024-12-20,0.9720416,0.00034329933,1.0,0.99999964
2022-01-22,1.0,0.9219901,1.0,0.9999999
2022-07-25,3.0819787e-12,7.452344e-06,2.6098104e-16,5.4946436e-22
2023-11-11,3.972819e-20,3.624846e-14,2.6745257e-08,2.898254e-25
2022-07-04,3.6952484e-17,7.9650346e-07,2.1822652e-18,1.682205e-26
2020-06-06,0.00022216224,1.0,0.99999964,2.1819057e-12
2022-12-26,0.9999746,9.720502e-10,1.0,0.009621968
2023-06-25,1.126868e-11,3.5122537e-07,2.6289253e-16,2.8527397e-28
2020-06-14,1.8911225e-08,1.0,1.3456255e-05,1.2433091e-24
2024-11-30,0.90269536,5.6261048e-05,1.0,0.99995315
2023-06-02,0.004767302,1.0,5.852985e-09,5.673838e-24
2024-08-31,2.0751502e-12,2.4445416e-08,1.2836665e-17,5.63892e-26
2023-01-12,0.99991965,2.1033142e-09,1.0,3.684441e-08
2019-09-21,8.325465e-17,5.6778133e-12,3.876212e-15,1.3351069e-33
2023-07-12,1.3668924e-08,7.8350537e-10,3.9765097e-17,9.527287e-26
2020-04-05,1.0,0.9996959,9.6588614e-05,1.4762944e-20
2024-07-12,2.7989248e-16,1.1364635e-09,1.1798841e-16,1.2763989e-35
2022-07-17,3.8995804e-14,8.5204244e-10,9.770753e-20,2.1694293e-29
2022-02-16,1.0,0.0021125246,1.0,0.99880004
2021-12-26,0.9999989,0.9895927,1.0,0.99999976
2023-02-24,0.99999785,0.9378135,1.0,8.286527e-09
2021-02-03,0.9999981,1.0415104e-08,1.0,5.372394e-09
2021-02-09,0.9999993,2.3368482e-10,1.0,5.8099213e-06
2021-04-12,0.99980265,0.010717231,8.939153e-08,1.0683843e-21
2022-03-17,0.99999976,1.8377695e-12,2.9668923e-05,1.3247222e-18
2019-08-27,3.5824713e-18,4.728159e-14,2.1313585e-15,2.3894815e-34
2022-05-28,0.42844918,1.0,0.0012134035,1.7651466e-22
2024-08-26,3.051312e-08,3.970018e-08,5.6774337e-16,2.79524e-26
2019-11-11,2.514192e-06,4.893993e-07,1.0,1.256439e-06
2023-05-10,1.0,0.99999976,0.99999976,3.1722797e-05
2024-07-29,2.8084236e-11,7.77126e-11,1.3844756e-22,1.0155597e-34
2022-02-19,1.0,5.5331726e-05,1.0,0.9998242
2023-06-07,0.5546398,0.99999726,2.097991e-11,1.780475e-25
2020-03-07,0.27408525,3.3479766e-06,1.0,1.3498753e-12
2019-06-08,1.6764362e-07,0.9999809,4.6708433e-07,8.947036e-30
2022-12-20,0.8437901,6.70945e-11,1.0,0.69707596
2021-01-11,1.0,4.9492646e-06,1.0,5.119648e-06
2023-02-04,0.99995756,6.121186e-08,1.0,5.532409e-07
2024-09-21,4.635532e-18,9.489546e-15,3.7762015e-18,6.271497e-35
2023-12-05,0.99630356,0.00040448306,1.0,1.0
2023-07-05,2.3445716e-14,2.0900428e-07,9.461843e-18,3.4139436e-28
2024-11-28,0.0061957138,1.3951663e-07,1.0,0.999997
2019-12-20,1.0,0.9999262,1.0,0.9999821
2023-08-03,1.2787902e-15,4.0567615e-11,3.798302e-20,3.3580754e-31
2024-08-08,0.00038608533,2.2412632e-06,1.07052484e-16,8.8632837e-26
2024-10-17,2.0705952e-16,5.052735e-16,1.7933211e-13,2.9867827e-29
2020-05-18,0.9957516,1.0,1.0,2.7215233e-12
2024-09-17,7.579154e-12,1.6817367e-11,1.7785171e-13,4.8148874e-22
2024-05-23,0.02330944,0.9999999,0.9999993,2.2492813e-17
2020-09-18,4.8752234e-18,2.4006914e-12,1.9672097e-16,2.0554328e-36
2024-11-12,2.7742592e-06,5.0340257e-12,1.417181e-10,1.9402006e-24
2019-12-06,0.9907026,0.074296534,1.0,0.999551
2023-08-04,9.752568e-15,3.9277934e-12,4.1686094e-21,1.7772996e-32
2021-07-21,1.0123441e-14,9.6093715e-12,3.4688415e-14,6.275078e-30
2024-10-09,1.246045e-15,1.8512918e-21,6.281706e-17,1.8926017e-27
2024-07-15,6.930147e-18,3.2277257e-11,6.0429416e-19,2.2830587e-37
2019-11-10,4.1675122e-10,2.2537297e-10,0.99999964,7.3520496e-09
2021-01-20,1.0,0.00014810372,1.0,0.00018261229
2019-04-29,1.0,0.9999999,0.9999999,9.476248e-12
2021-12-13,0.99981207,0.0010888552,1.0,0.9999449
2021-02-18,1.0,6.3023883e-12,1.0,3.0234953e-10
2019-08-14,5.071856e-15,1.2249131e-05,6.3379524e-11,8.19024e-23
2023-05-02,1.0,1.0,0.9999999,1.9062318e-11
2021-10-14,1.01806255e-17,3.5894077e-10,4.7365428e-11,2.1536474e-29
2019-05-25,0.99712807,0.99908984,0.0010493766,3.2397334e-23
2021-05-10,1.0,0.99999976,1.0,1.5822098e-06
2024-09-02,2.9018314e-11,1.8073263e-11,4.046811e-17,5.9043546e-26
2023-11-19,4.1603578e-13,3.2475296e-15,0.98288214,1.08624716e-16
2024-12-03,0.9057626,9.100513e-10,1.0,0.99999714
2022-12-23,0.95949876,5.0125504e-10,1.0,0.10153818
2023-08-23,1.74578e-07,7.524234e-12,2.0294688e-17,5.402989e-19
2023-08-01,1.6131298e-11,1.6782264e-09,1.9003728e-18,1.1717999e-26
2022-08-20,1.1502802e-18,6.3031553e-09,1.8083156e-15,4.13511e-22
2022-03-19,0.99999595,3.5631168e-11,0.0007563275,4.704857e-15
2020-03-04,0.9999999,0.0001072497,1.0,2.7789918e-13
2024-06-09,3.2280873e-16,0.18550976,0.11777016,3.1361515e-25
2020-04-06,1.0,0.8959519,6.003109e-09,4.7397962e-26
2024-05-02,1.0,1.0,1.0,2.2255872e-10
2021-03-10,1.0,3.7906034e-07,0.99999845,3.3015761e-09
2019-06-05,2.0956387e-08,1.0,0.00048485113,1.1125168e-22
2020-02-11,1.0,0.9985044,1.0,0.925403
2019-12-26,1.0,0.998097,1.0,0.9999826
2021-07-16,3.630817e-18,6.4933656e-06,2.5171826e-10,5.9675445e-29
2021-12-04,0.59255284,9.5618845e-05,1.0,0.99999845
2024-08-20,4.319844e-10,1.2567236e-15,7.59939e-16,3.6965826e-27
2022-01-28,1.0,0.27477932,1.0,0.99997187
2021-06-09,2.3851152e-07,0.9784081,1.0,1.3646304e-13
2020-05-05,0.9999987,1.0,1.0,2.2515149e-08
2019-05-29,0.00021958794,0.9999999,0.00060925505,3.8128527e-25
2022-02-11,1.0,0.8789558,1.0,0.99999285
2022-12-02,2.3993973e-05,4.4246717e-11,1.0,0.66658115
2021-06-08,0.0036825938,0.99999297,1.0,9.535445e-08
2024-03-13,0.99985504,2.1596738e-10,0.00022338313,8.207934e-25
2019-06-07,6.580238e-12,0.9999503,2.7668557e-07,1.6399733e-27
2024-02-28,4.2146148e-08,4.900445e-13,9.318635e-10,6.1450745e-30
2020-02-23,1.0,0.08918039,1.0,9.66476e-07
2020-03-16,1.0,0.9999999,0.9999999,2.1589137e-12
2020-11-12,1.7467127e-07,1.463154e-07,0.9999801,1.2161901e-06
2021-04-14,1.0,0.99914646,4.0768427e-07,1.6039573e-21
2023-03-20,1.0,0.7961819,0.7265408,1.3648156e-16
2024-05-08,0.99618775,1.0,1.0,9.111958e-14
2020-11-28,0.08603448,6.8364294e-12,1.0,0.36841524
2019-06-09,3.3060044e-10,0.99999785,0.00025825153,1.5607445e-24
2023-10-22,5.5906894e-17,1.0427465e-16,3.2437476e-11,1.2852349e-24
2019-12-25,1.0,0.99963653,1.0,0.9998785
2020-02-10,1.0,0.97973686,1.0,0.93881416
2023-11-02,2.285706e-16,1.1608375e-18,3.01489e-11,5.092046e-19
2021-02-25,1.0,7.5013163e-06,1.0,1.4093337e-06
2020-03-27,1.0,0.9778787,0.9789371,1.0370551e-14
2021-05-20,0.99999976,0.999998,1.0,3.8616705e-07
2021-04-11,1.0,0.9998783,0.00030944712,8.9122976e-21
2021-10-26,4.6179376e-17,1.9742157e-09,6.6737616e-06,1.7178927e-25
2024-11-11,2.3907589e-05,5.937888e-14,1.0727654e-08,1.3069193e-24
2022-01-03,1.0,0.9731813,1.0,1.0
2022-08-25,6.0054894e-17,1.0839987e-10,1.9095438e-18,8.716414e-28
2021-08-14,3.2324882e-15,4.872705e-14,6.0476457e-19,4.671897e-37
2020-06-05,0.0015456761,1.0,0.99994123,5.307322e-13
2023-02-01,0.99574417,4.2792882e-07,1.0,1.0381501e-09
2024-12-22,0.9999298,1.4214169e-07,1.0,0.9999993
2024-09-23,2.170817e-13,1.0735317e-14,1.0050667e-16,1.5412948e-34
2022-05-12,0.9998067,1.0,0.999998,1.2925514e-16
2019-10-17,2.9338492e-18,8.621883e-17,1.9515667e-07,9.060929e-23
2024-09-11,8.065203e-11,2.7508793e-08,2.5442216e-11,1.1580882e-15
2021-10-22,1.7574888e-20,2.448592e-12,8.602994e-09,6.4571943e-25
2022-01-19,1.0,0.82094216,1.0,0.9999999
2022-06-03,0.00074496405,1.0,0.99999845,9.6416685e-15
2022-08-22,2.692724e-18,1.9934136e-10,3.2876893e-16,3.957409e-26
2023-08-11,1.862394e-18,9.874075e-16,4.88393e-20,1.5321432e-35
2021-06-22,9.0800245e-07,1.0,5.7472156e-05,5.4461608e-17
2021-09-20,8.707883e-18,4.697666e-15,3.1800744e-18,1.9412697e-36
2020-09-03,9.735173e-15,3.8837813e-12,1.9790323e-18,7.494253e-39
2021-06-02,0.00507598,0.9999827,1.0,5.7109744e-15
2020-08-02,6.5133055e-13,2.5600206e-12,5.2250067e-18,1.5040797e-28
2024-10-04,4.152143e-14,5.1245324e-18,1.2026276e-16,1.0606438e-30
2023-03-01,0.9999989,0.00053989916,1.0,3.6196973e-11
2023-07-30,6.241414e-16,1.9584999e-10,1.9800507e-19,1.0253333e-28
2024-07-30,9.0690344e-07,5.3246946e-08,4.58304e-21,2.9729314e-33
2022-09-11,8.2406875e-25,1.6800494e-12,1.4306285e-12,2.5297098e-22
2019-05-12,1.0,0.9999993,0.99997234,1.4091434e-10
2022-08-21,2.9513053e-17,1.0109139e-11,1.5510703e-16,2.9895444e-27
2024-11-14,1.5858873e-10,2.4027517e-13,0.26152351,3.356813e-13
2023-08-19,5.9537167e-15,1.2524175e-13,2.0229895e-19,1.5481333e-30
2019-05-05,1.0,0.99999774,0.9999949,3.4979725e-12
2020-11-24,0.0016775684,6.1864806e-12,1.0,0.003746376
2020-10-03,3.451509e-15,9.007016e-11,9.478439e-15,2.8507846e-26
2023-03-15,1.0,2.4859746e-05,0.9999956,6.0192633e-13
2021-11-08,4.0765287e-17,5.1123477e-11,0.9993192,1.1875315e-19
2023-01-26,1.0,3.549239e-05,1.0,8.285467e-13
2021-10-19,1.997574e-21,1.9491136e-13,1.4275124e-09,1.9180483e-26
2021-11-29,0.9909271,0.0038645342,1.0,0.99965966
2023-10-08,5.204716e-18,3.6716227e-20,1.904774e-15,1.2404654e-26
2023-04-07,1.0,0.99627507,0.014777463,3.0413086e-18
2024-03-07,5.1843303e-06,9.449649e-11,3.653827e-10,8.263355e-32
2023-09-01,4.541267e-12,1.6005944e-15,1.1888098e-19,5.8924236e-28
2021-05-28,0.9607813,0.7840632,1.0,1.8558487e-10
2021-11-03,1.3811235e-18,1.0354389e-13,0.124755144,5.3467995e-23
2024-11-03,2.8736283e-13,4.472701e-17,5.7734086e-13,9.122426e-29
2021-07-22,2.0757992e-12,2.2522919e-12,4.3260586e-15,2.5744987e-32
2024-03-29,1.0,0.99978286,0.9999999,1.2809313e-11
2019-12-21,1.0,0.9977806,1.0,0.9978345
2022-11-06,5.4603066e-17,5.9341746e-06,0.9991398,1.7197027e-17
2019-09-19,2.25808e-21,1.4343053e-13,4.6002566e-14,9.122398e-35
2019-07-07,4.4667509e-13,0.10576253,4.1399474e-11,2.1324035e-19
2019-12-01,0.9992219,8.977714e-05,1.0,0.9971077
2022-02-21,1.0,0.0014076856,1.0,0.9999647
2019-09-22,1.0841131e-20,2.802583e-13,2.0104778e-14,6.71243e-30
2023-08-21,4.0659818e-14,1.385994e-12,2.1218222e-19,7.549045e-27
2021-10-10,6.1539737e-20,8.002004e-09,3.361583e-11,4.3126483e-29
2020-08-17,7.2810966e-14,8.7889026e-07,1.5833423e-14,1.524897e-18
2022-04-08,1.0,0.40349206,0.99226236,3.319434e-16
2019-10-28,2.1571302e-17,5.4733095e-13,0.52980417,9.32189e-21
2020-09-19,1.5796839e-17,3.4690287e-13,7.460362e-18,5.912233e-37
2023-01-30,0.9997335,6.1005826e-06,1.0,2.4024072e-10
2024-11-08,3.954445e-06,3.9336636e-16,2.9511781e-12,1.0790421e-28
2020-02-06,1.0,0.9828486,1.0,0.8754728
2021-07-17,4.8769023e-16,6.818772e-08,3.2462663e-15,1.4706737e-35
2024-08-02,1.0527724e-09,4.7682573e-07,4.243366e-18,1.17036136e-26
2020-07-27,1.7316931e-10,1.7458482e-06,1.1699343e-16,3.21578e-26
2019-10-16,8.5491803e-16,7.664287e-15,4.093283e-07,1.4254671e-23
2022-11-04,1.7520684e-18,5.3470536e-08,0.9997862,1.1332592e-18
2023-10-01,5.9291753e-21,3.768589e-18,8.255411e-18,4.1509194e-27
2022-01-11,1.0,0.9926467,1.0,0.99999976
2019-12-17,1.0,0.9866237,1.0,0.99997926
2020-11-19,1.0373055e-06,2.029985e-12,0.99999344,6.955024e-08
2024-10-06,1.4625875e-15,2.8663913e-17,2.4685259e-16,2.5942404e-28
2023-01-02,0.9997727,3.2976785e-14,1.0,7.12011e-11
2021-09-18,5.160527e-19,8.250071e-15,4.3084467e-18,1.1451422e-37
2021-03-01,1.0,7.436986e-08,1.0,5.319431e-07
2023-08-31,3.442631e-16,3.0730326e-16,6.87761e-17,3.2561484e-24
2022-02-18,1.0,1.0721152e-05,1.0,0.9999738
2022-03-22,1.0,3.7503803e-08,5.3432285e-09,1.8093432e-23
2023-02-14,0.9975292,9.589315e-06,1.0,2.6773838e-08
2024-01-24,0.9999999,0.011901624,1.0,1.0
2023-05-04,1.0,0.99999785,1.0,9.648054e-11
2021-09-14,2.2996618e-18,9.567026e-10,1.9363322e-18,2.4329689e-34
2024-10-15,1.2823757e-15,5.70732e-21,1.5186828e-14,2.1019703e-28
2024-04-11,1.0,0.99999976,1.0,1.8331503e-10
2023-09-16,1.1238568e-18,5.267952e-12,1.3253734e-19,6.5023036e-33
2022-05-30,0.000116792755,1.0,0.8099063,1.6877342e-17
2020-06-25,5.2004692e-14,0.011048001,4.9829325e-14,4.503233e-29
2024-03-31,1.0,0.9999795,1.0,1.2096412e-13
2023-09-19,1.816971e-13,2.845581e-18,1.1728886e-15,6.687287e-21
2023-05-28,0.72167593,1.0,0.9999647,8.6591595e-10
2023-12-08,0.47013482,0.00014007295,1.0,0.9993944
2022-03-07,0.99999154,1.84583e-10,0.9999994,3.952496e-08
2020-10-28,6.3651466e-16,8.564585e-09,6.950149e-05,1.0763044e-20
2020-06-27,1.9995298e-17,0.6931907,6.8169635e-07,4.4837103e-21
2020-06-30,1.0627098e-14,0.82676303,2.052365e-06,1.9443854e-18
2019-12-16,0.9999999,0.9988746,1.0,0.99956304
2019-07-06,3.0561606e-14,0.7710054,1.4833358e-10,3.3527292e-21
2024-11-10,5.9117316e-05,2.2089288e-14,2.2407691e-09,4.9468624e-25
2021-07-19,4.123808e-18,2.0579628e-10,2.4386979e-15,9.4033916e-36
2019-11-08,5.195362e-11,1.3807381e-08,0.99971324,1.7983092e-12
2023-03-28,1.0,1.49940015e-05,0.87369996,8.8097614e-17
2021-07-12,9.480599e-17,1.3160148e-06,9.632535e-11,7.9598444e-30
2020-11-08,6.411186e-10,4.1436817e-08,1.0,1.6185831e-07
2023-04-22,0.99999976,1.0,0.999931,4.3106066e-15
2022-06-01,0.003223422,1.0,0.9999409,1.6131697e-11
2022-08-29,1.1337336e-20,2.4814964e-10,2.6978235e-18,6.978659e-28
2019-10-10,7.908501e-18,1.7607044e-11,9.958685e-06,5.96669e-18
2021-02-15,0.9999999,3.7694237e-10,1.0,2.2117433e-08
2023-01-31,0.99998796,4.4852965e-07,1.0,1.4831185e-13
2024-02-14,1.0,1.748457e-10,0.0016772905,2.0946467e-20
2022-03-24,1.0,1.1577564e-06,2.35919e-07,4.309222e-24
2022-08-04,6.216957e-14,3.3320514e-08,1.2062584e-14,5.9807666e-20
2024-07-04,2.5140508e-20,8.4187576e-08,4.8176587e-16,1.99031e-36
2023-01-21,0.9999981,0.0008216152,1.0,4.55356e-11
2020-05-11,0.9999975,1.0,0.9999993,5.760011e-13
2024-04-10,1.0,1.0,1.0,2.9161008e-08
2019-12-24,1.0,0.9999925,1.0,0.9603361
2023-11-08,1.0665924e-14,4.3677386e-18,5.0533813e-12,7.910565e-30
2020-07-14,2.3534591e-08,1.3484981e-05,2.5122932e-15,4.4600042e-26
2024-11-13,0.00010866165,9.848135e-13,0.03231712,1.2128486e-12
2020-05-10,0.99999857,1.0,1.0,3.989058e-10
2021-01-02,1.0,4.746561e-05,1.0,0.9991904
2024-10-07,3.1868679e-15,4.318576e-21,3.9139933e-17,1.3094262e-29
2021-04-20,1.0,0.9879094,1.9063151e-07,1.1654196e-20
2019-06-14,2.3530603e-15,0.9938539,2.7972773e-11,2.766067e-28
2023-05-14,0.99999857,1.0,0.99999976,7.050543e-10
2022-08-06,1.9652964e-13,2.7269326e-08,3.7744048e-16,2.3892932e-24
2023-01-15,0.999838,8.385472e-12,1.0,1.8184977e-08
2024-11-15,0.0073721316,3.201737e-13,0.19075228,1.322529e-13
2021-01-22,1.0,3.1551037e-05,1.0,0.00026564684
2023-08-30,2.8431833e-14,1.5376936e-13,2.5404882e-18,8.767407e-27
2022-01-20,1.0,0.89619946,1.0,1.0
2024-04-26,1.0,0.9999763,1.0,8.3880905e-06
2019-09-16,2.115343e-17,4.848878e-14,3.5357205e-14,7.202902e-29
2020-03-09,1.0,0.0061471076,0.9999999,1.6497907e-15
2023-02-03,0.9999845,2.238498e-05,1.0,3.568373e-08
2021-03-27,1.0,1.4854912e-06,1.6797709e-05,4.554214e-21
2020-08-30,1.2826089e-14,2.5307303e-09,1.3256321e-18,2.813749e-33
2023-11-10,3.8767383e-18,2.6360438e-17,2.6831388e-09,9.618549e-25
2021-01-26,1.0,6.421499e-06,1.0,0.009338163
2021-02-26,1.0,6.5429995e-05,1.0,4.2712213e-06
2024-10-08,3.4785878e-14,2.5766799e-17,1.6655871e-15,2.3954394e-28
2021-05-18,1.0,0.99999905,1.0,1.981569e-05
2024-01-01,0.9999994,0.029539002,1.0,1.0
2023-06-30,8.4627043e-13,0.00031079235,4.263638e-15,1.6530667e-30
2019-10-31,1.0743699e-17,4.7193577e-10,0.7332896,3.0382557e-20
2022-11-17,3.419353e-09,1.07188625e-05,1.0,5.9085313e-08
2023-07-08,1.0003092e-11,2.0286093e-06,2.21605e-16,1.8732147e-28
2023-12-07,0.46397948,2.2815954e-07,1.0,0.9999615
2020-06-29,7.552367e-17,0.099478245,5.8393834e-08,2.167576e-22
2021-05-07,1.0,0.9999999,1.0,2.8273832e-09
2021-10-15,7.445854e-20,2.3524344e-13,1.34330795e-08,2.7042833e-26
2023-04-19,1.0,0.9999999,0.9999968,4.1037296e-14
2021-03-08,1.0,0.0001322668,1.0,1.9621356e-09
2020-03-24,1.0,0.12793316,0.9999982,7.184366e-10
2022-08-09,5.722004e-13,3.9685336e-08,1.10257e-17,3.2331834e-27
2021-04-03,0.99999714,1.0456725e-06,9.67663e-07,3.6474885e-26
2020-03-01,1.0,0.0002154172,1.0,1.0770933e-12
2023-03-13,1.0,0.00079738954,0.9999968,2.2174495e-12
2022-05-15,0.08607843,1.0,0.9999937,1.07986404e-16
2021-04-18,1.0,0.99955827,8.801213e-05,3.494709e-17
2019-07-11,8.370949e-15,0.007615446,9.29326e-16,5.018771e-24
2024-10-23,8.7971304e-14,4.122271e-16,2.1436008e-12,3.0026293e-28
2019-10-11,6.89618e-18,1.4406223e-13,5.0425733e-05,4.581998e-18
2021-01-23,1.0,9.072203e-08,1.0,4.311228e-06
2021-03-11,1.0,8.377301e-07,0.9999999,2.0641157e-07
2019-06-06,9.387303e-09,0.44824913,4.2552997e-09,2.7093907e-29
2019-04-27,1.0,1.0,0.9999999,5.679438e-12
2021-12-20,0.99999976,0.20074168,1.0,0.9999995
2021-05-11,1.0,1.0,1.0,3.7453756e-08
2021-11-12,9.520497e-14,6.517428e-10,1.0,1.8453061e-13
2020-11-27,0.105045274,4.5615772e-10,1.0,0.6770861
2019-10-22,9.789748e-19,3.559685e-08,7.1243245e-05,1.4220611e-24
2020-08-31,3.4499918e-13,3.2830356e-11,1.8501942e-17,1.7880927e-31
2020-11-29,0.009251198,7.17305e-08,1.0,0.02529791
2021-08-26,1.6196704e-13,1.1302923e-08,2.0648945e-14,5.5869046e-36
2022-11-11,9.124401e-16,4.729238e-07,1.0,2.3849913e-12
2020-04-07,1.0,0.99902093,0.00020837484,1.1183985e-20
2024-05-05,0.97607714,1.0,1.0,5.83395e-16
2020-12-25,0.91836876,8.751485e-06,1.0,0.99997234
2021-11-14,1.5448585e-12,8.952526e-09,1.0,9.6853196e-14
2019-04-11,1.0,0.5403661,7.732294e-09,9.894617e-25
2022-11-10,5.781116e-15,1.1527942e-06,0.9999999,7.128361e-14
2021-04-23,1.0,0.9999994,0.9955641,5.8754234e-16
2021-01-06,1.0,0.00010484827,1.0,0.714162
2022-03-04,1.0,1.0648988e-11,0.9999907,1.9107034e-07
2021-11-27,0.0015408034,8.3214684e-07,1.0,0.61291194
2020-08-10,2.963923e-11,3.4200784e-08,6.180115e-11,8.428259e-18
2021-02-21,0.99999976,5.2697087e-09,1.0,6.3141684e-08
2022-05-29,0.00948713,1.0,0.99993277,8.4508684e-16
2023-03-31,1.0,0.0012034883,0.0007048445,2.7956098e-21
2019-11-26,0.95992553,6.6267137e-07,0.9999994,6.4206574e-07
2021-12-12,0.9999968,0.10265778,1.0,0.99949384
2020-12-22,0.99999964,0.0857468,1.0,0.9991702
2022-06-02,2.023897e-05,1.0,0.9999751,1.8663024e-14
2023-04-12,0.99999917,0.99998486,0.9996228,7.7704015e-18
2023-08-02,1.1312002e-12,8.123244e-09,2.0981517e-18,2.1797937e-26
2021-02-17,0.9999924,9.339664e-11,0.9999999,7.8920614e-14
2019-05-11,0.9999925,1.0,0.9993843,1.00357944e-10
2022-03-01,1.0,2.4744095e-08,0.9999677,3.636235e-06
2021-09-21,5.468746e-18,6.4912353e-15,1.2057684e-18,2.5061954e-38
2021-05-25,0.99798584,0.996552,1.0,1.654036e-10
2023-03-16,1.0,2.569291e-08,0.99845636,6.83003e-16
2021-03-04,1.0,0.0013242603,0.98841095,5.2835334e-18
2022-06-24,1.9979155e-15,2.441116e-09,5.6154625e-17,1.673617e-24
2019-04-06,1.0,0.0053121247,1.9030948e-09,9.342341e-25
2020-08-13,1.447028e-09,1.9683142e-07,1.0157299e-12,1.8819416e-17
2024-08-29,4.1896025e-11,5.2292154e-10,6.323034e-17,1.0286375e-25
2023-07-31,4.8310148e-14,5.4336643e-11,2.6161971e-18,2.7026449e-25
2020-12-27,0.99999905,1.3950075e-05,1.0,0.9996811
2021-01-01,1.0,1.1196646e-06,1.0,0.8123743
2023-08-16,2.2936792e-17,1.7152772e-13,1.5913902e-21,2.8057985e-31
2022-03-15,0.9999883,1.7679794e-08,1.4293107e-06,4.8311996e-25
2021-05-05,1.0,1.0,0.9999999,2.2374198e-10
2023-11-15,4.7377957e-16,1.4542747e-16,4.8969246e-06,4.4103547e-23
2021-03-02,1.0,3.5828834e-06,1.0,7.5307593e-10
2023-04-15,0.9999913,1.0,0.99418443,1.0577679e-13
2023-02-15,0.99999964,0.00089529145,1.0,6.9021105e-08
2020-07-05,9.035928e-14,3.9059072e-05,8.954373e-16,3.9268436e-30
2020-09-22,1.1071567e-15,2.0243882e-10,5.0462004e-18,1.5616384e-31
2020-12-17,0.99980944,0.0023243034,1.0,0.9968292
2023-09-24,2.0687566e-15,1.7468612e-20,8.5471903e-16,7.1323125e-27
2021-07-08,2.1313996e-11,0.0039041874,0.0008546652,3.7377684e-23
2020-11-03,9.290563e-13,8.659147e-09,0.76747483,9.4890755e-15
2019-03-31,1.0,5.243256e-05,1.6640591e-12,1.1847355e-26
2024-05-19,0.004566844,0.9832948,1.0,1.6882033e-18
2023-11-07,4.3601876e-15,6.4513476e-21,3.268118e-10,1.0581253e-24
2019-05-19,0.99999964,0.9999988,0.94945484,9.997356e-11
2019-09-14,1.457851e-17,9.3726994e-14,2.6786395e-16,7.3768986e-35
2020-02-15,1.0,0.99312544,1.0,0.004601943
2019-06-13,1.8855739e-10,0.9999944,1.881979e-08,2.1744929e-28
2019-09-07,1.8439293e-18,3.2940608e-12,2.990059e-11,7.8511764e-26
2021-04-24,1.0,0.99999356,0.9993168,1.5261796e-15
2024-05-03,0.99998045,0.9999995,1.0,1.1373709e-15
2020-09-01,1.1135063e-14,1.7350289e-10,2.7237908e-17,2.727179e-33
2023-01-04,0.99931455,3.785039e-12,1.0,2.4874348e-07
2024-04-12,1.0,1.0,1.0,2.5573992e-09
2024-05-16,0.0026923928,0.9649164,0.9999995,6.634942e-21
2019-06-30,3.1640398e-19,0.7948419,9.83446e-15,6.448692e-28
2021-11-10,1.06226385e-14,2.7418548e-11,0.99999774,1.803053e-15
2020-03-10,0.999998,0.5946059,1.0,8.2575345e-15
2023-09-17,9.534722e-15,9.041501e-13,3.8734694e-19,3.7041895e-28
2020-08-19,1.11154846e-13,2.9232467e-11,3.636686e-15,1.0742904e-20
2020-08-08,5.6141183e-15,3.5821803e-09,5.4923287e-18,3.0745146e-28
2019-05-27,0.99998784,0.9999558,0.0019470656,7.517998e-22
2021-05-17,1.0,0.99996436,1.0,2.5390429e-05
2020-07-30,1.1170857e-08,2.2247032e-07,9.082758e-17,2.716883e-22
2024-11-25,0.00024139915,5.3192032e-08,1.0,0.9467944
2019-08-22,3.9835583e-15,8.475754e-10,1.3301576e-15,1.9226619e-35
2023-08-06,3.795366e-14,2.2183222e-11,1.6442953e-20,1.84201e-33
2024-12-31,0.9992617,5.236121e-05,1.0,0.9999989
2021-12-05,0.99340254,0.0014546278,1.0,0.999851
2023-07-01,1.5425546e-14,6.034226e-06,1.6440039e-16,8.791465e-32
2022-03-30,1.0,3.8042486e-07,1.3610253e-09,4.4124414e-23
2023-05-31,0.38261667,0.99998724,1.0,0.97245854
2024-05-13,5.4945674e-05,0.6568984,1.0,2.3274945e-13
2023-03-19,1.0,0.0048183766,0.11639452,7.676231e-21
2022-11-05,3.0355614e-13,2.3688897e-06,0.99998534,8.354225e-17
2020-04-26,1.0,1.0,1.0,3.0028802e-06
2023-08-27,2.01164e-14,3.930134e-11,1.1414194e-19,2.713418e-26
2020-02-04,1.0,0.997191,1.0,0.9991585
2020-07-19,6.4618106e-15,4.9706337e-09,7.9807855e-17,1.0546114e-24
2024-06-12,7.506819e-15,0.8698785,0.99867463,1.5278533e-20
2021-04-26,0.99999976,0.9999131,0.9986003,8.064582e-16
2023-05-26,0.975368,0.99999547,0.99981874,6.863085e-11
2023-11-27,3.595908e-07,2.5926246e-08,1.0,0.0004511689
2023-07-14,4.8580518e-14,5.7844745e-13,7.559935e-20,9.8465094e-30
2020-10-04,2.7790508e-16,5.1044315e-09,1.0156702e-15,3.6679805e-29
2024-07-03,2.2316676e-16,1.0158025e-05,7.6450986e-16,9.2253537e-35
2023-01-17,0.9999999,2.1292459e-07,1.0,6.735665e-09
2019-03-28,1.0,1.1460548e-06,3.27524e-06,5.618637e-23
2021-12-02,0.6225001,0.00050904346,1.0,0.999881
2022-07-30,7.610473e-16,4.3028126e-06,9.058274e-14,5.5538615e-21
2022-11-19,9.0911924e-11,2.4476404e-07,1.0,2.193802e-09
2022-09-10,1.8305614e-21,8.6168036e-13,5.1036324e-13,1.03257443e-22
2024-07-07,1.9321771e-19,9.3930936e-08,8.1025816e-14,4.827659e-34
2020-03-14,1.0,0.9999614,1.0,1.0115983e-08
2023-12-29,0.9999925,3.4450673e-05,1.0,0.9999999
2024-10-21,6.6394115e-17,8.1939214e-17,1.4774574e-17,3.4706062e-34
2020-03-30,1.0,0.31040648,1.0,0.001780038
2024-06-14,5.4326098e-14,0.7978446,0.27591136,2.944604e-24
2023-11-12,1.1121771e-15,9.752516e-18,4.6514597e-09,1.4544837e-26
2023-01-10,0.9999993,7.304797e-11,1.0,6.136662e-06
2023-01-08,0.99640745,2.944851e-09,1.0,4.7466206e-06
2024-07-11,3.530218e-16,2.6480745e-08,1.7792067e-16,3.1435856e-35
2021-03-23,1.0,2.4412428e-05,5.2440162e-05,4.1480787e-23
2023-11-04,1.4424081e-15,6.0176144e-19,6.5756693e-09,2.288194e-22
2020-06-02,1.3895669e-09,0.99999964,5.446245e-06,2.7784554e-25
2023-03-18,1.0,0.010159372,0.00028056276,8.707111e-20
2020-12-05,0.7954695,2.9456617e-06,1.0,0.9997346
2019-06-04,5.560424e-06,0.99518293,9.661916e-08,4.700958e-25
2021-10-02,1.6173585e-20,1.9221986e-14,1.13076e-16,3.0639212e-34
2020-08-16,7.542347e-17,1.0927872e-08,1.409391e-17,1.0750706e-25
2022-04-17,1.0,1.0,1.0,4.0861043e-09
2023-11-25,6.3276104e-08,5.684894e-14,1.0,0.004525872
2023-04-27,1.0,0.999998,1.0,1.08471615e-14
2021-07-09,3.7525938e-14,0.0003206426,1.8990788e-07,4.2568796e-29
2019-11-13,3.9900893e-08,9.151727e-09,1.0,0.00064974255
2021-05-19,1.0,1.0,1.0,8.289122e-08
2020-07-17,4.574964e-16,2.597967e-11,1.1976139e-17,1.7672604e-24
2022-03-29,1.0,4.4998054e-05,0.00016963657,2.8069774e-15
2019-04-13,1.0,0.9942849,0.05809871,6.7885985e-16
2019-06-16,5.6827425e-12,0.99933964,7.6192636e-11,3.0875977e-27
2021-04-07,1.0,0.00013385403,2.8723148e-08,2.9382277e-26
2020-11-07,2.7492888e-09,5.3677155e-08,0.9999993,3.6638643e-09
2020-01-29,1.0,0.9994112,1.0,0.9999713
2022-03-02,1.0,5.2473366e-11,0.99999785,1.4055416e-07
2022-07-09,3.3105297e-17,9.3645966e-08,2.7441367e-18,1.7154773e-31
2024-12-10,0.9952873,0.00071364065,1.0,1.0
2023-08-20,9.973718e-15,3.7266298e-11,9.884041e-20,3.2791808e-26
2024-05-27,3.5142297e-12,0.9988481,0.89614946,2.5373005e-19
2023-01-29,0.9991222,0.9996866,1.0,1.2860359e-06
2023-03-24,1.0,0.011460836,0.0003754604,7.0268786e-20
2021-06-12,6.5723715e-09,0.9695258,0.07886198,3.7990283e-19
2021-01-08,1.0,7.060707e-05,1.0,0.00060477195
2024-01-13,1.0,0.39968255,1.0,1.0
2023-07-04,3.354518e-15,2.9397144e-05,6.546887e-16,1.2061051e-24
2022-03-16,0.9999999,4.5802043e-08,1.4328707e-08,9.850361e-26
2023-09-28,4.3441268e-18,3.0923472e-20,2.4774134e-15,1.1587323e-24
2022-03-27,1.0,8.564359e-05,2.2670772e-06,4.159319e-20
2020-12-18,0.99999976,0.0028494583,1.0,0.9623625
2021-12-23,0.9999999,0.92273045,1.0,0.99999523
2020-06-19,5.001989e-13,0.99964774,0.0023515834,4.1033424e-27
2021-09-30,1.3964966e-20,5.4833567e-15,2.0633163e-17,2.2171058e-32
2020-10-21,3.4542039e-18,6.9260347e-15,3.9180293e-08,1.2826656e-28
2024-01-09,0.9999999,0.005658003,1.0,1.0
2021-07-14,4.0892335e-19,1.955063e-05,2.0284573e-07,2.4039735e-26
2022-08-08,2.6127373e-17,3.5423543e-11,3.8129097e-18,1.0375701e-28
2024-02-07,1.0,0.0014810256,0.99999976,0.0002504672
2019-09-10,3.0040423e-18,1.6177008e-09,4.4590254e-15,9.878014e-27
2020-02-27,1.0,0.00045052037,1.0,3.3037404e-06
2020-07-03,4.0172993e-11,7.416799e-05,5.569861e-13,5.41047e-29
2021-12-10,0.9999906,0.0056187785,1.0,0.99998057
2020-07-04,4.2224714e-14,0.12436361,1.1635358e-13,6.4987737e-28
2023-03-04,0.9999999,2.209517e-08,0.9999894,2.5500777e-13
2022-07-29,2.4099437e-13,2.9879779e-05,3.1620448e-14,2.8940966e-20
2023-11-18,2.2242035e-14,4.06876e-17,0.053343,1.5320571e-18
2021-01-19,0.99999976,0.00014530937,1.0,0.00014013026
2021-09-15,3.4579481e-18,2.6345714e-13,6.454435e-18,1.1844867e-34
2019-12-22,0.9999975,0.6859507,1.0,0.9994685
2021-11-15,1.5981689e-08,1.6619598e-11,1.0,2.9677435e-07
2024-05-14,0.0033866207,0.9999901,1.0,9.310172e-19
2024-11-20,0.000297605,1.8576424e-08,0.9999999,0.001064978
2024-04-25,1.0,0.99999166,1.0,3.6260817e-06
2020-08-23,1.8262777e-11,2.1472133e-09,1.092777e-15,4.181839e-24
2023-09-04,1.5910537e-13,6.209206e-18,1.2862155e-17,7.390078e-28
2020-12-02,0.31268638,2.6920636e-05,1.0,0.99912673
2021-02-14,0.9999993,1.0079701e-07,1.0,1.7318822e-09
2020-11-20,0.0018751295,5.600179e-09,1.0,3.616048e-05
2022-11-29,1.0635509e-07,2.989722e-07,1.0,1.9073805e-06
2020-12-08,0.998755,9.04888e-05,1.0,0.9999665
2021-12-03,0.99717474,0.0055043907,1.0,0.9994523
2022-02-02,1.0,0.23121409,1.0,0.9999933
2020-07-09,2.2482253e-14,6.890048e-07,1.1763695e-16,2.9960777e-25
2021-12-15,0.9998381,0.46635473,1.0,0.99995863
2022-05-08,0.9999608,1.0,0.9999999,9.007321e-12
2021-04-21,0.9999999,0.9999999,0.9999902,3.198298e-11
2024-06-25,1.2900637e-16,0.07262617,4.068065e-08,2.024157e-32
2020-09-09,2.0812682e-14,3.924918e-12,1.614266e-18,0.0
2023-09-21,1.7920125e-12,4.6879584e-17,1.2034943e-17,2.1768378e-24
2020-12-30,1.0,4.954856e-06,1.0,0.51102054
2024-09-30,9.047966e-14,5.0807083e-14,1.4224295e-17,3.9396452e-36
2020-12-09,0.9765722,4.3033004e-09,1.0,0.99923325
2021-06-23,8.292831e-10,0.9999999,1.213633e-06,8.795112e-19
2023-01-13,0.99978536,2.3618127e-13,1.0,5.697851e-08
2023-09-18,1.0816085e-15,1.07210144e-10,3.4464235e-19,1.4983614e-32
2021-11-18,2.203402e-08,7.798649e-09,1.0,0.0001597906
2023-12-17,0.9994246,7.323444e-07,1.0,0.99999976
2024-01-05,0.9999975,0.0010513219,1.0,1.0
2023-10-17,6.4404224e-16,2.3937262e-17,1.4757592e-13,1.3857725e-26
2022-12-28,0.9999949,6.1092825e-10,1.0,3.7750901e-06
2022-07-26,6.04288e-13,9.267242e-08,2.4811126e-14,3.622554e-20
2019-09-03,1.4056004e-17,5.3662234e-11,5.2668707e-18,1.4772331e-38
2022-11-20,1.8838318e-12,3.1053574e-08,1.0,1.9121476e-09
2023-04-11,1.0,0.00023750616,6.2262906e-08,3.1351095e-26
2023-03-07,0.9999999,2.1484398e-07,0.99994683,5.4386332e-14
2023-10-27,5.159396e-15,1.4973052e-16,2.3499086e-10,2.2017488e-25
2022-11-18,6.2117365e-08,6.1438227e-06,1.0,3.3255458e-06
2020-04-20,1.0,1.0,1.0,3.7674003e-08
2019-10-25,1.287628e-19,1.2796217e-12,0.00064827595,1.2087265e-23
2023-02-08,0.99999535,3.597121e-05,1.0,0.00047580284
2022-03-26,0.9999875,2.6001622e-08,1.8070032e-10,1.493076e-27
2021-04-29,1.0,1.0,1.0,4.5299324e-09
2021-05-08,1.0,1.0,1.0,1.1327714e-09
2022-05-01,1.0,1.0,0.9999999,3.492108e-11
2020-01-28,1.0,0.9981781,1.0,0.99951994
2020-09-07,1.7549199e-16,6.0225075e-11,1.0941556e-19,0.0
2019-06-25,1.8973885e-18,0.99094874,9.810606e-12,3.8591733e-29
2022-03-09,0.9999316,5.819622e-13,0.99846977,2.3220972e-10
2021-07-02,6.541667e-13,0.00080898934,3.0904962e-12,1.4079946e-31
2019-10-08,5.4754016e-19,1.6299639e-11,1.5453944e-09,1.3107616e-20
2023-04-24,1.0,0.99999964,0.99995255,1.2890719e-13
2022-12-19,0.99989295,3.720556e-07,1.0,0.19629952
2024-03-02,0.014903759,1.5874512e-11,6.29259e-11,2.7589984e-34
2023-05-15,0.99999857,0.99999917,0.99999666,7.0086e-11
2023-01-18,0.99998,2.2941581e-08,1.0,6.765256e-08
2021-05-02,1.0,1.0,1.0,1.1811982e-10
2021-07-29,6.4132233e-19,5.542966e-12,8.108223e-18,2.984288e-37
2020-09-14,9.131714e-16,3.6312837e-09,8.571446e-17,3.5903615e-35
2021-11-07,2.3526785e-19,6.251649e-12,0.094359875,9.538674e-25
2021-03-13,1.0,1.9263794e-06,0.9996823,6.6324746e-10
2024-02-11,1.0,2.786768e-09,0.90556693,3.6590258e-12
2019-10-20,1.3915524e-18,1.0293475e-11,1.851661e-05,1.4371562e-24
2019-04-17,1.0,0.9999703,0.98718446,3.0218632e-14
2020-07-15,3.3039984e-11,5.8792302e-06,2.016135e-17,3.6225406e-27
2024-09-01,1.425303e-13,2.4734363e-09,4.7930534e-18,8.4540136e-27
2020-05-04,0.9999999,1.0,1.0,9.385639e-09
2019-05-16,0.99949396,0.99997616,0.010565583,2.1184924e-17
2019-10-12,4.8296717e-17,5.8320395e-15,4.4642e-06,3.7286764e-19
2024-07-10,1.544647e-15,2.9263458e-09,2.5328767e-15,1.0875055e-35
2019-11-15,4.044013e-08,1.647819e-05,1.0,8.218061e-08
2021-11-13,4.8433293e-15,5.4119516e-07,0.9999964,3.305556e-18
2023-09-02,7.477123e-12,6.3197573e-16,2.1247891e-17,1.3016752e-24
2021-07-28,2.7151388e-17,2.7942726e-09,1.8491842e-18,4.760808e-37
2020-01-05,1.0,0.99828327,1.0,0.99999964
2024-07-27,1.6631093e-13,2.2080213e-08,4.9396694e-21,6.2451136e-36
2019-05-02,0.99999976,1.0,1.0,1.2321818e-06
2023-05-27,0.0007650189,0.99987864,0.99999976,1.2495448e-07
2022-05-11,0.99997056,1.0,0.9999999,1.5492676e-15
2020-10-10,6.3072065e-17,5.9934474e-11,1.9370824e-14,1.2119377e-34
2020-03-13,0.99999976,0.0021614886,1.0,2.8963488e-13
2022-07-10,3.654666e-16,1.0459498e-06,6.174667e-20,8.475549e-35
2020-03-11,0.99999976,0.00065893005,0.999448,2.4916357e-18
2020-05-23,0.9985933,1.0,0.9999603,3.6019522e-13
2022-09-08,6.024784e-18,1.720697e-13,2.7650095e-15,1.6306266e-22
2021-08-19,8.524468e-15,4.806147e-05,0.11347977,1.4914612e-17
2021-05-09,1.0,1.0,1.0,8.851327e-10
2024-08-10,5.729154e-10,3.3237266e-10,8.0361325e-19,6.821867e-27
2020-07-28,1.947047e-10,1.6728971e-07,2.3723468e-16,4.093167e-26
2024-06-21,2.4778377e-16,0.9039744,2.332209e-10,1.1759759e-29
2022-12-30,0.9999852,3.3776541e-06,1.0,0.998606
2019-06-26,2.890345e-20,0.9222047,4.0358075e-15,4.3093077e-30
2024-05-31,2.4736204e-09,0.9999995,0.99703205,4.319056e-20
2019-04-18,1.0,1.0,0.9999888,5.9150574e-13
2022-11-07,5.4980363e-16,4.2472497e-08,0.99999416,2.1600288e-17
2024-04-02,0.9999999,0.999961,1.0,5.074261e-13
2024-08-17,1.3079436e-10,8.9268504e-08,5.3315174e-18,4.2648397e-31
2024-03-09,0.48125315,2.2522184e-09,7.344918e-12,2.8390644e-33
2023-09-15,1.2138142e-15,3.8391818e-10,1.2162073e-20,4.2670668e-32
2022-06-20,1.1054228e-14,0.00055003096,2.9849004e-16,2.5889586e-30
2023-07-06,2.8985123e-11,3.7062015e-05,1.4731761e-15,2.5111213e-25
2024-04-03,0.9999999,0.9999857,1.0,1.4746472e-10
2022-02-23,1.0,1.5349248e-06,1.0,0.97869694
2020-01-04,1.0,0.99998426,1.0,0.99999785
2021-01-30,1.0,2.8602392e-07,1.0,4.475818e-05
2023-10-24,9.747531e-18,3.156773e-17,1.0339923e-09,8.768391e-24
2019-10-03,2.0672378e-19,5.6197324e-15,5.461763e-10,1.0971662e-24
2024-08-30,3.863416e-10,1.5783147e-08,1.2683982e-15,4.7496265e-25
2024-02-08,1.0,8.2579405e-08,0.99994564,1.5521529e-07
2024-05-21,4.5850825e-06,0.9985378,0.87546706,4.657273e-21
2021-03-17,1.0,3.278642e-07,0.99993944,1.0306323e-11
2024-11-09,1.6428105e-05,1.1215245e-15,1.7157164e-12,7.076175e-23
2022-09-04,1.191448e-18,1.2896621e-13,9.310258e-16,5.581365e-29
2023-06-20,1.1822953e-07,0.0036891212,1.3120147e-16,1.289942e-29
2022-09-05,8.880019e-22,1.6271178e-12,1.8280956e-16,5.2378546e-27
2020-05-01,0.9999999,1.0,0.9999995,5.250523e-10
2021-06-10,0.00010876988,0.99924856,1.0,8.136905e-13
2023-12-31,0.9995295,0.000106492305,1.0,0.99999964
2019-05-06,1.0,1.0,0.9999999,1.6955072e-07
2024-12-02,0.0025651178,1.4375435e-08,1.0,0.99999774
2020-09-17,1.3377644e-16,1.7699167e-11,9.0046145e-18,1.4401108e-36
2023-05-21,0.999997,1.0,0.99998105,1.0364037e-12
2024-03-22,0.99999857,0.99988425,0.9999778,7.831406e-18
2020-05-17,0.99999344,1.0,0.9999999,5.1145416e-15
2024-10-26,2.2048835e-14,1.8699296e-14,6.322723e-16,3.6207342e-33
2024-04-01,1.0,0.9999956,1.0,1.6879896e-12
2023-11-05,6.042743e-16,1.1786638e-18,6.7479225e-12,4.0498306e-28
2023-01-14,0.9998666,1.7089828e-07,1.0,1.9056457e-06
2022-01-02,1.0,0.9999858,1.0,0.9999871
2020-01-03,1.0,0.99989724,1.0,0.9999918
2024-02-10,1.0,0.0004691433,0.99996173,5.424655e-11
2024-12-13,0.9994855,0.0025537044,1.0,1.0
2022-01-05,0.99999964,0.9455254,1.0,1.0
2024-10-29,1.7739663e-14,6.0427368e-18,1.2992503e-15,8.349167e-30
2021-04-28,1.0,1.0,0.99999964,1.347123e-12
2021-07-15,2.4457932e-18,0.00018573827,1.6499847e-09,1.6492836e-27
2021-05-31,6.3827747e-07,0.90210235,0.9999993,1.0509073e-19
2024-07-05,7.165948e-17,3.8347034e-10,8.746549e-15,4.77768e-34
2019-05-09,0.9999999,0.9999999,0.99999976,4.5103445e-09
2024-06-05,8.446164e-12,0.99804616,0.96181697,2.9509503e-21
2019-08-16,1.6802182e-17,1.1046737e-08,9.116999e-14,7.655406e-22
2023-01-07,0.99999785,0.06301142,1.0,0.99963725
2019-12-23,1.0,0.9999032,1.0,0.99991417
2024-03-05,5.7255767e-07,2.2021017e-10,1.192411e-12,1.5386629e-34
2022-08-07,3.4512687e-13,1.3855992e-05,1.2259129e-15,1.582757e-21
2020-09-08,1.4378689e-13,2.1304779e-10,2.2015373e-19,0.0
2024-06-08,2.6797567e-10,0.9998054,0.95433134,4.4464235e-22
2020-02-20,1.0,0.017085213,1.0,0.3445029
2021-08-08,6.806357e-17,8.9956715e-14,5.2920627e-19,5.501349e-39
2024-03-03,0.005636443,6.517643e-13,7.5862885e-11,3.7300902e-31
2024-01-04,0.9999981,2.4181742e-07,1.0,0.99998736
2024-03-01,0.0058561927,5.419756e-10,5.8894883e-10,2.4138064e-33
2024-02-05,1.0,1.792916e-07,1.0,0.0021440408
2022-01-10,1.0,0.14999393,1.0,0.9999975
2024-05-12,4.3141117e-06,0.99969757,1.0,3.2726706e-18
2022-12-29,0.99182934,9.625629e-11,1.0,0.000567063
2023-12-26,0.9999813,0.017458575,1.0,0.9999993
2024-03-11,0.000900215,1.3699671e-08,5.00786e-13,1.6813129e-34
2024-05-04,0.96812373,1.0,0.99999976,4.0774497e-15
2024-12-04,0.7515596,2.2784086e-06,1.0,1.0
2020-10-31,4.1675214e-13,3.2653676e-07,0.008729604,1.4799466e-15
2020-02-29,1.0,0.00012349722,1.0,9.163522e-12
2021-06-13,2.0068794e-07,0.9999536,0.16560261,2.0174168e-20
2023-11-01,8.18515e-15,1.8041924e-18,3.415222e-12,4.4199943e-28
2019-11-28,0.88442606,0.0064420565,1.0,0.75611407
2022-01-24,1.0,0.8527503,1.0,0.9999999
2020-12-20,0.99974245,9.7911725e-06,1.0,0.9998258
2022-01-16,1.0,0.789476,1.0,1.0
2022-02-08,1.0,0.6250936,1.0,0.9999497
2021-09-04,1.544696e-20,5.289692e-15,3.025515e-17,3.448026e-35
2020-08-27,9.611148e-16,1.7948833e-11,1.3439081e-15,1.8771614e-30
2023-09-30,1.0350768e-18,1.1376072e-19,6.7891133e-17,7.990572e-30
2021-12-21,0.9999994,0.029527385,1.0,0.9999982
2023-04-17,1.0,1.0,1.0,2.0789778e-15
2023-12-22,0.9779579,0.00059795653,1.0,0.9997677
2022-05-26,0.000569969,1.0,0.98791844,7.2168794e-20
2020-04-16,0.99999905,1.0,0.99999976,1.6550542e-06
2024-11-29,0.0018667696,9.513959e-11,1.0,0.99999297
2022-08-15,1.18328826e-14,5.1433275e-09,4.50331e-18,1.403242e-26
2019-10-14,1.449495e-16,9.020963e-14,4.59992e-07,1.3227127e-25
2020-12-06,0.8544884,7.65446e-10,1.0,0.9965564
2020-11-23,5.02846e-06,9.3524225e-12,1.0,2.4078532e-05
2022-07-28,2.431404e-13,8.201514e-06,5.0785578e-14,1.3166749e-20
2020-10-25,1.2175826e-18,4.3003273e-14,2.2518934e-07,3.8359868e-27
2021-10-18,3.8526284e-21,8.1541544e-12,7.3216395e-13,7.2933864e-32
2022-04-03,1.0,7.052525e-06,0.00019923231,6.3656743e-18
2021-12-30,1.0,0.99992085,1.0,0.9999994
2024-08-05,2.6482208e-12,7.730933e-10,6.4857526e-19,2.3739787e-29
2022-05-20,8.577141e-05,1.0,0.0029074633,1.9642866e-22
2020-10-18,1.5302128e-16,3.959379e-15,6.9894797e-12,1.7360773e-30
2021-09-07,6.471749e-16,5.3378674e-10,1.1586817e-20,8.359113e-37
2024-06-10,1.5137246e-12,0.9570317,0.006558828,2.873416e-27
2021-11-30,0.95566994,0.00038924062,1.0,0.99735117
2021-04-04,0.9991691,3.3569927e-06,3.2647535e-10,4.267988e-28
2023-08-25,6.6691444e-11,3.2656114e-11,3.2185525e-19,1.4300719e-27
2020-09-27,9.4919624e-17,5.0840726e-10,2.4348043e-14,1.4583585e-23
2019-04-19,1.0,1.0,0.9999981,9.789927e-13
2021-10-12,9.3977314e-20,2.3534844e-13,3.9117213e-11,8.1630156e-29
2021-11-05,9.528157e-19,5.4643422e-08,0.2384958,1.6996355e-24
2019-10-19,1.5950209e-18,9.381565e-15,4.9486312e-05,6.099898e-25
2019-08-29,5.3612823e-11,1.3778595e-06,2.276445e-18,4.543131e-34
2022-03-12,0.996774,8.597605e-11,0.99603146,3.486185e-11
2024-10-19,1.3247041e-11,3.2218426e-13,1.9124553e-15,6.0527008e-34
2022-09-25,7.379541e-21,2.3946697e-15,2.7440347e-16,1.0786954e-30
2023-02-07,0.9999969,0.00027306064,1.0,5.1565643e-05
2021-01-18,1.0,2.02055e-06,1.0,0.0031655636
2020-02-07,1.0,0.9487378,1.0,0.7860487
2022-07-03,6.5413385e-18,3.3438047e-07,1.2399082e-17,2.067671e-27
2023-12-04,0.00059909065,1.3146725e-06,1.0,0.99852246
2024-03-19,0.99999917,0.9930942,0.99990976,9.468229e-19
2021-02-19,0.99999976,2.6004456e-11,1.0,1.3398777e-10
2021-02-05,0.9980235,1.282047e-09,0.9999999,6.7434003e-10
2021-04-25,1.0,1.0,0.99999356,3.626907e-14
2020-03-21,1.0,0.9999999,1.0,4.653514e-11
2019-07-24,2.7043945e-09,0.88067997,7.733229e-11,2.8998246e-25
2023-09-27,6.312922e-21,1.9862942e-17,1.7617404e-17,2.5940343e-27
2021-01-09,1.0,9.968568e-06,1.0,0.00018459119
2024-09-12,9.698187e-10,4.3566716e-11,2.8856263e-15,3.7080646e-20
2020-12-29,1.0,0.04182812,1.0,0.9993968
2020-09-02,2.4177419e-14,1.4121192e-10,9.781685e-19,1.5045163e-35
2019-09-11,1.3871442e-16,2.7879545e-12,6.876703e-14,4.146023e-30
2022-11-09,1.9367417e-11,4.7442627e-06,0.99999964,2.9185804e-17
2023-11-22,3.3349077e-11,6.613658e-07,0.9999974,1.8550054e-11
2019-10-05,2.4711437e-17,6.895921e-17,2.8294025e-08,4.4298386e-19
2020-02-01,1.0,0.99997735,1.0,1.6385e-05
2021-10-01,3.426192e-22,1.0166825e-14,8.2185345e-15,1.02605126e-32
2024-04-05,1.0,0.9999999,1.0,2.29408e-11
2023-04-23,1.0,1.0,0.9999995,8.9400605e-11
2019-08-23,4.580432e-15,9.727958e-10,7.7677686e-17,6.6913954e-36
2024-07-19,1.8768597e-16,2.2179923e-11,2.73992e-19,1.2851191e-36
2021-08-27,1.2112054e-15,6.4501473e-12,1.9963657e-18,2.7325195e-34
2021-08-17,8.120047e-18,2.2781235e-09,2.5745165e-11,8.20307e-28
2023-04-06,1.0,0.3365367,0.0008663771,1.779423e-17
2023-08-14,3.9558895e-16,4.4313224e-13,6.726307e-20,2.4150826e-29
2024-11-16,0.0006392728,1.5858041e-12,0.99945813,3.0108663e-12
2020-06-21,1.6548522e-15,0.99591607,0.0009028488,3.3685e-27
2021-10-13,1.3207056e-18,1.4232311e-12,1.1182442e-14,3.1757432e-35
2019-09-18,2.955339e-17,3.338104e-14,2.7138073e-14,5.05463e-29
2022-06-22,1.4140176e-16,1.0074681e-06,7.1214777e-16,7.1384255e-30
2024-05-18,0.00027638706,0.9987878,1.0,2.8359605e-16
2022-01-01,0.99999964,0.9978569,1.0,0.99967813
2020-06-22,8.7476276e-20,0.0008554424,1.9658879e-10,6.5360536e-32
2021-03-05,1.0,6.11085e-07,0.99999785,3.2024596e-12
2021-10-17,6.370408e-19,3.7931915e-12,7.385499e-09,2.703644e-26
2019-10-07,2.8896647e-18,3.0298856e-14,0.00043634497,2.1458546e-16
2024-11-24,0.094909295,4.8302002e-08,1.0,0.9999851
2023-09-25,1.4124944e-20,1.4899429e-17,5.5258275e-18,6.15678e-31
2023-12-11,0.060697943,3.8602302e-08,1.0,0.999974
2023-12-21,0.9875289,4.3584428e-06,1.0,0.9999989
2020-03-26,1.0,0.9966307,0.9999039,3.1977825e-13
2022-01-13,1.0,0.94965184,1.0,0.9999931
2023-04-30,1.0,0.99999976,1.0,1.2471501e-12
2022-01-15,1.0,0.9870094,1.0,1.0
2020-08-22,1.6487332e-12,1.0229602e-09,6.5376285e-16,8.2537883e-22
2020-06-17,7.252314e-09,0.99997413,0.042804647,9.3346065e-26
2023-04-14,1.0,0.99921536,0.9997451,2.8605568e-18
2021-02-02,1.0,3.8773866e-08,1.0,1.0801943e-07
2021-11-24,0.00046912362,1.1771021e-07,1.0,0.703768
2020-01-27,1.0,0.9999757,1.0,0.94649243
2023-12-19,0.95536137,4.0588684e-06,1.0,0.9999976
2021-09-28,2.0518656e-16,4.7752257e-17,8.237488e-16,4.5005597e-34
2023-10-26,8.624773e-18,1.4706036e-16,1.168305e-11,6.7499045e-27
2020-04-03,1.0,0.99958545,0.7489158,1.613411e-17
2023-07-24,1.0529157e-15,1.0854257e-07,3.9297578e-19,7.7275095e-26
2023-05-18,0.99998784,0.99999595,1.0,3.6814903e-08
2022-04-09,1.0,0.0638596,0.9970361,2.0293646e-13
2021-07-01,1.4289106e-08,0.9999908,1.0520885e-06,1.5224379e-26
2022-05-09,0.9998728,1.0,0.99939215,6.2463206e-16
2024-08-13,3.6202963e-12,2.8869176e-09,1.2045639e-18,3.657449e-27
2021-10-16,1.011269e-18,6.115102e-13,3.4403801e-12,3.6635602e-22
2022-05-05,1.0,1.0,1.0,3.9623052e-10
2023-08-22,2.7717672e-12,2.448871e-13,5.2331056e-18,4.5345582e-20
2022-04-04,1.0,0.00020594928,0.5679914,1.0211128e-15
2023-04-25,1.0,0.9999999,1.0,2.5242187e-12
2019-09-24,2.6764088e-19,1.4298381e-11,8.6585274e-11,3.3367507e-31
2024-06-02,3.6641246e-08,0.99996483,0.99973375,9.705858e-19
2022-09-03,6.172244e-19,2.2145764e-11,2.300138e-16,1.3173951e-25
2024-07-25,5.517071e-16,1.5554783e-09,1.9989481e-19,4.7238515e-36
2024-01-15,1.0,0.0042042374,1.0,1.0
2021-11-26,0.00045974195,2.2028611e-05,1.0,0.9996088
2022-01-30,1.0,0.85148376,1.0,0.99999976
2019-08-24,7.3856945e-17,1.4238555e-12,7.6518634e-17,2.1619544e-35
2023-09-14,9.5293267e-14,2.4055904e-09,2.9245593e-21,5.4042756e-31
2023-05-07,1.0,1.0,0.9999963,1.0059022e-10
2024-06-23,7.693462e-15,0.9994579,1.6877868e-05,1.4723153e-24
2024-01-12,0.9999999,0.014871004,1.0,1.0
2020-03-03,1.0,8.885554e-06,1.0,1.8461407e-09
2022-06-18,1.7573123e-15,0.00074880465,7.116178e-17,2.7384704e-32
2021-09-10,3.27332e-18,7.2431686e-11,6.3652096e-19,1.258802e-36
2020-12-28,1.0,0.014770355,1.0,0.997264
2023-09-12,2.782042e-16,6.7278926e-14,2.3969326e-18,8.899514e-23
2024-03-08,0.017529946,1.697367e-10,1.7597845e-11,2.6105703e-36
2020-09-24,4.8543907e-15,4.0510397e-11,4.6259373e-19,5.506368e-31
2022-07-24,8.165274e-14,4.60228e-08,4.3758126e-17,1.42125835e-24
2023-03-06,0.99999964,3.2148158e-08,0.9999999,1.2613128e-11
2019-08-17,1.8569416e-15,1.6982287e-06,6.206028e-12,9.5894924e-26
2019-05-31,1.5389093e-08,0.9999981,1.813625e-05,1.0941998e-22
2020-05-06,0.99999964,1.0,1.0,3.156655e-08
2020-04-29,0.99999905,1.0,0.9999999,1.0268629e-07
2020-05-25,0.7327005,1.0,0.9999968,1.6667264e-13
2021-04-17,0.99999,0.999943,7.530221e-08,2.7308898e-22
2022-08-18,1.3226688e-15,3.7574505e-10,8.3364967e-16,4.5010144e-23
2021-04-06,0.99999976,5.4019556e-06,1.723165e-07,5.8552286e-28
2023-03-27,1.0,5.7947862e-05,0.8001493,3.478534e-18
2024-03-25,1.0,0.012860163,0.9999759,5.1169674e-20
2024-01-07,1.0,0.0014812173,1.0,1.0
2023-03-30,1.0,0.43570268,0.433773,4.2118033e-19
2019-05-13,1.0,0.99999964,0.9979017,3.5768565e-12
2020-06-01,1.804954e-06,0.9999999,6.777073e-06,7.234616e-24
2019-12-15,1.0,0.99982506,1.0,0.99996173
2019-09-01,7.525274e-14,6.7165426e-11,5.9831004e-18,2.4083798e-33
2024-09-13,2.9694422e-13,3.9169495e-10,6.683475e-17,9.115089e-21
2024-09-07,7.693488e-12,5.694298e-12,5.598906e-17,1.0113156e-25
2021-03-29,1.0,1.69976e-07,1.0225733e-10,2.3904602e-24
2023-05-09,1.0,0.9999198,1.0,6.380705e-05
2021-12-16,0.99999905,0.5836694,1.0,0.9999937
2022-02-26,1.0,3.1129605e-07,0.99999976,0.08320393
2024-12-24,0.99992955,4.6656883e-06,1.0,0.9999995
2019-03-30,1.0,0.0075704604,1.3009901e-09,4.925402e-23
2019-10-23,1.1511065e-16,2.120608e-12,0.10787725,1.8427963e-19
2021-04-02,0.99999857,0.8238018,4.7486955e-13,6.427347e-29
2023-07-28,6.582174e-15,1.2496851e-10,2.382363e-20,9.3964334e-29
2023-10-05,9.596025e-22,2.4519482e-19,5.7035447e-17,1.670834e-26
2023-01-06,0.99993145,3.5225962e-06,1.0,0.98966587
2022-08-24,1.2182289e-17,3.6379253e-09,7.0845455e-16,6.010095e-25
2019-05-17,0.999998,0.9999795,0.9811322,2.306307e-15
2023-03-12,1.0,2.268868e-06,0.9999999,5.8860464e-12
2020-04-21,1.0,1.0,1.0,6.737827e-05
2022-06-11,1.200056e-17,0.97966206,6.695087e-05,9.643711e-26
2020-05-29,0.003933432,1.0,0.9613071,1.0223352e-18
2023-08-09,5.08119e-15,5.4145556e-15,1.3185109e-18,1.12438055e-32
2020-02-02,1.0,0.9845159,1.0,0.9386629
2019-04-04,1.0,0.000116301984,2.1537092e-10,9.292792e-25
2021-11-17,1.10201785e-08,2.9085246e-07,1.0,0.0003559359
2024-01-31,1.0,0.00017596423,1.0,0.9571061
2023-03-02,1.0,2.8011845e-08,0.9999999,3.377053e-14
2020-06-15,1.4765533e-09,0.9999995,0.052907415,4.989902e-26
2021-12-27,1.0,0.9827053,1.0,1.0
2019-12-12,0.99999785,0.9612879,1.0,0.9999999
2020-01-26,1.0,0.99879897,1.0,0.6624895
2021-06-24,8.6991005e-11,0.9999993,4.2286365e-06,5.9927083e-21
2022-11-22,4.8163887e-13,9.362382e-08,1.0,0.00028145572
2021-11-04,3.5131346e-21,6.6301635e-09,0.36248332,1.421596e-22
2020-03-02,0.9999999,8.1050835e-05,0.99991596,5.608895e-15
2020-01-25,1.0,0.99997234,1.0,0.99932134
2021-04-27,1.0,1.0,0.99999976,2.0426409e-10
2023-04-10,1.0,0.85166895,2.5195156e-06,8.3415525e-24
2024-11-26,0.003867744,4.174811e-05,1.0,0.93039244
2023-12-03,0.00074812566,2.8169045e-05,1.0,0.9983681
2022-02-28,1.0,1.2353468e-05,1.0,0.010447255
2019-12-04,0.9998902,0.053568546,1.0,0.9999726
2023-07-15,1.4717888e-11,7.102094e-12,3.228075e-16,3.958064e-23
2020-03-22,1.0,0.8961988,1.0,0.016661867
2020-11-22,6.24568e-05,1.8239827e-08,1.0,1.1931575e-05
2021-11-22,8.286423e-06,2.0859449e-07,1.0,0.00090374466
2024-03-06,4.6048535e-07,2.939866e-10,1.2807658e-10,8.85258e-32
2023-10-14,1.0791629e-18,9.77974e-20,4.782903e-16,3.7697583e-23
2022-09-14,3.5794858e-22,6.272682e-16,1.4521453e-17,8.0036367e-28
2020-03-20,1.0,1.0,0.9999944,3.1497893e-14
2024-12-23,0.99934846,1.1691733e-05,1.0,1.0
2019-12-18,1.0,0.9994388,1.0,0.9999448
2019-09-29,1.1865495e-18,3.348266e-15,4.714845e-08,1.1812384e-18
2020-12-21,0.99999595,0.001514899,1.0,0.99646133
2020-10-19,2.7441186e-16,5.83565e-13,1.3587288e-14,3.8343697e-31
2024-01-10,1.0,0.035629105,1.0,0.9999933
2024-10-20,1.841204e-16,1.0008625e-15,4.0976387e-17,6.8918796e-37
2023-10-07,1.1535659e-20,8.726064e-20,3.5274568e-17,1.3984572e-29
2024-12-14,0.5459766,1.5736752e-05,1.0,0.9999999
2021-03-09,1.0,9.7884396e-08,1.0,2.8706535e-07
2024-01-28,1.0,0.015677478,1.0,0.9999939
2020-02-25,0.9999999,5.245103e-07,1.0,0.04834682
2023-09-10,2.0244671e-16,1.7389225e-13,8.494188e-21,4.768591e-28
2022-08-17,1.9423349e-15,1.0404259e-09,1.4302102e-17,6.449141e-26
2024-04-22,1.0,0.99999726,1.0,6.8282042e-09
2020-04-02,1.0,0.9999968,0.999668,4.7083758e-15
2019-05-22,0.9999999,0.97413415,0.99312073,9.154672e-14
2024-12-21,0.9999453,0.00047152396,1.0,0.9999994
2020-03-06,1.0,0.0012705039,1.0,2.388902e-16
2023-05-06,1.0,0.99999785,1.0,6.380861e-06
2022-03-25,1.0,1.4373044e-06,4.046181e-08,3.3154702e-25
2022-06-21,4.4268683e-14,2.9102583e-05,7.804875e-15,2.3518053e-29
2022-12-15,0.43910787,2.7848944e-07,1.0,0.94625455
2024-02-06,1.0,1.2929219e-07,1.0,0.00480211
2021-10-08,9.2623446e-20,1.6968037e-10,2.818897e-09,2.6983246e-28
2022-03-23,1.0,5.59543e-07,4.833802e-09,2.8225297e-27
2020-10-24,6.880707e-17,1.6964273e-07,5.893742e-07,2.5866934e-26
2024-10-05,5.032672e-16,6.401355e-16,9.451473e-14,2.0286621e-26
2022-09-01,3.4231387e-20,3.385053e-08,8.467834e-18,4.8725375e-29
2023-12-28,0.9999896,1.9647709e-05,1.0,1.0
2020-07-31,5.1144323e-08,4.7272803e-08,1.9345308e-18,9.109887e-26
2020-09-13,1.7704103e-14,1.3595872e-10,7.8628414e-17,2.509333e-38
2022-04-11,1.0,1.0,1.0,9.392265e-09
2022-12-13,0.99521255,3.0215208e-05,1.0,0.9987921
2021-09-02,2.4192754e-16,2.7772139e-11,4.0004535e-19,0.0
2021-09-03,8.149643e-20,2.2634273e-13,5.3821155e-17,6.326833e-36
2019-11-01,4.335768e-17,9.589053e-11,0.73810345,7.463513e-20
2022-09-13,1.4957828e-21,1.7492014e-13,3.7119516e-15,4.977084e-28
2021-08-24,2.0295792e-15,3.708746e-11,3.725498e-08,2.862332e-28
2023-03-03,0.9999999,1.1019591e-05,1.0,2.5629925e-11
2023-10-29,2.3679436e-16,1.07906455e-17,6.322416e-14,6.994963e-30
2019-05-18,1.0,0.9993568,0.9929947,1.1764841e-12
2022-09-30,2.7689713e-20,7.2389446e-18,9.317209e-11,1.2707752e-24
2022-02-24,1.0,5.7729767e-06,1.0,0.12894413
2023-07-02,7.203825e-17,2.2798453e-05,6.9822734e-15,7.699062e-32
2020-09-29,1.0537919e-11,1.1789243e-11,5.111947e-15,9.291933e-27
2021-01-25,1.0,9.403822e-05,1.0,0.012376428
2020-08-20,3.171183e-14,3.9336342e-08,5.008368e-16,2.524408e-22
2022-09-20,1.143388e-21,1.0624498e-15,3.0176832e-13,3.776647e-26
2020-09-12,1.4930851e-15,5.623221e-10,4.1284986e-18,0.0
2019-12-09,0.99999785,0.30881137,1.0,0.9582555
2024-09-28,2.1146171e-13,4.5807867e-13,1.1037771e-18,1.1725054e-35
2023-06-13,2.7350415e-09,0.027190112,1.5682348e-16,1.663517e-30
2020-02-28,1.0,0.0016497611,1.0,3.960772e-07
2021-07-13,2.0169504e-17,5.9380923e-06,5.517532e-09,5.274358e-30
2021-05-30,0.040024433,0.93740493,1.0,5.168424e-13
2022-04-24,1.0,1.0,1.0,1.1486187e-10
2024-02-12,1.0,2.4812516e-09,0.99999774,0.00027107293
2019-04-15,1.0,0.99186784,0.0051449584,4.8278506e-16
2019-04-23,1.0,1.0,1.0,2.8373682e-08
2021-11-28,0.063619256,0.0011238748,1.0,0.9903869
2020-06-23,1.0174269e-15,0.14035718,6.0636856e-09,1.5718702e-31
2021-06-28,1.2164669e-09,0.9999982,5.2065247e-05,1.804146e-16
2022-02-07,1.0,0.27507952,1.0,0.9999988
2023-04-05,1.0,0.014175618,4.7625297e-05,3.501815e-21
2024-10-03,8.7401073e-16,5.79014e-16,1.165899e-14,2.1200336e-27
2024-02-03,1.0,6.0147027e-05,0.9999449,3.9419204e-11
2024-01-23,0.9999995,0.0007313095,1.0,0.99999976
2024-10-13,1.9492826e-15,3.3693639e-18,2.461457e-14,1.139287e-28
2024-10-01,1.3503727e-15,9.5077935e-18,7.156257e-15,8.267794e-26
2024-04-29,1.0,1.0,1.0,3.9607637e-10
2020-10-07,7.6289584e-16,2.3763122e-10,3.245415e-13,2.7703517e-30
2023-05-12,0.9999993,0.9999993,0.99999976,3.229195e-09
2020-10-01,2.1609776e-16,7.709923e-13,1.0697901e-16,6.312993e-29
2021-02-22,1.0,1.382598e-06,1.0,4.3777004e-06
2022-02-12,1.0,0.005993429,1.0,0.9997546
2024-06-17,1.28283885e-14,0.9827675,0.0076294555,1.421937e-23
2023-04-04,1.0,0.00011515783,0.0016907387,2.6739187e-19
2019-04-28,1.0,1.0,0.9999908,4.5133819e-13
2019-11-16,7.2166884e-08,1.3479515e-11,1.0,0.00097558
2021-06-29,9.75376e-11,0.9999999,5.7116217e-06,3.1713458e-22
2020-08-21,6.7144026e-15,5.030998e-10,3.8745455e-13,8.8276786e-20
2023-10-04,1.3367122e-14,1.1846984e-20,1.8527315e-15,2.1171104e-25
2023-06-14,5.408959e-07,0.9547813,8.717873e-14,1.7351481e-25
2023-06-16,2.6648665e-06,0.5475591,3.009014e-14,1.071224e-30
2024-11-27,0.011102862,2.0820694e-07,1.0,0.99995863
2024-08-25,2.9371672e-12,3.132085e-11,6.969098e-16,1.2087541e-23
2020-04-22,1.0,1.0,1.0,1.6109743e-06
2023-04-26,1.0,1.0,0.99999917,2.2937562e-11
2020-05-02,1.0,1.0,1.0,3.3844254e-09
2021-08-06,2.1403852e-16,4.4148277e-10,6.0670503e-21,2.7737573e-37
2021-08-04,7.4763167e-14,8.224506e-12,7.7717325e-19,2.0503513e-35
2023-01-16,1.0,3.0351117e-08,1.0,1.7066553e-07
2024-09-19,2.5754713e-13,2.4826124e-11,2.7947315e-16,5.3311767e-31
2021-05-27,0.99981385,0.9971468,1.0,1.5285016e-11
2022-11-14,1.30786805e-11,4.0144712e-08,1.0,1.1042702e-10
2023-05-05,1.0,0.9999999,1.0,5.0077174e-09
2020-11-26,1.0371474e-06,1.1980482e-09,1.0,0.8113319
2019-11-24,0.006496451,1.806365e-05,0.99999964,2.7499562e-08
2024-08-19,2.0261284e-12,2.56255e-13,2.1276928e-17,6.69904e-26
2024-10-24,7.834314e-12,2.951061e-15,7.0606756e-14,3.887297e-33
2021-08-12,5.6659083e-10,2.0616961e-09,1.9770835e-20,0.0
2021-12-14,0.99885833,0.00036302724,1.0,0.9998555
2022-06-04,3.788752e-08,1.0,0.7503216,2.2589266e-19
2022-01-17,1.0,0.9861275,1.0,1.0
2020-06-20,1.6726283e-16,0.99520844,0.026213981,3.5140083e-27
2022-04-01,1.0,1.8088956e-05,1.6426195e-05,2.9192248e-18
2022-02-25,1.0,3.1498403e-06,1.0,0.99030614
2019-05-07,0.9999988,1.0,0.9999976,6.8320603e-09
2021-09-26,7.3136895e-19,1.01278346e-16,1.9358744e-18,0.0
2024-12-15,0.9962269,0.00019412281,1.0,1.0
2020-03-08,0.99999225,0.0011640864,1.0,2.452124e-13
2022-09-28,2.154412e-21,1.8767585e-17,2.2507193e-13,2.5361316e-25
2021-07-25,3.669262e-17,6.2567785e-12,4.033939e-18,0.0
2024-01-08,1.0,0.00048609878,1.0,0.99999976
2024-08-27,6.298528e-13,2.6268494e-09,4.9349657e-19,1.7025448e-29
2023-05-13,0.99999774,0.9999999,1.0,1.3571807e-07
2021-10-27,5.4139476e-18,5.669054e-10,2.6024036e-09,1.44071645e-27
2020-04-18,1.0,1.0,1.0,4.6337212e-07
2021-10-23,2.0713741e-19,3.250562e-10,3.5600118e-07,2.3775905e-25
2021-01-10,1.0,4.8703037e-06,1.0,3.1165542e-05
2019-06-21,3.0045238e-14,0.99867165,1.1044461e-12,1.1770288e-32
2022-04-02,1.0,3.557589e-05,0.04234686,3.79039e-17
2021-06-30,2.6470948e-08,1.0,3.077614e-06,6.395279e-23
2021-03-22,1.0,3.070737e-07,0.67007214,6.262709e-17
2021-09-06,2.977767e-14,4.6267813e-13,1.9550575e-19,5.863603e-38
2020-12-07,0.9999914,6.055645e-05,1.0,0.9989058
2021-12-22,0.9999776,0.23817483,1.0,1.0
2019-12-07,0.99997294,0.9929426,1.0,0.9999752
2023-11-09,2.1116505e-17,3.2766718e-16,1.405852e-10,3.6582982e-28
2024-05-28,0.009130053,0.9999815,0.9999995,1.7412206e-19
2024-01-29,1.0,0.051796354,1.0,0.9999945
2022-09-17,2.5167568e-20,2.4012087e-16,7.524129e-17,5.053269e-26
2023-09-22,1.2191421e-10,2.2945667e-14,1.0415783e-15,1.7736029e-23
2022-12-27,0.999995,1.1250067e-10,1.0,4.500668e-05
2023-08-18,1.17037115e-17,4.0131982e-13,3.2009285e-22,3.6154582e-35
2024-11-22,0.0005460235,3.2879333e-09,1.0,0.005397011
2023-10-23,4.1803703e-17,1.5928869e-18,4.475699e-12,5.9914617e-25
2024-05-20,4.874114e-07,0.08180798,0.9999993,7.7068407e-19
2023-06-27,2.8714146e-13,2.3319225e-07,1.3416982e-18,3.4073014e-32
2019-04-16,1.0,0.99999976,0.99999607,2.1927299e-10
2020-03-31,1.0,0.94912827,0.9957942,1.9939096e-16
2021-04-16,0.99999905,0.9759144,1.1476079e-06,1.1309444e-18
2022-12-09,0.03966942,1.3000958e-11,1.0,0.7206692
2024-12-08,0.98621374,2.368727e-06,1.0,1.0
2022-08-14,2.4776487e-16,4.6278977e-11,4.2048682e-19,7.235791e-27
2024-12-12,0.9977398,0.0004565896,1.0,1.0
2022-04-22,1.0,1.0,0.9999999,2.3948948e-10
2021-11-01,2.0759689e-20,1.0306958e-10,0.0027929156,1.1061692e-22
2023-02-11,0.9999933,2.531618e-05,1.0,7.713679e-06
2022-11-23,1.0576702e-05,1.3275916e-09,1.0,0.0031478342
2022-09-16,2.111211e-21,3.767674e-15,1.7928327e-16,8.020045e-29
2024-10-10,1.994458e-15,5.4449274e-20,1.2724449e-15,6.9746373e-29
2024-03-30,1.0,0.85776615,0.99999976,1.121e-12
2021-12-29,0.9999999,0.9830478,1.0,1.0
2022-06-23,2.8774702e-15,1.990424e-06,1.0216963e-17,1.584998e-29
2021-02-01,1.0,9.0567437e-07,1.0,4.2266986e-08
2021-08-22,9.129366e-19,8.043741e-11,3.219958e-05,2.3720487e-23
2021-08-02,2.0137129e-18,1.3898907e-12,2.9741903e-18,1.0474761e-36
2021-12-17,0.99999917,0.9369726,1.0,0.99999964
2020-02-12,1.0,0.99700063,1.0,0.0761406
2019-06-15,3.9179502e-14,0.99996555,6.848388e-11,5.1254105e-26
2021-08-13,1.0689793e-14,7.344109e-11,9.6416806e-20,1.0887115e-38
2024-02-01,1.0,7.221357e-08,1.0,0.047870092
2022-06-15,1.1267009e-10,0.970423,5.630979e-14,2.7093375e-30
2024-01-06,1.0,0.00010658334,1.0,0.9999988
2021-05-12,1.0,0.99999964,1.0,2.4254703e-07
2020-05-16,0.6957349,1.0,1.0,1.0186966e-08
2019-06-03,1.0229342e-10,0.9998969,0.0005086894,1.5791264e-21
2021-02-06,1.0,5.7313262e-11,0.9999999,4.968482e-09
2022-03-10,0.99999416,1.7372742e-10,0.9972373,2.439459e-09
2024-06-20,3.8950217e-15,0.905495,9.200102e-09,6.674205e-31
2023-09-20,2.5726142e-13,1.2407091e-15,6.957536e-18,6.1107773e-24
2023-09-23,2.997442e-15,2.8964424e-17,2.7496826e-16,3.1032688e-26
2024-09-15,3.3496228e-10,1.9244172e-11,4.8798035e-17,3.950673e-23
2023-04-08,1.0,0.59714866,2.2499529e-07,3.7026307e-23
2020-10-26,5.775114e-17,6.1926253e-10,4.574162e-08,4.0044983e-27
2023-04-28,1.0,1.0,1.0,1.1890198e-09
2024-06-03,1.536348e-06,0.9996051,0.9999999,3.7845568e-15
2024-07-13,1.4116294e-17,1.682827e-12,6.1976106e-18,4.047312e-36
2023-06-23,2.1321467e-12,6.912215e-08,2.3989551e-17,8.8168255e-31
2021-06-05,1.0683898e-05,0.99867237,1.0,4.1419408e-17
2020-07-20,9.227068e-15,1.1166612e-09,2.9566664e-19,5.983102e-25
2019-07-29,1.2182993e-16,2.0695295e-05,2.6407495e-13,1.7031242e-20
2021-06-27,1.6073799e-15,0.9999857,1.4848879e-06,4.830431e-23
2023-06-21,1.4668179e-10,0.0068711825,4.338772e-13,1.3525652e-28
2023-09-03,2.5561224e-12,5.8394915e-17,1.3572237e-18,3.6260371e-28
2020-03-28,1.0,0.9999995,0.9998685,6.01253e-16
2024-10-22,1.020485e-13,1.0061327e-17,2.1260643e-15,7.264318e-31
2019-11-02,2.260818e-16,2.1867931e-08,0.99992263,4.7083865e-18
2023-04-09,1.0,0.999663,1.2372733e-05,5.5707464e-23
2023-11-30,2.326056e-10,1.1733078e-10,1.0,0.9220661
2023-10-28,2.4358411e-17,8.011127e-19,6.8092537e-13,1.4187792e-29
2023-09-06,4.030774e-16,9.039753e-18,4.919328e-19,2.3361827e-30
2019-04-12,1.0,0.9955419,1.8942988e-05,2.2347748e-18
2022-12-01,3.3269924e-05,9.234124e-12,1.0,0.055131588
2021-06-21,5.0737864e-13,0.9999881,3.4728643e-07,7.1009274e-20
2023-08-10,2.722461e-17,1.0673443e-16,1.6888603e-18,1.1505803e-30
2020-01-30,1.0,0.99827397,1.0,0.99654156
2021-08-30,1.02498085e-14,4.592597e-13,4.5815133e-16,4.218637e-34
2024-12-05,0.9985605,6.709724e-05,1.0,0.9999999
2020-03-25,1.0,0.9998167,1.0,8.6431946e-08
2021-09-27,1.4347942e-18,6.448953e-16,7.072769e-17,3.3409104e-34
2023-10-20,1.830669e-18,1.7114304e-17,5.2421873e-14,1.8345403e-27
2020-11-17,4.9539328e-11,1.430192e-12,0.9960551,8.2582075e-12
2023-02-02,0.9999931,0.00022185108,1.0,6.759213e-07
2024-11-21,0.013542183,1.2388115e-09,1.0,0.00090643537
2022-09-22,2.0154299e-22,1.2694437e-15,1.3712008e-12,1.476521e-26
2023-07-11,6.458903e-11,3.024656e-09,6.3349026e-20,1.2865316e-29
2019-08-18,1.3846217e-13,9.8345495e-08,3.953229e-11,2.5613406e-26
2021-03-18,1.0,3.8091548e-09,0.999915,1.8451091e-13
2024-09-08,5.5857874e-13,1.0192814e-12,1.9804249e-15,2.174824e-21
2024-03-24,1.0,0.00017617476,0.94864655,4.448751e-13
2023-08-07,2.3433042e-16,1.03791004e-14,2.3530375e-19,3.9697778e-33
2024-05-06,0.99925476,1.0,1.0,5.392417e-15
2019-10-21,3.435689e-17,3.470225e-10,0.054749362,1.4901495e-22
2019-12-14,0.9999995,0.99655896,1.0,0.9999931
2024-11-23,1.9861232e-06,2.1536282e-09,1.0,0.99792933
2023-06-19,1.0720253e-07,0.14803685,2.9477785e-13,2.0676079e-27
2023-12-20,0.99928135,0.08693182,1.0,0.99999976
2022-03-18,0.99988484,1.2402796e-13,0.7521224,3.6043735e-12
2020-03-15,1.0,0.99997556,0.9999999,7.219438e-13
2024-04-24,1.0,0.99998,1.0,1.848783e-05
2019-11-30,0.9999999,0.99914265,1.0,0.77836055
2023-10-16,5.290183e-20,8.117551e-15,1.8982675e-15,4.5148756e-30
2021-09-16,1.490448e-18,7.0947532e-09,1.554683e-17,3.6913542e-35
2021-05-03,1.0,1.0,1.0,1.5264272e-06
2019-11-03,1.4709227e-17,1.3325235e-06,0.9995627,1.4202607e-17
2020-10-14,4.351562e-16,7.628143e-09,2.9127884e-07,8.17132e-25
2023-01-28,0.9999324,1.4796018e-05,1.0,2.4503617e-09
2022-07-15,8.5315874e-16,7.409829e-08,1.7712825e-17,2.1668935e-26
2020-12-04,0.99991405,0.0027318317,1.0,0.99982315
2022-02-20,1.0,0.0010795369,1.0,0.99996495
2024-11-04,8.029803e-12,4.5546924e-17,4.023593e-12,4.0665766e-30
2020-12-01,0.00666125,1.430081e-07,1.0,0.99911934
2024-10-18,3.6798347e-15,2.780745e-18,4.4828538e-14,2.2926306e-31
2021-02-16,0.99998176,1.4333981e-12,1.0,2.3116e-08
2024-06-15,2.8457233e-17,0.00043926967,0.00049410586,2.852348e-28
2024-08-28,2.9850615e-11,1.3908885e-07,5.907642e-19,8.59251e-29
2022-08-26,2.4805127e-17,3.5796134e-12,3.6408345e-16,5.871204e-26
2021-09-19,1.2354257e-20,2.441695e-15,1.8472242e-18,8.602473e-38
2021-02-04,0.99999964,6.423757e-10,1.0,3.287126e-08
2022-12-14,0.13852619,3.9344636e-06,1.0,0.9976037
2022-03-03,1.0,3.7328935e-09,0.9999211,3.627222e-08
2020-10-23,2.0930993e-18,2.0324558e-13,1.9836446e-09,3.8541838e-30
2022-12-16,0.3479875,3.3827938e-08,1.0,0.8823141
2023-12-23,0.97992456,0.006295138,1.0,1.0
2021-04-13,1.0,0.99803144,6.2319936e-07,2.9977072e-21
2021-08-23,1.8186429e-16,9.716764e-07,9.371261e-08,8.571688e-29
2022-02-15,1.0,0.09463112,1.0,0.9999039
2019-11-06,5.5534986e-11,1.1794389e-08,1.0,6.6175506e-14
2020-11-14,1.4786051e-09,2.5502555e-11,0.9999974,1.6538033e-09
2023-06-22,3.0237516e-12,3.7387756e-05,9.50269e-16,1.6719146e-30
2019-07-13,3.6448646e-16,0.84007674,1.0257642e-12,1.3284064e-25
2024-04-08,1.0,1.0,1.0,2.3729882e-07
2021-05-16,1.0,1.0,1.0,3.4868401e-09
2019-12-13,1.0,0.9495923,1.0,0.99997115
2024-08-22,1.239923e-12,8.498362e-15,1.4699473e-16,1.2989655e-26
2019-09-13,3.1968734e-17,2.7401715e-11,1.2766748e-15,3.1358175e-32
2024-01-17,1.0,0.41185263,1.0,1.0
2024-12-18,0.99987674,0.00021156033,1.0,1.0
2019-08-28,1.8317744e-16,1.7489247e-09,3.368991e-18,2.9562269e-34
2021-12-11,0.9999988,0.0034309474,1.0,0.9998523
2024-11-06,4.1434467e-11,5.581356e-17,1.4105118e-14,1.3760306e-29
2019-06-27,5.0327654e-17,0.00824018,1.1474858e-15,6.6026563e-34
2022-01-25,1.0,0.99773186,1.0,0.9999989
2019-05-26,0.66974926,0.9996935,0.04056337,9.861736e-22
2024-05-09,0.99742246,0.99999845,1.0,1.7681015e-11
2021-10-24,1.6729182e-20,4.0102026e-11,5.7178936e-12,8.034954e-30
2021-09-05,1.2382644e-15,1.2720778e-12,9.85791e-20,8.844489e-37
2024-06-13,3.0471282e-17,2.2171927e-05,0.14245054,5.7772636e-28
2019-09-06,6.538323e-17,8.058268e-11,7.085904e-14,1.464381e-28
2022-04-20,1.0,1.0,0.998278,7.3905015e-13
2024-04-23,1.0,0.9999449,1.0,5.0612857e-06
2024-08-01,8.0841245e-09,6.7802597e-10,6.461234e-18,2.0269207e-27
2024-01-20,0.9999988,0.31546757,1.0,0.9999999
2019-05-10,0.9999995,0.99999976,0.9999989,2.3012259e-09
2024-09-18,8.7210916e-12,1.7171578e-11,3.817136e-15,2.6024615e-25
2024-07-21,4.5001675e-14,5.9406467e-08,7.9490133e-22,5.020918e-38
2020-08-26,1.1416776e-13,3.2888375e-12,2.3300287e-11,4.0634185e-20
2021-08-18,2.123608e-15,3.8401606e-07,2.6643526e-08,4.3089035e-27
2023-06-10,4.117669e-05,0.9999968,4.8544265e-08,2.5180026e-22
2024-03-10,0.23262665,1.05160744e-07,4.181711e-09,1.5117927e-29
2019-11-14,5.634166e-08,4.3616394e-13,0.9999999,4.4846865e-06
2020-10-16,2.0115324e-18,2.6325936e-12,4.0984593e-13,7.204307e-28
2019-11-25,0.9997887,0.011719356,1.0,0.0037096103
2019-04-22,1.0,1.0,0.99999964,6.403181e-10
2019-04-02,1.0,0.05518208,6.3818235e-09,5.495737e-21
2021-04-05,0.9999994,0.0010403899,2.8686208e-11,4.879216e-21
2019-06-01,6.2820218e-12,0.99997044,2.6694226e-13,2.185356e-33
2020-10-17,1.575753e-18,1.3824984e-12,5.970858e-10,3.750088e-26
2022-05-23,9.0189526e-05,1.0,0.9017253,5.01669e-22
2024-10-02,3.3934498e-16,2.4261607e-16,2.0367702e-14,2.7085073e-25
2024-04-17,1.0,0.9999999,1.0,1.0182586e-06
2019-08-31,3.3436155e-14,1.3612952e-09,2.0835875e-18,6.198189e-37
2022-07-20,8.981844e-16,6.7530954e-09,8.3278073e-19,4.5584962e-26
2022-09-02,6.4593545e-20,2.2012703e-10,2.8252035e-18,3.6124722e-32
2020-09-23,1.3576187e-16,5.876201e-11,4.47401e-19,7.745699e-31
2021-09-22,1.7831134e-16,8.6919576e-17,4.1869177e-15,8.3677353e-35
2024-03-21,1.0,0.99510986,0.9839548,4.9756396e-21
2024-04-21,1.0,0.9999919,1.0,3.8914936e-06
2022-08-12,5.7431935e-13,5.643227e-10,2.0351437e-17,3.0556498e-24
2023-03-09,1.0,3.1252448e-08,0.9999993,5.1821125e-10
2019-12-05,0.99999774,0.035376057,1.0,0.99997234
2020-07-08,3.3607028e-12,4.6236446e-06,5.828909e-13,6.7304516e-24
2019-08-20,6.496307e-17,8.3411116e-08,1.0967582e-13,1.9984242e-32
2024-08-23,2.905276e-11,6.7500966e-16,3.0769636e-15,6.406483e-24
2020-12-24,0.99999917,0.045507506,1.0,0.9944142
2020-06-10,0.0011736797,1.0,0.99978954,1.0269075e-12
2019-10-29,2.6052163e-15,1.0001073e-14,0.028117185,1.3648056e-23
2020-05-31,9.8145925e-08,0.99999964,7.669937e-06,1.479491e-20
2022-08-16,6.3169825e-17,1.3692472e-10,8.197798e-17,4.543234e-27
2024-05-30,0.00063987006,1.0,0.99989474,4.5096213e-17
2021-08-07,2.3634496e-16,4.7205566e-13,5.968924e-17,6.342782e-36
2020-11-01,1.8651545e-16,3.1663966e-10,2.1290569e-05,4.2233229e-19
2022-07-06,1.2490133e-17,5.8390774e-06,4.0875487e-19,1.84155e-29
2022-12-05,9.628918e-05,6.087177e-07,1.0,0.7206331
2020-02-16,1.0,0.9979784,1.0,5.1736396e-07
2020-04-17,1.0,1.0,1.0,2.8458207e-06
2021-02-13,0.99999833,1.5218615e-13,1.0,3.0944178e-09
2021-03-16,1.0,3.446224e-09,0.99980396,5.3026736e-11
2021-11-09,1.2051981e-18,6.896471e-10,0.989297,1.6020066e-21
2019-06-28,1.1734877e-16,0.005659238,3.7157446e-17,1.7286326e-34
2020-02-18,1.0,0.56729573,1.0,4.1518746e-05
2023-12-25,0.97404784,0.00070986926,1.0,0.9999926
2020-02-17,1.0,0.32489458,1.0,0.023980256
2019-07-17,5.0091528e-23,1.2723132e-06,9.271428e-13,2.3794646e-21
2024-07-31,4.8023953e-11,8.960918e-08,8.736622e-20,2.1698382e-26
2019-09-25,2.9970442e-21,1.0815034e-11,5.2222955e-11,1.9940611e-24
2023-03-14,1.0,3.0253093e-06,0.9999975,1.0222178e-11
2022-02-05,1.0,0.17769587,1.0,0.9999988
2020-12-13,0.9999788,0.00034146753,1.0,0.999887
2020-07-02,1.2732412e-11,0.67356753,8.7046315e-10,1.8983527e-24
2019-06-02,9.813474e-11,0.99575955,3.6427885e-11,2.453374e-31
2024-11-17,5.5408924e-05,1.7838793e-12,0.9986021,3.398389e-14
2021-08-28,4.6288018e-17,1.453891e-10,1.08974183e-16,1.1355644e-35
2023-06-24,1.6605056e-11,0.00019471638,1.9083296e-16,2.2633831e-29
2021-11-16,6.3382396e-07,4.3681503e-13,1.0,5.548871e-06
2022-08-03,3.6768443e-16,1.9300426e-06,1.5137485e-15,2.6388857e-21
2024-09-10,1.0873886e-10,2.592047e-07,2.0187976e-17,7.550352e-24
2019-04-20,1.0,1.0,1.0,2.040984e-08
2021-03-21,1.0,1.9883728e-08,0.89935195,3.1656004e-17
2022-12-18,0.963534,1.2461237e-11,1.0,0.2826614
2023-10-30,5.3470427e-16,2.2030421e-18,2.7029206e-12,2.515175e-26
2021-08-20,4.704079e-14,2.1808914e-07,0.9018687,1.19493055e-17
2020-07-07,5.3813385e-16,8.8979014e-08,4.6889573e-18,1.8493625e-31
2020-05-26,0.47038567,1.0,1.0,9.619237e-12
2024-12-09,0.9209735,1.1941535e-05,1.0,0.9999999
2020-05-30,8.235379e-05,1.0,0.9993412,1.2843256e-13
2021-04-19,0.9999999,0.7927927,2.6193618e-06,6.142224e-20
2023-06-04,1.2159298e-07,0.99882036,9.658833e-13,2.3709328e-33
2022-07-31,6.305283e-13,0.0043600816,3.09785e-12,1.3432565e-16
2023-12-18,0.9946827,6.720115e-07,1.0,0.9999993
2023-04-13,1.0,0.9982993,0.08419079,3.8106175e-23
2020-09-06,4.8846837e-13,1.2090422e-12,3.2179284e-18,0.0
2021-05-22,0.9997073,1.0,1.0,2.8035053e-11
2019-12-10,0.9999938,0.97474325,1.0,1.0
2023-05-11,1.0,0.9999659,0.9999999,7.819698e-06
2023-03-08,1.0,8.584657e-06,0.9999999,1.6388751e-09
2020-07-11,3.4470204e-12,5.149376e-08,1.8211918e-15,5.4654706e-26
2023-07-26,2.887039e-09,0.00027704716,2.62161e-12,4.163288e-20
2023-06-05,2.060235e-05,0.9999871,3.136986e-12,5.086208e-32
2019-10-30,1.0437864e-14,3.907842e-12,0.90283185,2.1568697e-22
2024-07-02,2.7669982e-19,1.4484812e-08,2.5601927e-15,1.8621194e-38
2021-06-20,4.6591713e-11,0.9999958,3.2006322e-09,8.701349e-24
2020-09-30,7.780368e-18,4.525198e-10,1.0127448e-16,1.4157732e-29
2021-11-19,1.6194758e-06,1.9667038e-08,1.0,6.3350024e-05
2024-08-03,1.4852863e-10,3.1448613e-10,1.0545743e-18,4.1532595e-29
2019-03-29,0.9999963,8.915603e-08,1.1970603e-11,7.6475425e-25
2020-02-13,1.0,0.84208506,1.0,0.0014231881
2020-09-04,7.0703444e-16,1.8355405e-13,2.0450498e-18,2.334234e-36
2020-11-02,8.503421e-15,5.03541e-07,0.016244326,2.840276e-19
2020-11-15,9.008227e-13,3.5609935e-13,0.9999999,6.8021245e-06
2022-03-06,0.9999908,7.1368575e-12,1.0,0.000115187155
2021-04-08,0.99999976,0.00010743312,2.8593382e-08,4.9446743e-25
2023-03-26,1.0,0.0010646137,0.0001522984,2.760672e-19
2021-08-10,9.46141e-14,3.1733619e-10,4.8107067e-20,0.0
2020-07-26,4.2824677e-10,1.17900754e-07,5.434314e-16,2.7751225e-22
2022-05-04,1.0,1.0,1.0,9.052814e-07
2024-06-06,5.8836613e-10,0.03445431,0.9924826,5.1307983e-23
2023-02-18,0.99999905,0.056560956,1.0,1.40120076e-08
2020-09-16,5.831344e-17,1.0474655e-11,8.0352875e-16,2.255373e-32
2020-12-19,0.99998593,0.0005844115,1.0,0.99604404
2023-02-28,0.99999976,2.5601126e-09,0.99999774,2.8827272e-11
2023-08-28,9.7165116e-11,1.8903956e-10,9.888837e-19,5.7631566e-27
2021-07-30,2.3642969e-16,1.6103476e-11,4.997482e-19,0.0
2019-11-22,0.30872202,5.210282e-09,1.0,0.0033732795
2019-11-23,1.4510173e-05,1.1403067e-09,0.9999999,6.440183e-07
2023-03-22,1.0,1.0355545e-07,5.114891e-07,7.881097e-25
2024-05-25,4.558224e-05,0.99999404,0.99999666,3.2897655e-20
2022-05-31,0.72364396,1.0,0.99939466,2.7723315e-13
2023-02-22,0.9999901,0.043361563,1.0,1.2912899e-08
2024-12-11,0.99998844,0.09847425,1.0,1.0
2022-11-15,9.232798e-13,6.7922915e-06,1.0,5.6325007e-08
2021-01-15,1.0,0.0003091546,1.0,0.09842753
2021-12-07,0.99996555,6.0142514e-07,1.0,0.9906081
2021-08-15,6.9867233e-15,4.8121186e-13,9.370566e-19,6.6301323e-37
2021-06-03,8.311601e-07,0.9999945,0.9999999,8.777663e-16
2022-08-31,3.501204e-19,5.3260275e-11,7.382118e-17,2.4858507e-28
2020-11-18,2.0061789e-11,1.7489564e-11,0.9991196,3.7468973e-12
2022-11-16,2.5232028e-12,4.720668e-06,1.0,3.9749898e-11
2024-06-29,2.6614428e-19,1.2537135e-06,1.5845628e-14,4.3524227e-32
2023-11-28,0.0037312184,2.6768516e-09,1.0,7.8571815e-05
2020-10-13,1.4841562e-14,3.2595844e-13,3.1856728e-10,5.418867e-25
2023-05-23,0.995965,0.99999964,0.99990785,8.664603e-12
2019-04-30,1.0,1.0,0.9999999,3.3467937e-10
2020-02-21,1.0,0.00045053844,1.0,3.0409065e-08
2020-08-06,6.0936956e-15,1.9289383e-10,8.209372e-18,1.00056906e-29
2021-12-28,0.99999964,0.9850758,1.0,1.0
2022-09-24,2.1177033e-22,1.9582849e-16,4.7004264e-15,1.8062008e-28
2021-10-06,7.0979104e-23,5.4491205e-14,1.9560854e-13,1.96745e-31
2020-10-12,1.227306e-17,5.328421e-09,2.201444e-12,9.826579e-31
2022-12-04,4.430321e-06,8.495102e-12,1.0,0.007638422
2022-05-18,0.12717295,1.0,1.0,1.8457172e-10
2022-01-04,1.0,0.94589317,1.0,1.0
2023-05-24,0.9999999,0.9999838,0.9999881,8.4752e-11
2022-12-17,0.83844227,4.175606e-09,1.0,0.14124635
2024-08-07,5.9589493e-09,5.7119043e-10,1.9526508e-18,1.9915202e-26
2020-07-06,3.2651564e-15,1.711033e-05,4.3125165e-14,9.004804e-29
2020-02-24,1.0,0.0016094899,1.0,3.931051e-07
2022-05-06,0.99999976,1.0,1.0,3.2067934e-08
2019-04-01,1.0,0.0018364998,4.0989602e-13,1.06171e-27
2021-12-25,1.0,0.99817586,1.0,1.0
2022-05-21,0.0008095831,0.99653107,0.109717146,1.749588e-21
2024-10-16,1.3653933e-13,4.9589916e-18,8.31079e-13,6.084533e-26
2019-12-03,0.9998671,0.52344126,1.0,0.9345042
2019-09-05,6.0310906e-16,9.503915e-10,9.8593636e-15,1.5219175e-31
2024-06-11,6.5612704e-10,0.0018346999,0.99994075,2.2008609e-23
2021-10-11,1.0919837e-18,9.07949e-12,8.384032e-12,8.1460585e-30
2019-03-27,1.0,0.022698656,6.3163577e-09,2.436232e-24
2021-09-29,1.9324911e-22,7.649941e-16,6.733707e-18,2.306307e-30
2023-09-08,1.6840627e-16,1.39126856e-14,3.2746158e-20,1.2053995e-27
2022-08-27,2.4483136e-18,4.8307343e-12,2.534151e-16,9.6196395e-27
2022-07-27,1.126227e-12,0.0036286092,3.3117365e-13,1.03784794e-19
2022-02-03,1.0,0.9452549,1.0,0.9999994
2020-04-01,1.0,0.06724231,0.948743,7.108493e-19
2019-12-30,1.0,0.99990785,1.0,0.99999845
2019-07-28,5.8005553e-15,0.0014399114,3.4662825e-10,2.4879817e-16
2022-12-24,0.99835205,1.069625e-12,1.0,5.7056426e-05
2020-04-15,1.0,1.0,0.9999999,7.9826055e-11
2023-01-24,0.9999763,0.01017563,1.0,2.9655896e-12
2020-05-14,0.9999124,1.0,0.99999857,1.3613078e-13
2020-08-01,1.825589e-10,3.662311e-10,2.5366534e-18,8.683132e-27
2020-07-13,6.973107e-14,4.944084e-05,1.1818256e-16,6.17166e-25
2019-08-15,5.4487773e-14,3.485353e-07,2.9283877e-14,1.9465214e-27
2019-11-18,4.860143e-06,1.0140637e-07,1.0,0.5666231
2024-04-09,1.0,0.99999464,1.0,1.8053363e-07
2021-02-11,0.99999976,9.0653096e-10,1.0,1.48185535e-08
2023-06-11,4.7643666e-06,0.9999987,5.313955e-10,1.4317091e-20
2022-02-04,1.0,0.6160533,1.0,0.9999994
2024-01-22,1.0,0.017725047,1.0,0.99999917
2021-03-14,1.0,1.9594568e-06,0.99998176,3.287096e-11
2019-09-17,9.515785e-16,4.0240608e-16,2.3849369e-12,1.443379e-27
2023-06-18,1.2445934e-08,0.25254443,7.1620265e-13,4.1252526e-27
2023-12-12,0.9461795,2.9135158e-06,1.0,0.9999764
2021-06-04,9.224387e-07,0.99998593,0.99999666,1.7833975e-18
2023-01-11,0.99751914,4.580771e-12,1.0,3.2719245e-09
2022-11-13,2.8413647e-12,2.2924949e-05,1.0,4.335486e-10
2020-08-11,7.808729e-08,3.6360188e-08,8.746745e-16,2.8306793e-21
2020-03-19,0.9999999,1.0,0.99984777,2.018824e-14
2023-12-14,0.19196919,1.0959619e-06,1.0,0.99999964
2023-05-08,1.0,0.9999993,0.9999987,2.3603768e-06
2021-04-30,0.9999957,0.99999094,0.99960786,1.0140327e-15
2020-10-06,4.1583898e-17,3.1965413e-11,6.9427263e-15,2.7923873e-31
2021-02-20,0.99999344,1.8226752e-08,1.0,8.2305045e-11
2021-01-03,1.0,5.0530836e-08,1.0,0.0017282793
2022-09-29,2.2163487e-21,5.997179e-17,1.202345e-13,6.774062e-23
2019-10-13,9.562978e-17,2.4238862e-15,1.8316545e-06,1.0863611e-20
2023-07-03,5.3722726e-16,5.3076492e-05,9.677729e-18,6.93504e-33
2021-03-28,0.9999999,4.0786427e-10,0.0040595285,3.1141692e-17
2024-06-26,2.059367e-19,6.1899077e-06,4.8962966e-13,9.151507e-34
2024-11-19,1.1015387e-08,6.026359e-14,0.999998,2.2103418e-07
2024-02-25,0.00028429314,6.0922877e-12,9.823125e-10,8.542786e-32
2021-03-07,1.0,7.5418626e-07,0.99999976,1.4455971e-08
2022-09-06,2.1836333e-16,1.7116577e-11,3.523945e-18,9.800095e-27
2024-03-20,1.0,0.99547714,0.9998172,2.625142e-20
2023-06-06,4.2924772e-10,0.999979,1.7584069e-13,1.5421616e-31
2024-10-31,1.5714086e-16,4.6547397e-18,3.1447435e-16,2.9307761e-31
2019-12-31,1.0,0.9999671,1.0,0.99997675
2024-05-07,0.99334806,1.0,0.9999999,9.327641e-16
2019-07-02,7.088138e-13,0.73178095,2.1236947e-10,9.561025e-21
2020-06-18,2.6801016e-12,0.9997905,1.5816946e-05,4.31357e-29
2024-08-18,1.881586e-10,3.597739e-08,5.2293936e-18,1.4764551e-31
2019-12-28,1.0,0.9999658,1.0,0.9999968
2022-04-21,1.0,1.0,0.9999999,3.5907166e-13
2020-06-24,5.3073294e-18,0.3989622,6.679097e-08,2.1611457e-28
2019-04-14,1.0,0.99750745,0.00019839521,1.6849405e-19
2024-06-22,3.28155e-16,0.013765114,5.1435545e-06,1.9296227e-25
2022-07-08,5.3848882e-17,4.1995674e-09,5.8363924e-18,6.9296744e-32
2023-10-15,2.2060814e-15,8.368039e-16,5.7418847e-15,2.3514869e-25
2021-01-24,1.0,7.05348e-06,1.0,0.0018873152
2020-05-21,0.004449064,1.0,0.97568434,1.3016593e-18
2019-09-12,7.502257e-18,1.6061453e-11,4.3822174e-14,8.948207e-28
2020-02-19,1.0,0.21403468,1.0,1.0725515e-06
2021-03-06,1.0,9.9112675e-08,1.0,1.4115428e-10
2024-07-08,6.818906e-18,1.2129927e-07,8.366156e-16,2.0549241e-35
2019-07-14,1.7343082e-17,0.081485406,5.7173895e-13,7.304458e-27
2023-12-30,0.9982311,2.2938333e-05,1.0,1.0
2024-09-04,6.037609e-11,1.8799035e-10,2.0015304e-16,2.9172882e-25
2024-08-24,2.3800906e-10,3.87737e-13,1.5937037e-15,2.214429e-22
2021-03-20,1.0,2.8034613e-08,0.99971503,2.79385e-14
2019-11-17,3.5150887e-07,9.980199e-09,1.0,5.7560502e-08
2024-03-18,0.9999995,0.35178414,0.9054594,4.3271965e-23
2023-06-09,1.7854882e-06,0.99626875,8.869774e-12,1.4998643e-26
2020-01-23,1.0,0.9999918,1.0,0.9994142
2021-12-06,0.98918086,0.00034863318,1.0,0.99935406
2022-08-11,1.4683454e-15,1.8300968e-10,1.2132572e-17,7.025524e-24
2024-12-06,0.9581994,6.1220344e-05,1.0,0.9999999
2019-05-15,0.9999994,0.99995434,0.97717655,2.4012568e-14
2021-09-17,4.204914e-20,4.2419036e-13,3.888189e-17,4.5535368e-36
2022-06-07,4.8336056e-05,1.0,0.26618138,2.4421492e-17
2019-11-27,0.64795417,3.43072e-06,1.0,0.69325334
2024-02-23,0.00031313184,7.8082186e-13,7.5798596e-13,2.3151899e-32
2023-01-25,0.999998,5.499537e-07,1.0,1.0691624e-15
2021-09-08,1.0645138e-17,5.156772e-10,1.0511032e-20,7.9026984e-36
2020-06-13,1.5473321e-06,1.0,0.010442908,3.3418054e-25
2019-07-08,1.4527044e-14,0.101132184,7.5396625e-12,5.50531e-19
2023-04-29,1.0,1.0,1.0,4.362324e-12
2022-11-21,8.527326e-12,4.48116e-06,1.0,3.8106172e-08
2023-11-20,5.7720505e-14,2.1379694e-09,0.99720484,2.2808533e-17
2019-06-29,2.8980986e-18,0.33250934,1.6395347e-13,1.330973e-25
2022-08-19,9.444364e-12,3.1958132e-09,1.5508918e-17,1.1924384e-27
2024-01-27,1.0,0.002634579,1.0,0.99689204
2022-11-12,2.0779791e-11,0.000115391515,1.0,7.996473e-11
2023-03-21,1.0,1.6307386e-05,0.5070386,3.9178585e-19
2023-12-24,0.9805809,0.00015775816,1.0,0.99999905
2020-05-15,0.9974043,1.0,1.0,3.8420937e-12
2023-11-26,5.5659566e-08,8.45218e-11,1.0,0.009741329
2024-02-26,2.7001624e-05,7.516566e-14,1.05594275e-11,2.8698704e-32
2022-06-27,4.303917e-16,0.0001833421,2.070003e-16,1.2119347e-24
2021-07-11,5.47976e-15,7.466986e-05,1.16367636e-08,1.2474872e-28
2019-07-16,8.958664e-19,0.009801261,3.2433217e-14,3.0594982e-24
2019-07-01,2.4506255e-11,0.88238347,7.786903e-10,3.752459e-21
2021-10-03,1.0706819e-20,7.434059e-17,2.806485e-15,1.15645795e-32
2023-02-23,0.99999,0.3853516,1.0,5.7588084e-11
2021-08-03,4.378602e-13,5.144554e-09,3.0050196e-16,1.2303565e-34
2021-06-07,0.00012491252,0.99997985,1.0,7.0345786e-12
2023-09-13,6.398621e-12,1.0082345e-09,1.1101826e-19,7.2965645e-23
2021-08-09,1.7825906e-15,2.666513e-12,2.3239666e-18,0.0
2024-10-14,1.7117131e-15,5.767846e-18,2.2512687e-13,2.149972e-27
2020-04-04,1.0,0.9940116,0.6300191,4.3775324e-17
2023-08-13,8.1819306e-16,1.0778378e-11,8.615454e-21,2.234195e-33
2021-12-09,0.99792236,0.020267792,1.0,0.99978644
2021-08-25,3.1466758e-16,5.3684506e-09,2.0507441e-11,3.2367205e-30
2021-06-16,6.0879114e-11,0.99999833,0.00066680904,1.3648352e-18
2023-10-12,1.2853465e-18,8.6218405e-19,4.108438e-17,5.3672827e-28
2021-03-12,1.0,1.2941049e-09,1.0,2.2377721e-08
2022-04-30,1.0,1.0,0.99999976,5.043724e-08
2021-03-26,1.0,4.449272e-08,1.9434461e-08,2.2693564e-30
2021-01-07,1.0,2.9811288e-06,1.0,0.0182538
2023-11-13,3.0996372e-18,4.4320572e-17,4.8740213e-07,2.2637874e-23
2022-12-22,0.9663817,2.5444097e-08,1.0,0.99458647
2019-11-19,0.0004072075,4.267717e-10,0.9999999,4.2733582e-08
2024-08-11,1.5357342e-11,2.182089e-08,7.416437e-18,2.4849193e-30
2021-11-06,6.941259e-18,2.7362155e-09,0.96335953,1.8071163e-22
2024-09-27,1.507879e-14,5.903763e-13,6.2040444e-18,4.7559535e-33
2024-07-01,4.753945e-16,3.2853144e-08,2.0248145e-16,3.8404643e-36
2023-10-10,3.3996102e-20,1.1877581e-19,1.7963721e-16,2.1911916e-25
2023-07-09,7.0069254e-12,2.233782e-06,6.6959027e-17,2.102181e-26
2022-03-14,0.99999976,2.0122694e-10,2.9667044e-08,3.4880599e-19
2021-08-31,1.2478173e-18,1.3018506e-14,4.4235442e-17,1.3223182e-34
2023-01-20,0.999253,8.052165e-08,1.0,3.7286956e-09
2019-09-23,1.06873616e-19,8.6448027e-10,1.2478892e-10,2.1512917e-28
2023-05-19,0.99999833,1.0,1.0,4.5471574e-10
2022-01-08,1.0,0.9597747,1.0,0.9999999
2019-05-20,0.99999976,0.999992,0.0068701548,1.1790214e-14
2023-07-19,0.016508702,1.9550667e-05,1.0338509e-08,2.870183e-13
2022-06-14,1.7313989e-14,0.98450905,7.0874486e-13,5.534443e-30
2022-02-13,1.0,0.008482443,1.0,0.99994123
2022-08-28,7.3564444e-19,6.53059e-11,1.8637665e-17,4.438972e-27
2021-08-16,1.0037153e-14,1.1785774e-12,3.427663e-18,3.3703298e-32
2024-02-13,1.0,5.6110437e-08,0.9998627,1.4002836e-13
2020-01-22,1.0,0.99998057,1.0,0.99998415
2019-04-26,1.0,0.99999976,0.9999999,4.245016e-11
2023-02-25,1.0,0.00073241576,1.0,2.8717672e-08
2023-10-03,1.5766533e-20,2.6039717e-17,4.048907e-19,6.1671093e-28
2024-08-09,9.0714764e-08,2.2078446e-08,3.8905758e-18,1.5449674e-27
2024-09-14,1.2106314e-13,2.6697877e-14,3.121953e-14,1.1586155e-20
2022-07-23,8.0639375e-12,2.101344e-06,1.1006191e-19,9.0334294e-29
2019-04-10,1.0,0.5765173,2.9890717e-08,2.9674526e-22
2024-07-18,3.9550576e-17,1.2995553e-11,3.7689153e-20,1.3882403e-38
2022-06-08,6.492895e-11,0.99999964,0.022996305,7.870842e-20
2022-08-01,2.0336607e-14,1.1166916e-06,2.8580582e-11,4.8277474e-13
2022-03-21,0.99999833,2.649303e-07,2.2852764e-06,2.8599833e-22
2019-10-26,1.1075395e-18,1.8432871e-13,0.17873347,1.4862274e-21
2022-06-25,1.7380244e-16,3.830683e-06,1.9717615e-17,4.49162e-28
2024-04-28,1.0,0.99999774,1.0,7.128352e-09
2020-10-11,2.677494e-17,9.379491e-15,1.7191674e-14,2.111295e-33
2020-02-22,1.0,0.0013625154,1.0,8.521841e-05
2021-12-24,1.0,0.9779009,1.0,0.999936
2023-06-26,8.946585e-13,2.9518897e-05,6.35004e-15,3.143835e-29
2021-05-06,1.0,1.0,1.0,4.7078696e-09
2024-03-28,1.0,0.9998493,0.9999994,1.2819264e-14
2019-06-10,3.0591146e-12,0.99996054,2.2572601e-07,5.5809318e-24
2022-06-10,1.2746061e-12,0.9999994,3.995157e-06,2.2397948e-24
2023-03-10,1.0,4.576031e-06,0.99999964,8.4925105e-12
2021-11-11,2.483191e-18,3.4294426e-10,0.983613,2.0737371e-20
2024-06-16,6.109217e-16,0.0640739,0.023631003,9.457524e-23
2020-04-30,0.99999833,1.0,0.9999951,6.560206e-10
2021-02-27,0.999995,1.0613599e-08,1.0,4.612471e-06
2020-07-10,8.204928e-14,0.0005329161,3.7526954e-17,3.2596463e-28
2021-01-13,1.0,4.1451447e-05,1.0,0.0022308633
2020-03-23,1.0,0.9987484,0.99999344,8.3558036e-13
2024-07-16,7.991108e-18,1.532821e-13,1.6836243e-18,1.1686332e-36
2024-05-26,0.00035252143,0.9999989,0.99999535,1.7265378e-18
2024-09-24,5.952192e-16,2.3325952e-14,2.0148588e-17,2.296863e-35
2022-11-01,3.5978257e-17,2.0796347e-09,0.04161825,7.740059e-23
2023-12-06,0.19834152,4.229064e-06,1.0,0.99999785
2020-05-24,0.9431919,1.0,0.9999994,1.3131741e-12
2023-01-05,0.31560946,3.323088e-13,1.0,2.4774886e-08
2020-06-04,6.6420514e-05,1.0,0.28656644,2.4357133e-15
2024-04-27,1.0,0.99999964,1.0,1.7176576e-09
2023-09-29,7.5213077e-19,2.3169965e-21,6.862148e-17,4.013709e-25
2021-06-01,2.055768e-05,0.99998677,0.9999994,1.9423784e-16
2021-11-02,1.3024639e-18,4.9852976e-11,0.0010095277,4.0043196e-25
2024-03-12,0.3844566,1.6055572e-11,2.5763744e-10,8.096976e-32
2021-03-15,1.0,2.1565437e-08,0.9992768,1.2946666e-11
2022-11-08,2.177452e-13,6.810583e-08,0.9999963,2.452885e-18
2020-12-10,0.9993179,4.998997e-07,1.0,0.99953794
2021-09-12,1.1140942e-19,5.233042e-12,2.7173683e-16,1.9957623e-35
2023-05-30,0.9162766,0.9999981,1.0,0.00042312455
2019-12-11,1.0,0.8915782,1.0,0.99888104
2021-02-24,1.0,1.9126728e-05,1.0,3.074487e-08
2022-01-18,1.0,0.5518301,1.0,0.99999976
2022-05-13,0.95229363,1.0,0.9999999,2.431194e-14
2021-12-08,0.9959896,0.0040398575,1.0,0.9990907
2020-09-25,1.2718861e-12,1.2380302e-12,5.539908e-17,2.4926365e-31
2020-11-21,1.7938209e-09,1.993229e-12,0.99999833,3.6523156e-07
2020-08-18,2.122662e-10,1.4458705e-07,1.6017634e-12,2.2136638e-19
2024-07-26,2.5910124e-16,1.197302e-08,1.0288672e-21,4.4998487e-37
2023-01-23,0.9999887,3.6915313e-08,1.0,1.0235981e-13
2021-09-23,2.0236574e-15,1.9845086e-15,4.8580354e-17,1.7287874e-38
2021-05-23,0.99988675,0.9999503,1.0,1.4271829e-07
2021-10-21,1.3259906e-19,9.6112314e-14,7.556226e-10,4.8008083e-27
2020-12-11,0.9988166,2.479849e-06,1.0,0.979621
2024-07-22,2.3921096e-14,1.1602477e-06,8.289665e-22,8.818876e-39
2021-10-29,7.573817e-21,1.0781133e-11,4.437256e-06,9.363913e-28
2020-04-28,0.99999976,1.0,1.0,1.0169532e-08
2020-12-15,0.9911341,0.0016190868,1.0,0.99496764
2023-07-17,3.91862e-08,3.2455523e-06,1.851272e-12,6.9715335e-19
2022-01-09,1.0,0.9933663,1.0,1.0
2020-07-29,6.1035204e-09,6.3473976e-07,6.453192e-14,1.1368226e-18
2024-12-16,0.9931425,5.9978174e-06,1.0,1.0
2022-07-02,2.8552583e-18,4.682993e-07,2.3043711e-16,1.2533119e-27
2023-06-28,3.310396e-10,0.00012229815,1.14185776e-14,1.3609881e-25
2022-02-01,1.0,0.98520905,1.0,0.9999981
2024-03-17,0.99999297,0.016630132,0.95816815,1.7614703e-26
2021-04-10,1.0,0.9994654,0.0003581296,1.5706587e-17
2019-11-21,0.0001706681,1.3224412e-05,1.0,0.061505187
2024-06-27,4.3631693e-21,0.0005795623,1.02267316e-13,1.8880302e-34
2024-09-03,2.8658697e-11,3.6592653e-11,2.3814567e-18,1.6417169e-23
2024-02-27,2.339006e-06,2.1823218e-12,1.0165188e-06,2.1229746e-24
2023-02-13,0.9999715,0.0006222999,1.0,2.8626864e-06
2020-10-22,1.239369e-17,2.0590779e-10,1.7943511e-09,1.1160585e-28
2023-04-21,1.0,1.0,1.0,1.2858999e-12
2020-11-25,0.0013577302,3.7333475e-10,1.0,0.0056403093
2024-04-15,1.0,1.0,1.0,3.6158092e-09
2024-06-18,1.6188541e-14,0.09913363,1.4293858e-05,3.6531665e-28
2021-04-01,0.9999995,0.07865806,1.0325245e-12,1.6682992e-26
2023-07-20,1.1959483e-12,5.1073795e-10,5.7786626e-17,8.6871256e-23
2019-11-04,2.2396843e-16,2.849428e-09,0.9933363,9.183274e-16
2023-01-01,0.99989283,4.928538e-09,1.0,1.0635657e-06
2024-01-11,1.0,0.28891262,1.0,1.0
2022-01-27,1.0,0.8739713,1.0,0.9999993
2021-12-19,1.0,0.97480404,1.0,0.99999726
2019-11-07,6.346495e-14,7.461162e-06,0.99998415,1.3884525e-15
2020-12-14,0.99495053,0.0010254775,1.0,0.9999759
2022-11-03,2.1341564e-16,2.8027137e-07,0.9909958,6.18889e-19
2024-01-18,0.9999982,0.0088091185,1.0,0.9999999
2021-05-24,0.99545115,0.99999464,1.0,9.001417e-11
2021-07-23,9.344985e-16,1.4378848e-10,2.3759216e-18,0.0
2021-08-11,2.5452806e-14,1.4224285e-11,9.743699e-19,9.494391e-39
2021-10-31,9.1123775e-21,1.2925823e-14,1.8795288e-05,2.1541426e-27
2023-02-27,0.99999833,4.6134858e-08,0.9999789,1.8352533e-13
2020-10-27,1.1004702e-15,0.002674176,0.0002645184,1.9173439e-21
2020-03-17,1.0,0.9999738,1.0,4.9982844e-11
2022-06-05,1.6351075e-08,1.0,0.035395686,2.0750843e-18
2023-08-29,5.8449105e-12,1.6702471e-12,5.6719697e-19,4.6453797e-23
2020-06-26,2.0492332e-20,0.10685394,1.8854347e-09,6.104088e-25
2022-04-12,1.0,0.9999989,1.0,4.9343885e-09
2021-01-12,1.0,0.00023459927,1.0,0.0026689235
2021-02-28,0.9999989,2.5820712e-10,1.0,8.4572775e-07
2024-12-17,0.99932086,2.2760805e-06,1.0,1.0
2023-08-24,2.438499e-14,4.323586e-14,4.9743383e-18,8.819297e-20
2024-10-12,1.03653956e-13,3.9701544e-19,5.535182e-15,2.8282324e-26
2023-10-11,4.5533453e-21,6.8067885e-20,4.343928e-18,1.0352137e-28
2024-09-06,2.8814437e-13,1.7054634e-14,5.283057e-15,1.28391175e-24
2019-08-30,1.48694e-16,2.8694971e-10,1.4946093e-19,1.3676801e-34
2019-10-01,3.1718813e-20,3.501308e-13,1.05394325e-10,2.901952e-23
2021-10-07,1.2085129e-18,7.042123e-12,7.7862744e-11,1.0912202e-28
2021-09-13,8.4605005e-19,2.5110706e-12,2.1822652e-18,1.7599452e-34
2024-01-25,1.0,0.00043452854,1.0,0.99999976
2024-09-20,2.532844e-14,4.5688998e-14,3.5214217e-16,3.8643045e-34
2023-03-11,1.0,1.076258e-05,0.99999976,1.3355294e-11
2023-02-05,0.99999917,0.39231956,1.0,0.682733
2022-09-12,2.5365597e-23,8.3739154e-16,1.89627e-15,1.8329954e-26
2021-06-19,1.1783645e-11,0.9999999,1.6804444e-07,1.6743194e-24
2024-06-04,0.0006352981,0.9999988,0.99999785,3.2983132e-18
2019-05-08,1.0,1.0,0.9999988,3.477781e-09
2023-07-16,6.770886e-15,2.9142155e-12,1.0976264e-17,2.0401526e-29
2022-09-19,3.6703585e-22,3.9085085e-14,4.635364e-14,2.2983122e-25
2023-02-26,0.9999999,9.965525e-06,0.9999999,5.7704663e-10
2020-05-07,0.9999999,1.0,1.0,1.0739429e-11
2019-04-21,1.0,1.0,1.0,1.9850739e-10
2023-03-23,1.0,0.022687403,0.013307906,3.8698363e-19
2023-05-16,0.99999166,0.9999994,0.9999999,5.168527e-11
2021-02-23,1.0,1.0580268e-06,1.0,8.9152124e-08
2021-10-30,4.2517626e-16,1.3375732e-12,8.919806e-05,5.061851e-27
2021-12-01,0.97974646,0.0041593616,1.0,0.99987745
2020-12-23,0.99999166,4.880051e-05,1.0,0.99854565
2023-07-29,4.15703e-15,9.909619e-09,1.8881125e-16,2.2459284e-25
2023-09-09,6.039676e-17,2.5106658e-14,4.5226405e-19,1.3454605e-25
2024-01-16,0.9999877,7.010215e-05,1.0,1.0
2024-11-05,3.040835e-13,1.4118025e-16,2.6764145e-15,5.109739e-32
2019-11-29,0.76284915,0.02882538,1.0,0.9998141
2019-09-26,8.565998e-22,2.3960998e-11,7.693134e-09,2.2610526e-22
2022-08-13,1.7979688e-13,1.8126176e-08,2.745079e-18,8.3391257e-26
2021-01-21,0.9999999,2.0474918e-05,1.0,0.00012600295
2024-11-02,9.239608e-11,1.871777e-15,1.5960955e-14,1.957692e-34
2019-09-04,9.311242e-18,8.789882e-11,2.7521697e-16,7.291535e-36
2022-03-13,0.9999218,8.94354e-11,0.5799836,6.308533e-16
2020-09-26,2.1152966e-15,6.300688e-10,2.3475194e-15,6.1582285e-26
2020-11-05,1.5961601e-13,4.829491e-08,0.99188703,6.0636394e-09
2022-06-13,8.456157e-16,0.99603975,5.476704e-09,7.1057524e-27
2020-11-11,1.8143065e-07,2.5678576e-10,1.0,3.624728e-05
2021-08-01,1.3914521e-17,2.564692e-13,2.8906613e-15,2.589614e-35
2022-03-28,1.0,1.9224087e-09,4.0566397e-10,8.1974285e-23
2020-07-25,1.3270433e-07,0.0006416778,1.2497949e-17,2.2886433e-26
2024-08-16,1.6645828e-12,4.4745988e-07,9.551802e-21,1.0672174e-32
2023-12-16,0.8109064,5.89345e-07,1.0,0.9999877
2021-02-10,0.9999974,1.3915846e-10,1.0,5.5805735e-06
2024-11-01,5.448611e-14,1.5700501e-14,5.003234e-15,2.4565394e-31
2023-11-29,1.2162337e-07,2.0735667e-09,0.9999999,0.03806864
2021-09-11,5.3890624e-16,7.3909316e-11,2.0348001e-19,2.429922e-38
2021-04-09,0.9999709,0.98322856,4.503815e-06,1.3064591e-19
2023-05-25,0.9991665,0.9999895,0.9999999,6.667329e-10
2023-09-26,5.2735225e-19,1.3505614e-18,1.066481e-17,4.0088232e-35
2023-02-06,0.99999976,1.131593e-06,1.0,0.011512479
2023-06-12,7.034625e-10,0.8355451,2.5124948e-15,1.6245603e-30
2024-08-21,2.1362674e-11,1.3034166e-13,3.4196734e-16,3.8538845e-25
2023-05-03,1.0,0.9999999,1.0,8.6747685e-09
2022-04-25,1.0,1.0,0.9999999,5.825314e-11
2024-05-29,1.1658819e-05,0.9999999,0.99999976,6.1319527e-18
2024-10-28,7.5550184e-13,5.501639e-18,1.2531816e-14,2.4829056e-34
2022-03-08,0.999995,4.3736733e-11,0.99999976,3.2318064e-07
2022-02-10,1.0,0.6151723,1.0,0.99999046
2022-01-06,1.0,0.85108787,1.0,0.99999976
2020-10-02,8.564195e-12,3.5782516e-10,6.895395e-17,2.03865e-30
2020-03-05,1.0,1.501675e-06,1.0,1.5500849e-13
2022-06-09,3.6536906e-12,0.9999999,0.0013805697,1.0302496e-21
2023-02-19,0.9999981,0.033967115,1.0,2.6197344e-09
2021-06-26,2.4696672e-11,0.99996746,0.0005301034,8.6074276e-16
2022-05-19,0.15640111,1.0,0.9388724,5.1146283e-19
2023-10-06,2.5299081e-18,3.247249e-20,1.7855486e-18,7.0927933e-31
2020-12-31,1.0,2.2061497e-06,1.0,0.05436268
2022-06-16,1.4376653e-14,0.24739975,2.9186166e-15,6.0915224e-34
2020-11-09,2.9160085e-14,4.0571237e-08,0.9994653,1.0343159e-09
2022-01-14,1.0,0.9747893,1.0,1.0
2024-07-23,4.8319547e-14,2.9504718e-10,3.220209e-20,1.5595192e-38
2023-10-18,1.4823235e-17,1.3441618e-19,5.95967e-15,1.6283677e-25
2022-05-22,0.53586507,1.0,0.26836655,6.1752794e-20
2024-07-17,2.367536e-17,9.085267e-14,1.136822e-19,8.47107e-39
2023-04-18,1.0,0.9999865,1.0,1.8006413e-14
2022-06-19,5.130892e-17,0.00021290276,1.6298108e-16,6.197377e-32
2020-08-24,4.5520598e-10,3.6838793e-07,5.5107455e-14,1.0174553e-20
2023-10-09,3.2630188e-20,5.853449e-18,1.2103826e-16,6.6773827e-25
2024-04-16,1.0,0.9999951,1.0,0.004271918
2019-10-09,1.1640092e-16,6.976313e-14,0.00011712645,3.676622e-15
2021-01-16,1.0,3.279271e-05,1.0,0.00095696375
2020-11-30,0.63773793,2.7291342e-06,1.0,0.9942316
2021-11-25,0.012001673,4.9255425e-05,1.0,0.0065027145
2024-10-27,8.568677e-15,6.229725e-19,2.6965004e-15,7.0307433e-34
2021-03-03,1.0,8.0789465e-07,0.9999881,7.368913e-12
2021-02-07,1.0,7.091817e-09,1.0,8.856567e-09
2020-02-09,1.0,0.9975049,1.0,0.019253861
2020-03-18,1.0,1.0,1.0,3.137396e-10
2024-05-17,0.71228105,0.9974368,1.0,2.6071298e-19
2023-12-02,0.0008454588,1.2904927e-07,1.0,0.9999205
2023-10-31,1.4014243e-17,1.7206214e-17,2.8779342e-13,1.5785277e-24
2021-01-05,1.0,3.3873917e-07,1.0,0.0020427357
2024-09-26,7.152208e-14,2.780008e-14,4.3410147e-17,1.1741486e-34
2022-05-27,9.150141e-07,1.0,0.92602044,1.991738e-21
2021-05-26,0.9991973,0.9954787,1.0,5.843712e-07
2022-05-24,0.0034657447,1.0,0.9999887,6.750287e-13
2023-01-27,0.99998367,1.8464622e-08,1.0,1.4145925e-12
2024-05-22,0.012372871,0.999985,0.9992173,8.5421216e-20
2021-10-28,6.6351674e-22,2.1359932e-12,2.2774213e-07,5.3329604e-26
2023-07-27,2.007462e-14,9.2081336e-11,7.679314e-19,8.411707e-28
2024-03-15,0.99997914,0.89309984,0.581654,1.6088359e-20
2023-09-05,2.4841491e-17,1.2832204e-18,2.8781103e-20,2.8458086e-33
2020-03-12,0.99999976,0.93759423,0.9999999,4.983937e-15
2022-01-21,1.0,0.9439689,1.0,1.0
2022-07-11,9.71068e-14,3.0514096e-09,2.6959396e-19,2.3519616e-33
2021-05-21,1.0,0.99998915,1.0,0.0006784326
2024-03-26,1.0,0.994934,0.9994752,6.227409e-15
2024-07-28,4.4101648e-14,9.230189e-10,2.0330844e-20,2.8349055e-35
2020-09-20,1.8531486e-15,5.605714e-13,1.2316361e-15,5.1535095e-32
2019-05-24,0.9546485,0.9943151,2.830795e-05,7.6430514e-25
2020-03-29,1.0,0.9924725,0.0007286786,1.1419016e-21
2023-05-22,0.99991465,0.9995646,1.0,0.040242545
2020-10-30,3.3975426e-16,9.574093e-05,0.00041648754,7.6101954e-20
2021-02-12,0.9994978,2.8912953e-07,1.0,1.5568294e-12
2021-07-20,7.3562125e-21,5.371981e-10,1.8669404e-17,7.021754e-37
2022-02-22,1.0,1.094637e-09,1.0,0.7037978
2023-08-12,3.9687507e-17,4.4558244e-17,4.904825e-19,5.553992e-35
2021-03-31,0.99999905,0.5115732,2.551152e-10,2.4722437e-27
2023-12-01,0.011622751,1.02036545e-07,1.0,0.7458448
2019-09-02,4.4878114e-16,5.879426e-12,6.197215e-16,6.8433303e-31
2024-12-27,0.9915617,2.4131796e-07,1.0,1.0
2023-08-15,8.232112e-17,3.6280451e-12,1.4547484e-21,1.2929951e-31
2019-03-26,1.0,1.3297103e-05,7.280327e-08,1.3811424e-21
2021-04-15,1.0,0.78040975,2.8890406e-07,3.0380924e-21
2023-12-27,0.99698013,0.0013102219,1.0,0.9999857
2024-05-01,0.99999726,1.0,1.0,3.4595152e-12
2019-07-03,1.0787813e-12,0.05384938,1.2077191e-12,3.652622e-21
2019-10-24,1.1312981e-18,1.8790576e-10,0.014621028,1.3048683e-22
2021-11-20,9.4431005e-07,2.1836493e-09,1.0,0.006906578
2019-04-25,1.0,0.9999988,0.9999995,2.3219178e-12
2021-09-01,4.6021435e-14,7.457763e-13,2.4967789e-14,5.7955976e-31
2021-07-24,1.7415934e-18,1.3408683e-12,2.3636739e-17,1.2042588e-36
2023-12-10,0.98705995,1.1386212e-07,1.0,0.9999962
2021-07-26,7.290521e-17,3.3132434e-11,3.259052e-19,0.0
2024-05-24,0.109161496,0.33353207,0.99828786,2.713048e-24
2024-06-24,5.615918e-15,0.93390256,7.599392e-08,2.4133223e-30
2023-11-21,6.706928e-15,1.0378285e-11,0.99996996,8.367686e-09
2021-01-31,1.0,8.83848e-08,1.0,1.4366535e-06
2024-08-06,2.3331676e-08,1.1345431e-08,1.5588162e-17,7.8302914e-28
2023-03-17,1.0,0.00011547981,0.009460405,1.8057613e-19
2021-01-04,1.0,5.7915718e-06,1.0,0.0006458222
2024-09-22,1.8225818e-15,1.884839e-15,1.4145726e-17,3.8070526e-33
2022-01-29,1.0,0.13899827,1.0,0.9998267
2022-11-02,1.9899032e-14,1.0886203e-06,0.99955064,5.2787353e-19
2024-06-30,8.863802e-16,9.321112e-07,7.9630256e-17,2.8990133e-35
2021-03-19,1.0,1.6935188e-10,0.9986432,8.1841165e-16
2024-07-09,5.4294e-17,1.8446674e-07,7.5271466e-16,3.3443023e-34
2021-01-17,1.0,1.9978857e-05,1.0,7.9341e-05
2022-09-26,7.8811654e-23,4.958923e-15,1.2451245e-13,5.4941032e-28
2019-04-05,1.0,0.050841507,1.0988464e-08,5.657431e-25
2022-08-10,6.0717914e-15,3.7756065e-09,5.283775e-18,1.1448047e-24
2022-01-07,1.0,0.9547189,1.0,1.0
2021-09-24,1.3332492e-18,8.077329e-16,3.5720303e-19,0.0
2020-12-26,1.0,0.08802316,1.0,0.9582543
2023-11-14,1.6832151e-16,2.6856482e-16,0.0039820485,3.495637e-20
2023-03-29,1.0,4.6864516e-06,0.00019424426,7.039834e-21
2021-02-08,0.99999964,6.538611e-13,0.99999976,2.5789507e-10
2022-07-16,1.3446138e-14,8.452571e-10,2.6527952e-20,1.4989119e-30
2020-07-12,3.4747376e-09,5.710253e-05,7.5703e-19,1.2170046e-29
2024-06-01,2.4619952e-08,1.0,0.9878566,5.7773945e-21
2023-06-29,1.807248e-10,0.00024122799,4.128993e-15,8.963579e-28
2023-11-17,2.0044703e-14,7.5045e-15,0.44315657,2.3890168e-19
2024-02-04,1.0,7.1743875e-06,0.99999905,2.420862e-05
2020-01-31,1.0,0.99974424,1.0,0.019859444
2020-09-15,2.155438e-15,3.3212915e-11,4.2443226e-17,9.500518e-38
2019-10-18,1.7558615e-19,5.2449676e-14,4.0494232e-08,1.0108681e-25
2020-11-16,4.7467243e-08,4.8713295e-14,1.0,2.8234697e-06
2020-02-14,1.0,0.46764892,1.0,0.0023533807
2019-05-23,0.57040095,0.99753416,0.0031120647,1.7944575e-20
2019-08-19,8.66124e-14,3.628375e-06,4.842918e-17,6.976942e-32
2022-07-22,8.447573e-14,4.3034504e-08,2.6341714e-19,2.4913546e-30
2020-10-20,1.7491512e-17,4.9763575e-15,5.1619713e-09,8.579446e-28
2024-03-14,0.9997948,2.8199578e-05,0.6812693,3.6678236e-23
2023-03-05,1.0,6.8671017e-07,1.0,6.507321e-09
2020-11-10,2.7847966e-09,1.6008296e-07,1.0,3.204235e-07
2022-12-31,0.9981822,9.267219e-06,1.0,0.035894454
2024-12-29,0.99992096,0.040611982,1.0,1.0
2020-10-08,2.6609985e-17,1.594029e-11,2.9611647e-15,2.1659894e-29
2022-03-05,0.9999995,1.132926e-11,0.99999964,1.5367217e-06
2021-06-17,2.5847429e-13,0.99994195,1.3175315e-09,2.9450308e-24
2022-04-10,1.0,0.9954313,1.0,1.0732186e-10
2021-07-27,2.0484179e-15,1.0540041e-09,1.9696717e-17,4.2969786e-38
2024-08-14,3.3967024e-11,2.7016742e-07,1.6114779e-19,6.3228054e-28
2019-11-20,0.00016791784,6.0425833e-07,1.0,0.51350766
2022-07-18,9.403816e-15,2.177692e-10,4.2237235e-20,2.0594754e-28
2023-04-16,1.0,0.9999999,1.0,2.6994146e-14
2023-06-08,8.552247e-05,0.9999999,3.3935507e-10,3.8345658e-28
2019-11-12,1.1713216e-07,7.79101e-08,1.0,1.3450675e-05
2023-01-09,0.9999938,5.679435e-13,1.0,8.9212e-08
2024-01-03,1.0,0.067231126,1.0,1.0
2023-02-12,0.99723357,3.481796e-06,1.0,5.201339e-05
2022-09-15,5.74659e-17,4.5089594e-13,1.5468986e-16,1.0334382e-28
2019-10-04,2.8646777e-15,1.8499447e-12,1.4157661e-09,1.30232645e-23
2023-10-21,9.435797e-15,7.58878e-18,1.7701917e-13,3.4601588e-29
2024-06-19,6.5296202e-18,0.0004329995,6.533491e-08,5.540901e-32
2019-11-09,3.096823e-07,2.5043387e-10,0.99999,1.6943957e-12
2022-08-05,9.950021e-08,0.003533463,1.7180324e-15,5.3737316e-22
2021-07-07,6.0219416e-12,0.0004849094,1.7739671e-06,3.4345747e-25
2020-01-06,1.0,0.99574333,1.0,0.9999728
2019-09-28,4.7224282e-21,7.96125e-13,2.418728e-11,3.368239e-22
2021-01-14,1.0,0.0012630378,1.0,0.28772345
2020-02-05,1.0,0.9671569,1.0,0.9833847
2019-07-15,5.577793e-20,6.0321204e-06,1.5332009e-13,9.435041e-30
2024-03-27,1.0,0.9942913,0.9999939,2.5818014e-13
2024-07-20,6.406014e-18,1.7871161e-10,3.3083657e-20,7.2269513e-38
2023-07-22,1.08126913e-13,2.9977613e-08,1.6553973e-20,1.2904834e-29
2023-07-21,6.1130203e-15,1.9308322e-08,1.2821035e-20,4.8676007e-27
2023-12-15,0.9995915,0.0004079364,1.0,0.9999982
2020-08-14,2.7200886e-10,2.1462727e-08,4.7446323e-16,5.770824e-23
2023-11-23,7.276686e-13,1.0216211e-08,0.9988123,2.5778427e-15
2024-04-30,0.99997616,1.0,1.0,6.069997e-11
2024-10-11,8.678143e-17,1.1863612e-15,1.7626144e-17,1.0930475e-31
2022-12-07,1.1642825e-08,3.8793076e-13,1.0,0.6832922
2020-08-29,2.9944474e-15,2.1009946e-11,9.03003e-19,1.9669226e-33
2020-01-24,1.0,0.99998105,1.0,0.99977595
2021-05-15,1.0,1.0,1.0,1.189043e-08
2023-09-07,3.7549047e-15,1.19583984e-14,8.574152e-19,2.9396726e-27
2020-05-20,0.99723685,1.0,0.9999697,9.582164e-14
2022-02-17,1.0,0.0015026239,1.0,0.9999372
2023-05-29,0.9368199,0.99999833,0.9999999,1.934456e-06
2024-01-30,1.0,0.08672697,1.0,0.9994079
2024-05-10,0.9278768,0.9999999,1.0,1.06542125e-14
2022-06-17,1.0308774e-16,0.03132534,7.267121e-15,1.4653118e-31
2023-07-25,1.1706035e-13,3.2320308e-08,1.0884373e-16,7.2748854e-23
2024-12-30,0.99999964,0.051945556,1.0,0.9999999
2021-06-11,9.462713e-06,0.9999629,0.999936,3.2202033e-16
2019-05-28,0.0674564,0.9999932,6.043252e-08,1.4409473e-27
2023-11-16,9.626192e-16,5.82059e-16,0.020773506,7.5878037e-16
2023-12-09,0.4776541,2.1579608e-06,1.0,1.0
2020-08-25,1.5376782e-14,3.832144e-10,1.3029685e-14,7.3683376e-23
2024-07-14,7.83512e-16,2.6339699e-12,3.869853e-18,4.613383e-37
2019-10-02,3.60182e-18,1.926958e-12,1.7574525e-08,2.4208596e-19
2020-12-16,0.9999554,0.0067992834,1.0,0.9993624
2019-11-05,1.2185556e-15,1.9957593e-08,0.9998647,4.7708926e-17
2022-05-16,0.85953695,1.0,1.0,5.7537596e-18
2023-08-08,7.654645e-15,4.7007537e-13,8.1326366e-17,4.4200192e-32
2024-02-02,1.0,1.8293282e-05,0.9999584,5.7638444e-10
2022-09-27,3.0146103e-21,3.901029e-15,1.0074251e-13,3.7439927e-22
2023-05-01,1.0,1.0,1.0,1.5037534e-12
2022-07-05,4.2809885e-18,5.5339e-09,6.035273e-18,2.27622e-25
2022-02-09,1.0,0.019978354,1.0,0.9999752
2024-06-07,7.0906685e-06,0.9999604,0.9964149,3.7966878e-23
2023-05-20,0.99997556,1.0,0.9999931,1.4352734e-14
2022-02-14,1.0,0.0005758071,1.0,0.95226544
2021-10-09,1.2882625e-18,6.771745e-13,2.47632e-13,4.0592083e-33
2024-03-23,1.0,0.10046961,0.9912117,1.4541868e-15
2019-08-21,6.060149e-16,6.508913e-08,1.3150719e-15,8.57013e-34
2024-09-05,1.8661084e-12,1.7995564e-14,2.506558e-16,1.6373656e-21
2022-07-21,2.3184162e-13,2.3913333e-07,2.1683461e-21,3.372119e-31
2020-07-18,5.2284765e-14,7.730698e-10,1.08199525e-17,1.4364656e-24
2021-10-04,7.5029856e-22,7.756588e-14,2.4100025e-14,1.0379027e-28
2020-09-28,4.133384e-18,5.773477e-12,3.5952755e-16,3.564502e-27
2024-03-16,0.99999976,0.00083141885,0.11788277,8.359456e-24
2020-06-12,1.268683e-06,1.0,0.00025904065,9.311622e-28
2021-06-15,3.6105938e-08,0.9999901,3.1896209e-06,1.573456e-21
2020-09-11,2.6262188e-16,3.2375507e-13,1.9703328e-17,0.0
2019-10-27,1.617138e-18,2.862682e-13,0.5780998,1.0245971e-23
2022-09-23,1.8255127e-21,2.5793239e-18,1.3831411e-13,2.0931756e-29
