date,h0,h1,h2,h3,h4,h5,h6
2022-07-20,0.36968943,0.53566676,0.55397403,0.4453314,0.57416046,0.48244995,0.45770028
2024-11-17,0.3705072,0.5367088,0.55449027,0.4461701,0.575356,0.4835511,0.45862886
2023-03-01,0.36987442,0.5361087,0.55425745,0.4455313,0.5746182,0.4829458,0.45824283
2022-12-04,0.3694688,0.53555703,0.5536014,0.44509625,0.57395726,0.48232105,0.45759505
2019-09-18,0.36871824,0.5344612,0.55312276,0.44477925,0.57324183,0.4823711,0.45750207
2024-09-09,0.3696981,0.53584886,0.5542143,0.44537795,0.574402,0.48275334,0.4578192
2022-02-25,0.37044802,0.5366271,0.55480945,0.4460989,0.5747062,0.4831314,0.45837393
2019-10-09,0.3701332,0.5362929,0.55461836,0.44589895,0.5747808,0.48332086,0.4583904
2021-09-08,0.36983743,0.536143,0.55439526,0.44559664,0.5749179,0.48318747,0.4582913
2019-06-21,0.36961553,0.53559935,0.55380696,0.44523934,0.57399654,0.48241875,0.45768538
2020-10-27,0.37040848,0.5367513,0.55503947,0.44620255,0.5752412,0.4835385,0.45867044
2024-05-30,0.37034163,0.5365146,0.55485547,0.4460455,0.5751034,0.48334807,0.45848298
2022-01-07,0.37062544,0.537072,0.55543756,0.4464353,0.57556075,0.4837817,0.45895967
2023-12-19,0.37060487,0.5369773,0.55529684,0.44636494,0.57548165,0.4837231,0.45885575
2021-01-28,0.37048322,0.5367182,0.55500036,0.4461774,0.5749859,0.4833065,0.45855054
2021-04-11,0.36981675,0.5359348,0.5543579,0.44552025,0.5744645,0.48293534,0.45800355
2020-01-30,0.3705309,0.5369121,0.5553002,0.44633284,0.5753995,0.48362526,0.45889178
2024-06-05,0.37024125,0.5363876,0.55479145,0.44611067,0.57501984,0.48333648,0.45856413
2021-09-21,0.37013572,0.5363806,0.5545371,0.44576466,0.5748192,0.48321384,0.4585193
2024-10-02,0.37012824,0.5364212,0.5545132,0.44568443,0.5748538,0.48316753,0.4584033
2022-09-04,0.36924374,0.5351443,0.55352396,0.4449107,0.5737425,0.48249078,0.45698845
2023-01-31,0.36912477,0.53520525,0.5530163,0.44482276,0.57360643,0.48202512,0.45734313
2019-05-25,0.3702186,0.5364626,0.55485666,0.44597837,0.5749772,0.4832707,0.45852223
2021-07-15,0.36992145,0.5361365,0.55424255,0.44594723,0.5746393,0.48305836,0.4585374
2022-09-14,0.36851826,0.534237,0.5527195,0.44425455,0.573128,0.4821627,0.45582256
2021-05-05,0.37045866,0.53678787,0.5552097,0.44623265,0.5752998,0.48356572,0.45878106
2023-01-08,0.36921865,0.53525615,0.55323124,0.44489715,0.5735973,0.4819391,0.45733258
2019-11-09,0.37052366,0.53690773,0.55525357,0.44630805,0.57542783,0.48359317,0.45883942
2019-12-29,0.37061426,0.5370497,0.55540764,0.44642243,0.5755388,0.48376516,0.45894706
2019-11-04,0.37051108,0.53687525,0.55517566,0.4463126,0.57541907,0.48360386,0.45880565
2021-10-26,0.36835605,0.53404117,0.5522852,0.44520614,0.5734411,0.48138437,0.45802206
2022-06-20,0.36991215,0.5360848,0.5542722,0.44559738,0.5745883,0.48305568,0.45817494
2023-06-25,0.36993027,0.53597724,0.5543283,0.44562927,0.57455057,0.48297778,0.45805457
2022-01-18,0.37061656,0.5370458,0.555412,0.44641554,0.5755316,0.4837539,0.45893714
2019-04-25,0.37043026,0.5367339,0.5551214,0.44619694,0.5752175,0.48351416,0.458705
2024-05-01,0.370367,0.53669405,0.555047,0.44616905,0.5750999,0.4833845,0.45877182
2020-03-31,0.37027177,0.53662586,0.5551061,0.44613147,0.57515603,0.4835483,0.45856518
2024-05-14,0.37031552,0.5365215,0.5547908,0.44605798,0.5749856,0.48307818,0.45865083
2022-11-11,0.3702777,0.5365723,0.5547923,0.44604638,0.57501644,0.48333347,0.4585356
2021-01-16,0.37056512,0.5369171,0.555269,0.4463091,0.57535213,0.48360738,0.45880485
2023-03-15,0.3698461,0.5359387,0.55422795,0.44543055,0.5746065,0.4828352,0.45818067
2020-02-09,0.3704648,0.5367956,0.5551834,0.4462618,0.57520527,0.48347944,0.4589024
2019-08-19,0.36957315,0.5355529,0.5539493,0.4452433,0.57405704,0.48254013,0.45746815
2020-03-10,0.37043715,0.53666097,0.55495006,0.44615206,0.5748992,0.48328686,0.458533
2019-12-17,0.37060413,0.53703946,0.55538416,0.44641945,0.575503,0.48372632,0.45892805
2023-10-13,0.36871758,0.5344384,0.5523192,0.44414657,0.57315594,0.48183408,0.45713568
2023-11-05,0.3699997,0.5362457,0.5544801,0.44581184,0.5748777,0.48320112,0.45835552
2019-04-16,0.37000534,0.53608996,0.5545825,0.4456494,0.5746515,0.48291537,0.45822302
2019-10-01,0.36986345,0.53595847,0.5543078,0.44569504,0.5744261,0.48307672,0.4582078
2019-06-27,0.36972865,0.53560466,0.5538147,0.4453891,0.574059,0.48258138,0.45785156
2019-09-01,0.3686908,0.534761,0.5533091,0.44466335,0.57382774,0.48264182,0.45622802
2020-02-04,0.3705465,0.5369431,0.55531335,0.4463573,0.575409,0.4836472,0.45890594
2019-04-15,0.37008706,0.5362466,0.55473095,0.445807,0.5748039,0.48310393,0.45832747
2022-03-06,0.37036803,0.53647196,0.55459327,0.44597843,0.574426,0.48292232,0.45817095
2020-12-04,0.37060228,0.5370254,0.55537575,0.44639274,0.5755228,0.48375726,0.45892283
2022-05-27,0.36945793,0.53557134,0.55376506,0.44512543,0.574042,0.48241153,0.4576198
2024-05-31,0.3702977,0.5365075,0.5548308,0.44605252,0.57506865,0.48333135,0.45849794
2021-09-05,0.36977056,0.53591996,0.5543042,0.44559512,0.5747193,0.48312092,0.45823804
2022-04-30,0.3700798,0.53623825,0.55473673,0.44572976,0.57473195,0.4831219,0.458301
2022-03-21,0.37018883,0.53644586,0.5548466,0.44592968,0.5749151,0.483297,0.45838395
2023-09-06,0.3667765,0.5322878,0.55018073,0.44198686,0.57103837,0.4796243,0.45477438
2020-03-24,0.37045184,0.53686225,0.55531824,0.44630435,0.5753662,0.48369846,0.45878226
2023-12-05,0.37056574,0.53691,0.5552291,0.44631526,0.57543147,0.48367575,0.45880094
2024-04-24,0.37045133,0.53683317,0.5552028,0.44625232,0.57531995,0.4835828,0.45877033
2024-10-23,0.37003985,0.5365949,0.5541102,0.44583365,0.5748695,0.48314533,0.4584385
2019-06-19,0.36958903,0.5356023,0.55374664,0.44523725,0.5740491,0.48242918,0.45780638
2020-07-31,0.370264,0.5365553,0.5548769,0.4460203,0.57511777,0.48337525,0.45855534
2020-02-12,0.3704991,0.5368338,0.555201,0.4463018,0.57523584,0.4834984,0.4588796
2024-12-13,0.3706247,0.5369822,0.555145,0.44636515,0.5755318,0.48375523,0.4588458
2021-05-23,0.37039492,0.53683245,0.5551176,0.44625992,0.5752877,0.48367235,0.45883322
2023-05-24,0.37034756,0.5366924,0.5548588,0.44613156,0.5751804,0.48345068,0.45871624
2019-04-05,0.36980703,0.53596365,0.5543975,0.44558087,0.5745612,0.4828835,0.45809114
2024-09-15,0.36992905,0.5361621,0.55445254,0.4456214,0.5747131,0.48301387,0.45816234
2019-04-01,0.3696372,0.53578615,0.5541819,0.44540608,0.5743709,0.48268524,0.4579618
2021-10-28,0.36843652,0.53405964,0.55240905,0.44528267,0.573469,0.4814969,0.45802057
2021-09-10,0.36978805,0.5361093,0.554341,0.44552833,0.57491523,0.4832632,0.4582877
2022-09-27,0.36833698,0.5339521,0.55235624,0.44406176,0.5727911,0.48195246,0.4555318
2023-06-14,0.37019008,0.5364375,0.55466557,0.4458165,0.57480884,0.48322582,0.4583943
2024-11-02,0.3702527,0.53643674,0.553921,0.4458502,0.57513034,0.4832709,0.45847976
2023-12-09,0.3705884,0.53691554,0.5551692,0.44630322,0.57545453,0.48366287,0.45879757
2022-03-29,0.3697893,0.5360519,0.5546435,0.44572994,0.5746333,0.48317733,0.45801637
2020-10-01,0.37025362,0.5365241,0.55490625,0.44600886,0.57511747,0.48338655,0.45848227
2024-08-27,0.36976886,0.535903,0.55427045,0.44544756,0.5744655,0.48287913,0.4579404
2024-08-13,0.37015972,0.5364224,0.5547713,0.44589972,0.57495916,0.48325962,0.458441
2021-08-16,0.3702793,0.53654766,0.5548713,0.44603363,0.5751727,0.48344767,0.4586099
2024-01-07,0.37062114,0.5370284,0.555376,0.44640833,0.5754885,0.4837357,0.45891073
2021-04-20,0.3703617,0.5366235,0.55505306,0.446126,0.57516015,0.48353505,0.45863238
2021-01-30,0.3704339,0.53661716,0.55488104,0.44609967,0.57482094,0.48317835,0.45843306
2020-01-06,0.3706004,0.53703773,0.5554199,0.44641218,0.57553256,0.48376757,0.45894903
2021-10-25,0.36898544,0.5348585,0.55314136,0.44551262,0.5739571,0.48207265,0.45819247
2022-09-12,0.36891708,0.5346684,0.5530261,0.44458866,0.57343024,0.48235384,0.45641547
2023-10-21,0.36958864,0.5356641,0.55388826,0.44526672,0.5742483,0.4826878,0.45789438
2019-07-02,0.37013134,0.5363043,0.5546746,0.44584626,0.574773,0.48309162,0.45823172
2019-10-14,0.37010917,0.5362101,0.5545333,0.4458556,0.5747433,0.48316404,0.45830452
2021-01-26,0.37051094,0.5367764,0.5550635,0.446211,0.57507116,0.48338294,0.45861146
2020-06-30,0.37028542,0.53651506,0.5547679,0.44600716,0.57496035,0.4833641,0.45850903
2024-07-30,0.37008697,0.5363221,0.5546669,0.44577375,0.57489926,0.48317394,0.45839697
2019-12-09,0.37058166,0.5370238,0.5553573,0.44639578,0.5754744,0.48368588,0.45890686
2019-05-19,0.3703721,0.5366675,0.5550448,0.4461253,0.57515246,0.48339307,0.45866352
2024-04-25,0.37045115,0.53683406,0.55519456,0.44625,0.5753131,0.48358423,0.45877153
2023-09-27,0.36827847,0.5339015,0.55159014,0.44365343,0.5727583,0.48143876,0.4568237
2021-04-04,0.3696388,0.53571826,0.554088,0.44534522,0.5743357,0.48280588,0.45782548
2021-09-12,0.3698099,0.5361023,0.554294,0.44553444,0.57485473,0.4832838,0.45825124
2024-10-19,0.3699692,0.5364147,0.5538634,0.44572836,0.5747671,0.4830769,0.4583467
2019-04-28,0.3703679,0.5366388,0.55507636,0.44611284,0.57512826,0.48345998,0.45863086
2023-12-29,0.37060764,0.53701174,0.55533797,0.44638234,0.57548624,0.48371306,0.45890117
2023-03-17,0.36964345,0.5354715,0.5538313,0.4448338,0.574236,0.4825342,0.45804456
2023-06-27,0.3699797,0.5359988,0.5542967,0.4456666,0.5745874,0.48294985,0.4580408
2021-09-29,0.3699686,0.53619546,0.55428785,0.44561028,0.57459164,0.48296824,0.45825696
2022-11-22,0.36984485,0.53602445,0.5542008,0.44551125,0.5744513,0.48282292,0.45804918
2022-09-01,0.3690147,0.5348254,0.55318433,0.44462094,0.57323146,0.48205692,0.45664242
2022-06-04,0.37001497,0.5362009,0.55453956,0.44578233,0.5745865,0.48327214,0.45809615
2022-04-10,0.37025258,0.53647023,0.55488676,0.44599977,0.57506514,0.4834018,0.45848107
2022-03-27,0.3697957,0.5360346,0.5546034,0.44567883,0.57457894,0.48311657,0.4580017
2021-04-14,0.37022597,0.5364511,0.55474114,0.44595253,0.5749624,0.48336175,0.4584502
2024-01-24,0.37057608,0.53693897,0.5552598,0.4463231,0.5753408,0.48359588,0.45880014
2024-10-14,0.37011015,0.53637856,0.55402833,0.44577014,0.5749218,0.48317355,0.4584009
2024-04-26,0.37039912,0.53676265,0.5551218,0.44620028,0.57522905,0.48351967,0.458734
2024-08-28,0.3697174,0.5358283,0.5542049,0.44537708,0.574376,0.48278946,0.45787236
2024-08-18,0.36998892,0.53617895,0.5545726,0.44572836,0.57473254,0.4830438,0.4582016
2021-05-21,0.37048215,0.53687584,0.55519867,0.44627625,0.57530093,0.48361167,0.4588083
2024-03-24,0.37040102,0.53672117,0.55508846,0.44619766,0.5751482,0.48352358,0.45860288
2021-08-23,0.3701983,0.5366569,0.5542792,0.4462653,0.57524014,0.48344678,0.45861962
2020-09-12,0.3692693,0.5353812,0.5537197,0.44523242,0.5741252,0.482403,0.4579016
2020-05-05,0.37042418,0.53678155,0.5551518,0.44620308,0.57525486,0.48355573,0.45871443
2020-08-04,0.37035006,0.53667426,0.55503035,0.44611192,0.5751865,0.48347703,0.4586258
2022-06-14,0.36980972,0.53588384,0.554176,0.44548428,0.57435966,0.48287755,0.4579546
2024-03-03,0.3701949,0.5363556,0.55436987,0.44575608,0.57442534,0.48282653,0.45839414
2019-09-07,0.3695735,0.5356491,0.554014,0.44534427,0.5742977,0.48301452,0.45782563
2024-12-27,0.37066138,0.53697836,0.5550979,0.44637635,0.57555854,0.48375773,0.45883325
2023-02-03,0.3690548,0.5351314,0.55300987,0.44473714,0.5734961,0.48193878,0.45723835
2020-10-23,0.37026635,0.53652143,0.5548268,0.44608003,0.5750924,0.48334834,0.45856085
2020-09-30,0.3702391,0.5365092,0.5548941,0.44598287,0.57510006,0.48340386,0.4584668
2024-02-13,0.36999592,0.53619665,0.5544199,0.4456063,0.5745482,0.48287463,0.458215
2023-08-05,0.36987278,0.53594476,0.5543012,0.4456345,0.57453275,0.4828755,0.45799655
2021-08-22,0.3702418,0.536683,0.5545037,0.44628876,0.5752143,0.48350173,0.4586393
2020-06-02,0.3693772,0.5353502,0.5536412,0.4449719,0.5738865,0.48224714,0.4574362
2022-03-01,0.37038743,0.53652835,0.55469537,0.4460228,0.5745896,0.48303422,0.45828032
2021-10-09,0.36935225,0.53543645,0.55355114,0.44541672,0.574144,0.48270023,0.45799324
2023-02-04,0.3691573,0.5352604,0.55311304,0.4448587,0.5736792,0.4820753,0.45737776
2023-10-16,0.36910126,0.5349857,0.55301505,0.44462922,0.5736582,0.48223168,0.4574857
2023-09-30,0.36818147,0.5338171,0.551781,0.4435551,0.5725938,0.48125026,0.45648482
2022-03-25,0.36976764,0.5359646,0.5545457,0.445647,0.57454056,0.48303756,0.45795104
2020-02-14,0.3705046,0.5368191,0.5551815,0.4463035,0.57520515,0.4834656,0.45888415
2020-04-20,0.37027818,0.5365409,0.55489075,0.4460184,0.57508355,0.4833672,0.45855916
2022-08-07,0.37007824,0.53628516,0.55458665,0.4458026,0.5747669,0.48314017,0.45825624
2022-05-20,0.37021112,0.5364102,0.554706,0.4459432,0.57502586,0.48317555,0.45845255
2023-05-03,0.37046802,0.5367859,0.5552948,0.4462517,0.5753049,0.48361668,0.4587994
2022-08-16,0.3690379,0.53466314,0.5529081,0.44444874,0.57280296,0.48168457,0.4565777
2024-11-11,0.3704165,0.53658146,0.5542171,0.44602993,0.5752692,0.4834392,0.4585307
2024-01-11,0.3706152,0.53702587,0.5553642,0.44639668,0.57547194,0.48370704,0.45890546
2020-10-17,0.37025025,0.53648967,0.55495393,0.4460831,0.5750801,0.48330295,0.45858634
2023-02-01,0.36916777,0.5352629,0.5531775,0.44483918,0.57362676,0.48205394,0.45737326
2024-05-12,0.37014055,0.5363342,0.5546308,0.4458801,0.5747634,0.48287573,0.45861506
2024-07-27,0.3694247,0.5354531,0.55387205,0.44504383,0.5739835,0.48245555,0.45761308
2024-12-24,0.37065363,0.53696495,0.5550824,0.44635853,0.5755401,0.48376694,0.4588121
2024-03-26,0.3703373,0.5366022,0.554912,0.44608486,0.57507974,0.48342648,0.45852017
2022-06-01,0.37038037,0.5367697,0.55502886,0.4461811,0.5752627,0.48355144,0.45866156
2020-02-29,0.37034282,0.5364748,0.5546277,0.44601095,0.5744464,0.48290843,0.45823944
2022-09-22,0.36843014,0.53396475,0.55225366,0.44404468,0.57279956,0.4819673,0.4556921
2023-05-06,0.3704575,0.5368298,0.55526835,0.44625506,0.5753381,0.48364368,0.4588049
2021-09-01,0.37045503,0.5361795,0.5546553,0.4459901,0.57495457,0.48334706,0.45825395
2022-07-27,0.37007582,0.5362348,0.55456877,0.44579783,0.5747283,0.48306394,0.45817545
2022-05-15,0.37049484,0.53681874,0.5551428,0.44625506,0.575245,0.4834489,0.45874307
2023-02-02,0.36906406,0.53513193,0.5530207,0.44472584,0.57351375,0.4819396,0.4572549
2021-02-17,0.37041768,0.5366418,0.555001,0.4461783,0.57500464,0.4833577,0.45854253
2024-06-17,0.3693851,0.535595,0.5535688,0.44516474,0.57395905,0.48245266,0.45771447
2021-03-12,0.37020597,0.5366133,0.55507696,0.4460896,0.5751245,0.4835374,0.4585383
2021-12-12,0.3705078,0.53690165,0.55522215,0.4463014,0.5753619,0.4836138,0.45880866
2019-05-05,0.3704762,0.53683215,0.55521834,0.4462408,0.5753113,0.4835761,0.45877907
2023-05-13,0.37041783,0.5368837,0.555209,0.44631654,0.57532394,0.48366386,0.45880908
2020-09-18,0.3697996,0.53614265,0.55443245,0.44557434,0.574747,0.48308206,0.45813137
2021-06-09,0.37020543,0.5364351,0.5547128,0.4460249,0.574854,0.48312113,0.45846584
2019-12-14,0.3705962,0.537035,0.555379,0.44641107,0.575507,0.48373622,0.4589178
2021-05-07,0.3704411,0.5367705,0.5552022,0.44621527,0.57526845,0.4835515,0.45878762
2020-12-02,0.37060916,0.5370275,0.5553468,0.44639274,0.575527,0.4837682,0.4589197
2021-12-23,0.37060726,0.5370457,0.55538076,0.44641706,0.57551086,0.48375,0.4589225
2023-01-15,0.3690973,0.5351158,0.5530126,0.444778,0.5734446,0.48181182,0.4572056
2023-12-16,0.37061673,0.5369884,0.55531746,0.44637796,0.5755,0.4837249,0.4588664
2021-11-16,0.37022653,0.5365473,0.5547615,0.4459802,0.57502156,0.4833043,0.45849028
2022-08-11,0.36975875,0.5357774,0.5541283,0.44539553,0.5742564,0.48275185,0.457808
2020-12-15,0.3705844,0.5370067,0.5553622,0.44637507,0.57551336,0.48375,0.45891875
2019-10-28,0.37043646,0.536656,0.5549148,0.44618964,0.5752353,0.4834519,0.458643
2021-02-18,0.37041068,0.536683,0.55506366,0.44620407,0.5751259,0.4834553,0.4586152
2023-06-04,0.36939213,0.5354456,0.5536449,0.4450533,0.5738505,0.48227948,0.45755038
2019-11-22,0.37050357,0.5369035,0.55522907,0.44628516,0.57541865,0.4836198,0.45882672
2024-07-09,0.36931828,0.5352731,0.5530518,0.44514206,0.57399803,0.48224175,0.45824143
2023-11-08,0.3698671,0.5361404,0.5542538,0.44575283,0.57482505,0.4833162,0.458326
2020-11-02,0.37047556,0.5368589,0.5551393,0.44626665,0.5753698,0.48358402,0.45878306
2021-10-06,0.36945564,0.5354967,0.55363613,0.4452487,0.57402617,0.48251933,0.45777917
2021-03-13,0.37012982,0.53651035,0.5549744,0.44599,0.5750233,0.4834191,0.45845872
2020-05-18,0.37046322,0.53681815,0.5551737,0.44624755,0.5752555,0.48359516,0.45872676
2019-04-12,0.37000027,0.5361744,0.5546578,0.4457693,0.5747386,0.48309463,0.45826977
2024-11-19,0.37054017,0.53679746,0.5546734,0.44623646,0.5754159,0.48361436,0.4587057
2022-02-06,0.37054414,0.53692216,0.5552724,0.44631627,0.57537144,0.4836275,0.45880625
2024-06-27,0.3695109,0.53559864,0.55375576,0.44541302,0.57419,0.48252797,0.45805308
2021-12-21,0.3706114,0.53703016,0.5553386,0.44640487,0.57551706,0.4837471,0.45892087
2023-11-11,0.36996716,0.53623277,0.55424976,0.445856,0.5749274,0.48341992,0.45838878
2022-01-31,0.3705663,0.53696865,0.5553259,0.44635028,0.57545304,0.4836757,0.4588692
2023-05-22,0.37049255,0.53686,0.55513996,0.44629762,0.5753669,0.48363864,0.45884997
2022-12-14,0.36941886,0.5354813,0.5535691,0.44504246,0.5738658,0.48222852,0.45751694
2022-11-12,0.3702646,0.5365677,0.55477905,0.4460285,0.57501584,0.48331925,0.45850992
2020-07-08,0.36997518,0.5360778,0.5543859,0.4456366,0.5744266,0.48283592,0.45804626
2024-06-04,0.37026453,0.5365415,0.5549072,0.44612765,0.5751145,0.4833729,0.45863807
2022-05-06,0.37025023,0.5365016,0.55495024,0.44597405,0.57496655,0.48332766,0.45850423
2020-10-03,0.3702524,0.5365369,0.55492866,0.44602954,0.57512873,0.4833905,0.45850852
2019-12-24,0.3706126,0.5370517,0.5554064,0.44642287,0.57552254,0.48375714,0.4589359
2021-04-13,0.3701622,0.5363891,0.5547468,0.44591153,0.5749103,0.48333737,0.45838416
2023-04-07,0.36976758,0.5357526,0.554229,0.44534868,0.5743374,0.48277247,0.45794424
2023-01-06,0.36968517,0.5358616,0.5539856,0.445394,0.57424194,0.4825388,0.4578707
2024-03-28,0.37035802,0.5366652,0.5550232,0.44613606,0.5751559,0.48351365,0.4585721
2019-11-13,0.37052733,0.53692955,0.55527127,0.44630092,0.57544214,0.4836022,0.45886588
2020-10-20,0.37022904,0.5364651,0.55485284,0.44606474,0.5750569,0.48328435,0.4585748
2022-03-07,0.37037772,0.5364897,0.55463487,0.44598576,0.57445294,0.48294908,0.4582099
2021-01-05,0.37059897,0.5369784,0.5553458,0.44636548,0.5754691,0.48367536,0.4588947
2020-11-30,0.37059096,0.5370261,0.55536157,0.4463834,0.5755065,0.48374692,0.4589217
2024-02-09,0.37015918,0.5363958,0.55465704,0.44582465,0.574746,0.4830803,0.45832852
2020-11-17,0.3704949,0.5368924,0.55513847,0.44629446,0.5753893,0.48359537,0.45881116
2019-05-08,0.3704424,0.5367818,0.55517095,0.44620368,0.57526004,0.48350495,0.4587487
2023-08-30,0.36885533,0.5347815,0.55296767,0.4444042,0.57335865,0.48187914,0.45690453
2024-10-21,0.36991596,0.5364655,0.5538591,0.44571957,0.57472175,0.4830473,0.45832616
2023-08-18,0.36948016,0.5354507,0.5537411,0.44512317,0.5740421,0.4825046,0.45758083
2024-10-22,0.3699548,0.536568,0.5539002,0.44578996,0.5747749,0.4830943,0.45838165
2023-03-21,0.3698354,0.5357482,0.5543371,0.44549572,0.57462704,0.4828208,0.4581232
2021-10-27,0.3689862,0.53479433,0.55306137,0.44552252,0.5739511,0.48210523,0.4581636
2024-10-25,0.37004954,0.5362863,0.5532977,0.44566604,0.5749249,0.48302454,0.4582565
2019-10-05,0.3700127,0.5361486,0.55446887,0.44578362,0.5746532,0.48320657,0.4582873
2020-09-06,0.36995584,0.5361491,0.55452,0.44569135,0.57477313,0.48307806,0.4581024
2023-11-10,0.36990723,0.5361851,0.55423313,0.44580224,0.5748838,0.48337257,0.45837304
2024-05-08,0.37063125,0.536963,0.55515957,0.4464672,0.5751354,0.48323664,0.4589655
2024-01-13,0.37062585,0.53701854,0.5553587,0.44638893,0.5754652,0.4836999,0.45889667
2021-12-03,0.37035188,0.5366843,0.55490273,0.44612283,0.5751462,0.48342904,0.45860147
2022-07-11,0.3696092,0.53551066,0.5537911,0.44530872,0.5740474,0.48235717,0.45763975
2020-07-14,0.36970487,0.53584635,0.5541591,0.4453998,0.5743081,0.48267102,0.45787194
2020-09-10,0.36933842,0.535457,0.5538087,0.44527203,0.57422143,0.48249823,0.45784006
2024-03-05,0.37028491,0.536415,0.5544084,0.44582665,0.5743935,0.4827788,0.45836434
2022-02-26,0.37044308,0.5366044,0.5547692,0.44607586,0.5746589,0.48308334,0.45834252
2023-07-24,0.3700887,0.5362741,0.55458975,0.44583574,0.5748482,0.48307127,0.45827183
2023-03-09,0.369969,0.53617233,0.55440956,0.44554853,0.57470644,0.4830103,0.45832285
2020-10-29,0.3704637,0.53682804,0.55514073,0.4462657,0.5753308,0.48360854,0.458746
2019-09-24,0.3694117,0.53530705,0.55390394,0.44534692,0.57380235,0.48253518,0.4578793
2022-07-16,0.36960757,0.5355372,0.55381256,0.44523007,0.5739639,0.4823182,0.45750478
2021-11-21,0.3701443,0.53643906,0.5546496,0.44589195,0.5748944,0.48316175,0.45839614
2020-02-26,0.3704333,0.5366445,0.5548516,0.44614777,0.5747596,0.48313102,0.4584516
2023-11-15,0.37018752,0.5364603,0.5545951,0.44597578,0.57505584,0.48338884,0.45848358
2022-08-31,0.36898482,0.5348037,0.553185,0.44458732,0.5731933,0.48206812,0.45656198
2023-03-18,0.36946747,0.5352079,0.55371857,0.44480786,0.5740657,0.48234808,0.4577817
2019-05-27,0.3699826,0.5361411,0.5545107,0.4457458,0.5747201,0.4830794,0.45827207
2021-04-03,0.36974707,0.5359614,0.55439645,0.4455989,0.57463145,0.4830498,0.45804137
2023-08-06,0.36986625,0.53594255,0.55430484,0.4455769,0.5745164,0.48288473,0.45798805
2021-04-16,0.3703004,0.53663784,0.5550077,0.44610727,0.5751472,0.483499,0.45859715
2021-03-31,0.36810014,0.5336159,0.5519946,0.4434113,0.57228863,0.4811943,0.4560297
2021-01-17,0.37056673,0.5369286,0.5552672,0.4463189,0.5753421,0.48359567,0.4588058
2021-08-06,0.3677932,0.53711456,0.55335605,0.44488424,0.5726242,0.4820029,0.45751965
2021-03-11,0.36979398,0.536083,0.55456007,0.44561803,0.57460696,0.4830755,0.4580843
2021-12-29,0.37061572,0.5370504,0.5554084,0.44643408,0.5755411,0.48378482,0.4589411
2023-09-18,0.36787117,0.5337152,0.5514644,0.4433283,0.57235765,0.48096,0.45629507
2021-01-20,0.370531,0.5368467,0.5551878,0.44625127,0.5752393,0.48352358,0.4587322
2019-12-11,0.37058833,0.5370222,0.5553617,0.44639584,0.5754862,0.48370904,0.45891422
2024-12-17,0.3706377,0.536971,0.5550595,0.44635603,0.575533,0.48379475,0.45881388
2019-05-10,0.37038976,0.5367251,0.55508965,0.44614512,0.5751748,0.48342693,0.45869496
2022-05-04,0.37024203,0.536517,0.5549203,0.4459604,0.57500464,0.48329937,0.45849922
2019-06-07,0.36991224,0.53605187,0.5542316,0.44561955,0.5744849,0.48282015,0.45811537
2022-02-09,0.37044364,0.5367634,0.55510825,0.44618073,0.5752167,0.4834908,0.4586775
2022-07-30,0.37033352,0.53660303,0.55491334,0.4460806,0.5750941,0.4833954,0.45854202
2021-12-16,0.3705547,0.5369538,0.555248,0.44634348,0.5754109,0.48366895,0.4588529
2019-11-28,0.3705118,0.5369383,0.5552591,0.44631156,0.5754064,0.48361394,0.4588408
2022-05-18,0.3705038,0.53682417,0.5551218,0.44627908,0.5753483,0.48351488,0.45878357
2024-12-25,0.37065044,0.5369743,0.5550997,0.44636637,0.57553446,0.48375586,0.45882824
2023-12-04,0.37057087,0.536899,0.5552237,0.44630852,0.5754293,0.483668,0.45877945
2021-08-05,0.3685441,0.5368465,0.55376375,0.44523072,0.5734253,0.48232728,0.45785317
2019-03-31,0.36905128,0.5349553,0.5533219,0.44463205,0.5734726,0.48187786,0.4572505
2019-05-30,0.36932975,0.53572917,0.5538192,0.44562736,0.5745733,0.4836305,0.45841697
2022-06-21,0.37008193,0.5362976,0.5545248,0.44578782,0.57482314,0.48321253,0.45836782
2021-09-30,0.36980155,0.53592366,0.553971,0.44537556,0.5743441,0.4827584,0.45809475
2022-02-18,0.3705186,0.5368237,0.5551168,0.44624627,0.5751543,0.48346427,0.45866185
2022-09-02,0.36906844,0.5348914,0.55324906,0.44469094,0.57336485,0.48216686,0.45677525
2019-07-11,0.3701087,0.5363123,0.55463696,0.44584876,0.574819,0.48310322,0.45831263
2021-09-11,0.3697343,0.5360303,0.55424887,0.4454623,0.5748081,0.48318848,0.45822132
2022-04-08,0.37035564,0.53667337,0.55514073,0.44619972,0.57524973,0.48357275,0.45860338
2021-03-09,0.37018558,0.53662705,0.55508995,0.44611248,0.57513136,0.4835703,0.458538
2020-02-28,0.37038863,0.53654456,0.55471325,0.44606018,0.574549,0.4829676,0.45831728
2020-07-28,0.37028426,0.53659606,0.55493695,0.4460547,0.5751365,0.4833788,0.45856813
2022-09-17,0.36877003,0.5344653,0.5528421,0.44440827,0.57324594,0.48227176,0.45616004
2022-02-11,0.37044528,0.53676367,0.55510205,0.4461696,0.5751948,0.48346806,0.45866802
2019-09-27,0.3697142,0.5357713,0.5542091,0.44559702,0.57423836,0.4828719,0.4581119
2022-07-08,0.36958155,0.53542584,0.5536224,0.445235,0.5740023,0.4822974,0.45760503
2023-10-12,0.3686792,0.5344175,0.55225885,0.44411212,0.57313883,0.48179278,0.4570782
2022-01-24,0.37056902,0.53696996,0.555329,0.44635275,0.5754567,0.48368663,0.4588689
2020-09-29,0.37030056,0.5365536,0.55497706,0.44604388,0.5751499,0.48344702,0.45852488
2022-09-24,0.36796764,0.5334593,0.5518157,0.44369563,0.5724183,0.4817551,0.45503488
2020-04-26,0.37038082,0.53667575,0.55510134,0.44613478,0.57521415,0.48351038,0.4586694
2020-12-13,0.37060675,0.5370377,0.55539167,0.44638994,0.5755366,0.48377097,0.45893428
2019-04-17,0.37003887,0.53613627,0.554643,0.44569835,0.57471,0.48301986,0.4582548
2023-08-29,0.36893862,0.53490657,0.5531017,0.44452024,0.57347584,0.48199248,0.4570005
2022-04-03,0.3702489,0.5365336,0.5550139,0.44608942,0.57513344,0.48347664,0.4584929
2019-05-26,0.3700656,0.5362422,0.5546207,0.4457946,0.5747938,0.48308674,0.45831242
2024-02-24,0.36930072,0.53575355,0.553544,0.44510424,0.57399195,0.48214802,0.4578625
2020-11-22,0.37051985,0.5369411,0.5551709,0.44630018,0.5754329,0.48364177,0.4588399
2022-12-25,0.36910585,0.5350724,0.5530978,0.44469786,0.5733897,0.4817939,0.45713228
2023-01-17,0.36906433,0.5351143,0.55294144,0.44478077,0.57345456,0.48183545,0.45722
2024-12-31,0.37068033,0.5369811,0.5551469,0.4463765,0.5755595,0.48374063,0.45882276
2019-03-27,0.3698671,0.53607374,0.5544413,0.44558668,0.574544,0.4828686,0.45814842
2021-04-28,0.37045497,0.53676254,0.55521595,0.44620696,0.5752931,0.48355976,0.45877543
2019-08-27,0.36880183,0.53453535,0.5529862,0.44447175,0.57320523,0.48201537,0.45627552
2023-10-26,0.36972746,0.5358492,0.5540901,0.445466,0.5744031,0.4828018,0.4579722
2022-03-10,0.37044,0.53667915,0.55492747,0.44610584,0.5749372,0.48332644,0.4585249
2023-10-01,0.36828235,0.5339514,0.5519885,0.44364876,0.5726493,0.48127523,0.4564753
2020-09-08,0.36942387,0.5354336,0.5537747,0.44515553,0.57408553,0.48243597,0.45764625
2019-06-29,0.36999446,0.5360247,0.5543363,0.44569618,0.57447344,0.4829484,0.45806238
2023-09-10,0.36649394,0.5319179,0.54977804,0.44179308,0.5705305,0.47926533,0.45442498
2023-02-24,0.36928904,0.5351817,0.5535613,0.4446263,0.57372576,0.48223028,0.45752195
2023-07-01,0.36855534,0.53416765,0.5525518,0.44406447,0.5726068,0.48124337,0.4564194
2021-07-11,0.37012905,0.5363738,0.55454093,0.44594732,0.5748985,0.48318982,0.45852768
2020-07-09,0.36978593,0.5358459,0.554066,0.4454388,0.57429206,0.48270467,0.4579756
2022-01-12,0.3706185,0.5370538,0.55542433,0.44642067,0.5755415,0.48376483,0.4589508
2024-05-29,0.37037793,0.5364766,0.55479676,0.44600782,0.5750935,0.48331943,0.4584087
2019-09-05,0.36882043,0.53488475,0.55333835,0.44472393,0.57385296,0.48265025,0.45668384
2020-11-27,0.37057394,0.536989,0.55526865,0.44635195,0.5754783,0.48372144,0.45887783
2020-11-14,0.37051877,0.5369144,0.55515414,0.44629657,0.5754046,0.48361355,0.45882273
2019-05-20,0.37033963,0.5366171,0.5550107,0.44609517,0.57508844,0.4833493,0.4586285
2023-01-27,0.36915022,0.53524,0.5531143,0.44485888,0.5735988,0.48199633,0.4573517
2021-08-20,0.37038517,0.53682405,0.55487096,0.44631878,0.57534254,0.4835821,0.45876792
2022-12-08,0.36951438,0.5356283,0.55366284,0.44517392,0.5740191,0.48237354,0.4576638
2022-09-06,0.369217,0.5351673,0.5534796,0.44493967,0.57380724,0.48253408,0.45696107
2020-08-28,0.36976334,0.5359348,0.5542749,0.44549716,0.57449496,0.48289776,0.45793024
2021-06-11,0.36991578,0.5360623,0.55440396,0.44570786,0.5745642,0.48284993,0.45818958
2023-06-23,0.3700454,0.5361475,0.55442184,0.44575733,0.5746558,0.4830911,0.4582214
2020-03-19,0.37042102,0.5367001,0.555146,0.44620302,0.57519466,0.48354962,0.45869687
2019-05-24,0.3702307,0.5364761,0.5548929,0.4459827,0.57494795,0.48328143,0.45855144
2024-08-20,0.37002176,0.5362357,0.5546161,0.44574073,0.57476676,0.4831119,0.45827442
2021-08-11,0.3695172,0.5359873,0.5538272,0.44532079,0.574562,0.48199886,0.45828518
2022-08-05,0.37020406,0.53647774,0.5548095,0.44595262,0.57497454,0.48328745,0.45844248
2024-06-29,0.3696231,0.5357164,0.55392337,0.4454876,0.57428026,0.4825894,0.4581597
2021-04-17,0.37035346,0.5367104,0.55509496,0.4461657,0.5752188,0.48355746,0.45866862
2019-10-12,0.3701258,0.5362595,0.5545872,0.44588697,0.5747764,0.48326558,0.45834514
2023-02-11,0.3691381,0.5353941,0.5528718,0.44496527,0.5738625,0.48219946,0.45759112
2020-04-15,0.3701955,0.53641623,0.5547367,0.44590905,0.5749956,0.48309213,0.45848548
2022-03-28,0.36964476,0.53582764,0.5544,0.44551727,0.5744089,0.48294067,0.45786926
2023-03-12,0.3697961,0.5358644,0.5541879,0.4453266,0.57449025,0.48277447,0.458094
2020-08-08,0.37027672,0.53659517,0.5549334,0.44602025,0.57509947,0.48342845,0.45856553
2020-02-01,0.3704264,0.53674793,0.55515796,0.44621158,0.57522047,0.48349157,0.45882493
2023-01-25,0.36913854,0.53520346,0.55306846,0.44484428,0.57356817,0.48197582,0.4573218
2024-06-14,0.36921528,0.5352758,0.55255395,0.4446629,0.5729518,0.481977,0.45706868
2019-11-12,0.37051138,0.5368796,0.5552121,0.44627473,0.5754092,0.48358133,0.458816
2020-10-31,0.37049484,0.53686005,0.55514127,0.4462905,0.57537466,0.48361647,0.45878166
2023-01-13,0.36910182,0.53509295,0.5529996,0.44477642,0.5734397,0.48180827,0.45719698
2020-12-08,0.3706084,0.5370287,0.55537456,0.44639105,0.5755234,0.4837703,0.4589208
2022-06-27,0.37000746,0.5362345,0.55427784,0.44570422,0.5747801,0.4830988,0.45836422
2023-11-13,0.370075,0.5363584,0.5544768,0.4459165,0.5749923,0.48338237,0.45846063
2020-11-29,0.37059134,0.5370128,0.55530995,0.44637787,0.5755068,0.48372808,0.45890385
2023-04-14,0.36984918,0.53578407,0.5543056,0.4454311,0.57437116,0.48284483,0.45800364
2020-06-13,0.36940137,0.53575027,0.5538464,0.44516873,0.57394373,0.48248202,0.4578692
2020-12-11,0.37060896,0.53703403,0.55538887,0.44639602,0.57552713,0.48376963,0.45893115
2020-02-03,0.3705419,0.53692603,0.5553044,0.4463403,0.5753965,0.48363414,0.45888606
2022-03-17,0.3703458,0.53667927,0.5550483,0.44612914,0.57504135,0.48343018,0.45856428
2020-03-20,0.37037587,0.5365935,0.55513453,0.4461509,0.57511795,0.48347586,0.45866814
2024-07-16,0.36960655,0.5357036,0.5538036,0.44537064,0.5742972,0.48256072,0.4581083
2024-09-22,0.36855474,0.5343246,0.55246764,0.44429585,0.57227737,0.48165143,0.45669436
2024-09-21,0.3694209,0.5354442,0.55361485,0.44517693,0.57386786,0.4826228,0.45767012
2020-12-22,0.3705668,0.53697413,0.5553263,0.44635564,0.5754681,0.48369834,0.45888728
2024-07-06,0.36922684,0.5351024,0.5529666,0.44511816,0.5738635,0.48230225,0.45815283
2020-11-23,0.37054014,0.53695196,0.5551825,0.44631925,0.5754423,0.48368618,0.45885023
2023-01-12,0.3690958,0.53510934,0.5530134,0.44477606,0.5734501,0.481792,0.45721292
2020-02-21,0.37046742,0.5367658,0.55507135,0.44624346,0.57505476,0.48335573,0.45871642
2019-12-07,0.37057978,0.5370078,0.5553312,0.4463813,0.57542485,0.48364222,0.45888978
2022-03-16,0.37009907,0.5363258,0.5547021,0.44581744,0.5747268,0.48318687,0.45827237
2021-11-02,0.36922535,0.5350309,0.55341715,0.44574627,0.5741168,0.48242408,0.4582169
2023-04-28,0.37049955,0.5366111,0.55513275,0.4462052,0.57522875,0.48337975,0.4587751
2021-07-22,0.36901888,0.5350023,0.55329037,0.4455103,0.57407147,0.4822253,0.45837674
2021-06-13,0.36949158,0.53548265,0.55382824,0.4451367,0.5739116,0.48227975,0.4575746
2023-04-20,0.37042096,0.5365667,0.5550433,0.44614,0.57512915,0.48346996,0.4586748
2019-03-30,0.36924994,0.53521603,0.5535145,0.44482285,0.5737103,0.48209548,0.4574495
2019-11-26,0.3704819,0.5368782,0.55521953,0.446279,0.5753818,0.4835887,0.45879692
2024-11-21,0.37056002,0.5368775,0.5549217,0.44628993,0.5754314,0.483667,0.4587705
2019-12-13,0.37059486,0.537037,0.5553774,0.44641227,0.57549554,0.48371452,0.45892653
2020-10-21,0.3702899,0.5365377,0.55492496,0.4461221,0.57511795,0.48334745,0.45861727
2024-04-11,0.37036496,0.53668594,0.55502933,0.44614103,0.5752129,0.48350078,0.45863047
2023-05-23,0.37042698,0.53673035,0.55494475,0.4461717,0.57524484,0.4835139,0.4587396
2020-12-19,0.37060127,0.53700775,0.55537546,0.44638765,0.57550573,0.4837443,0.4589098
2021-12-09,0.3704546,0.5368034,0.55502105,0.44623432,0.57527363,0.48355055,0.45870245
2021-01-09,0.3705727,0.53693265,0.5552998,0.44633597,0.5754097,0.48363563,0.458835
2024-07-02,0.3697672,0.5358957,0.55399984,0.44549766,0.5744053,0.48278207,0.45823932
2023-06-06,0.36989582,0.53605026,0.5542731,0.44558063,0.57448167,0.48286018,0.45806408
2021-01-10,0.3705791,0.53693557,0.5552974,0.44633597,0.57540834,0.48363972,0.45883587
2023-08-28,0.3689348,0.5348656,0.5530858,0.4444889,0.57351995,0.48200652,0.45696992
2023-07-02,0.36861426,0.53423494,0.5526536,0.44410384,0.5726575,0.4813394,0.45644727
2020-02-18,0.37044773,0.53674406,0.5550776,0.44623283,0.57506424,0.48337233,0.45879748
2020-07-18,0.37024182,0.5365306,0.5548047,0.44598958,0.5750923,0.4833846,0.45852247
2019-04-29,0.3703363,0.5365764,0.55503273,0.44605753,0.5750919,0.48341712,0.45860317
2021-09-17,0.37004018,0.53622425,0.5545051,0.4458603,0.5749176,0.4833943,0.45840952
2020-10-07,0.37022755,0.5364978,0.55485773,0.4459933,0.5750795,0.48338294,0.4584497
2021-03-25,0.36758316,0.5329595,0.55152225,0.4429169,0.5716738,0.4803772,0.45548376
2021-03-14,0.3699963,0.53632194,0.55480015,0.4458381,0.5748338,0.48327544,0.4582884
2023-08-09,0.36975363,0.53583205,0.5541174,0.44544065,0.5743559,0.48274946,0.45785907
2022-02-20,0.3704929,0.53676814,0.5550276,0.4461982,0.575028,0.48336554,0.45857942
2021-05-10,0.37046906,0.5368249,0.55522317,0.44624802,0.5753214,0.48354477,0.45882925
2023-08-01,0.37003237,0.53622854,0.5545336,0.44577855,0.5747721,0.48310432,0.45819047
2020-05-25,0.37048405,0.5368096,0.555143,0.44626722,0.5752494,0.48355547,0.45873094
2022-05-22,0.36991933,0.5361414,0.55436826,0.44563678,0.574685,0.4829176,0.45818245
2024-05-23,0.36991218,0.5359061,0.55410063,0.44548646,0.57451653,0.4826377,0.45787066
2023-12-22,0.37059247,0.53698486,0.55531406,0.44637364,0.5754751,0.4837162,0.45888317
2024-04-04,0.37034658,0.53663784,0.5550084,0.44610545,0.57517856,0.48349816,0.45859668
2022-04-09,0.370403,0.5367299,0.5551834,0.44622463,0.5753092,0.48360264,0.4586659
2022-09-03,0.36918342,0.53512347,0.5534941,0.44485435,0.5737061,0.4824598,0.4569775
2020-12-21,0.37060174,0.53701913,0.5553834,0.44638938,0.57551867,0.4837528,0.45892543
2023-09-16,0.36781397,0.53352976,0.5512479,0.44319808,0.57227635,0.48091367,0.45622158
2021-03-02,0.3701673,0.53652155,0.5549914,0.4460243,0.5750566,0.48347318,0.45847905
2019-07-06,0.37005937,0.5362722,0.5545426,0.44578964,0.5747526,0.48306015,0.45824748
2024-03-10,0.37023258,0.53638345,0.55457574,0.44584814,0.5745997,0.4830142,0.45829862
2023-04-09,0.36960688,0.53542745,0.5539732,0.44511372,0.5740498,0.48257384,0.45769313
2023-07-17,0.370235,0.5364689,0.55478966,0.44597217,0.5750125,0.48332477,0.45842463
2023-08-11,0.3692328,0.5352796,0.5533979,0.4449174,0.5737338,0.48216885,0.45736888
2019-10-30,0.3704749,0.53678584,0.5551155,0.44625488,0.57530487,0.4835152,0.45875803
2023-11-28,0.37049857,0.5368208,0.55511,0.44623518,0.57534856,0.48355478,0.45872265
2021-06-18,0.3682554,0.5339083,0.5521943,0.44370332,0.5722944,0.4808473,0.45613325
2021-07-26,0.369711,0.53589255,0.5541813,0.44563147,0.57470673,0.48289192,0.45841232
2022-08-24,0.3678832,0.5328692,0.5509365,0.44303054,0.5700211,0.47946882,0.4541612
2020-08-30,0.3700839,0.5363284,0.5547232,0.44584304,0.5748879,0.48324102,0.4582717
2023-09-20,0.36806104,0.53365827,0.5515397,0.44346613,0.5723377,0.48103878,0.45637536
2023-06-02,0.36985758,0.53607213,0.5543611,0.44559428,0.57452494,0.4828758,0.4581134
2022-11-15,0.37023538,0.536537,0.55476063,0.44598252,0.57498175,0.48328233,0.45850533
2023-03-22,0.36932743,0.5350931,0.5536964,0.44480804,0.5738949,0.48227698,0.45755717
2023-09-11,0.3671894,0.53267807,0.5507971,0.44246006,0.5712921,0.47992542,0.45509323
2020-10-15,0.37030226,0.5365518,0.55497,0.44610906,0.57513064,0.48336807,0.4586135
2023-03-31,0.36988273,0.5359076,0.554367,0.44550046,0.57453865,0.48292598,0.45809004
2024-10-18,0.37000448,0.5363562,0.5536996,0.4456992,0.57481253,0.48305848,0.45833296
2023-12-31,0.3705955,0.5369854,0.55530506,0.44634956,0.57546455,0.48369354,0.45888236
2022-07-14,0.36957112,0.53553504,0.5538385,0.44526237,0.57402384,0.48237288,0.4575397
2024-09-27,0.36959496,0.53579485,0.5538725,0.44529274,0.57395065,0.4826777,0.45791253
2024-10-05,0.37019202,0.5364731,0.55446553,0.44579914,0.57496154,0.4832427,0.45846713
2020-03-23,0.3704475,0.5368372,0.5552984,0.44628817,0.5753625,0.48367453,0.4587901
2022-06-13,0.3698943,0.53605527,0.5543394,0.44561055,0.57451504,0.48296753,0.45808053
2022-03-05,0.37036988,0.5364781,0.55461854,0.4459852,0.5744408,0.4829309,0.45818436
2019-10-24,0.37047625,0.53669083,0.55502224,0.4462336,0.57525784,0.4835198,0.45866698
2020-08-14,0.37022495,0.5364962,0.5548593,0.4459823,0.5749978,0.48328134,0.4584377
2023-06-08,0.37000975,0.5361404,0.55443734,0.4456722,0.5746263,0.48297614,0.45815295
2022-03-22,0.37007475,0.53634495,0.55480784,0.44587174,0.5748181,0.4832721,0.45828614
2023-11-29,0.3705047,0.53681844,0.5551418,0.4462534,0.57534045,0.48358333,0.45872045
2019-06-02,0.3659809,0.5331953,0.55023104,0.4445551,0.5733348,0.48565286,0.4582918
2020-02-20,0.37050703,0.5368291,0.5551332,0.44628754,0.57515496,0.4834212,0.4587768
2023-12-17,0.3705943,0.5369751,0.5552935,0.4463517,0.575467,0.48369566,0.4588595
2019-12-22,0.37060612,0.53703594,0.5553854,0.44640335,0.5755097,0.48374864,0.4589276
2022-03-24,0.37009704,0.5363799,0.5548837,0.44595966,0.5748668,0.48331353,0.4582886
2021-06-30,0.37029767,0.5365243,0.55472565,0.44598335,0.5750048,0.48329425,0.45850146
2023-12-30,0.37057662,0.5369779,0.5552846,0.4463417,0.5754621,0.48368594,0.45887744
2023-05-19,0.37043178,0.53678685,0.5550349,0.4462543,0.5752858,0.48361948,0.45876542
2023-03-29,0.36973354,0.53569496,0.5541369,0.4452889,0.57433593,0.48276585,0.45791703
2021-08-28,0.3702884,0.53627175,0.5546989,0.44593742,0.57487166,0.48328257,0.45831165
2024-03-25,0.37032425,0.53657526,0.55490214,0.44607043,0.57502294,0.4834025,0.45848748
2023-08-20,0.36939666,0.53536993,0.5535689,0.44506356,0.57398146,0.48245794,0.4574427
2021-02-03,0.37037742,0.53652567,0.55476725,0.44604707,0.574719,0.48309052,0.4583629
2023-01-23,0.36924374,0.53537726,0.55321485,0.44498196,0.5737208,0.48211038,0.45746645
2021-09-27,0.36972013,0.53585523,0.55383784,0.44517934,0.57413465,0.4825413,0.45805588
2021-06-27,0.37028933,0.53648806,0.554675,0.44598982,0.57502455,0.48331285,0.4585321
2020-09-24,0.37007564,0.5364218,0.5547298,0.44580805,0.57496035,0.48332393,0.4583546
2022-06-07,0.37002254,0.53618515,0.55457324,0.44576314,0.5745614,0.48322827,0.4582129
2023-07-15,0.370082,0.5363008,0.554584,0.44582087,0.5747831,0.48316443,0.4582278
2020-07-02,0.3700902,0.53626305,0.5544096,0.44578683,0.57469696,0.48315743,0.45837474
2020-12-29,0.37055963,0.536973,0.55533016,0.44635877,0.57546186,0.48369282,0.45887682
2022-03-30,0.3698983,0.5361437,0.5547224,0.4458343,0.5747912,0.48323178,0.4581615
2020-07-03,0.36999932,0.5361105,0.55426097,0.44565687,0.57443607,0.4829588,0.45818457
2019-11-14,0.37053385,0.5369185,0.55526173,0.4463017,0.57544774,0.48360598,0.45885137
2020-02-10,0.37051246,0.53686816,0.55523384,0.44630957,0.5752983,0.48353663,0.4588942
2023-05-15,0.37041658,0.5368102,0.5551371,0.44624448,0.5752777,0.4836352,0.45875558
2021-07-02,0.3699614,0.53599495,0.5541477,0.44556198,0.5743616,0.4828296,0.45795923
2021-05-12,0.37046888,0.53681564,0.55522406,0.4462469,0.5752857,0.48352346,0.45882413
2022-04-22,0.37019265,0.53648335,0.5547847,0.44586796,0.5750822,0.48282027,0.45856208
2023-01-29,0.36940715,0.5355754,0.5535458,0.44513035,0.5739688,0.48232555,0.4576484
2024-12-09,0.37063503,0.53696513,0.5550505,0.446359,0.5755259,0.4837391,0.45882377
2024-07-03,0.36986303,0.53601485,0.55414593,0.44559863,0.57450116,0.4829042,0.45829436
2020-03-29,0.36990884,0.5360061,0.5546647,0.44566104,0.57459414,0.4830948,0.4581266
2021-02-08,0.37036487,0.5364306,0.5546996,0.44606143,0.5746072,0.4829994,0.4582747
2021-07-24,0.3690348,0.53507894,0.55344224,0.4453416,0.5741345,0.4822052,0.4583565
2020-09-25,0.37011194,0.5364358,0.5548119,0.44585612,0.57499886,0.48333982,0.4583729
2022-01-08,0.37062404,0.5370572,0.55542594,0.4464292,0.57555664,0.48377737,0.45895246
2020-06-12,0.36972913,0.53606147,0.5541976,0.44550097,0.57432765,0.48281047,0.4581509
2023-10-27,0.36984622,0.5360042,0.5543051,0.44558442,0.574572,0.4829164,0.4581285
2024-07-28,0.3698009,0.5359566,0.5543251,0.44547424,0.57458407,0.48285794,0.458111
2020-07-05,0.36995572,0.53602797,0.55415213,0.4455903,0.574484,0.482922,0.45823276
2022-09-13,0.36854845,0.5342269,0.5526545,0.44423327,0.573055,0.48210037,0.45590696
2024-05-03,0.37043217,0.5367384,0.5550567,0.44623032,0.5750492,0.4832261,0.45887864
2022-12-07,0.36952057,0.5356196,0.5536191,0.44518006,0.57402855,0.48238492,0.45765522
2021-06-29,0.37036547,0.5366021,0.5548007,0.44608018,0.57513845,0.4834196,0.4586069
2020-08-17,0.3702441,0.53651834,0.5548562,0.44599852,0.5750282,0.48331726,0.4584444
2020-09-15,0.36940178,0.5356713,0.5538677,0.4453653,0.57433087,0.48262915,0.45801535
2024-01-09,0.37061173,0.53701586,0.55535257,0.44638956,0.5754635,0.4836984,0.4588939
2021-07-23,0.3687623,0.53463674,0.5530346,0.44522655,0.57386994,0.4818455,0.45821
2020-11-12,0.37054247,0.53694767,0.5551862,0.44632676,0.57544523,0.48364466,0.4588569
2024-07-26,0.36892864,0.534729,0.5532302,0.44448194,0.5731473,0.48181593,0.45695317
2024-08-03,0.37017944,0.5364261,0.5547857,0.4458543,0.5749761,0.48327014,0.4585382
2021-12-17,0.3705734,0.5369947,0.55531514,0.44637075,0.5754382,0.48369086,0.4588714
2023-09-07,0.366863,0.53240234,0.5503466,0.44208673,0.5710978,0.47971448,0.45483613
2021-05-24,0.37024313,0.53669184,0.55492544,0.4461697,0.5751629,0.48367926,0.45876446
2022-04-02,0.3703296,0.5366916,0.5551644,0.44620845,0.5752432,0.48360106,0.45859793
2019-09-16,0.3688559,0.5346022,0.5532307,0.44482398,0.57336354,0.48242575,0.45745975
2019-11-24,0.37049824,0.5369032,0.5552261,0.44628716,0.57539606,0.48360258,0.45882818
2022-12-26,0.3690974,0.5350506,0.5530818,0.4446823,0.5733786,0.48178416,0.45710954
2019-11-20,0.37054145,0.5369382,0.55530435,0.4463262,0.57545143,0.4836469,0.45886037
2023-02-14,0.3692201,0.5354444,0.5530786,0.44497767,0.57389706,0.48225424,0.45764303
2021-03-08,0.37013552,0.53653723,0.55498457,0.44599783,0.5750328,0.48344395,0.45847204
2023-04-08,0.36963597,0.53553283,0.55403364,0.445167,0.57413757,0.48263493,0.4577617
2020-04-07,0.3694572,0.5351811,0.55389875,0.44505855,0.5738334,0.4824671,0.45751384
2023-11-25,0.37049934,0.5368105,0.55508333,0.44623682,0.5753432,0.48359537,0.45871994
2019-09-25,0.36956635,0.5355344,0.55404025,0.44542816,0.5740727,0.4827389,0.45797095
2024-11-26,0.37056807,0.53680646,0.5545813,0.44624832,0.5754699,0.48364362,0.4587112
2021-08-04,0.36903134,0.5366106,0.55403906,0.44536093,0.5739009,0.4825914,0.45797965
2022-03-15,0.37020782,0.53646356,0.5548077,0.44591433,0.57483923,0.4832688,0.45838958
2020-11-28,0.37055743,0.5369912,0.555298,0.44634578,0.57547617,0.4836979,0.458885
2020-04-05,0.3695159,0.5354385,0.5541802,0.4452634,0.5740855,0.482755,0.4576716
2023-03-07,0.36988935,0.536066,0.5542638,0.44538417,0.57458085,0.4829331,0.458255
2021-06-19,0.36891133,0.53473693,0.5529707,0.4444296,0.57306796,0.4815688,0.45680013
2019-10-23,0.3704381,0.5366632,0.55498403,0.44617617,0.5752142,0.48346612,0.4586485
2023-06-09,0.37006223,0.53624254,0.5545469,0.44573662,0.57474613,0.48306426,0.45823532
2023-08-03,0.3699867,0.536124,0.5544818,0.44573084,0.57470435,0.48304296,0.45815343
2019-04-20,0.37034732,0.5366366,0.555054,0.44608077,0.5751599,0.48323712,0.45863608
2019-05-17,0.3703098,0.53660196,0.5549904,0.44605845,0.5750814,0.48335096,0.4586218
2021-08-15,0.3701652,0.5364695,0.55468595,0.44583076,0.57505906,0.48304692,0.45858875
2020-10-09,0.37019882,0.5364536,0.55471265,0.44597605,0.5750448,0.48328424,0.4584594
2021-11-17,0.37024325,0.5365682,0.55483204,0.44599417,0.57503116,0.48331487,0.45851856
2024-06-23,0.36988595,0.5362267,0.5543884,0.44586176,0.5748234,0.48334092,0.458535
2020-09-14,0.36929995,0.53549063,0.55379575,0.4453732,0.5742269,0.482498,0.45797643
2024-10-17,0.37004554,0.53633183,0.5537673,0.44576392,0.57487875,0.4831414,0.4583561
2020-04-16,0.37032092,0.53662723,0.55495846,0.44605762,0.57517725,0.483303,0.45862594
2019-11-06,0.37050158,0.5368821,0.55519354,0.44628754,0.57540387,0.48358992,0.4588174
2023-01-09,0.36908638,0.5350717,0.5530293,0.4447333,0.5734008,0.48176292,0.45716646
2024-04-13,0.37037963,0.53673,0.55508494,0.44616818,0.57523614,0.48352376,0.4586719
2024-03-19,0.3702563,0.53636533,0.5546888,0.44594875,0.57479304,0.48319593,0.45826536
2023-05-26,0.37045664,0.53672254,0.5549562,0.44620413,0.57525504,0.48350596,0.4587637
2024-08-16,0.36990708,0.53608924,0.5544371,0.44562495,0.57465255,0.48295724,0.45814472
2023-07-14,0.37006262,0.5362281,0.5544992,0.4457875,0.5747527,0.48312324,0.45819557
2021-06-22,0.36975417,0.53580374,0.5539424,0.4453463,0.57409763,0.48243108,0.4576618
2024-10-07,0.37020317,0.536493,0.55443203,0.44583413,0.5749859,0.48328045,0.45850492
2019-12-03,0.3705821,0.537021,0.5553482,0.44638556,0.57547396,0.4836942,0.4589106
2021-01-24,0.3704917,0.53677034,0.5550801,0.44619766,0.5750949,0.4834111,0.45862144
2024-12-16,0.37063026,0.53695977,0.5549984,0.44634876,0.5755463,0.48376995,0.45881784
2021-01-27,0.37049574,0.5367526,0.5550528,0.44619295,0.57504624,0.48335764,0.45860258
2024-11-09,0.37039885,0.5365186,0.5540865,0.4459645,0.57523537,0.48341334,0.45849165
2023-03-16,0.36970305,0.5356693,0.55397207,0.445126,0.5743675,0.48265746,0.45806628
2021-08-07,0.3686149,0.5369377,0.5538008,0.4452157,0.57352465,0.4823494,0.45792913
2019-08-20,0.36971706,0.53574276,0.55413556,0.4454152,0.5742631,0.48273692,0.4576746
2021-02-23,0.37046695,0.53681827,0.5552692,0.44627297,0.575336,0.48365405,0.45875847
2022-07-28,0.37012443,0.5363357,0.5546549,0.44586387,0.5748154,0.48315102,0.45828083
2019-03-28,0.3701262,0.53642946,0.55480236,0.44590867,0.574913,0.48320156,0.45842844
2023-09-28,0.36822155,0.53381145,0.5514963,0.44354364,0.57268363,0.48135486,0.45677176
2024-03-13,0.37022114,0.5363668,0.5546275,0.4459039,0.57465625,0.4831108,0.45824254
2021-01-31,0.3703989,0.5365686,0.55481154,0.44605914,0.57473594,0.48311734,0.45837355
2020-10-24,0.37026832,0.5365578,0.554786,0.44609806,0.57509094,0.4833757,0.45856538
2021-09-15,0.36991432,0.5362049,0.5543843,0.4456364,0.57492715,0.48336545,0.45833603
2020-06-25,0.36939153,0.53533804,0.5536698,0.44552606,0.57414395,0.4824152,0.45821565
2019-12-04,0.3705744,0.5370119,0.5553435,0.44638193,0.57545507,0.48368248,0.4588961
2020-12-01,0.37061572,0.5370427,0.55539066,0.44640353,0.5755343,0.4837655,0.45893878
2022-01-29,0.37054095,0.53693366,0.5552844,0.44631842,0.5754149,0.48365003,0.45883954
2024-04-28,0.3704474,0.53682375,0.555167,0.44624975,0.57529587,0.48354876,0.45878688
2023-08-23,0.36927503,0.5353145,0.5535716,0.44489914,0.57386696,0.48231423,0.45737904
2024-06-19,0.36933735,0.535799,0.5537964,0.44544563,0.57427406,0.48313248,0.4582075
2021-01-15,0.37058285,0.53694123,0.5552972,0.44633174,0.5753795,0.48362955,0.45882508
2021-12-18,0.3705889,0.53701216,0.55533916,0.4463898,0.57547563,0.48372343,0.4588956
2022-12-31,0.36949542,0.5355941,0.5536933,0.44516098,0.5739828,0.4823213,0.45762652
2024-04-23,0.37042555,0.5367852,0.5551701,0.44621462,0.57527953,0.4835595,0.4587318
2019-07-16,0.37021455,0.536477,0.55483073,0.44596443,0.5749657,0.48326397,0.45847103
2021-02-02,0.37036982,0.5365039,0.55477405,0.44603297,0.5746838,0.48307154,0.4583261
2019-10-31,0.37052575,0.5368689,0.5551987,0.44631892,0.57539856,0.48359364,0.4588305
2024-05-06,0.37045977,0.5367533,0.55504316,0.44628593,0.5749961,0.48312274,0.45902538
2022-09-25,0.36779496,0.5332701,0.5516971,0.44357255,0.572264,0.4816489,0.4547165
2022-01-21,0.3706125,0.5370402,0.5554104,0.44640753,0.5755294,0.4837521,0.45892996
2020-11-24,0.37054813,0.5369634,0.55521494,0.44632986,0.5754621,0.48369098,0.45885992
2019-06-13,0.36995304,0.5359998,0.55418843,0.44559303,0.5745888,0.48286828,0.4582164
2024-08-01,0.37016574,0.5363531,0.5547254,0.445844,0.5749266,0.48325986,0.45846313
2022-05-24,0.36990306,0.53615147,0.55442023,0.4455989,0.57466555,0.4828993,0.4581605
2020-10-25,0.37033036,0.5366377,0.55488354,0.44614837,0.57515514,0.4834401,0.45862174
2022-02-21,0.37048447,0.5367564,0.5550115,0.4462007,0.5749887,0.4833454,0.45856348
2023-08-31,0.3686995,0.53456867,0.5527389,0.44422716,0.57312304,0.4816828,0.4567098
2020-09-28,0.3702727,0.5365374,0.5549311,0.44601884,0.5751273,0.4834343,0.4584942
2019-06-09,0.36996472,0.5361276,0.5543421,0.44564804,0.57457376,0.48292616,0.45814562
2024-10-03,0.37013614,0.53642124,0.5544975,0.4457143,0.5748618,0.48316643,0.45841444
2024-09-02,0.36935943,0.5353944,0.55376905,0.4449543,0.5738934,0.4823939,0.4573945
2019-12-26,0.37060824,0.5370463,0.555412,0.44641247,0.5755289,0.48376596,0.45893627
2023-02-28,0.3698361,0.5360428,0.5542292,0.4454754,0.57456034,0.4828902,0.45818156
2022-08-22,0.36841503,0.5335785,0.5517417,0.4436005,0.5711301,0.4802605,0.4551438
2020-09-04,0.3690114,0.5348686,0.5532593,0.44465432,0.5735032,0.48196352,0.45708397
2023-12-11,0.3705865,0.5369108,0.5552318,0.44631866,0.5754503,0.48367423,0.4588069
2021-04-29,0.37045997,0.53675973,0.5551868,0.44622,0.575285,0.4835727,0.45876288
2024-01-12,0.37061474,0.5370155,0.55535746,0.44638547,0.5754672,0.4836972,0.45889688
2023-01-07,0.3700353,0.5363157,0.55454075,0.44578838,0.57474893,0.4830162,0.4582871
2020-06-03,0.369694,0.53578156,0.55408597,0.44533888,0.5743008,0.4826325,0.4578076
2021-01-19,0.37055492,0.5369087,0.5552497,0.44630125,0.57531226,0.48357442,0.45878217
2024-12-23,0.37064552,0.53696364,0.5550601,0.4463546,0.57553196,0.4837723,0.45881358
2022-06-08,0.37008354,0.53632236,0.5546983,0.44584435,0.5747259,0.48329002,0.45833057
2019-12-18,0.37059397,0.537029,0.55536085,0.44640592,0.57548815,0.48372272,0.45891258
2022-08-30,0.3679249,0.532933,0.5511041,0.44308212,0.5704206,0.47982106,0.45431945
2019-12-12,0.37059915,0.5370324,0.55537564,0.44640508,0.5754918,0.4837221,0.45890966
2022-02-23,0.37045452,0.53668135,0.5548999,0.44613487,0.5748604,0.48325142,0.45846492
2023-02-27,0.36983788,0.5360412,0.55420864,0.44543555,0.574549,0.4828913,0.4581948
2020-06-20,0.36889172,0.5346768,0.552986,0.44544008,0.5737834,0.48182267,0.4582547
2022-06-10,0.3699391,0.5361386,0.5544951,0.44572037,0.57453,0.48311895,0.45815754
2024-09-12,0.3698718,0.5360731,0.5544013,0.44558594,0.5746645,0.48298237,0.4581019
2020-03-16,0.37044105,0.53667486,0.5551717,0.4461811,0.5751812,0.48352647,0.45871252
2020-06-17,0.36986077,0.53608805,0.55429083,0.44583791,0.57465935,0.48289448,0.4584516
2022-12-22,0.3696449,0.5357856,0.5539204,0.4453126,0.57417303,0.48251155,0.45778272
2023-09-25,0.3683439,0.5339494,0.551584,0.44370627,0.57281834,0.4814951,0.45691797
2022-07-22,0.3697507,0.5358065,0.5541354,0.44543755,0.57432234,0.48264003,0.45779848
2021-07-18,0.36916882,0.53513706,0.55319214,0.4456083,0.57415915,0.4823256,0.45834252
2021-04-10,0.3699045,0.5360019,0.55435747,0.44555792,0.5745416,0.48297393,0.45807734
2024-09-07,0.36955568,0.53566015,0.553993,0.4452086,0.5742217,0.48257318,0.457689
2022-11-01,0.37020865,0.53642833,0.55450714,0.4459364,0.57494026,0.4832886,0.45847103
2024-08-10,0.3701747,0.536436,0.55475336,0.44593197,0.5750211,0.48324904,0.45850506
2020-12-25,0.3705717,0.5369894,0.55534345,0.44637218,0.57548195,0.48372164,0.4588944
2023-02-26,0.36992112,0.53621,0.5543022,0.44560346,0.5746823,0.48304334,0.45832667
2024-05-13,0.3695407,0.535542,0.55384207,0.44516498,0.57403845,0.482269,0.4577076
2021-01-04,0.3705963,0.53698003,0.55534256,0.44637683,0.5754799,0.48367774,0.4588931
2020-06-14,0.36966756,0.53592145,0.55412024,0.44541398,0.5743043,0.48271558,0.45804685
2021-01-01,0.37056646,0.5369472,0.5553052,0.44633356,0.57542676,0.48365048,0.45885113
2019-05-13,0.370329,0.5366599,0.55502355,0.44607732,0.57512283,0.4833797,0.4586431
2022-05-01,0.3702333,0.53647566,0.5549524,0.44594088,0.5749513,0.4833213,0.4584922
2023-12-02,0.37055358,0.53688526,0.55520296,0.44628403,0.5754117,0.4836333,0.45877007
2021-04-27,0.37049294,0.53683037,0.55525947,0.44626266,0.5753527,0.48359394,0.45881107
2023-07-31,0.3700644,0.5362739,0.5545594,0.44579944,0.57479846,0.48309943,0.4582351
2020-12-18,0.37056378,0.53696984,0.5553255,0.44634515,0.57547194,0.48372868,0.45888355
2024-07-15,0.36937016,0.5353967,0.5533846,0.44515842,0.5740256,0.48233476,0.45801675
2021-05-02,0.3704709,0.5367819,0.55524623,0.44624114,0.57530135,0.48358557,0.45878386
2022-05-29,0.37029728,0.5366526,0.5548412,0.4460548,0.57517576,0.48344165,0.4585801
2021-05-27,0.36939195,0.5360472,0.55403924,0.44589546,0.57487935,0.48422292,0.45874724
2021-01-06,0.37058857,0.5369731,0.5553299,0.44636485,0.57546,0.48367384,0.45888135
2019-10-10,0.37018582,0.53637356,0.55469817,0.44594812,0.57488066,0.48336253,0.45844623
2020-12-09,0.3706106,0.53702956,0.5553683,0.44639802,0.5755275,0.48377115,0.45892
2020-03-30,0.3703912,0.5368347,0.55529356,0.44628754,0.57533634,0.48370692,0.45871493
2023-02-25,0.3698561,0.5360419,0.5541771,0.44534692,0.5745332,0.48292878,0.45826998
2023-07-11,0.36988288,0.53596807,0.5542791,0.44560233,0.5745059,0.4828186,0.45802456
2021-02-14,0.3704065,0.5365248,0.5547679,0.4460746,0.57462275,0.48304552,0.45833626
2023-04-30,0.3704805,0.5367129,0.5552668,0.44622073,0.5752602,0.48351473,0.45880425
2023-08-13,0.36873347,0.5345919,0.5527628,0.4442955,0.57306683,0.48153314,0.4567575
2021-12-30,0.37061375,0.5370478,0.555403,0.44642368,0.5755406,0.4837723,0.4589354
2019-06-06,0.3699892,0.53622127,0.5543864,0.44578457,0.57462555,0.4829392,0.45825717
2022-02-07,0.37055546,0.53692997,0.55527943,0.44632557,0.57538813,0.4836275,0.45882246
2024-02-06,0.37036133,0.53664106,0.5548986,0.44604406,0.5749785,0.4832809,0.4585435
2021-06-17,0.36808088,0.53371805,0.55202794,0.44353417,0.57215047,0.4806975,0.4560157
2020-08-23,0.37017554,0.5364532,0.55479807,0.4459199,0.5750939,0.48331776,0.45842585
2021-11-26,0.37032518,0.5366565,0.55489206,0.44608268,0.5751146,0.48337212,0.45858148
2023-12-03,0.37055328,0.5368957,0.5552068,0.44628707,0.5754057,0.48364055,0.45877343
2019-09-23,0.3693104,0.53522974,0.5538534,0.4452874,0.573732,0.48248968,0.45782903
2023-05-05,0.37048155,0.53684294,0.55533075,0.44627762,0.57535326,0.48367146,0.45884028
2022-05-25,0.3691269,0.53513855,0.55336386,0.44471186,0.5735877,0.48196208,0.45724976
2021-09-26,0.37000257,0.53623545,0.55429,0.44555044,0.5745978,0.48291427,0.45839885
2022-03-18,0.3704017,0.5368078,0.5552064,0.4462593,0.57520103,0.48359317,0.45866135
2024-12-10,0.37063578,0.5369708,0.5550718,0.44635907,0.5755275,0.48375556,0.45882642
2022-08-18,0.36859846,0.53387135,0.5520934,0.44386378,0.57157487,0.48063383,0.45556712
2024-09-24,0.3685427,0.5343577,0.55254686,0.44436958,0.5720793,0.48158556,0.45668507
2023-01-30,0.3691287,0.5352225,0.5530991,0.444826,0.57360154,0.48201913,0.45734066
2020-02-08,0.37048608,0.53682774,0.55521363,0.4462822,0.5752586,0.48352838,0.45888415
2019-04-11,0.36996382,0.5361211,0.554609,0.44574305,0.5747063,0.48305392,0.45824093
2021-08-09,0.3693115,0.53607595,0.5535996,0.44524607,0.5742262,0.48204267,0.45819283
2021-12-25,0.37061918,0.5370509,0.5554041,0.44642633,0.5755414,0.4837668,0.45894322
2020-02-22,0.37040725,0.5366677,0.5549638,0.44615912,0.57495487,0.48327264,0.45866773
2019-08-28,0.36865774,0.53442377,0.5528973,0.44437936,0.573265,0.4820947,0.45609784
2021-01-22,0.3704602,0.5367431,0.5550815,0.44617,0.5751255,0.4834236,0.4586387
2020-01-22,0.37055966,0.53697294,0.55534786,0.44636405,0.57546073,0.4836941,0.45890817
2022-06-12,0.36985424,0.53597903,0.5543259,0.4455709,0.5743823,0.48297033,0.45801204
2020-05-01,0.37044406,0.53680617,0.5551092,0.44622937,0.57530046,0.48357025,0.45874754
2024-12-21,0.37065098,0.5369571,0.5549634,0.44635022,0.5755513,0.48379475,0.4587932
2019-05-28,0.36985368,0.53601867,0.5543577,0.44567505,0.5746159,0.48304862,0.45820758
2022-12-16,0.369423,0.5354682,0.55355805,0.44502777,0.5738442,0.48220357,0.45748946
2020-08-13,0.37021962,0.5364934,0.5548384,0.44596303,0.5749988,0.4832747,0.4584324
2020-09-07,0.3696487,0.5357133,0.5540685,0.44536045,0.5743362,0.48271242,0.4577869
2024-09-23,0.36791894,0.5335482,0.5517014,0.4437328,0.571009,0.4809739,0.45595792
2021-07-21,0.36965248,0.53580886,0.5541733,0.44584,0.57465416,0.4828008,0.45851785
2019-10-08,0.37010887,0.5362749,0.5545754,0.44586626,0.5747863,0.48331955,0.45838386
2023-01-21,0.36912793,0.5352114,0.55304396,0.44484743,0.57355124,0.48193073,0.45731816
2023-08-08,0.3697992,0.535895,0.55421185,0.44548136,0.57443136,0.48279437,0.4579446
2019-04-27,0.37042287,0.536703,0.5551273,0.44616988,0.5751895,0.48349783,0.45867932
2019-05-06,0.3704434,0.5367911,0.55517024,0.4462092,0.5752549,0.48352337,0.45874518
2023-06-07,0.36993834,0.53605384,0.55431414,0.445567,0.5745081,0.48288074,0.45806518
2020-08-25,0.37006485,0.5365398,0.55479836,0.4460047,0.5750049,0.48332924,0.4585022
2024-08-23,0.36989078,0.5360434,0.55440694,0.44558352,0.574581,0.48293927,0.4581124
2024-03-14,0.37012798,0.53616303,0.5544533,0.44580144,0.5744689,0.48297316,0.4580475
2024-07-07,0.36946934,0.5353949,0.55333376,0.44524857,0.5740573,0.48253235,0.4582184
2024-03-04,0.370157,0.5362441,0.5543258,0.4456795,0.5743369,0.48278758,0.45824298
2024-01-18,0.3706042,0.5369892,0.555314,0.44636542,0.57541835,0.48366123,0.45886287
2022-12-05,0.36950248,0.53558767,0.5536649,0.44512203,0.5739709,0.4823432,0.45761478
2024-01-16,0.37060753,0.53700066,0.55534124,0.44636923,0.5754366,0.4836808,0.45888156
2023-02-12,0.36921978,0.5354866,0.5530143,0.44502944,0.57393956,0.48230377,0.45767495
2020-12-06,0.37060198,0.53701794,0.55537003,0.44639042,0.5755121,0.48376054,0.45891517
2024-02-07,0.3703048,0.53657097,0.55483204,0.44599617,0.5749106,0.48321503,0.45846948
2022-11-16,0.37016374,0.5364311,0.5546437,0.44588175,0.57486844,0.48318803,0.45842674
2024-04-29,0.37041903,0.53677917,0.5551419,0.44622496,0.5752037,0.48349905,0.45877433
2022-01-17,0.37061492,0.53703845,0.55540484,0.4464112,0.5755242,0.48375535,0.45892522
2024-07-18,0.3695793,0.5356192,0.5539042,0.4453371,0.5742076,0.48240077,0.45802715
2023-05-11,0.3704356,0.5368538,0.5552239,0.4462912,0.5753323,0.48364747,0.45879412
2024-08-11,0.37015638,0.53641987,0.5547362,0.44590324,0.57496065,0.48323318,0.45847845
2021-10-17,0.36894378,0.5349526,0.55288273,0.44544247,0.57408094,0.48261082,0.4582015
2023-04-18,0.3702174,0.5362121,0.5547449,0.44587383,0.5748139,0.4832298,0.45843256
2023-05-25,0.37038583,0.53672296,0.55490935,0.44615945,0.5752253,0.48346785,0.45872447
2021-12-06,0.37040317,0.5367724,0.55504405,0.4461814,0.57523006,0.48349637,0.458678
2021-10-24,0.36938354,0.5353559,0.5535588,0.44565782,0.57431316,0.4824743,0.45830378
2020-12-31,0.37054905,0.53694546,0.5552959,0.44632506,0.5754227,0.4836527,0.45886198
2024-06-11,0.36996213,0.536077,0.5541524,0.44557258,0.5743013,0.48285133,0.45802167
2023-03-05,0.36986408,0.5360077,0.55418515,0.44530138,0.57453686,0.48288763,0.45825565
2020-11-05,0.3705567,0.53694874,0.55527014,0.44635364,0.5754795,0.48371857,0.45885706
2021-02-01,0.37037387,0.53652436,0.55479157,0.4460438,0.57472587,0.48311362,0.4583505
2021-12-31,0.3705962,0.5370201,0.55536824,0.44640073,0.57550734,0.48374435,0.458915
2024-09-11,0.3699548,0.5361839,0.55455,0.44566435,0.5747543,0.48303533,0.4581192
2020-09-03,0.36947802,0.53550446,0.5538925,0.4451743,0.57408696,0.4824839,0.45762292
2022-07-12,0.36964783,0.53557694,0.55388576,0.44533357,0.5740688,0.48241076,0.45764753
2021-11-18,0.37021476,0.53652674,0.5547527,0.4459613,0.5749973,0.48327366,0.45847815
2023-03-23,0.36916953,0.5349084,0.5534655,0.4446793,0.57373124,0.4820486,0.45737356
2024-07-11,0.3696207,0.5356746,0.55366075,0.44536868,0.57427955,0.48248634,0.45819327
2024-04-16,0.37048057,0.53688616,0.55525774,0.44628897,0.57539636,0.4836574,0.45880917
2022-11-21,0.36988848,0.5360842,0.55424345,0.44555214,0.5745158,0.48283738,0.4581098
2019-05-11,0.37035665,0.53669953,0.5550466,0.44612154,0.5751532,0.48340634,0.45868072
2023-04-22,0.37040627,0.53630364,0.5549287,0.44604996,0.5749655,0.48320973,0.45860758
2019-06-17,0.36988556,0.53594035,0.5541927,0.4455017,0.5744176,0.48262846,0.457975
2022-08-29,0.36759663,0.5322533,0.55032974,0.4425353,0.5693062,0.47891894,0.453469
2023-04-16,0.36996567,0.5357963,0.55437356,0.4455407,0.5744478,0.4828882,0.4581083
2020-01-28,0.37053,0.5369142,0.5552995,0.44632724,0.57540095,0.48364133,0.45889592
2022-05-08,0.37012202,0.5363099,0.5548087,0.44583422,0.57470554,0.4831583,0.45833153
2024-12-22,0.37064964,0.53694534,0.5549391,0.4463451,0.5755501,0.48377723,0.45878828
2024-04-30,0.37040955,0.53675157,0.5551188,0.44621158,0.5751588,0.48342505,0.45881256
2021-12-20,0.37060884,0.53703344,0.55536276,0.44641083,0.57552034,0.48374677,0.4589249
2019-11-08,0.3705333,0.5369266,0.555298,0.44632053,0.5754356,0.48362347,0.45886624
2023-11-01,0.36984167,0.5360007,0.554278,0.44563594,0.574648,0.48301652,0.45818833
2021-04-30,0.37043828,0.5367222,0.55517906,0.4462035,0.57525337,0.483551,0.4587446
2020-04-02,0.36986637,0.5360622,0.554713,0.44572714,0.57461554,0.48318458,0.4581118
2019-04-04,0.3700091,0.53629667,0.55473095,0.4458601,0.5749394,0.48318058,0.45837644
2024-08-19,0.3699775,0.53619456,0.55456847,0.44570857,0.57475007,0.48306277,0.45824105
2024-06-15,0.36911345,0.53521496,0.5526986,0.44469574,0.57313585,0.48194447,0.45713753
2021-12-08,0.37042654,0.5367969,0.55505675,0.44620246,0.5752377,0.48352307,0.45868438
2022-02-24,0.37044165,0.5366381,0.5548444,0.44610563,0.57478863,0.48317772,0.45841298
2023-03-14,0.36964947,0.53561676,0.55401367,0.44517392,0.5742986,0.48258582,0.4578899
2021-07-09,0.37026218,0.5365459,0.5547206,0.44605678,0.5750247,0.48335475,0.45862454
2023-01-05,0.36905363,0.5350306,0.5529982,0.44468892,0.5733636,0.48174775,0.45711735
2022-05-31,0.37031546,0.53672385,0.55494964,0.4461085,0.5752085,0.48350117,0.45859492
2023-09-13,0.3676957,0.53354865,0.55153275,0.44312623,0.5720055,0.48051715,0.45578718
2022-04-01,0.3701442,0.5364212,0.55495745,0.44606033,0.57504267,0.4834059,0.45839208
2023-06-10,0.37018594,0.53637016,0.5546864,0.4458739,0.57485455,0.483184,0.4583219
2023-07-29,0.37005186,0.5362057,0.55451757,0.44578966,0.57476616,0.48306248,0.45818678
2022-07-06,0.36966956,0.53559613,0.5537728,0.4453228,0.57414526,0.4824253,0.45769712
2020-09-17,0.3696258,0.5359855,0.5541757,0.44546163,0.57455635,0.4829182,0.4580338
2023-06-20,0.37006193,0.53626883,0.5546174,0.4457669,0.57466936,0.48314467,0.4582831
2022-03-13,0.37035352,0.5366355,0.5549615,0.44605136,0.57503563,0.48344794,0.45856678
2020-10-06,0.3702165,0.5364865,0.5548484,0.44599673,0.5750767,0.48335013,0.4584524
2023-12-10,0.37059614,0.5369293,0.5552584,0.44632107,0.5754484,0.4836684,0.45880535
2019-11-17,0.3705226,0.5369151,0.55526406,0.44629276,0.575429,0.48360354,0.45884234
2023-10-04,0.36835715,0.53406715,0.55216134,0.44375154,0.57271355,0.48134282,0.4565394
2022-01-27,0.37054867,0.5369401,0.55529463,0.44632867,0.57543695,0.48366392,0.45884752
2021-04-19,0.37036255,0.5366759,0.5550606,0.4461531,0.5751976,0.48355156,0.4586553
2024-09-25,0.368725,0.53459007,0.5527294,0.44450116,0.5723875,0.48172456,0.4568925
2022-09-05,0.36917114,0.5350842,0.55341405,0.44486257,0.57372034,0.48247096,0.4568741
2024-11-15,0.37048888,0.5367185,0.5545514,0.44615784,0.57534945,0.48355412,0.45864108
2023-08-19,0.3693806,0.5354212,0.5535661,0.44511268,0.5740092,0.482503,0.45748073
2020-01-24,0.37055096,0.5369597,0.55533844,0.44635347,0.57544595,0.4836817,0.4588948
2024-05-05,0.37048233,0.5367931,0.5550575,0.44633707,0.5750123,0.48311958,0.4591301
2020-07-30,0.37028763,0.5365701,0.5549203,0.44605777,0.57513565,0.4833836,0.45856217
2024-03-11,0.37015802,0.536279,0.554482,0.44580105,0.57449174,0.48297325,0.4581601
2021-12-22,0.37061554,0.53705025,0.555379,0.4464195,0.575527,0.483756,0.45893097
2022-03-19,0.37035882,0.5367559,0.5551398,0.44621357,0.5751429,0.48352385,0.45861992
2022-02-05,0.37050974,0.536883,0.55523694,0.44627348,0.5753408,0.48359182,0.45878175
2023-11-20,0.37042776,0.53669417,0.55490035,0.44617593,0.5752689,0.48352596,0.4586449
2022-06-19,0.3700001,0.5361876,0.5544406,0.44568092,0.5746836,0.4831543,0.45823628
2020-10-19,0.3702121,0.53644955,0.5548425,0.44604027,0.57506084,0.48326486,0.4585656
2024-06-24,0.36970466,0.5359934,0.55409455,0.44573036,0.574596,0.48307705,0.45839548
2024-10-01,0.370091,0.536387,0.5544732,0.44562575,0.57477415,0.48308107,0.45836994
2022-07-26,0.3700006,0.53615123,0.55448246,0.44572514,0.5746256,0.4829825,0.45805216
2024-01-29,0.37051547,0.5368566,0.5551611,0.44623768,0.57524747,0.48352122,0.45874128
2022-01-15,0.37061113,0.5370432,0.55540127,0.44641435,0.5755332,0.48375914,0.45893347
2020-03-06,0.37031865,0.5363801,0.5545164,0.44595632,0.57428,0.48279068,0.4581187
2020-10-13,0.37029684,0.53657615,0.55495566,0.44609377,0.5751347,0.4834138,0.45859256
2022-04-11,0.37009507,0.5362047,0.55464846,0.4457441,0.5748227,0.4831713,0.4582929
2022-03-20,0.37041062,0.5367823,0.555146,0.44621992,0.5751557,0.4835344,0.45865253
2021-09-09,0.3698585,0.5361354,0.55440086,0.44561386,0.57476974,0.48310745,0.45825925
2021-11-30,0.37025368,0.536595,0.5548372,0.44602254,0.57502204,0.48330605,0.45851776
2023-08-22,0.36926195,0.53525573,0.55352044,0.44489703,0.57384115,0.48230127,0.45736817
2022-12-23,0.36917216,0.53514546,0.5531879,0.44475606,0.5734903,0.48189566,0.45719677
2023-12-21,0.37059698,0.5369957,0.5553405,0.44637626,0.5754856,0.483726,0.45888165
2024-05-24,0.3699724,0.5359274,0.5541072,0.4455184,0.57454115,0.48267952,0.45786527
2022-02-03,0.37055403,0.53694296,0.55529815,0.4463318,0.5754159,0.4836574,0.45884007
2024-10-06,0.37021112,0.536487,0.55447936,0.4458293,0.5749915,0.48329103,0.45851165
2021-10-03,0.3695709,0.5355765,0.5537287,0.44520152,0.5740588,0.48253918,0.45776352
2024-08-24,0.3698327,0.53596663,0.55436575,0.44551912,0.5745191,0.48289925,0.45801482
2020-08-29,0.36992607,0.5361175,0.55450463,0.44567287,0.5746831,0.48306236,0.4580702
2023-12-13,0.37058392,0.5369243,0.55524915,0.44631973,0.57543826,0.48366386,0.45881414
2024-02-29,0.37006292,0.5362559,0.5543129,0.44563904,0.5743953,0.48288575,0.4583531
2021-04-23,0.37039518,0.5366725,0.5551136,0.4461507,0.57519466,0.4835191,0.4587001
2024-09-17,0.36988702,0.5361384,0.55442417,0.44562247,0.57472837,0.4829894,0.4581684
2023-10-30,0.36983806,0.5359593,0.55429655,0.4455989,0.5745769,0.48292077,0.45812386
2019-10-15,0.3701966,0.5363506,0.554693,0.44596577,0.57488394,0.4832772,0.45841601
2022-12-29,0.36910343,0.5350769,0.5531018,0.4447019,0.5733772,0.4817888,0.4571295
2023-07-05,0.36814323,0.5336209,0.55215925,0.44358006,0.5720102,0.48090568,0.45589715
2024-09-28,0.36973217,0.53593147,0.55400044,0.44542608,0.5741637,0.48281926,0.45802525
2024-12-20,0.3706428,0.5369676,0.55505455,0.44635954,0.5755291,0.48381874,0.4587917
2021-04-08,0.36990762,0.53612953,0.55454034,0.4456887,0.5746869,0.48312837,0.4581498
2023-07-30,0.37003756,0.53620243,0.5545115,0.44577605,0.57476336,0.4830194,0.45819318
2021-05-11,0.37043634,0.5367687,0.55519265,0.44620255,0.5752551,0.4834976,0.45878592
2022-11-13,0.37027752,0.5365943,0.5548382,0.44603467,0.5750428,0.48335359,0.45856106
2024-10-24,0.36999977,0.53635156,0.55353147,0.44570294,0.57484514,0.48303345,0.45828456
2019-11-16,0.37053308,0.53693587,0.55529886,0.44631484,0.57544744,0.4836081,0.458876
2021-07-30,0.36973876,0.5360807,0.5542251,0.44568655,0.5747477,0.48292384,0.45846784
2020-10-16,0.37029034,0.53653055,0.5549994,0.44610563,0.5751295,0.48334002,0.45863348
2024-05-16,0.36807802,0.5336234,0.55188096,0.44350186,0.572112,0.48055425,0.45598033
2021-06-26,0.37024635,0.5364708,0.5546127,0.44594762,0.57502615,0.4832838,0.45853087
2021-01-21,0.37047797,0.5367897,0.55513334,0.44619972,0.57518446,0.48347571,0.45867905
2023-06-15,0.37009856,0.5363421,0.554599,0.44572687,0.5746743,0.48318002,0.45832166
2019-05-21,0.37032133,0.5366169,0.5549922,0.44608772,0.5750725,0.4833539,0.4586603
2024-07-29,0.36993405,0.53612584,0.5544966,0.44559336,0.57472926,0.48303005,0.45826858
2021-10-14,0.36829802,0.5344984,0.5523312,0.44522387,0.57381344,0.4830963,0.4581681
2021-04-06,0.3699895,0.5362238,0.5545692,0.445762,0.5747967,0.48322466,0.45824564
2021-06-28,0.3703844,0.5366149,0.5548217,0.44609633,0.57517046,0.4834483,0.45862424
2019-08-22,0.36934197,0.53523546,0.55363864,0.44499907,0.57370025,0.48230276,0.4571643
2024-06-26,0.36957496,0.53575325,0.55382186,0.44549698,0.57426405,0.48268846,0.4580775
2022-02-16,0.37048572,0.53679866,0.5551127,0.4462283,0.57517076,0.48345882,0.45866787
2024-11-05,0.37031224,0.53644454,0.553998,0.44587845,0.575141,0.48328558,0.4584538
2022-04-07,0.3702889,0.5365334,0.55498105,0.44608164,0.5751275,0.4834777,0.45851025
2022-05-19,0.3703702,0.53665787,0.5549452,0.4461242,0.57522213,0.48338982,0.45865524
2021-10-15,0.367869,0.5339079,0.55183184,0.44505733,0.5734132,0.48267347,0.45802006
2019-05-16,0.37035188,0.5366754,0.55504405,0.44610924,0.57514,0.4833915,0.45868284
2024-01-17,0.37060145,0.53699374,0.5553285,0.446366,0.5754346,0.483672,0.45887268
2020-01-26,0.37050238,0.53687644,0.5552633,0.4462902,0.57536525,0.48360956,0.45885128
2023-03-04,0.36937508,0.5353351,0.5535306,0.44464582,0.57388604,0.48231414,0.45772326
2020-03-21,0.37036765,0.53665024,0.5551196,0.44616103,0.5751639,0.48351255,0.45865178
2022-02-01,0.37059045,0.53699684,0.5553573,0.44637606,0.5754727,0.48370352,0.4588839
2021-02-04,0.37034422,0.5364761,0.55473375,0.44603187,0.5746609,0.48306194,0.4583054
2021-09-04,0.36987394,0.53587544,0.5543521,0.44573092,0.57468134,0.48313266,0.45823163
2022-08-01,0.3703224,0.5366397,0.55496687,0.4460882,0.5751205,0.4834031,0.45858154
2020-02-19,0.37049776,0.53679776,0.5551086,0.44627157,0.57512367,0.48339364,0.45876992
2021-10-11,0.36882067,0.5348705,0.5528697,0.44529548,0.5738468,0.48260793,0.45797876
2020-04-03,0.36993995,0.5361545,0.5547772,0.4458047,0.57472515,0.48327103,0.45819172
2023-12-27,0.37060118,0.5370081,0.55533606,0.446368,0.5754902,0.48370972,0.4589082
2020-03-04,0.3702818,0.53632104,0.55443317,0.44590095,0.5741722,0.4826977,0.45806918
2023-05-10,0.3704769,0.5368963,0.5552758,0.44632533,0.575374,0.48367384,0.45882958
2020-12-23,0.37053695,0.53693163,0.55528176,0.44632187,0.57543266,0.48368785,0.45885676
2024-11-24,0.37058514,0.53691185,0.5549577,0.446313,0.5754759,0.4836879,0.4588024
2020-08-05,0.3703014,0.5366275,0.55497146,0.44605994,0.57514113,0.48343608,0.45858833
2023-09-19,0.36807808,0.5337003,0.5516412,0.44346645,0.57243335,0.48108357,0.4563495
2020-05-14,0.37040663,0.5367397,0.55508405,0.4461797,0.5751822,0.483518,0.45868233
2020-10-08,0.37024832,0.5365283,0.5548431,0.44601974,0.57510996,0.4833693,0.4585
2020-06-15,0.36967295,0.5358442,0.554077,0.44548258,0.57430553,0.4826803,0.45808268
2021-10-04,0.3695725,0.5355904,0.55375934,0.44528088,0.5740959,0.48256406,0.4577788
2023-10-08,0.3683135,0.5339077,0.55177027,0.44363782,0.572621,0.48132217,0.45659405
2020-04-17,0.3703629,0.5366938,0.55501115,0.44612786,0.5752169,0.48342615,0.4586705
2023-10-17,0.36915478,0.5350398,0.55310345,0.44471842,0.57373005,0.48225883,0.45752752
2024-06-25,0.369499,0.53569996,0.55379254,0.4455886,0.57434475,0.48282686,0.45823413
2022-12-02,0.3695282,0.53563786,0.55376047,0.4451783,0.5740165,0.48239613,0.45766842
2023-05-08,0.3704898,0.5368563,0.55525666,0.4462885,0.5753734,0.48363554,0.45881137
2019-06-12,0.37007132,0.536198,0.55444086,0.44574958,0.5747394,0.48304603,0.45827377
2022-12-15,0.3694378,0.5355047,0.5535694,0.4450614,0.5738829,0.48224372,0.45753196
2020-11-11,0.37053713,0.5369569,0.555234,0.44633228,0.575455,0.48367023,0.45885852
2019-04-06,0.36988837,0.5360367,0.55446917,0.44563082,0.5746332,0.4829322,0.45816123
2021-05-20,0.3704817,0.536865,0.5552153,0.44625866,0.57531714,0.48359984,0.45881248
2023-10-19,0.369417,0.5354159,0.5535407,0.4450462,0.57403904,0.48251665,0.45775136
2020-11-16,0.37052697,0.5369417,0.5551919,0.44631013,0.57543135,0.4836468,0.45884535
2023-11-03,0.36995578,0.5361614,0.554448,0.4457649,0.574814,0.4831503,0.45830584
2024-03-31,0.37035936,0.53665686,0.5549919,0.44614533,0.57520103,0.48350853,0.4586144
2019-06-30,0.37014675,0.53624624,0.5546161,0.44584683,0.5746644,0.48306638,0.45816636
2022-08-04,0.37024662,0.5365356,0.55485654,0.4459989,0.57502276,0.48332784,0.45850363
2024-05-20,0.36808482,0.5334648,0.55173874,0.44344574,0.57221055,0.48053074,0.45585087
2022-06-18,0.36998233,0.53613216,0.5543708,0.4456272,0.57462513,0.48317066,0.4581982
2019-06-05,0.36984348,0.53610975,0.5542412,0.44576484,0.57465184,0.4831446,0.45831364
2022-06-28,0.37001336,0.5362483,0.55435216,0.44571388,0.5747401,0.48306036,0.4582976
2023-04-23,0.3704637,0.5364265,0.5550594,0.44613847,0.5750775,0.48329374,0.45868665
2024-09-30,0.36985594,0.5360927,0.55408925,0.44549847,0.57432884,0.4828981,0.4581612
2020-08-19,0.37018257,0.53648037,0.5548122,0.44594702,0.57499623,0.48326874,0.45842078
2023-07-27,0.3700875,0.5362458,0.55455357,0.44584247,0.5748163,0.48307472,0.4582575
2024-03-09,0.37022442,0.5363364,0.554458,0.44578537,0.5744191,0.4828729,0.458234
2023-07-26,0.37021923,0.536474,0.5548022,0.44599056,0.5750361,0.4832698,0.4584471
2019-11-27,0.3705229,0.53693354,0.5552696,0.4463142,0.57540953,0.4836425,0.45884308
2020-04-29,0.37045833,0.5368006,0.5551594,0.4462276,0.5753127,0.48357987,0.45875368
2021-09-24,0.37002143,0.5362485,0.5543054,0.4455555,0.5745766,0.4829358,0.45838818
2020-10-28,0.37044477,0.5367954,0.5550787,0.4462467,0.57528704,0.48357186,0.45871985
2023-03-06,0.36979342,0.5359032,0.55414987,0.44524962,0.5744538,0.48279226,0.45814407
2024-03-08,0.37022236,0.53629273,0.5543608,0.44579485,0.5743229,0.48274958,0.45816836
2022-11-05,0.37033546,0.53661525,0.5548184,0.44610664,0.5751166,0.48346785,0.45861357
2020-12-10,0.37060064,0.53702986,0.55538076,0.44638777,0.57552093,0.4837752,0.45892146
2024-10-16,0.37019593,0.53657985,0.5544338,0.44591877,0.5750103,0.4833016,0.45851997
2021-04-18,0.37036964,0.5366781,0.5550559,0.44615546,0.5751869,0.4835515,0.4586404
2020-08-21,0.3701348,0.53643644,0.5547711,0.44592276,0.57494366,0.48321152,0.45837244
2024-06-18,0.3697853,0.5361463,0.55427927,0.4456654,0.57455564,0.4831022,0.45830026
2024-06-02,0.3700372,0.536209,0.554575,0.44590607,0.5747728,0.48313883,0.4583288
2022-01-05,0.3706344,0.53707874,0.5554402,0.44644013,0.5755629,0.48379296,0.45895928
2022-04-13,0.37024966,0.5364335,0.5548592,0.44592533,0.5750096,0.48332667,0.45848006
2023-11-30,0.3705347,0.53687894,0.5551837,0.44627404,0.57539487,0.48361266,0.4587658
2023-12-20,0.3706022,0.53699607,0.5553346,0.44637245,0.5754859,0.48371965,0.45888525
2021-10-30,0.36926,0.5352202,0.55350846,0.44563887,0.5742141,0.48232594,0.45830053
2023-05-02,0.37045917,0.5366706,0.5552386,0.4462034,0.57522213,0.48353568,0.45877182
2021-12-04,0.3704035,0.5367597,0.554988,0.44616944,0.57521945,0.48348022,0.45866367
2021-02-11,0.370411,0.53649306,0.55469674,0.44607747,0.57456833,0.4829974,0.4582842
2021-07-01,0.37020013,0.5363247,0.5545091,0.4458359,0.574698,0.4830737,0.45826036
2021-10-12,0.3688663,0.53499746,0.55298764,0.44536507,0.57400393,0.48287213,0.45813093
2024-02-26,0.36935318,0.5358192,0.5535368,0.4451727,0.57390195,0.4822219,0.45789644
2023-07-03,0.36835536,0.53383964,0.55232567,0.44378364,0.57227254,0.48106083,0.4561045
2020-10-14,0.37031657,0.53659916,0.5549704,0.44610992,0.5751611,0.4834282,0.45861602
2023-12-26,0.3706105,0.5370024,0.5553286,0.44635954,0.57550055,0.48371762,0.45890936
2019-09-14,0.36912528,0.53507066,0.5535759,0.4451368,0.5738649,0.4827857,0.45784393
2019-04-13,0.37012202,0.5363254,0.55479956,0.44587925,0.574881,0.48320338,0.45840365
2020-09-11,0.36948055,0.535582,0.5539703,0.44552422,0.5744151,0.48263288,0.45807758
2024-12-06,0.37061885,0.53692096,0.5548057,0.44632012,0.57553726,0.48370546,0.45879912
2024-09-14,0.36987618,0.5360597,0.5543501,0.4455515,0.5746344,0.48294416,0.4580747
2020-10-18,0.37024826,0.5364778,0.55490977,0.44608724,0.5750669,0.48327866,0.458588
2022-01-30,0.3705517,0.53694046,0.55530536,0.44632918,0.57541955,0.48365462,0.45884064
2024-12-28,0.3706645,0.5369721,0.5551073,0.44637132,0.5755586,0.4837462,0.45883617
2021-07-06,0.37033033,0.53668123,0.55481523,0.44610256,0.5751967,0.48343864,0.45871294
2021-11-08,0.36966956,0.53577024,0.5539692,0.44578874,0.5745163,0.48281914,0.4583015
2024-08-17,0.36987963,0.5360273,0.55443776,0.44559464,0.5745967,0.48290297,0.45809138
2022-11-29,0.3694215,0.5355,0.5535856,0.44502616,0.5738786,0.48224372,0.45755678
2021-05-28,0.36829507,0.535203,0.55286556,0.44553605,0.57444245,0.48482388,0.45868713
2024-02-23,0.36894056,0.5353711,0.55305433,0.44476208,0.57364595,0.48179168,0.45753238
2023-02-23,0.36943647,0.5353969,0.55367607,0.44478092,0.57391965,0.48239174,0.45771277
2021-06-08,0.37029624,0.5365969,0.5548875,0.44613707,0.57504404,0.4832811,0.4586072
2019-08-15,0.36989686,0.5360236,0.5543531,0.44557193,0.57446754,0.48289308,0.457934
2023-06-16,0.3700048,0.536223,0.55446935,0.4456333,0.57454914,0.48308858,0.45823428
2019-06-01,0.36709017,0.5339773,0.55139214,0.44480863,0.5736323,0.48476627,0.458171
2021-08-31,0.37039042,0.5361892,0.5546673,0.4459532,0.5749438,0.48327455,0.45829415
2024-12-29,0.3706546,0.53699255,0.55515885,0.44638065,0.5755472,0.48374987,0.4588485
2023-08-24,0.3690479,0.5350546,0.5532169,0.44470504,0.5736214,0.48212165,0.45714065
2019-06-25,0.36937708,0.53512657,0.5532651,0.44498584,0.5735187,0.48209295,0.45744798
2024-11-20,0.37054265,0.53681695,0.55472994,0.44624698,0.5754144,0.48361513,0.45871451
2020-07-15,0.37001535,0.536238,0.55457,0.44574693,0.57471424,0.483037,0.45820785
2019-10-18,0.3702765,0.5364356,0.55478376,0.44604325,0.57498235,0.48330897,0.45845652
2023-04-04,0.37014717,0.53633547,0.5547767,0.445847,0.5749136,0.48326707,0.45841932
2022-09-09,0.3691538,0.5350055,0.55337995,0.44481274,0.5736671,0.48250434,0.4567485
2023-05-04,0.37048936,0.53684705,0.55533886,0.44627717,0.5753579,0.4836638,0.45884284
2023-06-28,0.369902,0.5359517,0.554301,0.44561175,0.57455,0.48287433,0.45801416
2022-01-01,0.37059346,0.53700656,0.55534226,0.44640288,0.5755112,0.48374715,0.45890805
2024-05-07,0.3705401,0.5368561,0.55511016,0.4463728,0.5751216,0.48318857,0.45908767
2020-05-29,0.37015077,0.53637606,0.55467814,0.44588912,0.5748399,0.48316836,0.45833912
2019-11-07,0.37051874,0.5369017,0.55525565,0.44630662,0.5754356,0.48360887,0.45885122
2023-11-27,0.37049064,0.5368215,0.5550519,0.4462337,0.57535726,0.4835588,0.4587346
2020-06-24,0.36830676,0.53389907,0.5523144,0.44506708,0.573176,0.4812762,0.45788634
2019-08-31,0.36864972,0.5346324,0.5531003,0.44450468,0.5735835,0.48238203,0.45624825
2023-07-21,0.36996055,0.536058,0.55436033,0.44569144,0.5746527,0.48289868,0.4581226
2024-07-31,0.3701747,0.5364113,0.55478305,0.44586897,0.574965,0.48329347,0.45847544
2020-02-02,0.37051743,0.53689206,0.555275,0.44631281,0.5753622,0.48361477,0.4588741
2020-11-18,0.37050346,0.53690434,0.5551092,0.44628364,0.57540447,0.48358884,0.458814
2024-12-15,0.37062696,0.5369855,0.55514055,0.44636708,0.5755239,0.4837723,0.45883512
2020-04-01,0.3700983,0.53638136,0.5549204,0.445951,0.5749168,0.48338333,0.45837164
2022-03-23,0.37004012,0.5363232,0.5547916,0.44587716,0.5747783,0.4832505,0.4582415
2021-06-23,0.37022027,0.5364381,0.55464184,0.44591177,0.5749386,0.48313922,0.45836052
2023-08-07,0.36987802,0.53595376,0.5542959,0.4455659,0.57451236,0.4828544,0.45799664
2020-07-20,0.37009466,0.53633505,0.5546289,0.44580665,0.57490027,0.48317322,0.45834243
2021-03-18,0.3697054,0.5359407,0.55443156,0.445497,0.57446367,0.48295113,0.45796734
2021-05-30,0.36769757,0.53466153,0.55221915,0.44525677,0.5741246,0.48504362,0.4585394
2024-06-07,0.37018436,0.53639895,0.5546907,0.44593158,0.5748574,0.48321253,0.45843878
2021-08-08,0.36899596,0.5364912,0.55372304,0.4452172,0.57385975,0.48221156,0.45806098
2020-06-08,0.37045872,0.53680307,0.5551033,0.44622096,0.5753491,0.4835777,0.45872828
2022-06-15,0.36989352,0.5360101,0.5543211,0.44554868,0.5745111,0.4830617,0.45807454
2020-02-13,0.37049374,0.536814,0.5551826,0.44629228,0.57521623,0.48347458,0.4588706
2023-01-19,0.36906782,0.5351606,0.5529177,0.44481012,0.5734847,0.4818665,0.45726147
2020-06-10,0.37043667,0.53675526,0.5550951,0.44619495,0.5753095,0.48352292,0.45871663
2024-06-22,0.36979464,0.53614223,0.55424535,0.4457457,0.57463235,0.48322755,0.45837313
2024-05-25,0.37005377,0.5360387,0.5542078,0.44560677,0.57465297,0.4827659,0.45797604
2021-11-01,0.36910376,0.53486186,0.5531549,0.44566613,0.57404435,0.48227486,0.45818862
2021-08-30,0.37034455,0.536206,0.55468184,0.44591802,0.57488304,0.48323467,0.45830068
2024-08-14,0.37012002,0.53636193,0.554719,0.44586828,0.5749229,0.48319516,0.45838222
2024-03-07,0.37019715,0.53624964,0.55434,0.4457883,0.5742609,0.48269892,0.45812955
2024-04-10,0.37038806,0.53672814,0.5550586,0.4461755,0.5752637,0.48352602,0.45867288
2022-08-17,0.3690411,0.53470516,0.55297905,0.44449794,0.5728177,0.48165613,0.4566212
2021-03-27,0.36790508,0.5333767,0.55182725,0.4431706,0.5720213,0.48072633,0.45584533
2024-10-10,0.3701211,0.536364,0.5542242,0.44576347,0.5749158,0.4831935,0.45842195
2021-11-13,0.37012124,0.5364241,0.5546043,0.44589517,0.5749149,0.4831986,0.45839414
2021-08-18,0.37037936,0.536753,0.5549567,0.44621813,0.5752958,0.48356086,0.45872924
2023-08-12,0.3690727,0.53499705,0.553167,0.44469842,0.573476,0.48192388,0.4571164
2024-09-05,0.36948776,0.53556275,0.5538892,0.44511598,0.57415974,0.48258582,0.45759243
2019-04-14,0.37013254,0.536358,0.554845,0.44591346,0.5749154,0.48322678,0.45840752
2019-05-23,0.37023944,0.53647774,0.55490905,0.44597578,0.574958,0.48325595,0.45859617
2023-10-10,0.36851606,0.53419197,0.55203885,0.44390804,0.5729102,0.4815882,0.4568902
2020-11-04,0.3705618,0.536944,0.55526227,0.44636676,0.57546717,0.48369676,0.45884657
2023-03-28,0.37006575,0.53625476,0.55462414,0.44568992,0.57484573,0.4831627,0.45839605
2021-02-22,0.37047645,0.53684014,0.5552472,0.44628572,0.5753627,0.4836552,0.45877865
2024-09-29,0.3697818,0.53602624,0.55404454,0.4454859,0.57425886,0.4829141,0.458093
2024-05-18,0.36734867,0.532634,0.550921,0.4426475,0.5712021,0.4797159,0.455113
2020-05-31,0.3695749,0.5356016,0.55390877,0.44522613,0.57410735,0.48248357,0.45764974
2023-05-27,0.3704818,0.5366671,0.5548744,0.4461943,0.5752471,0.48348814,0.45874825
2024-12-04,0.37062678,0.5369499,0.554981,0.44634917,0.57553726,0.48373303,0.45881468
2024-07-23,0.36868098,0.5343191,0.5528525,0.4441803,0.57278436,0.48138514,0.4566034
2021-12-05,0.3704078,0.5367771,0.55502224,0.44619325,0.57522005,0.48347613,0.45868725
2022-08-23,0.3682053,0.53325945,0.5513826,0.4433247,0.5706568,0.47992685,0.45469156
2020-01-04,0.3706059,0.5370411,0.5554135,0.44641778,0.5755319,0.48375508,0.45894974
2019-07-17,0.37014726,0.53638875,0.55474436,0.44588995,0.5748591,0.48313844,0.45837092
2024-05-11,0.37051946,0.53679764,0.5550491,0.44637275,0.5749567,0.48311633,0.4591297
2023-08-10,0.36958942,0.5356737,0.55389917,0.4452528,0.574179,0.48255497,0.45773065
2024-05-09,0.37072423,0.5370892,0.5552435,0.44658282,0.57516176,0.48325026,0.45900068
2019-11-18,0.37054485,0.5369569,0.5553057,0.4463298,0.5754635,0.48365983,0.458884
2022-05-12,0.3703339,0.53661424,0.55502266,0.44607973,0.5750084,0.48332936,0.45857018
2019-11-05,0.37051526,0.53686726,0.5551867,0.44629273,0.57541287,0.48358724,0.45881248
2024-05-21,0.36861855,0.5342331,0.55238837,0.4440401,0.572829,0.48108986,0.4564288
2024-11-08,0.37037864,0.5365238,0.5540031,0.44594243,0.57522637,0.48337802,0.45848608
2021-03-06,0.37026513,0.5366663,0.5551156,0.44611812,0.57517165,0.48355892,0.4585934
2019-09-28,0.36976537,0.53581285,0.5542242,0.44560412,0.5743317,0.48295546,0.45814312
2024-11-18,0.37053367,0.53680277,0.55471313,0.44623578,0.57541114,0.48361528,0.45871267
2023-11-22,0.37046015,0.5367457,0.55498594,0.44621116,0.5752882,0.48355836,0.4586615
2021-05-17,0.37052482,0.5369133,0.55525815,0.44630075,0.57535136,0.48360932,0.45883206
2022-01-10,0.37062213,0.53706235,0.55542713,0.4464299,0.5755532,0.48377052,0.45895466
2020-12-16,0.37059397,0.5370078,0.5553667,0.44637388,0.5755068,0.48374158,0.45890817
2021-03-03,0.37015268,0.5365022,0.5550115,0.44600973,0.5750204,0.48345625,0.45847026
2021-05-22,0.3704643,0.53687817,0.5551788,0.4462881,0.57530206,0.48364568,0.4588159
2022-03-02,0.37040788,0.53660625,0.55479485,0.44606563,0.5747785,0.4831906,0.4584104
2019-10-07,0.37004095,0.5361714,0.55447483,0.44578934,0.5746774,0.48325005,0.45832387
2019-06-28,0.36975703,0.5356254,0.5538776,0.44540215,0.57405037,0.4826401,0.4577946
2020-10-26,0.3703721,0.5366907,0.55495876,0.4461696,0.5752008,0.48349783,0.45865017
2020-07-26,0.37021825,0.53649503,0.55483913,0.4459957,0.5750645,0.4832487,0.45849591
2020-02-17,0.37045133,0.5367389,0.55509317,0.4462368,0.5750731,0.48337403,0.4588077
2021-02-10,0.37039042,0.53647804,0.55473524,0.44607547,0.5746368,0.48304024,0.45831183
2021-12-24,0.3706126,0.5370487,0.5553784,0.44641775,0.5755291,0.48375311,0.45893326
2023-06-13,0.37003753,0.5361593,0.5543755,0.44562787,0.57453686,0.4830339,0.45817155
2020-07-10,0.36967814,0.5357338,0.5539816,0.44534105,0.57414687,0.48254812,0.45783016
2023-05-09,0.37048268,0.5368792,0.5552811,0.44631693,0.5753796,0.48367396,0.45881358
2024-05-02,0.37041804,0.5367693,0.555048,0.44622704,0.5751563,0.48335758,0.45879987
2023-04-15,0.36981782,0.53572,0.554091,0.44538325,0.5743483,0.4827814,0.45796603
2019-09-15,0.36885935,0.5346614,0.55326205,0.4449057,0.5734945,0.48255906,0.45759836
2020-02-15,0.37047306,0.5367762,0.55514055,0.4462789,0.57514274,0.48341045,0.45887232
2022-09-28,0.36839372,0.5339802,0.5523864,0.4441207,0.57282346,0.4820228,0.45552817
2024-01-27,0.37051156,0.5368487,0.55515754,0.44622606,0.5752543,0.48350942,0.4587479
2022-08-13,0.36930633,0.5351057,0.5533841,0.44480342,0.57335,0.48209348,0.45703372
2023-10-15,0.3690203,0.53486437,0.5528562,0.44452208,0.57355016,0.48211998,0.45740423
2019-07-05,0.3700482,0.5362467,0.55450904,0.445775,0.574761,0.48308223,0.45827037
2022-07-17,0.36957425,0.5355541,0.55379206,0.44520152,0.57393944,0.4823046,0.45751247
2019-05-09,0.37041092,0.5367592,0.555132,0.4461729,0.57521486,0.483477,0.45872024
2024-10-09,0.370103,0.53635514,0.554226,0.44575205,0.5748954,0.48318624,0.45842904
2024-07-25,0.36882666,0.5345901,0.5531008,0.4443436,0.5729994,0.48170823,0.45681405
2021-05-09,0.37039855,0.5367019,0.55513775,0.4461656,0.5751914,0.48347822,0.45877174
2021-01-23,0.37050548,0.53679353,0.5551218,0.446222,0.5751648,0.4834539,0.45867094
2021-03-22,0.36899278,0.53489417,0.55343896,0.444646,0.5735157,0.48205015,0.45710635
2023-10-23,0.36964995,0.53574914,0.55397177,0.4453387,0.5743358,0.4827343,0.45791656
2023-10-14,0.36890256,0.53471154,0.5526229,0.4443791,0.57340777,0.48204118,0.45729777
2022-01-28,0.37054944,0.5369485,0.5553099,0.44633606,0.575439,0.48367,0.45886075
2020-03-15,0.37043062,0.5366659,0.55511427,0.44617075,0.5751465,0.48350802,0.45866853
2020-02-11,0.37049356,0.53684574,0.5552071,0.4462946,0.57525545,0.48351735,0.45887437
2024-01-25,0.370555,0.5369088,0.55523497,0.44630075,0.5753004,0.4835588,0.45878202
2024-12-18,0.37063295,0.5369691,0.555051,0.44635057,0.5755275,0.48379105,0.4588055
2020-06-05,0.37031874,0.53658307,0.5549105,0.44606408,0.5751441,0.48344237,0.45848808
2021-03-01,0.3703358,0.53673065,0.5551695,0.44618148,0.5752314,0.48359594,0.45865062
2024-02-28,0.36997968,0.5362205,0.5543173,0.4456489,0.5744132,0.48287222,0.45829105
2020-01-05,0.37061185,0.5370463,0.55542225,0.44641188,0.5755452,0.4837785,0.45894662
2023-06-19,0.3700796,0.53627205,0.55460787,0.44577414,0.5746743,0.48314795,0.4582781
2023-06-12,0.37022763,0.5364372,0.5547404,0.44588682,0.5749057,0.4832781,0.4584315
2019-09-02,0.3686692,0.5347084,0.5532798,0.44465148,0.5737741,0.4826077,0.45615786
2023-01-22,0.3691738,0.5352973,0.55312204,0.44491315,0.57364476,0.48204207,0.45739627
2022-07-23,0.36974913,0.53577846,0.55414623,0.4454417,0.57429487,0.48266092,0.45775113
2021-07-29,0.36972514,0.53599846,0.5540947,0.4456507,0.5747667,0.48287863,0.45852643
2022-11-17,0.37012652,0.53637534,0.5545982,0.44585973,0.57483655,0.4831769,0.458394
2020-06-27,0.37022066,0.5364836,0.5547304,0.44600764,0.57493514,0.48331842,0.4585604
2023-11-14,0.37017563,0.5364835,0.55468446,0.44600773,0.57506967,0.4833952,0.4585158
2023-05-18,0.3704783,0.5368205,0.55510473,0.44628602,0.57532334,0.48365507,0.45878372
2021-07-07,0.3703301,0.53663826,0.5548192,0.44608164,0.5751282,0.48340544,0.45864695
2020-08-11,0.37024465,0.5365628,0.5549069,0.44601488,0.57507545,0.48333752,0.45852226
2024-01-31,0.37044805,0.5367808,0.55506396,0.44613317,0.5751937,0.48346457,0.45870548
2024-02-04,0.3702071,0.53646743,0.5547519,0.44588238,0.574897,0.4831794,0.45843387
2021-11-22,0.370152,0.5364548,0.5546446,0.4458983,0.5749025,0.48316926,0.4584076
2024-05-04,0.3704404,0.53673375,0.55506486,0.44628316,0.5749877,0.48313728,0.45913604
2020-07-06,0.36999395,0.53605783,0.5541733,0.44562742,0.5745168,0.48291126,0.4582165
2024-12-11,0.37063566,0.5369957,0.5551434,0.44637644,0.5755342,0.48375714,0.45885172
2020-12-24,0.37053704,0.536945,0.55529654,0.44632718,0.5754356,0.4836769,0.45886502
2024-03-15,0.3701716,0.53615993,0.5544473,0.44582143,0.5745423,0.4830034,0.45808658
2023-10-18,0.36936778,0.53534836,0.55346143,0.44497952,0.5740121,0.48248625,0.4577234
2023-06-21,0.3700299,0.53620243,0.55453813,0.4457265,0.5746117,0.4830963,0.4582251
2019-11-10,0.3705131,0.53690726,0.55524933,0.446297,0.57542175,0.48358914,0.45883507
2021-05-16,0.37049758,0.5368683,0.555239,0.4462787,0.5753226,0.4835693,0.45883337
2022-08-09,0.3699062,0.53604835,0.5543434,0.44558442,0.5745168,0.48293045,0.4580475
2020-04-06,0.36920038,0.5348736,0.55366623,0.44476965,0.5735656,0.48226267,0.45727977
2024-08-08,0.37021264,0.5364562,0.5548057,0.44598648,0.5750737,0.48325902,0.45852426
2023-03-02,0.36979774,0.5359702,0.55413693,0.44536006,0.57448536,0.4828352,0.4581478
2021-11-29,0.37025866,0.53657764,0.554735,0.4460127,0.57503414,0.48329058,0.45850772
2021-04-22,0.37049568,0.5368179,0.5552288,0.44626153,0.5753434,0.48362294,0.45880264
2020-12-14,0.37059444,0.5370116,0.5553616,0.4463775,0.5755153,0.48375905,0.45891118
2020-02-05,0.3705159,0.5368911,0.55527365,0.44632718,0.57535005,0.48359093,0.45891258
2022-06-17,0.36982065,0.5359006,0.5542292,0.44547632,0.57437396,0.48287517,0.45796835
2021-04-24,0.37050238,0.5368469,0.5552602,0.44627634,0.5753683,0.4836303,0.45882165
2023-10-05,0.36831233,0.53399044,0.55201614,0.4436729,0.57265073,0.48128143,0.45651686
2019-12-25,0.37061068,0.5370453,0.55540466,0.4464212,0.5755253,0.48376226,0.45894602
2021-12-26,0.37061504,0.5370447,0.5553628,0.4464221,0.5755389,0.48375952,0.45893297
2024-10-27,0.37008792,0.536218,0.55359507,0.44570792,0.57493937,0.48306927,0.45831174
2023-03-20,0.3686162,0.53409356,0.55269545,0.443966,0.57294685,0.48134735,0.45669526
2020-07-04,0.3699368,0.53602856,0.554126,0.44558433,0.574457,0.48294133,0.45825136
2021-11-19,0.37018043,0.5364797,0.55472296,0.44591698,0.5749523,0.48322523,0.45844492
2021-09-03,0.37013498,0.5359752,0.55445004,0.44586512,0.5747742,0.483256,0.45822382
2019-07-29,0.37009117,0.5362983,0.5546111,0.44576946,0.5746203,0.482992,0.4581492
2024-09-08,0.36962655,0.5357503,0.5540696,0.4452803,0.5743041,0.48265526,0.45773265
2023-10-28,0.36981016,0.53593606,0.5541936,0.44552583,0.57452786,0.4829112,0.45806903
2022-12-09,0.3695125,0.5355865,0.55365777,0.44516617,0.573992,0.48236787,0.45761847
2023-04-12,0.36988074,0.535803,0.55424774,0.44546053,0.5744284,0.48289534,0.45800924
2021-12-02,0.37031075,0.53665733,0.5548728,0.44607404,0.57510585,0.48336855,0.45857832
2024-11-06,0.37034053,0.53645813,0.5539413,0.44589204,0.5751844,0.483323,0.4584499
2021-01-18,0.37054482,0.5368889,0.5552393,0.4462884,0.57528996,0.48356706,0.4587689
2024-03-02,0.37009987,0.5362171,0.5542347,0.4456525,0.5743139,0.48274347,0.4582784
2022-12-17,0.36940715,0.5354429,0.55353695,0.44499996,0.5738145,0.48219025,0.4574706
2021-09-14,0.36978975,0.53605795,0.55422026,0.445502,0.5747915,0.4832241,0.4582206
2020-12-05,0.3705943,0.5370294,0.555371,0.44638497,0.5755156,0.4837606,0.4589196
2021-03-19,0.36945456,0.5355737,0.55412376,0.44521177,0.5741316,0.48267367,0.45766962
2020-11-06,0.37056872,0.5369704,0.55527633,0.44636613,0.5754758,0.48371506,0.45887503
2019-10-11,0.37019125,0.53636426,0.55468214,0.44594124,0.5748561,0.4833452,0.45843408
2021-09-06,0.36979464,0.536028,0.5543089,0.44554785,0.5748055,0.48311132,0.45825115
2024-01-26,0.37050402,0.5368586,0.55515736,0.4462305,0.5752561,0.48351577,0.45875275
2023-09-09,0.36670208,0.5321136,0.55005413,0.44192967,0.5707027,0.47938827,0.4545989
2020-06-19,0.3696145,0.53569055,0.5538802,0.4457951,0.57435745,0.4826073,0.4584457
2019-12-23,0.37060982,0.5370456,0.55540353,0.44642267,0.57552665,0.48375562,0.458937
2022-01-06,0.3706218,0.5370653,0.55542934,0.4464324,0.5755568,0.483778,0.45894903
2020-08-20,0.37015173,0.53639877,0.55474013,0.44588768,0.5749176,0.48320752,0.45834067
2021-07-20,0.36938098,0.53553915,0.5536088,0.4457503,0.57437193,0.48262137,0.45842353
2019-06-26,0.36931562,0.534952,0.5530868,0.44488537,0.57323843,0.48191246,0.45724672
2020-11-03,0.3705254,0.5369152,0.5551952,0.44632754,0.57543314,0.4836506,0.45882723
2024-09-13,0.36984548,0.5360157,0.5543333,0.4455352,0.5746007,0.4829202,0.45805547
2023-12-18,0.37059346,0.5369731,0.5552792,0.44636017,0.57547295,0.4837057,0.45885628
2021-10-10,0.36918467,0.535259,0.55328,0.44536886,0.5740238,0.48264468,0.45798233
2023-10-29,0.36982614,0.53593457,0.55414164,0.445551,0.5745484,0.48289853,0.45806843
2024-12-19,0.3706394,0.5369452,0.55496836,0.44633386,0.5755166,0.48377934,0.45877233
2024-02-05,0.3703575,0.53664047,0.55489844,0.44603723,0.57500434,0.48329848,0.45855525
2023-11-19,0.37038067,0.53665143,0.5549167,0.44613868,0.57521176,0.48345992,0.45860073
2023-05-16,0.37041438,0.53683436,0.55512875,0.44629493,0.5752831,0.48366198,0.4587642
2022-05-16,0.3706132,0.53691524,0.5551868,0.44639307,0.57532966,0.4834528,0.45883054
2020-08-16,0.3701094,0.53645384,0.5547443,0.44595093,0.5748754,0.4832054,0.45839512
2021-02-13,0.3704136,0.5365029,0.55472857,0.44608155,0.5746175,0.48305693,0.45831093
2024-03-18,0.37022364,0.5363169,0.5546381,0.44590768,0.5747316,0.48314443,0.45821914
2023-05-17,0.37045476,0.536861,0.55515796,0.44630852,0.57532007,0.48367155,0.45878848
2019-09-10,0.3696852,0.535777,0.5541481,0.44549605,0.57439774,0.48310032,0.45812222
2023-06-29,0.3695303,0.5354318,0.5537785,0.4451636,0.57399166,0.48242274,0.45754838
2024-01-03,0.37061027,0.5370104,0.5553579,0.44638482,0.57547957,0.483729,0.4588938
2022-09-23,0.36827427,0.5337842,0.5520535,0.44390196,0.57263803,0.48186463,0.4554802
2020-08-01,0.3702699,0.5365887,0.5549115,0.44604114,0.57513297,0.48337653,0.45856637
2019-10-03,0.3698838,0.5359602,0.5542943,0.4456863,0.5744843,0.48308897,0.4582143
2020-05-24,0.3704626,0.53679776,0.55511314,0.44625112,0.5752399,0.4835316,0.45871976
2023-08-16,0.36927006,0.5352561,0.5535059,0.44488004,0.5737994,0.48223516,0.45737082
2020-07-19,0.37018642,0.5364618,0.5547217,0.44592607,0.5750151,0.4833134,0.458453
2019-06-03,0.36752614,0.53438413,0.55186766,0.44505134,0.5739011,0.4847094,0.45830983
2023-01-18,0.3690559,0.5351236,0.5529333,0.44478247,0.57346624,0.4818486,0.45723605
2019-11-30,0.37054452,0.53696805,0.5553039,0.44634357,0.57540995,0.48363608,0.45886046
2020-11-07,0.37055364,0.5369664,0.5552395,0.4463507,0.5754607,0.48369503,0.45886853
2020-06-01,0.369472,0.53544253,0.5537677,0.4450869,0.5739974,0.4823361,0.4575312
2019-07-15,0.37025896,0.53651375,0.55488306,0.44602206,0.5750085,0.4832809,0.45850593
2022-06-24,0.3701542,0.53635144,0.5545346,0.44587463,0.5749566,0.48319927,0.4584616
2022-02-22,0.3704743,0.5367231,0.554958,0.44617236,0.5749374,0.48329514,0.45851985
2019-09-26,0.36964557,0.5356466,0.5541504,0.44550723,0.57415247,0.48279235,0.45803875
2022-12-06,0.3694424,0.53552824,0.5534884,0.44510654,0.57392865,0.4822887,0.45757094
2022-12-18,0.36935744,0.53539646,0.5534484,0.444966,0.57377595,0.48214874,0.45742977
2022-11-08,0.37031218,0.5366273,0.5548365,0.44608524,0.57509035,0.48340333,0.4586019
2020-01-02,0.3706165,0.5370561,0.55542785,0.44642502,0.57554597,0.483776,0.45895782
2019-12-16,0.37059435,0.5370296,0.5553612,0.44640756,0.5754969,0.4837203,0.4589177
2024-05-19,0.36775863,0.5331368,0.55142003,0.4431132,0.57178503,0.48018956,0.45556965
2020-05-23,0.3704643,0.53677106,0.55512834,0.44624346,0.5752353,0.4835316,0.45869702
2019-09-03,0.36856553,0.5345738,0.5530956,0.44452697,0.5736624,0.48251292,0.45619214
2021-02-09,0.37039676,0.53647465,0.5547195,0.44605973,0.57460546,0.48301697,0.4582917
2024-12-30,0.3706699,0.5369768,0.5551528,0.44637218,0.5755441,0.48374072,0.45882663
2020-05-04,0.37046173,0.53684413,0.55516803,0.44625476,0.57531303,0.48358747,0.4587691
2022-07-25,0.369973,0.5361239,0.5544632,0.44571787,0.5746331,0.48298505,0.45808908
2024-05-17,0.36758393,0.5329681,0.5512554,0.44290948,0.57150733,0.47999743,0.45540652
2019-11-15,0.37050354,0.5368902,0.555232,0.44628525,0.5754197,0.48359394,0.45882955
2019-12-31,0.3706131,0.53704953,0.55541986,0.44642168,0.5755393,0.48376897,0.45894754
2019-11-03,0.37051415,0.53688985,0.5552163,0.4463157,0.5754214,0.48361412,0.4588465
2023-12-23,0.37060192,0.53701174,0.5553407,0.4463868,0.57550263,0.48372802,0.4589085
2020-07-13,0.36938807,0.5354205,0.5536904,0.4450129,0.5737858,0.4822237,0.45746434
2022-03-04,0.37038857,0.5365063,0.55463827,0.44599843,0.5745005,0.48296425,0.45823053
2023-03-26,0.3696824,0.5356095,0.55403525,0.4452516,0.5742959,0.48267135,0.45786497
2021-05-01,0.37043262,0.536716,0.5551693,0.4461947,0.5752435,0.48354745,0.4587302
2024-06-28,0.3696868,0.5357833,0.55402803,0.44556984,0.5743594,0.48266536,0.45820844
2024-08-22,0.3699612,0.53615195,0.5544982,0.44566843,0.5746895,0.48306426,0.4582124
2020-05-02,0.3704615,0.5368259,0.55515,0.4462428,0.5753175,0.48359075,0.4587625
2021-03-07,0.37027,0.53669447,0.555156,0.44617513,0.5751899,0.4836062,0.45860428
2022-05-23,0.36971706,0.535912,0.5541146,0.44540802,0.57441103,0.4826728,0.45796835
2020-02-16,0.3704433,0.536719,0.5550917,0.44623587,0.57507116,0.4833738,0.45885977
2022-06-25,0.37010747,0.5362896,0.55437344,0.44580805,0.5749158,0.48315653,0.4585035
2024-11-07,0.37037635,0.53652996,0.55404615,0.44593972,0.5752323,0.48333526,0.45850396
2020-12-28,0.3705789,0.53698266,0.555345,0.44636363,0.5754632,0.48369956,0.45888335
2022-09-19,0.3687179,0.5343281,0.5526457,0.44433266,0.573061,0.48217252,0.4560041
2022-12-13,0.36986083,0.53606135,0.5542428,0.44554192,0.5744828,0.48278692,0.458041
2019-08-17,0.36967063,0.53571683,0.55408305,0.44533047,0.5741577,0.48263136,0.4576334
2023-07-16,0.37010986,0.53627497,0.55457693,0.4458404,0.57478905,0.48318118,0.45823902
2024-10-29,0.3701465,0.53625274,0.55359125,0.44572923,0.57498777,0.4831179,0.4583533
2021-03-23,0.3687963,0.53462315,0.5531653,0.444393,0.57325715,0.48182136,0.45687875
2021-05-18,0.37049556,0.5368761,0.555224,0.44626626,0.5753318,0.48358077,0.45881328
2019-04-18,0.37014428,0.53630954,0.55479014,0.44582948,0.57484543,0.48308873,0.45837605
2021-11-25,0.37026286,0.5366072,0.55484027,0.44603324,0.5750361,0.48331028,0.4585365
2020-01-23,0.37055913,0.5369675,0.55535054,0.44635877,0.5754559,0.48369583,0.45890766
2019-05-22,0.37033105,0.5366058,0.55502445,0.44608727,0.57509536,0.4833558,0.45869187
2022-01-09,0.37062344,0.5370675,0.5554331,0.44643345,0.57555854,0.48377723,0.45895737
2020-09-13,0.3693316,0.53550005,0.55380213,0.44535917,0.5742221,0.48250157,0.45794535
2021-06-12,0.36982155,0.5359123,0.55427146,0.4455444,0.5744201,0.48272794,0.45801714
2023-11-23,0.37046582,0.5367226,0.55483425,0.4461829,0.5753191,0.48355258,0.45864144
2023-06-22,0.37004253,0.536157,0.5544629,0.44574547,0.5746458,0.48311895,0.45821962
2021-10-08,0.36957428,0.5356691,0.5538225,0.4455008,0.574299,0.48279914,0.45806476
2020-03-22,0.37053904,0.53695947,0.55538,0.44635898,0.57546854,0.48373616,0.4588725
2019-10-25,0.37046272,0.5366682,0.55496186,0.44620043,0.5752468,0.48347726,0.45865357
2020-03-05,0.37031674,0.5363945,0.5545519,0.44596383,0.5743785,0.4828655,0.45818758
2022-01-14,0.3706147,0.5370487,0.5554207,0.44642064,0.5755369,0.4837691,0.4589397
2024-08-09,0.37016925,0.5364063,0.55475485,0.44593385,0.5750013,0.48323324,0.4585016
2020-05-21,0.37045348,0.5367183,0.55504894,0.4461958,0.57517684,0.48350954,0.4586456
2020-03-27,0.37023392,0.5365205,0.55507857,0.44606543,0.57505226,0.48345748,0.4585282
2024-11-23,0.3705774,0.5368959,0.55494237,0.44630533,0.57547104,0.48366782,0.45879543
2022-01-16,0.37060595,0.5370374,0.55540574,0.44640857,0.5755303,0.48375607,0.45893335
2024-05-27,0.3703086,0.5363547,0.5546261,0.4458765,0.5749995,0.48310912,0.45827508
2019-10-20,0.37036225,0.536553,0.55489194,0.44611636,0.5750863,0.4833798,0.45856115
2020-08-24,0.3701965,0.5365251,0.5548552,0.44595414,0.57518053,0.48342237,0.4584916
2019-12-20,0.37059516,0.53703433,0.55538213,0.44640297,0.57550615,0.48374242,0.45892358
2019-04-10,0.36979568,0.53583014,0.5543594,0.44550055,0.57443345,0.48284826,0.4580029
2023-09-08,0.3668896,0.53234816,0.5503372,0.4420745,0.57100636,0.4796214,0.45479983
2022-07-31,0.37035084,0.5366462,0.5549781,0.44611692,0.57514936,0.4834192,0.45859772
2019-07-07,0.37006405,0.5362751,0.55457985,0.44578153,0.57477045,0.48305938,0.4582574
2023-09-26,0.36827233,0.5338762,0.5514902,0.4436772,0.5727579,0.48143128,0.4568691
2024-01-20,0.37059066,0.53698266,0.55531293,0.44635108,0.5754037,0.48364735,0.45886022
2021-11-12,0.37010157,0.53638136,0.5545378,0.44588542,0.5748937,0.48319626,0.45837995
2024-03-21,0.37023696,0.53634477,0.55462235,0.44592902,0.57482976,0.48320162,0.45821044
2024-03-20,0.37025943,0.536402,0.5547069,0.4459698,0.5748141,0.48322242,0.45828655
2020-03-25,0.37038773,0.5367944,0.5552833,0.44625932,0.57529354,0.4836613,0.45872074
2023-10-24,0.36976308,0.53585654,0.55413675,0.44547018,0.5744394,0.4828334,0.45801955
2024-11-01,0.37015685,0.5363279,0.5537809,0.44579718,0.5750437,0.4831828,0.458411
2024-10-20,0.36998662,0.5364461,0.55386955,0.4457781,0.57477707,0.48310375,0.4583386
2020-11-01,0.37049106,0.5368782,0.55516607,0.44631317,0.5753788,0.4836091,0.45879933
2019-06-16,0.36996314,0.53601897,0.55428725,0.44557765,0.5745039,0.48275274,0.45803577
2020-11-26,0.37054917,0.53698564,0.555268,0.4463486,0.5754674,0.48369667,0.4588839
2022-08-03,0.37025878,0.53654855,0.5548479,0.44600886,0.5750311,0.4833349,0.45850453
2021-01-13,0.3705664,0.5369304,0.55528307,0.44632092,0.57538223,0.4836294,0.45882544
2019-11-01,0.3705194,0.5368578,0.5551761,0.4463014,0.575391,0.48357666,0.45882052
2019-08-21,0.36951986,0.5354543,0.55384225,0.44516996,0.5738879,0.48245093,0.4573957
2019-08-30,0.36881545,0.53469574,0.55315584,0.44461146,0.5735338,0.48235574,0.45639908
2020-03-14,0.37046853,0.5367179,0.55516946,0.44621918,0.5751836,0.48352876,0.45871472
2022-08-08,0.37000966,0.53618234,0.5544716,0.4457076,0.5746689,0.483039,0.45817927
2022-07-10,0.36956984,0.5354211,0.55367863,0.44524848,0.57398194,0.48230782,0.45755568
2021-04-05,0.36958337,0.5356056,0.5539304,0.44518903,0.5741685,0.48266467,0.45772165
2021-08-19,0.37042272,0.5368145,0.55501086,0.44627064,0.57533693,0.48359963,0.4587592
2024-01-30,0.37052822,0.53685415,0.5551527,0.4462261,0.57524705,0.48350775,0.458747
2023-05-20,0.37041926,0.5367461,0.5550195,0.44622117,0.5752434,0.4835762,0.458738
2021-03-15,0.3700269,0.5363472,0.55481255,0.4458545,0.57486624,0.48328745,0.45832556
2024-01-01,0.37060353,0.5370095,0.55534726,0.44637692,0.575478,0.4837128,0.4588985
2024-01-04,0.37060758,0.5370198,0.5553508,0.446385,0.5754755,0.483729,0.4588957
2020-08-10,0.37032044,0.53668594,0.5550196,0.44609672,0.5751805,0.483441,0.4586103
2021-03-29,0.36748815,0.53275657,0.5512122,0.44268912,0.57144237,0.4802981,0.45532346
2024-11-30,0.37059575,0.53690505,0.5549043,0.4463147,0.57550305,0.48369822,0.45878318
2020-03-09,0.37039742,0.53657746,0.55484486,0.44608936,0.57474893,0.48315647,0.45842144
2024-06-01,0.37019444,0.53645384,0.554784,0.44601533,0.57497215,0.4833029,0.45846924
2022-12-03,0.36944982,0.53555775,0.5536328,0.44509304,0.5739398,0.4823159,0.45759133
2020-05-11,0.37041292,0.5367642,0.55513495,0.4462002,0.57522047,0.48354226,0.458696
2023-07-12,0.3700019,0.5361419,0.55447125,0.44576073,0.57469946,0.48305586,0.45812932
2024-09-26,0.3691474,0.53519315,0.5532384,0.4448268,0.5731715,0.48216033,0.457439
2022-04-25,0.37020355,0.53646314,0.5548135,0.44589603,0.5750432,0.48298272,0.45852333
2019-05-18,0.3703048,0.53657854,0.5549832,0.44604054,0.57506824,0.48333013,0.45863587
2021-07-25,0.3695392,0.53569186,0.5540347,0.4455564,0.57454646,0.4826527,0.45846835
2024-07-13,0.3695189,0.5355102,0.55357206,0.44517386,0.5741116,0.4824734,0.4579637
2021-07-31,0.36966604,0.5362497,0.5541301,0.44559407,0.5746724,0.48300296,0.45851374
2020-10-04,0.37018946,0.5364303,0.5547859,0.4459332,0.5750233,0.48327678,0.45840877
2024-05-28,0.3703693,0.5364508,0.5547421,0.4459924,0.5750588,0.4832673,0.45836243
2024-04-08,0.3704172,0.5367575,0.55513555,0.44619933,0.57528937,0.48357308,0.45869616
2024-11-22,0.370573,0.5368808,0.5549418,0.44630036,0.5754434,0.48366544,0.45877856
2023-12-25,0.3705967,0.53699785,0.5552997,0.4463584,0.57548755,0.48371506,0.45891318
2020-08-27,0.3700499,0.5363113,0.55466074,0.44581938,0.57489264,0.4832054,0.45830393
2020-04-24,0.37039468,0.53672636,0.5550787,0.44617203,0.575259,0.48352537,0.45870796
2021-04-26,0.37043127,0.5367094,0.5551703,0.44619164,0.57524735,0.4835355,0.45873797
2020-05-30,0.3698286,0.5359679,0.55425316,0.44551504,0.57442564,0.48277846,0.45797724
2020-09-19,0.3697803,0.536166,0.55437756,0.44550467,0.57476944,0.48308244,0.45814782
2023-04-05,0.3699136,0.5359675,0.5544791,0.4455246,0.5745583,0.48298255,0.45812762
2022-06-03,0.3701614,0.536392,0.5547204,0.44592863,0.57486045,0.48336822,0.45832574
2024-09-06,0.36950833,0.53559816,0.55392396,0.44513547,0.5742062,0.48257995,0.45762807
2023-06-11,0.3703316,0.53657556,0.55491966,0.44605204,0.575104,0.48338294,0.45851102
2022-09-26,0.36802906,0.5335017,0.55190593,0.44371736,0.57241637,0.48171324,0.4550394
2024-08-31,0.36924127,0.53523004,0.553623,0.44485012,0.5737383,0.48218682,0.45726228
2021-08-01,0.3697429,0.5365718,0.5544927,0.4457264,0.5747872,0.48307583,0.45850682
2019-09-21,0.36896497,0.53485316,0.5533587,0.4450225,0.5734461,0.48247936,0.45765552
2020-09-23,0.37014395,0.5364739,0.5547498,0.4458601,0.5749737,0.48332766,0.4584085
2022-12-19,0.36939532,0.53547275,0.553535,0.44505715,0.57383364,0.48222685,0.4574948
2021-06-03,0.36999246,0.53615624,0.5545041,0.4457927,0.5746644,0.4830458,0.4582488
2022-11-04,0.37031114,0.53656936,0.5547953,0.4461129,0.57507986,0.48344567,0.45859006
2024-03-16,0.3702452,0.53638273,0.5546642,0.44595623,0.57475984,0.4831608,0.4582943
2021-10-16,0.3683525,0.5344282,0.5523785,0.4452366,0.5737464,0.4827778,0.45812362
2022-08-10,0.36987603,0.5359806,0.55431473,0.44554588,0.5744738,0.48289314,0.4579802
2022-02-13,0.37040913,0.5366857,0.5550208,0.44611475,0.5751197,0.4833986,0.45859686
2022-05-09,0.3700053,0.53615206,0.55466145,0.44569275,0.5745235,0.48302227,0.45819488
2023-11-07,0.37000915,0.53625673,0.5544426,0.44586134,0.5749351,0.4833407,0.45838967
2020-07-25,0.37016326,0.53638875,0.5547428,0.44594193,0.57498515,0.48315006,0.45843044
2024-10-12,0.37010437,0.5363535,0.55413014,0.44573888,0.5748861,0.4831681,0.45838076
2023-11-06,0.36993998,0.53617996,0.5543083,0.4457719,0.574844,0.48325205,0.45832968
2022-11-24,0.36975384,0.5359116,0.55407083,0.44539753,0.57432383,0.4826759,0.45794666
2023-10-02,0.36817867,0.5338188,0.55186945,0.44353393,0.5725081,0.4811216,0.45634377
2023-02-22,0.36946428,0.53545517,0.5536514,0.4448274,0.5739586,0.4824343,0.4577756
2024-12-07,0.37062672,0.53693897,0.5549459,0.44633842,0.57553256,0.48372182,0.45881116
2019-04-19,0.37031502,0.53660256,0.5549634,0.44602686,0.57513756,0.48307183,0.45862353
2021-08-13,0.36996445,0.53626394,0.5544288,0.44563386,0.57484424,0.48268345,0.45843711
2020-07-17,0.37028402,0.5366036,0.55488807,0.44604766,0.5751206,0.4834023,0.458567
2020-01-31,0.3704277,0.5367739,0.555166,0.4462123,0.5752394,0.48350897,0.45881438
2023-03-08,0.3700127,0.53623176,0.5544606,0.4455989,0.5747475,0.48307583,0.45837548
2023-08-21,0.369335,0.5353057,0.55355567,0.44500124,0.57392186,0.48241132,0.45740324
2022-06-22,0.37025642,0.5364866,0.55475175,0.44600525,0.57509375,0.483332,0.45853305
2021-05-03,0.37042606,0.53672844,0.55517966,0.44619063,0.57525134,0.4835278,0.45875606
2024-12-03,0.37061158,0.5369037,0.5548529,0.44631422,0.5755247,0.48371106,0.45878643
2024-01-14,0.37061706,0.53701085,0.5553422,0.44637606,0.5754574,0.48368758,0.45888826
2023-04-24,0.3705473,0.53678924,0.5552238,0.44630972,0.57534903,0.48358077,0.45884642
2022-09-10,0.3692026,0.5350643,0.5534266,0.44485086,0.57371515,0.4825533,0.45681685
2021-11-24,0.37028292,0.5366241,0.554868,0.4460474,0.57507485,0.48334762,0.45855203
2021-02-25,0.3704712,0.536865,0.55531365,0.44630197,0.5753962,0.48368293,0.45879868
2023-05-01,0.3704497,0.5366068,0.55521715,0.44618842,0.57516533,0.48347753,0.4587644
2023-03-27,0.3700524,0.53617364,0.5545353,0.44565204,0.5748047,0.48312247,0.4583544
2021-03-20,0.3698506,0.53609973,0.554588,0.44565824,0.574644,0.48308185,0.45812616
2021-12-27,0.37059817,0.5370255,0.55536,0.44640553,0.5755084,0.48375335,0.45891008
2021-11-11,0.37009183,0.5363782,0.55455345,0.44592628,0.5748731,0.4832309,0.4583977
2022-12-20,0.36928576,0.5352853,0.55328935,0.4448765,0.57366455,0.48204064,0.4573241
2023-03-03,0.36975983,0.5359228,0.55406797,0.44530615,0.5744289,0.48280042,0.4581093
2021-06-04,0.36997822,0.5361552,0.5545067,0.44576845,0.5746526,0.48297855,0.4582404
2023-09-03,0.36696374,0.5324192,0.55046725,0.44224718,0.57106376,0.4797079,0.45481798
2021-06-15,0.36899686,0.53488505,0.5531965,0.4445611,0.5733429,0.48174554,0.45704517
2024-11-25,0.37058187,0.536855,0.55474114,0.44628242,0.57548803,0.48366308,0.45875385
2020-04-18,0.37036327,0.53669995,0.5550422,0.44613117,0.57522,0.48345602,0.4586751
2023-12-06,0.3705812,0.53690916,0.55521524,0.44631493,0.57545054,0.48367724,0.4587964
2024-06-10,0.3699616,0.5360839,0.55418795,0.4455885,0.5743404,0.48288757,0.4580542
2022-12-01,0.36945543,0.53552336,0.5536143,0.44508982,0.57391846,0.4823063,0.45756635
2024-03-22,0.37019622,0.5363512,0.5546875,0.44590294,0.5748424,0.48320562,0.458289
2021-03-17,0.36980802,0.53607845,0.5545699,0.4456113,0.5745918,0.4830602,0.45808327
2024-04-15,0.37034112,0.5366771,0.55502206,0.44611675,0.57518077,0.48346496,0.45862594
2019-09-08,0.36976093,0.53586817,0.5542127,0.44549933,0.57442826,0.48312882,0.4580545
2022-04-24,0.37026492,0.5365893,0.55490875,0.44596267,0.5751621,0.48294955,0.45863953
2022-07-29,0.37026036,0.5364915,0.5548281,0.44600862,0.5749783,0.4832933,0.45842254
2021-11-03,0.36894417,0.5346354,0.55306065,0.44561917,0.5738593,0.4821366,0.45812845
2021-08-27,0.37031987,0.5364457,0.55485886,0.44604623,0.57500684,0.48338237,0.45848346
2021-02-26,0.3704909,0.5368815,0.5553101,0.4463093,0.5754115,0.48370022,0.45880455
2024-12-08,0.370626,0.53694755,0.55497396,0.4463453,0.57553035,0.4837265,0.4588204
2022-12-28,0.36904085,0.5349998,0.55300975,0.44464314,0.57331824,0.48172778,0.45707375
2024-01-28,0.37050572,0.53685886,0.55516464,0.44623977,0.5752492,0.483518,0.45874935
2020-08-18,0.37025523,0.5365533,0.55489653,0.4460049,0.57506126,0.4833227,0.45847636
2019-07-28,0.37008458,0.5363074,0.5546184,0.4457656,0.5746113,0.48298177,0.4581406
2023-03-11,0.36974502,0.5358204,0.5541477,0.44531733,0.5744348,0.48272824,0.45803842
2023-11-04,0.37000403,0.5362188,0.5544432,0.44580257,0.5748773,0.48322776,0.4583592
2021-07-19,0.36880457,0.5347881,0.5526434,0.4454599,0.5738754,0.48209682,0.45826462
2020-05-06,0.37042338,0.5367756,0.55515844,0.44620046,0.57525015,0.48355758,0.4587093
2024-03-30,0.37042972,0.53677773,0.5550986,0.44624546,0.57530653,0.4835946,0.45870906
2024-02-02,0.37032482,0.53661627,0.5549006,0.4460215,0.5750308,0.48330906,0.458544
2021-10-20,0.36964083,0.5356628,0.5537318,0.44576922,0.57451636,0.48280776,0.4583461
2021-10-19,0.36930183,0.53523266,0.55332595,0.44559607,0.57420254,0.48251897,0.45823282
2023-02-08,0.36905798,0.5351741,0.55296564,0.44475463,0.57360077,0.48198414,0.4573219
2024-08-07,0.37023953,0.53650993,0.5548478,0.44600147,0.5750834,0.48328808,0.4585412
2022-02-02,0.37057778,0.5369769,0.5553225,0.44636133,0.57545507,0.48368415,0.4588661
2024-05-10,0.37067062,0.5370013,0.5551952,0.4465072,0.5751903,0.48327956,0.45906317
2024-09-10,0.3698054,0.53597236,0.5543464,0.4454918,0.5745632,0.48288742,0.45794585
2023-03-10,0.3698802,0.53605205,0.5543456,0.44548258,0.5746036,0.4829198,0.4582078
2023-07-09,0.3693219,0.53523624,0.55361927,0.44499925,0.5737315,0.48222274,0.45740697
2023-09-21,0.36830485,0.533882,0.5518437,0.44367915,0.572577,0.48125887,0.4565421
2021-04-02,0.36931723,0.5353068,0.5536844,0.44499946,0.57400656,0.48248234,0.45752773
2019-08-16,0.36995524,0.53611207,0.55443573,0.44564873,0.5745902,0.48297203,0.45805776
2021-10-01,0.36984074,0.5359354,0.5540158,0.44543824,0.5744166,0.4828163,0.45814082
2022-04-04,0.3702918,0.536575,0.5550353,0.44610563,0.57515466,0.4834941,0.45851764
2022-07-13,0.36959916,0.5355655,0.5538406,0.44530872,0.57402796,0.48238313,0.45762458
2024-09-16,0.36988273,0.5361244,0.5543959,0.44558382,0.5746849,0.48297226,0.45813403
2020-10-02,0.3702523,0.5365221,0.5548953,0.4460138,0.5751289,0.48336533,0.4584991
2022-06-09,0.37006545,0.5363114,0.5546795,0.44583616,0.5747212,0.4832462,0.45831603
2023-02-06,0.36950597,0.53568375,0.55371064,0.4452189,0.5741151,0.4824859,0.45775977
2021-02-06,0.37034044,0.53636605,0.5546777,0.4460638,0.5746567,0.48301855,0.45826262
2023-08-25,0.36891976,0.5348547,0.5530822,0.4445278,0.57343525,0.4819528,0.45696136
2023-06-17,0.37008163,0.5362715,0.55457985,0.44573653,0.57466954,0.48316482,0.45828378
2023-01-24,0.36921066,0.535339,0.5531882,0.4449696,0.5736778,0.48209876,0.4574302
2020-11-08,0.37056673,0.5369851,0.5552741,0.4463741,0.57547885,0.48372644,0.45888206
2021-06-07,0.37017468,0.53644836,0.5547182,0.44598487,0.57481676,0.48308975,0.4584292
2020-06-29,0.37019882,0.53639495,0.55458456,0.4458986,0.57480264,0.48327243,0.4584085
2022-03-11,0.37042674,0.5367135,0.5549983,0.44611114,0.5750473,0.4834343,0.45859566
2023-01-04,0.3690709,0.5350289,0.5529854,0.44468352,0.5733606,0.48172745,0.45712078
2024-06-03,0.3702974,0.5365802,0.5549602,0.44612622,0.5751324,0.48342204,0.45862716
2020-08-02,0.3702837,0.53659654,0.5549051,0.44603363,0.5751106,0.4834296,0.45854884
2020-08-22,0.37013918,0.536459,0.55478054,0.4459414,0.5749932,0.48326924,0.45839342
2024-01-05,0.3706127,0.53702617,0.5553741,0.44639578,0.5754936,0.4837242,0.45890865
2022-11-03,0.3702958,0.53656965,0.5548054,0.44610256,0.57508004,0.483429,0.45859566
2019-10-26,0.37046617,0.536673,0.5549317,0.44621593,0.5752594,0.48349237,0.45864987
2021-05-25,0.37021858,0.53669596,0.55489767,0.4462058,0.575198,0.48377526,0.45879355
2021-10-13,0.36852467,0.53468883,0.55261755,0.44526976,0.57385707,0.4830009,0.4581216
2020-08-31,0.37015024,0.53640383,0.5548124,0.44591668,0.5749734,0.4832907,0.458394
2024-12-14,0.37063697,0.5369745,0.5551252,0.446368,0.5755347,0.48376027,0.45883447
2022-09-16,0.3684786,0.5341053,0.55254686,0.4441852,0.57297426,0.4820535,0.45568734
2024-04-22,0.37030154,0.53663045,0.5550107,0.4460732,0.5751134,0.48341846,0.45859787
2021-06-24,0.3701913,0.53643906,0.55457616,0.44589597,0.574942,0.48316544,0.4584009
2020-03-03,0.37032264,0.5363701,0.55445117,0.44591665,0.5741861,0.48270345,0.45805767
2023-09-04,0.36717662,0.5327129,0.550765,0.44247866,0.5714178,0.48002765,0.45512617
2022-08-28,0.36777326,0.53252965,0.5506516,0.44276285,0.5697046,0.4792367,0.45377642
2023-09-23,0.36837238,0.53400373,0.55187607,0.44374183,0.572745,0.48140216,0.45671406
2021-03-28,0.36911955,0.5350878,0.55357087,0.44476587,0.5736757,0.48223183,0.4572717
2021-07-16,0.36944035,0.5355066,0.5535357,0.4457487,0.57430804,0.48252705,0.45838156
2020-11-10,0.37056783,0.53699136,0.5552531,0.44635782,0.5754602,0.4836885,0.45887402
2022-08-06,0.3701685,0.5364144,0.5547402,0.4459073,0.5749145,0.48323262,0.4584027
2022-08-21,0.36870188,0.5340674,0.55226874,0.4440074,0.5718421,0.4808438,0.45574647
2021-05-26,0.36992243,0.5364837,0.5546069,0.44611713,0.57512146,0.4839849,0.45880243
2019-03-26,0.37003338,0.53631425,0.5546657,0.44578114,0.57474846,0.48308623,0.4583063
2022-11-20,0.36996257,0.5361868,0.55436337,0.44566518,0.57460916,0.4829613,0.4581976
2022-01-20,0.37060118,0.53703076,0.5553952,0.44640073,0.57551366,0.48374268,0.4589206
2022-09-08,0.36919156,0.53507006,0.5534845,0.4448762,0.5737517,0.4825413,0.45683938
2024-02-10,0.36999407,0.5362075,0.5544664,0.44565207,0.5745781,0.48290932,0.45819288
2023-11-17,0.37035796,0.536617,0.5547939,0.44614208,0.5752121,0.48349968,0.45859957
2023-02-13,0.36918342,0.53542864,0.5529845,0.44497263,0.5738964,0.4822487,0.45763844
2023-11-21,0.37044165,0.53669006,0.55482405,0.44616458,0.5752731,0.4835306,0.4586158
2020-04-28,0.37044215,0.5367639,0.5551733,0.44620726,0.57529193,0.4835588,0.4587383
2019-08-14,0.3700981,0.53631365,0.5546271,0.44580588,0.5747666,0.4831445,0.4582301
2023-05-30,0.37050134,0.53683454,0.5551117,0.44628128,0.57536155,0.48360226,0.45880163
2019-12-06,0.37058416,0.53701466,0.55531865,0.44639665,0.57544845,0.4836641,0.45889837
2022-11-06,0.37033293,0.5366241,0.55486596,0.44610646,0.5751127,0.48345503,0.45861933
2021-11-07,0.36921868,0.5350708,0.5533658,0.44564834,0.57409686,0.48240334,0.45814872
2020-01-27,0.3704826,0.5368502,0.55524266,0.44627148,0.5753315,0.48358837,0.45885342
2024-12-02,0.37061986,0.53692824,0.5549544,0.4463293,0.5755054,0.48372445,0.4587937
2023-12-24,0.37060317,0.53700054,0.55532265,0.4463617,0.57549316,0.48372087,0.45890224
2024-07-05,0.36918253,0.5350379,0.5526699,0.44498694,0.5738721,0.48230037,0.45824915
2023-09-15,0.36784533,0.5335774,0.551403,0.44323224,0.57231385,0.48090103,0.45618793
2024-03-01,0.37002927,0.53609735,0.5540811,0.44547018,0.57421815,0.48262715,0.45825565
2023-01-20,0.36910358,0.53518546,0.55297416,0.44481906,0.57352066,0.4819044,0.45729202
2020-06-18,0.36947796,0.5355122,0.55373967,0.44566476,0.5742916,0.48251605,0.4583937
2020-01-29,0.37057132,0.5369744,0.5553561,0.44637665,0.57547057,0.48368675,0.45892286
2021-07-14,0.36999112,0.5362415,0.5543247,0.44597283,0.5746157,0.48309872,0.4585113
2019-04-24,0.37051234,0.53689355,0.5552572,0.44629893,0.5753655,0.48361814,0.4588221
2021-10-22,0.37000388,0.53618175,0.5542999,0.44596058,0.5748726,0.48311585,0.45852497
2023-11-26,0.3705016,0.53680766,0.555082,0.44621703,0.5753345,0.48357475,0.4587087
2024-11-27,0.37059522,0.5368494,0.5546579,0.4462753,0.57549906,0.4836739,0.45874128
2021-05-15,0.3705162,0.53689104,0.55526316,0.44629142,0.5753659,0.48357263,0.45885772
2023-10-11,0.36850038,0.53423643,0.552059,0.44397783,0.5728968,0.48160714,0.4569347
2024-07-01,0.36971614,0.5358602,0.5539869,0.44545978,0.57437384,0.48269978,0.45819682
2019-03-29,0.36999348,0.53625375,0.5546396,0.44575784,0.57474965,0.48305026,0.45829442
2019-09-17,0.36877295,0.53445,0.5531148,0.44473955,0.5732183,0.48231125,0.4573985
2021-10-23,0.3698095,0.5358781,0.5540306,0.44588944,0.5746695,0.482938,0.4584338
2020-06-04,0.37015218,0.53638947,0.5546953,0.44587454,0.5748976,0.48324803,0.45832095
2020-03-13,0.37048307,0.5367668,0.5551204,0.44622982,0.57510644,0.4834549,0.45865723
2021-06-02,0.3698035,0.53611374,0.5543586,0.44581166,0.57472336,0.4833832,0.45838356
2022-06-11,0.3699176,0.5360888,0.55438,0.44566312,0.5744814,0.4830656,0.458117
2024-08-30,0.36935925,0.5354305,0.55374664,0.44503373,0.573907,0.48235306,0.45745683
2024-07-17,0.3696828,0.53581935,0.55405116,0.44544533,0.5743659,0.48254862,0.45813403
2020-06-22,0.36714974,0.53235644,0.55089855,0.4446613,0.57231086,0.48003188,0.45770198
2024-05-26,0.37024373,0.53621787,0.5544748,0.44577584,0.57490176,0.48298293,0.45816916
2024-01-22,0.3705882,0.53695554,0.55527014,0.44632772,0.5753661,0.48361602,0.45882797
2023-02-15,0.36927503,0.5355295,0.5531201,0.44502786,0.57400644,0.48236215,0.45776406
2019-12-21,0.37060425,0.53703916,0.5553929,0.44641113,0.5755055,0.48373833,0.45892614
2023-07-20,0.3702052,0.53643215,0.554764,0.44597173,0.574998,0.48323268,0.4584435
2023-04-11,0.36983344,0.5358548,0.55437165,0.4454705,0.5744797,0.48289075,0.45803645
2020-05-15,0.37041906,0.53674954,0.55508405,0.4461905,0.5751973,0.48352268,0.45867714
2024-04-12,0.37040344,0.53674793,0.5550655,0.44618723,0.575267,0.48353362,0.45868617
2021-02-24,0.3704841,0.5368487,0.55528665,0.44628477,0.575373,0.48367023,0.45877334
2024-11-14,0.37048104,0.53674126,0.5547252,0.44618243,0.57531655,0.48355335,0.45865846
2020-09-26,0.37021554,0.5364998,0.5549227,0.44599327,0.57507527,0.48341268,0.4584585
2019-06-04,0.3695001,0.5358862,0.5539269,0.44570923,0.5746231,0.4834859,0.45836473
2022-03-26,0.3700093,0.5363297,0.55485904,0.44592494,0.5748406,0.4833127,0.45825794
2023-07-08,0.368989,0.534833,0.5532386,0.44459912,0.57319385,0.48192954,0.45695013
2020-01-03,0.37061027,0.5370502,0.55542785,0.44642302,0.5755434,0.48377633,0.45895636
2021-04-12,0.37027866,0.53663415,0.5550245,0.44610193,0.57516396,0.48354554,0.45857692
2019-08-24,0.36857873,0.5341428,0.55248827,0.44406244,0.57242334,0.48128313,0.4560183
2024-11-29,0.3706021,0.5368792,0.5547902,0.44629505,0.5755014,0.48366943,0.4587635
2023-11-24,0.37048465,0.53675735,0.55497193,0.44623294,0.57533616,0.48358077,0.45868152
2024-02-08,0.37026623,0.53653103,0.5547782,0.4459402,0.5748586,0.48316777,0.45843628
2021-01-29,0.3704644,0.5366833,0.5549529,0.44614998,0.57490516,0.4832593,0.45849448
2019-09-09,0.3697142,0.53580296,0.5541817,0.44549564,0.57439816,0.48309374,0.45810145
2023-03-24,0.3697991,0.53579587,0.55425376,0.44550085,0.57461417,0.4828002,0.45808238
2022-04-20,0.3702741,0.53654087,0.5549466,0.44599447,0.575111,0.48326847,0.45856202
2024-04-01,0.37033856,0.53662497,0.5549855,0.44611508,0.5751663,0.48349124,0.45858523
2023-12-01,0.37054262,0.5368443,0.55512786,0.4462746,0.57538754,0.48360485,0.458735
2024-02-11,0.37006238,0.53626966,0.55450606,0.4457007,0.5746175,0.48295203,0.45822605
2021-11-06,0.36907026,0.53483397,0.55319047,0.4456386,0.5739623,0.48227233,0.45812878
2021-05-29,0.36736202,0.5344593,0.5518579,0.44519508,0.5740495,0.4853469,0.45860976
2019-09-20,0.36900297,0.53485715,0.5534386,0.44502437,0.57349366,0.48253286,0.4576646
2022-04-21,0.37028238,0.53658766,0.5549289,0.44599018,0.57515395,0.48311746,0.45862395
2024-06-09,0.3701299,0.53628445,0.5544695,0.4458038,0.5746224,0.4830854,0.45827177
2019-04-02,0.3695327,0.53562814,0.5539886,0.44523317,0.57417154,0.48253053,0.4577983
2020-11-13,0.37053135,0.5369346,0.5552178,0.4463382,0.57542706,0.483644,0.45884335
2021-11-09,0.36996865,0.5361454,0.5542509,0.4459016,0.5747742,0.48312375,0.45836496
2022-02-10,0.37044868,0.5367766,0.55511963,0.44618845,0.5752244,0.48348302,0.45869365
2021-03-24,0.3679992,0.53353864,0.5520067,0.44341302,0.57219106,0.48090154,0.45593914
2024-07-12,0.3694625,0.5354765,0.55344754,0.445181,0.57409847,0.4824322,0.45807028
2022-01-23,0.37058008,0.53699285,0.5553543,0.4463679,0.575483,0.4837057,0.4588927
2024-02-01,0.3704158,0.5367262,0.555024,0.44612533,0.5751206,0.48340076,0.458626
2024-08-02,0.3701895,0.5364265,0.5547931,0.44586328,0.5750217,0.48330474,0.45856276
2020-08-06,0.37024656,0.5365538,0.5548865,0.4459847,0.5750492,0.48338604,0.4585401
2024-11-13,0.37048674,0.5367372,0.5547034,0.44617653,0.5753053,0.4835556,0.45865214
2020-06-06,0.37037176,0.5366734,0.5549875,0.4461289,0.57520175,0.4834963,0.4585809
2023-06-30,0.3687928,0.53443956,0.5528532,0.4443225,0.5729137,0.48153803,0.45665583
2019-10-06,0.37005892,0.5361928,0.55451584,0.4458181,0.5747063,0.483262,0.45833197
2020-05-20,0.37043726,0.5367222,0.555078,0.44619685,0.5751755,0.4835122,0.45865804
2020-03-26,0.3703556,0.53672856,0.5552162,0.44621053,0.5752446,0.4836061,0.4586694
2024-06-20,0.36944768,0.5359055,0.553928,0.445545,0.57439095,0.48320964,0.45827878
2021-03-05,0.37013465,0.53648686,0.55495644,0.44597322,0.57501465,0.48341513,0.4584458
2023-11-12,0.36998406,0.53623456,0.5542331,0.44585085,0.57495767,0.48344254,0.4584052
2020-03-01,0.3703098,0.53640527,0.5545541,0.4459555,0.57438254,0.48285055,0.4581948
2024-04-05,0.37027082,0.5365201,0.55489236,0.446014,0.5750614,0.48339707,0.4584941
2024-11-03,0.3702744,0.5364645,0.55410284,0.44589224,0.57513094,0.48330763,0.45846963
2022-07-18,0.3695954,0.5355759,0.55379593,0.4451984,0.57398695,0.48231357,0.45758492
2020-07-29,0.3703373,0.5366422,0.5550011,0.44609576,0.57518715,0.48346075,0.4586
2020-10-10,0.37025014,0.5365019,0.5548122,0.44603822,0.57509583,0.4833393,0.45852968
2023-01-28,0.3692609,0.53536975,0.5533418,0.4449538,0.573731,0.48214945,0.45745668
2020-11-15,0.37052554,0.5369243,0.55517894,0.44631428,0.5754165,0.48362076,0.45883355
2020-12-17,0.37057805,0.536988,0.5553558,0.44636467,0.5754927,0.48373288,0.45889956
2022-05-05,0.37024814,0.5365056,0.5549488,0.4459722,0.5749855,0.48332354,0.45850283
2021-12-28,0.37060934,0.53704405,0.5553995,0.44641903,0.575534,0.48377466,0.45893466
2023-12-08,0.37057635,0.5369032,0.55523086,0.4463441,0.5754326,0.4836785,0.4587953
2021-01-02,0.37058723,0.5369708,0.5553376,0.4463639,0.57545835,0.4836723,0.4588843
2024-06-13,0.36961547,0.5355517,0.5530654,0.4450684,0.57353413,0.4824148,0.4574125
2023-05-07,0.3704582,0.53681487,0.55525714,0.44625083,0.5753267,0.483623,0.45878568
2024-01-02,0.3706105,0.5370012,0.5553406,0.44636953,0.5754743,0.4837139,0.45888326
2022-09-07,0.3692391,0.53511196,0.5534909,0.444893,0.5737731,0.48252654,0.45692483
2022-02-08,0.37050137,0.53686,0.5552034,0.44626203,0.5753152,0.48356906,0.4587652
2019-10-16,0.37020844,0.5363577,0.5546885,0.44596666,0.574891,0.4832688,0.4584118
2020-05-10,0.37045193,0.5368212,0.5551762,0.44624034,0.5752843,0.48357922,0.45874423
2019-05-31,0.36883786,0.5353038,0.5532602,0.44541338,0.5743609,0.48380718,0.45828268
2022-08-26,0.36814067,0.5333508,0.55150384,0.4434328,0.57090145,0.48018444,0.4548659
2024-09-01,0.36926034,0.5352716,0.5536641,0.44487202,0.57378775,0.4822425,0.45728126
2024-10-28,0.37010312,0.53620726,0.5534776,0.44570398,0.5749465,0.48305804,0.45830673
2024-09-20,0.36968896,0.535805,0.5540393,0.44537464,0.574485,0.48286417,0.45801404
2020-09-21,0.36976433,0.5361128,0.55432916,0.44546068,0.574655,0.4829955,0.45807543
2021-11-10,0.3700904,0.5363754,0.55447507,0.445943,0.5749293,0.48323742,0.45844886
2023-11-09,0.36987436,0.53613585,0.55421036,0.445746,0.57482064,0.483324,0.4583272
2023-10-31,0.36989436,0.5360578,0.55435336,0.4456531,0.5746722,0.48300773,0.4582113
2024-06-16,0.36937696,0.5355483,0.5535004,0.44510266,0.57385516,0.48241952,0.45763615
2020-09-09,0.36929286,0.5353387,0.5536858,0.4451109,0.5740054,0.48234454,0.45768
2023-04-27,0.37049222,0.5364238,0.55512077,0.44614464,0.57511854,0.4831947,0.45876542
2023-07-25,0.37017035,0.53639334,0.554718,0.4459219,0.5749524,0.48321763,0.4583575
2021-09-02,0.37028915,0.5360336,0.5545545,0.44590655,0.5747935,0.4832447,0.45819128
2021-11-28,0.37023628,0.5365501,0.5547935,0.44601825,0.57498235,0.48327366,0.45848587
2024-08-06,0.37024778,0.5365015,0.55484587,0.44600236,0.5751002,0.48327354,0.45855576
2021-10-05,0.3693855,0.53534406,0.5534665,0.44509926,0.57385457,0.48238802,0.4575804
2023-02-07,0.36910865,0.5352157,0.55309135,0.4447858,0.5736187,0.48201948,0.45734432
2023-09-24,0.36835146,0.5339969,0.5517907,0.44374272,0.5727709,0.48144796,0.45677823
2022-04-17,0.3702948,0.5365696,0.55491805,0.44602907,0.5751148,0.48336443,0.45857877
2021-02-07,0.37034208,0.5363957,0.5546975,0.44604293,0.5746122,0.48298812,0.45826057
2023-04-19,0.3703462,0.5364261,0.55494475,0.44603345,0.5750013,0.48336244,0.45858213
2022-02-04,0.3704932,0.53685236,0.5552063,0.44624555,0.57532656,0.48357308,0.4587613
2020-05-26,0.3704966,0.5368036,0.55511063,0.44628862,0.5752305,0.4834917,0.45871133
2024-01-15,0.37060693,0.537011,0.55534387,0.446379,0.5754462,0.48368293,0.45888847
2022-05-21,0.37010768,0.53630114,0.55457646,0.44585267,0.5748556,0.483085,0.4583534
2022-11-10,0.37029043,0.53660077,0.55483425,0.44605657,0.575035,0.48336592,0.4585651
2020-10-05,0.37027133,0.536556,0.55492127,0.44604436,0.5751429,0.48341295,0.45852578
2023-01-26,0.36916912,0.53525907,0.553152,0.44487432,0.5736105,0.48202774,0.45736837
2022-11-07,0.37033346,0.5366623,0.5548744,0.44611275,0.57512,0.48344645,0.45863438
2024-09-04,0.36943367,0.5355274,0.55391324,0.44503948,0.5740825,0.48253742,0.45752293
2021-04-15,0.37025067,0.53656083,0.5549344,0.44604245,0.5750637,0.4834549,0.45852757
2021-01-25,0.37050068,0.53678703,0.55508846,0.4462094,0.57510406,0.4834061,0.45863497
2021-04-09,0.36989933,0.5360078,0.5543121,0.4455475,0.57453096,0.48296785,0.45807877
2021-02-16,0.37041467,0.5366178,0.5549157,0.4461479,0.57489777,0.48327765,0.45847806
2021-12-15,0.37052497,0.5369233,0.5552274,0.4463149,0.5753783,0.4836469,0.4588248
2024-09-19,0.36977506,0.53594697,0.55423194,0.4454892,0.5745826,0.48286012,0.45809764
2023-05-31,0.3705571,0.53698415,0.55529004,0.44638073,0.5754823,0.48370326,0.45889857
2023-04-13,0.37006307,0.5361441,0.5546616,0.4457441,0.57471097,0.48314276,0.45827883
2023-04-21,0.3703718,0.5363449,0.5549831,0.44604644,0.5749587,0.48328808,0.45860228
2020-10-12,0.37027737,0.5365324,0.5549097,0.4460742,0.5750854,0.48337758,0.4585541
2023-09-17,0.36784464,0.53351635,0.55133456,0.4432091,0.57231826,0.48094597,0.4562058
2021-09-16,0.3700196,0.5362889,0.55453557,0.44578522,0.57496065,0.48339462,0.4584038
2020-03-02,0.37029338,0.53633463,0.55445725,0.4459165,0.57423574,0.48274747,0.4580867
2022-01-26,0.37053084,0.5369203,0.5552718,0.44630235,0.57539964,0.48364356,0.45882252
2021-07-10,0.3701702,0.53639925,0.5545121,0.44595504,0.5749563,0.48324916,0.4585759
2021-06-21,0.3693887,0.53535306,0.5535282,0.444958,0.57371694,0.48209542,0.4573602
2021-10-18,0.36904928,0.53492963,0.5529657,0.44546232,0.5740137,0.48239222,0.4581672
2022-02-14,0.37048098,0.53679436,0.5551316,0.44622317,0.5752131,0.48348388,0.4586871
2022-09-21,0.36856014,0.5341543,0.55243224,0.4441804,0.5729413,0.48208472,0.45585594
2023-05-21,0.37041572,0.5368222,0.5550894,0.44626468,0.57530236,0.48360917,0.45880997
2022-05-30,0.37032008,0.536685,0.5549175,0.4461063,0.5752,0.48347783,0.4586052
2023-12-14,0.37056878,0.53692317,0.5552239,0.44632307,0.5754182,0.48366117,0.45880705
2020-09-27,0.37027252,0.5365597,0.5549495,0.4460284,0.5751381,0.48346695,0.4584974
2021-02-05,0.37027746,0.5363893,0.55465764,0.44598392,0.5746215,0.48300564,0.45826522
2019-09-30,0.36985818,0.5359455,0.5543122,0.44571823,0.5744438,0.48305136,0.4582259
2019-10-13,0.37015128,0.5362558,0.5546065,0.44590166,0.57479733,0.48325327,0.45834067
2022-08-19,0.36912593,0.53480506,0.5530989,0.44459534,0.5728989,0.4816875,0.45663005
2021-07-28,0.36988568,0.53612065,0.55438536,0.4457333,0.57489383,0.48307115,0.4584952
2022-08-25,0.3674764,0.53202754,0.55004734,0.44234386,0.56885064,0.4785061,0.45315006
2021-11-14,0.37015152,0.5364213,0.5545104,0.4459084,0.5749381,0.48321807,0.45838335
2022-02-15,0.37048817,0.5367958,0.5551217,0.44622472,0.57519674,0.48347074,0.45867646
2024-03-29,0.37035415,0.5366748,0.55504006,0.44613782,0.57518977,0.4835258,0.45860353
2023-05-14,0.37043145,0.53689474,0.5551992,0.44632438,0.5753371,0.48366776,0.4588234
2023-01-14,0.36908317,0.535113,0.5529988,0.44477034,0.5734403,0.48180723,0.4572151
2023-01-10,0.369111,0.53510535,0.5530406,0.4447641,0.5734408,0.48180187,0.45719478
2021-03-21,0.36943024,0.53551215,0.55404687,0.44516948,0.57409173,0.48260027,0.45763046
2021-02-27,0.3704463,0.5367906,0.5551734,0.4462677,0.57518077,0.48356873,0.45866618
2019-10-17,0.37025034,0.5364017,0.55472064,0.4460091,0.574913,0.48328525,0.45845506
2019-08-18,0.36968535,0.53571886,0.5541046,0.445369,0.5741617,0.48262691,0.45765373
2022-06-02,0.3702915,0.5366063,0.5549229,0.44607508,0.5750846,0.48348412,0.45852607
2021-03-10,0.37016034,0.5365858,0.55504346,0.44606176,0.57508546,0.4835088,0.45851102
2024-02-14,0.3699237,0.53610647,0.5542958,0.44552696,0.57441366,0.48275712,0.4581067
2020-04-30,0.3704626,0.53680664,0.5551365,0.44623598,0.57529944,0.48357815,0.45874855
2020-10-22,0.3702417,0.5364875,0.5548259,0.44608444,0.57506526,0.48333102,0.45856142
2020-11-09,0.37053037,0.5369398,0.5551924,0.4463355,0.5754447,0.48366424,0.4588471
2024-08-25,0.369844,0.53600836,0.5544096,0.44554627,0.5745956,0.4829738,0.45804295
2023-08-27,0.36898783,0.5349561,0.55318075,0.4445898,0.573534,0.48203465,0.4570523
2024-04-17,0.37038767,0.5367483,0.555118,0.44617113,0.575249,0.48353133,0.45868924
2019-07-13,0.37017778,0.53640056,0.5547797,0.44592157,0.574905,0.4832024,0.4584027
2021-09-25,0.369907,0.5361175,0.5541332,0.445445,0.5744189,0.48283765,0.45828205
2020-09-05,0.36935443,0.5353953,0.5537634,0.44504353,0.57397205,0.48239383,0.4574426
2022-08-15,0.36882427,0.53426194,0.55250406,0.44413885,0.5721768,0.48117104,0.45604816
2019-05-15,0.37036216,0.536694,0.5550622,0.44612083,0.5751597,0.48340333,0.45869395
2021-11-15,0.37019283,0.5364898,0.5546525,0.44594797,0.5749799,0.48328567,0.4584486
2024-05-15,0.36954182,0.5355264,0.5538188,0.44516155,0.57401997,0.4822732,0.45771787
2022-03-03,0.37042227,0.5366857,0.5549264,0.44611275,0.5749821,0.48336533,0.45854533
2021-06-16,0.36867467,0.5344634,0.5527646,0.44419733,0.57286555,0.48134843,0.4566362
2023-09-05,0.36681116,0.5322562,0.5502426,0.44202933,0.5709753,0.47961938,0.45471126
2024-11-16,0.37052366,0.53670347,0.5544007,0.44615698,0.5753797,0.48354387,0.45862323
2023-06-18,0.37002483,0.53621435,0.5545371,0.4456667,0.5745711,0.48310432,0.4582186
2024-10-08,0.37021956,0.5365193,0.55448014,0.4458462,0.5750344,0.48329648,0.4585412
2023-05-29,0.37044087,0.5367427,0.5549768,0.44620824,0.57526606,0.48351577,0.45874414
2021-08-12,0.36963144,0.5360106,0.554003,0.44534275,0.5746652,0.48207974,0.45830622
2021-12-10,0.3704692,0.5368537,0.55514556,0.44625187,0.5753,0.4835632,0.45874387
2021-01-08,0.37059045,0.5369602,0.55531925,0.4463443,0.57544714,0.48364663,0.4588732
2024-10-04,0.37015226,0.5364393,0.5545216,0.44575962,0.57493055,0.48322442,0.4584088
2023-07-04,0.36830017,0.5338113,0.55231756,0.44371364,0.5722413,0.48106343,0.45611548
2019-06-10,0.37004986,0.5362298,0.55450064,0.44573495,0.5746731,0.48302856,0.4582158
2020-11-25,0.37054527,0.53698283,0.5552542,0.4463374,0.57547474,0.4836835,0.45887372
2020-11-20,0.3705231,0.5369464,0.55516756,0.44631433,0.5754386,0.48363817,0.458846
2020-05-16,0.37041277,0.5367599,0.5551054,0.44619447,0.5751831,0.48353925,0.4586786
2019-12-15,0.37059128,0.5370271,0.5553457,0.44641066,0.575489,0.48370922,0.45891106
2023-04-10,0.36954525,0.53533345,0.5539612,0.4450394,0.5739707,0.48250523,0.45763415
2019-09-29,0.36982068,0.53590083,0.5542642,0.445666,0.57440567,0.48303267,0.45819023
2023-04-26,0.37052214,0.53647214,0.555124,0.44618988,0.575149,0.48326162,0.45879033
2022-06-16,0.3698777,0.5359888,0.5543291,0.44556877,0.57449985,0.48297104,0.45805213
2022-09-15,0.36841166,0.5340664,0.55254483,0.44411907,0.5729707,0.48206633,0.4556553
2021-09-19,0.36992595,0.5361837,0.5542922,0.44556832,0.57464844,0.48310032,0.4583358
2020-11-19,0.37050933,0.53693813,0.55513555,0.44629875,0.5754302,0.48362908,0.45883307
2024-09-03,0.3694358,0.535497,0.5538835,0.44502518,0.5739983,0.48246536,0.4574845
2024-01-06,0.37061265,0.5370071,0.55535483,0.44638002,0.57547766,0.48370108,0.45889702
2019-10-29,0.3704854,0.5367692,0.55509764,0.44625103,0.5753196,0.48350832,0.45873702
2021-09-20,0.37006235,0.5363444,0.55452204,0.44572088,0.5748053,0.48320445,0.45844463
2019-10-21,0.37039092,0.53662336,0.5549573,0.44614437,0.57514745,0.4834355,0.4586087
2023-06-24,0.3700557,0.5361647,0.5544375,0.44573933,0.57470936,0.4831201,0.4582144
2023-07-28,0.37000367,0.53612745,0.55442274,0.44575632,0.5747137,0.48298198,0.45814633
2024-04-27,0.3704142,0.53676885,0.5551112,0.44621605,0.5752246,0.48349822,0.45875177
2023-07-19,0.37045363,0.53684443,0.5551689,0.44626048,0.575361,0.48357397,0.4587634
2024-08-04,0.37015462,0.5364011,0.55476505,0.44585693,0.57498103,0.48324102,0.4585349
2019-09-12,0.3694198,0.535397,0.55382437,0.44531104,0.5741448,0.48292527,0.45804742
2019-11-11,0.37052968,0.5369183,0.5552628,0.44631523,0.5754392,0.48361662,0.45885295
2019-09-19,0.36882728,0.534646,0.5532761,0.44486636,0.5733399,0.48242098,0.45755413
2023-10-07,0.36835787,0.53401935,0.55191463,0.44372413,0.5727465,0.48140097,0.4566347
2024-07-20,0.36948463,0.53538114,0.55387276,0.44518375,0.57409775,0.4823043,0.45773545
2023-03-19,0.36940524,0.53512824,0.55372244,0.44478625,0.57398933,0.48230615,0.45768
2021-12-19,0.37059888,0.53702635,0.55536896,0.44640487,0.5755016,0.4837418,0.4589131
2019-11-19,0.37052438,0.5369197,0.555278,0.4462993,0.57543164,0.48363164,0.4588468
2020-03-11,0.37042123,0.53662306,0.55493367,0.446129,0.5748685,0.48327634,0.45850793
2024-11-04,0.370267,0.5364438,0.55411816,0.44585118,0.57509786,0.48325628,0.4584518
2019-05-07,0.3704319,0.53677636,0.55514956,0.44619277,0.5752455,0.48349527,0.45873293
2021-08-14,0.3700648,0.5363389,0.5545432,0.44572368,0.57494265,0.48286763,0.4584977
2019-12-28,0.37060606,0.53703976,0.5553933,0.44641474,0.57552016,0.4837581,0.45893583
2021-04-07,0.36989632,0.5360935,0.55444956,0.44564426,0.574657,0.48307472,0.45813033
2019-05-02,0.37044764,0.53676426,0.55517715,0.44620758,0.575249,0.48354253,0.458736
2022-08-20,0.36915234,0.53485465,0.55316687,0.44463146,0.57297516,0.4817483,0.45670503
2024-10-31,0.3701952,0.5363862,0.55401754,0.44582626,0.5750575,0.48321146,0.45844895
2022-07-05,0.36977142,0.5357525,0.5539562,0.44542107,0.57427424,0.48256457,0.45781672
2021-11-20,0.37021545,0.53651845,0.5547493,0.44599095,0.57497954,0.4832827,0.45846772
2020-05-17,0.37045717,0.5367706,0.55513036,0.44622904,0.57521516,0.48356137,0.45870215
2022-07-24,0.36989212,0.5359978,0.554371,0.44562304,0.5744989,0.4828615,0.45794645
2023-09-14,0.36705127,0.5324822,0.550471,0.44229227,0.5712337,0.47993714,0.45511714
2019-11-21,0.3705285,0.5369345,0.5552715,0.44630852,0.5754322,0.483643,0.4588471
2020-09-01,0.3699884,0.53618443,0.55459577,0.44573992,0.5747471,0.48310298,0.45817837
2024-06-12,0.36973473,0.5358029,0.5536266,0.44528526,0.5739008,0.48259905,0.45770466
2023-08-15,0.3692203,0.53521085,0.55341953,0.44483173,0.57371765,0.48214582,0.4573257
2024-12-01,0.3706061,0.5369299,0.55495024,0.44632566,0.57551754,0.48371893,0.45880514
2021-12-01,0.37029734,0.53664374,0.5548583,0.4460697,0.5750708,0.4833318,0.4585601
2021-07-08,0.37035513,0.5366733,0.5548609,0.44612357,0.5750996,0.4834401,0.45870075
2022-01-13,0.37062353,0.5370602,0.5554149,0.44642562,0.57554984,0.48377046,0.45894852
2020-03-18,0.3704538,0.53677857,0.55522376,0.44622934,0.57527447,0.48360783,0.45875508
2019-06-15,0.3699867,0.5360378,0.5542811,0.44559076,0.5745436,0.48280075,0.45807257
2023-08-14,0.3690015,0.53492373,0.5531312,0.44459417,0.57341754,0.4818529,0.45706934
2021-09-23,0.3701115,0.5363735,0.55441123,0.44565874,0.57467294,0.48304936,0.45849755
2020-12-30,0.3705727,0.53696054,0.55532134,0.44634908,0.5754547,0.48367068,0.45887423
2024-02-25,0.36926195,0.53576213,0.553459,0.44506726,0.57384783,0.4821502,0.45784286
2024-01-10,0.37060392,0.53700787,0.5553464,0.44637898,0.57544523,0.4836917,0.45888656
2022-02-12,0.3704307,0.5367388,0.55506897,0.44615546,0.5751673,0.4834412,0.45864597
2024-08-05,0.37018302,0.5364308,0.5548009,0.44590902,0.5750275,0.4832339,0.4585312
2024-07-14,0.3693906,0.53539103,0.55331224,0.44512185,0.57401246,0.482359,0.4579809
2024-07-21,0.3694445,0.53531826,0.5538532,0.4451276,0.5740083,0.48220262,0.45765394
2021-10-07,0.3694455,0.5354889,0.55361253,0.44531655,0.57411015,0.48261455,0.4578982
2021-04-25,0.37049398,0.53682846,0.5552644,0.4462677,0.57536685,0.4836101,0.45880777
2023-02-05,0.37007812,0.5364072,0.5545868,0.44585398,0.57487327,0.48314428,0.45838687
2024-01-08,0.37062022,0.5370285,0.5553688,0.44640452,0.5754725,0.48371306,0.45890695
2024-07-04,0.3696456,0.5356894,0.5536943,0.4453877,0.57428145,0.48272768,0.45825425
2024-10-26,0.37011227,0.5363291,0.5536885,0.44573852,0.57495385,0.48307532,0.45835802
2021-03-16,0.36993542,0.53622985,0.5547098,0.44575366,0.57474554,0.4831971,0.4582175
2023-09-12,0.36774617,0.53332835,0.5514981,0.44307902,0.5719207,0.48052338,0.4556804
2022-11-09,0.37029842,0.53659993,0.5548434,0.44606707,0.5750505,0.4833711,0.45858112
2019-12-05,0.37057164,0.53700095,0.5553298,0.44637758,0.5754423,0.48366475,0.45888427
2024-04-02,0.37037784,0.5366964,0.55506665,0.44617322,0.57522464,0.48355263,0.4586531
2022-05-28,0.37010562,0.5363684,0.5545797,0.44583222,0.57489747,0.48317823,0.4583504
2024-07-19,0.3694285,0.53535444,0.55370396,0.44514,0.57405686,0.48222098,0.4577864
2024-08-21,0.37003076,0.53623873,0.5546185,0.44575167,0.57477635,0.48312664,0.45826456
2021-07-03,0.37026387,0.5365152,0.5546472,0.4459734,0.57496876,0.48330963,0.4585359
2021-06-05,0.37006715,0.5362849,0.5545783,0.44583938,0.5746993,0.48301896,0.45827332
2022-05-13,0.3703903,0.5366889,0.555058,0.44616458,0.5750697,0.4833604,0.45861953
2024-10-13,0.3701149,0.5363765,0.5541103,0.4457441,0.57488245,0.48315707,0.45840365
2019-12-30,0.37060487,0.53704345,0.5554094,0.44641522,0.57553035,0.48376322,0.45894316
2022-04-19,0.37008345,0.53629464,0.5546304,0.44573775,0.57485694,0.48295847,0.45835075
2022-03-14,0.3702748,0.5365306,0.5548537,0.44597596,0.57491326,0.4833186,0.45846263
2019-06-08,0.37003952,0.53620267,0.5544114,0.44574118,0.5746479,0.48294458,0.45824277
2019-04-22,0.37039003,0.53666776,0.555104,0.44613382,0.5751691,0.48342928,0.4586609
2023-08-02,0.3700077,0.536175,0.5545195,0.4457428,0.5747438,0.4830607,0.45818517
2019-12-10,0.37058434,0.53701967,0.555351,0.44640264,0.5754604,0.48368847,0.458896
2021-09-28,0.36990133,0.53608775,0.554116,0.44550222,0.5744968,0.4828625,0.45821446
2021-07-13,0.37013957,0.536438,0.5545853,0.44601893,0.5748367,0.4832467,0.45856798
2022-09-30,0.36852792,0.5341943,0.5525479,0.44429633,0.57301944,0.4821437,0.45595133
2023-06-26,0.3698947,0.5358847,0.55426097,0.4455864,0.5744635,0.48287874,0.45796004
2019-08-23,0.36907068,0.53484076,0.5532265,0.44467562,0.57328475,0.48194215,0.45676255
2019-10-19,0.37029055,0.53647053,0.5548016,0.44603747,0.5750183,0.48332423,0.45848748
2024-10-11,0.37014967,0.53640217,0.554231,0.44580087,0.5749391,0.48320618,0.4584558
2019-11-29,0.37054616,0.5369711,0.55529064,0.4463506,0.57543135,0.48365048,0.45886478
2023-09-29,0.36803442,0.53357,0.5513932,0.4433631,0.5723886,0.48110786,0.45641807
2024-01-21,0.37058657,0.5369645,0.5552925,0.44634587,0.57538605,0.48362288,0.45884937
2020-02-24,0.37047213,0.536733,0.55496126,0.44620815,0.57491326,0.48324358,0.45857766
2019-05-12,0.37038884,0.53673273,0.5551015,0.4461465,0.57518923,0.48343396,0.45870423
2021-02-12,0.37040886,0.53649944,0.5547096,0.44607973,0.5745695,0.48301342,0.4582896
2024-12-05,0.370616,0.5369268,0.5548672,0.44632974,0.5755401,0.48371026,0.45880735
2020-12-07,0.3706034,0.5370309,0.55538195,0.4463906,0.57553077,0.48376513,0.45892873
2020-03-08,0.37034228,0.53641593,0.5545837,0.44597587,0.57434666,0.48285332,0.4581609
2020-10-11,0.37023643,0.53647286,0.55482274,0.44602513,0.57506156,0.48331848,0.45851505
2023-06-03,0.36945412,0.5356397,0.55376965,0.4452296,0.574001,0.48248085,0.45775962
2019-09-04,0.36826396,0.5343214,0.5527654,0.44422096,0.5734588,0.48238346,0.45600477
2024-12-26,0.3706668,0.53696615,0.555075,0.44636145,0.57555366,0.48375112,0.45881248
2023-12-07,0.37057552,0.536894,0.55522394,0.44630852,0.57541853,0.48366582,0.45877966
2023-02-21,0.36941227,0.53540426,0.55354655,0.4447746,0.57389367,0.4823691,0.45774284
2022-01-22,0.3705888,0.5370063,0.5553757,0.446381,0.5755002,0.48372477,0.45890614
2021-05-06,0.37043807,0.536758,0.5551888,0.4462052,0.57526755,0.48355424,0.4587642
2024-03-12,0.37016487,0.5362531,0.554493,0.4458037,0.5744862,0.48296604,0.4581238
2023-10-06,0.36834285,0.5339831,0.551981,0.4436784,0.57270885,0.48133412,0.45660788
2022-09-18,0.3687301,0.53436404,0.55273354,0.44435897,0.5731235,0.48218992,0.45605168
2021-12-11,0.37050474,0.53689134,0.5551363,0.44627813,0.57535315,0.4836102,0.45877796
2022-02-19,0.37051004,0.5368093,0.5550915,0.4462481,0.5751104,0.48342338,0.45864663
2023-10-25,0.36976907,0.53588754,0.55416137,0.44545636,0.57444614,0.48283467,0.45801386
2019-04-23,0.37045053,0.53676444,0.5551706,0.4462073,0.5752611,0.48352247,0.45873973
2022-09-11,0.36912563,0.5349506,0.5532991,0.44479597,0.5736413,0.48247668,0.45670247
2019-10-02,0.369906,0.5359888,0.55435956,0.44572836,0.5744969,0.4831011,0.45821786
2022-01-19,0.37060314,0.5370311,0.5553929,0.44640067,0.5755113,0.48373783,0.45891985
2022-11-23,0.36984766,0.53603905,0.55422574,0.4455052,0.5744506,0.48279896,0.45806098
2023-12-28,0.37060595,0.5370034,0.55533373,0.44637465,0.5754868,0.48371294,0.45889908
2021-05-31,0.3682959,0.53504986,0.55282605,0.445398,0.5742769,0.4845282,0.45847103
2021-10-29,0.3689606,0.5347528,0.55306834,0.44554392,0.5739214,0.4820802,0.4581646
2024-04-09,0.3704457,0.5368132,0.55514187,0.4462459,0.5753397,0.48360476,0.45874122
2021-12-14,0.37052125,0.5369118,0.55519575,0.44631898,0.5753901,0.48367012,0.45881402
2023-10-22,0.36968532,0.5357841,0.55402994,0.44536665,0.5744029,0.4828063,0.45799574
2021-02-19,0.3704215,0.53671694,0.55510426,0.44622946,0.57521677,0.48351622,0.45866466
2022-05-11,0.37037432,0.53667533,0.55505246,0.44612008,0.5750853,0.48336264,0.45862255
2019-09-22,0.36890677,0.5347618,0.5534218,0.44503203,0.5733873,0.48236427,0.4576901
2021-07-27,0.36976296,0.53596145,0.55419016,0.44563934,0.5748004,0.48296246,0.45844725
2023-03-25,0.370032,0.5361582,0.5545104,0.44567728,0.5748599,0.48306614,0.4583568
2022-04-12,0.37012827,0.53624725,0.5546959,0.44577977,0.57483894,0.48320806,0.45832837
2020-04-21,0.370312,0.53659034,0.5549705,0.4460563,0.57513463,0.48342058,0.45859265
2019-11-02,0.370477,0.5368042,0.5551081,0.44625282,0.57533914,0.4835458,0.45877
2023-03-13,0.3697719,0.53584385,0.5541832,0.4453013,0.57446295,0.48276812,0.45808443
2020-09-22,0.36998078,0.5363585,0.5546076,0.44569886,0.57485867,0.4832143,0.45829332
2023-09-01,0.36837128,0.5341474,0.55226934,0.44383624,0.5726768,0.48125193,0.45636308
2021-02-28,0.37044865,0.53682745,0.55523336,0.44627777,0.5752906,0.48363653,0.45872054
2022-06-05,0.37003103,0.5362357,0.55458355,0.44579086,0.57459635,0.48325723,0.45817977
2023-06-05,0.36963755,0.53576505,0.553967,0.44530824,0.57416666,0.48255783,0.45781937
2020-03-17,0.37046722,0.5367498,0.5552138,0.4462477,0.5752574,0.4835791,0.45875487
2023-04-06,0.3697735,0.5357633,0.55425674,0.44533804,0.57436234,0.4827854,0.45794365
2023-02-18,0.36955953,0.5357097,0.5537083,0.44513705,0.5741807,0.48258904,0.45793304
2019-07-14,0.37018996,0.53643715,0.5547948,0.44593835,0.5749281,0.48322043,0.45842043
2023-12-15,0.3705874,0.53694767,0.5552698,0.44636506,0.57545894,0.48370358,0.45884565
2024-07-22,0.36868465,0.53432995,0.55284923,0.44421738,0.57274723,0.48136863,0.45655763
2021-03-30,0.36792004,0.53339344,0.5518263,0.44323885,0.57207566,0.48086736,0.45585072
2023-04-17,0.37009224,0.5359146,0.5544798,0.44568688,0.57454604,0.4829993,0.45823312
2020-03-07,0.37035,0.5364104,0.5545315,0.4459604,0.57426757,0.48279658,0.45812005
2024-03-06,0.37025714,0.5363251,0.55439186,0.44581392,0.574364,0.4827853,0.4582789
2020-10-30,0.37049115,0.5368479,0.5551368,0.44628754,0.57535243,0.48360008,0.4587613
2020-09-16,0.3695126,0.53586155,0.55403167,0.445449,0.57445264,0.4828037,0.45801246
2023-01-03,0.3689983,0.53494954,0.55290365,0.44464195,0.573313,0.48169678,0.45705637
2023-07-22,0.36996275,0.53606904,0.5543739,0.44570175,0.5746833,0.48287663,0.45815423
2024-08-29,0.36956316,0.5356409,0.5540484,0.44518867,0.57416993,0.4825986,0.4576845
2022-12-24,0.36911872,0.53507763,0.5530817,0.44468826,0.5734172,0.48180586,0.45713738
2020-02-25,0.370468,0.53672457,0.55495685,0.4461995,0.5749024,0.48324603,0.45854598
2021-09-22,0.37014702,0.53639656,0.5544898,0.4457114,0.5747343,0.4831423,0.45852873
2022-09-29,0.3683954,0.5340026,0.5523606,0.44413486,0.57284105,0.48201394,0.4557449
2023-01-01,0.36905745,0.53499436,0.552962,0.44465232,0.5733262,0.48170698,0.4570732
2019-04-30,0.37037385,0.5366288,0.55508703,0.44610432,0.5751243,0.48344177,0.45863813
2022-08-12,0.36954007,0.5354544,0.55377835,0.44510382,0.57379526,0.4824255,0.45742324
2020-03-28,0.36983517,0.5359092,0.5545105,0.44556326,0.5744748,0.48297447,0.45803967
2021-08-17,0.37036908,0.5366983,0.5549898,0.4461645,0.57526964,0.48353094,0.4587024
2019-04-07,0.3699799,0.5361467,0.5546197,0.44573483,0.5747288,0.48307684,0.45824262
2021-11-27,0.3702778,0.5365861,0.5547769,0.4460451,0.57504535,0.4833201,0.458513
2022-07-04,0.36967206,0.53560805,0.5537436,0.4453002,0.57413644,0.48246104,0.45770517
2019-07-03,0.37016237,0.53637195,0.55469257,0.44588986,0.5748477,0.48316687,0.45830578
2021-08-25,0.37031624,0.5365473,0.5548335,0.44608477,0.5750791,0.4834012,0.4585521
2022-06-23,0.37017706,0.53638774,0.55458754,0.44592476,0.575014,0.48320773,0.4585168
2024-12-12,0.37062994,0.5370064,0.55521953,0.446385,0.5755303,0.48376295,0.45886463
2022-07-21,0.36978546,0.535807,0.554144,0.44546214,0.57431996,0.4826056,0.45780712
2022-07-02,0.36951092,0.5355172,0.5534529,0.44515777,0.5741455,0.4824546,0.45782158
2021-08-29,0.37031958,0.53626263,0.55470276,0.4459345,0.57490563,0.48324582,0.45833963
2023-09-02,0.3675909,0.5331671,0.5512732,0.44293076,0.5717747,0.48034167,0.4555166
2021-01-14,0.3705658,0.5369284,0.5552739,0.4463213,0.5753676,0.48360273,0.4588209
2019-12-01,0.37055895,0.53698534,0.55532455,0.44636178,0.5754441,0.4836611,0.45888284
2022-11-19,0.37005422,0.5363003,0.55449706,0.44574788,0.5747392,0.48307222,0.4583016
2021-07-17,0.3691629,0.5350806,0.5530913,0.4455531,0.5740457,0.48235896,0.4582578
2021-02-15,0.37041926,0.53661853,0.5549118,0.4461509,0.57486904,0.48324648,0.45846534
2019-09-06,0.3693781,0.5354484,0.55385023,0.44517156,0.5741548,0.48289192,0.4574368
2021-07-12,0.3700484,0.53629184,0.5543537,0.44598117,0.57480997,0.4831247,0.458539
2022-01-25,0.37055972,0.5369646,0.5553268,0.44633827,0.57544327,0.4836757,0.45886377
2024-02-12,0.3702925,0.53654116,0.5547785,0.44596794,0.57484734,0.48315775,0.45843467
2019-07-18,0.3701585,0.53637654,0.5547287,0.44588417,0.5748015,0.48309752,0.45832476
2020-07-01,0.37034917,0.536611,0.55493844,0.4460846,0.5750685,0.48342863,0.45856157
2019-09-13,0.36920038,0.5351265,0.55364037,0.44516987,0.57391566,0.48282477,0.45788616
2024-06-30,0.36978686,0.535921,0.55411536,0.44554192,0.5744221,0.4827748,0.45815814
2019-04-21,0.37039223,0.53666276,0.55510867,0.4461343,0.57517177,0.48335737,0.45867962
2023-08-04,0.36989874,0.5359993,0.5543439,0.4455894,0.57456225,0.48291838,0.45802265
2024-09-18,0.3699912,0.53626955,0.5545675,0.4457265,0.5748636,0.4830941,0.45827118
2021-01-07,0.37058946,0.5369694,0.5553327,0.4463632,0.57546324,0.48366034,0.45889017
2020-06-23,0.3673288,0.5325994,0.55106163,0.44471842,0.5724117,0.48021406,0.4576858
2023-12-12,0.37059182,0.5369406,0.5552385,0.44632685,0.5754615,0.48367235,0.4588173
2020-07-07,0.36996835,0.5359964,0.55422926,0.44559067,0.5743707,0.48280782,0.45804498
2019-11-23,0.37052003,0.53693146,0.5552509,0.44630873,0.5754202,0.48365638,0.45883888
2022-01-11,0.3706234,0.537066,0.55543196,0.4464289,0.5755527,0.48377058,0.45895615
2020-06-21,0.36768693,0.53306943,0.55156106,0.44493762,0.57280064,0.48062116,0.45790476
2022-03-09,0.3703909,0.5365721,0.5547777,0.44604453,0.5746999,0.48315552,0.4583752
2024-01-23,0.3705693,0.5369383,0.55525684,0.4463182,0.5753467,0.48359227,0.45881307
2024-03-27,0.37030745,0.53657115,0.55490816,0.4460507,0.5750541,0.4834155,0.4584947
2020-07-11,0.36952233,0.53552467,0.5537874,0.4451586,0.57387304,0.48233354,0.45755488
2021-10-02,0.36962843,0.5356434,0.5537287,0.44519982,0.57411885,0.48259777,0.4579178
2023-04-29,0.3704846,0.53665876,0.55518574,0.44621485,0.57524747,0.48345342,0.45877844
2024-06-21,0.36987063,0.5362198,0.55436516,0.44576702,0.5746947,0.48327923,0.4583979
2020-02-06,0.3704954,0.53685087,0.5552313,0.44629666,0.575297,0.48354638,0.4588945
2024-03-23,0.37038565,0.5366875,0.5550125,0.44615954,0.5751251,0.4834498,0.45857838
2023-01-16,0.36907154,0.53508985,0.553002,0.44473672,0.573426,0.48180786,0.4571893
2022-08-27,0.36871564,0.53419626,0.5524761,0.44410115,0.5721825,0.4812062,0.45584568
2023-10-09,0.3683041,0.5339286,0.5517807,0.44364545,0.57265395,0.4813731,0.45661208
2024-06-06,0.37019658,0.5363817,0.5546919,0.44601884,0.57494926,0.48327544,0.45848167
2019-10-22,0.37040558,0.5366392,0.55497384,0.44616932,0.5751807,0.48343763,0.45863166
2024-02-27,0.36995342,0.5362065,0.55431914,0.44569758,0.57446545,0.48283648,0.45826697
2023-05-12,0.37039712,0.53679395,0.5551723,0.44624186,0.57526743,0.48361692,0.45874152
2021-01-12,0.370584,0.5369363,0.55528504,0.4463225,0.5753984,0.48361835,0.45884642
2020-06-26,0.36990607,0.53603727,0.5543141,0.44578388,0.5746042,0.48297405,0.45834735
2022-01-03,0.37060955,0.5370429,0.55540144,0.4464153,0.5755312,0.48376316,0.45893136
2021-06-25,0.37016952,0.53642356,0.5545247,0.4458743,0.5749289,0.48316833,0.4584152
2021-09-07,0.36981654,0.5361187,0.5543792,0.44560024,0.5748636,0.4831459,0.45828658
2022-02-17,0.37050435,0.5368182,0.555121,0.4462472,0.5751727,0.48346797,0.45867178
2023-02-19,0.36953646,0.53569764,0.5536945,0.44514537,0.57415605,0.48257917,0.45791924
2024-05-22,0.36942163,0.5353039,0.5534776,0.44494647,0.5739021,0.48207328,0.4573585
2022-11-14,0.3702787,0.536591,0.55483276,0.4460397,0.5750574,0.48335662,0.4585618
2022-12-30,0.36982232,0.53602993,0.55421925,0.44553486,0.57444197,0.4827377,0.45802027
2021-11-23,0.37012902,0.53642,0.55463266,0.4458919,0.5748711,0.48316577,0.45838982
2022-03-08,0.37038723,0.5365173,0.5546954,0.44601974,0.5745793,0.48304847,0.45827398
2022-11-02,0.37025735,0.53652364,0.55469316,0.44599852,0.575005,0.48332226,0.458539
2024-11-12,0.37045604,0.53665876,0.5544685,0.44611844,0.5753031,0.4834909,0.45860574
2022-07-09,0.369573,0.5354147,0.5536485,0.44524735,0.57397187,0.4823025,0.45757475
2022-02-28,0.37040028,0.5365379,0.5546926,0.44602433,0.5745597,0.48303023,0.45827708
2021-08-21,0.3703103,0.5367576,0.5546549,0.44628906,0.57526267,0.4835266,0.45869416
2020-04-22,0.37031245,0.5365954,0.55498564,0.44606352,0.57514524,0.4834294,0.45860228
2019-11-25,0.37049976,0.5369012,0.5552297,0.44628203,0.57540274,0.48361763,0.45881468
2019-07-01,0.37024203,0.53644246,0.5547737,0.4459701,0.5748937,0.4832353,0.4583375
2021-03-26,0.3676718,0.53299534,0.55159336,0.44297668,0.5717314,0.48050693,0.45555887
2022-01-02,0.3705873,0.53700566,0.5553624,0.4463908,0.5755063,0.4837377,0.458909
2024-02-03,0.37023383,0.5364998,0.5547659,0.44589213,0.57490927,0.4832035,0.4584602
2021-03-04,0.37012708,0.5364518,0.5549593,0.44594923,0.57497746,0.48338884,0.45843446
2020-07-27,0.3702489,0.5365243,0.5548688,0.44600692,0.5750844,0.4833231,0.45850557
2019-07-08,0.37006354,0.53628916,0.5545889,0.4457855,0.57477736,0.48305914,0.4582772
2022-08-14,0.3689382,0.5344271,0.5526653,0.44427156,0.57240367,0.48134586,0.45624602
2020-09-02,0.3699816,0.53618044,0.55459434,0.44572875,0.57476056,0.48308495,0.45820478
2021-08-26,0.37023857,0.5363921,0.5547866,0.44597974,0.5749563,0.48330975,0.45844638
2022-09-20,0.36857507,0.5341158,0.55242205,0.4441752,0.57289445,0.48204473,0.45583355
2020-03-12,0.3704491,0.5366745,0.55504674,0.4461746,0.57505834,0.48341623,0.458615
2019-05-29,0.36976925,0.53604066,0.55428517,0.44575226,0.5746791,0.48328245,0.4584296
2023-05-28,0.37042361,0.5367227,0.55489635,0.44617435,0.57523954,0.4834913,0.458731
2020-02-07,0.37050053,0.53685164,0.5552385,0.44630396,0.57529557,0.48355925,0.45890865
2021-12-13,0.37050635,0.5369003,0.5551819,0.44629514,0.575354,0.4836234,0.4587989
2024-11-10,0.370427,0.5365862,0.5541791,0.44602358,0.5752909,0.48342755,0.4585398
2023-10-03,0.36818606,0.53387517,0.55193007,0.44358099,0.5725263,0.4811417,0.45633683
2022-07-03,0.36953482,0.53544337,0.55342895,0.4451522,0.5740613,0.48236215,0.45770368
2024-04-03,0.3703724,0.53666914,0.5550626,0.4461346,0.57521164,0.4835219,0.45862746
2020-07-12,0.36914116,0.5350849,0.5533598,0.44473687,0.573414,0.48191148,0.45716807
2020-05-07,0.37044516,0.53681433,0.55518186,0.44622725,0.5752807,0.48358178,0.458744
2020-02-23,0.3703665,0.5366042,0.55488074,0.44610545,0.5748433,0.48318586,0.4585787
2021-08-03,0.36933303,0.53650004,0.5542114,0.4455053,0.574254,0.4828068,0.45815003
2023-11-18,0.37038648,0.53664833,0.55489737,0.44616306,0.57522315,0.48349398,0.4586147
2024-01-19,0.37059975,0.53698635,0.55532247,0.4463669,0.57541895,0.48365945,0.45885786
2022-07-15,0.36962283,0.5355667,0.55386215,0.44527486,0.5740099,0.48234436,0.45756197
2024-10-30,0.37017977,0.5363923,0.5539516,0.44582468,0.5750457,0.48320708,0.4584441
2019-09-11,0.36951628,0.5355816,0.55394393,0.44540414,0.57426965,0.48303133,0.4580865
2021-09-18,0.3699281,0.53616625,0.5543204,0.44563133,0.5746953,0.48316342,0.45833358
2019-04-26,0.37041926,0.53670526,0.55511487,0.4461774,0.57519233,0.4834991,0.458675
2023-01-02,0.36909106,0.5350378,0.55299014,0.4446745,0.57337177,0.48172468,0.45712712
2021-12-07,0.37043586,0.5367978,0.5550204,0.44619855,0.5752633,0.4835337,0.45869377
2023-10-20,0.36951992,0.5355667,0.5537558,0.44517362,0.5741767,0.48262742,0.457839
2020-11-21,0.37051526,0.53691536,0.55514157,0.44630754,0.5754167,0.48364446,0.45882815
2021-05-08,0.37040022,0.536696,0.555158,0.44616002,0.57519823,0.4834817,0.4587758
2019-10-04,0.36996812,0.53608257,0.5544162,0.44574827,0.57458556,0.48317802,0.45824093
2020-01-25,0.37055665,0.5369631,0.55535036,0.44635612,0.5754509,0.48368886,0.45890474
2021-06-20,0.3679694,0.5330324,0.55111676,0.443062,0.5705889,0.47953305,0.45471087
2020-12-26,0.37055707,0.5369757,0.5553313,0.44636244,0.5754711,0.4837137,0.4588939
2020-12-27,0.37056193,0.53697157,0.5553208,0.44636068,0.5754657,0.4837091,0.45888034
2021-04-01,0.36855412,0.5342341,0.55258983,0.44396755,0.57286626,0.48171234,0.45651907
2021-06-01,0.36893883,0.5354906,0.55348724,0.4455744,0.57446516,0.4840441,0.4584479
2023-03-30,0.36977437,0.53573114,0.55419266,0.44534305,0.574365,0.4827773,0.45795164
2023-04-25,0.37050787,0.5366736,0.55515355,0.44622785,0.57526225,0.48342583,0.45879832
2020-08-26,0.3701754,0.5365085,0.55484945,0.44596827,0.57506156,0.48334205,0.45844528
2022-01-04,0.37061068,0.5370448,0.5554059,0.44641465,0.5755395,0.48376808,0.45893782
2022-11-18,0.37012213,0.53640485,0.55462134,0.44585752,0.5748444,0.48315257,0.45837724
2021-04-21,0.37048274,0.53678674,0.555155,0.44623977,0.5753106,0.48361686,0.4587688
2021-09-13,0.369664,0.53594023,0.5540918,0.4453368,0.5746932,0.48317412,0.45814788
2024-11-28,0.37059203,0.53685313,0.5546845,0.44627163,0.5755026,0.48366287,0.45874724
2022-12-27,0.36910838,0.5350489,0.55305517,0.44469053,0.5733847,0.48176965,0.45712045
2019-07-24,0.36889198,0.53469986,0.5530085,0.4444131,0.5730059,0.48151994,0.45677066
2021-11-05,0.3690127,0.5347876,0.55317056,0.44560677,0.5739398,0.48218226,0.45815048
2020-09-20,0.36972696,0.53611577,0.5542766,0.44541284,0.5746771,0.4829974,0.45808798
2023-09-22,0.36865044,0.53439057,0.55243737,0.44411668,0.57307637,0.4816767,0.4568985
2024-07-10,0.36980093,0.5358911,0.5540068,0.4455645,0.5744454,0.48267257,0.45831054
2021-08-02,0.36931977,0.5363224,0.5541038,0.4454739,0.57429206,0.4826859,0.458117
2022-03-12,0.37041196,0.5367167,0.5550216,0.4461088,0.57508755,0.48345515,0.4586294
2019-08-29,0.3687213,0.53461605,0.5530437,0.4444696,0.57330245,0.48216543,0.45632988
2021-08-24,0.370226,0.53663045,0.55450684,0.4462016,0.57517517,0.48346752,0.4586128
2019-06-14,0.36989522,0.5358827,0.55404735,0.44551173,0.5744493,0.48267734,0.45803967
2021-10-31,0.36849755,0.53413665,0.5525197,0.4453072,0.57351124,0.48158148,0.45803237
2020-12-20,0.37059167,0.5370116,0.5553722,0.44638243,0.5755093,0.48374587,0.458919
2024-06-08,0.37015146,0.53630215,0.55452424,0.4458216,0.57471955,0.48309815,0.45837054
2021-11-04,0.36932555,0.53511274,0.55339724,0.44582203,0.57421064,0.48255885,0.45823243
2024-03-17,0.3701789,0.53623646,0.55457604,0.44586048,0.57461464,0.4830459,0.45820785
2019-10-27,0.3704423,0.5366248,0.55488145,0.4462115,0.5752218,0.4834791,0.45863658
2019-07-04,0.3700575,0.53625244,0.55451226,0.44579044,0.5747425,0.48309213,0.45829436
2021-01-03,0.37058762,0.5369809,0.5553443,0.44636962,0.57546735,0.48368528,0.45888838
2023-11-16,0.37026694,0.53658086,0.55482584,0.44606295,0.57513976,0.4834303,0.4585711
2021-06-10,0.37012276,0.5363454,0.5546649,0.44594726,0.57483953,0.48310632,0.4584273
2020-04-04,0.37001115,0.53626114,0.5548511,0.44588256,0.5748164,0.48334226,0.45826536
2023-08-17,0.36952603,0.53554285,0.55381984,0.4451965,0.5741265,0.4825252,0.4576774
2021-02-21,0.37045678,0.53680944,0.55524105,0.44627818,0.5753431,0.48364028,0.45877492
2023-11-02,0.36998448,0.53617996,0.55449367,0.44576982,0.57482123,0.48312286,0.45831963
2022-08-02,0.37027672,0.53657025,0.5548963,0.44603002,0.5750597,0.48333457,0.45852888
2021-02-20,0.37046698,0.5367808,0.5551936,0.44626865,0.5753065,0.48358747,0.4587404
2024-10-15,0.37008184,0.5363675,0.55400205,0.4457458,0.574884,0.4831672,0.4584039
2024-08-26,0.3698416,0.53596467,0.5543436,0.44552696,0.5745426,0.48290652,0.45798746
2020-02-27,0.37044388,0.5366736,0.5548796,0.44614437,0.5747839,0.4831566,0.45847425
2024-07-24,0.36922312,0.5350782,0.55359185,0.44480342,0.5736149,0.48210928,0.4572838
2022-05-26,0.36905894,0.5350439,0.5532478,0.44463673,0.57349527,0.48190418,0.4571645
2023-07-06,0.36837023,0.5339726,0.5524621,0.4438617,0.57228833,0.48121727,0.45618206
2024-07-08,0.36920488,0.53506887,0.55274224,0.44498014,0.5738962,0.48222935,0.45824033
2021-08-10,0.3694721,0.5360205,0.55373466,0.44534627,0.57447636,0.4820433,0.45833448
2021-10-21,0.36974958,0.5358336,0.5539355,0.4458364,0.5746228,0.48288557,0.4584074
2023-01-11,0.3690959,0.5350833,0.55302,0.4447491,0.5734253,0.48177686,0.4571869
2024-04-21,0.37023562,0.53653425,0.5549257,0.44598934,0.5750169,0.48333636,0.4585307
2021-01-11,0.3705704,0.5369384,0.5553023,0.44633114,0.57540077,0.48363292,0.4588408
2021-05-19,0.37048492,0.5368684,0.55521286,0.4462633,0.5753123,0.48358846,0.45880556
