date,h0,h1,h2,h3
2021-08-15,1.1161848e-23,5.0333533e-20,1.3797636e-20,5.9533997e-22
2022-01-14,0.9999999,1.0,0.99999166,0.9999982
2024-10-10,1.4982288e-26,1.2810658e-22,1.9578806e-17,6.1820395e-14
2023-09-29,7.092281e-23,1.3371847e-28,4.55148e-13,2.6537507e-17
2020-07-27,8.4776034e-16,3.5910826e-15,2.2500698e-14,3.022393e-22
2020-12-08,0.021371359,0.9999902,0.34729764,1.0
2024-05-29,0.006871535,0.98702824,2.7433957e-09,1.4739296e-06
2024-04-30,1.0,1.0,0.0128131285,2.2150278e-08
2023-03-31,1.699462e-11,1.0,2.3615159e-09,1.1382016e-12
2021-07-14,2.5898265e-16,2.0553801e-19,1.8210069e-12,1.7363223e-15
2024-10-02,7.004414e-23,3.5285496e-23,1.7905074e-14,2.5032924e-14
2021-06-21,1.3144817e-09,4.2263922e-12,1.0752279e-15,1.38276596e-14
2020-06-03,5.706122e-10,1.4067058e-06,9.186011e-15,1.0352087e-15
2024-10-25,2.0571015e-23,1.7680501e-23,4.4177795e-16,4.917484e-21
2024-07-22,1.5033615e-22,1.3385594e-18,6.438732e-22,1.2491554e-26
2019-12-26,0.99999976,1.0,0.97826433,0.99998426
2022-12-25,2.1468651e-09,0.9999999,0.9999484,0.9999976
2024-03-14,6.798762e-11,0.9999329,2.9907144e-07,3.915017e-13
2020-10-30,2.1037131e-07,1.7252023e-17,3.1051095e-15,2.6526277e-09
2021-08-10,1.3775145e-25,2.7204678e-17,8.032772e-24,2.2732026e-23
2022-07-28,7.7018905e-11,6.146961e-19,1.0747308e-13,6.162551e-19
2023-10-20,7.1140126e-23,3.9045822e-25,1.0787715e-11,3.5369275e-18
2019-06-30,8.5434383e-13,8.738281e-22,1.6650517e-17,6.969423e-22
2022-02-14,0.9082169,1.0,0.632606,0.9999999
2023-01-17,2.4836817e-08,1.0,1.0,0.00034815923
2022-03-29,7.6889415e-12,0.9999999,6.459827e-11,6.9060874e-08
2020-05-04,1.0,1.0,0.0061426344,3.4382455e-07
2020-06-21,3.852475e-13,2.6245582e-11,5.3232743e-15,7.5521485e-14
2022-03-21,3.5846074e-16,0.9982134,1.2979523e-15,8.5061685e-10
2022-01-10,0.9997503,1.0,0.9999944,0.99999905
2023-01-10,2.755294e-09,0.99999976,1.0,0.9996511
2023-01-12,8.637077e-09,0.99999726,0.9999999,0.77973026
2021-01-12,0.00020742137,1.0,0.003910304,1.0
2024-06-30,8.258256e-23,5.203882e-18,3.808692e-19,4.3426765e-22
2020-10-06,4.2231298e-19,4.4095325e-22,1.146827e-19,1.8150798e-17
2022-08-02,6.654354e-11,6.786594e-19,1.559868e-11,1.3762758e-16
2022-08-23,5.674226e-17,3.461252e-23,4.4138565e-15,4.3283253e-20
2023-01-01,9.611163e-09,0.99999774,0.9999727,0.9995278
2022-11-03,2.529852e-13,1.5794242e-14,7.246133e-06,2.9256817e-09
2021-10-07,1.2550477e-21,1.3514922e-21,1.20572014e-14,1.4853647e-15
2020-02-28,0.00037406778,1.0,1.6263524e-05,0.9999938
2023-12-26,0.9999875,0.99999964,0.99998343,1.0
2020-09-03,5.4638916e-24,2.0251205e-19,9.9938623e-23,4.700322e-21
2024-11-21,0.0018274279,0.0007522377,0.9947214,0.58636
2022-09-21,2.1986025e-24,5.161845e-27,2.8314371e-12,3.2315617e-16
2024-05-30,0.01208184,0.99594444,1.1492634e-09,2.0641682e-08
2020-08-21,1.9234712e-14,6.1924255e-21,3.73669e-13,9.975621e-15
2020-06-13,9.713552e-10,0.106669866,3.109306e-11,6.3704416e-16
2020-06-18,1.3393271e-12,5.066099e-09,2.1768393e-15,2.8604067e-16
2023-04-10,1.4889243e-08,0.99999917,1.7148805e-14,2.09e-14
2024-08-20,3.0617099e-21,3.9433073e-17,5.5532174e-13,1.9189398e-20
2022-06-11,7.316269e-12,1.1332479e-15,1.1322153e-11,2.459962e-16
2020-05-21,0.99639624,0.99123764,4.33282e-12,3.7818224e-11
2024-10-06,2.1295933e-24,7.2078164e-23,3.782592e-16,3.2957006e-16
2022-06-05,0.002666196,9.513845e-05,3.7544808e-08,3.8050947e-17
2020-01-22,1.0,1.0,0.75315505,0.9999906
2023-05-11,0.999767,1.0,1.730337e-05,0.010562952
2021-07-07,6.70964e-15,6.742553e-13,3.5278627e-12,7.822559e-13
2022-02-24,0.014758315,1.0,0.6408495,0.9999429
2019-09-25,2.0620645e-18,1.6335565e-25,7.5815076e-13,1.0239682e-15
2019-05-17,0.028508944,0.9999988,3.3072845e-14,4.0617815e-07
2022-07-17,5.946299e-21,4.951652e-20,2.9285223e-21,8.638467e-19
2024-12-08,0.99994314,0.87901396,0.99998105,0.9999999
2020-01-06,0.99999976,1.0,0.9851837,0.99998975
2023-08-18,6.6807598e-21,1.7316965e-25,2.9561913e-20,4.177356e-25
2024-12-14,0.9996755,0.12027001,0.9999999,0.9999831
2019-09-28,2.600553e-20,1.6076906e-25,2.2467913e-12,1.0848492e-13
2021-08-18,3.553903e-13,2.851439e-17,2.423273e-10,3.324108e-17
2022-01-19,0.99999976,1.0,0.99998987,0.99999905
2021-08-28,3.5467292e-22,2.5245922e-21,3.3845818e-23,9.726694e-18
2020-02-18,0.99856347,1.0,7.786502e-06,0.99977916
2022-03-05,1.0388573e-09,0.99998295,0.00032057322,0.99999976
2021-03-17,8.876521e-13,1.0,0.0024149339,0.009814412
2020-10-10,2.248289e-22,1.033679e-20,2.04063e-19,3.8949114e-18
2023-09-02,4.804591e-16,5.4838177e-22,1.627647e-14,8.953368e-19
2022-09-01,2.4558098e-15,3.2818087e-26,1.5561909e-16,6.138466e-23
2020-11-26,5.5853284e-06,3.053099e-06,0.0057316595,1.0
2019-11-02,1.0369133e-09,9.327676e-16,1.0874793e-07,0.0010071578
2024-06-20,7.6563054e-16,8.766713e-14,2.36861e-14,2.8962267e-21
2024-07-17,2.5395753e-27,2.6443259e-22,1.5390069e-22,2.3115331e-20
2024-08-03,1.2518699e-18,6.781167e-17,9.085244e-19,1.1231442e-20
2024-12-06,0.99734735,0.96070707,0.9999362,1.0
2024-05-22,2.0602445e-06,0.9997011,3.5172403e-12,5.289938e-07
2020-07-15,2.56404e-14,1.7522632e-17,1.2216347e-18,7.2335306e-19
2024-11-13,9.917597e-13,1.346625e-08,1.746053e-07,1.4568758e-05
2023-08-16,8.84008e-20,1.156943e-25,1.1024065e-16,9.305989e-25
2024-02-06,1.6346013e-06,1.0,0.00038683543,0.99999964
2023-04-22,0.99998224,1.0,2.6465194e-08,1.1434512e-10
2021-05-11,0.99999917,1.0,4.648421e-06,0.02058945
2023-06-27,4.3388887e-20,4.2589197e-17,3.6449685e-20,2.770576e-21
2019-09-06,1.1227293e-19,1.4602034e-20,8.102546e-15,6.946683e-20
2023-09-08,5.469002e-16,9.048336e-27,2.3049856e-17,3.9062437e-21
2021-01-10,6.25549e-08,1.0,0.009593691,1.0
2021-12-07,0.00021004766,0.99999857,1.0,0.9999589
2020-01-02,1.0,1.0,0.8685715,0.99971014
2022-02-08,0.9999782,1.0,0.19333512,0.99999833
2019-12-21,0.9999989,1.0,0.934156,0.9998197
2020-05-07,0.99999905,1.0,6.869314e-05,5.2739946e-08
2023-11-22,0.000672839,1.7708859e-11,0.5543698,9.495971e-06
2020-03-26,0.625837,1.0,2.6923319e-08,0.0003450097
2023-09-14,1.9396825e-13,1.7646887e-22,5.507684e-19,5.6452476e-26
2019-05-24,1.0598123e-08,0.5948124,1.7869199e-16,3.111682e-13
2023-05-21,0.99996793,1.0,8.179651e-09,1.7448873e-08
2021-09-18,1.1171974e-25,4.02624e-24,2.5507136e-18,4.1918232e-23
2020-04-21,1.0,1.0,0.012198534,3.6982556e-06
2021-02-19,5.4245592e-12,1.0,1.884511e-05,0.99999976
2024-04-27,0.9999994,1.0,0.08155598,9.396483e-06
2019-06-06,4.1463196e-17,3.1231714e-08,3.342723e-14,1.4766001e-18
2021-08-08,4.555208e-27,1.2275189e-21,6.2849054e-21,1.21171e-21
2019-10-10,1.4240645e-12,4.8852664e-22,7.632031e-12,7.743603e-08
2024-02-25,3.925418e-24,4.4785203e-05,5.4356614e-16,7.90749e-14
2022-09-02,3.8343515e-18,4.0169084e-26,1.1091429e-16,2.201331e-23
2019-03-30,1.1077489e-10,0.99992967,5.020824e-15,4.541081e-14
2024-10-07,3.5337456e-25,9.783936e-24,1.4620391e-17,1.6952716e-16
2020-05-05,1.0,1.0,0.013025332,6.450546e-07
2021-09-10,2.603676e-23,1.0231797e-22,3.563994e-22,2.3382354e-21
2021-12-16,0.9999275,1.0,0.9999851,0.9999938
2022-06-07,0.055440452,0.25077048,7.9238465e-09,2.1929503e-15
2024-02-07,0.00026385492,1.0,0.0007057532,0.9987803
2022-08-28,8.894383e-17,2.8617795e-25,9.084972e-14,3.4433036e-22
2020-01-05,1.0,1.0,0.99345994,0.99999917
2020-06-23,8.94173e-19,5.985818e-14,1.7260244e-14,6.5121274e-20
2022-06-04,0.0026142497,0.0012843302,2.3308154e-07,2.8601027e-15
2024-12-15,0.999972,0.9944959,0.9999827,1.0
2023-06-12,2.7856306e-13,6.200219e-12,2.6170368e-17,1.3572145e-24
2023-11-03,2.3066254e-21,7.003186e-23,6.240668e-11,1.9992516e-13
2024-05-09,0.99906665,1.0,0.051362712,1.3231919e-05
2020-11-12,3.804931e-07,3.3220235e-09,2.2988118e-10,0.99999857
2021-01-27,1.1938351e-09,1.0,0.003339315,1.0
2019-08-28,1.8418527e-21,1.6261805e-20,6.3594085e-19,1.2255953e-22
2023-08-19,2.0099263e-21,4.686623e-22,2.5074568e-16,1.417849e-21
2022-03-13,1.0980259e-14,0.98685014,1.3812972e-11,0.041846205
2020-02-13,0.9976036,1.0,0.00066471647,0.99960333
2024-07-28,1.3269347e-22,6.0387933e-19,1.6710813e-20,2.5560253e-23
2024-10-04,1.1564538e-24,5.5539047e-21,1.0328494e-16,2.4108433e-18
2021-07-06,1.155357e-11,2.7214735e-14,7.851801e-12,6.274678e-13
2020-12-24,0.29048765,1.0,0.06096979,1.0
2019-08-31,2.4752688e-23,4.7393297e-17,7.908402e-20,1.4650327e-23
2024-09-08,4.3857394e-17,2.6614514e-20,1.9386394e-13,1.5894355e-15
2022-12-13,0.011775068,0.9999764,1.0,0.99999976
2023-06-17,2.8534444e-15,4.0142636e-16,3.1995227e-12,1.4388252e-22
2022-07-03,8.252325e-18,1.6607847e-22,9.071081e-19,2.5669547e-19
2022-12-28,1.1808277e-08,0.99999917,0.9999989,0.99389815
2020-02-20,0.9429763,1.0,0.0007180024,1.0
2024-07-30,3.088731e-18,5.1780043e-13,5.1479244e-19,2.643404e-25
2023-12-11,0.9717298,0.00095795176,0.9999962,0.9999467
2023-09-25,1.1734662e-22,1.7385709e-28,7.8892284e-15,3.7500817e-22
2020-12-29,0.5403024,1.0,0.6569751,1.0
2019-09-26,1.03757185e-17,3.2575013e-25,2.0897867e-12,3.6660654e-13
2024-09-27,1.1769092e-22,4.8141582e-20,4.557804e-17,4.006497e-21
2021-05-10,0.99999917,1.0,0.092456035,0.00084916386
2023-12-08,0.99986243,0.09347852,0.99992216,0.99998045
2021-02-21,5.4099182e-08,0.9999999,6.0792336e-06,0.9999999
2019-06-09,4.4102052e-11,3.6644536e-07,1.7411841e-15,9.717892e-13
2020-09-17,1.723098e-24,1.9833382e-20,2.7349494e-19,3.5036842e-22
2023-02-04,5.129947e-07,0.9999999,1.0,0.00075237034
2019-09-02,2.0905597e-20,6.6860633e-21,1.7798854e-16,8.2537645e-20
2024-08-18,6.288734e-16,6.296052e-17,1.8099779e-16,1.1555366e-24
2019-06-29,4.6733537e-13,4.228398e-20,5.952626e-15,2.1845024e-21
2020-11-05,2.0690263e-06,2.8321312e-14,6.8476133e-06,0.0015440285
2020-06-05,0.9828691,0.9990357,9.97668e-06,7.3313206e-10
2019-10-29,3.953683e-18,6.3331e-17,2.1916572e-12,3.6372207e-05
2020-03-09,4.7262713e-08,1.0,2.35789e-07,0.68679154
2020-09-19,9.8117336e-26,1.9779415e-22,2.3026267e-20,5.732522e-21
2019-07-13,3.661159e-10,2.7236752e-18,1.069557e-17,7.153619e-20
2022-12-14,0.00051724876,0.9931728,1.0,0.99999964
2020-02-25,4.620043e-05,0.9999999,0.04750729,1.0
2019-08-24,7.645476e-24,1.1821117e-20,4.5125075e-19,3.511674e-21
2019-12-28,1.0,1.0,0.697707,0.9999558
2024-10-09,5.7790574e-25,2.2427018e-24,1.0173493e-15,7.06692e-16
2023-04-13,0.0002867458,0.9999999,1.950777e-12,3.6526647e-13
2019-09-20,4.4280744e-22,1.7152488e-23,6.22912e-15,5.423906e-20
2022-01-20,0.9999999,1.0,0.99999094,0.99999964
2020-06-01,6.2304073e-10,0.02539415,1.8806223e-16,6.2532614e-15
2023-11-01,9.6178584e-24,2.9520654e-21,6.4031836e-13,1.7638816e-14
2021-03-08,1.6478364e-06,1.0,0.41931215,0.034893923
2020-08-13,5.234786e-13,1.4415095e-14,7.436839e-13,1.2670448e-14
2020-03-01,9.895056e-07,1.0,3.1278507e-06,0.9958281
2020-07-09,2.6260787e-16,1.1979782e-19,3.1066554e-19,1.2356738e-15
2019-10-07,2.986072e-17,6.779446e-21,9.716721e-10,5.5394397e-05
2021-06-30,3.7188413e-05,2.521227e-06,1.2544624e-12,7.988814e-20
2024-12-30,0.9999974,0.99999976,0.9999633,0.9999994
2023-05-25,0.9906908,0.9999999,1.7695667e-05,4.525846e-05
2022-03-17,1.6242178e-17,0.99578935,2.5704448e-14,0.00036666574
2019-10-14,1.4121188e-18,1.3596639e-19,6.3352244e-14,1.1498122e-08
2024-05-26,1.7071832e-05,0.9996761,4.8967497e-11,7.990857e-06
2024-09-21,8.350886e-23,8.2527675e-25,1.916754e-18,5.2069525e-21
2024-01-04,0.77648985,0.9999982,1.0,0.99999964
2023-03-07,1.4523098e-08,0.99999964,0.99998057,3.1711578e-11
2022-05-30,0.038118646,0.5830003,1.9133295e-09,1.3333302e-11
2020-06-04,0.003125734,0.5461274,2.2923459e-09,1.4159535e-11
2021-02-01,2.0549722e-08,1.0,3.0986773e-06,0.9999999
2021-03-12,6.6152825e-09,1.0,0.59850174,0.7487018
2019-03-28,1.8142138e-14,0.99999785,1.4019482e-17,2.4076144e-07
2024-01-06,0.9991799,1.0,0.9995432,1.0
2024-12-18,0.9999144,0.999966,0.9999993,1.0
2024-11-24,0.999666,0.0036041355,0.9996716,0.9999832
2020-06-30,5.33141e-09,6.0260113e-15,1.5662778e-11,8.166544e-12
2022-11-02,3.930456e-11,1.0712276e-12,0.0024685666,7.981209e-10
2024-04-24,0.9999999,1.0,0.038464967,0.24271065
2019-05-08,0.99999905,1.0,5.874982e-10,8.815922e-05
2022-03-26,4.057473e-19,0.98026556,9.911535e-19,5.0301486e-12
2022-09-25,5.063578e-24,1.19956084e-26,9.073655e-16,3.3468164e-19
2020-03-15,0.9856484,1.0,4.4975534e-09,0.02808439
2023-09-17,2.5652958e-15,2.9165221e-24,1.051523e-15,4.734019e-24
2024-12-16,0.999824,0.8309928,1.0,0.99998534
2023-06-05,1.9201008e-12,3.203981e-05,1.9979722e-19,1.9568899e-22
2019-06-10,4.241186e-12,1.5572321e-10,1.2266695e-17,6.634257e-14
2021-06-27,7.935838e-10,3.9402075e-14,2.7863093e-14,1.3030673e-15
2020-01-27,0.9999995,1.0,0.016702794,0.9994136
2024-04-09,0.9999999,1.0,0.8372387,4.987582e-06
2021-04-26,0.85891193,1.0,6.07543e-11,3.043204e-08
2019-03-29,1.601253e-16,0.6474352,4.1066007e-19,1.7371275e-11
2021-05-30,1.2879124e-06,0.99999475,0.0012599041,0.036603745
2022-11-17,0.00018086539,5.620434e-06,0.9831094,0.99534285
2021-05-03,1.0,1.0,0.0003068045,0.0033046203
2022-06-19,1.4346128e-19,3.3078247e-19,3.6954141e-19,5.754563e-21
2023-08-14,1.1729406e-18,2.5986238e-24,9.782184e-16,2.936441e-22
2022-09-14,1.5233707e-22,4.240607e-29,2.2368251e-15,1.4056265e-18
2023-01-18,2.2865627e-06,0.99999845,1.0,0.0068305763
2020-11-22,1.4009678e-06,1.5737382e-05,6.443387e-06,0.9999771
2023-07-06,5.929917e-15,1.2764004e-14,5.7871524e-18,4.0236575e-18
2024-05-07,0.999923,1.0,0.00025649334,8.026909e-12
2023-04-11,5.894008e-13,0.99999976,1.6774254e-14,6.6720955e-15
2024-07-25,1.0085009e-22,3.2575713e-20,1.1769141e-21,1.0128035e-22
2023-06-15,6.4148e-12,0.00037554346,2.5353994e-15,1.0039151e-20
2021-05-29,5.528628e-07,0.9999939,6.107355e-08,0.00021965767
2023-01-28,2.6467464e-05,0.9999999,0.99999225,0.0014318996
2020-06-22,4.555053e-19,9.859381e-19,4.643518e-16,2.9946116e-20
2019-07-02,5.1705957e-08,5.9312937e-16,9.123322e-16,1.01147453e-16
2019-06-19,2.5512234e-15,6.005307e-17,2.4032933e-20,2.7060147e-20
2023-05-16,0.97741723,1.0,3.077567e-06,5.2612377e-06
2020-06-25,1.9462873e-16,1.459293e-16,1.6104594e-17,1.0629023e-18
2021-10-05,1.6741241e-21,6.612592e-25,1.2892458e-14,6.772455e-17
2022-08-09,1.4744684e-16,4.5435646e-19,7.254954e-17,4.820551e-21
2021-10-30,2.9257256e-17,7.7176414e-18,2.0709924e-10,2.7656058e-11
2021-01-08,5.7953883e-07,1.0,0.0046717497,1.0
2022-01-26,0.9998816,1.0,0.999866,1.0
2021-07-26,2.822908e-26,6.836268e-21,2.0410784e-22,2.0705414e-22
2021-09-11,5.7691077e-23,6.898722e-21,7.450538e-21,3.7798507e-24
2023-03-05,7.096082e-07,1.0,0.9999999,9.634318e-07
2023-12-04,0.9952282,3.2151285e-05,0.9999502,0.99780625
2020-10-23,5.200203e-21,3.986343e-21,2.3586567e-17,5.8287338e-12
2023-10-08,1.9070648e-22,1.6640027e-26,2.9895715e-13,9.205326e-18
2023-12-14,0.99987173,0.31172472,0.99999845,1.0
2019-04-02,1.7769517e-08,0.9998672,2.2076808e-15,2.3942439e-12
2023-09-30,3.0770555e-24,5.636014e-27,2.5191527e-13,9.869767e-19
2022-01-09,1.0,1.0,0.9999845,0.99998736
2022-09-30,1.6973159e-24,2.1014685e-25,3.3222564e-10,4.881672e-14
2024-08-24,6.4477414e-18,2.137674e-18,8.376763e-15,2.5464106e-15
2021-09-06,4.0509026e-25,1.5812378e-19,5.533893e-23,1.1448769e-20
2021-11-29,0.78258497,0.9999976,1.0,0.99981314
2023-08-17,1.758604e-18,1.1035079e-25,2.8088784e-19,1.740439e-24
2024-01-13,0.99999845,1.0,0.99997497,1.0
2023-04-17,0.9999825,1.0,2.7111593e-05,1.8439729e-09
2023-09-22,3.2174896e-16,1.9217097e-19,1.555318e-13,5.568229e-19
2023-01-06,0.052420497,0.9999975,1.0,0.99991536
2021-03-18,8.12532e-13,1.0,0.004049035,0.0007635629
2022-07-29,2.237808e-10,9.612931e-19,3.2935612e-14,4.1424577e-19
2022-08-05,3.1408114e-12,7.397285e-13,2.6959833e-17,1.1881717e-17
2019-12-09,0.9942616,0.9999993,0.89133626,0.99992836
2023-01-19,0.00026064503,1.0,1.0,0.0019046384
2024-07-06,1.5613535e-22,8.384867e-19,7.8249343e-16,1.2612131e-24
2022-02-20,0.99682707,1.0,0.9906164,1.0
2020-07-06,1.3282758e-16,4.3147434e-19,9.734377e-18,3.576274e-17
2022-02-28,0.00050233863,1.0,0.00044852527,0.9999993
2021-03-04,1.4223953e-08,1.0,2.3155526e-09,5.9192844e-05
2020-09-24,1.0824765e-20,7.812387e-21,4.5869796e-19,1.984412e-21
2024-03-08,1.0472029e-24,0.00079017505,4.349269e-17,3.9242623e-18
2024-10-15,3.703842e-25,2.6000235e-23,1.2420776e-15,1.2531584e-13
2023-03-18,2.5448694e-09,1.0,2.375757e-08,5.933702e-13
2019-06-02,8.905528e-15,1.8597155e-09,1.6432725e-21,1.1756423e-17
2020-09-28,4.284172e-19,2.254711e-24,4.3651926e-17,4.2256455e-18
2019-07-01,8.639618e-08,3.430384e-14,4.4228868e-13,7.2142397e-19
2024-03-28,0.99594635,1.0,1.8292549e-05,8.1731045e-08
2020-12-30,1.2076606e-05,1.0,0.44981477,1.0
2023-04-30,0.9999833,1.0,1.324376e-05,1.7381547e-06
2020-05-24,0.9999106,0.9999999,0.00059571414,1.1175221e-09
2019-11-19,6.0733228e-06,1.4290164e-06,2.546769e-05,0.9999776
2020-01-29,0.9999999,1.0,0.61802083,0.9999963
2023-05-05,0.9999995,1.0,9.497728e-05,3.1187006e-05
2019-10-26,5.602413e-16,3.7145628e-20,3.7150386e-08,8.2189604e-07
2023-05-24,0.99528944,1.0,5.1641587e-06,2.3392946e-08
2023-06-07,4.194626e-10,0.5985583,4.645886e-19,8.5941264e-19
2022-04-02,4.974097e-12,1.0,6.500838e-11,2.6573254e-05
2023-01-23,3.9544474e-09,0.9999999,0.9999999,8.941291e-06
2019-06-27,4.416665e-17,1.8223973e-19,5.3346067e-19,1.5954368e-23
2022-07-31,1.1867389e-08,9.22927e-18,1.6011731e-13,8.774846e-17
2022-03-16,4.2372373e-17,0.99891007,1.8484073e-19,3.5726902e-08
2020-12-11,2.4171502e-05,0.99995804,0.87676334,1.0
2024-04-01,0.99998856,1.0,0.006222012,1.372553e-07
2021-08-04,1.2506059e-24,1.8382826e-18,1.7771662e-22,2.721948e-20
2020-12-06,0.00015547987,0.98686695,0.61807376,1.0
2020-12-21,0.2192967,1.0,0.36942425,1.0
2020-11-13,8.888153e-11,2.8806964e-13,1.1838591e-07,0.9973356
2021-08-25,1.3110722e-19,8.093232e-19,1.3797494e-14,3.0396068e-16
2023-02-08,0.00089659245,1.0,1.0,0.008105863
2022-11-23,5.688914e-07,8.670015e-05,0.9999939,0.9999975
2023-12-10,0.9970926,0.56540465,0.99999845,1.0
2023-01-21,0.0006303152,1.0,0.9999999,3.070691e-05
2024-12-10,0.9995883,0.9875892,0.99999976,0.9999931
2023-04-18,0.99868363,1.0,1.8701261e-05,4.523766e-07
2023-12-29,0.9991528,0.9999988,0.9999995,1.0
2023-12-27,0.9991456,0.99996614,0.9999999,0.9999951
2020-10-21,6.941358e-20,1.1221543e-21,2.226981e-13,9.19454e-13
2020-11-03,2.6327633e-09,3.1395988e-14,1.0000278e-09,0.00013710589
2022-11-08,3.8656838e-11,2.1573219e-11,0.0006066915,3.3149777e-07
2021-04-14,1.2164361e-05,0.99997437,1.1265289e-14,2.7004339e-14
2021-08-31,5.7960766e-26,7.370499e-24,1.763311e-20,5.716505e-17
2021-10-09,8.844552e-23,1.00205845e-22,1.3085952e-17,3.238199e-17
2024-07-10,8.76579e-22,4.375541e-19,1.880894e-17,3.8227472e-22
2023-12-21,0.9985442,0.9924176,0.9999989,0.99999964
2023-04-16,0.99997985,1.0,4.812577e-05,5.0732865e-08
2020-04-06,5.6300997e-10,0.9999993,3.2898222e-16,2.5405488e-16
2023-09-05,1.1870995e-22,4.9597064e-27,9.664821e-17,3.1137693e-22
2020-07-29,2.8247324e-12,4.1838305e-14,5.834217e-16,5.1030845e-14
2020-07-30,1.1224881e-14,6.6507244e-15,6.5453856e-17,1.176778e-16
2023-08-21,2.4521297e-16,2.3149975e-23,6.814233e-16,7.2472226e-21
2023-05-27,0.99646735,0.49702647,0.043042507,2.7315011e-06
2022-02-16,0.9978922,1.0,0.72543436,1.0
2019-10-09,6.9027375e-17,6.6640404e-20,2.1013202e-10,0.0013844221
2023-10-24,3.1148877e-21,3.086026e-23,1.4855422e-09,9.621025e-14
2023-09-10,1.8667713e-15,8.018217e-27,5.824496e-17,1.1654762e-22
2020-09-27,1.44776e-16,1.9636274e-22,1.5814875e-16,1.0697539e-15
2021-12-05,0.924679,0.9999815,1.0,0.99873704
2024-09-24,5.544222e-24,1.0997953e-21,2.8204867e-18,8.162644e-21
2024-01-26,0.99968684,1.0,0.9958637,1.0
2019-09-24,1.275401e-20,1.0515593e-22,6.4136767e-15,3.9983525e-17
2020-10-01,1.0149085e-20,1.8748217e-22,9.293815e-19,4.3928196e-18
2021-09-02,7.3557723e-26,7.923497e-21,3.6036503e-24,3.6303978e-20
2024-04-08,1.0,1.0,0.73811054,4.9716647e-07
2022-09-07,8.2225275e-20,7.4533654e-25,1.2506535e-13,1.4171042e-19
2020-08-29,2.3101832e-21,2.4014956e-21,4.8434066e-21,1.4930251e-19
2019-04-12,6.483584e-05,1.0,9.086823e-15,9.579588e-10
2022-07-16,8.001376e-21,2.823335e-21,1.7699356e-20,5.481251e-20
2020-09-20,4.5258567e-24,1.3524629e-19,7.99343e-17,5.0142842e-20
2023-10-14,1.2830515e-22,2.9543771e-27,8.025171e-14,2.6472621e-15
2023-05-17,0.99999404,1.0,0.023366483,6.733169e-07
2023-08-05,1.4392954e-17,9.001466e-23,4.99071e-15,1.4532278e-22
2022-01-22,0.9999999,1.0,0.9999622,0.9999981
2020-12-23,0.034342997,0.9999999,0.8719616,1.0
2019-11-26,0.42196906,0.026302105,0.00036554574,0.9836247
2022-02-11,0.99999356,1.0,0.9800663,0.99999976
2021-08-03,8.657719e-22,2.1810524e-16,8.130511e-21,4.111711e-19
2022-06-24,5.3662163e-21,2.6877744e-20,6.263825e-19,4.6223126e-15
2020-05-10,0.9999999,1.0,1.3640943e-05,1.9396971e-07
2021-11-26,0.27292025,0.55134964,1.0,0.99999344
2021-01-15,2.3723172e-05,1.0,0.0199095,1.0
2020-11-16,2.345935e-11,2.91665e-09,0.0006203931,0.9999987
2024-04-29,0.9999999,1.0,0.17667454,1.5432028e-07
2023-01-16,8.867608e-08,1.0,0.9999988,0.8323102
2024-05-16,6.980394e-08,0.9998561,7.599869e-07,2.673944e-08
2023-10-13,3.2302418e-24,1.1112373e-27,4.860466e-12,2.2363716e-16
2020-03-08,1.7919483e-07,1.0,1.2167024e-07,0.9998987
2024-09-06,3.2915117e-19,4.5061918e-20,1.0766239e-14,2.825919e-15
2023-08-08,1.1977823e-18,1.2672674e-21,2.6575588e-14,2.7286702e-23
2020-02-09,0.9997898,1.0,9.380143e-05,0.99998224
2020-11-19,1.0069137e-10,2.4184765e-09,4.205301e-07,0.9999957
2024-03-24,1.5999368e-06,1.0,6.743162e-08,8.5764135e-05
2021-03-07,5.0045212e-08,1.0,0.11021372,0.10232643
2023-09-18,3.2830023e-16,3.3471526e-24,5.631637e-17,2.0997054e-25
2024-08-01,1.7823287e-19,1.7362405e-14,1.7137685e-18,4.788774e-19
2020-03-22,0.999579,1.0,0.006678493,0.9999101
2021-10-23,3.178037e-18,3.1932102e-21,1.5362418e-10,2.0450538e-14
2023-04-09,1.1999321e-05,0.99999976,4.7375246e-16,2.2698087e-13
2024-04-15,0.99999976,1.0,0.043540977,4.3152104e-06
2024-09-01,1.1177708e-14,6.6687923e-21,4.2036398e-16,2.5638986e-21
2024-09-23,5.155317e-25,5.104904e-18,1.0730469e-17,1.246922e-19
2021-11-07,8.125287e-17,1.4085189e-19,7.068071e-05,3.0453217e-13
2021-01-09,3.742188e-06,1.0,0.0026159086,1.0
2022-01-08,1.0,1.0,0.9997925,0.99999905
2021-12-28,1.0,0.9999999,0.9999758,0.99999905
2022-06-17,7.491389e-18,8.9396536e-18,2.4069998e-20,2.6502363e-20
2020-11-14,3.674395e-10,1.2782155e-10,4.135013e-08,0.99969673
2023-10-02,1.3994662e-21,8.600285e-28,2.1094998e-14,7.378954e-20
2020-04-15,1.0,1.0,4.431043e-05,2.0655072e-08
2021-02-02,9.313785e-10,1.0,2.6509117e-05,1.0
2024-08-16,6.4077732e-18,7.408802e-18,1.4590808e-17,3.4026877e-26
2024-11-19,6.069046e-08,2.0745971e-11,0.999084,0.0042531528
2023-01-05,6.6819467e-13,0.8009438,0.9999999,0.97185045
2019-08-23,1.4782823e-22,3.4055065e-18,9.209933e-17,7.349329e-24
2022-09-29,4.0414647e-21,3.8967644e-28,9.236396e-12,9.886777e-16
2024-09-02,3.472674e-18,2.5820705e-18,7.005534e-16,1.5444208e-18
2020-02-22,0.014034697,1.0,4.252456e-06,1.0
2019-11-07,1.2458479e-07,3.338201e-13,0.00043087115,0.00011878605
2021-07-09,2.3705183e-17,1.33961174e-14,7.287303e-15,1.875882e-13
2024-02-11,4.3607565e-10,0.9999993,3.4575416e-09,0.6991315
2023-12-06,0.99989974,0.015478522,0.9999999,0.9999237
2024-03-31,0.99970216,1.0,0.0017206029,7.803112e-09
2021-12-30,1.0,1.0,0.9998406,0.99994874
2019-05-11,0.999998,0.9999981,1.2260791e-07,9.444212e-10
2022-01-11,0.99999964,1.0,0.9999945,0.99997556
2022-02-12,0.99759585,1.0,0.990982,1.0
2022-02-15,0.9987721,1.0,0.92468387,0.9999999
2024-06-22,1.201679e-15,7.351578e-15,2.536152e-13,4.401784e-15
2023-06-29,7.782811e-16,3.5278876e-13,1.0527305e-16,2.8489015e-20
2021-05-26,0.07333162,1.0,0.0013751646,0.9811624
2023-01-25,9.332069e-09,1.0,0.9999988,3.477212e-08
2019-06-13,1.5768603e-13,6.154023e-08,8.4396075e-20,3.655001e-16
2023-08-23,3.1581226e-13,8.7483035e-18,2.084546e-10,4.28389e-21
2023-11-29,0.9964676,2.2878883e-11,0.99734735,0.018517943
2021-04-07,4.5936943e-12,0.9999745,3.156797e-17,2.6252514e-13
2020-10-18,4.892129e-22,2.882405e-21,4.256043e-18,1.2753527e-12
2024-06-19,6.842171e-19,2.0661992e-17,7.6095075e-14,5.0232252e-20
2024-05-18,1.1041723e-06,0.99975365,5.457486e-06,5.0123737e-05
2023-12-13,0.99982363,0.9996377,0.99999964,0.99999964
2024-04-22,0.99999607,1.0,0.017466314,1.4966416e-05
2021-04-24,0.95384747,1.0,1.4689662e-09,1.9311774e-09
2023-08-03,2.165351e-16,3.2774333e-24,1.0687127e-17,6.1293845e-24
2020-09-30,1.5895178e-18,1.8787371e-23,6.5914823e-19,1.00679196e-19
2023-09-01,1.8292448e-18,2.3143187e-22,3.8127825e-16,4.1003824e-21
2023-08-12,1.7715744e-23,6.4785616e-25,1.2232447e-16,5.390585e-23
2023-05-15,0.9999795,1.0,4.583968e-06,3.2406852e-08
2021-12-13,0.9469307,0.99997616,1.0,0.99576545
2022-11-05,1.0540745e-09,5.0490202e-11,0.00080446294,8.26232e-08
2020-10-12,2.543464e-19,2.182263e-20,2.2418115e-17,1.4298065e-17
2023-07-12,1.0272928e-13,1.8100055e-16,6.9452916e-16,1.809912e-20
2020-10-07,8.920266e-19,8.58079e-20,8.656085e-18,2.0639068e-17
2021-11-04,2.6336606e-14,2.8428437e-20,5.1728153e-07,4.88047e-11
2022-06-14,3.864268e-15,3.2294313e-15,5.4545606e-17,6.3808838e-21
2020-10-14,4.9368964e-15,5.0560273e-18,2.8800838e-15,6.662342e-11
2024-12-12,0.9999325,0.9949961,0.99999976,0.9999995
2020-12-15,0.020331971,0.99996316,0.113784865,1.0
2023-07-30,5.424437e-15,2.4072244e-24,2.2101824e-16,1.3833979e-23
2020-07-08,3.8627152e-14,5.961463e-16,2.9500352e-16,5.203314e-15
2022-02-17,0.99904186,1.0,0.9789259,1.0
2021-06-17,2.1765812e-12,1.8172632e-12,1.2159957e-17,3.9047197e-16
2024-02-28,1.4901936e-24,1.1769821e-09,3.1718614e-17,6.793898e-12
2021-12-22,0.99999356,0.9999988,0.99999654,0.99999964
2021-10-10,3.0545702e-21,3.0545938e-21,1.1205061e-16,2.1479277e-15
2024-09-04,1.3491988e-15,2.1107232e-18,4.6414262e-17,2.5864403e-16
2021-12-11,0.7943472,1.0,0.99999845,0.99999833
2022-05-08,0.9999999,1.0,8.370546e-07,1.09633895e-07
2019-07-06,2.4688596e-09,6.7577705e-17,7.1544e-15,1.2816752e-17
2022-04-20,0.9999832,1.0,2.101242e-08,2.0964421e-08
2024-04-25,0.9999999,1.0,0.1559327,0.028636614
2024-10-14,2.983158e-24,9.854215e-22,4.13298e-15,6.920333e-14
2020-03-05,2.0161703e-09,1.0,1.0774037e-06,0.999833
2020-03-28,0.99871767,1.0,5.0269088e-11,2.944491e-07
2020-03-07,6.419412e-09,0.99873394,6.272091e-05,0.9998766
2023-02-22,0.026086623,0.9999999,0.99999976,2.5609819e-09
2022-07-20,7.1766706e-17,2.0186927e-22,2.1232647e-18,9.677128e-20
2019-09-29,8.955307e-21,3.2738485e-23,1.2733057e-09,4.888449e-09
2022-12-03,1.0413284e-05,0.00028347957,0.99999344,0.999998
2019-12-25,0.99999964,1.0,0.5454704,0.99997103
2023-06-21,2.2180352e-14,1.6219155e-12,4.2024493e-14,2.3393671e-22
2024-09-30,7.1978075e-25,3.0468459e-19,4.786442e-17,2.2888225e-22
2023-02-13,0.0003828826,1.0,1.0,7.679342e-06
2020-05-06,1.0,1.0,0.001999318,1.7151544e-06
2024-09-03,1.2970962e-15,1.3553657e-19,1.2864658e-17,9.287191e-18
2023-09-04,2.7851704e-19,2.3231364e-23,3.858945e-14,1.1888091e-20
2024-02-01,1.5032804e-05,1.0,0.080130525,0.9999957
2022-05-19,0.015560905,0.99972516,5.7749507e-09,1.6141793e-11
2024-09-22,8.242142e-23,1.8274276e-22,2.0952983e-16,8.042934e-21
2022-09-09,1.9791427e-21,1.9616255e-25,1.6548949e-13,1.2894044e-16
2023-11-18,2.6115708e-14,1.1481408e-18,0.0019496601,3.537795e-08
2019-11-03,5.981858e-10,3.7079164e-16,4.952702e-07,0.0006133141
2022-03-14,8.178561e-16,0.87231594,1.3335411e-15,5.5171824e-07
2023-10-04,1.0324102e-20,1.5454002e-24,4.5786794e-10,6.847942e-19
2020-06-15,9.750379e-10,0.00038178838,7.33507e-10,2.8544444e-16
2022-01-17,0.9999999,1.0,0.99937683,1.0
2021-04-11,9.8166975e-06,1.0,5.327764e-15,8.372431e-12
2023-12-09,0.9998976,0.50171185,0.9999999,1.0
2024-03-16,1.0053407e-09,0.9999994,3.9977298e-08,2.6912213e-13
2019-11-21,0.04976542,5.0250135e-05,0.015950385,0.99999976
2022-02-06,0.9999856,1.0,0.9991715,1.0
2021-09-03,1.7098044e-26,9.732566e-24,1.873788e-19,2.5447837e-19
2019-11-05,5.841929e-10,1.3314166e-15,1.5469454e-05,0.002518169
2020-10-26,9.984638e-16,1.8226974e-18,1.5782821e-15,5.144465e-13
2024-08-22,1.1655047e-19,7.053167e-21,1.2880329e-12,4.66056e-21
2020-08-01,2.4043136e-18,2.6191842e-17,7.5142576e-18,5.11904e-19
2024-09-13,6.2233394e-14,1.6407919e-21,8.336357e-19,2.3771414e-14
2019-05-30,6.7904715e-10,0.00014139962,1.2228576e-16,3.9444212e-09
2021-01-23,8.334825e-09,1.0,0.00030313377,1.0
2022-12-06,2.0450951e-08,0.00078855176,0.99999845,0.9999862
2020-09-13,1.6733816e-23,9.913732e-18,2.7831707e-21,8.919879e-22
2024-09-17,1.8000609e-14,3.1249016e-18,1.8637037e-16,8.499955e-14
2024-01-21,0.999338,0.99998665,0.99968624,1.0
2024-11-04,7.636673e-24,1.7996644e-16,3.824446e-11,8.7397984e-18
2023-05-01,0.99999726,1.0,1.5620384e-07,5.861545e-06
2021-09-15,4.429103e-23,4.2433068e-23,3.935321e-20,1.3583826e-20
2024-06-09,9.167625e-13,7.755838e-13,1.5366705e-09,1.9000787e-15
2021-02-20,1.2726452e-09,0.9999962,6.1649246e-07,0.9999989
2020-10-19,2.1287764e-21,1.6300615e-21,4.1806348e-20,2.1346134e-15
2023-12-05,0.9999964,0.99190664,0.9999999,0.9999995
2020-07-10,1.2599692e-14,1.6158308e-18,1.1383489e-20,1.045111e-18
2023-07-22,4.877905e-13,3.8036914e-22,1.1849793e-19,7.83273e-23
2021-05-16,0.99999917,1.0,3.9750903e-06,0.0016265002
2024-12-27,0.9999865,0.16807915,0.9999912,0.99999976
2024-02-05,1.6879703e-05,0.9999999,0.17373504,0.9999716
2019-05-02,1.0,1.0,1.7430748e-05,0.0015369948
2021-01-20,3.1475884e-06,1.0,0.0069896793,1.0
2020-10-04,3.814643e-17,2.2495855e-21,8.057831e-20,8.191193e-19
2024-11-08,3.44884e-21,6.245678e-12,1.4989118e-15,1.4349935e-15
2021-09-23,3.9694568e-27,8.087024e-20,8.6344473e-19,4.341205e-21
2023-04-23,0.9999999,1.0,1.4239514e-07,4.0757894e-07
2022-09-16,7.2635725e-23,2.6760714e-27,9.995581e-15,3.4090271e-19
2021-10-15,8.1323057e-22,4.174129e-22,4.931406e-13,4.8304158e-14
2021-07-10,1.806913e-18,7.9515003e-22,2.3439939e-15,2.9958482e-18
2024-04-23,0.99999917,1.0,0.011089247,0.55004686
2024-04-03,0.9999981,1.0,0.01735324,4.52192e-07
2022-01-24,0.9999989,1.0,0.99905664,0.9999999
2019-06-07,1.0010378e-12,2.5356153e-09,1.7660585e-19,5.811699e-14
2021-02-03,1.0064985e-11,0.9999999,5.528396e-07,1.0
2021-03-26,6.6362653e-19,0.9999621,2.4402147e-15,1.3877913e-14
2020-03-29,0.00036817507,1.0,6.510923e-16,4.2855156e-10
2019-07-29,1.3840471e-12,9.0162525e-21,3.4767882e-15,3.848259e-17
2020-09-08,1.865259e-26,1.386467e-16,7.000725e-24,7.308125e-23
2023-10-18,1.0970121e-23,5.4517097e-25,3.844342e-13,2.1677808e-16
2021-01-22,1.9815709e-05,1.0,0.0048399125,1.0
2019-11-16,1.0091017e-05,1.0138877e-07,0.9998882,0.9999622
2022-08-12,9.72548e-16,5.2070144e-20,1.2296503e-15,1.1479393e-18
2022-08-26,2.0128613e-17,1.8171733e-23,3.0685334e-13,5.1475656e-21
2022-05-29,0.41156623,0.9997695,1.7129858e-05,1.9918012e-11
2021-10-11,6.018727e-23,1.2998859e-21,1.6226502e-14,3.4659016e-16
2022-12-18,4.842339e-08,0.99678934,1.0,1.0
2021-07-12,2.6362019e-19,2.3150122e-18,3.3194228e-15,4.460963e-16
2021-04-13,2.8435286e-07,0.9999982,1.9602582e-16,3.221279e-12
2020-07-11,1.1201525e-14,2.6341426e-18,2.4888075e-16,1.1816311e-17
2024-05-04,0.9999976,0.9999995,0.000103100945,2.2353371e-11
2022-04-07,0.0029506553,1.0,5.4328433e-07,4.6813187e-07
2024-09-14,2.4101482e-15,6.2107567e-22,5.107539e-16,1.8877272e-12
2021-02-07,1.0085716e-08,1.0,6.7730607e-06,0.9999939
2020-02-15,0.99673355,1.0,0.00012917316,0.9999945
2022-12-04,6.1258637e-10,1.6753074e-05,0.9999999,0.99972254
2020-09-29,8.681643e-19,6.1714705e-18,1.7606336e-15,4.0185956e-18
2024-05-10,0.9851376,1.0,0.0029363306,1.089105e-06
2024-03-29,0.99980575,1.0,0.00046390915,4.5596994e-06
2024-03-04,6.476245e-23,1.05127265e-05,8.58236e-20,1.3428179e-13
2021-03-03,5.9045724e-10,1.0,1.1781228e-05,0.17119025
2020-02-23,0.09428541,1.0,1.0437955e-06,0.9999956
2022-01-01,1.0,1.0,0.99999464,0.72284293
2021-01-04,2.1524563e-06,1.0,0.01622311,0.9999999
2022-08-21,1.4473672e-17,5.4091837e-24,6.781371e-14,2.3489187e-21
2019-05-18,0.0061178124,1.0,1.9006841e-11,2.1665203e-06
2022-02-19,0.82484055,1.0,0.97343725,1.0
2020-02-08,0.9996164,1.0,0.0119572785,0.9999869
2022-09-19,7.9112005e-22,1.1415628e-27,8.788779e-14,7.034241e-16
2021-08-12,4.604133e-23,2.524712e-14,1.7171408e-23,6.433103e-24
2023-12-01,0.99103993,0.0001171231,0.9995746,0.9993253
2021-02-27,9.0077606e-10,1.0,0.6017618,0.99999976
2023-03-22,1.2396487e-16,0.9999975,3.004656e-10,6.884051e-14
2019-11-10,6.7881597e-06,1.4313572e-12,0.008203662,0.99173814
2020-08-06,2.4001269e-17,1.6847588e-21,6.3094375e-19,8.4982436e-20
2020-04-05,0.00019106714,1.0,9.411505e-13,1.6415695e-12
2024-12-28,0.99987817,0.9999981,0.9999683,1.0
2024-12-23,0.97951996,0.99979967,0.9999939,1.0
2020-09-01,2.909559e-21,1.0427609e-19,6.449383e-20,8.6799177e-20
2022-04-03,8.255956e-12,1.0,2.5281068e-12,1.0829716e-06
2022-01-15,1.0,1.0,0.9999522,0.99999964
2019-11-14,2.4749134e-09,1.16037506e-10,0.0018645267,0.99999976
2024-02-23,1.9226445e-23,1.6175201e-07,1.9256596e-17,5.574231e-16
2024-11-17,6.0348226e-11,3.088258e-07,1.0407228e-05,0.004237177
2021-05-25,0.0014152129,1.0,1.0754615e-06,0.4952406
2023-01-15,7.3795074e-11,0.99998593,1.0,0.28841132
2020-04-01,2.560819e-05,1.0,3.771669e-09,9.565854e-07
2022-09-08,2.1342287e-17,5.1343736e-26,1.2479465e-13,9.236037e-17
2019-04-16,0.99999964,1.0,1.3968188e-06,6.2696427e-06
2021-10-21,1.1576517e-21,4.3101618e-23,1.4528313e-11,6.6481117e-15
2023-12-22,0.9998179,0.998814,0.9999999,0.9995896
2019-04-15,0.03746819,1.0,1.9142875e-11,3.4386023e-08
2024-12-05,0.9996654,0.9950296,0.999997,0.9999999
2021-11-01,5.199002e-14,1.8599134e-21,1.2877167e-07,2.4180994e-12
2024-06-13,2.8078435e-16,3.1008364e-15,2.5472163e-08,3.1252996e-15
2023-03-23,1.1510695e-08,1.0,3.656446e-05,7.410909e-14
2021-10-13,1.3959398e-24,3.0362719e-22,7.24171e-17,3.9087505e-20
2020-11-15,3.3930672e-09,4.5367603e-14,6.135214e-05,0.99999857
2024-01-25,0.99991584,1.0,0.99973255,1.0
2023-10-11,1.0087001e-24,1.699923e-29,1.1962368e-14,7.9836965e-20
2023-07-03,8.29845e-17,1.2102884e-19,3.599212e-17,7.7435024e-26
2021-04-04,1.3944931e-15,0.2551613,1.1523374e-15,1.7091023e-16
2022-06-01,0.9959914,0.9662645,0.00012940988,1.169301e-08
2020-08-24,1.1211995e-11,2.7226598e-16,1.2888131e-14,6.43998e-16
2024-01-22,0.9997625,1.0,0.9654829,1.0
2023-03-06,4.402765e-08,0.9999999,0.99999166,1.4147618e-07
2021-09-08,2.397842e-22,5.2434224e-23,2.6179202e-21,3.3238948e-23
2020-06-24,3.6132062e-15,1.8669767e-16,3.2236434e-13,4.563105e-19
2023-07-27,2.508e-14,4.3031305e-23,2.8276012e-15,1.6590108e-23
2023-05-18,0.99999714,1.0,0.008256603,1.1513534e-05
2021-07-16,8.876545e-19,1.1896767e-18,1.9305149e-16,3.3989688e-16
2023-04-21,0.99999905,1.0,5.2719006e-06,1.3844758e-06
2021-01-16,1.5929699e-06,1.0,0.022313679,1.0
2020-12-25,0.021139158,0.98789257,0.9911238,1.0
2023-01-13,2.4037844e-12,0.99995804,0.9999993,0.9984524
2024-12-29,0.9999896,0.9999832,0.999863,1.0
2024-03-25,6.3949483e-07,1.0,1.4124282e-07,1.4451e-07
2021-03-20,8.662661e-14,1.0,0.00020402567,0.0003061158
2020-08-30,1.3601722e-19,3.8358394e-20,1.00339225e-17,1.3890455e-23
2022-08-19,1.7225866e-15,1.6902397e-18,7.090488e-14,9.93968e-24
2020-03-04,2.2565924e-08,1.0,1.5343977e-06,0.9994042
2020-05-29,0.002384041,0.9976891,2.5714175e-09,6.9853207e-12
2020-03-25,0.99835604,1.0,2.4156855e-06,0.22696146
2020-06-02,5.0105525e-10,2.0700743e-05,1.13375004e-14,8.058731e-18
2024-11-03,1.9213412e-21,2.4664135e-19,1.24753385e-11,9.199845e-19
2020-08-20,2.928967e-15,1.6670318e-20,7.765614e-15,9.487866e-18
2023-10-26,5.797789e-23,1.4890585e-22,6.4923227e-12,3.1753137e-16
2024-06-25,8.341777e-16,9.675377e-16,2.0362484e-15,1.9752743e-20
2021-09-25,2.751505e-26,5.8171704e-24,7.2999475e-19,1.9923934e-19
2020-11-23,9.196891e-09,1.9231108e-07,1.5827288e-07,1.0
2019-08-21,5.7019943e-19,2.7448787e-19,1.8983516e-18,1.2131253e-21
2021-02-22,8.439739e-08,1.0,0.0006984593,1.0
2021-01-28,1.9253774e-09,1.0,0.010222777,1.0
2024-11-02,4.6843864e-23,5.2783816e-16,3.9675982e-14,3.4713424e-22
2021-12-12,0.8866822,1.0,0.9999968,0.9994336
2020-01-30,0.999997,1.0,0.27002716,0.9999721
2024-11-16,9.4196505e-11,2.2966506e-06,4.7013098e-05,0.059650738
2023-08-02,2.132773e-12,9.530402e-21,2.2678839e-16,3.340128e-22
2019-10-13,1.3617519e-17,3.7621766e-21,1.7719763e-12,2.7561137e-07
2023-11-21,0.00014142794,4.7725668e-17,0.9895643,3.4695542e-05
2023-03-20,7.908561e-06,1.0,4.7483172e-05,8.873666e-12
2022-07-15,3.0951947e-18,7.584456e-21,8.766092e-22,4.7247106e-16
2024-05-28,0.00023506947,0.9998795,3.5580001e-09,2.2953348e-06
2022-03-20,4.6206514e-17,0.5917942,1.3800792e-09,0.22952174
2021-11-17,0.0021630567,2.2507128e-07,0.9999889,0.5256185
2023-12-15,0.9999912,0.99958426,0.9999932,1.0
2022-06-02,0.99475926,0.9801379,0.00012679215,2.6430887e-12
2023-11-15,1.0271708e-18,1.9502075e-20,2.9606394e-07,1.6904327e-11
2021-12-09,0.9497389,0.9999949,0.99999964,0.9996524
2019-05-12,0.99673367,1.0,3.275032e-10,5.6762285e-05
2020-02-06,0.99798894,1.0,0.07437143,0.99993086
2019-12-05,0.9997565,0.9999988,0.9611506,0.9999999
2023-04-05,1.6295655e-08,1.0,1.7694679e-11,1.8048991e-13
2024-10-24,2.153858e-24,2.2085136e-16,9.139684e-18,8.3855143e-17
2023-06-04,1.3939015e-13,4.7113397e-07,1.2448946e-16,4.176243e-24
2021-04-25,0.9998919,1.0,4.815307e-08,1.8369951e-08
2019-12-31,1.0,1.0,0.9386641,0.9999479
2024-01-09,0.9992105,1.0,0.9999926,1.0
2024-05-17,4.173036e-08,1.0,1.8693147e-05,1.479072e-06
2021-07-21,1.6332413e-22,1.6309407e-18,3.0105383e-16,3.880173e-17
2024-05-24,1.1880473e-09,0.99972624,4.5932344e-10,8.013215e-09
2021-12-10,0.9430657,0.9999999,0.99999845,0.99999976
2019-04-19,0.99999785,1.0,2.7707694e-07,7.530499e-07
2024-06-03,0.00015156073,0.5978188,1.6888373e-07,7.361221e-07
2024-11-29,0.99900013,2.0339637e-06,0.9999995,0.99983215
2023-01-11,3.5591745e-09,0.9991021,0.9999999,0.03559946
2020-11-21,9.685474e-09,1.8929094e-11,2.8174846e-08,0.9999994
2024-03-23,0.0006015417,1.0,5.5102674e-07,1.1098755e-08
2024-10-08,1.5333452e-23,1.3262723e-21,3.6491615e-17,5.537315e-15
2023-02-26,1.306643e-06,1.0,0.9999999,3.96273e-09
2024-01-01,0.9999976,0.99999976,0.9998913,1.0
2020-11-09,7.20684e-08,2.5829709e-15,6.4893735e-09,0.92101425
2021-04-05,2.5772037e-11,0.93368334,1.2858323e-14,1.066173e-15
2019-06-12,5.9803204e-13,5.9357026e-14,1.5279191e-18,1.5345789e-17
2020-06-20,2.219849e-12,1.3046292e-11,2.419742e-12,1.2688688e-13
2022-12-16,3.3758013e-05,0.9183595,0.9999999,0.99997485
2024-06-27,4.354394e-19,7.533188e-21,5.5749456e-19,6.4573484e-23
2021-05-08,0.99999964,1.0,5.21857e-07,0.0048867734
2019-04-18,0.99999774,1.0,9.542013e-08,1.7131292e-07
2024-06-24,3.9143256e-15,1.9876359e-13,1.7777201e-13,9.682145e-21
2021-03-05,3.1793444e-08,1.0,0.00084972556,0.007776496
2022-07-10,9.174782e-20,3.3301556e-21,2.6332417e-23,8.083134e-21
2023-09-21,1.1543556e-17,7.17873e-23,1.78098e-15,1.4360645e-18
2024-04-26,0.9999999,1.0,0.939191,0.00059379416
2022-07-05,3.5854793e-18,4.8886546e-24,6.3585076e-20,2.969704e-16
2024-01-12,0.9999913,1.0,0.999998,0.9999999
2021-11-08,2.0673496e-14,8.2468584e-16,0.08548708,6.000725e-10
2019-09-11,7.051822e-21,8.969255e-21,1.1846195e-16,2.2469904e-18
2023-09-15,2.9402737e-15,5.6166415e-24,2.1161997e-16,1.8156314e-27
2020-07-31,3.8889178e-16,6.356341e-15,1.1073964e-17,1.0868755e-19
2022-08-03,1.6567773e-13,4.7044277e-22,3.9093996e-16,7.247403e-17
2023-11-20,4.372487e-08,1.12172616e-14,0.025170656,2.0129933e-08
2021-01-31,4.387606e-09,1.0,3.274727e-05,1.0
2021-04-27,0.99998736,1.0,3.4699048e-07,7.9744845e-05
2022-12-22,9.843581e-05,0.99972516,1.0,0.9999999
2020-09-25,1.27500214e-20,4.5229507e-19,4.5340094e-18,3.8260196e-20
2021-05-23,0.6859273,1.0,0.016756272,0.080306664
2024-07-14,6.215152e-26,3.01872e-20,1.2427996e-20,1.6236452e-20
2020-11-30,0.008911527,0.9717917,0.11885478,1.0
2019-10-30,1.1725352e-15,1.6977186e-15,3.5446984e-08,7.602365e-06
2023-07-14,2.968426e-15,6.7355366e-24,8.814766e-18,4.386096e-22
2022-07-04,5.0363375e-17,1.0247578e-22,2.0790133e-19,7.8529415e-19
2024-07-08,4.200869e-22,6.8744485e-21,6.572608e-17,4.967063e-23
2020-04-02,0.96189463,1.0,2.0727175e-08,6.958931e-07
2020-05-17,0.99546766,1.0,2.1210978e-08,6.9049605e-07
2019-08-14,3.3786734e-12,3.8626853e-18,2.3815582e-13,7.8430064e-18
2024-01-17,0.99999905,1.0,0.999987,1.0
2024-12-22,0.9691152,0.99966776,0.99999785,1.0
2019-05-19,0.64822674,0.99999964,1.16454945e-11,2.7340916e-06
2021-05-31,5.356685e-10,0.62053764,2.178235e-07,1.6776401e-05
2020-11-07,5.6218205e-08,2.1004398e-09,8.9896575e-06,0.84076697
2019-10-24,4.154525e-15,4.8678064e-19,2.9876006e-12,4.9248615e-07
2021-07-13,3.1940554e-18,4.8562905e-18,3.7045006e-13,5.503468e-17
2024-02-24,5.066194e-21,1.4732743e-05,9.8176044e-20,4.450694e-17
2022-04-17,1.0,1.0,0.005267294,9.5115404e-08
2023-05-28,0.9998373,0.9996666,5.1661004e-07,8.280873e-08
2024-10-03,3.1830185e-21,1.2754582e-22,9.976848e-13,5.468722e-19
2021-01-25,2.5325886e-05,1.0,0.00843794,1.0
2024-09-19,1.4263077e-19,5.251881e-19,1.9086606e-20,1.08048204e-16
2024-07-13,6.2472416e-26,7.778513e-22,1.3064492e-19,1.595981e-20
2023-07-29,2.550415e-12,1.214852e-22,6.790639e-14,1.1134471e-21
2020-08-04,3.4938466e-15,2.1032574e-17,7.7926076e-14,2.5266616e-15
2020-02-29,3.97927e-06,1.0,1.14483846e-07,0.99980253
2020-03-06,1.2346634e-07,1.0,2.1027823e-07,0.25908625
2024-08-05,1.0894123e-18,1.6033296e-18,6.415356e-18,1.2236804e-21
2024-03-12,1.4354059e-20,0.00025872915,5.8545295e-15,1.791901e-18
2021-07-23,1.656959e-26,8.6414654e-19,6.892363e-19,5.7490216e-25
2023-06-19,1.86726e-14,1.1569105e-09,1.6570941e-12,3.993875e-22
2023-04-06,1.6792733e-06,1.0,2.1576985e-09,2.5847493e-12
2022-09-17,2.2939897e-21,1.536603e-28,2.9960887e-14,6.7739764e-18
2019-09-12,6.76624e-22,3.9164942e-21,3.0537179e-15,4.158816e-18
2020-04-03,0.046344984,1.0,1.6668292e-08,4.2583992e-10
2021-04-28,0.9999932,1.0,1.7316419e-08,1.2996056e-05
2020-02-01,0.99999475,1.0,4.4889537e-05,0.7127501
2022-06-18,7.7259155e-19,5.915516e-18,2.5892487e-20,3.9445024e-21
2024-03-19,0.0055496274,1.0,1.6984304e-05,1.8191958e-11
2023-11-09,8.365935e-23,4.4711884e-22,1.7017065e-11,3.0409652e-15
2021-08-17,3.191185e-16,2.2564881e-20,9.889536e-15,6.501088e-18
2023-02-25,0.00029264792,1.0,0.99999547,2.0699401e-08
2021-02-24,7.840338e-08,1.0,7.0321416e-06,0.99999964
2019-09-10,7.5995564e-18,7.242269e-23,1.1826508e-16,1.347448e-18
2021-04-06,2.745722e-15,0.9999498,3.0444895e-14,4.9734725e-15
2020-12-07,0.0033904405,0.9999999,0.3560251,1.0
2019-10-22,1.897008e-15,1.1918247e-19,4.950725e-13,2.5452224e-10
2022-11-20,2.661971e-07,1.5436414e-09,0.99812585,0.9960284
2020-12-27,0.379307,0.9999993,0.63950753,1.0
2024-10-21,1.1081567e-25,4.424476e-23,1.3039106e-18,3.9969602e-19
2024-04-28,0.99999976,1.0,0.07323041,1.0921113e-05
2019-12-01,0.9835322,0.9975552,0.9824197,0.99999297
2023-09-27,2.0125282e-20,1.4682229e-29,1.6197877e-13,8.7658284e-21
2022-11-13,1.8518145e-06,9.541791e-09,0.81621665,0.86209935
2024-02-10,0.0002408924,1.0,6.26466e-07,0.4872872
2021-10-28,4.1145684e-18,2.7758187e-24,1.7282911e-10,2.9750023e-14
2019-11-22,0.0001761442,0.0021377434,0.41049853,0.99999726
2021-05-05,0.9999993,1.0,9.0483375e-08,0.000121899844
2020-07-01,3.5836545e-10,4.5010502e-11,2.5589526e-15,2.1885807e-14
2021-04-20,8.234964e-06,0.9999964,2.9104336e-15,7.2855005e-14
2022-11-18,1.9567453e-05,3.3359802e-06,0.99917173,0.979419
2024-08-31,3.8794516e-15,5.0757943e-19,2.720674e-18,1.1381069e-18
2020-10-15,6.9202662e-18,1.8549354e-18,7.552438e-21,2.8114876e-16
2020-09-04,8.4642464e-26,2.3866384e-20,2.4598164e-20,1.7736462e-20
2021-04-15,5.8017594e-07,0.9999993,4.0643259e-16,7.426821e-12
2024-03-11,1.2686769e-18,1.8414734e-06,6.2740876e-18,1.26409596e-20
2022-08-04,2.2380524e-13,2.3369258e-20,1.4680787e-12,3.2734322e-18
2021-09-19,7.567646e-26,5.3731054e-26,3.3355001e-18,2.4132574e-23
2021-07-17,2.447823e-22,1.9365094e-18,1.7425428e-19,1.1926064e-20
2019-06-08,1.0504275e-13,6.710773e-05,1.5918829e-20,7.002469e-14
2024-06-23,2.8946009e-11,5.8779994e-13,6.77336e-13,5.5085927e-17
2024-11-09,6.589029e-16,7.730814e-14,6.271982e-14,7.982377e-15
2020-08-22,4.402506e-15,9.413662e-20,5.9771753e-16,6.1158394e-16
2023-06-22,9.2923346e-17,2.5466147e-15,4.1958556e-15,2.8887096e-23
2023-05-13,0.9999963,1.0,0.0022949532,0.00011248546
2024-01-28,0.9994956,1.0,0.99453473,1.0
2020-04-24,1.0,1.0,0.004793663,1.2346201e-05
2023-01-04,1.7882791e-10,0.999943,0.9999999,0.9992866
2021-01-05,7.3872627e-07,1.0,0.033093493,1.0
2019-04-13,0.004844798,1.0,1.0340214e-10,7.4812604e-08
2019-10-11,7.554498e-17,3.606601e-20,1.218522e-13,0.00010505053
2021-08-23,2.3472383e-18,1.5729799e-16,2.9877815e-13,3.381705e-15
2023-02-19,0.0055296845,1.0,0.9999999,1.4685846e-10
2022-08-24,6.750872e-15,6.26833e-23,2.1961129e-13,5.0904843e-22
2024-10-29,5.3607687e-23,8.0592373e-22,2.7726118e-13,2.6179917e-20
2023-10-28,3.3536594e-23,3.3292486e-24,1.5824458e-14,6.007761e-16
2023-09-16,9.134669e-17,2.5278223e-27,4.964391e-16,2.149276e-26
2022-03-30,3.040861e-15,0.9999182,8.6910345e-16,4.2488072e-11
2022-01-05,1.0,0.9999999,0.999997,0.99998915
2021-06-12,1.1533967e-12,1.1565663e-05,5.227089e-11,2.4296135e-10
2023-02-24,0.96131766,1.0,0.99999917,1.8793382e-09
2024-01-02,0.99995697,1.0,0.9999937,1.0
2022-11-14,3.3000993e-07,2.4984477e-09,0.9998467,0.30524936
2019-07-24,8.9143075e-09,6.021876e-11,1.9411408e-13,2.786877e-22
2020-04-29,0.99999976,1.0,0.005142328,3.7629622e-08
2021-09-14,1.986616e-21,8.3707236e-23,7.1645897e-22,7.917272e-21
2024-09-29,1.7323813e-20,3.4739805e-21,3.3603455e-15,1.133486e-22
2021-02-16,8.610314e-13,0.9999958,0.011361334,1.0
2024-05-14,0.0010851067,0.9999976,1.9913023e-05,9.019954e-09
2024-11-25,0.5481837,3.0005074e-05,0.6710854,0.9999869
2023-10-25,5.1798107e-21,1.4928529e-21,3.5688712e-11,1.4307191e-15
2023-05-12,0.9999516,1.0,0.00042283058,6.34844e-08
2023-05-02,0.99999976,1.0,1.9095316e-08,7.592243e-05
2021-07-03,7.8026474e-10,1.3277179e-13,1.9775518e-12,1.913873e-13
2024-01-23,0.9995858,0.99999964,0.9999238,1.0
2021-10-26,4.919225e-15,5.8869907e-19,2.6784266e-11,2.3970482e-13
2023-04-04,1.0344016e-07,1.0,1.9501774e-09,2.832195e-11
2021-01-01,0.0001567849,1.0,0.5220872,1.0
2022-04-11,0.99999976,1.0,0.0006017367,6.949983e-05
2021-10-12,8.991072e-22,2.8353775e-23,4.4841175e-15,1.3961652e-14
2024-12-03,0.997294,0.060904883,0.9999871,0.99999964
2019-11-04,2.2880913e-09,2.1811428e-17,5.502905e-07,0.009136301
2020-06-27,2.4512534e-10,3.249075e-17,1.3152012e-13,3.348766e-14
2023-06-06,3.82571e-10,1.1581204e-09,6.235411e-18,1.3281878e-26
2023-05-29,0.99993825,0.99988544,3.9851526e-05,0.0015629892
2024-11-27,0.99896264,0.002392457,0.99999976,0.9999707
2021-05-19,0.9999974,1.0,6.460453e-07,0.0026687586
2024-07-05,1.1000376e-23,1.8610081e-19,4.5457188e-17,6.134356e-20
2022-02-07,0.9999896,1.0,0.99840456,1.0
2019-10-25,9.385703e-18,8.529059e-21,9.8524466e-11,4.5161124e-09
2022-01-23,0.99999976,1.0,0.9996532,0.99999034
2023-09-03,3.284051e-18,2.8439133e-23,8.153146e-15,5.8675915e-21
2020-05-01,1.0,1.0,9.4194205e-05,8.971602e-09
2020-10-29,3.3923826e-08,7.046488e-16,1.8229253e-12,1.08777244e-10
2023-02-23,0.026317446,0.9999999,0.99999976,1.8725592e-11
2024-07-16,3.741841e-27,3.8066817e-22,4.0354123e-20,2.6721335e-20
2021-06-13,5.107292e-10,0.0008105495,2.3061907e-13,1.37556026e-11
2023-12-24,0.999925,0.99070776,0.99999106,0.99999905
2021-02-14,2.2382447e-09,1.0,1.1287656e-05,0.99999976
2021-07-22,4.7602403e-24,3.0045367e-17,2.598255e-18,2.8497322e-17
2020-10-11,3.5774776e-23,8.773247e-23,6.0420684e-18,5.172239e-17
2024-04-12,1.0,1.0,0.0010770715,1.7702965e-07
2023-12-31,0.9999877,0.99968255,0.9999999,0.99999785
2024-06-01,0.16548878,0.001271189,5.2121456e-11,6.5087685e-14
2022-05-01,1.0,1.0,1.0666805e-05,4.803419e-08
2020-04-18,1.0,1.0,0.0015010209,1.3831323e-06
2024-12-09,0.98788095,0.76194745,0.9999989,0.9999994
2021-12-02,0.9608278,0.99880636,1.0,0.99808645
2024-10-28,1.110103e-25,4.646898e-18,5.2375672e-15,3.6216698e-20
2024-11-18,0.00014209976,2.0234966e-06,0.99720556,0.92039645
2023-03-01,2.9826599e-05,1.0,0.99999905,2.64604e-08
2023-11-19,7.126645e-11,1.024417e-16,0.34485665,2.001947e-06
2022-01-03,1.0,1.0,0.9999659,0.9999969
2021-08-29,7.897778e-23,7.6090816e-23,2.3539506e-21,4.931976e-18
2022-12-19,2.0943353e-05,0.99999857,1.0,0.9995902
2020-10-02,2.3861853e-18,1.0620152e-17,7.896676e-20,1.7941438e-19
2021-09-05,9.4393087e-26,9.240636e-21,6.2765197e-21,2.6542515e-21
2020-01-31,0.99997115,1.0,0.86968625,0.4928503
2023-12-12,0.98938376,0.9444218,1.0,0.999992
2019-06-01,3.110832e-14,5.3598098e-11,1.3314568e-23,9.175652e-21
2019-11-23,1.001268e-05,2.55685e-07,0.0009778235,0.99957865
2023-04-26,1.0,1.0,1.04684e-06,1.9808551e-08
2023-10-22,3.3203229e-22,9.039386e-23,2.5604447e-09,1.91787e-14
2021-08-26,2.069673e-22,6.342943e-16,6.265283e-19,7.6633314e-20
2020-07-28,1.2292604e-16,1.373502e-15,2.6695116e-15,9.540404e-21
2021-09-17,3.9058674e-23,8.011499e-25,1.5137286e-18,4.869563e-22
2023-08-31,4.416362e-17,1.8735168e-26,1.676389e-14,3.3199516e-17
2021-09-29,7.41033e-25,8.928391e-29,1.3093998e-16,1.5900023e-19
2021-11-06,1.11170686e-14,2.0236177e-16,1.316136e-07,1.9076166e-08
2023-06-23,2.8106487e-18,1.235711e-16,1.5610197e-15,9.586617e-23
2019-04-26,0.9999629,1.0,1.4310853e-05,1.7146349e-05
2021-04-03,5.328711e-18,0.99993,1.1614555e-14,1.9433459e-12
2021-07-30,5.7776408e-27,2.7876455e-20,1.2823033e-21,2.8457583e-23
2022-02-04,0.9999919,1.0,0.9985625,1.0
2021-02-05,7.057684e-11,0.9971992,0.00076491747,0.99727446
2021-11-11,1.0196849e-14,9.008982e-17,0.0054322835,2.1238393e-11
2019-05-07,0.9999999,1.0,2.5331295e-10,0.0009409807
2022-09-23,4.8084697e-27,3.143444e-26,1.2104175e-12,5.7821467e-17
2020-09-23,2.9890873e-20,2.8314336e-22,5.2788764e-19,4.5331527e-22
2021-11-02,8.096363e-16,9.3346343e-20,2.1223013e-06,1.7898426e-13
2024-08-26,1.7007112e-14,2.5874842e-14,3.2607376e-15,6.141404e-20
2019-09-09,5.719054e-18,5.804636e-20,1.1010616e-16,1.5594571e-19
2023-04-19,0.9999479,1.0,1.6479788e-08,2.6665776e-07
2020-05-25,0.9998599,0.9999987,3.3582094e-06,2.4457112e-09
2024-11-22,0.14542323,3.5853031e-06,0.94395125,0.9228749
2023-12-17,0.998664,0.9991171,1.0,0.9999999
2021-06-10,5.4871638e-05,0.9939645,7.728866e-05,0.00023283374
2023-10-01,6.6865946e-22,1.11276335e-29,2.2942646e-14,1.8203961e-19
2019-08-30,1.3833142e-22,1.4359208e-20,9.683321e-22,2.0737123e-21
2019-08-16,7.5962603e-16,9.390842e-22,2.8827632e-13,8.547312e-18
2024-10-05,1.0749488e-23,1.9046302e-21,3.6793997e-15,2.2741844e-14
2020-07-03,4.1430942e-17,2.0008719e-14,2.126573e-17,5.4261524e-16
2020-12-18,0.044309877,1.0,0.007018625,1.0
2021-07-15,2.6835681e-17,4.4614177e-18,1.858763e-15,2.703378e-17
2021-01-02,0.06453432,1.0,0.9383769,1.0
2024-03-30,0.9750463,1.0,0.00012429456,2.0809981e-05
2020-05-31,2.4896579e-08,0.00025806448,6.7609492e-15,2.064729e-14
2020-03-14,0.996425,1.0,0.0015970911,0.112954214
2023-03-15,3.8344798e-08,1.0,0.99972814,6.6843953e-09
2022-12-20,4.0280966e-06,0.97627264,1.0,0.99999845
2022-08-31,3.475086e-18,1.0287911e-24,7.2610985e-14,6.321956e-22
2023-03-13,7.4327727e-07,1.0,0.99905735,5.5014544e-09
2019-07-08,3.273405e-08,8.0484663e-19,6.258765e-14,2.0170878e-18
2021-11-03,4.497801e-17,1.5731155e-19,2.9502442e-06,2.3820299e-10
2019-04-21,0.99999964,1.0,4.5863458e-06,4.3525462e-05
2021-02-11,6.93907e-12,1.0,0.00010939921,0.9999999
2020-03-31,0.008357912,1.0,3.3799807e-09,7.683268e-06
2019-11-25,0.93915665,0.9983726,0.016937304,0.9994141
2023-04-25,0.99991333,1.0,2.944251e-05,2.6964567e-06
2019-07-07,5.709631e-09,2.7768464e-16,3.8858836e-13,8.180077e-19
2023-04-29,0.99999964,1.0,6.5527965e-05,2.906794e-08
2020-12-05,0.024484426,0.9398851,0.23092817,1.0
2023-04-12,0.5544342,1.0,7.7672837e-07,2.1325016e-11
2021-09-12,9.124573e-24,1.4078881e-22,2.9810415e-17,7.647434e-23
2024-05-08,0.9997657,1.0,0.048569363,2.1906422e-08
2024-07-04,7.7778265e-23,1.6855102e-22,2.7793978e-18,3.5027867e-23
2021-05-17,0.9997249,1.0,7.511672e-05,0.45842543
2024-12-31,0.9981529,0.9993284,0.9993017,1.0
2023-07-24,1.39338185e-11,2.729878e-23,5.119558e-15,1.7359567e-24
2023-01-31,3.778589e-09,1.0,1.0,4.145025e-06
2023-09-09,5.52455e-15,4.0900277e-27,6.943914e-16,1.4396337e-20
2022-06-09,7.799567e-06,2.2728068e-09,2.0695107e-11,1.8842702e-16
2023-07-02,1.30225095e-17,2.2180254e-19,2.879806e-17,2.9063739e-22
2024-05-20,1.7747018e-09,0.35823464,6.0408314e-07,1.1330432e-06
2023-08-15,5.773787e-19,4.9393204e-25,2.0050597e-17,6.6130245e-24
2022-09-04,1.4559649e-20,1.5766983e-24,1.0290814e-13,1.5548171e-20
2023-02-02,7.6579945e-06,1.0,1.0,0.008203057
2022-05-18,0.9974848,0.9999981,0.00057027984,3.0231433e-06
2022-12-29,1.3337419e-08,0.9998628,0.99999964,0.9999982
2021-02-18,4.6810255e-13,1.0,0.0012793111,0.99999034
2024-09-15,4.0861816e-17,9.0795315e-18,1.1344183e-18,2.0829799e-14
2023-06-20,1.3058041e-15,5.2601534e-11,9.214219e-17,2.7196307e-22
2022-07-30,1.6652685e-12,6.2041325e-20,4.8341604e-13,9.020626e-20
2019-12-17,0.9999993,1.0,0.9447579,0.9999664
2023-06-30,2.1506557e-17,5.115966e-15,3.4660998e-16,2.7678807e-22
2019-12-06,0.99980766,0.9982079,0.9993705,0.999116
2022-09-27,2.942788e-22,4.0745174e-27,2.9494473e-14,1.4671158e-12
2021-01-24,4.2078204e-07,1.0,0.021613784,1.0
2022-03-27,1.3362892e-14,1.0,3.1132459e-15,9.3319805e-09
2024-03-27,0.45579514,1.0,9.407309e-07,1.5346802e-06
2019-11-24,0.00024025382,0.0018644398,1.2493808e-06,0.9976654
2019-06-21,1.2387328e-14,3.2201882e-14,3.6128543e-19,2.8897595e-21
2023-07-25,4.2696954e-10,1.0464578e-21,1.1760983e-12,4.7555984e-22
2019-03-26,1.0217671e-12,0.99959666,1.2586769e-14,6.8943407e-10
2020-07-12,8.5401843e-16,2.1536841e-14,5.1248595e-20,1.8150978e-20
2022-02-23,0.00024465602,1.0,0.07247452,1.0
2020-09-11,6.365738e-28,4.8859423e-20,1.5255747e-22,4.7767984e-22
2019-06-03,4.5300725e-12,9.0205596e-08,9.997406e-16,2.0394943e-11
2019-10-27,1.8568627e-16,4.964724e-19,2.0584938e-09,1.5255816e-07
2023-09-28,7.503411e-23,2.841869e-27,5.6881323e-12,1.4238262e-15
2022-02-03,0.99999964,1.0,0.9989391,0.9999987
2020-05-18,0.99999845,1.0,0.000337667,2.394502e-10
2024-01-10,0.9974968,1.0,0.99596405,1.0
2024-10-16,6.022468e-24,7.9918934e-20,5.1455003e-15,1.647548e-12
2021-01-03,2.5398768e-07,1.0,0.45747602,1.0
2020-02-02,0.99994373,1.0,0.016086722,0.9999819
2020-03-18,0.9999993,1.0,1.3739913e-06,0.0001301426
2020-12-28,0.5207662,1.0,0.86585087,1.0
2020-12-26,0.08639511,1.0,0.95608246,0.9999999
2020-02-27,0.012758504,1.0,0.0018924114,0.9998658
2022-03-02,2.284595e-08,0.9999864,1.1365333e-06,0.9999993
2023-07-04,1.4371774e-14,2.5772766e-19,1.7144226e-14,1.994163e-21
2020-04-20,1.0,1.0,0.0039167693,3.1081282e-07
2024-02-03,1.8257831e-05,1.0,1.1621038e-06,0.37857193
2021-10-20,5.1380674e-22,1.1230122e-26,6.254478e-15,5.9491986e-15
2023-12-18,0.9991935,0.9968028,0.9999989,1.0
2022-09-06,2.0358114e-17,1.0378538e-23,1.7303753e-14,1.9427736e-21
2020-11-01,6.0426057e-12,3.2631823e-19,6.5574824e-13,2.665744e-09
2023-03-16,6.615197e-12,1.0,0.94748116,1.8408934e-10
2021-09-26,1.872686e-28,7.919949e-24,9.6867315e-20,8.258733e-22
2021-03-01,7.888789e-08,1.0,0.45795214,0.9971409
2022-09-20,4.50498e-24,1.754777e-26,1.3932296e-12,8.4441016e-16
2023-09-26,1.3568572e-24,9.916675e-27,3.6368006e-13,1.7509606e-24
2023-06-08,5.0284394e-09,0.0008301776,6.077231e-17,4.31879e-21
2020-07-19,5.9780355e-18,1.2620819e-20,2.6242834e-18,3.0768448e-16
2024-09-18,6.694878e-18,3.877685e-18,2.8360213e-19,1.831833e-13
2024-01-27,0.97224355,1.0,0.9334375,1.0
2024-07-18,2.325366e-27,5.6101195e-21,9.7232666e-21,4.140917e-23
2021-09-04,2.9385417e-26,3.3811202e-25,1.38051316e-17,1.4216083e-20
2023-12-30,0.9999167,0.9956476,0.99999964,0.9999999
2024-03-22,0.98997295,1.0,2.6113105e-07,5.2530075e-10
2022-05-24,0.86084765,0.99973065,1.8429335e-05,1.0416689e-09
2023-02-01,5.231226e-07,0.9999982,1.0,1.1937684e-06
2024-07-24,1.6474115e-25,2.678735e-21,1.4197872e-20,5.6484253e-22
2023-11-05,1.2011527e-21,2.475722e-23,5.02776e-12,7.668205e-15
2019-12-15,0.99999976,1.0,0.39092034,0.9999989
2024-06-06,7.894916e-12,3.934786e-06,1.3129456e-09,5.7649625e-11
2023-12-03,0.97936636,0.004997763,1.0,0.90876627
2024-05-02,0.99999976,1.0,0.21797895,1.8993161e-07
2022-11-12,1.4076363e-05,1.6701712e-07,0.20443872,0.9297947
2023-04-28,1.0,1.0,0.00013736746,4.0813934e-06
2021-06-05,1.2386917e-08,0.99326295,3.3310432e-06,0.0046882927
2021-04-21,0.9997931,1.0,6.556222e-07,3.1128153e-07
2020-03-16,0.998898,1.0,1.4076082e-08,0.0008273275
2024-06-18,1.0299698e-15,3.6927544e-13,7.323851e-12,1.2258837e-17
2023-11-25,3.6923517e-05,3.6466766e-10,0.9999994,0.78402466
2019-04-07,2.765948e-06,1.0,8.055632e-13,5.89153e-11
2021-04-02,1.7221533e-11,0.99423534,2.0347139e-20,3.2020448e-19
2019-04-01,2.3043604e-14,0.9992173,7.36818e-20,4.572225e-16
2024-09-25,5.7897815e-25,7.236918e-21,1.0100662e-18,1.3452535e-20
2020-03-30,0.9198698,1.0,0.0006373917,0.9996075
2022-08-06,8.0876925e-15,3.4795014e-19,9.511908e-15,1.1636516e-20
2023-07-16,5.816661e-16,2.1096885e-22,6.5634153e-16,1.1748816e-22
2024-12-07,0.9989679,0.051894616,0.9999999,1.0
2020-03-02,2.9295084e-08,1.0,9.406687e-11,0.9627628
2023-07-31,6.8519536e-15,1.2194766e-22,2.1304303e-13,3.6474524e-23
2022-12-24,4.6333848e-10,0.99975103,0.9876253,0.9999999
2022-02-09,0.99953747,1.0,0.99873585,1.0
2023-09-07,9.160143e-17,5.7789697e-25,3.606154e-16,5.573731e-20
2024-07-15,8.0831754e-26,7.23893e-22,2.459984e-21,1.6344823e-21
2021-09-30,2.5203258e-24,2.7014995e-26,7.023563e-18,9.070522e-20
2022-01-16,1.0,1.0,0.999995,0.9999999
2021-03-11,1.7372791e-08,1.0,0.35187745,0.2563752
2019-10-01,8.3629175e-20,1.4353921e-24,2.4657487e-13,1.6088724e-13
2020-07-26,1.4252044e-14,1.6812072e-15,4.1735987e-17,3.502009e-17
2022-05-15,0.9914938,0.9999982,2.5584983e-08,5.1844428e-11
2024-08-07,4.6581353e-17,1.1688286e-15,1.2222974e-17,1.3972431e-19
2024-09-11,1.8298271e-11,6.182336e-17,6.0319134e-14,1.260967e-10
2020-04-28,1.0,1.0,0.00034005565,1.6314274e-07
2021-06-25,3.841346e-08,5.715975e-08,4.4301837e-12,4.634913e-18
2020-10-28,2.9227312e-09,2.692354e-18,8.136672e-13,1.0154321e-11
2021-01-29,2.8006027e-06,1.0,0.06197123,1.0
2022-06-25,9.915656e-19,1.2640766e-20,2.8928615e-19,3.3304892e-19
2022-08-13,1.1145007e-14,5.013806e-20,1.2780902e-19,3.1131209e-19
2020-12-04,0.7241835,0.99999356,0.76717424,1.0
2023-05-03,0.99999964,1.0,2.7281527e-05,0.00011722064
2024-11-30,0.99905354,0.8563462,0.9998646,0.9999913
2020-02-21,2.1951275e-06,1.0,4.520863e-07,0.99999547
2023-09-11,2.2846522e-15,3.545292e-24,1.0630539e-15,1.1174231e-18
2024-08-23,1.279447e-18,6.326402e-20,8.6002033e-13,1.89005e-17
2023-10-05,2.0629886e-22,3.7435346e-30,5.664106e-13,1.8525794e-19
2022-04-04,4.8233645e-10,1.0,5.499566e-09,6.699385e-05
2023-03-09,4.03746e-09,1.0,0.9999993,4.3584618e-07
2021-10-02,1.5351111e-25,8.068238e-25,1.4193717e-18,4.907314e-19
2023-09-20,1.0523618e-15,1.11600594e-23,3.587359e-15,1.7496298e-19
2019-07-03,1.2244133e-10,2.513259e-17,3.639984e-14,2.4619217e-18
2019-10-17,1.0536645e-20,2.6916298e-22,6.518637e-13,3.8867675e-08
2023-12-20,0.9999635,0.999979,0.999964,0.99999976
2022-06-16,2.5977287e-19,3.6784875e-15,6.9991294e-22,1.8787469e-20
2024-04-02,0.9998846,1.0,0.0021991492,1.7080598e-08
2022-11-10,6.0377765e-09,1.8212187e-12,0.29509583,1.0057286e-05
2023-08-10,1.1906147e-21,1.3475048e-25,2.5414578e-14,5.558883e-22
2021-01-07,4.9141418e-05,1.0,0.0046255845,1.0
2024-08-25,1.1233179e-16,4.2322257e-19,5.1682135e-14,3.0755274e-18
2019-11-15,0.00059577776,2.1423014e-08,0.016026726,0.9781146
2021-11-16,1.6050291e-09,5.576891e-07,0.9999994,0.5061149
2021-08-02,5.383757e-25,3.4879463e-23,5.7360436e-21,1.0658246e-20
2023-03-25,1.526396e-10,1.0,0.0043747867,4.8618023e-08
2020-04-26,1.0,1.0,0.056290086,2.8564632e-06
2020-05-20,0.999209,0.99999976,5.289267e-08,5.6482476e-09
2019-08-20,1.0131534e-18,2.271882e-18,4.4289794e-14,3.3252376e-24
2019-10-08,5.1525238e-18,7.31881e-23,9.6541685e-14,1.7618072e-10
2023-10-17,1.6506158e-22,1.3591483e-22,8.6623346e-13,1.534475e-15
2020-12-13,0.0054922714,0.9999999,0.97379524,1.0
2023-11-27,0.7460277,3.1364344e-09,0.99979395,0.09185546
2021-04-29,1.0,1.0,1.7054681e-05,9.838301e-06
2021-06-09,4.5452985e-06,0.08679536,1.4878597e-05,0.007110015
2021-11-28,0.6146181,0.99454594,1.0,0.9995053
2020-06-29,1.9594593e-11,4.12153e-17,8.098078e-12,1.5588179e-15
2022-08-16,5.060702e-16,1.6589538e-23,6.8139244e-15,1.4986844e-21
2024-07-11,4.2849804e-23,2.0913345e-19,6.222105e-18,2.7802298e-22
2022-08-29,1.9032915e-16,7.263779e-27,2.2866819e-13,1.9655814e-24
2020-10-22,5.5452116e-18,2.3406728e-20,4.1273653e-18,8.4885213e-13
2022-03-22,5.4400327e-18,0.9995677,2.3482324e-18,2.8662512e-08
2021-02-17,4.81725e-14,0.9999995,2.1212572e-06,0.9999354
2022-07-23,1.3360546e-14,1.8523188e-18,1.5249668e-18,1.19056805e-23
2024-03-13,5.0559555e-16,0.9148886,1.2777708e-08,7.431696e-12
2023-03-30,1.7091777e-08,1.0,1.7256239e-09,4.4643667e-09
2024-07-02,1.747591e-24,6.236947e-21,6.459069e-17,4.730589e-24
2021-06-26,5.2648166e-09,5.348864e-10,2.509608e-10,1.0146111e-11
2020-10-13,2.0573164e-20,9.016399e-19,3.2652266e-14,1.6285903e-11
2019-04-14,1.549473e-05,1.0,3.279254e-12,8.436492e-11
2024-10-01,1.0522967e-24,3.4054217e-22,3.501343e-16,1.1919062e-12
2019-06-17,3.6992663e-14,3.8427276e-14,1.2771065e-18,3.2219698e-18
2019-09-17,1.9966795e-24,3.7742387e-20,2.872772e-14,4.983766e-15
2019-03-27,5.3524923e-12,0.9999999,8.139833e-18,5.708696e-12
2024-08-10,6.434549e-17,2.0610978e-17,7.911457e-18,3.8872933e-20
2020-09-09,3.3858292e-26,4.876153e-18,2.6374854e-22,1.2622204e-22
2024-06-21,6.707593e-15,4.445589e-16,1.4529994e-16,1.3265267e-19
2020-04-16,1.0,0.9999999,0.0075974776,2.5986233e-07
2023-03-04,2.0908226e-09,0.99999976,0.99996674,8.0312973e-10
2022-01-25,0.9999999,1.0,0.99938214,0.9999888
2023-01-07,0.993792,1.0,1.0,0.99986994
2020-11-29,1.2983805e-05,0.018122548,9.991895e-06,1.0
2024-08-13,2.2633205e-16,1.7867341e-18,7.344535e-17,2.4677558e-22
2021-06-03,9.063042e-05,0.87562805,1.06001686e-07,5.43451e-05
2021-01-19,1.1607303e-06,1.0,0.009853201,0.9999999
2022-12-27,3.707399e-09,0.99999964,0.99995637,0.99999726
2020-07-02,2.740604e-12,5.2915235e-13,4.2833474e-15,7.381196e-15
2024-11-23,0.99610597,1.9065935e-09,0.9999312,0.9734119
2022-03-18,2.7742513e-17,0.7540304,9.332266e-09,0.98706007
2022-09-10,4.3068503e-19,5.9068075e-27,3.3666548e-13,2.6378772e-15
2024-06-07,7.543975e-09,0.69371945,1.3595768e-10,1.6578686e-12
2020-08-17,3.9545776e-12,1.7038529e-19,2.463463e-10,2.3282423e-19
2022-12-01,2.5935892e-08,0.00067531236,1.0,0.9999989
2023-10-19,2.2766565e-23,7.084548e-23,2.6381165e-13,5.4558066e-18
2022-04-19,1.0,1.0,0.000118193544,7.654932e-09
2024-07-26,5.427419e-22,2.18879e-21,3.7928392e-22,2.8355692e-25
2024-06-08,7.129589e-09,1.747114e-05,1.5542151e-09,1.2598832e-13
2020-12-02,0.30168745,0.7672949,0.7140475,1.0
2021-06-23,2.6948805e-07,1.22041826e-08,5.0462657e-15,2.2563059e-14
2024-12-04,0.9999802,0.15279979,0.9999801,1.0
2022-07-25,3.0350437e-11,1.9352984e-18,1.4410531e-14,2.530628e-21
2021-11-25,0.13936412,0.45695305,0.9999995,0.49469462
2022-12-30,0.069024935,0.99999905,1.0,0.9999994
2024-08-09,6.3395294e-17,3.8542225e-14,2.3188304e-18,1.9436791e-20
2024-01-20,0.9999865,0.9999995,0.9996929,1.0
2024-11-14,4.0393657e-11,4.4252643e-14,0.00041672424,3.8911563e-07
2019-11-01,2.689738e-13,1.9700992e-18,3.5924555e-10,0.0006368603
2024-05-27,1.3529588e-07,5.9406805e-08,4.172779e-13,2.6032088e-08
2023-10-16,2.5891953e-23,4.2883588e-26,1.6913822e-13,3.547274e-20
2021-11-18,1.5909295e-06,1.3201202e-05,0.99999535,0.99891615
2024-10-20,6.6991935e-26,6.4893304e-22,1.0466745e-19,3.897836e-20
2024-12-21,0.99555725,0.9999939,0.99998665,0.99999976
2020-05-23,0.99997187,1.0,2.3157358e-07,2.9269895e-08
2019-05-22,0.00010234766,0.9999993,1.1273582e-11,0.00015020905
2022-07-21,1.4353805e-17,2.0103882e-19,2.653161e-19,2.54235e-25
2022-03-04,1.1971227e-10,0.99999714,0.0010850437,0.99997056
2020-02-12,0.99749243,1.0,0.0073012877,0.9999492
2019-09-03,3.578269e-23,2.8146248e-21,6.4832716e-21,9.715169e-24
2023-07-28,4.863266e-16,1.3157491e-23,6.202604e-17,3.1690098e-23
2024-06-17,2.0785897e-11,2.9319058e-12,9.233715e-09,1.3092893e-17
2019-12-13,0.99999285,1.0,0.8968097,0.9999895
2020-02-17,0.99920815,1.0,9.5524614e-05,0.9999995
2021-10-29,7.665182e-18,7.3045857e-23,6.28015e-09,1.3477231e-14
2020-03-11,1.4680782e-09,1.0,1.0587127e-09,0.010809716
2021-05-27,2.4501396e-06,1.0,2.0237223e-08,0.94174945
2021-06-01,0.0003541815,0.99567175,1.806359e-06,9.6724996e-08
2024-07-12,4.147003e-23,2.059091e-20,5.2451992e-17,6.017924e-23
2021-06-22,9.7454016e-05,8.8015826e-05,5.1809186e-13,8.0108065e-15
2023-10-23,4.537043e-23,2.6325186e-23,1.2951483e-11,1.565242e-14
2019-06-16,6.0760926e-14,9.274245e-12,8.530826e-19,2.3335009e-16
2021-01-26,8.5698974e-07,1.0,0.056920968,1.0
2021-08-20,1.2379737e-08,7.024619e-15,0.003211356,2.0565502e-10
2024-08-21,9.971263e-19,1.7783897e-19,1.0460665e-10,1.4469612e-21
2024-01-31,0.012832735,1.0,0.48382738,0.9999994
2020-04-07,3.9674138e-05,1.0,3.0662896e-11,1.8086072e-13
2022-02-26,0.00011989707,0.9999999,0.0055229547,0.9999958
2021-04-16,6.3869935e-05,0.9983852,5.176039e-13,2.7317551e-14
2024-06-14,3.119199e-13,1.6229136e-10,7.442701e-09,3.98546e-14
2022-08-22,1.8983174e-16,7.626509e-25,6.062456e-14,5.5372347e-21
2022-12-09,7.697348e-07,0.093205884,0.9999999,0.99999976
2022-02-18,0.9853078,1.0,0.99859935,1.0
2024-05-05,0.9999995,0.9999999,0.0005887757,9.549693e-13
2021-12-26,0.9999999,1.0,0.999951,0.99999845
2020-11-24,1.2398787e-07,0.0001185976,1.49035895e-05,1.0
2020-09-12,6.47137e-26,7.19281e-18,5.831151e-22,2.2139285e-24
2021-03-14,5.44212e-10,1.0,0.00043716765,0.026599009
2022-03-19,7.3121665e-16,0.96360075,6.087763e-14,0.08057925
2022-12-02,2.490903e-07,0.00029489357,1.0,0.99999666
2019-11-27,0.07446949,0.855605,0.99700516,0.9999963
2022-12-31,0.0001850111,0.9999964,1.0,0.99984825
2019-05-28,3.2821545e-10,0.15174012,8.773557e-21,1.2181803e-13
2020-11-11,2.6875195e-08,5.3098162e-08,2.3668417e-05,0.99998796
2023-10-12,1.712359e-23,9.526302e-27,1.0742348e-13,2.0684842e-19
2024-02-04,0.0004887117,0.9999999,0.00196195,0.99597967
2020-08-28,1.6598617e-20,5.653387e-21,1.2410805e-19,2.271938e-22
2021-07-19,1.0727204e-23,1.186856e-20,8.291737e-18,3.1484566e-21
2023-11-10,5.02213e-21,2.3857699e-23,1.9538298e-09,1.3551061e-13
2021-02-10,4.90993e-10,0.99999905,0.00030869132,1.0
2020-01-03,0.9999999,1.0,0.7820633,0.9999988
2023-08-20,4.075302e-16,3.2301084e-23,5.086349e-15,8.17666e-23
2019-10-28,3.2652061e-15,1.3396014e-18,3.112421e-11,0.003523919
2022-05-27,0.0034051666,0.33216652,3.1863394e-11,2.4218266e-14
2022-11-01,4.813302e-17,5.6310385e-16,3.0749634e-05,7.314628e-14
2024-08-27,1.2786772e-16,1.1715046e-19,8.4537895e-19,1.2493871e-21
2019-10-05,1.5390965e-20,1.1897379e-22,4.889125e-11,6.666928e-08
2024-05-15,0.014686187,0.99999905,3.4912857e-06,2.7326585e-09
2024-07-01,1.8688869e-23,1.4554222e-18,1.03337205e-19,2.3842074e-21
2023-02-18,0.03294349,1.0,1.0,1.1391594e-08
2021-11-14,4.7627378e-09,1.2180637e-10,0.9855606,9.8920886e-05
2024-02-26,7.4071653e-25,1.18584786e-07,1.3566189e-17,3.7536174e-14
2024-06-29,2.4496457e-21,2.194317e-20,3.554418e-17,6.6235878e-21
2023-05-07,0.9999999,1.0,1.9027004e-08,1.4618554e-07
2022-09-11,8.912209e-18,5.963832e-30,3.043211e-11,2.6100083e-17
2021-12-08,0.932207,0.9999833,1.0,0.98804104
2024-06-04,9.125116e-05,0.9988342,6.6817614e-11,5.5471645e-08
2024-04-11,0.9999994,1.0,0.10920086,1.4995613e-06
2020-02-14,0.9240336,1.0,1.0703131e-05,0.9999981
2020-03-12,0.009344278,1.0,1.7830825e-09,0.5089655
2024-03-21,0.0001527041,1.0,4.9886484e-10,4.3653584e-10
2024-07-19,8.052179e-27,3.732631e-20,6.1752054e-21,3.9343436e-21
2019-04-20,0.9999999,1.0,1.7562348e-05,0.00023616778
2023-08-09,3.036182e-20,3.3368662e-23,1.8269576e-14,5.0762454e-24
2021-12-06,0.53232825,0.9998908,1.0,0.96835893
2020-05-14,0.99999857,1.0,2.3676564e-06,2.6868963e-10
2022-09-22,1.1813751e-23,3.0025277e-27,4.8765774e-12,3.6273874e-16
2019-12-22,0.99988806,0.9999988,0.61393374,0.99998677
2019-08-19,5.9942687e-19,5.284466e-16,1.2180982e-18,2.709886e-22
2024-03-03,1.3464227e-22,2.9605371e-06,1.6259295e-16,2.0309202e-14
2021-11-12,1.1894349e-09,2.1469776e-11,0.98253906,0.0157888
2021-02-13,1.09838896e-13,0.99999917,0.00066469685,1.0
2024-12-11,0.9999937,0.99999666,0.99999857,0.99999976
2019-04-28,0.9998379,1.0,9.551774e-08,3.8661585e-07
2019-04-06,3.7497644e-12,0.9999844,9.166989e-18,3.9074072e-13
2020-09-10,1.2734191e-25,1.366961e-18,6.0378924e-20,6.6818165e-25
2022-03-07,1.7747068e-11,0.999992,0.0014288675,0.9999318
2021-06-16,4.68897e-09,4.5410513e-08,1.5749306e-13,2.3321885e-12
2022-11-21,1.2768179e-06,9.831508e-09,0.99247193,0.9919795
2022-11-24,1.7311076e-07,2.786956e-06,0.9999949,0.99999356
2021-05-01,0.9999993,1.0,6.854278e-08,2.9094288e-05
2021-11-21,0.0033501876,9.741908e-05,0.9999993,0.9882258
2021-10-31,1.0762064e-19,1.2598871e-22,1.1844346e-08,1.9021183e-13
2019-09-08,1.668928e-20,2.099156e-22,2.8188976e-16,1.5065919e-17
2020-02-07,0.9997888,1.0,0.021474488,0.9999894
2023-11-06,2.0297036e-22,1.0198985e-22,5.77024e-12,3.4553046e-14
2022-11-07,6.816941e-11,3.5697987e-14,0.16867329,3.710931e-08
2022-05-21,1.9306812e-08,0.7709372,1.1622262e-07,6.002842e-14
2022-06-22,3.7360944e-19,1.6636142e-20,5.3038454e-19,3.5047068e-18
2019-11-20,0.04921917,1.7171204e-05,0.00012776272,1.0
2021-03-21,3.5800827e-13,1.0,3.286349e-07,4.0814393e-06
2020-08-10,3.415655e-14,1.3432724e-15,5.832429e-11,1.5908192e-14
2024-01-18,0.99998856,0.9999994,0.99996066,1.0
2024-02-14,1.1553435e-15,0.9999988,7.961967e-12,5.15444e-05
2024-03-18,1.2842378e-06,1.0,4.4857904e-09,6.9880896e-13
2021-10-25,5.4364354e-21,8.472656e-24,4.8604827e-09,6.8404003e-18
2021-04-01,1.8068382e-13,0.9965771,3.9425942e-20,1.8240495e-15
2021-03-24,8.059359e-15,1.0,1.3007673e-12,5.865026e-11
2020-08-14,2.4236827e-15,3.811343e-16,2.1776264e-13,1.2287897e-19
2019-04-11,6.062676e-10,1.0,4.767453e-17,1.7662323e-13
2020-10-25,8.042678e-16,4.273898e-22,3.7455577e-14,2.4813424e-12
2024-10-22,4.6691667e-24,2.3489558e-20,7.1511773e-16,2.3535323e-18
2022-06-21,2.0322712e-19,2.0061243e-16,4.246764e-19,8.639728e-17
2020-10-17,2.233505e-18,1.1900011e-22,3.823767e-15,3.4386743e-12
2021-04-18,0.0020818848,0.9999908,5.6852336e-13,5.4700775e-12
2022-09-18,5.384831e-23,1.3808967e-26,3.5680013e-14,9.749656e-17
2020-12-19,0.056817584,1.0,0.26992604,1.0
2022-03-03,9.2732675e-09,0.9999976,8.2761055e-08,0.9999864
2023-10-31,3.6946487e-21,7.4762034e-25,2.8383434e-11,2.0176595e-16
2021-02-23,2.6856034e-07,1.0,2.6446594e-05,0.9999995
2019-10-16,2.034636e-20,3.1188147e-19,2.4029476e-14,1.023203e-07
2022-09-12,2.7410463e-21,8.626694e-30,5.280914e-14,1.2687985e-17
2020-10-24,1.2014126e-12,6.999758e-18,3.5424787e-17,1.1715048e-11
2019-09-13,5.5604097e-22,3.550616e-21,5.7602165e-18,5.2190654e-20
2024-06-12,3.9261296e-09,7.333261e-11,0.012504911,1.8511077e-14
2022-06-27,4.1380262e-16,1.4808187e-19,1.5431411e-20,3.9302567e-17
2024-03-15,1.5954207e-06,0.9999976,9.6819136e-08,3.213937e-13
2023-01-02,3.4511781e-12,0.9990675,0.99999523,0.9438355
2023-08-28,1.5159321e-12,3.6592344e-20,1.7879915e-15,7.003823e-24
2024-11-07,2.748408e-20,1.3711159e-10,7.519449e-14,1.9432465e-15
2019-06-14,6.9810124e-14,2.6845127e-15,5.3609436e-19,2.6538506e-18
2020-11-25,8.130299e-07,0.00032045803,1.9819072e-05,1.0
2019-04-10,6.535323e-08,0.9999993,1.8921223e-15,6.734084e-13
2023-02-28,3.1096306e-08,0.99999845,0.9999995,2.6092124e-09
2023-11-08,2.467164e-21,2.7707342e-21,5.4452477e-13,1.6443613e-16
2019-11-30,0.99997413,1.0,0.048588183,0.9997489
2020-03-24,0.017146306,1.0,5.6704863e-08,0.89581263
2021-03-13,8.0006424e-10,1.0,1.3354646e-05,0.15296838
2024-01-15,0.9999958,1.0,0.9999976,1.0
2023-05-22,0.9999498,0.9999999,0.9837336,0.016881865
2021-01-17,1.7457016e-06,1.0,0.14610493,0.99998796
2021-05-28,4.288425e-05,0.9999999,2.2288184e-05,0.60885555
2022-05-04,1.0,1.0,0.0011510706,0.00017735203
2020-05-16,0.99999833,0.99999154,0.00055484945,3.4545126e-05
2023-10-06,8.83487e-24,1.505234e-27,6.827193e-15,3.0662567e-21
2024-09-09,4.543049e-17,1.0821251e-21,1.426858e-18,2.3039031e-18
2024-04-16,1.0,1.0,0.98034143,0.043647688
2024-06-10,2.8464975e-11,6.904908e-10,2.8767913e-10,2.8713253e-18
2021-09-27,5.488076e-26,9.442415e-24,1.823952e-15,9.98968e-21
2019-05-13,0.99919564,1.0,2.429552e-11,6.926752e-07
2021-12-03,0.917404,0.9999975,1.0,0.98787117
2023-07-15,2.176521e-14,1.00637734e-19,1.9956362e-13,7.333913e-20
2021-07-11,6.1656144e-17,4.6839054e-15,4.104677e-14,6.470934e-16
2020-08-26,6.313038e-15,1.00067334e-19,1.1632587e-09,1.2465917e-15
2024-12-01,0.999754,0.9793778,0.99982893,0.9999999
2023-01-24,5.634029e-05,1.0,0.99999976,9.347809e-07
2021-12-04,0.9896993,0.99010944,1.0,0.9999858
2021-02-06,1.3294989e-10,1.0,0.004618187,0.99988234
2019-04-24,1.0,1.0,0.0010834994,0.14280051
2021-05-15,0.9999982,1.0,4.9607576e-07,0.004654783
2019-09-18,1.923334e-23,7.5065924e-22,6.285302e-17,1.0780742e-15
2019-12-03,0.9989506,0.9999976,0.10247648,0.99995685
2023-07-26,5.5542486e-08,4.2252976e-15,2.0548934e-12,6.458329e-17
2019-05-27,6.786748e-08,0.99999523,5.8071474e-17,2.503958e-09
2020-10-05,8.62062e-20,1.2458267e-22,1.5877123e-14,4.6427547e-17
2024-05-23,0.0011746639,0.99999154,4.1772608e-10,2.227194e-06
2019-12-10,1.0,0.9999988,0.99813336,0.9999995
2022-12-05,0.00012146068,0.009015524,1.0,0.9999641
2022-06-28,6.4358265e-17,2.3634447e-20,3.253815e-16,8.735479e-15
2020-07-25,4.442027e-13,1.3346604e-12,2.3195005e-20,8.388125e-20
2023-05-19,0.99999845,1.0,3.616686e-05,1.1389801e-06
2024-01-05,0.9999627,0.9999982,0.99999297,1.0
2023-12-25,0.999871,0.9986326,1.0,0.99354374
2023-03-08,9.361129e-07,1.0,0.9999999,2.1303176e-08
2024-08-02,1.1716091e-16,1.3695362e-15,6.464806e-19,2.2062117e-19
2019-10-31,2.5224316e-13,1.6536947e-18,4.5727124e-09,1.3583577e-05
2022-12-26,6.511184e-07,0.9999907,0.9999373,0.99999344
2021-07-18,7.820549e-23,9.752357e-20,7.7013794e-14,2.8192497e-18
2020-11-18,1.4981223e-12,7.807489e-13,9.467653e-11,0.99989927
2022-11-11,2.2014277e-08,6.298119e-13,0.28169027,0.00048080433
2020-03-21,0.999997,1.0,3.0996299e-07,0.00023808182
2024-11-12,8.5511655e-17,7.2507816e-12,2.6771844e-12,8.637068e-15
2022-04-09,8.2294755e-05,1.0,5.1640615e-07,0.00029386888
2023-01-08,1.2757276e-08,0.9999753,0.9999999,0.9994306
2019-06-25,1.2232648e-14,4.8006863e-17,8.845123e-16,2.954035e-22
2022-04-01,1.0870142e-12,1.0,6.7090365e-12,1.2578887e-08
2023-06-10,3.75802e-08,0.00042965834,1.4329914e-15,5.4764525e-17
2021-07-02,8.083207e-18,1.17338144e-14,2.4011593e-19,7.162941e-17
2019-12-23,0.9999995,1.0,0.96247625,0.9999796
2021-10-04,1.7046759e-22,1.2575318e-26,9.839849e-14,7.184611e-18
2022-03-24,4.396661e-17,0.9999949,2.8901524e-16,3.3760034e-10
2023-07-11,7.8972594e-17,7.845759e-18,3.5878833e-20,1.5852343e-21
2019-04-27,0.99999857,1.0,6.0221375e-08,1.2504057e-05
2021-01-13,5.776887e-06,1.0,0.048294157,1.0
2019-12-20,1.0,1.0,0.4223273,0.99998224
2023-08-29,6.792945e-14,2.1315302e-22,1.1279979e-13,3.734936e-21
2023-01-22,1.3050696e-07,1.0,0.9999999,4.1278336e-06
2020-09-16,4.2540356e-23,4.6391863e-21,1.1216088e-17,5.2244036e-20
2019-04-30,0.9999999,1.0,8.392753e-08,6.1926294e-05
2023-08-13,1.33957974e-20,1.8833294e-23,1.159753e-18,3.120046e-23
2022-03-01,7.251542e-08,0.9999999,1.0864214e-06,0.99999547
2021-12-18,0.9999999,0.99999976,0.99999785,0.99999535
2021-04-30,0.99862075,0.99999964,1.807173e-09,5.1627563e-10
2024-10-27,1.2161425e-27,1.3146925e-20,1.2747233e-15,3.6445252e-19
2023-12-23,0.9999993,0.9912593,0.99999654,0.9999989
2022-02-21,0.9982022,1.0,0.9974686,1.0
2024-05-01,1.0,1.0,0.002246172,8.9393487e-10
2019-10-04,2.8752038e-19,3.4390952e-19,7.302153e-14,1.0087952e-11
2022-02-22,0.00021100794,1.0,0.44994774,1.0
2019-12-16,0.9999994,1.0,0.26224363,0.9999831
2022-05-20,3.5256788e-05,0.44045937,1.6695662e-11,1.1025879e-15
2021-06-07,0.0005931013,0.99933463,0.031593323,0.0021015
2023-11-02,1.6212447e-19,5.980272e-25,1.325111e-11,5.237081e-10
2024-03-20,0.00010316722,1.0,2.2138129e-06,1.5937434e-11
2021-11-09,2.248665e-12,1.0341183e-17,0.0014872893,2.1348852e-12
2022-07-02,2.873133e-18,2.6517202e-22,1.9580823e-17,1.5513047e-19
2021-10-19,9.476096e-21,1.3352301e-24,8.745833e-11,8.8120845e-16
2023-02-12,0.00022570301,0.9999926,1.0,6.0382015e-05
2023-05-31,0.99999964,0.9902929,0.8740689,0.29956305
2019-08-27,2.1495734e-24,6.6354193e-22,1.1650753e-16,3.326285e-20
2019-05-20,0.008407108,0.99999845,1.3948529e-14,1.3897505e-08
2020-03-10,4.5405744e-05,1.0,2.4128957e-10,0.95801836
2022-08-08,3.9367926e-20,6.713322e-24,2.6535192e-16,2.0049343e-20
2022-05-12,0.9996356,1.0,7.149056e-06,8.4000385e-12
2019-11-28,0.9706514,0.9288926,0.82735234,0.9998934
2022-09-24,4.50362e-25,9.124972e-28,5.5283236e-15,2.7567087e-16
2022-03-09,3.3288906e-14,0.99705565,1.1243019e-06,0.99985516
2022-07-27,1.0440897e-09,5.1661658e-17,1.5349765e-14,8.084565e-18
2023-02-15,0.00024076474,1.0,1.0,2.8754263e-07
2022-12-15,8.4811036e-05,0.99832743,0.9999999,0.9999999
2021-03-25,3.8823687e-11,1.0,1.4535374e-12,4.4122204e-09
2021-08-22,4.0295094e-18,2.7205776e-20,2.0787503e-09,9.39311e-12
2021-12-14,0.9679167,0.9999645,1.0,0.9929153
2021-12-24,0.99998033,1.0,0.9996309,0.99998724
2021-10-18,8.780516e-22,1.6107794e-24,1.0897175e-15,1.5565219e-18
2023-02-11,0.00014470873,1.0,1.0,0.000502914
2021-05-18,0.9998286,1.0,1.4266157e-05,0.043255787
2024-10-19,3.422258e-23,3.4558944e-16,2.9404377e-18,5.6987543e-19
2023-03-26,2.68565e-11,0.99999964,1.106732e-06,6.3966954e-15
2021-03-10,1.0052682e-08,1.0,0.2340127,0.0035608066
2023-02-05,0.9860293,1.0,1.0,0.06890602
2021-05-20,0.999913,1.0,3.620836e-06,0.0066915387
2021-11-24,0.0075657037,0.064036846,1.0,0.99984884
2022-12-07,3.864156e-08,1.2423264e-07,1.0,1.0
2021-05-06,1.0,1.0,7.796459e-06,0.00013505135
2021-07-27,1.8860962e-24,1.1822844e-18,9.332132e-22,3.994426e-21
2022-04-10,0.990141,1.0,0.005595908,0.00014236246
2023-06-11,2.4677303e-05,8.7121117e-07,2.7152337e-16,4.929117e-18
2020-08-08,2.8552583e-18,1.3299562e-20,1.0515701e-17,2.5631776e-19
2021-03-22,2.0028812e-13,1.0,8.3940016e-08,1.2441528e-06
2023-12-28,0.99993014,0.9999962,0.9999999,1.0
2024-01-16,0.9997832,0.9999981,0.9999994,1.0
2021-04-08,1.3315176e-12,0.9984366,1.9173631e-16,9.999747e-13
2019-09-22,1.8464816e-21,8.1925085e-26,4.707689e-17,1.1827727e-16
2023-08-07,4.8290933e-20,1.0480581e-24,1.5378445e-15,1.8735044e-24
2022-01-07,0.9999999,1.0,0.9999697,0.99999857
2019-10-18,4.5363207e-21,4.0352853e-22,3.6568193e-13,2.198315e-11
2024-04-04,1.0,1.0,0.45462817,1.8690355e-07
2021-09-28,3.5018576e-27,1.2857124e-21,2.9623384e-16,1.8823287e-18
2019-12-07,0.99999976,0.99999917,0.98537886,0.99999475
2023-06-24,5.383761e-16,9.894894e-15,2.4057194e-16,2.010853e-22
2023-05-04,0.9998653,1.0,9.647069e-07,0.0014127297
2019-09-14,5.330032e-26,9.570947e-22,7.986986e-20,2.4065235e-19
2020-04-04,0.11714242,1.0,1.2771878e-09,1.3458418e-08
2019-09-21,1.0007181e-21,3.9517446e-22,3.8945738e-16,6.7299e-20
2024-08-30,5.6793563e-14,8.704467e-17,1.06052294e-14,4.8717815e-19
2020-08-19,5.0638908e-15,1.3225899e-20,2.0426018e-14,7.566735e-15
2022-05-22,0.003136402,0.99998283,2.2221867e-09,1.723272e-13
2019-05-09,0.9999974,1.0,4.363271e-09,9.293947e-05
2023-03-14,9.5048813e-07,1.0,0.99807215,2.538252e-07
2019-05-25,9.414415e-09,0.9927563,1.9669151e-18,4.0638133e-09
2021-06-11,4.5521684e-08,0.88049775,3.07199e-08,4.3161054e-07
2019-09-19,2.4406784e-24,3.9894994e-25,1.2170486e-18,5.4768464e-18
2024-07-03,4.719799e-21,1.6104525e-18,7.0913754e-19,3.6180208e-22
2022-08-30,3.570578e-16,3.0160405e-26,1.3292129e-13,4.7188064e-22
2021-09-09,2.5660991e-22,2.9114147e-20,5.3111716e-20,5.165083e-24
2019-05-06,1.0,1.0,2.8368433e-08,0.0005652326
2019-04-23,1.0,1.0,4.547696e-06,0.00015479421
2021-04-19,6.2288916e-07,0.99981374,2.153531e-15,2.3967396e-11
2020-09-21,9.924481e-25,1.0806871e-18,2.171567e-20,1.9780999e-22
2021-01-30,9.527065e-08,1.0,0.00067831617,1.0
2023-02-14,1.6308783e-05,0.99999666,1.0,1.7102953e-07
2022-07-14,5.480614e-16,9.76245e-19,2.492561e-23,1.0155049e-20
2024-02-27,4.3761086e-19,6.55127e-09,1.1780351e-13,2.7814562e-10
2023-02-27,4.4145017e-09,0.99999917,0.99999607,3.2234687e-11
2020-03-23,0.6281811,1.0,2.866071e-08,0.006866557
2024-08-19,1.259913e-19,1.8189386e-19,2.697558e-13,1.7722995e-21
2023-03-11,1.5280631e-06,1.0,0.9999484,4.329706e-08
2024-11-01,1.5250918e-22,1.2249194e-19,4.200452e-15,4.1877695e-20
2023-09-23,8.120472e-20,2.389822e-24,6.821903e-13,1.8816814e-19
2022-06-15,4.3583064e-16,2.909768e-11,4.3867122e-16,1.8755371e-22
2023-10-29,2.595898e-25,1.1689359e-22,3.231585e-13,6.0575806e-17
2021-08-24,1.0096844e-19,1.1770693e-17,3.2728507e-11,4.8193147e-15
2024-03-06,3.0109427e-22,2.7788344e-08,2.177974e-18,1.2686698e-14
2020-01-25,0.9999999,1.0,0.2721228,0.9999635
2019-08-15,2.4517366e-16,2.8643253e-17,3.8815053e-17,1.9338225e-18
2020-02-26,0.0021749828,1.0,0.00364483,1.0
2020-07-18,6.0877155e-18,6.2970274e-20,2.8386744e-18,4.9956008e-17
2019-08-22,8.753198e-21,1.2545184e-18,1.7460618e-20,4.6845186e-20
2021-02-09,2.530523e-09,0.99999845,0.00016368696,1.0
2019-10-12,1.1904445e-17,5.738911e-21,4.3814696e-12,3.3736399e-06
2022-03-06,3.5549508e-11,0.9999379,0.6592286,0.9999994
2021-07-25,5.2689168e-27,8.087853e-21,7.7491925e-22,3.1610806e-21
2023-12-02,0.99203354,1.668044e-05,0.9999999,0.99564385
2023-07-21,1.6701227e-12,1.9641131e-23,5.3271338e-15,1.0871791e-25
2022-09-13,3.352103e-21,4.590129e-27,6.7421476e-15,3.3048502e-18
2021-04-22,0.99999464,1.0,3.7253438e-05,1.5666387e-08
2023-09-19,1.6052093e-17,1.5545123e-23,7.981719e-12,6.468068e-17
2020-05-15,0.99991345,1.0,6.687883e-05,3.83576e-08
2020-04-30,0.9999999,1.0,3.670105e-05,3.985501e-09
2023-03-27,3.056585e-11,1.0,9.6490985e-06,2.0662867e-09
2019-09-16,3.8919166e-23,1.2183328e-22,6.87447e-15,6.944282e-17
2021-03-30,3.4352965e-13,0.9995407,5.4019645e-17,7.581352e-16
2023-05-06,0.99999857,1.0,0.27628767,1.5012531e-05
2019-10-20,6.013565e-15,4.992447e-21,1.97864e-14,2.9186827e-08
2024-08-29,4.81358e-16,2.1830314e-18,3.8511248e-16,4.146711e-19
2022-01-21,0.99999964,1.0,0.99982303,0.9999999
2021-11-15,8.3536333e-10,2.7840235e-07,0.99999905,0.002614864
2022-11-29,1.0145837e-08,5.929483e-05,0.9894582,0.9983993
2022-05-11,0.99985015,1.0,3.1264908e-06,6.793312e-09
2024-11-10,3.1931542e-18,2.3129869e-10,1.9595984e-14,3.228646e-13
2019-04-22,0.99999976,1.0,3.3439308e-06,2.9422412e-05
2021-09-22,2.3750057e-26,2.472723e-21,7.054931e-17,5.4413823e-18
2024-08-08,4.52731e-15,7.2551326e-10,2.8153178e-17,2.1595403e-19
2020-09-15,1.687284e-24,2.1639356e-19,6.2152186e-20,8.3129723e-22
2019-10-03,1.2429406e-22,3.8951544e-23,1.6637115e-14,4.100168e-11
2024-03-26,0.49191403,1.0,8.9545586e-07,2.3511932e-08
2019-07-14,1.0709177e-11,8.2550874e-20,5.3095826e-16,3.121275e-21
2024-05-25,0.00010580644,0.99571085,7.226751e-10,7.148534e-08
2019-12-11,0.9999937,1.0,0.4875939,0.9999639
2020-07-05,1.3416017e-17,8.201484e-18,1.4847088e-21,2.5367528e-16
2022-06-10,3.1309357e-09,4.5191517e-10,2.4619762e-12,9.87583e-19
2021-08-27,3.0575747e-23,1.877922e-21,3.0570733e-23,3.040475e-17
2021-12-25,1.0,1.0,0.9999846,0.9999945
2024-10-17,1.6463398e-22,2.7063735e-22,7.356842e-14,1.7079544e-17
2021-11-19,4.4524227e-06,0.0005660202,0.9999999,0.92935044
2020-03-13,9.523283e-07,1.0,2.468795e-08,0.9933414
2021-06-18,8.9233865e-10,2.2484346e-11,1.6388427e-18,3.623235e-18
2022-12-23,1.1870466e-06,0.9998585,1.0,0.9999974
2019-07-28,1.3461114e-08,1.2670712e-18,1.1730073e-11,8.4756626e-16
2022-06-12,5.052237e-11,2.8003713e-09,4.0889296e-15,2.9864105e-19
2024-04-21,0.99999976,1.0,0.01475808,0.12352278
2021-08-30,1.0941402e-24,4.6524117e-19,3.616684e-21,5.304987e-16
2023-11-14,1.7059822e-16,9.481447e-21,6.409471e-05,2.8072016e-08
2020-10-31,4.692656e-09,1.1753884e-14,7.1326755e-13,2.050884e-06
2023-03-12,4.841897e-07,1.0,0.9999943,1.3652535e-08
2021-06-04,2.911555e-06,0.9715054,1.1652956e-08,1.916123e-07
2023-07-01,2.3634673e-16,9.811357e-19,7.962236e-17,1.3742871e-24
2024-02-09,1.1558263e-07,1.0,4.728877e-05,0.45142925
2021-07-28,2.2604738e-23,1.3556125e-21,1.3391148e-20,3.733396e-22
2022-02-25,0.28334352,1.0,0.1602816,1.0
2023-11-26,0.18395412,2.7689469e-11,0.9999987,0.012947173
2022-04-25,1.0,1.0,1.4237371e-05,1.6958412e-08
2020-01-23,1.0,1.0,0.11750889,0.9997179
2019-10-21,3.377652e-14,2.0845257e-18,2.760865e-09,2.3250868e-08
2019-06-15,5.5873268e-11,5.4660977e-14,7.940453e-18,3.0172147e-18
2021-01-11,3.560235e-08,1.0,0.00020126306,1.0
2024-04-10,1.0,1.0,0.05641758,1.7789869e-06
2024-11-26,0.9995678,0.0010064836,0.99980193,0.9988085
2024-11-05,1.4514938e-22,7.844853e-20,4.0503326e-17,3.3453122e-18
2019-09-01,1.2195044e-22,8.814227e-18,1.1687147e-19,2.1494878e-20
2022-09-15,1.9414907e-22,1.1343468e-22,9.09879e-15,3.2191297e-19
2020-12-01,0.0047002924,0.009821291,0.27789012,1.0
2021-06-19,3.0931258e-09,2.2393891e-09,5.0290663e-15,5.9173664e-18
2022-03-28,7.150219e-17,0.9984693,1.3938862e-16,3.287599e-10
2019-03-31,7.6611196e-14,0.9993099,1.0413581e-18,3.157463e-15
2020-02-04,0.99997985,1.0,0.40377802,0.99999833
2022-11-15,9.813814e-06,1.7360529e-09,0.9989618,0.9029265
2022-08-01,2.8837477e-09,2.6030537e-20,6.6644174e-10,3.560229e-15
2022-05-31,0.99930096,0.9999924,1.9557307e-05,3.564748e-11
2023-07-08,8.444874e-16,5.7893887e-16,2.0813404e-17,3.3625425e-20
2020-07-07,9.292964e-19,4.955788e-21,3.4941139e-22,2.024913e-18
2023-07-20,2.4538611e-12,7.226214e-21,4.940074e-10,1.0689378e-23
2022-08-10,9.293864e-16,6.1107836e-22,2.3520796e-17,3.5365208e-19
2020-11-27,8.1554595e-07,0.36691532,0.07137574,1.0
2019-05-26,2.898042e-07,0.67806596,2.3392026e-14,1.0221872e-10
2020-10-09,1.2183008e-21,2.4204048e-21,3.648154e-20,5.5730586e-17
2020-02-16,0.9334777,1.0,5.881064e-07,0.9992079
2022-05-26,0.18405807,0.9979158,5.799157e-09,4.6745516e-15
2021-02-04,2.4683697e-09,1.0,1.5682293e-05,0.9999999
2021-08-13,6.12261e-23,4.477493e-19,5.8920084e-24,2.350208e-22
2020-12-20,0.028132929,0.99997807,0.7216567,1.0
2024-09-12,7.4441655e-16,6.2554025e-17,1.3218246e-18,5.319408e-11
2019-05-31,1.9269782e-10,1.1508057e-05,4.8456528e-17,3.64038e-14
2024-02-13,1.6084307e-09,1.0,3.034556e-08,0.9476854
2019-10-19,1.3339367e-17,4.4469512e-21,9.645928e-13,3.2570546e-07
2024-10-12,1.821079e-24,2.6985503e-21,4.9685424e-15,8.073086e-14
2021-10-01,2.2912214e-25,1.9582823e-26,4.239149e-15,1.0898696e-18
2020-05-02,1.0,1.0,0.012468973,1.667884e-07
2020-01-28,0.99999964,1.0,0.023679368,0.9999919
2020-06-26,9.725508e-14,7.131572e-21,5.9764775e-13,1.155214e-18
2023-11-11,1.7094256e-19,5.2280214e-24,7.814995e-10,4.4705434e-13
2020-11-10,8.147967e-08,2.4220508e-08,0.20097764,0.95310634
2023-11-16,3.9977578e-13,2.1872468e-20,0.0009685386,6.457718e-08
2023-11-24,0.00022276337,3.1514947e-11,0.99999833,0.3828278
2021-03-29,7.632419e-17,0.99998605,4.334476e-18,7.3311696e-13
2021-03-09,5.184461e-07,1.0,0.96418864,0.5565118
2024-06-16,1.4493398e-13,1.7333559e-13,5.902976e-09,4.5028034e-14
2023-05-14,0.99995446,1.0,0.0003676959,3.6208075e-08
2023-10-03,4.888739e-20,1.1557496e-29,6.3166516e-15,8.504721e-22
2021-01-18,2.3937112e-06,1.0,0.008529438,1.0
2019-12-30,1.0,1.0,0.8110539,0.9999987
2021-03-19,8.8746935e-13,1.0,0.00064927695,3.3912864e-05
2023-01-09,1.1948272e-11,0.99999845,0.9999993,0.9998481
2020-09-02,1.2635988e-21,5.1660596e-20,1.3750247e-19,2.0552592e-22
2022-04-22,1.0,1.0,0.00020488183,2.6983212e-08
2024-06-05,2.0903138e-07,1.8640283e-07,2.0632547e-12,7.971351e-10
2019-11-13,0.0005732193,6.409624e-09,0.0005389346,1.0
2023-10-21,5.3682766e-24,2.2693926e-21,3.7571942e-13,1.11945454e-17
2022-11-22,2.0362809e-06,4.5940668e-10,0.99944764,0.9994253
2020-09-07,5.3520354e-26,4.1436727e-20,1.1351377e-24,9.5887753e-23
2021-10-22,2.177025e-20,7.8127624e-24,3.878857e-09,1.7519242e-15
2024-01-11,0.9999968,1.0,0.99964345,1.0
2023-03-21,2.8382907e-10,1.0,0.0041575963,6.539833e-13
2024-05-06,0.99999595,1.0,0.002780515,3.109478e-11
2022-12-08,4.5557208e-05,0.43878192,1.0,0.99999976
2022-05-05,1.0,1.0,4.181006e-06,1.0023457e-06
2019-11-06,3.3218097e-08,2.828768e-10,9.513056e-05,0.9850942
2021-05-22,0.97902006,1.0,1.10453675e-05,0.0008492254
2021-03-31,1.1474984e-12,0.9999006,7.181686e-16,6.577015e-19
2021-01-21,7.276742e-06,1.0,0.0002409712,1.0
2022-01-27,0.9999995,1.0,0.99933904,0.9999994
2023-08-04,2.824406e-18,1.9526239e-23,5.5969846e-17,2.3459856e-25
2022-11-16,2.2935025e-07,2.0292332e-09,0.37279466,0.19054744
2024-06-15,4.7860948e-17,4.424325e-15,4.424404e-10,8.300667e-17
2023-02-06,0.001254585,1.0,1.0,0.13950373
2020-12-16,0.018415783,0.99999905,0.5759533,1.0
2023-02-03,6.6530824e-06,1.0,1.0,5.977894e-05
2023-08-11,4.094559e-25,3.852562e-25,7.979137e-18,3.6824175e-23
2024-12-25,0.99652916,0.99638015,0.99942905,1.0
2023-12-19,0.9975165,0.9751061,1.0,0.99999297
2021-07-20,2.851039e-23,2.5769459e-24,1.4322233e-19,9.2919516e-23
2019-11-18,0.057784397,2.5120968e-07,0.99280494,0.9999788
2024-12-20,0.99959487,0.99622107,0.999889,0.9999995
2020-11-06,1.8804526e-06,1.2663967e-11,0.0017789485,0.98307955
2021-02-12,2.1803777e-13,1.0,2.3407052e-05,0.9999938
2022-01-30,0.99999845,1.0,0.9987446,1.0
2022-06-03,0.99024266,0.9997391,0.0029926738,2.5715998e-12
2022-03-15,1.3105235e-17,0.9866095,5.3679914e-16,1.4072962e-09
2020-07-04,4.213509e-14,3.6573003e-17,1.4502529e-16,2.385902e-19
2019-04-25,0.99999297,1.0,1.0892404e-05,4.1857555e-07
2023-04-14,0.647075,1.0,1.1284897e-07,6.114479e-11
2020-07-20,1.4861688e-16,4.375651e-22,8.795984e-19,3.546317e-18
2023-02-21,2.9686514e-06,1.0,0.9999802,7.731161e-12
2020-04-17,1.0,1.0,0.0052024955,1.9160098e-07
2019-09-30,5.0505694e-19,1.7368791e-22,2.5817643e-11,5.5385335e-10
2021-09-13,2.2030449e-23,9.831601e-24,2.0388861e-20,3.7612604e-20
2021-03-16,2.2101238e-12,1.0,0.0064495443,0.009012917
2020-01-04,1.0,1.0,0.931877,0.99996305
2022-04-21,0.9999993,1.0,0.00012194972,7.35696e-09
2022-01-04,1.0,1.0,0.9999939,0.9999956
2021-12-20,0.99999547,1.0,0.9999914,0.9999968
2023-10-10,1.4824725e-22,1.4055978e-28,4.4941854e-12,5.583395e-19
2024-05-03,0.9991899,1.0,9.249526e-06,3.269854e-08
2023-06-14,1.840518e-10,3.3876353e-09,1.9372366e-15,1.9644891e-22
2019-08-18,7.090788e-17,5.558179e-16,2.0417216e-14,2.0176211e-16
2020-05-30,0.0007612417,0.9360658,8.35093e-09,4.1321748e-08
2021-04-12,2.4908334e-10,0.7205715,1.2907972e-16,3.1645356e-11
2020-07-13,9.682124e-14,1.524367e-19,4.4879094e-18,2.4492492e-17
2022-04-12,0.9999988,1.0,0.0039839176,2.9431092e-06
2023-10-09,1.7946013e-20,6.8458955e-29,6.0966002e-12,3.2681903e-19
2022-08-25,4.038761e-17,4.5222865e-23,7.943162e-15,2.1908092e-23
2023-03-24,8.243061e-10,1.0,1.2513982e-09,1.1968999e-12
2021-01-06,0.00045410593,1.0,0.39120242,1.0
2024-09-10,2.4314597e-13,1.645559e-17,9.372215e-18,3.852603e-19
2019-10-23,5.0308895e-15,1.351489e-18,5.1102933e-10,4.1380397e-05
2023-03-19,3.49181e-10,1.0,2.0250669e-05,1.1784876e-12
2024-01-08,0.996181,1.0,0.99999416,1.0
2023-03-17,1.02167025e-11,1.0,6.381125e-05,1.2202366e-12
2020-03-27,0.24157326,1.0,1.3032966e-10,4.9671507e-05
2020-08-18,1.7114112e-13,1.3663844e-15,6.78582e-11,2.4767132e-16
2024-11-15,4.7572852e-11,2.7796725e-07,8.031533e-07,0.00027777528
2024-03-10,2.8207665e-18,0.0121686105,3.7613666e-17,2.4650293e-13
2020-08-31,6.854577e-20,6.1117694e-20,3.2693872e-19,3.6219497e-18
2019-11-08,1.767142e-06,3.3974248e-13,1.3446225e-06,0.06333539
2022-04-13,1.0,1.0,0.0002294122,2.6432537e-07
2022-01-02,1.0,1.0,0.99682754,0.99928814
2020-02-19,0.117074564,1.0,5.85061e-07,0.9999912
2021-11-22,5.7210993e-05,0.0049728705,1.0,0.9970074
2021-03-23,3.98888e-15,0.99999964,1.1109639e-12,1.776629e-09
2022-02-13,0.9994061,1.0,0.9911929,0.9999999
2019-10-15,4.3753507e-22,1.4321632e-19,6.616079e-16,9.00134e-13
2020-08-16,1.1670198e-15,3.717491e-23,5.8357334e-15,1.6772563e-21
2024-05-12,0.00013646066,0.97774816,1.1208612e-05,1.8158774e-08
2019-07-15,6.1514777e-15,6.2967534e-23,1.5629313e-16,1.3527152e-20
2019-07-18,1.1353775e-10,1.4186349e-19,1.0752234e-12,3.9006547e-16
2022-05-23,0.0014511773,0.9927861,9.9248734e-11,1.4905372e-13
2021-12-01,0.8752228,0.9999573,1.0,0.99898607
2021-10-03,4.7431036e-27,9.941185e-26,1.4282644e-16,6.045945e-17
2021-10-08,1.0455718e-21,3.925259e-21,1.7523504e-13,1.2029309e-15
2019-11-29,0.9999857,0.57206964,0.9999727,0.99903095
2022-03-10,1.0814064e-11,0.99898833,2.5601675e-08,0.9999459
2021-05-21,0.9998202,1.0,0.00085021404,0.94045895
2021-11-27,0.0009434701,0.8313567,0.9999999,0.99997973
2020-01-26,0.9999938,1.0,0.01222399,0.99955934
2019-12-24,0.9999987,1.0,0.6390815,0.9979151
2023-03-29,2.1686755e-11,1.0,1.3028898e-09,9.99411e-12
2021-12-31,0.9999999,1.0,0.99999094,0.99999046
2023-07-19,8.4222734e-07,4.1572883e-09,2.0801028e-09,2.6996423e-13
2019-04-04,2.1654e-13,0.9999789,1.773391e-18,4.0106116e-13
2021-12-21,0.99986804,1.0,0.9999999,0.9999552
2024-08-14,5.034016e-16,3.1460862e-17,6.708044e-18,7.109834e-23
2024-07-27,1.8540135e-20,5.548278e-19,1.955652e-21,7.525246e-25
2024-09-20,9.2663243e-23,2.9776386e-20,2.4291124e-18,3.0041914e-18
2021-11-20,6.5946388e-06,0.00042553982,1.0,0.99949145
2023-08-24,5.5233278e-15,3.507465e-24,6.247087e-11,8.987069e-20
2024-03-17,5.6863667e-11,1.0,3.8132577e-11,2.9921815e-11
2021-09-07,1.6692066e-22,3.2502834e-21,9.08721e-21,4.5746312e-24
2022-05-13,0.99958044,0.99999917,3.9951294e-05,2.132089e-09
2019-11-11,0.00029101747,1.057694e-06,0.8852797,0.9971666
2023-06-09,1.2135596e-11,1.3348927e-07,3.3565118e-13,3.7211803e-23
2023-05-10,0.9999937,1.0,2.3190307e-05,0.00046535168
2020-02-10,0.9999944,1.0,0.12738866,0.9999132
2019-09-27,9.226877e-18,3.7789277e-24,1.6337043e-12,1.4307915e-13
2021-10-14,3.827946e-20,1.8493376e-20,1.4661626e-15,1.4395826e-15
2021-06-02,0.0002105196,0.9999957,4.419358e-06,3.8343705e-06
2023-04-20,0.9999238,1.0,1.2519862e-08,2.38974e-09
2022-01-13,0.99999845,1.0,0.9999026,0.9999714
2024-08-04,5.512558e-20,1.2713983e-20,5.7641506e-18,2.2021228e-21
2022-01-31,0.99999845,1.0,0.9998783,0.99999845
2022-05-28,3.6869974e-06,0.9998343,1.9695226e-12,6.9801173e-15
2024-06-26,4.8623292e-20,1.7122637e-20,1.7284581e-15,6.9494285e-23
2021-12-15,0.99985325,0.9999963,0.9999937,0.97629255
2021-02-15,1.2665803e-11,1.0,0.003559839,1.0
2020-12-14,0.26771954,0.99985266,0.7304943,1.0
2021-12-19,0.9999999,1.0,0.9999099,0.99975425
2024-11-11,7.082755e-18,7.079444e-11,3.2164302e-11,3.4929305e-13
2023-10-30,1.1537495e-22,4.2378387e-23,3.587833e-14,1.5851146e-12
2022-09-28,7.6351835e-25,6.903914e-27,4.922049e-12,4.0158433e-15
2023-09-13,1.7146867e-11,2.6984267e-21,5.9621913e-16,9.843882e-22
2019-05-29,4.2779497e-08,0.0377841,2.6864283e-15,1.0101993e-14
2022-06-20,1.1314622e-18,5.3524482e-17,7.059746e-18,6.934765e-21
2023-03-02,1.8569649e-09,1.0,0.99998796,9.1553245e-09
2023-10-07,2.3512177e-25,2.846261e-28,2.991776e-15,1.0845691e-18
2020-03-03,2.0707424e-07,1.0,1.0611553e-06,0.9999893
2022-01-28,0.99999166,1.0,0.99079496,0.99999964
2020-06-14,3.746869e-08,7.726287e-05,5.640205e-13,2.071225e-18
2020-01-24,0.9999999,1.0,0.48502874,0.9999732
2019-07-11,1.3494255e-11,1.7769521e-19,1.3350312e-17,7.852518e-20
2023-01-29,0.97207534,1.0,0.99999976,7.171254e-05
2020-05-11,0.99999833,1.0,7.7999005e-07,1.3302029e-08
2022-04-30,0.9999999,1.0,2.8433378e-05,8.222643e-05
2023-05-08,0.99998903,1.0,3.8839886e-08,0.009592495
2022-02-10,0.9999902,1.0,0.9929449,0.99999976
2022-08-17,7.29339e-16,4.2847047e-22,8.775792e-15,4.4632154e-21
2019-11-12,4.660737e-05,2.7850744e-08,0.0006318472,0.9999865
2019-05-10,0.99989235,1.0,1.8195733e-08,0.00013330365
2023-11-30,0.07827239,2.8666993e-12,0.99995255,0.98008865
2022-03-11,3.1332112e-13,0.8174388,4.570471e-09,0.9837435
2023-12-07,0.9828609,0.0824683,0.99999774,0.9999976
2021-03-27,3.5062316e-14,0.99999857,2.933822e-10,5.4493957e-12
2021-08-11,2.9924584e-24,1.880484e-18,8.607279e-20,1.8683015e-24
2023-12-16,0.98795545,0.6055731,0.99999595,0.99999833
2021-06-29,0.000118677235,3.316794e-09,5.1577364e-14,6.7280105e-17
2022-09-05,1.7267749e-18,1.6910436e-28,1.3818193e-14,5.949955e-20
2019-06-04,1.1510715e-12,7.1946044e-05,1.8015454e-17,2.7761414e-13
2019-12-29,1.0,1.0,0.7218165,0.9999882
2021-05-09,1.0,1.0,3.0393228e-06,5.9968283e-06
2019-08-17,4.222719e-15,1.8275788e-17,1.7556106e-15,1.7600812e-17
2023-06-18,5.106716e-14,3.573157e-10,1.04567796e-13,2.2089376e-21
2021-07-31,3.4168398e-26,1.9701976e-17,6.916245e-21,8.703268e-18
2021-12-27,1.0,1.0,0.9999981,0.9999939
2020-02-03,0.9999913,1.0,0.09139808,0.9999794
2023-08-30,7.9521317e-16,3.716114e-24,9.261648e-14,1.9035398e-22
2020-08-25,1.033902e-16,2.4252028e-20,9.9249344e-14,4.4386052e-17
2021-08-21,9.0121067e-14,9.186598e-17,0.0013003721,3.637276e-11
2023-01-27,5.8161604e-09,0.99999964,1.0,7.755398e-06
2021-11-13,2.7681774e-10,1.7336082e-12,0.014691736,1.1652149e-07
2023-08-25,1.7089574e-14,4.4206865e-20,3.3843504e-15,2.4399253e-23
2022-01-18,0.99999964,1.0,0.9999249,0.99999976
2019-06-26,2.0475116e-15,1.0868958e-20,6.231722e-19,7.579358e-23
2022-03-25,1.6118602e-14,0.9999913,1.7802988e-17,4.9021537e-10
2022-08-14,2.1048557e-16,7.076306e-24,1.5600714e-17,5.451742e-21
2020-11-08,2.3795215e-07,4.442189e-09,0.0100497585,0.8545855
2024-10-13,1.5319055e-25,1.6326128e-21,5.936316e-17,1.0476643e-13
2024-02-29,7.529413e-24,2.3653758e-08,1.0748498e-13,9.183188e-12
2023-07-05,5.1608304e-16,1.0658499e-18,4.5007726e-16,9.061408e-24
2019-07-04,1.8229872e-09,2.6626845e-17,3.6658383e-15,5.341423e-21
2019-06-05,3.9880765e-10,0.00020911405,6.809968e-17,4.7671563e-12
2023-04-07,0.00022749061,1.0,2.05476e-12,2.2672766e-10
2021-02-26,2.6047395e-05,1.0,2.5469924e-05,0.9999994
2020-02-24,3.109409e-05,1.0,8.738067e-06,0.9999968
2024-12-17,0.9994436,0.99853694,0.9999815,1.0
2024-06-02,8.663817e-05,0.009474,3.124944e-10,2.0060702e-09
2024-09-16,2.6114512e-14,2.3903946e-18,4.1380376e-18,2.041337e-13
2019-10-06,1.4065705e-18,2.350003e-21,4.157583e-12,6.1887114e-08
2021-03-06,9.368309e-09,1.0,0.6531141,0.19564226
2024-05-21,1.5297018e-09,0.49045724,1.781426e-10,4.0058012e-10
2020-08-11,3.6262775e-14,1.8967448e-14,1.4395806e-14,8.83638e-18
2021-10-16,1.1413683e-17,2.1798956e-24,1.5775983e-12,2.737951e-15
2022-01-06,0.99999964,1.0,0.99981886,0.9999988
2020-11-28,2.5780533e-08,0.21972379,0.004655503,1.0
2019-05-16,0.0021972582,0.9872662,1.9206858e-13,2.0879154e-11
2024-04-13,1.0,1.0,0.015304171,0.000118937925
2020-07-14,1.6325915e-13,2.6518994e-13,6.788588e-19,4.378403e-16
2019-12-14,0.9999994,1.0,0.97340494,0.9999944
2019-09-23,1.6535112e-19,2.4238129e-22,1.2008759e-13,4.883416e-17
2023-06-26,5.3007735e-18,6.291833e-15,1.5083818e-15,8.059057e-21
2020-06-06,0.970522,0.99970514,0.0002046253,7.834909e-09
2021-06-28,1.9520098e-07,5.1600534e-08,2.1508088e-12,3.1140227e-12
2022-11-04,4.725489e-11,6.2056604e-16,0.00076808024,1.8434736e-09
2020-02-11,0.9999641,1.0,0.15782309,0.99992967
2023-04-15,0.9999515,0.9999993,1.00861435e-07,1.7264584e-11
2021-12-23,0.9999846,1.0,0.999998,0.9996247
2022-08-11,8.360126e-16,3.9503584e-22,3.621511e-16,1.9037458e-19
2019-11-17,2.009351e-06,2.6442697e-07,0.0046912883,0.9999505
2019-08-29,3.852985e-19,3.3012594e-14,3.5619612e-19,3.868941e-24
2022-07-13,2.9214555e-16,3.4740105e-19,8.437576e-21,2.3264046e-19
2022-07-11,9.586115e-21,4.5148985e-20,1.2043834e-20,6.5932143e-20
2021-06-24,5.8515672e-09,4.5075668e-09,3.3180798e-12,1.2005923e-16
2023-08-01,1.3839255e-12,4.2213072e-20,1.8725199e-15,4.8386932e-23
2024-10-26,4.6367408e-23,2.418672e-19,1.8431217e-13,1.1190419e-22
2023-01-03,6.486947e-13,0.9920923,0.999938,0.99586296
2024-05-31,0.00033346214,0.0006310426,1.7998313e-10,1.08110805e-10
2020-06-08,0.99931026,0.99998474,0.059560124,5.0329994e-08
2022-06-23,3.1629776e-19,4.667573e-20,4.670044e-22,5.5221843e-17
2022-05-09,0.9898453,1.0,2.2316502e-09,5.979223e-10
2023-06-16,1.9157165e-14,3.1201466e-08,2.7514327e-14,2.0481819e-24
2024-07-20,6.2742565e-25,3.989307e-22,5.8513416e-21,1.30765804e-23
2022-04-08,1.3175845e-05,1.0,1.322131e-06,3.4169463e-07
2022-01-29,0.9999194,1.0,0.9979043,0.99999964
2021-08-01,2.32566e-26,5.227092e-21,9.126894e-19,1.7565054e-18
2020-08-23,1.0964392e-15,4.618305e-18,1.5395167e-16,4.7163557e-16
2019-10-02,1.02148236e-16,7.094987e-23,2.1778393e-12,1.9602417e-10
2019-04-05,1.0276119e-10,0.9999858,1.3719933e-16,1.3381543e-13
2022-07-06,2.1764811e-16,4.7725157e-23,1.4944996e-21,1.2473408e-19
2022-08-27,4.610856e-19,1.5946999e-24,5.7108056e-13,8.42243e-21
2024-09-26,6.384742e-25,1.2413416e-18,8.832605e-18,5.600073e-20
2020-12-17,0.05480398,0.999966,0.003024339,1.0
2020-12-31,1.3557732e-05,1.0,0.5962847,1.0
2024-01-29,0.99994147,1.0,0.9737375,1.0
2020-03-19,0.99993956,1.0,3.375073e-08,3.34001e-09
2022-03-12,9.907056e-15,0.8068507,1.8873703e-09,0.9982495
2023-04-27,0.99790704,1.0,4.2377018e-05,5.149136e-07
2023-09-06,6.1712492e-21,2.506795e-25,1.3891883e-16,1.659621e-20
2023-05-20,0.9991792,1.0,2.464551e-08,5.4096805e-08
2023-09-12,1.3088742e-14,2.6013385e-26,2.858138e-16,2.2494002e-18
2024-05-19,2.408223e-07,0.99996734,1.2618486e-06,6.6321973e-06
2019-09-05,7.8550606e-21,4.404061e-18,5.448046e-19,5.676927e-19
2024-07-23,1.1498077e-23,1.4118171e-18,3.0897735e-22,6.3068234e-24
2023-06-25,2.4601604e-15,3.7664223e-16,1.0953182e-16,3.89767e-21
2023-07-09,1.1791502e-13,3.4108257e-17,2.1830585e-16,6.995049e-21
2023-06-13,6.0477043e-15,1.7308857e-12,2.9160348e-15,5.2238123e-25
2022-11-06,5.87124e-10,1.3582805e-14,3.4824854e-05,5.274475e-09
2024-07-31,3.999132e-16,7.035898e-18,1.0877648e-16,5.2823713e-23
2021-06-15,1.1529574e-11,3.557199e-06,4.3707247e-17,3.4222907e-12
2024-07-07,1.9445744e-22,1.484432e-20,1.3613214e-16,3.0492264e-21
2021-08-16,1.9607252e-20,1.6048823e-20,1.2557277e-21,6.80809e-19
2024-05-13,0.00013801633,0.9882443,0.0020955945,3.0156973e-05
2023-07-17,6.8253747e-10,2.4032317e-14,3.643303e-11,1.553758e-17
2019-07-05,6.3837705e-13,9.302935e-18,7.346632e-18,1.397461e-20
2024-09-28,9.7708075e-24,1.876815e-18,1.0242518e-18,9.3868257e-23
2024-04-05,0.99999964,1.0,0.00074274954,3.0015148e-08
2022-05-25,6.5210865e-05,0.9943071,1.3072284e-09,3.284421e-14
2019-07-17,7.784031e-15,1.473325e-26,3.4979403e-15,4.0495308e-16
2024-12-02,0.8915987,0.00093763793,0.9999999,0.99998033
2020-05-26,0.99962246,0.9999999,1.1017363e-05,5.8984256e-07
2020-11-20,3.181869e-07,0.0007050581,2.6928615e-06,0.9999999
2019-12-04,0.9999434,0.9998016,0.16043003,0.99999964
2021-06-08,0.0059365653,0.9999933,0.0005270482,0.9249882
2021-07-24,3.2568902e-26,3.3481009e-22,1.0949566e-20,1.1984537e-19
2022-06-08,3.7541307e-05,7.909008e-08,7.3680666e-09,9.888286e-16
2023-11-12,5.3669714e-22,2.451796e-21,2.072328e-10,4.296476e-13
2024-11-28,0.9703197,0.0013247145,0.9999989,0.99999785
2022-02-02,0.9999335,1.0,0.9891745,0.99999976
2023-08-27,3.1483056e-14,2.0082075e-23,4.6701848e-15,2.6848398e-23
2024-10-11,7.1739593e-25,4.343886e-22,5.986045e-18,7.61217e-20
2024-12-19,0.9989753,0.99488586,0.99974495,1.0
2024-07-29,5.964044e-20,3.599622e-18,5.9306194e-22,3.6813604e-25
2020-10-20,2.5477838e-20,3.2991766e-21,1.3751586e-15,4.9592386e-10
2024-03-07,7.763309e-21,5.9045096e-08,5.3167923e-18,2.146135e-14
2020-11-02,9.896491e-09,4.1293534e-16,1.7450459e-13,1.1663697e-08
2021-10-27,7.783337e-18,6.3797184e-20,1.3727525e-12,1.4495567e-15
2022-07-08,6.000597e-22,3.2879947e-21,3.782871e-21,8.3052506e-19
2020-06-17,8.30679e-11,0.00019994406,6.9236283e-12,3.483031e-13
2020-03-17,0.9948854,1.0,2.9672086e-07,0.041063536
2019-05-21,2.3252536e-05,0.99999356,9.200703e-12,2.0049197e-06
2023-11-17,5.786469e-14,2.199961e-17,0.036768023,4.355214e-09
2019-12-18,0.9999989,1.0,0.82614607,0.99996436
2023-02-07,0.00050991366,1.0,1.0,0.0066081327
2024-11-06,7.358594e-22,2.8322945e-17,6.9289413e-15,5.081122e-19
2021-11-05,4.391781e-14,1.9134458e-17,6.853984e-06,2.705156e-14
2023-09-24,3.3694726e-22,5.9327833e-25,7.7062326e-13,1.421241e-18
2021-04-09,4.3461132e-05,0.95698774,1.0264551e-12,7.3633414e-14
2023-01-20,1.4255683e-07,0.9999988,1.0,0.0007931662
2021-01-14,0.00037287152,1.0,0.009105283,1.0
2021-03-15,1.1176467e-11,1.0,3.1011612e-05,0.33768412
2024-12-24,0.9780341,0.99994886,0.9999937,1.0
2022-07-26,9.67589e-13,1.0048089e-18,2.8189731e-12,2.3251892e-19
2021-09-20,5.3454244e-26,4.7726978e-23,3.100166e-20,5.5777506e-20
2021-02-25,1.5252035e-06,1.0,0.0015265528,0.99999976
2023-03-10,3.9519168e-07,1.0,0.9998018,7.411185e-08
2020-09-14,2.8989772e-22,3.3116377e-19,1.6482282e-18,2.4386891e-22
2024-08-28,1.0088701e-15,1.09873234e-17,2.772524e-19,2.9863278e-21
2024-02-12,3.6378304e-07,1.0,0.00034455088,0.9999919
2022-05-16,0.94569206,1.0,3.3619972e-06,8.0844437e-10
2020-12-22,0.87285537,1.0,0.2595764,1.0
2021-08-14,8.628273e-23,1.2885505e-21,1.5662775e-19,1.1532302e-22
2021-08-09,1.7022164e-26,2.70866e-19,1.8987903e-21,1.8685165e-23
2021-11-23,0.008425334,0.0055942684,1.0,0.7284969
2021-05-24,0.05439186,1.0,1.7948594e-07,0.25073197
2019-11-09,2.845048e-07,4.3305357e-10,0.00049943436,0.42466947
2020-08-05,9.003426e-15,4.357556e-17,1.5322326e-14,5.206734e-21
2022-04-24,0.99999976,1.0,0.33638573,2.2962887e-09
2022-11-19,4.0007578e-08,8.822409e-07,0.99367005,0.99204224
2021-07-29,3.05545e-25,2.2382843e-23,3.1573811e-21,1.8359892e-20
2022-06-13,4.618253e-14,1.3162095e-14,1.2792635e-15,8.1335636e-18
2020-10-03,1.9259598e-18,2.4289246e-20,1.641008e-17,6.6013784e-17
2021-05-02,0.9999982,1.0,1.1598185e-06,0.0009658
2021-04-17,1.8318106e-05,0.9990557,1.366686e-16,5.534229e-16
2021-09-01,1.9024124e-24,3.1076648e-18,3.674115e-21,1.285081e-12
2022-07-22,1.4852784e-17,5.2180695e-20,6.8095477e-18,1.3477222e-23
2021-06-20,2.6944133e-11,3.9001832e-10,1.1826244e-15,8.5110996e-18
2023-06-03,2.9725636e-10,2.8667762e-06,1.785638e-17,1.1486603e-21
2020-08-27,1.77479e-20,1.9029245e-20,6.743893e-16,1.4701135e-19
2024-07-21,8.951032e-22,3.9952071e-19,1.280121e-25,5.584747e-23
2023-11-07,1.1557709e-23,3.8452708e-22,2.5511226e-10,2.4804718e-12
2019-05-15,0.042164925,0.99999905,4.09794e-11,1.1313082e-08
2021-04-23,0.98697054,1.0,4.0253374e-11,1.1331303e-09
2021-03-28,3.7878334e-16,0.9999769,6.42086e-08,8.79264e-09
2020-12-10,0.0009918375,0.9999567,0.8014326,1.0
2024-08-06,2.4857983e-17,3.8827624e-14,1.6178855e-17,1.0140456e-20
2022-03-23,1.1571243e-17,0.9999051,1.1989434e-18,1.1202184e-11
2023-11-13,1.32143716e-17,2.7516667e-23,9.747577e-09,8.853378e-12
2019-12-12,0.9999993,0.99999964,0.99910057,0.9999999
2024-08-11,1.0426745e-17,3.3393212e-17,1.2348858e-17,8.827131e-22
2021-10-06,6.825102e-25,5.673875e-26,3.2474276e-13,3.023735e-19
2024-12-26,0.9990158,0.9996606,1.0,1.0
2024-10-23,2.567509e-22,4.694342e-19,2.7344712e-14,1.4111516e-15
2021-11-10,1.8884007e-12,4.5575956e-13,0.99167377,1.5454894e-08
2023-11-04,2.0565476e-20,2.9226506e-22,1.4751304e-11,5.9777214e-09
2021-03-02,6.957637e-07,1.0,0.009174436,0.41454163
2020-10-27,5.622057e-08,2.1012867e-15,1.8102464e-13,1.4652478e-12
2022-09-26,5.5696175e-24,1.912823e-27,9.675687e-13,1.5065115e-17
2022-05-06,1.0,1.0,9.27577e-05,8.0799495e-05
2024-11-20,0.0022911394,1.22296615e-05,0.05358185,0.9745035
2022-07-24,1.5100279e-12,1.1513588e-20,7.626489e-15,1.3925008e-21
2019-06-28,5.6897643e-18,3.5959283e-19,3.7491574e-19,6.3418737e-25
2024-06-11,4.6003734e-13,1.4896393e-06,0.008012001,1.7005927e-12
2020-04-22,1.0,1.0,0.016307188,1.8011691e-06
2023-08-06,4.7523805e-18,2.9822964e-22,1.780353e-17,3.715786e-25
2023-10-27,3.616532e-21,3.9289746e-21,2.8320028e-13,3.4576946e-12
2022-07-18,2.349862e-19,4.5447536e-22,4.9748503e-18,3.7020416e-21
2019-04-17,0.99789363,1.0,5.4611724e-09,4.4720005e-07
2020-09-26,3.8946906e-17,7.958333e-21,5.1108523e-16,1.0885483e-18
2022-08-18,3.06995e-13,1.28046e-22,3.7745764e-13,5.4648e-20
2021-10-24,1.9933352e-20,2.1967678e-23,6.869374e-14,1.4677607e-18
2021-08-05,2.0248296e-24,8.627031e-21,1.562751e-18,2.5147005e-22
2024-05-11,0.06890602,0.9999397,7.8629084e-05,7.1861265e-08
2023-05-23,0.9978956,0.999998,2.462071e-07,1.0172753e-08
2019-05-05,0.9870706,1.0,3.2960568e-10,1.3538907e-05
2021-09-24,5.4666982e-27,2.6686234e-24,2.408691e-19,5.8295016e-23
2022-11-09,1.0154892e-09,5.9838245e-09,0.019300625,1.1244339e-06
2024-09-07,1.842495e-18,4.929396e-19,3.4183414e-17,4.474049e-17
2024-03-05,2.7434705e-23,1.771017e-08,2.3299127e-19,6.511938e-17
2021-12-29,1.0,1.0,0.9999399,0.999998
2023-11-28,0.36469847,5.887097e-06,0.9986646,0.29460663
2024-01-07,0.99998605,1.0,0.99998534,1.0
2021-09-16,1.7898625e-21,1.2958995e-22,3.9478917e-20,3.4176675e-22
2024-01-24,0.9999784,1.0,0.999908,1.0
2019-07-16,8.556457e-12,1.5841152e-22,7.096092e-17,1.2173502e-18
2022-08-15,2.0815064e-14,1.2405584e-21,5.7951114e-16,2.2615357e-22
2020-09-18,7.949361e-26,1.4460065e-21,5.257717e-18,1.3943924e-22
2020-10-16,5.0379844e-19,7.981762e-24,2.422368e-17,2.2392083e-14
2024-09-05,1.2582868e-16,1.4931213e-20,3.2440998e-15,5.753963e-16
2020-06-19,3.5126058e-13,1.4336936e-08,2.8144913e-13,2.8844172e-14
2024-06-28,1.5663626e-17,1.14226825e-20,2.8275227e-17,2.964183e-22
2024-03-02,2.8710334e-23,4.9039645e-05,4.992207e-18,4.4068744e-15
2024-10-30,7.360527e-23,1.200807e-17,1.3503464e-12,2.1262638e-18
2021-08-07,4.51611e-25,3.9539027e-21,3.192775e-19,5.56901e-21
2022-01-12,0.99995756,1.0,0.999985,0.99999976
2023-08-22,8.469716e-16,1.1183341e-21,2.7115373e-13,2.4401646e-18
2021-08-06,2.730241e-24,3.210334e-21,4.478917e-24,1.5889994e-22
2020-07-17,3.568777e-18,2.1107027e-22,6.737645e-16,2.4150409e-18
2024-10-31,3.6657932e-24,2.5607099e-23,7.4737325e-15,3.003201e-21
2024-08-17,9.560497e-17,1.2418353e-16,8.8274564e-17,8.576452e-24
2023-04-08,9.339263e-09,0.9999858,2.4461888e-15,1.9342553e-13
2020-11-17,2.7791044e-12,6.024236e-13,5.7350225e-11,0.9511242
2023-11-23,9.254118e-08,3.082224e-13,0.19223332,1.967105e-08
2020-09-06,2.220009e-24,1.9672003e-18,4.6557275e-21,8.500602e-22
2021-04-10,0.00088500336,0.999995,5.5034085e-12,1.1874677e-12
2022-02-05,0.9999831,1.0,0.9999454,0.9999999
2024-10-18,8.574575e-27,8.866113e-21,2.0799268e-18,5.114837e-14
2024-01-30,0.9945707,1.0,0.6153392,0.9999999
2023-01-26,2.306528e-06,1.0,0.9999957,1.0280205e-05
2023-05-26,0.9930091,0.9998627,8.382941e-06,6.697872e-09
2024-12-13,0.9999932,0.99961084,0.9999951,1.0
2019-09-15,1.652279e-22,3.0104772e-26,2.1151503e-16,9.3860614e-18
2022-07-12,4.396829e-17,1.3757077e-18,1.4477603e-23,2.316283e-19
2022-03-08,4.9801013e-10,0.99997544,0.0008510626,0.9999927
2023-03-03,8.390755e-06,1.0,0.9999994,2.9988467e-09
2024-02-02,1.600761e-06,1.0,1.270529e-05,0.53557783
2024-03-09,5.298718e-23,0.0105356565,9.145264e-18,6.1330813e-16
2020-09-22,4.2700523e-22,4.133821e-20,8.514152e-18,3.6824757e-22
2019-04-29,0.99999475,1.0,8.1171144e-08,5.1813582e-05
2019-09-04,2.7360826e-22,1.07908764e-20,1.1633415e-19,6.5406767e-22
2023-01-30,4.914488e-07,0.9999993,0.9999999,0.0002343719
2023-06-28,3.9434856e-14,3.1729152e-13,6.4454085e-17,6.9009433e-18
2023-10-15,2.2757632e-22,1.5714639e-22,3.300252e-14,2.9912166e-15
2023-05-09,0.99977535,1.0,0.00010128754,0.059136346
2024-07-09,3.0457841e-22,4.906188e-20,1.0269994e-16,1.3529512e-22
2022-08-20,2.4706542e-13,8.530995e-25,3.7249202e-13,6.2976524e-20
2023-06-02,2.3835189e-07,0.26984087,1.1158312e-16,2.6471155e-19
2023-05-30,0.99993,0.99987507,0.0009341869,0.021507714
2020-02-05,0.9992162,1.0,0.15476823,0.99999654
2021-12-17,0.9999975,1.0,0.9999993,0.9998636
2024-02-08,3.2267767e-08,1.0,1.8087205e-06,0.9996031
2024-01-14,0.9999981,1.0,0.99943024,1.0
2024-01-19,0.9999764,1.0,0.99999523,0.9999945
2020-06-10,0.1338047,0.9929247,1.5387617e-06,2.1218285e-07
2019-05-23,1.8401741e-06,0.2741221,2.3854142e-16,1.4350416e-09
2021-11-30,0.016827691,0.9999914,1.0,0.99991095
2022-02-01,0.9999995,1.0,0.9382987,0.9999999
2021-08-19,4.6418943e-05,5.084464e-16,7.504064e-06,1.3883018e-11
2022-09-03,8.514671e-18,3.6728042e-25,1.301845e-15,4.5607037e-19
2023-01-14,9.908239e-07,0.99999964,1.0,0.664874
2021-05-12,0.9999924,1.0,1.0327378e-07,0.5035297
2021-09-21,4.963665e-26,3.8851226e-23,4.910476e-20,3.3615128e-22
2024-04-17,1.0,1.0,0.5583337,5.701052e-05
2019-09-07,2.368029e-20,2.3856628e-21,8.045033e-14,2.3078636e-16
2020-08-02,4.033719e-20,2.5688355e-19,1.6536712e-16,2.1599441e-19
2021-07-08,5.0858057e-11,1.0571417e-11,1.8293614e-09,4.20267e-12
2023-04-24,0.9998714,1.0,2.8743042e-08,1.1936643e-07
2021-10-17,7.219492e-21,7.6081845e-22,8.772263e-11,5.7223767e-16
2022-07-09,1.13107255e-20,1.6048998e-21,1.0012805e-19,5.2506566e-20
2021-07-01,4.938013e-09,4.5342656e-08,2.924356e-15,1.0102329e-16
2021-02-08,5.5802926e-13,0.99999833,5.8846435e-05,0.9999852
2021-02-28,7.66058e-10,1.0,0.121787496,0.9999999
2020-09-05,2.1499014e-24,7.16053e-19,1.1189399e-21,9.360905e-22
2021-05-07,0.9999993,1.0,0.0004903659,1.6689879e-05
2023-03-28,5.2709e-11,1.0,2.9202252e-05,4.514512e-08
2020-06-12,2.0088681e-10,0.055350333,4.884215e-14,3.8338557e-17
2022-08-07,7.957019e-12,4.486931e-19,5.4274356e-16,1.0454784e-17
2020-10-08,5.582032e-19,6.800731e-23,1.6252829e-18,5.164097e-17
2020-03-20,0.99999976,1.0,9.278452e-09,7.4302897e-09
2024-01-03,0.99999654,1.0,0.99994636,0.9999999
2024-03-01,5.7690885e-22,0.00022735402,4.688472e-19,2.263573e-14
2020-11-04,0.00024787462,6.0169612e-15,1.5319844e-10,0.29856744
2020-12-09,1.0536151e-05,0.9834442,0.9957581,1.0
2022-12-17,8.858784e-08,0.9986168,0.9999999,0.9999994
